occupants,plug_loads_other,plug_loads_tv,lighting_interior,lighting_garage,hot_water_dishwasher,dishwasher,hot_water_clothes_washer,clothes_washer,clothes_dryer,cooking_range,hot_water_fixtures,heating_setpoint,cooling_setpoint
1,0.564,0.0161,0.0501,0.0501,0,0,0,0,0,0,0,19.444444444,20.0
1,0.564,0.0161,0.0501,0.0501,0,0,0,0,0,0,0,19.166666667,19.166666667
1,0.564,0.0161,0.0501,0.0501,0,0,0,0,0,0,0,19.166666667,19.166666667
1,0.564,0.0161,0.0501,0.0501,0,0,0,0,0,0,0,19.166666667,19.166666667
0.954,0.581,0.0177,0.0508,0.0508,0,0,0,0,0,0,0.717,19.166666667,19.166666667
0.75,0.597,0.0254,0.0913,0.0913,0,0,0,0,0,0.183,0.261,19.166666667,19.166666667
0.642,0.647,0.0449,0.194,0.194,0,0,0,0,0,0.0667,0.459,19.166666667,19.166666667
0.312,0.64,0.0459,0.179,0.179,0,0,0,0,0,0,0.494,19.166666667,19.166666667
0.329,0.648,0.054,0.193,0.193,0,0,0,0,0,0,0.292,19.166666667,19.166666667
0.25,0.628,0.0508,0.161,0.161,0,0,0,0,0,0,0.0457,19.166666667,19.166666667
0.25,0.628,0.0554,0.157,0.157,0,0,0,0,0,0,0.0915,19.444444444,20.0
0.0792,0.584,0.0297,0.0829,0.0829,0,0,0,0,0,0,0,19.444444444,20.0
0,0.564,0.0161,0.0501,0.0501,0,0,0,0,0,0,0,19.444444444,20.0
0.233,0.624,0.0654,0.143,0.143,0,0,0,0,0,0.933,0.183,19.444444444,20.0
0.358,0.659,0.0982,0.198,0.198,0,0,0,0,0,0.1,0.274,19.444444444,20.0
0.546,0.733,0.162,0.308,0.308,0,0,0,0,0,0,0.229,19.444444444,20.0
0.75,0.838,0.263,0.493,0.493,0,0,0,0,0,0,0.0825,19.444444444,20.0
0.796,0.896,0.354,0.682,0.682,0,0,0,0,0,0,0.561,19.444444444,20.0
0.829,0.92,0.488,0.83,0.83,0,0,0.507,0.483,0.45,0,0,19.444444444,20.0
0.983,0.963,0.789,0.96,0.96,0,0,0.604,0,0.9,0.683,0.0457,19.444444444,20.0
1,0.91,0.899,0.775,0.775,0,0,0.233,0,0,0.0833,0.173,19.444444444,20.0
1,0.765,0.605,0.453,0.453,0,0,0,0,0,0,0.437,19.444444444,20.0
1,0.66,0.242,0.262,0.262,0,0,0,0,0,0,0.226,19.444444444,20.0
1,0.603,0.0645,0.0949,0.0949,0,0,0.25,0.183,0,0,0.0896,19.444444444,20.0
1,0.575,0.0225,0.0561,0.0561,0,0,0.232,0.533,0.467,0,0,19.444444444,20.0
1,0.564,0.0161,0.0501,0.0501,0,0,0,0,0.617,0,0,19.166666667,19.166666667
1,0.564,0.0161,0.0501,0.0501,0,0,0,0,0,0,0,19.166666667,19.166666667
1,0.564,0.0161,0.0501,0.0501,0,0,0,0,0,0,0,19.166666667,19.166666667
1,0.57,0.0175,0.0548,0.0548,0,0,0,0,0,0,0.21,19.166666667,19.166666667
0.829,0.609,0.0271,0.0917,0.0917,0,0,0,0,0,0.25,0.502,19.166666667,19.166666667
0.75,0.622,0.0364,0.15,0.15,0,0,0,0,0,0,0.375,19.166666667,19.166666667
0.75,0.684,0.0625,0.255,0.255,0,0,0,0,0,0,0.257,19.166666667,19.166666667
0.517,0.632,0.047,0.166,0.166,0,0,0,0,0,0.183,0,19.166666667,19.166666667
0.5,0.628,0.0508,0.161,0.161,0,0,0,0,0,0.333,0.0915,19.166666667,19.166666667
0.5,0.64,0.0633,0.176,0.176,0,0,0,0,0,0,0.0457,19.444444444,20.0
0.5,0.692,0.103,0.256,0.256,0,0,0.571,0.483,0.45,0,0.137,19.444444444,20.0
0.5,0.692,0.11,0.25,0.25,0,0,0.943,0,0.633,0,0.274,19.444444444,20.0
0.671,0.736,0.158,0.317,0.317,0,0,0.574,0,0,0,0.183,19.444444444,20.0
0.75,0.762,0.186,0.358,0.358,0,0,0.394,0,0,0,0.274,19.444444444,20.0
0.921,0.847,0.259,0.479,0.479,0,0,0.426,0,0,0,0.0457,19.444444444,20.0
0.846,0.869,0.29,0.537,0.537,0,0,0,0,0,0,0.229,19.444444444,20.0
0.671,0.844,0.298,0.579,0.579,0.503,0.683,0,0,0,0,0.229,19.444444444,20.0
0.75,0.886,0.446,0.756,0.756,0.578,0.667,0,0,0,0,0.549,19.444444444,20.0
0.75,0.851,0.563,0.708,0.708,0.327,0,0,0,0,0,0.0915,19.444444444,20.0
0.858,0.753,0.496,0.449,0.449,0,0,0,0,0,0.25,0.0457,19.444444444,20.0
1,0.624,0.196,0.169,0.169,0,0,0,0,0,0,0,19.444444444,20.0
1,0.564,0.0161,0.0501,0.0501,0,0,0,0,0,0,0,19.444444444,20.0
1,0.564,0.0161,0.0501,0.0501,0,0,0,0,0,0,0,19.444444444,20.0
1,0.564,0.0161,0.0501,0.0501,0,0,0,0,0,0,0,19.444444444,20.0
1,0.564,0.0161,0.0501,0.0501,0,0,0,0,0,0,0,19.166666667,19.166666667
1,0.564,0.0161,0.0501,0.0501,0,0,0,0,0,0,0,19.166666667,19.166666667
1,0.57,0.0167,0.0504,0.0504,0,0,0,0,0,0,0.0828,19.166666667,19.166666667
1,0.599,0.0201,0.056,0.056,0,0,0,0,0,0.183,0.295,19.166666667,19.166666667
1,0.6,0.0252,0.0853,0.0853,0,0,0,0,0,0.0667,0.4,19.166666667,19.166666667
1,0.622,0.0364,0.15,0.15,0,0,0,0,0,0,0.184,19.166666667,19.166666667
0.596,0.643,0.0463,0.184,0.184,0.637,0.683,0,0,0,0,0.32,19.166666667,19.166666667
0.5,0.64,0.0514,0.179,0.179,0.516,0.117,0,0,0,0,0.331,19.166666667,19.166666667
0.5,0.692,0.0855,0.272,0.272,0.725,0,0,0,0,0,0.152,19.166666667,19.166666667
0.454,0.68,0.0868,0.246,0.246,0.506,0,0,0,0,0,0.245,19.444444444,20.0
0.25,0.628,0.0596,0.153,0.153,0.291,0,0,0,0,0,0,19.444444444,20.0
0.204,0.616,0.0534,0.132,0.132,0,0,0,0,0,0,0.0915,19.444444444,20.0
0,0.564,0.0161,0.0501,0.0501,0,0,0,0,0,0,0,19.444444444,20.0
0.342,0.655,0.0945,0.192,0.192,0,0,0,0,0,0,0.0915,19.444444444,20.0
0.5,0.701,0.133,0.257,0.257,0,0,0,0,0,0,0,19.444444444,20.0
0.592,0.734,0.172,0.335,0.335,0,0,0,0,0,0.183,0.274,19.444444444,20.0
1,0.98,0.434,0.835,0.835,0.357,0.433,0,0,0,0.583,0.0457,19.444444444,20.0
1,0.993,0.589,0.991,0.991,0.839,0.633,0,0,0,0,0.0457,19.444444444,20.0
1,0.97,0.802,0.976,0.976,0.494,0,0,0,0,0,0.0648,19.444444444,20.0
1,0.923,0.94,0.802,0.802,0,0,0,0,0,0,0.543,19.444444444,20.0
1,0.78,0.644,0.486,0.486,0,0,0,0,0,0,0,19.444444444,20.0
1,0.664,0.25,0.271,0.271,0,0,0,0,0,0,0,19.444444444,20.0
1,0.596,0.0608,0.0914,0.0914,0,0,0,0,0,0,0.137,19.444444444,20.0
1,0.564,0.0161,0.0501,0.0501,0,0,0,0,0,0,0,19.444444444,20.0
1,0.564,0.0161,0.0501,0.0501,0,0,0,0,0,0,0,19.166666667,19.166666667
1,0.564,0.0161,0.0501,0.0501,0,0,0,0,0,0,0,19.166666667,19.166666667
1,0.57,0.0167,0.0504,0.0504,0,0,0,0,0,0,0,19.166666667,19.166666667
0.892,0.614,0.0223,0.061,0.061,0,0,0,0,0,0,0.231,19.166666667,19.166666667
0.75,0.637,0.0342,0.12,0.12,0,0,0,0,0,0,0.252,19.166666667,19.166666667
0.642,0.647,0.0449,0.194,0.194,0,0,0,0,0,0,0.37,19.166666667,19.166666667
0.5,0.684,0.0625,0.255,0.255,0,0,0.245,0.183,0,0,0.363,19.166666667,19.166666667
0.5,0.692,0.0743,0.268,0.268,0,0,0.333,0.3,0.7,0,0.157,19.166666667,19.166666667
0.5,0.692,0.0855,0.272,0.272,0,0,0.668,0,0.383,0,0.274,19.166666667,19.166666667
0.454,0.68,0.0868,0.246,0.246,0,0,0.58,0,0,0,0.0915,19.444444444,20.0
0.25,0.628,0.0596,0.153,0.153,0,0,0,0,0,0,0.0457,19.444444444,20.0
0.296,0.64,0.0725,0.168,0.168,0,0,0,0,0,0,0,19.444444444,20.0
0.5,0.692,0.122,0.249,0.249,0,0,0,0,0,0,0.229,19.444444444,20.0
0.5,0.682,0.118,0.235,0.235,0,0,0,0,0,0,0.183,19.444444444,20.0
0.5,0.64,0.0817,0.166,0.166,0,0,0,0,0,0,0.32,19.444444444,20.0
0.671,0.782,0.213,0.405,0.405,0,0,0,0,0,0,0.366,19.444444444,20.0
0.858,0.922,0.378,0.729,0.729,0,0,0,0,0,0,0,19.444444444,20.0
1,0.993,0.589,0.991,0.991,0.697,0.933,0,0,0,0,0.0457,19.444444444,20.0
1,0.97,0.802,0.976,0.976,0.524,0.133,0,0,0,0.433,0,19.444444444,20.0
1,0.887,0.841,0.726,0.726,0.742,0.533,0,0,0,0.0833,0,19.444444444,20.0
1,0.718,0.471,0.358,0.358,0.441,0,0,0,0,0,0,19.444444444,20.0
1,0.567,0.0249,0.0584,0.0584,0,0,0,0,0,0,0,19.444444444,20.0
1,0.564,0.0161,0.0501,0.0501,0,0,0,0,0,0,0,19.444444444,20.0
1,0.564,0.0161,0.0501,0.0501,0,0,0,0,0,0,0,19.444444444,20.0
1,0.564,0.0161,0.0501,0.0501,0,0,0,0,0,0,0,19.166666667,19.166666667
1,0.564,0.0161,0.0501,0.0501,0,0,0,0,0,0,0,19.166666667,19.166666667
1,0.581,0.0164,0.0501,0.0501,0,0,0,0,0,0,0.0936,19.166666667,19.166666667
1,0.587,0.0191,0.0555,0.0555,0,0,0,0,0,0,0,19.166666667,19.166666667
1,0.6,0.0252,0.0853,0.0853,0,0,0,0,0,0,0.137,19.166666667,19.166666667
1,0.655,0.0479,0.207,0.207,0,0,0,0,0,0,0.19,19.166666667,19.166666667
0.596,0.647,0.0478,0.191,0.191,0,0,0,0,0,0,0.286,19.166666667,19.166666667
0.5,0.672,0.0654,0.233,0.233,0,0,0,0,0,0.183,0.0751,19.166666667,19.166666667
0.5,0.692,0.0855,0.272,0.272,0,0,0,0,0,0.583,0.366,19.166666667,19.166666667
0.5,0.692,0.0947,0.265,0.265,0,0,0,0,0,0,0.0915,19.444444444,20.0
0.546,0.704,0.111,0.274,0.274,0,0,0,0,0,0,0.137,19.444444444,20.0
0.75,0.756,0.157,0.35,0.35,0.536,0.683,0,0,0,0,0.137,19.444444444,20.0
0.75,0.756,0.174,0.348,0.348,0.683,0.667,0,0,0,0.433,0.164,19.444444444,20.0
0.75,0.762,0.186,0.358,0.358,0.663,0,0,0,0,0.333,0.137,19.444444444,20.0
0.704,0.777,0.199,0.373,0.373,0,0,0,0,0,0,0.32,19.444444444,20.0
0.392,0.705,0.143,0.276,0.276,0,0,0,0,0,0,0,19.444444444,20.0
0.342,0.707,0.169,0.332,0.332,0.236,0.183,0.289,0.483,0.2,0,0.274,19.444444444,20.0
0.921,0.959,0.547,0.917,0.917,0.407,0.883,0.448,0,0.883,0,0.0457,19.444444444,20.0
1,0.97,0.802,0.976,0.976,0,0,0.925,0,0,0,0.0457,19.444444444,20.0
1,0.923,0.94,0.802,0.802,0,0,0.474,0,0,0,0.229,19.444444444,20.0
1,0.76,0.596,0.44,0.44,0,0,0.0675,0,0,0,0.112,19.444444444,20.0
1,0.581,0.0579,0.0895,0.0895,0,0,0,0,0,0,0.108,19.444444444,20.0
1,0.564,0.0165,0.0501,0.0501,0,0,0,0,0,0,0,19.444444444,20.0
1,0.564,0.0184,0.0501,0.0501,0,0,0,0,0,0,0,19.444444444,20.0
1,0.564,0.0184,0.0501,0.0501,0,0,0,0,0,0,0,19.166666667,19.166666667
1,0.564,0.0184,0.0501,0.0501,0,0,0,0,0,0,0,19.166666667,19.166666667
1,0.564,0.0184,0.0501,0.0501,0,0,0,0,0,0,0,19.166666667,19.166666667
1,0.564,0.0184,0.0501,0.0501,0,0,0,0,0,0,0,19.166666667,19.166666667
1,0.572,0.0204,0.0643,0.0643,0,0,0,0,0,0,0.183,19.166666667,19.166666667
1,0.622,0.0361,0.15,0.15,0,0,0,0,0,0,0.369,19.166666667,19.166666667
1,0.684,0.0721,0.255,0.255,0,0,0,0,0,0,0.688,19.166666667,19.166666667
1,0.692,0.108,0.268,0.268,0,0,0,0,0,0,0.325,19.166666667,19.166666667
0.954,0.724,0.165,0.328,0.328,0,0,0,0,0,0,0.51,19.166666667,19.166666667
0.75,0.692,0.158,0.265,0.265,0,0,0,0,0,0,0.261,19.444444444,20.0
0.75,0.704,0.187,0.274,0.274,0,0,0,0,0,0.25,0.297,19.444444444,20.0
0.517,0.696,0.193,0.257,0.257,0,0,0,0,0,0,0.249,19.444444444,20.0
0.5,0.692,0.218,0.249,0.249,0,0,0,0,0,0,0.439,19.444444444,20.0
0.671,0.741,0.325,0.326,0.326,0,0,0,0,0,0.683,0,19.444444444,20.0
0.642,0.759,0.338,0.345,0.345,0,0,0,0,0,0.0833,0.0915,19.444444444,20.0
0.779,0.851,0.427,0.518,0.518,0,0,0,0,0,0,0.274,19.444444444,20.0
1,0.98,0.575,0.835,0.835,0,0,0,0,0,0,0,19.444444444,20.0
1,0.993,0.694,0.991,0.991,0,0,0,0,0,0,0.0915,19.444444444,20.0
1,0.97,0.891,0.976,0.976,0,0,0,0,0,0,0.183,19.444444444,20.0
1,0.923,1,0.802,0.802,0,0,0,0,0,0,0.0897,19.444444444,20.0
1,0.845,0.873,0.618,0.618,0,0,0,0,0,0,0,19.444444444,20.0
1,0.763,0.52,0.484,0.484,0,0,0,0,0,0,0,19.444444444,20.0
1,0.68,0.185,0.184,0.184,0,0,0,0,0,0,0,19.444444444,20.0
1,0.629,0.0613,0.0832,0.0832,0,0,0,0,0,0,0,19.444444444,20.0
1,0.575,0.0215,0.0521,0.0521,0,0,0,0,0,0,0,19.166666667,19.166666667
1,0.564,0.0184,0.0501,0.0501,0,0,0,0,0,0,0,19.166666667,19.166666667
1,0.564,0.0184,0.0501,0.0501,0,0,0,0,0,0,0,19.166666667,19.166666667
1,0.564,0.0184,0.0501,0.0501,0,0,0,0,0,0,0,19.166666667,19.166666667
1,0.564,0.0184,0.0501,0.0501,0,0,0,0,0,0,0,19.166666667,19.166666667
1,0.574,0.0227,0.0687,0.0687,0,0,0,0,0,0,0.0915,19.166666667,19.166666667
1,0.624,0.0453,0.152,0.152,0,0,0,0,0,0,0.183,19.166666667,19.166666667
0.829,0.64,0.0734,0.179,0.179,0,0,0,0,0,0,0.274,19.166666667,19.166666667
0.704,0.68,0.124,0.252,0.252,0,0,0,0,0,0.683,0.0457,19.166666667,19.166666667
0.546,0.651,0.116,0.195,0.195,0,0,0,0,0,0.35,0.266,19.444444444,20.0
0.642,0.728,0.215,0.315,0.315,0,0,0,0,0,0,0.287,19.444444444,20.0
0.5,0.692,0.187,0.25,0.25,0,0,0,0,0,0.183,0.34,19.444444444,20.0
0.733,0.752,0.312,0.342,0.342,0,0,0,0,0,0.0667,0.274,19.444444444,20.0
0.75,0.748,0.337,0.338,0.338,0,0,0,0,0,0,0.276,19.444444444,20.0
0.75,0.717,0.268,0.282,0.282,0,0,0,0,0,0.183,0.274,19.444444444,20.0
0.858,0.787,0.337,0.414,0.414,0,0,0,0,0,0.333,0.274,19.444444444,20.0
1,0.922,0.499,0.729,0.729,0,0,0,0,0,0.25,0.203,19.444444444,20.0
1,0.993,0.694,0.991,0.991,0,0,0,0,0,0,0.249,19.444444444,20.0
1,0.97,0.891,0.976,0.976,0,0,0,0,0,0,0.619,19.444444444,20.0
1,0.923,1,0.802,0.802,0,0,0,0,0,0,0.358,19.444444444,20.0
1,0.798,0.732,0.522,0.522,0,0,0,0,0,0,0.317,19.444444444,20.0
1,0.671,0.285,0.28,0.28,0,0,0,0,0,0,0.0765,19.444444444,20.0
1,0.641,0.128,0.14,0.14,0.372,0.683,0.00441,0.183,0,0,0,19.444444444,20.0
1,0.627,0.0504,0.082,0.082,0,0.667,0.417,0.05,0.817,0,0,19.444444444,20.0
1,0.599,0.0228,0.0552,0.0552,0,0,0.216,0,0,0,0.344,19.166666667,19.166666667
1,0.566,0.0162,0.0501,0.0501,0,0,0,0,0,0,0.189,19.166666667,19.166666667
1,0.57,0.0167,0.0504,0.0504,0,0,0,0,0,0,0.183,19.166666667,19.166666667
0.954,0.592,0.0187,0.0513,0.0513,0,0,0,0,0,0,0.159,19.166666667,19.166666667
0.75,0.564,0.0161,0.0501,0.0501,0,0,0,0,0,0,0.224,19.166666667,19.166666667
0.704,0.619,0.0351,0.146,0.146,0,0,0,0,0,0,0.453,19.166666667,19.166666667
0.5,0.624,0.0393,0.152,0.152,0,0,0,0,0,0,0.336,19.166666667,19.166666667
0.5,0.64,0.0514,0.179,0.179,0,0,0,0,0,0,0.259,19.166666667,19.166666667
0.5,0.692,0.0855,0.272,0.272,0,0,0,0,0,0,0.0915,19.166666667,19.166666667
0.5,0.692,0.0947,0.265,0.265,0,0,0,0,0,0,0.0457,19.444444444,20.0
0.5,0.692,0.103,0.256,0.256,0,0,0,0,0,0.183,0.32,19.444444444,20.0
0.5,0.692,0.11,0.25,0.25,0,0,0,0,0,1,0.412,19.444444444,20.0
0.5,0.692,0.122,0.249,0.249,0,0,0,0,0,0.367,0.137,19.444444444,20.0
0.5,0.696,0.13,0.255,0.255,0,0,0,0,0,0,0.0457,19.444444444,20.0
0.5,0.717,0.147,0.282,0.282,0,0,0,0,0,0,0,19.444444444,20.0
0.546,0.765,0.199,0.38,0.38,0,0,0.0925,0.183,0,0.517,0.32,19.444444444,20.0
0.858,0.922,0.378,0.729,0.729,0,0,0.0852,0.3,0.7,0.183,0.0915,19.444444444,20.0
1,0.993,0.589,0.991,0.991,0,0,0,0,0.383,0.333,0.274,19.444444444,20.0
1,0.97,0.802,0.976,0.976,0,0,0,0,0,0,0.0457,19.444444444,20.0
1,0.91,0.899,0.775,0.775,0,0,0.225,0.483,0.2,0,0,19.444444444,20.0
1,0.718,0.471,0.358,0.358,0,0,0.562,0,1,0,0,19.444444444,20.0
1,0.615,0.134,0.161,0.161,0,0,0.286,0,0.15,0,0,19.444444444,20.0
1,0.566,0.0197,0.0535,0.0535,0,0,0,0,0,0,0,19.444444444,20.0
1,0.564,0.0161,0.0501,0.0501,0,0,0,0,0,0,0,19.444444444,20.0
1,0.564,0.0161,0.0501,0.0501,0,0,0,0,0,0,0,19.166666667,19.166666667
1,0.564,0.0161,0.0501,0.0501,0,0,0,0,0,0,0,19.166666667,19.166666667
1,0.579,0.0168,0.0504,0.0504,0,0,0,0,0,0,0.211,19.166666667,19.166666667
1,0.605,0.0215,0.0607,0.0607,0,0,0,0,0,0,0.62,19.166666667,19.166666667
1,0.637,0.0342,0.12,0.12,0,0,0,0,0,0,0.394,19.166666667,19.166666667
1,0.669,0.0526,0.232,0.232,0,0,0,0,0,0.183,0.348,19.166666667,19.166666667
0.767,0.688,0.064,0.262,0.262,0,0,0,0,0,1,0.298,19.166666667,19.166666667
0.642,0.664,0.061,0.22,0.22,0,0,0,0,0,0.1,0.361,19.166666667,19.166666667
0.5,0.628,0.0508,0.161,0.161,0,0,0,0,0,0,0,19.166666667,19.166666667
0.5,0.64,0.0633,0.176,0.176,0,0,0,0,0,0,0.159,19.444444444,20.0
0.5,0.692,0.103,0.256,0.256,0,0,0,0,0,0,0.189,19.444444444,20.0
0.5,0.692,0.11,0.25,0.25,0,0,0,0,0,0,0.154,19.444444444,20.0
0.454,0.68,0.111,0.231,0.231,0,0,0,0,0,0,0.436,19.444444444,20.0
0.358,0.659,0.0982,0.198,0.198,0,0,0,0,0,0,0.341,19.444444444,20.0
0.438,0.698,0.132,0.254,0.254,0,0,0,0,0,0,0.0915,19.444444444,20.0
0.267,0.661,0.104,0.207,0.207,0,0,0,0,0,0,0.366,19.444444444,20.0
0.483,0.765,0.218,0.43,0.43,0,0,0,0,0,0,0.137,19.444444444,20.0
0.654,0.843,0.405,0.667,0.667,0,0,0,0,0,0.183,0.0457,19.444444444,20.0
1,0.97,0.802,0.976,0.976,0,0,0,0,0,0.0667,0.0457,19.444444444,20.0
1,0.923,0.94,0.802,0.802,0,0,0,0,0,0,0,19.444444444,20.0
1,0.835,0.81,0.595,0.595,0,0,0,0,0,0,0.164,19.444444444,20.0
1,0.664,0.25,0.271,0.271,0,0,0,0,0,0,0.297,19.444444444,20.0
1,0.566,0.0197,0.0535,0.0535,0,0,0,0,0,0,0,19.444444444,20.0
1,0.564,0.0161,0.0501,0.0501,0,0,0,0,0,0,0,19.444444444,20.0
1,0.564,0.0161,0.0501,0.0501,0,0,0,0,0,0,0,19.166666667,19.166666667
1,0.564,0.0161,0.0501,0.0501,0,0,0,0,0,0,0,19.166666667,19.166666667
1,0.57,0.0167,0.0504,0.0504,0,0,0,0,0,0,0,19.166666667,19.166666667
1,0.599,0.0201,0.056,0.056,0,0,0,0,0,0,0.366,19.166666667,19.166666667
1,0.6,0.0252,0.0853,0.0853,0,0,0,0,0,0,0.229,19.166666667,19.166666667
1,0.622,0.0364,0.15,0.15,0,0,0,0,0,0,0.422,19.166666667,19.166666667
0.892,0.681,0.0621,0.249,0.249,0,0,0,0,0,0.183,0.149,19.166666667,19.166666667
0.642,0.728,0.0901,0.329,0.329,0,0,0,0,0,0.583,0.183,19.166666667,19.166666667
0.5,0.692,0.0855,0.272,0.272,0,0,0,0,0,0,0.229,19.166666667,19.166666667
0.5,0.692,0.0947,0.265,0.265,0.112,0.183,0,0,0,0,0.0457,19.444444444,20.0
0.5,0.692,0.103,0.256,0.256,0.503,1,0,0,0,0.25,0,19.444444444,20.0
0.5,0.692,0.11,0.25,0.25,0,0.167,0,0,0,0,0.0915,19.444444444,20.0
0.5,0.692,0.122,0.249,0.249,0,0,0,0,0,0,0.0457,19.444444444,20.0
0.5,0.696,0.13,0.255,0.255,0.116,0.183,0,0,0,0,0.32,19.444444444,20.0
0.5,0.717,0.147,0.282,0.282,0.549,1,0,0,0,0,0.183,19.444444444,20.0
0.779,0.851,0.276,0.518,0.518,0,0.167,0,0,0,0.433,0.229,19.444444444,20.0
1,0.98,0.434,0.835,0.835,0.425,0.683,0,0,0,0.333,0,19.444444444,20.0
1,0.993,0.589,0.991,0.991,0.794,0.667,0,0,0,0,0.0457,19.444444444,20.0
1,0.97,0.802,0.976,0.976,0.425,0,0,0,0,0,0.0457,19.444444444,20.0
1,0.923,0.94,0.802,0.802,0.283,0,0,0,0,0,0,19.444444444,20.0
1,0.798,0.7,0.522,0.522,0,0,0,0,0,0,0.137,19.444444444,20.0
1,0.67,0.273,0.293,0.293,0,0,0,0,0,0,0,19.444444444,20.0
1,0.564,0.0161,0.0501,0.0501,0,0,0,0,0,0,0,19.444444444,20.0
1,0.564,0.0161,0.0501,0.0501,0,0,0,0,0,0,0,19.444444444,20.0
1,0.564,0.0161,0.0501,0.0501,0,0,0,0,0,0,0,19.166666667,19.166666667
1,0.564,0.0161,0.0501,0.0501,0,0,0,0,0,0,0,19.166666667,19.166666667
1,0.564,0.0161,0.0501,0.0501,0,0,0,0,0,0,0,19.166666667,19.166666667
1,0.57,0.0175,0.0548,0.0548,0,0,0,0,0,0,0,19.166666667,19.166666667
0.767,0.609,0.0279,0.0994,0.0994,0,0,0,0,0,0,0.156,19.166666667,19.166666667
0.704,0.647,0.0445,0.195,0.195,0,0,0,0,0,0.183,0.254,19.166666667,19.166666667
0.5,0.68,0.061,0.248,0.248,0,0,0,0,0,1,0.33,19.166666667,19.166666667
0.5,0.692,0.0743,0.268,0.268,0,0,0,0,0,0.883,0.822,19.166666667,19.166666667
0.346,0.652,0.063,0.204,0.204,0,0,0,0,0,0,0.198,19.166666667,19.166666667
0.171,0.607,0.0432,0.123,0.123,0,0,0,0,0,0,0,19.444444444,20.0
0.25,0.628,0.0596,0.153,0.153,0,0,0,0,0,0,0.32,19.444444444,20.0
0.483,0.688,0.107,0.243,0.243,0.141,0.183,0,0,0,0,0.183,19.444444444,20.0
0.625,0.724,0.148,0.299,0.299,0.658,1,0,0,0,0,0.137,19.444444444,20.0
0.5,0.696,0.13,0.255,0.255,0.538,0.167,0,0,0,0.183,0.183,19.444444444,20.0
0.5,0.717,0.147,0.282,0.282,0.608,0,0,0,0,0.85,0.274,19.444444444,20.0
0.733,0.832,0.258,0.483,0.483,0.774,0,0,0,0,0,0,19.444444444,20.0
0.75,0.876,0.329,0.639,0.639,0,0,0,0,0,0,0.0457,19.444444444,20.0
0.75,0.886,0.446,0.756,0.756,0,0,0,0,0,0,0.183,19.444444444,20.0
0.75,0.868,0.605,0.744,0.744,0,0,0,0,0,0,0.0457,19.444444444,20.0
0.858,0.843,0.727,0.637,0.637,0,0,0,0,0,0,0,19.444444444,20.0
0.767,0.639,0.235,0.202,0.202,0,0,0,0,0,0,0.137,19.444444444,20.0
0.75,0.608,0.124,0.152,0.152,0,0,0,0,0,0,0,19.444444444,20.0
0.75,0.564,0.0161,0.0501,0.0501,0,0,0,0,0,0,0,19.444444444,20.0
0.75,0.564,0.0161,0.0501,0.0501,0,0,0,0,0,0,0,19.444444444,20.0
0.75,0.564,0.0161,0.0501,0.0501,0,0,0,0,0,0,0,19.166666667,19.166666667
0.75,0.564,0.0161,0.0501,0.0501,0,0,0,0,0,0,0,19.166666667,19.166666667
0.796,0.564,0.0161,0.0501,0.0501,0,0,0,0,0,0,0,19.166666667,19.166666667
1,0.564,0.0161,0.0501,0.0501,0,0,0,0,0,0,0,19.166666667,19.166666667
1,0.597,0.0254,0.0913,0.0913,0,0,0,0,0,0,0.509,19.166666667,19.166666667
1,0.692,0.0601,0.27,0.27,0,0,0,0,0,0.683,0.471,19.166666667,19.166666667
0.829,0.703,0.0695,0.287,0.287,0,0,0,0,0,0.35,0.58,19.166666667,19.166666667
0.75,0.736,0.0945,0.342,0.342,0,0,0.385,0.483,0.2,0,0.145,19.166666667,19.166666667
0.75,0.756,0.12,0.383,0.383,0,0,0.573,0,0.617,0,0.245,19.166666667,19.166666667
0.579,0.712,0.107,0.299,0.299,0,0,0.399,0,0,0,0.137,19.444444444,20.0
0.5,0.692,0.103,0.256,0.256,0,0,0.364,0,0,0.683,0.0915,19.444444444,20.0
0.5,0.692,0.11,0.25,0.25,0,0,0.587,0,0,1,0,19.444444444,20.0
0.5,0.692,0.122,0.249,0.249,0,0,0.502,0,0,0.117,0.137,19.444444444,20.0
0.654,0.739,0.166,0.321,0.321,0,0,0.482,0,0,0.183,0.295,19.444444444,20.0
1,0.87,0.279,0.514,0.514,0,0,0.0852,0,0,1,0.409,19.444444444,20.0
1,0.929,0.346,0.64,0.64,0,0,0,0,0,0.283,0.272,19.444444444,20.0
1,0.98,0.434,0.835,0.835,0,0,0,0,0,0.333,0.32,19.444444444,20.0
1,0.993,0.589,0.991,0.991,0,0,0,0,0,0,0.0434,19.444444444,20.0
1,0.97,0.802,0.976,0.976,0,0,0,0,0,0,0.0457,19.444444444,20.0
0.875,0.877,0.823,0.703,0.703,0,0,0,0,0,0,0.157,19.444444444,20.0
1,0.845,0.834,0.618,0.618,0,0,0,0,0,0,0.105,19.444444444,20.0
1,0.702,0.335,0.35,0.35,0,0,0,0,0,0,0.139,19.444444444,20.0
1,0.641,0.115,0.14,0.14,0,0,0,0,0,0,0.216,19.444444444,20.0
1,0.601,0.0415,0.0679,0.0679,0,0,0,0,0,0,0.274,19.444444444,20.0
1,0.592,0.0264,0.0552,0.0552,0,0,0,0,0,0,0.183,19.166666667,19.166666667
0.954,0.581,0.02,0.0501,0.0501,0,0,0,0,0,0,0.358,19.166666667,19.166666667
0.796,0.564,0.0184,0.0501,0.0501,0,0,0,0,0,0,0,19.166666667,19.166666667
1,0.564,0.0184,0.0501,0.0501,0,0,0,0,0,0,0,19.166666667,19.166666667
1,0.564,0.0184,0.0501,0.0501,0,0,0,0,0,0,0,19.166666667,19.166666667
1,0.564,0.0184,0.0501,0.0501,0,0,0,0,0,0,0,19.166666667,19.166666667
1,0.605,0.0378,0.12,0.12,0,0,0,0,0,0.517,0,19.166666667,19.166666667
1,0.64,0.0734,0.179,0.179,0,0,0,0,0,0,0.0997,19.166666667,19.166666667
0.954,0.692,0.136,0.272,0.272,0,0,0,0,0,0,0.17,19.166666667,19.166666667
0.75,0.736,0.206,0.338,0.338,0,0,0,0,0,0,0.578,19.444444444,20.0
0.579,0.712,0.196,0.289,0.289,0,0,0,0,0,0,0.0915,19.444444444,20.0
0.5,0.692,0.187,0.25,0.25,0,0,0.511,0.233,0.45,0,0.0915,19.444444444,20.0
0.5,0.692,0.218,0.249,0.249,0,0,0.623,0,1,0,0.137,19.444444444,20.0
0.5,0.696,0.246,0.255,0.255,0,0,0,0,1,0,0.183,19.444444444,20.0
0.5,0.717,0.268,0.282,0.282,0,0,0,0,0,0,0.137,19.444444444,20.0
0.779,0.851,0.427,0.518,0.518,0,0,0,0,0,0.517,0.0457,19.444444444,20.0
0.954,0.961,0.546,0.792,0.792,0,0,0,0,0,0,0.137,19.444444444,20.0
0.625,0.831,0.445,0.638,0.638,0,0,0.094,0.183,0,0,0.0457,19.444444444,20.0
0.75,0.868,0.673,0.744,0.744,0,0,0.379,0.3,0.7,0,0.0457,19.444444444,20.0
0.921,0.894,0.921,0.74,0.74,0,0,0.631,0,0.383,0,0,19.444444444,20.0
1,0.845,0.873,0.618,0.618,0,0,0.727,0,0,0,0,19.444444444,20.0
1,0.715,0.402,0.382,0.382,0,0,0.441,0,0,0,0,19.444444444,20.0
1,0.625,0.11,0.124,0.124,0,0,0.511,0,0,0,0.0457,19.444444444,20.0
1,0.599,0.0399,0.0666,0.0666,0,0,0.559,0,0,0,0,19.444444444,20.0
1,0.599,0.027,0.0552,0.0552,0,0,0.529,0,0,0,0.0457,19.166666667,19.166666667
1,0.599,0.0212,0.0501,0.0501,0,0,0.451,0,0,0,0.0915,19.166666667,19.166666667
1,0.592,0.0189,0.0501,0.0501,0,0,0.41,0,0,0,0,19.166666667,19.166666667
1,0.564,0.0184,0.0501,0.0501,0,0,0,0,0,0,0,19.166666667,19.166666667
1,0.564,0.0184,0.0501,0.0501,0,0,0,0,0,0,0,19.166666667,19.166666667
1,0.564,0.0184,0.0501,0.0501,0,0,0,0,0,0,0,19.166666667,19.166666667
1,0.564,0.0184,0.0501,0.0501,0,0,0,0,0,0,0,19.166666667,19.166666667
1,0.635,0.0706,0.172,0.172,0,0,0,0,0,0,0.45,19.166666667,19.166666667
0.954,0.704,0.149,0.292,0.292,0,0,0,0,0,0,0.288,19.166666667,19.166666667
0.221,0.62,0.0803,0.145,0.145,0,0,0,0,0,0,0,19.444444444,20.0
0.25,0.628,0.0953,0.153,0.153,0,0,0,0,0,0.25,0.0915,19.444444444,20.0
0.483,0.688,0.182,0.243,0.243,0,0,0,0,0,0,0.528,19.444444444,20.0
0.733,0.752,0.312,0.342,0.342,0,0,0,0,0,0,0.378,19.444444444,20.0
0.75,0.716,0.282,0.287,0.287,0,0,0,0,0,0,0.296,19.444444444,20.0
0.704,0.717,0.268,0.282,0.282,0,0,0,0,0,0,0.458,19.444444444,20.0
0.546,0.765,0.305,0.38,0.38,0,0,0,0,0,0,0.331,19.444444444,20.0
0.75,0.876,0.436,0.639,0.639,0,0,0,0,0,0,0.351,19.444444444,20.0
0.75,0.886,0.525,0.756,0.756,0,0,0,0,0,0,0.167,19.444444444,20.0
0.983,0.963,0.876,0.96,0.96,0,0,0,0,0,0,0.0915,19.444444444,20.0
1,0.923,1,0.802,0.802,0,0,0,0,0,0,0,19.444444444,20.0
1,0.845,0.873,0.618,0.618,0,0,0,0,0,0,0,19.444444444,20.0
1,0.702,0.366,0.35,0.35,0,0,0,0,0,0,0.0457,19.444444444,20.0
1,0.635,0.124,0.136,0.136,0,0,0,0,0,0,0,19.444444444,20.0
1,0.599,0.034,0.0666,0.0666,0,0,0,0,0,0,0.183,19.444444444,20.0
1,0.599,0.0228,0.0552,0.0552,0,0,0,0,0,0,0,19.166666667,19.166666667
1,0.599,0.0177,0.0501,0.0501,0,0,0,0,0,0,0.137,19.166666667,19.166666667
0.875,0.575,0.0163,0.0501,0.0501,0,0,0,0,0,0,0,19.166666667,19.166666667
1,0.579,0.0183,0.0552,0.0552,0,0,0,0,0,0,0.0915,19.166666667,19.166666667
1,0.626,0.0318,0.112,0.112,0,0,0,0,0,0,0.366,19.166666667,19.166666667
0.892,0.68,0.0564,0.251,0.251,0,0,0,0,0,0,0.293,19.166666667,19.166666667
0.425,0.665,0.0537,0.222,0.222,0,0,0,0,0,0,0.211,19.166666667,19.166666667
0,0.564,0.0161,0.0501,0.0501,0,0,0,0,0,0,0,19.166666667,19.166666667
0,0.564,0.0161,0.0501,0.0501,0,0,0,0,0,0,0,19.166666667,19.166666667
0,0.564,0.0161,0.0501,0.0501,0,0,0,0,0,0,0,19.444444444,20.0
0.108,0.591,0.0352,0.0944,0.0944,0,0,0,0,0,0.25,0.229,19.444444444,20.0
0.438,0.676,0.0972,0.225,0.225,0,0,0,0,0,0.517,0.0915,19.444444444,20.0
0.25,0.628,0.0689,0.15,0.15,0,0,0,0,0,0.183,0.183,19.444444444,20.0
0.421,0.675,0.112,0.223,0.223,0,0,0,0,0,0.0667,0.183,19.444444444,20.0
0.671,0.77,0.193,0.363,0.363,0,0,0,0,0,0,0.348,19.444444444,20.0
0.921,0.901,0.321,0.596,0.596,0,0,0.367,0.483,0.45,0,0.223,19.444444444,20.0
0.875,0.929,0.385,0.741,0.741,0,0,0.471,0,0.367,0,0.211,19.444444444,20.0
1,0.92,0.488,0.83,0.83,0.152,0.183,0,0,0,0,0.188,19.444444444,20.0
1,0.868,0.605,0.744,0.744,0.72,0.883,0,0,0,0,0.0457,19.444444444,20.0
1,0.736,0.453,0.413,0.413,0,0,0,0,0,0,0,19.444444444,20.0
1,0.634,0.221,0.192,0.192,0,0,0,0,0,0,0.0915,19.444444444,20.0
1,0.567,0.0249,0.0584,0.0584,0,0,0,0,0,0,0,19.444444444,20.0
1,0.564,0.0161,0.0501,0.0501,0,0,0,0,0,0,0,19.444444444,20.0
1,0.564,0.0161,0.0501,0.0501,0,0,0,0,0,0,0,19.444444444,20.0
1,0.564,0.0161,0.0501,0.0501,0,0,0,0,0,0,0,19.166666667,19.166666667
1,0.564,0.0161,0.0501,0.0501,0,0,0,0,0,0,0,19.166666667,19.166666667
1,0.564,0.0161,0.0501,0.0501,0,0,0,0,0,0,0,19.166666667,19.166666667
1,0.585,0.0197,0.0599,0.0599,0,0,0,0,0,0,0.163,19.166666667,19.166666667
1,0.645,0.037,0.135,0.135,0,0,0.0206,0.483,0.45,0,0.25,19.166666667,19.166666667
1,0.684,0.0571,0.257,0.257,0,0,0,0,0.633,0,0.372,19.166666667,19.166666667
0.658,0.657,0.0518,0.21,0.21,0,0,0,0,0,0,0.376,19.166666667,19.166666667
0.5,0.628,0.0452,0.159,0.159,0,0,0,0,0,0,0.188,19.166666667,19.166666667
0.5,0.628,0.0508,0.161,0.161,0,0,0,0,0,0,0.248,19.166666667,19.166666667
0.5,0.628,0.0554,0.157,0.157,0,0,0,0,0,0,0,19.444444444,20.0
0.5,0.628,0.0596,0.153,0.153,0,0,0,0,0,0,0.0915,19.444444444,20.0
0.5,0.64,0.0725,0.168,0.168,0,0,0,0,0,0,0.0457,19.444444444,20.0
0.5,0.692,0.122,0.249,0.249,0,0,0,0,0,0,0.0457,19.444444444,20.0
0.5,0.696,0.13,0.255,0.255,0,0,0,0,0,0,0.0457,19.444444444,20.0
0.5,0.717,0.147,0.282,0.282,0,0,0,0,0,0,0.229,19.444444444,20.0
0.671,0.791,0.221,0.414,0.414,0,0,0,0,0,0,0.372,19.444444444,20.0
0.75,0.844,0.298,0.579,0.579,0,0,0,0,0,0.683,0.568,19.444444444,20.0
0.983,0.986,0.58,0.975,0.975,0,0,0,0,0,0.6,0.626,19.444444444,20.0
1,0.97,0.802,0.976,0.976,0,0,0,0,0,0,0.453,19.444444444,20.0
1,0.923,0.94,0.802,0.802,0,0,0,0,0,0,0.261,19.444444444,20.0
1,0.76,0.596,0.44,0.44,0,0,0,0,0,0,0.17,19.444444444,20.0
1,0.608,0.124,0.152,0.152,0,0,0,0,0,0,0.0457,19.444444444,20.0
1,0.564,0.0161,0.0501,0.0501,0,0,0,0,0,0,0,19.444444444,20.0
1,0.564,0.0161,0.0501,0.0501,0,0,0,0,0,0,0,19.444444444,20.0
1,0.564,0.0161,0.0501,0.0501,0,0,0,0,0,0,0,19.166666667,19.166666667
1,0.57,0.0162,0.0501,0.0501,0,0,0,0,0,0,0.149,19.166666667,19.166666667
0.954,0.566,0.0161,0.0501,0.0501,0,0,0,0,0,0,0.191,19.166666667,19.166666667
0.75,0.564,0.0161,0.0501,0.0501,0,0,0,0,0,0,0,19.166666667,19.166666667
0.75,0.564,0.0161,0.0501,0.0501,0,0,0,0,0,0,0,19.166666667,19.166666667
0.75,0.597,0.0276,0.107,0.107,0,0,0,0,0,0,0.259,19.166666667,19.166666667
0.454,0.594,0.0282,0.102,0.102,0,0,0,0,0,0,0.153,19.166666667,19.166666667
0.5,0.628,0.0452,0.159,0.159,0,0,0,0,0,0,0.366,19.166666667,19.166666667
0.454,0.628,0.0508,0.161,0.161,0,0,0,0,0,0,0.229,19.166666667,19.166666667
0.142,0.6,0.0379,0.111,0.111,0,0,0,0,0,0,0.0915,19.444444444,20.0
0,0.564,0.0161,0.0501,0.0501,0,0,0,0,0,0,0,19.444444444,20.0
0.171,0.607,0.0485,0.118,0.118,0,0,0,0,0,0,0.0457,19.444444444,20.0
0.25,0.628,0.0689,0.15,0.15,0,0,0,0,0,0,0.229,19.444444444,20.0
0.25,0.63,0.0729,0.153,0.153,0,0,0,0,0,0,0.183,19.444444444,20.0
0.358,0.675,0.112,0.219,0.219,0,0,0,0,0,0,0.183,19.444444444,20.0
0.608,0.787,0.219,0.414,0.414,0,0,0,0,0,0,0.686,19.444444444,20.0
0.733,0.87,0.329,0.635,0.635,0.139,0.183,0,0,0,0,0.183,19.444444444,20.0
0.829,0.92,0.488,0.83,0.83,0.596,1,0,0,0,0.25,0,19.444444444,20.0
0.921,0.937,0.742,0.9,0.9,0.742,0.167,0,0,0,0,0.382,19.444444444,20.0
1,0.923,0.94,0.802,0.802,0.127,0,0,0,0,0,0.222,19.444444444,20.0
1,0.835,0.81,0.595,0.595,0,0,0,0,0,0,0.142,19.444444444,20.0
1,0.719,0.369,0.382,0.382,0,0,0,0,0,0,0.0604,19.444444444,20.0
1,0.648,0.127,0.152,0.152,0,0,0,0,0,0,0,19.444444444,20.0
1,0.583,0.0275,0.0608,0.0608,0,0,0,0,0,0,0,19.444444444,20.0
1,0.564,0.0161,0.0501,0.0501,0,0,0,0,0,0,0,19.166666667,19.166666667
1,0.564,0.0161,0.0501,0.0501,0,0,0,0,0,0,0,19.166666667,19.166666667
1,0.564,0.0161,0.0501,0.0501,0,0,0,0,0,0,0,19.166666667,19.166666667
1,0.564,0.0161,0.0501,0.0501,0,0,0,0,0,0,0,19.166666667,19.166666667
1,0.597,0.0254,0.0913,0.0913,0,0,0,0,0,0,0.481,19.166666667,19.166666667
1,0.658,0.0486,0.213,0.213,0,0,0,0,0,0,0.698,19.166666667,19.166666667
0.767,0.64,0.0459,0.179,0.179,0,0,0,0,0,0.183,0.269,19.166666667,19.166666667
0.75,0.736,0.0945,0.342,0.342,0,0,0,0,0,0.583,0.167,19.166666667,19.166666667
0.642,0.685,0.0808,0.26,0.26,0,0,0,0,0,0,0.174,19.166666667,19.166666667
0.392,0.612,0.0458,0.13,0.13,0,0,0,0,0,0,0.0915,19.444444444,20.0
0.717,0.748,0.141,0.345,0.345,0,0,0.482,0.717,0.217,0,0.137,19.444444444,20.0
0.704,0.745,0.147,0.332,0.332,0,0,0,0,0.6,0,0.0915,19.444444444,20.0
0.5,0.692,0.122,0.249,0.249,0,0,0,0,0,0,0.0457,19.444444444,20.0
0.5,0.696,0.13,0.255,0.255,0,0,0.402,0.483,0.2,0,0.137,19.444444444,20.0
0.5,0.717,0.147,0.282,0.282,0,0,0.502,0,0.883,0,0.366,19.444444444,20.0
0.671,0.81,0.238,0.449,0.449,0,0,0.627,0,0,0.25,0,19.444444444,20.0
0.858,0.922,0.378,0.729,0.729,0,0,0,0,0,0,0.474,19.444444444,20.0
1,0.993,0.589,0.991,0.991,0,0,0,0,0,0,0.0457,19.444444444,20.0
1,0.97,0.802,0.976,0.976,0.683,0.933,0,0,0,0,0.643,19.444444444,20.0
1,0.91,0.899,0.775,0.775,0,0.417,0,0,0,0,0.273,19.444444444,20.0
1,0.746,0.55,0.417,0.417,0,0,0,0,0,0,0.0457,19.444444444,20.0
0.829,0.633,0.176,0.2,0.2,0,0,0,0,0,0,0.0457,19.444444444,20.0
0.75,0.603,0.0645,0.0949,0.0949,0,0,0,0,0,0,0,19.444444444,20.0
0.75,0.599,0.034,0.0666,0.0666,0,0,0,0,0,0,0.0915,19.444444444,20.0
0.921,0.622,0.027,0.0584,0.0584,0,0,0,0,0,0,0.212,19.166666667,19.166666667
1,0.586,0.0173,0.0501,0.0501,0,0,0,0,0,0,0.162,19.166666667,19.166666667
1,0.57,0.0167,0.0504,0.0504,0,0,0,0,0,0,0.0915,19.166666667,19.166666667
1,0.572,0.0177,0.0549,0.0549,0,0,0,0,0,0,0.0457,19.166666667,19.166666667
1,0.6,0.0252,0.0853,0.0853,0,0,0,0,0,0,0.371,19.166666667,19.166666667
1,0.622,0.0364,0.15,0.15,0,0,0,0,0,0,0.424,19.166666667,19.166666667
0.767,0.628,0.0408,0.159,0.159,0,0,0,0,0,0,0.188,19.166666667,19.166666667
0.579,0.596,0.0312,0.105,0.105,0,0,0,0,0,0,0.12,19.166666667,19.166666667
0.5,0.628,0.0508,0.161,0.161,0,0,0,0,0,0,0.0915,19.166666667,19.166666667
0.5,0.672,0.0825,0.23,0.23,0,0,0.355,0.233,0.2,0,0.0457,19.444444444,20.0
0.5,0.692,0.103,0.256,0.256,0,0,0.11,0,0.883,0,0,19.444444444,20.0
0.5,0.692,0.11,0.25,0.25,0.466,0.683,0.41,0,0,0,0.0915,19.444444444,20.0
0.5,0.68,0.111,0.231,0.231,0,0.383,0.383,0,0,0,0.137,19.444444444,20.0
0.5,0.63,0.0729,0.153,0.153,0,0,0.238,0,0,0,0.0915,19.444444444,20.0
0.5,0.657,0.0962,0.192,0.192,0,0,0,0,0,0,0.0915,19.444444444,20.0
0.608,0.787,0.219,0.414,0.414,0,0,0,0,0,0,0.229,19.444444444,20.0
0.796,0.896,0.354,0.682,0.682,0,0,0,0,0,0.25,0,19.444444444,20.0
1,0.993,0.589,0.991,0.991,0,0,0,0,0,0,0.137,19.444444444,20.0
1,0.97,0.802,0.976,0.976,0,0,0,0,0,0,0,19.444444444,20.0
0.954,0.896,0.859,0.749,0.749,0.618,0.683,0,0,0,0.433,0.0457,19.444444444,20.0
0.921,0.741,0.536,0.407,0.407,0.291,0.667,0,0,0,0.0833,0,19.444444444,20.0
1,0.639,0.199,0.222,0.222,0,0,0,0,0,0,0.163,19.444444444,20.0
1,0.564,0.0165,0.0501,0.0501,0,0,0,0,0,0,0.0695,19.444444444,20.0
1,0.564,0.0184,0.0501,0.0501,0,0,0,0,0,0,0,19.444444444,20.0
1,0.564,0.0184,0.0501,0.0501,0,0,0,0,0,0,0,19.166666667,19.166666667
1,0.564,0.0184,0.0501,0.0501,0,0,0,0,0,0,0,19.166666667,19.166666667
1,0.564,0.0184,0.0501,0.0501,0,0,0,0,0,0,0,19.166666667,19.166666667
1,0.564,0.0184,0.0501,0.0501,0,0,0,0,0,0,0,19.166666667,19.166666667
1,0.564,0.0184,0.0501,0.0501,0,0,0,0,0,0,0,19.166666667,19.166666667
1,0.574,0.0227,0.0687,0.0687,0,0,0,0,0,0,0.129,19.166666667,19.166666667
1,0.636,0.0529,0.172,0.172,0,0,0,0,0,0,0.219,19.166666667,19.166666667
1,0.736,0.139,0.342,0.342,0,0,0,0,0,0.25,0.382,19.166666667,19.166666667
1,0.756,0.195,0.383,0.383,0,0,0,0,0,0,0.207,19.166666667,19.166666667
0.658,0.712,0.18,0.299,0.299,0,0,0,0,0,0.183,0.357,19.444444444,20.0
0.5,0.692,0.172,0.256,0.256,0,0,0,0,0,0.333,0.274,19.444444444,20.0
0.5,0.692,0.187,0.25,0.25,0,0,0,0,0,0,0.32,19.444444444,20.0
0.608,0.72,0.263,0.292,0.292,0,0,0,0,0,0.183,0.32,19.444444444,20.0
0.658,0.735,0.315,0.317,0.317,0,0,0,0,0,0.333,0.137,19.444444444,20.0
0.529,0.728,0.283,0.3,0.3,0,0,0,0,0,0,0.0457,19.444444444,20.0
0.75,0.838,0.411,0.493,0.493,0,0,0,0,0,0,0,19.444444444,20.0
0.75,0.876,0.436,0.639,0.639,0,0,0,0,0,0,0.0457,19.444444444,20.0
0.75,0.886,0.525,0.756,0.756,0,0,0,0,0,0,0.274,19.444444444,20.0
0.983,0.963,0.876,0.96,0.96,0,0,0.182,0.183,0,0,0.0915,19.444444444,20.0
1,0.923,1,0.802,0.802,0,0,0.411,0.3,0.7,0,0.0632,19.444444444,20.0
1,0.798,0.732,0.522,0.522,0,0,0.537,0,0.383,0,0.283,19.444444444,20.0
1,0.712,0.392,0.373,0.373,0,0,0.157,0,0,0,0,19.444444444,20.0
1,0.609,0.0895,0.107,0.107,0,0,0,0,0,0,0,19.444444444,20.0
1,0.564,0.0184,0.0501,0.0501,0,0,0,0,0,0,0,19.444444444,20.0
1,0.564,0.0184,0.0501,0.0501,0,0,0,0,0,0,0,19.166666667,19.166666667
1,0.564,0.0184,0.0501,0.0501,0,0,0,0,0,0,0,19.166666667,19.166666667
1,0.564,0.0184,0.0501,0.0501,0,0,0,0,0,0,0,19.166666667,19.166666667
1,0.564,0.0184,0.0501,0.0501,0,0,0,0,0,0,0,19.166666667,19.166666667
1,0.564,0.0184,0.0501,0.0501,0,0,0,0,0,0,0,19.166666667,19.166666667
1,0.597,0.0282,0.107,0.107,0,0,0,0,0,0,0.215,19.166666667,19.166666667
1,0.624,0.0453,0.152,0.152,0,0,0,0,0,0,0.382,19.166666667,19.166666667
1,0.64,0.0734,0.179,0.179,0,0,0,0,0,0.183,0.162,19.166666667,19.166666667
0.829,0.66,0.108,0.216,0.216,0,0,0,0,0,0.25,0.312,19.166666667,19.166666667
0.688,0.676,0.141,0.238,0.238,0,0,0,0,0,0.0667,0.551,19.444444444,20.0
0.517,0.644,0.115,0.178,0.178,0,0,0,0,0,0,0.0457,19.444444444,20.0
0.5,0.692,0.187,0.25,0.25,0,0,0,0,0,0,0.0457,19.444444444,20.0
0.5,0.692,0.218,0.249,0.249,0,0,0,0,0,0,0.366,19.444444444,20.0
0.688,0.73,0.307,0.311,0.311,0,0,0,0,0,0,0.274,19.444444444,20.0
0.733,0.675,0.198,0.219,0.219,0,0,0,0,0,0,0.0457,19.444444444,20.0
0.796,0.784,0.33,0.414,0.414,0,0,0,0,0,0,0.137,19.444444444,20.0
1,0.98,0.575,0.835,0.835,0,0,0,0,0,0.433,0.137,19.444444444,20.0
0.829,0.92,0.576,0.83,0.83,0,0,0,0,0,0.0833,0.32,19.444444444,20.0
0.75,0.868,0.673,0.744,0.744,0,0,0,0,0,0,0.137,19.444444444,20.0
0.921,0.894,0.921,0.74,0.74,0,0,0,0,0,0,0.377,19.444444444,20.0
1,0.807,0.763,0.536,0.536,0,0,0,0,0,0,0.0951,19.444444444,20.0
1,0.667,0.275,0.272,0.272,0,0,0,0,0,0,0.25,19.444444444,20.0
1,0.629,0.12,0.133,0.133,0,0,0,0,0,0,0.0781,19.444444444,20.0
1,0.564,0.0161,0.0501,0.0501,0,0,0,0,0,0,0,19.444444444,20.0
1,0.564,0.0161,0.0501,0.0501,0,0,0,0,0,0,0,19.166666667,19.166666667
1,0.564,0.0161,0.0501,0.0501,0,0,0,0,0,0,0,19.166666667,19.166666667
1,0.57,0.0167,0.0504,0.0504,0,0,0,0,0,0,0.106,19.166666667,19.166666667
0.892,0.607,0.0209,0.0563,0.0563,0,0,0,0,0,0.517,0.329,19.166666667,19.166666667
0.704,0.618,0.029,0.0981,0.0981,0,0,0,0,0,0,0.311,19.166666667,19.166666667
0.5,0.611,0.0323,0.132,0.132,0,0,0,0,0,0.683,0.109,19.166666667,19.166666667
0.5,0.624,0.0393,0.152,0.152,0,0,0,0,0,0.6,0.317,19.166666667,19.166666667
0.5,0.628,0.0452,0.159,0.159,0,0,0,0,0,0,0.103,19.166666667,19.166666667
0.5,0.64,0.0579,0.181,0.181,0,0,0,0,0,0,0,19.166666667,19.166666667
0.5,0.66,0.0755,0.211,0.211,0,0,0,0,0,0.183,0,19.444444444,20.0
0.5,0.692,0.103,0.256,0.256,0,0,0,0,0,0.0667,0.0915,19.444444444,20.0
0.5,0.692,0.11,0.25,0.25,0,0,0,0,0,0,0.229,19.444444444,20.0
0.5,0.692,0.122,0.249,0.249,0,0,0,0,0,0,0.274,19.444444444,20.0
0.5,0.696,0.13,0.255,0.255,0,0,0,0,0,0,0.32,19.444444444,20.0
0.733,0.717,0.147,0.282,0.282,0,0,0,0,0,0,0.412,19.444444444,20.0
0.921,0.81,0.238,0.449,0.449,0,0,0,0,0,0.683,0.0457,19.444444444,20.0
1,0.876,0.329,0.639,0.639,0,0,0,0,0,0.0833,0.412,19.444444444,20.0
1,0.886,0.446,0.756,0.756,0,0,0,0,0,0,0,19.444444444,20.0
1,0.868,0.605,0.744,0.744,0.491,0.683,0,0,0,0,0.0457,19.444444444,20.0
1,0.834,0.709,0.614,0.614,0.712,0.667,0,0,0,0,0.234,19.444444444,20.0
1,0.728,0.495,0.38,0.38,0.101,0,0,0,0,0,0.389,19.444444444,20.0
1,0.633,0.176,0.2,0.2,0,0,0,0,0,0,0.173,19.444444444,20.0
1,0.576,0.0334,0.0661,0.0661,0,0,0,0,0,0,0,19.444444444,20.0
1,0.564,0.0161,0.0501,0.0501,0,0,0,0,0,0,0,19.444444444,20.0
1,0.564,0.0161,0.0501,0.0501,0,0,0,0,0,0,0,19.166666667,19.166666667
1,0.564,0.0161,0.0501,0.0501,0,0,0,0,0,0,0,19.166666667,19.166666667
1,0.564,0.0161,0.0501,0.0501,0,0,0,0,0,0,0,19.166666667,19.166666667
1,0.564,0.0161,0.0501,0.0501,0,0,0,0,0,0,0,19.166666667,19.166666667
1,0.589,0.0227,0.0771,0.0771,0,0,0,0,0,0,0.137,19.166666667,19.166666667
1,0.655,0.0479,0.207,0.207,0,0,0,0,0,0,0.554,19.166666667,19.166666667
1,0.744,0.0857,0.357,0.357,0.0921,0.183,0,0,0,0,0.726,19.166666667,19.166666667
0.829,0.756,0.103,0.376,0.376,0.635,0.883,0,0,0,0,0.166,19.166666667,19.166666667
0.579,0.712,0.0963,0.307,0.307,0.687,0,0.427,0.483,0.2,0,0.275,19.166666667,19.166666667
0.5,0.692,0.0947,0.265,0.265,0,0,0.592,0,0.617,0,0.229,19.444444444,20.0
0.5,0.692,0.103,0.256,0.256,0,0,0.499,0,0,0,0.0457,19.444444444,20.0
0.5,0.692,0.11,0.25,0.25,0.131,0.183,0.355,0,0,0,0.0915,19.444444444,20.0
0.5,0.692,0.122,0.249,0.249,0.462,0.883,0.448,0,0,0,0,19.444444444,20.0
0.329,0.65,0.0904,0.185,0.185,0,0,0.698,0,0,0,0.32,19.444444444,20.0
0.654,0.712,0.143,0.275,0.275,0,0,0.681,0,0,0,0.229,19.444444444,20.0
0.75,0.746,0.181,0.345,0.345,0,0,0.173,0,0,0,0.0457,19.444444444,20.0
0.75,0.772,0.225,0.443,0.443,0.586,0.683,0,0,0,0,0.372,19.444444444,20.0
0.983,0.897,0.472,0.784,0.784,0.549,0.383,0.0338,0.183,0,0,0.104,19.444444444,20.0
0.954,0.953,0.759,0.94,0.94,0.126,0,0.515,0.533,0.467,0,0,19.444444444,20.0
0.75,0.82,0.668,0.587,0.587,0,0,0.571,0,0.35,0,0.0915,19.444444444,20.0
0.75,0.684,0.377,0.289,0.289,0,0,0.135,0,0,0,0,19.444444444,20.0
0.75,0.564,0.0161,0.0501,0.0501,0,0,0,0,0,0,0,19.444444444,20.0
0.75,0.564,0.0161,0.0501,0.0501,0,0,0,0,0,0,0,19.444444444,20.0
0.983,0.59,0.0312,0.0642,0.0642,0,0,0.119,0.717,0.217,0,0.16,19.444444444,20.0
1,0.564,0.0161,0.0501,0.0501,0,0,0,0,0.867,0,0.135,19.166666667,19.166666667
1,0.564,0.0161,0.0501,0.0501,0,0,0,0,0,0,0,19.166666667,19.166666667
1,0.572,0.0162,0.0501,0.0501,0,0,0,0,0,0,0.31,19.166666667,19.166666667
1,0.564,0.0161,0.0501,0.0501,0,0,0,0,0,0,0,19.166666667,19.166666667
1,0.58,0.0216,0.0784,0.0784,0,0,0,0,0,0,0.338,19.166666667,19.166666667
0.829,0.636,0.0411,0.175,0.175,0,0,0,0,0,0.25,0.228,19.166666667,19.166666667
0.579,0.643,0.0463,0.184,0.184,0,0,0,0,0,0,0.137,19.166666667,19.166666667
0.5,0.624,0.0444,0.152,0.152,0,0,0,0,0,0,0,19.166666667,19.166666667
0.562,0.708,0.094,0.3,0.3,0,0,0,0,0,0,0.76,19.166666667,19.166666667
0.5,0.692,0.0947,0.265,0.265,0,0,0,0,0,0,0.104,19.444444444,20.0
0.5,0.692,0.103,0.256,0.256,0,0,0,0,0,0,0.175,19.444444444,20.0
0.671,0.736,0.142,0.318,0.318,0,0,0,0,0,0,0.429,19.444444444,20.0
0.642,0.728,0.151,0.305,0.305,0,0,0,0,0,0,0.335,19.444444444,20.0
0.733,0.757,0.183,0.351,0.351,0,0,0,0,0,0,0.313,19.444444444,20.0
0.704,0.777,0.199,0.373,0.373,0,0,0,0,0,0,0.182,19.444444444,20.0
0.267,0.661,0.104,0.207,0.207,0,0,0,0,0,0,0.183,19.444444444,20.0
0.654,0.837,0.292,0.567,0.567,0.199,0.183,0,0,0,0,0,19.444444444,20.0
0.642,0.84,0.378,0.653,0.653,0.668,1,0,0,0,0,0.0457,19.444444444,20.0
0.5,0.767,0.409,0.513,0.513,0,0.167,0,0,0,0,0.229,19.444444444,20.0
0.717,0.804,0.635,0.552,0.552,0,0,0,0,0,0,0,19.444444444,20.0
1,0.746,0.55,0.417,0.417,0,0,0,0,0,0,0,19.444444444,20.0
1,0.633,0.176,0.2,0.2,0,0,0,0,0,0,0,19.444444444,20.0
1,0.566,0.0197,0.0535,0.0535,0,0,0,0,0,0,0,19.444444444,20.0
1,0.564,0.0161,0.0501,0.0501,0,0,0,0,0,0,0,19.444444444,20.0
1,0.564,0.0161,0.0501,0.0501,0,0,0,0,0,0,0,19.166666667,19.166666667
1,0.564,0.0161,0.0501,0.0501,0,0,0,0,0,0,0,19.166666667,19.166666667
1,0.57,0.0167,0.0504,0.0504,0,0,0,0,0,0,0.205,19.166666667,19.166666667
1,0.599,0.0201,0.056,0.056,0,0,0,0,0,0,0.292,19.166666667,19.166666667
1,0.6,0.0252,0.0853,0.0853,0,0,0,0,0,0,0.105,19.166666667,19.166666667
0.954,0.644,0.0439,0.189,0.189,0,0,0,0,0,0,0.192,19.166666667,19.166666667
0.704,0.714,0.0736,0.305,0.305,0,0,0,0,0,0,0.378,19.166666667,19.166666667
0.5,0.692,0.0743,0.268,0.268,0,0,0,0,0,0,0.345,19.166666667,19.166666667
0.5,0.692,0.0855,0.272,0.272,0,0,0,0,0,0,0.0915,19.166666667,19.166666667
0.5,0.692,0.0947,0.265,0.265,0,0,0,0,0,0,0,19.444444444,20.0
0.5,0.692,0.103,0.256,0.256,0,0,0,0,0,0,0.229,19.444444444,20.0
0.267,0.632,0.066,0.157,0.157,0,0,0,0,0,0,0.0457,19.444444444,20.0
0.421,0.672,0.105,0.218,0.218,0,0,0,0,0,0,0.229,19.444444444,20.0
0.546,0.647,0.088,0.18,0.18,0,0,0,0,0,0,0.183,19.444444444,20.0
0.796,0.733,0.162,0.308,0.308,0,0,0,0,0,0,0.274,19.444444444,20.0
1,0.834,0.262,0.492,0.492,0,0,0,0,0,0.183,0.137,19.444444444,20.0
1,0.98,0.434,0.835,0.835,0,0,0,0,0,0.0667,0.272,19.444444444,20.0
1,0.993,0.589,0.991,0.991,0,0,0,0,0,0,0.46,19.444444444,20.0
1,0.97,0.802,0.976,0.976,0,0,0.148,0.183,0,0,0,19.444444444,20.0
1,0.91,0.899,0.775,0.775,0.149,0.183,0.555,0.533,0.467,0,0,19.444444444,20.0
1,0.765,0.605,0.453,0.453,0.482,1,0.414,0,0.617,0,0.111,19.444444444,20.0
1,0.66,0.242,0.262,0.262,0,0.167,0,0,0,0,0.1,19.444444444,20.0
1,0.603,0.0645,0.0949,0.0949,0,0,0,0,0,0,0.169,19.444444444,20.0
1,0.599,0.034,0.0666,0.0666,0,0,0,0,0,0,0.432,19.444444444,20.0
1,0.599,0.0228,0.0552,0.0552,0,0,0,0,0,0,0.127,19.166666667,19.166666667
1,0.592,0.0176,0.0501,0.0501,0,0,0,0,0,0,0.229,19.166666667,19.166666667
1,0.564,0.0161,0.0501,0.0501,0,0,0,0,0,0,0,19.166666667,19.166666667
1,0.564,0.0161,0.0501,0.0501,0,0,0,0,0,0,0,19.166666667,19.166666667
1,0.572,0.0188,0.0643,0.0643,0,0,0,0,0,0.183,0,19.166666667,19.166666667
0.829,0.644,0.0439,0.189,0.189,0,0,0,0,0,0.0667,0.0915,19.166666667,19.166666667
0.642,0.657,0.0518,0.21,0.21,0,0,0,0,0,0,0,19.166666667,19.166666667
0.5,0.628,0.0452,0.159,0.159,0.139,0.183,0,0,0,0,0.0457,19.166666667,19.166666667
0.5,0.64,0.0579,0.181,0.181,0.363,0.883,0.175,0.433,0,0.183,0.0915,19.166666667,19.166666667
0.5,0.692,0.0947,0.265,0.265,0,0,0.445,0.05,0.95,1,0.196,19.444444444,20.0
0.5,0.692,0.103,0.256,0.256,0,0,0,0,1,0.1,0.394,19.444444444,20.0
0.5,0.692,0.11,0.25,0.25,0,0,0,0,1,0,0.472,19.444444444,20.0
0.5,0.692,0.122,0.249,0.249,0,0,0,0,1,0,0.341,19.444444444,20.0
0.454,0.682,0.118,0.235,0.235,0,0,0,0,0.667,0,0.172,19.444444444,20.0
0.358,0.675,0.112,0.219,0.219,0,0,0,0,0,0,0.326,19.444444444,20.0
0.608,0.787,0.219,0.414,0.414,0,0,0.11,0.483,0.45,0.517,0.0915,19.444444444,20.0
0.75,0.876,0.329,0.639,0.639,0,0,0,0,0.9,0,0.0457,19.444444444,20.0
0.921,0.959,0.547,0.917,0.917,0,0,0,0,0,0,0.229,19.444444444,20.0
1,0.97,0.802,0.976,0.976,0,0,0,0,0,0.433,0.0457,19.444444444,20.0
1,0.863,0.783,0.677,0.677,0,0,0,0,0,1,0.0457,19.444444444,20.0
1,0.699,0.416,0.321,0.321,0,0,0,0,0,0.367,0.768,19.444444444,20.0
1,0.594,0.0909,0.121,0.121,0,0,0,0,0,0,0.0457,19.444444444,20.0
1,0.564,0.0165,0.0501,0.0501,0,0,0,0,0,0,0,19.444444444,20.0
1,0.57,0.0202,0.0513,0.0513,0,0,0,0,0,0,0,19.444444444,20.0
1,0.575,0.0215,0.0521,0.0521,0,0,0,0,0,0,0,19.166666667,19.166666667
1,0.564,0.0184,0.0501,0.0501,0,0,0,0,0,0,0,19.166666667,19.166666667
1,0.564,0.0184,0.0501,0.0501,0,0,0,0,0,0,0,19.166666667,19.166666667
1,0.564,0.0184,0.0501,0.0501,0,0,0,0,0,0,0,19.166666667,19.166666667
1,0.564,0.0184,0.0501,0.0501,0,0,0,0,0,0,0,19.166666667,19.166666667
1,0.564,0.0184,0.0501,0.0501,0,0,0,0,0,0,0,19.166666667,19.166666667
1,0.564,0.0184,0.0501,0.0501,0,0,0,0,0,0,0,19.166666667,19.166666667
1,0.564,0.0184,0.0501,0.0501,0,0,0,0,0,0,0,19.166666667,19.166666667
0.829,0.607,0.0594,0.126,0.126,0,0,0,0,0,0,0.0915,19.166666667,19.166666667
0.75,0.64,0.102,0.176,0.176,0,0,0,0,0,0,0.144,19.444444444,20.0
0.75,0.692,0.172,0.256,0.256,0,0,0,0,0,0.433,0.457,19.444444444,20.0
0.858,0.72,0.226,0.293,0.293,0,0,0,0,0,1,0.503,19.444444444,20.0
0.954,0.756,0.318,0.348,0.348,0,0,0,0,0,1,0.229,19.444444444,20.0
0.704,0.748,0.337,0.338,0.338,0,0,0,0,0,0.667,0.229,19.444444444,20.0
0.733,0.789,0.384,0.391,0.391,0,0,0,0,0,0,0.298,19.444444444,20.0
0.796,0.857,0.436,0.527,0.527,0,0,0,0,0,0,0.299,19.444444444,20.0
0.829,0.909,0.479,0.698,0.698,0,0,0,0,0,0,0.467,19.444444444,20.0
0.921,0.959,0.644,0.917,0.917,0,0,0,0,0,0,0.509,19.444444444,20.0
1,0.97,0.891,0.976,0.976,0,0,0,0,0,0.25,0.346,19.444444444,20.0
1,0.923,1,0.802,0.802,0,0,0,0,0,0,0.418,19.444444444,20.0
1,0.835,0.846,0.595,0.595,0,0,0,0,0,0,0,19.444444444,20.0
1,0.719,0.404,0.382,0.382,0,0,0,0,0,0,0,19.444444444,20.0
1,0.654,0.15,0.156,0.156,0,0,0,0,0,0,0.276,19.444444444,20.0
1,0.627,0.0596,0.082,0.082,0,0,0,0,0,0,0,19.444444444,20.0
1,0.599,0.027,0.0552,0.0552,0,0,0,0,0,0,0.0457,19.166666667,19.166666667
1,0.599,0.0212,0.0501,0.0501,0,0,0,0,0,0,0.0915,19.166666667,19.166666667
1,0.592,0.0189,0.0501,0.0501,0,0,0,0,0,0,0.366,19.166666667,19.166666667
1,0.564,0.0184,0.0501,0.0501,0,0,0,0,0,0,0,19.166666667,19.166666667
1,0.581,0.0207,0.063,0.063,0,0,0,0,0,0,0.0457,19.166666667,19.166666667
1,0.585,0.027,0.0872,0.0872,0,0,0,0,0,0,0.125,19.166666667,19.166666667
0.783,0.631,0.045,0.165,0.165,0,0,0,0,0,0,0,19.166666667,19.166666667
0.5,0.564,0.0184,0.0501,0.0501,0,0,0,0,0,0,0,19.166666667,19.166666667
0.5,0.619,0.072,0.146,0.146,0,0,0,0,0,0,0.246,19.166666667,19.166666667
0.329,0.648,0.11,0.192,0.192,0,0,0,0,0,0,0.32,19.444444444,20.0
0.467,0.684,0.163,0.241,0.241,0,0,0,0,0,0,0.291,19.444444444,20.0
0.579,0.712,0.213,0.282,0.282,0,0,0,0,0,0,0.289,19.444444444,20.0
0.733,0.648,0.149,0.181,0.181,0,0,0,0,0,0,0.0915,19.444444444,20.0
0.875,0.675,0.211,0.223,0.223,0,0,0,0,0,0,0.0457,19.444444444,20.0
0.562,0.661,0.175,0.199,0.199,0,0,0,0,0,0,0,19.444444444,20.0
0.579,0.746,0.28,0.345,0.345,0,0,0,0,0,0,0.183,19.444444444,20.0
0.5,0.772,0.297,0.443,0.443,0,0,0,0,0,0,0.137,19.444444444,20.0
0.688,0.859,0.476,0.696,0.696,0,0,0,0,0,0,0.0457,19.444444444,20.0
0.5,0.767,0.454,0.513,0.513,0,0,0,0,0,0,0.143,19.444444444,20.0
0.5,0.744,0.509,0.426,0.426,0.807,0.933,0,0,0,0,0.105,19.444444444,20.0
0.671,0.704,0.446,0.334,0.334,0.173,0.417,0,0,0,0,0,19.444444444,20.0
0.75,0.667,0.275,0.272,0.272,0,0,0,0,0,0,0.0457,19.444444444,20.0
0.75,0.619,0.105,0.12,0.12,0,0,0,0,0,0,0,19.444444444,20.0
0.921,0.587,0.0276,0.0607,0.0607,0,0,0,0,0,0,0.0483,19.444444444,20.0
1,0.575,0.0185,0.0521,0.0521,0,0,0,0,0,0,0.0627,19.166666667,19.166666667
1,0.564,0.0161,0.0501,0.0501,0,0,0,0,0,0,0,19.166666667,19.166666667
1,0.57,0.0167,0.0504,0.0504,0,0,0,0,0,0,0.0457,19.166666667,19.166666667
1,0.599,0.0201,0.056,0.056,0,0,0,0,0,0,0.274,19.166666667,19.166666667
1,0.617,0.0306,0.114,0.114,0,0,0,0,0,0,0.209,19.166666667,19.166666667
0.938,0.695,0.0611,0.276,0.276,0,0,0,0,0,0,0.194,19.166666667,19.166666667
0.721,0.676,0.0588,0.242,0.242,0,0,0,0,0,0.933,0.56,19.166666667,19.166666667
0.733,0.688,0.0724,0.26,0.26,0,0,0,0,0,0.1,0.0915,19.166666667,19.166666667
0.75,0.704,0.0926,0.292,0.292,0,0,0,0,0,0,0,19.166666667,19.166666667
0.75,0.756,0.134,0.372,0.372,0,0,0,0,0,0,0.0915,19.444444444,20.0
0.75,0.756,0.147,0.359,0.359,0,0,0,0,0,0,0,19.444444444,20.0
0.579,0.712,0.124,0.282,0.282,0,0,0,0,0,0,0.137,19.444444444,20.0
0.5,0.692,0.122,0.249,0.249,0,0,0,0,0,0,0.183,19.444444444,20.0
0.5,0.696,0.13,0.255,0.255,0,0,0,0,0,0.25,0.229,19.444444444,20.0
0.608,0.752,0.178,0.335,0.335,0,0,0,0,0,0,0,19.444444444,20.0
0.75,0.838,0.263,0.493,0.493,0,0,0,0,0,0,0.0915,19.444444444,20.0
0.858,0.922,0.378,0.729,0.729,0,0,0,0,0,0,0,19.444444444,20.0
1,0.993,0.589,0.991,0.991,0,0,0,0,0,0,0.183,19.444444444,20.0
1,0.97,0.802,0.976,0.976,0,0,0,0,0,0,0,19.444444444,20.0
1,0.91,0.899,0.775,0.775,0,0,0,0,0,0.683,0.0457,19.444444444,20.0
1,0.775,0.63,0.476,0.476,0,0,0,0,0,0.35,0,19.444444444,20.0
1,0.698,0.326,0.342,0.342,0,0,0,0,0,0,0,19.444444444,20.0
1,0.609,0.0782,0.107,0.107,0,0,0,0,0,0,0.158,19.444444444,20.0
1,0.564,0.0161,0.0501,0.0501,0,0,0,0,0,0,0.0136,19.444444444,20.0
1,0.564,0.0161,0.0501,0.0501,0,0,0,0,0,0,0,19.166666667,19.166666667
1,0.579,0.0167,0.0501,0.0501,0,0,0,0,0,0.433,0.0915,19.166666667,19.166666667
1,0.592,0.0165,0.0501,0.0501,0,0,0,0,0,0.85,0.0915,19.166666667,19.166666667
1,0.57,0.0175,0.0548,0.0548,0,0,0,0,0,0,0.183,19.166666667,19.166666667
0.829,0.575,0.0185,0.0583,0.0583,0,0,0,0,0,0,0,19.166666667,19.166666667
0.75,0.574,0.0202,0.0687,0.0687,0,0,0,0,0,0,0,19.166666667,19.166666667
0.75,0.665,0.0555,0.223,0.223,0,0,0,0,0,0,0.299,19.166666667,19.166666667
0.642,0.708,0.0813,0.295,0.295,0,0,0,0,0,0,1,19.166666667,19.166666667
0.267,0.632,0.0531,0.168,0.168,0,0,0,0,0,0,0.249,19.166666667,19.166666667
0.25,0.628,0.0554,0.157,0.157,0,0,0,0,0,0,0.32,19.444444444,20.0
0.25,0.628,0.0596,0.153,0.153,0,0,0,0,0,0,0.0915,19.444444444,20.0
0.25,0.628,0.0629,0.15,0.15,0,0,0,0,0,0,0,19.444444444,20.0
0.25,0.628,0.0689,0.15,0.15,0,0,0,0,0,0,0,19.444444444,20.0
0.25,0.63,0.0729,0.153,0.153,0,0,0,0,0,0.517,0.137,19.444444444,20.0
0.296,0.657,0.0962,0.192,0.192,0,0,0,0,0,0.183,0.137,19.444444444,20.0
0.454,0.727,0.163,0.311,0.311,0,0,0,0,0,0.0667,0.137,19.444444444,20.0
0.529,0.707,0.169,0.332,0.332,0,0,0,0,0,0,0.229,19.444444444,20.0
0.796,0.904,0.48,0.799,0.799,0.432,0.433,0,0,0,0,0.324,19.444444444,20.0
0.954,0.953,0.759,0.94,0.94,0.41,0.633,0,0,0,0,0,19.444444444,20.0
0.921,0.894,0.866,0.74,0.74,0,0,0.238,0.683,0,0,0.0457,19.444444444,20.0
1,0.825,0.786,0.573,0.573,0,0,0,0.0333,0.967,0,0.207,19.444444444,20.0
1,0.653,0.232,0.253,0.253,0,0,0,0,0.117,0,0.189,19.444444444,20.0
1,0.564,0.0161,0.0501,0.0501,0,0,0,0,0,0,0,19.444444444,20.0
1,0.564,0.0161,0.0501,0.0501,0,0,0,0,0,0,0,19.444444444,20.0
1,0.564,0.0161,0.0501,0.0501,0,0,0,0,0,0,0,19.166666667,19.166666667
1,0.564,0.0161,0.0501,0.0501,0,0,0,0,0,0,0,19.166666667,19.166666667
1,0.564,0.0161,0.0501,0.0501,0,0,0,0,0,0,0,19.166666667,19.166666667
1,0.564,0.0161,0.0501,0.0501,0,0,0,0,0,0,0,19.166666667,19.166666667
0.954,0.572,0.0188,0.0643,0.0643,0,0,0,0,0,0,0,19.166666667,19.166666667
0.704,0.667,0.0513,0.227,0.227,0,0,0.667,0.717,0.217,0,0.214,19.166666667,19.166666667
0.454,0.672,0.0574,0.235,0.235,0,0,0.411,0,0.867,0,0.252,19.166666667,19.166666667
0.25,0.628,0.0452,0.159,0.159,0,0,0.828,0,0,0,0.137,19.166666667,19.166666667
0.25,0.628,0.0508,0.161,0.161,0,0,0.348,0,0,0,0.137,19.166666667,19.166666667
0.25,0.628,0.0554,0.157,0.157,0,0,0.615,0,0,0,0.183,19.444444444,20.0
0.296,0.64,0.068,0.171,0.171,0,0,0.351,0,0,0,0.0915,19.444444444,20.0
0.329,0.648,0.0774,0.182,0.182,0,0,0,0,0,0,0.0457,19.444444444,20.0
0.25,0.628,0.0689,0.15,0.15,0,0,0,0,0,0.25,0.0457,19.444444444,20.0
0.25,0.63,0.0729,0.153,0.153,0,0,0,0,0,0,0.183,19.444444444,20.0
0.375,0.677,0.113,0.222,0.222,0,0,0,0,0,0,0.412,19.444444444,20.0
0.483,0.74,0.176,0.336,0.336,0,0,0,0,0,0,0.457,19.444444444,20.0
0.733,0.85,0.298,0.583,0.583,0.601,0.933,0,0,0,0,0.0457,19.444444444,20.0
0.796,0.797,0.337,0.564,0.564,0.588,0.133,0,0,0,0,0.0457,19.444444444,20.0
1,0.868,0.605,0.744,0.744,0.605,0,0,0,0,0,0,19.444444444,20.0
0.954,0.76,0.511,0.462,0.462,0,0,0,0,0,0,0.162,19.444444444,20.0
0.858,0.663,0.3,0.251,0.251,0,0,0,0,0,0,0.047,19.444444444,20.0
1,0.66,0.242,0.262,0.262,0,0,0,0,0,0,0.0419,19.444444444,20.0
1,0.586,0.0471,0.0788,0.0788,0,0,0,0,0,0,0.243,19.444444444,20.0
1,0.564,0.0161,0.0501,0.0501,0,0,0,0,0,0,0,19.444444444,20.0
1,0.564,0.0161,0.0501,0.0501,0,0,0,0,0,0,0,19.166666667,19.166666667
1,0.564,0.0161,0.0501,0.0501,0,0,0,0,0,0,0,19.166666667,19.166666667
1,0.57,0.0167,0.0504,0.0504,0,0,0,0,0,0.183,0,19.166666667,19.166666667
1,0.625,0.023,0.0612,0.0612,0,0,0,0,0,0.583,0.33,19.166666667,19.166666667
1,0.64,0.034,0.12,0.12,0,0,0,0,0,0,0.102,19.166666667,19.166666667
1,0.627,0.0372,0.154,0.154,0,0,0,0,0,0,0.313,19.166666667,19.166666667
0.829,0.657,0.0511,0.202,0.202,0,0,0,0,0,0.183,0.534,19.166666667,19.166666667
0.625,0.707,0.08,0.284,0.284,0,0,0,0,0,0.0667,0.457,19.166666667,19.166666667
0.75,0.761,0.119,0.376,0.376,0,0,0,0,0,0,0.196,19.166666667,19.166666667
0.579,0.699,0.0966,0.267,0.267,0,0,0,0,0,0,0.183,19.444444444,20.0
0.267,0.634,0.0621,0.158,0.158,0,0,0,0,0,0,0.137,19.444444444,20.0
0.25,0.629,0.0626,0.148,0.148,0,0,0,0,0,0,0.183,19.444444444,20.0
0.483,0.691,0.117,0.238,0.238,0,0,0,0,0,0,0.137,19.444444444,20.0
0.5,0.699,0.129,0.247,0.247,0,0,0,0,0,0,0.0661,19.444444444,20.0
0.5,0.72,0.146,0.262,0.262,0,0,0,0,0,0,0.272,19.444444444,20.0
0.5,0.75,0.18,0.303,0.303,0,0,0,0,0,0,0.274,19.444444444,20.0
0.717,0.868,0.32,0.535,0.535,0,0,0,0,0,0.25,0.326,19.444444444,20.0
0.767,0.898,0.452,0.697,0.697,0,0,0,0,0,0,0.323,19.444444444,20.0
0.75,0.873,0.601,0.747,0.747,0,0,0,0,0,0,0,19.444444444,20.0
0.921,0.886,0.82,0.794,0.794,0,0,0,0,0,0,0.211,19.444444444,20.0
1,0.779,0.625,0.557,0.557,0,0,0,0,0,0,0.219,19.444444444,20.0
1,0.666,0.249,0.316,0.316,0,0,0,0,0,0,0,19.444444444,20.0
1,0.604,0.0642,0.0949,0.0949,0,0,0,0,0,0,0.0532,19.444444444,20.0
1,0.593,0.0324,0.0655,0.0655,0,0,0,0,0,0,0,19.444444444,20.0
1,0.564,0.0161,0.0501,0.0501,0,0,0,0,0,0,0,19.166666667,19.166666667
1,0.564,0.0161,0.0501,0.0501,0,0,0,0,0,0,0,19.166666667,19.166666667
1,0.564,0.0161,0.0501,0.0501,0,0,0,0,0,0,0,19.166666667,19.166666667
0.829,0.564,0.0161,0.0501,0.0501,0,0,0,0,0,0,0,19.166666667,19.166666667
0.75,0.564,0.0161,0.0501,0.0501,0,0,0,0,0,0,0,19.166666667,19.166666667
0.75,0.586,0.0241,0.0868,0.0868,0,0,0,0,0,0,0.0573,19.166666667,19.166666667
0.579,0.645,0.046,0.183,0.183,0,0,0,0,0,0,0.0915,19.166666667,19.166666667
0.5,0.674,0.065,0.23,0.23,0,0,0.132,0.183,0,0,0.0457,19.166666667,19.166666667
0.5,0.695,0.085,0.267,0.267,0.859,0.933,0.405,0.567,0.433,0,0,19.166666667,19.166666667
0.5,0.695,0.0941,0.26,0.26,0,0.117,0.355,0,0.617,0,0.0457,19.444444444,20.0
0.546,0.707,0.111,0.269,0.269,0,0,0.533,0,0,0,0.604,19.444444444,20.0
0.704,0.749,0.146,0.326,0.326,0,0,0.693,0,0,0,0.465,19.444444444,20.0
0.5,0.695,0.121,0.244,0.244,0,0,0.554,0,0,0.5,0.366,19.444444444,20.0
0.5,0.699,0.129,0.247,0.247,0,0,0.344,0,0,0,0.32,19.444444444,20.0
0.5,0.72,0.146,0.262,0.262,0,0,0.3,0,0,0,0.137,19.444444444,20.0
0.733,0.837,0.256,0.422,0.422,0,0,0,0,0,0.25,0.0915,19.444444444,20.0
0.921,0.954,0.4,0.663,0.663,0,0,0,0,0,0,0.276,19.444444444,20.0
0.938,0.972,0.552,0.843,0.843,0,0,0,0,0,0,0.0915,19.444444444,20.0
1,0.977,0.796,0.98,0.98,0,0,0,0,0,0,0.0915,19.444444444,20.0
1,0.916,0.893,0.863,0.863,0,0,0,0,0,0,0.104,19.444444444,20.0
1,0.779,0.625,0.557,0.557,0,0,0,0,0,0,0.154,19.444444444,20.0
1,0.659,0.239,0.306,0.306,0,0,0,0,0,0,0.193,19.444444444,20.0
1,0.564,0.0165,0.0501,0.0501,0,0,0,0,0,0,0,19.444444444,20.0
1,0.564,0.0184,0.0501,0.0501,0,0,0,0,0,0,0,19.444444444,20.0
1,0.564,0.0184,0.0501,0.0501,0,0,0,0,0,0,0,19.166666667,19.166666667
1,0.564,0.0184,0.0501,0.0501,0,0,0,0,0,0,0,19.166666667,19.166666667
1,0.564,0.0184,0.0501,0.0501,0,0,0,0,0,0,0,19.166666667,19.166666667
1,0.564,0.0184,0.0501,0.0501,0,0,0,0,0,0,0,19.166666667,19.166666667
1,0.59,0.0227,0.0768,0.0768,0,0,0,0,0,0,0,19.166666667,19.166666667
1,0.612,0.0316,0.131,0.131,0,0,0,0,0,0,0.137,19.166666667,19.166666667
0.954,0.625,0.045,0.151,0.151,0,0,0,0,0,0,0.137,19.166666667,19.166666667
0.75,0.641,0.073,0.177,0.177,0,0,0,0,0,0,0.475,19.166666667,19.166666667
0.658,0.683,0.123,0.248,0.248,0,0,0,0,0,0.25,0.135,19.166666667,19.166666667
0.25,0.629,0.0878,0.155,0.155,0,0,0,0,0,0,0.0457,19.444444444,20.0
0.296,0.641,0.11,0.169,0.169,0,0,0,0,0,0,0.0457,19.444444444,20.0
0.717,0.752,0.262,0.33,0.33,0,0,0,0,0,0,0.191,19.444444444,20.0
0.954,0.814,0.395,0.42,0.42,0,0,0,0,0,0,0.479,19.444444444,20.0
0.533,0.706,0.257,0.259,0.259,0,0,0,0,0,0,0.412,19.444444444,20.0
0.312,0.661,0.173,0.182,0.182,0,0,0,0,0,0,0.525,19.444444444,20.0
0.467,0.74,0.262,0.294,0.294,0,0,0,0,0,0,0.183,19.444444444,20.0
0.75,0.882,0.433,0.547,0.547,0,0,0,0,0,0.5,0.274,19.444444444,20.0
0.75,0.891,0.521,0.684,0.684,0,0,0,0,0,0,0.0457,19.444444444,20.0
0.75,0.873,0.668,0.747,0.747,0,0,0,0,0,0.5,0,19.444444444,20.0
0.75,0.753,0.522,0.487,0.487,0,0,0,0,0,0,0.198,19.444444444,20.0
0.75,0.708,0.442,0.388,0.388,0,0,0,0,0,0,0.065,19.444444444,20.0
0.858,0.684,0.309,0.352,0.352,0,0,0,0,0,0,0,19.444444444,20.0
1,0.627,0.109,0.124,0.124,0,0,0,0,0,0,0,19.444444444,20.0
1,0.6,0.0397,0.0666,0.0666,0,0,0,0,0,0,0,19.444444444,20.0
0.829,0.575,0.0215,0.0521,0.0521,0,0,0,0,0,0,0.278,19.166666667,19.166666667
0.642,0.573,0.0192,0.0501,0.0501,0,0,0,0,0,0,0,19.166666667,19.166666667
0.592,0.564,0.0184,0.0501,0.0501,0,0,0,0,0,0,0,19.166666667,19.166666667
1,0.564,0.0184,0.0501,0.0501,0,0,0,0,0,0,0,19.166666667,19.166666667
1,0.564,0.0184,0.0501,0.0501,0,0,0,0,0,0,0,19.166666667,19.166666667
1,0.564,0.0184,0.0501,0.0501,0,0,0,0,0,0,0,19.166666667,19.166666667
1,0.588,0.0336,0.0892,0.0892,0,0,0,0,0,0,0.27,19.166666667,19.166666667
1,0.707,0.117,0.284,0.284,0,0,0,0,0,0.183,0.184,19.166666667,19.166666667
1,0.773,0.207,0.395,0.395,0.111,0.183,0,0,0,0.317,0.304,19.166666667,19.166666667
0.658,0.737,0.2,0.327,0.327,0.719,0.867,0,0,0,0,0.357,19.444444444,20.0
0.267,0.634,0.0997,0.158,0.158,0,0,0,0,0,0,0.32,19.444444444,20.0
0.358,0.658,0.14,0.19,0.19,0,0,0,0,0,0,0.183,19.444444444,20.0
0.5,0.695,0.217,0.244,0.244,0.436,0.933,0,0,0,0,0.229,19.444444444,20.0
0.5,0.699,0.245,0.247,0.247,0.707,0.117,0.195,0.183,0,0,0.137,19.444444444,20.0
0.546,0.737,0.29,0.284,0.284,0.137,0,0.254,0.317,0.683,0,0.549,19.444444444,20.0
0.642,0.801,0.351,0.371,0.371,0,0,0,0,0.633,0,0.137,19.444444444,20.0
0.688,0.854,0.395,0.499,0.499,0,0,0,0,0,0.933,0.183,19.444444444,20.0
0.75,0.892,0.512,0.678,0.678,0,0,0,0,0,0.6,0.0457,19.444444444,20.0
0.733,0.866,0.654,0.732,0.732,0,0,0,0,0,0,0.25,19.444444444,20.0
0.75,0.839,0.749,0.684,0.684,0,0,0,0,0,0,0.0753,19.444444444,20.0
0.75,0.779,0.655,0.557,0.557,0,0,0,0,0,0,0.0704,19.444444444,20.0
0.75,0.688,0.318,0.363,0.363,0,0,0,0,0,0,0,19.444444444,20.0
0.858,0.661,0.146,0.156,0.156,0,0,0,0,0,0,0.138,19.444444444,20.0
1,0.598,0.0351,0.068,0.068,0,0,0,0,0,0,0.278,19.444444444,20.0
1,0.564,0.0161,0.0501,0.0501,0,0,0,0,0,0,0,19.166666667,19.166666667
1,0.564,0.0161,0.0501,0.0501,0,0,0,0,0,0,0,19.166666667,19.166666667
1,0.564,0.0161,0.0501,0.0501,0,0,0,0,0,0,0,19.166666667,19.166666667
1,0.579,0.0183,0.0551,0.0551,0,0,0,0,0,0,0,19.166666667,19.166666667
1,0.619,0.0297,0.105,0.105,0,0,0,0,0,0,0.193,19.166666667,19.166666667
0.892,0.707,0.0634,0.287,0.287,0,0,0,0,0,0.433,0.416,19.166666667,19.166666667
0.796,0.761,0.0902,0.373,0.373,0,0,0,0,0,0.25,0.398,19.166666667,19.166666667
0.829,0.782,0.111,0.405,0.405,0,0,0,0,0,1,0.574,19.166666667,19.166666667
0.75,0.761,0.119,0.376,0.376,0.256,0.683,0,0,0,0.0833,0.32,19.166666667,19.166666667
0.75,0.761,0.133,0.365,0.365,0.685,0.367,0,0,0,0,0.233,19.444444444,20.0
0.408,0.671,0.0863,0.215,0.215,0.276,0,0,0,0,0,0.137,19.444444444,20.0
0.358,0.658,0.0834,0.19,0.19,0,0,0,0,0,0,0.103,19.444444444,20.0
0.267,0.634,0.0719,0.154,0.154,0,0,0,0,0,0,0.274,19.444444444,20.0
0.296,0.645,0.0838,0.168,0.168,0,0,0,0,0,0.5,0.183,19.444444444,20.0
0.5,0.72,0.146,0.262,0.262,0,0,0,0,0,0,0.274,19.444444444,20.0
0.546,0.769,0.198,0.332,0.332,0,0,0,0,0,0,0.137,19.444444444,20.0
0.983,0.981,0.424,0.702,0.702,0,0,0,0,0,0,0.137,19.444444444,20.0
1,1,0.585,0.895,0.895,0,0,0,0,0,0,0.366,19.444444444,20.0
1,0.977,0.796,0.98,0.98,0,0,0,0,0,0,0.137,19.444444444,20.0
0.892,0.817,0.639,0.635,0.635,0,0,0,0,0,0,0.201,19.444444444,20.0
0.75,0.625,0.195,0.192,0.192,0,0,0,0,0,0,0,19.444444444,20.0
0.796,0.571,0.0261,0.0594,0.0594,0,0,0,0,0,0,0.138,19.444444444,20.0
1,0.577,0.0333,0.0661,0.0661,0,0,0,0,0,0,0,19.444444444,20.0
1,0.564,0.0161,0.0501,0.0501,0,0,0,0,0,0,0,19.444444444,20.0
1,0.564,0.0161,0.0501,0.0501,0,0,0,0,0,0,0,19.166666667,19.166666667
1,0.564,0.0161,0.0501,0.0501,0,0,0,0,0,0,0,19.166666667,19.166666667
1,0.57,0.0167,0.0504,0.0504,0,0,0,0,0,0,0.0967,19.166666667,19.166666667
1,0.6,0.02,0.0559,0.0559,0,0,0,0,0,0,0.148,19.166666667,19.166666667
1,0.61,0.0278,0.0988,0.0988,0,0,0,0,0,0,0.621,19.166666667,19.166666667
1,0.661,0.0483,0.212,0.212,0,0,0,0,0,0.433,0.167,19.166666667,19.166666667
1,0.729,0.0782,0.322,0.322,0,0,0,0,0,0.0667,0.103,19.166666667,19.166666667
0.829,0.671,0.0625,0.225,0.225,0.469,0.933,0,0,0,0,0.649,19.166666667,19.166666667
0.658,0.617,0.0436,0.139,0.139,0,0.383,0,0,0,0,0.398,19.166666667,19.166666667
0.358,0.592,0.0335,0.0952,0.0952,0,0,0,0,0,0,0.0457,19.444444444,20.0
0.5,0.629,0.0593,0.151,0.151,0,0,0,0,0,0.25,0.137,19.444444444,20.0
0.5,0.629,0.0626,0.148,0.148,0,0,0,0,0,0,0.229,19.444444444,20.0
0.5,0.629,0.0685,0.147,0.147,0.116,0.183,0,0,0,0,0.137,19.444444444,20.0
0.5,0.631,0.0724,0.149,0.149,0.682,0.867,0,0,0,0,0.183,19.444444444,20.0
0.546,0.658,0.0956,0.178,0.178,0.595,0,0,0,0,0,0.0457,19.444444444,20.0
0.75,0.75,0.18,0.303,0.303,0.405,0,0,0,0,0,0.0457,19.444444444,20.0
0.858,0.822,0.272,0.458,0.458,0.325,0.433,0,0,0,0.25,0.137,19.444444444,20.0
0.954,0.872,0.409,0.64,0.64,0.434,0.617,0,0,0,0,0.0915,19.444444444,20.0
0.796,0.788,0.449,0.555,0.555,0.652,0,0,0,0,0,0.155,19.444444444,20.0
1,0.815,0.646,0.629,0.629,0,0,0,0,0,0,0.156,19.444444444,20.0
1,0.731,0.492,0.443,0.443,0,0,0,0,0,0,0,19.444444444,20.0
0.954,0.627,0.165,0.221,0.221,0,0,0,0,0,0,0,19.444444444,20.0
0.75,0.564,0.0161,0.0501,0.0501,0,0,0,0,0,0,0,19.444444444,20.0
0.858,0.573,0.0211,0.0548,0.0548,0,0,0,0,0,0,0,19.444444444,20.0
1,0.564,0.0161,0.0501,0.0501,0,0,0,0,0,0,0,19.166666667,19.166666667
1,0.564,0.0161,0.0501,0.0501,0,0,0,0,0,0,0,19.166666667,19.166666667
1,0.564,0.0161,0.0501,0.0501,0,0,0,0,0,0,0,19.166666667,19.166666667
1,0.588,0.0191,0.0554,0.0554,0,0,0,0,0,0,0.12,19.166666667,19.166666667
1,0.61,0.0278,0.0988,0.0988,0,0,0,0,0,0,0.56,19.166666667,19.166666667
1,0.672,0.0523,0.23,0.23,0,0,0,0,0,0,0.518,19.166666667,19.166666667
0.829,0.706,0.0691,0.284,0.284,0,0,0,0,0,0,0.513,19.166666667,19.166666667
0.579,0.605,0.0337,0.118,0.118,0,0,0,0,0,0,0.147,19.166666667,19.166666667
0.5,0.588,0.0301,0.089,0.089,0,0,0,0,0,0,0,19.166666667,19.166666667
0.5,0.695,0.0941,0.26,0.26,0,0,0,0,0,0,0.0457,19.444444444,20.0
0.5,0.695,0.102,0.251,0.251,0,0,0,0,0,0,0.183,19.444444444,20.0
0.5,0.679,0.0977,0.221,0.221,0,0,0,0,0,0,0.0457,19.444444444,20.0
0.454,0.667,0.0978,0.202,0.202,0,0,0,0,0,0,0.137,19.444444444,20.0
0.483,0.694,0.125,0.241,0.241,0,0,0,0,0,0,0.366,19.444444444,20.0
0.454,0.704,0.132,0.24,0.24,0,0,0,0,0,0,0,19.444444444,20.0
0.717,0.831,0.251,0.414,0.414,0,0,0,0,0,0.433,0.183,19.444444444,20.0
0.921,0.954,0.4,0.663,0.663,0,0,0,0,0,0.0667,0.399,19.444444444,20.0
1,1,0.585,0.895,0.895,0,0,0,0,0,0,0.253,19.444444444,20.0
0.954,0.959,0.754,0.939,0.939,0.638,0.933,0.335,0.25,0.433,0,0,19.444444444,20.0
0.75,0.753,0.49,0.487,0.487,0.715,0.383,0,0,1,0,0,19.444444444,20.0
0.796,0.718,0.446,0.416,0.416,0.678,0,0,0,0.933,0,0.157,19.444444444,20.0
1,0.666,0.249,0.316,0.316,0.246,0,0,0,0,0,0.319,19.444444444,20.0
1,0.597,0.0605,0.0914,0.0914,0,0,0,0,0,0,0.229,19.444444444,20.0
1,0.564,0.0161,0.0501,0.0501,0,0,0,0,0,0,0,19.444444444,20.0
1,0.564,0.0161,0.0501,0.0501,0,0,0,0,0,0,0,19.166666667,19.166666667
1,0.564,0.0161,0.0501,0.0501,0,0,0,0,0,0,0,19.166666667,19.166666667
1,0.564,0.0161,0.0501,0.0501,0,0,0,0,0,0,0,19.166666667,19.166666667
1,0.564,0.0161,0.0501,0.0501,0,0,0,0,0,0,0,19.166666667,19.166666667
1,0.572,0.0188,0.0641,0.0641,0,0,0,0,0,0,0.0614,19.166666667,19.166666667
0.954,0.647,0.0436,0.187,0.187,0,0,0,0,0,0.183,0.563,19.166666667,19.166666667
0.579,0.657,0.0511,0.202,0.202,0,0,0,0,0,0.0667,0.277,19.166666667,19.166666667
0.5,0.695,0.0738,0.264,0.264,0,0,0,0,0,0,0.0457,19.166666667,19.166666667
0.5,0.695,0.085,0.267,0.267,0,0,0,0,0,0,0.274,19.166666667,19.166666667
0.392,0.667,0.0767,0.215,0.215,0,0,0,0,0,0,0.0627,19.444444444,20.0
0.296,0.641,0.0676,0.169,0.169,0,0,0,0,0,0.183,0.412,19.444444444,20.0
0.5,0.695,0.109,0.246,0.246,0,0,0,0,0,1,0.229,19.444444444,20.0
0.5,0.695,0.121,0.244,0.244,0,0,0,0,0,0.0833,0.0915,19.444444444,20.0
0.5,0.699,0.129,0.247,0.247,0,0,0,0,0,0,0.0457,19.444444444,20.0
0.608,0.739,0.162,0.288,0.288,0,0,0,0,0,0,0.137,19.444444444,20.0
0.704,0.795,0.219,0.363,0.363,0,0,0,0,0,0,0.183,19.444444444,20.0
0.608,0.822,0.272,0.458,0.458,0,0,0,0,0,0.25,0.0457,19.444444444,20.0
0.796,0.91,0.477,0.727,0.727,0,0,0.198,0.183,0,0,0.137,19.444444444,20.0
1,0.977,0.796,0.98,0.98,0,0,0.173,0.317,0.683,0,0.524,19.444444444,20.0
1,0.879,0.795,0.777,0.777,0,0,0,0,0.367,0,0,19.444444444,20.0
1,0.659,0.289,0.274,0.274,0,0,0,0,0,0,0,19.444444444,20.0
1,0.617,0.133,0.182,0.182,0,0,0,0,0,0,0,19.444444444,20.0
1,0.577,0.0333,0.0661,0.0661,0,0,0,0,0,0,0,19.444444444,20.0
1,0.564,0.0161,0.0501,0.0501,0,0,0,0,0,0,0,19.444444444,20.0
1,0.564,0.0161,0.0501,0.0501,0,0,0,0,0,0,0,19.166666667,19.166666667
1,0.564,0.0161,0.0501,0.0501,0,0,0,0,0,0,0,19.166666667,19.166666667
1,0.564,0.0161,0.0501,0.0501,0,0,0,0,0,0,0,19.166666667,19.166666667
1,0.564,0.0161,0.0501,0.0501,0,0,0,0,0,0,0,19.166666667,19.166666667
1,0.597,0.0269,0.106,0.106,0,0,0,0,0,0,0.239,19.166666667,19.166666667
1,0.759,0.0805,0.373,0.373,0,0,0,0,0,0,0.384,19.166666667,19.166666667
0.721,0.741,0.0815,0.341,0.341,0,0,0,0,0,0,0.315,19.166666667,19.166666667
0.5,0.695,0.0738,0.264,0.264,0,0,0,0,0,0,0.401,19.166666667,19.166666667
0.5,0.695,0.085,0.267,0.267,0,0,0,0,0,0.5,0.137,19.166666667,19.166666667
0.5,0.695,0.0941,0.26,0.26,0,0,0,0,0,0,0.274,19.444444444,20.0
0.5,0.695,0.102,0.251,0.251,0,0,0,0,0,0,0.279,19.444444444,20.0
0.733,0.756,0.153,0.337,0.337,0,0,0,0,0,0,0.171,19.444444444,20.0
0.75,0.761,0.173,0.341,0.341,0,0,0.38,0.5,0.433,0,0.474,19.444444444,20.0
0.75,0.766,0.185,0.346,0.346,0,0,0,0,0.35,0,0.313,19.444444444,20.0
0.75,0.798,0.212,0.368,0.368,0,0,0,0,0,0,0.0457,19.444444444,20.0
0.704,0.736,0.167,0.283,0.283,0,0,0,0,0,0,0.0915,19.444444444,20.0
0.608,0.716,0.168,0.293,0.293,0,0,0,0,0,0,0.32,19.444444444,20.0
0.704,0.837,0.367,0.575,0.575,0,0,0,0,0,0,0.159,19.444444444,20.0
0.904,0.936,0.724,0.89,0.89,0,0,0,0,0,0,0.271,19.444444444,20.0
1,0.916,0.893,0.863,0.863,0,0,0,0,0,0,0.0717,19.444444444,20.0
1,0.769,0.601,0.53,0.53,0,0,0,0,0,0.5,0.0457,19.444444444,20.0
1,0.655,0.23,0.296,0.296,0,0,0,0,0,0,0,19.444444444,20.0
1,0.564,0.0165,0.0501,0.0501,0,0,0,0,0,0,0,19.444444444,20.0
1,0.564,0.0184,0.0501,0.0501,0,0,0,0,0,0,0,19.444444444,20.0
1,0.564,0.0184,0.0501,0.0501,0,0,0,0,0,0,0,19.166666667,19.166666667
1,0.564,0.0184,0.0501,0.0501,0,0,0,0,0,0,0,19.166666667,19.166666667
1,0.564,0.0184,0.0501,0.0501,0,0,0,0,0,0,0,19.166666667,19.166666667
1,0.564,0.0184,0.0501,0.0501,0,0,0,0,0,0,0,19.166666667,19.166666667
1,0.572,0.0204,0.0641,0.0641,0,0,0,0,0,0,0.207,19.166666667,19.166666667
1,0.623,0.0359,0.149,0.149,0,0,0,0,0,0,0.436,19.166666667,19.166666667
1,0.687,0.0717,0.252,0.252,0,0,0.291,0.683,0,0,0.434,19.166666667,19.166666667
1,0.707,0.117,0.284,0.284,0,0,0.568,0.567,0.433,0,0.276,19.166666667,19.166666667
1,0.761,0.194,0.376,0.376,0,0,0.493,0,0.883,0,0.105,19.166666667,19.166666667
0.892,0.744,0.21,0.339,0.339,0,0,0.52,0,0,0,0.0457,19.444444444,20.0
0.75,0.761,0.247,0.352,0.352,0,0,0.347,0,0,0,0.274,19.444444444,20.0
0.75,0.761,0.27,0.343,0.343,0,0,0.394,0,0,0,0.183,19.444444444,20.0
0.75,0.761,0.316,0.341,0.341,0,0,0.405,0,0,0,0.137,19.444444444,20.0
0.75,0.766,0.358,0.346,0.346,0,0,0.439,0,0,0,0.0915,19.444444444,20.0
0.517,0.725,0.274,0.269,0.269,0,0,0.335,0,0,0.183,0.32,19.444444444,20.0
0.733,0.837,0.4,0.422,0.422,0,0,0.0881,0,0,0.0667,0.277,19.444444444,20.0
0.517,0.783,0.304,0.392,0.392,0,0,0,0,0,0.25,0.0457,19.444444444,20.0
0.546,0.801,0.392,0.516,0.516,0,0,0,0,0,0.183,0.461,19.444444444,20.0
0.75,0.856,0.622,0.707,0.707,0,0,0,0,0,0.317,0.137,19.444444444,20.0
0.75,0.747,0.506,0.473,0.473,0.74,0.933,0,0,0,0,0,19.444444444,20.0
0.75,0.708,0.442,0.388,0.388,0.211,0.117,0,0,0,0,0.183,19.444444444,20.0
0.75,0.62,0.155,0.193,0.193,0,0,0,0,0,0,0,19.444444444,20.0
0.858,0.614,0.0892,0.108,0.108,0,0,0,0,0,0,0,19.444444444,20.0
1,0.575,0.026,0.0561,0.0561,0,0,0,0,0,0,0,19.444444444,20.0
1,0.564,0.0184,0.0501,0.0501,0,0,0,0,0,0,0,19.166666667,19.166666667
1,0.564,0.0184,0.0501,0.0501,0,0,0,0,0,0,0,19.166666667,19.166666667
1,0.564,0.0184,0.0501,0.0501,0,0,0,0,0,0,0,19.166666667,19.166666667
1,0.564,0.0184,0.0501,0.0501,0,0,0,0,0,0,0,19.166666667,19.166666667
1,0.564,0.0184,0.0501,0.0501,0,0,0,0,0,0,0,19.166666667,19.166666667
0.829,0.564,0.0184,0.0501,0.0501,0,0,0,0,0,0,0,19.166666667,19.166666667
0.75,0.648,0.0569,0.189,0.189,0,0,0,0,0,0.683,0.182,19.166666667,19.166666667
0.75,0.707,0.117,0.284,0.284,0,0,0.185,0.683,0,0.267,0.684,19.166666667,19.166666667
0.75,0.761,0.194,0.376,0.376,0,0,0.436,0.0667,0.933,1,0.0457,19.166666667,19.166666667
0.75,0.761,0.227,0.365,0.365,0,0,0.41,0,0.383,0.0833,0.137,19.444444444,20.0
0.75,0.761,0.247,0.352,0.352,0,0,0.68,0,0,0.433,0.183,19.444444444,20.0
0.75,0.761,0.27,0.343,0.343,0,0,0.423,0,0,0.0667,0.137,19.444444444,20.0
0.75,0.761,0.316,0.341,0.341,0,0,0.207,0,0,0,0.229,19.444444444,20.0
0.75,0.766,0.358,0.346,0.346,0,0,0.432,0,0,0,0.366,19.444444444,20.0
0.579,0.744,0.305,0.295,0.295,0,0,0.402,0,0,0,0.366,19.444444444,20.0
0.267,0.663,0.157,0.185,0.185,0,0,0.389,0,0,0,0.0915,19.444444444,20.0
0.25,0.67,0.157,0.216,0.216,0,0,0.571,0,0,0,0.229,19.444444444,20.0
0.358,0.719,0.264,0.356,0.356,0,0,0.52,0,0,0,0.0457,19.444444444,20.0
0.779,0.884,0.699,0.772,0.772,0.449,0.433,0,0,0,0.183,0.0457,19.444444444,20.0
1,0.916,0.951,0.863,0.863,0.273,0.617,0,0,0,0.0667,0,19.444444444,20.0
1,0.779,0.655,0.557,0.557,0,0,0,0,0,0,0,19.444444444,20.0
1,0.688,0.318,0.363,0.363,0,0,0,0,0,0.183,0.166,19.444444444,20.0
1,0.644,0.127,0.14,0.14,0,0,0,0,0,0.0667,0.0542,19.444444444,20.0
1,0.602,0.0352,0.0679,0.0679,0,0,0,0,0,0,0,19.444444444,20.0
1,0.6,0.0227,0.0552,0.0552,0,0,0,0,0,0,0.0915,19.166666667,19.166666667
1,0.575,0.0167,0.0501,0.0501,0,0,0,0,0,0,0,19.166666667,19.166666667
1,0.564,0.0161,0.0501,0.0501,0,0,0,0,0,0,0,19.166666667,19.166666667
1,0.564,0.0161,0.0501,0.0501,0,0,0,0,0,0,0,19.166666667,19.166666667
1,0.617,0.0292,0.103,0.103,0,0,0,0,0,0,0.17,19.166666667,19.166666667
0.783,0.627,0.0369,0.155,0.155,0,0,0,0,0,0,0.178,19.166666667,19.166666667
0.5,0.668,0.0552,0.221,0.221,0,0,0.254,0.5,0.183,0,0.0457,19.166666667,19.166666667
0.5,0.695,0.0738,0.264,0.264,0,0,0.0852,0.183,0.333,0,0.137,19.166666667,19.166666667
0.5,0.695,0.085,0.267,0.267,0,0,0.526,0.567,0.433,0,0.191,19.166666667,19.166666667
0.5,0.695,0.0941,0.26,0.26,0,0,0.123,0,0.617,0,0.0457,19.444444444,20.0
0.5,0.695,0.102,0.251,0.251,0,0,0,0,0,0,0.412,19.444444444,20.0
0.5,0.695,0.109,0.246,0.246,0,0,0,0,0,0,0.0457,19.444444444,20.0
0.375,0.662,0.095,0.196,0.196,0,0,0,0,0,0,0.0457,19.444444444,20.0
0.562,0.715,0.143,0.272,0.272,0,0,0,0,0,0,0.287,19.444444444,20.0
0.5,0.72,0.146,0.262,0.262,0,0,0,0,0,0,0.133,19.444444444,20.0
0.608,0.791,0.217,0.362,0.362,0,0,0,0,0,0,0.229,19.444444444,20.0
0.921,0.954,0.4,0.663,0.663,0,0,0,0,0,0.25,0.241,19.444444444,20.0
1,1,0.585,0.895,0.895,0.161,0.183,0,0,0,0,0.359,19.444444444,20.0
1,0.977,0.796,0.98,0.98,0.491,0.867,0,0,0,0,0.238,19.444444444,20.0
1,0.807,0.621,0.612,0.612,0.72,0,0,0,0,0,0.0342,19.444444444,20.0
1,0.641,0.234,0.231,0.231,0,0,0,0,0,0,0,19.444444444,20.0
1,0.617,0.133,0.182,0.182,0,0,0,0,0,0,0,19.444444444,20.0
1,0.604,0.0642,0.0949,0.0949,0,0,0,0,0,0,0,19.444444444,20.0
1,0.575,0.0224,0.0561,0.0561,0,0,0,0,0,0,0,19.444444444,20.0
1,0.564,0.0161,0.0501,0.0501,0,0,0,0,0,0,0,19.166666667,19.166666667
1,0.564,0.0161,0.0501,0.0501,0,0,0,0,0,0,0,19.166666667,19.166666667
1,0.564,0.0161,0.0501,0.0501,0,0,0,0,0,0,0,19.166666667,19.166666667
1,0.57,0.0175,0.0548,0.0548,0,0,0,0,0,0,0.0925,19.166666667,19.166666667
1,0.628,0.0316,0.111,0.111,0,0,0,0,0,0,0.485,19.166666667,19.166666667
1,0.661,0.0483,0.212,0.212,0,0,0,0,0,0.183,0.531,19.166666667,19.166666667
0.954,0.675,0.057,0.233,0.233,0,0,0,0,0,0.0667,0.429,19.166666667,19.166666667
0.75,0.641,0.0511,0.177,0.177,0,0,0,0,0,0,0.0457,19.166666667,19.166666667
0.704,0.728,0.102,0.322,0.322,0,0,0,0,0,0,0.447,19.166666667,19.166666667
0.454,0.683,0.0863,0.242,0.242,0,0,0,0,0,0,0.0915,19.444444444,20.0
0.25,0.629,0.0593,0.151,0.151,0,0,0,0,0,0,0.183,19.444444444,20.0
0.25,0.629,0.0626,0.148,0.148,0,0,0,0,0,0,0.137,19.444444444,20.0
0.421,0.674,0.104,0.214,0.214,0,0,0,0,0,0,0.0457,19.444444444,20.0
0.608,0.729,0.154,0.291,0.291,0,0,0,0,0,0,0.137,19.444444444,20.0
0.858,0.834,0.241,0.416,0.416,0,0,0,0,0,0.25,0.0915,19.444444444,20.0
1,0.871,0.286,0.468,0.468,0,0,0,0,0,0,0.0915,19.444444444,20.0
0.767,0.783,0.23,0.392,0.392,0,0,0,0,0,0,0.0915,19.444444444,20.0
0.704,0.763,0.266,0.429,0.429,0,0,0,0,0,0,0.229,19.444444444,20.0
0.5,0.667,0.211,0.283,0.283,0,0,0,0,0,0,0,19.444444444,20.0
0.5,0.655,0.245,0.261,0.261,0,0,0,0,0,0,0.0457,19.444444444,20.0
0.5,0.625,0.195,0.192,0.192,0,0,0,0,0,0,0.0457,19.444444444,20.0
0.5,0.564,0.0161,0.0501,0.0501,0,0,0,0,0,0,0,19.444444444,20.0
0.546,0.57,0.0198,0.0536,0.0536,0,0,0,0,0,0,0,19.444444444,20.0
0.75,0.6,0.0338,0.0666,0.0666,0,0,0,0,0,0,0,19.444444444,20.0
0.75,0.593,0.0223,0.0552,0.0552,0,0,0,0,0,0,0,19.166666667,19.166666667
0.75,0.564,0.0161,0.0501,0.0501,0,0,0,0,0,0,0,19.166666667,19.166666667
0.75,0.573,0.0162,0.0501,0.0501,0,0,0,0,0,0,0.166,19.166666667,19.166666667
0.75,0.564,0.0161,0.0501,0.0501,0,0,0,0,0,0,0,19.166666667,19.166666667
0.75,0.564,0.0161,0.0501,0.0501,0,0,0,0,0,0,0,19.166666667,19.166666667
0.75,0.632,0.0389,0.163,0.163,0,0,0,0,0,0,0.688,19.166666667,19.166666667
0.704,0.675,0.057,0.233,0.233,0,0,0,0,0,0.433,0.443,19.166666667,19.166666667
0.5,0.629,0.0449,0.157,0.157,0,0,0,0,0,0.0667,0.161,19.166666667,19.166666667
0.5,0.641,0.0575,0.178,0.178,0,0,0,0,0,0,0.405,19.166666667,19.166666667
0.5,0.695,0.0941,0.26,0.26,0,0,0,0,0,0,0.529,19.444444444,20.0
0.329,0.65,0.0728,0.183,0.183,0.528,0.683,0,0,0,0.5,0,19.444444444,20.0
0.25,0.629,0.0626,0.148,0.148,0.275,0.633,0,0,0,0.25,0.137,19.444444444,20.0
0.25,0.629,0.0685,0.147,0.147,0,0,0,0,0,0,0.274,19.444444444,20.0
0.358,0.661,0.0976,0.192,0.192,0,0,0,0,0,0,0.0457,19.444444444,20.0
0.733,0.793,0.207,0.362,0.362,0,0,0,0,0,0.933,0.0915,19.444444444,20.0
0.875,0.888,0.301,0.49,0.49,0,0,0,0,0,1,0.108,19.444444444,20.0
0.796,0.902,0.351,0.585,0.585,0,0,0.283,0.5,0.183,0.117,0.549,19.444444444,20.0
1,1,0.585,0.895,0.895,0.514,0.683,0.681,0,0.6,0,0.0457,19.444444444,20.0
0.938,0.933,0.707,0.881,0.881,0.308,0.367,0.392,0,0,0,0.183,19.444444444,20.0
1,0.839,0.704,0.684,0.684,0,0,0.535,0,0,0,0,19.444444444,20.0
1,0.779,0.625,0.557,0.557,0,0,0.11,0,0,0,0.0722,19.444444444,20.0
1,0.716,0.357,0.438,0.438,0,0,0,0,0,0,0.309,19.444444444,20.0
1,0.617,0.0814,0.111,0.111,0,0,0,0,0,0,0,19.444444444,20.0
1,0.6,0.0338,0.0666,0.0666,0,0,0,0,0,0,0.164,19.444444444,20.0
0.829,0.575,0.0185,0.0521,0.0521,0,0,0,0,0,0,0.0519,19.166666667,19.166666667
0.75,0.564,0.0161,0.0501,0.0501,0,0,0,0,0,0,0,19.166666667,19.166666667
0.75,0.57,0.0167,0.0504,0.0504,0,0,0,0,0,0,0,19.166666667,19.166666667
0.75,0.6,0.02,0.0559,0.0559,0,0,0,0,0,0,0.0915,19.166666667,19.166666667
0.75,0.61,0.0278,0.0988,0.0988,0,0,0,0,0,0,0.483,19.166666667,19.166666667
0.704,0.65,0.0443,0.193,0.193,0,0,0,0,0,0,0.464,19.166666667,19.166666667
0.546,0.637,0.0442,0.171,0.171,0,0,0,0,0,0,0.0457,19.166666667,19.166666667
0.75,0.695,0.0738,0.264,0.264,0,0,0,0,0,0,0.345,19.166666667,19.166666667
0.642,0.667,0.0696,0.221,0.221,0,0,0,0,0,0,0.122,19.166666667,19.166666667
0.312,0.58,0.0265,0.0757,0.0757,0,0,0,0,0,0,0.203,19.444444444,20.0
0.5,0.629,0.0593,0.151,0.151,0,0,0,0,0,0,0.47,19.444444444,20.0
0.733,0.691,0.106,0.239,0.239,0,0,0,0,0,0,0.412,19.444444444,20.0
0.75,0.695,0.121,0.244,0.244,0,0,0,0,0,0,0.0915,19.444444444,20.0
0.688,0.682,0.115,0.223,0.223,0.144,0.183,0,0,0,0,0.137,19.444444444,20.0
0.704,0.72,0.146,0.262,0.262,0.558,0.867,0,0,0,0,0.0457,19.444444444,20.0
0.733,0.837,0.256,0.422,0.422,0.119,0.183,0,0,0,0.183,0.0915,19.444444444,20.0
0.858,0.928,0.376,0.624,0.624,0.513,0.867,0,0,0,1,0.503,19.444444444,20.0
1,1,0.585,0.895,0.895,0.59,0,0,0,0,0.0833,0.0457,19.444444444,20.0
1,0.95,0.749,0.921,0.921,0.472,0,0,0,0,0,0,19.444444444,20.0
1,0.869,0.777,0.753,0.753,0,0,0,0,0,0,0.208,19.444444444,20.0
1,0.769,0.601,0.53,0.53,0,0,0,0,0,0,0.251,19.444444444,20.0
1,0.662,0.24,0.306,0.306,0,0,0,0,0,0,0.125,19.444444444,20.0
1,0.583,0.037,0.0696,0.0696,0,0,0,0,0,0,0.107,19.444444444,20.0
1,0.6,0.0338,0.0666,0.0666,0,0,0,0,0,0,0,19.444444444,20.0
1,0.6,0.0227,0.0552,0.0552,0,0,0,0,0,0,0,19.166666667,19.166666667
1,0.566,0.0162,0.0501,0.0501,0,0,0,0,0,0,0,19.166666667,19.166666667
1,0.564,0.0161,0.0501,0.0501,0,0,0,0,0,0,0,19.166666667,19.166666667
1,0.597,0.0198,0.0558,0.0558,0,0,0,0,0,0,0.332,19.166666667,19.166666667
1,0.61,0.0278,0.0988,0.0988,0,0,0,0,0,0,0.113,19.166666667,19.166666667
1,0.672,0.0523,0.23,0.23,0,0,0,0,0,0,0.757,19.166666667,19.166666667
0.721,0.691,0.0636,0.259,0.259,0,0,0,0,0,0.25,0.262,19.166666667,19.166666667
0.5,0.695,0.0738,0.264,0.264,0,0,0,0,0,0.433,0.0457,19.166666667,19.166666667
0.5,0.695,0.085,0.267,0.267,0,0,0,0,0,1,0.229,19.166666667,19.166666667
0.283,0.638,0.0593,0.17,0.17,0,0,0,0,0,0.1,0.0457,19.444444444,20.0
0,0.564,0.0161,0.0501,0.0501,0,0,0,0,0,0,0,19.444444444,20.0
0.404,0.67,0.0917,0.208,0.208,0,0,0.511,0.5,0.433,0,0.229,19.444444444,20.0
0.608,0.724,0.144,0.286,0.286,0,0,0.361,0,0.617,0,0.32,19.444444444,20.0
0.642,0.736,0.16,0.303,0.303,0,0,0.36,0,0,0,0.229,19.444444444,20.0
0.5,0.72,0.146,0.262,0.262,0,0,0.536,0,0,0,0.395,19.444444444,20.0
0.329,0.685,0.123,0.215,0.215,0,0,0.178,0,0,0,0.311,19.444444444,20.0
0.388,0.73,0.192,0.329,0.329,0,0,0,0,0,0.183,0.288,19.444444444,20.0
0.829,0.926,0.485,0.749,0.749,0,0,0,0,0,1,0.266,19.444444444,20.0
0.75,0.873,0.601,0.747,0.747,0,0,0,0,0,0.0833,0.208,19.444444444,20.0
0.858,0.862,0.762,0.739,0.739,0.151,0.183,0,0,0,0,0.186,19.444444444,20.0
1,0.759,0.577,0.502,0.502,0.377,0.867,0,0,0,0,0,19.444444444,20.0
1,0.567,0.0248,0.0602,0.0602,0,0,0,0,0,0,0,19.444444444,20.0
1,0.564,0.0165,0.0501,0.0501,0,0,0,0,0,0,0,19.444444444,20.0
1,0.564,0.0184,0.0501,0.0501,0,0,0,0,0,0,0,19.444444444,20.0
1,0.564,0.0184,0.0501,0.0501,0,0,0,0,0,0,0,19.166666667,19.166666667
1,0.564,0.0184,0.0501,0.0501,0,0,0,0,0,0,0,19.166666667,19.166666667
1,0.564,0.0184,0.0501,0.0501,0,0,0,0,0,0,0,19.166666667,19.166666667
1,0.57,0.0192,0.0548,0.0548,0,0,0,0,0,0,0,19.166666667,19.166666667
1,0.602,0.0241,0.0848,0.0848,0,0,0,0,0,0,0.32,19.166666667,19.166666667
0.829,0.578,0.0219,0.0743,0.0743,0,0,0,0,0,0,0.0457,19.166666667,19.166666667
0.921,0.618,0.0453,0.139,0.139,0,0,0,0,0,0.5,0.384,19.166666667,19.166666667
1,0.719,0.128,0.304,0.304,0,0,0,0,0,0,0.328,19.166666667,19.166666667
1,0.827,0.253,0.485,0.485,0,0,0,0,0,0,0.0501,19.166666667,19.166666667
0.783,0.77,0.234,0.38,0.38,0,0,0,0,0,0,0.303,19.444444444,20.0
0.608,0.724,0.205,0.295,0.295,0,0,0,0,0,0.933,0.365,19.444444444,20.0
0.75,0.761,0.27,0.343,0.343,0,0,0,0,0,1,0.304,19.444444444,20.0
0.75,0.761,0.316,0.341,0.341,0,0,0,0,0,0.617,0.0457,19.444444444,20.0
0.75,0.766,0.358,0.346,0.346,0,0,0,0,0,0,0.137,19.444444444,20.0
0.75,0.798,0.39,0.368,0.368,0,0,0,0,0,0,0.0457,19.444444444,20.0
0.858,0.885,0.465,0.489,0.489,0,0,0,0,0,0,0.137,19.444444444,20.0
1,0.988,0.571,0.713,0.713,0,0,0,0,0,0,0.137,19.444444444,20.0
1,1,0.689,0.895,0.895,0,0,0,0,0,0,0.274,19.444444444,20.0
1,0.977,0.884,0.98,0.98,0,0,0,0,0,0,0.0457,19.444444444,20.0
1,0.93,0.993,0.895,0.895,0,0,0,0,0,0,0,19.444444444,20.0
1,0.841,0.84,0.699,0.699,0,0,0.376,0.683,0,0,0.199,19.444444444,20.0
0.954,0.68,0.307,0.353,0.353,0,0,0.461,0.0667,0.933,0,0.346,19.444444444,20.0
0.75,0.604,0.0736,0.0949,0.0949,0,0,0.469,0,0.117,0,0,19.444444444,20.0
0.75,0.6,0.0397,0.0666,0.0666,0,0,0.131,0,0,0,0.229,19.444444444,20.0
0.75,0.593,0.0263,0.0552,0.0552,0,0,0,0,0,0,0.0915,19.166666667,19.166666667
0.75,0.579,0.0193,0.0501,0.0501,0,0,0,0,0,0,0.173,19.166666667,19.166666667
0.796,0.593,0.0189,0.0501,0.0501,0,0,0,0,0,0.25,0.137,19.166666667,19.166666667
1,0.564,0.0184,0.0501,0.0501,0,0,0,0,0,0,0,19.166666667,19.166666667
1,0.564,0.0184,0.0501,0.0501,0,0,0,0,0,0,0,19.166666667,19.166666667
1,0.564,0.0184,0.0501,0.0501,0,0,0,0,0,0,0,19.166666667,19.166666667
1,0.588,0.0336,0.0892,0.0892,0,0,0,0,0,0,0.0457,19.166666667,19.166666667
1,0.74,0.138,0.337,0.337,0,0,0,0,0,0,0.0915,19.166666667,19.166666667
0.596,0.655,0.0986,0.201,0.201,0,0,0,0,0,0,0.0457,19.166666667,19.166666667
0.5,0.674,0.136,0.227,0.227,0,0,0,0,0,0,0.274,19.444444444,20.0
0.329,0.65,0.119,0.183,0.183,0,0,0,0,0,0,0.229,19.444444444,20.0
0.204,0.617,0.0846,0.13,0.13,0.447,0.933,0,0,0,0,0.229,19.444444444,20.0
0.0458,0.576,0.0387,0.068,0.068,0,0.383,0,0,0,0,0.0457,19.444444444,20.0
0.25,0.631,0.131,0.149,0.149,0,0,0,0,0,0,0.0457,19.444444444,20.0
0.204,0.625,0.119,0.134,0.134,0,0,0,0,0,0,0.183,19.444444444,20.0
0.808,0.866,0.439,0.465,0.465,0,0,0,0,0,0.683,0.242,19.444444444,20.0
1,0.988,0.571,0.713,0.713,0,0,0,0,0,0.267,0.421,19.444444444,20.0
1,1,0.689,0.895,0.895,0.745,0.933,0,0,0,0.0667,0.274,19.444444444,20.0
1,0.977,0.884,0.98,0.98,0.791,0.117,0,0,0,0,0.137,19.444444444,20.0
1,0.93,0.993,0.895,0.895,0,0,0.238,0.433,0,0,0,19.444444444,20.0
1,0.785,0.67,0.569,0.569,0,0,0,0.0667,0.783,0,0,19.444444444,20.0
1,0.674,0.283,0.325,0.325,0.715,0.933,0,0,0,0,0,19.444444444,20.0
1,0.644,0.127,0.14,0.14,0.142,0.383,0,0,0,0,0.259,19.444444444,20.0
1,0.629,0.0501,0.082,0.082,0,0,0,0,0,0,0.0457,19.444444444,20.0
1,0.575,0.0185,0.0521,0.0521,0,0,0,0,0,0,0,19.166666667,19.166666667
1,0.564,0.0161,0.0501,0.0501,0,0,0,0,0,0,0,19.166666667,19.166666667
1,0.564,0.0161,0.0501,0.0501,0,0,0,0,0,0,0,19.166666667,19.166666667
1,0.564,0.0161,0.0501,0.0501,0,0,0,0,0,0,0,19.166666667,19.166666667
1,0.564,0.0161,0.0501,0.0501,0,0,0,0,0,0,0,19.166666667,19.166666667
1,0.609,0.0315,0.125,0.125,0,0,0,0,0,0,0.295,19.166666667,19.166666667
0.954,0.687,0.0621,0.252,0.252,0,0,0,0,0,0,0.28,19.166666667,19.166666667
0.579,0.65,0.0537,0.191,0.191,0,0,0,0,0,0.683,0.229,19.166666667,19.166666667
0.454,0.662,0.0674,0.213,0.213,0,0,0,0,0,0.85,0.197,19.166666667,19.166666667
0.421,0.674,0.082,0.227,0.227,0,0,0,0,0,0,0.183,19.444444444,20.0
0.438,0.679,0.0918,0.226,0.226,0,0,0,0,0,0,0.274,19.444444444,20.0
0.438,0.667,0.0883,0.203,0.203,0,0,0,0,0,0,0.183,19.444444444,20.0
0.5,0.596,0.0426,0.0987,0.0987,0,0,0,0,0,0,0.229,19.444444444,20.0
0.5,0.601,0.0473,0.105,0.105,0,0,0,0,0,0,0.0457,19.444444444,20.0
0.5,0.634,0.0759,0.146,0.146,0,0,0,0,0,0,0.0457,19.444444444,20.0
0.671,0.814,0.237,0.392,0.392,0,0,0,0,0,0,0.366,19.444444444,20.0
0.517,0.783,0.23,0.392,0.392,0,0,0,0,0,0,0.175,19.444444444,20.0
0.438,0.754,0.268,0.421,0.421,0,0,0,0,0,0,0.412,19.444444444,20.0
0.5,0.77,0.406,0.515,0.515,0,0,0,0,0,0,0.137,19.444444444,20.0
0.608,0.785,0.573,0.559,0.559,0,0,0,0,0,0,0,19.444444444,20.0
0.75,0.769,0.601,0.53,0.53,0.107,0.183,0,0,0,0,0,19.444444444,20.0
0.858,0.67,0.25,0.315,0.315,0.425,0.867,0,0,0,0,0.208,19.444444444,20.0
1,0.6,0.0641,0.0948,0.0948,0,0,0,0,0,0,0,19.444444444,20.0
1,0.564,0.0161,0.0501,0.0501,0,0,0,0,0,0,0,19.444444444,20.0
1,0.564,0.0161,0.0501,0.0501,0,0,0,0,0,0,0,19.166666667,19.166666667
1,0.564,0.0161,0.0501,0.0501,0,0,0,0,0,0,0,19.166666667,19.166666667
1,0.564,0.0161,0.0501,0.0501,0,0,0,0,0,0,0,19.166666667,19.166666667
1,0.57,0.0175,0.0548,0.0548,0,0,0,0,0,0,0,19.166666667,19.166666667
0.829,0.61,0.0278,0.0988,0.0988,0,0,0,0,0,0,0.161,19.166666667,19.166666667
0.858,0.684,0.056,0.249,0.249,0,0,0,0,0,0,0.557,19.166666667,19.166666667
0.783,0.737,0.08,0.334,0.334,0.0938,0.183,0,0,0,0,0.2,19.166666667,19.166666667
0.5,0.695,0.0738,0.264,0.264,0.844,1,0,0,0,0,0.475,19.166666667,19.166666667
0.267,0.634,0.0528,0.166,0.166,0.168,0.133,0,0,0,0,0.544,19.166666667,19.166666667
0.25,0.629,0.0551,0.155,0.155,0,0,0,0,0,0,0.0733,19.444444444,20.0
0.25,0.629,0.0593,0.151,0.151,0,0,0,0,0,0,0.452,19.444444444,20.0
0.483,0.691,0.106,0.239,0.239,0,0,0,0,0,0.5,0.229,19.444444444,20.0
0.5,0.683,0.111,0.226,0.226,0,0,0,0,0,0,0.0915,19.444444444,20.0
0.5,0.645,0.0838,0.168,0.168,0,0,0,0,0,0,0.0915,19.444444444,20.0
0.5,0.72,0.146,0.262,0.262,0,0,0,0,0,0.5,0.137,19.444444444,20.0
0.779,0.856,0.274,0.451,0.451,0,0,0,0,0,0,0.366,19.444444444,20.0
1,0.988,0.431,0.713,0.713,0,0,0,0,0,0,0.0457,19.444444444,20.0
1,0.981,0.551,0.852,0.852,0,0,0,0,0,0,0.137,19.444444444,20.0
1,0.873,0.601,0.747,0.747,0,0,0,0,0,0,0.0457,19.444444444,20.0
1,0.839,0.704,0.684,0.684,0,0,0,0,0,0,0,19.444444444,20.0
1,0.731,0.492,0.443,0.443,0,0,0,0,0,0,0,19.444444444,20.0
1,0.627,0.165,0.221,0.221,0,0,0,0,0,0,0,19.444444444,20.0
1,0.564,0.0161,0.0501,0.0501,0,0,0,0,0,0,0,19.444444444,20.0
1,0.564,0.0161,0.0501,0.0501,0,0,0,0,0,0,0,19.444444444,20.0
1,0.564,0.0161,0.0501,0.0501,0,0,0,0,0,0,0,19.166666667,19.166666667
1,0.564,0.0161,0.0501,0.0501,0,0,0,0,0,0,0,19.166666667,19.166666667
1,0.577,0.0172,0.0506,0.0506,0,0,0,0,0,0.183,0,19.166666667,19.166666667
1,0.602,0.0203,0.0559,0.0559,0,0,0,0,0,0.583,0.285,19.166666667,19.166666667
0.954,0.602,0.0251,0.0848,0.0848,0,0,0,0,0,0,0.0939,19.166666667,19.166666667
0.75,0.646,0.0439,0.187,0.187,0,0,0,0,0,0,0.24,19.166666667,19.166666667
0.596,0.709,0.0694,0.29,0.29,0,0,0,0,0,0,0.367,19.166666667,19.166666667
0.421,0.674,0.065,0.23,0.23,0,0,0,0,0,0,0.229,19.166666667,19.166666667
0.562,0.711,0.0934,0.295,0.295,0,0,0,0,0,0,0.457,19.166666667,19.166666667
0.5,0.695,0.0941,0.26,0.26,0,0,0,0,0,0,0.355,19.444444444,20.0
0.546,0.707,0.111,0.269,0.269,0,0,0,0,0,0,0.292,19.444444444,20.0
0.688,0.744,0.144,0.319,0.319,0,0,0,0,0,0,0.491,19.444444444,20.0
0.75,0.761,0.173,0.341,0.341,0,0,0,0,0,0,0.229,19.444444444,20.0
0.75,0.766,0.185,0.346,0.346,0,0,0,0,0,0.183,0,19.444444444,20.0
0.75,0.798,0.212,0.368,0.368,0,0,0,0,0,1,0.575,19.444444444,20.0
0.642,0.801,0.224,0.371,0.371,0,0,0,0,0,0.0833,0.344,19.444444444,20.0
0.842,0.921,0.369,0.614,0.614,0,0,0,0,0,0.25,0.16,19.444444444,20.0
1,1,0.585,0.895,0.895,0,0,0,0,0,0,0.0591,19.444444444,20.0
1,0.977,0.796,0.98,0.98,0,0,0,0,0,0,0,19.444444444,20.0
1,0.93,0.933,0.895,0.895,0,0,0,0,0,0,0,19.444444444,20.0
1,0.841,0.804,0.699,0.699,0,0,0,0,0,0,0,19.444444444,20.0
1,0.688,0.291,0.363,0.363,0,0,0,0,0,0,0,19.444444444,20.0
1,0.62,0.0913,0.12,0.12,0,0,0,0,0,0,0,19.444444444,20.0
1,0.564,0.0161,0.0501,0.0501,0,0,0,0,0,0,0,19.444444444,20.0
1,0.564,0.0161,0.0501,0.0501,0,0,0,0,0,0,0,19.166666667,19.166666667
1,0.57,0.0162,0.0501,0.0501,0,0,0,0,0,0.183,0.0457,19.166666667,19.166666667
1,0.593,0.0165,0.0501,0.0501,0,0,0,0,0,0.0667,0.0457,19.166666667,19.166666667
1,0.57,0.0175,0.0548,0.0548,0,0,0,0,0,0,0,19.166666667,19.166666667
1,0.619,0.0297,0.105,0.105,0,0,0,0,0,0,0.441,19.166666667,19.166666667
0.767,0.65,0.0446,0.192,0.192,0,0,0.0764,0.183,0,0.25,0.508,19.166666667,19.166666667
0.642,0.66,0.0515,0.208,0.208,0,0,0.673,0.567,0.433,0,0.6,19.166666667,19.166666667
0.329,0.629,0.0449,0.157,0.157,0,0,0,0,0.617,0,0.412,19.166666667,19.166666667
0.483,0.691,0.0828,0.26,0.26,0,0,0,0,0,0,0.274,19.166666667,19.166666667
0.5,0.695,0.0941,0.26,0.26,0,0,0,0,0,0,0.186,19.444444444,20.0
0.5,0.695,0.102,0.251,0.251,0,0,0,0,0,0,0.137,19.444444444,20.0
0.5,0.695,0.109,0.246,0.246,0,0,0,0,0,0,0.0457,19.444444444,20.0
0.5,0.695,0.121,0.244,0.244,0,0,0,0,0,0,0.324,19.444444444,20.0
0.5,0.668,0.104,0.204,0.204,0,0,0,0,0,0,0.253,19.444444444,20.0
0.454,0.625,0.0669,0.134,0.134,0,0,0,0,0,0,0.0915,19.444444444,20.0
0.25,0.564,0.0161,0.0501,0.0501,0,0,0,0,0,0,0,19.444444444,20.0
0.296,0.584,0.0403,0.0878,0.0878,0,0,0,0,0,0,0.0457,19.444444444,20.0
0.733,0.774,0.292,0.459,0.459,0,0,0,0,0,0,0.0645,19.444444444,20.0
0.75,0.77,0.406,0.515,0.515,0,0,0,0,0,0,0,19.444444444,20.0
0.75,0.761,0.515,0.504,0.504,0,0,0,0,0,0.933,0.251,19.444444444,20.0
0.75,0.74,0.522,0.459,0.459,0,0,0,0,0,0.333,0.158,19.444444444,20.0
0.921,0.581,0.0576,0.0978,0.0978,0,0,0,0,0,0,0,19.444444444,20.0
1,0.564,0.0161,0.0501,0.0501,0,0,0,0,0,0,0,19.444444444,20.0
1,0.564,0.0161,0.0501,0.0501,0,0,0,0,0,0,0,19.444444444,20.0
1,0.564,0.0161,0.0501,0.0501,0,0,0,0,0,0,0,19.166666667,19.166666667
1,0.564,0.0161,0.0501,0.0501,0,0,0,0,0,0,0,19.166666667,19.166666667
1,0.564,0.0161,0.0501,0.0501,0,0,0,0,0,0,0,19.166666667,19.166666667
1,0.57,0.0175,0.0548,0.0548,0,0,0,0,0,0,0.214,19.166666667,19.166666667
1,0.61,0.0278,0.0988,0.0988,0,0,0,0,0,0,0.582,19.166666667,19.166666667
1,0.672,0.0523,0.23,0.23,0,0,0,0,0,0.183,0.653,19.166666667,19.166666667
0.658,0.664,0.053,0.215,0.215,0,0,0,0,0,0.0667,0.417,19.166666667,19.166666667
0.267,0.568,0.0179,0.0572,0.0572,0,0,0,0,0,0,0,19.166666667,19.166666667
0.483,0.625,0.0483,0.151,0.151,0.729,0.933,0.364,0.25,0.433,0,0.0915,19.166666667,19.166666667
0.5,0.629,0.0551,0.155,0.155,0.218,0.117,0.41,0,0.617,0,0,19.444444444,20.0
0.5,0.629,0.0593,0.151,0.151,0,0,0.618,0,0,0,0.0457,19.444444444,20.0
0.5,0.629,0.0626,0.148,0.148,0,0,0.216,0,0,0,0.229,19.444444444,20.0
0.5,0.629,0.0685,0.147,0.147,0,0,0.468,0,0,0,0.0457,19.444444444,20.0
0.625,0.631,0.0724,0.149,0.149,0,0,0.476,0,0,0,0,19.444444444,20.0
0.5,0.658,0.0956,0.178,0.178,0,0,0.57,0,0,0,0.32,19.444444444,20.0
0.779,0.837,0.256,0.422,0.422,0,0,0.445,0,0,0,0.32,19.444444444,20.0
1,0.882,0.327,0.547,0.547,0,0,0.461,0,0,0,0.366,19.444444444,20.0
0.954,0.872,0.409,0.64,0.64,0.452,0.433,0.791,0,0,0,0.32,19.444444444,20.0
0.796,0.788,0.449,0.555,0.555,0.355,0.617,0.52,0,0,0,0.206,19.444444444,20.0
1,0.825,0.664,0.652,0.652,0,0,0.515,0,0,0,0.139,19.444444444,20.0
1,0.678,0.343,0.317,0.317,0,0,0.283,0,0,0,0,19.444444444,20.0
1,0.617,0.133,0.182,0.182,0,0,0.225,0,0,0,0.274,19.444444444,20.0
1,0.566,0.0201,0.0535,0.0535,0,0,0,0,0,0,0,19.444444444,20.0
1,0.564,0.0184,0.0501,0.0501,0,0,0,0,0,0,0,19.444444444,20.0
1,0.564,0.0184,0.0501,0.0501,0,0,0,0,0,0,0,19.166666667,19.166666667
1,0.564,0.0184,0.0501,0.0501,0,0,0,0,0,0,0,19.166666667,19.166666667
1,0.564,0.0184,0.0501,0.0501,0,0,0,0,0,0,0,19.166666667,19.166666667
1,0.564,0.0184,0.0501,0.0501,0,0,0,0,0,0,0,19.166666667,19.166666667
1,0.59,0.0227,0.0768,0.0768,0,0,0,0,0,0,0.162,19.166666667,19.166666667
1,0.623,0.0359,0.149,0.149,0,0,0,0,0,0,0.593,19.166666667,19.166666667
1,0.699,0.0793,0.272,0.272,0,0,0,0,0,0,0.357,19.166666667,19.166666667
1,0.773,0.161,0.391,0.391,0,0,0,0,0,0,0.333,19.166666667,19.166666667
0.954,0.814,0.24,0.465,0.465,0,0,0,0,0,0,0.722,19.166666667,19.166666667
0.75,0.761,0.227,0.365,0.365,0,0,0,0,0,0,0.259,19.444444444,20.0
0.75,0.761,0.247,0.352,0.352,0,0,0,0,0,0.183,0.244,19.444444444,20.0
0.938,0.81,0.331,0.417,0.417,0,0,0,0,0,0.317,0.0915,19.444444444,20.0
0.642,0.732,0.272,0.299,0.299,0,0,0,0,0,0,0.0457,19.444444444,20.0
0.671,0.745,0.322,0.315,0.315,0,0,0,0,0,0,0.229,19.444444444,20.0
0.75,0.798,0.39,0.368,0.368,0,0,0,0,0,0,0.0457,19.444444444,20.0
0.75,0.843,0.408,0.43,0.43,0.0955,0.183,0,0,0,0,0.229,19.444444444,20.0
0.75,0.882,0.433,0.547,0.547,0.635,1,0,0,0,0,0.0915,19.444444444,20.0
0.983,0.918,0.561,0.735,0.735,0,0.133,0,0,0,0,0.0915,19.444444444,20.0
1,0.873,0.668,0.747,0.747,0,0,0,0,0,0,0,19.444444444,20.0
1,0.852,0.791,0.716,0.716,0,0,0,0,0,0,0.174,19.444444444,20.0
1,0.851,0.867,0.726,0.726,0,0,0,0,0,0,0,19.444444444,20.0
1,0.727,0.41,0.457,0.457,0,0,0,0,0,0,0,19.444444444,20.0
1,0.64,0.129,0.14,0.14,0,0,0,0,0,0,0,19.444444444,20.0
1,0.593,0.038,0.0655,0.0655,0,0,0,0,0,0,0,19.444444444,20.0
1,0.564,0.0184,0.0501,0.0501,0,0,0,0,0,0,0,19.166666667,19.166666667
1,0.564,0.0184,0.0501,0.0501,0,0,0,0,0,0,0,19.166666667,19.166666667
1,0.564,0.0184,0.0501,0.0501,0,0,0,0,0,0,0,19.166666667,19.166666667
1,0.564,0.0184,0.0501,0.0501,0,0,0,0,0,0,0,19.166666667,19.166666667
1,0.564,0.0184,0.0501,0.0501,0,0,0,0,0,0,0,19.166666667,19.166666667
1,0.586,0.0254,0.0876,0.0876,0,0,0,0,0,0,0.148,19.166666667,19.166666667
1,0.637,0.0526,0.171,0.171,0,0,0,0,0,0,0.299,19.166666667,19.166666667
0.767,0.646,0.0757,0.184,0.184,0,0,0,0,0,0,0.482,19.166666667,19.166666667
0.75,0.695,0.135,0.267,0.267,0,0,0,0,0,0,0.738,19.166666667,19.166666667
0.579,0.695,0.157,0.26,0.26,0,0,0,0,0,0,0.234,19.444444444,20.0
0.5,0.695,0.171,0.251,0.251,0,0,0,0,0,0,0.0915,19.444444444,20.0
0.5,0.695,0.186,0.246,0.246,0,0,0,0,0,0,0.0915,19.444444444,20.0
0.5,0.695,0.217,0.244,0.244,0,0,0,0,0,0,0.274,19.444444444,20.0
0.5,0.699,0.245,0.247,0.247,0,0,0,0,0,0,0.32,19.444444444,20.0
0.671,0.774,0.351,0.336,0.336,0,0,0,0,0,0.25,0.137,19.444444444,20.0
0.75,0.843,0.408,0.43,0.43,0,0,0,0,0,0,0.602,19.444444444,20.0
0.858,0.882,0.433,0.547,0.547,0,0,0,0,0,0,0.225,19.444444444,20.0
1,0.891,0.521,0.684,0.684,0,0,0,0,0,0,0.713,19.444444444,20.0
1,0.873,0.668,0.747,0.747,0.194,0.183,0,0,0,0,0.14,19.444444444,20.0
1,0.839,0.749,0.684,0.684,0.588,1,0,0,0,0,0.104,19.444444444,20.0
0.812,0.675,0.344,0.313,0.313,0.419,0.133,0,0,0,0,0,19.444444444,20.0
1,0.67,0.273,0.315,0.315,0.581,0,0,0,0,0,0,19.444444444,20.0
1,0.617,0.0922,0.111,0.111,0.677,0,0,0,0,0,0.0457,19.444444444,20.0
1,0.593,0.0324,0.0655,0.0655,0,0,0,0,0,0,0,19.444444444,20.0
1,0.564,0.0161,0.0501,0.0501,0,0,0,0,0,0,0,19.166666667,19.166666667
1,0.564,0.0161,0.0501,0.0501,0,0,0,0,0,0,0,19.166666667,19.166666667
1,0.57,0.0167,0.0504,0.0504,0,0,0,0,0,0,0.124,19.166666667,19.166666667
0.892,0.584,0.0179,0.0509,0.0509,0,0,0,0,0,0,0.137,19.166666667,19.166666667
0.75,0.572,0.0188,0.0641,0.0641,0,0,0,0,0,0,0.296,19.166666667,19.166666667
0.75,0.612,0.0322,0.131,0.131,0,0,0,0,0,0,0.219,19.166666667,19.166666667
0.75,0.649,0.0493,0.19,0.19,0,0,0,0,0,0.183,0.221,19.166666667,19.166666667
0.75,0.761,0.103,0.371,0.371,0,0,0,0,0,0.583,0.753,19.166666667,19.166666667
0.642,0.732,0.104,0.329,0.329,0,0,0,0,0,0,0.507,19.166666667,19.166666667
0.5,0.695,0.0941,0.26,0.26,0,0,0,0,0,0,0,19.444444444,20.0
0.5,0.695,0.102,0.251,0.251,0,0,0,0,0,0,0.0915,19.444444444,20.0
0.5,0.695,0.109,0.246,0.246,0,0,0,0,0,0,0.183,19.444444444,20.0
0.5,0.695,0.121,0.244,0.244,0,0,0,0,0,0,0.229,19.444444444,20.0
0.5,0.699,0.129,0.247,0.247,0.102,0.183,0.123,0.183,0,0,0.229,19.444444444,20.0
0.5,0.72,0.146,0.262,0.262,0.487,0.867,0.549,0.317,0.683,0,0.274,19.444444444,20.0
0.608,0.791,0.217,0.362,0.362,0.631,0,0.245,0,0.1,0.183,0.0915,19.444444444,20.0
0.75,0.882,0.327,0.547,0.547,0.792,0,0,0,0,0.583,0.229,19.444444444,20.0
0.938,0.973,0.542,0.838,0.838,0.563,0,0,0,0,0,0,19.444444444,20.0
0.921,0.943,0.737,0.905,0.905,0.0821,0,0,0,0,0,0.194,19.444444444,20.0
1,0.93,0.933,0.895,0.895,0,0,0,0,0,0,0.542,19.444444444,20.0
1,0.841,0.804,0.699,0.699,0,0,0,0,0,0,0.199,19.444444444,20.0
1,0.631,0.173,0.231,0.231,0,0,0,0,0,0,0,19.444444444,20.0
1,0.564,0.0161,0.0501,0.0501,0,0,0,0,0,0,0,19.444444444,20.0
1,0.564,0.0161,0.0501,0.0501,0,0,0,0,0,0,0,19.444444444,20.0
1,0.564,0.0161,0.0501,0.0501,0,0,0,0,0,0,0,19.166666667,19.166666667
1,0.564,0.0161,0.0501,0.0501,0,0,0,0,0,0,0,19.166666667,19.166666667
1,0.564,0.0161,0.0501,0.0501,0,0,0,0,0,0,0,19.166666667,19.166666667
1,0.57,0.0175,0.0548,0.0548,0,0,0,0,0,0,0.136,19.166666667,19.166666667
1,0.637,0.0335,0.118,0.118,0,0,0,0,0,0,0.361,19.166666667,19.166666667
1,0.695,0.0597,0.268,0.268,0,0,0,0,0,0,0.365,19.166666667,19.166666667
0.767,0.691,0.0636,0.259,0.259,0.196,0.183,0,0,0,0,0.409,19.166666667,19.166666667
0.579,0.662,0.0599,0.211,0.211,0.529,0.867,0,0,0,0,0.503,19.166666667,19.166666667
0.5,0.695,0.085,0.267,0.267,0.611,0,0.223,0.5,0.183,0,0.366,19.166666667,19.166666667
0.5,0.695,0.0941,0.26,0.26,0,0,0.517,0,0.867,0,0.0915,19.444444444,20.0
0.5,0.695,0.102,0.251,0.251,0,0,0.562,0,0,0,0.229,19.444444444,20.0
0.5,0.695,0.109,0.246,0.246,0,0,0.834,0,0,0,0,19.444444444,20.0
0.5,0.65,0.0849,0.178,0.178,0,0,0.608,0,0,0,0.229,19.444444444,20.0
0.5,0.631,0.0724,0.149,0.149,0,0,0.511,0,0,0,0.229,19.444444444,20.0
0.546,0.658,0.0956,0.178,0.178,0,0,0.505,0,0,0,0.0915,19.444444444,20.0
0.796,0.788,0.215,0.361,0.361,0,0,0,0,0,0.25,0.282,19.444444444,20.0
1,0.988,0.431,0.713,0.713,0,0,0,0,0,0,0.0915,19.444444444,20.0
1,1,0.585,0.895,0.895,0,0,0,0,0,0,0.0915,19.444444444,20.0
1,0.977,0.796,0.98,0.98,0,0,0,0,0,0,0.183,19.444444444,20.0
1,0.93,0.933,0.895,0.895,0,0,0,0,0,0,0.166,19.444444444,20.0
1,0.831,0.78,0.671,0.671,0,0,0,0,0,0,0.216,19.444444444,20.0
1,0.627,0.165,0.221,0.221,0,0,0,0,0,0,0.092,19.444444444,20.0
1,0.564,0.0161,0.0501,0.0501,0,0,0,0,0,0,0,19.444444444,20.0
1,0.564,0.0161,0.0501,0.0501,0,0,0,0,0,0,0,19.444444444,20.0
1,0.564,0.0161,0.0501,0.0501,0,0,0,0,0,0,0,19.166666667,19.166666667
1,0.57,0.0162,0.0501,0.0501,0,0,0,0,0,0,0.121,19.166666667,19.166666667
0.812,0.566,0.0161,0.0501,0.0501,0,0,0,0,0,0,0,19.166666667,19.166666667
1,0.564,0.0161,0.0501,0.0501,0,0,0,0,0,0,0,19.166666667,19.166666667
0.954,0.59,0.0226,0.0768,0.0768,0,0,0,0,0,0,0.289,19.166666667,19.166666667
0.579,0.612,0.0322,0.131,0.131,0,0,0,0,0,0,0.163,19.166666667,19.166666667
0.5,0.637,0.0442,0.171,0.171,0,0,0,0,0,0,0.169,19.166666667,19.166666667
0.5,0.695,0.0738,0.264,0.264,0,0,0,0,0,0,0.0915,19.166666667,19.166666667
0.5,0.695,0.085,0.267,0.267,0,0,0,0,0,0,0.137,19.166666667,19.166666667
0.5,0.695,0.0941,0.26,0.26,0,0,0,0,0,0,0.229,19.444444444,20.0
0.5,0.695,0.102,0.251,0.251,0,0,0,0,0,0,0.0457,19.444444444,20.0
0.5,0.695,0.109,0.246,0.246,0,0,0,0,0,0,0,19.444444444,20.0
0.5,0.695,0.121,0.244,0.244,0,0,0,0,0,0,0.467,19.444444444,20.0
0.329,0.652,0.0899,0.18,0.18,0,0,0,0,0,0,0.32,19.444444444,20.0
0.467,0.713,0.141,0.252,0.252,0,0,0,0,0,0.683,0.32,19.444444444,20.0
0.983,0.93,0.338,0.549,0.549,0,0,0,0,0,0.333,0.0457,19.444444444,20.0
0.767,0.889,0.334,0.558,0.558,0,0,0,0,0,0,0.0457,19.444444444,20.0
0.75,0.891,0.443,0.684,0.684,0,0,0,0,0,0,0.0486,19.444444444,20.0
0.858,0.917,0.69,0.846,0.846,0.437,0.433,0,0,0,0,0.156,19.444444444,20.0
1,0.869,0.777,0.753,0.753,0.317,0.883,0,0,0,0,0.297,19.444444444,20.0
1,0.788,0.656,0.573,0.573,0,0,0,0,0,0.433,0.0457,19.444444444,20.0
1,0.655,0.23,0.296,0.296,0,0,0,0,0,0.0667,0,19.444444444,20.0
1,0.564,0.0161,0.0501,0.0501,0,0,0,0,0,0,0,19.444444444,20.0
0.954,0.564,0.0222,0.0569,0.0569,0,0,0,0,0,0,0.118,19.444444444,20.0
1,0.564,0.0161,0.0501,0.0501,0,0,0,0,0,0,0,19.166666667,19.166666667
1,0.564,0.0161,0.0501,0.0501,0,0,0,0,0,0,0,19.166666667,19.166666667
1,0.564,0.0161,0.0501,0.0501,0,0,0,0,0,0,0,19.166666667,19.166666667
1,0.564,0.0161,0.0501,0.0501,0,0,0,0,0,0,0,19.166666667,19.166666667
1,0.563,0.0201,0.0668,0.0668,0,0,0,0,0,0,0.0915,19.166666667,19.166666667
0.892,0.57,0.0277,0.121,0.121,0,0,0,0,0,0,0.139,19.166666667,19.166666667
0.517,0.564,0.0169,0.0551,0.0551,0,0,0,0,0,0,0,19.166666667,19.166666667
0.5,0.584,0.0376,0.145,0.145,0,0,0,0,0,0,0.196,19.166666667,19.166666667
0.267,0.586,0.0438,0.153,0.153,0,0,0,0,0,0,0.183,19.166666667,19.166666667
0.25,0.586,0.0477,0.15,0.15,0,0,0,0,0,0,0.412,19.444444444,20.0
0.312,0.592,0.0605,0.169,0.169,0,0,0,0,0,0,0.137,19.444444444,20.0
0.483,0.607,0.0893,0.228,0.228,0,0,0,0,0,0,0.229,19.444444444,20.0
0.438,0.603,0.0915,0.21,0.21,0.394,0.433,0,0,0,0,0,19.444444444,20.0
0.546,0.612,0.117,0.25,0.25,0.266,0.583,0,0,0,0,0.595,19.444444444,20.0
0.75,0.652,0.172,0.332,0.332,0.37,0.433,0,0,0,0,0.274,19.444444444,20.0
0.579,0.658,0.167,0.29,0.29,0.131,0.583,0,0,0,0.483,0.183,19.444444444,20.0
0.562,0.682,0.199,0.339,0.339,0,0,0,0,0,0,0.183,19.444444444,20.0
0.5,0.678,0.236,0.389,0.389,0,0,0,0,0,0,0,19.444444444,20.0
0.733,0.721,0.475,0.67,0.67,0,0,0,0,0,0,0.0457,19.444444444,20.0
0.75,0.659,0.415,0.509,0.509,0,0,0,0,0,0,0,19.444444444,20.0
0.75,0.626,0.39,0.441,0.441,0,0,0,0,0,0,0.0915,19.444444444,20.0
0.921,0.602,0.303,0.347,0.347,0,0,0,0,0,0,0.498,19.444444444,20.0
1,0.57,0.0964,0.138,0.138,0,0,0,0,0,0,0.0548,19.444444444,20.0
0.812,0.563,0.0288,0.0642,0.0642,0,0,0,0,0,0,0,19.444444444,20.0
0.921,0.564,0.0172,0.0514,0.0514,0,0,0,0,0,0,0,19.166666667,19.166666667
1,0.564,0.0161,0.0501,0.0501,0,0,0,0,0,0,0,19.166666667,19.166666667
1,0.564,0.0161,0.0501,0.0501,0,0,0,0,0,0,0,19.166666667,19.166666667
1,0.564,0.0161,0.0501,0.0501,0,0,0,0,0,0,0,19.166666667,19.166666667
0.812,0.563,0.0197,0.0652,0.0652,0,0,0,0,0,0,0.149,19.166666667,19.166666667
1,0.576,0.0393,0.192,0.192,0,0,0,0,0,0,0.484,19.166666667,19.166666667
0.829,0.586,0.0391,0.175,0.175,0,0,0,0,0,0,0.432,19.166666667,19.166666667
0.579,0.591,0.0446,0.177,0.177,0,0,0.376,0.233,0.7,0.933,0.246,19.166666667,19.166666667
0.671,0.622,0.0891,0.32,0.32,0,0,0.388,0,0.0667,0.0333,0.0457,19.166666667,19.166666667
0.642,0.621,0.0972,0.307,0.307,0,0,0.288,0,0,0,0.0457,19.444444444,20.0
0.5,0.608,0.0871,0.241,0.241,0,0,0,0,0,0,0.0457,19.444444444,20.0
0.562,0.593,0.0658,0.172,0.172,0,0,0,0,0,0,0.128,19.444444444,20.0
0.608,0.596,0.0781,0.181,0.181,0,0,0,0,0,0,0,19.444444444,20.0
0.983,0.629,0.151,0.318,0.318,0,0,0,0,0,0,0.0457,19.444444444,20.0
0.829,0.632,0.136,0.268,0.268,0,0,0,0,0,0,0.137,19.444444444,20.0
0.75,0.646,0.147,0.257,0.257,0,0,0,0,0,0,0.137,19.444444444,20.0
0.858,0.729,0.27,0.452,0.452,0,0,0,0,0,0.233,0,19.444444444,20.0
1,0.792,0.456,0.728,0.728,0.466,0.433,0,0,0,0,0.274,19.444444444,20.0
1,0.778,0.637,0.892,0.892,0.487,0.583,0,0,0,0,0.357,19.444444444,20.0
1,0.678,0.487,0.594,0.594,0,0,0,0,0,0.933,0.369,19.444444444,20.0
1,0.595,0.203,0.245,0.245,0,0,0,0,0,0.283,0.0457,19.444444444,20.0
1,0.566,0.0285,0.063,0.063,0,0,0,0,0,0,0,19.444444444,20.0
1,0.564,0.0161,0.0501,0.0501,0,0,0,0,0,0,0,19.444444444,20.0
1,0.564,0.0184,0.0501,0.0501,0,0,0,0,0,0,0.15,19.444444444,20.0
1,0.564,0.0184,0.0501,0.0501,0,0,0,0,0,0,0,19.166666667,19.166666667
1,0.564,0.0184,0.0501,0.0501,0,0,0,0,0,0,0,19.166666667,19.166666667
1,0.564,0.0184,0.0501,0.0501,0,0,0,0,0,0,0,19.166666667,19.166666667
1,0.564,0.0184,0.0501,0.0501,0,0,0,0,0,0,0,19.166666667,19.166666667
1,0.564,0.0185,0.0514,0.0514,0,0,0,0,0,0,0,19.166666667,19.166666667
0.871,0.567,0.0226,0.0859,0.0859,0,0,0,0,0,0,0.0457,19.166666667,19.166666667
0.75,0.564,0.0184,0.0501,0.0501,0,0,0,0,0,0,0,19.166666667,19.166666667
0.75,0.564,0.02,0.0536,0.0536,0,0,0,0,0,0,0.0147,19.166666667,19.166666667
0.75,0.609,0.114,0.258,0.258,0,0,0,0,0,0.0167,0.246,19.166666667,19.166666667
0.746,0.63,0.189,0.348,0.348,0,0,0,0,0,0.217,0.409,19.444444444,20.0
0.5,0.608,0.145,0.24,0.24,0,0,0,0,0,0,0.392,19.444444444,20.0
0.567,0.608,0.155,0.234,0.234,0,0,0,0,0,0,0.698,19.444444444,20.0
0.817,0.614,0.204,0.256,0.256,0,0,0,0,0,0,0.56,19.444444444,20.0
1,0.631,0.302,0.326,0.326,0,0,0,0,0,0,0.603,19.444444444,20.0
0.871,0.669,0.38,0.379,0.379,0,0,0,0,0,0,0.642,19.444444444,20.0
0.746,0.688,0.342,0.36,0.36,0,0,0,0,0,0.767,0.3,19.444444444,20.0
0.5,0.645,0.191,0.249,0.249,0,0,0,0,0,0.45,0.229,19.444444444,20.0
0.5,0.678,0.288,0.396,0.396,0,0,0,0,0,0,0,19.444444444,20.0
0.633,0.698,0.471,0.591,0.591,0,0,0,0,0,0,0.0457,19.444444444,20.0
1,0.745,0.853,0.936,0.936,0,0,0,0,0,0,0.413,19.444444444,20.0
1,0.653,0.594,0.626,0.626,0.58,0.767,0,0,0,0,0.203,19.444444444,20.0
1,0.607,0.375,0.39,0.39,0.737,0.5,0,0,0,0,0.235,19.444444444,20.0
1,0.569,0.121,0.15,0.15,0.226,0,0,0,0,0,0.255,19.444444444,20.0
1,0.563,0.0235,0.0564,0.0564,0,0,0,0,0,0,0.0599,19.444444444,20.0
1,0.564,0.0184,0.0501,0.0501,0,0,0,0,0,0,0,19.166666667,19.166666667
1,0.564,0.0184,0.0501,0.0501,0,0,0,0,0,0,0,19.166666667,19.166666667
1,0.564,0.0184,0.0501,0.0501,0,0,0,0,0,0,0,19.166666667,19.166666667
1,0.564,0.0184,0.0501,0.0501,0,0,0,0,0,0,0,19.166666667,19.166666667
1,0.564,0.0184,0.0501,0.0501,0,0,0,0,0,0,0,19.166666667,19.166666667
1,0.564,0.0184,0.0501,0.0501,0,0,0,0,0,0,0,19.166666667,19.166666667
1,0.564,0.0195,0.0535,0.0535,0,0,0,0,0,0,0.0154,19.166666667,19.166666667
0.996,0.608,0.0881,0.254,0.254,0,0,0,0,0,0,0.295,19.166666667,19.166666667
0.621,0.597,0.0888,0.203,0.203,0,0,0,0,0,0,0.0457,19.166666667,19.166666667
0.5,0.586,0.0758,0.15,0.15,0,0,0,0,0,0,0.32,19.444444444,20.0
0.5,0.586,0.083,0.147,0.147,0,0,0,0,0,0,0.157,19.444444444,20.0
0.5,0.608,0.155,0.234,0.234,0,0,0,0,0,0,0.182,19.444444444,20.0
0.692,0.625,0.245,0.302,0.302,0,0,0,0,0,0,0.371,19.444444444,20.0
0.75,0.631,0.3,0.324,0.324,0,0,0,0,0,0,0.366,19.444444444,20.0
0.75,0.654,0.33,0.333,0.333,0,0,0,0,0,0,0.137,19.444444444,20.0
0.817,0.701,0.375,0.393,0.393,0,0,0,0,0,0,0.339,19.444444444,20.0
0.996,0.777,0.47,0.57,0.57,0,0,0,0,0,0,0.423,19.444444444,20.0
0.75,0.72,0.386,0.523,0.523,0.68,0.767,0,0,0,0,0.498,19.444444444,20.0
0.75,0.684,0.423,0.534,0.534,0.593,0.25,0,0,0,0,0.0606,19.444444444,20.0
0.754,0.7,0.65,0.721,0.721,0.246,0,0,0,0,0,0.218,19.444444444,20.0
1,0.683,0.786,0.818,0.818,0,0,0.339,0.483,0.0333,0,0.0457,19.444444444,20.0
1,0.621,0.495,0.505,0.505,0,0,0.106,0,1,0,0,19.444444444,20.0
1,0.573,0.185,0.212,0.212,0,0,0,0,0.267,0,0,19.444444444,20.0
1,0.563,0.0336,0.0702,0.0702,0,0,0,0,0,0,0,19.444444444,20.0
1,0.563,0.0227,0.0572,0.0572,0,0,0,0,0,0,0,19.166666667,19.166666667
1,0.564,0.0165,0.0505,0.0505,0,0,0,0,0,0,0,19.166666667,19.166666667
1,0.564,0.0161,0.0501,0.0501,0,0,0,0,0,0,0,19.166666667,19.166666667
1,0.562,0.0199,0.0522,0.0522,0.556,0.933,0,0,0,0,0.604,19.166666667,19.166666667
1,0.561,0.0285,0.1,0.1,0.623,0.333,0,0,0,0.183,0.229,19.166666667,19.166666667
1,0.582,0.0509,0.262,0.262,0.724,0,0,0,0,0.05,0.229,19.166666667,19.166666667
0.658,0.609,0.0613,0.295,0.295,0.553,0,0,0,0,0,0.216,19.166666667,19.166666667
0.438,0.602,0.0558,0.228,0.228,0.256,0,0,0,0,0,0.306,19.166666667,19.166666667
0.5,0.608,0.0715,0.256,0.256,0,0,0,0,0,0.233,0.244,19.166666667,19.166666667
0.5,0.608,0.0793,0.25,0.25,0,0,0,0,0,0,0,19.444444444,20.0
0.5,0.608,0.0871,0.241,0.241,0,0,0,0,0,0,0,19.444444444,20.0
0.5,0.599,0.0753,0.195,0.195,0,0,0,0,0,0,0,19.444444444,20.0
0.5,0.586,0.0592,0.141,0.141,0,0,0,0,0,0,0.137,19.444444444,20.0
0.5,0.607,0.105,0.227,0.227,0,0,0,0,0,0,0.361,19.444444444,20.0
0.654,0.641,0.152,0.296,0.296,0.357,0.433,0,0,0,0.717,0.0457,19.444444444,20.0
0.892,0.709,0.248,0.42,0.42,0.271,0.833,0,0,0,0,0.0457,19.444444444,20.0
0.983,0.771,0.336,0.556,0.556,0,0,0,0,0,0,0.401,19.444444444,20.0
0.892,0.767,0.408,0.654,0.654,0.389,0.433,0,0,0,0,0.829,19.444444444,20.0
0.75,0.725,0.482,0.682,0.682,0.722,0.583,0,0,0,0,0.131,19.444444444,20.0
0.796,0.71,0.634,0.758,0.758,0.481,0.433,0,0,0,0,0.168,19.444444444,20.0
1,0.66,0.589,0.651,0.651,0.643,0.583,0,0,0,0,0.237,19.444444444,20.0
1,0.583,0.157,0.196,0.196,0,0,0.777,0.483,0.45,0,0.0915,19.444444444,20.0
1,0.565,0.0235,0.0578,0.0578,0,0,0,0,0.583,0,0,19.444444444,20.0
1,0.564,0.0222,0.0569,0.0569,0,0,0,0,0,0,0,19.444444444,20.0
1,0.564,0.0161,0.0501,0.0501,0,0,0,0,0,0,0,19.166666667,19.166666667
1,0.564,0.0161,0.0501,0.0501,0,0,0,0,0,0,0,19.166666667,19.166666667
1,0.564,0.0161,0.0501,0.0501,0,0,0,0,0,0,0,19.166666667,19.166666667
1,0.564,0.0161,0.0501,0.0501,0,0,0,0,0,0,0,19.166666667,19.166666667
1,0.564,0.0161,0.0501,0.0501,0,0,0,0,0,0,0,19.166666667,19.166666667
0.892,0.57,0.0273,0.119,0.119,0,0,0,0,0,0.233,0.383,19.166666667,19.166666667
0.579,0.577,0.0292,0.121,0.121,0,0,0,0,0,0.233,0.137,19.166666667,19.166666667
0.5,0.586,0.0388,0.152,0.152,0,0,0,0,0,0,0.183,19.166666667,19.166666667
0.5,0.607,0.0699,0.249,0.249,0,0,0,0,0,0,0.511,19.166666667,19.166666667
0.5,0.608,0.0793,0.25,0.25,0,0,0.0852,0.483,0.2,0,0.297,19.444444444,20.0
0.392,0.599,0.0716,0.2,0.2,0,0,0,0,0.567,0.433,0.354,19.444444444,20.0
0.421,0.601,0.0798,0.205,0.205,0,0,0,0,0,0.05,0.229,19.444444444,20.0
0.5,0.608,0.102,0.232,0.232,0,0,0,0,0,0,0.0457,19.444444444,20.0
0.5,0.608,0.108,0.233,0.233,0,0,0.673,0.933,0,0,0.137,19.444444444,20.0
0.592,0.634,0.139,0.273,0.273,0,0,0.536,0.05,0.95,0,0.274,19.444444444,20.0
1,0.728,0.277,0.465,0.465,0,0,0.604,0,0.0833,0.183,0.279,19.444444444,20.0
1,0.774,0.34,0.563,0.563,0,0,0.441,0,0,0.3,0.0915,19.444444444,20.0
1,0.792,0.456,0.728,0.728,0,0,0.674,0,0,0,0.0457,19.444444444,20.0
1,0.778,0.637,0.892,0.892,0,0,0.705,0,0,0,0,19.444444444,20.0
1,0.748,0.792,0.939,0.939,0,0,0.802,0,0,0,0.1,19.444444444,20.0
1,0.688,0.763,0.831,0.831,0,0,0.445,0,0,0.233,0.128,19.444444444,20.0
1,0.592,0.225,0.266,0.266,0,0,0,0,0,0,0.202,19.444444444,20.0
1,0.567,0.0661,0.105,0.105,0,0,0,0,0,0,0.124,19.444444444,20.0
1,0.563,0.0284,0.0642,0.0642,0,0,0,0,0,0,0,19.444444444,20.0
1,0.564,0.0172,0.0514,0.0514,0,0,0,0,0,0,0,19.166666667,19.166666667
1,0.564,0.0161,0.0501,0.0501,0,0,0,0,0,0,0,19.166666667,19.166666667
1,0.563,0.0159,0.0501,0.0501,0,0,0,0,0,0,0.652,19.166666667,19.166666667
1,0.563,0.017,0.0506,0.0506,0,0,0,0,0,0,0.13,19.166666667,19.166666667
0.767,0.563,0.0218,0.0729,0.0729,0,0,0,0,0,0,0.191,19.166666667,19.166666667
0.75,0.574,0.0359,0.172,0.172,0,0,0,0,0,0.233,0.0912,19.166666667,19.166666667
0.75,0.599,0.0514,0.241,0.241,0,0,0,0,0,0,0.0915,19.166666667,19.166666667
0.75,0.629,0.083,0.348,0.348,0,0,0,0,0,0,0.244,19.166666667,19.166666667
0.346,0.594,0.0539,0.192,0.192,0,0,0,0,0,0,0.248,19.166666667,19.166666667
0.204,0.582,0.0419,0.132,0.132,0,0,0,0,0,0,0.0915,19.444444444,20.0
0.0458,0.568,0.0226,0.0676,0.0676,0,0,0,0,0,0,0,19.444444444,20.0
0.25,0.586,0.0539,0.142,0.142,0,0,0,0,0,0,0,19.444444444,20.0
0.358,0.596,0.0781,0.181,0.181,0,0,0,0,0,0,0.457,19.444444444,20.0
0.5,0.608,0.108,0.233,0.233,0,0,0,0,0,0,0.32,19.444444444,20.0
0.5,0.623,0.12,0.238,0.238,0,0,0,0,0,0.233,0.137,19.444444444,20.0
0.5,0.646,0.147,0.257,0.257,0,0,0,0,0,0,0.229,19.444444444,20.0
0.733,0.719,0.255,0.428,0.428,0,0,0,0,0,0,0.323,19.444444444,20.0
0.921,0.774,0.423,0.677,0.677,0,0,0,0,0,0,0.0936,19.444444444,20.0
0.812,0.738,0.518,0.732,0.732,0,0,0,0,0,0,0.229,19.444444444,20.0
1,0.748,0.792,0.939,0.939,0,0,0,0,0,0.183,0.136,19.444444444,20.0
1,0.66,0.589,0.651,0.651,0,0,0,0,0,0.05,0,19.444444444,20.0
1,0.604,0.316,0.36,0.36,0,0,0,0,0,0,0.201,19.444444444,20.0
1,0.567,0.0537,0.0907,0.0907,0,0,0,0,0,0,0,19.444444444,20.0
1,0.564,0.0161,0.0501,0.0501,0,0,0,0,0,0,0,19.444444444,20.0
1,0.564,0.0161,0.0501,0.0501,0,0,0,0,0,0,0,19.166666667,19.166666667
1,0.563,0.017,0.0501,0.0501,0,0,0,0,0,0,0.137,19.166666667,19.166666667
1,0.563,0.016,0.0501,0.0501,0,0,0,0,0,0,0.183,19.166666667,19.166666667
1,0.564,0.0161,0.0501,0.0501,0,0,0,0,0,0,0,19.166666667,19.166666667
1,0.564,0.0161,0.0501,0.0501,0,0,0,0,0,0,0,19.166666667,19.166666667
0.829,0.568,0.0243,0.101,0.101,0,0,0,0,0,0,0.0457,19.166666667,19.166666667
0.704,0.603,0.0551,0.261,0.261,0,0,0,0,0,0,0.308,19.166666667,19.166666667
0.5,0.608,0.0615,0.253,0.253,0,0,0.119,0.183,0,0.233,0.123,19.166666667,19.166666667
0.5,0.608,0.0715,0.256,0.256,0,0,0.565,0.3,0.7,0,0.0457,19.166666667,19.166666667
0.5,0.608,0.0793,0.25,0.25,0,0,0.576,0,0.333,0,0.137,19.444444444,20.0
0.5,0.608,0.0871,0.241,0.241,0,0,0.765,0,0,0,0.0915,19.444444444,20.0
0.5,0.608,0.0917,0.235,0.235,0,0,0.589,0,0,0,0.366,19.444444444,20.0
0.5,0.608,0.102,0.232,0.232,0,0,0.537,0,0,0,0.274,19.444444444,20.0
0.267,0.587,0.0651,0.148,0.148,0,0,0.567,0,0,0,0.183,19.444444444,20.0
0.483,0.621,0.117,0.232,0.232,0,0,0.486,0,0,0.183,0.457,19.444444444,20.0
0.717,0.682,0.204,0.348,0.348,0,0,0,0,0,0.3,0.303,19.444444444,20.0
1,0.774,0.34,0.563,0.563,0,0,0,0,0,0,0,19.444444444,20.0
1,0.792,0.456,0.728,0.728,0,0,0,0,0,0,0.264,19.444444444,20.0
0.908,0.736,0.511,0.722,0.722,0,0,0,0,0,0,0,19.444444444,20.0
0.779,0.661,0.429,0.521,0.521,0,0,0,0,0,0,0.0589,19.444444444,20.0
1,0.657,0.576,0.636,0.636,0,0,0,0,0,0,0.361,19.444444444,20.0
1,0.581,0.136,0.175,0.175,0,0,0,0,0,0,0,19.444444444,20.0
1,0.564,0.0161,0.0501,0.0501,0,0,0,0,0,0,0,19.444444444,20.0
1,0.564,0.0232,0.0569,0.0569,0,0,0,0,0,0,0,19.444444444,20.0
1,0.564,0.0161,0.0501,0.0501,0,0,0,0,0,0,0,19.166666667,19.166666667
1,0.564,0.0161,0.0501,0.0501,0,0,0,0,0,0,0,19.166666667,19.166666667
1,0.564,0.0161,0.0501,0.0501,0,0,0,0,0,0,0,19.166666667,19.166666667
0.892,0.563,0.0171,0.0507,0.0507,0,0,0,0,0,0,0.274,19.166666667,19.166666667
0.75,0.563,0.0201,0.0668,0.0668,0,0,0,0,0,0,0.0568,19.166666667,19.166666667
0.75,0.576,0.0389,0.19,0.19,0,0,0,0,0,0,0.562,19.166666667,19.166666667
0.983,0.616,0.0683,0.332,0.332,0,0,0,0,0,0,0.382,19.166666667,19.166666667
0.596,0.615,0.0685,0.285,0.285,0,0,0,0,0,0,0.19,19.166666667,19.166666667
0.267,0.587,0.0453,0.16,0.16,0,0,0,0,0,0,0.0457,19.166666667,19.166666667
0.25,0.586,0.0477,0.15,0.15,0,0,0.385,0.683,0,0,0.0457,19.444444444,20.0
0.25,0.586,0.0516,0.146,0.146,0,0,0.492,0.05,0.95,0,0.183,19.444444444,20.0
0.25,0.586,0.0539,0.142,0.142,0,0,0.457,0,0.0833,0,0.183,19.444444444,20.0
0.358,0.596,0.0781,0.181,0.181,0,0,0.389,0,0,0,0.412,19.444444444,20.0
0.438,0.603,0.0967,0.21,0.21,0,0,0.639,0,0,0,0.32,19.444444444,20.0
0.5,0.623,0.12,0.238,0.238,0,0,0.79,0,0,0,0.137,19.444444444,20.0
0.5,0.646,0.147,0.257,0.257,0,0,0.527,0,0,0,0.0915,19.444444444,20.0
0.608,0.692,0.214,0.363,0.363,0,0,0.276,0,0,0,0.183,19.444444444,20.0
0.858,0.76,0.395,0.634,0.634,0.419,0.433,0.204,0,0,0.433,0.229,19.444444444,20.0
1,0.728,0.489,0.693,0.693,0.521,0.833,0,0,0,0.283,0,19.444444444,20.0
1,0.702,0.598,0.717,0.717,0.786,0,0,0,0,0,0,19.444444444,20.0
1,0.657,0.576,0.636,0.636,0,0,0,0,0,0,0,19.444444444,20.0
1,0.59,0.212,0.253,0.253,0,0,0,0,0,0,0,19.444444444,20.0
1,0.567,0.0661,0.105,0.105,0,0,0,0,0,0,0.0653,19.444444444,20.0
1,0.563,0.023,0.0545,0.0545,0,0,0,0,0,0,0,19.444444444,20.0
1,0.564,0.0184,0.0501,0.0501,0,0,0,0,0,0,0,19.166666667,19.166666667
1,0.564,0.0184,0.0501,0.0501,0,0,0,0,0,0,0,19.166666667,19.166666667
1,0.564,0.0184,0.0501,0.0501,0,0,0,0,0,0,0,19.166666667,19.166666667
1,0.564,0.0184,0.0501,0.0501,0,0,0,0,0,0,0,19.166666667,19.166666667
1,0.564,0.0184,0.0501,0.0501,0,0,0,0,0,0,0,19.166666667,19.166666667
1,0.564,0.0187,0.0517,0.0517,0,0,0,0,0,0.0167,0,19.166666667,19.166666667
1,0.582,0.0378,0.147,0.147,0,0,0,0,0,0.467,0,19.166666667,19.166666667
1,0.587,0.0548,0.155,0.155,0,0,0,0,0,0,0.0457,19.166666667,19.166666667
0.996,0.63,0.16,0.357,0.357,0,0,0,0,0,0,0.32,19.166666667,19.166666667
0.558,0.591,0.0891,0.173,0.173,0,0,0,0,0,0,0.0915,19.444444444,20.0
0.5,0.586,0.083,0.147,0.147,0,0,0,0,0,0,0.183,19.444444444,20.0
0.5,0.608,0.155,0.234,0.234,0,0,0,0,0,0,0.137,19.444444444,20.0
0.5,0.608,0.182,0.232,0.232,0,0,0,0,0,0,0.274,19.444444444,20.0
0.496,0.608,0.204,0.231,0.231,0,0,0,0,0,0,0.274,19.444444444,20.0
0.25,0.594,0.122,0.145,0.145,0,0,0,0,0,0,0.137,19.444444444,20.0
0.383,0.628,0.186,0.211,0.211,0,0,0,0,0,0,0.183,19.444444444,20.0
0.75,0.724,0.359,0.442,0.442,0,0,0,0,0,0,0.0915,19.444444444,20.0
0.75,0.735,0.423,0.569,0.569,0.101,0.0167,0,0,0,0.483,0.183,19.444444444,20.0
0.75,0.723,0.553,0.69,0.69,0.436,1,0,0,0,0,0.137,19.444444444,20.0
0.75,0.7,0.647,0.717,0.717,0.75,0.25,0,0,0,0,0.0457,19.444444444,20.0
0.942,0.668,0.691,0.723,0.723,0.151,0,0,0,0,0,0.166,19.444444444,20.0
1,0.607,0.376,0.391,0.391,0,0,0,0,0,0,0,19.444444444,20.0
1,0.571,0.16,0.187,0.187,0,0,0,0,0,0,0,19.444444444,20.0
1,0.563,0.027,0.0592,0.0592,0,0,0,0,0,0,0,19.444444444,20.0
1,0.564,0.0184,0.0501,0.0501,0,0,0,0,0,0,0,19.166666667,19.166666667
1,0.564,0.0184,0.0501,0.0501,0,0,0,0,0,0,0,19.166666667,19.166666667
1,0.564,0.0184,0.0501,0.0501,0,0,0,0,0,0,0,19.166666667,19.166666667
1,0.564,0.0184,0.0501,0.0501,0,0,0,0,0,0,0,19.166666667,19.166666667
1,0.564,0.0185,0.0514,0.0514,0,0,0,0,0,0,0,19.166666667,19.166666667
1,0.571,0.0272,0.125,0.125,0,0,0,0,0,0,0.172,19.166666667,19.166666667
0.867,0.573,0.0282,0.0987,0.0987,0,0,0,0,0,0.0167,0.186,19.166666667,19.166666667
0.5,0.586,0.054,0.154,0.154,0,0,0,0,0,0.467,0.0605,19.166666667,19.166666667
0.5,0.608,0.113,0.256,0.256,0,0,0,0,0,0,0.724,19.166666667,19.166666667
0.5,0.608,0.133,0.249,0.249,0,0,0,0,0,0,0.391,19.444444444,20.0
0.629,0.62,0.178,0.29,0.29,0,0,0,0,0,0,0.217,19.444444444,20.0
0.683,0.625,0.206,0.302,0.302,0,0,0,0,0,0,0.579,19.444444444,20.0
0.5,0.608,0.182,0.232,0.232,0,0,0,0,0,0,0.457,19.444444444,20.0
0.5,0.609,0.206,0.233,0.233,0,0,0,0,0,0,0.137,19.444444444,20.0
0.504,0.625,0.228,0.241,0.241,0,0,0,0,0,0,0.0915,19.444444444,20.0
0.817,0.701,0.375,0.393,0.393,0,0,0,0,0,0.517,0.229,19.444444444,20.0
0.933,0.763,0.442,0.537,0.537,0,0,0,0,0,1,0.0457,19.444444444,20.0
0.75,0.735,0.423,0.569,0.569,0,0,0,0,0,1,0.0915,19.444444444,20.0
0.75,0.723,0.553,0.69,0.69,0,0,0,0,0,0.167,0,19.444444444,20.0
0.754,0.7,0.65,0.721,0.721,0,0,0,0,0,0,0.0915,19.444444444,20.0
1,0.683,0.786,0.818,0.818,0.355,0.517,0,0,0,0,0.0643,19.444444444,20.0
1,0.61,0.404,0.418,0.418,0.288,0.75,0,0,0,0,0.232,19.444444444,20.0
1,0.57,0.134,0.162,0.162,0,0,0,0,0,0,0.0136,19.444444444,20.0
1,0.563,0.0345,0.071,0.071,0,0,0,0,0,0,0,19.444444444,20.0
1,0.564,0.0172,0.0514,0.0514,0,0,0,0,0,0,0,19.166666667,19.166666667
1,0.564,0.0161,0.0501,0.0501,0,0,0,0,0,0,0,19.166666667,19.166666667
1,0.564,0.0161,0.0501,0.0501,0,0,0,0,0,0,0,19.166666667,19.166666667
1,0.562,0.0199,0.0522,0.0522,0,0,0,0,0,0,0.137,19.166666667,19.166666667
0.954,0.562,0.0263,0.0913,0.0913,0,0,0,0,0,0,0.366,19.166666667,19.166666667
0.75,0.574,0.0351,0.167,0.167,0,0,0,0,0,0.183,0.244,19.166666667,19.166666667
0.75,0.617,0.0691,0.337,0.337,0,0,0,0,0,0.05,0.493,19.166666667,19.166666667
0.858,0.639,0.0942,0.399,0.399,0,0,0,0,0,0,0.49,19.166666667,19.166666667
0.767,0.632,0.101,0.366,0.366,0,0,0,0,0,0,0.36,19.166666667,19.166666667
0.517,0.61,0.0812,0.257,0.257,0,0,0,0,0,0,0.0915,19.444444444,20.0
0.5,0.608,0.0871,0.241,0.241,0,0,0,0,0,0,0.137,19.444444444,20.0
0.5,0.608,0.0917,0.235,0.235,0,0,0,0,0,0,0.0457,19.444444444,20.0
0.5,0.608,0.102,0.232,0.232,0,0,0,0,0,0,0.0457,19.444444444,20.0
0.5,0.608,0.108,0.233,0.233,0,0,0,0,0,0,0.229,19.444444444,20.0
0.5,0.623,0.12,0.238,0.238,0,0,0,0,0,0,0.183,19.444444444,20.0
0.5,0.646,0.147,0.257,0.257,0,0,0,0,0,0,0.0457,19.444444444,20.0
0.779,0.729,0.27,0.452,0.452,0,0,0,0,0,0.233,0.0457,19.444444444,20.0
1,0.792,0.456,0.728,0.728,0,0,0,0,0,0,0,19.444444444,20.0
1,0.778,0.637,0.892,0.892,0,0,0,0,0,0,0.23,19.444444444,20.0
1,0.748,0.792,0.939,0.939,0,0,0,0,0,0,0.0887,19.444444444,20.0
1,0.655,0.555,0.615,0.615,0,0,0,0,0,0,0,19.444444444,20.0
1,0.581,0.144,0.183,0.183,0,0,0,0,0,0,0,19.444444444,20.0
1,0.567,0.0661,0.105,0.105,0,0,0,0,0,0,0,19.444444444,20.0
1,0.563,0.0284,0.0642,0.0642,0,0,0,0,0,0,0,19.444444444,20.0
1,0.564,0.0172,0.0514,0.0514,0,0,0,0,0,0,0,19.166666667,19.166666667
1,0.564,0.0161,0.0501,0.0501,0,0,0,0,0,0,0,19.166666667,19.166666667
1,0.564,0.0161,0.0501,0.0501,0,0,0,0,0,0,0,19.166666667,19.166666667
1,0.563,0.018,0.0512,0.0512,0.0921,0.183,0,0,0,0,0.366,19.166666667,19.166666667
1,0.562,0.0243,0.0835,0.0835,0.916,0.833,0,0,0,0,0.0915,19.166666667,19.166666667
0.892,0.586,0.0565,0.298,0.298,0,0,0,0,0,0.433,0.0457,19.166666667,19.166666667
0.579,0.604,0.0567,0.27,0.27,0,0,0,0,0,0.533,0.137,19.166666667,19.166666667
0.454,0.604,0.0573,0.235,0.235,0,0,0,0,0,0,0.0457,19.166666667,19.166666667
0.25,0.565,0.0176,0.0569,0.0569,0,0,0,0,0,0,0,19.166666667,19.166666667
0.25,0.584,0.0459,0.143,0.143,0,0,0,0,0,0,0.0915,19.444444444,20.0
0.25,0.586,0.0516,0.146,0.146,0,0,0,0,0,0,0.183,19.444444444,20.0
0.25,0.586,0.0539,0.142,0.142,0,0,0,0,0,0,0.137,19.444444444,20.0
0.25,0.586,0.0592,0.141,0.141,0,0,0,0,0,0,0,19.444444444,20.0
0.25,0.586,0.0622,0.141,0.141,0,0,0,0,0,0.233,0.0915,19.444444444,20.0
0.592,0.629,0.13,0.256,0.256,0,0,0,0,0,0,0.0915,19.444444444,20.0
0.75,0.674,0.192,0.329,0.329,0,0,0,0,0,0,0.0915,19.444444444,20.0
0.875,0.748,0.3,0.5,0.5,0,0,0,0,0,0,0.278,19.444444444,20.0
0.858,0.76,0.395,0.634,0.634,0,0,0,0,0,0,0.35,19.444444444,20.0
1,0.778,0.637,0.892,0.892,0,0,0,0,0,0,0.0915,19.444444444,20.0
1,0.748,0.792,0.939,0.939,0,0,0,0,0,0,0.274,19.444444444,20.0
1,0.662,0.602,0.664,0.664,0,0,0,0,0,0,0.0452,19.444444444,20.0
1,0.585,0.172,0.212,0.212,0,0,0,0,0,0,0,19.444444444,20.0
1,0.565,0.0235,0.0578,0.0578,0,0,0,0,0,0,0,19.444444444,20.0
1,0.564,0.0191,0.0535,0.0535,0,0,0,0,0,0,0,19.444444444,20.0
1,0.564,0.0161,0.0501,0.0501,0,0,0,0,0,0,0,19.166666667,19.166666667
1,0.564,0.0161,0.0501,0.0501,0,0,0,0,0,0,0,19.166666667,19.166666667
1,0.564,0.0161,0.0501,0.0501,0,0,0,0,0,0,0,19.166666667,19.166666667
0.767,0.564,0.0161,0.0501,0.0501,0,0,0,0,0,0,0,19.166666667,19.166666667
0.75,0.564,0.0161,0.0501,0.0501,0,0,0,0,0,0,0,19.166666667,19.166666667
0.75,0.574,0.0347,0.165,0.165,0,0,0,0,0,0.433,0.0828,19.166666667,19.166666667
0.517,0.599,0.0522,0.246,0.246,0,0,0,0,0,0.05,0.553,19.166666667,19.166666667
0.438,0.602,0.0558,0.228,0.228,0.419,0.433,0,0,0,0,0.232,19.166666667,19.166666667
0.392,0.599,0.0593,0.211,0.211,0.223,0.833,0,0,0,0,0.201,19.166666667,19.166666667
0.467,0.605,0.0754,0.237,0.237,0,0,0,0,0,0,0.867,19.444444444,20.0
0.704,0.626,0.116,0.319,0.319,0,0,0,0,0,0,0.112,19.444444444,20.0
0.671,0.608,0.0917,0.235,0.235,0,0,0,0,0,0,0.229,19.444444444,20.0
0.75,0.587,0.0617,0.147,0.147,0,0,0,0,0,0,0.0915,19.444444444,20.0
0.642,0.586,0.0622,0.141,0.141,0,0,0,0,0,0,0.183,19.444444444,20.0
0.608,0.606,0.0907,0.185,0.185,0,0,0.58,0.483,0.45,0,0.183,19.444444444,20.0
0.75,0.646,0.147,0.257,0.257,0,0,0,0,0.583,0,0.567,19.444444444,20.0
0.75,0.669,0.178,0.307,0.307,0,0,0,0,0,0,0.408,19.444444444,20.0
0.796,0.688,0.257,0.421,0.421,0,0,0,0,0,0.183,0.352,19.444444444,20.0
1,0.748,0.551,0.774,0.774,0,0,0,0,0,0.533,0,19.444444444,20.0
1,0.74,0.756,0.898,0.898,0,0,0,0,0,0,0.137,19.444444444,20.0
1,0.629,0.403,0.455,0.455,0,0,0,0,0,0,0,19.444444444,20.0
1,0.581,0.144,0.183,0.183,0,0,0,0,0,0,0.137,19.444444444,20.0
1,0.567,0.0661,0.105,0.105,0,0,0,0,0,0,0.137,19.444444444,20.0
1,0.564,0.0252,0.0603,0.0603,0,0,0,0,0,0,0.145,19.444444444,20.0
1,0.564,0.0161,0.0501,0.0501,0,0,0,0,0,0,0,19.166666667,19.166666667
1,0.564,0.0161,0.0501,0.0501,0,0,0,0,0,0,0,19.166666667,19.166666667
1,0.564,0.0161,0.0501,0.0501,0,0,0,0,0,0,0,19.166666667,19.166666667
1,0.563,0.0165,0.0503,0.0503,0,0,0,0,0,0,0.201,19.166666667,19.166666667
1,0.563,0.0218,0.0729,0.0729,0,0,0,0,0,0,0.209,19.166666667,19.166666667
1,0.573,0.0329,0.153,0.153,0,0,0,0,0,0,0.297,19.166666667,19.166666667
1,0.616,0.0683,0.332,0.332,0,0,0,0,0,0.933,0.288,19.166666667,19.166666667
0.533,0.609,0.0627,0.26,0.26,0,0,0,0,0,1,0.0915,19.166666667,19.166666667
0.438,0.603,0.0645,0.23,0.23,0,0,0,0,0,0.25,0.183,19.166666667,19.166666667
0.5,0.608,0.0793,0.25,0.25,0,0,0.0764,0.183,0,0,0.137,19.444444444,20.0
0.267,0.587,0.0537,0.152,0.152,0,0,0.276,0.3,0.7,0,0.0457,19.444444444,20.0
0.25,0.586,0.0539,0.142,0.142,0,0,0.414,0,0.0667,0,0.229,19.444444444,20.0
0.25,0.586,0.0592,0.141,0.141,0,0,0.357,0,0,0,0.274,19.444444444,20.0
0.654,0.622,0.137,0.289,0.289,0,0,0.427,0,0,0.233,0.0915,19.444444444,20.0
0.796,0.658,0.181,0.35,0.35,0,0,0.275,0,0,0,0.0457,19.444444444,20.0
1,0.728,0.277,0.465,0.465,0,0,0.504,0,0,0.183,0.409,19.444444444,20.0
1,0.774,0.34,0.563,0.563,0,0,0.921,0,0,1,0.265,19.444444444,20.0
1,0.792,0.456,0.728,0.728,0.578,0.683,0.492,0,0,0.517,0,19.444444444,20.0
0.938,0.728,0.489,0.693,0.693,0.3,0.583,0.499,0,0,0,0,19.444444444,20.0
1,0.659,0.415,0.509,0.509,0,0,0.452,0,0,0,0,19.444444444,20.0
1,0.626,0.39,0.441,0.441,0,0,0,0,0,0,0.062,19.444444444,20.0
1,0.595,0.248,0.29,0.29,0,0,0,0,0,0,0,19.444444444,20.0
1,0.571,0.116,0.16,0.16,0,0,0,0,0,0,0,19.444444444,20.0
1,0.563,0.0319,0.0676,0.0676,0,0,0,0,0,0,0.254,19.444444444,20.0
1,0.563,0.0201,0.0545,0.0545,0,0,0,0,0,0,0.0754,19.166666667,19.166666667
1,0.564,0.0161,0.0501,0.0501,0,0,0,0,0,0,0,19.166666667,19.166666667
1,0.564,0.0161,0.0501,0.0501,0,0,0,0,0,0,0,19.166666667,19.166666667
1,0.564,0.0161,0.0501,0.0501,0,0,0,0,0,0,0,19.166666667,19.166666667
1,0.564,0.0161,0.0501,0.0501,0,0,0,0,0,0,0,19.166666667,19.166666667
1,0.567,0.0213,0.0822,0.0822,0,0,0,0,0,0,0.339,19.166666667,19.166666667
0.954,0.595,0.0473,0.218,0.218,0,0,0,0,0,0,0.325,19.166666667,19.166666667
0.579,0.612,0.0661,0.272,0.272,0,0,0,0,0,0.483,0.0457,19.166666667,19.166666667
0.454,0.604,0.0663,0.237,0.237,0,0,0,0,0,0,0.0457,19.166666667,19.166666667
0.25,0.586,0.0477,0.15,0.15,0,0,0,0,0,0,0,19.444444444,20.0
0.358,0.592,0.0605,0.169,0.169,0,0,0,0,0,0,0.0915,19.444444444,20.0
0.5,0.586,0.0539,0.142,0.142,0,0,0,0,0,0,0.0457,19.444444444,20.0
0.5,0.586,0.0592,0.141,0.141,0,0,0,0,0,0,0.0915,19.444444444,20.0
0.671,0.622,0.137,0.289,0.289,0,0,0,0,0,0,0.183,19.444444444,20.0
0.858,0.665,0.195,0.373,0.373,0,0,0,0,0,0,0.428,19.444444444,20.0
1,0.728,0.277,0.465,0.465,0,0,0,0,0,0.233,0.297,19.444444444,20.0
1,0.774,0.34,0.563,0.563,0,0,0,0,0,0,0.58,19.444444444,20.0
1,0.792,0.456,0.728,0.728,0.293,0.433,0,0,0,0,0.41,19.444444444,20.0
1,0.755,0.569,0.8,0.8,0,0.583,0.405,0.483,0.2,0,0.0933,19.444444444,20.0
1,0.702,0.598,0.717,0.717,0,0,0.587,0,0.567,0,0.0463,19.444444444,20.0
1,0.644,0.496,0.552,0.552,0,0,0.457,0,0,0,0.0915,19.444444444,20.0
1,0.588,0.2,0.24,0.24,0,0,0.843,0,0,0,0,19.444444444,20.0
1,0.567,0.0661,0.105,0.105,0,0,0,0,0,0,0,19.444444444,20.0
1,0.563,0.0217,0.0533,0.0533,0,0,0,0,0,0,0,19.444444444,20.0
1,0.564,0.0184,0.0501,0.0501,0,0,0,0,0,0,0,19.166666667,19.166666667
1,0.564,0.0184,0.0501,0.0501,0,0,0,0,0,0,0,19.166666667,19.166666667
1,0.564,0.0184,0.0501,0.0501,0,0,0,0,0,0,0,19.166666667,19.166666667
1,0.564,0.0184,0.0501,0.0501,0,0,0,0,0,0,0,19.166666667,19.166666667
1,0.564,0.0184,0.0501,0.0501,0,0,0,0,0,0,0,19.166666667,19.166666667
1,0.568,0.0234,0.0904,0.0904,0,0,0,0,0,0,0.183,19.166666667,19.166666667
1,0.601,0.0572,0.244,0.244,0,0,0,0,0,0,0.243,19.166666667,19.166666667
0.996,0.608,0.0873,0.252,0.252,0,0,0,0,0,0,0.421,19.166666667,19.166666667
0.75,0.597,0.0905,0.206,0.206,0,0,0,0,0,0,0.257,19.166666667,19.166666667
0.75,0.608,0.133,0.249,0.249,0,0,0,0,0,0,0.267,19.444444444,20.0
0.558,0.603,0.129,0.217,0.217,0,0,0,0,0,0.233,0.0457,19.444444444,20.0
0.504,0.609,0.157,0.236,0.236,0,0,0,0,0,0,0,19.444444444,20.0
0.746,0.63,0.262,0.322,0.322,0,0,0,0,0,0,0.0915,19.444444444,20.0
0.5,0.602,0.181,0.209,0.209,0,0,0,0,0,0,0.274,19.444444444,20.0
0.5,0.617,0.202,0.217,0.217,0,0,0,0,0,0,0.0915,19.444444444,20.0
0.692,0.68,0.321,0.34,0.34,0,0,0,0,0,0,0.0915,19.444444444,20.0
0.879,0.752,0.417,0.51,0.51,0.0695,0.0167,0,0,0,0.517,0.0457,19.444444444,20.0
1,0.792,0.555,0.739,0.739,0.765,1,0,0,0,0.45,0.183,19.444444444,20.0
1,0.723,0.553,0.69,0.69,0.479,0,0,0,0,0,0.167,19.444444444,20.0
1,0.7,0.647,0.717,0.717,0,0,0,0,0,0,0.27,19.444444444,20.0
1,0.645,0.544,0.576,0.576,0,0,0,0,0,0,0,19.444444444,20.0
1,0.592,0.257,0.277,0.277,0,0,0,0,0,0,0.0457,19.444444444,20.0
1,0.567,0.0824,0.112,0.112,0,0,0,0,0,0,0,19.444444444,20.0
1,0.563,0.037,0.0687,0.0687,0,0,0,0,0,0,0,19.444444444,20.0
1,0.563,0.0258,0.0563,0.0563,0,0,0,0,0,0,0.137,19.166666667,19.166666667
1,0.564,0.0184,0.0501,0.0501,0,0,0,0,0,0,0,19.166666667,19.166666667
1,0.564,0.0184,0.0501,0.0501,0,0,0,0,0,0,0,19.166666667,19.166666667
1,0.564,0.0184,0.0501,0.0501,0,0,0,0,0,0,0,19.166666667,19.166666667
1,0.564,0.0184,0.0501,0.0501,0,0,0,0,0,0,0,19.166666667,19.166666667
1,0.564,0.0187,0.0517,0.0517,0,0,0,0,0,0.0167,0,19.166666667,19.166666667
1,0.582,0.0378,0.147,0.147,0,0,0,0,0,1,0,19.166666667,19.166666667
1,0.586,0.0532,0.152,0.152,0,0,0,0,0,0.933,0.061,19.166666667,19.166666667
1,0.597,0.0905,0.206,0.206,0,0,0,0,0,0,0.385,19.166666667,19.166666667
0.996,0.609,0.134,0.251,0.251,0,0,0,0,0,0.0167,0.337,19.444444444,20.0
0.75,0.631,0.209,0.336,0.336,0,0,0,0,0,0.95,0.0812,19.444444444,20.0
0.75,0.631,0.224,0.326,0.326,0.643,0.767,0,0,0,0,0.137,19.444444444,20.0
0.75,0.631,0.264,0.323,0.323,0.271,0.25,0,0,0,0,0,19.444444444,20.0
0.683,0.625,0.275,0.3,0.3,0,0,0,0,0,0,0.0457,19.444444444,20.0
0.504,0.625,0.228,0.241,0.241,0,0,0,0,0,0,0.0915,19.444444444,20.0
0.938,0.721,0.428,0.443,0.443,0,0,0,0,0,0,0.274,19.444444444,20.0
0.754,0.725,0.361,0.445,0.445,0,0,0.2,0.267,0,0.267,0.183,19.444444444,20.0
0.933,0.777,0.521,0.696,0.696,0,0,0.342,0.467,0.533,0.45,0.0457,19.444444444,20.0
0.75,0.723,0.553,0.69,0.69,0,0,0,0,0.5,0,0.503,19.444444444,20.0
0.75,0.7,0.647,0.717,0.717,0,0,0,0,0,0,0,19.444444444,20.0
0.754,0.638,0.498,0.529,0.529,0,0,0,0,0,0,0,19.444444444,20.0
1,0.599,0.315,0.333,0.333,0,0,0,0,0,0,0.646,19.444444444,20.0
1,0.569,0.108,0.137,0.137,0,0,0,0,0,0,0.044,19.444444444,20.0
1,0.563,0.0284,0.0642,0.0642,0,0,0,0,0,0,0,19.444444444,20.0
1,0.563,0.0227,0.0572,0.0572,0,0,0,0,0,0,0.0457,19.166666667,19.166666667
1,0.563,0.0174,0.0505,0.0505,0,0,0,0,0,0,0,19.166666667,19.166666667
1,0.563,0.016,0.0501,0.0501,0,0,0,0,0,0,0.0915,19.166666667,19.166666667
1,0.563,0.018,0.0512,0.0512,0,0,0,0,0,0.233,0.137,19.166666667,19.166666667
1,0.562,0.0258,0.0896,0.0896,0,0,0,0,0,0,0.14,19.166666667,19.166666667
1,0.576,0.0393,0.192,0.192,0,0,0,0,0,0,0.323,19.166666667,19.166666667
1,0.616,0.0683,0.332,0.332,0,0,0,0,0,0.683,0.312,19.166666667,19.166666667
0.829,0.615,0.0685,0.285,0.285,0,0,0,0,0,0.0333,0.115,19.166666667,19.166666667
0.642,0.599,0.0593,0.211,0.211,0,0,0,0,0,0,0.137,19.166666667,19.166666667
0.5,0.607,0.0775,0.243,0.243,0,0,0,0,0,0.717,0.166,19.444444444,20.0
0.5,0.608,0.0871,0.241,0.241,0,0,0,0,0,0,0.377,19.444444444,20.0
0.5,0.608,0.0917,0.235,0.235,0,0,0,0,0,0,0.215,19.444444444,20.0
0.5,0.608,0.102,0.232,0.232,0,0,0,0,0,0,0.371,19.444444444,20.0
0.5,0.608,0.108,0.233,0.233,0,0,0,0,0,0,0.162,19.444444444,20.0
0.5,0.623,0.12,0.238,0.238,0,0,0,0,0,0,0.137,19.444444444,20.0
0.608,0.664,0.175,0.303,0.303,0,0,0,0,0,0,0.319,19.444444444,20.0
0.75,0.635,0.127,0.225,0.225,0,0,0,0,0,0,0.184,19.444444444,20.0
0.983,0.685,0.251,0.412,0.412,0,0,0,0,0,0,0.476,19.444444444,20.0
1,0.725,0.482,0.682,0.682,0,0,0,0,0,0,0.21,19.444444444,20.0
1,0.702,0.598,0.717,0.717,0.551,0.933,0,0,0,0.233,0,19.444444444,20.0
1,0.629,0.403,0.455,0.455,0,0.0833,0,0,0,0,0,19.444444444,20.0
1,0.582,0.152,0.191,0.191,0,0,0,0,0,0,0,19.444444444,20.0
1,0.564,0.0161,0.0501,0.0501,0,0,0,0,0,0,0,19.444444444,20.0
1,0.564,0.0161,0.0501,0.0501,0,0,0,0,0,0,0,19.444444444,20.0
1,0.564,0.0161,0.0501,0.0501,0,0,0,0,0,0,0,19.166666667,19.166666667
1,0.564,0.0161,0.0501,0.0501,0,0,0,0,0,0,0,19.166666667,19.166666667
1,0.564,0.0161,0.0501,0.0501,0,0,0,0,0,0,0,19.166666667,19.166666667
1,0.564,0.0161,0.0501,0.0501,0,0,0,0,0,0,0,19.166666667,19.166666667
0.767,0.564,0.0161,0.0501,0.0501,0,0,0,0,0,0,0,19.166666667,19.166666667
0.75,0.564,0.0161,0.0501,0.0501,0,0,0,0,0,0,0,19.166666667,19.166666667
0.579,0.585,0.0375,0.165,0.165,0,0,0,0,0,0,0.295,19.166666667,19.166666667
0.392,0.576,0.0288,0.108,0.108,0,0,0,0,0,0,0,19.166666667,19.166666667
0.421,0.579,0.0352,0.121,0.121,0,0,0.335,0.483,0.2,0,0.137,19.166666667,19.166666667
0.5,0.596,0.0615,0.193,0.193,0,0,0.398,0,0.567,0,0.565,19.444444444,20.0
0.5,0.608,0.0871,0.241,0.241,0,0,1,0,0,0,0.356,19.444444444,20.0
0.733,0.629,0.127,0.32,0.32,0,0,0.558,0,0,0.483,0.102,19.444444444,20.0
0.75,0.631,0.145,0.323,0.323,0,0,0.634,0,0,0,0.397,19.444444444,20.0
0.75,0.631,0.154,0.324,0.324,0,0,0.327,0,0,0,0.229,19.444444444,20.0
0.75,0.652,0.172,0.332,0.332,0,0,0,0,0,0,0.137,19.444444444,20.0
0.858,0.705,0.24,0.406,0.406,0,0,0,0,0,0,0.148,19.444444444,20.0
1,0.774,0.34,0.563,0.563,0,0,0,0,0,0,0.441,19.444444444,20.0
1,0.792,0.456,0.728,0.728,0,0,0,0,0,0,0.366,19.444444444,20.0
1,0.755,0.569,0.8,0.8,0,0,0,0,0,0,0,19.444444444,20.0
1,0.659,0.415,0.509,0.509,0,0,0,0,0,0,0.133,19.444444444,20.0
1,0.626,0.39,0.441,0.441,0,0,0,0,0,0,0.182,19.444444444,20.0
1,0.581,0.144,0.183,0.183,0,0,0,0,0,0,0.215,19.444444444,20.0
1,0.565,0.0235,0.0578,0.0578,0,0,0,0,0,0,0.0446,19.444444444,20.0
1,0.564,0.0222,0.0569,0.0569,0,0,0.0881,0,0,0,0,19.444444444,20.0
1,0.564,0.0161,0.0501,0.0501,0,0,0,0,0,0,0,19.166666667,19.166666667
1,0.564,0.0161,0.0501,0.0501,0,0,0,0,0,0,0,19.166666667,19.166666667
1,0.564,0.0161,0.0501,0.0501,0,0,0,0,0,0,0,19.166666667,19.166666667
1,0.563,0.0165,0.0503,0.0503,0,0,0,0,0,0,0,19.166666667,19.166666667
1,0.563,0.0218,0.0729,0.0729,0,0,0,0,0,0,0.2,19.166666667,19.166666667
0.596,0.574,0.0359,0.172,0.172,0,0,0.228,0.433,0,0,0.127,19.166666667,19.166666667
0.671,0.599,0.0514,0.241,0.241,0,0,0.533,0.3,0.7,0,0.166,19.166666667,19.166666667
0.642,0.619,0.073,0.304,0.304,0,0,0.426,0,0.0667,0,0.33,19.166666667,19.166666667
0.5,0.608,0.0715,0.256,0.256,0,0,0,0,0,0,0.0915,19.166666667,19.166666667
0.5,0.608,0.0793,0.25,0.25,0,0,0,0,0,0,0.0915,19.444444444,20.0
0.5,0.608,0.0871,0.241,0.241,0,0,0,0,0,0,0,19.444444444,20.0
0.5,0.587,0.0563,0.149,0.149,0,0,0,0,0,0,0.229,19.444444444,20.0
0.5,0.607,0.0998,0.226,0.226,0,0,0,0,0,0.717,0.137,19.444444444,20.0
0.5,0.608,0.108,0.233,0.233,0,0,0,0,0,0,0.0457,19.444444444,20.0
0.5,0.623,0.12,0.238,0.238,0,0,0,0,0,0,0.457,19.444444444,20.0
0.5,0.646,0.147,0.257,0.257,0,0,0,0,0,0,0.0915,19.444444444,20.0
0.5,0.669,0.178,0.307,0.307,0,0,0,0,0,0.233,0.228,19.444444444,20.0
0.733,0.678,0.236,0.389,0.389,0,0,0,0,0,0,0,19.444444444,20.0
0.75,0.671,0.327,0.471,0.471,0,0,0,0,0,0,0.0457,19.444444444,20.0
0.921,0.707,0.623,0.744,0.744,0,0,0,0,0,0,0,19.444444444,20.0
1,0.66,0.589,0.651,0.651,0.447,0.433,0,0,0,0,0.0915,19.444444444,20.0
1,0.597,0.26,0.303,0.303,0.652,0.583,0.449,0.483,0.45,0,0.0915,19.444444444,20.0
1,0.57,0.0964,0.138,0.138,0,0,0.364,0,0.583,0,0.0457,19.444444444,20.0
1,0.563,0.0284,0.0642,0.0642,0,0,0.233,0,0,0,0,19.444444444,20.0
1,0.563,0.0227,0.0572,0.0572,0,0,0.31,0,0,0,0,19.166666667,19.166666667
1,0.563,0.017,0.0505,0.0505,0,0,0,0,0,0,0,19.166666667,19.166666667
1,0.563,0.0159,0.0501,0.0501,0,0,0,0,0,0,0.137,19.166666667,19.166666667
1,0.564,0.0161,0.0501,0.0501,0,0,0,0,0,0,0,19.166666667,19.166666667
1,0.564,0.0161,0.0501,0.0501,0,0,0,0,0,0,0,19.166666667,19.166666667
0.767,0.575,0.0355,0.17,0.17,0,0,0,0,0,0,0.186,19.166666667,19.166666667
0.579,0.586,0.0391,0.175,0.175,0,0,0,0,0,0,0.229,19.166666667,19.166666667
0.5,0.586,0.0388,0.152,0.152,0,0,0,0,0,0,0.266,19.166666667,19.166666667
0.454,0.603,0.0648,0.23,0.23,0,0,0,0,0,0,0.274,19.166666667,19.166666667
0.25,0.586,0.0477,0.15,0.15,0,0,0,0,0,0,0.0457,19.444444444,20.0
0.25,0.586,0.0516,0.146,0.146,0,0,0,0,0,0,0,19.444444444,20.0
0.25,0.586,0.0539,0.142,0.142,0,0,0,0,0,0,0.137,19.444444444,20.0
0.483,0.607,0.0998,0.226,0.226,0,0,0,0,0,0.233,0.229,19.444444444,20.0
0.5,0.608,0.108,0.233,0.233,0,0,0,0,0,0,0.366,19.444444444,20.0
0.375,0.608,0.0938,0.191,0.191,0,0,0,0,0,0,0.32,19.444444444,20.0
0.608,0.646,0.147,0.257,0.257,0,0,0,0,0,0,0.32,19.444444444,20.0
0.75,0.719,0.255,0.428,0.428,0,0,0.546,0.483,0.2,0,0.234,19.444444444,20.0
0.75,0.735,0.346,0.559,0.559,0,0,0.335,0,1,0.433,0,19.444444444,20.0
0.75,0.725,0.482,0.682,0.682,0,0,0.516,0,0.35,0.283,0.183,19.444444444,20.0
0.75,0.694,0.562,0.676,0.676,0,0,0.56,0,0,0,0,19.444444444,20.0
0.921,0.646,0.517,0.573,0.573,0,0,0.216,0,0,0,0,19.444444444,20.0
1,0.587,0.185,0.225,0.225,0,0,0,0,0,0,0,19.444444444,20.0
1,0.566,0.0463,0.0831,0.0831,0,0,0,0,0,0,0,19.444444444,20.0
1,0.564,0.0196,0.0535,0.0535,0,0,0,0,0,0,0,19.444444444,20.0
1,0.564,0.0161,0.0501,0.0501,0,0,0,0,0,0,0,19.166666667,19.166666667
1,0.564,0.0161,0.0501,0.0501,0,0,0,0,0,0,0,19.166666667,19.166666667
1,0.564,0.0161,0.0501,0.0501,0,0,0,0,0,0,0,19.166666667,19.166666667
1,0.563,0.0165,0.0503,0.0503,0,0,0,0,0,0,0,19.166666667,19.166666667
1,0.563,0.0218,0.0729,0.0729,0,0,0,0,0,0,0.267,19.166666667,19.166666667
0.767,0.57,0.0277,0.121,0.121,0,0,0,0,0,0,0.148,19.166666667,19.166666667
0.75,0.581,0.0338,0.146,0.146,0,0,0,0,0,0,0.548,19.166666667,19.166666667
0.75,0.595,0.0488,0.196,0.196,0,0,0,0,0,0,0.37,19.166666667,19.166666667
0.75,0.629,0.0976,0.352,0.352,0,0,0.122,0.433,0,0,0.277,19.166666667,19.166666667
0.704,0.626,0.105,0.332,0.332,0,0,0.435,0.3,0.7,0,0.81,19.444444444,20.0
0.5,0.608,0.0871,0.241,0.241,0,0,0.542,0,0.0667,0,0,19.444444444,20.0
0.5,0.608,0.0917,0.235,0.235,0,0,0.405,0,0,0,0.0915,19.444444444,20.0
0.5,0.608,0.102,0.232,0.232,0,0,0.157,0,0,0,0.229,19.444444444,20.0
0.608,0.618,0.128,0.272,0.272,0,0,0,0,0,0,0.0915,19.444444444,20.0
0.75,0.652,0.172,0.332,0.332,0,0,0,0,0,0,0.137,19.444444444,20.0
0.75,0.687,0.212,0.361,0.361,0,0,0,0,0,0,0,19.444444444,20.0
0.75,0.722,0.259,0.435,0.435,0,0,0,0,0,0.233,0.0457,19.444444444,20.0
0.75,0.735,0.346,0.559,0.559,0,0,0,0,0,0,0.137,19.444444444,20.0
0.921,0.761,0.59,0.827,0.827,0.142,0.183,0,0,0,0,0.229,19.444444444,20.0
1,0.748,0.792,0.939,0.939,0.444,0.833,0.52,0.483,0.25,0,0.0457,19.444444444,20.0
1,0.675,0.682,0.747,0.747,0.784,0,0.486,0,0,0,0,19.444444444,20.0
1,0.598,0.268,0.311,0.311,0.164,0,0,0,0,0,0.0717,19.444444444,20.0
1,0.567,0.0661,0.105,0.105,0,0,0,0,0,0,0,19.444444444,20.0
1,0.563,0.025,0.0564,0.0564,0,0,0,0,0,0,0.0653,19.444444444,20.0
1,0.564,0.0184,0.0501,0.0501,0,0,0,0,0,0,0,19.166666667,19.166666667
1,0.564,0.0184,0.0501,0.0501,0,0,0,0,0,0,0,19.166666667,19.166666667
1,0.564,0.0184,0.0501,0.0501,0,0,0,0,0,0,0,19.166666667,19.166666667
1,0.564,0.0184,0.0501,0.0501,0,0,0,0,0,0,0,19.166666667,19.166666667
1,0.564,0.0184,0.0501,0.0501,0,0,0,0,0,0,0,19.166666667,19.166666667
1,0.564,0.019,0.0534,0.0534,0,0,0,0,0,0.0167,0.0598,19.166666667,19.166666667
0.804,0.596,0.0524,0.22,0.22,0,0,0,0,0,0.95,0.365,19.166666667,19.166666667
0.5,0.608,0.0881,0.254,0.254,0,0,0,0,0,0,0.422,19.166666667,19.166666667
0.567,0.614,0.126,0.283,0.283,0,0,0,0,0,0,0,19.166666667,19.166666667
0.621,0.619,0.161,0.298,0.298,0,0,0,0,0,0,0.137,19.444444444,20.0
0.5,0.608,0.145,0.24,0.24,0,0,0,0,0,0,0.0915,19.444444444,20.0
0.496,0.608,0.154,0.233,0.233,0,0,0,0,0,0,0.0915,19.444444444,20.0
0.254,0.586,0.102,0.143,0.143,0,0,0,0,0,0,0,19.444444444,20.0
0.496,0.608,0.204,0.231,0.231,0,0,0,0,0,0,0.183,19.444444444,20.0
0.317,0.602,0.15,0.17,0.17,0,0,0,0,0,0,0.229,19.444444444,20.0
0.5,0.648,0.237,0.26,0.26,0,0,0,0,0,0,0.0915,19.444444444,20.0
0.567,0.685,0.276,0.347,0.347,0,0,0,0,0,0.0167,0.137,19.444444444,20.0
0.75,0.735,0.423,0.569,0.569,0,0,0,0,0,0.217,0.0915,19.444444444,20.0
0.75,0.723,0.553,0.69,0.69,0,0,0,0,0,0,0.0457,19.444444444,20.0
0.754,0.7,0.65,0.721,0.721,0,0,0,0,0,0,0.0457,19.444444444,20.0
1,0.675,0.736,0.768,0.768,0,0,0,0,0,0,0.137,19.444444444,20.0
1,0.607,0.376,0.391,0.391,0,0,0,0,0,0,0,19.444444444,20.0
1,0.572,0.173,0.2,0.2,0,0,0,0,0,0,0.0694,19.444444444,20.0
1,0.562,0.0531,0.0841,0.0841,0.0796,0,0,0,0,0,0,19.444444444,20.0
1,0.563,0.0259,0.0563,0.0563,0,0,0,0,0,0,0.265,19.166666667,19.166666667
1,0.563,0.0194,0.0501,0.0501,0,0,0,0,0,0,0,19.166666667,19.166666667
1,0.564,0.0184,0.0501,0.0501,0,0,0,0,0,0,0,19.166666667,19.166666667
1,0.564,0.0184,0.0501,0.0501,0,0,0,0,0,0,0,19.166666667,19.166666667
1,0.564,0.0184,0.0501,0.0501,0,0,0,0,0,0,0,19.166666667,19.166666667
1,0.564,0.019,0.0534,0.0534,0,0,0,0,0,0,0.0604,19.166666667,19.166666667
1,0.61,0.0674,0.295,0.295,0,0,0,0,0,0.233,0.417,19.166666667,19.166666667
1,0.631,0.123,0.356,0.356,0.243,0.267,0.211,0.517,0,0,0.583,19.166666667,19.166666667
1,0.631,0.161,0.359,0.359,0.739,1,0,0.217,0.783,0,0.265,19.166666667,19.166666667
0.996,0.63,0.189,0.348,0.348,0.523,0,0,0,0.25,0,0.274,19.444444444,20.0
0.75,0.608,0.145,0.24,0.24,0.345,0,0.626,0.483,0.283,0,0.26,19.444444444,20.0
0.75,0.608,0.155,0.234,0.234,0,0,0.518,0,0.75,0,0.243,19.444444444,20.0
0.75,0.608,0.182,0.232,0.232,0,0,0.454,0,0,0,0.275,19.444444444,20.0
0.75,0.609,0.206,0.233,0.233,0,0,0,0,0,0,0.698,19.444444444,20.0
0.558,0.601,0.146,0.167,0.167,0,0,0,0,0,0,0.276,19.444444444,20.0
0.504,0.606,0.13,0.157,0.157,0,0,0,0,0,0.0167,0.32,19.444444444,20.0
0.75,0.672,0.247,0.314,0.314,0,0,0,0,0,0.467,0.262,19.444444444,20.0
0.942,0.779,0.526,0.702,0.702,0,0,0.599,0.483,0.283,0,0.321,19.444444444,20.0
1,0.777,0.731,0.904,0.904,0,0,0.399,0,1,0,0.734,19.444444444,20.0
1,0.745,0.853,0.936,0.936,0,0,0.284,0,0.267,0,0.186,19.444444444,20.0
1,0.653,0.594,0.626,0.626,0.245,0.267,0,0,0,0,0.0457,19.444444444,20.0
1,0.596,0.285,0.304,0.304,0.608,1,0,0,0,0,0,19.444444444,20.0
1,0.567,0.0823,0.112,0.112,0.631,0,0,0,0,0,0.0915,19.444444444,20.0
1,0.563,0.0284,0.0642,0.0642,0.467,0,0,0,0,0,0,19.444444444,20.0
1,0.563,0.0227,0.0572,0.0572,0.134,0,0,0,0,0,0.0457,19.166666667,19.166666667
1,0.564,0.0165,0.0505,0.0505,0,0,0,0,0,0,0,19.166666667,19.166666667
1,0.564,0.0161,0.0501,0.0501,0,0,0,0,0,0,0,19.166666667,19.166666667
1,0.564,0.0161,0.0501,0.0501,0,0,0,0,0,0,0,19.166666667,19.166666667
1,0.563,0.0216,0.0729,0.0729,0,0,0.394,0.683,0,0.233,0.274,19.166666667,19.166666667
1,0.573,0.0329,0.153,0.153,0,0,0.322,0.05,0.95,0,0.688,19.166666667,19.166666667
0.892,0.616,0.0683,0.332,0.332,0,0,0.592,0,0.0833,0,0.113,19.166666667,19.166666667
0.579,0.615,0.0685,0.285,0.285,0,0,0.373,0,0,0,0.229,19.166666667,19.166666667
0.5,0.608,0.0715,0.256,0.256,0.866,0.933,0.32,0,0,0,0.224,19.166666667,19.166666667
0.562,0.614,0.0873,0.275,0.275,0.466,0.333,0.614,0,0,0,0,19.444444444,20.0
0.5,0.608,0.0871,0.241,0.241,0.154,0,0,0,0,0,0.0915,19.444444444,20.0
0.5,0.608,0.0917,0.235,0.235,0,0,0,0,0,0,0.0457,19.444444444,20.0
0.5,0.608,0.102,0.232,0.232,0,0,0,0,0,0,0.274,19.444444444,20.0
0.546,0.612,0.117,0.25,0.25,0,0,0,0,0,0,0.229,19.444444444,20.0
0.75,0.652,0.172,0.332,0.332,0,0,0,0,0,0,0.229,19.444444444,20.0
0.75,0.687,0.212,0.361,0.361,0,0,0,0,0,0.183,0.183,19.444444444,20.0
0.75,0.722,0.259,0.435,0.435,0,0,0.194,0.433,0,1,0,19.444444444,20.0
0.517,0.681,0.242,0.398,0.398,0,0,0.438,0.05,0.95,0.0333,0,19.444444444,20.0
0.5,0.671,0.327,0.471,0.471,0.509,0.933,0,0,0.0833,0,0.229,19.444444444,20.0
0.967,0.741,0.771,0.911,0.911,0.705,0.333,0,0,0,0.483,0.0915,19.444444444,20.0
1,0.688,0.763,0.831,0.831,0.199,0,0,0,0,0,0.186,19.444444444,20.0
1,0.599,0.273,0.316,0.316,0,0,0,0,0,0,0.0401,19.444444444,20.0
1,0.566,0.0309,0.0654,0.0654,0,0,0,0,0,0,0,19.444444444,20.0
1,0.564,0.0161,0.0501,0.0501,0,0,0,0,0,0,0,19.444444444,20.0
1,0.564,0.0161,0.0501,0.0501,0,0,0,0,0,0,0,19.166666667,19.166666667
1,0.564,0.0161,0.0501,0.0501,0,0,0,0,0,0,0,19.166666667,19.166666667
1,0.564,0.0161,0.0501,0.0501,0,0,0,0,0,0,0,19.166666667,19.166666667
1,0.563,0.018,0.0512,0.0512,0,0,0,0,0,0.483,0.0915,19.166666667,19.166666667
1,0.563,0.0218,0.0729,0.0729,0,0,0,0,0,0,0.137,19.166666667,19.166666667
1,0.583,0.0501,0.259,0.259,0,0,0,0,0,0,0.397,19.166666667,19.166666667
0.892,0.626,0.0781,0.385,0.385,0,0,0,0,0,0,0.231,19.166666667,19.166666667
0.75,0.63,0.0842,0.355,0.355,0,0,0,0,0,0,0.285,19.166666667,19.166666667
0.75,0.631,0.0992,0.359,0.359,0.658,0.933,0,0,0,0,0.422,19.166666667,19.166666667
0.75,0.631,0.111,0.35,0.35,0.111,0.0833,0,0,0,0,0.469,19.444444444,20.0
0.408,0.6,0.0737,0.207,0.207,0,0,0,0,0,0,0.457,19.444444444,20.0
0.25,0.586,0.0539,0.142,0.142,0,0,0,0,0,0,0.26,19.444444444,20.0
0.421,0.601,0.0889,0.203,0.203,0,0,0,0,0,0,0.62,19.444444444,20.0
0.5,0.608,0.108,0.233,0.233,0,0,0,0,0,0,0.0457,19.444444444,20.0
0.5,0.623,0.12,0.238,0.238,0,0,0,0,0,0,0.0457,19.444444444,20.0
0.5,0.646,0.147,0.257,0.257,0.519,0.933,0,0,0,0,0.183,19.444444444,20.0
0.779,0.729,0.27,0.452,0.452,0,0.0833,0,0,0,0,0.137,19.444444444,20.0
0.829,0.753,0.38,0.611,0.611,0,0,0,0,0,0,0.137,19.444444444,20.0
0.983,0.774,0.63,0.881,0.881,0,0,0,0,0,0.717,0.0915,19.444444444,20.0
1,0.748,0.792,0.939,0.939,0,0,0,0,0,0,0,19.444444444,20.0
1,0.683,0.729,0.796,0.796,0,0,0,0,0,0,0,19.444444444,20.0
1,0.597,0.26,0.303,0.303,0,0,0,0,0,0,0.355,19.444444444,20.0
1,0.568,0.0652,0.103,0.103,0,0,0,0,0,0,0,19.444444444,20.0
1,0.564,0.0161,0.0501,0.0501,0,0,0,0,0,0,0,19.444444444,20.0
1,0.564,0.0161,0.0501,0.0501,0,0,0,0,0,0,0,19.166666667,19.166666667
1,0.564,0.0161,0.0501,0.0501,0,0,0,0,0,0,0,19.166666667,19.166666667
1,0.564,0.0161,0.0501,0.0501,0,0,0,0,0,0,0,19.166666667,19.166666667
1,0.564,0.0161,0.0501,0.0501,0,0,0,0,0,0,0,19.166666667,19.166666667
1,0.564,0.0161,0.0501,0.0501,0,0,0,0,0,0,0,19.166666667,19.166666667
0.875,0.576,0.0377,0.183,0.183,0,0,0,0,0,0,0.369,19.166666667,19.166666667
0.658,0.588,0.0411,0.186,0.186,0,0,0,0,0,0,0.317,19.166666667,19.166666667
0.5,0.594,0.0476,0.189,0.189,0,0,0.0793,0.433,0,0,0.478,19.166666667,19.166666667
0.5,0.608,0.0715,0.256,0.256,0,0,0.394,0.05,0.767,0,0.332,19.166666667,19.166666667
0.5,0.608,0.0793,0.25,0.25,0,0,0.214,0,0,0,0.0457,19.444444444,20.0
0.5,0.608,0.0871,0.241,0.241,0,0,0.778,0,0,0.233,0.183,19.444444444,20.0
0.671,0.624,0.118,0.297,0.297,0,0,0.49,0,0,0,0.137,19.444444444,20.0
0.75,0.631,0.145,0.323,0.323,0,0,0.614,0,0,0,0.137,19.444444444,20.0
0.75,0.631,0.154,0.324,0.324,0,0,0.596,0,0,0,0.274,19.444444444,20.0
0.75,0.652,0.172,0.332,0.332,0,0,0,0,0,0.933,0,19.444444444,20.0
0.75,0.687,0.212,0.361,0.361,0,0,0,0,0,0.0333,0.274,19.444444444,20.0
0.75,0.722,0.259,0.435,0.435,0,0,0,0,0,0.433,0.0457,19.444444444,20.0
0.858,0.76,0.395,0.634,0.634,0,0,0,0,0,0.533,0.137,19.444444444,20.0
1,0.778,0.637,0.892,0.892,0.229,0.433,0,0,0,0.433,0.32,19.444444444,20.0
1,0.748,0.792,0.939,0.939,0.791,0.583,0,0,0,0.483,0,19.444444444,20.0
1,0.675,0.682,0.747,0.747,0,0,0,0,0,0.533,0.137,19.444444444,20.0
1,0.59,0.212,0.253,0.253,0,0,0,0,0,0,0.0457,19.444444444,20.0
1,0.565,0.0235,0.0578,0.0578,0,0,0,0,0,0,0,19.444444444,20.0
1,0.564,0.0222,0.0569,0.0569,0.127,0,0,0,0,0,0,19.444444444,20.0
1,0.564,0.0161,0.0501,0.0501,0,0,0,0,0,0,0,19.166666667,19.166666667
1,0.564,0.0161,0.0501,0.0501,0,0,0,0,0,0,0,19.166666667,19.166666667
1,0.564,0.0161,0.0501,0.0501,0,0,0,0,0,0,0,19.166666667,19.166666667
1,0.564,0.0161,0.0501,0.0501,0,0,0,0,0,0,0,19.166666667,19.166666667
0.892,0.563,0.0187,0.0607,0.0607,0,0,0,0,0,0.233,0,19.166666667,19.166666667
0.75,0.57,0.0277,0.121,0.121,0,0,0,0,0,0,0.0915,19.166666667,19.166666667
0.75,0.598,0.0506,0.236,0.236,0,0,0,0,0,0.933,0,19.166666667,19.166666667
0.579,0.613,0.0673,0.279,0.279,0,0,0,0,0,0.283,0.0915,19.166666667,19.166666667
0.5,0.608,0.0715,0.256,0.256,0,0,0,0,0,0,0.0915,19.166666667,19.166666667
0.267,0.587,0.0496,0.157,0.157,0,0,0,0,0,0,0.183,19.444444444,20.0
0.25,0.586,0.0516,0.146,0.146,0,0,0,0,0,0,0.0457,19.444444444,20.0
0.25,0.586,0.0539,0.142,0.142,0,0,0,0,0,0,0.0915,19.444444444,20.0
0.25,0.586,0.0592,0.141,0.141,0,0,0.33,0.433,0,0,0.229,19.444444444,20.0
0.25,0.586,0.0622,0.141,0.141,0,0,0.63,0.05,0.95,0,0.32,19.444444444,20.0
0.358,0.606,0.0907,0.185,0.185,0,0,0.48,0,0.0833,0,0.412,19.444444444,20.0
0.625,0.666,0.18,0.31,0.31,0,0,0,0,0,0.233,0.0915,19.444444444,20.0
0.779,0.729,0.27,0.452,0.452,0,0,0,0,0,0.183,0.683,19.444444444,20.0
1,0.792,0.456,0.728,0.728,0,0,0,0,0,0.05,0.329,19.444444444,20.0
1,0.769,0.608,0.853,0.853,0.663,0.933,0,0,0,0,0.318,19.444444444,20.0
1,0.682,0.513,0.62,0.62,0.71,0.0833,0,0,0,0,0.0915,19.444444444,20.0
1,0.613,0.309,0.357,0.357,0.682,0,0,0,0,0,0,19.444444444,20.0
1,0.579,0.132,0.17,0.17,0.653,0,0,0,0,0,0,19.444444444,20.0
1,0.567,0.0661,0.105,0.105,0.449,0,0,0,0,0,0,19.444444444,20.0
1,0.563,0.0288,0.0642,0.0642,0.603,0,0,0,0,0,0,19.444444444,20.0
1,0.563,0.0227,0.0572,0.0572,0.0854,0,0,0,0,0,0.183,19.166666667,19.166666667
1,0.562,0.0176,0.0505,0.0505,0,0,0,0,0,0,0.0457,19.166666667,19.166666667
1,0.563,0.016,0.0501,0.0501,0,0,0,0,0,0,0.183,19.166666667,19.166666667
1,0.564,0.0161,0.0501,0.0501,0,0,0,0,0,0,0,19.166666667,19.166666667
1,0.564,0.0161,0.0501,0.0501,0,0,0,0,0,0,0,19.166666667,19.166666667
1,0.57,0.0273,0.119,0.119,0,0,0,0,0,0,0.426,19.166666667,19.166666667
1,0.598,0.0506,0.236,0.236,0,0,0,0,0,0.483,0.184,19.166666667,19.166666667
0.767,0.608,0.0615,0.253,0.253,0,0,0,0,0,0,0.126,19.166666667,19.166666667
0.642,0.608,0.0715,0.256,0.256,0,0,0,0,0,0,0.218,19.166666667,19.166666667
0.5,0.608,0.0793,0.25,0.25,0,0,0,0,0,0,0.0915,19.444444444,20.0
0.5,0.608,0.0871,0.241,0.241,0,0,0,0,0,0,0,19.444444444,20.0
0.5,0.608,0.0917,0.235,0.235,0,0,0,0,0,0,0.137,19.444444444,20.0
0.608,0.618,0.121,0.272,0.272,0,0,0,0,0,0.433,0.412,19.444444444,20.0
0.75,0.631,0.154,0.324,0.324,0,0,0,0,0,0.283,0.137,19.444444444,20.0
0.688,0.645,0.159,0.309,0.309,0,0,0.241,0.233,0.45,0,0.457,19.444444444,20.0
0.579,0.658,0.167,0.29,0.29,0,0,0.308,0,0.583,0.183,0.222,19.444444444,20.0
0.671,0.705,0.234,0.395,0.395,0,0,0,0,0,0.05,0.34,19.444444444,20.0
0.642,0.71,0.298,0.484,0.484,0,0,0,0,0,0,0.0946,19.444444444,20.0
0.329,0.611,0.15,0.233,0.233,0,0,0,0,0,0,0,19.444444444,20.0
0.342,0.58,0.0881,0.132,0.132,0,0,0,0,0,0,0,19.444444444,20.0
0.858,0.611,0.297,0.344,0.344,0,0,0,0,0,0,0.137,19.444444444,20.0
1,0.581,0.144,0.183,0.183,0,0,0,0,0,0,0,19.444444444,20.0
1,0.565,0.0235,0.0578,0.0578,0,0,0,0,0,0,0,19.444444444,20.0
1,0.563,0.0217,0.0533,0.0533,0,0,0,0,0.0333,0,0,19.444444444,20.0
1,0.564,0.0184,0.0501,0.0501,0,0,0,0,0,0,0,19.166666667,19.166666667
1,0.564,0.0184,0.0501,0.0501,0,0,0,0,0,0,0,19.166666667,19.166666667
1,0.564,0.0184,0.0501,0.0501,0,0,0,0,0,0,0,19.166666667,19.166666667
1,0.564,0.0184,0.0501,0.0501,0,0,0,0,0,0,0,19.166666667,19.166666667
1,0.564,0.0184,0.0501,0.0501,0,0,0,0,0,0,0,19.166666667,19.166666667
0.996,0.564,0.0187,0.0517,0.0517,0,0,0,0,0,0,0,19.166666667,19.166666667
0.75,0.582,0.0378,0.147,0.147,0,0,0,0,0,0,0.137,19.166666667,19.166666667
0.558,0.569,0.0273,0.0756,0.0756,0,0,0,0,0,0,0.0597,19.166666667,19.166666667
0.496,0.597,0.0896,0.205,0.205,0,0,0,0,0,0,0.308,19.166666667,19.166666667
0.312,0.592,0.0901,0.175,0.175,0,0,0,0,0,0,0.294,19.444444444,20.0
0.121,0.574,0.049,0.0962,0.0962,0,0,0,0,0,0,0.105,19.444444444,20.0
0,0.564,0.0184,0.0501,0.0501,0,0,0,0,0,0,0,19.444444444,20.0
0.00833,0.564,0.0215,0.0532,0.0532,0,0,0,0,0,0,0,19.444444444,20.0
0.5,0.609,0.206,0.233,0.233,0,0,0,0,0,0.267,0.274,19.444444444,20.0
0.758,0.656,0.333,0.337,0.337,0,0,0,0,0,0.95,0.26,19.444444444,20.0
1,0.731,0.455,0.469,0.469,0,0,0,0,0,0.0167,0.229,19.444444444,20.0
1,0.778,0.472,0.573,0.573,0,0,0.266,0.267,0,0.217,0.595,19.444444444,20.0
1,0.793,0.558,0.742,0.742,0,0,0.687,0.467,0.533,0,0.137,19.444444444,20.0
1,0.777,0.731,0.904,0.904,0,0,0.762,0,1,0,0.137,19.444444444,20.0
1,0.745,0.853,0.936,0.936,0,0,0.14,0,0.0167,0,0.0457,19.444444444,20.0
1,0.645,0.544,0.576,0.576,0,0,0.0969,0.517,0,0,0.0457,19.444444444,20.0
1,0.585,0.196,0.219,0.219,0,0,0,0.217,0.783,0,0,19.444444444,20.0
1,0.566,0.0702,0.1,0.1,0,0,0,0,1,0,0.0457,19.444444444,20.0
1,0.562,0.043,0.0744,0.0744,0,0,0,0,0,0,0.242,19.444444444,20.0
1,0.562,0.0269,0.0572,0.0572,0,0,0,0,0,0,0.164,19.166666667,19.166666667
1,0.563,0.0199,0.0505,0.0505,0,0,0,0,0,0,0,19.166666667,19.166666667
1,0.564,0.0184,0.0501,0.0501,0,0,0,0,0,0,0,19.166666667,19.166666667
1,0.562,0.0198,0.0509,0.0509,0,0,0,0,0,0,0.259,19.166666667,19.166666667
0.767,0.563,0.0185,0.0502,0.0502,0,0,0,0,0,0,0,19.166666667,19.166666667
0.75,0.572,0.0304,0.147,0.147,0,0,0,0,0,0.467,0.0457,19.166666667,19.166666667
0.921,0.61,0.0689,0.297,0.297,0,0,0,0,0,0.933,0.512,19.166666667,19.166666667
1,0.628,0.12,0.337,0.337,0,0,0,0,0,1,0.43,19.166666667,19.166666667
0.892,0.619,0.138,0.294,0.294,0,0,0,0,0,0.183,0.287,19.166666667,19.166666667
0.75,0.607,0.133,0.234,0.234,0,0,0,0,0,0,0.671,19.444444444,20.0
0.579,0.592,0.102,0.166,0.166,0,0,0,0,0,0,0,19.444444444,20.0
0.5,0.585,0.087,0.134,0.134,0,0,0,0,0,0,0.0915,19.444444444,20.0
0.5,0.605,0.177,0.211,0.211,0,0,0,0,0,0.433,0.41,19.444444444,20.0
0.5,0.603,0.189,0.201,0.201,0,0,0,0,0,0.0333,0.385,19.444444444,20.0
0.733,0.592,0.122,0.134,0.134,0,0,0,0,0,0,0.0457,19.444444444,20.0
0.983,0.642,0.231,0.215,0.215,0,0,0,0,0,0,0.366,19.444444444,20.0
1,0.766,0.459,0.403,0.403,0,0,0,0,0,0.7,0.0915,19.444444444,20.0
1,0.789,0.554,0.482,0.482,0,0,0,0,0,0,0.0457,19.444444444,20.0
1,0.766,0.691,0.586,0.586,0,0,0,0,0,0,0,19.444444444,20.0
1,0.742,0.844,0.767,0.767,0,0,0,0,0,0,0.0457,19.444444444,20.0
1,0.685,0.802,0.883,0.883,0,0,0,0,0,0,0,19.444444444,20.0
1,0.617,0.471,0.565,0.565,0,0,0,0,0,0,0,19.444444444,20.0
1,0.571,0.141,0.172,0.172,0,0,0,0,0,0,0.229,19.444444444,20.0
1,0.562,0.0285,0.0642,0.0642,0,0,0,0,0,0,0,19.444444444,20.0
1,0.563,0.0172,0.0514,0.0514,0,0,0,0,0,0,0,19.166666667,19.166666667
1,0.564,0.0161,0.0501,0.0501,0,0,0,0,0,0,0,19.166666667,19.166666667
1,0.564,0.0161,0.0501,0.0501,0,0,0,0,0,0,0,19.166666667,19.166666667
1,0.562,0.0181,0.0509,0.0509,0,0,0,0,0,0.7,0.229,19.166666667,19.166666667
1,0.561,0.0244,0.0817,0.0817,0,0,0,0,0,0,0.648,19.166666667,19.166666667
1,0.575,0.0395,0.186,0.186,0,0,0.123,0.517,0.167,0,0.526,19.166666667,19.166666667
0.829,0.585,0.0393,0.17,0.17,0,0,0,0,1,0,0.154,19.166666667,19.166666667
0.75,0.585,0.039,0.146,0.146,0,0,0,0,0.0667,0,0.467,19.166666667,19.166666667
0.75,0.605,0.0704,0.233,0.233,0,0,0,0,0,0.7,0.319,19.166666667,19.166666667
0.704,0.623,0.104,0.303,0.303,0,0,0,0,0,0,0.113,19.444444444,20.0
0.5,0.607,0.0877,0.225,0.225,0,0,0,0,0,0,0.0915,19.444444444,20.0
0.5,0.607,0.0924,0.219,0.219,0,0,0,0,0,0.433,0.0915,19.444444444,20.0
0.5,0.607,0.103,0.217,0.217,0,0,0,0,0,0.5,0.32,19.444444444,20.0
0.5,0.607,0.109,0.216,0.216,0,0,0,0,0,0,0.519,19.444444444,20.0
0.5,0.621,0.121,0.217,0.217,0,0,0,0,0,0,0,19.444444444,20.0
0.733,0.682,0.21,0.3,0.3,0,0,0,0,0,0.183,0.0457,19.444444444,20.0
0.75,0.719,0.261,0.323,0.323,0,0,0,0,0,0.717,0.0915,19.444444444,20.0
0.796,0.743,0.37,0.394,0.394,0,0,0,0,0,0.0333,0,19.444444444,20.0
1,0.775,0.643,0.612,0.612,0,0,0,0,0,0,0.0457,19.444444444,20.0
1,0.745,0.799,0.777,0.777,0,0,0,0,0,0,0,19.444444444,20.0
1,0.667,0.654,0.754,0.754,0,0,0,0,0,0,0,19.444444444,20.0
1,0.587,0.201,0.277,0.277,0,0,0,0,0,0,0,19.444444444,20.0
1,0.565,0.0236,0.0594,0.0594,0,0,0,0,0,0,0,19.444444444,20.0
1,0.563,0.0222,0.0569,0.0569,0,0,0,0,0,0,0.0622,19.444444444,20.0
1,0.564,0.0161,0.0501,0.0501,0,0,0,0,0,0,0,19.166666667,19.166666667
1,0.564,0.0161,0.0501,0.0501,0,0,0,0,0,0,0,19.166666667,19.166666667
1,0.564,0.0161,0.0501,0.0501,0,0,0,0,0,0,0,19.166666667,19.166666667
0.892,0.563,0.0171,0.0506,0.0506,0,0,0,0,0,0,0.0457,19.166666667,19.166666667
0.75,0.562,0.0217,0.0716,0.0716,0,0,0,0,0,0,0.717,19.166666667,19.166666667
0.75,0.572,0.0331,0.149,0.149,0,0,0,0,0,0.433,0.251,19.166666667,19.166666667
0.75,0.598,0.0518,0.233,0.233,0,0,0,0,0,0.0333,0.229,19.166666667,19.166666667
0.75,0.627,0.0837,0.33,0.33,0,0,0,0,0,0,0.587,19.166666667,19.166666667
0.704,0.625,0.0948,0.317,0.317,0,0,0,0,0,0,0.415,19.166666667,19.166666667
0.671,0.622,0.102,0.296,0.296,0,0,0,0,0,0,0.18,19.444444444,20.0
0.75,0.629,0.124,0.313,0.313,0,0,0,0,0,0,0.566,19.444444444,20.0
0.579,0.614,0.104,0.246,0.246,0,0,0,0,0,0,0.183,19.444444444,20.0
0.5,0.607,0.103,0.217,0.217,0,0,0,0,0,0,0.0457,19.444444444,20.0
0.329,0.592,0.0772,0.16,0.16,0,0,0,0,0,0,0.0915,19.444444444,20.0
0.483,0.62,0.118,0.211,0.211,0,0,0,0,0,0.233,0.0915,19.444444444,20.0
0.5,0.644,0.148,0.22,0.22,0,0,0,0,0,0,0.229,19.444444444,20.0
0.779,0.726,0.272,0.334,0.334,0,0,0,0,0,0,0.333,19.444444444,20.0
1,0.789,0.46,0.482,0.482,0,0,0,0,0,0,0,19.444444444,20.0
1,0.775,0.643,0.612,0.612,0,0,0,0,0,0.233,0.0457,19.444444444,20.0
1,0.745,0.799,0.777,0.777,0,0,0,0,0,0,0.0457,19.444444444,20.0
1,0.667,0.654,0.754,0.754,0,0,0,0,0,0,0,19.444444444,20.0
1,0.594,0.25,0.338,0.338,0,0,0,0,0,0,0,19.444444444,20.0
1,0.568,0.074,0.116,0.116,0,0,0,0,0,0,0.143,19.444444444,20.0
1,0.563,0.0255,0.0608,0.0608,0,0,0,0,0,0,0,19.444444444,20.0
1,0.563,0.0187,0.0528,0.0528,0,0,0,0,0,0,0,19.166666667,19.166666667
1,0.563,0.0165,0.0505,0.0505,0,0,0,0,0,0,0,19.166666667,19.166666667
1,0.564,0.0161,0.0501,0.0501,0,0,0,0,0,0,0,19.166666667,19.166666667
1,0.563,0.0169,0.0504,0.0504,0,0,0,0,0,0,0.154,19.166666667,19.166666667
0.721,0.562,0.0209,0.0675,0.0675,0,0,0,0,0,0,0.147,19.166666667,19.166666667
0.5,0.564,0.0161,0.0501,0.0501,0,0,0,0,0,0,0,19.166666667,19.166666667
0.5,0.58,0.0331,0.137,0.137,0.395,0.433,0,0,0,0,0.366,19.166666667,19.166666667
0.5,0.605,0.0608,0.235,0.235,0.566,0.8,0,0,0,0,0.0915,19.166666667,19.166666667
0.5,0.607,0.072,0.24,0.24,0.404,0,0,0,0,0,0,19.166666667,19.166666667
0.5,0.607,0.0799,0.234,0.234,0.563,0,0,0,0,0,0.42,19.444444444,20.0
0.392,0.598,0.0721,0.187,0.187,0.799,0,0,0,0,0,0.229,19.444444444,20.0
0.483,0.605,0.09,0.213,0.213,0.637,0.933,0,0,0,0,0.0915,19.444444444,20.0
0.5,0.607,0.103,0.217,0.217,0.509,0.3,0,0,0,0,0.229,19.444444444,20.0
0.546,0.611,0.118,0.232,0.232,0.58,0,0,0,0,0,0.0457,19.444444444,20.0
0.75,0.65,0.173,0.3,0.3,0,0,0,0,0,0.7,0.0457,19.444444444,20.0
0.471,0.639,0.139,0.21,0.21,0,0,0,0,0,0,0.32,19.444444444,20.0
0.358,0.638,0.134,0.181,0.181,0,0,0,0,0,0,0.229,19.444444444,20.0
0.608,0.701,0.287,0.313,0.313,0,0,0,0,0,0.467,0.0457,19.444444444,20.0
0.75,0.722,0.486,0.472,0.472,0,0,0,0,0,0,0.172,19.444444444,20.0
0.75,0.68,0.517,0.515,0.515,0,0,0,0,0,0,0.0915,19.444444444,20.0
0.75,0.624,0.393,0.467,0.467,0,0,0,0,0,0,0,19.444444444,20.0
0.983,0.571,0.0691,0.113,0.113,0,0,0,0,0,0,0.0915,19.444444444,20.0
1,0.564,0.0161,0.0501,0.0501,0,0,0,0,0,0,0,19.444444444,20.0
1,0.563,0.0222,0.0569,0.0569,0,0,0,0,0,0,0,19.444444444,20.0
1,0.564,0.0161,0.0501,0.0501,0,0,0,0,0,0,0,19.166666667,19.166666667
1,0.564,0.0161,0.0501,0.0501,0,0,0,0,0,0,0,19.166666667,19.166666667
1,0.564,0.0161,0.0501,0.0501,0,0,0,0,0,0,0,19.166666667,19.166666667
0.954,0.562,0.0177,0.0508,0.0508,0,0,0,0,0,0,0.131,19.166666667,19.166666667
0.75,0.564,0.0161,0.0501,0.0501,0,0,0,0,0,0,0,19.166666667,19.166666667
0.75,0.569,0.0274,0.116,0.116,0,0,0,0,0,0,0.711,19.166666667,19.166666667
0.517,0.588,0.0419,0.182,0.182,0,0,0,0,0,0,0.216,19.166666667,19.166666667
0.329,0.592,0.0461,0.176,0.176,0,0,0,0,0,0,0.183,19.166666667,19.166666667
0.296,0.589,0.0492,0.162,0.162,0,0,0,0,0,0,0.274,19.166666667,19.166666667
0.5,0.607,0.0799,0.234,0.234,0,0,0,0,0,0,0.0915,19.444444444,20.0
0.5,0.607,0.0877,0.225,0.225,0,0,0,0,0,0,0.0915,19.444444444,20.0
0.438,0.602,0.0828,0.198,0.198,0,0,0,0,0,0.433,0.288,19.444444444,20.0
0.671,0.607,0.103,0.217,0.217,0,0,0,0,0,0.0333,0.32,19.444444444,20.0
0.75,0.607,0.109,0.216,0.216,0,0,0,0,0,0,0.0457,19.444444444,20.0
0.517,0.621,0.121,0.217,0.217,0,0,0,0,0,0,0.412,19.444444444,20.0
0.654,0.669,0.189,0.273,0.273,0.345,0.433,0,0,0,0,0.0915,19.444444444,20.0
0.892,0.748,0.307,0.375,0.375,0.181,0.55,0.164,0.183,0,0,0.338,19.444444444,20.0
0.921,0.771,0.426,0.449,0.449,0,0,0.874,0.333,0.667,0.233,0.229,19.444444444,20.0
0.829,0.739,0.533,0.515,0.515,0,0,0.225,0,0.317,0,0.0915,19.444444444,20.0
0.921,0.731,0.738,0.721,0.721,0,0,0,0,0,0.233,0,19.444444444,20.0
1,0.66,0.607,0.701,0.701,0,0,0,0,0,0,0,19.444444444,20.0
1,0.594,0.25,0.338,0.338,0,0,0,0,0,0,0.146,19.444444444,20.0
1,0.568,0.074,0.116,0.116,0,0,0,0,0,0,0.158,19.444444444,20.0
1,0.563,0.0248,0.0595,0.0595,0,0,0,0,0,0,0.0715,19.444444444,20.0
1,0.564,0.0161,0.0501,0.0501,0,0,0,0,0,0,0,19.166666667,19.166666667
1,0.564,0.0161,0.0501,0.0501,0,0,0,0,0,0,0,19.166666667,19.166666667
1,0.564,0.0161,0.0501,0.0501,0,0,0,0,0,0,0,19.166666667,19.166666667
1,0.564,0.0161,0.0501,0.0501,0,0,0,0,0,0,0,19.166666667,19.166666667
1,0.561,0.0243,0.0816,0.0816,0,0,0,0,0,0.233,0.362,19.166666667,19.166666667
1,0.575,0.0395,0.186,0.186,0,0,0,0,0,0,0.423,19.166666667,19.166666667
0.875,0.613,0.0676,0.314,0.314,0,0,0,0,0,0,0.417,19.166666667,19.166666667
0.658,0.62,0.076,0.301,0.301,0,0,0,0,0,0,0.435,19.166666667,19.166666667
0.5,0.607,0.072,0.24,0.24,0,0,0,0,0,0,0.0915,19.166666667,19.166666667
0.5,0.607,0.0799,0.234,0.234,0,0,0,0,0,0,0.0915,19.444444444,20.0
0.608,0.616,0.103,0.263,0.263,0,0,0,0,0,0,0.183,19.444444444,20.0
0.642,0.619,0.114,0.267,0.267,0,0,0,0,0,0,0,19.444444444,20.0
0.5,0.607,0.103,0.217,0.217,0,0,0,0,0,0,0.137,19.444444444,20.0
0.267,0.587,0.0655,0.139,0.139,0,0,0,0,0,0,0.0457,19.444444444,20.0
0.404,0.611,0.101,0.185,0.185,0,0,0,0,0,0,0.0457,19.444444444,20.0
0.75,0.618,0.106,0.168,0.168,0,0,0,0,0,0,0.0915,19.444444444,20.0
0.858,0.648,0.149,0.198,0.198,0,0,0,0,0,0,0.0915,19.444444444,20.0
1,0.785,0.454,0.476,0.476,0.497,0.683,0,0,0,0,0.0457,19.444444444,20.0
1,0.775,0.643,0.612,0.612,0.658,0.3,0,0,0,0,0.0673,19.444444444,20.0
1,0.745,0.799,0.777,0.777,0.528,0,0,0,0,0,0.0457,19.444444444,20.0
0.892,0.673,0.688,0.792,0.792,0,0,0,0,0,0,0.229,19.444444444,20.0
0.983,0.603,0.326,0.43,0.43,0,0,0,0,0,0,0.217,19.444444444,20.0
0.875,0.566,0.0435,0.0813,0.0813,0,0,0,0,0,0,0,19.444444444,20.0
0.938,0.564,0.0184,0.0501,0.0501,0,0,0,0,0,0,0,19.444444444,20.0
1,0.564,0.0184,0.0501,0.0501,0,0,0,0,0,0,0,19.166666667,19.166666667
1,0.564,0.0184,0.0501,0.0501,0,0,0,0,0,0,0,19.166666667,19.166666667
1,0.564,0.0184,0.0501,0.0501,0,0,0,0,0,0,0,19.166666667,19.166666667
1,0.564,0.0184,0.0501,0.0501,0,0,0,0,0,0,0,19.166666667,19.166666667
1,0.564,0.0184,0.0501,0.0501,0,0,0,0,0,0,0,19.166666667,19.166666667
1,0.566,0.0222,0.0809,0.0809,0,0,0,0,0,0,0.0457,19.166666667,19.166666667
1,0.581,0.037,0.142,0.142,0,0,0,0,0,0,0.0915,19.166666667,19.166666667
1,0.585,0.0523,0.146,0.146,0,0,0,0,0,0,0,19.166666667,19.166666667
1,0.585,0.0653,0.145,0.145,0,0,0,0,0,0,0.557,19.166666667,19.166666667
0.892,0.576,0.0505,0.102,0.102,0,0,0,0,0,0,0.132,19.444444444,20.0
0.75,0.588,0.0898,0.148,0.148,0,0,0,0,0,0,0.183,19.444444444,20.0
0.704,0.623,0.207,0.282,0.282,0,0,0,0,0,0,0.0915,19.444444444,20.0
0.392,0.598,0.146,0.181,0.181,0.102,0.183,0,0,0,0,0.32,19.444444444,20.0
0.25,0.585,0.112,0.133,0.133,0.67,1,0,0,0,0,0.137,19.444444444,20.0
0.25,0.592,0.122,0.134,0.134,0,0.05,0,0,0,0.233,0.229,19.444444444,20.0
0.421,0.632,0.203,0.193,0.193,0,0,0,0,0,0,0.183,19.444444444,20.0
0.375,0.641,0.189,0.186,0.186,0,0,0,0,0,0,0.0915,19.444444444,20.0
0.5,0.676,0.286,0.266,0.266,0,0,0,0,0,0,0.137,19.444444444,20.0
0.5,0.669,0.371,0.331,0.331,0,0,0,0,0,0,0,19.444444444,20.0
0.625,0.677,0.543,0.506,0.506,0,0,0,0,0,0,0.155,19.444444444,20.0
0.5,0.624,0.41,0.467,0.467,0,0,0,0,0,0,0.157,19.444444444,20.0
0.5,0.578,0.135,0.182,0.182,0,0,0,0,0,0,0.0895,19.444444444,20.0
0.733,0.564,0.0184,0.0501,0.0501,0,0,0,0,0,0,0,19.444444444,20.0
0.812,0.564,0.0281,0.0603,0.0603,0,0,0,0,0,0,0,19.444444444,20.0
0.75,0.564,0.0184,0.0501,0.0501,0,0,0,0,0,0,0,19.166666667,19.166666667
0.75,0.564,0.0184,0.0501,0.0501,0,0,0,0,0,0,0,19.166666667,19.166666667
0.75,0.564,0.0184,0.0501,0.0501,0,0,0,0,0,0,0,19.166666667,19.166666667
0.983,0.562,0.0198,0.0509,0.0509,0,0,0,0,0,0,0.183,19.166666667,19.166666667
1,0.562,0.0215,0.0717,0.0717,0,0,0,0,0,0,0.0457,19.166666667,19.166666667
1,0.569,0.0268,0.118,0.118,0,0,0,0,0,0,0.0457,19.166666667,19.166666667
1,0.581,0.037,0.142,0.142,0,0,0,0,0,0,0.301,19.166666667,19.166666667
1,0.605,0.0849,0.235,0.235,0,0,0,0,0,0,0.262,19.166666667,19.166666667
1,0.637,0.177,0.369,0.369,0,0,0,0,0,0,0.569,19.166666667,19.166666667
0.829,0.635,0.207,0.355,0.355,0,0,0.443,0.433,0,0.933,0.382,19.444444444,20.0
0.75,0.629,0.209,0.313,0.313,0,0,0.517,0.0833,0.917,0.233,0.375,19.444444444,20.0
0.921,0.643,0.271,0.361,0.361,0,0,0.295,0,0.317,0,0.366,19.444444444,20.0
0.767,0.63,0.267,0.306,0.306,0,0,0.684,0,0,0,0,19.444444444,20.0
0.75,0.629,0.3,0.3,0.3,0,0,0.423,0,0,0,0.229,19.444444444,20.0
0.75,0.65,0.33,0.3,0.3,0,0,0.535,0,0,0,0,19.444444444,20.0
0.75,0.684,0.348,0.305,0.305,0,0,0.83,0,0,0,0.137,19.444444444,20.0
0.688,0.706,0.331,0.3,0.3,0,0,0.17,0,0,0.433,0.64,19.444444444,20.0
0.796,0.743,0.445,0.394,0.394,0,0,0,0,0,0.0333,0.439,19.444444444,20.0
1,0.775,0.724,0.612,0.612,0.549,0.933,0,0,0,0,0.621,19.444444444,20.0
1,0.745,0.856,0.777,0.777,0,0.05,0,0,0,0.233,0.264,19.444444444,20.0
1,0.685,0.802,0.883,0.883,0,0,0,0,0,0,0.137,19.444444444,20.0
0.767,0.61,0.41,0.495,0.495,0,0,0,0,0,0,0,19.444444444,20.0
0.983,0.573,0.194,0.223,0.223,0,0,0,0,0,0,0.192,19.444444444,20.0
1,0.562,0.0408,0.0779,0.0779,0,0,0.117,0,0,0,0,19.444444444,20.0
1,0.562,0.0228,0.0572,0.0572,0,0,0,0,0,0,0,19.166666667,19.166666667
1,0.563,0.0165,0.0505,0.0505,0,0,0,0,0,0,0,19.166666667,19.166666667
1,0.564,0.0161,0.0501,0.0501,0,0,0,0,0,0,0,19.166666667,19.166666667
1,0.562,0.0181,0.0509,0.0509,0,0,0,0,0,0,0.286,19.166666667,19.166666667
1,0.562,0.0218,0.0717,0.0717,0,0,0,0,0,0,0.284,19.166666667,19.166666667
0.954,0.571,0.0308,0.136,0.136,0,0,0,0,0,0,0.303,19.166666667,19.166666667
0.75,0.581,0.0339,0.142,0.142,0,0,0,0,0,0,0.0457,19.166666667,19.166666667
0.704,0.601,0.0565,0.217,0.217,0,0,0,0,0,0,0.183,19.166666667,19.166666667
0.5,0.585,0.044,0.145,0.145,0,0,0,0,0,0,0.0457,19.166666667,19.166666667
0.5,0.585,0.048,0.142,0.142,0,0,0,0,0,0,0,19.444444444,20.0
0.546,0.589,0.0585,0.154,0.154,0,0,0.178,0.183,0,0,0,19.444444444,20.0
0.796,0.611,0.0994,0.234,0.234,0,0,0.812,0.333,0.667,0.183,0.0457,19.444444444,20.0
0.767,0.608,0.106,0.222,0.222,0,0,0.49,0,0.817,0.05,0.137,19.444444444,20.0
0.875,0.618,0.132,0.258,0.258,0,0,0.372,0,0,0.433,0.183,19.444444444,20.0
0.858,0.647,0.167,0.289,0.289,0,0,0.258,0,0,0.5,0.229,19.444444444,20.0
0.767,0.686,0.217,0.311,0.311,0,0,0.529,0,0,0,0.229,19.444444444,20.0
0.983,0.768,0.339,0.409,0.409,0,0,0.241,0,0,0,0.183,19.444444444,20.0
1,0.789,0.46,0.482,0.482,0,0,0.357,0,0,0,0.229,19.444444444,20.0
1,0.775,0.643,0.612,0.612,0,0,0.863,0,0,0,0.0915,19.444444444,20.0
1,0.745,0.799,0.777,0.777,0,0,0.542,0,0,0,0,19.444444444,20.0
1,0.658,0.594,0.687,0.687,0,0,0.498,0,0,0,0.137,19.444444444,20.0
1,0.608,0.367,0.481,0.481,0,0,0.288,0,0,0,0.0457,19.444444444,20.0
1,0.572,0.148,0.198,0.198,0,0,0.355,0,0,0,0.245,19.444444444,20.0
1,0.562,0.0369,0.0735,0.0735,0,0,0.367,0,0,0,0.253,19.444444444,20.0
1,0.562,0.0228,0.0572,0.0572,0,0,0.417,0,0,0,0.0915,19.166666667,19.166666667
1,0.562,0.0174,0.0505,0.0505,0,0,0.269,0,0,0,0,19.166666667,19.166666667
1,0.563,0.0162,0.0501,0.0501,0,0,0.047,0,0,0,0,19.166666667,19.166666667
1,0.563,0.0166,0.0503,0.0503,0,0,0,0,0,0,0.0915,19.166666667,19.166666667
1,0.564,0.0161,0.0501,0.0501,0,0,0,0,0,0,0,19.166666667,19.166666667
1,0.569,0.0274,0.116,0.116,0,0,0,0,0,0,0.286,19.166666667,19.166666667
0.829,0.609,0.0635,0.292,0.292,0,0,0,0,0,0,0.235,19.166666667,19.166666667
0.75,0.628,0.0849,0.337,0.337,0,0,0.263,0.517,0.417,0,0.34,19.166666667,19.166666667
0.75,0.629,0.0999,0.335,0.335,0,0,0.508,0,0.567,0,0.402,19.166666667,19.166666667
0.875,0.639,0.128,0.371,0.371,0,0,0.26,0,0,0,0,19.444444444,20.0
0.517,0.608,0.0899,0.231,0.231,0,0,0.482,0,0,0,0.0915,19.444444444,20.0
0.5,0.607,0.0924,0.219,0.219,0,0,0.885,0,0,0,0.274,19.444444444,20.0
0.267,0.587,0.0622,0.139,0.139,0,0,0.477,0,0,0,0.0915,19.444444444,20.0
0.421,0.6,0.0945,0.19,0.19,0,0,0.636,0,0,0,0.183,19.444444444,20.0
0.5,0.621,0.121,0.217,0.217,0,0,0.725,0,0,0,0.0457,19.444444444,20.0
0.779,0.69,0.222,0.315,0.315,0,0,0.342,0,0,0,0.0457,19.444444444,20.0
0.875,0.745,0.302,0.369,0.369,0,0,0,0,0,0.433,0.212,19.444444444,20.0
1,0.789,0.46,0.482,0.482,0,0,0,0,0,0.267,0.137,19.444444444,20.0
1,0.775,0.643,0.612,0.612,0,0,0,0,0,0,0.0915,19.444444444,20.0
1,0.745,0.799,0.777,0.777,0,0,0,0,0,0,0,19.444444444,20.0
1,0.685,0.769,0.883,0.883,0,0,0,0,0,0,0.13,19.444444444,20.0
1,0.597,0.275,0.366,0.366,0,0,0,0,0,0,0,19.444444444,20.0
1,0.568,0.074,0.116,0.116,0,0,0,0,0,0,0,19.444444444,20.0
1,0.564,0.0161,0.0501,0.0501,0,0,0,0,0,0,0,19.444444444,20.0
1,0.562,0.0217,0.056,0.056,0,0,0,0,0,0,0.0457,19.166666667,19.166666667
1,0.562,0.0174,0.0505,0.0505,0,0,0,0,0,0,0.0457,19.166666667,19.166666667
1,0.563,0.0161,0.0501,0.0501,0,0,0,0,0,0,0,19.166666667,19.166666667
1,0.564,0.0161,0.0501,0.0501,0,0,0,0,0,0,0,19.166666667,19.166666667
1,0.564,0.0161,0.0501,0.0501,0,0,0,0,0,0,0,19.166666667,19.166666667
1,0.575,0.0387,0.183,0.183,0,0,0,0,0,0,0.42,19.166666667,19.166666667
0.533,0.572,0.0256,0.0999,0.0999,0,0,0,0,0,0,0.0915,19.166666667,19.166666667
0.5,0.585,0.039,0.146,0.146,0,0,0.515,0.767,0.167,0,0.32,19.166666667,19.166666667
0.671,0.6,0.0634,0.21,0.21,0,0,0.623,0,0.817,0,0,19.166666667,19.166666667
0.75,0.607,0.0799,0.234,0.234,0,0,0.502,0,0,0,0.207,19.444444444,20.0
0.517,0.587,0.0541,0.144,0.144,0,0,0.308,0,0,0,0.103,19.444444444,20.0
0.5,0.585,0.0543,0.134,0.134,0,0,0.38,0,0,0,0.137,19.444444444,20.0
0.5,0.585,0.0596,0.133,0.133,0,0,0.426,0,0,0,0.549,19.444444444,20.0
0.608,0.604,0.103,0.205,0.205,0,0,0.421,0,0,0,0.0915,19.444444444,20.0
0.796,0.65,0.173,0.3,0.3,0,0,0.902,0,0,0,0.137,19.444444444,20.0
1,0.684,0.213,0.305,0.305,0,0,0.794,0,0,0,0.137,19.444444444,20.0
1,0.755,0.318,0.386,0.386,0,0,0.32,0,0,0.467,0.137,19.444444444,20.0
1,0.789,0.46,0.482,0.482,0,0,0.601,0,0,0,0.137,19.444444444,20.0
1,0.775,0.643,0.612,0.612,0,0,0.677,0,0,0,0,19.444444444,20.0
1,0.745,0.799,0.777,0.777,0,0,0.571,0,0,0,0.0457,19.444444444,20.0
1,0.673,0.688,0.792,0.792,0,0,0,0,0,0,0,19.444444444,20.0
1,0.589,0.214,0.291,0.291,0,0,0,0,0,0,0,19.444444444,20.0
1,0.566,0.0466,0.0847,0.0847,0,0,0,0,0,0,0.166,19.444444444,20.0
1,0.564,0.0161,0.0501,0.0501,0,0,0,0,0,0,0,19.444444444,20.0
1,0.564,0.0161,0.0501,0.0501,0,0,0,0,0,0,0,19.166666667,19.166666667
1,0.564,0.0161,0.0501,0.0501,0,0,0,0,0,0,0,19.166666667,19.166666667
1,0.564,0.0161,0.0501,0.0501,0,0,0,0,0,0,0,19.166666667,19.166666667
1,0.564,0.0161,0.0501,0.0501,0,0,0,0,0,0,0,19.166666667,19.166666667
1,0.564,0.0161,0.0501,0.0501,0,0,0,0,0,0,0,19.166666667,19.166666667
1,0.569,0.0274,0.116,0.116,0,0,0,0,0,0,0.253,19.166666667,19.166666667
1,0.581,0.0339,0.142,0.142,0,0,0,0,0,0,0.246,19.166666667,19.166666667
0.767,0.565,0.0173,0.0563,0.0563,0,0,0,0,0,0,0,19.166666667,19.166666667
0.75,0.584,0.0425,0.139,0.139,0,0,0,0,0,0,0.0915,19.166666667,19.166666667
0.75,0.626,0.108,0.313,0.313,0,0,0,0,0,0,0.58,19.444444444,20.0
0.642,0.614,0.0989,0.253,0.253,0,0,0,0,0,0,0.099,19.444444444,20.0
0.5,0.596,0.0733,0.177,0.177,0,0,0,0,0,0,0.274,19.444444444,20.0
0.5,0.607,0.103,0.217,0.217,0,0,0,0,0,0,0.137,19.444444444,20.0
0.5,0.607,0.109,0.216,0.216,0,0,0,0,0,0,0.0915,19.444444444,20.0
0.5,0.621,0.121,0.217,0.217,0,0,0,0,0,0.183,0.183,19.444444444,20.0
0.5,0.644,0.148,0.22,0.22,0,0,0,0,0,0.05,0.229,19.444444444,20.0
0.438,0.654,0.159,0.209,0.209,0,0,0,0,0,0,0.0915,19.444444444,20.0
0.779,0.739,0.364,0.388,0.388,0.394,0.433,0,0,0,0,0.376,19.444444444,20.0
0.875,0.749,0.563,0.541,0.541,0.441,0.733,0,0,0,0,0.364,19.444444444,20.0
1,0.745,0.799,0.777,0.777,0.596,0.8,0,0,0,0,0.0457,19.444444444,20.0
1,0.658,0.594,0.687,0.687,0,0,0,0,0,0,0.0884,19.444444444,20.0
1,0.569,0.0536,0.0921,0.0921,0,0,0,0,0,0,0,19.444444444,20.0
1,0.564,0.0161,0.0501,0.0501,0,0,0,0,0,0,0,19.444444444,20.0
1,0.564,0.0165,0.0501,0.0501,0,0,0,0,0,0,0,19.444444444,20.0
1,0.564,0.0161,0.0501,0.0501,0,0,0,0,0,0,0,19.166666667,19.166666667
1,0.564,0.0161,0.0501,0.0501,0,0,0,0,0,0,0,19.166666667,19.166666667
1,0.564,0.0161,0.0501,0.0501,0,0,0,0,0,0,0,19.166666667,19.166666667
1,0.564,0.0161,0.0501,0.0501,0,0,0,0,0,0,0,19.166666667,19.166666667
1,0.563,0.0187,0.0601,0.0601,0,0,0,0,0,0,0.55,19.166666667,19.166666667
1,0.569,0.0278,0.118,0.118,0,0,0,0,0,0,0.258,19.166666667,19.166666667
1,0.596,0.0498,0.222,0.222,0,0,0,0,0,0.933,0.0457,19.166666667,19.166666667
0.767,0.628,0.0849,0.337,0.337,0.0938,0.183,0,0,0,0,0.229,19.166666667,19.166666667
0.517,0.608,0.0735,0.246,0.246,0.432,1,0,0,0,0,0.0457,19.166666667,19.166666667
0.5,0.607,0.0799,0.234,0.234,0,0.05,0,0,0,0,0,19.444444444,20.0
0.5,0.607,0.0877,0.225,0.225,0.685,0.933,0,0,0,0,0.137,19.444444444,20.0
0.579,0.614,0.105,0.245,0.245,0,0.3,0,0,0,0.933,0.274,19.444444444,20.0
0.358,0.595,0.0786,0.169,0.169,0,0,0,0,0,0.95,0.0457,19.444444444,20.0
0.688,0.623,0.144,0.279,0.279,0,0,0,0,0,0,0.686,19.444444444,20.0
0.5,0.621,0.121,0.217,0.217,0,0,0,0,0,0.433,0.0457,19.444444444,20.0
0.671,0.672,0.193,0.278,0.278,0,0,0,0,0,0.0333,0.0915,19.444444444,20.0
0.579,0.683,0.205,0.261,0.261,0,0,0,0,0,0,0.137,19.444444444,20.0
0.733,0.729,0.343,0.368,0.368,0,0,0,0,0,0,0.0457,19.444444444,20.0
0.517,0.673,0.337,0.339,0.339,0,0,0,0,0,0,0.412,19.444444444,20.0
0.671,0.666,0.457,0.459,0.459,0,0,0,0,0,0,0.0457,19.444444444,20.0
0.75,0.612,0.311,0.376,0.376,0,0,0,0,0,0,0,19.444444444,20.0
0.921,0.579,0.133,0.194,0.194,0,0,0,0,0,0,0,19.444444444,20.0
1,0.565,0.0351,0.072,0.072,0,0,0,0,0,0,0,19.444444444,20.0
1,0.563,0.0256,0.0569,0.0569,0,0,0,0,0,0,0,19.444444444,20.0
1,0.564,0.0184,0.0501,0.0501,0,0,0,0,0,0,0,19.166666667,19.166666667
1,0.564,0.0184,0.0501,0.0501,0,0,0,0,0,0,0,19.166666667,19.166666667
1,0.564,0.0184,0.0501,0.0501,0,0,0,0,0,0,0,19.166666667,19.166666667
1,0.562,0.0198,0.0509,0.0509,0,0,0,0,0,0,0.0915,19.166666667,19.166666667
1,0.561,0.0237,0.0874,0.0874,0,0,0,0,0,0,0.372,19.166666667,19.166666667
1,0.575,0.0352,0.186,0.186,0,0,0,0,0,0,0.142,19.166666667,19.166666667
1,0.598,0.0557,0.233,0.233,0,0,0,0,0,0.933,0.083,19.166666667,19.166666667
0.954,0.612,0.095,0.265,0.265,0,0,0,0,0,0.717,0.352,19.166666667,19.166666667
0.75,0.607,0.112,0.24,0.24,0.367,0.433,0,0,0,0,0.137,19.166666667,19.166666667
0.408,0.587,0.0787,0.148,0.148,0.127,0.55,0,0,0,0,0.274,19.444444444,20.0
0.654,0.62,0.185,0.279,0.279,0,0,0,0,0,0.7,0.137,19.444444444,20.0
0.517,0.608,0.16,0.225,0.225,0,0,0,0,0,0,0.0828,19.444444444,20.0
0.5,0.607,0.181,0.217,0.217,0,0,0,0,0,0,0.342,19.444444444,20.0
0.608,0.616,0.247,0.252,0.252,0,0,0,0,0,0.433,0.119,19.444444444,20.0
0.983,0.65,0.33,0.3,0.3,0,0,0,0,0,0.267,0.107,19.444444444,20.0
1,0.712,0.423,0.363,0.363,0,0,0,0,0,0.233,0.371,19.444444444,20.0
0.767,0.722,0.367,0.329,0.329,0,0,0,0,0,0,0.0915,19.444444444,20.0
0.75,0.732,0.42,0.374,0.374,0.648,0.933,0,0,0,0,0.434,19.444444444,20.0
0.983,0.771,0.715,0.605,0.605,0.697,0.05,0.423,0.517,0.417,0,0.229,19.444444444,20.0
1,0.726,0.764,0.697,0.697,0,0,0.504,0,1,0,0,19.444444444,20.0
1,0.655,0.606,0.675,0.675,0,0,0,0,0.0667,0,0,19.444444444,20.0
1,0.589,0.231,0.291,0.291,0,0,0,0,0,0,0.0457,19.444444444,20.0
1,0.567,0.0757,0.107,0.107,0,0,0,0,0,0,0,19.444444444,20.0
1,0.562,0.046,0.0779,0.0779,0.131,0.25,0,0,0,0,0,19.444444444,20.0
1,0.562,0.0269,0.0572,0.0572,0,0,0,0,0,0,0,19.166666667,19.166666667
1,0.562,0.0209,0.0505,0.0505,0,0,0,0,0,0,0.229,19.166666667,19.166666667
1,0.563,0.0185,0.0501,0.0501,0,0,0,0,0,0,0,19.166666667,19.166666667
0.767,0.562,0.0198,0.0509,0.0509,0,0,0,0,0,0,0.0457,19.166666667,19.166666667
0.75,0.562,0.0215,0.0717,0.0717,0,0,0,0,0,0,0.274,19.166666667,19.166666667
0.75,0.569,0.0268,0.118,0.118,0,0,0,0,0,0,0.0915,19.166666667,19.166666667
0.75,0.581,0.037,0.142,0.142,0,0,0,0,0,0,0.0915,19.166666667,19.166666667
0.75,0.605,0.0849,0.235,0.235,0,0,0,0,0,0.467,0,19.166666667,19.166666667
0.75,0.607,0.112,0.24,0.24,0,0,0.436,0.517,0.417,0,0,19.166666667,19.166666667
0.75,0.627,0.187,0.319,0.319,0,0,0.495,0,0.567,0,0.132,19.444444444,20.0
0.75,0.629,0.209,0.313,0.313,0,0,0.498,0,0,0,0.434,19.444444444,20.0
0.704,0.625,0.212,0.288,0.288,0,0,0.468,0,0,0,0.0457,19.444444444,20.0
0.608,0.616,0.217,0.253,0.253,0,0,0.576,0,0,0.183,0.412,19.444444444,20.0
0.983,0.649,0.388,0.377,0.377,0,0,0.612,0,0,0.283,0.412,19.444444444,20.0
0.767,0.652,0.336,0.306,0.306,0,0,0.596,0,0,0,0.137,19.444444444,20.0
0.75,0.684,0.348,0.305,0.305,0,0,0.574,0,0,0.183,0.137,19.444444444,20.0
0.75,0.719,0.36,0.323,0.323,0,0,0.285,0,0,0.283,0.32,19.444444444,20.0
0.921,0.771,0.512,0.449,0.449,0,0,0.211,0,0,0,0,19.444444444,20.0
1,0.775,0.724,0.612,0.612,0,0,0,0,0,0,0,19.444444444,20.0
0.829,0.673,0.514,0.479,0.479,0,0,0,0,0,0,0.633,19.444444444,20.0
0.983,0.652,0.592,0.663,0.663,0,0,0,0,0,0,0.0457,19.444444444,20.0
1,0.608,0.397,0.481,0.481,0,0,0,0,0,0,0,19.444444444,20.0
1,0.572,0.168,0.198,0.198,0.626,0.683,0,0,0,0,0.167,19.444444444,20.0
1,0.562,0.0358,0.0723,0.0723,0.149,0.05,0,0,0,0,0.411,19.444444444,20.0
1,0.562,0.0217,0.0561,0.0561,0,0,0,0,0,0,0.225,19.166666667,19.166666667
1,0.564,0.0161,0.0501,0.0501,0,0,0,0,0,0,0,19.166666667,19.166666667
1,0.564,0.0161,0.0501,0.0501,0,0,0,0,0,0,0,19.166666667,19.166666667
0.767,0.564,0.0161,0.0501,0.0501,0,0,0,0,0,0,0,19.166666667,19.166666667
0.75,0.564,0.0161,0.0501,0.0501,0,0,0,0,0,0,0,19.166666667,19.166666667
0.75,0.572,0.0327,0.147,0.147,0,0,0,0,0,0.233,0.0915,19.166666667,19.166666667
0.517,0.581,0.0348,0.147,0.147,0,0,0,0,0,0,0.164,19.166666667,19.166666667
0.5,0.585,0.039,0.146,0.146,0,0,0,0,0,0,0.131,19.166666667,19.166666667
0.5,0.585,0.044,0.145,0.145,0,0,0,0,0,0,0.254,19.166666667,19.166666667
0.5,0.585,0.048,0.142,0.142,0,0,0,0,0,0,0.179,19.444444444,20.0
0.5,0.585,0.0519,0.138,0.138,0,0,0,0,0,0,0.0457,19.444444444,20.0
0.392,0.576,0.0377,0.098,0.098,0,0,0,0,0,0,0.0915,19.444444444,20.0
0.483,0.593,0.0761,0.164,0.164,0,0,0,0,0,0,0.229,19.444444444,20.0
0.5,0.607,0.109,0.216,0.216,0,0,0,0,0,0,0.229,19.444444444,20.0
0.671,0.641,0.157,0.274,0.274,0,0,0.439,0.25,0.433,0.467,0.137,19.444444444,20.0
0.75,0.684,0.213,0.305,0.305,0,0,0.583,0,0.55,0,0.223,19.444444444,20.0
0.983,0.768,0.339,0.409,0.409,0,0,0.333,0,0,0,0.183,19.444444444,20.0
1,0.789,0.46,0.482,0.482,0,0,0.301,0,0,0,0.137,19.444444444,20.0
1,0.775,0.643,0.612,0.612,0,0,0,0,0,0,0.0915,19.444444444,20.0
1,0.745,0.799,0.777,0.777,0,0,0,0,0,0,0.137,19.444444444,20.0
1,0.658,0.594,0.687,0.687,0,0,0,0,0,0,0,19.444444444,20.0
1,0.595,0.262,0.352,0.352,0,0,0,0,0,0,0.0879,19.444444444,20.0
1,0.568,0.074,0.116,0.116,0,0,0,0,0,0,0.072,19.444444444,20.0
1,0.562,0.0285,0.0642,0.0642,0,0,0,0,0,0,0,19.444444444,20.0
1,0.562,0.0228,0.0572,0.0572,0,0,0,0,0,0,0.32,19.166666667,19.166666667
1,0.563,0.0165,0.0505,0.0505,0,0,0,0,0,0,0,19.166666667,19.166666667
1,0.564,0.0161,0.0501,0.0501,0,0,0,0,0,0,0,19.166666667,19.166666667
0.767,0.564,0.0161,0.0501,0.0501,0,0,0,0,0,0,0,19.166666667,19.166666667
0.75,0.564,0.0161,0.0501,0.0501,0,0,0,0,0,0,0,19.166666667,19.166666667
0.517,0.564,0.0161,0.0501,0.0501,0,0,0,0,0,0,0,19.166666667,19.166666667
0.5,0.588,0.041,0.177,0.177,0,0,0,0,0,0.233,0,19.166666667,19.166666667
0.267,0.586,0.0402,0.152,0.152,0,0,0,0,0,0,0.183,19.166666667,19.166666667
0.421,0.6,0.0634,0.21,0.21,0,0,0,0,0,0,0.0457,19.166666667,19.166666667
0.5,0.607,0.0799,0.234,0.234,0,0,0,0,0,0.183,0.443,19.444444444,20.0
0.5,0.607,0.0877,0.225,0.225,0,0,0,0,0,0.75,0.574,19.444444444,20.0
0.5,0.607,0.0924,0.219,0.219,0.564,0.683,0,0,0,0,0.383,19.444444444,20.0
0.5,0.607,0.103,0.217,0.217,0.725,0.3,0,0,0,0,0.188,19.444444444,20.0
0.5,0.607,0.109,0.216,0.216,0.332,0,0,0,0,0,0.32,19.444444444,20.0
0.5,0.621,0.121,0.217,0.217,0.514,0,0,0,0,0,0.457,19.444444444,20.0
0.5,0.644,0.148,0.22,0.22,0.688,0,0,0,0,0.7,0.457,19.444444444,20.0
0.608,0.69,0.216,0.272,0.272,0,0,0,0,0,0,0,19.444444444,20.0
0.625,0.704,0.292,0.319,0.319,0.534,0.683,0,0,0,0,0,19.444444444,20.0
0.983,0.771,0.635,0.605,0.605,0.571,0.3,0,0,0,0,0.199,19.444444444,20.0
1,0.745,0.799,0.777,0.777,0.414,0,0.119,0.183,0,0,0.0915,19.444444444,20.0
1,0.658,0.594,0.687,0.687,0,0,0.47,0.583,0.417,0,0.0761,19.444444444,20.0
1,0.602,0.318,0.421,0.421,0,0,0.106,0,0.817,0,0.0704,19.444444444,20.0
1,0.568,0.0771,0.119,0.119,0,0,0,0,0,0,0.195,19.444444444,20.0
1,0.563,0.0222,0.0569,0.0569,0,0,0,0,0,0,0,19.444444444,20.0
1,0.564,0.0161,0.0501,0.0501,0,0,0,0,0,0,0,19.166666667,19.166666667
1,0.564,0.0161,0.0501,0.0501,0,0,0,0,0,0,0,19.166666667,19.166666667
1,0.564,0.0161,0.0501,0.0501,0,0,0,0,0,0,0,19.166666667,19.166666667
1,0.564,0.0161,0.0501,0.0501,0,0,0,0,0,0,0,19.166666667,19.166666667
1,0.562,0.0213,0.0701,0.0701,0,0,0,0,0,0.433,0.137,19.166666667,19.166666667
0.767,0.572,0.0335,0.15,0.15,0,0,0,0,0,0.5,0.32,19.166666667,19.166666667
0.75,0.598,0.0518,0.233,0.233,0,0,0,0,0,0,0.0915,19.166666667,19.166666667
0.983,0.627,0.0837,0.33,0.33,0,0,0,0,0,0,0.0882,19.166666667,19.166666667
1,0.629,0.0999,0.335,0.335,0,0,0,0,0,0,0.478,19.166666667,19.166666667
0.783,0.619,0.0979,0.286,0.286,0,0,0,0,0,0,0.466,19.444444444,20.0
0.5,0.607,0.0877,0.225,0.225,0,0,0,0,0,0.233,0.0457,19.444444444,20.0
0.625,0.618,0.112,0.261,0.261,0,0,0,0,0,0,0,19.444444444,20.0
0.5,0.607,0.103,0.217,0.217,0,0,0,0,0,0,0.32,19.444444444,20.0
0.5,0.607,0.109,0.216,0.216,0,0,0,0,0,0,0.0915,19.444444444,20.0
0.5,0.621,0.121,0.217,0.217,0.712,0.683,0,0,0,0,0.0915,19.444444444,20.0
0.717,0.68,0.205,0.294,0.294,0,0.55,0,0,0,0,0,19.444444444,20.0
1,0.771,0.343,0.414,0.414,0,0,0,0,0,0,0.0915,19.444444444,20.0
1,0.789,0.46,0.482,0.482,0,0,0,0,0,0,0,19.444444444,20.0
0.875,0.749,0.563,0.541,0.541,0,0,0,0,0,0,0.183,19.444444444,20.0
1,0.745,0.799,0.777,0.777,0,0,0,0,0,0,0.0915,19.444444444,20.0
1,0.673,0.688,0.792,0.792,0,0,0,0,0,0,0.183,19.444444444,20.0
1,0.595,0.262,0.352,0.352,0,0,0,0,0,0,0,19.444444444,20.0
1,0.568,0.074,0.116,0.116,0,0,0,0,0,0,0.139,19.444444444,20.0
1,0.562,0.0377,0.0744,0.0744,0,0.25,0,0,0,0,0,19.444444444,20.0
1,0.563,0.0172,0.0514,0.0514,0,0,0,0,0,0,0,19.166666667,19.166666667
1,0.564,0.0161,0.0501,0.0501,0,0,0,0,0,0,0,19.166666667,19.166666667
1,0.564,0.0161,0.0501,0.0501,0,0,0,0,0,0,0,19.166666667,19.166666667
1,0.564,0.0161,0.0501,0.0501,0,0,0,0,0,0,0,19.166666667,19.166666667
1,0.562,0.0217,0.0716,0.0716,0,0,0.604,0.517,0.417,0,0.0457,19.166666667,19.166666667
0.783,0.57,0.0286,0.123,0.123,0,0,0,0,0.567,0,0.394,19.166666667,19.166666667
0.5,0.58,0.0331,0.137,0.137,0,0,0,0,0,0,0,19.166666667,19.166666667
0.5,0.585,0.039,0.146,0.146,0,0,0,0,0,0,0.32,19.166666667,19.166666667
0.438,0.6,0.0634,0.21,0.21,0,0,0,0,0,0.233,0.0457,19.166666667,19.166666667
0.733,0.627,0.11,0.319,0.319,0,0,0,0,0,0,0.282,19.444444444,20.0
0.75,0.629,0.124,0.313,0.313,0.74,0.933,0,0,0,0,0.238,19.444444444,20.0
0.75,0.608,0.0948,0.225,0.225,0.548,0.05,0,0,0,0,0.484,19.444444444,20.0
0.704,0.603,0.0951,0.201,0.201,0.626,0,0,0,0,0,0.229,19.444444444,20.0
0.5,0.6,0.0945,0.19,0.19,0.62,0,0,0,0,0,0.0915,19.444444444,20.0
0.467,0.617,0.114,0.206,0.206,0,0,0,0,0,0.183,0.0457,19.444444444,20.0
1,0.725,0.279,0.39,0.39,0,0,0,0,0,0.05,0.0457,19.444444444,20.0
1,0.771,0.343,0.414,0.414,0,0,0,0,0,0,0.183,19.444444444,20.0
1,0.789,0.46,0.482,0.482,0,0,0,0,0,0,0.0915,19.444444444,20.0
1,0.775,0.643,0.612,0.612,0,0,0,0,0,0.233,0.229,19.444444444,20.0
1,0.745,0.799,0.777,0.777,0,0,0,0,0,0,0.0457,19.444444444,20.0
1,0.645,0.513,0.596,0.596,0,0,0,0,0,0,0,19.444444444,20.0
1,0.594,0.25,0.338,0.338,0,0,0,0,0,0,0,19.444444444,20.0
1,0.57,0.117,0.163,0.163,0.38,0.683,0,0,0,0,0,19.444444444,20.0
1,0.563,0.032,0.0676,0.0676,0,0.05,0,0,0,0,0,19.444444444,20.0
1,0.563,0.0202,0.0545,0.0545,0,0,0,0,0,0,0,19.166666667,19.166666667
1,0.563,0.0165,0.0501,0.0501,0,0,0,0,0,0,0.183,19.166666667,19.166666667
1,0.563,0.0162,0.0501,0.0501,0,0,0,0,0,0,0.0457,19.166666667,19.166666667
1,0.562,0.0181,0.0509,0.0509,0,0,0,0,0,0,0.183,19.166666667,19.166666667
0.767,0.562,0.0218,0.0717,0.0717,0,0,0,0,0,0,0.229,19.166666667,19.166666667
0.75,0.568,0.0256,0.105,0.105,0,0,0,0,0,0,0,19.166666667,19.166666667
0.75,0.597,0.0502,0.224,0.224,0,0,0,0,0,0,0.274,19.166666667,19.166666667
0.579,0.592,0.0461,0.176,0.176,0,0,0,0,0,0,0.137,19.166666667,19.166666667
0.5,0.585,0.044,0.145,0.145,0.142,0.183,0,0,0,0,0.183,19.166666667,19.166666667
0.671,0.62,0.1,0.29,0.29,0.575,0.8,0,0,0,0,0.0915,19.444444444,20.0
0.75,0.629,0.124,0.313,0.313,0.442,0,0,0,0,0,0.216,19.444444444,20.0
0.704,0.625,0.124,0.288,0.288,0,0,0,0,0,0,0.162,19.444444444,20.0
0.5,0.607,0.103,0.217,0.217,0,0,0,0,0,0,0.0427,19.444444444,20.0
0.5,0.607,0.109,0.216,0.216,0,0,0,0,0,0,0.595,19.444444444,20.0
0.671,0.641,0.157,0.274,0.274,0.724,0.933,0,0,0,0.433,0.0457,19.444444444,20.0
0.75,0.684,0.213,0.305,0.305,0,0.3,0,0,0,0.0333,0.229,19.444444444,20.0
0.796,0.729,0.277,0.34,0.34,0,0,0,0,0,0,0,19.444444444,20.0
1,0.789,0.46,0.482,0.482,0.459,0.683,0.33,0.517,0.167,0.7,0,19.444444444,20.0
1,0.775,0.643,0.612,0.612,0.233,0.3,0,0,0.817,0.433,0.0915,19.444444444,20.0
1,0.745,0.799,0.777,0.777,0,0,0,0,0,0.683,0.0457,19.444444444,20.0
1,0.685,0.769,0.883,0.883,0,0,0,0,0,0.517,0.0457,19.444444444,20.0
1,0.601,0.303,0.4,0.4,0,0,0,0,0,0,0.0457,19.444444444,20.0
1,0.569,0.0971,0.141,0.141,0,0,0,0,0,0,0,19.444444444,20.0
1,0.563,0.0327,0.0638,0.0638,0,0,0,0,0,0.233,0.11,19.444444444,20.0
1,0.564,0.0184,0.0501,0.0501,0,0,0,0,0,0,0,19.166666667,19.166666667
1,0.564,0.0184,0.0501,0.0501,0,0,0,0,0,0,0,19.166666667,19.166666667
1,0.564,0.0184,0.0501,0.0501,0,0,0,0,0,0,0,19.166666667,19.166666667
1,0.564,0.0184,0.0501,0.0501,0,0,0,0,0,0,0,19.166666667,19.166666667
1,0.564,0.0184,0.0501,0.0501,0,0,0,0,0,0,0,19.166666667,19.166666667
1,0.564,0.0184,0.0501,0.0501,0,0,0,0,0,0,0,19.166666667,19.166666667
1,0.564,0.0184,0.0501,0.0501,0,0,0,0,0,0,0,19.166666667,19.166666667
1,0.604,0.0836,0.229,0.229,0,0,0,0,0,0,0.0915,19.166666667,19.166666667
0.954,0.623,0.148,0.311,0.311,0,0,0,0,0,0,0.141,19.166666667,19.166666667
0.517,0.596,0.104,0.188,0.188,0,0,0.169,0.183,0,0,0.157,19.444444444,20.0
0.267,0.587,0.0858,0.144,0.144,0,0,0.195,0.583,0.417,0,0.524,19.444444444,20.0
0.25,0.585,0.087,0.134,0.134,0,0,0,0,0.567,0,0.447,19.444444444,20.0
0.421,0.6,0.156,0.19,0.19,0,0,0,0,0,0,0.137,19.444444444,20.0
0.562,0.612,0.23,0.237,0.237,0,0,0,0,0,0,0.0915,19.444444444,20.0
0.5,0.621,0.226,0.217,0.217,0,0,0,0,0,0,0.595,19.444444444,20.0
0.5,0.644,0.238,0.22,0.22,0.647,0.683,0,0,0,0,0,19.444444444,20.0
0.608,0.69,0.295,0.272,0.272,0.101,0.55,0,0,0,0.433,0.0457,19.444444444,20.0
0.75,0.732,0.42,0.374,0.374,0.196,0.183,0,0,0,0.0333,0.274,19.444444444,20.0
0.625,0.696,0.458,0.4,0.4,0.72,0.8,0.304,0.433,0,0,0.229,19.444444444,20.0
0.75,0.7,0.647,0.595,0.595,0.253,0.183,0.524,0.0833,0.917,0,0,19.444444444,20.0
0.75,0.655,0.606,0.675,0.675,0.749,0.8,0.542,0,0.0667,0,0.0825,19.444444444,20.0
0.921,0.612,0.427,0.516,0.516,0.784,0,0.295,0,0,0,0.315,19.444444444,20.0
1,0.571,0.141,0.172,0.172,0.114,0,0,0,0,0.933,0.334,19.444444444,20.0
1,0.562,0.0408,0.0723,0.0723,0,0,0,0,0,0,0,19.444444444,20.0
1,0.562,0.0269,0.0572,0.0572,0,0,0,0,0,0,0.183,19.166666667,19.166666667
1,0.562,0.0209,0.0505,0.0505,0,0,0,0,0,0,0.0915,19.166666667,19.166666667
1,0.562,0.0184,0.0501,0.0501,0,0,0,0,0,0,0.0915,19.166666667,19.166666667
0.767,0.562,0.0198,0.0509,0.0509,0,0,0,0,0,0,0,19.166666667,19.166666667
0.75,0.562,0.0215,0.0717,0.0717,0,0,0,0,0,0,0.323,19.166666667,19.166666667
0.75,0.569,0.0268,0.118,0.118,0,0,0,0,0,0,0.0457,19.166666667,19.166666667
0.75,0.581,0.037,0.142,0.142,0,0,0,0,0,0,0.0457,19.166666667,19.166666667
0.75,0.585,0.0523,0.146,0.146,0,0,0,0,0,0,0.0915,19.166666667,19.166666667
0.642,0.596,0.0892,0.192,0.192,0,0,0,0,0,0,0,19.166666667,19.166666667
0.5,0.585,0.0755,0.142,0.142,0,0,0,0,0,0,0.366,19.444444444,20.0
0.5,0.585,0.0819,0.138,0.138,0,0,0,0,0,0,0.0457,19.444444444,20.0
0.5,0.585,0.087,0.134,0.134,0,0,0,0,0,0,0.478,19.444444444,20.0
0.5,0.585,0.0998,0.133,0.133,0,0,0,0,0,0,0.297,19.444444444,20.0
0.421,0.578,0.0822,0.107,0.107,0,0,0.047,0.183,0,0,0.158,19.444444444,20.0
0.562,0.599,0.148,0.154,0.154,0,0,0.473,0.583,0.417,0,0.0915,19.444444444,20.0
0.75,0.644,0.238,0.22,0.22,0,0,0.423,0,0.567,0,0.0457,19.444444444,20.0
0.983,0.716,0.352,0.318,0.318,0,0,0,0,0,0.183,0,19.444444444,20.0
0.783,0.694,0.327,0.299,0.299,0,0,0,0,0,0.517,0.137,19.444444444,20.0
0.779,0.728,0.571,0.491,0.491,0,0,0,0,0,0,0.137,19.444444444,20.0
1,0.745,0.856,0.777,0.777,0,0,0,0,0,0,0,19.444444444,20.0
1,0.685,0.802,0.883,0.883,0,0,0,0,0,0,0.137,19.444444444,20.0
0.892,0.604,0.357,0.435,0.435,0,0,0,0,0,0,0.105,19.444444444,20.0
0.921,0.569,0.11,0.141,0.141,0,0,0,0,0,0,0.0915,19.444444444,20.0
1,0.563,0.0275,0.0629,0.0629,0,0,0,0,0,0,0.0457,19.444444444,20.0
1,0.564,0.0161,0.0501,0.0501,0,0,0,0,0,0,0,19.166666667,19.166666667
1,0.564,0.0161,0.0501,0.0501,0,0,0,0,0,0,0,19.166666667,19.166666667
1,0.563,0.016,0.0501,0.0501,0,0,0,0,0,0,0,19.166666667,19.166666667
0.767,0.564,0.0161,0.0501,0.0501,0,0,0,0,0,0,0,19.166666667,19.166666667
0.812,0.563,0.0202,0.0659,0.0659,0,0,0,0,0,0,0.228,19.166666667,19.166666667
0.517,0.569,0.0278,0.118,0.118,0,0,0,0,0,0,0.162,19.166666667,19.166666667
0.5,0.581,0.0339,0.142,0.142,0,0,0,0,0,0,0.0457,19.166666667,19.166666667
0.5,0.596,0.0507,0.193,0.193,0,0,0,0,0,0,0.274,19.166666667,19.166666667
0.5,0.595,0.0563,0.186,0.186,0,0,0,0,0,0.433,0.0457,19.166666667,19.166666667
0.5,0.607,0.0799,0.234,0.234,0,0,0,0,0,0.0333,0.0457,19.444444444,20.0
0.267,0.587,0.0541,0.144,0.144,0,0,0,0,0,0,0.137,19.444444444,20.0
0.25,0.585,0.0543,0.134,0.134,0,0,0,0,0,0,0.0915,19.444444444,20.0
0.25,0.585,0.0596,0.133,0.133,0,0,0,0,0,0,0.183,19.444444444,20.0
0.25,0.585,0.0626,0.133,0.133,0,0,0,0,0,0,0.366,19.444444444,20.0
0.25,0.592,0.0685,0.134,0.134,0,0,0,0,0,0,0.183,19.444444444,20.0
0.25,0.604,0.0819,0.135,0.135,0,0,0,0,0,0,0,19.444444444,20.0
0.592,0.687,0.211,0.266,0.266,0,0,0,0,0,0.433,0.412,19.444444444,20.0
0.983,0.785,0.454,0.476,0.476,0,0,0,0,0,0.0333,0.229,19.444444444,20.0
1,0.775,0.643,0.612,0.612,0.489,0.683,0,0,0,0,0.0915,19.444444444,20.0
0.704,0.692,0.564,0.558,0.558,0.265,0.3,0,0,0,0,0.137,19.444444444,20.0
0.75,0.655,0.581,0.675,0.675,0,0,0,0,0,0.183,0.0457,19.444444444,20.0
0.75,0.602,0.318,0.421,0.421,0,0,0,0,0,0.517,0.0457,19.444444444,20.0
0.921,0.568,0.074,0.116,0.116,0,0,0,0,0,0,0,19.444444444,20.0
1,0.563,0.0316,0.0676,0.0676,0,0,0,0,0,0,0,19.444444444,20.0
1,0.562,0.0228,0.0572,0.0572,0,0,0,0,0,0,0,19.166666667,19.166666667
1,0.562,0.0174,0.0505,0.0505,0,0,0,0,0,0.933,0.0915,19.166666667,19.166666667
0.829,0.563,0.0161,0.0501,0.0501,0,0,0,0,0,0,0.16,19.166666667,19.166666667
0.983,0.562,0.0181,0.0509,0.0509,0,0,0,0,0,0,0.226,19.166666667,19.166666667
1,0.562,0.0218,0.0717,0.0717,0,0,0,0,0,0,0.373,19.166666667,19.166666667
0.721,0.568,0.0256,0.105,0.105,0,0,0,0,0,0,0.323,19.166666667,19.166666667
0.5,0.58,0.0331,0.137,0.137,0,0,0,0,0,0,0.304,19.166666667,19.166666667
0.5,0.594,0.0491,0.187,0.187,0,0,0,0,0,0,0.256,19.166666667,19.166666667
0.267,0.587,0.0456,0.151,0.151,0,0,0.106,0.183,0,0,0.274,19.166666667,19.166666667
0.25,0.585,0.048,0.142,0.142,0,0,0.677,0.333,0.667,0,0.183,19.444444444,20.0
0.296,0.589,0.0585,0.154,0.154,0,0,0.414,0,0.317,0,0,19.444444444,20.0
0.5,0.607,0.0924,0.219,0.219,0,0,0.681,0,0,0,0.0457,19.444444444,20.0
0.5,0.607,0.103,0.217,0.217,0,0,0.501,0,0,0,0.274,19.444444444,20.0
0.5,0.607,0.109,0.216,0.216,0,0,0.698,0,0,0,0.32,19.444444444,20.0
0.5,0.621,0.121,0.217,0.217,0,0,0.703,0,0,0,0.0915,19.444444444,20.0
0.5,0.644,0.148,0.22,0.22,0,0,0.295,0,0,0,0.151,19.444444444,20.0
0.608,0.69,0.216,0.272,0.272,0,0,0,0,0,0,0.364,19.444444444,20.0
0.688,0.718,0.321,0.347,0.347,0,0,0,0,0,0,0.246,19.444444444,20.0
0.921,0.758,0.595,0.569,0.569,0,0,0,0,0,0,0.183,19.444444444,20.0
1,0.745,0.799,0.777,0.777,0.501,0.433,0,0,0,0,0.0915,19.444444444,20.0
1,0.68,0.735,0.845,0.845,0.676,0.55,0,0,0,0,0,19.444444444,20.0
1,0.602,0.318,0.421,0.421,0,0,0,0,0,0,0.224,19.444444444,20.0
1,0.568,0.0856,0.128,0.128,0,0,0,0,0,0,0,19.444444444,20.0
1,0.563,0.0222,0.0569,0.0569,0,0,0,0,0,0,0.045,19.444444444,20.0
1,0.564,0.0161,0.0501,0.0501,0,0,0,0,0,0,0,19.166666667,19.166666667
1,0.564,0.0161,0.0501,0.0501,0,0,0,0,0,0,0,19.166666667,19.166666667
1,0.564,0.0161,0.0501,0.0501,0,0,0,0,0,0,0,19.166666667,19.166666667
1,0.564,0.0161,0.0501,0.0501,0,0,0,0,0,0,0,19.166666667,19.166666667
0.892,0.561,0.0247,0.0831,0.0831,0,0,0,0,0,0,0.256,19.166666667,19.166666667
0.75,0.572,0.0331,0.149,0.149,0,0,0,0,0,0.433,0.608,19.166666667,19.166666667
0.642,0.59,0.0439,0.193,0.193,0,0,0,0,0,0.5,0.339,19.166666667,19.166666667
0.438,0.58,0.0332,0.122,0.122,0.425,0.683,0.0132,0.183,0,0,0.296,19.166666667,19.166666667
0.5,0.585,0.044,0.145,0.145,0,0.3,0.618,1,0,0,0.137,19.166666667,19.166666667
0.5,0.585,0.048,0.142,0.142,0,0,0.571,0.1,0.9,0,0.0457,19.444444444,20.0
0.5,0.585,0.0519,0.138,0.138,0,0,0.457,0,0.0833,0,0.0457,19.444444444,20.0
0.5,0.585,0.0543,0.134,0.134,0,0,0.391,0,0,0,0.0457,19.444444444,20.0
0.5,0.585,0.0596,0.133,0.133,0,0,0.609,0,0,0,0.0457,19.444444444,20.0
0.5,0.6,0.0945,0.19,0.19,0,0,0.508,0,0,0,0.0915,19.444444444,20.0
0.5,0.621,0.121,0.217,0.217,0,0,0.546,0,0,0,0.229,19.444444444,20.0
0.546,0.652,0.16,0.236,0.236,0,0,0.211,0,0,0,0.457,19.444444444,20.0
0.642,0.696,0.226,0.284,0.284,0,0,0,0,0,0.683,0.137,19.444444444,20.0
0.5,0.676,0.238,0.266,0.266,0,0,0,0,0,0.25,0.256,19.444444444,20.0
0.546,0.679,0.359,0.357,0.357,0,0,0,0,0,0,0.0617,19.444444444,20.0
0.75,0.68,0.517,0.515,0.515,0,0,0,0,0,0,0.0457,19.444444444,20.0
0.921,0.659,0.615,0.715,0.715,0,0,0,0,0,0,0.155,19.444444444,20.0
1,0.593,0.242,0.326,0.326,0,0,0,0,0,0,0.127,19.444444444,20.0
1,0.567,0.0666,0.107,0.107,0,0,0,0,0,0,0.123,19.444444444,20.0
1,0.562,0.0285,0.0642,0.0642,0,0,0,0,0,0,0.135,19.444444444,20.0
1,0.562,0.0217,0.0561,0.0561,0,0,0,0,0,0,0.334,19.166666667,19.166666667
1,0.564,0.0161,0.0501,0.0501,0,0,0,0,0,0,0,19.166666667,19.166666667
1,0.562,0.016,0.0501,0.0501,0,0,0,0,0,0,0.274,19.166666667,19.166666667
1,0.563,0.0161,0.0501,0.0501,0,0,0,0,0,0,0,19.166666667,19.166666667
1,0.564,0.0161,0.0501,0.0501,0,0,0,0,0,0,0,19.166666667,19.166666667
1,0.569,0.0266,0.112,0.112,0,0,0,0,0,0,0.102,19.166666667,19.166666667
0.829,0.585,0.0393,0.17,0.17,0,0,0,0,0,0,0.115,19.166666667,19.166666667
0.704,0.581,0.0348,0.128,0.128,0,0,0,0,0,0,0.469,19.166666667,19.166666667
0.5,0.564,0.0161,0.0501,0.0501,0,0,0,0,0,0,0,19.166666667,19.166666667
0.5,0.573,0.03,0.0898,0.0898,0,0,0,0,0,0,0.0457,19.444444444,20.0
0.5,0.585,0.0519,0.138,0.138,0,0,0,0,0,0,0.0915,19.444444444,20.0
0.5,0.585,0.0543,0.134,0.134,0,0,0,0,0,0,0.0457,19.444444444,20.0
0.5,0.585,0.0596,0.133,0.133,0,0,0,0,0,0,0.183,19.444444444,20.0
0.5,0.605,0.106,0.211,0.211,0,0,0,0,0,0,0.825,19.444444444,20.0
0.654,0.64,0.153,0.269,0.269,0,0,0,0,0,0,0.541,19.444444444,20.0
0.954,0.717,0.267,0.375,0.375,0,0,0,0,0,0.233,0.138,19.444444444,20.0
0.796,0.729,0.277,0.34,0.34,0,0,0,0,0,0,0.189,19.444444444,20.0
1,0.789,0.46,0.482,0.482,0,0,0,0,0,0,0.237,19.444444444,20.0
1,0.775,0.643,0.612,0.612,0.419,0.433,0,0,0,0,0.149,19.444444444,20.0
1,0.684,0.528,0.525,0.525,0.469,0.55,0,0,0,0,0.0784,19.444444444,20.0
1,0.597,0.218,0.271,0.271,0,0,0,0,0,0,0.274,19.444444444,20.0
1,0.579,0.133,0.194,0.194,0,0,0,0,0,0,0,19.444444444,20.0
1,0.565,0.0236,0.0594,0.0594,0,0,0,0,0,0,0,19.444444444,20.0
1,0.563,0.0237,0.0583,0.0583,0,0,0,0,0,0,0,19.444444444,20.0
1,0.563,0.0172,0.0514,0.0514,0,0,0,0,0,0,0,19.166666667,19.166666667
1,0.564,0.0161,0.0501,0.0501,0,0,0,0,0,0,0,19.166666667,19.166666667
1,0.564,0.0161,0.0501,0.0501,0,0,0,0,0,0,0,19.166666667,19.166666667
1,0.564,0.0161,0.0501,0.0501,0,0,0,0,0,0,0,19.166666667,19.166666667
0.892,0.564,0.0161,0.0501,0.0501,0,0,0,0,0,0,0,19.166666667,19.166666667
0.75,0.569,0.0266,0.112,0.112,0,0,0,0,0,0,0.116,19.166666667,19.166666667
0.642,0.59,0.0439,0.193,0.193,0,0,0,0,0,0,0.383,19.166666667,19.166666667
0.5,0.605,0.0608,0.235,0.235,0.461,0.683,0.0132,0.183,0,0.233,0.392,19.166666667,19.166666667
0.5,0.607,0.072,0.24,0.24,0.333,0.3,0.416,0.333,0.667,0,0.148,19.166666667,19.166666667
0.5,0.607,0.0799,0.234,0.234,0,0,0.391,0,0.317,0.233,0.0915,19.444444444,20.0
0.5,0.607,0.0877,0.225,0.225,0,0,0.458,0,0,0,0,19.444444444,20.0
0.5,0.607,0.0924,0.219,0.219,0,0,0.288,0,0,0.233,0.0915,19.444444444,20.0
0.5,0.607,0.103,0.217,0.217,0,0,0,0,0,0,0.274,19.444444444,20.0
0.608,0.616,0.129,0.252,0.252,0,0,0,0,0,0,0.137,19.444444444,20.0
0.346,0.603,0.0879,0.166,0.166,0,0,0,0,0,0,0.412,19.444444444,20.0
0.483,0.642,0.144,0.215,0.215,0,0,0,0,0,0,0.183,19.444444444,20.0
0.717,0.69,0.216,0.272,0.272,0,0,0,0,0,0,0.366,19.444444444,20.0
1,0.785,0.454,0.476,0.476,0.471,0.933,0,0,0,0,0.0457,19.444444444,20.0
1,0.775,0.643,0.612,0.612,0.494,0.05,0,0,0,0,0.0817,19.444444444,20.0
1,0.745,0.799,0.777,0.777,0.759,0,0,0,0,0,0.274,19.444444444,20.0
1,0.685,0.769,0.883,0.883,0.492,0,0.162,0.433,0,0.467,0,19.444444444,20.0
1,0.604,0.331,0.435,0.435,0,0,0,0.333,0.667,0,0.123,19.444444444,20.0
1,0.566,0.0425,0.0813,0.0813,0,0,0,0,0.317,0,0,19.444444444,20.0
1,0.563,0.0256,0.0569,0.0569,0,0,0,0,0,0,0,19.444444444,20.0
1,0.564,0.0184,0.0501,0.0501,0,0,0,0,0,0,0,19.166666667,19.166666667
1,0.564,0.0184,0.0501,0.0501,0,0,0,0,0,0,0,19.166666667,19.166666667
1,0.564,0.0184,0.0501,0.0501,0,0,0,0,0,0,0,19.166666667,19.166666667
1,0.564,0.0184,0.0501,0.0501,0,0,0,0,0,0,0,19.166666667,19.166666667
1,0.564,0.0184,0.0501,0.0501,0,0,0,0,0,0,0,19.166666667,19.166666667
1,0.564,0.0184,0.0501,0.0501,0,0,0,0,0,0,0,19.166666667,19.166666667
1,0.564,0.0184,0.0501,0.0501,0,0,0,0,0,0,0,19.166666667,19.166666667
1,0.584,0.051,0.139,0.139,0,0,0,0,0,0,0,19.166666667,19.166666667
0.767,0.585,0.0653,0.145,0.145,0,0,0,0,0,0,0.183,19.166666667,19.166666667
0.75,0.585,0.0755,0.142,0.142,0,0,0,0,0,0,0.229,19.444444444,20.0
0.983,0.626,0.201,0.301,0.301,0,0,0,0,0,0.467,0.0457,19.444444444,20.0
0.767,0.629,0.224,0.303,0.303,0,0,0,0,0,0,0.0915,19.444444444,20.0
0.75,0.629,0.263,0.3,0.3,0,0,0,0,0,0,0.183,19.444444444,20.0
0.858,0.638,0.341,0.336,0.336,0,0,0.419,0.517,0.167,0,0.366,19.444444444,20.0
0.829,0.659,0.363,0.327,0.327,0,0,0.411,0,1,0,0.183,19.444444444,20.0
0.858,0.702,0.395,0.342,0.342,0,0,0.207,0,1,0,0.549,19.444444444,20.0
0.767,0.722,0.367,0.329,0.329,0.477,0.433,0,0,0.0667,0.467,0.229,19.444444444,20.0
0.75,0.732,0.42,0.374,0.374,0.625,0.55,0,0,0,0,0.0457,19.444444444,20.0
0.75,0.722,0.547,0.472,0.472,0.683,0.433,0,0,0,0,0.183,19.444444444,20.0
0.75,0.7,0.647,0.595,0.595,0.375,0.3,0,0,0,0,0,19.444444444,20.0
0.75,0.627,0.424,0.479,0.479,0,0,0,0,0,0,0,19.444444444,20.0
0.921,0.59,0.24,0.303,0.303,0,0,0,0,0,0,0,19.444444444,20.0
1,0.569,0.11,0.141,0.141,0,0,0,0,0,0,0.185,19.444444444,20.0
1,0.563,0.0243,0.0561,0.0561,0,0,0,0,0.0667,0,0.208,19.444444444,20.0
1,0.564,0.0184,0.0501,0.0501,0,0,0,0,0,0,0,19.166666667,19.166666667
1,0.564,0.0184,0.0501,0.0501,0,0,0,0,0,0,0,19.166666667,19.166666667
1,0.564,0.0184,0.0501,0.0501,0,0,0,0,0,0,0,19.166666667,19.166666667
1,0.564,0.0184,0.0501,0.0501,0,0,0,0,0,0,0,19.166666667,19.166666667
1,0.564,0.0184,0.0501,0.0501,0,0,0,0,0,0,0,19.166666667,19.166666667
1,0.564,0.0184,0.0501,0.0501,0,0,0,0,0,0,0,19.166666667,19.166666667
1,0.564,0.0184,0.0501,0.0501,0,0,0,0,0,0,0,19.166666667,19.166666667
1,0.564,0.0184,0.0501,0.0501,0,0,0,0,0,0,0,19.166666667,19.166666667
1,0.604,0.108,0.227,0.227,0,0,0,0,0,0,0.272,19.166666667,19.166666667
0.892,0.598,0.108,0.194,0.194,0,0,0,0,0,0,0.0915,19.444444444,20.0
0.75,0.585,0.0819,0.138,0.138,0,0,0,0,0,0,0.0457,19.444444444,20.0
0.625,0.591,0.104,0.156,0.156,0,0,0,0,0,0,0.412,19.444444444,20.0
0.75,0.585,0.0998,0.133,0.133,0,0,0,0,0,0,0.0915,19.444444444,20.0
0.75,0.585,0.112,0.133,0.133,0,0,0,0,0,0,0.183,19.444444444,20.0
0.75,0.613,0.194,0.191,0.191,0,0,0,0,0,0,0.274,19.444444444,20.0
0.75,0.644,0.238,0.22,0.22,0,0,0,0,0,0,0.229,19.444444444,20.0
0.75,0.677,0.267,0.249,0.249,0,0,0,0,0,0,0.0915,19.444444444,20.0
0.796,0.743,0.445,0.394,0.394,0,0,0,0,0,0,0.0457,19.444444444,20.0
1,0.775,0.724,0.612,0.612,0,0,0,0,0,0,0.205,19.444444444,20.0
1,0.715,0.711,0.651,0.651,0,0,0,0,0,0,0.0869,19.444444444,20.0
1,0.627,0.424,0.479,0.479,0,0,0.135,0.433,0,0,0,19.444444444,20.0
1,0.594,0.271,0.338,0.338,0,0,0.354,0.0833,0.917,0,0.212,19.444444444,20.0
1,0.569,0.114,0.145,0.145,0,0,0,0,1,0,0,19.444444444,20.0
1,0.564,0.0222,0.0569,0.0569,0,0,0,0,0,0,0,19.444444444,20.0
1,0.564,0.0161,0.0501,0.0501,0,0,0,0,0,0,0,19.166666667,19.166666667
1,0.564,0.0161,0.0501,0.0501,0,0,0,0,0,0,0,19.166666667,19.166666667
1,0.564,0.0161,0.0501,0.0501,0,0,0,0,0,0,0,19.166666667,19.166666667
1,0.562,0.0181,0.0509,0.0509,0,0,0,0,0,0,0.395,19.166666667,19.166666667
0.829,0.563,0.0177,0.0559,0.0559,0,0,0,0,0,0,0,19.166666667,19.166666667
0.75,0.569,0.0266,0.112,0.112,0,0,0,0,0,0,0.472,19.166666667,19.166666667
0.796,0.618,0.0722,0.337,0.337,0,0,0,0,0,0,0.127,19.166666667,19.166666667
0.704,0.624,0.0803,0.319,0.319,0,0,0,0,0,0,0.437,19.166666667,19.166666667
0.75,0.629,0.0999,0.335,0.335,0,0,0,0,0,0,0.493,19.166666667,19.166666667
0.75,0.629,0.112,0.326,0.326,0,0,0,0,0,0,0.316,19.444444444,20.0
0.75,0.629,0.124,0.313,0.313,0,0,0.642,0.517,0.167,0,0.476,19.444444444,20.0
0.688,0.623,0.121,0.282,0.282,0,0,0.609,0,1,0,0.549,19.444444444,20.0
0.346,0.594,0.0757,0.165,0.165,0,0,0.22,0,1,0,0.229,19.444444444,20.0
0.204,0.581,0.054,0.118,0.118,0,0,0,0,0.817,0,0.0915,19.444444444,20.0
0.279,0.596,0.075,0.143,0.143,0,0,0,0,0,0,0.229,19.444444444,20.0
0.5,0.644,0.148,0.22,0.22,0,0,0,0,0,0,0.339,19.444444444,20.0
0.546,0.677,0.195,0.249,0.249,0,0,0,0,0,0.183,0.396,19.444444444,20.0
0.983,0.785,0.454,0.476,0.476,0.432,0.683,0,0,0,0.283,0.108,19.444444444,20.0
1,0.775,0.643,0.612,0.612,0.365,0.55,0,0,0,0.233,0.19,19.444444444,20.0
1,0.745,0.799,0.777,0.777,0,0,0,0,0,0,0.112,19.444444444,20.0
1,0.685,0.769,0.883,0.883,0,0,0,0,0,0,0.172,19.444444444,20.0
1,0.598,0.282,0.375,0.375,0,0,0,0,0,0,0.268,19.444444444,20.0
1,0.567,0.0666,0.107,0.107,0,0,0,0,0,0.233,0,19.444444444,20.0
1,0.563,0.0254,0.0608,0.0608,0,0,0,0,0,0,0,19.444444444,20.0
1,0.564,0.0161,0.0501,0.0501,0,0,0,0,0,0,0,19.166666667,19.166666667
1,0.564,0.0161,0.0501,0.0501,0,0,0,0,0,0,0,19.166666667,19.166666667
1,0.564,0.0161,0.0501,0.0501,0,0,0,0,0,0,0,19.166666667,19.166666667
1,0.563,0.0182,0.0544,0.0544,0,0,0,0,0,0,0.14,19.166666667,19.166666667
1,0.564,0.0231,0.0803,0.0803,0,0,0,0,0,0,0.212,19.166666667,19.166666667
1,0.579,0.0385,0.172,0.172,0,0,0,0,0,0,0.565,19.166666667,19.166666667
1,0.61,0.0625,0.262,0.262,0,0,0,0,0,0.467,0.283,19.166666667,19.166666667
0.767,0.632,0.0895,0.324,0.324,0,0,0,0,0,0,0.117,19.166666667,19.166666667
0.921,0.646,0.122,0.368,0.368,0,0,0,0,0,0,0.66,19.166666667,19.166666667
1,0.653,0.146,0.382,0.382,0,0,0,0,0,0,0.42,19.444444444,20.0
0.892,0.643,0.145,0.332,0.332,0,0,0,0,0,0.183,0.239,19.444444444,20.0
0.642,0.621,0.116,0.246,0.246,0,0,0,0,0,0.283,0.299,19.444444444,20.0
0.375,0.597,0.0823,0.164,0.164,0,0,0,0,0,0,0.229,19.444444444,20.0
0.5,0.611,0.111,0.202,0.202,0,0,0,0,0,0,0.229,19.444444444,20.0
0.562,0.636,0.139,0.221,0.221,0,0,0,0,0,0,0.0457,19.444444444,20.0
0.5,0.651,0.154,0.205,0.205,0,0,0,0,0,0.183,0.0915,19.444444444,20.0
0.592,0.693,0.232,0.251,0.251,0,0,0,0,0,0.283,0.137,19.444444444,20.0
1,0.79,0.498,0.442,0.442,0,0,0,0,0,0,0.503,19.444444444,20.0
1,0.772,0.678,0.553,0.553,0,0,0,0,0,0,0.0457,19.444444444,20.0
1,0.729,0.76,0.664,0.664,0,0,0,0,0,0,0,19.444444444,20.0
1,0.617,0.353,0.396,0.396,0,0,0,0,0,0,0,19.444444444,20.0
1,0.576,0.115,0.17,0.17,0,0,0,0,0,0,0,19.444444444,20.0
1,0.566,0.0534,0.0914,0.0914,0,0,0,0,0,0,0.251,19.444444444,20.0
1,0.564,0.0161,0.0501,0.0501,0,0,0,0,0,0,0,19.444444444,20.0
1,0.564,0.0161,0.0501,0.0501,0,0,0,0,0,0,0,19.166666667,19.166666667
1,0.564,0.0161,0.0501,0.0501,0,0,0,0,0,0,0,19.166666667,19.166666667
1,0.564,0.0161,0.0501,0.0501,0,0,0,0,0,0,0,19.166666667,19.166666667
1,0.564,0.0161,0.0501,0.0501,0,0,0,0,0,0,0,19.166666667,19.166666667
1,0.566,0.022,0.0804,0.0804,0,0,0,0,0,0,0.315,19.166666667,19.166666667
0.875,0.585,0.0456,0.21,0.21,0,0,0,0,0,0.233,0.291,19.166666667,19.166666667
0.908,0.617,0.0688,0.301,0.301,0,0,0,0,0,0,0.287,19.166666667,19.166666667
0.267,0.587,0.0416,0.145,0.145,0,0,0,0,0,0,0.0457,19.166666667,19.166666667
0.483,0.607,0.0717,0.217,0.217,0,0,0,0,0,0,0.467,19.166666667,19.166666667
0.5,0.608,0.0813,0.216,0.216,0,0,0,0,0,0,0.165,19.444444444,20.0
0.5,0.608,0.0884,0.208,0.208,0,0,0,0,0,0,0.473,19.444444444,20.0
0.5,0.608,0.094,0.203,0.203,0,0,0,0,0,0,0.385,19.444444444,20.0
0.312,0.592,0.0715,0.145,0.145,0,0,0,0,0,0,0.229,19.444444444,20.0
0.671,0.628,0.144,0.253,0.253,0,0,0,0,0,0,0.183,19.444444444,20.0
0.983,0.691,0.232,0.349,0.349,0,0,0,0,0,0,0.359,19.444444444,20.0
1,0.739,0.292,0.361,0.361,0,0,0,0,0,0.417,0.229,19.444444444,20.0
1,0.78,0.367,0.383,0.383,0,0,0,0,0,0.05,0.137,19.444444444,20.0
1,0.79,0.498,0.442,0.442,0,0,0,0,0,0,0.137,19.444444444,20.0
1,0.772,0.678,0.553,0.553,0,0,0,0,0,0,0,19.444444444,20.0
1,0.729,0.76,0.664,0.664,0,0,0,0,0,0,0,19.444444444,20.0
1,0.617,0.353,0.396,0.396,0,0,0,0,0,0,0.0457,19.444444444,20.0
1,0.576,0.115,0.17,0.17,0,0,0,0,0,0,0.0457,19.444444444,20.0
1,0.566,0.0564,0.0949,0.0949,0,0,0,0,0,0,0.0915,19.444444444,20.0
1,0.563,0.0295,0.0655,0.0655,0,0,0,0,0,0,0,19.444444444,20.0
1,0.564,0.0161,0.0501,0.0501,0,0,0,0,0,0,0,19.166666667,19.166666667
1,0.564,0.0161,0.0501,0.0501,0,0,0,0,0,0,0,19.166666667,19.166666667
1,0.564,0.0161,0.0501,0.0501,0,0,0,0,0,0,0,19.166666667,19.166666667
1,0.564,0.0161,0.0501,0.0501,0,0,0,0,0,0,0,19.166666667,19.166666667
1,0.566,0.0235,0.0858,0.0858,0,0,0,0,0,0.467,0.274,19.166666667,19.166666667
1,0.585,0.0456,0.21,0.21,0,0,0,0,0,0,0.262,19.166666667,19.166666667
0.954,0.621,0.073,0.318,0.318,0,0,0,0,0,0,0.194,19.166666667,19.166666667
0.517,0.61,0.0655,0.234,0.234,0,0,0,0,0,0,0.164,19.166666667,19.166666667
0.5,0.608,0.0735,0.223,0.223,0,0,0,0,0,0,0.274,19.166666667,19.166666667
0.5,0.608,0.0813,0.216,0.216,0.531,0.683,0,0,0,0,0.0457,19.444444444,20.0
0.733,0.629,0.122,0.282,0.282,0.616,0.533,0,0,0,0.183,0.0457,19.444444444,20.0
0.75,0.619,0.114,0.241,0.241,0.462,0,0,0,0,0.05,0,19.444444444,20.0
0.75,0.631,0.148,0.277,0.277,0.363,0,0,0,0,0,0.603,19.444444444,20.0
0.75,0.635,0.158,0.277,0.277,0,0,0,0,0,0.183,0.274,19.444444444,20.0
0.75,0.66,0.181,0.278,0.278,0.583,0.683,0,0,0,0.05,0.0915,19.444444444,20.0
0.921,0.726,0.271,0.336,0.336,0.58,0.533,0,0,0,0,0.32,19.444444444,20.0
1,0.78,0.367,0.383,0.383,0.516,0,0,0,0,0,0.229,19.444444444,20.0
1,0.79,0.498,0.442,0.442,0.402,0,0,0,0,0,0.0457,19.444444444,20.0
0.875,0.745,0.598,0.493,0.493,0.6,0,0,0,0,0,0.595,19.444444444,20.0
1,0.735,0.794,0.698,0.698,0.429,0,0,0,0,0,0,19.444444444,20.0
0.767,0.642,0.505,0.551,0.551,0,0,0,0,0,0,0,19.444444444,20.0
0.75,0.572,0.0789,0.127,0.127,0,0,0,0,0,0,0,19.444444444,20.0
0.75,0.565,0.042,0.0789,0.0789,0,0,0,0,0,0,0.159,19.444444444,20.0
0.75,0.563,0.0295,0.0655,0.0655,0,0,0,0,0,0,0.0144,19.444444444,20.0
0.921,0.563,0.0192,0.0533,0.0533,0,0,0,0,0,0,0.153,19.166666667,19.166666667
1,0.563,0.0169,0.0501,0.0501,0,0,0,0,0,0,0.265,19.166666667,19.166666667
1,0.564,0.0161,0.0501,0.0501,0,0,0,0,0,0,0,19.166666667,19.166666667
1,0.564,0.0161,0.0501,0.0501,0,0,0,0,0,0,0,19.166666667,19.166666667
1,0.565,0.0183,0.0626,0.0626,0,0,0,0,0,0,0.175,19.166666667,19.166666667
1,0.583,0.0418,0.188,0.188,0,0,0,0,0,0,0.239,19.166666667,19.166666667
0.533,0.585,0.0375,0.151,0.151,0,0,0,0,0,0.233,0.303,19.166666667,19.166666667
0.5,0.59,0.0452,0.155,0.155,0,0,0,0,0,0,0.206,19.166666667,19.166666667
0.5,0.587,0.0467,0.142,0.142,0,0,0.441,0.5,0.183,0,0.0457,19.166666667,19.166666667
0.5,0.59,0.0552,0.148,0.148,0,0,0.181,0,0.55,0.183,0.0457,19.444444444,20.0
0.329,0.593,0.0636,0.154,0.154,0,0,0.135,0,0,1,0.0457,19.444444444,20.0
0.483,0.607,0.0915,0.198,0.198,0,0,0,0,0,0.733,0.183,19.444444444,20.0
0.5,0.608,0.104,0.202,0.202,0,0,0,0,0,0,0.183,19.444444444,20.0
0.608,0.622,0.132,0.234,0.234,0,0,0,0,0,0,0.137,19.444444444,20.0
0.704,0.645,0.156,0.25,0.25,0,0,0,0,0,0,0.32,19.444444444,20.0
0.546,0.617,0.1,0.143,0.143,0,0,0,0,0,0,0.137,19.444444444,20.0
0.75,0.672,0.191,0.217,0.217,0.102,0.183,0,0,0,0,0.0915,19.444444444,20.0
0.796,0.696,0.315,0.289,0.289,0.543,0.783,0.191,0.183,0,0.183,0.229,19.444444444,20.0
1,0.772,0.678,0.553,0.553,0,0,0.351,0.317,0.683,0.533,0,19.444444444,20.0
1,0.735,0.794,0.698,0.698,0,0,0.413,0,0.05,0,0.0915,19.444444444,20.0
1,0.673,0.705,0.767,0.767,0,0,0.592,0,0,0,0.35,19.444444444,20.0
1,0.609,0.376,0.485,0.485,0,0,0.319,0,0,0,0.189,19.444444444,20.0
1,0.568,0.0864,0.127,0.127,0,0,0.348,0,0,0,0,19.444444444,20.0
1,0.563,0.0359,0.0666,0.0666,0,0,0.753,0,0,0,0,19.444444444,20.0
1,0.563,0.0249,0.0552,0.0552,0,0,0.449,0,0,0,0,19.166666667,19.166666667
1,0.563,0.02,0.0501,0.0501,0,0,0,0,0,0,0.183,19.166666667,19.166666667
1,0.563,0.0182,0.0501,0.0501,0,0,0,0,0,0,0.0915,19.166666667,19.166666667
1,0.564,0.0184,0.0501,0.0501,0,0,0,0,0,0,0,19.166666667,19.166666667
1,0.564,0.0184,0.0501,0.0501,0,0,0,0,0,0,0,19.166666667,19.166666667
1,0.567,0.0219,0.0665,0.0665,0,0,0,0,0,0,0.063,19.166666667,19.166666667
1,0.591,0.0531,0.172,0.172,0,0,0,0,0,0,0.157,19.166666667,19.166666667
1,0.635,0.138,0.334,0.334,0,0,0,0,0,0,0.275,19.166666667,19.166666667
0.658,0.622,0.147,0.278,0.278,0,0,0,0,0,0,0.0915,19.166666667,19.166666667
0.5,0.608,0.135,0.216,0.216,0,0,0,0,0,0,0.0915,19.444444444,20.0
0.5,0.593,0.103,0.154,0.154,0,0,0,0,0,0,0,19.444444444,20.0
0.5,0.586,0.0891,0.127,0.127,0,0,0,0,0,0,0.274,19.444444444,20.0
0.546,0.59,0.119,0.14,0.14,0,0,0.0206,0.183,0,0,0.338,19.444444444,20.0
0.579,0.594,0.144,0.15,0.15,0,0,0,0.567,0.433,0,0.36,19.444444444,20.0
0.267,0.566,0.0253,0.0552,0.0552,0,0,0,0,0.55,0,0.0915,19.444444444,20.0
0.421,0.635,0.196,0.176,0.176,0,0,0.728,0.5,0.433,0,0.274,19.444444444,20.0
0.5,0.672,0.252,0.217,0.217,0,0,0,0,0.55,0,0.202,19.444444444,20.0
0.671,0.715,0.402,0.314,0.314,0,0,0,0,0,0.683,0.457,19.444444444,20.0
0.75,0.72,0.569,0.427,0.427,0,0,0,0,0,0.0333,0.137,19.444444444,20.0
0.858,0.709,0.726,0.61,0.61,0,0,0,0,0,0,0,19.444444444,20.0
0.829,0.645,0.549,0.575,0.575,0,0,0,0,0,0,0.0457,19.444444444,20.0
0.75,0.592,0.254,0.313,0.313,0,0,0,0,0,0,0.0457,19.444444444,20.0
0.75,0.565,0.035,0.0661,0.0661,0,0,0,0,0,0,0,19.444444444,20.0
0.75,0.564,0.0184,0.0501,0.0501,0,0,0,0,0,0,0,19.444444444,20.0
0.75,0.564,0.0184,0.0501,0.0501,0,0,0,0,0,0,0,19.166666667,19.166666667
0.921,0.564,0.0184,0.0501,0.0501,0,0,0,0,0,0,0,19.166666667,19.166666667
1,0.564,0.0184,0.0501,0.0501,0,0,0,0,0,0,0,19.166666667,19.166666667
1,0.564,0.0184,0.0501,0.0501,0,0,0,0,0,0,0,19.166666667,19.166666667
1,0.564,0.0184,0.0501,0.0501,0,0,0,0,0,0,0,19.166666667,19.166666667
1,0.57,0.0254,0.0828,0.0828,0,0,0,0,0,0,0.129,19.166666667,19.166666667
1,0.611,0.072,0.273,0.273,0,0,0,0,0,0,0.279,19.166666667,19.166666667
1,0.608,0.0923,0.228,0.228,0,0,0,0,0,0,0.142,19.166666667,19.166666667
1,0.628,0.161,0.297,0.297,0.109,0.183,0,0,0,0.467,0.286,19.166666667,19.166666667
0.721,0.628,0.186,0.29,0.29,0.543,0.783,0,0,0,0,0.0915,19.444444444,20.0
0.546,0.612,0.159,0.222,0.222,0.67,0,0,0,0,0.183,0.208,19.444444444,20.0
0.75,0.631,0.231,0.279,0.279,0.638,0.683,0,0,0,0.533,0.371,19.444444444,20.0
0.75,0.626,0.253,0.263,0.263,0,0.283,0,0,0,0,0.22,19.444444444,20.0
0.75,0.611,0.21,0.202,0.202,0,0,0,0,0,0,0.32,19.444444444,20.0
0.75,0.628,0.228,0.202,0.202,0,0,0,0,0,0,0.0457,19.444444444,20.0
0.75,0.693,0.341,0.278,0.278,0,0,0,0,0,0,0.137,19.444444444,20.0
0.704,0.715,0.345,0.283,0.283,0,0,0,0,0,0,0,19.444444444,20.0
0.5,0.677,0.303,0.246,0.246,0,0,0,0,0,0.183,0.32,19.444444444,20.0
0.671,0.703,0.513,0.389,0.389,0,0,0,0,0,0.283,0.183,19.444444444,20.0
0.75,0.692,0.639,0.536,0.536,0,0,0,0,0,0,0,19.444444444,20.0
0.75,0.628,0.439,0.468,0.468,0,0,0,0,0,0,0,19.444444444,20.0
0.75,0.581,0.164,0.212,0.212,0,0,0,0,0,0,0.115,19.444444444,20.0
0.921,0.566,0.0637,0.0949,0.0949,0,0,0,0,0,0,0,19.444444444,20.0
1,0.563,0.0306,0.0666,0.0666,0,0,0,0,0,0,0.0915,19.444444444,20.0
1,0.563,0.0209,0.0552,0.0552,0,0,0,0,0,0,0.0915,19.166666667,19.166666667
1,0.564,0.0161,0.0501,0.0501,0,0,0,0,0,0,0,19.166666667,19.166666667
0.954,0.564,0.0161,0.0501,0.0501,0,0,0,0,0,0,0,19.166666667,19.166666667
0.75,0.564,0.0161,0.0501,0.0501,0,0,0,0,0,0,0,19.166666667,19.166666667
0.75,0.565,0.0183,0.0626,0.0626,0,0,0,0,0,0,0.166,19.166666667,19.166666667
0.75,0.576,0.0325,0.138,0.138,0,0,0,0,0,0,0.285,19.166666667,19.166666667
0.579,0.593,0.045,0.184,0.184,0,0,0,0,0,0,0.253,19.166666667,19.166666667
0.5,0.603,0.0582,0.206,0.206,0,0,0,0,0,0,0.433,19.166666667,19.166666667
0.5,0.608,0.0735,0.223,0.223,0,0,0,0,0,0,0.137,19.166666667,19.166666667
0.5,0.608,0.0813,0.216,0.216,0,0,0,0,0,0,0.0457,19.444444444,20.0
0.5,0.608,0.0884,0.208,0.208,0,0,0,0,0,0,0.137,19.444444444,20.0
0.5,0.608,0.094,0.203,0.203,0,0,0,0,0,0,0.137,19.444444444,20.0
0.5,0.608,0.104,0.202,0.202,0,0,0,0,0,0.467,0.229,19.444444444,20.0
0.608,0.622,0.132,0.234,0.234,0,0,0,0,0,0,0,19.444444444,20.0
0.75,0.653,0.169,0.264,0.264,0,0,0,0,0,0,0.0457,19.444444444,20.0
0.75,0.661,0.169,0.22,0.22,0,0,0,0,0,0,0.32,19.444444444,20.0
0.921,0.763,0.341,0.358,0.358,0,0,0,0,0,0.467,0.0457,19.444444444,20.0
1,0.79,0.498,0.442,0.442,0.503,0.683,0,0,0,0,0,19.444444444,20.0
1,0.772,0.678,0.553,0.553,0.417,0.533,0.198,0.433,0,0,0.205,19.444444444,20.0
1,0.735,0.794,0.698,0.698,0,0,0,0.0667,0.733,0,0.183,19.444444444,20.0
1,0.655,0.592,0.647,0.647,0,0,0.592,0.25,0.683,0,0,19.444444444,20.0
1,0.578,0.138,0.197,0.197,0,0,0,0,0.05,0,0,19.444444444,20.0
1,0.568,0.0907,0.133,0.133,0,0,0,0,0,0,0,19.444444444,20.0
1,0.564,0.0161,0.0501,0.0501,0,0,0,0,0,0,0,19.444444444,20.0
1,0.564,0.0161,0.0501,0.0501,0,0,0,0,0,0,0,19.166666667,19.166666667
1,0.564,0.0161,0.0501,0.0501,0,0,0,0,0,0,0,19.166666667,19.166666667
1,0.563,0.0165,0.0502,0.0502,0,0,0,0,0,0,0.0457,19.166666667,19.166666667
1,0.563,0.0189,0.0546,0.0546,0,0,0,0,0,0,0.32,19.166666667,19.166666667
0.954,0.565,0.0283,0.104,0.104,0,0,0,0,0,0,0.246,19.166666667,19.166666667
0.75,0.588,0.0516,0.244,0.244,0,0,0,0,0,0,0.497,19.166666667,19.166666667
0.454,0.599,0.0508,0.212,0.212,0,0,0,0,0,0,0.137,19.166666667,19.166666667
0.438,0.603,0.0582,0.206,0.206,0.0988,0.183,0,0,0,0,0.137,19.166666667,19.166666667
0.329,0.593,0.0537,0.164,0.164,0.62,0.3,0,0,0,0,0.229,19.166666667,19.166666667
0.25,0.586,0.0487,0.133,0.133,0,0,0,0,0,0,0.0457,19.444444444,20.0
0.25,0.586,0.0523,0.129,0.129,0,0,0,0,0,0,0,19.444444444,20.0
0.296,0.59,0.063,0.14,0.14,0,0,0,0,0,0.183,0.0915,19.444444444,20.0
0.5,0.608,0.104,0.202,0.202,0,0,0,0,0,0.767,0.137,19.444444444,20.0
0.5,0.611,0.111,0.202,0.202,0,0,0,0,0,0,0.229,19.444444444,20.0
0.5,0.628,0.126,0.202,0.202,0,0,0,0,0,0,0.0915,19.444444444,20.0
0.5,0.651,0.154,0.205,0.205,0,0,0,0,0,0,0.0915,19.444444444,20.0
0.654,0.706,0.253,0.271,0.271,0,0,0,0,0,0,0.103,19.444444444,20.0
1,0.79,0.498,0.442,0.442,0,0,0,0,0,0,0.32,19.444444444,20.0
1,0.772,0.678,0.553,0.553,0,0,0,0,0,0,0.145,19.444444444,20.0
1,0.735,0.794,0.698,0.698,0,0,0,0,0,0,0,19.444444444,20.0
1,0.67,0.685,0.742,0.742,0,0,0,0,0,0,0.0457,19.444444444,20.0
1,0.597,0.277,0.365,0.365,0,0,0,0,0,0,0.11,19.444444444,20.0
1,0.567,0.0709,0.111,0.111,0,0,0,0,0,0,0,19.444444444,20.0
1,0.563,0.0213,0.0561,0.0561,0,0,0,0,0,0,0,19.444444444,20.0
1,0.564,0.0161,0.0501,0.0501,0,0,0,0,0,0,0,19.166666667,19.166666667
1,0.564,0.0161,0.0501,0.0501,0,0,0,0,0,0,0,19.166666667,19.166666667
1,0.563,0.0165,0.0502,0.0502,0,0,0,0,0,0,0.0457,19.166666667,19.166666667
1,0.563,0.0189,0.0546,0.0546,0,0,0,0,0,0,0.0457,19.166666667,19.166666667
1,0.565,0.0253,0.0927,0.0927,0,0,0,0,0,0.183,0,19.166666667,19.166666667
0.783,0.578,0.039,0.177,0.177,0,0,0,0,0,0.05,0.423,19.166666667,19.166666667
0.671,0.596,0.0483,0.2,0.2,0,0,0,0,0,0,0.111,19.166666667,19.166666667
0.579,0.593,0.0473,0.168,0.168,0,0,0,0,0,0,0,19.166666667,19.166666667
0.5,0.601,0.0647,0.195,0.195,0,0,0,0,0,0,0.0457,19.166666667,19.166666667
0.5,0.608,0.0813,0.216,0.216,0,0,0,0,0,0,0.0915,19.444444444,20.0
0.5,0.587,0.0546,0.135,0.135,0,0,0,0,0,0,0.0457,19.444444444,20.0
0.5,0.597,0.074,0.165,0.165,0,0,0,0,0,0,0.412,19.444444444,20.0
0.5,0.586,0.0601,0.126,0.126,0,0,0,0,0,0,0.137,19.444444444,20.0
0.546,0.593,0.073,0.14,0.14,0,0,0,0,0,0,0.274,19.444444444,20.0
0.75,0.628,0.126,0.202,0.202,0,0,0,0,0,0,0.32,19.444444444,20.0
0.579,0.621,0.106,0.152,0.152,0,0,0.233,0.183,0,0,0,19.444444444,20.0
0.5,0.618,0.104,0.133,0.133,0,0,0.554,0.0667,0.933,0,0.274,19.444444444,20.0
0.733,0.673,0.25,0.24,0.24,0,0,0.427,0,0.05,0,0.0915,19.444444444,20.0
0.688,0.689,0.422,0.36,0.36,0,0,0.46,0,0,0,0.22,19.444444444,20.0
0.75,0.692,0.6,0.536,0.536,0,0,0.209,0,0,0,0.0969,19.444444444,20.0
0.75,0.64,0.492,0.538,0.538,0,0,0,0,0,0,0.142,19.444444444,20.0
0.75,0.568,0.0512,0.0928,0.0928,0,0,0,0,0,0,0,19.444444444,20.0
0.75,0.564,0.0161,0.0501,0.0501,0,0,0,0,0,0,0,19.444444444,20.0
0.75,0.564,0.0161,0.0501,0.0501,0,0,0,0,0,0,0,19.444444444,20.0
0.75,0.564,0.0161,0.0501,0.0501,0,0,0,0,0,0,0,19.166666667,19.166666667
0.75,0.564,0.0161,0.0501,0.0501,0,0,0,0,0,0,0,19.166666667,19.166666667
0.796,0.563,0.0165,0.0502,0.0502,0,0,0,0,0,0,0.0457,19.166666667,19.166666667
1,0.563,0.0189,0.0546,0.0546,0,0,0,0,0,0,0.0915,19.166666667,19.166666667
1,0.564,0.0231,0.0803,0.0803,0,0,0,0,0,0,0.175,19.166666667,19.166666667
0.954,0.569,0.0259,0.106,0.106,0,0,0,0,0,0,0.17,19.166666667,19.166666667
0.75,0.568,0.0203,0.0666,0.0666,0,0,0,0,0,0.183,0.137,19.166666667,19.166666667
0.75,0.586,0.0401,0.139,0.139,0,0,0,0,0,0.05,0.229,19.166666667,19.166666667
0.858,0.6,0.0635,0.189,0.189,0,0,0,0,0,0,0.0457,19.166666667,19.166666667
0.892,0.621,0.0993,0.264,0.264,0.0938,0.183,0,0,0,0,0.0457,19.444444444,20.0
0.642,0.599,0.0725,0.174,0.174,0.551,0.783,0,0,0,0,0.137,19.444444444,20.0
0.5,0.586,0.0551,0.127,0.127,0.479,0,0,0,0,0,0,19.444444444,20.0
0.5,0.586,0.0601,0.126,0.126,0.631,0,0,0,0,0,0.32,19.444444444,20.0
0.608,0.598,0.0846,0.159,0.159,0.697,0,0,0,0,0,0.274,19.444444444,20.0
0.75,0.651,0.164,0.254,0.254,0.193,0,0,0,0,0.233,0.366,19.444444444,20.0
0.921,0.726,0.271,0.336,0.336,0,0,0,0,0,0,0.0915,19.444444444,20.0
1,0.78,0.367,0.383,0.383,0,0,0,0,0,0,0.0915,19.444444444,20.0
1,0.78,0.469,0.42,0.42,0.494,0.683,0,0,0,0,0.0457,19.444444444,20.0
0.767,0.671,0.357,0.309,0.309,0.181,0.283,0,0,0,0,0,19.444444444,20.0
0.858,0.666,0.488,0.448,0.448,0,0,0,0,0,0.433,0.0457,19.444444444,20.0
1,0.628,0.419,0.468,0.468,0,0,0,0,0,0.0333,0.0457,19.444444444,20.0
1,0.587,0.197,0.27,0.27,0,0,0,0,0,0,0,19.444444444,20.0
1,0.564,0.0161,0.0501,0.0501,0,0,0,0,0,0,0,19.444444444,20.0
1,0.564,0.0161,0.0501,0.0501,0,0,0,0,0,0,0,19.444444444,20.0
1,0.564,0.0161,0.0501,0.0501,0,0,0,0,0,0,0,19.166666667,19.166666667
1,0.564,0.0161,0.0501,0.0501,0,0,0,0,0,0,0,19.166666667,19.166666667
1,0.563,0.0164,0.0502,0.0502,0,0,0,0,0,0,0.195,19.166666667,19.166666667
1,0.563,0.0189,0.0546,0.0546,0,0,0,0,0,0,0.43,19.166666667,19.166666667
0.846,0.563,0.0195,0.0624,0.0624,0,0,0,0,0,0,0,19.166666667,19.166666667
0.5,0.57,0.0227,0.0828,0.0828,0,0,0,0,0,0,0.159,19.166666667,19.166666667
0.5,0.602,0.0541,0.229,0.229,0,0,0,0,0,0,0.325,19.166666667,19.166666667
0.5,0.608,0.064,0.228,0.228,0,0,0,0,0,0,0.141,19.166666667,19.166666667
0.671,0.624,0.0934,0.281,0.281,0,0,0,0,0,0,0.794,19.166666667,19.166666667
0.704,0.626,0.107,0.285,0.285,0,0,0,0,0,0,0.13,19.444444444,20.0
0.5,0.608,0.0884,0.208,0.208,0,0,0,0,0,0,0.506,19.444444444,20.0
0.392,0.599,0.0766,0.17,0.17,0,0,0,0,0,0,0.268,19.444444444,20.0
0.25,0.586,0.0601,0.126,0.126,0,0,0,0,0,0,0.299,19.444444444,20.0
0.25,0.587,0.0635,0.126,0.126,0,0,0,0,0,0,0.603,19.444444444,20.0
0.529,0.634,0.134,0.211,0.211,0,0,0,0,0,0,0.637,19.444444444,20.0
0.688,0.685,0.207,0.264,0.264,0,0,0,0,0,0,0.22,19.444444444,20.0
0.921,0.739,0.3,0.32,0.32,0,0,0,0,0,0,0.196,19.444444444,20.0
1,0.743,0.407,0.366,0.366,0,0,0,0,0,0,0.159,19.444444444,20.0
1,0.772,0.678,0.553,0.553,0,0,0,0,0,0,0.173,19.444444444,20.0
1,0.735,0.794,0.698,0.698,0,0,0,0,0,0,0.327,19.444444444,20.0
1,0.65,0.551,0.598,0.598,0,0,0,0,0,0,0.114,19.444444444,20.0
1,0.575,0.107,0.16,0.16,0,0,0,0,0,0,0,19.444444444,20.0
1,0.564,0.0165,0.0501,0.0501,0,0,0,0,0,0,0,19.444444444,20.0
1,0.564,0.0184,0.0501,0.0501,0,0,0,0,0,0,0,19.444444444,20.0
1,0.564,0.0184,0.0501,0.0501,0,0,0,0,0,0,0,19.166666667,19.166666667
1,0.564,0.0184,0.0501,0.0501,0,0,0,0,0,0,0,19.166666667,19.166666667
1,0.564,0.0184,0.0501,0.0501,0,0,0,0,0,0,0,19.166666667,19.166666667
1,0.564,0.0184,0.0501,0.0501,0,0,0,0,0,0,0,19.166666667,19.166666667
1,0.564,0.0184,0.0501,0.0501,0,0,0,0,0,0,0,19.166666667,19.166666667
1,0.564,0.0184,0.0501,0.0501,0,0,0,0,0,0,0,19.166666667,19.166666667
0.892,0.573,0.028,0.0947,0.0947,0,0,0,0,0,0,0.362,19.166666667,19.166666667
0.75,0.572,0.0357,0.082,0.082,0,0,0,0,0,0,0.438,19.166666667,19.166666667
0.579,0.597,0.093,0.179,0.179,0,0,0,0,0,0,0.183,19.166666667,19.166666667
0.5,0.608,0.135,0.216,0.216,0,0,0,0,0,0,0.274,19.444444444,20.0
0.5,0.608,0.147,0.208,0.208,0,0,0,0,0,0,0.412,19.444444444,20.0
0.5,0.599,0.128,0.17,0.17,0,0,0,0,0,0,0.137,19.444444444,20.0
0.375,0.575,0.0614,0.088,0.088,0,0,0.25,0.433,0,0,0.229,19.444444444,20.0
0.671,0.604,0.18,0.178,0.178,0,0,0.369,0.317,0.683,0,0.137,19.444444444,20.0
0.75,0.628,0.228,0.202,0.202,0,0,0.308,0,0.05,0,0.183,19.444444444,20.0
0.75,0.651,0.238,0.205,0.205,0,0,0.41,0,0,0,0.0457,19.444444444,20.0
0.75,0.709,0.333,0.274,0.274,0,0,0.432,0,0,0,0.343,19.444444444,20.0
0.75,0.733,0.445,0.344,0.344,0,0,0.297,0,0,0.183,0.308,19.444444444,20.0
0.858,0.741,0.652,0.485,0.485,0,0,0,0,0,0.283,0,19.444444444,20.0
1,0.735,0.845,0.698,0.698,0,0,0,0,0,0,0.278,19.444444444,20.0
1,0.662,0.667,0.695,0.695,0,0,0,0,0,0,0.148,19.444444444,20.0
1,0.6,0.323,0.39,0.39,0,0,0,0,0,0,0,19.444444444,20.0
1,0.565,0.035,0.0661,0.0661,0,0,0,0,0,0,0,19.444444444,20.0
1,0.564,0.0184,0.0501,0.0501,0,0,0,0,0,0,0,19.444444444,20.0
1,0.564,0.0184,0.0501,0.0501,0,0,0,0,0,0,0,19.166666667,19.166666667
1,0.564,0.0184,0.0501,0.0501,0,0,0,0,0,0,0,19.166666667,19.166666667
1,0.564,0.0184,0.0501,0.0501,0,0,0,0,0,0,0,19.166666667,19.166666667
1,0.564,0.0184,0.0501,0.0501,0,0,0,0,0,0,0,19.166666667,19.166666667
1,0.567,0.0232,0.0874,0.0874,0.137,0.183,0,0,0,0,0,19.166666667,19.166666667
0.721,0.579,0.0366,0.182,0.182,0.593,0.783,0,0,0,0,0,19.166666667,19.166666667
0.671,0.596,0.0563,0.2,0.2,0.362,0,0,0,0,0,0.313,19.166666667,19.166666667
0.579,0.593,0.0663,0.168,0.168,0,0,0,0,0,0,0.448,19.166666667,19.166666667
0.546,0.594,0.0885,0.167,0.167,0,0,0,0,0,0,0.288,19.166666667,19.166666667
0.704,0.626,0.182,0.285,0.285,0,0,0,0,0,0,0.137,19.444444444,20.0
0.438,0.603,0.131,0.188,0.188,0,0,0,0,0,0.433,0.32,19.444444444,20.0
0.562,0.614,0.177,0.222,0.222,0,0,0,0,0,0.0333,0.137,19.444444444,20.0
0.625,0.619,0.227,0.239,0.239,0,0,0,0,0,0,0.137,19.444444444,20.0
0.408,0.6,0.171,0.174,0.174,0,0,0,0,0,0,0.0915,19.444444444,20.0
0,0.564,0.0184,0.0501,0.0501,0,0,0,0,0,0,0,19.444444444,20.0
0.512,0.656,0.244,0.21,0.21,0,0,0,0,0,0,0.366,19.444444444,20.0
0.75,0.726,0.369,0.3,0.3,0,0,0,0,0,0.467,0.0457,19.444444444,20.0
0.75,0.733,0.445,0.344,0.344,0,0,0,0,0,0,0.0915,19.444444444,20.0
0.75,0.711,0.531,0.398,0.398,0,0,0,0,0,0,0,19.444444444,20.0
0.858,0.672,0.555,0.483,0.483,0,0,0,0,0,0,0.166,19.444444444,20.0
1,0.673,0.738,0.767,0.767,0,0,0,0,0,0,0.202,19.444444444,20.0
1,0.613,0.45,0.528,0.528,0,0,0.27,0.5,0.183,0,0.292,19.444444444,20.0
1,0.571,0.153,0.181,0.181,0,0,0.131,0,0.8,0,0.217,19.444444444,20.0
1,0.563,0.0295,0.0655,0.0655,0,0,0,0,0,0,0.148,19.444444444,20.0
1,0.564,0.0161,0.0501,0.0501,0,0,0,0,0,0,0,19.166666667,19.166666667
1,0.564,0.0161,0.0501,0.0501,0,0,0,0,0,0,0,19.166666667,19.166666667
1,0.564,0.0161,0.0501,0.0501,0,0,0,0,0,0,0,19.166666667,19.166666667
1,0.563,0.0172,0.0541,0.0541,0,0,0,0,0,0.183,0,19.166666667,19.166666667
1,0.565,0.0298,0.109,0.109,0,0,0,0,0,0.283,0.302,19.166666667,19.166666667
0.767,0.588,0.0516,0.244,0.244,0,0,0,0,0,0,0.128,19.166666667,19.166666667
0.75,0.607,0.0595,0.251,0.251,0,0,0,0,0,0,0.319,19.166666667,19.166666667
0.75,0.631,0.088,0.318,0.318,0,0,0,0,0,0,0.366,19.166666667,19.166666667
0.579,0.615,0.0824,0.25,0.25,0,0,0,0,0,0,0.183,19.166666667,19.166666667
0.329,0.593,0.0588,0.16,0.16,0,0,0,0,0,0,0.0457,19.444444444,20.0
0.142,0.576,0.0364,0.0953,0.0953,0,0,0,0,0,0,0.0457,19.444444444,20.0
0.233,0.584,0.0525,0.121,0.121,0.601,0.933,0.31,0.5,0.183,0,0.137,19.444444444,20.0
0.25,0.586,0.0601,0.126,0.126,0,0.0333,0.273,0,0.8,0,0.0915,19.444444444,20.0
0.375,0.599,0.0866,0.164,0.164,0,0,0.549,0,0,0,0.137,19.444444444,20.0
0.592,0.626,0.122,0.197,0.197,0.491,0.683,0.0808,0,0,0,0.0915,19.444444444,20.0
0.983,0.693,0.219,0.278,0.278,0.693,0.283,0,0,0,0,0.0457,19.444444444,20.0
1,0.753,0.32,0.34,0.34,0.231,0,0,0,0,0.183,0.0915,19.444444444,20.0
1,0.733,0.378,0.344,0.344,0,0,0,0,0,0.283,0.229,19.444444444,20.0
1,0.72,0.512,0.427,0.427,0,0,0,0,0,0,0,19.444444444,20.0
1,0.692,0.6,0.536,0.536,0,0,0,0,0,0,0,19.444444444,20.0
1,0.625,0.399,0.443,0.443,0,0,0,0,0,0,0.229,19.444444444,20.0
1,0.576,0.115,0.17,0.17,0.496,0.683,0,0,0,0,0,19.444444444,20.0
1,0.565,0.0306,0.0661,0.0661,0,0.283,0,0,0,0,0,19.444444444,20.0
1,0.564,0.0161,0.0501,0.0501,0,0,0,0,0,0,0,19.444444444,20.0
1,0.564,0.0161,0.0501,0.0501,0,0,0,0,0,0,0,19.166666667,19.166666667
1,0.564,0.0161,0.0501,0.0501,0,0,0,0,0,0,0,19.166666667,19.166666667
1,0.564,0.0161,0.0501,0.0501,0,0,0,0,0,0,0,19.166666667,19.166666667
1,0.564,0.0161,0.0501,0.0501,0,0,0,0,0,0,0,19.166666667,19.166666667
1,0.566,0.0205,0.075,0.075,0,0,0,0,0,0,0.0895,19.166666667,19.166666667
0.954,0.588,0.0516,0.244,0.244,0,0,0,0,0,0,0.242,19.166666667,19.166666667
0.642,0.612,0.0643,0.279,0.279,0,0,0,0,0,0,0,19.166666667,19.166666667
0.5,0.608,0.064,0.228,0.228,0,0,0,0,0,0,0.274,19.166666667,19.166666667
0.5,0.608,0.0735,0.223,0.223,0,0,0,0,0,0,0.137,19.166666667,19.166666667
0.5,0.608,0.0813,0.216,0.216,0,0,0,0,0,0,0.0915,19.444444444,20.0
0.5,0.604,0.0814,0.194,0.194,0,0,0,0,0,0,0,19.444444444,20.0
0.625,0.597,0.074,0.165,0.165,0,0,0.351,0.433,0,0,0.137,19.444444444,20.0
0.5,0.586,0.0601,0.126,0.126,0,0,0.347,0.0667,0.933,0,0.274,19.444444444,20.0
0.5,0.587,0.0635,0.126,0.126,0,0,0.457,0,0.05,0,0.366,19.444444444,20.0
0.5,0.603,0.0831,0.14,0.14,0,0,0.153,0,0,0,0.229,19.444444444,20.0
0.5,0.642,0.139,0.191,0.191,0,0,0,0,0,0,0.137,19.444444444,20.0
0.608,0.652,0.165,0.188,0.188,0,0,0,0,0,0,0.221,19.444444444,20.0
0.75,0.733,0.378,0.344,0.344,0.392,0.433,0,0,0,0,0.0457,19.444444444,20.0
0.75,0.711,0.476,0.398,0.398,0.392,0.533,0,0,0,0,0.046,19.444444444,20.0
0.983,0.689,0.587,0.526,0.526,0,0,0,0,0,0,0.132,19.444444444,20.0
1,0.585,0.146,0.182,0.182,0,0,0,0,0,0,0,19.444444444,20.0
1,0.564,0.0161,0.0501,0.0501,0,0,0,0,0,0,0,19.444444444,20.0
1,0.564,0.0161,0.0501,0.0501,0,0,0,0,0,0,0,19.444444444,20.0
1,0.564,0.0161,0.0501,0.0501,0,0,0,0,0,0,0,19.444444444,20.0
1,0.564,0.0161,0.0501,0.0501,0,0,0,0,0,0,0,19.166666667,19.166666667
1,0.564,0.0161,0.0501,0.0501,0,0,0,0,0,0,0,19.166666667,19.166666667
1,0.564,0.0161,0.0501,0.0501,0,0,0,0,0,0,0,19.166666667,19.166666667
1,0.564,0.0161,0.0501,0.0501,0,0,0,0,0,0,0,19.166666667,19.166666667
1,0.564,0.0227,0.0788,0.0788,0,0,0,0,0,0,0.0915,19.166666667,19.166666667
0.767,0.578,0.0328,0.138,0.138,0,0,0,0,0,0,0.295,19.166666667,19.166666667
0.688,0.616,0.0685,0.296,0.296,0,0,0,0,0,0.467,0.59,19.166666667,19.166666667
0.75,0.631,0.088,0.318,0.318,0,0,0,0,0,0,0.341,19.166666667,19.166666667
0.75,0.631,0.102,0.309,0.309,0,0,0,0,0,0,0.245,19.166666667,19.166666667
0.75,0.631,0.114,0.299,0.299,0,0,0,0,0,0,0.0457,19.444444444,20.0
0.75,0.631,0.125,0.287,0.287,0,0,0,0,0,0,0.0915,19.444444444,20.0
0.533,0.611,0.0981,0.213,0.213,0,0,0,0,0,0,0.0915,19.444444444,20.0
0.421,0.601,0.0903,0.178,0.178,0,0,0,0,0,0.233,0.0457,19.444444444,20.0
0.5,0.594,0.0781,0.15,0.15,0,0,0,0,0,0,0.32,19.444444444,20.0
0.5,0.596,0.071,0.126,0.126,0,0,0,0,0,0,0.183,19.444444444,20.0
0.5,0.607,0.0852,0.128,0.128,0,0,0,0,0,0,0.0457,19.444444444,20.0
0.438,0.642,0.145,0.171,0.171,0,0,0,0,0,0,0.179,19.444444444,20.0
0.546,0.687,0.286,0.268,0.268,0,0,0,0,0,0.183,0.229,19.444444444,20.0
0.75,0.72,0.512,0.427,0.427,0,0,0,0,0,0.283,0,19.444444444,20.0
0.688,0.681,0.551,0.497,0.497,0,0,0,0,0,0,0.2,19.444444444,20.0
0.75,0.635,0.466,0.515,0.515,0,0,0,0,0,0,0,19.444444444,20.0
0.858,0.592,0.233,0.313,0.313,0,0,0,0,0,0,0,19.444444444,20.0
1,0.566,0.0564,0.0949,0.0949,0,0,0,0,0,0,0.0457,19.444444444,20.0
1,0.563,0.0295,0.0655,0.0655,0,0,0,0,0,0,0,19.444444444,20.0
1,0.564,0.0161,0.0501,0.0501,0,0,0,0,0,0,0,19.166666667,19.166666667
1,0.564,0.0161,0.0501,0.0501,0,0,0,0,0,0,0,19.166666667,19.166666667
1,0.564,0.0161,0.0501,0.0501,0,0,0,0,0,0,0,19.166666667,19.166666667
1,0.564,0.0161,0.0501,0.0501,0,0,0,0,0,0,0,19.166666667,19.166666667
1,0.564,0.0161,0.0501,0.0501,0,0,0,0,0,0,0,19.166666667,19.166666667
1,0.574,0.026,0.0992,0.0992,0,0,0,0,0,0,0.121,19.166666667,19.166666667
0.767,0.607,0.0595,0.251,0.251,0.116,0.183,0,0,0,0,0.28,19.166666667,19.166666667
0.75,0.615,0.0713,0.257,0.257,0.673,0.783,0,0,0,0,0.155,19.166666667,19.166666667
0.75,0.624,0.0934,0.281,0.281,0.75,0,0.452,0.25,0.433,0,0.334,19.166666667,19.166666667
0.704,0.626,0.107,0.285,0.285,0,0,0.699,0,0.3,0,0.265,19.444444444,20.0
0.5,0.608,0.0884,0.208,0.208,0,0,0.502,0,0,0,0.279,19.444444444,20.0
0.5,0.608,0.094,0.203,0.203,0,0,0.474,0,0,0,0.617,19.444444444,20.0
0.5,0.608,0.104,0.202,0.202,0,0,0.415,0,0,0,0.274,19.444444444,20.0
0.733,0.633,0.155,0.272,0.272,0,0,0.482,0,0,0,0.229,19.444444444,20.0
0.75,0.66,0.181,0.278,0.278,0,0,0.344,0,0,0,0.0915,19.444444444,20.0
0.75,0.695,0.223,0.283,0.283,0,0,0.51,0,0,0.433,0.32,19.444444444,20.0
0.858,0.75,0.32,0.337,0.337,0,0,0.865,0,0,0.0333,0.442,19.444444444,20.0
0.938,0.776,0.47,0.418,0.418,0,0,0.852,0,0,0,0.307,19.444444444,20.0
1,0.772,0.678,0.553,0.553,0,0,0.717,0,0,0,0.164,19.444444444,20.0
1,0.735,0.794,0.698,0.698,0,0,0.696,0,0,0,0.0763,19.444444444,20.0
1,0.673,0.705,0.767,0.767,0,0,0.117,0,0,0,0.118,19.444444444,20.0
1,0.59,0.22,0.298,0.298,0,0,0.48,0.5,0.433,0,0.111,19.444444444,20.0
1,0.566,0.0564,0.0949,0.0949,0,0,0.395,0,0.55,0,0,19.444444444,20.0
1,0.563,0.0213,0.0561,0.0561,0,0,0.164,0,0,0,0.137,19.444444444,20.0
1,0.564,0.0161,0.0501,0.0501,0,0,0,0,0,0,0,19.166666667,19.166666667
1,0.564,0.0161,0.0501,0.0501,0,0,0,0,0,0,0,19.166666667,19.166666667
1,0.564,0.0161,0.0501,0.0501,0,0,0,0,0,0,0,19.166666667,19.166666667
1,0.564,0.0161,0.0501,0.0501,0,0,0,0,0,0,0,19.166666667,19.166666667
1,0.565,0.0183,0.0626,0.0626,0,0,0,0,0,0,0.113,19.166666667,19.166666667
0.767,0.571,0.0235,0.0873,0.0873,0,0,0,0,0,0.183,0.13,19.166666667,19.166666667
0.75,0.602,0.0541,0.229,0.229,0,0,0,0,0,0.283,0.33,19.166666667,19.166666667
0.75,0.608,0.064,0.228,0.228,0.198,0.183,0,0,0,0,0.703,19.166666667,19.166666667
0.75,0.608,0.0735,0.223,0.223,0.65,0.783,0,0,0,0,0.217,19.166666667,19.166666667
0.642,0.603,0.0733,0.195,0.195,0,0,0,0,0,0,0.183,19.444444444,20.0
0.5,0.608,0.0884,0.208,0.208,0,0,0,0,0,0,0.0915,19.444444444,20.0
0.392,0.599,0.0766,0.17,0.17,0,0,0,0,0,0,0.171,19.444444444,20.0
0.25,0.586,0.0601,0.126,0.126,0,0,0,0,0,0,0.32,19.444444444,20.0
0.358,0.598,0.0846,0.159,0.159,0,0,0,0,0,0.433,0.183,19.444444444,20.0
0.654,0.651,0.163,0.249,0.249,0,0,0,0,0,0.0333,0.137,19.444444444,20.0
1,0.739,0.292,0.361,0.361,0,0,0,0,0,0,0.274,19.444444444,20.0
1,0.78,0.367,0.383,0.383,0,0,0,0,0,0.183,0.0915,19.444444444,20.0
0.829,0.752,0.413,0.373,0.373,0,0,0,0,0,0.05,0.353,19.444444444,20.0
0.75,0.72,0.512,0.427,0.427,0,0,0,0,0,0,0.119,19.444444444,20.0
0.75,0.692,0.6,0.536,0.536,0,0,0,0,0,0,0,19.444444444,20.0
0.796,0.648,0.553,0.612,0.612,0,0,0,0,0,0,0.221,19.444444444,20.0
1,0.613,0.412,0.528,0.528,0,0,0,0,0,0,0,19.444444444,20.0
1,0.571,0.135,0.181,0.181,0,0,0,0,0,0,0,19.444444444,20.0
1,0.563,0.0246,0.0561,0.0561,0,0,0,0,0,0,0,19.444444444,20.0
1,0.563,0.0188,0.0501,0.0501,0,0,0,0,0,0,0,19.166666667,19.166666667
1,0.564,0.0185,0.0501,0.0501,0,0,0,0,0,0,0,19.166666667,19.166666667
1,0.564,0.0184,0.0501,0.0501,0,0,0,0,0,0,0,19.166666667,19.166666667
1,0.564,0.0184,0.0501,0.0501,0,0,0,0,0,0,0,19.166666667,19.166666667
1,0.565,0.02,0.0626,0.0626,0,0,0,0,0,0.183,0.0457,19.166666667,19.166666667
1,0.579,0.0368,0.172,0.172,0,0,0,0,0,0.767,0.606,19.166666667,19.166666667
1,0.611,0.0735,0.267,0.267,0,0,0,0,0,0,0.623,19.166666667,19.166666667
0.829,0.615,0.103,0.257,0.257,0,0,0,0,0,0.467,0.257,19.166666667,19.166666667
0.579,0.593,0.0825,0.164,0.164,0,0,0,0,0,0,0.366,19.166666667,19.166666667
0.5,0.586,0.0768,0.133,0.133,0,0,0,0,0,0,0.229,19.444444444,20.0
0.454,0.582,0.0701,0.115,0.115,0,0,0,0,0,0,0.32,19.444444444,20.0
0.25,0.564,0.0184,0.0501,0.0501,0,0,0,0,0,0,0,19.444444444,20.0
0.204,0.575,0.0592,0.088,0.088,0,0,0,0,0,0,0,19.444444444,20.0
0.233,0.586,0.108,0.121,0.121,0,0,0,0,0,0,0.183,19.444444444,20.0
0.296,0.603,0.143,0.14,0.14,0,0,0,0,0,0,0.183,19.444444444,20.0
0.5,0.651,0.238,0.205,0.205,0,0,0,0,0,0,0.274,19.444444444,20.0
0.329,0.635,0.171,0.159,0.159,0,0,0,0,0,0,0,19.444444444,20.0
0.358,0.644,0.227,0.193,0.193,0,0,0,0,0,0.433,0.0457,19.444444444,20.0
0.5,0.668,0.386,0.301,0.301,0,0,0,0,0,0.767,0.274,19.444444444,20.0
0.5,0.649,0.432,0.374,0.374,0,0,0,0,0,0,0.0915,19.444444444,20.0
0.5,0.615,0.356,0.384,0.384,0,0,0,0,0,0,0.0457,19.444444444,20.0
0.546,0.577,0.136,0.179,0.179,0,0,0,0,0,0,0,19.444444444,20.0
0.858,0.569,0.124,0.152,0.152,0,0,0,0,0,0,0.118,19.444444444,20.0
1,0.562,0.0407,0.0714,0.0714,0,0,0,0,0,0,0.137,19.444444444,20.0
1,0.564,0.0184,0.0501,0.0501,0,0,0,0,0,0,0,19.166666667,19.166666667
1,0.564,0.0184,0.0501,0.0501,0,0,0,0,0,0,0,19.166666667,19.166666667
1,0.564,0.0184,0.0501,0.0501,0,0,0,0,0,0,0,19.166666667,19.166666667
1,0.564,0.0184,0.0501,0.0501,0,0,0,0,0,0,0,19.166666667,19.166666667
1,0.564,0.0184,0.0501,0.0501,0,0,0,0,0,0,0,19.166666667,19.166666667
1,0.567,0.0219,0.0665,0.0665,0,0,0,0,0,0,0,19.166666667,19.166666667
1,0.587,0.0467,0.156,0.156,0,0,0,0,0,0,0.274,19.166666667,19.166666667
1,0.612,0.101,0.244,0.244,0,0,0,0,0,0,0.183,19.166666667,19.166666667
0.954,0.631,0.166,0.309,0.309,0,0,0,0,0,0,0.183,19.166666667,19.166666667
0.75,0.631,0.194,0.299,0.299,0,0,0,0,0,0.467,0.0457,19.444444444,20.0
0.75,0.631,0.211,0.287,0.287,0,0,0,0,0,0,0,19.444444444,20.0
0.75,0.631,0.231,0.279,0.279,0,0,0,0,0,0,0.366,19.444444444,20.0
0.533,0.611,0.195,0.212,0.212,0.735,0.933,0,0,0,0,0.0457,19.444444444,20.0
0.25,0.587,0.114,0.126,0.126,0.106,0.0333,0,0,0,0,0.0915,19.444444444,20.0
0.25,0.596,0.123,0.126,0.126,0,0,0,0,0,0,0.0915,19.444444444,20.0
0.342,0.627,0.17,0.157,0.157,0,0,0,0,0,0,0.306,19.444444444,20.0
0.688,0.713,0.341,0.28,0.28,0,0,0,0,0,0,0.262,19.444444444,20.0
0.921,0.772,0.544,0.412,0.412,0,0,0,0,0,0,0.223,19.444444444,20.0
1,0.772,0.753,0.553,0.553,0,0,0,0,0,0,0.17,19.444444444,20.0
1,0.729,0.81,0.664,0.664,0,0,0,0,0,0,0,19.444444444,20.0
1,0.628,0.439,0.468,0.468,0,0,0,0,0,0,0,19.444444444,20.0
1,0.577,0.134,0.179,0.179,0,0,0,0,0,0,0,19.444444444,20.0
1,0.566,0.0637,0.0949,0.0949,0,0,0,0,0,0,0,19.444444444,20.0
1,0.563,0.0213,0.0561,0.0561,0,0,0,0,0,0,0,19.444444444,20.0
1,0.564,0.0161,0.0501,0.0501,0,0,0,0,0,0,0,19.166666667,19.166666667
1,0.564,0.0161,0.0501,0.0501,0,0,0,0,0,0,0,19.166666667,19.166666667
0.954,0.564,0.0161,0.0501,0.0501,0,0,0,0,0,0,0,19.166666667,19.166666667
0.983,0.563,0.0187,0.0546,0.0546,0,0,0,0,0,0,0.321,19.166666667,19.166666667
1,0.564,0.0231,0.0803,0.0803,0,0,0,0,0,0,0.341,19.166666667,19.166666667
1,0.583,0.0418,0.188,0.188,0,0,0,0,0,0.183,0.249,19.166666667,19.166666667
1,0.625,0.0773,0.334,0.334,0,0,0,0,0,0.467,0.486,19.166666667,19.166666667
1,0.653,0.112,0.407,0.407,0,0,0,0,0,0.05,0.0915,19.166666667,19.166666667
0.767,0.632,0.104,0.315,0.315,0,0,0,0,0,0,0.0915,19.166666667,19.166666667
0.75,0.631,0.114,0.299,0.299,0,0,0.601,0.5,0.433,0,0.0457,19.444444444,20.0
0.75,0.631,0.125,0.287,0.287,0,0,0.806,0,0.3,0,0,19.444444444,20.0
0.642,0.621,0.116,0.246,0.246,0,0,0.348,0,0,0,0.183,19.444444444,20.0
0.5,0.608,0.104,0.202,0.202,0,0,0.681,0,0,0,0.137,19.444444444,20.0
0.5,0.611,0.111,0.202,0.202,0,0,0.604,0,0,0,0.366,19.444444444,20.0
0.608,0.643,0.151,0.235,0.235,0.39,0.433,0,0,0,0.183,0.35,19.444444444,20.0
0.75,0.695,0.223,0.283,0.283,0,0.533,0,0,0,0.05,0.332,19.444444444,20.0
0.642,0.702,0.238,0.263,0.263,0,0,0,0,0,0,0.238,19.444444444,20.0
0.625,0.705,0.313,0.292,0.292,0,0,0,0,0,0.467,0.0457,19.444444444,20.0
0.733,0.708,0.466,0.39,0.39,0,0,0,0,0,0,0.188,19.444444444,20.0
0.75,0.621,0.273,0.262,0.262,0,0,0,0,0,0,0,19.444444444,20.0
0.75,0.591,0.188,0.229,0.229,0,0,0,0,0,0,0,19.444444444,20.0
0.921,0.575,0.107,0.16,0.16,0,0,0,0,0,0,0.183,19.444444444,20.0
1,0.564,0.0161,0.0501,0.0501,0,0,0,0,0,0,0,19.444444444,20.0
1,0.564,0.0161,0.0501,0.0501,0,0,0,0,0,0,0,19.444444444,20.0
1,0.564,0.0161,0.0501,0.0501,0,0,0,0,0,0,0,19.166666667,19.166666667
1,0.564,0.0161,0.0501,0.0501,0,0,0,0,0,0,0,19.166666667,19.166666667
1,0.563,0.016,0.0501,0.0501,0,0,0,0,0,0,0.201,19.166666667,19.166666667
1,0.564,0.0161,0.0501,0.0501,0,0,0,0,0,0,0.0706,19.166666667,19.166666667
1,0.564,0.0227,0.0788,0.0788,0,0,0,0,0,0,0.474,19.166666667,19.166666667
1,0.573,0.0292,0.122,0.122,0,0,0,0,0,0,0.578,19.166666667,19.166666667
0.658,0.569,0.0218,0.0784,0.0784,0,0,0,0,0,0,0.0925,19.166666667,19.166666667
0.5,0.564,0.0161,0.0501,0.0501,0,0,0,0,0,0,0,19.166666667,19.166666667
0.5,0.564,0.0161,0.0501,0.0501,0,0,0,0,0,0,0,19.166666667,19.166666667
0.5,0.579,0.0386,0.107,0.107,0,0,0,0,0,0,0.0915,19.444444444,20.0
0.5,0.586,0.0523,0.129,0.129,0,0,0,0,0,0,0.366,19.444444444,20.0
0.5,0.601,0.082,0.179,0.179,0,0,0,0,0,0,0.137,19.444444444,20.0
0.5,0.593,0.0739,0.15,0.15,0,0,0,0,0,0,0.0915,19.444444444,20.0
0.375,0.593,0.073,0.14,0.14,0,0,0,0,0,0,0.297,19.444444444,20.0
0.5,0.628,0.126,0.202,0.202,0,0,0,0,0,0,0.0915,19.444444444,20.0
0.733,0.693,0.219,0.278,0.278,0,0,0,0,0,0,0.0457,19.444444444,20.0
0.875,0.753,0.32,0.34,0.34,0.59,0.933,0,0,0,0.433,0.0915,19.444444444,20.0
0.983,0.786,0.491,0.435,0.435,0,0.0333,0,0,0,0.517,0.276,19.444444444,20.0
1,0.772,0.678,0.553,0.553,0,0,0,0,0,0,0.376,19.444444444,20.0
1,0.729,0.76,0.664,0.664,0,0,0,0,0,0,0,19.444444444,20.0
1,0.617,0.353,0.396,0.396,0,0,0,0,0,0,0,19.444444444,20.0
1,0.565,0.0235,0.0591,0.0591,0,0,0,0,0,0,0,19.444444444,20.0
1,0.564,0.0161,0.0501,0.0501,0,0,0,0,0,0,0,19.444444444,20.0
1,0.564,0.0161,0.0501,0.0501,0,0,0,0,0,0,0,19.444444444,20.0
1,0.564,0.0161,0.0501,0.0501,0,0,0,0,0,0,0,19.166666667,19.166666667
1,0.564,0.0161,0.0501,0.0501,0,0,0,0,0,0,0,19.166666667,19.166666667
1,0.564,0.0161,0.0501,0.0501,0,0,0,0,0,0,0,19.166666667,19.166666667
1,0.563,0.0172,0.0541,0.0541,0,0,0,0,0,0,0.0457,19.166666667,19.166666667
0.954,0.563,0.0209,0.0678,0.0678,0,0,0,0,0,0,0.0457,19.166666667,19.166666667
0.642,0.574,0.0314,0.134,0.134,0,0,0,0,0,0,0.221,19.166666667,19.166666667
0.5,0.587,0.0393,0.156,0.156,0,0,0,0,0,0,0.457,19.166666667,19.166666667
0.267,0.587,0.0416,0.145,0.145,0,0,0,0,0,0,0.0457,19.166666667,19.166666667
0.25,0.586,0.0448,0.136,0.136,0,0,0,0,0,0,0,19.166666667,19.166666667
0.0792,0.571,0.0262,0.0767,0.0767,0,0,0,0,0,0,0.229,19.444444444,20.0
0,0.564,0.0161,0.0501,0.0501,0,0,0,0,0,0,0,19.444444444,20.0
0.233,0.584,0.0525,0.121,0.121,0,0,0,0,0,0,0.481,19.444444444,20.0
0.421,0.596,0.0794,0.159,0.159,0,0,0,0,0,0.183,0.415,19.444444444,20.0
0.671,0.628,0.144,0.253,0.253,0,0,0,0,0,1,0.412,19.444444444,20.0
0.75,0.66,0.181,0.278,0.278,0,0,0,0,0,0.5,0.229,19.444444444,20.0
0.75,0.695,0.223,0.283,0.283,0,0,0,0,0,0.183,0.0457,19.444444444,20.0
0.75,0.726,0.279,0.3,0.3,0,0,0,0,0,0.05,0.183,19.444444444,20.0
0.921,0.772,0.463,0.412,0.412,0,0,0,0,0,0,0.225,19.444444444,20.0
1,0.772,0.678,0.553,0.553,0,0,0,0,0,0,0.0457,19.444444444,20.0
0.829,0.673,0.496,0.438,0.438,0,0,0,0,0,0,0.346,19.444444444,20.0
0.983,0.616,0.348,0.396,0.396,0.611,0.933,0,0,0,0,0.0734,19.444444444,20.0
1,0.588,0.206,0.28,0.28,0,0.0333,0,0,0,0,0,19.444444444,20.0
1,0.566,0.0534,0.0914,0.0914,0,0,0,0,0,0,0.0931,19.444444444,20.0
1,0.564,0.0161,0.0501,0.0501,0,0,0,0,0,0,0,19.444444444,20.0
1,0.564,0.0161,0.0501,0.0501,0,0,0,0,0,0,0,19.166666667,19.166666667
1,0.564,0.0161,0.0501,0.0501,0,0,0,0,0,0,0,19.166666667,19.166666667
1,0.564,0.0161,0.0501,0.0501,0,0,0,0,0,0,0,19.166666667,19.166666667
1,0.564,0.0161,0.0501,0.0501,0,0,0,0,0,0,0,19.166666667,19.166666667
1,0.566,0.022,0.0804,0.0804,0,0,0,0,0,0.183,0.137,19.166666667,19.166666667
1,0.581,0.0423,0.194,0.194,0,0,0.423,0.5,0.183,0.283,0.263,19.166666667,19.166666667
0.829,0.593,0.045,0.184,0.184,0,0,0.778,0,0.8,0,0,19.166666667,19.166666667
0.642,0.614,0.0698,0.251,0.251,0,0,0.549,0,0,0,0.274,19.166666667,19.166666667
0.454,0.604,0.0677,0.207,0.207,0,0,0.285,0,0,0,0.183,19.166666667,19.166666667
0.25,0.586,0.0487,0.133,0.133,0,0,0,0,0,0,0.229,19.444444444,20.0
0.25,0.586,0.0523,0.129,0.129,0,0,0,0,0,0,0.137,19.444444444,20.0
0.25,0.586,0.0551,0.127,0.127,0,0,0,0,0,0,0.0457,19.444444444,20.0
0.25,0.586,0.0601,0.126,0.126,0,0,0,0,0,0,0.0457,19.444444444,20.0
0.421,0.604,0.0962,0.178,0.178,0,0,0,0,0,0,0.0457,19.444444444,20.0
0.5,0.628,0.126,0.202,0.202,0,0,0,0,0,0.233,0.0457,19.444444444,20.0
0.546,0.661,0.169,0.22,0.22,0,0,0,0,0,0,0.0457,19.444444444,20.0
0.75,0.726,0.279,0.3,0.3,0,0,0,0,0,0,0.0457,19.444444444,20.0
0.75,0.733,0.378,0.344,0.344,0,0,0,0,0,0,0.503,19.444444444,20.0
0.75,0.72,0.512,0.427,0.427,0,0,0,0,0,0,0.137,19.444444444,20.0
0.858,0.692,0.6,0.536,0.536,0,0,0,0,0,0,0.183,19.444444444,20.0
1,0.625,0.399,0.443,0.443,0,0,0,0,0,0,0.0457,19.444444444,20.0
1,0.575,0.107,0.16,0.16,0,0,0,0,0,0,0,19.444444444,20.0
1,0.564,0.0161,0.0501,0.0501,0,0,0,0,0,0,0,19.444444444,20.0
1,0.564,0.0161,0.0501,0.0501,0,0,0,0,0,0,0,19.444444444,20.0
1,0.563,0.0163,0.0501,0.0501,0,0,0,0,0,0,0,19.166666667,19.166666667
1,0.563,0.0168,0.0501,0.0501,0,0,0,0,0,0,0.137,19.166666667,19.166666667
1,0.564,0.0161,0.0501,0.0501,0,0,0,0,0,0,0,19.166666667,19.166666667
1,0.562,0.0198,0.0585,0.0585,0,0,0,0,0,0,0.25,19.166666667,19.166666667
1,0.564,0.0302,0.11,0.11,0,0,0,0,0,0,0.422,19.166666667,19.166666667
0.875,0.578,0.0363,0.16,0.16,0,0,0,0,0,0,0.258,19.166666667,19.166666667
1,0.602,0.0541,0.229,0.229,0,0,0,0,0,0,0.261,19.166666667,19.166666667
1,0.628,0.0858,0.305,0.305,0.127,0.183,0,0,0,0,0.35,19.166666667,19.166666667
0.846,0.639,0.112,0.343,0.343,0.578,0.783,0,0,0,0.433,0.363,19.166666667,19.166666667
0.546,0.612,0.0878,0.231,0.231,0.137,0,0,0,0,0.0333,0.189,19.444444444,20.0
0.75,0.631,0.125,0.287,0.287,0.519,0.683,0,0,0,0,0.132,19.444444444,20.0
0.75,0.631,0.133,0.279,0.279,0.546,0.533,0,0,0,0,0.0617,19.444444444,20.0
0.75,0.631,0.148,0.277,0.277,0.191,0,0,0,0,0,0.266,19.444444444,20.0
0.75,0.635,0.158,0.277,0.277,0,0,0,0,0,0,0.183,19.444444444,20.0
0.75,0.638,0.142,0.226,0.226,0,0,0,0,0,0,0.137,19.444444444,20.0
0.796,0.671,0.184,0.235,0.235,0.384,0.433,0,0,0,0,0.0915,19.444444444,20.0
0.829,0.743,0.305,0.326,0.326,0.583,0.533,0,0,0,0,0.0457,19.444444444,20.0
0.75,0.733,0.378,0.344,0.344,0.136,0,0,0,0,0,0.0915,19.444444444,20.0
0.75,0.72,0.512,0.427,0.427,0,0,0,0,0,0,0.162,19.444444444,20.0
0.75,0.692,0.6,0.536,0.536,0,0,0,0,0,0,0.123,19.444444444,20.0
0.75,0.625,0.399,0.443,0.443,0,0,0,0,0,0,0,19.444444444,20.0
0.75,0.575,0.107,0.16,0.16,0,0,0,0,0,0,0,19.444444444,20.0
0.796,0.563,0.0201,0.0536,0.0536,0,0,0,0,0,0,0,19.444444444,20.0
1,0.563,0.0359,0.0666,0.0666,0,0,0,0,0,0,0,19.444444444,20.0
1,0.563,0.0249,0.0552,0.0552,0,0,0,0,0,0,0.137,19.166666667,19.166666667
1,0.563,0.02,0.0501,0.0501,0,0,0,0,0,0.233,0.0457,19.166666667,19.166666667
1,0.563,0.0186,0.0502,0.0502,0,0,0,0,0,0,0,19.166666667,19.166666667
1,0.563,0.0189,0.0503,0.0503,0,0,0,0,0,0,0,19.166666667,19.166666667
1,0.564,0.0184,0.0501,0.0501,0,0,0,0,0,0,0,19.166666667,19.166666667
1,0.564,0.0184,0.0501,0.0501,0,0,0,0,0,0,0,19.166666667,19.166666667
1,0.577,0.0343,0.111,0.111,0,0,0,0,0,0,0.243,19.166666667,19.166666667
1,0.586,0.0553,0.139,0.139,0,0,0,0,0,0,0.264,19.166666667,19.166666667
0.767,0.58,0.0557,0.115,0.115,0,0,0,0,0,0,0.197,19.166666667,19.166666667
0.75,0.59,0.0884,0.148,0.148,0,0,0,0,0,0.183,0.0676,19.444444444,20.0
0.75,0.612,0.159,0.222,0.222,0,0,0,0,0,0.283,0.51,19.444444444,20.0
0.704,0.626,0.216,0.266,0.266,0,0,0,0,0,0,0.289,19.444444444,20.0
0.671,0.624,0.244,0.253,0.253,0,0,0,0,0,0.433,0.184,19.444444444,20.0
0.642,0.624,0.263,0.244,0.244,0,0,0,0,0,0.517,0.432,19.444444444,20.0
0.5,0.628,0.228,0.202,0.202,0,0,0,0,0,0,0.344,19.444444444,20.0
0.375,0.631,0.184,0.167,0.167,0,0,0,0,0,0,0.367,19.444444444,20.0
0.904,0.72,0.358,0.291,0.291,0,0,0,0,0,0,0.447,19.444444444,20.0
1,0.79,0.587,0.442,0.442,0,0,0,0,0,0,0.0668,19.444444444,20.0
1,0.772,0.753,0.553,0.553,0,0,0,0,0,0,0.0915,19.444444444,20.0
1,0.735,0.845,0.698,0.698,0,0,0,0,0,0,0.0457,19.444444444,20.0
1,0.673,0.738,0.767,0.767,0,0,0,0,0,0,0,19.444444444,20.0
1,0.601,0.34,0.408,0.408,0,0,0,0,0,0,0,19.444444444,20.0
1,0.566,0.0646,0.0948,0.0948,0,0,0,0,0,0,0,19.444444444,20.0
1,0.564,0.0184,0.0501,0.0501,0,0,0,0,0,0,0,19.444444444,20.0
1,0.564,0.0184,0.0501,0.0501,0,0,0,0,0,0,0,19.166666667,19.166666667
1,0.564,0.0184,0.0501,0.0501,0,0,0,0,0,0,0,19.166666667,19.166666667
1,0.564,0.0184,0.0501,0.0501,0,0,0,0,0,0,0,19.166666667,19.166666667
1,0.563,0.0201,0.0546,0.0546,0,0,0,0,0,0,0.544,19.166666667,19.166666667
1,0.564,0.0225,0.0803,0.0803,0,0,0,0,0,0,0.395,19.166666667,19.166666667
1,0.573,0.029,0.122,0.122,0,0,0,0,0,0,0.0457,19.166666667,19.166666667
1,0.587,0.0467,0.156,0.156,0,0,0,0,0,0,0.3,19.166666667,19.166666667
1,0.612,0.101,0.244,0.244,0,0,0,0,0,0,0.345,19.166666667,19.166666667
0.767,0.61,0.12,0.228,0.228,0,0,0,0,0,0,0.103,19.166666667,19.166666667
0.642,0.603,0.121,0.195,0.195,0,0,0,0,0,0,0.29,19.444444444,20.0
0.5,0.608,0.147,0.208,0.208,0,0,0,0,0,0.233,0.787,19.444444444,20.0
0.5,0.608,0.16,0.203,0.203,0,0,0,0,0,0,0.169,19.444444444,20.0
0.5,0.608,0.186,0.202,0.202,0,0,0,0,0,0,0.386,19.444444444,20.0
0.5,0.606,0.186,0.183,0.183,0,0,0,0,0,0,0.254,19.444444444,20.0
0.5,0.628,0.228,0.202,0.202,0.183,0.183,0,0,0,0,0.128,19.444444444,20.0
0.546,0.661,0.259,0.22,0.22,0.687,0.783,0,0,0,0,0.274,19.444444444,20.0
0.812,0.739,0.397,0.32,0.32,0.571,0,0,0,0,0,0.0457,19.444444444,20.0
0.921,0.748,0.478,0.367,0.367,1,0,0,0,0,0.233,0.274,19.444444444,20.0
1,0.768,0.741,0.545,0.545,0.62,0.683,0,0,0,0.717,0.0457,19.444444444,20.0
1,0.735,0.845,0.698,0.698,0.695,0.283,0,0,0,0,0,19.444444444,20.0
1,0.67,0.716,0.742,0.742,0.601,0,0,0,0,0,0.0884,19.444444444,20.0
1,0.601,0.342,0.408,0.408,0.471,0,0,0,0,0,0.0457,19.444444444,20.0
1,0.569,0.126,0.156,0.156,0.528,0,0,0,0,0,0,19.444444444,20.0
1,0.562,0.0451,0.0831,0.0831,0,0,0,0,0,0,0.137,19.444444444,20.0
1,0.562,0.0259,0.0604,0.0604,0,0,0,0,0,0,0,19.166666667,19.166666667
1,0.563,0.0169,0.0501,0.0501,0,0,0,0,0,0,0,19.166666667,19.166666667
1,0.564,0.0161,0.0501,0.0501,0,0,0,0,0,0,0,19.166666667,19.166666667
1,0.564,0.0161,0.0501,0.0501,0,0,0,0,0,0,0,19.166666667,19.166666667
0.892,0.565,0.0183,0.0626,0.0626,0,0,0,0,0,0,0,19.166666667,19.166666667
0.75,0.579,0.0385,0.172,0.172,0,0,0,0,0,0,0.488,19.166666667,19.166666667
0.75,0.602,0.0541,0.229,0.229,0,0,0,0,0,0,0.528,19.166666667,19.166666667
0.704,0.604,0.0589,0.213,0.213,0,0,0,0,0,0,0.171,19.166666667,19.166666667
0.546,0.59,0.0507,0.152,0.152,0,0,0,0,0,0,0.282,19.166666667,19.166666667
0.471,0.583,0.0443,0.124,0.124,0,0,0,0,0,0,0.0915,19.444444444,20.0
0.483,0.594,0.0658,0.158,0.158,0,0,0,0,0,0.233,0.229,19.444444444,20.0
0.5,0.593,0.0671,0.151,0.151,0,0,0,0,0,0,0.137,19.444444444,20.0
0.5,0.586,0.0601,0.126,0.126,0,0,0,0,0,0,0.366,19.444444444,20.0
0.5,0.587,0.0635,0.126,0.126,0,0,0,0,0,0,0.137,19.444444444,20.0
0.671,0.619,0.109,0.178,0.178,0,0,0,0,0,0,0.32,19.444444444,20.0
0.75,0.651,0.154,0.205,0.205,0,0,0,0,0,0,0.0457,19.444444444,20.0
0.921,0.76,0.335,0.352,0.352,0,0,0,0,0,0,0.183,19.444444444,20.0
1,0.79,0.498,0.442,0.442,0,0,0,0,0,0,0.229,19.444444444,20.0
1,0.772,0.678,0.553,0.553,0,0,0,0,0,0,0.198,19.444444444,20.0
1,0.735,0.794,0.698,0.698,0,0,0,0,0,0,0.0748,19.444444444,20.0
1,0.665,0.644,0.692,0.692,0,0,0,0,0,0,0.16,19.444444444,20.0
1,0.576,0.115,0.17,0.17,0,0,0,0,0,0,0.359,19.444444444,20.0
1,0.566,0.0534,0.0914,0.0914,0,0,0,0,0,0,0,19.444444444,20.0
1,0.564,0.0161,0.0501,0.0501,0,0,0,0,0,0,0,19.444444444,20.0
1,0.564,0.0161,0.0501,0.0501,0,0,0,0,0,0,0,19.166666667,19.166666667
1,0.564,0.0161,0.0501,0.0501,0,0,0,0,0,0,0,19.166666667,19.166666667
1,0.563,0.0165,0.0502,0.0502,0,0,0,0,0,0,0.342,19.166666667,19.166666667
1,0.563,0.0189,0.0546,0.0546,0,0,0,0,0,0,0.435,19.166666667,19.166666667
1,0.564,0.0231,0.0803,0.0803,0,0,0,0,0,0,0.226,19.166666667,19.166666667
1,0.573,0.0292,0.122,0.122,0,0,0,0,0,0,0.0457,19.166666667,19.166666667
0.767,0.565,0.0173,0.0561,0.0561,0,0,0,0,0,0,0,19.166666667,19.166666667
0.75,0.583,0.0379,0.127,0.127,0,0,0,0,0,0,0.0915,19.166666667,19.166666667
0.642,0.599,0.0607,0.186,0.186,0,0,0,0,0,0,0.0915,19.166666667,19.166666667
0.5,0.586,0.0487,0.133,0.133,0,0,0,0,0,0,0.0457,19.444444444,20.0
0.546,0.59,0.0592,0.143,0.143,0,0,0,0,0,0,0.569,19.444444444,20.0
0.579,0.593,0.0671,0.151,0.151,0,0,0,0,0,0,0.277,19.444444444,20.0
0.5,0.586,0.0601,0.126,0.126,0,0,0,0,0,0,0.274,19.444444444,20.0
0.608,0.598,0.0846,0.159,0.159,0,0,0,0,0,0,0.293,19.444444444,20.0
0.517,0.598,0.0744,0.131,0.131,0,0,0,0,0,0,0.274,19.444444444,20.0
0.5,0.607,0.0852,0.128,0.128,0,0,0,0,0,0,0.0915,19.444444444,20.0
0.592,0.639,0.145,0.168,0.168,0,0,0,0,0,0.183,0.0915,19.444444444,20.0
1,0.733,0.378,0.344,0.344,0,0,0,0,0,0.05,0,19.444444444,20.0
1,0.746,0.591,0.486,0.486,0,0,0,0,0,0,0.277,19.444444444,20.0
1,0.675,0.517,0.463,0.463,0,0,0,0,0,0.233,0.0457,19.444444444,20.0
1,0.618,0.361,0.408,0.408,0,0,0,0,0,0,0,19.444444444,20.0
1,0.581,0.15,0.212,0.212,0,0,0,0,0,0,0,19.444444444,20.0
1,0.566,0.0534,0.0914,0.0914,0,0,0,0,0,0,0,19.444444444,20.0
1,0.564,0.0161,0.0501,0.0501,0,0,0,0,0,0,0,19.444444444,20.0
1,0.564,0.0161,0.0501,0.0501,0,0,0,0,0,0,0,19.166666667,19.166666667
1,0.564,0.0161,0.0501,0.0501,0,0,0,0,0,0,0,19.166666667,19.166666667
1,0.564,0.0161,0.0501,0.0501,0,0,0,0,0,0,0,19.166666667,19.166666667
1,0.564,0.0161,0.0501,0.0501,0,0,0,0,0,0,0,19.166666667,19.166666667
0.954,0.565,0.0249,0.0913,0.0913,0,0,0,0,0,0,0.595,19.166666667,19.166666667
0.596,0.573,0.0327,0.144,0.144,0,0,0,0,0,0,0.137,19.166666667,19.166666667
0.358,0.572,0.0248,0.0889,0.0889,0.437,0.433,0,0,0,0,0.137,19.166666667,19.166666667
0.5,0.59,0.0452,0.155,0.155,0.531,0.783,0,0,0,0,0.162,19.166666667,19.166666667
0.5,0.608,0.0735,0.223,0.223,0.538,0,0,0,0,0,0.167,19.166666667,19.166666667
0.5,0.608,0.0813,0.216,0.216,0.528,0,0,0,0,0,0.143,19.444444444,20.0
0.392,0.599,0.0725,0.174,0.174,0.142,0,0,0,0,0,0.431,19.444444444,20.0
0.483,0.607,0.0915,0.198,0.198,0,0,0,0,0,0,0.536,19.444444444,20.0
0.5,0.608,0.104,0.202,0.202,0,0,0,0,0,0,0.32,19.444444444,20.0
0.5,0.611,0.111,0.202,0.202,0,0,0,0,0,0,0.137,19.444444444,20.0
0.733,0.636,0.139,0.221,0.221,0,0,0,0,0,0,0.108,19.444444444,20.0
0.579,0.621,0.106,0.152,0.152,0,0,0,0,0,0,0.0457,19.444444444,20.0
0.546,0.628,0.124,0.15,0.15,0,0,0,0,0,0,0.0457,19.444444444,20.0
0.921,0.768,0.455,0.406,0.406,0.454,0.933,0,0,0,0,0.3,19.444444444,20.0
1,0.772,0.678,0.553,0.553,0.66,0.283,0,0,0,0,0.371,19.444444444,20.0
1,0.695,0.613,0.547,0.547,0,0,0,0,0,0,0.156,19.444444444,20.0
0.829,0.628,0.419,0.468,0.468,0,0,0,0,0,0,0.158,19.444444444,20.0
0.75,0.581,0.15,0.212,0.212,0,0,0,0,0,0,0.099,19.444444444,20.0
0.75,0.566,0.0564,0.0949,0.0949,0,0,0,0,0,0,0.243,19.444444444,20.0
0.75,0.563,0.0213,0.0561,0.0561,0,0,0,0,0,0,0,19.444444444,20.0
0.75,0.564,0.0161,0.0501,0.0501,0,0,0,0,0,0,0,19.166666667,19.166666667
0.75,0.564,0.0161,0.0501,0.0501,0,0,0,0,0,0,0,19.166666667,19.166666667
0.796,0.564,0.0161,0.0501,0.0501,0,0,0,0,0,0,0,19.166666667,19.166666667
1,0.564,0.0161,0.0501,0.0501,0,0,0,0,0,0,0,19.166666667,19.166666667
1,0.566,0.0235,0.0858,0.0858,0,0,0,0,0,0,0.412,19.166666667,19.166666667
0.908,0.581,0.045,0.211,0.211,0,0,0,0,0,0,0.187,19.166666667,19.166666667
0.5,0.587,0.0393,0.156,0.156,0,0,0,0,0,0.183,0.137,19.166666667,19.166666667
0.5,0.608,0.064,0.228,0.228,0.556,0.683,0,0,0,0.05,0,19.166666667,19.166666667
0.5,0.608,0.0735,0.223,0.223,0.219,0.283,0.222,0.683,0,0,0,19.166666667,19.166666667
0.5,0.608,0.0813,0.216,0.216,0,0,0.405,0.0667,0.933,0,0.183,19.444444444,20.0
0.5,0.608,0.0884,0.208,0.208,0,0,0.536,0,0.05,0,0.183,19.444444444,20.0
0.5,0.604,0.0861,0.189,0.189,0,0,0.185,0,0,0,0.183,19.444444444,20.0
0.5,0.586,0.0601,0.126,0.126,0,0,0.436,0,0,0,0.32,19.444444444,20.0
0.5,0.587,0.0635,0.126,0.126,0,0,0.394,0,0,0,0.0915,19.444444444,20.0
0.5,0.596,0.071,0.126,0.126,0,0,0.598,0,0,0,0.0915,19.444444444,20.0
0.546,0.617,0.1,0.143,0.143,0,0,0.0852,0,0,0,0.0915,19.444444444,20.0
0.875,0.736,0.294,0.315,0.315,0.621,0.683,0,0,0,0.433,0.137,19.444444444,20.0
0.921,0.772,0.463,0.412,0.412,0.581,0.283,0,0,0,0.0333,0.183,19.444444444,20.0
1,0.772,0.678,0.553,0.553,0,0,0,0,0,0,0.183,19.444444444,20.0
0.812,0.633,0.314,0.287,0.287,0,0,0,0,0,0,0.183,19.444444444,20.0
1,0.564,0.0161,0.0501,0.0501,0,0,0,0,0,0,0,19.444444444,20.0
1,0.564,0.0161,0.0501,0.0501,0,0,0,0,0,0,0,19.444444444,20.0
1,0.564,0.0161,0.0501,0.0501,0,0,0,0,0,0,0,19.444444444,20.0
1,0.564,0.0161,0.0501,0.0501,0,0,0,0,0,0,0,19.444444444,20.0
1,0.564,0.0161,0.0501,0.0501,0,0,0,0,0,0,0,19.166666667,19.166666667
1,0.564,0.0161,0.0501,0.0501,0,0,0,0,0,0,0,19.166666667,19.166666667
1,0.564,0.0161,0.0501,0.0501,0,0,0,0,0,0,0,19.166666667,19.166666667
1,0.559,0.0172,0.0539,0.0539,0,0,0,0,0,0,0.183,19.166666667,19.166666667
0.954,0.497,0.0375,0.134,0.134,0,0,0,0,0,0,0.398,19.166666667,19.166666667
0.75,0.515,0.0571,0.258,0.258,0,0,0,0,0,0.433,0.491,19.166666667,19.166666667
0.704,0.542,0.071,0.293,0.293,0,0,0,0,0,0.267,0.259,19.166666667,19.166666667
0.454,0.555,0.0605,0.204,0.204,0,0,0,0,0,0,0.0566,19.166666667,19.166666667
0.421,0.555,0.0665,0.186,0.186,0,0,0,0,0,0,0.183,19.166666667,19.166666667
0.329,0.557,0.0604,0.152,0.152,0,0,0,0,0,0,0.422,19.444444444,20.0
0.25,0.559,0.0536,0.124,0.124,0,0,0,0,0,0,0.0915,19.444444444,20.0
0.25,0.559,0.0565,0.121,0.121,0,0,0,0,0,0,0.0457,19.444444444,20.0
0.25,0.559,0.0617,0.121,0.121,0,0,0,0,0,0,0.137,19.444444444,20.0
0.296,0.56,0.0751,0.133,0.133,0,0,0,0,0,0,0.229,19.444444444,20.0
0.654,0.575,0.168,0.235,0.235,0,0,0,0,0,0.233,0.229,19.444444444,20.0
0.829,0.606,0.252,0.289,0.289,0,0,0,0,0,0,0.206,19.444444444,20.0
0.75,0.628,0.288,0.279,0.279,0,0,0,0,0,0,0.0749,19.444444444,20.0
0.983,0.656,0.507,0.397,0.397,0,0,0,0,0,0,0,19.444444444,20.0
1,0.643,0.7,0.493,0.493,0,0,0,0,0,0,0.0457,19.444444444,20.0
1,0.612,0.786,0.592,0.592,0,0,0,0,0,0,0.0457,19.444444444,20.0
0.829,0.565,0.199,0.212,0.212,0,0,0,0,0,0,0,19.444444444,20.0
0.921,0.564,0.0161,0.0501,0.0501,0,0,0,0,0,0,0,19.444444444,20.0
1,0.564,0.0165,0.0501,0.0501,0,0,0,0,0,0,0,19.444444444,20.0
1,0.559,0.0199,0.0513,0.0513,0,0,0,0,0,0,0,19.444444444,20.0
1,0.539,0.0253,0.0552,0.0552,0,0,0,0,0,0,0.183,19.166666667,19.166666667
1,0.544,0.0202,0.0501,0.0501,0,0,0,0,0,0,0.0457,19.166666667,19.166666667
1,0.564,0.0184,0.0501,0.0501,0,0,0,0,0,0,0,19.166666667,19.166666667
1,0.564,0.0184,0.0501,0.0501,0,0,0,0,0,0,0,19.166666667,19.166666667
1,0.56,0.0201,0.0621,0.0621,0,0,0,0,0,0,0.0457,19.166666667,19.166666667
1,0.547,0.0295,0.119,0.119,0,0,0,0,0,0,0.0915,19.166666667,19.166666667
1,0.556,0.0413,0.136,0.136,0.548,0.683,0.11,0.183,0,0,0.0457,19.166666667,19.166666667
0.954,0.558,0.0657,0.15,0.15,0.194,0.25,0.402,0.567,0.433,0.183,0.0915,19.166666667,19.166666667
0.75,0.55,0.156,0.266,0.266,0,0,0.166,0,1,0.283,0.0457,19.166666667,19.166666667
0.796,0.548,0.212,0.296,0.296,0,0,0.449,0,1,0,0.194,19.444444444,20.0
1,0.544,0.285,0.345,0.345,0,0,0,0,0.95,0,0.528,19.444444444,20.0
0.767,0.548,0.243,0.268,0.268,0,0,0,0,0,0,0.154,19.444444444,20.0
0.688,0.55,0.258,0.244,0.244,0,0,0,0,0,0.433,0.0457,19.444444444,20.0
0.75,0.552,0.295,0.248,0.248,0,0,0,0,0,0.267,0.0915,19.444444444,20.0
0.75,0.57,0.235,0.192,0.192,0,0,0,0,0,0.183,0.0915,19.444444444,20.0
0.75,0.59,0.246,0.194,0.194,0,0,0,0,0,0.233,0.175,19.444444444,20.0
0.75,0.622,0.344,0.256,0.256,0,0,0,0,0,1,0.374,19.444444444,20.0
0.704,0.63,0.426,0.295,0.295,0,0,0,0,0,0.233,0.223,19.444444444,20.0
0.842,0.629,0.661,0.427,0.427,0.509,0.683,0,0,0,0,0.0457,19.444444444,20.0
1,0.612,0.837,0.592,0.592,0.524,0.25,0,0,0,0,0.0457,19.444444444,20.0
1,0.561,0.576,0.538,0.538,0.724,0,0,0,0,0,0.0457,19.444444444,20.0
1,0.528,0.343,0.383,0.383,0.487,0,0,0,0,0,0,19.444444444,20.0
1,0.525,0.111,0.136,0.136,0.705,0,0,0,0,0,0,19.444444444,20.0
1,0.544,0.0352,0.0655,0.0655,0.382,0,0,0,0,0,0,19.444444444,20.0
1,0.564,0.0184,0.0501,0.0501,0,0,0,0,0,0,0,19.166666667,19.166666667
1,0.564,0.0184,0.0501,0.0501,0,0,0,0,0,0,0,19.166666667,19.166666667
0.954,0.559,0.0187,0.0502,0.0502,0,0,0,0,0,0,0,19.166666667,19.166666667
0.75,0.539,0.0204,0.0543,0.0543,0,0,0,0,0,0,0.274,19.166666667,19.166666667
0.75,0.54,0.0228,0.0791,0.0791,0,0,0,0,0,0,0.183,19.166666667,19.166666667
0.796,0.544,0.0368,0.151,0.151,0.146,0.183,0,0,0,0.183,0.0602,19.166666667,19.166666667
1,0.541,0.087,0.308,0.308,0.765,0.75,0,0,0,0.517,0.574,19.166666667,19.166666667
1,0.549,0.133,0.304,0.304,0,0,0,0,0,0,0.314,19.166666667,19.166666667
1,0.549,0.171,0.292,0.292,0,0,0,0,0,0,0.179,19.166666667,19.166666667
0.954,0.549,0.2,0.283,0.283,0,0,0,0,0,0,0.229,19.444444444,20.0
0.75,0.549,0.218,0.271,0.271,0,0,0,0,0,0,0.137,19.444444444,20.0
0.75,0.549,0.238,0.264,0.264,0,0,0,0,0,0,0.137,19.444444444,20.0
0.533,0.553,0.201,0.2,0.2,0,0,0,0,0,0,0.0457,19.444444444,20.0
0.438,0.556,0.19,0.173,0.173,0,0,0,0,0,0.433,0.0457,19.444444444,20.0
0.25,0.567,0.127,0.121,0.121,0,0,0,0,0,0.0333,0.0915,19.444444444,20.0
0.421,0.586,0.21,0.172,0.172,0,0,0,0,0,0,0.137,19.444444444,20.0
0.5,0.607,0.26,0.203,0.203,0,0,0,0,0,0,0.0915,19.444444444,20.0
0.5,0.611,0.312,0.226,0.226,0,0,0,0,0,0,0.0457,19.444444444,20.0
0.671,0.614,0.49,0.324,0.324,0,0,0,0,0,0,0.0915,19.444444444,20.0
0.75,0.587,0.409,0.305,0.305,0,0,0,0,0,0,0.0457,19.444444444,20.0
0.796,0.561,0.227,0.236,0.236,0,0,0,0,0,0,0,19.444444444,20.0
1,0.537,0.241,0.278,0.278,0,0,0,0,0,0,0,19.444444444,20.0
1,0.525,0.11,0.136,0.136,0,0,0,0,0,0,0,19.444444444,20.0
1,0.539,0.0312,0.0666,0.0666,0,0,0,0,0,0,0.0457,19.444444444,20.0
1,0.544,0.0212,0.0552,0.0552,0,0,0,0,0,0,0,19.166666667,19.166666667
1,0.564,0.0161,0.0501,0.0501,0,0,0,0,0,0,0,19.166666667,19.166666667
0.954,0.564,0.0161,0.0501,0.0501,0,0,0,0,0,0,0,19.166666667,19.166666667
0.75,0.564,0.0161,0.0501,0.0501,0,0,0,0,0,0,0,19.166666667,19.166666667
0.75,0.539,0.0254,0.0897,0.0897,0,0,0,0,0,0,0.343,19.166666667,19.166666667
0.796,0.53,0.0469,0.205,0.205,0,0,0,0,0,0,0.188,19.166666667,19.166666667
1,0.536,0.0891,0.367,0.367,0,0,0,0,0,0.233,0.454,19.166666667,19.166666667
0.892,0.546,0.104,0.352,0.352,0,0,0,0,0,0,0.116,19.166666667,19.166666667
0.75,0.549,0.106,0.292,0.292,0,0,0,0,0,0,0.208,19.166666667,19.166666667
0.75,0.549,0.118,0.283,0.283,0,0,0,0,0,0,0.164,19.444444444,20.0
0.75,0.549,0.129,0.271,0.271,0,0,0,0,0,0,0.267,19.444444444,20.0
0.704,0.55,0.129,0.251,0.251,0,0,0,0,0,0,0.388,19.444444444,20.0
0.608,0.552,0.127,0.221,0.221,0,0,0.0808,0.433,0,0,0.212,19.444444444,20.0
0.579,0.557,0.0955,0.165,0.165,0,0,0,0.0667,0.933,0,0.183,19.444444444,20.0
0.608,0.569,0.099,0.152,0.152,0,0,0,0,0.0333,0.183,0.513,19.444444444,20.0
0.75,0.59,0.159,0.194,0.194,0,0,0,0,0,0.517,0.229,19.444444444,20.0
0.75,0.607,0.197,0.203,0.203,0,0,0,0,0,0,0.366,19.444444444,20.0
0.858,0.637,0.412,0.328,0.328,0,0,0.0969,0.183,0,0,0,19.444444444,20.0
1,0.643,0.7,0.493,0.493,0,0,0,0.567,0.433,0,0.0915,19.444444444,20.0
1,0.612,0.821,0.623,0.623,0,0,0,0,0.533,0,0,19.444444444,20.0
1,0.564,0.59,0.569,0.569,0,0,0,0,0,0,0,19.444444444,20.0
1,0.541,0.212,0.269,0.269,0,0,0,0,0,0,0.111,19.444444444,20.0
1,0.557,0.0311,0.0661,0.0661,0,0,0,0,0,0,0,19.444444444,20.0
1,0.564,0.0161,0.0501,0.0501,0,0,0,0,0,0,0,19.444444444,20.0
1,0.564,0.0161,0.0501,0.0501,0,0,0,0,0,0,0,19.166666667,19.166666667
1,0.564,0.0161,0.0501,0.0501,0,0,0,0,0,0,0,19.166666667,19.166666667
1,0.564,0.0161,0.0501,0.0501,0,0,0,0,0,0,0,19.166666667,19.166666667
1,0.564,0.0161,0.0501,0.0501,0,0,0,0,0,0,0,19.166666667,19.166666667
1,0.557,0.0207,0.0742,0.0742,0,0,0,0,0,0,0.194,19.166666667,19.166666667
0.721,0.548,0.0272,0.108,0.108,0,0,0,0,0,0,0.181,19.166666667,19.166666667
0.5,0.563,0.0205,0.0658,0.0658,0,0,0,0,0,0,0.244,19.166666667,19.166666667
0.608,0.556,0.0523,0.171,0.171,0,0,0,0,0,0,0.244,19.166666667,19.166666667
0.517,0.558,0.0479,0.136,0.136,0,0,0,0,0,0,0.324,19.166666667,19.166666667
0.5,0.555,0.0732,0.18,0.18,0,0,0,0,0,0.683,0,19.444444444,20.0
0.392,0.556,0.0746,0.166,0.166,0,0,0,0,0,0.5,0.183,19.444444444,20.0
0.25,0.559,0.0565,0.121,0.121,0,0,0,0,0,0,0.183,19.444444444,20.0
0.421,0.555,0.093,0.169,0.169,0.657,0.7,0,0,0,0,0.543,19.444444444,20.0
0.329,0.558,0.0803,0.143,0.143,0.673,0,0,0,0,0,0.274,19.444444444,20.0
0.342,0.571,0.098,0.147,0.147,0.626,0,0,0,0,0,0.32,19.444444444,20.0
0.75,0.603,0.231,0.266,0.266,0.698,0,0,0,0,0.183,0,19.444444444,20.0
0.75,0.628,0.288,0.279,0.279,0,0,0,0,0,0.75,0.0457,19.444444444,20.0
0.75,0.634,0.39,0.314,0.314,0,0,0.488,0.25,0.683,0,0.0915,19.444444444,20.0
0.983,0.633,0.611,0.435,0.435,0,0,0.571,0,0.283,0,0.244,19.444444444,20.0
1,0.6,0.62,0.48,0.48,0,0,0.373,0,0,0,0,19.444444444,20.0
1,0.562,0.433,0.43,0.43,0,0,0.499,0,0,0,0,19.444444444,20.0
1,0.547,0.155,0.205,0.205,0,0,0.308,0,0,0,0,19.444444444,20.0
1,0.542,0.0579,0.0949,0.0949,0,0,0.417,0,0,0,0,19.444444444,20.0
1,0.556,0.0215,0.0561,0.0561,0,0,0,0,0,0,0,19.444444444,20.0
1,0.564,0.0161,0.0501,0.0501,0,0,0,0,0,0,0,19.166666667,19.166666667
1,0.564,0.0161,0.0501,0.0501,0,0,0,0,0,0,0,19.166666667,19.166666667
1,0.564,0.0161,0.0501,0.0501,0,0,0,0,0,0,0,19.166666667,19.166666667
1,0.559,0.0172,0.0539,0.0539,0,0,0,0,0,0,0.0982,19.166666667,19.166666667
0.908,0.544,0.0212,0.067,0.067,0,0,0,0,0,0,0.167,19.166666667,19.166666667
0.5,0.564,0.0161,0.0501,0.0501,0,0,0,0,0,0,0,19.166666667,19.166666667
0.5,0.559,0.0299,0.109,0.109,0,0,0,0,0,0,0,19.166666667,19.166666667
0.5,0.559,0.041,0.135,0.135,0,0,0,0,0,0,0.183,19.166666667,19.166666667
0.5,0.555,0.0665,0.186,0.186,0,0,0,0,0,0,0.143,19.166666667,19.166666667
0.5,0.554,0.0837,0.205,0.205,0,0,0,0,0,0,0.359,19.444444444,20.0
0.5,0.554,0.0911,0.197,0.197,0,0,0,0,0,0,0.408,19.444444444,20.0
0.733,0.549,0.135,0.259,0.259,0,0,0,0,0,0.233,0.483,19.444444444,20.0
0.75,0.552,0.122,0.213,0.213,0,0,0,0,0,0,0.6,19.444444444,20.0
0.983,0.553,0.16,0.257,0.257,0.518,0.683,0,0,0,0,0.137,19.444444444,20.0
1,0.573,0.187,0.262,0.262,0.296,0.25,0,0,0,0,0.0915,19.444444444,20.0
1,0.615,0.298,0.333,0.333,0.169,0.183,0,0,0,0,0.137,19.444444444,20.0
1,0.65,0.379,0.356,0.356,0.747,0.75,0,0,0,0,0.0915,19.444444444,20.0
1,0.658,0.515,0.402,0.402,0.415,0,0,0,0,0,0.274,19.444444444,20.0
1,0.643,0.7,0.493,0.493,0,0,0,0,0,0,0.366,19.444444444,20.0
0.954,0.612,0.786,0.592,0.592,0,0,0,0,0,0,0,19.444444444,20.0
0.921,0.561,0.55,0.538,0.538,0,0,0,0,0,0,0.134,19.444444444,20.0
0.812,0.549,0.134,0.181,0.181,0,0,0,0,0,0,0,19.444444444,20.0
1,0.542,0.0579,0.0949,0.0949,0,0,0,0,0,0,0,19.444444444,20.0
1,0.539,0.0312,0.0666,0.0666,0,0,0,0,0,0,0,19.444444444,20.0
1,0.539,0.0214,0.0552,0.0552,0,0,0,0,0,0,0,19.166666667,19.166666667
1,0.539,0.017,0.0501,0.0501,0,0,0,0,0,0,0.0457,19.166666667,19.166666667
1,0.544,0.0161,0.0501,0.0501,0,0,0,0,0,0,0.0915,19.166666667,19.166666667
1,0.564,0.0161,0.0501,0.0501,0,0,0,0,0,0,0,19.166666667,19.166666667
1,0.564,0.0161,0.0501,0.0501,0,0,0,0,0,0,0,19.166666667,19.166666667
1,0.547,0.0324,0.131,0.131,0,0,0,0,0,0.233,0.509,19.166666667,19.166666667
1,0.547,0.06,0.238,0.238,0,0,0,0,0,0,0.238,19.166666667,19.166666667
0.954,0.55,0.0854,0.289,0.289,0,0,0,0,0,0,0.351,19.166666667,19.166666667
0.75,0.554,0.0757,0.211,0.211,0,0,0,0,0,0,0.486,19.166666667,19.166666667
0.471,0.557,0.0604,0.152,0.152,0,0,0,0,0,0,0,19.444444444,20.0
0.421,0.555,0.0793,0.174,0.174,0,0,0,0,0,0.233,0.0915,19.444444444,20.0
0.5,0.554,0.0969,0.192,0.192,0,0,0,0,0,0,0.0457,19.444444444,20.0
0.5,0.554,0.107,0.191,0.191,0,0,0,0,0,0,0.0915,19.444444444,20.0
0.5,0.556,0.114,0.191,0.191,0,0,0,0,0,0,0.274,19.444444444,20.0
0.5,0.57,0.13,0.192,0.192,0,0,0,0,0,0,0.0457,19.444444444,20.0
0.842,0.609,0.259,0.293,0.293,0,0,0,0,0,0.433,0.229,19.444444444,20.0
1,0.65,0.379,0.356,0.356,0,0,0,0,0,0.267,0.137,19.444444444,20.0
0.704,0.63,0.369,0.299,0.299,0,0,0,0,0,0,0,19.444444444,20.0
0.75,0.623,0.529,0.382,0.382,0,0,0,0,0,0,0.0457,19.444444444,20.0
0.921,0.607,0.757,0.579,0.579,0,0,0,0,0,0,0.127,19.444444444,20.0
1,0.566,0.665,0.63,0.63,0,0,0,0,0,0,0.183,19.444444444,20.0
1,0.55,0.118,0.164,0.164,0,0,0,0,0,0,0,19.444444444,20.0
1,0.542,0.0579,0.0949,0.0949,0,0,0,0,0,0,0,19.444444444,20.0
1,0.562,0.0172,0.0514,0.0514,0,0,0,0,0,0,0,19.444444444,20.0
1,0.564,0.0161,0.0501,0.0501,0,0,0,0,0,0,0,19.166666667,19.166666667
1,0.564,0.0161,0.0501,0.0501,0,0,0,0,0,0,0,19.166666667,19.166666667
1,0.564,0.0161,0.0501,0.0501,0,0,0,0,0,0,0,19.166666667,19.166666667
1,0.559,0.0172,0.0539,0.0539,0,0,0,0,0,0,0.156,19.166666667,19.166666667
0.829,0.553,0.0204,0.0687,0.0687,0,0,0,0,0,0,0.235,19.166666667,19.166666667
0.75,0.544,0.0367,0.151,0.151,0,0,0,0,0,0,0.251,19.166666667,19.166666667
0.642,0.544,0.0663,0.271,0.271,0,0,0,0,0,0,0.214,19.166666667,19.166666667
0.5,0.554,0.0659,0.219,0.219,0,0,0,0,0,0,0.137,19.166666667,19.166666667
0.5,0.554,0.0757,0.211,0.211,0,0,0,0,0,0,0.0915,19.166666667,19.166666667
0.454,0.555,0.0769,0.192,0.192,0,0,0,0,0,0,0.0457,19.444444444,20.0
0.25,0.559,0.0536,0.124,0.124,0,0,0,0,0,0,0.0457,19.444444444,20.0
0.296,0.558,0.0648,0.134,0.134,0,0,0,0,0,0.183,0.32,19.444444444,20.0
0.5,0.554,0.107,0.191,0.191,0,0,0,0,0,0.05,0.412,19.444444444,20.0
0.5,0.556,0.114,0.191,0.191,0,0,0.229,0.183,0,0,0.0457,19.444444444,20.0
0.608,0.573,0.156,0.222,0.222,0,0,0.631,0.567,0.433,0,0.503,19.444444444,20.0
0.75,0.603,0.231,0.266,0.266,0,0,0.452,0,0.05,0,0.0457,19.444444444,20.0
0.75,0.628,0.288,0.279,0.279,0,0,0.451,0,0,0,0.183,19.444444444,20.0
0.983,0.656,0.507,0.397,0.397,0.109,0.183,0.695,0,0,0,0.137,19.444444444,20.0
1,0.64,0.663,0.468,0.468,0.603,0.75,0.113,0,0,0,0.276,19.444444444,20.0
1,0.6,0.584,0.448,0.448,0.559,0,0.182,0.683,0,0,0.389,19.444444444,20.0
1,0.56,0.393,0.399,0.399,0.106,0,0,0.0667,0.717,0,0.155,19.444444444,20.0
1,0.528,0.314,0.383,0.383,0,0,0,0,0,0,0,19.444444444,20.0
1,0.529,0.0939,0.133,0.133,0,0,0,0,0,0,0,19.444444444,20.0
1,0.564,0.0184,0.0501,0.0501,0,0,0,0,0,0,0,19.444444444,20.0
1,0.564,0.0184,0.0501,0.0501,0,0,0,0,0,0,0,19.166666667,19.166666667
1,0.564,0.0184,0.0501,0.0501,0,0,0,0,0,0,0,19.166666667,19.166666667
1,0.564,0.0184,0.0501,0.0501,0,0,0,0,0,0,0,19.166666667,19.166666667
1,0.564,0.0184,0.0501,0.0501,0,0,0,0,0,0,0,19.166666667,19.166666667
1,0.56,0.0201,0.0621,0.0621,0,0,0,0,0,0,0.163,19.166666667,19.166666667
1,0.547,0.0295,0.119,0.119,0,0,0,0,0,0,0.444,19.166666667,19.166666667
1,0.555,0.0479,0.152,0.152,0,0,0,0,0,0.183,0.215,19.166666667,19.166666667
1,0.553,0.104,0.234,0.234,0,0,0,0,0,0.05,0.0457,19.166666667,19.166666667
0.767,0.553,0.124,0.217,0.217,0,0,0,0,0,0,0.122,19.166666667,19.166666667
0.517,0.558,0.0828,0.133,0.133,0,0,0,0,0,0,0.343,19.444444444,20.0
0.5,0.559,0.0849,0.124,0.124,0,0,0,0,0,0,0.445,19.444444444,20.0
0.5,0.559,0.0917,0.121,0.121,0,0,0,0,0,0,0.274,19.444444444,20.0
0.671,0.555,0.165,0.169,0.169,0,0,0,0,0,0.467,0.0457,19.444444444,20.0
0.75,0.556,0.216,0.191,0.191,0,0,0,0,0,0,0.0915,19.444444444,20.0
0.75,0.573,0.309,0.24,0.24,0,0,0,0,0,0,0.0915,19.444444444,20.0
0.983,0.615,0.466,0.333,0.333,0,0,0,0,0,0,0.258,19.444444444,20.0
0.954,0.645,0.477,0.34,0.34,0,0,0,0,0,0,0.255,19.444444444,20.0
0.704,0.63,0.426,0.295,0.295,0,0,0,0,0,0,0.0457,19.444444444,20.0
0.608,0.611,0.484,0.323,0.323,0,0,0,0,0,0,0.0915,19.444444444,20.0
0.75,0.6,0.66,0.48,0.48,0,0,0,0,0,0,0.0915,19.444444444,20.0
0.75,0.561,0.576,0.538,0.538,0,0,0,0,0,0,0.142,19.444444444,20.0
0.75,0.532,0.333,0.374,0.374,0,0,0,0,0,0,0.0989,19.444444444,20.0
0.796,0.542,0.0664,0.0949,0.0949,0,0,0,0,0,0,0,19.444444444,20.0
1,0.539,0.0366,0.0666,0.0666,0,0,0,0,0,0,0,19.444444444,20.0
1,0.539,0.0253,0.0552,0.0552,0,0,0,0,0,0,0,19.166666667,19.166666667
1,0.556,0.0191,0.0501,0.0501,0,0,0,0,0,0,0.0457,19.166666667,19.166666667
1,0.564,0.0184,0.0501,0.0501,0,0,0,0,0,0,0,19.166666667,19.166666667
1,0.564,0.0184,0.0501,0.0501,0,0,0,0,0,0,0,19.166666667,19.166666667
1,0.564,0.0184,0.0501,0.0501,0,0,0,0,0,0,0,19.166666667,19.166666667
1,0.564,0.0184,0.0501,0.0501,0,0,0,0,0,0,0,19.166666667,19.166666667
0.892,0.554,0.0449,0.152,0.152,0,0,0,0,0,0,0.503,19.166666667,19.166666667
0.75,0.558,0.0657,0.15,0.15,0,0,0,0,0,0,0.229,19.166666667,19.166666667
0.75,0.554,0.12,0.211,0.211,0,0,0,0,0,0,0.279,19.166666667,19.166666667
0.75,0.554,0.139,0.205,0.205,0,0,0,0,0,0,0.606,19.444444444,20.0
0.579,0.556,0.119,0.16,0.16,0,0,0,0,0,0,0.17,19.444444444,20.0
0.5,0.554,0.165,0.192,0.192,0,0,0,0,0,0,0,19.444444444,20.0
0.5,0.554,0.192,0.191,0.191,0,0,0,0,0,0,0.366,19.444444444,20.0
0.5,0.556,0.216,0.191,0.191,0,0,0,0,0,0,0.229,19.444444444,20.0
0.5,0.57,0.235,0.192,0.192,0,0,0,0,0,0.183,0.461,19.444444444,20.0
0.329,0.58,0.168,0.145,0.145,0,0,0,0,0,0.517,0.333,19.444444444,20.0
0.575,0.614,0.303,0.229,0.229,0,0,0,0,0,0,0.414,19.444444444,20.0
1,0.658,0.606,0.402,0.402,0,0,0,0,0,0,0.309,19.444444444,20.0
1,0.643,0.778,0.493,0.493,0,0,0,0,0,0,0.205,19.444444444,20.0
1,0.612,0.873,0.623,0.623,0,0,0,0,0,0.433,0.133,19.444444444,20.0
1,0.56,0.762,0.701,0.701,0,0,0,0,0,0.983,0.123,19.444444444,20.0
1,0.523,0.361,0.401,0.401,0,0,0,0,0,0,0.378,19.444444444,20.0
1,0.503,0.157,0.181,0.181,0,0,0,0,0,0,0.285,19.444444444,20.0
1,0.542,0.0312,0.0667,0.0667,0,0,0,0,0,0,0,19.444444444,20.0
1,0.564,0.0161,0.0501,0.0501,0,0,0,0,0,0,0,19.166666667,19.166666667
1,0.564,0.0161,0.0501,0.0501,0,0,0,0,0,0,0,19.166666667,19.166666667
1,0.564,0.0161,0.0501,0.0501,0,0,0,0,0,0,0,19.166666667,19.166666667
1,0.564,0.0161,0.0501,0.0501,0,0,0,0,0,0,0,19.166666667,19.166666667
0.954,0.545,0.0238,0.0845,0.0845,0,0,0,0,0,0,0.18,19.166666667,19.166666667
0.75,0.537,0.0369,0.157,0.157,0,0,0,0,0,0,0.432,19.166666667,19.166666667
0.704,0.552,0.0453,0.179,0.179,0.524,0.933,0,0,0,0,0.119,19.166666667,19.166666667
0.5,0.558,0.0463,0.15,0.15,0.471,0,0,0,0,0.183,0.457,19.166666667,19.166666667
0.5,0.554,0.0757,0.211,0.211,0.486,0,0,0,0,0.05,0,19.166666667,19.166666667
0.5,0.554,0.0837,0.205,0.205,0.583,0,0,0,0,0,0.137,19.444444444,20.0
0.5,0.554,0.0911,0.197,0.197,0,0,0.229,0.683,0,0,0,19.444444444,20.0
0.608,0.552,0.115,0.223,0.223,0,0,0.423,0.0667,0.933,0.233,0.592,19.444444444,20.0
0.75,0.549,0.153,0.261,0.261,0,0,0.411,0,1,0,0.323,19.444444444,20.0
0.796,0.553,0.173,0.274,0.274,0,0,0.473,0,0.967,0,0.274,19.444444444,20.0
1,0.577,0.243,0.333,0.333,0,0,0.297,0,0,0,0.412,19.444444444,20.0
1,0.616,0.302,0.338,0.338,0,0,0,0,0,0,0.327,19.444444444,20.0
1,0.65,0.379,0.356,0.356,0,0,0,0,0,0,0.0915,19.444444444,20.0
0.704,0.63,0.369,0.299,0.299,0,0,0,0,0,0,0.0457,19.444444444,20.0
0.796,0.625,0.566,0.408,0.408,0,0,0,0,0,0,0.0915,19.444444444,20.0
1,0.612,0.821,0.623,0.623,0,0,0,0,0,0,0.274,19.444444444,20.0
1,0.561,0.515,0.507,0.507,0,0,0,0,0,0,0,19.444444444,20.0
0.812,0.542,0.171,0.223,0.223,0,0,0,0,0,0,0.0828,19.444444444,20.0
1,0.535,0.0729,0.111,0.111,0,0,0,0,0,0,0.234,19.444444444,20.0
1,0.539,0.0312,0.0666,0.0666,0,0,0,0,0,0,0.416,19.444444444,20.0
1,0.562,0.0165,0.0505,0.0505,0,0,0,0,0,0,0,19.166666667,19.166666667
1,0.564,0.0161,0.0501,0.0501,0,0,0,0,0,0,0,19.166666667,19.166666667
1,0.559,0.0165,0.0502,0.0502,0,0,0,0,0,0,0.092,19.166666667,19.166666667
1,0.535,0.0202,0.0581,0.0581,0,0,0,0,0,0,0.205,19.166666667,19.166666667
1,0.517,0.0309,0.108,0.108,0,0,0,0,0,0,0.397,19.166666667,19.166666667
1,0.519,0.0566,0.253,0.253,0,0,0,0,0,0.183,0.591,19.166666667,19.166666667
0.954,0.534,0.0907,0.379,0.379,0,0,0,0,0,1,0.308,19.166666667,19.166666667
0.471,0.554,0.0621,0.21,0.21,0,0,0,0,0,0,0.0915,19.166666667,19.166666667
0.25,0.559,0.0459,0.131,0.131,0,0,0,0,0,0,0.274,19.166666667,19.166666667
0.25,0.559,0.0499,0.128,0.128,0,0,0,0,0,0,0.0915,19.444444444,20.0
0.25,0.559,0.0536,0.124,0.124,0,0,0,0,0,0,0.0915,19.444444444,20.0
0.25,0.559,0.0565,0.121,0.121,0,0,0,0,0,0,0.0915,19.444444444,20.0
0.483,0.558,0.0705,0.133,0.133,0,0,0,0,0,0,0.183,19.444444444,20.0
0.5,0.556,0.114,0.191,0.191,0,0,0,0,0,0.433,0.137,19.444444444,20.0
0.625,0.571,0.157,0.227,0.227,0,0,0.242,0.433,0,0.0333,0.183,19.444444444,20.0
0.671,0.599,0.209,0.244,0.244,0,0,0.495,0.0667,0.933,0,0.0915,19.444444444,20.0
0.75,0.628,0.288,0.279,0.279,0,0,0.524,0,0.0333,0,0.0915,19.444444444,20.0
0.858,0.644,0.449,0.354,0.354,0,0,0.499,0,0,0,0.24,19.444444444,20.0
1,0.643,0.7,0.493,0.493,0,0,0.423,0,0,0,0.198,19.444444444,20.0
1,0.612,0.821,0.623,0.623,0,0,0.347,0,0,0,0.276,19.444444444,20.0
1,0.561,0.563,0.55,0.55,0,0,0.305,0,0,0,0.205,19.444444444,20.0
1,0.544,0.211,0.268,0.268,0,0,0,0,0,0,0.4,19.444444444,20.0
1,0.564,0.0161,0.0501,0.0501,0,0,0,0,0,0,0,19.444444444,20.0
1,0.564,0.0161,0.0501,0.0501,0,0,0,0,0,0,0,19.444444444,20.0
1,0.564,0.0161,0.0501,0.0501,0,0,0,0,0,0,0,19.166666667,19.166666667
1,0.564,0.0161,0.0501,0.0501,0,0,0,0,0,0,0,19.166666667,19.166666667
0.954,0.564,0.0161,0.0501,0.0501,0,0,0,0,0,0,0,19.166666667,19.166666667
0.75,0.564,0.0161,0.0501,0.0501,0,0,0,0,0,0,0,19.166666667,19.166666667
0.75,0.56,0.0184,0.0621,0.0621,0,0,0,0,0,0,0.0457,19.166666667,19.166666667
0.75,0.547,0.0298,0.119,0.119,0,0,0,0,0,0,0.229,19.166666667,19.166666667
0.75,0.555,0.0402,0.152,0.152,0,0,0,0,0,0,0.0915,19.166666667,19.166666667
0.75,0.553,0.0712,0.234,0.234,0,0,0,0,0,0.183,0.221,19.166666667,19.166666667
0.517,0.553,0.0777,0.217,0.217,0,0,0,0,0,0.517,0.183,19.166666667,19.166666667
0.5,0.554,0.0837,0.205,0.205,0,0,0,0,0,0,0.0457,19.444444444,20.0
0.5,0.554,0.0911,0.197,0.197,0,0,0.11,0.183,0,0,0.0915,19.444444444,20.0
0.5,0.554,0.0969,0.192,0.192,0,0,0.905,0.567,0.433,0,0.229,19.444444444,20.0
0.5,0.556,0.0872,0.16,0.16,0,0,0.204,0,1,0,0.274,19.444444444,20.0
0.5,0.56,0.0652,0.121,0.121,0,0,0,0,0.0167,0,0.0457,19.444444444,20.0
0.842,0.575,0.165,0.231,0.231,0,0,0,0,0,0,0.386,19.444444444,20.0
1,0.616,0.302,0.338,0.338,0,0,0,0,0,0.233,0.177,19.444444444,20.0
1,0.65,0.379,0.356,0.356,0,0,0,0,0,0,0.131,19.444444444,20.0
1,0.658,0.515,0.402,0.402,0,0,0,0,0,0,0.244,19.444444444,20.0
0.954,0.64,0.663,0.468,0.468,0,0,0,0,0,0,0,19.444444444,20.0
0.75,0.592,0.483,0.38,0.38,0,0,0,0,0,0,0,19.444444444,20.0
0.858,0.56,0.441,0.442,0.442,0,0,0,0,0,0,0.183,19.444444444,20.0
1,0.534,0.257,0.319,0.319,0,0,0,0,0,0,0.194,19.444444444,20.0
0.954,0.52,0.0997,0.14,0.14,0.61,0.683,0,0,0,0,0,19.444444444,20.0
0.75,0.56,0.0184,0.0526,0.0526,0,0.483,0,0,0,0,0,19.444444444,20.0
0.75,0.564,0.0161,0.0501,0.0501,0,0,0,0,0,0,0,19.166666667,19.166666667
0.75,0.564,0.0161,0.0501,0.0501,0,0,0,0,0,0,0,19.166666667,19.166666667
0.796,0.564,0.0161,0.0501,0.0501,0,0,0,0,0,0,0,19.166666667,19.166666667
1,0.564,0.0161,0.0501,0.0501,0,0,0,0,0,0,0,19.166666667,19.166666667
1,0.564,0.0161,0.0501,0.0501,0,0,0,0,0,0,0,19.166666667,19.166666667
0.954,0.549,0.0289,0.115,0.115,0,0,0,0,0,0,0.195,19.166666667,19.166666667
0.642,0.553,0.0449,0.173,0.173,0,0,0,0,0,0,0.463,19.166666667,19.166666667
0.688,0.55,0.0838,0.283,0.283,0,0,0,0,0,0,0.562,19.166666667,19.166666667
0.5,0.554,0.0757,0.211,0.211,0,0,0,0,0,0,0.229,19.166666667,19.166666667
0.329,0.557,0.0604,0.152,0.152,0,0,0,0,0,0,0.183,19.444444444,20.0
0.25,0.559,0.0536,0.124,0.124,0,0,0,0,0,0,0.0457,19.444444444,20.0
0.25,0.559,0.0565,0.121,0.121,0,0,0,0,0,0,0.0457,19.444444444,20.0
0.421,0.555,0.093,0.169,0.169,0,0,0,0,0,0,0.32,19.444444444,20.0
0.5,0.556,0.114,0.191,0.191,0,0,0,0,0,0.467,0,19.444444444,20.0
0.671,0.573,0.169,0.24,0.24,0,0,0,0,0,0,0.274,19.444444444,20.0
0.796,0.606,0.246,0.28,0.28,0,0,0,0,0,0,0.366,19.444444444,20.0
0.954,0.645,0.358,0.34,0.34,0,0,0,0,0,0,0.0457,19.444444444,20.0
0.875,0.646,0.448,0.356,0.356,0,0,0,0,0,0,0.183,19.444444444,20.0
0.75,0.623,0.529,0.382,0.382,0.64,0.933,0,0,0,0,0.0457,19.444444444,20.0
0.75,0.6,0.584,0.448,0.448,0,0,0,0,0,0,0.0663,19.444444444,20.0
0.75,0.564,0.351,0.352,0.352,0.109,0.183,0,0,0,0,0,19.444444444,20.0
0.75,0.563,0.0237,0.0587,0.0587,0,0.75,0,0,0,0,0,19.444444444,20.0
0.858,0.554,0.0311,0.0662,0.0662,0.375,0.433,0,0,0,0,0,19.444444444,20.0
1,0.539,0.0312,0.0666,0.0666,0.643,0.5,0,0,0,0,0.0457,19.444444444,20.0
1,0.539,0.0214,0.0552,0.0552,0.705,0,0,0,0,0,0,19.166666667,19.166666667
1,0.539,0.017,0.0501,0.0501,0.719,0,0,0,0,0,0.183,19.166666667,19.166666667
0.954,0.556,0.0161,0.0501,0.0501,0,0,0,0,0,0,0.183,19.166666667,19.166666667
0.75,0.564,0.0161,0.0501,0.0501,0,0,0,0,0,0,0,19.166666667,19.166666667
0.75,0.56,0.0184,0.0621,0.0621,0,0,0,0,0,0.183,0,19.166666667,19.166666667
0.858,0.541,0.0364,0.152,0.152,0.399,0.433,0,0,0,0.05,0,19.166666667,19.166666667
0.954,0.544,0.065,0.265,0.265,0.227,0.5,0,0,0,0,0.0457,19.166666667,19.166666667
0.704,0.554,0.0659,0.219,0.219,0,0,0,0,0,0,0.0915,19.166666667,19.166666667
0.5,0.554,0.0757,0.211,0.211,0,0,0,0,0,0,0.183,19.166666667,19.166666667
0.329,0.557,0.0604,0.152,0.152,0,0,0,0,0,0,0.137,19.444444444,20.0
0.25,0.559,0.0536,0.124,0.124,0,0,0,0,0,0,0.0915,19.444444444,20.0
0.25,0.559,0.0565,0.121,0.121,0,0,0,0,0,0,0.137,19.444444444,20.0
0.25,0.559,0.0617,0.121,0.121,0,0,0,0,0,0,0.183,19.444444444,20.0
0.296,0.56,0.0751,0.133,0.133,0,0,0,0,0,0,0.229,19.444444444,20.0
0.5,0.57,0.13,0.192,0.192,0,0,0,0,0,0,0.0457,19.444444444,20.0
0.608,0.596,0.192,0.226,0.226,0,0,0.598,0.5,0.433,0,0.393,19.444444444,20.0
0.75,0.628,0.288,0.279,0.279,0,0,0.282,0,0.767,0,0.295,19.444444444,20.0
0.921,0.65,0.478,0.375,0.375,0,0,0.602,0,0,0,0.496,19.444444444,20.0
0.829,0.629,0.581,0.416,0.416,0,0,0.46,0,0,0,0.66,19.444444444,20.0
0.796,0.589,0.467,0.377,0.377,0,0,0.512,0,0,0,0.136,19.444444444,20.0
1,0.561,0.55,0.538,0.538,0,0,0.0925,0,0,0,0.179,19.444444444,20.0
1,0.537,0.248,0.31,0.31,0,0,0,0,0,0,0.459,19.444444444,20.0
1,0.557,0.0315,0.0661,0.0661,0,0,0,0,0,0,0,19.444444444,20.0
1,0.564,0.0184,0.0501,0.0501,0,0,0,0,0,0,0,19.444444444,20.0
1,0.564,0.0184,0.0501,0.0501,0,0,0,0,0,0,0,19.166666667,19.166666667
1,0.559,0.0184,0.0501,0.0501,0,0,0,0,0,0,0,19.166666667,19.166666667
0.954,0.556,0.0184,0.0501,0.0501,0,0,0,0,0,0,0,19.166666667,19.166666667
0.75,0.564,0.0184,0.0501,0.0501,0,0,0,0,0,0,0,19.166666667,19.166666667
0.75,0.56,0.0201,0.0621,0.0621,0,0,0,0,0,0,0.0679,19.166666667,19.166666667
0.75,0.547,0.0295,0.119,0.119,0,0,0,0,0,0,0.157,19.166666667,19.166666667
0.75,0.556,0.0413,0.136,0.136,0,0,0,0,0,0,0.462,19.166666667,19.166666667
0.921,0.553,0.102,0.222,0.222,0,0,0,0,0,0.183,0.297,19.166666667,19.166666667
1,0.544,0.222,0.373,0.373,0,0,0,0,0,0.05,0.155,19.166666667,19.166666667
1,0.544,0.26,0.36,0.36,0,0,0,0,0,0,0.34,19.444444444,20.0
0.846,0.547,0.242,0.3,0.3,0,0,0,0,0,0,0.348,19.444444444,20.0
0.454,0.555,0.149,0.179,0.179,0,0,0,0,0,0,0.274,19.444444444,20.0
0.25,0.559,0.105,0.121,0.121,0,0,0,0,0,0,0.183,19.444444444,20.0
0.483,0.556,0.21,0.186,0.186,0,0,0,0,0,0,0.311,19.444444444,20.0
0.546,0.572,0.256,0.205,0.205,0,0,0,0,0,0,0.296,19.444444444,20.0
0.75,0.603,0.36,0.266,0.266,0,0,0,0,0,0,0.237,19.444444444,20.0
0.983,0.648,0.494,0.351,0.351,0,0,0,0,0,0,0.229,19.444444444,20.0
1,0.658,0.606,0.402,0.402,0,0,0,0,0,0.183,0.0457,19.444444444,20.0
1,0.643,0.778,0.493,0.493,0.437,0.433,0,0,0,0.05,0.0457,19.444444444,20.0
0.767,0.601,0.674,0.489,0.489,0.157,0.733,0,0,0,0,0,19.444444444,20.0
0.796,0.56,0.426,0.41,0.41,0,0,0,0,0,0,0.0457,19.444444444,20.0
1,0.536,0.25,0.287,0.287,0,0,0,0,0,0,0,19.444444444,20.0
1,0.54,0.0798,0.107,0.107,0,0,0,0,0,0,0,19.444444444,20.0
1,0.564,0.0184,0.0501,0.0501,0,0,0,0,0,0,0,19.444444444,20.0
1,0.564,0.0184,0.0501,0.0501,0,0,0,0,0,0,0,19.166666667,19.166666667
1,0.564,0.0184,0.0501,0.0501,0,0,0,0,0,0,0,19.166666667,19.166666667
1,0.564,0.0184,0.0501,0.0501,0,0,0,0,0,0,0,19.166666667,19.166666667
1,0.564,0.0184,0.0501,0.0501,0,0,0,0,0,0,0,19.166666667,19.166666667
1,0.557,0.0217,0.0742,0.0742,0,0,0,0,0,0,0.0941,19.166666667,19.166666667
0.829,0.54,0.036,0.156,0.156,0,0,0,0,0,0,0.178,19.166666667,19.166666667
0.75,0.548,0.0641,0.222,0.222,0,0,0,0,0,0,0.346,19.166666667,19.166666667
0.75,0.55,0.122,0.277,0.277,0,0,0,0,0,0.467,0.258,19.166666667,19.166666667
0.625,0.551,0.147,0.252,0.252,0,0,0,0,0,0,0.434,19.166666667,19.166666667
0.517,0.553,0.143,0.21,0.21,0,0,0,0,0,0,0.229,19.444444444,20.0
0.546,0.553,0.164,0.211,0.211,0,0,0,0,0,0,0.0457,19.444444444,20.0
0.733,0.552,0.185,0.21,0.21,0,0,0,0,0,0,0.0915,19.444444444,20.0
0.596,0.557,0.138,0.148,0.148,0,0,0,0,0,0,0.183,19.444444444,20.0
0.5,0.562,0.0688,0.0853,0.0853,0,0,0,0,0,0,0.0457,19.444444444,20.0
0.454,0.567,0.127,0.121,0.121,0,0,0,0,0,0,0.47,19.444444444,20.0
0.25,0.577,0.132,0.122,0.122,0,0,0,0,0,0,0.0457,19.444444444,20.0
0.25,0.585,0.139,0.127,0.127,0.169,0.183,0,0,0,0,0.183,19.444444444,20.0
0.592,0.619,0.371,0.261,0.261,0.652,0.983,0,0,0,0.467,0.0457,19.444444444,20.0
0.921,0.636,0.72,0.46,0.46,0.801,0,0,0,0,0,0.0915,19.444444444,20.0
1,0.608,0.783,0.557,0.557,0.492,0,0,0,0,0,0.117,19.444444444,20.0
1,0.563,0.553,0.515,0.515,0.466,0,0,0,0,0,0.271,19.444444444,20.0
1,0.537,0.241,0.278,0.278,0.638,0,0,0,0,0,0.124,19.444444444,20.0
1,0.52,0.113,0.14,0.14,0.523,0,0,0,0,0,0.195,19.444444444,20.0
1,0.531,0.0366,0.0726,0.0726,0.668,0,0,0,0,0,0.122,19.444444444,20.0
1,0.556,0.0181,0.0521,0.0521,0.0988,0,0,0,0,0,0,19.166666667,19.166666667
1,0.559,0.0161,0.0501,0.0501,0,0,0,0,0,0,0,19.166666667,19.166666667
0.954,0.556,0.0161,0.0501,0.0501,0,0,0,0,0,0,0.0457,19.166666667,19.166666667
0.75,0.564,0.0161,0.0501,0.0501,0,0,0,0,0,0,0,19.166666667,19.166666667
0.75,0.564,0.0161,0.0501,0.0501,0,0,0,0,0,0,0,19.166666667,19.166666667
0.625,0.562,0.0195,0.0659,0.0659,0,0,0,0,0,0,0.112,19.166666667,19.166666667
0.75,0.548,0.0587,0.232,0.232,0,0,0,0,0,0,0.228,19.166666667,19.166666667
0.579,0.552,0.0735,0.246,0.246,0,0,0,0,0,0.233,0.231,19.166666667,19.166666667
0.5,0.554,0.0757,0.211,0.211,0,0,0,0,0,0,0.0457,19.166666667,19.166666667
0.5,0.554,0.0837,0.205,0.205,0,0,0,0,0,0,0.274,19.444444444,20.0
0.5,0.554,0.0911,0.197,0.197,0,0,0,0,0,0,0.229,19.444444444,20.0
0.5,0.554,0.0969,0.192,0.192,0,0,0,0,0,0,0.0457,19.444444444,20.0
0.5,0.554,0.107,0.191,0.191,0,0,0,0,0,0,0.0457,19.444444444,20.0
0.5,0.556,0.114,0.191,0.191,0,0,0,0,0,0,0.412,19.444444444,20.0
0.454,0.568,0.117,0.178,0.178,0,0,0,0,0,0,0.183,19.444444444,20.0
0.296,0.58,0.103,0.136,0.136,0,0,0,0,0,0.183,0.274,19.444444444,20.0
0.717,0.626,0.282,0.271,0.271,0,0,0,0,0,0.05,0.137,19.444444444,20.0
1,0.658,0.515,0.402,0.402,0.712,0.933,0,0,0,0,0,19.444444444,20.0
1,0.643,0.7,0.493,0.493,0.477,0.233,0,0,0,0,0.0915,19.444444444,20.0
1,0.612,0.786,0.592,0.592,0,0,0,0,0,0,0,19.444444444,20.0
1,0.561,0.55,0.538,0.538,0,0,0,0,0,0,0.0774,19.444444444,20.0
1,0.535,0.277,0.342,0.342,0,0,0,0,0,0,0.151,19.444444444,20.0
1,0.546,0.0548,0.0914,0.0914,0,0,0,0,0,0,0.0781,19.444444444,20.0
1,0.564,0.0161,0.0501,0.0501,0,0,0,0,0,0,0,19.444444444,20.0
1,0.564,0.0161,0.0501,0.0501,0,0,0,0,0,0,0,19.166666667,19.166666667
1,0.564,0.0161,0.0501,0.0501,0,0,0,0,0,0,0,19.166666667,19.166666667
1,0.564,0.0161,0.0501,0.0501,0,0,0,0,0,0,0,19.166666667,19.166666667
1,0.559,0.0172,0.0539,0.0539,0,0,0,0,0,0,0.0457,19.166666667,19.166666667
1,0.537,0.0258,0.0911,0.0911,0,0,0,0,0,0,0.305,19.166666667,19.166666667
1,0.521,0.0532,0.237,0.237,0,0,0,0,0,0.433,0.157,19.166666667,19.166666667
0.954,0.546,0.0616,0.25,0.25,0,0,0,0,0,0.75,0.0915,19.166666667,19.166666667
0.579,0.557,0.0486,0.162,0.162,0,0,0,0,0,0,0.0915,19.166666667,19.166666667
0.438,0.556,0.0592,0.165,0.165,0,0,0,0,0,0,0.325,19.166666667,19.166666667
0.5,0.554,0.0837,0.205,0.205,0.513,0.683,0,0,0,0,0.108,19.444444444,20.0
0.267,0.558,0.0561,0.129,0.129,0.34,0.25,0,0,0,0.7,0.137,19.444444444,20.0
0.296,0.558,0.0648,0.134,0.134,0,0,0.216,0.183,0,0,0.0915,19.444444444,20.0
0.5,0.554,0.107,0.191,0.191,0,0,0.498,0.317,0.683,0,0.366,19.444444444,20.0
0.438,0.557,0.102,0.173,0.173,0,0,0,0,0.283,0.933,0.0915,19.444444444,20.0
0.392,0.568,0.104,0.161,0.161,0,0,0,0,0,0.717,0.183,19.444444444,20.0
0.296,0.58,0.103,0.136,0.136,0,0,0,0,0,0,0.18,19.444444444,20.0
0.842,0.636,0.325,0.309,0.309,0,0,0,0,0,0,0.0457,19.444444444,20.0
1,0.658,0.515,0.402,0.402,0,0,0,0,0,0.183,0.137,19.444444444,20.0
1,0.643,0.7,0.493,0.493,0,0,0,0,0,1,0.0457,19.444444444,20.0
1,0.612,0.821,0.623,0.623,0,0,0,0,0,0,0,19.444444444,20.0
1,0.564,0.638,0.611,0.611,0,0,0,0,0,0,0,19.444444444,20.0
1,0.537,0.221,0.278,0.278,0,0,0,0,0,0,0,19.444444444,20.0
1,0.525,0.0966,0.136,0.136,0,0,0,0,0,0,0,19.444444444,20.0
1,0.556,0.0215,0.0561,0.0561,0,0,0,0,0,0,0,19.444444444,20.0
1,0.564,0.0161,0.0501,0.0501,0,0,0,0,0,0,0,19.166666667,19.166666667
1,0.564,0.0161,0.0501,0.0501,0,0,0,0,0,0,0,19.166666667,19.166666667
1,0.559,0.0165,0.0502,0.0502,0,0,0,0,0,0,0,19.166666667,19.166666667
1,0.539,0.0191,0.0543,0.0543,0,0,0,0,0,0,0.0915,19.166666667,19.166666667
1,0.544,0.0212,0.067,0.067,0,0,0,0,0,0,0.0457,19.166666667,19.166666667
1,0.547,0.0324,0.131,0.131,0,0,0,0,0,0,0.338,19.166666667,19.166666667
0.938,0.552,0.0462,0.179,0.179,0,0,0,0,0,0,0.186,19.166666667,19.166666667
1,0.55,0.0832,0.277,0.277,0,0,0,0,0,0,0.511,19.166666667,19.166666667
0.721,0.554,0.0716,0.203,0.203,0,0,0,0,0,0,0.52,19.166666667,19.166666667
0.5,0.559,0.0499,0.128,0.128,0,0,0,0,0,0,0.398,19.444444444,20.0
0.5,0.558,0.0608,0.137,0.137,0,0,0,0,0,0,0.0943,19.444444444,20.0
0.5,0.554,0.0969,0.192,0.192,0,0,0,0,0,0,0.351,19.444444444,20.0
0.5,0.554,0.107,0.191,0.191,0,0,0,0,0,0,0.562,19.444444444,20.0
0.546,0.556,0.124,0.204,0.204,0,0,0.0808,0.183,0,0,0.0457,19.444444444,20.0
0.75,0.573,0.187,0.262,0.262,0,0,0.736,0.0667,0.717,0,0.274,19.444444444,20.0
0.579,0.593,0.181,0.217,0.217,0,0,0.458,0,0,0,0,19.444444444,20.0
0.5,0.607,0.197,0.203,0.203,0,0,0.416,0,0,0,0.229,19.444444444,20.0
0.5,0.611,0.265,0.226,0.226,0,0,0.515,0,0,0,0.0915,19.444444444,20.0
0.842,0.629,0.596,0.427,0.427,0,0,0.438,0,0,0.7,0.0457,19.444444444,20.0
1,0.612,0.786,0.592,0.592,0.149,0.183,0.678,0,0,0,0,19.444444444,20.0
1,0.565,0.46,0.449,0.449,0.73,0.75,0.106,0,0,0.467,0.0933,19.444444444,20.0
1,0.56,0.0524,0.0908,0.0908,0,0,0,0,0,0,0,19.444444444,20.0
1,0.564,0.0161,0.0501,0.0501,0,0,0,0,0,0,0,19.444444444,20.0
1,0.564,0.0161,0.0501,0.0501,0,0,0,0,0,0,0,19.444444444,20.0
1,0.564,0.0161,0.0501,0.0501,0,0,0,0,0,0,0,19.166666667,19.166666667
1,0.564,0.0161,0.0501,0.0501,0,0,0,0,0,0,0,19.166666667,19.166666667
1,0.564,0.0161,0.0501,0.0501,0,0,0,0,0,0,0,19.166666667,19.166666667
1,0.559,0.0172,0.0539,0.0539,0,0,0,0,0,0.183,0.0915,19.166666667,19.166666667
1,0.537,0.0258,0.0911,0.0911,0,0,0,0,0,0.75,0.254,19.166666667,19.166666667
0.875,0.528,0.0504,0.22,0.22,0,0,0,0,0,0,0.26,19.166666667,19.166666667
0.892,0.536,0.086,0.357,0.357,0.456,0.683,0,0,0,0.233,0.194,19.166666667,19.166666667
0.517,0.553,0.0675,0.225,0.225,0,0.25,0,0,0,0,0.183,19.166666667,19.166666667
0.5,0.554,0.0757,0.211,0.211,0,0,0,0,0,0,0.0457,19.166666667,19.166666667
0.392,0.556,0.0687,0.172,0.172,0,0,0,0,0,0,0,19.444444444,20.0
0.25,0.559,0.0536,0.124,0.124,0,0,0,0,0,0.183,0.137,19.444444444,20.0
0.483,0.554,0.0943,0.188,0.188,0,0,0.122,0.75,0.183,0.283,0.412,19.444444444,20.0
0.329,0.557,0.076,0.143,0.143,0,0,0,0,0.783,0,0.64,19.444444444,20.0
0.0625,0.564,0.0292,0.0678,0.0678,0,0,0,0,0,0,0.0457,19.444444444,20.0
0.592,0.573,0.152,0.218,0.218,0,0,0,0,0,0.433,0.48,19.444444444,20.0
0.75,0.603,0.231,0.266,0.266,0,0,0,0,0,0.267,0.28,19.444444444,20.0
0.75,0.628,0.288,0.279,0.279,0.246,0.683,0,0,0,0,0.181,19.444444444,20.0
0.875,0.646,0.448,0.356,0.356,0,0.25,0,0,0,0,0.356,19.444444444,20.0
0.796,0.625,0.566,0.408,0.408,0,0,0,0,0,0,0.118,19.444444444,20.0
1,0.612,0.821,0.623,0.623,0,0,0,0,0,0,0.056,19.444444444,20.0
1,0.564,0.59,0.569,0.569,0,0,0,0,0,0,0.245,19.444444444,20.0
1,0.547,0.155,0.205,0.205,0,0,0,0,0,0,0,19.444444444,20.0
1,0.542,0.0579,0.0949,0.0949,0,0,0,0,0,0,0,19.444444444,20.0
1,0.539,0.0312,0.0666,0.0666,0,0,0,0,0,0,0.0457,19.444444444,20.0
1,0.544,0.0212,0.0552,0.0552,0,0,0,0,0,0,0.229,19.166666667,19.166666667
1,0.564,0.0161,0.0501,0.0501,0,0,0,0,0,0,0,19.166666667,19.166666667
1,0.555,0.0169,0.0503,0.0503,0,0,0,0,0,0,0.0694,19.166666667,19.166666667
1,0.515,0.0221,0.0584,0.0584,0,0,0,0,0,0.467,0.0457,19.166666667,19.166666667
1,0.517,0.0309,0.108,0.108,0,0,0,0,0,0,0.262,19.166666667,19.166666667
1,0.531,0.0435,0.189,0.189,0,0,0,0,0,0,0.286,19.166666667,19.166666667
0.954,0.545,0.0647,0.26,0.26,0,0,0,0,0,0.233,0.26,19.166666667,19.166666667
0.579,0.552,0.0735,0.246,0.246,0,0,0,0,0,0,0.0658,19.166666667,19.166666667
0.5,0.554,0.0757,0.211,0.211,0,0,0,0,0,0,0.137,19.166666667,19.166666667
0.5,0.554,0.0837,0.205,0.205,0,0,0,0,0,0,0.137,19.444444444,20.0
0.454,0.555,0.0839,0.184,0.184,0,0,0,0,0,0,0.0915,19.444444444,20.0
0.25,0.559,0.0565,0.121,0.121,0,0,0.135,0.183,0,0,0.0457,19.444444444,20.0
0.25,0.559,0.0617,0.121,0.121,0,0,0.445,0.317,0.683,0,0,19.444444444,20.0
0.25,0.56,0.0552,0.108,0.108,0,0,0.429,0,0.283,0,0.0915,19.444444444,20.0
0.25,0.564,0.0161,0.0501,0.0501,0,0,0,0,0,0,0,19.444444444,20.0
0.467,0.577,0.0815,0.113,0.113,0,0,0,0,0,0.183,0.274,19.444444444,20.0
0.921,0.626,0.282,0.271,0.271,0,0,0,0,0,0.283,0.137,19.444444444,20.0
0.829,0.642,0.427,0.341,0.341,0.201,0.183,0,0,0,0,0.457,19.444444444,20.0
0.983,0.641,0.689,0.486,0.486,0.71,0.75,0,0,0,0,0.0915,19.444444444,20.0
1,0.612,0.821,0.623,0.623,0,0,0,0,0,0,0.109,19.444444444,20.0
1,0.563,0.494,0.483,0.483,0,0,0,0,0,0,0.0817,19.444444444,20.0
0.829,0.556,0.0887,0.131,0.131,0,0,0,0,0,0,0.055,19.444444444,20.0
0.858,0.564,0.0165,0.0501,0.0501,0,0,0,0,0,0,0,19.444444444,20.0
1,0.564,0.0184,0.0501,0.0501,0,0,0,0,0,0,0,19.444444444,20.0
1,0.564,0.0184,0.0501,0.0501,0,0,0,0,0,0,0,19.166666667,19.166666667
1,0.564,0.0184,0.0501,0.0501,0,0,0,0,0,0,0,19.166666667,19.166666667
1,0.559,0.0187,0.0502,0.0502,0,0,0,0,0,0,0,19.166666667,19.166666667
1,0.539,0.0204,0.0543,0.0543,0,0,0,0,0,0,0,19.166666667,19.166666667
1,0.562,0.0186,0.0515,0.0515,0,0,0,0,0,0,0,19.166666667,19.166666667
1,0.562,0.0221,0.0659,0.0659,0,0,0,0,0,0,0,19.166666667,19.166666667
0.954,0.556,0.0413,0.136,0.136,0,0,0,0,0,0,0.137,19.166666667,19.166666667
0.579,0.558,0.0657,0.15,0.15,0,0,0,0,0,0.233,0.416,19.166666667,19.166666667
0.625,0.551,0.145,0.252,0.252,0,0,0,0,0,0,0.337,19.166666667,19.166666667
0.5,0.554,0.139,0.205,0.205,0,0,0,0,0,0.183,0.0915,19.444444444,20.0
0.5,0.554,0.152,0.197,0.197,0,0,0,0,0,0.05,0.0915,19.444444444,20.0
0.329,0.557,0.114,0.144,0.144,0,0,0,0,0,0,0.229,19.444444444,20.0
0.483,0.554,0.186,0.186,0.186,0,0,0,0,0,0,0.366,19.444444444,20.0
0.5,0.556,0.216,0.191,0.191,0,0,0,0,0,0,0,19.444444444,20.0
0.5,0.57,0.235,0.192,0.192,0,0,0,0,0,0,0.412,19.444444444,20.0
0.671,0.599,0.324,0.244,0.244,0,0,0,0,0,0,0,19.444444444,20.0
0.858,0.638,0.436,0.314,0.314,0,0,0,0,0,0,0.0915,19.444444444,20.0
1,0.658,0.606,0.402,0.402,0,0,0,0,0,0,0.213,19.444444444,20.0
1,0.643,0.778,0.493,0.493,0,0,0,0,0,0,0.371,19.444444444,20.0
1,0.612,0.873,0.623,0.623,0,0,0,0,0,0,0.0915,19.444444444,20.0
1,0.561,0.59,0.55,0.55,0,0,0,0,0,0,0.0915,19.444444444,20.0
1,0.534,0.281,0.319,0.319,0,0,0,0,0,0,0,19.444444444,20.0
1,0.52,0.114,0.14,0.14,0,0,0,0,0,0,0,19.444444444,20.0
1,0.519,0.0534,0.082,0.082,0,0,0,0,0,0,0,19.444444444,20.0
1,0.539,0.0253,0.0552,0.0552,0,0,0,0,0,0,0.366,19.166666667,19.166666667
1,0.539,0.0202,0.0501,0.0501,0,0,0,0,0,0,0.137,19.166666667,19.166666667
1,0.544,0.0184,0.0501,0.0501,0,0,0,0,0,0,0.137,19.166666667,19.166666667
1,0.564,0.0184,0.0501,0.0501,0,0,0,0,0,0,0,19.166666667,19.166666667
1,0.564,0.0184,0.0501,0.0501,0,0,0,0,0,0,0,19.166666667,19.166666667
0.954,0.562,0.0221,0.0659,0.0659,0,0,0,0,0,0,0.224,19.166666667,19.166666667
0.642,0.559,0.0297,0.099,0.099,0,0,0,0,0,0,0.256,19.166666667,19.166666667
0.5,0.564,0.0184,0.0501,0.0501,0,0,0,0,0,0,0,19.166666667,19.166666667
0.5,0.56,0.0538,0.105,0.105,0,0,0,0,0,0,0.137,19.166666667,19.166666667
0.5,0.559,0.0789,0.128,0.128,0,0,0,0,0,0,0,19.444444444,20.0
0.5,0.555,0.131,0.174,0.174,0.382,0.433,0,0,0,0.233,0.0457,19.444444444,20.0
0.608,0.552,0.198,0.223,0.223,0.541,0.5,0.213,0.433,0,0,0.32,19.444444444,20.0
0.75,0.549,0.279,0.261,0.261,0.107,0,0.545,0.0667,0.933,0,0.137,19.444444444,20.0
0.75,0.552,0.315,0.261,0.261,0,0,0.492,0,0.0333,0,0.137,19.444444444,20.0
0.75,0.573,0.343,0.262,0.262,0,0,0,0,0,0,0.0915,19.444444444,20.0
0.75,0.603,0.36,0.266,0.266,0,0,0,0,0,0,0.0457,19.444444444,20.0
0.921,0.628,0.381,0.279,0.279,0,0,0,0,0,0,0.0457,19.444444444,20.0
1,0.638,0.493,0.333,0.333,0,0,0,0,0,0,0.494,19.444444444,20.0
1,0.643,0.778,0.493,0.493,0.484,0.683,0,0,0,0,0.267,19.444444444,20.0
1,0.612,0.873,0.623,0.623,0.628,0.25,0,0,0,0,0.0828,19.444444444,20.0
1,0.564,0.667,0.611,0.611,0.24,0,0.0543,0.183,0,0,0,19.444444444,20.0
1,0.544,0.2,0.237,0.237,0,0,0.649,0.317,0.683,0,0,19.444444444,20.0
1,0.542,0.0654,0.0949,0.0949,0,0,0.217,0,0.517,0,0,19.444444444,20.0
1,0.539,0.0312,0.0666,0.0666,0,0,0.93,0,0,0,0,19.444444444,20.0
1,0.539,0.0214,0.0552,0.0552,0.121,0.183,0.405,0,0,0,0,19.166666667,19.166666667
1,0.539,0.017,0.0501,0.0501,0.441,0.983,0,0,0,0,0.0457,19.166666667,19.166666667
1,0.562,0.0161,0.0501,0.0501,0,0,0,0,0,0,0,19.166666667,19.166666667
1,0.564,0.0161,0.0501,0.0501,0,0,0,0,0,0,0,19.166666667,19.166666667
1,0.548,0.0215,0.0725,0.0725,0,0,0,0,0,0,0.304,19.166666667,19.166666667
0.892,0.543,0.0329,0.136,0.136,0,0,0,0,0,0,0.106,19.166666667,19.166666667
0.517,0.553,0.0449,0.173,0.173,0,0,0,0,0,0,0.372,19.166666667,19.166666667
0.562,0.552,0.0719,0.241,0.241,0,0,0,0,0,0,0.0457,19.166666667,19.166666667
0.5,0.554,0.0757,0.211,0.211,0,0,0,0,0,0,0.0457,19.166666667,19.166666667
0.329,0.557,0.0604,0.152,0.152,0,0,0,0,0,0,0.274,19.444444444,20.0
0.358,0.556,0.0701,0.155,0.155,0,0,0,0,0,0,0.274,19.444444444,20.0
0.5,0.554,0.0969,0.192,0.192,0,0,0,0,0,0,0.32,19.444444444,20.0
0.5,0.554,0.107,0.191,0.191,0,0,0,0,0,0,0.229,19.444444444,20.0
0.5,0.556,0.114,0.191,0.191,0,0,0,0,0,0.233,0.137,19.444444444,20.0
0.5,0.57,0.13,0.192,0.192,0,0,0,0,0,0,0.137,19.444444444,20.0
0.5,0.59,0.159,0.194,0.194,0,0,0,0,0,0,0.0457,19.444444444,20.0
0.608,0.611,0.219,0.218,0.218,0.173,0.183,0,0,0,0,0.0457,19.444444444,20.0
0.796,0.638,0.42,0.333,0.333,0.692,0.75,0,0,0,0,0.16,19.444444444,20.0
1,0.643,0.7,0.493,0.493,0.71,0,0,0,0,0,0,19.444444444,20.0
1,0.612,0.821,0.623,0.623,0,0,0,0,0,0,0.0915,19.444444444,20.0
1,0.562,0.611,0.592,0.592,0,0,0,0,0,0,0.0748,19.444444444,20.0
1,0.536,0.228,0.287,0.287,0,0,0,0,0,0,0.124,19.444444444,20.0
1,0.54,0.0698,0.107,0.107,0,0,0,0,0,0,0,19.444444444,20.0
1,0.564,0.0161,0.0501,0.0501,0,0,0,0,0,0,0,19.444444444,20.0
1,0.564,0.0161,0.0501,0.0501,0,0,0,0,0,0,0,19.166666667,19.166666667
1,0.564,0.0161,0.0501,0.0501,0,0,0,0,0,0,0,19.166666667,19.166666667
1,0.564,0.0161,0.0501,0.0501,0,0,0,0,0,0,0,19.166666667,19.166666667
1,0.559,0.0172,0.0539,0.0539,0,0,0,0,0,0.183,0.137,19.166666667,19.166666667
1,0.528,0.0297,0.108,0.108,0,0,0,0,0,0.517,0.364,19.166666667,19.166666667
0.767,0.53,0.0443,0.193,0.193,0,0,0,0,0,0,0.499,19.166666667,19.166666667
0.704,0.548,0.0556,0.222,0.222,0.58,0.933,0,0,0,0,0.211,19.166666667,19.166666667
0.671,0.55,0.0832,0.277,0.277,0.797,0,0,0,0,0,0.187,19.166666667,19.166666667
0.704,0.55,0.0995,0.278,0.278,0.506,0,0,0,0,0,0.222,19.166666667,19.166666667
0.5,0.554,0.0837,0.205,0.205,0,0,0,0,0,0,0.274,19.444444444,20.0
0.438,0.555,0.0818,0.179,0.179,0,0,0,0,0,0,0,19.444444444,20.0
0.5,0.554,0.0969,0.192,0.192,0,0,0,0,0,0.233,0,19.444444444,20.0
0.5,0.554,0.107,0.191,0.191,0,0,0.307,0.433,0,0,0.183,19.444444444,20.0
0.5,0.556,0.114,0.191,0.191,0,0,0.236,0.0667,0.933,0,0.229,19.444444444,20.0
0.733,0.573,0.183,0.258,0.258,0,0,0.329,0.433,0.0333,0,0.503,19.444444444,20.0
0.75,0.603,0.231,0.266,0.266,0,0,0.131,0.0667,0.933,0,0.183,19.444444444,20.0
0.704,0.624,0.267,0.264,0.264,0,0,0,0,0.0333,0,0.0457,19.444444444,20.0
0.608,0.621,0.324,0.266,0.266,0,0,0,0,0,0,0.0457,19.444444444,20.0
0.75,0.623,0.529,0.382,0.382,0.126,0.183,0,0,0,0,0,19.444444444,20.0
0.858,0.603,0.67,0.514,0.514,0.662,0.75,0,0,0,0,0.229,19.444444444,20.0
1,0.562,0.433,0.43,0.43,0,0,0,0,0,0,0.0853,19.444444444,20.0
1,0.551,0.146,0.196,0.196,0,0,0,0,0,0,0.145,19.444444444,20.0
1,0.564,0.0161,0.0501,0.0501,0,0,0,0,0,0,0,19.444444444,20.0
1,0.564,0.0161,0.0501,0.0501,0,0,0,0,0,0,0,19.444444444,20.0
1,0.564,0.0161,0.0501,0.0501,0,0,0,0,0,0,0,19.166666667,19.166666667
1,0.564,0.0161,0.0501,0.0501,0,0,0,0,0,0,0,19.166666667,19.166666667
1,0.564,0.0161,0.0501,0.0501,0,0,0,0,0,0,0,19.166666667,19.166666667
1,0.564,0.0161,0.0501,0.0501,0,0,0,0,0,0,0,19.166666667,19.166666667
1,0.56,0.0184,0.0621,0.0621,0,0,0,0,0,0,0.0388,19.166666667,19.166666667
1,0.546,0.0332,0.135,0.135,0,0,0,0,0,0.183,0.126,19.166666667,19.166666667
1,0.548,0.0556,0.222,0.222,0,0,0,0,0,0.283,0.281,19.166666667,19.166666667
0.767,0.557,0.0479,0.155,0.155,0,0,0,0,0,0,0.183,19.166666667,19.166666667
0.75,0.553,0.0818,0.226,0.226,0,0,0,0,0,0,0.366,19.166666667,19.166666667
0.75,0.549,0.118,0.283,0.283,0,0,0,0,0,0,0.269,19.444444444,20.0
0.75,0.549,0.129,0.271,0.271,0,0,0.369,0.5,0.433,0,0.35,19.444444444,20.0
0.75,0.549,0.137,0.264,0.264,0,0,0.897,0,0.767,0.683,0.137,19.444444444,20.0
0.75,0.549,0.153,0.261,0.261,0,0,0.53,0,0,0.25,0.32,19.444444444,20.0
0.983,0.549,0.209,0.327,0.327,0,0,0.648,0,0,0.183,0.229,19.444444444,20.0
1,0.577,0.243,0.333,0.333,0,0,0,0,0,0.517,0.0457,19.444444444,20.0
1,0.616,0.302,0.338,0.338,0,0,0,0,0,0,0,19.444444444,20.0
0.892,0.64,0.336,0.322,0.322,0,0,0,0,0,0,0.229,19.444444444,20.0
0.921,0.65,0.478,0.375,0.375,0,0,0,0,0,0.467,0.303,19.444444444,20.0
1,0.643,0.7,0.493,0.493,0,0,0,0,0,0,0.215,19.444444444,20.0
1,0.612,0.821,0.623,0.623,0,0,0,0,0,0,0.246,19.444444444,20.0
1,0.563,0.494,0.483,0.483,0,0,0,0,0,0,0.171,19.444444444,20.0
1,0.537,0.221,0.278,0.278,0,0,0,0,0,0,0,19.444444444,20.0
1,0.535,0.0729,0.111,0.111,0,0,0,0,0,0,0.161,19.444444444,20.0
1,0.556,0.0215,0.0561,0.0561,0,0,0,0,0,0,0.0293,19.444444444,20.0
1,0.564,0.0161,0.0501,0.0501,0,0,0,0,0,0,0,19.166666667,19.166666667
1,0.564,0.0161,0.0501,0.0501,0,0,0,0,0,0,0,19.166666667,19.166666667
1,0.564,0.0161,0.0501,0.0501,0,0,0,0,0,0,0,19.166666667,19.166666667
1,0.559,0.0172,0.0539,0.0539,0,0,0,0,0,0,0.209,19.166666667,19.166666667
1,0.525,0.0289,0.101,0.101,0,0,0,0,0,0,0.329,19.166666667,19.166666667
1,0.545,0.0341,0.14,0.14,0,0,0,0,0,0,0.145,19.166666667,19.166666667
0.954,0.548,0.0556,0.222,0.222,0,0,0,0,0,0.183,0.54,19.166666667,19.166666667
0.75,0.553,0.0712,0.234,0.234,0,0,0,0,0,0.7,0.312,19.166666667,19.166666667
0.75,0.549,0.106,0.292,0.292,0,0,0,0,0,0.283,0.27,19.166666667,19.166666667
0.471,0.554,0.0791,0.197,0.197,0,0,0,0,0,0,0.174,19.444444444,20.0
0.25,0.559,0.0536,0.124,0.124,0,0,0,0,0,0,0,19.444444444,20.0
0.25,0.559,0.0565,0.121,0.121,0,0,0,0,0,0,0.32,19.444444444,20.0
0.25,0.559,0.0617,0.121,0.121,0,0,0,0,0,0,0.529,19.444444444,20.0
0.358,0.559,0.0871,0.151,0.151,0,0,0,0,0,0.233,0.255,19.444444444,20.0
0.5,0.57,0.13,0.192,0.192,0,0,0,0,0,0,0.3,19.444444444,20.0
0.733,0.602,0.226,0.261,0.261,0,0,0,0,0,0,0.0457,19.444444444,20.0
0.75,0.628,0.288,0.279,0.279,0.492,0.683,0,0,0,0,0.137,19.444444444,20.0
0.938,0.652,0.477,0.377,0.377,0.539,0.483,0,0,0,0.233,0.183,19.444444444,20.0
0.75,0.623,0.529,0.382,0.382,0,0,0,0,0,0,0.0457,19.444444444,20.0
0.75,0.6,0.62,0.48,0.48,0,0,0,0,0,0,0.212,19.444444444,20.0
0.75,0.562,0.433,0.43,0.43,0,0,0,0,0,0,0.0453,19.444444444,20.0
0.75,0.55,0.126,0.173,0.173,0,0,0,0,0,0,0,19.444444444,20.0
0.75,0.557,0.0311,0.0661,0.0661,0,0,0,0,0,0,0,19.444444444,20.0
0.75,0.564,0.0161,0.0501,0.0501,0,0,0,0,0,0,0,19.444444444,20.0
0.75,0.564,0.0161,0.0501,0.0501,0,0,0,0,0,0,0,19.166666667,19.166666667
0.75,0.564,0.0161,0.0501,0.0501,0,0,0,0,0,0,0,19.166666667,19.166666667
0.796,0.564,0.0161,0.0501,0.0501,0,0,0,0,0,0,0,19.166666667,19.166666667
1,0.564,0.0161,0.0501,0.0501,0,0,0,0,0,0,0,19.166666667,19.166666667
1,0.557,0.0207,0.0742,0.0742,0,0,0,0,0,0,0.0368,19.166666667,19.166666667
0.767,0.545,0.0341,0.14,0.14,0,0,0,0,0,0.183,0.463,19.166666667,19.166666667
0.642,0.551,0.0465,0.185,0.185,0,0,0,0,0,1,0.291,19.166666667,19.166666667
0.579,0.554,0.0649,0.22,0.22,0.62,0.933,0,0,0,0.7,0.311,19.166666667,19.166666667
0.204,0.56,0.0398,0.116,0.116,0.523,0,0,0,0,0,0,19.166666667,19.166666667
0.171,0.56,0.0394,0.103,0.103,0,0,0,0,0,0,0.0457,19.444444444,20.0
0.421,0.555,0.0793,0.174,0.174,0,0,0,0,0,0.233,0.0457,19.444444444,20.0
0.5,0.554,0.0969,0.192,0.192,0,0,0,0,0,0,0.229,19.444444444,20.0
0.329,0.557,0.076,0.143,0.143,0.479,0.933,0,0,0,0,0.274,19.444444444,20.0
0.529,0.557,0.121,0.199,0.199,0,0,0,0,0,0.7,0.0915,19.444444444,20.0
0.75,0.573,0.187,0.262,0.262,0,0,0,0,0,0,0.229,19.444444444,20.0
0.704,0.599,0.215,0.252,0.252,0,0,0,0,0,0,0.229,19.444444444,20.0
0.904,0.642,0.346,0.327,0.327,0.162,0.183,0,0,0,0,0.137,19.444444444,20.0
1,0.658,0.515,0.402,0.402,0.449,0.75,0.253,0.683,0,0,0.0457,19.444444444,20.0
1,0.643,0.7,0.493,0.493,0,0,0.674,0.0667,0.933,0.433,0,19.444444444,20.0
0.938,0.608,0.77,0.588,0.588,0,0,0.297,0,0.517,0.0333,0.0457,19.444444444,20.0
1,0.562,0.611,0.592,0.592,0,0,0.0587,0,0,0,0.277,19.444444444,20.0
1,0.546,0.162,0.214,0.214,0,0,0,0,0,0,0,19.444444444,20.0
1,0.546,0.0552,0.0914,0.0914,0,0,0,0,0,0,0.0756,19.444444444,20.0
1,0.564,0.0184,0.0501,0.0501,0,0,0,0,0,0,0,19.444444444,20.0
1,0.564,0.0184,0.0501,0.0501,0,0,0,0,0,0,0,19.166666667,19.166666667
1,0.564,0.0184,0.0501,0.0501,0,0,0,0,0,0,0,19.166666667,19.166666667
1,0.564,0.0184,0.0501,0.0501,0,0,0,0,0,0,0,19.166666667,19.166666667
1,0.564,0.0184,0.0501,0.0501,0,0,0,0,0,0,0,19.166666667,19.166666667
1,0.56,0.0201,0.0621,0.0621,0,0,0,0,0,0.183,0,19.166666667,19.166666667
1,0.547,0.0295,0.119,0.119,0,0,0,0,0,0.05,0.183,19.166666667,19.166666667
1,0.556,0.0413,0.136,0.136,0,0,0,0,0,0,0,19.166666667,19.166666667
0.892,0.555,0.0837,0.192,0.192,0,0,0,0,0,0,0.515,19.166666667,19.166666667
0.812,0.549,0.168,0.287,0.287,0,0,0,0,0,0.233,0.274,19.166666667,19.166666667
0.704,0.55,0.188,0.269,0.269,0,0,0.606,0.5,0.183,0,0.294,19.444444444,20.0
0.5,0.554,0.152,0.197,0.197,0,0,0.546,0,1,0,0.0457,19.444444444,20.0
0.5,0.554,0.165,0.192,0.192,0,0,0.441,0,0.75,0,0.457,19.444444444,20.0
0.5,0.554,0.192,0.191,0.191,0,0,0.402,0,0,0,0.205,19.444444444,20.0
0.671,0.554,0.265,0.226,0.226,0,0,0,0,0,0,0.38,19.444444444,20.0
0.858,0.571,0.262,0.209,0.209,0,0,0.0969,0.183,0,0,0.137,19.444444444,20.0
1,0.611,0.43,0.311,0.311,0,0,0.49,0.317,0.683,0.233,0,19.444444444,20.0
0.954,0.645,0.477,0.34,0.34,0.727,0.933,0.463,0,0.0333,0,0.183,19.444444444,20.0
0.983,0.656,0.597,0.397,0.397,0.583,0,0.275,0,0,0,0.0457,19.444444444,20.0
1,0.643,0.778,0.493,0.493,0.176,0,0.527,0.75,0.183,0,0.0915,19.444444444,20.0
1,0.612,0.873,0.623,0.623,0,0,0.137,0,0.783,0,0,19.444444444,20.0
1,0.562,0.739,0.677,0.677,0,0,0,0,0,0,0,19.444444444,20.0
1,0.535,0.302,0.342,0.342,0,0,0,0,0,0,0.154,19.444444444,20.0
1,0.546,0.0627,0.0914,0.0914,0,0,0,0,0,0,0.0781,19.444444444,20.0
1,0.564,0.0184,0.0501,0.0501,0,0,0,0,0,0,0,19.444444444,20.0
1,0.564,0.0184,0.0501,0.0501,0,0,0,0,0,0,0,19.166666667,19.166666667
1,0.564,0.0184,0.0501,0.0501,0,0,0,0,0,0,0,19.166666667,19.166666667
1,0.564,0.0184,0.0501,0.0501,0,0,0,0,0,0,0,19.166666667,19.166666667
1,0.564,0.0184,0.0501,0.0501,0,0,0,0,0,0,0,19.166666667,19.166666667
1,0.56,0.0201,0.062,0.062,0,0,0,0,0,0,0,19.166666667,19.166666667
1,0.547,0.0295,0.119,0.119,0,0,0,0,0,0,0.439,19.166666667,19.166666667
1,0.549,0.058,0.193,0.193,0,0,0,0,0,0,0.402,19.166666667,19.166666667
1,0.551,0.104,0.231,0.231,0,0,0,0,0,0,0.432,19.166666667,19.166666667
1,0.546,0.172,0.286,0.286,0.556,0.683,0,0,0,0,0.377,19.166666667,19.166666667
0.829,0.55,0.159,0.225,0.225,0.181,0.45,0,0,0,0,0.346,19.444444444,20.0
0.75,0.552,0.152,0.194,0.194,0,0,0,0,0,0,0.434,19.444444444,20.0
0.75,0.551,0.181,0.201,0.201,0,0,0,0,0,0,0.34,19.444444444,20.0
0.75,0.546,0.279,0.256,0.256,0,0,0,0,0,0,0.244,19.444444444,20.0
0.75,0.552,0.248,0.209,0.209,0.122,0.183,0,0,0,0,0.0915,19.444444444,20.0
0.704,0.568,0.29,0.222,0.222,0.504,0.733,0,0,0,0,0.0915,19.444444444,20.0
0.779,0.602,0.375,0.269,0.269,0,0,0,0,0,0.433,0.229,19.444444444,20.0
0.829,0.631,0.42,0.297,0.297,0,0,0,0,0,0.0333,0.323,19.444444444,20.0
0.812,0.636,0.495,0.33,0.33,0,0,0,0,0,0.683,0.137,19.444444444,20.0
0.796,0.622,0.63,0.403,0.403,0,0,0,0,0,0.25,0.284,19.444444444,20.0
1,0.608,0.876,0.617,0.617,0.328,0.433,0,0,0,0,0.224,19.444444444,20.0
1,0.558,0.691,0.63,0.63,0.201,0.7,0,0,0,0,0.161,19.444444444,20.0
1,0.535,0.272,0.308,0.308,0,0,0,0,0,0,0,19.444444444,20.0
1,0.562,0.0216,0.0535,0.0535,0,0,0,0,0,0,0,19.444444444,20.0
1,0.564,0.0161,0.0501,0.0501,0,0,0,0,0,0,0,19.444444444,20.0
1,0.564,0.0161,0.0501,0.0501,0,0,0,0,0,0,0,19.166666667,19.166666667
1,0.564,0.0161,0.0501,0.0501,0,0,0,0,0,0,0,19.166666667,19.166666667
1,0.564,0.0161,0.0501,0.0501,0,0,0,0,0,0,0,19.166666667,19.166666667
1,0.564,0.0161,0.0501,0.0501,0,0,0,0,0,0,0,19.166666667,19.166666667
1,0.527,0.0253,0.08,0.08,0,0,0,0,0,0,0.66,19.166666667,19.166666667
0.754,0.507,0.0534,0.242,0.242,0,0,0,0,0,0,0.536,19.166666667,19.166666667
0.629,0.54,0.0633,0.264,0.264,0,0,0,0,0,0,0.182,19.166666667,19.166666667
0.438,0.553,0.058,0.197,0.197,0.747,0.733,0,0,0,0,0.268,19.166666667,19.166666667
0.5,0.552,0.0743,0.209,0.209,0.551,0.4,0,0,0,0,0.521,19.166666667,19.166666667
0.5,0.552,0.0823,0.203,0.203,0.655,0,0,0,0,0,0.0457,19.444444444,20.0
0.5,0.552,0.0904,0.195,0.195,0.156,0,0,0,0,0,0.0457,19.444444444,20.0
0.5,0.552,0.095,0.189,0.189,0,0,0,0,0,0,0.0457,19.444444444,20.0
0.5,0.558,0.0619,0.12,0.12,0,0,0,0,0,0,0.137,19.444444444,20.0
0.5,0.563,0.0168,0.0513,0.0513,0,0,0,0,0,0,0,19.444444444,20.0
0.5,0.564,0.0161,0.0501,0.0501,0,0,0,0,0,0,0,19.444444444,20.0
0.746,0.574,0.0836,0.118,0.118,0,0,0,0,0,0,0.137,19.444444444,20.0
0.567,0.583,0.101,0.123,0.123,0,0,0,0,0,0,0.0457,19.444444444,20.0
0.746,0.609,0.246,0.214,0.214,0,0,0,0,0,0,0.0457,19.444444444,20.0
0.75,0.603,0.343,0.256,0.256,0.216,0.233,0,0,0,0,0.183,19.444444444,20.0
0.75,0.59,0.422,0.32,0.32,0.486,0.9,0,0,0,0,0.0915,19.444444444,20.0
0.996,0.565,0.592,0.553,0.553,0,0,0,0,0,0,0,19.444444444,20.0
1,0.551,0.139,0.184,0.184,0,0,0,0,0,0,0,19.444444444,20.0
1,0.563,0.018,0.0523,0.0523,0,0,0,0,0,0,0,19.444444444,20.0
1,0.564,0.0161,0.0501,0.0501,0,0,0,0,0,0,0,19.444444444,20.0
1,0.564,0.0161,0.0501,0.0501,0,0,0,0,0,0,0,19.166666667,19.166666667
1,0.564,0.0161,0.0501,0.0501,0,0,0,0,0,0,0,19.166666667,19.166666667
1,0.564,0.0161,0.0501,0.0501,0,0,0,0,0,0,0,19.166666667,19.166666667
1,0.564,0.0161,0.0501,0.0501,0,0,0,0,0,0,0,19.166666667,19.166666667
1,0.564,0.0161,0.0501,0.0501,0,0,0,0,0,0,0,19.166666667,19.166666667
1,0.531,0.0377,0.161,0.161,0,0,0,0,0,0,0.18,19.166666667,19.166666667
0.817,0.538,0.0675,0.282,0.282,0.534,0.733,0,0,0,0.467,0.247,19.166666667,19.166666667
0.75,0.546,0.0879,0.302,0.302,0,0.183,0,0,0,0,0.532,19.166666667,19.166666667
0.75,0.546,0.103,0.288,0.288,0,0,0,0,0,0.467,0.336,19.166666667,19.166666667
0.629,0.549,0.0994,0.242,0.242,0,0,0,0,0,0,0.484,19.444444444,20.0
0.5,0.552,0.0904,0.195,0.195,0,0,0,0,0,0,0.229,19.444444444,20.0
0.5,0.552,0.095,0.189,0.189,0,0,0,0,0,0,0,19.444444444,20.0
0.317,0.556,0.0732,0.137,0.137,0,0,0,0,0,0,0.503,19.444444444,20.0
0.25,0.558,0.0641,0.119,0.119,0,0,0,0,0,0,0.366,19.444444444,20.0
0.25,0.564,0.0704,0.119,0.119,0,0,0,0,0,0,0.274,19.444444444,20.0
0.554,0.586,0.168,0.204,0.204,0,0,0,0,0,0.233,0.274,19.444444444,20.0
0.688,0.617,0.25,0.25,0.25,0,0,0,0,0,0,0.412,19.444444444,20.0
0.933,0.649,0.448,0.358,0.358,0,0,0,0,0,0,0.0457,19.444444444,20.0
1,0.643,0.67,0.462,0.462,0,0,0,0,0,0,0.229,19.444444444,20.0
1,0.604,0.628,0.457,0.457,0,0,0,0,0,0,0.0915,19.444444444,20.0
1,0.565,0.454,0.431,0.431,0,0,0,0,0,0,0,19.444444444,20.0
1,0.564,0.0225,0.0558,0.0558,0,0,0,0,0,0,0,19.444444444,20.0
1,0.564,0.0161,0.0501,0.0501,0,0,0,0,0,0,0,19.444444444,20.0
1,0.564,0.0161,0.0501,0.0501,0,0,0,0,0,0,0,19.444444444,20.0
1,0.564,0.0161,0.0501,0.0501,0,0,0,0,0,0,0,19.166666667,19.166666667
1,0.564,0.0161,0.0501,0.0501,0,0,0,0,0,0,0,19.166666667,19.166666667
1,0.564,0.0161,0.0501,0.0501,0,0,0,0,0,0,0,19.166666667,19.166666667
1,0.564,0.0161,0.0501,0.0501,0,0,0,0,0,0,0,19.166666667,19.166666667
1,0.564,0.0161,0.0501,0.0501,0,0,0,0,0,0,0,19.166666667,19.166666667
1,0.527,0.0406,0.176,0.176,0,0,0,0,0,0.483,0.422,19.166666667,19.166666667
0.883,0.54,0.0636,0.265,0.265,0,0,0,0,0,0.217,0.24,19.166666667,19.166666667
0.5,0.558,0.04,0.134,0.134,0,0,0,0,0,0,0.137,19.166666667,19.166666667
0.5,0.558,0.0452,0.129,0.129,0,0,0,0,0,0,0.229,19.166666667,19.166666667
0.5,0.552,0.0819,0.202,0.202,0,0,0,0,0,0,0.0915,19.444444444,20.0
0.5,0.552,0.0904,0.195,0.195,0,0,0,0,0,0,0.0915,19.444444444,20.0
0.5,0.552,0.095,0.189,0.189,0,0,0.22,0.733,0,0.233,0.137,19.444444444,20.0
0.5,0.552,0.106,0.187,0.187,0,0,0.542,0.05,0.917,0,0.412,19.444444444,20.0
0.5,0.552,0.112,0.187,0.187,0,0,0.771,0,0,0,0.412,19.444444444,20.0
0.746,0.565,0.178,0.255,0.255,0,0,0.795,0,0,0,0.478,19.444444444,20.0
0.812,0.596,0.239,0.276,0.276,0,0,0.152,0,0,0,0.383,19.444444444,20.0
0.75,0.622,0.271,0.269,0.269,0,0,0,0,0,0,0.137,19.444444444,20.0
0.996,0.655,0.477,0.378,0.378,0,0,0,0,0,0.983,0.0915,19.444444444,20.0
1,0.643,0.67,0.462,0.462,0,0,0,0,0,1,0,19.444444444,20.0
1,0.604,0.628,0.457,0.457,0,0,0,0,0,0.583,0,19.444444444,20.0
1,0.565,0.312,0.307,0.307,0,0,0,0,0,0,0,19.444444444,20.0
1,0.564,0.0193,0.0529,0.0529,0,0,0,0,0,0,0,19.444444444,20.0
1,0.564,0.0161,0.0501,0.0501,0,0,0,0,0,0,0,19.444444444,20.0
1,0.564,0.0161,0.0501,0.0501,0,0,0,0,0,0,0,19.444444444,20.0
1,0.564,0.0161,0.0501,0.0501,0,0,0,0,0,0,0,19.166666667,19.166666667
1,0.564,0.0161,0.0501,0.0501,0,0,0,0,0,0,0,19.166666667,19.166666667
1,0.564,0.0161,0.0501,0.0501,0,0,0,0,0,0,0,19.166666667,19.166666667
1,0.564,0.0161,0.0501,0.0501,0,0,0,0,0,0,0,19.166666667,19.166666667
1,0.551,0.0191,0.06,0.06,0,0,0,0,0,0,0.277,19.166666667,19.166666667
1,0.545,0.0286,0.114,0.114,0,0,0,0,0,0.467,0.32,19.166666667,19.166666667
0.633,0.55,0.0443,0.178,0.178,0,0,0,0,0,0,0.228,19.166666667,19.166666667
0.317,0.562,0.0224,0.0725,0.0725,0,0,0,0,0,0,0.159,19.166666667,19.166666667
0.129,0.564,0.0161,0.0501,0.0501,0,0,0,0,0,0,0,19.166666667,19.166666667
0,0.564,0.0161,0.0501,0.0501,0,0,0,0,0,0,0,19.444444444,20.0
0,0.564,0.0161,0.0501,0.0501,0,0,0,0,0,0,0,19.444444444,20.0
0.179,0.559,0.0444,0.0999,0.0999,0,0,0,0,0,0,0.214,19.444444444,20.0
0.746,0.55,0.118,0.204,0.204,0,0,0,0,0,0.483,0.396,19.444444444,20.0
0.933,0.547,0.147,0.237,0.237,0,0,0,0,0,0.217,0.412,19.444444444,20.0
1,0.565,0.179,0.256,0.256,0.603,0.917,0.347,0.483,0,0,0.32,19.444444444,20.0
1,0.601,0.272,0.31,0.31,0.6,0.733,0.254,0.0333,0.917,0,0.183,19.444444444,20.0
1,0.642,0.356,0.341,0.341,0.489,0.4,0.574,0,0,0,0.183,19.444444444,20.0
1,0.655,0.479,0.38,0.38,0,0,0.14,0,0,0,0.274,19.444444444,20.0
1,0.643,0.67,0.462,0.462,0.442,0.483,0,0,0,0,0.0457,19.444444444,20.0
1,0.617,0.829,0.59,0.59,0.647,0.2,0,0,0,0,0.304,19.444444444,20.0
1,0.566,0.457,0.434,0.434,0.173,0,0,0,0,0,0.102,19.444444444,20.0
1,0.548,0.166,0.215,0.215,0,0,0,0,0,0,0,19.444444444,20.0
1,0.564,0.0161,0.0501,0.0501,0,0,0,0,0,0,0,19.444444444,20.0
1,0.564,0.0165,0.0501,0.0501,0,0,0,0,0,0,0,19.444444444,20.0
1,0.564,0.0161,0.0501,0.0501,0,0,0,0,0,0,0,19.166666667,19.166666667
1,0.564,0.0161,0.0501,0.0501,0,0,0,0,0,0,0,19.166666667,19.166666667
1,0.564,0.0161,0.0501,0.0501,0,0,0,0,0,0,0,19.166666667,19.166666667
1,0.564,0.0161,0.0501,0.0501,0,0,0,0,0,0,0,19.166666667,19.166666667
1,0.564,0.0161,0.0501,0.0501,0,0,0,0,0,0,0,19.166666667,19.166666667
1,0.541,0.0314,0.129,0.129,0,0,0,0,0,0.467,0.229,19.166666667,19.166666667
1,0.545,0.0536,0.22,0.22,0,0,0,0,0,0,0.274,19.166666667,19.166666667
0.817,0.55,0.07,0.239,0.239,0,0,0,0,0,0,0.469,19.166666667,19.166666667
0.629,0.555,0.0602,0.17,0.17,0,0,0,0,0,0,0.109,19.166666667,19.166666667
0.5,0.558,0.0492,0.126,0.126,0,0,0,0,0,0,0.229,19.444444444,20.0
0.5,0.552,0.0898,0.194,0.194,0,0,0,0,0,0,0.137,19.444444444,20.0
0.5,0.552,0.095,0.189,0.189,0,0,0,0,0,0,0.274,19.444444444,20.0
0.5,0.552,0.106,0.187,0.187,0,0,0,0,0,0,0.0915,19.444444444,20.0
0.5,0.552,0.112,0.187,0.187,0,0,0,0,0,0,0.366,19.444444444,20.0
0.5,0.564,0.125,0.187,0.187,0,0,0,0,0,0,0.229,19.444444444,20.0
0.679,0.591,0.202,0.239,0.239,0,0,0,0,0,0,0,19.444444444,20.0
0.812,0.627,0.292,0.287,0.287,0.407,0.483,0,0,0,0,0.257,19.444444444,20.0
0.879,0.644,0.423,0.34,0.34,0.315,0.65,0,0,0,0,0.306,19.444444444,20.0
0.75,0.623,0.507,0.359,0.359,0,0,0,0,0,0,0.0915,19.444444444,20.0
0.871,0.61,0.724,0.521,0.521,0,0,0,0,0,0,0.0915,19.444444444,20.0
1,0.566,0.789,0.723,0.723,0,0,0,0,0,0,0.363,19.444444444,20.0
1,0.533,0.313,0.376,0.376,0,0,0,0,0,0,0.234,19.444444444,20.0
1,0.547,0.0556,0.0923,0.0923,0,0,0,0,0,0,0.0145,19.444444444,20.0
1,0.564,0.0184,0.0501,0.0501,0,0,0,0,0,0,0,19.444444444,20.0
1,0.564,0.0184,0.0501,0.0501,0,0,0,0,0,0,0,19.166666667,19.166666667
1,0.564,0.0184,0.0501,0.0501,0,0,0,0,0,0,0,19.166666667,19.166666667
1,0.559,0.0187,0.0502,0.0502,0,0,0,0,0,0,0,19.166666667,19.166666667
1,0.538,0.0204,0.0541,0.0541,0,0,0,0,0,0,0.137,19.166666667,19.166666667
1,0.54,0.0229,0.0786,0.0786,0,0,0,0,0,0,0.274,19.166666667,19.166666667
1,0.545,0.0332,0.134,0.134,0,0,0,0,0,0.183,0.0457,19.166666667,19.166666667
0.954,0.536,0.0909,0.321,0.321,0,0,0,0,0,0.283,0.778,19.166666667,19.166666667
0.75,0.546,0.134,0.299,0.299,0.524,0.683,0,0,0,0.233,0.14,19.166666667,19.166666667
0.642,0.548,0.149,0.252,0.252,0.647,0.45,0,0,0,0,0.193,19.166666667,19.166666667
0.5,0.552,0.14,0.201,0.201,0.586,0,0,0,0,0,0.0915,19.444444444,20.0
0.608,0.549,0.181,0.224,0.224,0.68,0,0,0,0,0,0.137,19.444444444,20.0
0.75,0.546,0.239,0.258,0.258,0.136,0,0.106,0.183,0,0,0.0457,19.444444444,20.0
0.579,0.55,0.219,0.209,0.209,0,0,0.354,0.333,0.667,0,0.503,19.444444444,20.0
0.5,0.554,0.217,0.187,0.187,0,0,0.52,0,0.0167,0,0.229,19.444444444,20.0
0.5,0.568,0.236,0.188,0.188,0,0,0.329,0,0,0,0.676,19.444444444,20.0
0.546,0.591,0.268,0.204,0.204,0,0,0,0,0,0,0.332,19.444444444,20.0
0.625,0.615,0.324,0.238,0.238,0,0,0,0,0,0.417,0.137,19.444444444,20.0
0.858,0.64,0.529,0.349,0.349,0.196,0.183,0,0,0,0.05,0.0457,19.444444444,20.0
1,0.638,0.78,0.487,0.487,0.375,0.733,0,0,0,0,0.0915,19.444444444,20.0
1,0.608,0.876,0.617,0.617,0,0,0,0,0,0,0.0386,19.444444444,20.0
1,0.556,0.764,0.695,0.695,0,0,0,0,0,0,0.432,19.444444444,20.0
1,0.535,0.28,0.317,0.317,0,0,0,0,0,0,0.163,19.444444444,20.0
1,0.546,0.0628,0.0914,0.0914,0,0,0,0,0,0.7,0,19.444444444,20.0
1,0.564,0.0184,0.0501,0.0501,0,0,0,0,0,0,0,19.444444444,20.0
1,0.564,0.0184,0.0501,0.0501,0,0,0,0,0,0,0,19.166666667,19.166666667
1,0.564,0.0184,0.0501,0.0501,0,0,0,0,0,0,0,19.166666667,19.166666667
1,0.564,0.0184,0.0501,0.0501,0,0,0,0,0,0,0,19.166666667,19.166666667
1,0.564,0.0184,0.0501,0.0501,0,0,0,0,0,0,0,19.166666667,19.166666667
1,0.564,0.0184,0.0501,0.0501,0,0,0,0,0,0,0,19.166666667,19.166666667
1,0.562,0.0221,0.0657,0.0657,0,0,0,0,0,0,0,19.166666667,19.166666667
1,0.555,0.0414,0.135,0.135,0.106,0.183,0,0,0,0,0.0457,19.166666667,19.166666667
0.954,0.557,0.0659,0.148,0.148,0.6,0.733,0,0,0,0,0.137,19.166666667,19.166666667
0.704,0.553,0.11,0.193,0.193,0,0,0,0,0,0,0.12,19.166666667,19.166666667
0.454,0.555,0.109,0.164,0.164,0,0,0,0,0,0,0.401,19.444444444,20.0
0.25,0.558,0.0852,0.122,0.122,0,0,0,0,0,0,0.477,19.444444444,20.0
0.483,0.552,0.161,0.184,0.184,0,0,0,0,0,0,0.349,19.444444444,20.0
0.483,0.553,0.171,0.17,0.17,0,0,0,0,0,0,0.368,19.444444444,20.0
0.704,0.55,0.29,0.238,0.238,0,0,0,0,0,0.233,0.346,19.444444444,20.0
0.546,0.57,0.257,0.2,0.2,0,0,0,0,0,0,0.0915,19.444444444,20.0
0.562,0.592,0.276,0.208,0.208,0,0,0,0,0,0,0.137,19.444444444,20.0
0.75,0.625,0.382,0.274,0.274,0,0,0,0,0,0,0,19.444444444,20.0
0.875,0.642,0.53,0.35,0.35,0,0,0,0,0,0,0.34,19.444444444,20.0
0.75,0.607,0.458,0.301,0.301,0,0,0,0,0,0.683,0.201,19.444444444,20.0
0.75,0.586,0.447,0.334,0.334,0,0,0,0,0,0.717,0,19.444444444,20.0
0.75,0.562,0.369,0.349,0.349,0,0,0,0,0,0,0,19.444444444,20.0
0.921,0.546,0.161,0.195,0.195,0,0,0,0,0,0,0.0781,19.444444444,20.0
1,0.541,0.0655,0.0949,0.0949,0,0,0,0,0,0,0.632,19.444444444,20.0
1,0.538,0.0338,0.0695,0.0695,0,0,0,0,0,0,0,19.444444444,20.0
1,0.563,0.0164,0.0504,0.0504,0,0,0,0,0,0,0,19.166666667,19.166666667
1,0.564,0.0161,0.0501,0.0501,0,0,0,0,0,0,0,19.166666667,19.166666667
1,0.564,0.0161,0.0501,0.0501,0,0,0,0,0,0,0,19.166666667,19.166666667
1,0.539,0.0183,0.0505,0.0505,0,0,0,0,0,0,0.42,19.166666667,19.166666667
0.942,0.519,0.027,0.0854,0.0854,0,0,0,0,0,0.467,0.331,19.166666667,19.166666667
0.75,0.545,0.0286,0.114,0.114,0,0,0,0,0,0,0.208,19.166666667,19.166666667
0.692,0.547,0.049,0.199,0.199,0,0,0,0,0,0,0.494,19.166666667,19.166666667
0.5,0.558,0.04,0.134,0.134,0,0,0,0,0,0,0.0457,19.166666667,19.166666667
0.317,0.562,0.0238,0.0713,0.0713,0,0,0,0,0,0,0,19.166666667,19.166666667
0.25,0.564,0.0161,0.0501,0.0501,0,0,0,0,0,0,0,19.444444444,20.0
0.496,0.552,0.0893,0.192,0.192,0,0,0,0,0,0,0.366,19.444444444,20.0
0.5,0.552,0.095,0.189,0.189,0,0,0,0,0,0,0.229,19.444444444,20.0
0.683,0.552,0.106,0.187,0.187,0,0,0,0,0,0,0.0457,19.444444444,20.0
0.504,0.552,0.112,0.187,0.187,0,0,0,0,0,0,0.229,19.444444444,20.0
0.5,0.564,0.125,0.187,0.187,0,0,0,0,0,0,0.0915,19.444444444,20.0
0.5,0.584,0.153,0.189,0.189,0,0,0,0,0,0,0.381,19.444444444,20.0
0.683,0.617,0.249,0.249,0.249,0,0,0,0,0,0,0.0457,19.444444444,20.0
0.75,0.632,0.363,0.297,0.297,0.752,0.733,0,0,0,0,0.274,19.444444444,20.0
0.75,0.623,0.507,0.359,0.359,0,0.183,0,0,0,0,0,19.444444444,20.0
0.933,0.614,0.775,0.555,0.555,0,0,0,0,0,0,0.24,19.444444444,20.0
1,0.565,0.219,0.225,0.225,0,0,0,0,0,0,0,19.444444444,20.0
1,0.551,0.132,0.178,0.178,0,0,0,0,0,0,0,19.444444444,20.0
1,0.542,0.0647,0.102,0.102,0,0,0,0,0,0,0.161,19.444444444,20.0
1,0.538,0.0338,0.0695,0.0695,0,0,0,0,0,0,0.0457,19.444444444,20.0
1,0.557,0.018,0.052,0.052,0,0,0,0,0,0,0,19.166666667,19.166666667
1,0.564,0.0161,0.0501,0.0501,0,0,0,0,0,0,0,19.166666667,19.166666667
1,0.564,0.0161,0.0501,0.0501,0,0,0,0,0,0,0,19.166666667,19.166666667
1,0.564,0.0161,0.0501,0.0501,0,0,0,0,0,0,0,19.166666667,19.166666667
1,0.551,0.0191,0.06,0.06,0,0,0,0,0,0,0.118,19.166666667,19.166666667
1,0.536,0.0347,0.145,0.145,0,0,0,0,0,0,0.241,19.166666667,19.166666667
1,0.536,0.0722,0.304,0.304,0,0,0,0,0,0,0.418,19.166666667,19.166666667
0.575,0.556,0.0471,0.159,0.159,0,0,0,0,0,0.467,0.292,19.166666667,19.166666667
0.25,0.558,0.0448,0.128,0.128,0,0,0,0,0,0.467,0,19.166666667,19.166666667
0.25,0.558,0.0492,0.126,0.126,0,0,0,0,0,0,0.229,19.444444444,20.0
0.25,0.558,0.0532,0.122,0.122,0,0,0,0,0,0,0,19.444444444,20.0
0.375,0.555,0.0753,0.154,0.154,0,0,0,0,0,0,0.137,19.444444444,20.0
0.308,0.556,0.0718,0.135,0.135,0,0,0,0,0,0,0.137,19.444444444,20.0
0.5,0.552,0.112,0.187,0.187,0,0,0,0,0,0,0.0915,19.444444444,20.0
0.496,0.564,0.124,0.186,0.186,0,0,0.567,0.483,0,0,0.32,19.444444444,20.0
0.75,0.593,0.221,0.259,0.259,0,0,0.711,0.0333,0.917,0,0.0457,19.444444444,20.0
0.75,0.622,0.271,0.269,0.269,0,0,0.629,0,0,0,0.274,19.444444444,20.0
0.871,0.643,0.419,0.337,0.337,0,0,0.178,0,0,0.467,0.0815,19.444444444,20.0
1,0.643,0.67,0.462,0.462,0,0,0.376,0,0,0,0.221,19.444444444,20.0
1,0.617,0.829,0.59,0.59,0,0,0.69,0,0,0,0.4,19.444444444,20.0
1,0.566,0.789,0.723,0.723,0,0,0.32,0,0,0,0.149,19.444444444,20.0
1,0.533,0.313,0.376,0.376,0,0,0,0,0,0,0,19.444444444,20.0
1,0.525,0.102,0.142,0.142,0,0,0,0,0,0,0,19.444444444,20.0
1,0.562,0.018,0.0522,0.0522,0,0,0,0,0,0,0,19.444444444,20.0
1,0.564,0.0161,0.0501,0.0501,0,0,0,0,0,0,0,19.166666667,19.166666667
1,0.564,0.0161,0.0501,0.0501,0,0,0,0,0,0,0,19.166666667,19.166666667
1,0.564,0.0161,0.0501,0.0501,0,0,0,0,0,0,0,19.166666667,19.166666667
1,0.564,0.0161,0.0501,0.0501,0,0,0,0,0,0,0,19.166666667,19.166666667
1,0.545,0.0207,0.0651,0.0651,0,0,0,0,0,0,0.132,19.166666667,19.166666667
1,0.526,0.0409,0.178,0.178,0,0,0,0,0,0.733,0.632,19.166666667,19.166666667
0.758,0.545,0.054,0.221,0.221,0,0,0,0,0,0.433,0.538,19.166666667,19.166666667
0.438,0.556,0.0456,0.154,0.154,0,0,0,0,0,0,0.132,19.166666667,19.166666667
0.683,0.547,0.0957,0.267,0.267,0,0,0,0,0,0,0.547,19.166666667,19.166666667
0.75,0.546,0.115,0.279,0.279,0,0,0,0,0,0.7,0.261,19.444444444,20.0
0.692,0.547,0.119,0.25,0.25,0,0,0,0,0,0,0.118,19.444444444,20.0
0.5,0.552,0.095,0.189,0.189,0.782,0.917,0.313,0.733,0,0.233,0.0457,19.444444444,20.0
0.5,0.552,0.106,0.187,0.187,0.137,0,0,0.05,0.917,0,0.0915,19.444444444,20.0
0.5,0.552,0.112,0.187,0.187,0,0,0,0,0,0,0.229,19.444444444,20.0
0.5,0.564,0.125,0.187,0.187,0,0,0,0,0,0,0.137,19.444444444,20.0
0.5,0.584,0.153,0.189,0.189,0,0,0,0,0,0,0.229,19.444444444,20.0
0.5,0.603,0.186,0.196,0.196,0,0,0,0,0,0,0.274,19.444444444,20.0
0.683,0.626,0.333,0.275,0.275,0,0,0,0,0,0,0.251,19.444444444,20.0
0.75,0.623,0.507,0.359,0.359,0,0,0,0,0,0,0.258,19.444444444,20.0
0.75,0.604,0.626,0.455,0.455,0,0,0,0,0,0,0.133,19.444444444,20.0
0.808,0.565,0.502,0.473,0.473,0,0,0,0,0,0,0.366,19.444444444,20.0
1,0.545,0.193,0.245,0.245,0.496,0.733,0,0,0,0,0,19.444444444,20.0
1,0.542,0.0647,0.102,0.102,0.111,0.183,0,0,0,0,0,19.444444444,20.0
1,0.563,0.0169,0.051,0.051,0,0,0,0,0,0,0,19.444444444,20.0
1,0.564,0.0161,0.0501,0.0501,0,0,0,0,0,0,0,19.166666667,19.166666667
1,0.564,0.0161,0.0501,0.0501,0,0,0,0,0,0,0,19.166666667,19.166666667
1,0.564,0.0161,0.0501,0.0501,0,0,0,0,0,0,0,19.166666667,19.166666667
1,0.564,0.0161,0.0501,0.0501,0,0,0,0,0,0,0,19.166666667,19.166666667
1,0.564,0.0161,0.0501,0.0501,0,0,0,0,0,0,0,19.166666667,19.166666667
1,0.504,0.0561,0.256,0.256,0,0,0.106,0.233,0,0,0.526,19.166666667,19.166666667
0.817,0.533,0.0773,0.327,0.327,0,0,0.297,0.283,0.717,0,0.424,19.166666667,19.166666667
0.75,0.546,0.0879,0.302,0.302,0,0,0,0,1,0,0.321,19.166666667,19.166666667
0.75,0.546,0.103,0.288,0.288,0,0,0,0,1,0,0.64,19.166666667,19.166666667
0.75,0.546,0.115,0.279,0.279,0,0,0,0,0.0667,0,0.584,19.444444444,20.0
0.567,0.55,0.1,0.214,0.214,0,0,0.28,0.483,0,0,0.554,19.444444444,20.0
0.5,0.552,0.095,0.189,0.189,0,0,0.295,0.0333,0.917,0.233,0.149,19.444444444,20.0
0.5,0.552,0.106,0.187,0.187,0,0,0.639,0,0,0,0.137,19.444444444,20.0
0.5,0.552,0.112,0.187,0.187,0,0,0.333,0,0,0,0.274,19.444444444,20.0
0.558,0.564,0.137,0.203,0.203,0,0,0.526,0,0,0.233,0.274,19.444444444,20.0
0.808,0.596,0.237,0.275,0.275,0,0,0.244,0,0,0,0.0915,19.444444444,20.0
0.879,0.632,0.315,0.306,0.306,0,0,0.78,0,0,0,0.0457,19.444444444,20.0
0.933,0.649,0.448,0.358,0.358,0,0,0.471,0,0,0,0,19.444444444,20.0
0.754,0.623,0.509,0.36,0.36,0,0,0.479,0,0,0,0.0915,19.444444444,20.0
0.996,0.617,0.826,0.589,0.589,0,0,0,0,0,0,0.254,19.444444444,20.0
1,0.566,0.744,0.684,0.684,0,0,0,0,0,0,0,19.444444444,20.0
1,0.542,0.225,0.28,0.28,0,0,0,0,0,0,0,19.444444444,20.0
1,0.542,0.0647,0.102,0.102,0,0,0,0,0,0,0.0457,19.444444444,20.0
1,0.564,0.0165,0.0501,0.0501,0,0,0,0,0,0,0,19.444444444,20.0
1,0.564,0.0161,0.0501,0.0501,0,0,0,0,0,0,0,19.166666667,19.166666667
1,0.564,0.0161,0.0501,0.0501,0,0,0,0,0,0,0,19.166666667,19.166666667
1,0.564,0.0161,0.0501,0.0501,0,0,0,0,0,0,0,19.166666667,19.166666667
1,0.564,0.0161,0.0501,0.0501,0,0,0,0,0,0,0,19.166666667,19.166666667
1,0.539,0.0222,0.0698,0.0698,0,0,0,0,0,0,0.326,19.166666667,19.166666667
1,0.517,0.0471,0.209,0.209,0,0,0,0,0,0,0.298,19.166666667,19.166666667
0.754,0.545,0.0539,0.221,0.221,0,0,0,0,0,0,0.284,19.166666667,19.166666667
0.75,0.552,0.064,0.218,0.218,0,0,0,0,0,0,0.081,19.166666667,19.166666667
0.75,0.549,0.0884,0.247,0.247,0,0,0,0,0,0,0.545,19.166666667,19.166666667
0.75,0.549,0.0994,0.242,0.242,0,0,0,0,0,0,0.425,19.444444444,20.0
0.75,0.546,0.127,0.266,0.266,0,0,0,0,0,0,0.428,19.444444444,20.0
0.567,0.55,0.105,0.208,0.208,0,0,0,0,0,0,0.281,19.444444444,20.0
0.5,0.552,0.106,0.187,0.187,0,0,0,0,0,0,0.0457,19.444444444,20.0
0.621,0.549,0.135,0.22,0.22,0,0,0,0,0,0,0.0457,19.444444444,20.0
0.75,0.565,0.179,0.256,0.256,0,0,0,0,0,0,0.48,19.444444444,20.0
0.75,0.593,0.221,0.259,0.259,0,0,0,0,0,0.233,0.471,19.444444444,20.0
0.996,0.642,0.355,0.34,0.34,0,0,0,0,0,0,0.0457,19.444444444,20.0
0.754,0.633,0.365,0.298,0.298,0,0,0,0,0,0,0,19.444444444,20.0
0.75,0.623,0.507,0.359,0.359,0,0,0.0514,0.483,0,0,0.0457,19.444444444,20.0
0.933,0.611,0.727,0.523,0.523,0,0,0.592,0.0333,0.917,0,0.137,19.444444444,20.0
1,0.566,0.595,0.555,0.555,0,0,0.0206,0,0,0,0,19.444444444,20.0
1,0.542,0.225,0.28,0.28,0,0,0,0,0,0,0,19.444444444,20.0
1,0.563,0.018,0.0523,0.0523,0,0,0,0,0,0,0,19.444444444,20.0
1,0.564,0.0184,0.0501,0.0501,0,0,0,0,0,0,0,19.444444444,20.0
1,0.564,0.0184,0.0501,0.0501,0,0,0,0,0,0,0,19.166666667,19.166666667
1,0.564,0.0184,0.0501,0.0501,0,0,0,0,0,0,0,19.166666667,19.166666667
1,0.564,0.0184,0.0501,0.0501,0,0,0,0,0,0,0,19.166666667,19.166666667
1,0.564,0.0184,0.0501,0.0501,0,0,0,0,0,0,0,19.166666667,19.166666667
1,0.56,0.0201,0.062,0.062,0,0,0,0,0,0,0.0964,19.166666667,19.166666667
1,0.547,0.0295,0.119,0.119,0,0,0,0,0,0,0.115,19.166666667,19.166666667
1,0.554,0.048,0.15,0.15,0,0,0,0,0,0,0.301,19.166666667,19.166666667
1,0.551,0.104,0.231,0.231,0,0,0,0,0,0,0.458,19.166666667,19.166666667
0.892,0.547,0.159,0.266,0.266,0,0,0,0,0,0,0.154,19.166666667,19.166666667
0.642,0.548,0.173,0.245,0.245,0,0,0,0,0,0,0.597,19.444444444,20.0
0.392,0.554,0.122,0.163,0.163,0,0,0,0,0,0.233,0.139,19.444444444,20.0
0.25,0.558,0.0919,0.119,0.119,0,0,0,0,0,0,0.412,19.444444444,20.0
0.25,0.558,0.105,0.119,0.119,0,0,0,0,0,0,0.137,19.444444444,20.0
0.421,0.556,0.186,0.165,0.165,0,0,0,0,0,0,0.229,19.444444444,20.0
0.546,0.57,0.257,0.2,0.2,0,0,0,0,0,0,0.437,19.444444444,20.0
0.796,0.603,0.382,0.274,0.274,0,0,0,0,0,0,0.344,19.444444444,20.0
0.829,0.631,0.42,0.297,0.297,0,0,0,0,0,0,0.338,19.444444444,20.0
0.688,0.625,0.426,0.288,0.288,0,0,0,0,0,0.233,0.0457,19.444444444,20.0
0.983,0.637,0.768,0.48,0.48,0,0,0.14,0.183,0,0,0,19.444444444,20.0
1,0.607,0.839,0.586,0.586,0,0,0.372,0.333,0.667,0,0,19.444444444,20.0
1,0.558,0.578,0.534,0.534,0,0,0.313,0,0.25,0,0.0457,19.444444444,20.0
1,0.532,0.303,0.34,0.34,0,0,0.101,0,0,0,0,19.444444444,20.0
1,0.541,0.0666,0.0949,0.0949,0,0,0,0,0,0,0,19.444444444,20.0
1,0.543,0.0352,0.0655,0.0655,0,0,0,0,0,0,0,19.444444444,20.0
1,0.564,0.0184,0.0501,0.0501,0,0,0,0,0,0,0,19.166666667,19.166666667
1,0.564,0.0184,0.0501,0.0501,0,0,0,0,0,0,0,19.166666667,19.166666667
1,0.564,0.0184,0.0501,0.0501,0,0,0,0,0,0,0,19.166666667,19.166666667
1,0.564,0.0184,0.0501,0.0501,0,0,0,0,0,0,0,19.166666667,19.166666667
1,0.564,0.0184,0.0501,0.0501,0,0,0,0,0,0,0,19.166666667,19.166666667
1,0.564,0.0184,0.0501,0.0501,0,0,0,0,0,0,0,19.166666667,19.166666667
1,0.557,0.0416,0.123,0.123,0,0,0,0,0,0.183,0.243,19.166666667,19.166666667
1,0.55,0.113,0.245,0.245,0,0,0,0,0,0.05,0.367,19.166666667,19.166666667
0.767,0.545,0.175,0.291,0.291,0,0,0,0,0,0,0.0915,19.166666667,19.166666667
0.983,0.54,0.257,0.347,0.347,0,0,0,0,0,0,0.137,19.444444444,20.0
0.908,0.542,0.259,0.312,0.312,0,0,0,0,0,0,0.137,19.444444444,20.0
0.454,0.553,0.15,0.176,0.176,0.34,0.433,0,0,0,0,0.137,19.444444444,20.0
0.296,0.557,0.123,0.131,0.131,0.589,0.483,0,0,0,0,0.0915,19.444444444,20.0
0.546,0.559,0.144,0.136,0.136,0.22,0,0,0,0,0.183,0.274,19.444444444,20.0
0.75,0.57,0.257,0.2,0.2,0,0,0,0,0,0.983,0.366,19.444444444,20.0
0.75,0.599,0.361,0.261,0.261,0,0,0,0,0,0,0,19.444444444,20.0
0.75,0.625,0.382,0.274,0.274,0,0,0,0,0,0,0.0915,19.444444444,20.0
0.858,0.64,0.529,0.349,0.349,0,0,0,0,0,0,0.26,19.444444444,20.0
1,0.638,0.78,0.487,0.487,0,0,0,0,0,0,0.181,19.444444444,20.0
1,0.608,0.876,0.617,0.617,0,0,0,0,0,0,0.0401,19.444444444,20.0
1,0.556,0.764,0.695,0.695,0,0,0,0,0,0,0.366,19.444444444,20.0
1,0.511,0.456,0.495,0.495,0,0,0,0,0,0,0,19.444444444,20.0
1,0.5,0.157,0.181,0.181,0,0,0,0,0,0,0,19.444444444,20.0
1,0.523,0.0436,0.0802,0.0802,0,0,0,0,0,0,0,19.444444444,20.0
1,0.513,0.029,0.0631,0.0631,0,0,0,0,0,0,0.0457,19.166666667,19.166666667
1,0.563,0.0163,0.0503,0.0503,0,0,0,0,0,0,0,19.166666667,19.166666667
1,0.564,0.0161,0.0501,0.0501,0,0,0,0,0,0,0,19.166666667,19.166666667
0.754,0.564,0.0161,0.0501,0.0501,0,0,0,0,0,0,0,19.166666667,19.166666667
0.75,0.551,0.0191,0.06,0.06,0,0,0,0,0,0,0.243,19.166666667,19.166666667
0.75,0.545,0.0286,0.114,0.114,0,0,0,0,0,0,0.356,19.166666667,19.166666667
0.75,0.536,0.072,0.303,0.303,0,0,0,0,0,0.233,0.237,19.166666667,19.166666667
0.692,0.547,0.0823,0.282,0.282,0.41,0.483,0,0,0,0,0.0457,19.166666667,19.166666667
0.5,0.552,0.0743,0.209,0.209,0.496,0.433,0,0,0,0,0.366,19.166666667,19.166666667
0.5,0.552,0.0823,0.203,0.203,0,0,0,0,0,0.233,0.183,19.444444444,20.0
0.5,0.552,0.0904,0.195,0.195,0,0,0,0,0,0,0.0457,19.444444444,20.0
0.5,0.552,0.095,0.189,0.189,0,0,0,0,0,0,0.183,19.444444444,20.0
0.5,0.552,0.106,0.187,0.187,0,0,0,0,0,0,0.224,19.444444444,20.0
0.379,0.555,0.0889,0.154,0.154,0,0,0,0,0,0,0.229,19.444444444,20.0
0.496,0.564,0.124,0.186,0.186,0.266,0.233,0,0,0,0.233,0.137,19.444444444,20.0
0.5,0.584,0.153,0.189,0.189,0.606,0.683,0,0,0,0,0.137,19.444444444,20.0
0.558,0.607,0.206,0.213,0.213,0,0,0,0,0,0,0.0457,19.444444444,20.0
0.996,0.655,0.477,0.378,0.378,0,0,0,0,0,0,0.229,19.444444444,20.0
0.942,0.638,0.632,0.438,0.438,0,0,0.119,0.517,0.217,0,0,19.444444444,20.0
0.75,0.601,0.578,0.424,0.424,0,0,0,0,0.467,0,0,19.444444444,20.0
0.933,0.565,0.406,0.39,0.39,0,0,0,0,0,0,0.125,19.444444444,20.0
1,0.561,0.0481,0.0848,0.0848,0,0,0,0,0,0,0.131,19.444444444,20.0
1,0.564,0.0161,0.0501,0.0501,0,0,0,0,0,0,0,19.444444444,20.0
0.954,0.559,0.02,0.0544,0.0544,0,0,0,0,0,0,0,19.444444444,20.0
1,0.564,0.0161,0.0501,0.0501,0,0,0,0,0,0,0,19.166666667,19.166666667
1,0.564,0.0161,0.0501,0.0501,0,0,0,0,0,0,0,19.166666667,19.166666667
1,0.564,0.0161,0.0501,0.0501,0,0,0,0,0,0,0,19.166666667,19.166666667
1,0.564,0.0161,0.0501,0.0501,0,0,0,0,0,0,0,19.166666667,19.166666667
1,0.564,0.0161,0.0501,0.0501,0,0,0,0,0,0,0,19.166666667,19.166666667
1,0.541,0.0314,0.129,0.129,0,0,0,0,0,0,0.619,19.166666667,19.166666667
1,0.538,0.0675,0.282,0.282,0,0,0,0,0,0.467,0.349,19.166666667,19.166666667
0.754,0.551,0.0643,0.219,0.219,0,0,0,0,0,0,0.319,19.166666667,19.166666667
0.567,0.55,0.0816,0.229,0.229,0,0,0,0,0,0,0.504,19.166666667,19.166666667
0.438,0.553,0.074,0.184,0.184,0,0,0,0,0,0,0,19.444444444,20.0
0.621,0.549,0.108,0.23,0.23,0,0,0,0,0,0,0.0915,19.444444444,20.0
0.75,0.546,0.134,0.258,0.258,0,0,0.338,0.483,0,0,0.32,19.444444444,20.0
0.75,0.546,0.151,0.256,0.256,0,0,0.449,0.3,0.683,0,0.137,19.444444444,20.0
0.75,0.546,0.16,0.256,0.256,0,0,0.338,0,0,0,0.0457,19.444444444,20.0
0.871,0.565,0.205,0.289,0.289,0,0,0.571,0,0,0,0.0915,19.444444444,20.0
0.821,0.596,0.241,0.278,0.278,0,0,0.402,0,0,0.233,0.0915,19.444444444,20.0
0.746,0.622,0.27,0.267,0.267,0,0,0.405,0,0,0.233,0.183,19.444444444,20.0
0.808,0.638,0.39,0.316,0.316,0,0,0,0,0,0.233,0,19.444444444,20.0
1,0.643,0.67,0.462,0.462,0.355,0.483,0,0,0,0,0,19.444444444,20.0
0.942,0.614,0.781,0.559,0.559,0.338,0.65,0.419,0.517,0.467,0,0,19.444444444,20.0
0.933,0.566,0.644,0.597,0.597,0,0,0,0,0.45,0,0.251,19.444444444,20.0
1,0.539,0.252,0.309,0.309,0,0,0,0,0,0,0.214,19.444444444,20.0
1,0.542,0.0666,0.104,0.104,0,0,0,0,0,0,0.244,19.444444444,20.0
0.921,0.531,0.0381,0.0743,0.0743,0,0,0,0,0,0,0,19.444444444,20.0
1,0.538,0.0228,0.0569,0.0569,0,0,0,0,0,0,0.0869,19.166666667,19.166666667
1,0.563,0.0162,0.0502,0.0502,0,0,0,0,0,0,0,19.166666667,19.166666667
1,0.539,0.0161,0.0501,0.0501,0,0,0,0,0,0,0,19.166666667,19.166666667
1,0.538,0.0183,0.0505,0.0505,0,0,0,0,0,0,0.0457,19.166666667,19.166666667
0.817,0.532,0.0239,0.0752,0.0752,0,0,0,0,0,0,0.36,19.166666667,19.166666667
0.938,0.522,0.0441,0.194,0.194,0,0,0,0,0,0,0.223,19.166666667,19.166666667
0.383,0.558,0.026,0.0949,0.0949,0,0,0,0,0,0,0.0915,19.166666667,19.166666667
0.25,0.564,0.0161,0.0501,0.0501,0,0,0,0,0,0,0,19.166666667,19.166666667
0.25,0.564,0.0161,0.0501,0.0501,0,0,0,0,0,0,0,19.166666667,19.166666667
0.25,0.558,0.0487,0.125,0.125,0,0,0,0,0,0,0.0915,19.444444444,20.0
0.496,0.552,0.0898,0.194,0.194,0,0,0,0,0,0,0,19.444444444,20.0
0.625,0.553,0.0858,0.173,0.173,0,0,0,0,0,0,0.0915,19.444444444,20.0
0.5,0.558,0.0612,0.119,0.119,0,0,0,0,0,0,0.137,19.444444444,20.0
0.438,0.559,0.0521,0.101,0.101,0,0,0,0,0,0,0.229,19.444444444,20.0
0.621,0.565,0.15,0.219,0.219,0,0,0.323,0.483,0,0,0.183,19.444444444,20.0
0.808,0.596,0.237,0.275,0.275,0,0,0.228,0.0333,0.917,0.233,0.0915,19.444444444,20.0
0.942,0.637,0.336,0.324,0.324,0,0,0,0,0,0,0.0915,19.444444444,20.0
0.933,0.649,0.448,0.358,0.358,0.337,0.483,0,0,0,0.483,0.0915,19.444444444,20.0
1,0.643,0.67,0.462,0.462,0.648,0.433,0,0,0,0.217,0.137,19.444444444,20.0
1,0.617,0.829,0.59,0.59,0.74,0,0,0,0,0,0.137,19.444444444,20.0
1,0.566,0.65,0.602,0.602,0.243,0,0,0,0,0.7,0.0923,19.444444444,20.0
1,0.557,0.0801,0.12,0.12,0,0,0,0,0,0,0,19.444444444,20.0
1,0.564,0.0161,0.0501,0.0501,0,0,0,0,0,0,0,19.444444444,20.0
1,0.564,0.0161,0.0501,0.0501,0,0,0,0,0,0,0,19.444444444,20.0
1,0.564,0.0161,0.0501,0.0501,0,0,0,0,0,0,0,19.166666667,19.166666667
1,0.564,0.0161,0.0501,0.0501,0,0,0,0,0,0,0,19.166666667,19.166666667
1,0.564,0.0161,0.0501,0.0501,0,0,0,0,0,0,0,19.166666667,19.166666667
1,0.564,0.0161,0.0501,0.0501,0,0,0,0,0,0,0,19.166666667,19.166666667
1,0.564,0.0161,0.0501,0.0501,0,0,0,0,0,0,0,19.166666667,19.166666667
0.754,0.527,0.0408,0.177,0.177,0,0,0,0,0,0,0.32,19.166666667,19.166666667
0.875,0.54,0.0631,0.262,0.262,0,0,0,0,0,0.467,0.408,19.166666667,19.166666667
0.504,0.552,0.064,0.218,0.218,0,0,0,0,0,0,0.185,19.166666667,19.166666667
0.683,0.547,0.0957,0.267,0.267,0,0,0,0,0,0,0.412,19.166666667,19.166666667
0.629,0.549,0.0994,0.242,0.242,0,0,0,0,0,0.467,0.351,19.444444444,20.0
0.5,0.552,0.0904,0.195,0.195,0,0,0,0,0,0,0,19.444444444,20.0
0.5,0.552,0.095,0.189,0.189,0,0,0,0,0,0.983,0.274,19.444444444,20.0
0.379,0.555,0.0845,0.154,0.154,0,0,0,0,0,0.183,0.64,19.444444444,20.0
0.371,0.555,0.0874,0.152,0.152,0,0,0,0,0,0.467,0.0915,19.444444444,20.0
0.5,0.564,0.125,0.187,0.187,0,0,0,0,0,0,0.229,19.444444444,20.0
0.746,0.593,0.221,0.257,0.257,0,0,0,0,0,0,0.0457,19.444444444,20.0
0.933,0.637,0.334,0.322,0.322,0,0,0,0,0,0.233,0.0915,19.444444444,20.0
1,0.655,0.479,0.38,0.38,0,0,0,0,0,0,0,19.444444444,20.0
0.817,0.628,0.55,0.386,0.386,0.327,0.233,0,0,0,0.233,0.137,19.444444444,20.0
0.871,0.61,0.724,0.521,0.521,0.563,0.683,0,0,0,0,0.395,19.444444444,20.0
1,0.566,0.789,0.723,0.723,0.482,0,0,0,0,0,0.29,19.444444444,20.0
1,0.548,0.171,0.219,0.219,0.874,0,0,0,0,0,0,19.444444444,20.0
1,0.552,0.0418,0.0775,0.0775,0.204,0,0,0,0,0,0,19.444444444,20.0
1,0.558,0.0227,0.0561,0.0561,0,0,0,0,0,0,0.164,19.444444444,20.0
1,0.564,0.0161,0.0501,0.0501,0,0,0,0,0,0,0,19.166666667,19.166666667
1,0.564,0.0161,0.0501,0.0501,0,0,0,0,0,0,0,19.166666667,19.166666667
1,0.564,0.0161,0.0501,0.0501,0,0,0,0,0,0,0,19.166666667,19.166666667
1,0.539,0.0183,0.0505,0.0505,0,0,0,0,0,0,0.229,19.166666667,19.166666667
1,0.538,0.0223,0.0702,0.0702,0,0,0,0,0,0,0.182,19.166666667,19.166666667
1,0.508,0.0533,0.241,0.241,0,0,0,0,0,0.233,0.645,19.166666667,19.166666667
0.754,0.545,0.0539,0.221,0.221,0,0,0,0,0,0.233,0.342,19.166666667,19.166666667
0.75,0.552,0.064,0.218,0.218,0,0,0.00881,0.233,0,0,0.21,19.166666667,19.166666667
0.75,0.552,0.0743,0.209,0.209,0,0,0.493,0.283,0.717,0,0.156,19.166666667,19.166666667
0.75,0.552,0.0823,0.203,0.203,0,0,0.376,0,0.667,0,0.0907,19.444444444,20.0
0.75,0.546,0.127,0.266,0.266,0,0,0.391,0,0,0,0.419,19.444444444,20.0
0.504,0.552,0.0956,0.19,0.19,0,0,0.486,0,0,0,0.21,19.444444444,20.0
0.496,0.552,0.106,0.186,0.186,0,0,0.668,0,0,0,0.137,19.444444444,20.0
0.75,0.546,0.16,0.256,0.256,0,0,0.0925,0,0,0,0.0457,19.444444444,20.0
0.75,0.565,0.179,0.256,0.256,0.548,0.733,0,0,0,0,0.388,19.444444444,20.0
0.996,0.603,0.289,0.327,0.327,0.139,0.183,0,0,0,0,0.366,19.444444444,20.0
1,0.642,0.356,0.341,0.341,0,0,0,0,0,0.233,0.0915,19.444444444,20.0
1,0.655,0.479,0.38,0.38,0,0,0,0,0,0,0,19.444444444,20.0
1,0.643,0.67,0.462,0.462,0,0,0,0,0,0,0.237,19.444444444,20.0
1,0.617,0.829,0.59,0.59,0,0,0,0,0,0,0.622,19.444444444,20.0
1,0.566,0.789,0.723,0.723,0,0,0,0,0,0,0,19.444444444,20.0
1,0.527,0.368,0.438,0.438,0,0,0,0,0,0,0.108,19.444444444,20.0
1,0.498,0.162,0.206,0.206,0,0,0,0,0,0,0.0892,19.444444444,20.0
1,0.538,0.0367,0.0666,0.0666,0,0,0,0,0,0,0.245,19.444444444,20.0
1,0.543,0.0249,0.0552,0.0552,0,0,0,0,0,0,0.0673,19.166666667,19.166666667
1,0.564,0.0184,0.0501,0.0501,0,0,0,0,0,0,0,19.166666667,19.166666667
0.954,0.564,0.0184,0.0501,0.0501,0,0,0,0,0,0,0,19.166666667,19.166666667
0.75,0.564,0.0184,0.0501,0.0501,0,0,0,0,0,0,0,19.166666667,19.166666667
0.75,0.564,0.0184,0.0501,0.0501,0,0,0,0,0,0,0,19.166666667,19.166666667
0.75,0.564,0.0184,0.0501,0.0501,0,0,0,0,0,0,0,19.166666667,19.166666667
0.75,0.562,0.025,0.0655,0.0655,0,0,0,0,0,0,0.163,19.166666667,19.166666667
0.875,0.552,0.0929,0.204,0.204,0,0,0,0,0,0,0.735,19.166666667,19.166666667
0.704,0.547,0.161,0.272,0.272,0,0,0,0,0,0,0.427,19.166666667,19.166666667
0.438,0.553,0.125,0.182,0.182,0,0,0,0,0,0,0.229,19.444444444,20.0
0.608,0.549,0.181,0.224,0.224,0,0,0,0,0,0,0.0457,19.444444444,20.0
0.517,0.551,0.17,0.193,0.193,0,0,0,0,0,0,0.0915,19.444444444,20.0
0.5,0.552,0.192,0.187,0.187,0,0,0,0,0,0.183,0.503,19.444444444,20.0
0.267,0.558,0.124,0.123,0.123,0,0,0,0,0,0.05,0.137,19.444444444,20.0
0.483,0.568,0.229,0.183,0.183,0,0,0,0,0,0.233,0.137,19.444444444,20.0
0.733,0.599,0.353,0.256,0.256,0,0,0,0,0,0,0.38,19.444444444,20.0
0.517,0.606,0.269,0.204,0.204,0,0,0,0,0,0,0.187,19.444444444,20.0
0.546,0.612,0.347,0.242,0.242,0,0,0.126,0.183,0,0,0.274,19.444444444,20.0
0.75,0.619,0.59,0.378,0.378,0,0,0.499,0.6,0.4,0,0.0915,19.444444444,20.0
0.75,0.596,0.625,0.444,0.444,0,0,0,0,0.517,0,0.218,19.444444444,20.0
0.75,0.562,0.369,0.349,0.349,0,0,0,0,0,0,0.0915,19.444444444,20.0
0.75,0.549,0.13,0.164,0.164,0,0,0,0,0,0,0.0457,19.444444444,20.0
0.921,0.53,0.0938,0.12,0.12,0,0,0,0,0,0,0.123,19.444444444,20.0
1,0.543,0.0352,0.0655,0.0655,0,0,0,0,0,0,0.327,19.444444444,20.0
1,0.559,0.0188,0.0501,0.0501,0,0,0,0,0,0,0.0457,19.166666667,19.166666667
1,0.556,0.0191,0.0501,0.0501,0,0,0,0,0,0,0.0915,19.166666667,19.166666667
1,0.564,0.0184,0.0501,0.0501,0,0,0,0,0,0,0,19.166666667,19.166666667
1,0.564,0.0184,0.0501,0.0501,0,0,0,0,0,0,0,19.166666667,19.166666667
0.954,0.551,0.0201,0.0603,0.0603,0,0,0,0,0,0,0.0457,19.166666667,19.166666667
0.75,0.564,0.0184,0.0501,0.0501,0,0,0,0,0,0,0,19.166666667,19.166666667
0.75,0.562,0.025,0.0655,0.0655,0,0,0,0,0,0,0,19.166666667,19.166666667
0.704,0.554,0.0839,0.19,0.19,0,0,0,0,0,0,0.34,19.166666667,19.166666667
0.5,0.552,0.121,0.207,0.207,0,0,0,0,0,0,0.575,19.166666667,19.166666667
0.5,0.552,0.14,0.201,0.201,0,0,0,0,0,0,0.247,19.444444444,20.0
0.5,0.552,0.152,0.194,0.194,0,0,0.203,0.183,0,0.233,0.183,19.444444444,20.0
0.671,0.548,0.216,0.236,0.236,0.663,0.683,0.185,0.333,0.667,0,0,19.444444444,20.0
0.983,0.541,0.343,0.307,0.307,0,0.233,0,0,0.25,0,0.274,19.444444444,20.0
0.767,0.554,0.223,0.192,0.192,0,0,0,0,0,0,0.0915,19.444444444,20.0
0.75,0.568,0.236,0.188,0.188,0,0,0,0,0,0,0.137,19.444444444,20.0
0.921,0.607,0.431,0.304,0.304,0,0,0,0,0,0,0.137,19.444444444,20.0
1,0.645,0.504,0.349,0.349,0,0,0,0,0,0,0.137,19.444444444,20.0
1,0.653,0.608,0.395,0.395,0.147,0.183,0,0,0,0,0.32,19.444444444,20.0
1,0.638,0.78,0.487,0.487,0.395,0.95,0,0,0,0,0.0915,19.444444444,20.0
1,0.607,0.839,0.586,0.586,0,0,0,0,0,0,0.137,19.444444444,20.0
1,0.558,0.578,0.534,0.534,0,0,0,0,0,0,0,19.444444444,20.0
1,0.531,0.282,0.317,0.317,0,0,0,0,0,0,0,19.444444444,20.0
1,0.54,0.0691,0.0982,0.0982,0,0,0,0,0,0,0,19.444444444,20.0
1,0.562,0.0172,0.0514,0.0514,0,0,0,0,0,0,0,19.444444444,20.0
1,0.564,0.0161,0.0501,0.0501,0,0,0,0,0,0,0,19.166666667,19.166666667
1,0.564,0.0161,0.0501,0.0501,0,0,0,0,0,0,0,19.166666667,19.166666667
1,0.564,0.0161,0.0501,0.0501,0,0,0,0,0,0,0,19.166666667,19.166666667
1,0.564,0.0161,0.0501,0.0501,0,0,0,0,0,0,0,19.166666667,19.166666667
1,0.527,0.0253,0.08,0.08,0,0,0.474,0.783,0.2,0,0.482,19.166666667,19.166666667
1,0.494,0.0626,0.289,0.289,0,0,0.173,0,1,0,0.391,19.166666667,19.166666667
0.633,0.54,0.0635,0.265,0.265,0,0,0,0,0.883,0,0.0457,19.166666667,19.166666667
0.442,0.553,0.0584,0.198,0.198,0,0,0,0,0,0,0.0915,19.166666667,19.166666667
0.25,0.558,0.0452,0.129,0.129,0,0,0,0,0,0,0.0457,19.166666667,19.166666667
0.25,0.558,0.0492,0.126,0.126,0,0,0,0,0,0,0.0457,19.444444444,20.0
0.25,0.558,0.0532,0.122,0.122,0,0,0,0,0,0,0.0915,19.444444444,20.0
0.371,0.555,0.0746,0.153,0.153,0,0,0,0,0,0,0.183,19.444444444,20.0
0.746,0.546,0.151,0.255,0.255,0,0,0,0,0,0.233,0.137,19.444444444,20.0
0.75,0.546,0.16,0.256,0.256,0,0,0,0,0,0,0.229,19.444444444,20.0
0.75,0.565,0.179,0.256,0.256,0,0,0,0,0,0,0,19.444444444,20.0
0.996,0.603,0.289,0.327,0.327,0,0,0,0,0,0,0.294,19.444444444,20.0
1,0.642,0.356,0.341,0.341,0,0,0,0,0,0,0.409,19.444444444,20.0
0.879,0.644,0.423,0.34,0.34,0,0,0,0,0,0,0.252,19.444444444,20.0
0.996,0.642,0.668,0.461,0.461,0,0,0,0,0,0,0,19.444444444,20.0
1,0.617,0.829,0.59,0.59,0,0,0,0,0,0,0.323,19.444444444,20.0
1,0.566,0.789,0.723,0.723,0,0,0,0,0,0,0.0915,19.444444444,20.0
1,0.548,0.173,0.221,0.221,0,0,0,0,0,0,0.0457,19.444444444,20.0
1,0.564,0.0161,0.0501,0.0501,0,0,0,0,0,0,0,19.444444444,20.0
1,0.563,0.0169,0.051,0.051,0,0,0,0,0,0,0,19.444444444,20.0
1,0.564,0.0161,0.0501,0.0501,0,0,0,0,0,0,0,19.166666667,19.166666667
1,0.564,0.0161,0.0501,0.0501,0,0,0,0,0,0,0,19.166666667,19.166666667
1,0.564,0.0161,0.0501,0.0501,0,0,0,0,0,0,0,19.166666667,19.166666667
1,0.564,0.0161,0.0501,0.0501,0,0,0,0,0,0,0,19.166666667,19.166666667
1,0.546,0.0206,0.0647,0.0647,0,0,0.253,0.233,0,0,0.276,19.166666667,19.166666667
0.812,0.521,0.044,0.193,0.193,0,0,0.219,0.283,0.683,0,0.463,19.166666667,19.166666667
1,0.527,0.091,0.388,0.388,0.253,0.233,0,0,0,0.233,0.534,19.166666667,19.166666667
0.817,0.544,0.0943,0.324,0.324,0.548,0.9,0,0,0,0,0.56,19.166666667,19.166666667
0.629,0.549,0.0893,0.25,0.25,0,0,0,0,0,0,0.198,19.166666667,19.166666667
0.196,0.559,0.042,0.11,0.11,0,0,0,0,0,0,0.145,19.444444444,20.0
0.0583,0.562,0.0248,0.067,0.067,0,0,0,0,0,0,0,19.444444444,20.0
0.25,0.558,0.0555,0.12,0.12,0,0,0,0,0,0,0.0915,19.444444444,20.0
0.25,0.563,0.0168,0.0513,0.0513,0,0,0,0,0,0,0,19.444444444,20.0
0.371,0.556,0.0746,0.133,0.133,0,0,0,0,0,0,0.0457,19.444444444,20.0
0.5,0.564,0.125,0.187,0.187,0,0,0,0,0,0,0.457,19.444444444,20.0
0.5,0.584,0.153,0.189,0.189,0,0,0,0,0,0,0.0915,19.444444444,20.0
0.683,0.617,0.249,0.249,0.249,0,0,0,0,0,0.233,0.183,19.444444444,20.0
0.871,0.643,0.419,0.337,0.337,0.278,0.233,0,0,0,0,0.183,19.444444444,20.0
1,0.643,0.67,0.462,0.462,0.447,0.683,0,0,0,0,0.274,19.444444444,20.0
0.875,0.611,0.727,0.523,0.523,0,0,0,0,0,0,0.0627,19.444444444,20.0
1,0.566,0.554,0.518,0.518,0,0,0,0,0,0,0.158,19.444444444,20.0
1,0.542,0.222,0.277,0.277,0,0,0,0,0,0,0.301,19.444444444,20.0
1,0.542,0.0647,0.102,0.102,0,0,0,0,0,0,0,19.444444444,20.0
1,0.559,0.02,0.0544,0.0544,0,0,0,0,0,0,0,19.444444444,20.0
1,0.564,0.0161,0.0501,0.0501,0,0,0,0,0,0,0,19.166666667,19.166666667
1,0.564,0.0161,0.0501,0.0501,0,0,0,0,0,0,0,19.166666667,19.166666667
1,0.539,0.0161,0.0501,0.0501,0,0,0,0,0,0,0.229,19.166666667,19.166666667
1,0.563,0.0161,0.0501,0.0501,0,0,0,0,0,0,0,19.166666667,19.166666667
1,0.551,0.0191,0.06,0.06,0,0,0,0,0,0.467,0.0457,19.166666667,19.166666667
0.817,0.517,0.047,0.209,0.209,0,0,0,0,0,0,0.27,19.166666667,19.166666667
0.567,0.542,0.0586,0.242,0.242,0,0,0,0,0,0,0.457,19.166666667,19.166666667
0.5,0.554,0.0524,0.177,0.177,0,0,0,0,0,0,0.229,19.166666667,19.166666667
0.5,0.558,0.0452,0.129,0.129,0,0,0,0,0,0,0,19.166666667,19.166666667
0.5,0.558,0.0492,0.126,0.126,0,0,0,0,0,0,0.0915,19.444444444,20.0
0.5,0.558,0.0532,0.122,0.122,0,0,0,0,0,0,0.0915,19.444444444,20.0
0.254,0.563,0.0167,0.0513,0.0513,0,0,0,0,0,0,0,19.444444444,20.0
0.25,0.564,0.0161,0.0501,0.0501,0,0,0,0,0,0,0,19.444444444,20.0
0.496,0.552,0.111,0.185,0.185,0,0,0,0,0,0,0.239,19.444444444,20.0
0.558,0.564,0.111,0.17,0.17,0,0,0,0,0,0,0.0457,19.444444444,20.0
0.75,0.584,0.153,0.189,0.189,0,0,0,0,0,0.233,0.183,19.444444444,20.0
0.75,0.622,0.27,0.267,0.267,0,0,0,0,0,0.933,0.229,19.444444444,20.0
0.996,0.655,0.477,0.378,0.378,0,0,0,0,0,0,0.0457,19.444444444,20.0
1,0.643,0.67,0.462,0.462,0,0,0,0,0,0,0,19.444444444,20.0
1,0.617,0.829,0.59,0.59,0,0,0,0,0,0,0,19.444444444,20.0
1,0.565,0.409,0.391,0.391,0,0,0,0,0,0,0.0457,19.444444444,20.0
1,0.539,0.249,0.307,0.307,0,0,0,0,0,0,0.0457,19.444444444,20.0
1,0.531,0.0904,0.129,0.129,0,0,0,0,0,0,0,19.444444444,20.0
1,0.539,0.033,0.0686,0.0686,0,0,0,0,0,0,0.167,19.444444444,20.0
1,0.551,0.0195,0.0536,0.0536,0,0,0,0,0,0,0,19.166666667,19.166666667
1,0.564,0.0161,0.0501,0.0501,0,0,0,0,0,0,0,19.166666667,19.166666667
1,0.564,0.0161,0.0501,0.0501,0,0,0,0,0,0,0,19.166666667,19.166666667
1,0.564,0.0161,0.0501,0.0501,0,0,0,0,0,0,0,19.166666667,19.166666667
1,0.558,0.0176,0.0549,0.0549,0,0,0,0,0,0.233,0,19.166666667,19.166666667
0.942,0.531,0.0378,0.162,0.162,0.26,0.233,0,0,0,0.233,0.2,19.166666667,19.166666667
0.321,0.561,0.0212,0.0736,0.0736,0.28,0.683,0,0,0,0,0.101,19.166666667,19.166666667
0.496,0.552,0.0634,0.215,0.215,0.561,0.733,0.416,0.517,0.467,0.983,0.183,19.166666667,19.166666667
0.5,0.552,0.0743,0.209,0.209,0.588,0.183,0.567,0,0.45,1,0.137,19.166666667,19.166666667
0.5,0.552,0.0823,0.203,0.203,0.474,0,0,0,0,0.117,0.137,19.444444444,20.0
0.5,0.552,0.0904,0.195,0.195,0.905,0,0,0,0,0,0.0915,19.444444444,20.0
0.5,0.552,0.095,0.189,0.189,0.482,0,0,0,0,0,0.421,19.444444444,20.0
0.5,0.552,0.106,0.187,0.187,0.576,0,0,0,0,0,0.152,19.444444444,20.0
0.379,0.555,0.0889,0.154,0.154,0,0,0,0,0,0,0.32,19.444444444,20.0
0.433,0.564,0.11,0.169,0.169,0.503,0.483,0,0,0,0,0.274,19.444444444,20.0
0.688,0.591,0.205,0.241,0.241,0.585,0.433,0,0,0,0,0.137,19.444444444,20.0
0.742,0.622,0.269,0.266,0.266,0.434,0,0.402,0.517,0.467,0.233,0.137,19.444444444,20.0
1,0.655,0.479,0.38,0.38,0.625,0.45,0,0,0.45,0,0.304,19.444444444,20.0
1,0.643,0.67,0.462,0.462,0,0,0,0,0,0,0.327,19.444444444,20.0
1,0.617,0.829,0.59,0.59,0,0,0,0,0,0,0.245,19.444444444,20.0
1,0.566,0.789,0.723,0.723,0,0,0,0,0,0,0,19.444444444,20.0
1,0.539,0.255,0.312,0.312,0,0,0,0,0,0,0,19.444444444,20.0
1,0.552,0.0437,0.0797,0.0797,0,0,0,0,0,0,0.169,19.444444444,20.0
1,0.538,0.0348,0.0695,0.0695,0,0,0,0,0,0,0.115,19.444444444,20.0
1,0.551,0.0195,0.0536,0.0536,0,0,0,0,0,0,0,19.166666667,19.166666667
1,0.564,0.0161,0.0501,0.0501,0,0,0,0,0,0,0,19.166666667,19.166666667
1,0.564,0.0161,0.0501,0.0501,0,0,0,0,0,0,0,19.166666667,19.166666667
1,0.539,0.0183,0.0505,0.0505,0,0,0,0,0,0,0.412,19.166666667,19.166666667
1,0.538,0.0223,0.0702,0.0702,0,0,0,0,0,0,0.283,19.166666667,19.166666667
0.633,0.554,0.0225,0.0828,0.0828,0,0,0,0,0,0,0.0457,19.166666667,19.166666667
0.5,0.555,0.0347,0.134,0.134,0,0,0,0,0,0,0.45,19.166666667,19.166666667
0.5,0.558,0.04,0.134,0.134,0,0,0,0,0,0,0.0457,19.166666667,19.166666667
0.375,0.561,0.0306,0.0898,0.0898,0,0,0,0,0,0.233,0.0457,19.166666667,19.166666667
0.5,0.552,0.0819,0.202,0.202,0,0,0,0,0,0.467,0,19.444444444,20.0
0.5,0.552,0.0904,0.195,0.195,0,0,0,0,0,0,0.0457,19.444444444,20.0
0.5,0.552,0.095,0.189,0.189,0,0,0,0,0,0,0.0457,19.444444444,20.0
0.625,0.549,0.129,0.221,0.221,0,0,0,0,0,0,0.183,19.444444444,20.0
0.5,0.552,0.112,0.187,0.187,0,0,0,0,0,0,0.183,19.444444444,20.0
0.5,0.564,0.125,0.187,0.187,0,0,0,0,0,0,0.183,19.444444444,20.0
0.746,0.593,0.221,0.257,0.257,0,0,0,0,0,0.467,0.137,19.444444444,20.0
0.75,0.622,0.271,0.269,0.269,0,0,0,0,0,0,0.32,19.444444444,20.0
0.871,0.643,0.419,0.337,0.337,0,0,0,0,0,0.233,0.0457,19.444444444,20.0
1,0.643,0.67,0.462,0.462,0,0,0,0,0,0,0,19.444444444,20.0
1,0.617,0.829,0.59,0.59,0,0,0,0,0,0,0.0457,19.444444444,20.0
1,0.566,0.789,0.723,0.723,0,0,0,0,0,0,0,19.444444444,20.0
1,0.527,0.368,0.438,0.438,0,0,0,0,0,0,0,19.444444444,20.0
1,0.541,0.0686,0.106,0.106,0,0,0,0,0,0,0,19.444444444,20.0
1,0.556,0.0249,0.0561,0.0561,0,0,0,0,0,0,0.0457,19.444444444,20.0
1,0.564,0.0184,0.0501,0.0501,0,0,0,0,0,0,0,19.166666667,19.166666667
1,0.564,0.0184,0.0501,0.0501,0,0,0,0,0,0,0,19.166666667,19.166666667
1,0.564,0.0184,0.0501,0.0501,0,0,0,0,0,0,0,19.166666667,19.166666667
1,0.564,0.0184,0.0501,0.0501,0,0,0,0,0,0,0,19.166666667,19.166666667
1,0.564,0.0184,0.0501,0.0501,0,0,0,0,0,0,0,19.166666667,19.166666667
1,0.562,0.0221,0.0657,0.0657,0,0,0,0,0,0,0.0789,19.166666667,19.166666667
1,0.554,0.048,0.15,0.15,0,0,0,0,0,0,0.176,19.166666667,19.166666667
1,0.551,0.104,0.231,0.231,0,0,0,0,0,0.183,0.44,19.166666667,19.166666667
0.829,0.55,0.136,0.233,0.233,0,0,0,0,0,0.283,0.0457,19.166666667,19.166666667
0.75,0.551,0.152,0.215,0.215,0,0,0,0,0,0,0.0457,19.444444444,20.0
0.75,0.546,0.219,0.265,0.265,0,0,0,0,0,0,0.627,19.444444444,20.0
0.75,0.546,0.239,0.258,0.258,0,0,0,0,0,0,0.154,19.444444444,20.0
0.75,0.546,0.279,0.256,0.256,0,0,0,0,0,0,0.432,19.444444444,20.0
0.75,0.549,0.316,0.256,0.256,0.518,0.683,0,0,0,0,0.275,19.444444444,20.0
0.796,0.572,0.365,0.269,0.269,0.139,0.233,0,0,0,0,0.259,19.444444444,20.0
1,0.611,0.475,0.331,0.331,0,0,0,0,0,0,0.135,19.444444444,20.0
1,0.645,0.504,0.349,0.349,0.318,0.433,0,0,0,0,0.356,19.444444444,20.0
0.954,0.65,0.574,0.377,0.377,0.325,0.483,0,0,0,0,0.137,19.444444444,20.0
0.75,0.619,0.59,0.378,0.378,0,0,0,0,0,0,0.0457,19.444444444,20.0
0.75,0.597,0.662,0.475,0.475,0,0,0,0,0,0,0.183,19.444444444,20.0
0.921,0.558,0.678,0.618,0.618,0,0,0,0,0,0,0.148,19.444444444,20.0
1,0.535,0.272,0.308,0.308,0,0,0,0,0,0,0.0285,19.444444444,20.0
1,0.541,0.0666,0.0949,0.0949,0,0,0,0,0,0,0.151,19.444444444,20.0
1,0.538,0.0367,0.0666,0.0666,0,0,0,0,0,0,0.279,19.444444444,20.0
1,0.549,0.0229,0.0537,0.0537,0,0,0,0,0,0,0.0915,19.166666667,19.166666667
1,0.559,0.0184,0.0501,0.0501,0,0,0,0,0,0,0.0298,19.166666667,19.166666667
0.938,0.549,0.0184,0.0501,0.0501,0,0,0,0,0,0,0.0386,19.166666667,19.166666667
1,0.564,0.0184,0.0501,0.0501,0,0,0,0,0,0,0,19.166666667,19.166666667
1,0.564,0.0184,0.0501,0.0501,0,0,0,0,0,0,0,19.166666667,19.166666667
1,0.564,0.0184,0.0501,0.0501,0,0,0,0,0,0,0,19.166666667,19.166666667
1,0.561,0.0316,0.0809,0.0809,0,0,0,0,0,0.183,0.0913,19.166666667,19.166666667
1,0.555,0.0773,0.174,0.174,0,0,0,0,0,0.75,0.0915,19.166666667,19.166666667
1,0.552,0.121,0.207,0.207,0,0,0,0,0,0.467,0.229,19.166666667,19.166666667
0.767,0.557,0.083,0.131,0.131,0,0,0,0,0,0,0,19.444444444,20.0
0.75,0.555,0.111,0.147,0.147,0,0,0,0,0,0,0.217,19.444444444,20.0
0.642,0.548,0.206,0.228,0.228,0,0,0,0,0,0,0.229,19.444444444,20.0
0.454,0.553,0.175,0.175,0.175,0,0,0.0176,0.183,0,0,0.32,19.444444444,20.0
0.25,0.559,0.118,0.119,0.119,0,0,0.225,0.333,0.667,0.433,0.32,19.444444444,20.0
0.296,0.568,0.148,0.132,0.132,0,0,0,0,0.25,0.0333,0.32,19.444444444,20.0
0.608,0.594,0.296,0.221,0.221,0,0,0,0,0,0,0,19.444444444,20.0
0.858,0.634,0.437,0.307,0.307,0,0,0,0,0,0,0,19.444444444,20.0
1,0.653,0.608,0.395,0.395,0,0,0,0,0,0,0.0457,19.444444444,20.0
1,0.638,0.78,0.487,0.487,0,0,0,0,0,0,0,19.444444444,20.0
1,0.608,0.876,0.617,0.617,0,0,0,0,0,0,0,19.444444444,20.0
1,0.558,0.641,0.588,0.588,0.134,0.183,0,0,0,0,0,19.444444444,20.0
1,0.532,0.303,0.34,0.34,0.732,0.733,0,0,0,0,0.0761,19.444444444,20.0
1,0.546,0.0624,0.0914,0.0914,0.534,0,0,0,0,0,0,19.444444444,20.0
1,0.564,0.0161,0.0501,0.0501,0,0,0,0,0,0,0,19.444444444,20.0
1,0.564,0.0161,0.0501,0.0501,0,0,0,0,0,0,0,19.166666667,19.166666667
1,0.564,0.0161,0.0501,0.0501,0,0,0,0,0,0,0,19.166666667,19.166666667
1,0.564,0.0161,0.0501,0.0501,0,0,0,0,0,0,0,19.166666667,19.166666667
1,0.564,0.0161,0.0501,0.0501,0,0,0,0,0,0,0,19.166666667,19.166666667
1,0.551,0.0191,0.06,0.06,0,0,0,0,0,0.233,0.217,19.166666667,19.166666667
0.508,0.563,0.0162,0.0505,0.0505,0,0,0,0,0,0,0,19.166666667,19.166666667
0.5,0.564,0.0161,0.0501,0.0501,0,0,0,0,0,0,0,19.166666667,19.166666667
0.562,0.562,0.0221,0.0711,0.0711,0,0,0,0,0,0,0.0457,19.166666667,19.166666667
0.5,0.555,0.0589,0.166,0.166,0,0,0,0,0,0,0.312,19.166666667,19.166666667
0.254,0.558,0.0497,0.128,0.128,0,0,0,0,0,0,0,19.444444444,20.0
0.25,0.558,0.0532,0.122,0.122,0,0,0,0,0,0,0.0457,19.444444444,20.0
0.25,0.558,0.0555,0.12,0.12,0,0,0,0,0,0,0.0457,19.444444444,20.0
0.308,0.556,0.0718,0.135,0.135,0,0,0,0,0,0.233,0.366,19.444444444,20.0
0.5,0.552,0.112,0.187,0.187,0,0,0,0,0,0.233,0.274,19.444444444,20.0
0.5,0.564,0.0712,0.12,0.12,0,0,0,0,0,0,0.183,19.444444444,20.0
0.5,0.584,0.152,0.188,0.188,0,0,0,0,0,0,0.427,19.444444444,20.0
0.558,0.607,0.206,0.213,0.213,0,0,0,0,0,0.233,0.253,19.444444444,20.0
0.746,0.632,0.361,0.296,0.296,0,0,0,0,0,0.467,0.274,19.444444444,20.0
1,0.643,0.67,0.462,0.462,0,0,0,0,0,0,0,19.444444444,20.0
1,0.617,0.829,0.59,0.59,0,0,0,0,0,0,0.0457,19.444444444,20.0
1,0.566,0.599,0.557,0.557,0,0,0,0,0,0,0.0457,19.444444444,20.0
0.875,0.539,0.252,0.309,0.309,0,0,0,0,0,0,0.0851,19.444444444,20.0
1,0.552,0.0437,0.0797,0.0797,0,0,0,0,0,0,0,19.444444444,20.0
1,0.559,0.0199,0.0544,0.0544,0,0,0,0,0,0,0.166,19.444444444,20.0
1,0.564,0.0161,0.0501,0.0501,0,0,0,0,0,0,0,19.166666667,19.166666667
1,0.551,0.0167,0.0501,0.0501,0,0,0,0,0,0,0.0457,19.166666667,19.166666667
1,0.564,0.0161,0.0501,0.0501,0,0,0,0,0,0,0,19.166666667,19.166666667
1,0.564,0.0161,0.0501,0.0501,0,0,0,0,0,0,0,19.166666667,19.166666667
1,0.564,0.0161,0.0501,0.0501,0,0,0,0,0,0,0,19.166666667,19.166666667
1,0.564,0.0161,0.0501,0.0501,0,0,0,0,0,0,0,19.166666667,19.166666667
0.812,0.543,0.0576,0.238,0.238,0,0,0,0,0,0.467,0.311,19.166666667,19.166666667
0.754,0.546,0.0879,0.302,0.302,0,0,0,0,0,0,0.151,19.166666667,19.166666667
0.75,0.546,0.103,0.288,0.288,0,0,0,0,0,0,0.429,19.166666667,19.166666667
0.629,0.549,0.0994,0.242,0.242,0,0,0,0,0,0,0.192,19.444444444,20.0
0.5,0.552,0.0904,0.195,0.195,0,0,0,0,0,0,0.0643,19.444444444,20.0
0.5,0.552,0.095,0.189,0.189,0,0,0,0,0,0,0.125,19.444444444,20.0
0.438,0.553,0.095,0.17,0.17,0,0,0,0,0,0,0.236,19.444444444,20.0
0.5,0.552,0.112,0.187,0.187,0,0,0,0,0,0,0.229,19.444444444,20.0
0.5,0.564,0.125,0.187,0.187,0,0,0,0,0,0,0.274,19.444444444,20.0
0.621,0.588,0.186,0.223,0.223,0,0,0,0,0,0,0.0915,19.444444444,20.0
0.875,0.632,0.314,0.305,0.305,0,0,0,0,0,0.467,0.0915,19.444444444,20.0
0.933,0.649,0.448,0.358,0.358,0,0,0,0,0,0,0.137,19.444444444,20.0
0.879,0.633,0.591,0.412,0.412,0,0,0,0,0,0,0.0457,19.444444444,20.0
0.75,0.604,0.626,0.455,0.455,0,0,0,0,0,0,0.137,19.444444444,20.0
0.871,0.566,0.595,0.555,0.555,0,0,0,0,0,0.233,0.23,19.444444444,20.0
1,0.527,0.365,0.435,0.435,0,0,0,0,0,0,0.192,19.444444444,20.0
1,0.525,0.104,0.144,0.144,0,0,0,0,0,0,0.172,19.444444444,20.0
1,0.549,0.0257,0.0611,0.0611,0,0,0,0,0,0,0,19.444444444,20.0
1,0.538,0.0245,0.0593,0.0593,0,0,0,0,0,0,0,19.166666667,19.166666667
1,0.538,0.0182,0.0516,0.0516,0,0,0,0,0,0,0,19.166666667,19.166666667
0.808,0.558,0.0163,0.0501,0.0501,0,0,0,0,0,0,0,19.166666667,19.166666667
0.942,0.544,0.0177,0.0504,0.0504,0,0,0,0,0,0,0.436,19.166666667,19.166666667
0.871,0.532,0.0226,0.0713,0.0713,0,0,0,0,0,0,0.137,19.166666667,19.166666667
0.679,0.534,0.0324,0.137,0.137,0,0,0,0,0,0,0.0457,19.166666667,19.166666667
0.25,0.564,0.0161,0.0501,0.0501,0,0,0,0,0,0,0,19.166666667,19.166666667
0.25,0.564,0.0161,0.0501,0.0501,0,0,0,0,0,0,0,19.166666667,19.166666667
0.25,0.559,0.0375,0.112,0.112,0,0,0,0,0,0,0.311,19.166666667,19.166666667
0.254,0.558,0.0476,0.13,0.13,0,0,0,0,0,0,0.317,19.444444444,20.0
0.5,0.552,0.0857,0.2,0.2,0,0,0,0,0,0,0.396,19.444444444,20.0
0.496,0.552,0.0903,0.193,0.193,0,0,0,0,0,0,0.409,19.444444444,20.0
0.25,0.558,0.0582,0.121,0.121,0,0,0,0,0,0,0.183,19.444444444,20.0
0.25,0.558,0.0616,0.121,0.121,0,0,0,0,0,0,0.0915,19.444444444,20.0
0.317,0.563,0.0809,0.14,0.14,0,0,0,0,0,0,0.32,19.444444444,20.0
0.567,0.582,0.159,0.212,0.212,0,0,0,0,0,0,0.183,19.444444444,20.0
0.75,0.616,0.251,0.277,0.277,0,0,0,0,0,0,0.0915,19.444444444,20.0
0.942,0.648,0.417,0.38,0.38,0.467,0.683,0,0,0,0,0.0457,19.444444444,20.0
1,0.646,0.606,0.495,0.495,0.725,0,0,0,0,0,0.0457,19.444444444,20.0
1,0.623,0.766,0.636,0.636,0,0,0,0,0,0,0.0915,19.444444444,20.0
1,0.577,0.627,0.624,0.624,0,0,0,0,0,0,0.0457,19.444444444,20.0
1,0.561,0.174,0.214,0.214,0,0,0,0,0,0,0,19.444444444,20.0
1,0.564,0.0161,0.0501,0.0501,0,0,0,0,0,0,0,19.444444444,20.0
1,0.544,0.0434,0.0806,0.0806,0,0,0,0,0,0.417,0,19.444444444,20.0
1,0.564,0.0161,0.0501,0.0501,0,0,0,0,0,0,0,19.166666667,19.166666667
1,0.564,0.0161,0.0501,0.0501,0,0,0,0,0,0,0,19.166666667,19.166666667
1,0.564,0.0161,0.0501,0.0501,0,0,0,0,0,0,0,19.166666667,19.166666667
1,0.564,0.0161,0.0501,0.0501,0,0,0,0,0,0,0,19.166666667,19.166666667
1,0.544,0.0206,0.066,0.066,0,0,0,0,0,0,0.229,19.166666667,19.166666667
1,0.524,0.039,0.173,0.173,0,0,0,0,0,0,0.48,19.166666667,19.166666667
0.808,0.536,0.0522,0.228,0.228,0,0,0,0,0,0,0.152,19.166666667,19.166666667
0.75,0.55,0.0598,0.221,0.221,0,0,0,0,0,0,0.176,19.166666667,19.166666667
0.75,0.552,0.0697,0.215,0.215,0,0,0,0,0,0,0.37,19.166666667,19.166666667
0.75,0.55,0.0865,0.229,0.229,0,0,0,0,0,0,0.29,19.444444444,20.0
0.683,0.547,0.111,0.256,0.256,0,0,0,0,0,0,0.183,19.444444444,20.0
0.308,0.556,0.0618,0.139,0.139,0,0,0,0,0,0,0.229,19.444444444,20.0
0.442,0.553,0.0915,0.175,0.175,0,0,0,0,0,0,0.0457,19.444444444,20.0
0.371,0.555,0.0833,0.155,0.155,0,0,0,0,0,0.467,0.274,19.444444444,20.0
0.317,0.563,0.0678,0.122,0.122,0,0,0,0,0,0.267,0.335,19.444444444,20.0
0.758,0.59,0.21,0.268,0.268,0,0,0,0,0,0.2,0.134,19.444444444,20.0
0.804,0.618,0.265,0.292,0.292,0,0,0,0,0,0,0.207,19.444444444,20.0
0.567,0.614,0.256,0.248,0.248,0,0,0,0,0,0.517,0.256,19.444444444,20.0
0.75,0.625,0.458,0.384,0.384,0,0,0,0,0,0.2,0.446,19.444444444,20.0
0.879,0.615,0.68,0.57,0.57,0,0,0,0,0,0,0.13,19.444444444,20.0
1,0.577,0.67,0.667,0.667,0,0,0,0,0,0,0.181,19.444444444,20.0
1,0.545,0.273,0.34,0.34,0,0,0,0,0,0.267,0,19.444444444,20.0
1,0.524,0.138,0.189,0.189,0,0,0,0,0,1,0.13,19.444444444,20.0
1,0.547,0.0272,0.0623,0.0623,0,0,0,0,0,0,0.0457,19.444444444,20.0
1,0.558,0.0199,0.0545,0.0545,0,0,0,0,0,0,0,19.166666667,19.166666667
1,0.564,0.0161,0.0501,0.0501,0,0,0,0,0,0,0,19.166666667,19.166666667
1,0.564,0.0161,0.0501,0.0501,0,0,0,0,0,0,0,19.166666667,19.166666667
1,0.564,0.0161,0.0501,0.0501,0,0,0,0,0,0,0,19.166666667,19.166666667
1,0.544,0.0206,0.066,0.066,0,0,0,0,0,0,0.141,19.166666667,19.166666667
0.871,0.543,0.0269,0.106,0.106,0,0,0,0,0,0,0.479,19.166666667,19.166666667
0.683,0.543,0.0445,0.19,0.19,0,0,0,0,0,0,0.298,19.166666667,19.166666667
0.5,0.557,0.038,0.136,0.136,0,0,0,0,0,0,0.116,19.166666667,19.166666667
0.5,0.558,0.0429,0.132,0.132,0,0,0,0,0,0,0.17,19.166666667,19.166666667
0.5,0.553,0.0715,0.189,0.189,0,0,0,0,0,0,0.137,19.444444444,20.0
0.5,0.552,0.0857,0.2,0.2,0,0,0,0,0,0,0.32,19.444444444,20.0
0.5,0.552,0.0909,0.194,0.194,0,0,0,0,0,0.467,0,19.444444444,20.0
0.5,0.552,0.1,0.191,0.191,0,0,0,0,0,0,0.183,19.444444444,20.0
0.5,0.552,0.107,0.191,0.191,0,0,0.452,0.75,0.0167,0,0.366,19.444444444,20.0
0.5,0.562,0.118,0.191,0.191,0.37,0.767,0.698,0,0.883,0,0.0457,19.444444444,20.0
0.504,0.58,0.143,0.194,0.194,0.65,0.15,0.203,0,0,0,0.0457,19.444444444,20.0
0.817,0.621,0.273,0.297,0.297,0.518,0,0.495,0,0,0,0.366,19.444444444,20.0
0.938,0.647,0.408,0.376,0.376,0.742,0,0,0,0,0.0167,0.229,19.444444444,20.0
1,0.646,0.606,0.495,0.495,0.226,0,0,0,0,0.45,0.281,19.444444444,20.0
1,0.623,0.766,0.636,0.636,0,0,0,0,0,0,0.145,19.444444444,20.0
1,0.577,0.627,0.624,0.624,0,0,0,0,0,0,0.198,19.444444444,20.0
1,0.552,0.257,0.313,0.313,0,0,0,0,0,0,0.188,19.444444444,20.0
1,0.564,0.0161,0.0501,0.0501,0,0,0,0,0,0,0,19.444444444,20.0
1,0.556,0.029,0.0603,0.0603,0,0,0,0,0,0,0,19.444444444,20.0
1,0.564,0.0184,0.0501,0.0501,0,0,0,0,0,0,0,19.166666667,19.166666667
1,0.564,0.0184,0.0501,0.0501,0,0,0,0,0,0,0,19.166666667,19.166666667
1,0.564,0.0184,0.0501,0.0501,0,0,0,0,0,0,0,19.166666667,19.166666667
1,0.564,0.0184,0.0501,0.0501,0,0,0,0,0,0,0,19.166666667,19.166666667
1,0.564,0.0184,0.0501,0.0501,0,0,0,0,0,0,0,19.166666667,19.166666667
0.767,0.564,0.0184,0.0501,0.0501,0,0,0,0,0,0,0,19.166666667,19.166666667
0.983,0.551,0.0445,0.168,0.168,0,0,0,0,0,0,0.137,19.166666667,19.166666667
1,0.546,0.118,0.301,0.301,0,0,0,0,0,0.233,0.325,19.166666667,19.166666667
0.767,0.551,0.114,0.219,0.219,0,0,0,0,0,0,0.366,19.166666667,19.166666667
0.471,0.558,0.0676,0.12,0.12,0,0,0,0,0,0,0.229,19.444444444,20.0
0.421,0.557,0.0891,0.133,0.133,0,0,0,0,0,0,0.137,19.444444444,20.0
0.5,0.552,0.154,0.193,0.193,0,0,0,0,0,0,0.0915,19.444444444,20.0
0.5,0.552,0.18,0.191,0.191,0,0,0,0,0,0,0.229,19.444444444,20.0
0.5,0.552,0.204,0.191,0.191,0,0,0,0,0,0.233,0.32,19.444444444,20.0
0.5,0.564,0.224,0.191,0.191,0,0,0,0,0,0,0.32,19.444444444,20.0
0.608,0.587,0.283,0.225,0.225,0,0,0,0,0,0,0.0457,19.444444444,20.0
0.517,0.603,0.251,0.208,0.208,0,0,0,0,0,0,0.137,19.444444444,20.0
0.842,0.641,0.466,0.352,0.352,0,0,0,0,0,0.467,0.0915,19.444444444,20.0
1,0.644,0.717,0.513,0.513,0,0,0,0,0,0.233,0,19.444444444,20.0
1,0.619,0.848,0.661,0.661,0,0,0,0,0,0,0,19.444444444,20.0
1,0.569,0.615,0.613,0.613,0,0,0,0,0,0,0,19.444444444,20.0
1,0.529,0.393,0.457,0.457,0,0,0,0,0,0,0,19.444444444,20.0
1,0.52,0.14,0.171,0.171,0,0,0,0,0,0,0.363,19.444444444,20.0
1,0.543,0.0362,0.0676,0.0676,0,0,0,0,0,0,0.138,19.444444444,20.0
1,0.556,0.0216,0.0529,0.0529,0,0,0,0,0,0,0.132,19.166666667,19.166666667
1,0.564,0.0184,0.0501,0.0501,0,0,0,0,0,0,0,19.166666667,19.166666667
1,0.564,0.0184,0.0501,0.0501,0,0,0,0,0,0,0,19.166666667,19.166666667
1,0.54,0.0198,0.0505,0.0505,0,0,0,0,0,0,0.274,19.166666667,19.166666667
1,0.538,0.0214,0.0695,0.0695,0,0,0,0,0,0,0.183,19.166666667,19.166666667
1,0.527,0.0347,0.174,0.174,0,0,0,0,0,0,0.288,19.166666667,19.166666667
1,0.535,0.0731,0.3,0.3,0,0,0,0,0,0.467,0.1,19.166666667,19.166666667
1,0.545,0.119,0.306,0.306,0,0,0,0,0,0,0.217,19.166666667,19.166666667
0.767,0.551,0.114,0.219,0.219,0,0,0,0,0,0,0.137,19.166666667,19.166666667
0.642,0.554,0.107,0.173,0.173,0,0,0,0,0,0,0.0457,19.444444444,20.0
0.5,0.558,0.0813,0.125,0.125,0,0,0,0,0,0,0,19.444444444,20.0
0.5,0.558,0.0863,0.122,0.122,0,0,0,0,0,0,0.274,19.444444444,20.0
0.5,0.558,0.099,0.121,0.121,0,0,0,0,0,0,0.0457,19.444444444,20.0
0.454,0.558,0.111,0.121,0.121,0,0,0,0,0,0,0.137,19.444444444,20.0
0.25,0.564,0.121,0.121,0.121,0,0,0,0,0,0,0.137,19.444444444,20.0
0.529,0.584,0.249,0.202,0.202,0,0,0,0,0,0,0.207,19.444444444,20.0
0.75,0.621,0.356,0.279,0.279,0,0,0,0,0,0.433,0.503,19.444444444,20.0
0.75,0.632,0.416,0.318,0.318,0,0,0,0,0,0.283,0.362,19.444444444,20.0
0.75,0.624,0.542,0.397,0.397,0,0,0,0,0,0,0.183,19.444444444,20.0
0.858,0.611,0.731,0.576,0.576,0,0,0,0,0,0,0,19.444444444,20.0
1,0.569,0.795,0.787,0.787,0,0,0,0,0,0,0,19.444444444,20.0
1,0.543,0.272,0.322,0.322,0,0,0,0,0,0,0,19.444444444,20.0
1,0.542,0.0752,0.106,0.106,0,0,0,0,0,0,0,19.444444444,20.0
1,0.564,0.0161,0.0501,0.0501,0,0,0,0,0,0,0,19.444444444,20.0
1,0.564,0.0161,0.0501,0.0501,0,0,0,0,0,0,0,19.166666667,19.166666667
1,0.564,0.0161,0.0501,0.0501,0,0,0,0,0,0,0,19.166666667,19.166666667
1,0.564,0.0161,0.0501,0.0501,0,0,0,0,0,0,0,19.166666667,19.166666667
0.938,0.551,0.0172,0.0503,0.0503,0,0,0.38,0.5,0.0167,0,0.0457,19.166666667,19.166666667
1,0.538,0.0211,0.0661,0.0661,0,0,0.126,0,0.883,0,0.337,19.166666667,19.166666667
0.996,0.529,0.0356,0.154,0.154,0,0,0,0,0,0,0.399,19.166666667,19.166666667
0.617,0.55,0.0369,0.152,0.152,0,0,0,0,0,0,0,19.166666667,19.166666667
0.25,0.564,0.0161,0.0501,0.0501,0,0,0,0,0,0,0,19.166666667,19.166666667
0.25,0.564,0.0161,0.0501,0.0501,0,0,0,0,0,0,0,19.166666667,19.166666667
0.254,0.563,0.0166,0.0514,0.0514,0,0,0,0,0,0,0,19.444444444,20.0
0.5,0.558,0.0509,0.125,0.125,0,0,0,0,0,0,0.0457,19.444444444,20.0
0.312,0.558,0.0541,0.123,0.123,0,0,0,0,0,0,0.274,19.444444444,20.0
0.5,0.552,0.1,0.191,0.191,0,0,0,0,0,0,0.274,19.444444444,20.0
0.5,0.552,0.107,0.191,0.191,0,0,0,0,0,0,0.549,19.444444444,20.0
0.5,0.562,0.118,0.191,0.191,0,0,0,0,0,0,0.0457,19.444444444,20.0
0.821,0.592,0.227,0.286,0.286,0,0,0,0,0,0.767,0.0457,19.444444444,20.0
1,0.634,0.329,0.352,0.352,0,0,0,0,0,0.433,0.274,19.444444444,20.0
0.933,0.646,0.406,0.374,0.374,0,0,0,0,0,0,0.269,19.444444444,20.0
0.875,0.635,0.537,0.442,0.442,0,0,0,0,0,0,0.498,19.444444444,20.0
0.817,0.608,0.578,0.49,0.49,0,0,0,0,0,0,0.245,19.444444444,20.0
1,0.573,0.293,0.299,0.299,0,0,0,0,0,0,0,19.444444444,20.0
1,0.564,0.0161,0.0501,0.0501,0,0,0,0,0,0,0,19.444444444,20.0
1,0.564,0.0161,0.0501,0.0501,0,0,0,0,0,0,0,19.444444444,20.0
1,0.564,0.0161,0.0501,0.0501,0,0,0,0,0,0,0,19.444444444,20.0
1,0.564,0.0161,0.0501,0.0501,0,0,0,0,0,0,0,19.166666667,19.166666667
1,0.564,0.0161,0.0501,0.0501,0,0,0,0,0,0,0,19.166666667,19.166666667
1,0.557,0.0161,0.0501,0.0501,0,0,0,0,0,0,0.137,19.166666667,19.166666667
1,0.557,0.0161,0.0501,0.0501,0,0,0,0,0,0,0.0608,19.166666667,19.166666667
0.996,0.539,0.021,0.0658,0.0658,0,0,0,0,0,0.467,0.196,19.166666667,19.166666667
0.75,0.563,0.0163,0.0512,0.0512,0,0,0,0,0,0,0.0598,19.166666667,19.166666667
0.683,0.548,0.0418,0.175,0.175,0,0,0,0,0,0,0.361,19.166666667,19.166666667
0.5,0.557,0.038,0.136,0.136,0,0,0,0,0,0,0.283,19.166666667,19.166666667
0.5,0.558,0.0429,0.132,0.132,0,0,0,0,0,0,0.135,19.166666667,19.166666667
0.5,0.556,0.0555,0.15,0.15,0,0,0,0,0,0,0.138,19.444444444,20.0
0.5,0.552,0.0857,0.2,0.2,0,0,0,0,0,0,0.139,19.444444444,20.0
0.567,0.55,0.101,0.213,0.213,0,0,0,0,0,0,0.323,19.444444444,20.0
0.683,0.547,0.131,0.243,0.243,0,0,0,0,0,0.233,0.464,19.444444444,20.0
0.5,0.552,0.107,0.191,0.191,0,0,0,0,0,0,0.137,19.444444444,20.0
0.5,0.562,0.118,0.191,0.191,0,0,0,0,0,0,0.0915,19.444444444,20.0
0.629,0.585,0.176,0.23,0.23,0,0,0,0,0,0,0.457,19.444444444,20.0
0.75,0.616,0.251,0.277,0.277,0,0,0.22,0.5,0.267,0,0.366,19.444444444,20.0
0.942,0.636,0.359,0.334,0.334,0,0,0.513,0,1,0.267,0.412,19.444444444,20.0
1,0.625,0.458,0.384,0.384,0,0,0.224,0,1,0.2,0.274,19.444444444,20.0
1,0.608,0.578,0.49,0.49,0,0,0.228,0,0.45,0,0,19.444444444,20.0
1,0.574,0.531,0.538,0.538,0,0,0,0,0,0,0,19.444444444,20.0
1,0.548,0.243,0.304,0.304,0,0,0,0,0,0,0.0457,19.444444444,20.0
1,0.561,0.0419,0.081,0.081,0,0,0,0,0,0,0,19.444444444,20.0
1,0.564,0.0161,0.0501,0.0501,0,0,0,0,0,0,0,19.444444444,20.0
1,0.564,0.0161,0.0501,0.0501,0,0,0,0,0,0,0,19.166666667,19.166666667
1,0.564,0.0161,0.0501,0.0501,0,0,0,0,0,0,0,19.166666667,19.166666667
1,0.564,0.0161,0.0501,0.0501,0,0,0,0,0,0,0,19.166666667,19.166666667
0.808,0.564,0.0161,0.0501,0.0501,0,0,0,0,0,0,0,19.166666667,19.166666667
0.75,0.557,0.0177,0.0557,0.0557,0,0,0,0,0,0,0.124,19.166666667,19.166666667
0.683,0.524,0.0388,0.172,0.172,0,0,0.0529,0.0167,0,0,0.263,19.166666667,19.166666667
0.692,0.538,0.0542,0.236,0.236,0,0,0.538,0.483,0.517,0,0.305,19.166666667,19.166666667
0.683,0.545,0.0755,0.284,0.284,0,0,0.566,0,1,0,0.274,19.166666667,19.166666667
0.692,0.547,0.0912,0.277,0.277,0,0,0.592,0,1,0,0.0457,19.166666667,19.166666667
0.75,0.546,0.109,0.287,0.287,0,0,0.637,0,1,0,0,19.444444444,20.0
0.75,0.546,0.121,0.276,0.276,0.303,0.267,0.545,0,0.333,0,0.137,19.444444444,20.0
0.75,0.546,0.128,0.266,0.266,0.561,0.65,0.53,0,0,0,0.274,19.444444444,20.0
0.75,0.546,0.143,0.262,0.262,0,0,0.27,0,0,0,0.299,19.444444444,20.0
0.558,0.555,0.0819,0.153,0.153,0,0,0,0,0,0,0.229,19.444444444,20.0
0.5,0.563,0.0669,0.121,0.121,0,0,0,0,0,0,0.137,19.444444444,20.0
0.5,0.571,0.0789,0.122,0.122,0,0,0,0,0,0,0.366,19.444444444,20.0
0.692,0.596,0.157,0.184,0.184,0,0,0,0,0,0.233,0.229,19.444444444,20.0
0.754,0.608,0.228,0.226,0.226,0,0,0,0,0,0.267,0.0457,19.444444444,20.0
1,0.625,0.458,0.384,0.384,0.203,0.267,0,0,0,0.2,0.229,19.444444444,20.0
1,0.605,0.526,0.448,0.448,0.437,0.883,0,0,0,0,0,19.444444444,20.0
1,0.57,0.343,0.359,0.359,0,0,0.454,0.75,0.0167,0,0,19.444444444,20.0
1,0.558,0.115,0.16,0.16,0,0,0.464,0,0.65,0,0,19.444444444,20.0
1,0.564,0.0161,0.0501,0.0501,0,0,0,0,0,0,0,19.444444444,20.0
0.954,0.558,0.0267,0.0619,0.0619,0,0,0,0,0,0,0,19.444444444,20.0
1,0.564,0.0161,0.0501,0.0501,0,0,0,0,0,0,0,19.166666667,19.166666667
1,0.564,0.0161,0.0501,0.0501,0,0,0,0,0,0,0,19.166666667,19.166666667
1,0.564,0.0161,0.0501,0.0501,0,0,0,0,0,0,0,19.166666667,19.166666667
1,0.564,0.0161,0.0501,0.0501,0,0,0,0,0,0,0,19.166666667,19.166666667
1,0.557,0.0177,0.0557,0.0557,0,0,0,0,0,0,0.0457,19.166666667,19.166666667
0.933,0.519,0.0418,0.188,0.188,0,0,0,0,0,0,0.422,19.166666667,19.166666667
0.75,0.536,0.0587,0.258,0.258,0,0,0,0,0,0,0.347,19.166666667,19.166666667
0.683,0.545,0.0755,0.284,0.284,0,0,0.0543,0.0167,0,0,0.405,19.166666667,19.166666667
0.5,0.552,0.0697,0.215,0.215,0,0,0.323,0.483,0.517,0,0.123,19.166666667,19.166666667
0.5,0.552,0.078,0.208,0.208,0,0,0.154,0,0.383,0,0.0915,19.444444444,20.0
0.5,0.552,0.0857,0.2,0.2,0,0,0,0,0,0,0.274,19.444444444,20.0
0.5,0.552,0.0909,0.194,0.194,0,0,0,0,0,0.517,0.137,19.444444444,20.0
0.5,0.552,0.1,0.191,0.191,0,0,0,0,0,0.2,0.0457,19.444444444,20.0
0.5,0.552,0.107,0.191,0.191,0,0,0,0,0,0,0.0457,19.444444444,20.0
0.5,0.562,0.118,0.191,0.191,0,0,0,0,0,0,0.0915,19.444444444,20.0
0.5,0.579,0.142,0.193,0.193,0,0,0,0,0,0,0.137,19.444444444,20.0
0.5,0.599,0.173,0.201,0.201,0,0,0,0,0,0,0.0915,19.444444444,20.0
0.758,0.632,0.342,0.317,0.317,0.062,0.0167,0,0,0,0.0167,0.113,19.444444444,20.0
1,0.646,0.606,0.495,0.495,0.716,0.9,0,0,0,1,0,19.444444444,20.0
1,0.623,0.766,0.636,0.636,0.098,0,0,0,0,0.183,0.0457,19.444444444,20.0
1,0.577,0.72,0.717,0.717,0,0,0,0,0,0,0,19.444444444,20.0
1,0.542,0.346,0.418,0.418,0,0,0,0,0,0,0,19.444444444,20.0
1,0.527,0.151,0.207,0.207,0,0,0,0,0,0,0,19.444444444,20.0
0.854,0.554,0.0308,0.0654,0.0654,0,0,0,0,0,0,0,19.444444444,20.0
0.75,0.564,0.0161,0.0501,0.0501,0,0,0,0,0,0,0,19.166666667,19.166666667
0.754,0.564,0.0161,0.0501,0.0501,0,0,0,0,0,0,0,19.166666667,19.166666667
1,0.564,0.0161,0.0501,0.0501,0,0,0,0,0,0,0,19.166666667,19.166666667
1,0.564,0.0161,0.0501,0.0501,0,0,0,0,0,0,0,19.166666667,19.166666667
1,0.544,0.0206,0.066,0.066,0,0,0,0,0,0,0.229,19.166666667,19.166666667
1,0.529,0.036,0.157,0.157,0,0,0,0,0,0,0.497,19.166666667,19.166666667
0.679,0.541,0.0428,0.184,0.184,0,0,0,0,0,0,0.165,19.166666667,19.166666667
0.692,0.551,0.0617,0.224,0.224,0,0,0,0,0,0.267,0.195,19.166666667,19.166666667
0.75,0.546,0.0966,0.297,0.297,0.189,0.267,0,0,0,0.2,0.438,19.166666667,19.166666667
0.75,0.546,0.109,0.287,0.287,0.672,0.65,0,0,0,0,0.344,19.444444444,20.0
0.75,0.546,0.121,0.276,0.276,0.6,0.267,0,0,0,0,0.32,19.444444444,20.0
0.75,0.546,0.128,0.266,0.266,0.499,0.883,0,0,0,0.717,0.0915,19.444444444,20.0
0.688,0.547,0.132,0.244,0.244,0.422,0,0,0,0,0,0.229,19.444444444,20.0
0.75,0.546,0.153,0.261,0.261,0,0,0,0,0,0,0.503,19.444444444,20.0
0.75,0.561,0.169,0.262,0.262,0,0,0,0,0,0,0.0915,19.444444444,20.0
0.75,0.587,0.205,0.265,0.265,0,0,0,0,0,0,0.395,19.444444444,20.0
0.75,0.616,0.251,0.277,0.277,0,0,0,0,0,0,0.0537,19.444444444,20.0
0.817,0.636,0.361,0.335,0.335,0.512,0.767,0,0,0,0,0.0843,19.444444444,20.0
0.933,0.64,0.561,0.461,0.461,0.489,0.167,0,0,0,0,0,19.444444444,20.0
0.754,0.583,0.244,0.227,0.227,0.817,0.9,0,0,0,0,0.0457,19.444444444,20.0
1,0.571,0.393,0.408,0.408,0,0,0,0,0,0,0.0457,19.444444444,20.0
1,0.548,0.243,0.304,0.304,0,0,0,0,0,0,0,19.444444444,20.0
1,0.544,0.0769,0.12,0.12,0,0,0,0,0,0,0,19.444444444,20.0
1,0.539,0.0402,0.071,0.071,0,0,0,0,0,0,0,19.444444444,20.0
1,0.538,0.0267,0.0572,0.0572,0,0,0,0,0,0,0,19.166666667,19.166666667
1,0.562,0.0189,0.0505,0.0505,0,0,0,0,0,0,0,19.166666667,19.166666667
1,0.564,0.0184,0.0501,0.0501,0,0,0,0,0,0,0,19.166666667,19.166666667
1,0.564,0.0184,0.0501,0.0501,0,0,0,0,0,0,0,19.166666667,19.166666667
1,0.553,0.0198,0.0591,0.0591,0,0,0,0,0,0,0.0457,19.166666667,19.166666667
1,0.544,0.0267,0.113,0.113,0,0,0,0,0,0,0.0915,19.166666667,19.166666667
1,0.554,0.0368,0.135,0.135,0,0,0,0,0,0,0.366,19.166666667,19.166666667
1,0.546,0.117,0.295,0.295,0,0,0,0,0,0,0.299,19.166666667,19.166666667
0.767,0.551,0.114,0.219,0.219,0,0,0,0,0,0,0.0915,19.166666667,19.166666667
0.579,0.55,0.146,0.227,0.227,0,0,0,0,0,0,0.183,19.444444444,20.0
0.454,0.553,0.133,0.186,0.186,0,0,0,0,0,0,0.32,19.444444444,20.0
0.25,0.558,0.0863,0.122,0.122,0,0,0,0,0,0.183,0.0457,19.444444444,20.0
0.296,0.557,0.114,0.134,0.134,0.109,0.183,0,0,0,0.533,0.137,19.444444444,20.0
0.733,0.546,0.291,0.257,0.257,0.385,0.733,0.0984,0.183,0,0,0,19.444444444,20.0
0.75,0.564,0.327,0.262,0.262,0,0,0.48,0.317,0.683,0,0.366,19.444444444,20.0
0.921,0.599,0.419,0.315,0.315,0,0,0.609,0,0.217,0,0,19.444444444,20.0
0.767,0.622,0.364,0.284,0.284,0,0,0.442,0,0,0.183,0.137,19.444444444,20.0
0.75,0.632,0.416,0.318,0.318,0,0,0.49,0,0,0.533,0.137,19.444444444,20.0
0.75,0.624,0.542,0.397,0.397,0,0,0.382,0,0,0,0.112,19.444444444,20.0
0.75,0.605,0.641,0.509,0.509,0,0,0.347,0,0,0,0.167,19.444444444,20.0
0.983,0.568,0.781,0.777,0.777,0,0,0.495,0,0,0,0,19.444444444,20.0
1,0.534,0.354,0.413,0.413,0,0,0,0,0,0,0,19.444444444,20.0
1,0.53,0.109,0.14,0.14,0,0,0,0,0,0,0,19.444444444,20.0
0.938,0.532,0.0457,0.0779,0.0779,0,0,0,0,0,0,0,19.444444444,20.0
1,0.562,0.0197,0.0514,0.0514,0,0,0,0,0,0,0,19.166666667,19.166666667
1,0.564,0.0184,0.0501,0.0501,0,0,0,0,0,0,0,19.166666667,19.166666667
1,0.564,0.0184,0.0501,0.0501,0,0,0,0,0,0,0,19.166666667,19.166666667
1,0.564,0.0184,0.0501,0.0501,0,0,0,0,0,0,0,19.166666667,19.166666667
1,0.564,0.0184,0.0501,0.0501,0,0,0,0,0,0,0,19.166666667,19.166666667
1,0.546,0.0265,0.111,0.111,0,0,0,0,0,0,0.32,19.166666667,19.166666667
1,0.554,0.0368,0.135,0.135,0,0,0,0,0,0,0.394,19.166666667,19.166666667
0.721,0.559,0.0456,0.12,0.12,0,0,0,0,0,0,0.131,19.166666667,19.166666667
0.5,0.564,0.0184,0.0501,0.0501,0,0,0,0,0,0,0,19.166666667,19.166666667
0.546,0.557,0.0823,0.138,0.138,0,0,0,0,0,0,0.0388,19.444444444,20.0
0.75,0.546,0.203,0.268,0.268,0,0,0,0,0,0,0.0457,19.444444444,20.0
0.704,0.547,0.21,0.252,0.252,0,0,0,0,0,0,0.549,19.444444444,20.0
0.5,0.552,0.18,0.191,0.191,0,0,0,0,0,0.233,0.0457,19.444444444,20.0
0.5,0.552,0.204,0.191,0.191,0,0,0,0,0,0,0.137,19.444444444,20.0
0.5,0.564,0.224,0.191,0.191,0,0,0,0,0,0,0.183,19.444444444,20.0
0.5,0.583,0.236,0.194,0.194,0,0,0,0,0,0,0.212,19.444444444,20.0
0.454,0.598,0.223,0.189,0.189,0,0,0,0,0,0,0.229,19.444444444,20.0
0.717,0.629,0.401,0.308,0.308,0,0,0,0,0,0,0.183,19.444444444,20.0
0.75,0.624,0.542,0.397,0.397,0,0,0,0,0,0,0.0457,19.444444444,20.0
0.75,0.605,0.641,0.509,0.509,0,0,0,0,0,0,0.137,19.444444444,20.0
0.75,0.568,0.601,0.603,0.603,0,0,0,0,0,0,0.268,19.444444444,20.0
0.75,0.529,0.393,0.457,0.457,0,0,0,0,0,0,0,19.444444444,20.0
0.75,0.515,0.153,0.184,0.184,0,0,0,0,0,0,0,19.444444444,20.0
0.75,0.531,0.0445,0.0823,0.0823,0,0,0,0,0,0,0.165,19.444444444,20.0
0.75,0.538,0.0245,0.0593,0.0593,0,0,0,0,0,0,0.0457,19.166666667,19.166666667
0.942,0.545,0.0179,0.0516,0.0516,0,0,0,0,0,0,0.0457,19.166666667,19.166666667
1,0.564,0.0161,0.0501,0.0501,0,0,0,0,0,0,0,19.166666667,19.166666667
1,0.564,0.0161,0.0501,0.0501,0,0,0,0,0,0,0,19.166666667,19.166666667
1,0.564,0.0161,0.0501,0.0501,0,0,0,0,0,0,0,19.166666667,19.166666667
1,0.53,0.0377,0.168,0.168,0,0,0,0,0,0,0.185,19.166666667,19.166666667
0.871,0.534,0.0567,0.25,0.25,0,0,0,0,0,0,0.327,19.166666667,19.166666667
0.75,0.55,0.0598,0.221,0.221,0,0,0,0,0,0,0.476,19.166666667,19.166666667
0.679,0.549,0.0833,0.254,0.254,0,0,0,0,0,0.467,0.206,19.166666667,19.166666667
0.379,0.555,0.0635,0.17,0.17,0,0,0,0,0,0,0.0457,19.444444444,20.0
0.433,0.553,0.0762,0.181,0.181,0,0,0,0,0,0,0.0457,19.444444444,20.0
0.246,0.558,0.0529,0.121,0.121,0,0,0,0,0,0,0.0457,19.444444444,20.0
0.192,0.564,0.0161,0.0501,0.0501,0,0,0,0,0,0,0,19.444444444,20.0
0.379,0.561,0.04,0.0865,0.0865,0,0,0,0,0,0.233,0.32,19.444444444,20.0
0.5,0.563,0.107,0.175,0.175,0,0,0,0,0,0,0.0915,19.444444444,20.0
0.692,0.587,0.192,0.248,0.248,0,0,0,0,0,0,0.229,19.444444444,20.0
0.817,0.621,0.273,0.297,0.297,0,0,0,0,0,0,0.503,19.444444444,20.0
0.992,0.652,0.432,0.395,0.395,0.608,0.767,0,0,0,0,0.183,19.444444444,20.0
0.629,0.61,0.35,0.302,0.302,0.296,0.383,0,0,0,0,0.218,19.444444444,20.0
0.75,0.603,0.541,0.462,0.462,0,0,0,0,0,0,0.201,19.444444444,20.0
0.75,0.574,0.581,0.587,0.587,0,0,0,0,0,0,0.22,19.444444444,20.0
0.75,0.554,0.231,0.282,0.282,0,0,0,0,0,0,0.138,19.444444444,20.0
0.75,0.544,0.0769,0.12,0.12,0,0,0,0,0,0,0.129,19.444444444,20.0
0.75,0.549,0.0257,0.0611,0.0611,0,0,0,0,0,0,0.128,19.444444444,20.0
0.75,0.558,0.0199,0.0545,0.0545,0,0,0,0,0,0,0,19.166666667,19.166666667
0.75,0.564,0.0161,0.0501,0.0501,0,0,0,0,0,0,0,19.166666667,19.166666667
0.75,0.564,0.0161,0.0501,0.0501,0,0,0,0,0,0,0,19.166666667,19.166666667
0.942,0.564,0.0161,0.0501,0.0501,0,0,0,0,0,0,0,19.166666667,19.166666667
1,0.564,0.0161,0.0501,0.0501,0,0,0,0,0,0,0,19.166666667,19.166666667
1,0.535,0.0345,0.151,0.151,0,0,0,0,0,0,0.185,19.166666667,19.166666667
0.808,0.548,0.0355,0.147,0.147,0,0,0,0,0,0,0.537,19.166666667,19.166666667
0.75,0.552,0.0556,0.201,0.201,0,0,0,0,0,0,0.457,19.166666667,19.166666667
0.75,0.552,0.0697,0.215,0.215,0,0,0,0,0,0,0.189,19.166666667,19.166666667
0.75,0.552,0.078,0.208,0.208,0,0,0,0,0,0,0.697,19.444444444,20.0
0.75,0.552,0.0857,0.2,0.2,0,0,0.279,0.5,0.0167,0,0.0722,19.444444444,20.0
0.75,0.552,0.0909,0.194,0.194,0,0,0.489,0,0.65,0,0.0915,19.444444444,20.0
0.75,0.552,0.1,0.191,0.191,0,0,0.567,0,0,0.267,0.0915,19.444444444,20.0
0.683,0.553,0.0949,0.172,0.172,0,0,0.662,0,0,0.933,0.183,19.444444444,20.0
0.692,0.563,0.107,0.175,0.175,0,0,0.341,0,0,0.467,0.412,19.444444444,20.0
0.75,0.579,0.142,0.193,0.193,0,0,0.37,0,0,0,0.183,19.444444444,20.0
0.683,0.599,0.173,0.201,0.201,0,0,0.388,0,0,0,0.0915,19.444444444,20.0
0.692,0.626,0.312,0.293,0.293,0,0,0.241,0,0,0,0.228,19.444444444,20.0
0.817,0.63,0.5,0.415,0.415,0.578,0.767,0,0,0,0,0.106,19.444444444,20.0
1,0.623,0.766,0.636,0.636,0.564,0.15,0,0,0,0,0.0997,19.444444444,20.0
1,0.577,0.624,0.621,0.621,0.221,0,0,0,0,0,0.174,19.444444444,20.0
0.808,0.554,0.188,0.238,0.238,0,0,0,0,0,0,0,19.444444444,20.0
0.75,0.561,0.0419,0.081,0.081,0,0,0,0,0,0,0,19.444444444,20.0
0.854,0.564,0.0161,0.0501,0.0501,0,0,0,0,0,0,0,19.444444444,20.0
0.75,0.564,0.0161,0.0501,0.0501,0,0,0,0,0,0,0,19.166666667,19.166666667
0.75,0.564,0.0161,0.0501,0.0501,0,0,0,0,0,0,0,19.166666667,19.166666667
0.75,0.564,0.0161,0.0501,0.0501,0,0,0,0,0,0,0,19.166666667,19.166666667
0.942,0.564,0.0161,0.0501,0.0501,0,0,0,0,0,0,0,19.166666667,19.166666667
1,0.564,0.0161,0.0501,0.0501,0,0,0,0,0,0,0,19.166666667,19.166666667
1,0.559,0.0193,0.0676,0.0676,0,0,0,0,0,0,0.0915,19.166666667,19.166666667
0.996,0.543,0.0511,0.219,0.219,0,0,0,0,0,0.467,0.457,19.166666667,19.166666667
0.558,0.553,0.0483,0.179,0.179,0,0,0,0,0,0,0.0915,19.166666667,19.166666667
0.5,0.552,0.0697,0.215,0.215,0,0,0,0,0,0,0.183,19.166666667,19.166666667
0.308,0.556,0.0536,0.148,0.148,0,0,0,0,0,0.233,0.0457,19.444444444,20.0
0.121,0.561,0.0325,0.087,0.087,0,0,0,0,0,0,0.0457,19.444444444,20.0
0.00417,0.563,0.0167,0.0513,0.0513,0,0,0,0,0,0,0,19.444444444,20.0
0.183,0.559,0.0467,0.102,0.102,0,0,0,0,0,0,0.0915,19.444444444,20.0
0.192,0.559,0.0515,0.104,0.104,0,0,0,0,0,0,0.229,19.444444444,20.0
0.25,0.563,0.0669,0.121,0.121,0,0,0,0,0,0,0.549,19.444444444,20.0
0.442,0.579,0.13,0.177,0.177,0,0,0,0,0,0,0.307,19.444444444,20.0
0.633,0.609,0.217,0.242,0.242,0,0,0,0,0,0.233,0.0915,19.444444444,20.0
0.996,0.652,0.434,0.397,0.397,0,0,0,0,0,0,0.274,19.444444444,20.0
0.817,0.63,0.5,0.415,0.415,0,0,0,0,0,0,0.128,19.444444444,20.0
1,0.609,0.563,0.476,0.476,0,0,0,0,0,0,0.182,19.444444444,20.0
1,0.57,0.25,0.265,0.265,0,0,0,0,0,0,0.0913,19.444444444,20.0
1,0.564,0.0595,0.0936,0.0936,0,0,0,0,0,0,0,19.444444444,20.0
1,0.564,0.0161,0.0501,0.0501,0,0,0,0,0,0,0,19.444444444,20.0
1,0.564,0.0161,0.0501,0.0501,0,0,0,0,0,0,0,19.444444444,20.0
1,0.564,0.0161,0.0501,0.0501,0,0,0,0,0,0,0,19.166666667,19.166666667
1,0.564,0.0161,0.0501,0.0501,0,0,0,0,0,0,0,19.166666667,19.166666667
1,0.564,0.0161,0.0501,0.0501,0,0,0,0,0,0,0,19.166666667,19.166666667
1,0.525,0.0192,0.0507,0.0507,0,0,0,0,0,0,0,19.166666667,19.166666667
1,0.513,0.0261,0.0821,0.0821,0,0,0,0,0,0,0.208,19.166666667,19.166666667
0.804,0.528,0.0338,0.142,0.142,0,0,0,0,0,0,0.446,19.166666667,19.166666667
0.5,0.557,0.0299,0.116,0.116,0,0,0,0,0,0,0.352,19.166666667,19.166666667
0.5,0.552,0.0556,0.201,0.201,0,0,0,0,0,0,0.261,19.166666667,19.166666667
0.371,0.555,0.0553,0.173,0.173,0,0,0,0,0,0,0.452,19.166666667,19.166666667
0.25,0.558,0.047,0.129,0.129,0,0,0,0,0,0,0.0915,19.444444444,20.0
0.25,0.558,0.0509,0.125,0.125,0,0,0,0,0,0,0.0457,19.444444444,20.0
0.379,0.555,0.0731,0.159,0.159,0,0,0,0,0,0,0.183,19.444444444,20.0
0.5,0.552,0.1,0.191,0.191,0,0,0,0,0,0,0.412,19.444444444,20.0
0.496,0.552,0.106,0.19,0.19,0,0,0,0,0,0.467,0.366,19.444444444,20.0
0.317,0.563,0.0809,0.14,0.14,0,0,0,0,0,0,0.0915,19.444444444,20.0
0.496,0.579,0.141,0.192,0.192,0.486,0.217,0,0,0,0,0.366,19.444444444,20.0
0.633,0.611,0.22,0.243,0.243,0.635,0,0,0,0,0.467,0.0915,19.444444444,20.0
0.75,0.63,0.331,0.311,0.311,0,0,0,0,0,0,0.106,19.444444444,20.0
0.817,0.63,0.5,0.415,0.415,0,0,0,0,0,0,0.41,19.444444444,20.0
1,0.619,0.713,0.595,0.595,0.057,0.0167,0,0,0,0,0.0625,19.444444444,20.0
1,0.574,0.482,0.488,0.488,0.652,0.9,0,0,0,0,0,19.444444444,20.0
1,0.558,0.115,0.16,0.16,0.111,0,0,0,0,0,0,19.444444444,20.0
1,0.564,0.0161,0.0501,0.0501,0,0,0,0,0,0,0,19.444444444,20.0
1,0.564,0.0165,0.0501,0.0501,0,0,0,0,0,0,0,19.444444444,20.0
1,0.564,0.0161,0.0501,0.0501,0,0,0,0,0,0,0,19.166666667,19.166666667
1,0.564,0.0161,0.0501,0.0501,0,0,0,0,0,0,0,19.166666667,19.166666667
1,0.564,0.0161,0.0501,0.0501,0,0,0,0,0,0,0,19.166666667,19.166666667
0.933,0.544,0.0177,0.0504,0.0504,0,0,0,0,0,0,0.291,19.166666667,19.166666667
0.942,0.519,0.0256,0.082,0.082,0,0,0,0,0,0,0.585,19.166666667,19.166666667
1,0.523,0.0372,0.16,0.16,0,0,0,0,0,0,0.374,19.166666667,19.166666667
1,0.534,0.0632,0.279,0.279,0,0,0,0,0,0,0.689,19.166666667,19.166666667
0.738,0.55,0.0575,0.217,0.217,0,0,0,0,0,0,0.33,19.166666667,19.166666667
0.254,0.559,0.038,0.114,0.114,0,0,0,0,0,0,0.231,19.166666667,19.166666667
0.496,0.552,0.0775,0.207,0.207,0,0,0,0,0,0,0.0457,19.444444444,20.0
0.25,0.558,0.0509,0.125,0.125,0,0,0,0,0,0,0.0915,19.444444444,20.0
0.317,0.556,0.0636,0.141,0.141,0,0,0,0,0,0,0.183,19.444444444,20.0
0.5,0.556,0.0671,0.137,0.137,0,0,0,0,0,0,0.274,19.444444444,20.0
0.5,0.556,0.074,0.139,0.139,0,0,0,0,0,0,0.229,19.444444444,20.0
0.5,0.562,0.118,0.191,0.191,0,0,0,0,0,0,0.0915,19.444444444,20.0
0.496,0.579,0.141,0.192,0.192,0,0,0,0,0,0,0.366,19.444444444,20.0
0.442,0.596,0.157,0.184,0.184,0,0,0,0,0,0.467,0.32,19.444444444,20.0
0.692,0.626,0.312,0.293,0.293,0,0,0,0,0,0,0.183,19.444444444,20.0
0.75,0.625,0.458,0.384,0.384,0,0,0,0,0,0,0,19.444444444,20.0
0.75,0.608,0.578,0.49,0.49,0,0,0,0,0,0,0,19.444444444,20.0
0.942,0.574,0.723,0.73,0.73,0,0,0,0,0,0,0.202,19.444444444,20.0
1,0.545,0.356,0.422,0.422,0,0,0,0,0,0.467,0.0884,19.444444444,20.0
1,0.564,0.0161,0.0501,0.0501,0,0,0,0,0,0,0,19.444444444,20.0
1,0.551,0.0326,0.0638,0.0638,0,0,0,0,0,0,0,19.444444444,20.0
1,0.564,0.0184,0.0501,0.0501,0,0,0,0,0,0,0,19.166666667,19.166666667
1,0.564,0.0184,0.0501,0.0501,0,0,0,0,0,0,0,19.166666667,19.166666667
1,0.564,0.0184,0.0501,0.0501,0,0,0,0,0,0,0,19.166666667,19.166666667
1,0.564,0.0184,0.0501,0.0501,0,0,0,0,0,0,0,19.166666667,19.166666667
1,0.564,0.0184,0.0501,0.0501,0,0,0,0,0,0,0,19.166666667,19.166666667
1,0.564,0.0184,0.0501,0.0501,0,0,0,0,0,0,0,19.166666667,19.166666667
1,0.56,0.0267,0.0875,0.0875,0,0,0,0,0,0.433,0.32,19.166666667,19.166666667
1,0.546,0.117,0.295,0.295,0,0,0.106,0.183,0,0.0333,0.855,19.166666667,19.166666667
0.954,0.541,0.193,0.356,0.356,0,0,0.209,0.317,0.683,0,0.0457,19.166666667,19.166666667
0.75,0.546,0.188,0.286,0.286,0.374,0.433,0,0,0.433,0,0.137,19.444444444,20.0
0.75,0.548,0.18,0.241,0.241,0,0.483,0,0,0,0,0.151,19.444444444,20.0
0.75,0.552,0.154,0.193,0.193,0,0,0,0,0,0,0.594,19.444444444,20.0
0.75,0.552,0.18,0.191,0.191,0,0,0,0,0,0,0.38,19.444444444,20.0
0.875,0.546,0.291,0.257,0.257,0,0,0,0,0,0.717,0.274,19.444444444,20.0
0.75,0.564,0.327,0.262,0.262,0,0,0,0,0,0,0.229,19.444444444,20.0
0.704,0.59,0.325,0.252,0.252,0,0,0,0,0,0,0.0457,19.444444444,20.0
0.5,0.602,0.244,0.203,0.203,0,0,0,0,0,0,0.183,19.444444444,20.0
0.5,0.609,0.283,0.229,0.229,0.64,0.683,0,0,0,0,0.183,19.444444444,20.0
0.546,0.607,0.4,0.303,0.303,0.221,0.467,0,0,0,0,0.0457,19.444444444,20.0
0.75,0.605,0.641,0.509,0.509,0,0,0,0,0,0,0.243,19.444444444,20.0
0.921,0.568,0.732,0.73,0.73,0,0,0,0,0,0.467,0.0733,19.444444444,20.0
1,0.518,0.518,0.593,0.593,0,0,0,0,0,0,0.158,19.444444444,20.0
1,0.514,0.161,0.192,0.192,0,0,0,0,0,0,0.0738,19.444444444,20.0
1,0.526,0.0475,0.0783,0.0783,0,0,0,0,0,0,0,19.444444444,20.0
1,0.548,0.0248,0.0558,0.0558,0,0,0,0,0,0,0,19.166666667,19.166666667
1,0.54,0.0203,0.0501,0.0501,0,0,0,0,0,0,0.0457,19.166666667,19.166666667
1,0.549,0.0184,0.0501,0.0501,0,0,0,0,0,0,0.137,19.166666667,19.166666667
1,0.551,0.0191,0.0503,0.0503,0,0,0,0,0,0,0.0457,19.166666667,19.166666667
0.892,0.564,0.0184,0.0501,0.0501,0,0,0,0,0,0,0,19.166666667,19.166666667
0.75,0.564,0.0184,0.0501,0.0501,0,0,0,0,0,0,0,19.166666667,19.166666667
0.812,0.553,0.0398,0.146,0.146,0,0,0,0,0,0.183,0.138,19.166666667,19.166666667
0.75,0.551,0.0855,0.221,0.221,0,0,0,0,0,0.05,0.183,19.166666667,19.166666667
0.983,0.541,0.199,0.365,0.365,0,0,0,0,0,0,0.248,19.166666667,19.166666667
0.892,0.542,0.22,0.33,0.33,0.561,0.933,0,0,0,0,0.254,19.444444444,20.0
0.75,0.546,0.207,0.274,0.274,0.668,0.217,0,0,0,0,0.386,19.444444444,20.0
0.471,0.552,0.146,0.185,0.185,0.553,0.683,0,0,0,0,0.137,19.444444444,20.0
0.546,0.551,0.195,0.204,0.204,0.764,0.233,0,0,0,0,0.137,19.444444444,20.0
0.5,0.552,0.204,0.191,0.191,0.109,0,0.207,0.433,0,0,0.183,19.444444444,20.0
0.5,0.564,0.224,0.191,0.191,0,0,0.292,0.0667,0.9,0.183,0.327,19.444444444,20.0
0.608,0.587,0.283,0.225,0.225,0,0,0,0,0,0.283,0.137,19.444444444,20.0
0.75,0.621,0.356,0.279,0.279,0,0,0,0,0,0,0.0915,19.444444444,20.0
0.75,0.632,0.416,0.318,0.318,0.611,0.933,0,0,0,0,0.229,19.444444444,20.0
0.858,0.632,0.619,0.448,0.448,0,0.217,0,0,0,0,0.377,19.444444444,20.0
1,0.613,0.757,0.594,0.594,0,0,0,0,0,0,0.158,19.444444444,20.0
1,0.568,0.601,0.603,0.603,0,0,0,0,0,0,0.194,19.444444444,20.0
1,0.541,0.281,0.334,0.334,0,0,0,0,0,0,0.249,19.444444444,20.0
1,0.556,0.0475,0.0804,0.0804,0,0,0,0,0,0,0,19.444444444,20.0
1,0.553,0.0374,0.0737,0.0737,0,0,0,0,0,0,0,19.444444444,20.0
1,0.564,0.0161,0.0501,0.0501,0,0,0,0,0,0,0,19.166666667,19.166666667
1,0.564,0.0161,0.0501,0.0501,0,0,0,0,0,0,0,19.166666667,19.166666667
1,0.557,0.0161,0.0501,0.0501,0,0,0,0,0,0,0.0457,19.166666667,19.166666667
1,0.551,0.0166,0.0502,0.0502,0,0,0.0925,0.267,0,0,0.0915,19.166666667,19.166666667
0.933,0.526,0.0241,0.0765,0.0765,0,0,0,0.233,0.767,0,0.447,19.166666667,19.166666667
0.558,0.543,0.0267,0.105,0.105,0,0,0,0,0.133,0,0.193,19.166666667,19.166666667
0.5,0.545,0.0466,0.198,0.198,0,0,0,0,0,0,0.583,19.166666667,19.166666667
0.496,0.55,0.0594,0.22,0.22,0,0,0,0,0,0.717,0.331,19.166666667,19.166666667
0.379,0.555,0.0574,0.174,0.174,0,0,0,0,0,0,0.0457,19.166666667,19.166666667
0.5,0.556,0.0536,0.148,0.148,0,0,0,0,0,0,0.0915,19.444444444,20.0
0.5,0.553,0.0783,0.182,0.182,0.61,0.767,0.42,0.5,0.267,0,0.0457,19.444444444,20.0
0.5,0.552,0.0909,0.194,0.194,0.161,0.383,0.122,0,0.633,0,0.0915,19.444444444,20.0
0.5,0.552,0.1,0.191,0.191,0,0,0,0,0,0,0,19.444444444,20.0
0.504,0.555,0.0849,0.157,0.157,0,0,0,0,0,0,0.0915,19.444444444,20.0
0.621,0.56,0.142,0.225,0.225,0,0,0,0,0,0,0.137,19.444444444,20.0
0.5,0.579,0.142,0.193,0.193,0,0,0,0,0,0,0.0457,19.444444444,20.0
0.692,0.614,0.236,0.26,0.26,0.4,0.517,0,0,0,0,0,19.444444444,20.0
0.754,0.631,0.333,0.313,0.313,0.335,0.4,0.178,0.267,0,0.233,0,19.444444444,20.0
1,0.646,0.606,0.495,0.495,0,0,0.396,0.233,0.767,0,0.193,19.444444444,20.0
1,0.623,0.766,0.636,0.636,0,0,0.558,0,0.133,0,0.21,19.444444444,20.0
1,0.578,0.769,0.767,0.767,0,0,0.746,0,0,0,0.252,19.444444444,20.0
1,0.529,0.5,0.594,0.594,0,0,0.0529,0,0,0,0.174,19.444444444,20.0
1,0.516,0.175,0.233,0.233,0,0,0,0,0,0,0.0457,19.444444444,20.0
1,0.554,0.0298,0.0654,0.0654,0,0,0,0,0,0,0,19.444444444,20.0
1,0.564,0.0161,0.0501,0.0501,0,0,0,0,0,0,0,19.166666667,19.166666667
1,0.564,0.0161,0.0501,0.0501,0,0,0,0,0,0,0,19.166666667,19.166666667
1,0.564,0.0161,0.0501,0.0501,0,0,0,0,0,0,0,19.166666667,19.166666667
1,0.564,0.0161,0.0501,0.0501,0,0,0,0,0,0,0,19.166666667,19.166666667
1,0.544,0.0206,0.066,0.066,0,0,0,0,0,0,0.4,19.166666667,19.166666667
0.808,0.543,0.0267,0.105,0.105,0,0,0,0,0,0,0.137,19.166666667,19.166666667
0.746,0.552,0.0324,0.13,0.13,0,0,0,0,0,0,0.409,19.166666667,19.166666667
0.5,0.559,0.0337,0.116,0.116,0,0,0,0,0,0,0.274,19.166666667,19.166666667
0.5,0.558,0.0429,0.132,0.132,0,0,0,0,0,0,0.666,19.166666667,19.166666667
0.5,0.553,0.0715,0.189,0.189,0,0,0,0,0,0.267,0.312,19.444444444,20.0
0.5,0.552,0.0857,0.2,0.2,0,0,0,0,0,0.45,0.429,19.444444444,20.0
0.5,0.552,0.0909,0.194,0.194,0,0,0,0,0,0,0,19.444444444,20.0
0.5,0.552,0.1,0.191,0.191,0,0,0,0,0,0,0.0915,19.444444444,20.0
0.5,0.552,0.107,0.191,0.191,0,0,0,0,0,0,0.0915,19.444444444,20.0
0.5,0.562,0.118,0.191,0.191,0,0,0,0,0,0,0.0915,19.444444444,20.0
0.5,0.579,0.142,0.193,0.193,0,0,0,0,0,0.517,0.137,19.444444444,20.0
0.5,0.599,0.173,0.201,0.201,0,0,0,0,0,0.2,0.137,19.444444444,20.0
0.567,0.614,0.256,0.248,0.248,0.127,0.267,0,0,0,0,0.0915,19.444444444,20.0
0.942,0.64,0.58,0.474,0.474,0,0.65,0,0,0,0,0.231,19.444444444,20.0
1,0.613,0.615,0.517,0.517,0,0,0,0,0,0,0.12,19.444444444,20.0
1,0.574,0.531,0.538,0.538,0,0,0,0,0,0,0.231,19.444444444,20.0
1,0.554,0.188,0.238,0.238,0,0,0,0,0,0,0.0986,19.444444444,20.0
1,0.544,0.0769,0.12,0.12,0,0,0,0,0,0,0,19.444444444,20.0
1,0.53,0.0527,0.0913,0.0913,0,0,0,0,0,0,0,19.444444444,20.0
1,0.564,0.0161,0.0501,0.0501,0,0,0,0,0,0,0,19.166666667,19.166666667
1,0.545,0.0168,0.0501,0.0501,0,0,0,0,0,0,0,19.166666667,19.166666667
1,0.564,0.0161,0.0501,0.0501,0,0,0,0,0,0,0,19.166666667,19.166666667
1,0.544,0.0177,0.0504,0.0504,0,0,0,0,0,0,0.0915,19.166666667,19.166666667
1,0.532,0.0227,0.0716,0.0716,0,0,0,0,0,0,0.137,19.166666667,19.166666667
1,0.504,0.0496,0.228,0.228,0,0,0.184,0.267,0,0,0.0915,19.166666667,19.166666667
0.871,0.523,0.0733,0.331,0.331,0,0,0.673,0.233,0.767,0,0.0915,19.166666667,19.166666667
0.75,0.544,0.0817,0.307,0.307,0,0,0.594,0,0.133,0,0.0915,19.166666667,19.166666667
0.75,0.546,0.0966,0.297,0.297,0,0,0.415,0,0,0,0,19.166666667,19.166666667
0.75,0.546,0.109,0.287,0.287,0,0,0.468,0,0,0,0.0457,19.444444444,20.0
0.75,0.546,0.121,0.276,0.276,0,0,0.664,0,0,0,0.183,19.444444444,20.0
0.621,0.553,0.0796,0.175,0.175,0,0,0.163,0,0,0.233,0.137,19.444444444,20.0
0.567,0.556,0.0698,0.14,0.14,0,0,0,0,0,0,0.229,19.444444444,20.0
0.75,0.552,0.107,0.191,0.191,0,0,0,0,0,0,0.32,19.444444444,20.0
0.879,0.562,0.145,0.228,0.228,0,0,0,0,0,0,0.338,19.444444444,20.0
0.871,0.582,0.17,0.228,0.228,0,0,0,0,0,0.0167,0.223,19.444444444,20.0
0.621,0.588,0.13,0.162,0.162,0.663,0.767,0,0,0,0.45,0.223,19.444444444,20.0
0.758,0.61,0.237,0.23,0.23,0.702,0.383,0.351,0.5,0.0167,0,0.0457,19.444444444,20.0
1,0.63,0.5,0.415,0.415,0,0,0,0,0.883,0,0.32,19.444444444,20.0
1,0.623,0.766,0.636,0.636,0,0,0,0,0,0,0,19.444444444,20.0
1,0.577,0.627,0.624,0.624,0,0,0,0,0,0,0.251,19.444444444,20.0
1,0.535,0.401,0.484,0.484,0,0,0.423,0.5,0.0167,0,0.307,19.444444444,20.0
1,0.521,0.164,0.22,0.22,0,0,0.524,0,0.883,0,0.0915,19.444444444,20.0
0.896,0.534,0.0352,0.0721,0.0721,0,0,0,0,0,0,0,19.444444444,20.0
0.933,0.52,0.0312,0.0668,0.0668,0,0,0,0,0,0,0,19.166666667,19.166666667
0.75,0.538,0.0182,0.0516,0.0516,0,0,0,0,0,0,0.0915,19.166666667,19.166666667
0.75,0.538,0.0162,0.0501,0.0501,0,0,0,0,0,0,0.0915,19.166666667,19.166666667
0.942,0.538,0.0176,0.0504,0.0504,0,0,0,0,0,0,0.158,19.166666667,19.166666667
1,0.538,0.0211,0.0661,0.0661,0,0,0,0,0,0.233,0.408,19.166666667,19.166666667
0.996,0.544,0.0265,0.104,0.104,0,0,0,0,0,0,0.138,19.166666667,19.166666667
0.75,0.557,0.0299,0.116,0.116,0,0,0,0,0,0,0.0915,19.166666667,19.166666667
0.746,0.552,0.0552,0.2,0.2,0,0,0,0,0,0.233,0.0457,19.166666667,19.166666667
0.5,0.558,0.0429,0.132,0.132,0,0,0,0,0,0,0.183,19.166666667,19.166666667
0.5,0.558,0.047,0.129,0.129,0,0,0,0,0,0,0.0915,19.444444444,20.0
0.5,0.558,0.0509,0.125,0.125,0,0,0,0,0,0,0,19.444444444,20.0
0.567,0.556,0.0636,0.141,0.141,0,0,0,0,0,0,0.0457,19.444444444,20.0
0.683,0.553,0.0888,0.173,0.173,0,0,0,0,0,0,0.0457,19.444444444,20.0
0.5,0.558,0.0616,0.121,0.121,0,0,0,0,0,0,0.0915,19.444444444,20.0
0.504,0.563,0.0678,0.122,0.122,0,0,0,0,0,0.767,0.137,19.444444444,20.0
0.75,0.587,0.192,0.248,0.248,0,0,0,0,0,0.183,0.183,19.444444444,20.0
0.817,0.621,0.273,0.297,0.297,0,0,0,0,0,0,0.0457,19.444444444,20.0
1,0.652,0.436,0.398,0.398,0,0,0,0,0,0,0.0915,19.444444444,20.0
1,0.64,0.564,0.463,0.463,0,0,0,0,0,0,0,19.444444444,20.0
0.812,0.598,0.431,0.373,0.373,0,0,0,0,0,0,0.0457,19.444444444,20.0
0.808,0.573,0.296,0.302,0.302,0,0,0,0,0,0,0.0457,19.444444444,20.0
0.75,0.558,0.115,0.16,0.16,0,0,0,0,0,0,0,19.444444444,20.0
0.75,0.564,0.0161,0.0501,0.0501,0,0,0,0,0,0,0,19.444444444,20.0
0.983,0.558,0.0272,0.0619,0.0619,0,0,0,0,0,0,0,19.444444444,20.0
1,0.564,0.0161,0.0501,0.0501,0,0,0,0,0,0,0,19.166666667,19.166666667
1,0.564,0.0161,0.0501,0.0501,0,0,0,0,0,0,0,19.166666667,19.166666667
1,0.564,0.0161,0.0501,0.0501,0,0,0,0,0,0,0,19.166666667,19.166666667
1,0.544,0.0177,0.0504,0.0504,0,0,0,0,0,0,0.137,19.166666667,19.166666667
1,0.519,0.0256,0.082,0.082,0,0,0,0,0,0,0.377,19.166666667,19.166666667
0.812,0.523,0.0374,0.161,0.161,0,0,0,0,0,0,0.26,19.166666667,19.166666667
0.871,0.527,0.0705,0.316,0.316,0,0,0.183,0.25,0.0167,0.717,0.644,19.166666667,19.166666667
0.75,0.544,0.0817,0.307,0.307,0,0,0.507,0,1,0,0.137,19.166666667,19.166666667
0.558,0.55,0.0751,0.234,0.234,0,0,0.184,0,0.333,0,0.183,19.166666667,19.166666667
0.5,0.552,0.078,0.208,0.208,0,0,0.586,0,0,0,0.137,19.444444444,20.0
0.562,0.55,0.0946,0.219,0.219,0,0,0.396,0,0,0,0.32,19.444444444,20.0
0.312,0.556,0.0625,0.141,0.141,0,0,0.489,0,0,0,0,19.444444444,20.0
0.5,0.552,0.1,0.191,0.191,0,0,0.426,0,0,0,0.0915,19.444444444,20.0
0.438,0.553,0.0956,0.173,0.173,0,0,0.869,0,0,0,0.0457,19.444444444,20.0
0.5,0.562,0.118,0.191,0.191,0,0,0.0507,0,0,0.467,0.0915,19.444444444,20.0
0.629,0.585,0.176,0.23,0.23,0,0,0,0,0,0,0.0915,19.444444444,20.0
0.879,0.626,0.293,0.316,0.316,0,0,0,0,0,0,0.137,19.444444444,20.0
1,0.652,0.436,0.398,0.398,0,0,0,0,0,0,0.0457,19.444444444,20.0
1,0.646,0.606,0.495,0.495,0,0,0,0,0,0,0.183,19.444444444,20.0
1,0.623,0.766,0.636,0.636,0,0,0,0,0,0,0.0153,19.444444444,20.0
1,0.578,0.769,0.767,0.767,0,0,0,0,0,0,0.226,19.444444444,20.0
1,0.539,0.413,0.49,0.49,0,0,0,0,0,0,0.0455,19.444444444,20.0
1,0.544,0.0769,0.12,0.12,0,0,0,0,0,0,0.112,19.444444444,20.0
1,0.562,0.0219,0.0535,0.0535,0.162,0.25,0,0,0,0,0,19.444444444,20.0
1,0.553,0.0217,0.0528,0.0528,0,0,0,0,0,0,0.108,19.166666667,19.166666667
1,0.562,0.0189,0.0505,0.0505,0,0,0,0,0,0,0,19.166666667,19.166666667
1,0.564,0.0184,0.0501,0.0501,0,0,0,0,0,0,0,19.166666667,19.166666667
1,0.54,0.0198,0.0505,0.0505,0,0,0,0,0,0,0,19.166666667,19.166666667
1,0.538,0.0214,0.0695,0.0695,0,0,0,0,0,0,0.274,19.166666667,19.166666667
1,0.509,0.0428,0.235,0.235,0,0,0.648,0.5,0.433,0.717,0.0915,19.166666667,19.166666667
1,0.54,0.0606,0.246,0.246,0,0,0.276,0,0.467,0,0.137,19.166666667,19.166666667
0.892,0.548,0.103,0.264,0.264,0,0,0,0,0,0.233,0.137,19.166666667,19.166666667
0.579,0.55,0.123,0.233,0.233,0,0,0,0,0,0,0.405,19.166666667,19.166666667
0.546,0.551,0.142,0.221,0.221,0,0,0,0,0,0,0.643,19.444444444,20.0
0.75,0.546,0.207,0.274,0.274,0,0,0,0,0,0,0.284,19.444444444,20.0
0.75,0.546,0.222,0.265,0.265,0,0,0,0,0,0,0.574,19.444444444,20.0
0.75,0.546,0.26,0.262,0.262,0,0,0,0,0,0,0.274,19.444444444,20.0
0.812,0.546,0.297,0.261,0.261,0,0,0,0,0,0,0.183,19.444444444,20.0
0.983,0.564,0.424,0.328,0.328,0,0,0.288,0.5,0.183,0,0,19.444444444,20.0
0.892,0.588,0.304,0.239,0.239,0,0,0.367,0,0.717,0,0.0457,19.444444444,20.0
0.562,0.605,0.264,0.217,0.217,0,0,0.457,0,0,0,0.0915,19.444444444,20.0
0.75,0.632,0.416,0.318,0.318,0,0,0.305,0,0,0,0.0457,19.444444444,20.0
0.983,0.642,0.708,0.507,0.507,0,0,0,0,0,0,0.137,19.444444444,20.0
1,0.61,0.705,0.555,0.555,0,0,0,0,0,0,0.0915,19.444444444,20.0
1,0.568,0.601,0.603,0.603,0,0,0,0,0,0,0.229,19.444444444,20.0
1,0.541,0.281,0.334,0.334,0,0,0,0,0,0.233,0,19.444444444,20.0
1,0.525,0.122,0.153,0.153,0.466,0.433,0,0,0,0,0,19.444444444,20.0
1,0.562,0.0215,0.0535,0.0535,0.0972,0.233,0,0,0,0,0,19.444444444,20.0
1,0.564,0.0184,0.0501,0.0501,0,0,0,0,0,0,0,19.166666667,19.166666667
1,0.564,0.0184,0.0501,0.0501,0,0,0,0,0,0,0,19.166666667,19.166666667
1,0.564,0.0184,0.0501,0.0501,0,0,0,0,0,0,0,19.166666667,19.166666667
1,0.564,0.0184,0.0501,0.0501,0,0,0,0,0,0,0,19.166666667,19.166666667
0.954,0.564,0.0184,0.0501,0.0501,0,0,0,0,0,0,0,19.166666667,19.166666667
0.75,0.564,0.0184,0.0501,0.0501,0,0,0,0,0,0,0,19.166666667,19.166666667
0.75,0.564,0.0184,0.0501,0.0501,0,0,0,0,0,0,0,19.166666667,19.166666667
0.75,0.564,0.0184,0.0501,0.0501,0,0,0,0,0,0,0,19.166666667,19.166666667
0.642,0.561,0.0389,0.0853,0.0853,0,0,0,0,0,0,0.11,19.166666667,19.166666667
0.5,0.552,0.128,0.202,0.202,0,0,0,0,0,0,0.364,19.444444444,20.0
0.5,0.552,0.144,0.199,0.199,0,0,0,0,0,0,0.448,19.444444444,20.0
0.5,0.552,0.154,0.193,0.193,0,0,0,0,0,0,0.183,19.444444444,20.0
0.562,0.55,0.2,0.209,0.209,0,0,0,0,0,0,0.137,19.444444444,20.0
0.546,0.551,0.221,0.204,0.204,0,0,0,0,0,0,0.457,19.444444444,20.0
0.642,0.564,0.282,0.231,0.231,0,0,0,0,0,0,0.0915,19.444444444,20.0
0.5,0.583,0.236,0.194,0.194,0,0,0,0,0,0,0.274,19.444444444,20.0
0.671,0.615,0.321,0.255,0.255,0,0,0,0,0,0,0.366,19.444444444,20.0
0.983,0.653,0.541,0.402,0.402,0,0,0,0,0,0.683,0.0915,19.444444444,20.0
1,0.644,0.717,0.513,0.513,0,0,0,0,0,0.267,0.338,19.444444444,20.0
1,0.606,0.652,0.516,0.516,0,0,0,0,0,0.233,0.0954,19.444444444,20.0
1,0.568,0.601,0.603,0.603,0,0,0,0,0,0,0,19.444444444,20.0
0.938,0.534,0.341,0.4,0.4,0,0,0,0,0,0,0.686,19.444444444,20.0
1,0.541,0.0832,0.115,0.115,0,0,0,0,0,0,0.23,19.444444444,20.0
1,0.558,0.0267,0.0619,0.0619,0,0,0,0,0,0,0,19.444444444,20.0
1,0.564,0.0161,0.0501,0.0501,0,0,0,0,0,0,0,19.166666667,19.166666667
1,0.564,0.0161,0.0501,0.0501,0,0,0,0,0,0,0,19.166666667,19.166666667
1,0.564,0.0161,0.0501,0.0501,0,0,0,0,0,0,0,19.166666667,19.166666667
1,0.544,0.0177,0.0504,0.0504,0,0,0,0,0,0,0.415,19.166666667,19.166666667
1,0.532,0.0227,0.0716,0.0716,0,0,0,0,0,0,0.23,19.166666667,19.166666667
1,0.509,0.0464,0.211,0.211,0,0,0,0,0,0.717,0.122,19.166666667,19.166666667
0.871,0.534,0.0567,0.25,0.25,0,0,0,0,0,0,0.234,19.166666667,19.166666667
0.746,0.55,0.0594,0.22,0.22,0.477,0.517,0,0,0,0,0.183,19.166666667,19.166666667
0.5,0.558,0.0429,0.132,0.132,0.486,0.633,0,0,0,0,0.137,19.166666667,19.166666667
0.5,0.558,0.047,0.129,0.129,0.528,0,0,0,0,0,0.366,19.444444444,20.0
0.5,0.558,0.0509,0.125,0.125,0,0,0.536,0.5,0.0167,0,0.137,19.444444444,20.0
0.5,0.553,0.0826,0.177,0.177,0,0,0.408,0,0.883,0,0,19.444444444,20.0
0.496,0.552,0.0997,0.19,0.19,0,0,0.698,0,0,0,0.457,19.444444444,20.0
0.379,0.555,0.0855,0.157,0.157,0,0,0.609,0,0,0,0.183,19.444444444,20.0
0.758,0.562,0.172,0.264,0.264,0,0,0.291,0,0,0.267,0.137,19.444444444,20.0
1,0.595,0.267,0.336,0.336,0,0,0.297,0,0,1,0.0915,19.444444444,20.0
0.875,0.624,0.288,0.314,0.314,0,0,0.407,0,0,0.65,0,19.444444444,20.0
1,0.652,0.436,0.398,0.398,0,0,0.364,0,0,0,0.207,19.444444444,20.0
1,0.646,0.606,0.495,0.495,0.288,0.267,0.504,0,0,0,0.562,19.444444444,20.0
1,0.619,0.71,0.592,0.592,0.238,0.417,0.238,0,0,0,0.0915,19.444444444,20.0
1,0.571,0.393,0.408,0.408,0,0,0,0,0,0,0.159,19.444444444,20.0
1,0.551,0.215,0.271,0.271,0,0,0,0,0,0,0.108,19.444444444,20.0
1,0.544,0.0769,0.12,0.12,0,0,0,0,0,0,0,19.444444444,20.0
1,0.558,0.0267,0.0619,0.0619,0,0,0,0,0,0,0,19.444444444,20.0
1,0.564,0.0161,0.0501,0.0501,0,0,0,0,0,0,0,19.166666667,19.166666667
1,0.564,0.0161,0.0501,0.0501,0,0,0,0,0,0,0,19.166666667,19.166666667
1,0.564,0.0161,0.0501,0.0501,0,0,0,0,0,0,0,19.166666667,19.166666667
1,0.564,0.0161,0.0501,0.0501,0,0,0,0,0,0,0,19.166666667,19.166666667
1,0.544,0.0206,0.066,0.066,0,0,0,0,0,0,0.126,19.166666667,19.166666667
0.996,0.534,0.0328,0.139,0.139,0,0,0,0,0,0,0.457,19.166666667,19.166666667
0.75,0.541,0.0494,0.213,0.213,0,0,0,0,0,0,0.0294,19.166666667,19.166666667
0.746,0.55,0.0594,0.22,0.22,0,0,0,0,0,0,0.338,19.166666667,19.166666667
0.5,0.553,0.0644,0.195,0.195,0,0,0,0,0,0,0.0915,19.166666667,19.166666667
0.5,0.552,0.078,0.208,0.208,0,0,0,0,0,0,0.137,19.444444444,20.0
0.629,0.549,0.104,0.239,0.239,0,0,0.25,0.267,0,0,0,19.444444444,20.0
0.75,0.546,0.128,0.266,0.266,0,0,0.232,0.233,0.667,0,0.137,19.444444444,20.0
0.75,0.546,0.143,0.262,0.262,0,0,0.492,0,0,0,0.229,19.444444444,20.0
0.746,0.546,0.152,0.26,0.26,0,0,0.524,0,0,0,0.183,19.444444444,20.0
0.5,0.562,0.118,0.191,0.191,0,0,0.392,0,0,0,0.274,19.444444444,20.0
0.883,0.587,0.192,0.248,0.248,0,0,0,0,0,0,0.367,19.444444444,20.0
1,0.616,0.251,0.277,0.277,0,0,0,0,0,0,0.373,19.444444444,20.0
0.871,0.618,0.273,0.265,0.265,0,0,0,0,0,0,0.274,19.444444444,20.0
0.817,0.61,0.353,0.304,0.304,0,0,0,0,0,0,0.0457,19.444444444,20.0
1,0.608,0.578,0.49,0.49,0,0,0.164,0.75,0.0167,0,0,19.444444444,20.0
1,0.574,0.389,0.395,0.395,0,0,0,0,1,0,0,19.444444444,20.0
1,0.554,0.144,0.195,0.195,0,0,0,0,0.1,0,0,19.444444444,20.0
1,0.544,0.0769,0.12,0.12,0,0,0,0,0,0,0.0769,19.444444444,20.0
1,0.558,0.0267,0.0619,0.0619,0,0,0,0,0,0,0,19.444444444,20.0
1,0.564,0.0161,0.0501,0.0501,0,0,0,0,0,0,0,19.166666667,19.166666667
1,0.564,0.0161,0.0501,0.0501,0,0,0,0,0,0,0,19.166666667,19.166666667
1,0.564,0.0161,0.0501,0.0501,0,0,0,0,0,0,0,19.166666667,19.166666667
1,0.564,0.0161,0.0501,0.0501,0,0,0,0,0,0,0,19.166666667,19.166666667
1,0.544,0.0206,0.066,0.066,0,0,0,0,0,0.467,0.0915,19.166666667,19.166666667
0.933,0.548,0.0235,0.0877,0.0877,0,0,0,0,0,0,0.0915,19.166666667,19.166666667
0.75,0.564,0.0161,0.0501,0.0501,0,0,0,0,0,0,0,19.166666667,19.166666667
0.75,0.564,0.0161,0.0501,0.0501,0,0,0,0,0,0,0,19.166666667,19.166666667
0.683,0.561,0.0301,0.0907,0.0907,0,0,0,0,0,0,0.137,19.166666667,19.166666667
0.629,0.561,0.0325,0.0906,0.0906,0,0,0.465,0.517,0,0,0.0457,19.444444444,20.0
0.75,0.553,0.0783,0.182,0.182,0,0,0.655,0.233,0.767,0,0.244,19.444444444,20.0
0.75,0.552,0.0909,0.194,0.194,0,0,0.696,0,0.133,0,0.423,19.444444444,20.0
0.75,0.552,0.1,0.191,0.191,0,0,0.344,0,0,0,0.314,19.444444444,20.0
0.75,0.552,0.107,0.191,0.191,0,0,0.385,0,0,0,0.17,19.444444444,20.0
0.75,0.562,0.118,0.191,0.191,0,0,0,0,0,0,0.395,19.444444444,20.0
0.75,0.579,0.142,0.193,0.193,0,0,0,0,0,0,0.551,19.444444444,20.0
0.942,0.614,0.236,0.26,0.26,0,0,0,0,0,0.233,0.266,19.444444444,20.0
1,0.63,0.331,0.311,0.311,0.206,0.267,0.116,0.25,0.267,0.767,0.44,19.444444444,20.0
1,0.625,0.458,0.384,0.384,0.616,0.883,0.278,0,0.633,0.917,0.224,19.444444444,20.0
1,0.608,0.578,0.49,0.49,0.547,0,0.117,0,0,0,0.424,19.444444444,20.0
1,0.574,0.531,0.538,0.538,0,0,0,0,0,0,0.188,19.444444444,20.0
1,0.545,0.273,0.34,0.34,0,0,0,0,0,0,0,19.444444444,20.0
1,0.524,0.137,0.188,0.188,0,0,0,0,0,0,0.221,19.444444444,20.0
1,0.564,0.0161,0.0501,0.0501,0,0,0,0,0,0,0,19.444444444,20.0
1,0.564,0.0161,0.0501,0.0501,0,0,0,0,0,0,0,19.166666667,19.166666667
1,0.564,0.0161,0.0501,0.0501,0,0,0,0,0,0,0,19.166666667,19.166666667
1,0.564,0.0161,0.0501,0.0501,0,0,0,0,0,0,0,19.166666667,19.166666667
1,0.564,0.0161,0.0501,0.0501,0,0,0,0,0,0,0,19.166666667,19.166666667
0.996,0.545,0.0205,0.0657,0.0657,0,0,0,0,0,0,0.183,19.166666667,19.166666667
0.683,0.549,0.0253,0.1,0.1,0,0,0,0,0,0,0.264,19.166666667,19.166666667
0.5,0.552,0.0327,0.132,0.132,0,0,0,0,0,0,0.744,19.166666667,19.166666667
0.692,0.552,0.0556,0.201,0.201,0,0,0.248,0.5,0.267,0,0.137,19.166666667,19.166666667
0.683,0.549,0.0837,0.255,0.255,0,0,0.778,0,0.633,0,0.533,19.166666667,19.166666667
0.5,0.552,0.078,0.208,0.208,0,0,0.33,0,0,0,0.137,19.444444444,20.0
0.5,0.552,0.0857,0.2,0.2,0,0,0.822,0,0,0,0.0457,19.444444444,20.0
0.625,0.552,0.0909,0.194,0.194,0,0,0.583,0,0,0,0.0457,19.444444444,20.0
0.567,0.55,0.112,0.21,0.21,0,0,0.398,0,0,0,0.412,19.444444444,20.0
0.75,0.546,0.153,0.261,0.261,0,0,0.432,0,0,0,0.137,19.444444444,20.0
0.558,0.56,0.129,0.208,0.208,0,0,0.499,0,0,0,0.183,19.444444444,20.0
0.5,0.579,0.142,0.193,0.193,0,0,0.674,0,0,0,0.229,19.444444444,20.0
0.567,0.604,0.195,0.222,0.222,0,0,0.195,0,0,0.267,0.0457,19.444444444,20.0
0.683,0.624,0.301,0.287,0.287,0,0,0,0,0,1,0,19.444444444,20.0
0.504,0.605,0.314,0.274,0.274,0,0,0,0,0,1,0.183,19.444444444,20.0
0.75,0.608,0.578,0.49,0.49,0,0,0,0,0,0.867,0.0915,19.444444444,20.0
0.942,0.574,0.674,0.681,0.681,0,0,0,0,0,0,0,19.444444444,20.0
1,0.545,0.316,0.383,0.383,0,0,0,0,0,0,0.0697,19.444444444,20.0
1,0.558,0.0678,0.112,0.112,0,0,0,0,0,0,0.0828,19.444444444,20.0
1,0.549,0.0416,0.0772,0.0772,0,0,0.258,0,0,0,0,19.444444444,20.0
1,0.563,0.0162,0.0502,0.0502,0,0,0,0,0,0,0,19.166666667,19.166666667
1,0.551,0.0177,0.0516,0.0516,0,0,0,0,0,0,0.274,19.166666667,19.166666667
1,0.564,0.0161,0.0501,0.0501,0,0,0,0,0,0,0,19.166666667,19.166666667
1,0.544,0.0177,0.0504,0.0504,0,0,0,0,0,0,0.137,19.166666667,19.166666667
1,0.538,0.0211,0.0661,0.0661,0,0,0,0,0,0,0.218,19.166666667,19.166666667
0.996,0.529,0.0356,0.154,0.154,0,0,0,0,0,0.717,0.342,19.166666667,19.166666667
0.75,0.552,0.0327,0.132,0.132,0,0,0,0,0,0,0.179,19.166666667,19.166666667
0.746,0.557,0.0376,0.134,0.134,0,0,0,0,0,0,0,19.166666667,19.166666667
0.5,0.554,0.059,0.175,0.175,0,0,0,0,0,0,0.331,19.166666667,19.166666667
0.5,0.552,0.078,0.208,0.208,0,0,0,0,0,0,0.303,19.444444444,20.0
0.5,0.552,0.0857,0.2,0.2,0,0,0,0,0,0,0.0457,19.444444444,20.0
0.496,0.552,0.0903,0.193,0.193,0,0,0.15,0.267,0,0,0.137,19.444444444,20.0
0.25,0.558,0.0582,0.121,0.121,0,0,0.507,0.233,0.767,0,0.0457,19.444444444,20.0
0.25,0.558,0.0616,0.121,0.121,0,0,0.471,0,0.583,0,0.0915,19.444444444,20.0
0.25,0.563,0.0669,0.121,0.121,0,0,0.579,0,0,0,0.137,19.444444444,20.0
0.575,0.585,0.165,0.215,0.215,0,0,0.567,0,0,0,0.175,19.444444444,20.0
0.808,0.618,0.267,0.294,0.294,0.529,0.767,0.441,0,0,0,0.0457,19.444444444,20.0
0.942,0.648,0.417,0.38,0.38,0.224,0.15,0.399,0,0,0.767,0.137,19.444444444,20.0
1,0.646,0.606,0.495,0.495,0,0,0.544,0,0,0.433,0.0915,19.444444444,20.0
1,0.623,0.766,0.636,0.636,0,0,0.691,0,0,0,0.0915,19.444444444,20.0
1,0.578,0.769,0.767,0.767,0,0,0.299,0,0,0,0,19.444444444,20.0
1,0.545,0.359,0.427,0.427,0,0,0.224,0,0,0,0,19.444444444,20.0
1,0.524,0.138,0.189,0.189,0,0,0.458,0,0,0,0.0457,19.444444444,20.0
1,0.539,0.0366,0.0666,0.0666,0,0,0.272,0,0,0,0,19.444444444,20.0
1,0.539,0.0253,0.0552,0.0552,0,0,0.768,0,0,0,0.183,19.166666667,19.166666667
1,0.544,0.0202,0.0501,0.0501,0,0,0.507,0,0,0,0.0915,19.166666667,19.166666667
1,0.564,0.0184,0.0501,0.0501,0,0,0,0,0,0,0,19.166666667,19.166666667
1,0.564,0.0184,0.0501,0.0501,0,0,0,0,0,0,0,19.166666667,19.166666667
1,0.564,0.0184,0.0501,0.0501,0,0,0,0,0,0,0,19.166666667,19.166666667
1,0.561,0.0257,0.0828,0.0828,0,0,0,0,0,0.183,0.0457,19.166666667,19.166666667
0.812,0.555,0.0492,0.162,0.162,0,0,0,0,0,0.3,0.605,19.166666667,19.166666667
1,0.554,0.0951,0.228,0.228,0,0,0.398,0.5,0.433,0,0.255,19.166666667,19.166666667
1,0.549,0.167,0.297,0.297,0,0,0,0,0.483,0.233,0.391,19.166666667,19.166666667
0.767,0.548,0.204,0.305,0.305,0,0,0,0,0,0,0.246,19.444444444,20.0
0.704,0.55,0.205,0.273,0.273,0,0,0,0,0,0,0.111,19.444444444,20.0
0.608,0.553,0.18,0.217,0.217,0,0,0,0,0,0,0.144,19.444444444,20.0
0.75,0.549,0.279,0.277,0.277,0,0,0,0,0,0,0.308,19.444444444,20.0
0.704,0.552,0.295,0.264,0.264,0,0,0,0,0,0,0.283,19.444444444,20.0
0.5,0.57,0.235,0.204,0.204,0,0,0,0,0,0,0.649,19.444444444,20.0
0.5,0.58,0.168,0.156,0.156,0,0,0,0,0,0,0,19.444444444,20.0
0.625,0.6,0.223,0.209,0.209,0,0,0,0,0,0,0.209,19.444444444,20.0
0.671,0.627,0.415,0.376,0.376,0.144,0.183,0,0,0,0.683,0.335,19.444444444,20.0
0.75,0.623,0.588,0.528,0.528,0.68,0.983,0,0,0,0.517,0.137,19.444444444,20.0
0.75,0.6,0.623,0.592,0.592,0.588,0,0,0,0,0,0.0457,19.444444444,20.0
0.796,0.56,0.413,0.453,0.453,0.682,0.933,0,0,0,0.183,0,19.444444444,20.0
1,0.524,0.353,0.396,0.396,0.663,0,0,0,0,0.3,0.0823,19.444444444,20.0
1,0.534,0.0872,0.114,0.114,0.218,0,0,0,0,0,0.307,19.444444444,20.0
1,0.539,0.0366,0.0666,0.0666,0,0,0,0,0,0,0,19.444444444,20.0
1,0.539,0.0253,0.0552,0.0552,0,0,0,0,0,0,0.0457,19.166666667,19.166666667
1,0.539,0.0202,0.0501,0.0501,0.702,0.933,0,0,0,0,0.274,19.166666667,19.166666667
1,0.544,0.0184,0.0501,0.0501,0.59,0.233,0,0,0,0,0.0457,19.166666667,19.166666667
1,0.564,0.0184,0.0501,0.0501,0.144,0,0,0,0,0,0,19.166666667,19.166666667
1,0.564,0.0184,0.0501,0.0501,0,0,0,0,0,0,0,19.166666667,19.166666667
1,0.564,0.0184,0.0501,0.0501,0,0,0,0,0,0,0,19.166666667,19.166666667
1,0.563,0.025,0.0666,0.0666,0,0,0,0,0,0,0,19.166666667,19.166666667
1,0.555,0.0837,0.2,0.2,0,0,0,0,0,0.233,0.166,19.166666667,19.166666667
1,0.553,0.131,0.238,0.238,0,0,0,0,0,0,0.309,19.166666667,19.166666667
0.55,0.558,0.0896,0.151,0.151,0,0,0,0,0,0,0.104,19.444444444,20.0
0.421,0.56,0.0642,0.104,0.104,0,0,0,0,0,0,0.0915,19.444444444,20.0
0.625,0.556,0.127,0.165,0.165,0,0,0,0,0,0,0,19.444444444,20.0
0.671,0.555,0.165,0.178,0.178,0,0,0.385,0.5,0.183,0,0.412,19.444444444,20.0
0.75,0.556,0.216,0.202,0.202,0,0,0.27,0,0.5,0,0.229,19.444444444,20.0
0.75,0.57,0.235,0.204,0.204,0,0,0.602,0,0,0,0.366,19.444444444,20.0
0.75,0.602,0.352,0.288,0.288,0.499,0.933,0.659,0,0,0.433,0.137,19.444444444,20.0
0.921,0.643,0.465,0.397,0.397,0,0,0.584,0,0,0.05,0.0915,19.444444444,20.0
1,0.658,0.606,0.532,0.532,0,0,0.567,0,0,0,0.2,19.444444444,20.0
1,0.643,0.778,0.687,0.687,0,0,0.473,0,0,0,0.246,19.444444444,20.0
0.875,0.605,0.765,0.726,0.726,0,0,0.479,0,0,0,0.109,19.444444444,20.0
1,0.563,0.517,0.558,0.558,0,0,0.471,0,0,0,0.0915,19.444444444,20.0
1,0.547,0.169,0.207,0.207,0,0,0.2,0,0,0,0,19.444444444,20.0
1,0.542,0.0654,0.0949,0.0949,0,0,0,0,0,0,0,19.444444444,20.0
1,0.562,0.0172,0.0514,0.0514,0,0,0,0,0,0,0,19.444444444,20.0
1,0.564,0.0161,0.0501,0.0501,0,0,0,0,0,0,0,19.166666667,19.166666667
1,0.564,0.0161,0.0501,0.0501,0,0,0,0,0,0,0,19.166666667,19.166666667
1,0.564,0.0161,0.0501,0.0501,0,0,0,0,0,0,0,19.166666667,19.166666667
1,0.564,0.0161,0.0501,0.0501,0,0,0,0,0,0,0,19.166666667,19.166666667
0.958,0.551,0.0192,0.061,0.061,0,0,0,0,0,0,0.364,19.166666667,19.166666667
0.75,0.552,0.0286,0.114,0.114,0,0,0,0,0,0,0.218,19.166666667,19.166666667
0.75,0.548,0.0554,0.229,0.229,0,0,0,0,0,0,0.485,19.166666667,19.166666667
0.708,0.555,0.0609,0.214,0.214,0,0,0,0,0,0,0.471,19.166666667,19.166666667
0.5,0.559,0.0458,0.136,0.136,0,0,0,0,0,0,0.571,19.166666667,19.166666667
0.271,0.563,0.0189,0.0571,0.0571,0,0,0,0,0,0,0.265,19.444444444,20.0
0.208,0.564,0.0161,0.0501,0.0501,0,0,0,0,0,0,0,19.444444444,20.0
0.229,0.559,0.0531,0.12,0.12,0,0,0,0,0,0.717,0.229,19.444444444,20.0
0.25,0.559,0.0616,0.126,0.126,0,0,0,0,0,0,0.64,19.444444444,20.0
0.0833,0.562,0.0321,0.0754,0.0754,0,0,0,0,0,0,0.0457,19.444444444,20.0
0.0417,0.565,0.0275,0.0633,0.0633,0,0,0,0,0,0.167,0,19.444444444,20.0
0.354,0.583,0.119,0.166,0.166,0.365,0.417,0,0,0,1,0.229,19.444444444,20.0
0.604,0.616,0.237,0.278,0.278,0.566,0.517,0,0,0,1,0.0457,19.444444444,20.0
0.75,0.634,0.388,0.409,0.409,0.541,0,0,0,0,0.483,0.137,19.444444444,20.0
0.75,0.623,0.527,0.526,0.526,0.174,0,0,0,0,0,0.137,19.444444444,20.0
0.979,0.611,0.773,0.771,0.771,0,0,0,0,0,0,0.333,19.444444444,20.0
1,0.563,0.439,0.5,0.5,0,0,0,0,0,0,0.174,19.444444444,20.0
1,0.556,0.0926,0.137,0.137,0,0,0,0,0,0,0.122,19.444444444,20.0
1,0.564,0.0161,0.0501,0.0501,0,0,0,0,0,0,0,19.444444444,20.0
1,0.563,0.0164,0.0504,0.0504,0,0,0,0,0,0,0.0457,19.444444444,20.0
1,0.564,0.0161,0.0501,0.0501,0,0,0,0,0,0,0,19.166666667,19.166666667
1,0.564,0.0161,0.0501,0.0501,0,0,0,0,0,0,0,19.166666667,19.166666667
1,0.564,0.0161,0.0501,0.0501,0,0,0,0,0,0,0,19.166666667,19.166666667
1,0.564,0.0161,0.0501,0.0501,0,0,0,0,0,0,0,19.166666667,19.166666667
1,0.564,0.0161,0.0501,0.0501,0,0,0,0,0,0,0,19.166666667,19.166666667
1,0.552,0.0286,0.114,0.114,0,0,0,0,0,0,0.381,19.166666667,19.166666667
0.792,0.554,0.038,0.154,0.154,0,0,0,0,0,0,0.419,19.166666667,19.166666667
0.5,0.559,0.0389,0.132,0.132,0,0,0,0,0,0,0.0915,19.166666667,19.166666667
0.5,0.559,0.0458,0.136,0.136,0,0,0,0,0,0,0,19.166666667,19.166666667
0.5,0.555,0.0726,0.188,0.188,0,0,0,0,0,0,0,19.444444444,20.0
0.5,0.554,0.091,0.208,0.208,0,0,0,0,0,0,0.0915,19.444444444,20.0
0.5,0.556,0.077,0.165,0.165,0,0,0,0,0,0,0.503,19.444444444,20.0
0.271,0.558,0.0654,0.132,0.132,0,0,0,0,0,0,0.183,19.444444444,20.0
0.375,0.557,0.089,0.164,0.164,0,0,0,0,0,0,0.32,19.444444444,20.0
0.25,0.567,0.0727,0.127,0.127,0,0,0,0,0,0,0.137,19.444444444,20.0
0.354,0.58,0.101,0.146,0.146,0,0,0,0,0,0,0.205,19.444444444,20.0
0.5,0.607,0.196,0.237,0.237,0,0,0,0,0,0.417,0.274,19.444444444,20.0
0.667,0.626,0.349,0.372,0.372,0.379,0.417,0,0,0,1,0.0457,19.444444444,20.0
0.75,0.623,0.527,0.526,0.526,0.141,0.517,0,0,0,0.267,0.0915,19.444444444,20.0
0.75,0.593,0.487,0.499,0.499,0,0,0,0,0,0,0.183,19.444444444,20.0
0.917,0.563,0.471,0.534,0.534,0.134,0.167,0,0,0,0,0.259,19.444444444,20.0
1,0.537,0.223,0.284,0.284,0.524,0.767,0,0,0,0,0,19.444444444,20.0
1,0.524,0.0979,0.138,0.138,0.564,0,0,0,0,0,0.183,19.444444444,20.0
1,0.544,0.0301,0.0655,0.0655,0,0,0,0,0,0,0.0457,19.444444444,20.0
1,0.564,0.0161,0.0501,0.0501,0,0,0,0,0,0,0,19.166666667,19.166666667
1,0.564,0.0161,0.0501,0.0501,0,0,0,0,0,0,0,19.166666667,19.166666667
1,0.56,0.0165,0.0502,0.0502,0,0,0,0,0,0,0.199,19.166666667,19.166666667
1,0.539,0.019,0.0542,0.0542,0,0,0,0,0,0,0.233,19.166666667,19.166666667
0.875,0.537,0.0255,0.0908,0.0908,0,0,0,0,0,0.233,0.48,19.166666667,19.166666667
1,0.521,0.0526,0.242,0.242,0.336,0.417,0,0,0,0.667,0.187,19.166666667,19.166666667
0.542,0.55,0.0523,0.214,0.214,0.465,0.517,0.559,0.667,0,0.533,0.457,19.166666667,19.166666667
0.5,0.554,0.0657,0.229,0.229,0,0,0.702,0.0833,0.917,0,0.0457,19.166666667,19.166666667
0.5,0.554,0.0756,0.223,0.223,0,0,0.351,0,0.917,0,0.274,19.166666667,19.166666667
0.5,0.554,0.0836,0.216,0.216,0,0,0,0,0,0,0.0457,19.444444444,20.0
0.5,0.554,0.091,0.208,0.208,0,0,0,0,0,0.167,0,19.444444444,20.0
0.5,0.554,0.0967,0.203,0.203,0,0,0,0,0,0.55,0.412,19.444444444,20.0
0.5,0.554,0.107,0.202,0.202,0,0,0,0,0,0,0.366,19.444444444,20.0
0.521,0.554,0.117,0.208,0.208,0,0,0,0,0,0,0.183,19.444444444,20.0
0.438,0.568,0.113,0.184,0.184,0,0,0,0,0,0,0.183,19.444444444,20.0
0.25,0.576,0.0873,0.131,0.131,0,0,0,0,0,0.167,0.137,19.444444444,20.0
0.583,0.605,0.189,0.229,0.229,0,0,0,0,0,0.317,0,19.444444444,20.0
0.854,0.62,0.32,0.343,0.343,0,0,0,0,0,0,0.0915,19.444444444,20.0
1,0.636,0.643,0.634,0.634,0,0,0,0,0,0,0,19.444444444,20.0
1,0.613,0.822,0.821,0.821,0,0,0,0,0,0.483,0.231,19.444444444,20.0
0.604,0.565,0.224,0.27,0.27,0,0,0,0,0,0,0,19.444444444,20.0
0.833,0.558,0.0734,0.115,0.115,0,0,0,0,0,0,0,19.444444444,20.0
1,0.564,0.0161,0.0501,0.0501,0,0,0,0,0,0,0,19.444444444,20.0
1,0.564,0.0161,0.0501,0.0501,0,0,0,0,0,0,0,19.444444444,20.0
1,0.564,0.0161,0.0501,0.0501,0,0,0,0,0,0,0,19.166666667,19.166666667
1,0.564,0.0161,0.0501,0.0501,0,0,0,0,0,0,0,19.166666667,19.166666667
1,0.564,0.0161,0.0501,0.0501,0,0,0,0,0,0,0,19.166666667,19.166666667
0.958,0.56,0.0171,0.0537,0.0537,0,0,0,0,0,0,0.141,19.166666667,19.166666667
0.75,0.51,0.0338,0.124,0.124,0,0,0,0,0,0,0.328,19.166666667,19.166666667
0.792,0.513,0.06,0.279,0.279,0,0,0,0,0,0,0.29,19.166666667,19.166666667
0.667,0.543,0.068,0.288,0.288,0,0,0,0,0,0,0.328,19.166666667,19.166666667
0.5,0.554,0.0657,0.229,0.229,0,0,0,0,0,0,0.0457,19.166666667,19.166666667
0.5,0.554,0.0756,0.223,0.223,0,0,0,0,0,0,0,19.166666667,19.166666667
0.5,0.554,0.0836,0.216,0.216,0,0,0.681,0.5,0.417,0,0.137,19.444444444,20.0
0.5,0.554,0.091,0.208,0.208,0,0,0.449,0,0.5,0,0.137,19.444444444,20.0
0.5,0.554,0.0967,0.203,0.203,0,0,0.427,0,0,0.167,0.274,19.444444444,20.0
0.5,0.554,0.107,0.202,0.202,0,0,0.656,0,0,0.0667,0.0457,19.444444444,20.0
0.458,0.556,0.105,0.189,0.189,0,0,0.106,0,0,0,0.274,19.444444444,20.0
0.583,0.572,0.15,0.23,0.23,0,0,0.454,0.5,0.167,0,0.168,19.444444444,20.0
0.917,0.611,0.278,0.348,0.348,0,0,0.601,0,0.517,0,0,19.444444444,20.0
1,0.65,0.377,0.423,0.423,0,0,0.489,0,0,0,0.183,19.444444444,20.0
1,0.655,0.484,0.504,0.504,0,0,0,0,0,0,0.427,19.444444444,20.0
1,0.623,0.527,0.526,0.526,0,0,0,0,0,0,0.0457,19.444444444,20.0
1,0.6,0.588,0.594,0.594,0,0,0,0,0,0,0,19.444444444,20.0
0.958,0.566,0.337,0.389,0.389,0,0,0,0,0,0,0.185,19.444444444,20.0
0.979,0.555,0.102,0.148,0.148,0,0,0,0,0,0,0,19.444444444,20.0
1,0.564,0.0161,0.0501,0.0501,0,0,0,0,0,0,0,19.444444444,20.0
1,0.563,0.0165,0.0504,0.0504,0,0,0,0,0,0,0.0148,19.444444444,20.0
1,0.564,0.0161,0.0501,0.0501,0,0,0,0,0,0,0,19.166666667,19.166666667
1,0.564,0.0161,0.0501,0.0501,0,0,0,0,0,0,0,19.166666667,19.166666667
1,0.564,0.0161,0.0501,0.0501,0,0,0,0,0,0,0,19.166666667,19.166666667
1,0.564,0.0161,0.0501,0.0501,0,0,0,0,0,0,0,19.166666667,19.166666667
1,0.539,0.025,0.089,0.089,0,0,0,0,0,0.233,0.137,19.166666667,19.166666667
0.667,0.541,0.0338,0.144,0.144,0.111,0.167,0,0,0,0,0.378,19.166666667,19.166666667
0.458,0.556,0.0358,0.139,0.139,0.667,0.533,0,0,0,0,0.32,19.166666667,19.166666667
0.25,0.559,0.0409,0.139,0.139,0.69,0,0,0,0,0,0.229,19.166666667,19.166666667
0.25,0.559,0.0458,0.136,0.136,0.564,0,0,0,0,0,0,19.166666667,19.166666667
0.25,0.559,0.0498,0.133,0.133,0.494,0,0,0,0,0,0.274,19.444444444,20.0
0.25,0.559,0.0536,0.129,0.129,0.576,0,0,0,0,0,0.229,19.444444444,20.0
0.292,0.558,0.0639,0.139,0.139,0.405,0,0,0,0,0,0.229,19.444444444,20.0
0.271,0.558,0.0654,0.132,0.132,0,0,0,0,0,0,0.0457,19.444444444,20.0
0.479,0.556,0.11,0.195,0.195,0,0,0,0,0,0,0.32,19.444444444,20.0
0.604,0.572,0.154,0.236,0.236,0.583,0.667,0,0,0,0.667,0.274,19.444444444,20.0
0.854,0.608,0.261,0.328,0.328,0.24,0.267,0,0,0,0.3,0.135,19.444444444,20.0
1,0.65,0.377,0.423,0.423,0,0,0,0,0,0,0.597,19.444444444,20.0
1,0.658,0.511,0.529,0.529,0,0,0,0,0,0,0,19.444444444,20.0
1,0.641,0.664,0.653,0.653,0,0,0,0,0,0,0,19.444444444,20.0
1,0.601,0.62,0.628,0.628,0,0,0,0,0,0,0.0457,19.444444444,20.0
1,0.564,0.535,0.601,0.601,0,0,0,0,0,0,0.224,19.444444444,20.0
1,0.541,0.215,0.275,0.275,0,0,0,0,0,0,0.381,19.444444444,20.0
1,0.542,0.0594,0.0954,0.0954,0,0,0,0,0,0,0.284,19.444444444,20.0
1,0.539,0.0366,0.0666,0.0666,0,0,0,0,0,0,0.324,19.444444444,20.0
1,0.539,0.0253,0.0552,0.0552,0,0,0,0,0,0,0.305,19.166666667,19.166666667
1,0.544,0.0202,0.0501,0.0501,0,0,0,0,0,0,0.137,19.166666667,19.166666667
1,0.564,0.0184,0.0501,0.0501,0,0,0,0,0,0,0,19.166666667,19.166666667
1,0.564,0.0184,0.0501,0.0501,0,0,0,0,0,0,0,19.166666667,19.166666667
1,0.56,0.0201,0.0626,0.0626,0,0,0,0,0,0,0,19.166666667,19.166666667
1,0.546,0.0331,0.138,0.138,0,0,0.173,0.183,0,0,0.215,19.166666667,19.166666667
0.954,0.549,0.0576,0.212,0.212,0,0,0.558,0.567,0.433,0,0.266,19.166666667,19.166666667
0.75,0.559,0.0567,0.139,0.139,0,0,0.278,0,0.483,0,0.462,19.166666667,19.166666667
0.75,0.558,0.0802,0.152,0.152,0,0,0.47,0,0,0,0,19.166666667,19.166666667
0.75,0.554,0.139,0.216,0.216,0,0,0.072,0,0,0,0.0915,19.444444444,20.0
0.346,0.562,0.0435,0.0807,0.0807,0,0,0,0,0,0,0.0457,19.444444444,20.0
0.296,0.561,0.067,0.097,0.097,0,0,0.00881,0.183,0,0,0.0457,19.444444444,20.0
0.5,0.554,0.192,0.202,0.202,0,0,0.355,0.317,0.683,0,0.183,19.444444444,20.0
0.5,0.556,0.216,0.202,0.202,0,0,0,0,0.233,0,0.137,19.444444444,20.0
0.608,0.573,0.283,0.238,0.238,0,0,0,0,0,0,0.32,19.444444444,20.0
0.75,0.603,0.36,0.294,0.294,0,0,0,0,0,0,0.424,19.444444444,20.0
0.921,0.643,0.465,0.397,0.397,0,0,0,0,0,0,0.41,19.444444444,20.0
0.892,0.648,0.538,0.476,0.476,0,0,0,0,0,0.483,0.262,19.444444444,20.0
0.75,0.623,0.588,0.528,0.528,0,0,0,0,0,0,0.0915,19.444444444,20.0
0.921,0.607,0.805,0.761,0.761,0,0,0,0,0,0,0.137,19.444444444,20.0
1,0.56,0.762,0.809,0.809,0,0,0,0,0,0,0,19.444444444,20.0
1,0.54,0.248,0.289,0.289,0,0,0,0,0,0,0.102,19.444444444,20.0
1,0.562,0.022,0.0535,0.0535,0,0,0,0,0,0,0,19.444444444,20.0
1,0.564,0.0184,0.0501,0.0501,0,0,0,0,0,0,0,19.444444444,20.0
1,0.564,0.0184,0.0501,0.0501,0,0,0,0,0,0,0,19.166666667,19.166666667
1,0.564,0.0184,0.0501,0.0501,0,0,0,0,0,0,0,19.166666667,19.166666667
1,0.559,0.0187,0.0502,0.0502,0,0,0,0,0,0,0,19.166666667,19.166666667
1,0.539,0.0204,0.0546,0.0546,0,0,0,0,0,0,0,19.166666667,19.166666667
1,0.537,0.0245,0.0927,0.0927,0,0,0,0,0,0,0.187,19.166666667,19.166666667
1,0.531,0.0406,0.194,0.194,0,0,0,0,0,0,0.196,19.166666667,19.166666667
1,0.547,0.0707,0.245,0.245,0,0,0,0,0,0,0.503,19.166666667,19.166666667
1,0.549,0.133,0.318,0.318,0,0,0,0,0,0,0.386,19.166666667,19.166666667
1,0.549,0.171,0.309,0.309,0,0,0,0,0,0,0.0731,19.166666667,19.166666667
0.829,0.552,0.158,0.243,0.243,0.57,0.933,0,0,0,0.183,0.274,19.444444444,20.0
0.517,0.557,0.102,0.149,0.149,0,0,0,0,0,0.3,0.229,19.444444444,20.0
0.5,0.554,0.165,0.203,0.203,0,0,0,0,0,0,0.274,19.444444444,20.0
0.779,0.55,0.252,0.253,0.253,0,0,0,0,0,0.933,0.137,19.444444444,20.0
1,0.552,0.295,0.264,0.264,0,0,0,0,0,0.517,0.366,19.444444444,20.0
1,0.57,0.235,0.204,0.204,0,0,0,0,0,0,0.183,19.444444444,20.0
1,0.602,0.352,0.288,0.288,0,0,0,0,0,0,0,19.444444444,20.0
1,0.633,0.407,0.352,0.352,0,0,0,0,0,0,0.274,19.444444444,20.0
0.875,0.646,0.537,0.475,0.475,0,0,0,0,0,0,0.135,19.444444444,20.0
1,0.643,0.778,0.687,0.687,0,0,0,0,0,0,0.0704,19.444444444,20.0
1,0.612,0.873,0.822,0.822,0,0,0,0,0,0.233,0.119,19.444444444,20.0
1,0.562,0.739,0.785,0.785,0,0,0,0,0,0,0.312,19.444444444,20.0
1,0.54,0.24,0.28,0.28,0,0,0,0,0,0,0.212,19.444444444,20.0
1,0.542,0.0654,0.0949,0.0949,0,0,0,0,0,0,0.227,19.444444444,20.0
1,0.54,0.0311,0.0665,0.0665,0,0,0,0,0,0,0.339,19.444444444,20.0
1,0.539,0.0215,0.0553,0.0553,0,0,0,0,0,0,0.3,19.166666667,19.166666667
1,0.539,0.017,0.0501,0.0501,0,0,0,0,0,0,0.764,19.166666667,19.166666667
0.812,0.562,0.0161,0.0501,0.0501,0,0,0,0,0,0,0.137,19.166666667,19.166666667
1,0.564,0.0161,0.0501,0.0501,0,0,0,0,0,0,0,19.166666667,19.166666667
1,0.555,0.0224,0.084,0.084,0,0,0,0,0,0,0.0622,19.166666667,19.166666667
0.771,0.53,0.0443,0.199,0.199,0.181,0.167,0,0,0,0,0.221,19.166666667,19.166666667
0.583,0.553,0.042,0.169,0.169,0.791,1,0,0,0,0,0.0884,19.166666667,19.166666667
0.5,0.558,0.0457,0.154,0.154,0.652,0,0,0,0,0,0.0915,19.166666667,19.166666667
0.5,0.554,0.0756,0.223,0.223,0,0,0,0,0,0,0.229,19.166666667,19.166666667
0.5,0.554,0.0836,0.216,0.216,0,0,0,0,0,0,0.137,19.444444444,20.0
0.458,0.555,0.0844,0.196,0.196,0,0,0,0,0,0,0.229,19.444444444,20.0
0.208,0.559,0.0489,0.114,0.114,0,0,0,0,0,0,0.0457,19.444444444,20.0
0.167,0.56,0.0466,0.101,0.101,0,0,0,0,0,0,0.0915,19.444444444,20.0
0.417,0.557,0.0981,0.177,0.177,0,0,0,0,0,0,0.229,19.444444444,20.0
0.729,0.573,0.181,0.274,0.274,0,0,0,0,0,0,0.281,19.444444444,20.0
0.938,0.611,0.281,0.352,0.352,0,0,0,0,0,0.917,0,19.444444444,20.0
0.854,0.637,0.327,0.371,0.371,0,0,0,0,0,0.05,0,19.444444444,20.0
0.958,0.655,0.484,0.504,0.504,0,0,0,0,0,0,0.0457,19.444444444,20.0
0.979,0.641,0.684,0.672,0.672,0,0,0.275,0.667,0,0.167,0.229,19.444444444,20.0
1,0.613,0.822,0.821,0.821,0,0,0,0.0833,0.917,0.317,0.219,19.444444444,20.0
1,0.563,0.455,0.517,0.517,0,0,0,0,0,0,0.0457,19.444444444,20.0
1,0.547,0.179,0.234,0.234,0,0,0,0,0,0,0,19.444444444,20.0
1,0.564,0.0161,0.0501,0.0501,0,0,0,0,0,0,0,19.444444444,20.0
1,0.563,0.0164,0.0504,0.0504,0,0,0,0,0,0,0,19.444444444,20.0
1,0.564,0.0161,0.0501,0.0501,0,0,0,0,0,0,0,19.166666667,19.166666667
1,0.564,0.0161,0.0501,0.0501,0,0,0,0,0,0,0,19.166666667,19.166666667
1,0.564,0.0161,0.0501,0.0501,0,0,0,0,0,0,0,19.166666667,19.166666667
1,0.564,0.0161,0.0501,0.0501,0,0,0,0,0,0,0,19.166666667,19.166666667
1,0.561,0.0182,0.0614,0.0614,0,0,0,0,0,0,0.2,19.166666667,19.166666667
0.833,0.537,0.0391,0.17,0.17,0.348,0.417,0,0,0,0.233,0.161,19.166666667,19.166666667
0.75,0.548,0.0554,0.229,0.229,0.517,0.75,0,0,0,0,0.49,19.166666667,19.166666667
0.708,0.555,0.0609,0.214,0.214,0.524,0,0,0,0,0,0.0457,19.166666667,19.166666667
0.5,0.558,0.0514,0.15,0.15,0,0,0,0,0,0,0.269,19.166666667,19.166666667
0.5,0.554,0.0836,0.216,0.216,0,0,0,0,0,0,0.631,19.444444444,20.0
0.5,0.554,0.091,0.208,0.208,0,0,0.482,0.5,0.167,0,0.0457,19.444444444,20.0
0.5,0.554,0.0967,0.203,0.203,0,0,0.744,0,1,0,0,19.444444444,20.0
0.333,0.557,0.0767,0.151,0.151,0,0,0.106,0,0.9,0,0.137,19.444444444,20.0
0.479,0.556,0.11,0.195,0.195,0,0,0,0,0,0,0.457,19.444444444,20.0
0.729,0.573,0.181,0.274,0.274,0,0,0,0,0,0.233,0.686,19.444444444,20.0
0.75,0.602,0.23,0.293,0.293,0,0,0,0,0,0,0.316,19.444444444,20.0
0.521,0.608,0.204,0.244,0.244,0,0,0,0,0,0,0.139,19.444444444,20.0
0.771,0.636,0.405,0.425,0.425,0,0,0.322,0.667,0,0,0.281,19.444444444,20.0
1,0.643,0.698,0.685,0.685,0,0,0.398,0.0833,0.917,0,0.148,19.444444444,20.0
1,0.613,0.79,0.787,0.787,0,0,0.564,0,0.233,0,0.0457,19.444444444,20.0
1,0.562,0.554,0.623,0.623,0,0,0,0,0,0,0.303,19.444444444,20.0
1,0.546,0.167,0.221,0.221,0,0,0,0,0,0,0.0297,19.444444444,20.0
1,0.542,0.0584,0.0954,0.0954,0,0,0,0,0,0,0.304,19.444444444,20.0
0.875,0.538,0.0343,0.0702,0.0702,0,0,0,0,0,0,0.216,19.444444444,20.0
1,0.564,0.0161,0.0501,0.0501,0,0,0,0,0,0,0,19.166666667,19.166666667
1,0.564,0.0161,0.0501,0.0501,0,0,0,0,0,0,0,19.166666667,19.166666667
1,0.564,0.0161,0.0501,0.0501,0,0,0,0,0,0,0,19.166666667,19.166666667
1,0.564,0.0161,0.0501,0.0501,0,0,0,0,0,0,0,19.166666667,19.166666667
0.958,0.558,0.0203,0.0727,0.0727,0,0,0,0,0,0.167,0.0457,19.166666667,19.166666667
0.667,0.537,0.037,0.161,0.161,0,0,0,0,0,0.0667,0,19.166666667,19.166666667
0.479,0.55,0.0499,0.206,0.206,0,0,0,0,0,0.233,0,19.166666667,19.166666667
0.5,0.559,0.0409,0.139,0.139,0,0,0,0,0,0,0.32,19.166666667,19.166666667
0.5,0.558,0.0514,0.15,0.15,0,0,0,0,0,0.167,0.229,19.166666667,19.166666667
0.5,0.554,0.0836,0.216,0.216,0,0,0,0,0,0.0667,0,19.444444444,20.0
0.5,0.554,0.091,0.208,0.208,0,0,0,0,0,0,0.274,19.444444444,20.0
0.5,0.554,0.0967,0.203,0.203,0,0,0,0,0,0,0.0915,19.444444444,20.0
0.5,0.554,0.107,0.202,0.202,0,0,0,0,0,0,0.274,19.444444444,20.0
0.5,0.556,0.114,0.202,0.202,0,0,0,0,0,0,0.0915,19.444444444,20.0
0.542,0.572,0.141,0.217,0.217,0,0,0,0,0,0,0.229,19.444444444,20.0
0.979,0.614,0.295,0.367,0.367,0,0,0,0,0,0,0.127,19.444444444,20.0
1,0.65,0.377,0.423,0.423,0,0,0,0,0,0,0.0457,19.444444444,20.0
0.958,0.655,0.484,0.504,0.504,0,0,0,0,0,0,0.183,19.444444444,20.0
0.979,0.641,0.684,0.672,0.672,0,0,0,0,0,0,0.183,19.444444444,20.0
1,0.613,0.822,0.821,0.821,0,0,0,0,0,0,0,19.444444444,20.0
1,0.561,0.734,0.814,0.814,0,0,0,0,0,0,0.0457,19.444444444,20.0
1,0.533,0.292,0.362,0.362,0,0,0,0,0,0,0.181,19.444444444,20.0
1,0.557,0.0319,0.067,0.067,0,0,0,0,0,0,0,19.444444444,20.0
1,0.564,0.0161,0.0501,0.0501,0,0,0,0,0,0,0,19.444444444,20.0
1,0.564,0.0161,0.0501,0.0501,0,0,0,0,0,0,0,19.166666667,19.166666667
1,0.564,0.0161,0.0501,0.0501,0,0,0,0,0,0,0,19.166666667,19.166666667
0.958,0.555,0.0168,0.0503,0.0503,0,0,0,0,0,0,0,19.166666667,19.166666667
0.75,0.533,0.0202,0.0579,0.0579,0,0,0,0,0,0.167,0.137,19.166666667,19.166666667
0.75,0.517,0.0307,0.109,0.109,0,0,0,0,0,1,0.274,19.166666667,19.166666667
0.75,0.531,0.0432,0.193,0.193,0,0,0,0,0,0.767,0.0959,19.166666667,19.166666667
0.521,0.555,0.0373,0.147,0.147,0,0,0,0,0,0,0.274,19.166666667,19.166666667
0.5,0.558,0.0457,0.154,0.154,0,0,0,0,0,0.167,0.144,19.166666667,19.166666667
0.5,0.554,0.0756,0.223,0.223,0,0,0,0,0,0.0667,0.125,19.166666667,19.166666667
0.5,0.554,0.0836,0.216,0.216,0,0,0,0,0,0.417,0.151,19.444444444,20.0
0.5,0.554,0.091,0.208,0.208,0,0,0,0,0,0.783,0.39,19.444444444,20.0
0.333,0.557,0.0695,0.152,0.152,0,0,0,0,0,0,0.0915,19.444444444,20.0
0.417,0.555,0.0922,0.176,0.176,0.231,0.167,0,0,0,0.233,0.0915,19.444444444,20.0
0.5,0.556,0.114,0.202,0.202,0.637,1,0,0,0,0,0.0915,19.444444444,20.0
0.542,0.572,0.141,0.217,0.217,0.645,0,0,0,0,0,0.137,19.444444444,20.0
0.917,0.611,0.278,0.348,0.348,0.157,0,0,0,0,0,0.229,19.444444444,20.0
1,0.65,0.377,0.423,0.423,0.595,0.917,0,0,0,0,0.229,19.444444444,20.0
0.958,0.655,0.484,0.504,0.504,0.675,0.0167,0,0,0,0,0,19.444444444,20.0
0.75,0.623,0.527,0.526,0.526,0.181,0,0,0,0,0,0.137,19.444444444,20.0
0.75,0.6,0.588,0.594,0.594,0,0,0,0,0,0,0.242,19.444444444,20.0
0.75,0.562,0.375,0.432,0.432,0,0,0,0,0,0,0.336,19.444444444,20.0
0.75,0.559,0.0639,0.104,0.104,0,0,0,0,0,0,0,19.444444444,20.0
0.792,0.564,0.0161,0.0501,0.0501,0,0,0,0,0,0,0,19.444444444,20.0
1,0.563,0.0165,0.0504,0.0504,0,0,0,0,0,0,0,19.444444444,20.0
1,0.564,0.0161,0.0501,0.0501,0,0,0,0,0,0,0,19.166666667,19.166666667
1,0.564,0.0161,0.0501,0.0501,0,0,0,0,0,0,0,19.166666667,19.166666667
1,0.564,0.0161,0.0501,0.0501,0,0,0,0,0,0,0,19.166666667,19.166666667
1,0.564,0.0161,0.0501,0.0501,0,0,0,0,0,0,0,19.166666667,19.166666667
1,0.545,0.0234,0.0836,0.0836,0,0,0,0,0,0.167,0.0915,19.166666667,19.166666667
1,0.521,0.0526,0.242,0.242,0,0,0.148,0.167,0,0.233,0.378,19.166666667,19.166666667
0.729,0.548,0.053,0.221,0.221,0,0,0.628,0.333,0.667,0.317,0.386,19.166666667,19.166666667
0.5,0.559,0.0409,0.139,0.139,0,0,0,0,0.0167,0,0.183,19.166666667,19.166666667
0.5,0.559,0.0458,0.136,0.136,0,0,0,0,0,0,0.183,19.166666667,19.166666667
0.5,0.555,0.0726,0.188,0.188,0,0,0,0,0,0,0.0457,19.444444444,20.0
0.5,0.554,0.091,0.208,0.208,0,0,0,0,0,0,0.148,19.444444444,20.0
0.458,0.555,0.0892,0.19,0.19,0.523,0.917,0,0,0,0,0.137,19.444444444,20.0
0.479,0.554,0.103,0.195,0.195,0.131,0.0167,0,0,0,0,0.229,19.444444444,20.0
0.5,0.556,0.114,0.202,0.202,0,0,0,0,0,0,0.183,19.444444444,20.0
0.542,0.572,0.141,0.217,0.217,0,0,0,0,0,0,0.183,19.444444444,20.0
0.792,0.606,0.244,0.308,0.308,0,0,0,0,0,0,0.274,19.444444444,20.0
1,0.65,0.377,0.423,0.423,0,0,0,0,0,0.167,0,19.444444444,20.0
1,0.658,0.511,0.529,0.529,0,0,0,0,0,0.0667,0.295,19.444444444,20.0
1,0.643,0.698,0.685,0.685,0,0,0,0,0,0,0.0457,19.444444444,20.0
1,0.613,0.822,0.821,0.821,0,0,0,0,0,0,0,19.444444444,20.0
1,0.564,0.599,0.669,0.669,0,0,0,0,0,0,0,19.444444444,20.0
1,0.541,0.215,0.275,0.275,0,0,0,0,0,0,0.0457,19.444444444,20.0
1,0.542,0.0594,0.0954,0.0954,0,0,0,0,0,0,0,19.444444444,20.0
1,0.539,0.0366,0.0666,0.0666,0,0,0,0,0,0,0,19.444444444,20.0
1,0.544,0.0249,0.0552,0.0552,0,0,0,0,0,0,0,19.166666667,19.166666667
1,0.564,0.0184,0.0501,0.0501,0,0,0,0,0,0,0,19.166666667,19.166666667
1,0.564,0.0184,0.0501,0.0501,0,0,0,0,0,0,0,19.166666667,19.166666667
1,0.564,0.0184,0.0501,0.0501,0,0,0,0,0,0,0,19.166666667,19.166666667
1,0.564,0.0184,0.0501,0.0501,0,0,0,0,0,0,0,19.166666667,19.166666667
1,0.561,0.0257,0.0828,0.0828,0.116,0.183,0,0,0,0,0.183,19.166666667,19.166666667
0.954,0.544,0.0741,0.273,0.273,0.616,0.75,0,0,0,0.683,0.137,19.166666667,19.166666667
0.75,0.554,0.0951,0.228,0.228,0.724,0,0,0,0,0.0333,0.229,19.166666667,19.166666667
0.688,0.555,0.108,0.201,0.201,0.637,0,0.106,0.183,0,0,0.183,19.166666667,19.166666667
0.625,0.556,0.11,0.174,0.174,0.106,0,0.564,0.0667,0.917,0,0.137,19.444444444,20.0
0.75,0.554,0.152,0.208,0.208,0,0,0.611,0,0,0,0.0915,19.444444444,20.0
0.579,0.557,0.114,0.151,0.151,0,0,0.548,0,0,0,0.229,19.444444444,20.0
0.904,0.547,0.306,0.3,0.3,0,0,0.169,0,0,0.683,0.491,19.444444444,20.0
1,0.549,0.414,0.353,0.353,0,0,0,0,0,0.517,0.222,19.444444444,20.0
0.767,0.574,0.351,0.286,0.286,0,0,0,0,0,0,0.183,19.444444444,20.0
0.75,0.603,0.36,0.294,0.294,0,0,0,0,0,0,0.183,19.444444444,20.0
0.642,0.619,0.327,0.288,0.288,0,0,0,0,0,0.233,0.0915,19.444444444,20.0
0.779,0.637,0.484,0.432,0.432,0,0,0,0,0,0,0.229,19.444444444,20.0
1,0.643,0.778,0.687,0.687,0,0,0,0,0,0,0,19.444444444,20.0
1,0.612,0.873,0.822,0.822,0,0,0,0,0,0,0.183,19.444444444,20.0
1,0.562,0.689,0.734,0.734,0,0,0,0,0,0,0.082,19.444444444,20.0
1,0.534,0.281,0.322,0.322,0,0,0,0,0,0,0.0457,19.444444444,20.0
1,0.534,0.0934,0.12,0.12,0,0,0,0,0,0,0,19.444444444,20.0
1,0.564,0.0184,0.0501,0.0501,0,0,0,0,0,0,0,19.444444444,20.0
1,0.564,0.0184,0.0501,0.0501,0,0,0,0,0,0,0,19.166666667,19.166666667
1,0.564,0.0184,0.0501,0.0501,0,0,0,0,0,0,0,19.166666667,19.166666667
1,0.564,0.0184,0.0501,0.0501,0,0,0,0,0,0,0,19.166666667,19.166666667
1,0.564,0.0184,0.0501,0.0501,0,0,0,0,0,0,0,19.166666667,19.166666667
1,0.564,0.0184,0.0501,0.0501,0,0,0,0,0,0,0,19.166666667,19.166666667
1,0.543,0.0348,0.151,0.151,0,0,0,0,0,0,0.155,19.166666667,19.166666667
1,0.548,0.0641,0.229,0.229,0,0,0,0,0,0,0.0915,19.166666667,19.166666667
1,0.552,0.113,0.26,0.26,0.621,0.467,0,0,0,0,0.232,19.166666667,19.166666667
0.721,0.549,0.164,0.299,0.299,0.157,0,0,0,0,0,0.174,19.166666667,19.166666667
0.546,0.553,0.151,0.231,0.231,0,0,0,0,0,0,0.335,19.444444444,20.0
0.75,0.549,0.218,0.287,0.287,0,0,0,0,0,0,0.285,19.444444444,20.0
0.517,0.553,0.17,0.208,0.208,0,0,0,0,0,0,0.411,19.444444444,20.0
0.5,0.554,0.192,0.202,0.202,0,0,0,0,0,0,0.229,19.444444444,20.0
0.5,0.556,0.216,0.202,0.202,0,0,0,0,0,0,0.137,19.444444444,20.0
0.5,0.57,0.235,0.204,0.204,0,0,0,0,0,0,0.0457,19.444444444,20.0
0.5,0.59,0.246,0.212,0.212,0,0,0,0,0,0,0.229,19.444444444,20.0
0.733,0.627,0.373,0.325,0.325,0,0,0,0,0,0,0.549,19.444444444,20.0
0.75,0.634,0.459,0.411,0.411,0,0,0,0,0,0,0.0457,19.444444444,20.0
0.75,0.623,0.588,0.528,0.528,0.503,0.683,0,0,0,0,0.13,19.444444444,20.0
0.75,0.6,0.66,0.629,0.629,0.638,0.25,0,0,0,0,0,19.444444444,20.0
0.75,0.563,0.553,0.595,0.595,0.589,0,0,0,0,0,0,19.444444444,20.0
0.75,0.547,0.169,0.207,0.207,0.439,0,0,0,0,0,0.0915,19.444444444,20.0
0.75,0.542,0.0654,0.0949,0.0949,0.6,0,0,0,0,0,0,19.444444444,20.0
0.754,0.54,0.0311,0.0665,0.0665,0.779,0,0,0,0,0,0.0457,19.444444444,20.0
0.75,0.539,0.0215,0.0553,0.0553,0.64,0,0,0,0,0,0.183,19.166666667,19.166666667
0.75,0.529,0.0173,0.0501,0.0501,0.492,0,0,0,0,0,0.0938,19.166666667,19.166666667
0.792,0.523,0.016,0.0501,0.0501,0.611,0,0,0,0,0,0,19.166666667,19.166666667
1,0.564,0.0161,0.0501,0.0501,0.129,0,0,0,0,0,0,19.166666667,19.166666667
0.833,0.548,0.0213,0.0723,0.0723,0,0,0,0,0,0,0.0938,19.166666667,19.166666667
0.708,0.547,0.0297,0.122,0.122,0,0,0,0,0,0,0.503,19.166666667,19.166666667
0.5,0.549,0.0539,0.221,0.221,0,0,0,0,0,0,0.274,19.166666667,19.166666667
0.5,0.554,0.0657,0.229,0.229,0,0,0,0,0,0,0.137,19.166666667,19.166666667
0.333,0.557,0.0555,0.165,0.165,0,0,0,0,0,0,0.0457,19.166666667,19.166666667
0.417,0.555,0.0726,0.188,0.188,0,0,0,0,0,0,0.137,19.444444444,20.0
0.5,0.554,0.091,0.208,0.208,0,0,0,0,0,0,0.229,19.444444444,20.0
0.5,0.554,0.0967,0.203,0.203,0,0,0,0,0,0,0.0457,19.444444444,20.0
0.5,0.554,0.107,0.202,0.202,0,0,0,0,0,0,0,19.444444444,20.0
0.542,0.556,0.114,0.202,0.202,0,0,0,0,0,0.233,0.326,19.444444444,20.0
0.75,0.57,0.129,0.204,0.204,0,0,0,0,0,0,0.503,19.444444444,20.0
0.75,0.598,0.207,0.267,0.267,0,0,0,0,0,0,0.183,19.444444444,20.0
0.854,0.637,0.327,0.371,0.371,0,0,0,0,0,0,0.0457,19.444444444,20.0
0.833,0.643,0.426,0.447,0.447,0,0,0,0,0,0,0.215,19.444444444,20.0
0.75,0.623,0.527,0.526,0.526,0,0,0,0,0,0,0.199,19.444444444,20.0
0.708,0.6,0.588,0.594,0.594,0,0,0,0,0,0,0.166,19.444444444,20.0
0.5,0.566,0.337,0.389,0.389,0,0,0,0,0,0,0,19.444444444,20.0
0.729,0.555,0.102,0.148,0.148,0,0,0,0,0,0,0,19.444444444,20.0
0.854,0.564,0.0161,0.0501,0.0501,0,0,0,0,0,0,0,19.444444444,20.0
1,0.564,0.0161,0.0501,0.0501,0,0,0,0,0,0,0,19.444444444,20.0
1,0.564,0.0161,0.0501,0.0501,0,0,0,0,0,0,0,19.166666667,19.166666667
1,0.564,0.0161,0.0501,0.0501,0,0,0,0,0,0,0,19.166666667,19.166666667
1,0.564,0.0161,0.0501,0.0501,0,0,0,0,0,0,0,19.166666667,19.166666667
1,0.564,0.0161,0.0501,0.0501,0,0,0,0,0,0,0,19.166666667,19.166666667
1,0.536,0.027,0.1,0.1,0,0,0,0,0,0.233,0.103,19.166666667,19.166666667
1,0.513,0.06,0.279,0.279,0,0,0,0,0,0,0.32,19.166666667,19.166666667
0.771,0.54,0.0767,0.325,0.325,0,0,0,0,0,0,0.244,19.166666667,19.166666667
0.979,0.544,0.113,0.399,0.399,0,0,0,0,0,0,0.399,19.166666667,19.166666667
1,0.544,0.135,0.395,0.395,0,0,0,0,0,0,0.319,19.166666667,19.166666667
1,0.544,0.151,0.383,0.383,0,0,0,0,0,0,0.603,19.444444444,20.0
0.958,0.548,0.134,0.301,0.301,0,0,0.135,0.167,0,0,0.0915,19.444444444,20.0
0.708,0.555,0.0892,0.19,0.19,0,0,0.351,0.333,0.667,0,0.32,19.444444444,20.0
0.5,0.559,0.0616,0.126,0.126,0,0,0,0,0.25,0,0.137,19.444444444,20.0
0.729,0.556,0.11,0.195,0.195,0,0,0,0,0,0.233,0.0457,19.444444444,20.0
0.854,0.574,0.166,0.249,0.249,0,0,0,0,0,0,0.274,19.444444444,20.0
1,0.615,0.301,0.374,0.374,0,0,0,0,0,0,0.457,19.444444444,20.0
1,0.65,0.377,0.423,0.423,0,0,0,0,0,0,0.595,19.444444444,20.0
1,0.658,0.511,0.529,0.529,0,0,0.424,0.5,0.167,0,0.0915,19.444444444,20.0
1,0.643,0.698,0.685,0.685,0,0,0.452,0,0.75,0,0,19.444444444,20.0
1,0.613,0.79,0.787,0.787,0,0,0.512,0,0,0,0.0457,19.444444444,20.0
1,0.564,0.535,0.601,0.601,0,0,0,0,0,0,0.146,19.444444444,20.0
1,0.544,0.186,0.243,0.243,0,0,0,0,0,0,0.0974,19.444444444,20.0
1,0.546,0.0556,0.0923,0.0923,0,0,0,0,0,0,0,19.444444444,20.0
1,0.563,0.0164,0.0504,0.0504,0,0,0,0,0,0,0,19.444444444,20.0
1,0.564,0.0161,0.0501,0.0501,0,0,0,0,0,0,0,19.166666667,19.166666667
1,0.564,0.0161,0.0501,0.0501,0,0,0,0,0,0,0,19.166666667,19.166666667
1,0.564,0.0161,0.0501,0.0501,0,0,0,0,0,0,0,19.166666667,19.166666667
1,0.564,0.0161,0.0501,0.0501,0,0,0,0,0,0,0,19.166666667,19.166666667
1,0.564,0.0161,0.0501,0.0501,0,0,0,0,0,0,0,19.166666667,19.166666667
1,0.553,0.0255,0.0989,0.0989,0,0,0,0,0,0,0.0457,19.166666667,19.166666667
1,0.544,0.0673,0.281,0.281,0,0,0,0,0,0,0.253,19.166666667,19.166666667
0.771,0.55,0.0845,0.295,0.295,0,0,0,0,0,0,0.0457,19.166666667,19.166666667
0.583,0.552,0.0853,0.252,0.252,0,0,0,0,0,0,0.0457,19.166666667,19.166666667
0.5,0.554,0.0836,0.216,0.216,0,0,0,0,0,0,0.274,19.444444444,20.0
0.5,0.554,0.091,0.208,0.208,0,0,0,0,0,0,0.274,19.444444444,20.0
0.458,0.555,0.0892,0.19,0.19,0,0,0,0,0,0,0.183,19.444444444,20.0
0.396,0.556,0.0889,0.17,0.17,0,0,0,0,0,0,0.229,19.444444444,20.0
0.75,0.553,0.142,0.246,0.246,0,0,0,0,0,0,0.32,19.444444444,20.0
0.75,0.57,0.129,0.204,0.204,0,0,0,0,0,0,0.274,19.444444444,20.0
0.75,0.589,0.159,0.212,0.212,0,0,0,0,0,0,0.327,19.444444444,20.0
0.625,0.596,0.154,0.192,0.192,0,0,0,0,0,0,0.243,19.444444444,20.0
0.979,0.642,0.434,0.454,0.454,0,0,0.595,0.25,0.667,0.917,0.0915,19.444444444,20.0
1,0.643,0.698,0.685,0.685,0.566,0.917,0.526,0,0.483,0.533,0.0457,19.444444444,20.0
1,0.613,0.822,0.821,0.821,0.139,0.0167,0.543,0,0,0,0,19.444444444,20.0
1,0.561,0.734,0.814,0.814,0,0,0,0,0,0,0,19.444444444,20.0
1,0.539,0.234,0.297,0.297,0,0,0,0,0,0,0,19.444444444,20.0
1,0.542,0.0584,0.0954,0.0954,0,0,0,0,0,0,0,19.444444444,20.0
1,0.556,0.0215,0.0561,0.0561,0,0,0,0,0,0,0,19.444444444,20.0
1,0.564,0.0161,0.0501,0.0501,0,0,0,0,0,0,0,19.166666667,19.166666667
1,0.564,0.0161,0.0501,0.0501,0,0,0,0,0,0,0,19.166666667,19.166666667
1,0.564,0.0161,0.0501,0.0501,0,0,0,0,0,0,0,19.166666667,19.166666667
1,0.564,0.0161,0.0501,0.0501,0,0,0,0,0,0,0,19.166666667,19.166666667
1,0.561,0.0182,0.0614,0.0614,0,0,0,0,0,0.167,0.0457,19.166666667,19.166666667
0.958,0.537,0.0391,0.17,0.17,0,0,0,0,0,0.317,0.378,19.166666667,19.166666667
0.75,0.548,0.0554,0.229,0.229,0,0,0,0,0,0,0.178,19.166666667,19.166666667
0.583,0.556,0.0537,0.184,0.184,0,0,0,0,0,0,0.554,19.166666667,19.166666667
0.458,0.555,0.0701,0.209,0.209,0,0,0,0,0,0,0.241,19.166666667,19.166666667
0.25,0.559,0.0498,0.133,0.133,0,0,0,0,0,0,0.0457,19.444444444,20.0
0.0833,0.562,0.0285,0.0767,0.0767,0,0,0,0,0,0,0,19.444444444,20.0
0.229,0.559,0.0531,0.12,0.12,0,0,0,0,0,0,0.274,19.444444444,20.0
0.25,0.559,0.0616,0.126,0.126,0,0,0,0,0,0,0.366,19.444444444,20.0
0.312,0.558,0.077,0.145,0.145,0,0,0,0,0,0,0.0915,19.444444444,20.0
0.521,0.572,0.136,0.211,0.211,0,0,0,0,0,0,0.0915,19.444444444,20.0
0.979,0.614,0.295,0.367,0.367,0,0,0,0,0,0.417,0.274,19.444444444,20.0
1,0.639,0.334,0.379,0.379,0,0,0,0,0,0.0667,0.0915,19.444444444,20.0
1,0.655,0.484,0.504,0.504,0,0,0,0,0,0,0.194,19.444444444,20.0
0.896,0.634,0.609,0.602,0.602,0,0,0,0,0,0,0.302,19.444444444,20.0
0.979,0.612,0.805,0.805,0.805,0,0,0.376,0.5,0.417,0,0.0154,19.444444444,20.0
1,0.564,0.551,0.618,0.618,0,0,0.559,0,0.267,0,0.0457,19.444444444,20.0
1,0.55,0.129,0.178,0.178,0,0,0.325,0,0,0,0,19.444444444,20.0
1,0.557,0.0319,0.067,0.067,0,0,0,0,0,0,0,19.444444444,20.0
1,0.564,0.0161,0.0501,0.0501,0,0,0,0,0,0,0,19.444444444,20.0
1,0.56,0.0163,0.0501,0.0501,0,0,0,0,0,0,0.0915,19.166666667,19.166666667
1,0.539,0.017,0.0501,0.0501,0,0,0,0,0,0,0,19.166666667,19.166666667
1,0.543,0.0161,0.0501,0.0501,0,0,0,0,0,0,0.134,19.166666667,19.166666667
1,0.564,0.0161,0.0501,0.0501,0,0,0,0,0,0,0,19.166666667,19.166666667
1,0.564,0.0161,0.0501,0.0501,0,0,0,0,0,0,0,19.166666667,19.166666667
1,0.538,0.038,0.165,0.165,0,0,0,0,0,0,0.353,19.166666667,19.166666667
0.833,0.547,0.0594,0.244,0.244,0,0,0,0,0,0,0.498,19.166666667,19.166666667
0.75,0.549,0.0905,0.318,0.318,0,0,0,0,0,0,0.295,19.166666667,19.166666667
0.583,0.552,0.0853,0.252,0.252,0,0,0,0,0,0,0.352,19.166666667,19.166666667
0.5,0.554,0.0836,0.216,0.216,0,0,0,0,0,0.167,0.123,19.444444444,20.0
0.542,0.553,0.0976,0.221,0.221,0,0,0,0,0,1,0.27,19.444444444,20.0
0.75,0.549,0.137,0.28,0.28,0,0,0,0,0,0.0333,0.0915,19.444444444,20.0
0.75,0.549,0.153,0.277,0.277,0,0,0.162,0.167,0,0,0.0457,19.444444444,20.0
0.75,0.552,0.163,0.278,0.278,0,0,0.833,0.333,0.667,0,0.137,19.444444444,20.0
0.75,0.573,0.186,0.281,0.281,0,0,0.529,0,0.25,0,0.183,19.444444444,20.0
0.75,0.602,0.23,0.293,0.293,0,0,0.372,0,0,0,0.0457,19.444444444,20.0
0.688,0.623,0.265,0.308,0.308,0.446,0.417,0.239,0,0,0,0,19.444444444,20.0
0.792,0.638,0.415,0.435,0.435,0.286,0.75,0,0,0,0,0.415,19.444444444,20.0
1,0.643,0.698,0.685,0.685,0,0,0,0,0,0,0.214,19.444444444,20.0
1,0.613,0.79,0.787,0.787,0,0,0,0,0,0,0.231,19.444444444,20.0
1,0.565,0.42,0.478,0.478,0,0,0,0,0,0,0.236,19.444444444,20.0
1,0.554,0.112,0.158,0.158,0,0,0,0,0,0,0,19.444444444,20.0
1,0.564,0.0165,0.0501,0.0501,0,0,0,0,0,0,0,19.444444444,20.0
1,0.564,0.0184,0.0501,0.0501,0,0,0,0,0,0,0,19.444444444,20.0
1,0.564,0.0184,0.0501,0.0501,0,0,0,0,0,0,0,19.166666667,19.166666667
1,0.564,0.0184,0.0501,0.0501,0,0,0,0,0,0,0,19.166666667,19.166666667
1,0.564,0.0184,0.0501,0.0501,0,0,0,0,0,0,0,19.166666667,19.166666667
1,0.564,0.0184,0.0501,0.0501,0,0,0,0,0,0,0,19.166666667,19.166666667
1,0.564,0.0184,0.0501,0.0501,0,0,0,0,0,0,0,19.166666667,19.166666667
1,0.552,0.0303,0.117,0.117,0,0,0,0,0,0,0.178,19.166666667,19.166666667
0.954,0.549,0.0576,0.212,0.212,0,0,0,0,0,0.183,0.416,19.166666667,19.166666667
0.704,0.556,0.0747,0.184,0.184,0,0,0,0,0,0.3,0.24,19.166666667,19.166666667
0.5,0.555,0.105,0.195,0.195,0,0,0,0,0,0.233,0.229,19.166666667,19.166666667
0.5,0.554,0.139,0.216,0.216,0,0,0,0,0,0,0.0915,19.444444444,20.0
0.5,0.554,0.152,0.208,0.208,0,0,0,0,0,0,0.137,19.444444444,20.0
0.5,0.554,0.165,0.203,0.203,0,0,0,0,0,0,0.137,19.444444444,20.0
0.5,0.554,0.192,0.202,0.202,0,0,0,0,0,0,0.32,19.444444444,20.0
0.562,0.555,0.24,0.221,0.221,0,0,0,0,0,0,0.624,19.444444444,20.0
0.5,0.57,0.235,0.204,0.204,0,0,0,0,0,0.433,0.454,19.444444444,20.0
0.842,0.609,0.402,0.324,0.324,0,0,0.297,0.5,0.183,0.283,0.183,19.444444444,20.0
0.938,0.644,0.473,0.403,0.403,0,0,0.53,0,0.967,0.233,0.137,19.444444444,20.0
1,0.658,0.606,0.532,0.532,0,0,0.49,0,0,0,0.457,19.444444444,20.0
1,0.643,0.778,0.687,0.687,0,0,0.357,0,0,0,0.0915,19.444444444,20.0
1,0.612,0.873,0.822,0.822,0,0,0.617,0,0,0,0.168,19.444444444,20.0
1,0.564,0.617,0.66,0.66,0,0,0.297,0,0,0,0.0871,19.444444444,20.0
1,0.537,0.241,0.281,0.281,0.598,0.683,0,0,0,0,0,19.444444444,20.0
1,0.53,0.0971,0.124,0.124,0.67,0.25,0,0,0,0,0,19.444444444,20.0
1,0.556,0.0249,0.0561,0.0561,0.27,0,0,0,0,0,0,19.444444444,20.0
1,0.564,0.0184,0.0501,0.0501,0,0,0,0,0,0,0,19.166666667,19.166666667
1,0.564,0.0184,0.0501,0.0501,0,0,0,0,0,0,0,19.166666667,19.166666667
1,0.559,0.0187,0.0502,0.0502,0,0,0,0,0,0,0,19.166666667,19.166666667
1,0.539,0.0204,0.0546,0.0546,0,0,0,0,0,0,0.229,19.166666667,19.166666667
1,0.54,0.0228,0.0803,0.0803,0,0,0,0,0,0,0.137,19.166666667,19.166666667
0.846,0.553,0.0236,0.0886,0.0886,0,0,0,0,0,0,0.0915,19.166666667,19.166666667
0.5,0.564,0.0184,0.0501,0.0501,0,0,0,0,0,0,0,19.166666667,19.166666667
0.5,0.563,0.0274,0.066,0.066,0,0,0,0,0,0,0.255,19.166666667,19.166666667
0.5,0.559,0.0693,0.136,0.136,0,0,0,0,0,0.683,0.279,19.166666667,19.166666667
0.688,0.554,0.135,0.211,0.211,0,0,0,0,0,0.0333,0.183,19.444444444,20.0
0.392,0.556,0.122,0.174,0.174,0,0,0,0,0,0,0.0457,19.444444444,20.0
0.25,0.559,0.0917,0.127,0.127,0,0,0,0,0,0,0.0915,19.444444444,20.0
0.483,0.554,0.186,0.197,0.197,0,0,0,0,0,0,0,19.444444444,20.0
0.546,0.556,0.236,0.216,0.216,0,0,0,0,0,0,0.229,19.444444444,20.0
0.704,0.571,0.323,0.266,0.266,0,0,0,0,0,0,0.229,19.444444444,20.0
0.592,0.597,0.289,0.245,0.245,0,0,0,0,0,0,0.412,19.444444444,20.0
1,0.65,0.502,0.425,0.425,0,0,0,0,0,0,0,19.444444444,20.0
1,0.658,0.606,0.532,0.532,0,0,0,0,0,0,0.461,19.444444444,20.0
0.829,0.629,0.646,0.576,0.576,0.146,0.183,0,0,0,0.233,0.152,19.444444444,20.0
0.796,0.6,0.696,0.666,0.666,0.647,0.75,0.178,0.183,0,0,0,19.444444444,20.0
1,0.56,0.762,0.809,0.809,0.409,0,0.376,0.317,0.683,0,0.157,19.444444444,20.0
1,0.52,0.392,0.438,0.438,0,0,0,0,1,0,0.13,19.444444444,20.0
1,0.508,0.143,0.168,0.168,0,0,0,0,0.383,0,0.0869,19.444444444,20.0
1,0.524,0.044,0.0808,0.0808,0,0,0,0,0,0,0.229,19.444444444,20.0
1,0.564,0.0161,0.0501,0.0501,0,0,0,0,0,0,0,19.166666667,19.166666667
1,0.564,0.0161,0.0501,0.0501,0,0,0,0,0,0,0,19.166666667,19.166666667
1,0.564,0.0161,0.0501,0.0501,0,0,0,0,0,0,0,19.166666667,19.166666667
1,0.564,0.0161,0.0501,0.0501,0,0,0,0,0,0,0,19.166666667,19.166666667
1,0.564,0.0161,0.0501,0.0501,0,0,0,0,0,0,0,19.166666667,19.166666667
1,0.564,0.0161,0.0501,0.0501,0,0,0,0,0,0,0,19.166666667,19.166666667
0.729,0.559,0.0295,0.11,0.11,0,0,0,0,0,0,0.0457,19.166666667,19.166666667
0.5,0.558,0.0457,0.154,0.154,0,0,0,0,0,0,0.229,19.166666667,19.166666667
0.5,0.554,0.0756,0.223,0.223,0,0,0,0,0,0,0.0457,19.166666667,19.166666667
0.5,0.554,0.0836,0.216,0.216,0,0,0,0,0,0,0.643,19.444444444,20.0
0.5,0.554,0.091,0.208,0.208,0,0,0,0,0,0.667,0.228,19.444444444,20.0
0.5,0.554,0.0967,0.203,0.203,0,0,0,0,0,0.05,0.187,19.444444444,20.0
0.604,0.552,0.126,0.233,0.233,0,0,0,0,0,0,0.267,19.444444444,20.0
0.708,0.552,0.154,0.265,0.265,0,0,0,0,0,0,0.239,19.444444444,20.0
0.667,0.572,0.168,0.255,0.255,0,0,0,0,0,0.167,0.451,19.444444444,20.0
0.979,0.614,0.295,0.367,0.367,0,0,0,0,0,0.0667,0.274,19.444444444,20.0
1,0.65,0.377,0.423,0.423,0.141,0.167,0,0,0,0,0.278,19.444444444,20.0
0.958,0.655,0.484,0.504,0.504,0.707,0.767,0,0,0,0,0.519,19.444444444,20.0
0.75,0.623,0.527,0.526,0.526,0,0,0,0,0,0,0.0146,19.444444444,20.0
0.854,0.604,0.703,0.71,0.71,0,0,0,0,0,0,0.151,19.444444444,20.0
1,0.564,0.551,0.618,0.618,0.628,0.667,0,0,0,0,0.0602,19.444444444,20.0
1,0.537,0.223,0.284,0.284,0,0.267,0,0,0,0,0.152,19.444444444,20.0
1,0.555,0.0358,0.0712,0.0712,0,0,0,0,0,0,0,19.444444444,20.0
1,0.563,0.0164,0.0504,0.0504,0,0,0,0,0,0,0,19.444444444,20.0
1,0.564,0.0161,0.0501,0.0501,0,0,0,0,0,0,0,19.166666667,19.166666667
1,0.564,0.0161,0.0501,0.0501,0,0,0,0,0,0,0,19.166666667,19.166666667
1,0.564,0.0161,0.0501,0.0501,0,0,0,0,0,0,0,19.166666667,19.166666667
1,0.555,0.0182,0.0574,0.0574,0,0,0,0,0,0,0.236,19.166666667,19.166666667
0.833,0.517,0.0307,0.109,0.109,0,0,0,0,0,0.167,0.239,19.166666667,19.166666667
0.521,0.546,0.0307,0.127,0.127,0,0,0,0,0,0.317,0.137,19.166666667,19.166666667
0.5,0.555,0.0398,0.154,0.154,0,0,0,0,0,0,0,19.166666667,19.166666667
0.333,0.557,0.0489,0.169,0.169,0,0,0,0,0,0,0.123,19.166666667,19.166666667
0.354,0.557,0.0586,0.172,0.172,0,0,0,0,0,0,0.319,19.166666667,19.166666667
0.5,0.554,0.0836,0.216,0.216,0,0,0,0,0,0,0.477,19.444444444,20.0
0.396,0.556,0.0752,0.176,0.176,0,0,0,0,0,0,0.118,19.444444444,20.0
0.25,0.559,0.0564,0.127,0.127,0,0,0,0,0,0,0.0915,19.444444444,20.0
0.25,0.559,0.0616,0.126,0.126,0,0,0,0,0,0,0.0457,19.444444444,20.0
0.375,0.557,0.089,0.164,0.164,0,0,0,0,0,0,0.412,19.444444444,20.0
0.292,0.569,0.0841,0.14,0.14,0,0,0,0,0,0,0.137,19.444444444,20.0
0.5,0.589,0.159,0.212,0.212,0,0,0,0,0,0,0.274,19.444444444,20.0
0.833,0.636,0.32,0.364,0.364,0,0,0,0,0,0,0.0781,19.444444444,20.0
1,0.658,0.511,0.529,0.529,0,0,0,0,0,0,0.282,19.444444444,20.0
1,0.643,0.698,0.685,0.685,0,0,0,0,0,0,0.0915,19.444444444,20.0
1,0.605,0.688,0.692,0.692,0,0,0,0,0,0,0,19.444444444,20.0
1,0.562,0.391,0.449,0.449,0,0,0,0,0,0,0,19.444444444,20.0
1,0.537,0.223,0.284,0.284,0,0,0,0,0,0,0,19.444444444,20.0
1,0.54,0.0623,0.0996,0.0996,0,0,0,0,0,0,0,19.444444444,20.0
1,0.562,0.0172,0.0514,0.0514,0,0,0,0,0,0,0,19.444444444,20.0
1,0.564,0.0161,0.0501,0.0501,0,0,0,0,0,0,0,19.166666667,19.166666667
1,0.564,0.0161,0.0501,0.0501,0,0,0,0,0,0,0,19.166666667,19.166666667
1,0.564,0.0161,0.0501,0.0501,0,0,0,0,0,0,0,19.166666667,19.166666667
1,0.56,0.0171,0.0537,0.0537,0,0,0,0,0,0,0.281,19.166666667,19.166666667
1,0.537,0.0255,0.0908,0.0908,0,0,0,0,0,0.233,0.225,19.166666667,19.166666667
1,0.521,0.0526,0.242,0.242,0,0,0,0,0,0,0.728,19.166666667,19.166666667
0.833,0.545,0.0657,0.273,0.273,0,0,0,0,0,0.167,0.194,19.166666667,19.166666667
0.583,0.552,0.0737,0.258,0.258,0,0,0,0,0,0.55,0.172,19.166666667,19.166666667
0.5,0.554,0.0756,0.223,0.223,0,0,0,0,0,0,0.388,19.166666667,19.166666667
0.5,0.554,0.0836,0.216,0.216,0,0,0,0,0,0,0,19.444444444,20.0
0.5,0.554,0.091,0.208,0.208,0,0,0,0,0,0,0.183,19.444444444,20.0
0.604,0.552,0.114,0.235,0.235,0,0,0,0,0,0,0.402,19.444444444,20.0
0.583,0.552,0.122,0.227,0.227,0,0,0,0,0,0,0.533,19.444444444,20.0
0.5,0.556,0.114,0.202,0.202,0,0,0,0,0,0,0.0915,19.444444444,20.0
0.5,0.57,0.129,0.204,0.204,0,0,0,0,0,0,0.274,19.444444444,20.0
0.542,0.593,0.173,0.227,0.227,0,0,0,0,0,0,0,19.444444444,20.0
0.854,0.637,0.327,0.371,0.371,0,0,0,0,0,0.233,0.0915,19.444444444,20.0
1,0.658,0.511,0.529,0.529,0,0,0,0,0,0,0.119,19.444444444,20.0
0.667,0.61,0.391,0.399,0.399,0,0,0,0,0,0,0.244,19.444444444,20.0
0.5,0.576,0.217,0.243,0.243,0,0,0,0,0,0,0.0457,19.444444444,20.0
0.5,0.563,0.195,0.241,0.241,0,0,0,0,0,0,0,19.444444444,20.0
0.771,0.548,0.148,0.199,0.199,0,0,0,0,0,0,0.193,19.444444444,20.0
1,0.557,0.0319,0.067,0.067,0,0,0,0,0,0,0,19.444444444,20.0
1,0.564,0.0161,0.0501,0.0501,0,0,0,0,0,0,0,19.444444444,20.0
1,0.564,0.0161,0.0501,0.0501,0,0,0,0,0,0,0,19.166666667,19.166666667
1,0.56,0.0161,0.0501,0.0501,0,0,0,0,0,0,0.11,19.166666667,19.166666667
1,0.562,0.0161,0.0501,0.0501,0,0,0,0,0,0,0.0781,19.166666667,19.166666667
1,0.564,0.0161,0.0501,0.0501,0,0,0,0,0,0,0,19.166666667,19.166666667
1,0.558,0.0203,0.0727,0.0727,0,0,0,0,0,0,0.0887,19.166666667,19.166666667
1,0.53,0.0464,0.208,0.208,0,0,0,0,0,0.167,0.187,19.166666667,19.166666667
0.958,0.537,0.0845,0.362,0.362,0,0,0,0,0,0.317,0.24,19.166666667,19.166666667
0.75,0.549,0.0905,0.318,0.318,0,0,0,0,0,0,0.544,19.166666667,19.166666667
0.521,0.553,0.078,0.23,0.23,0,0,0,0,0,0,0.332,19.166666667,19.166666667
0.5,0.554,0.0836,0.216,0.216,0,0,0,0,0,0,0.0915,19.444444444,20.0
0.5,0.554,0.091,0.208,0.208,0,0,0,0,0,0,0.0457,19.444444444,20.0
0.5,0.554,0.0967,0.203,0.203,0,0,0.241,0.417,0,0,0.0915,19.444444444,20.0
0.333,0.557,0.0767,0.151,0.151,0,0,0.427,0.333,0.667,0,0.183,19.444444444,20.0
0.292,0.56,0.0741,0.139,0.139,0,0,0,0,0.0167,0,0.288,19.444444444,20.0
0.5,0.567,0.0772,0.133,0.133,0,0,0,0,0,0,0.334,19.444444444,20.0
0.5,0.588,0.153,0.205,0.205,0,0,0,0,0,0,0.268,19.444444444,20.0
0.667,0.621,0.258,0.3,0.3,0.126,0.167,0,0,0,0.167,0.279,19.444444444,20.0
0.812,0.641,0.417,0.438,0.438,0.392,0.767,0.301,0.5,0.167,1,0.274,19.444444444,20.0
0.917,0.636,0.643,0.634,0.634,0.677,0.667,0.693,0,0.75,0.0333,0.144,19.444444444,20.0
1,0.613,0.822,0.821,0.821,0,0.267,0.521,0,0,0,0.291,19.444444444,20.0
1,0.564,0.551,0.618,0.618,0,0,0.194,0,0,0,0,19.444444444,20.0
1,0.553,0.121,0.169,0.169,0,0,0,0,0,0,0,19.444444444,20.0
1,0.564,0.0161,0.0501,0.0501,0,0,0,0,0,0,0,19.444444444,20.0
1,0.564,0.0161,0.0501,0.0501,0,0,0,0,0,0,0,19.444444444,20.0
1,0.564,0.0161,0.0501,0.0501,0,0,0,0,0,0,0,19.166666667,19.166666667
1,0.564,0.0161,0.0501,0.0501,0,0,0,0,0,0,0,19.166666667,19.166666667
1,0.551,0.0161,0.0501,0.0501,0,0,0,0,0,0,0.346,19.166666667,19.166666667
1,0.564,0.0161,0.0501,0.0501,0,0,0,0,0,0,0,19.166666667,19.166666667
1,0.564,0.0161,0.0501,0.0501,0,0,0,0,0,0,0,19.166666667,19.166666667
0.833,0.564,0.0161,0.0501,0.0501,0,0,0,0,0,0,0,19.166666667,19.166666667
0.75,0.563,0.0201,0.0651,0.0651,0,0,0,0,0,0,0,19.166666667,19.166666667
0.75,0.559,0.0409,0.139,0.139,0,0,0.189,0.167,0,0,0.0457,19.166666667,19.166666667
0.521,0.558,0.0514,0.15,0.15,0,0,0.507,0.333,0.667,0,0.0943,19.166666667,19.166666667
0.5,0.554,0.0836,0.216,0.216,0,0,0.424,0,0.25,0.167,0.32,19.444444444,20.0
0.5,0.554,0.091,0.208,0.208,0,0,0.432,0,0,0.317,0.32,19.444444444,20.0
0.5,0.554,0.0967,0.203,0.203,0,0,0.567,0,0,0,0.229,19.444444444,20.0
0.5,0.554,0.107,0.202,0.202,0,0,0.731,0,0,0,0.229,19.444444444,20.0
0.5,0.556,0.114,0.202,0.202,0,0,0.31,0,0,0,0.412,19.444444444,20.0
0.542,0.572,0.141,0.217,0.217,0,0,0.708,0,0,0,0.229,19.444444444,20.0
0.688,0.599,0.213,0.273,0.273,0,0,0.452,0,0,0.667,0.0915,19.444444444,20.0
0.75,0.628,0.287,0.33,0.33,0,0,0,0,0,0.3,0.0457,19.444444444,20.0
0.938,0.653,0.474,0.494,0.494,0,0,0.441,0.5,0.417,0.167,0.137,19.444444444,20.0
0.75,0.623,0.527,0.526,0.526,0,0,0.452,0,0.5,0.0667,0.137,19.444444444,20.0
0.75,0.6,0.588,0.594,0.594,0,0,0.579,0,0,0,0.164,19.444444444,20.0
0.917,0.565,0.452,0.512,0.512,0,0,0.507,0,0,0,0,19.444444444,20.0
1,0.551,0.12,0.167,0.167,0,0,0.047,0,0,0,0,19.444444444,20.0
1,0.546,0.0559,0.0923,0.0923,0,0,0,0,0,0,0,19.444444444,20.0
1,0.564,0.0184,0.0501,0.0501,0,0,0,0,0,0,0,19.444444444,20.0
1,0.564,0.0184,0.0501,0.0501,0,0,0,0,0,0,0,19.166666667,19.166666667
1,0.564,0.0184,0.0501,0.0501,0,0,0,0,0,0,0,19.166666667,19.166666667
1,0.564,0.0184,0.0501,0.0501,0,0,0,0,0,0,0,19.166666667,19.166666667
1,0.564,0.0184,0.0501,0.0501,0,0,0,0,0,0,0,19.166666667,19.166666667
1,0.564,0.0184,0.0501,0.0501,0,0,0,0,0,0,0,19.166666667,19.166666667
1,0.562,0.0221,0.0665,0.0665,0,0,0,0,0,0,0.2,19.166666667,19.166666667
1,0.555,0.0479,0.156,0.156,0,0,0,0,0,0.183,0.685,19.166666667,19.166666667
1,0.553,0.104,0.244,0.244,0,0,0,0,0,0.05,0.244,19.166666667,19.166666667
0.954,0.55,0.16,0.294,0.294,0,0,0,0,0,0,0.398,19.166666667,19.166666667
0.75,0.553,0.151,0.231,0.231,0,0,0,0,0,0,0.183,19.444444444,20.0
0.938,0.545,0.267,0.347,0.347,0,0,0,0,0,0,0.137,19.444444444,20.0
0.75,0.549,0.238,0.279,0.279,0,0,0,0,0,0,0.0457,19.444444444,20.0
0.75,0.549,0.279,0.277,0.277,0,0,0,0,0,0.233,0.366,19.444444444,20.0
0.75,0.552,0.315,0.278,0.278,0,0,0,0,0,0,0.32,19.444444444,20.0
0.75,0.573,0.343,0.281,0.281,0,0,0,0,0,0,0.0915,19.444444444,20.0
0.75,0.603,0.36,0.294,0.294,0,0,0,0,0,0,0.229,19.444444444,20.0
0.921,0.643,0.465,0.397,0.397,0,0,0,0,0,0,0,19.444444444,20.0
0.954,0.654,0.572,0.504,0.504,0,0,0,0,0,0,0.32,19.444444444,20.0
0.858,0.631,0.674,0.601,0.601,0.439,0.433,0,0,0,0,0.0457,19.444444444,20.0
1,0.612,0.873,0.822,0.822,0.114,0.5,0,0,0,0,0.0457,19.444444444,20.0
1,0.56,0.762,0.809,0.809,0,0,0,0,0,0,0.0915,19.444444444,20.0
1,0.517,0.423,0.47,0.47,0,0,0,0,0,0,0,19.444444444,20.0
1,0.518,0.128,0.152,0.152,0,0,0,0,0,0,0,19.444444444,20.0
1,0.556,0.0249,0.0561,0.0561,0,0,0,0,0,0,0,19.444444444,20.0
1,0.564,0.0184,0.0501,0.0501,0,0,0,0,0,0,0,19.166666667,19.166666667
1,0.564,0.0184,0.0501,0.0501,0,0,0,0,0,0,0,19.166666667,19.166666667
1,0.564,0.0184,0.0501,0.0501,0,0,0,0,0,0,0,19.166666667,19.166666667
1,0.564,0.0184,0.0501,0.0501,0,0,0,0,0,0,0,19.166666667,19.166666667
1,0.564,0.0184,0.0501,0.0501,0,0,0,0,0,0,0,19.166666667,19.166666667
0.829,0.564,0.0184,0.0501,0.0501,0,0,0,0,0,0,0,19.166666667,19.166666667
0.75,0.562,0.0316,0.083,0.083,0,0,0,0,0,0,0.2,19.166666667,19.166666667
0.75,0.556,0.0771,0.19,0.19,0,0,0,0,0,0.233,0.304,19.166666667,19.166666667
0.658,0.56,0.0585,0.121,0.121,0,0,0,0,0,0,0.288,19.166666667,19.166666667
0.25,0.563,0.0304,0.0647,0.0647,0,0,0,0,0,0,0,19.444444444,20.0
0.467,0.554,0.144,0.197,0.197,0,0,0,0,0,0.683,0.0915,19.444444444,20.0
0.921,0.545,0.289,0.332,0.332,0,0,0,0,0,0.283,0.183,19.444444444,20.0
0.954,0.545,0.348,0.339,0.339,0,0,0,0,0,0,0.183,19.444444444,20.0
0.75,0.552,0.315,0.278,0.278,0,0,0,0,0,0,0.229,19.444444444,20.0
0.921,0.576,0.418,0.334,0.334,0,0,0,0,0,0,0.638,19.444444444,20.0
1,0.616,0.473,0.375,0.375,0,0,0.483,0.5,0.183,0,0.564,19.444444444,20.0
0.425,0.6,0.221,0.206,0.206,0,0,0,0,0.733,0,0.328,19.444444444,20.0
0.296,0.591,0.199,0.198,0.198,0,0,0,0,0,0,0.0457,19.444444444,20.0
0.671,0.616,0.53,0.48,0.48,0,0,0,0,0,0,0,19.444444444,20.0
0.75,0.596,0.532,0.507,0.507,0,0,0,0,0,0,0.137,19.444444444,20.0
0.921,0.561,0.327,0.365,0.365,0,0,0,0,0,0,0,19.444444444,20.0
0.954,0.541,0.232,0.272,0.272,0,0,0,0,0,0,0,19.444444444,20.0
0.983,0.53,0.108,0.136,0.136,0,0,0,0,0,0,0,19.444444444,20.0
1,0.563,0.0279,0.0654,0.0654,0,0,0,0,0,0,0,19.444444444,20.0
1,0.564,0.0161,0.0501,0.0501,0,0,0,0,0,0,0,19.166666667,19.166666667
1,0.564,0.0161,0.0501,0.0501,0,0,0,0,0,0,0,19.166666667,19.166666667
1,0.564,0.0161,0.0501,0.0501,0,0,0,0,0,0,0,19.166666667,19.166666667
1,0.564,0.0161,0.0501,0.0501,0,0,0,0,0,0,0,19.166666667,19.166666667
1,0.562,0.0207,0.0716,0.0716,0,0,0,0,0,0,0.35,19.166666667,19.166666667
0.892,0.578,0.0411,0.22,0.22,0,0,0,0,0,0,0.742,19.166666667,19.166666667
0.75,0.615,0.062,0.32,0.32,0,0,0,0,0,0.433,0.566,19.166666667,19.166666667
0.283,0.588,0.0383,0.158,0.158,0,0,0,0,0,0.0667,0.137,19.166666667,19.166666667
0.125,0.575,0.0282,0.0976,0.0976,0,0,0,0,0,0,0.0457,19.166666667,19.166666667
0.358,0.595,0.0565,0.182,0.182,0,0,0,0,0,0.433,0.0457,19.444444444,20.0
0.392,0.598,0.0655,0.187,0.187,0,0,0,0,0,0.0667,0.32,19.444444444,20.0
0.358,0.595,0.0645,0.171,0.171,0,0,0,0,0,0,0.0457,19.444444444,20.0
0.5,0.607,0.0931,0.217,0.217,0,0,0,0,0,0,0.183,19.444444444,20.0
0.5,0.603,0.0908,0.202,0.202,0,0,0,0,0,0,0.623,19.444444444,20.0
0.779,0.653,0.159,0.31,0.31,0,0,0,0,0,0,0.366,19.444444444,20.0
1,0.725,0.25,0.419,0.419,0,0,0,0,0,0,0.137,19.444444444,20.0
1,0.772,0.307,0.498,0.498,0.429,0.433,0,0,0,0,0.366,19.444444444,20.0
1,0.789,0.411,0.648,0.648,0.586,0.783,0,0,0,0,0.183,19.444444444,20.0
1,0.776,0.575,0.823,0.823,0.477,0,0,0,0,0.933,0.137,19.444444444,20.0
1,0.726,0.638,0.818,0.818,0,0,0,0,0,0.0667,0.0532,19.444444444,20.0
1,0.608,0.25,0.326,0.326,0,0,0,0,0,0,0,19.444444444,20.0
1,0.579,0.12,0.173,0.173,0,0,0,0,0,0,0,19.444444444,20.0
1,0.567,0.0608,0.105,0.105,0,0,0,0,0,0,0,19.444444444,20.0
1,0.564,0.0161,0.0501,0.0501,0,0,0,0,0,0,0,19.444444444,20.0
1,0.564,0.0161,0.0501,0.0501,0,0,0,0,0,0,0,19.166666667,19.166666667
1,0.564,0.0161,0.0501,0.0501,0,0,0,0,0,0,0,19.166666667,19.166666667
1,0.564,0.0161,0.0501,0.0501,0,0,0,0,0,0,0,19.166666667,19.166666667
1,0.562,0.0175,0.0509,0.0509,0,0,0,0,0,0,0.886,19.166666667,19.166666667
1,0.562,0.023,0.0817,0.0817,0,0,0,0,0,0.433,0.151,19.166666667,19.166666667
1,0.575,0.0362,0.186,0.186,0,0,0,0,0,0.817,0.279,19.166666667,19.166666667
0.533,0.564,0.0175,0.0596,0.0596,0,0,0,0,0,0,0,19.166666667,19.166666667
0.671,0.588,0.0389,0.157,0.157,0,0,0,0,0,0,0.198,19.166666667,19.166666667
0.533,0.609,0.0669,0.246,0.246,0,0,0,0,0,0,0.212,19.166666667,19.166666667
0.25,0.585,0.0442,0.142,0.142,0,0,0,0,0,0,0,19.444444444,20.0
0.25,0.585,0.0477,0.138,0.138,0,0,0,0,0,0,0.137,19.444444444,20.0
0.25,0.585,0.0498,0.134,0.134,0,0,0,0,0,0,0.0915,19.444444444,20.0
0.296,0.589,0.0617,0.149,0.149,0,0,0,0,0,0.183,0.274,19.444444444,20.0
0.608,0.596,0.0778,0.175,0.175,0,0,0,0,0,0.317,0.366,19.444444444,20.0
0.75,0.635,0.129,0.257,0.257,0,0,0,0,0,0.433,0.137,19.444444444,20.0
0.579,0.646,0.136,0.24,0.24,0,0,0,0,0,0.0667,0.137,19.444444444,20.0
0.546,0.677,0.175,0.295,0.295,0,0,0.348,0.683,0,0,0.0457,19.444444444,20.0
0.983,0.733,0.313,0.498,0.498,0,0,0.101,0.0167,0.467,0,0.0457,19.444444444,20.0
0.892,0.7,0.373,0.545,0.545,0,0,0,0,0,0,0.0915,19.444444444,20.0
0.983,0.697,0.53,0.683,0.683,0,0,0,0,0,0,0.154,19.444444444,20.0
1,0.65,0.49,0.608,0.608,0,0,0,0,0,0,0.11,19.444444444,20.0
1,0.582,0.138,0.194,0.194,0,0,0,0,0,0,0,19.444444444,20.0
1,0.564,0.0161,0.0501,0.0501,0,0,0,0,0,0,0,19.444444444,20.0
1,0.563,0.0215,0.0569,0.0569,0,0.25,0,0,0,0,0,19.444444444,20.0
1,0.564,0.0161,0.0501,0.0501,0,0,0,0,0,0,0,19.166666667,19.166666667
1,0.562,0.0165,0.0501,0.0501,0,0,0,0,0,0,0.32,19.166666667,19.166666667
1,0.563,0.0161,0.0501,0.0501,0,0,0,0,0,0,0,19.166666667,19.166666667
1,0.564,0.0161,0.0501,0.0501,0,0,0,0,0,0,0,19.166666667,19.166666667
0.767,0.564,0.0161,0.0501,0.0501,0,0,0,0,0,0,0,19.166666667,19.166666667
0.75,0.57,0.0258,0.116,0.116,0,0,0,0,0,0,0.634,19.166666667,19.166666667
0.704,0.577,0.0287,0.125,0.125,0,0,0,0,0,0,0.0457,19.166666667,19.166666667
0.5,0.584,0.0351,0.139,0.139,0,0,0,0,0,0,0.167,19.166666667,19.166666667
0.5,0.585,0.0407,0.145,0.145,0,0,0.295,0.467,0.217,0,0.0457,19.166666667,19.166666667
0.5,0.585,0.0442,0.142,0.142,0,0,0,0,0.733,0.75,0.0457,19.444444444,20.0
0.5,0.585,0.0477,0.138,0.138,0,0,0,0,0,0,0.274,19.444444444,20.0
0.5,0.585,0.0498,0.134,0.134,0.616,0.683,0,0,0,0,0.0457,19.444444444,20.0
0.438,0.591,0.0643,0.154,0.154,0,0.3,0,0,0,0,0.333,19.444444444,20.0
0.5,0.585,0.0573,0.133,0.133,0,0,0,0,0,0,0.496,19.444444444,20.0
0.5,0.62,0.106,0.215,0.215,0,0,0,0,0,0,0.347,19.444444444,20.0
0.329,0.616,0.0925,0.171,0.171,0,0,0,0,0,0,0.334,19.444444444,20.0
0.529,0.675,0.171,0.288,0.288,0,0,0,0,0,0,0.0605,19.444444444,20.0
0.75,0.733,0.313,0.498,0.498,0,0,0,0,0,0.25,0.229,19.444444444,20.0
0.983,0.772,0.568,0.813,0.813,0,0,0,0,0,0.5,0.0915,19.444444444,20.0
1,0.746,0.714,0.911,0.911,0.511,0.683,0,0,0,0,0.0457,19.444444444,20.0
1,0.686,0.688,0.842,0.842,0.307,0.533,0,0,0,0,0,19.444444444,20.0
1,0.602,0.278,0.359,0.359,0,0,0,0,0,0,0.114,19.444444444,20.0
1,0.567,0.0608,0.105,0.105,0.454,0.683,0,0,0,0,0,19.444444444,20.0
1,0.563,0.0269,0.0642,0.0642,0,0.05,0,0,0,0,0,19.444444444,20.0
1,0.562,0.0217,0.0572,0.0572,0,0,0,0,0,0,0.0457,19.166666667,19.166666667
1,0.562,0.0169,0.0505,0.0505,0,0,0,0,0,0,0.0915,19.166666667,19.166666667
1,0.562,0.0156,0.0501,0.0501,0,0,0,0,0,0,0.366,19.166666667,19.166666667
1,0.563,0.0161,0.0501,0.0501,0,0,0,0,0,0,0,19.166666667,19.166666667
1,0.564,0.0161,0.0501,0.0501,0,0,0,0,0,0,0,19.166666667,19.166666667
1,0.578,0.0401,0.213,0.213,0,0,0,0,0,0.5,0.711,19.166666667,19.166666667
0.767,0.598,0.0479,0.238,0.238,0,0,0,0,0,0,0.21,19.166666667,19.166666667
0.75,0.607,0.0563,0.241,0.241,0,0,0,0,0,0,0,19.166666667,19.166666667
0.517,0.607,0.0653,0.24,0.24,0,0,0,0,0,0,0.0915,19.166666667,19.166666667
0.5,0.607,0.0724,0.234,0.234,0,0,0,0,0,0,0.183,19.444444444,20.0
0.5,0.587,0.0496,0.144,0.144,0,0,0,0,0,0.25,0.137,19.444444444,20.0
0.5,0.606,0.0814,0.213,0.213,0,0,0,0,0,0,0.183,19.444444444,20.0
0.5,0.607,0.0931,0.217,0.217,0,0,0,0,0,0,0.183,19.444444444,20.0
0.5,0.607,0.0984,0.217,0.217,0,0,0,0,0,0,0.0915,19.444444444,20.0
0.5,0.622,0.109,0.22,0.22,0,0,0,0,0,0,0,19.444444444,20.0
0.671,0.673,0.173,0.298,0.298,0,0,0,0,0,0,0.0457,19.444444444,20.0
0.875,0.746,0.271,0.442,0.442,0,0,0,0,0,0,0.274,19.444444444,20.0
0.858,0.758,0.356,0.564,0.564,0,0,0,0,0,0.433,0.0457,19.444444444,20.0
1,0.766,0.549,0.787,0.787,0,0,0,0,0,0.567,0,19.444444444,20.0
1,0.7,0.54,0.696,0.696,0,0,0,0,0,0,0,19.444444444,20.0
1,0.622,0.333,0.424,0.424,0,0,0,0,0,0,0.126,19.444444444,20.0
1,0.579,0.12,0.173,0.173,0,0,0,0,0,0,0,19.444444444,20.0
1,0.565,0.0227,0.0579,0.0579,0,0,0,0,0,0,0,19.444444444,20.0
1,0.564,0.0165,0.0501,0.0501,0,0,0,0,0,0,0,19.444444444,20.0
1,0.564,0.0161,0.0501,0.0501,0,0,0,0,0,0,0,19.166666667,19.166666667
1,0.564,0.0161,0.0501,0.0501,0,0,0,0,0,0,0,19.166666667,19.166666667
1,0.564,0.0161,0.0501,0.0501,0,0,0,0,0,0,0,19.166666667,19.166666667
1,0.563,0.0167,0.0505,0.0505,0,0,0,0,0,0,0.345,19.166666667,19.166666667
1,0.56,0.0288,0.109,0.109,0,0,0,0,0,0,0.28,19.166666667,19.166666667
0.892,0.578,0.0418,0.223,0.223,0,0,0,0,0,0.75,0.197,19.166666667,19.166666667
0.517,0.598,0.0472,0.233,0.233,0,0,0,0,0,0,0.229,19.166666667,19.166666667
0.5,0.607,0.0563,0.241,0.241,0,0,0,0,0,0,0,19.166666667,19.166666667
0.5,0.607,0.0653,0.24,0.24,0,0,0,0,0,0,0.0915,19.166666667,19.166666667
0.5,0.607,0.0724,0.234,0.234,0,0,0,0,0,0,0,19.444444444,20.0
0.671,0.622,0.101,0.285,0.285,0,0,0,0,0,0.25,0.183,19.444444444,20.0
0.75,0.629,0.117,0.303,0.303,0,0,0,0,0,0.683,0.0457,19.444444444,20.0
0.75,0.629,0.132,0.3,0.3,0,0,0,0,0,0.567,0.183,19.444444444,20.0
0.517,0.609,0.101,0.222,0.222,0,0,0,0,0,0,0.183,19.444444444,20.0
0.5,0.594,0.0653,0.141,0.141,0,0,0,0,0,0,0.0915,19.444444444,20.0
0.671,0.66,0.156,0.269,0.269,0,0,0,0,0,0,0.274,19.444444444,20.0
0.983,0.769,0.303,0.491,0.491,0,0,0,0,0,0.5,0,19.444444444,20.0
1,0.789,0.411,0.648,0.648,0.322,0.433,0,0,0,0,0.0457,19.444444444,20.0
1,0.776,0.575,0.823,0.823,0.414,0.783,0,0,0,0,0.0915,19.444444444,20.0
1,0.704,0.549,0.709,0.709,0,0,0,0,0,0,0.183,19.444444444,20.0
1,0.63,0.375,0.473,0.473,0,0,0,0,0,0,0,19.444444444,20.0
1,0.566,0.0273,0.0632,0.0632,0,0,0,0,0,0,0,19.444444444,20.0
1,0.564,0.0161,0.0501,0.0501,0,0,0,0,0,0,0,19.444444444,20.0
1,0.564,0.0184,0.0501,0.0501,0,0,0,0,0,0,0,19.444444444,20.0
1,0.564,0.0184,0.0501,0.0501,0,0,0,0,0,0,0,19.166666667,19.166666667
1,0.564,0.0184,0.0501,0.0501,0,0,0,0,0,0,0,19.166666667,19.166666667
1,0.564,0.0184,0.0501,0.0501,0,0,0,0,0,0,0,19.166666667,19.166666667
1,0.564,0.0184,0.0501,0.0501,0,0,0,0,0,0,0,19.166666667,19.166666667
1,0.564,0.0184,0.0501,0.0501,0,0,0,0,0,0,0,19.166666667,19.166666667
0.875,0.565,0.0205,0.0702,0.0702,0,0,0,0,0,0,0.199,19.166666667,19.166666667
1,0.579,0.0332,0.138,0.138,0,0,0,0,0,0,0.398,19.166666667,19.166666667
1,0.619,0.0944,0.295,0.295,0,0,0,0,0,0.25,0.222,19.166666667,19.166666667
0.929,0.623,0.126,0.308,0.308,0,0,0,0,0,0,0.483,19.166666667,19.166666667
0.679,0.601,0.102,0.209,0.209,0,0,0,0,0,0,0.208,19.444444444,20.0
0.5,0.585,0.0739,0.138,0.138,0,0,0,0,0,0,0.287,19.444444444,20.0
0.821,0.631,0.205,0.309,0.309,0,0,0,0,0,0,0.246,19.444444444,20.0
0.554,0.612,0.173,0.235,0.235,0,0,0,0,0,0,0.233,19.444444444,20.0
0.633,0.618,0.224,0.259,0.259,0,0,0,0,0,0,0.462,19.444444444,20.0
0.75,0.619,0.201,0.22,0.22,0,0,0,0,0,0,0.2,19.444444444,20.0
0.75,0.641,0.212,0.232,0.232,0,0,0,0,0,0,0.137,19.444444444,20.0
0.75,0.664,0.22,0.268,0.268,0,0,0,0,0,0,0.183,19.444444444,20.0
0.75,0.72,0.346,0.456,0.456,0,0,0,0,0,0,0.173,19.444444444,20.0
0.821,0.725,0.472,0.61,0.61,0,0,0,0,0,0,0.179,19.444444444,20.0
1,0.704,0.566,0.687,0.687,0,0,0,0,0,0,0,19.444444444,20.0
1,0.654,0.5,0.597,0.597,0,0,0,0,0,0,0,19.444444444,20.0
1,0.598,0.263,0.319,0.319,0,0,0,0,0,0,0.403,19.444444444,20.0
1,0.572,0.112,0.152,0.152,0,0,0,0,0,0,0,19.444444444,20.0
1,0.564,0.0409,0.0755,0.0755,0,0,0,0,0,0,0,19.444444444,20.0
1,0.564,0.0184,0.0501,0.0501,0,0,0,0,0,0,0,19.166666667,19.166666667
1,0.564,0.0184,0.0501,0.0501,0,0,0,0,0,0,0,19.166666667,19.166666667
1,0.564,0.0184,0.0501,0.0501,0,0,0,0,0,0,0,19.166666667,19.166666667
1,0.564,0.0184,0.0501,0.0501,0,0,0,0,0,0,0,19.166666667,19.166666667
1,0.564,0.0184,0.0501,0.0501,0,0,0,0,0,0,0,19.166666667,19.166666667
1,0.564,0.0184,0.0501,0.0501,0,0,0,0,0,0,0,19.166666667,19.166666667
1,0.564,0.0184,0.0501,0.0501,0,0,0,0,0,0,0,19.166666667,19.166666667
0.929,0.592,0.0579,0.173,0.173,0,0,0,0,0,0.25,0.392,19.166666667,19.166666667
0.75,0.603,0.0913,0.219,0.219,0,0,0,0,0,0,0.274,19.166666667,19.166666667
0.554,0.607,0.117,0.235,0.235,0,0,0,0,0,0.283,0.277,19.444444444,20.0
0.429,0.601,0.113,0.202,0.202,0,0,0,0,0,0.717,0.19,19.444444444,20.0
0.454,0.603,0.129,0.204,0.204,0.144,0.0333,0,0,0,0,0.0915,19.444444444,20.0
0.75,0.629,0.23,0.3,0.3,0.57,0.95,0,0,0,0.533,0.183,19.444444444,20.0
0.758,0.63,0.266,0.303,0.303,0.559,0,0.216,0.283,0,0.717,0.137,19.444444444,20.0
1,0.675,0.383,0.39,0.39,0,0,0.605,0.417,0.583,0,0.183,19.444444444,20.0
1,0.718,0.406,0.414,0.414,0,0,0.0338,0,0.6,0,0.0915,19.444444444,20.0
1,0.765,0.422,0.485,0.485,0,0,0,0,0,0,0.143,19.444444444,20.0
0.867,0.757,0.42,0.543,0.543,0,0,0,0,0,0,0.643,19.444444444,20.0
0.758,0.726,0.478,0.617,0.617,0,0,0,0,0,0,0.183,19.444444444,20.0
0.875,0.728,0.654,0.791,0.791,0,0,0,0,0,0,0.0457,19.444444444,20.0
1,0.672,0.59,0.7,0.7,0,0,0,0,0,0,0,19.444444444,20.0
1,0.605,0.301,0.362,0.362,0,0,0,0,0,0,0,19.444444444,20.0
1,0.574,0.138,0.18,0.18,0,0,0,0,0,0,0,19.444444444,20.0
1,0.563,0.0269,0.0642,0.0642,0,0,0,0,0,0,0,19.444444444,20.0
1,0.563,0.0171,0.0514,0.0514,0,0,0,0,0,0,0,19.166666667,19.166666667
1,0.564,0.0161,0.0501,0.0501,0,0,0,0,0,0,0,19.166666667,19.166666667
1,0.564,0.0161,0.0501,0.0501,0,0,0,0,0,0,0,19.166666667,19.166666667
1,0.564,0.0161,0.0501,0.0501,0,0,0,0,0,0,0,19.166666667,19.166666667
1,0.564,0.0161,0.0501,0.0501,0,0,0,0,0,0,0,19.166666667,19.166666667
1,0.565,0.018,0.0631,0.0631,0,0,0,0,0,0,0.151,19.166666667,19.166666667
0.892,0.598,0.0465,0.229,0.229,0,0,0,0,0,0,0.262,19.166666667,19.166666667
0.983,0.637,0.0842,0.372,0.372,0,0,0,0,0,0.5,0.0555,19.166666667,19.166666667
0.767,0.631,0.0912,0.341,0.341,0,0,0,0,0,0,0.229,19.166666667,19.166666667
0.75,0.629,0.101,0.326,0.326,0,0,0,0,0,0,0.377,19.444444444,20.0
0.704,0.621,0.0993,0.281,0.281,0,0,0,0,0,0,0.499,19.444444444,20.0
0.5,0.585,0.0498,0.134,0.134,0,0,0,0,0,0,0.244,19.444444444,20.0
0.671,0.6,0.0811,0.19,0.19,0,0,0,0,0,0,0.742,19.444444444,20.0
0.75,0.607,0.0984,0.217,0.217,0,0,0,0,0,0,0.524,19.444444444,20.0
0.625,0.635,0.129,0.257,0.257,0,0,0,0,0,0.183,0.272,19.444444444,20.0
0.75,0.685,0.191,0.326,0.326,0,0,0,0,0,0.0667,0.272,19.444444444,20.0
0.579,0.684,0.184,0.308,0.308,0,0,0,0,0,0,0.183,19.444444444,20.0
0.733,0.729,0.308,0.491,0.491,0,0,0,0,0,0,0.232,19.444444444,20.0
0.921,0.759,0.533,0.764,0.764,0,0,0,0,0,0.25,0.127,19.444444444,20.0
1,0.726,0.638,0.818,0.818,0,0,0,0,0,0,0.438,19.444444444,20.0
1,0.628,0.364,0.46,0.46,0,0,0,0,0,0,0,19.444444444,20.0
0.954,0.578,0.113,0.164,0.164,0,0,0,0,0,0,0.142,19.444444444,20.0
0.858,0.564,0.0161,0.0501,0.0501,0,0,0,0,0,0,0,19.444444444,20.0
1,0.563,0.0215,0.0569,0.0569,0,0,0,0,0,0,0,19.444444444,20.0
1,0.564,0.0161,0.0501,0.0501,0,0,0,0,0,0,0,19.166666667,19.166666667
1,0.564,0.0161,0.0501,0.0501,0,0,0,0,0,0,0,19.166666667,19.166666667
1,0.564,0.0161,0.0501,0.0501,0,0,0,0,0,0,0,19.166666667,19.166666667
1,0.564,0.0161,0.0501,0.0501,0,0,0,0,0,0,0,19.166666667,19.166666667
1,0.562,0.0229,0.0816,0.0816,0,0,0,0,0,0,0.137,19.166666667,19.166666667
0.954,0.574,0.0343,0.173,0.173,0,0,0,0,0,0,0.229,19.166666667,19.166666667
0.642,0.59,0.0396,0.188,0.188,0,0,0,0,0,0,0.714,19.166666667,19.166666667
0.5,0.585,0.0362,0.146,0.146,0,0,0,0,0,0,0.137,19.166666667,19.166666667
0.375,0.565,0.0175,0.0565,0.0565,0,0,0,0,0,0,0,19.166666667,19.166666667
0.671,0.599,0.062,0.198,0.198,0,0,0.172,0.467,0.217,0,0.0457,19.444444444,20.0
0.75,0.607,0.0794,0.225,0.225,0,0,0.504,0,0.733,0,0.178,19.444444444,20.0
0.704,0.624,0.109,0.282,0.282,0.181,0.183,0.617,0,0,0,0.227,19.444444444,20.0
0.5,0.607,0.0931,0.217,0.217,0.58,1,0,0,0,0,0,19.444444444,20.0
0.5,0.607,0.0984,0.217,0.217,0.611,0.0333,0,0,0,0,0.229,19.444444444,20.0
0.5,0.622,0.109,0.22,0.22,0.456,0,0,0,0,0,0.457,19.444444444,20.0
0.5,0.644,0.133,0.234,0.234,0,0,0,0,0,0.183,0.0457,19.444444444,20.0
0.546,0.677,0.175,0.295,0.295,0,0,0,0,0,0.317,0.183,19.444444444,20.0
0.75,0.733,0.313,0.498,0.498,0,0,0,0,0,0,0.229,19.444444444,20.0
0.75,0.723,0.435,0.63,0.63,0.719,0.933,0,0,0,0,0.0704,19.444444444,20.0
0.796,0.709,0.572,0.736,0.736,0.621,0.05,0,0,0,0,0.0915,19.444444444,20.0
1,0.653,0.501,0.622,0.622,0.477,0,0,0,0,0,0.0457,19.444444444,20.0
1,0.594,0.224,0.295,0.295,0,0,0,0,0,0,0,19.444444444,20.0
1,0.568,0.0675,0.113,0.113,0,0,0,0,0,0,0,19.444444444,20.0
1,0.562,0.0323,0.071,0.071,0,0,0,0,0,0,0.166,19.444444444,20.0
1,0.562,0.0217,0.0572,0.0572,0,0,0,0,0,0,0.0457,19.166666667,19.166666667
1,0.562,0.0169,0.0505,0.0505,0,0,0,0,0,0,0.229,19.166666667,19.166666667
1,0.563,0.0161,0.0501,0.0501,0,0,0,0,0,0,0,19.166666667,19.166666667
1,0.562,0.0175,0.0509,0.0509,0,0,0,0,0,0,0.221,19.166666667,19.166666667
0.892,0.562,0.0199,0.0675,0.0675,0,0,0,0,0,0,0,19.166666667,19.166666667
0.75,0.564,0.0161,0.0501,0.0501,0,0,0,0,0,0,0,19.166666667,19.166666667
0.75,0.564,0.0161,0.0501,0.0501,0,0,0,0,0,0,0,19.166666667,19.166666667
0.75,0.604,0.0542,0.229,0.229,0,0,0,0,0,0,0.805,19.166666667,19.166666667
0.517,0.587,0.042,0.151,0.151,0,0,0,0,0,0,0.0915,19.166666667,19.166666667
0.267,0.565,0.0178,0.0564,0.0564,0,0,0,0,0,0,0,19.444444444,20.0
0.421,0.579,0.0379,0.11,0.11,0,0,0,0,0,0,0.137,19.444444444,20.0
0.392,0.596,0.0667,0.177,0.177,0,0,0.181,0.233,0.2,0,0.32,19.444444444,20.0
0.358,0.595,0.0714,0.169,0.169,0,0,0.455,0,1,0,0.229,19.444444444,20.0
0.5,0.607,0.0984,0.217,0.217,0,0,0.555,0,1,0,0.274,19.444444444,20.0
0.717,0.647,0.15,0.294,0.294,0,0,0.266,0,0.65,0,0.0457,19.444444444,20.0
1,0.725,0.25,0.419,0.419,0,0,0,0,0,0,0.137,19.444444444,20.0
1,0.772,0.307,0.498,0.498,0,0,0,0,0,0.433,0,19.444444444,20.0
1,0.789,0.411,0.648,0.648,0,0,0,0,0,0.817,0.137,19.444444444,20.0
1,0.776,0.575,0.823,0.823,0,0,0,0,0,0,0,19.444444444,20.0
1,0.746,0.714,0.911,0.911,0.441,0.433,0.254,0.433,0,0,0,19.444444444,20.0
1,0.686,0.688,0.842,0.842,0,0.55,0.182,0.5,0.5,0,0.117,19.444444444,20.0
1,0.611,0.34,0.431,0.431,0,0,0,0,0.45,0,0.378,19.444444444,20.0
1,0.57,0.0945,0.146,0.146,0,0,0,0,0,0,0.254,19.444444444,20.0
1,0.563,0.0324,0.071,0.071,0,0,0,0,0,0,0,19.444444444,20.0
1,0.564,0.0161,0.0501,0.0501,0,0,0,0,0,0,0,19.166666667,19.166666667
1,0.564,0.0161,0.0501,0.0501,0,0,0,0,0,0,0,19.166666667,19.166666667
1,0.564,0.0161,0.0501,0.0501,0,0,0,0,0,0,0,19.166666667,19.166666667
1,0.563,0.0164,0.0503,0.0503,0,0,0,0,0,0,0.13,19.166666667,19.166666667
1,0.562,0.023,0.0817,0.0817,0,0,0,0,0,0,0.136,19.166666667,19.166666667
1,0.581,0.046,0.252,0.252,0,0,0,0,0,0,0.387,19.166666667,19.166666667
0.954,0.629,0.0747,0.395,0.395,0,0,0,0,0,0,0.437,19.166666667,19.166666667
0.75,0.628,0.0764,0.337,0.337,0,0,0,0,0,0,0.411,19.166666667,19.166666667
0.75,0.629,0.0898,0.335,0.335,0,0,0,0,0,0,0.428,19.166666667,19.166666667
0.75,0.629,0.101,0.326,0.326,0,0,0,0,0,0,0.239,19.444444444,20.0
0.579,0.614,0.0892,0.253,0.253,0,0,0.549,0.683,0,0,0.119,19.444444444,20.0
0.438,0.602,0.0751,0.198,0.198,0,0,0.377,0.0167,0.983,0.5,0.229,19.444444444,20.0
0.5,0.607,0.0931,0.217,0.217,0,0,0.517,0,0.2,0,0.0915,19.444444444,20.0
0.5,0.607,0.0984,0.217,0.217,0,0,0.825,0,0,0,0.229,19.444444444,20.0
0.5,0.622,0.109,0.22,0.22,0,0,0.267,0,0,0,0.32,19.444444444,20.0
0.5,0.644,0.133,0.234,0.234,0,0,0,0,0,0.433,0.0915,19.444444444,20.0
0.733,0.717,0.23,0.38,0.38,0,0,0,0,0,0.567,0.137,19.444444444,20.0
0.983,0.786,0.407,0.64,0.64,0,0,0.326,0.683,0,0,0.137,19.444444444,20.0
1,0.776,0.575,0.823,0.823,0,0,0.448,0.0167,0.983,0,0.272,19.444444444,20.0
0.767,0.704,0.549,0.709,0.709,0,0,0.524,0,0.2,0,0,19.444444444,20.0
0.75,0.655,0.52,0.644,0.644,0,0,0.633,0,0,0,0.0915,19.444444444,20.0
0.921,0.619,0.397,0.498,0.498,0,0,0,0,0,0,0.194,19.444444444,20.0
1,0.572,0.119,0.176,0.176,0,0,0,0,0,0,0.116,19.444444444,20.0
1,0.563,0.0273,0.0642,0.0642,0,0,0,0,0,0,0.195,19.444444444,20.0
1,0.563,0.0183,0.0529,0.0529,0,0,0,0,0,0,0.109,19.166666667,19.166666667
1,0.564,0.0161,0.0501,0.0501,0,0,0,0,0,0,0,19.166666667,19.166666667
1,0.564,0.0161,0.0501,0.0501,0,0,0,0,0,0,0,19.166666667,19.166666667
1,0.564,0.0161,0.0501,0.0501,0,0,0,0,0,0,0,19.166666667,19.166666667
1,0.563,0.0182,0.0601,0.0601,0,0,0,0,0,0,0.268,19.166666667,19.166666667
0.721,0.568,0.0242,0.105,0.105,0,0,0,0,0,0,0.18,19.166666667,19.166666667
0.5,0.571,0.023,0.0905,0.0905,0,0,0,0,0,0,0,19.166666667,19.166666667
0.5,0.606,0.0552,0.235,0.235,0,0,0,0,0,0,0.0457,19.166666667,19.166666667
0.5,0.607,0.0653,0.24,0.24,0,0,0.288,0.467,0.217,0.5,0.137,19.166666667,19.166666667
0.5,0.607,0.0724,0.234,0.234,0,0,0.295,0,0.733,0,0.0915,19.444444444,20.0
0.5,0.607,0.0794,0.225,0.225,0.107,0.183,0,0,0,0,0.137,19.444444444,20.0
0.5,0.607,0.0835,0.219,0.219,0.663,0.8,0,0,0,0,0.183,19.444444444,20.0
0.5,0.607,0.0931,0.217,0.217,0,0,0,0,0,0,0.183,19.444444444,20.0
0.733,0.613,0.109,0.238,0.238,0,0,0,0,0,0,0.0457,19.444444444,20.0
0.983,0.649,0.153,0.3,0.3,0,0,0,0,0,0.25,0.457,19.444444444,20.0
1,0.685,0.191,0.326,0.326,0,0,0,0,0,0,0.344,19.444444444,20.0
0.829,0.684,0.184,0.308,0.308,0,0,0,0,0,0,0.21,19.444444444,20.0
0.812,0.744,0.333,0.529,0.529,0,0,0.357,0.467,0.467,0,0,19.444444444,20.0
0.75,0.723,0.435,0.63,0.63,0,0,0.217,0,0.233,0,0,19.444444444,20.0
0.858,0.678,0.451,0.588,0.588,0,0,0,0,0,0,0,19.444444444,20.0
1,0.628,0.364,0.46,0.46,0,0,0,0,0,0,0.115,19.444444444,20.0
1,0.594,0.224,0.295,0.295,0,0,0,0,0,0,0.045,19.444444444,20.0
1,0.565,0.0294,0.0658,0.0658,0,0,0,0,0,0,0,19.444444444,20.0
1,0.564,0.0418,0.0755,0.0755,0,0,0,0,0,0,0.0457,19.444444444,20.0
1,0.564,0.0184,0.0501,0.0501,0,0,0,0,0,0,0,19.166666667,19.166666667
1,0.564,0.0184,0.0501,0.0501,0,0,0,0,0,0,0,19.166666667,19.166666667
1,0.564,0.0184,0.0501,0.0501,0,0,0,0,0,0,0,19.166666667,19.166666667
1,0.564,0.0184,0.0501,0.0501,0,0,0,0,0,0,0,19.166666667,19.166666667
1,0.564,0.0184,0.0501,0.0501,0,0,0,0,0,0,0,19.166666667,19.166666667
1,0.569,0.0242,0.106,0.106,0,0,0,0,0,0,0.762,19.166666667,19.166666667
1,0.584,0.0379,0.165,0.165,0,0,0,0,0,0,0.16,19.166666667,19.166666667
1,0.612,0.0826,0.268,0.268,0,0,0,0,0,0,0.28,19.166666667,19.166666667
0.733,0.623,0.126,0.308,0.308,0,0,0,0,0,0,0.556,19.166666667,19.166666667
0.5,0.607,0.117,0.235,0.235,0,0,0,0,0,0,0.411,19.444444444,20.0
0.633,0.619,0.16,0.273,0.273,0,0,0,0,0,0,0.656,19.444444444,20.0
0.554,0.612,0.151,0.239,0.239,0,0,0,0,0,0,0.227,19.444444444,20.0
0.438,0.602,0.141,0.196,0.196,0,0,0,0,0,0,0.193,19.444444444,20.0
0.5,0.607,0.182,0.217,0.217,0,0,0.268,0.533,0,0,0.182,19.444444444,20.0
0.375,0.605,0.154,0.177,0.177,0,0,0.293,0.167,0.833,0,0.0858,19.444444444,20.0
0.5,0.641,0.212,0.232,0.232,0,0,0,0,0.117,0.25,0.461,19.444444444,20.0
0.5,0.664,0.22,0.268,0.268,0,0,0,0,0,0,0.441,19.444444444,20.0
0.704,0.722,0.35,0.461,0.461,0,0,0,0,0,0,0.533,19.444444444,20.0
0.867,0.75,0.538,0.692,0.692,0,0,0,0,0,0,0.576,19.444444444,20.0
0.75,0.704,0.566,0.687,0.687,0,0,0,0,0,0,0.237,19.444444444,20.0
0.821,0.662,0.55,0.653,0.653,0,0,0,0,0,0,0.081,19.444444444,20.0
1,0.605,0.301,0.362,0.362,0,0,0,0,0,0,0.151,19.444444444,20.0
1,0.574,0.138,0.18,0.18,0,0,0,0,0,0,0,19.444444444,20.0
1,0.563,0.0533,0.0896,0.0896,0,0,0,0,0,0,0.142,19.444444444,20.0
1,0.564,0.0184,0.0501,0.0501,0,0,0,0,0,0,0,19.166666667,19.166666667
1,0.564,0.0184,0.0501,0.0501,0,0,0,0,0,0,0,19.166666667,19.166666667
1,0.564,0.0184,0.0501,0.0501,0,0,0,0,0,0,0,19.166666667,19.166666667
0.992,0.564,0.0184,0.0501,0.0501,0,0,0,0,0,0,0,19.166666667,19.166666667
0.75,0.564,0.0184,0.0501,0.0501,0,0,0,0,0,0,0,19.166666667,19.166666667
0.75,0.564,0.0184,0.0501,0.0501,0,0,0,0,0,0,0,19.166666667,19.166666667
0.821,0.569,0.0232,0.0765,0.0765,0,0,0,0,0,0.283,0,19.166666667,19.166666667
1,0.602,0.0703,0.22,0.22,0,0,0,0,0,0.717,0.24,19.166666667,19.166666667
1,0.607,0.0979,0.24,0.24,0,0,0,0,0,0,0.371,19.166666667,19.166666667
0.867,0.596,0.0913,0.189,0.189,0,0,0,0,0,0,0.376,19.444444444,20.0
0.688,0.619,0.16,0.273,0.273,0,0,0,0,0,0,0.337,19.444444444,20.0
0.617,0.617,0.166,0.26,0.26,0,0,0,0,0,0,0.245,19.444444444,20.0
0.5,0.607,0.16,0.217,0.217,0,0,0,0,0,0,0.261,19.444444444,20.0
0.5,0.607,0.182,0.217,0.217,0,0,0,0,0,0,0.395,19.444444444,20.0
0.571,0.619,0.201,0.22,0.22,0,0,0,0,0,0,0.577,19.444444444,20.0
0.821,0.685,0.317,0.331,0.331,0,0,0,0,0,0.5,0.323,19.444444444,20.0
0.867,0.737,0.367,0.425,0.425,0,0,0,0,0,0,0.229,19.444444444,20.0
0.883,0.761,0.432,0.562,0.562,0,0,0,0,0,0,0.183,19.444444444,20.0
1,0.778,0.624,0.797,0.797,0,0,0,0,0,0,0.273,19.444444444,20.0
1,0.751,0.748,0.899,0.899,0,0,0,0,0,0,0.193,19.444444444,20.0
1,0.695,0.727,0.854,0.854,0,0,0.304,0.283,0,0,0.234,19.444444444,20.0
1,0.622,0.419,0.492,0.492,0,0,0.521,0.183,0.817,0,0.256,19.444444444,20.0
1,0.574,0.138,0.18,0.18,0,0,0.297,0,0.133,0,0.0764,19.444444444,20.0
1,0.562,0.0458,0.0885,0.0885,0,0,0,0,0,0,0.161,19.444444444,20.0
1,0.562,0.0239,0.06,0.06,0,0,0,0,0,0,0.0599,19.166666667,19.166666667
1,0.562,0.0169,0.0505,0.0505,0,0,0,0,0,0,0.0457,19.166666667,19.166666667
1,0.562,0.0156,0.0501,0.0501,0,0,0,0,0,0,0.137,19.166666667,19.166666667
0.767,0.563,0.0161,0.0501,0.0501,0,0,0,0,0,0,0,19.166666667,19.166666667
0.921,0.563,0.0195,0.0659,0.0659,0,0,0,0,0,0,0.377,19.166666667,19.166666667
0.892,0.578,0.0411,0.22,0.22,0,0,0,0,0,0,0.317,19.166666667,19.166666667
0.642,0.59,0.0403,0.193,0.193,0,0,0,0,0,0,0.176,19.166666667,19.166666667
0.5,0.585,0.0362,0.146,0.146,0,0,0,0,0,0,0.0915,19.166666667,19.166666667
0.5,0.606,0.0639,0.233,0.233,0,0,0,0,0,0,0.329,19.166666667,19.166666667
0.5,0.607,0.0724,0.234,0.234,0,0,0,0,0,0.433,0,19.444444444,20.0
0.5,0.607,0.0794,0.225,0.225,0,0,0,0,0,0.317,0.0457,19.444444444,20.0
0.5,0.607,0.0835,0.219,0.219,0.621,0.933,0,0,0,0,0.32,19.444444444,20.0
0.454,0.603,0.086,0.201,0.201,0,0.05,0,0,0,0,0.137,19.444444444,20.0
0.25,0.585,0.0573,0.133,0.133,0,0,0,0,0,0,0.274,19.444444444,20.0
0.358,0.605,0.0828,0.172,0.172,0,0,0,0,0,0.25,0.0457,19.444444444,20.0
0.312,0.614,0.0885,0.165,0.165,0,0,0,0,0,0,0.0915,19.444444444,20.0
0.842,0.74,0.262,0.429,0.429,0.544,0.683,0,0,0,0,0.275,19.444444444,20.0
1,0.789,0.411,0.648,0.648,0.226,0.3,0,0,0,0.75,0.229,19.444444444,20.0
0.892,0.753,0.513,0.738,0.738,0,0,0,0,0,0,0.672,19.444444444,20.0
0.858,0.72,0.617,0.79,0.79,0.72,0.933,0,0,0,0,0.163,19.444444444,20.0
1,0.658,0.532,0.658,0.658,0.692,0.283,0,0,0,0.25,0.0457,19.444444444,20.0
1,0.596,0.236,0.308,0.308,0.131,0,0,0,0,0,0,19.444444444,20.0
1,0.57,0.106,0.16,0.16,0,0,0,0,0,0,0,19.444444444,20.0
1,0.562,0.0323,0.071,0.071,0,0,0,0,0,0,0,19.444444444,20.0
1,0.563,0.0195,0.0545,0.0545,0,0,0,0,0,0,0,19.166666667,19.166666667
1,0.564,0.0161,0.0501,0.0501,0,0,0,0,0,0,0,19.166666667,19.166666667
1,0.564,0.0161,0.0501,0.0501,0,0,0,0,0,0,0,19.166666667,19.166666667
1,0.562,0.0175,0.0509,0.0509,0,0,0,0,0,0,0.459,19.166666667,19.166666667
0.954,0.562,0.0199,0.0675,0.0675,0,0,0,0,0,0,0.196,19.166666667,19.166666667
0.642,0.577,0.0382,0.2,0.2,0,0,0,0,0,0,0.293,19.166666667,19.166666667
0.5,0.598,0.0472,0.233,0.233,0,0,0,0,0,0,0.0915,19.166666667,19.166666667
0.5,0.607,0.0563,0.241,0.241,0,0,0,0,0,0,0.274,19.166666667,19.166666667
0.392,0.598,0.0545,0.199,0.199,0,0,0,0,0,0,0.0915,19.166666667,19.166666667
0.358,0.595,0.0565,0.182,0.182,0,0,0,0,0,0,0.124,19.444444444,20.0
0.5,0.607,0.0794,0.225,0.225,0,0,0,0,0,0,0.137,19.444444444,20.0
0.392,0.598,0.0689,0.182,0.182,0,0,0,0,0,0,0.342,19.444444444,20.0
0.25,0.585,0.0546,0.133,0.133,0,0,0,0,0,0,0.189,19.444444444,20.0
0.483,0.606,0.0958,0.211,0.211,0.206,0.183,0,0,0,0,0.397,19.444444444,20.0
0.5,0.622,0.109,0.22,0.22,0.764,0.8,0,0,0,0,0.0457,19.444444444,20.0
0.5,0.644,0.133,0.234,0.234,0.449,0,0,0,0,0,0.0915,19.444444444,20.0
0.267,0.618,0.0928,0.168,0.168,0.576,0,0,0,0,0,0.0457,19.444444444,20.0
0.762,0.736,0.321,0.511,0.511,0.166,0,0,0,0,0.5,0.053,19.444444444,20.0
1,0.776,0.575,0.823,0.823,0,0,0,0,0,0,0.117,19.444444444,20.0
1,0.746,0.714,0.911,0.911,0.0972,0.183,0,0,0,0,0.149,19.444444444,20.0
1,0.658,0.532,0.658,0.658,0.332,0.8,0,0,0,0,0.183,19.444444444,20.0
1,0.59,0.192,0.258,0.258,0,0,0,0,0,0,0.0457,19.444444444,20.0
1,0.567,0.0608,0.105,0.105,0,0,0,0,0,0,0,19.444444444,20.0
1,0.563,0.0269,0.0642,0.0642,0,0,0,0,0,0,0,19.444444444,20.0
1,0.563,0.0171,0.0514,0.0514,0,0,0,0,0,0,0,19.166666667,19.166666667
1,0.564,0.0161,0.0501,0.0501,0,0,0,0,0,0,0,19.166666667,19.166666667
1,0.564,0.0161,0.0501,0.0501,0,0,0,0,0,0,0,19.166666667,19.166666667
1,0.564,0.0161,0.0501,0.0501,0,0,0,0,0,0,0,19.166666667,19.166666667
1,0.563,0.0191,0.0643,0.0643,0,0,0,0,0,0,0.431,19.166666667,19.166666667
0.829,0.58,0.0434,0.234,0.234,0,0,0,0,0,0.5,0.114,19.166666667,19.166666667
0.517,0.598,0.0479,0.238,0.238,0,0,0,0,0,0,0.274,19.166666667,19.166666667
0.329,0.592,0.0424,0.176,0.176,0,0,0,0,0,0,0.183,19.166666667,19.166666667
0.25,0.585,0.0407,0.145,0.145,0,0,0,0,0,0,0.274,19.166666667,19.166666667
0.25,0.585,0.0442,0.142,0.142,0,0,0,0,0,0,0.0915,19.444444444,20.0
0.25,0.585,0.0477,0.138,0.138,0,0,0,0,0,0,0.0915,19.444444444,20.0
0.188,0.58,0.0414,0.113,0.113,0,0,0,0,0,0,0.0457,19.444444444,20.0
0.358,0.595,0.0714,0.169,0.169,0,0,0,0,0,0,0.229,19.444444444,20.0
0.5,0.607,0.0984,0.217,0.217,0.543,0.933,0,0,0,0,0.183,19.444444444,20.0
0.5,0.622,0.109,0.22,0.22,0.807,0.05,0,0,0,0,0.137,19.444444444,20.0
0.5,0.644,0.133,0.234,0.234,0.164,0,0,0,0,0,0.137,19.444444444,20.0
0.733,0.717,0.23,0.38,0.38,0,0,0,0,0,0.25,0,19.444444444,20.0
0.983,0.786,0.407,0.64,0.64,0,0,0,0,0,0,0.222,19.444444444,20.0
1,0.776,0.575,0.823,0.823,0.586,0.683,0,0,0,0,0,19.444444444,20.0
1,0.726,0.638,0.818,0.818,0,0.3,0,0,0,0,0.0457,19.444444444,20.0
1,0.643,0.448,0.559,0.559,0.568,0.683,0,0,0,0,0.0457,19.444444444,20.0
1,0.568,0.0384,0.0763,0.0763,0.307,0.533,0,0,0,0,0,19.444444444,20.0
1,0.564,0.0161,0.0501,0.0501,0,0,0,0,0,0,0,19.444444444,20.0
1,0.564,0.0188,0.0535,0.0535,0,0,0,0,0,0,0,19.444444444,20.0
1,0.564,0.0161,0.0501,0.0501,0,0,0,0,0,0,0,19.166666667,19.166666667
1,0.564,0.0161,0.0501,0.0501,0,0,0,0,0,0,0,19.166666667,19.166666667
1,0.564,0.0161,0.0501,0.0501,0,0,0,0,0,0,0,19.166666667,19.166666667
1,0.564,0.0161,0.0501,0.0501,0,0,0,0,0,0,0,19.166666667,19.166666667
1,0.563,0.0182,0.0601,0.0601,0,0,0,0,0,0,0.168,19.166666667,19.166666667
1,0.572,0.0307,0.149,0.149,0,0,0,0,0,0,0.43,19.166666667,19.166666667
0.892,0.615,0.062,0.32,0.32,0,0,0,0,0,0.25,0.0915,19.166666667,19.166666667
0.533,0.609,0.0587,0.254,0.254,0,0,0,0,0,0,0.0915,19.166666667,19.166666667
0.25,0.585,0.0407,0.145,0.145,0,0,0.119,0.683,0,0,0.229,19.166666667,19.166666667
0.592,0.615,0.083,0.267,0.267,0,0,0,0.25,0.75,0,0.159,19.444444444,20.0
0.283,0.588,0.0515,0.15,0.15,0,0,0,0,0.667,0,0.183,19.444444444,20.0
0.0167,0.565,0.0182,0.0559,0.0559,0,0,0,0,0,0,0,19.444444444,20.0
0,0.564,0.0161,0.0501,0.0501,0,0,0,0,0,0,0,19.444444444,20.0
0,0.564,0.0161,0.0501,0.0501,0,0,0,0,0,0,0,19.444444444,20.0
0.217,0.589,0.0567,0.124,0.124,0,0,0,0,0,0,0.137,19.444444444,20.0
0.5,0.637,0.122,0.217,0.217,0,0,0,0,0,0,0.137,19.444444444,20.0
0.546,0.675,0.171,0.288,0.288,0,0,0,0,0,0.183,0.0457,19.444444444,20.0
0.858,0.758,0.356,0.564,0.564,0,0,0,0,0,0.567,0.137,19.444444444,20.0
1,0.776,0.575,0.823,0.823,0.831,0.933,0,0,0,0,0.137,19.444444444,20.0
1,0.746,0.714,0.911,0.911,0,0.05,0,0,0,0,0.141,19.444444444,20.0
1,0.673,0.616,0.756,0.756,0,0,0,0,0,0,0,19.444444444,20.0
1,0.603,0.285,0.367,0.367,0,0,0,0,0,0,0,19.444444444,20.0
1,0.569,0.0879,0.138,0.138,0,0,0,0,0,0,0,19.444444444,20.0
1,0.564,0.0165,0.0501,0.0501,0,0,0,0,0,0,0,19.444444444,20.0
1,0.564,0.0161,0.0501,0.0501,0,0,0,0,0,0,0,19.166666667,19.166666667
1,0.564,0.0161,0.0501,0.0501,0,0,0,0,0,0,0,19.166666667,19.166666667
1,0.564,0.0161,0.0501,0.0501,0,0,0,0,0,0,0,19.166666667,19.166666667
1,0.564,0.0161,0.0501,0.0501,0,0,0,0,0,0,0,19.166666667,19.166666667
1,0.563,0.0182,0.0601,0.0601,0,0,0,0,0,0,0.205,19.166666667,19.166666667
0.721,0.568,0.0242,0.105,0.105,0.436,0.933,0,0,0,0,0.364,19.166666667,19.166666667
0.5,0.564,0.0161,0.0501,0.0501,0,0.05,0,0,0,0,0,19.166666667,19.166666667
0.5,0.584,0.0351,0.139,0.139,0,0,0,0,0,0,0.366,19.166666667,19.166666667
0.5,0.585,0.0407,0.145,0.145,0,0,0,0,0,0,0.137,19.166666667,19.166666667
0.5,0.585,0.0442,0.142,0.142,0,0,0,0,0,0,0,19.444444444,20.0
0.5,0.585,0.0477,0.138,0.138,0,0,0.686,0.233,0.7,0,0.137,19.444444444,20.0
0.546,0.61,0.0876,0.228,0.228,0,0,0.533,0,0,0,0,19.444444444,20.0
0.75,0.629,0.132,0.3,0.3,0,0,0.515,0,0,0.183,0.0457,19.444444444,20.0
0.75,0.616,0.114,0.249,0.249,0,0,0,0,0,0.317,0.274,19.444444444,20.0
0.983,0.62,0.106,0.215,0.215,0,0,0,0,0,0,0.32,19.444444444,20.0
1,0.683,0.188,0.321,0.321,0.171,0.183,0,0,0,0.25,0.375,19.444444444,20.0
0.767,0.72,0.234,0.386,0.386,0.588,0.8,0,0,0,0,0.229,19.444444444,20.0
0.517,0.68,0.219,0.356,0.356,0.693,0,0,0,0,0,0.137,19.444444444,20.0
0.5,0.67,0.296,0.437,0.437,0.176,0,0,0,0,0,0.137,19.444444444,20.0
0.608,0.655,0.365,0.481,0.481,0,0,0,0,0,0,0,19.444444444,20.0
0.858,0.638,0.425,0.531,0.531,0,0,0,0,0,0,0,19.444444444,20.0
1,0.609,0.329,0.418,0.418,0,0,0,0,0,0,0,19.444444444,20.0
1,0.568,0.0564,0.0989,0.0989,0,0,0,0,0,0,0,19.444444444,20.0
1,0.564,0.045,0.0789,0.0789,0,0,0,0,0,0,0,19.444444444,20.0
1,0.564,0.0184,0.0501,0.0501,0,0,0,0,0,0,0,19.166666667,19.166666667
1,0.564,0.0184,0.0501,0.0501,0,0,0,0,0,0,0,19.166666667,19.166666667
1,0.564,0.0184,0.0501,0.0501,0,0,0,0,0,0,0,19.166666667,19.166666667
1,0.564,0.0184,0.0501,0.0501,0,0,0,0,0,0,0,19.166666667,19.166666667
1,0.564,0.0184,0.0501,0.0501,0,0,0,0,0,0,0,19.166666667,19.166666667
0.929,0.569,0.0242,0.106,0.106,0,0,0,0,0,0,0.137,19.166666667,19.166666667
0.562,0.58,0.0337,0.142,0.142,0,0,0,0,0,0,0.0457,19.166666667,19.166666667
0.75,0.606,0.0739,0.24,0.24,0,0,0,0,0,0,0.416,19.166666667,19.166666667
0.742,0.607,0.0965,0.237,0.237,0,0,0,0,0,0,0.488,19.166666667,19.166666667
0.5,0.585,0.0677,0.142,0.142,0,0,0,0,0,0.783,0.0915,19.444444444,20.0
0.5,0.603,0.118,0.207,0.207,0,0,0,0,0,0.467,0.487,19.444444444,20.0
0.429,0.601,0.121,0.196,0.196,0,0,0,0,0,0,0,19.444444444,20.0
0.383,0.597,0.128,0.178,0.178,0,0,0,0,0,0.5,0.0457,19.444444444,20.0
0.696,0.624,0.248,0.282,0.282,0,0,0,0,0,0,0.503,19.444444444,20.0
0.75,0.632,0.242,0.259,0.259,0,0,0,0,0,0,0.457,19.444444444,20.0
0.617,0.619,0.16,0.183,0.183,0,0,0,0,0,0,0.0915,19.444444444,20.0
0.696,0.697,0.278,0.336,0.336,0,0,0,0,0,0,0.0457,19.444444444,20.0
0.75,0.731,0.368,0.481,0.481,0,0,0,0,0,0,0.229,19.444444444,20.0
0.821,0.74,0.518,0.666,0.666,0,0,0,0,0,0.283,0.0457,19.444444444,20.0
1,0.751,0.748,0.899,0.899,0,0,0.25,0.283,0,0.217,0.137,19.444444444,20.0
1,0.687,0.677,0.798,0.798,0,0,0.339,0.417,0.583,0,0.191,19.444444444,20.0
1,0.605,0.301,0.362,0.362,0,0,0,0,0.367,0.5,0,19.444444444,20.0
1,0.574,0.138,0.18,0.18,0,0,0,0,0,0,0,19.444444444,20.0
1,0.562,0.0388,0.0727,0.0727,0,0,0,0,0,0,0,19.444444444,20.0
1,0.561,0.0359,0.0681,0.0681,0,0,0,0,0,0,0.0457,19.166666667,19.166666667
1,0.562,0.0222,0.0528,0.0528,0,0,0,0,0,0,0.0915,19.166666667,19.166666667
1,0.562,0.0182,0.0501,0.0501,0,0,0,0,0,0,0.0457,19.166666667,19.166666667
1,0.563,0.0183,0.0501,0.0501,0,0,0,0,0,0,0,19.166666667,19.166666667
1,0.564,0.0184,0.0501,0.0501,0,0,0,0,0,0,0,19.166666667,19.166666667
1,0.565,0.0205,0.0702,0.0702,0,0,0,0,0,0,0.221,19.166666667,19.166666667
0.812,0.579,0.0332,0.138,0.138,0,0,0,0,0,0,0.106,19.166666667,19.166666667
0.929,0.596,0.0616,0.193,0.193,0,0,0,0,0,0,0.0457,19.166666667,19.166666667
0.75,0.603,0.0913,0.219,0.219,0,0,0,0,0,0,0.316,19.166666667,19.166666667
0.554,0.596,0.0913,0.189,0.189,0,0,0,0,0,0,0.205,19.444444444,20.0
0.5,0.607,0.129,0.227,0.227,0,0,0,0,0,0,0.0763,19.444444444,20.0
0.304,0.59,0.0909,0.154,0.154,0,0,0,0,0,0,0.274,19.444444444,20.0
0.25,0.585,0.089,0.134,0.134,0,0,0,0,0,0,0.274,19.444444444,20.0
0.321,0.592,0.124,0.157,0.157,0,0,0.0338,0.283,0,0,0.0457,19.444444444,20.0
0.5,0.619,0.201,0.22,0.22,0,0,0.326,0.183,0.817,0,0.229,19.444444444,20.0
0.438,0.609,0.136,0.16,0.16,0,0,0,0,0.133,0,0.0457,19.444444444,20.0
0.696,0.657,0.202,0.251,0.251,0,0,0,0,0,0,0.122,19.444444444,20.0
0.625,0.703,0.307,0.405,0.405,0,0,0,0,0,0.25,0.397,19.444444444,20.0
0.946,0.751,0.552,0.708,0.708,0,0,0,0,0,0,0.261,19.444444444,20.0
1,0.704,0.566,0.687,0.687,0,0,0,0,0,0,0.0457,19.444444444,20.0
1,0.639,0.413,0.499,0.499,0,0,0,0,0,0,0,19.444444444,20.0
1,0.598,0.263,0.319,0.319,0,0,0,0,0,0,0,19.444444444,20.0
1,0.572,0.112,0.152,0.152,0,0,0,0,0,0,0,19.444444444,20.0
1,0.564,0.0161,0.0501,0.0501,0,0,0,0,0,0,0,19.444444444,20.0
1,0.564,0.0161,0.0501,0.0501,0,0,0,0,0,0,0,19.166666667,19.166666667
1,0.564,0.0161,0.0501,0.0501,0,0,0,0,0,0,0,19.166666667,19.166666667
1,0.564,0.0161,0.0501,0.0501,0,0,0,0,0,0,0,19.166666667,19.166666667
1,0.564,0.0161,0.0501,0.0501,0,0,0,0,0,0,0,19.166666667,19.166666667
1,0.564,0.0161,0.0501,0.0501,0,0,0,0,0,0,0,19.166666667,19.166666667
0.875,0.576,0.0368,0.191,0.191,0,0,0.173,0.183,0,0,0.346,19.166666667,19.166666667
0.767,0.616,0.0634,0.33,0.33,0,0,0.335,0.517,0.483,0.25,0.631,19.166666667,19.166666667
0.579,0.613,0.0625,0.271,0.271,0,0,0.354,0,0.467,0,0,19.166666667,19.166666667
0.5,0.607,0.0653,0.24,0.24,0,0,0.564,0,0,0,0.32,19.166666667,19.166666667
0.5,0.607,0.0724,0.234,0.234,0,0,0.457,0,0,0,0.0915,19.444444444,20.0
0.267,0.587,0.0496,0.144,0.144,0,0,0.57,0,0,0.183,0.183,19.444444444,20.0
0.483,0.591,0.0583,0.156,0.156,0,0,0,0,0,0.317,0.401,19.444444444,20.0
0.329,0.571,0.0281,0.0765,0.0765,0,0,0,0,0,0,0.229,19.444444444,20.0
0.483,0.588,0.0622,0.143,0.143,0,0,0,0,0,0,0.0457,19.444444444,20.0
0.5,0.622,0.109,0.22,0.22,0,0,0,0,0,0.25,0.366,19.444444444,20.0
0.608,0.662,0.159,0.274,0.274,0,0,0,0,0,0,0.0915,19.444444444,20.0
0.75,0.72,0.234,0.386,0.386,0,0,0,0,0,0,0.0915,19.444444444,20.0
0.75,0.733,0.313,0.498,0.498,0,0,0,0,0,0,0.0457,19.444444444,20.0
0.75,0.723,0.435,0.63,0.63,0,0,0,0,0,0,0.229,19.444444444,20.0
0.983,0.742,0.705,0.898,0.898,0,0,0,0,0,0,0.351,19.444444444,20.0
1,0.658,0.532,0.658,0.658,0,0,0,0,0,0,0.0589,19.444444444,20.0
1,0.603,0.285,0.367,0.367,0,0,0,0,0,0,0.226,19.444444444,20.0
1,0.565,0.0294,0.0658,0.0658,0,0,0,0,0,0,0.181,19.444444444,20.0
0.938,0.564,0.0188,0.0535,0.0535,0,0,0,0,0,0,0,19.444444444,20.0
1,0.564,0.0161,0.0501,0.0501,0,0,0,0,0,0,0,19.166666667,19.166666667
1,0.564,0.0161,0.0501,0.0501,0,0,0,0,0,0,0,19.166666667,19.166666667
1,0.564,0.0161,0.0501,0.0501,0,0,0,0,0,0,0,19.166666667,19.166666667
1,0.564,0.0161,0.0501,0.0501,0,0,0,0,0,0,0,19.166666667,19.166666667
1,0.563,0.0191,0.0643,0.0643,0,0,0,0,0,0,0.211,19.166666667,19.166666667
0.954,0.577,0.0388,0.203,0.203,0,0,0,0,0,0.25,0.319,19.166666667,19.166666667
0.75,0.598,0.0472,0.233,0.233,0,0,0,0,0,0,0,19.166666667,19.166666667
0.75,0.607,0.0563,0.241,0.241,0,0,0.236,0.433,0,0,0.0457,19.166666667,19.166666667
0.75,0.628,0.0885,0.328,0.328,0,0,0.54,0.0333,0.95,0,0.154,19.166666667,19.166666667
0.454,0.603,0.0669,0.217,0.217,0,0,0.474,0,0,0,0.0756,19.444444444,20.0
0.5,0.607,0.0794,0.225,0.225,0,0,0,0,0,0,0.549,19.444444444,20.0
0.438,0.602,0.0751,0.198,0.198,0,0,0,0,0,0,0.366,19.444444444,20.0
0.5,0.592,0.0666,0.16,0.16,0.432,0.433,0,0,0,0.25,0.0457,19.444444444,20.0
0.608,0.615,0.114,0.247,0.247,0.154,0.55,0,0,0,0,0.366,19.444444444,20.0
0.983,0.678,0.199,0.385,0.385,0,0,0,0,0,0.25,0.56,19.444444444,20.0
0.642,0.666,0.165,0.286,0.286,0,0,0,0,0,0,0.183,19.444444444,20.0
0.75,0.72,0.234,0.386,0.386,0,0,0,0,0,0,0.229,19.444444444,20.0
0.921,0.772,0.381,0.602,0.602,0,0,0,0,0,0,0.0457,19.444444444,20.0
1,0.776,0.575,0.823,0.823,0,0,0,0,0,0.25,0.0915,19.444444444,20.0
1,0.738,0.682,0.872,0.872,0,0,0,0,0,0,0,19.444444444,20.0
0.829,0.63,0.375,0.473,0.473,0,0,0,0,0,0,0.32,19.444444444,20.0
0.75,0.579,0.12,0.173,0.173,0,0,0,0,0,0,0.188,19.444444444,20.0
0.75,0.567,0.0608,0.105,0.105,0,0,0,0,0,0,0.123,19.444444444,20.0
0.812,0.564,0.0161,0.0501,0.0501,0,0,0,0,0,0,0,19.444444444,20.0
0.796,0.564,0.0161,0.0501,0.0501,0,0,0,0,0,0,0,19.166666667,19.166666667
1,0.564,0.0161,0.0501,0.0501,0,0,0,0,0,0,0,19.166666667,19.166666667
1,0.563,0.0159,0.0501,0.0501,0,0,0,0,0,0,0,19.166666667,19.166666667
1,0.562,0.0174,0.0509,0.0509,0,0,0,0,0,0,0.434,19.166666667,19.166666667
1,0.562,0.0208,0.0717,0.0717,0,0,0,0,0,0,0.114,19.166666667,19.166666667
1,0.572,0.0307,0.149,0.149,0,0,0,0,0,0.433,0.136,19.166666667,19.166666667
1,0.615,0.062,0.32,0.32,0,0,0,0,0,0.567,0.568,19.166666667,19.166666667
0.954,0.634,0.0815,0.361,0.361,0,0,0,0,0,0.25,0.329,19.166666667,19.166666667
0.75,0.629,0.0898,0.335,0.335,0.461,0.433,0,0,0,0,0.353,19.166666667,19.166666667
0.704,0.625,0.0953,0.309,0.309,0.201,0.55,0,0,0,0,0.225,19.444444444,20.0
0.562,0.613,0.0873,0.247,0.247,0,0,0,0,0,0,0.324,19.444444444,20.0
0.5,0.607,0.0835,0.219,0.219,0,0,0,0,0,0,0.277,19.444444444,20.0
0.392,0.598,0.0763,0.181,0.181,0,0,0,0,0,0,0.32,19.444444444,20.0
0.296,0.589,0.0648,0.149,0.149,0,0,0,0,0,0.183,0.229,19.444444444,20.0
0.671,0.642,0.141,0.279,0.279,0,0,0,0,0,0.0667,0.137,19.444444444,20.0
0.858,0.685,0.191,0.326,0.326,0.595,0.683,0,0,0,0,0.0915,19.444444444,20.0
1,0.769,0.303,0.491,0.491,0.209,0.483,0.186,0.233,0.45,0.5,0.0915,19.444444444,20.0
1,0.789,0.411,0.648,0.648,0.677,0.8,0.579,0,0.5,0,0.0457,19.444444444,20.0
1,0.776,0.575,0.823,0.823,0.647,0,0.419,0,0,0,0,19.444444444,20.0
1,0.746,0.714,0.911,0.911,0,0,0.498,0,0,0,0.0457,19.444444444,20.0
1,0.681,0.658,0.805,0.805,0,0,0.286,0,0,0,0.216,19.444444444,20.0
1,0.6,0.267,0.345,0.345,0,0,0,0,0,0,0,19.444444444,20.0
1,0.566,0.0432,0.0832,0.0832,0,0,0,0,0,0,0.186,19.444444444,20.0
1,0.564,0.0161,0.0501,0.0501,0,0,0,0,0,0,0,19.444444444,20.0
1,0.564,0.0161,0.0501,0.0501,0,0,0,0,0,0,0,19.166666667,19.166666667
1,0.564,0.0161,0.0501,0.0501,0,0,0,0,0,0,0,19.166666667,19.166666667
1,0.564,0.0161,0.0501,0.0501,0,0,0,0,0,0,0,19.166666667,19.166666667
1,0.562,0.0177,0.0511,0.0511,0,0,0,0,0,0,0.463,19.166666667,19.166666667
1,0.561,0.0255,0.0932,0.0932,0,0,0,0,0,0.25,0.437,19.166666667,19.166666667
0.954,0.574,0.0343,0.173,0.173,0,0,0,0,0,0,0.502,19.166666667,19.166666667
0.704,0.594,0.0436,0.212,0.212,0,0,0,0,0,0.5,0.28,19.166666667,19.166666667
0.438,0.58,0.0311,0.122,0.122,0,0,0,0,0,0.25,0,19.166666667,19.166666667
0.5,0.585,0.0407,0.145,0.145,0,0,0,0,0,0,0,19.166666667,19.166666667
0.5,0.585,0.0442,0.142,0.142,0,0,0,0,0,0,0.0457,19.444444444,20.0
0.454,0.602,0.0716,0.203,0.203,0,0,0,0,0,0,0.183,19.444444444,20.0
0.25,0.585,0.0498,0.134,0.134,0,0,0,0,0,0,0.229,19.444444444,20.0
0.25,0.585,0.0546,0.133,0.133,0,0,0,0,0,0,0.137,19.444444444,20.0
0.529,0.61,0.103,0.227,0.227,0,0,0,0,0,0,0.0457,19.444444444,20.0
0.75,0.651,0.155,0.306,0.306,0,0,0,0,0,0,0.183,19.444444444,20.0
0.921,0.713,0.232,0.39,0.39,0,0,0.14,0.433,0,0,0.137,19.444444444,20.0
1,0.772,0.307,0.498,0.498,0,0,0.49,0.0333,0.95,0,0.0915,19.444444444,20.0
1,0.789,0.411,0.648,0.648,0.827,0.933,0.706,0,0,0,0.137,19.444444444,20.0
1,0.776,0.575,0.823,0.823,0.147,0.283,0.602,0,0,0,0.456,19.444444444,20.0
1,0.746,0.714,0.911,0.911,0,0,0.43,0,0,0,0.347,19.444444444,20.0
1,0.64,0.429,0.537,0.537,0,0,0.49,0,0,0,0.108,19.444444444,20.0
1,0.579,0.12,0.173,0.173,0,0,0.648,0,0,0,0.183,19.444444444,20.0
1,0.566,0.0432,0.0832,0.0832,0,0,0,0,0,0,0.136,19.444444444,20.0
1,0.564,0.0165,0.0501,0.0501,0,0,0,0,0,0,0,19.444444444,20.0
1,0.564,0.0161,0.0501,0.0501,0,0,0,0,0,0,0,19.166666667,19.166666667
1,0.562,0.0165,0.0501,0.0501,0,0,0,0,0,0,0,19.166666667,19.166666667
1,0.562,0.0156,0.0501,0.0501,0,0,0,0,0,0,0.508,19.166666667,19.166666667
1,0.563,0.0161,0.0501,0.0501,0,0,0,0,0,0,0,19.166666667,19.166666667
0.829,0.563,0.0173,0.0559,0.0559,0,0,0,0,0,0,0.0457,19.166666667,19.166666667
0.704,0.571,0.0284,0.134,0.134,0,0,0,0,0,0,0.457,19.166666667,19.166666667
0.5,0.589,0.0385,0.182,0.182,0,0,0,0,0,0.25,0.52,19.166666667,19.166666667
0.5,0.607,0.0563,0.241,0.241,0,0,0,0,0,0,0.16,19.166666667,19.166666667
0.438,0.602,0.059,0.216,0.216,0,0,0,0,0,0.5,0.183,19.166666667,19.166666667
0.5,0.607,0.0724,0.234,0.234,0,0,0,0,0,0,0,19.444444444,20.0
0.546,0.611,0.0852,0.241,0.241,0,0,0,0,0,0,0,19.444444444,20.0
0.733,0.628,0.115,0.298,0.298,0,0,0,0,0,0,0.159,19.444444444,20.0
0.596,0.616,0.107,0.249,0.249,0,0,0,0,0,0.183,0.137,19.444444444,20.0
0.546,0.611,0.106,0.232,0.232,0,0,0,0,0,0.817,0.137,19.444444444,20.0
0.75,0.651,0.155,0.306,0.306,0,0,0,0,0,0,0.183,19.444444444,20.0
0.983,0.723,0.247,0.413,0.413,0,0,0,0,0,0,0.32,19.444444444,20.0
1,0.772,0.307,0.498,0.498,0.394,0.433,0,0,0,0,0.0915,19.444444444,20.0
1,0.789,0.411,0.648,0.648,0.589,0.55,0,0,0,0,0,19.444444444,20.0
0.954,0.766,0.549,0.787,0.787,0.67,0,0,0,0,0,0.0457,19.444444444,20.0
0.983,0.734,0.673,0.859,0.859,0.439,0.433,0,0,0,0,0.163,19.444444444,20.0
1,0.628,0.364,0.46,0.46,0.586,0.05,0,0,0,0,0.0421,19.444444444,20.0
1,0.588,0.181,0.244,0.244,0.342,0,0,0,0,0,0,19.444444444,20.0
1,0.566,0.0432,0.0832,0.0832,0,0,0,0,0,0,0,19.444444444,20.0
1,0.564,0.0317,0.0645,0.0645,0,0,0,0,0,0,0,19.444444444,20.0
1,0.564,0.0184,0.0501,0.0501,0,0,0,0,0,0,0,19.166666667,19.166666667
1,0.564,0.0184,0.0501,0.0501,0,0,0,0,0,0,0,19.166666667,19.166666667
1,0.564,0.0184,0.0501,0.0501,0,0,0,0,0,0,0,19.166666667,19.166666667
1,0.562,0.0191,0.0508,0.0508,0,0,0,0,0,0,0.0457,19.166666667,19.166666667
1,0.561,0.0223,0.0864,0.0864,0,0,0,0,0,0,0.328,19.166666667,19.166666667
1,0.57,0.027,0.133,0.133,0,0,0,0,0,0,0.279,19.166666667,19.166666667
0.929,0.574,0.0284,0.112,0.112,0,0,0,0,0,0,0.0755,19.166666667,19.166666667
0.75,0.581,0.0425,0.125,0.125,0,0,0.364,0.783,0,0,0.229,19.166666667,19.166666667
0.75,0.603,0.0913,0.219,0.219,0,0,0.524,0.867,0.133,0,0.0915,19.166666667,19.166666667
0.617,0.596,0.0896,0.186,0.186,0,0,0.891,0,0.567,0,0.366,19.444444444,20.0
0.633,0.597,0.104,0.185,0.185,0,0,0.592,0,0,0,0.0457,19.444444444,20.0
0.75,0.607,0.139,0.22,0.22,0,0,0,0,0,0,0.183,19.444444444,20.0
0.812,0.613,0.178,0.238,0.238,0,0,0,0,0,0,0,19.444444444,20.0
0.75,0.607,0.182,0.217,0.217,0,0,0,0,0,0.783,0.229,19.444444444,20.0
0.75,0.619,0.201,0.22,0.22,0,0,0,0,0,0.467,0.183,19.444444444,20.0
0.75,0.663,0.265,0.282,0.282,0.305,0.283,0,0,0,0,0.503,19.444444444,20.0
0.617,0.686,0.267,0.316,0.316,0.379,0.7,0,0,0,0.5,0.621,19.444444444,20.0
0.571,0.661,0.221,0.299,0.299,0,0,0,0,0,0.283,0.308,19.444444444,20.0
0.875,0.739,0.526,0.675,0.675,0,0,0,0,0,0.467,0.219,19.444444444,20.0
0.946,0.739,0.714,0.857,0.857,0,0,0,0,0,0,0,19.444444444,20.0
0.804,0.672,0.59,0.7,0.7,0,0,0,0,0,0,0,19.444444444,20.0
0.946,0.616,0.385,0.453,0.453,0,0,0,0,0,0,0,19.444444444,20.0
1,0.578,0.195,0.242,0.242,0,0,0,0,0,0,0.103,19.444444444,20.0
1,0.563,0.0362,0.0705,0.0705,0,0,0,0,0,0,0.0457,19.444444444,20.0
1,0.564,0.0184,0.0501,0.0501,0,0,0,0,0,0,0,19.166666667,19.166666667
1,0.564,0.0184,0.0501,0.0501,0,0,0,0,0,0,0,19.166666667,19.166666667
1,0.564,0.0184,0.0501,0.0501,0,0,0,0,0,0,0,19.166666667,19.166666667
1,0.564,0.0184,0.0501,0.0501,0,0,0,0,0,0,0,19.166666667,19.166666667
0.929,0.563,0.0196,0.0616,0.0616,0,0,0,0,0,0,0.0457,19.166666667,19.166666667
0.75,0.564,0.0184,0.0501,0.0501,0,0,0,0,0,0,0,19.166666667,19.166666667
0.758,0.564,0.019,0.0532,0.0532,0,0,0,0,0,0,0.0275,19.166666667,19.166666667
1,0.602,0.0703,0.22,0.22,0,0,0,0,0,0,0.445,19.166666667,19.166666667
0.804,0.613,0.11,0.267,0.267,0,0,0,0,0,0,0.233,19.166666667,19.166666667
0.679,0.623,0.152,0.301,0.301,0,0,0,0,0,0,0.35,19.444444444,20.0
0.5,0.607,0.129,0.227,0.227,0,0,0,0,0,0,0.554,19.444444444,20.0
0.5,0.607,0.139,0.22,0.22,0,0,0,0,0,0,0.0457,19.444444444,20.0
0.5,0.607,0.16,0.217,0.217,0,0,0,0,0,0,0.0457,19.444444444,20.0
0.508,0.608,0.185,0.22,0.22,0,0,0,0,0,0,0.274,19.444444444,20.0
0.75,0.647,0.292,0.305,0.305,0,0,0,0,0,0,0.274,19.444444444,20.0
0.812,0.69,0.334,0.346,0.346,0,0,0,0,0,0.0333,0.441,19.444444444,20.0
0.679,0.7,0.292,0.344,0.344,0,0,0,0,0,0.467,0.381,19.444444444,20.0
0.696,0.72,0.346,0.456,0.456,0.162,0.0333,0,0,0,0,0.221,19.444444444,20.0
0.883,0.753,0.558,0.715,0.715,0.643,1,0,0,0,0,0.398,19.444444444,20.0
1,0.751,0.748,0.899,0.899,0.581,0.183,0,0,0,0.5,0.112,19.444444444,20.0
1,0.695,0.727,0.854,0.854,0,0,0,0,0,0,0.305,19.444444444,20.0
1,0.629,0.477,0.555,0.555,0,0,0,0,0,0,0.083,19.444444444,20.0
1,0.576,0.149,0.191,0.191,0,0,0,0,0,0,0.0457,19.444444444,20.0
1,0.563,0.0269,0.0642,0.0642,0,0,0,0,0,0,0,19.444444444,20.0
1,0.563,0.0171,0.0514,0.0514,0,0,0,0,0,0,0,19.166666667,19.166666667
1,0.564,0.0161,0.0501,0.0501,0,0,0,0,0,0,0,19.166666667,19.166666667
1,0.564,0.0161,0.0501,0.0501,0,0,0,0,0,0,0,19.166666667,19.166666667
1,0.563,0.0167,0.0505,0.0505,0,0,0,0,0,0,0.106,19.166666667,19.166666667
0.892,0.562,0.0208,0.0717,0.0717,0,0,0,0,0,0,0.123,19.166666667,19.166666667
0.704,0.568,0.0242,0.105,0.105,0,0,0,0,0,0,0.387,19.166666667,19.166666667
0.5,0.58,0.0309,0.137,0.137,0,0,0,0,0,0.25,0.137,19.166666667,19.166666667
0.5,0.606,0.0552,0.235,0.235,0,0,0,0,0,0,0.0915,19.166666667,19.166666667
0.5,0.607,0.0653,0.24,0.24,0,0,0,0,0,0,0.0915,19.166666667,19.166666667
0.5,0.607,0.0724,0.234,0.234,0,0,0,0,0,0,0.0915,19.444444444,20.0
0.5,0.607,0.0794,0.225,0.225,0,0,0,0,0,0,0,19.444444444,20.0
0.5,0.607,0.0835,0.219,0.219,0,0,0,0,0,0,0.137,19.444444444,20.0
0.5,0.607,0.0931,0.217,0.217,0,0,0,0,0,0.25,0.0915,19.444444444,20.0
0.5,0.607,0.0984,0.217,0.217,0,0,0,0,0,0,0.183,19.444444444,20.0
0.625,0.637,0.132,0.263,0.263,0,0,0,0,0,0,0.229,19.444444444,20.0
0.904,0.711,0.229,0.384,0.384,0,0,0,0,0,0,0.082,19.444444444,20.0
1,0.772,0.307,0.498,0.498,0,0,0,0,0,0,0.168,19.444444444,20.0
1,0.789,0.411,0.648,0.648,0,0,0,0,0,0,0.335,19.444444444,20.0
1,0.776,0.575,0.823,0.823,0,0,0,0,0,0,0.183,19.444444444,20.0
1,0.707,0.561,0.724,0.724,0,0,0,0,0,0,0,19.444444444,20.0
1,0.625,0.352,0.446,0.446,0,0,0,0,0,0,0,19.444444444,20.0
1,0.584,0.156,0.215,0.215,0,0,0,0,0,0,0.0509,19.444444444,20.0
1,0.565,0.0227,0.0579,0.0579,0,0,0,0,0,0,0,19.444444444,20.0
1,0.563,0.0215,0.0569,0.0569,0,0,0,0,0.25,0,0,19.444444444,20.0
1,0.564,0.0161,0.0501,0.0501,0,0,0,0,0,0,0,19.166666667,19.166666667
1,0.564,0.0161,0.0501,0.0501,0,0,0,0,0,0,0,19.166666667,19.166666667
1,0.564,0.0161,0.0501,0.0501,0,0,0,0,0,0,0,19.166666667,19.166666667
1,0.564,0.0161,0.0501,0.0501,0,0,0,0,0,0,0,19.166666667,19.166666667
1,0.562,0.0207,0.0716,0.0716,0,0,0,0,0,0,0.556,19.166666667,19.166666667
1,0.572,0.0307,0.149,0.149,0,0,0,0,0,0.433,0.334,19.166666667,19.166666667
0.767,0.581,0.0323,0.147,0.147,0,0,0,0,0,0.0667,0.13,19.166666667,19.166666667
0.642,0.596,0.0464,0.193,0.193,0,0,0,0,0,0,0.553,19.166666667,19.166666667
0.517,0.587,0.0423,0.151,0.151,0,0,0,0,0,0,0.122,19.166666667,19.166666667
0.25,0.564,0.0161,0.0501,0.0501,0,0,0,0,0,0,0,19.444444444,20.0
0.25,0.584,0.0458,0.132,0.132,0,0,0,0,0,0,0.0925,19.444444444,20.0
0.188,0.58,0.0414,0.113,0.113,0,0,0,0,0,0,0.32,19.444444444,20.0
0.312,0.591,0.0643,0.154,0.154,0,0,0,0,0,0,0.137,19.444444444,20.0
0.358,0.595,0.0752,0.17,0.17,0,0,0.194,0.183,0,0,0.366,19.444444444,20.0
0.546,0.627,0.118,0.236,0.236,0,0,0.0852,0.283,0.717,0.25,0.0457,19.444444444,20.0
0.75,0.685,0.191,0.326,0.326,0,0,0,0,0.7,0,0,19.444444444,20.0
0.517,0.67,0.166,0.28,0.28,0,0,0,0,0,0,0.274,19.444444444,20.0
0.717,0.726,0.301,0.481,0.481,0,0,0,0,0,0,0.0915,19.444444444,20.0
1,0.776,0.575,0.823,0.823,0,0,0,0,0,0,0.0915,19.444444444,20.0
1,0.726,0.638,0.818,0.818,0,0,0,0,0,0,0,19.444444444,20.0
1,0.615,0.291,0.375,0.375,0,0,0,0,0,0,0.0915,19.444444444,20.0
1,0.579,0.12,0.173,0.173,0.422,0.433,0,0,0,0,0,19.444444444,20.0
1,0.567,0.0608,0.105,0.105,0.511,0.783,0.824,0.467,0.467,0,0,19.444444444,20.0
1,0.563,0.0269,0.0642,0.0642,0,0,0,0,0.75,0,0,19.444444444,20.0
1,0.562,0.0217,0.0572,0.0572,0,0,0,0,1,0,0,19.166666667,19.166666667
1,0.562,0.0169,0.0505,0.0505,0,0,0,0,1,0,0.137,19.166666667,19.166666667
1,0.562,0.0156,0.0501,0.0501,0,0,0,0,0.583,0,0.0457,19.166666667,19.166666667
1,0.563,0.0161,0.0501,0.0501,0,0,0,0,0,0,0,19.166666667,19.166666667
1,0.562,0.0207,0.0716,0.0716,0,0,0,0,0,0,0.445,19.166666667,19.166666667
1,0.572,0.0307,0.149,0.149,0,0,0,0,0,0,0.252,19.166666667,19.166666667
0.892,0.607,0.0551,0.28,0.28,0,0,0,0,0,0.5,0.365,19.166666667,19.166666667
0.75,0.607,0.0563,0.241,0.241,0,0,0,0,0,0,0.21,19.166666667,19.166666667
0.75,0.607,0.0653,0.24,0.24,0.511,0.683,0,0,0,0,0.3,19.166666667,19.166666667
0.75,0.607,0.0724,0.234,0.234,0.286,0.3,0,0,0,0,0.168,19.444444444,20.0
0.75,0.617,0.0932,0.263,0.263,0,0,0,0,0,0.433,0.311,19.444444444,20.0
0.642,0.62,0.103,0.267,0.267,0,0,0,0,0,1,0,19.444444444,20.0
0.5,0.607,0.0931,0.217,0.217,0,0,0,0,0,0.567,0.0915,19.444444444,20.0
0.733,0.607,0.0984,0.217,0.217,0,0,0,0,0,0,0.0915,19.444444444,20.0
0.562,0.6,0.0739,0.156,0.156,0,0,0,0,0,0,0.0457,19.444444444,20.0
0.921,0.711,0.229,0.384,0.384,0,0,0,0,0,0.75,0.137,19.444444444,20.0
1,0.772,0.307,0.498,0.498,0.459,0.433,0,0,0,0,0,19.444444444,20.0
0.767,0.712,0.274,0.44,0.44,0.3,0.783,0,0,0,0,0,19.444444444,20.0
0.75,0.67,0.296,0.437,0.437,0,0,0,0,0,0,0.0915,19.444444444,20.0
0.75,0.655,0.365,0.481,0.481,0,0,0,0,0,0,0,19.444444444,20.0
0.796,0.625,0.352,0.446,0.446,0,0,0,0,0,0,0.163,19.444444444,20.0
1,0.588,0.181,0.244,0.244,0,0,0,0,0,0,0.182,19.444444444,20.0
1,0.565,0.0329,0.0706,0.0706,0,0,0,0,0,0,0,19.444444444,20.0
1,0.564,0.0161,0.0501,0.0501,0,0,0,0,0,0,0,19.444444444,20.0
1,0.564,0.0161,0.0501,0.0501,0,0,0,0,0,0,0,19.166666667,19.166666667
1,0.564,0.0161,0.0501,0.0501,0,0,0,0,0,0,0,19.166666667,19.166666667
0.954,0.564,0.0161,0.0501,0.0501,0,0,0,0,0,0,0,19.166666667,19.166666667
0.75,0.563,0.017,0.0546,0.0546,0,0,0,0,0,0,0,19.166666667,19.166666667
0.75,0.563,0.022,0.0836,0.0836,0,0,0,0,0,0,0.0915,19.166666667,19.166666667
0.921,0.584,0.0435,0.238,0.238,0.104,0.183,0.583,0.467,0.217,0,0.274,19.166666667,19.166666667
1,0.622,0.0695,0.363,0.363,0.447,0.867,0.774,0,0.817,0,0.346,19.166666667,19.166666667
1,0.649,0.1,0.458,0.458,0.101,0.183,0.559,0,0,0.183,0.419,19.166666667,19.166666667
0.55,0.611,0.071,0.276,0.276,0.57,0.867,0,0,0,0.35,0.222,19.166666667,19.166666667
0.25,0.585,0.0448,0.149,0.149,0,0,0.115,0.183,0,0,0.169,19.444444444,20.0
0.608,0.616,0.0936,0.281,0.281,0,0,0.411,0.75,0.25,0,0.161,19.444444444,20.0
0.5,0.606,0.085,0.234,0.234,0.395,0.433,0.147,0,0.517,0,0.114,19.444444444,20.0
0.329,0.592,0.0672,0.171,0.171,0.302,0.883,0,0,0,0,0.244,19.444444444,20.0
0.25,0.586,0.0581,0.147,0.147,0.4,0,0,0,0,0,0.32,19.444444444,20.0
0.421,0.617,0.0987,0.245,0.245,0.781,0,0,0,0,0,0.0915,19.444444444,20.0
0.608,0.669,0.167,0.42,0.42,0.434,0,0,0,0,0.533,0.183,19.444444444,20.0
0.983,0.772,0.323,0.823,0.823,0,0,0,0,0,0.533,0.544,19.444444444,20.0
0.767,0.734,0.345,0.741,0.741,0,0,0,0,0,0.183,0.274,19.444444444,20.0
0.75,0.716,0.459,0.69,0.69,0.0888,0.183,0,0,0,0.35,0.229,19.444444444,20.0
0.921,0.716,0.655,0.673,0.673,0.63,0.867,0,0,0,0,0.0457,19.444444444,20.0
1,0.666,0.613,0.543,0.543,0,0,0,0,0,0,0,19.444444444,20.0
1,0.598,0.273,0.346,0.346,0,0,0,0,0,0,0.209,19.444444444,20.0
1,0.566,0.0874,0.14,0.14,0,0,0,0,0,0,0.142,19.444444444,20.0
1,0.562,0.0296,0.0679,0.0679,0,0,0,0,0,0,0.137,19.444444444,20.0
1,0.562,0.0202,0.0552,0.0552,0,0,0,0,0,0,0,19.166666667,19.166666667
1,0.562,0.0163,0.0501,0.0501,0,0,0,0,0,0,0.137,19.166666667,19.166666667
1,0.563,0.0159,0.0501,0.0501,0,0,0,0,0,0,0,19.166666667,19.166666667
1,0.564,0.0161,0.0501,0.0501,0,0,0,0,0,0,0,19.166666667,19.166666667
1,0.565,0.018,0.0637,0.0637,0,0,0,0,0,0,0.141,19.166666667,19.166666667
0.658,0.565,0.0194,0.0736,0.0736,0,0,0,0,0,0,0,19.166666667,19.166666667
0.5,0.568,0.0198,0.0688,0.0688,0,0,0,0,0,0,0.0457,19.166666667,19.166666667
0.5,0.585,0.0371,0.152,0.152,0,0,0,0,0,0,0.229,19.166666667,19.166666667
0.5,0.585,0.0414,0.153,0.153,0,0,0,0,0,0,0.108,19.166666667,19.166666667
0.5,0.585,0.0448,0.149,0.149,0,0,0,0,0,0,0,19.444444444,20.0
0.5,0.589,0.0542,0.162,0.162,0,0,0,0,0,0,0.0457,19.444444444,20.0
0.5,0.606,0.085,0.234,0.234,0,0,0,0,0,0,0.0915,19.444444444,20.0
0.5,0.606,0.094,0.233,0.233,0,0,0,0,0,0,0.0457,19.444444444,20.0
0.5,0.604,0.0915,0.224,0.224,0,0,0,0,0,0,0.229,19.444444444,20.0
0.5,0.602,0.0755,0.191,0.191,0,0,0,0,0,0.433,0.0915,19.444444444,20.0
0.842,0.709,0.224,0.561,0.561,0,0,0,0,0,0.383,0.32,19.444444444,20.0
1,0.775,0.328,0.835,0.835,0,0,0,0,0,0,0.137,19.444444444,20.0
1,0.785,0.446,0.952,0.952,0,0,0,0,0,0,0.0457,19.444444444,20.0
0.938,0.754,0.571,0.847,0.847,0,0,0,0,0,0,0.0915,19.444444444,20.0
1,0.73,0.711,0.729,0.729,0,0,0,0,0,0,0,19.444444444,20.0
1,0.652,0.53,0.477,0.477,0,0,0,0,0,0,0.0532,19.444444444,20.0
0.829,0.591,0.224,0.289,0.289,0,0,0,0,0,0,0.297,19.444444444,20.0
0.75,0.565,0.0554,0.0982,0.0982,0,0,0,0,0,0,0.0977,19.444444444,20.0
0.75,0.562,0.0324,0.0655,0.0655,0,0,0,0,0,0,0.116,19.444444444,20.0
0.75,0.564,0.0184,0.0501,0.0501,0,0,0,0,0,0,0,19.166666667,19.166666667
0.858,0.563,0.0183,0.0501,0.0501,0,0,0,0,0,0,0.0735,19.166666667,19.166666667
0.875,0.563,0.0183,0.0503,0.0503,0,0,0,0,0,0,0.0915,19.166666667,19.166666667
1,0.562,0.0195,0.0555,0.0555,0,0,0,0,0,0,0.501,19.166666667,19.166666667
0.892,0.563,0.0197,0.0639,0.0639,0,0,0,0,0,0,0.274,19.166666667,19.166666667
0.75,0.564,0.0184,0.0501,0.0501,0,0,0,0,0,0,0,19.166666667,19.166666667
0.921,0.572,0.0267,0.0987,0.0987,0,0,0,0,0,0.533,0,19.166666667,19.166666667
0.829,0.582,0.049,0.139,0.139,0,0,0.22,0.183,0,0.267,0.183,19.166666667,19.166666667
0.704,0.606,0.105,0.255,0.255,0,0,0.643,0.283,0.717,0,0,19.166666667,19.166666667
0.5,0.606,0.122,0.248,0.248,0,0,0.668,0,0.833,0,0.274,19.444444444,20.0
0.546,0.61,0.144,0.256,0.256,0,0,0.554,0,0,0,0,19.444444444,20.0
0.625,0.617,0.177,0.28,0.28,0,0,0.609,0,0,0,0.229,19.444444444,20.0
0.75,0.628,0.242,0.325,0.325,0,0,0.546,0,0,0,0.137,19.444444444,20.0
0.75,0.632,0.273,0.34,0.34,0,0,0.529,0,0,0,0.412,19.444444444,20.0
0.75,0.657,0.298,0.394,0.394,0,0,0.549,0,0,0,0.137,19.444444444,20.0
0.75,0.692,0.312,0.5,0.5,0,0,0.373,0,0,0,0.376,19.444444444,20.0
0.704,0.712,0.309,0.597,0.597,0,0,0.673,0,0,0,0.103,19.444444444,20.0
0.546,0.684,0.301,0.541,0.541,0,0,0.714,0,0,0.183,0.32,19.444444444,20.0
0.75,0.716,0.51,0.69,0.69,0,0,0.869,0,0,0.0833,0.137,19.444444444,20.0
0.921,0.716,0.697,0.673,0.673,0,0,0.43,0,0,0,0,19.444444444,20.0
1,0.652,0.554,0.477,0.477,0,0,0.333,0,0,0,0.367,19.444444444,20.0
1,0.587,0.217,0.261,0.261,0,0,0,0,0,0,0.118,19.444444444,20.0
1,0.566,0.074,0.111,0.111,0,0,0,0,0,0,0.138,19.444444444,20.0
1,0.562,0.0336,0.0666,0.0666,0,0,0,0,0,0.183,0,19.444444444,20.0
1,0.562,0.0238,0.0552,0.0552,0,0,0,0,0,0.35,0.0915,19.166666667,19.166666667
1,0.562,0.0194,0.0501,0.0501,0,0,0,0,0,0,0,19.166666667,19.166666667
0.875,0.563,0.0183,0.0503,0.0503,0,0,0,0,0,0,0,19.166666667,19.166666667
1,0.562,0.0195,0.0555,0.0555,0,0,0,0,0,0,0,19.166666667,19.166666667
1,0.563,0.0191,0.0578,0.0578,0,0,0,0,0,0,0.0457,19.166666667,19.166666667
1,0.564,0.0184,0.0501,0.0501,0,0,0,0,0,0,0,19.166666667,19.166666667
1,0.568,0.024,0.0688,0.0688,0,0,0,0,0,0,0.199,19.166666667,19.166666667
1,0.607,0.0893,0.26,0.26,0,0,0,0,0,0.183,0.114,19.166666667,19.166666667
0.721,0.625,0.142,0.346,0.346,0,0,0,0,0,0.0833,0.0457,19.166666667,19.166666667
0.5,0.606,0.122,0.248,0.248,0,0,0,0,0,0,0.274,19.444444444,20.0
0.454,0.598,0.11,0.206,0.206,0,0,0,0,0,0,0.274,19.444444444,20.0
0.421,0.578,0.062,0.113,0.113,0,0,0,0,0,0,0.137,19.444444444,20.0
0.5,0.589,0.108,0.159,0.159,0,0,0,0,0,0,0.457,19.444444444,20.0
0.779,0.614,0.205,0.263,0.263,0,0,0,0,0,0,0.412,19.444444444,20.0
1,0.657,0.298,0.394,0.394,0,0,0,0,0,0,0.0915,19.444444444,20.0
1,0.692,0.312,0.5,0.5,0,0,0,0,0,0,0.254,19.444444444,20.0
1,0.733,0.353,0.68,0.68,0,0,0,0,0,0,0.394,19.444444444,20.0
1,0.785,0.525,0.952,0.952,0,0,0.285,0.467,0.467,0.267,0.0584,19.444444444,20.0
1,0.767,0.674,0.903,0.903,0.204,0.183,0.646,0,0.567,0,0.0457,19.444444444,20.0
1,0.73,0.756,0.729,0.729,0.392,0.867,0.448,0,0,0,0.155,19.444444444,20.0
1,0.669,0.66,0.564,0.564,0,0,0.445,0,0,0,0.224,19.444444444,20.0
1,0.595,0.278,0.325,0.325,0,0,0.443,0,0,0,0,19.444444444,20.0
1,0.566,0.0989,0.14,0.14,0,0,0.464,0,0,0,0,19.444444444,20.0
1,0.56,0.0412,0.0831,0.0831,0,0,0.656,0,0,0,0,19.444444444,20.0
1,0.56,0.0242,0.0604,0.0604,0,0,0.471,0,0,0,0.0457,19.166666667,19.166666667
1,0.56,0.0166,0.0501,0.0501,0,0,0.621,0,0,0,0.0457,19.166666667,19.166666667
1,0.56,0.0154,0.0503,0.0503,0,0,0.402,0,0,0,0.391,19.166666667,19.166666667
1,0.562,0.0181,0.0555,0.0555,0,0,0,0,0,0,0.36,19.166666667,19.166666667
1,0.563,0.022,0.0836,0.0836,0,0,0,0,0,0,0.332,19.166666667,19.166666667
0.954,0.575,0.0303,0.146,0.146,0,0,0,0,0,0,0.164,19.166666667,19.166666667
0.75,0.604,0.0529,0.265,0.265,0,0,0,0,0,0,0.487,19.166666667,19.166666667
0.75,0.628,0.0791,0.356,0.356,0,0,0.0881,0.183,0,0,0.27,19.166666667,19.166666667
0.704,0.624,0.0868,0.339,0.339,0,0,0.365,0.517,0.483,0,0.259,19.166666667,19.166666667
0.5,0.606,0.0736,0.248,0.248,0,0,0.427,0,0.55,0,0.229,19.444444444,20.0
0.454,0.602,0.0738,0.223,0.223,0,0,0,0,0,0,0.0457,19.444444444,20.0
0.296,0.589,0.0576,0.159,0.159,0,0,0,0,0,0.183,0.0457,19.444444444,20.0
0.5,0.606,0.094,0.233,0.233,0,0,0,0,0,0.0833,0.0915,19.444444444,20.0
0.375,0.588,0.0608,0.153,0.153,0,0,0,0,0,0,0.229,19.444444444,20.0
0.5,0.595,0.0648,0.165,0.165,0,0,0,0,0,0,0.274,19.444444444,20.0
0.546,0.616,0.0909,0.235,0.235,0,0,0,0,0,0,0.366,19.444444444,20.0
0.812,0.683,0.19,0.49,0.49,0,0,0,0,0,0,0.137,19.444444444,20.0
0.921,0.712,0.307,0.655,0.655,0,0,0,0,0,0,0.0661,19.444444444,20.0
1,0.737,0.526,0.777,0.777,0,0,0,0,0,0,0.775,19.444444444,20.0
1,0.73,0.711,0.729,0.729,0,0,0.313,0.433,0,0,0.118,19.444444444,20.0
1,0.664,0.595,0.522,0.522,0,0,0.576,0.0333,0.967,0,0,19.444444444,20.0
1,0.586,0.185,0.244,0.244,0,0,0.119,0,0.0667,0,0.312,19.444444444,20.0
1,0.565,0.0491,0.0914,0.0914,0,0,0,0,0,0,0,19.444444444,20.0
1,0.564,0.0161,0.0501,0.0501,0,0,0,0,0,0,0,19.444444444,20.0
1,0.564,0.0161,0.0501,0.0501,0,0,0,0,0,0,0,19.166666667,19.166666667
1,0.564,0.0161,0.0501,0.0501,0,0,0,0,0,0,0,19.166666667,19.166666667
1,0.564,0.0161,0.0501,0.0501,0,0,0,0,0,0,0,19.166666667,19.166666667
1,0.564,0.0161,0.0501,0.0501,0,0,0,0,0,0,0,19.166666667,19.166666667
0.954,0.563,0.0216,0.082,0.082,0,0,0,0,0,0.683,0.137,19.166666667,19.166666667
0.75,0.578,0.0354,0.183,0.183,0,0,0,0,0,0.567,0.137,19.166666667,19.166666667
0.471,0.579,0.03,0.136,0.136,0,0,0,0,0,0.1,0.0457,19.166666667,19.166666667
0.421,0.578,0.0307,0.12,0.12,0,0,0,0,0,0,0.0915,19.166666667,19.166666667
0.5,0.589,0.0465,0.171,0.171,0,0,0,0,0,0,0.636,19.166666667,19.166666667
0.204,0.581,0.0397,0.131,0.131,0,0,0,0,0,0,0.029,19.444444444,20.0
0.25,0.585,0.048,0.145,0.145,0,0,0,0,0,0.183,0.366,19.444444444,20.0
0.529,0.609,0.0898,0.244,0.244,0,0,0,0,0,1,0.0457,19.444444444,20.0
0.704,0.624,0.125,0.308,0.308,0,0,0,0,0,0.45,0.0457,19.444444444,20.0
0.454,0.604,0.0915,0.224,0.224,0.444,0.933,0,0,0,0,0.274,19.444444444,20.0
0.342,0.61,0.0863,0.217,0.217,0,0.383,0,0,0,0.183,0.0915,19.444444444,20.0
0.75,0.692,0.2,0.5,0.5,0,0,0,0,0,0.35,0.137,19.444444444,20.0
0.75,0.722,0.25,0.639,0.639,0,0,0,0,0,0,0.0457,19.444444444,20.0
0.983,0.781,0.439,0.937,0.937,0,0,0,0,0,0,0.229,19.444444444,20.0
1,0.767,0.606,0.903,0.903,0,0,0,0,0,0,0,19.444444444,20.0
1,0.72,0.65,0.681,0.681,0,0,0,0,0,0,0.154,19.444444444,20.0
1,0.611,0.287,0.265,0.265,0,0,0,0,0,0,0,19.444444444,20.0
1,0.57,0.0655,0.107,0.107,0,0,0,0,0,0,0.136,19.444444444,20.0
1,0.564,0.0389,0.0789,0.0789,0,0,0,0,0,0,0.229,19.444444444,20.0
1,0.562,0.0286,0.0666,0.0666,0,0,0,0,0,0,0,19.444444444,20.0
1,0.562,0.0201,0.0552,0.0552,0,0,0,0,0,0,0.137,19.166666667,19.166666667
1,0.564,0.0161,0.0501,0.0501,0,0,0,0,0,0,0,19.166666667,19.166666667
1,0.563,0.0169,0.0508,0.0508,0,0,0,0,0,0,0.129,19.166666667,19.166666667
1,0.558,0.0222,0.0663,0.0663,0,0,0,0,0,0,0.472,19.166666667,19.166666667
0.767,0.563,0.0282,0.119,0.119,0,0,0.275,0.467,0.217,0,0,19.166666667,19.166666667
0.704,0.579,0.041,0.226,0.226,0,0,0.558,0,0.55,0,0.0915,19.166666667,19.166666667
0.5,0.582,0.0327,0.148,0.148,0,0,0.521,0,0,0,0.0457,19.166666667,19.166666667
0.5,0.585,0.0371,0.152,0.152,0,0,0.436,0,0,0,0,19.166666667,19.166666667
0.5,0.589,0.0465,0.171,0.171,0,0,0.526,0,0,0,0,19.166666667,19.166666667
0.5,0.606,0.0736,0.248,0.248,0,0,0.656,0,0,0,0,19.444444444,20.0
0.5,0.606,0.08,0.239,0.239,0,0,0.482,0,0,0,0,19.444444444,20.0
0.5,0.606,0.085,0.234,0.234,0,0,0.323,0,0,0,0,19.444444444,20.0
0.5,0.606,0.094,0.233,0.233,0,0,0.83,0,0,0,0.229,19.444444444,20.0
0.5,0.609,0.1,0.244,0.244,0,0,0.57,0,0,0,0.32,19.444444444,20.0
0.717,0.655,0.158,0.386,0.386,0,0,0.586,0,0,0.433,0.274,19.444444444,20.0
0.938,0.725,0.247,0.615,0.615,0,0,0.28,0,0,0.383,0.137,19.444444444,20.0
1,0.775,0.328,0.835,0.835,0,0,0.664,0,0,0,0.373,19.444444444,20.0
1,0.785,0.446,0.952,0.952,0.43,0.433,0,0,0,0,0.349,19.444444444,20.0
0.954,0.759,0.574,0.87,0.87,0.534,0.617,0,0,0,0,0.0457,19.444444444,20.0
0.75,0.683,0.507,0.535,0.535,0.207,0,0,0,0,0,0.234,19.444444444,20.0
0.983,0.623,0.365,0.34,0.34,0,0,0,0,0,0,0.368,19.444444444,20.0
1,0.586,0.185,0.244,0.244,0,0,0,0,0,0,0,19.444444444,20.0
1,0.565,0.0491,0.0914,0.0914,0,0,0,0,0,0,0,19.444444444,20.0
1,0.563,0.017,0.0513,0.0513,0,0,0,0,0,0,0,19.444444444,20.0
1,0.563,0.0176,0.0521,0.0521,0,0,0,0,0,0,0,19.166666667,19.166666667
1,0.564,0.0161,0.0501,0.0501,0,0,0,0,0,0,0,19.166666667,19.166666667
0.954,0.564,0.0161,0.0501,0.0501,0,0,0,0,0,0,0,19.166666667,19.166666667
0.75,0.564,0.0161,0.0501,0.0501,0,0,0,0,0,0,0,19.166666667,19.166666667
0.658,0.563,0.0216,0.082,0.082,0,0,0,0,0,0,0.288,19.166666667,19.166666667
0.529,0.582,0.0409,0.22,0.22,0,0,0,0,0,0,0.626,19.166666667,19.166666667
0.408,0.593,0.0426,0.21,0.21,0,0,0,0,0,0,0.0915,19.166666667,19.166666667
0.25,0.585,0.0371,0.152,0.152,0,0,0,0,0,0,0.183,19.166666667,19.166666667
0.483,0.605,0.065,0.248,0.248,0,0,0,0,0,0,0.0915,19.166666667,19.166666667
0.5,0.606,0.0736,0.248,0.248,0,0,0,0,0,0,0.0915,19.444444444,20.0
0.5,0.606,0.08,0.239,0.239,0,0,0,0,0,0,0,19.444444444,20.0
0.733,0.626,0.117,0.319,0.319,0,0,0,0,0,0,0.0457,19.444444444,20.0
0.75,0.608,0.0966,0.239,0.239,0,0,0,0,0,0,0.0915,19.444444444,20.0
0.75,0.609,0.1,0.244,0.244,0,0,0,0,0,0.183,0.274,19.444444444,20.0
0.75,0.626,0.113,0.279,0.279,0,0,0,0,0,0.35,0.32,19.444444444,20.0
0.75,0.649,0.139,0.35,0.35,0,0,0,0,0,0,0.137,19.444444444,20.0
0.75,0.67,0.172,0.443,0.443,0,0,0,0,0,0.183,0.0915,19.444444444,20.0
0.75,0.726,0.332,0.711,0.711,0,0,0,0,0,0.0833,0.0457,19.444444444,20.0
0.858,0.737,0.526,0.777,0.777,0,0,0,0,0,0,0.3,19.444444444,20.0
1,0.714,0.637,0.66,0.66,0,0,0,0,0,0,0,19.444444444,20.0
1,0.616,0.316,0.295,0.295,0,0,0,0,0,0,0,19.444444444,20.0
1,0.575,0.104,0.152,0.152,0,0,0,0,0,0,0,19.444444444,20.0
1,0.565,0.039,0.0788,0.0788,0,0,0,0,0,0,0,19.444444444,20.0
1,0.564,0.0161,0.0501,0.0501,0,0,0,0,0,0,0,19.444444444,20.0
1,0.564,0.0161,0.0501,0.0501,0,0,0,0,0,0,0,19.166666667,19.166666667
1,0.564,0.0161,0.0501,0.0501,0,0,0,0,0,0,0,19.166666667,19.166666667
1,0.564,0.0161,0.0501,0.0501,0,0,0,0,0,0,0,19.166666667,19.166666667
1,0.564,0.0161,0.0501,0.0501,0,0,0,0,0,0,0,19.166666667,19.166666667
1,0.564,0.0248,0.102,0.102,0,0,0,0,0,0,0.229,19.166666667,19.166666667
1,0.58,0.0387,0.207,0.207,0,0,0,0,0,0.533,0.0915,19.166666667,19.166666667
0.721,0.583,0.0337,0.155,0.155,0,0,0,0,0,0,0.645,19.166666667,19.166666667
0.5,0.589,0.0416,0.171,0.171,0,0,0,0,0,0,0.0457,19.166666667,19.166666667
0.392,0.597,0.0553,0.211,0.211,0,0,0,0,0,0,0.0915,19.166666667,19.166666667
0.25,0.585,0.0448,0.149,0.149,0,0,0,0,0,0,0.229,19.444444444,20.0
0.296,0.589,0.0542,0.162,0.162,0,0,0,0,0,0.183,0,19.444444444,20.0
0.733,0.621,0.109,0.296,0.296,0,0,0,0,0,0.633,0.498,19.444444444,20.0
0.875,0.638,0.152,0.37,0.37,0,0,0,0,0,0,0.0457,19.444444444,20.0
0.921,0.648,0.171,0.407,0.407,0,0,0,0,0,0,0.274,19.444444444,20.0
1,0.688,0.211,0.509,0.509,0,0,0,0,0,0,0.137,19.444444444,20.0
1,0.735,0.262,0.65,0.65,0,0,0,0,0,0.267,0.119,19.444444444,20.0
1,0.775,0.328,0.835,0.835,0,0,0,0,0,0,0.366,19.444444444,20.0
1,0.785,0.446,0.952,0.952,0,0,0,0,0,0,0.229,19.444444444,20.0
0.954,0.759,0.574,0.87,0.87,0,0,0,0,0,0,0.0457,19.444444444,20.0
0.796,0.694,0.568,0.583,0.583,0,0,0,0,0,0,0,19.444444444,20.0
1,0.659,0.571,0.51,0.51,0,0,0,0,0,0,0,19.444444444,20.0
1,0.598,0.28,0.355,0.355,0,0,0,0,0,0,0,19.444444444,20.0
1,0.567,0.0986,0.152,0.152,0,0,0,0,0,0,0,19.444444444,20.0
1,0.562,0.0336,0.0666,0.0666,0,0,0,0,0,0,0.0915,19.444444444,20.0
1,0.563,0.0204,0.0521,0.0521,0,0,0,0,0,0,0,19.166666667,19.166666667
1,0.564,0.0184,0.0501,0.0501,0,0,0,0,0,0,0,19.166666667,19.166666667
1,0.564,0.0184,0.0501,0.0501,0,0,0,0,0,0,0,19.166666667,19.166666667
1,0.564,0.0184,0.0501,0.0501,0,0,0,0,0,0,0,19.166666667,19.166666667
1,0.564,0.0203,0.0698,0.0698,0,0,0,0,0,0,0.186,19.166666667,19.166666667
0.892,0.573,0.0292,0.147,0.147,0,0,0,0,0,0.683,0.0915,19.166666667,19.166666667
0.75,0.582,0.0376,0.148,0.148,0,0,0.465,0.233,0.45,0.4,0,19.166666667,19.166666667
0.75,0.6,0.0739,0.222,0.222,0,0,0.342,0,0.833,0,0.0457,19.166666667,19.166666667
0.75,0.606,0.105,0.255,0.255,0,0,0.426,0,0,0,0.0915,19.166666667,19.166666667
0.75,0.606,0.122,0.248,0.248,0,0,0.443,0,0,0,0.0915,19.444444444,20.0
0.75,0.621,0.172,0.304,0.304,0,0,0.385,0,0,0.267,0.274,19.444444444,20.0
0.75,0.628,0.207,0.326,0.326,0,0,0.339,0,0,0,0.0457,19.444444444,20.0
0.75,0.613,0.19,0.262,0.262,0,0,0.0176,0,0,0,0.137,19.444444444,20.0
0.75,0.609,0.188,0.244,0.244,0.136,0.183,0,0,0,0,0.229,19.444444444,20.0
0.796,0.633,0.223,0.305,0.305,0.618,1,0,0,0,0,0.0915,19.444444444,20.0
0.954,0.692,0.312,0.5,0.5,0.677,0.133,0,0,0,0.183,0.0457,19.444444444,20.0
0.858,0.746,0.378,0.728,0.728,0,0,0,0,0,0.0833,0,19.444444444,20.0
1,0.785,0.525,0.952,0.952,0,0,0,0,0,0,0.32,19.444444444,20.0
1,0.767,0.674,0.903,0.903,0.558,0.683,0,0,0,0,0.0457,19.444444444,20.0
1,0.73,0.756,0.729,0.729,0.193,0.367,0,0,0,0,0.112,19.444444444,20.0
1,0.659,0.597,0.51,0.51,0,0,0.611,0.467,0.467,0,0,19.444444444,20.0
1,0.598,0.298,0.346,0.346,0,0,0.473,0,0.567,0,0.0915,19.444444444,20.0
1,0.566,0.0856,0.124,0.124,0,0,0.0529,0,0,0,0.193,19.444444444,20.0
1,0.562,0.0336,0.0666,0.0666,0,0,0,0,0,0,0.239,19.444444444,20.0
1,0.562,0.0238,0.0552,0.0552,0,0,0,0,0,0,0.195,19.166666667,19.166666667
1,0.562,0.0195,0.0501,0.0501,0,0,0,0,0,0,0.366,19.166666667,19.166666667
1,0.564,0.0184,0.0501,0.0501,0,0,0,0,0,0,0,19.166666667,19.166666667
1,0.564,0.0184,0.0501,0.0501,0,0,0,0,0,0,0,19.166666667,19.166666667
1,0.564,0.0209,0.0759,0.0759,0,0,0,0,0,0.683,0.0457,19.166666667,19.166666667
0.954,0.575,0.031,0.165,0.165,0,0,0,0,0,0.95,0.333,19.166666667,19.166666667
0.75,0.586,0.0432,0.167,0.167,0,0,0,0,0,0,0.517,19.166666667,19.166666667
0.812,0.612,0.0912,0.28,0.28,0,0,0,0,0,0,0.347,19.166666667,19.166666667
0.75,0.621,0.136,0.325,0.325,0,0,0,0,0,0.267,0.144,19.166666667,19.166666667
0.75,0.628,0.174,0.347,0.347,0,0,0,0,0,0,0.402,19.444444444,20.0
0.579,0.613,0.15,0.27,0.27,0,0,0,0,0,0,0.314,19.444444444,20.0
0.562,0.612,0.159,0.257,0.257,0,0,0,0,0,0,0.285,19.444444444,20.0
0.5,0.606,0.167,0.233,0.233,0,0,0,0,0,0,0.137,19.444444444,20.0
0.454,0.588,0.113,0.157,0.157,0,0,0,0,0,0,0.137,19.444444444,20.0
0.296,0.578,0.054,0.102,0.102,0,0,0,0,0,0.183,0,19.444444444,20.0
0.5,0.649,0.214,0.35,0.35,0,0,0,0,0,0.0833,0.229,19.444444444,20.0
0.517,0.672,0.23,0.449,0.449,0,0,0,0,0,0.267,0.183,19.444444444,20.0
0.296,0.629,0.174,0.316,0.316,0,0,0,0,0,0,0.0457,19.444444444,20.0
0.671,0.7,0.46,0.62,0.62,0,0,0,0,0,0,0.274,19.444444444,20.0
0.75,0.689,0.572,0.559,0.559,0,0,0,0,0,0,0,19.444444444,20.0
0.75,0.64,0.48,0.415,0.415,0,0,0,0,0,0,0,19.444444444,20.0
0.921,0.593,0.264,0.31,0.31,0,0,0,0,0,0,0.297,19.444444444,20.0
1,0.567,0.0962,0.136,0.136,0,0,0,0,0,0,0,19.444444444,20.0
1,0.562,0.0286,0.0666,0.0666,0,0,0,0,0,0,0,19.444444444,20.0
1,0.562,0.0202,0.0552,0.0552,0,0,0,0,0,0,0,19.166666667,19.166666667
1,0.562,0.0163,0.0501,0.0501,0,0,0,0,0,0,0,19.166666667,19.166666667
1,0.562,0.0159,0.0503,0.0503,0,0,0,0,0,0,0.172,19.166666667,19.166666667
1,0.562,0.0181,0.0555,0.0555,0,0,0,0,0,0,0.364,19.166666667,19.166666667
1,0.564,0.0282,0.123,0.123,0,0,0,0,0,0.267,0.208,19.166666667,19.166666667
0.892,0.586,0.0474,0.267,0.267,0,0,0,0,0,0.183,0.315,19.166666667,19.166666667
0.75,0.618,0.0658,0.344,0.344,0,0,0,0,0,0.35,0.228,19.166666667,19.166666667
0.75,0.612,0.064,0.28,0.28,0,0,0,0,0,0,0.0915,19.166666667,19.166666667
0.75,0.628,0.0919,0.357,0.357,0,0,0.11,0.183,0,0,0.137,19.166666667,19.166666667
0.796,0.632,0.108,0.364,0.364,0,0,0.606,0.283,0.717,0,0,19.444444444,20.0
0.767,0.629,0.114,0.34,0.34,0,0,0.605,0,0.317,0,0.0457,19.444444444,20.0
0.75,0.628,0.119,0.326,0.326,0,0,0.58,0,0,0,0.503,19.444444444,20.0
0.75,0.628,0.133,0.325,0.325,0,0,0.634,0,0,0,0.137,19.444444444,20.0
0.75,0.616,0.113,0.273,0.273,0,0,0.461,0,0,0,0.0915,19.444444444,20.0
0.642,0.611,0.0911,0.226,0.226,0,0,0.335,0,0,0,0.0457,19.444444444,20.0
0.5,0.646,0.135,0.341,0.341,0,0,0,0,0,0.817,0.568,19.444444444,20.0
0.546,0.68,0.19,0.484,0.484,0,0,0,0,0,0,0.298,19.444444444,20.0
0.983,0.781,0.439,0.937,0.937,0,0,0,0,0,0,0.343,19.444444444,20.0
1,0.767,0.606,0.903,0.903,0,0,0,0,0,0,0.245,19.444444444,20.0
1,0.73,0.711,0.729,0.729,0,0,0.047,0.433,0,0,0.195,19.444444444,20.0
1,0.649,0.512,0.456,0.456,0,0,0,0.0333,0.967,0,0.252,19.444444444,20.0
1,0.579,0.128,0.178,0.178,0,0,0,0,0.317,0,0,19.444444444,20.0
1,0.564,0.0161,0.0501,0.0501,0,0,0,0,0,0,0,19.444444444,20.0
1,0.564,0.0161,0.0501,0.0501,0,0,0,0,0,0,0,19.444444444,20.0
1,0.564,0.0161,0.0501,0.0501,0,0,0,0,0,0,0,19.166666667,19.166666667
1,0.564,0.0161,0.0501,0.0501,0,0,0,0,0,0,0,19.166666667,19.166666667
1,0.564,0.0161,0.0501,0.0501,0,0,0,0,0,0,0,19.166666667,19.166666667
1,0.563,0.017,0.0546,0.0546,0,0,0,0,0,0,0,19.166666667,19.166666667
1,0.564,0.0239,0.0972,0.0972,0,0,0,0,0,0.183,0.436,19.166666667,19.166666667
0.892,0.578,0.0361,0.188,0.188,0,0,0,0,0,0.0833,0.183,19.166666667,19.166666667
0.704,0.6,0.0492,0.246,0.246,0,0,0,0,0,0,0.309,19.166666667,19.166666667
0.375,0.596,0.048,0.203,0.203,0,0,0.119,0.183,0,0,0.251,19.166666667,19.166666667
0.312,0.59,0.0482,0.178,0.178,0,0,0.367,0.517,0.483,0,0.186,19.166666667,19.166666667
0.454,0.602,0.0678,0.231,0.231,0,0,0.473,0,0.55,0,0.0457,19.444444444,20.0
0.483,0.605,0.0779,0.233,0.233,0,0,0.373,0,0,0,0.137,19.444444444,20.0
0.5,0.606,0.085,0.234,0.234,0,0,0.17,0,0,0,0.0915,19.444444444,20.0
0.5,0.606,0.094,0.233,0.233,0,0,0,0,0,0,0.0915,19.444444444,20.0
0.5,0.609,0.1,0.244,0.244,0,0,0,0,0,0,0.137,19.444444444,20.0
0.5,0.626,0.113,0.279,0.279,0,0,0,0,0,0,0.412,19.444444444,20.0
0.546,0.659,0.152,0.385,0.385,0,0,0,0,0,0.533,0.274,19.444444444,20.0
0.921,0.759,0.305,0.775,0.775,0.472,0.683,0,0,0,0,0.0457,19.444444444,20.0
1,0.785,0.446,0.952,0.952,0,0.633,0,0,0,0,0.183,19.444444444,20.0
1,0.767,0.606,0.903,0.903,0.149,0.183,0,0,0,0,0.183,19.444444444,20.0
1,0.73,0.711,0.729,0.729,0.518,0.867,0,0,0,0,0,19.444444444,20.0
1,0.649,0.512,0.456,0.456,0.675,0,0,0,0,0,0,19.444444444,20.0
1,0.586,0.185,0.244,0.244,0,0,0,0,0,0,0.0468,19.444444444,20.0
1,0.565,0.0518,0.0949,0.0949,0,0,0,0,0,0,0.0599,19.444444444,20.0
1,0.562,0.0277,0.0655,0.0655,0,0,0,0,0,0,0.0915,19.444444444,20.0
1,0.564,0.0161,0.0501,0.0501,0,0,0,0,0,0,0,19.166666667,19.166666667
1,0.564,0.0161,0.0501,0.0501,0,0,0,0,0,0,0,19.166666667,19.166666667
1,0.564,0.0161,0.0501,0.0501,0,0,0,0,0,0,0,19.166666667,19.166666667
1,0.563,0.017,0.0546,0.0546,0,0,0,0,0,0,0,19.166666667,19.166666667
0.954,0.563,0.022,0.0836,0.0836,0,0,0,0,0,0.183,0.366,19.166666667,19.166666667
0.75,0.578,0.0354,0.183,0.183,0,0,0,0,0,1,0.391,19.166666667,19.166666667
0.471,0.583,0.0337,0.155,0.155,0,0,0,0,0,0.367,0.435,19.166666667,19.166666667
0.296,0.589,0.0416,0.171,0.171,0,0,0,0,0,0.0833,0.412,19.166666667,19.166666667
0.438,0.601,0.0605,0.229,0.229,0,0,0,0,0,0,0.274,19.166666667,19.166666667
0.5,0.606,0.0736,0.248,0.248,0,0,0,0,0,0,0.0915,19.444444444,20.0
0.5,0.606,0.08,0.239,0.239,0,0,0,0,0,0,0.205,19.444444444,20.0
0.5,0.606,0.085,0.234,0.234,0,0,0,0,0,0.533,0.0877,19.444444444,20.0
0.5,0.606,0.094,0.233,0.233,0,0,0,0,0,0,0.0457,19.444444444,20.0
0.5,0.609,0.1,0.244,0.244,0,0,0,0,0,0,0.32,19.444444444,20.0
0.654,0.648,0.147,0.358,0.358,0.142,0.183,0,0,0,0,0.0915,19.444444444,20.0
0.767,0.695,0.204,0.509,0.509,0.305,0.867,0,0,0,0,0.229,19.444444444,20.0
0.75,0.722,0.25,0.639,0.639,0,0,0,0,0,0.267,0.0457,19.444444444,20.0
0.858,0.753,0.389,0.823,0.823,0,0,0,0,0,0,0.0915,19.444444444,20.0
1,0.767,0.606,0.903,0.903,0,0,0,0,0,0,0.182,19.444444444,20.0
0.892,0.692,0.532,0.567,0.567,0,0,0,0,0,0,0.0913,19.444444444,20.0
0.75,0.59,0.17,0.179,0.179,0,0,0,0,0,0,0.137,19.444444444,20.0
0.983,0.578,0.121,0.171,0.171,0,0,0,0,0,0,0,19.444444444,20.0
1,0.564,0.0161,0.0501,0.0501,0,0,0,0,0,0,0,19.444444444,20.0
1,0.564,0.0161,0.0501,0.0501,0,0,0,0,0,0,0,19.444444444,20.0
1,0.564,0.0161,0.0501,0.0501,0,0,0,0,0,0,0,19.166666667,19.166666667
1,0.564,0.0161,0.0501,0.0501,0,0,0,0,0,0,0,19.166666667,19.166666667
1,0.563,0.0164,0.0503,0.0503,0,0,0,0,0,0,0.128,19.166666667,19.166666667
0.954,0.562,0.0181,0.0555,0.0555,0,0,0,0,0,0,0.484,19.166666667,19.166666667
0.75,0.563,0.022,0.0836,0.0836,0,0,0,0,0,0,0.48,19.166666667,19.166666667
0.517,0.567,0.0197,0.0729,0.0729,0,0,0,0,0,0.183,0,19.166666667,19.166666667
0.5,0.586,0.0364,0.167,0.167,0,0,0,0,0,0.633,0.468,19.166666667,19.166666667
0.5,0.606,0.0581,0.254,0.254,0,0,0,0,0,0,0.162,19.166666667,19.166666667
0.5,0.606,0.0667,0.255,0.255,0,0,0,0,0,0,0.439,19.166666667,19.166666667
0.5,0.606,0.0736,0.248,0.248,0,0,0,0,0,0,0.264,19.444444444,20.0
0.5,0.606,0.08,0.239,0.239,0,0,0,0,0,0,0.0915,19.444444444,20.0
0.5,0.606,0.085,0.234,0.234,0,0,0,0,0,0,0.0457,19.444444444,20.0
0.5,0.606,0.094,0.233,0.233,0,0,0.308,0.433,0,0,0,19.444444444,20.0
0.5,0.609,0.1,0.244,0.244,0,0,0.658,0.267,0.733,0,0.274,19.444444444,20.0
0.671,0.648,0.147,0.36,0.36,0,0,0.266,0.183,0.3,0,0.366,19.444444444,20.0
0.75,0.692,0.2,0.5,0.5,0,0,0.512,0.283,0.717,0.267,0.22,19.444444444,20.0
0.875,0.749,0.287,0.734,0.734,0,0,0,0,0.317,0.183,0.462,19.444444444,20.0
0.75,0.73,0.338,0.726,0.726,0,0,0,0,0,0.0833,0.133,19.444444444,20.0
0.858,0.737,0.526,0.777,0.777,0,0,0.22,0.433,0,0,0,19.444444444,20.0
1,0.709,0.606,0.636,0.636,0,0,0.645,0.0333,0.967,0,0.134,19.444444444,20.0
1,0.599,0.222,0.22,0.22,0,0,0,0,0.0667,0,0.229,19.444444444,20.0
1,0.575,0.112,0.161,0.161,0,0,0,0,0,0,0.161,19.444444444,20.0
1,0.566,0.0721,0.12,0.12,0,0,0,0,0,0,0.193,19.444444444,20.0
1,0.564,0.0161,0.0501,0.0501,0,0,0,0,0,0,0,19.444444444,20.0
1,0.564,0.0161,0.0501,0.0501,0,0,0,0,0,0,0,19.166666667,19.166666667
1,0.564,0.0161,0.0501,0.0501,0,0,0,0,0,0,0,19.166666667,19.166666667
1,0.563,0.0164,0.0503,0.0503,0,0,0,0,0,0,0.0948,19.166666667,19.166666667
0.892,0.562,0.0178,0.0552,0.0552,0,0,0,0,0,0,0.183,19.166666667,19.166666667
0.642,0.562,0.0244,0.0958,0.0958,0,0,0.448,0.467,0.217,0,0.173,19.166666667,19.166666667
0.5,0.572,0.0274,0.128,0.128,0,0,0.562,0,0.55,0,0.0915,19.166666667,19.166666667
0.5,0.594,0.0442,0.215,0.215,0,0,0.182,0,0,0,0.451,19.166666667,19.166666667
0.5,0.588,0.039,0.166,0.166,0,0,0,0,0,0.267,0.151,19.166666667,19.166666667
0.5,0.568,0.0212,0.0684,0.0684,0,0,0,0,0,0.183,0,19.166666667,19.166666667
0.5,0.589,0.0506,0.167,0.167,0,0,0,0,0,0.35,0,19.444444444,20.0
0.546,0.61,0.0861,0.256,0.256,0,0,0,0,0,0,0.0915,19.444444444,20.0
0.704,0.624,0.112,0.309,0.309,0,0,0,0,0,0,0.229,19.444444444,20.0
0.5,0.606,0.094,0.233,0.233,0,0,0,0,0,0,0,19.444444444,20.0
0.5,0.609,0.1,0.244,0.244,0,0,0,0,0,0,0.137,19.444444444,20.0
0.546,0.633,0.124,0.305,0.305,0,0,0,0,0,0,0.32,19.444444444,20.0
0.733,0.672,0.171,0.429,0.429,0,0,0,0,0,0,0.0457,19.444444444,20.0
1,0.746,0.287,0.728,0.728,0.449,0.433,0,0,0,0,0.355,19.444444444,20.0
0.767,0.734,0.345,0.741,0.741,0.266,0.883,0,0,0,0.683,0.0915,19.444444444,20.0
0.75,0.716,0.459,0.69,0.69,0,0,0,0,0,0.133,0.0915,19.444444444,20.0
0.983,0.727,0.699,0.717,0.717,0,0,0,0,0,0,0.182,19.444444444,20.0
1,0.644,0.488,0.444,0.444,0,0,0,0,0,0,0.3,19.444444444,20.0
1,0.591,0.224,0.289,0.289,0,0,0,0,0,0,0.165,19.444444444,20.0
1,0.566,0.0655,0.111,0.111,0,0,0,0,0,0,0,19.444444444,20.0
1,0.562,0.0324,0.0655,0.0655,0,0,0,0,0,0,0.0457,19.444444444,20.0
1,0.564,0.0184,0.0501,0.0501,0,0,0,0,0,0,0,19.166666667,19.166666667
1,0.564,0.0184,0.0501,0.0501,0,0,0,0,0,0,0,19.166666667,19.166666667
1,0.564,0.0184,0.0501,0.0501,0,0,0,0,0,0,0,19.166666667,19.166666667
1,0.564,0.0184,0.0501,0.0501,0,0,0,0,0,0,0,19.166666667,19.166666667
1,0.564,0.0184,0.0501,0.0501,0,0,0,0,0,0,0,19.166666667,19.166666667
1,0.567,0.0214,0.0679,0.0679,0,0,0,0,0,0,0,19.166666667,19.166666667
1,0.586,0.0432,0.167,0.167,0,0,0,0,0,0,0,19.166666667,19.166666667
1,0.61,0.0912,0.273,0.273,0,0,0,0,0,0,0.0915,19.166666667,19.166666667
0.767,0.622,0.138,0.332,0.332,0,0,0,0,0,0,0.229,19.166666667,19.166666667
0.75,0.628,0.174,0.347,0.347,0,0,0,0,0,0,0.137,19.444444444,20.0
0.579,0.613,0.15,0.27,0.27,0,0,0,0,0,0,0.274,19.444444444,20.0
0.5,0.602,0.131,0.217,0.217,0,0,0,0,0,0,0.183,19.444444444,20.0
0.5,0.585,0.0929,0.142,0.142,0,0,0,0,0,0,0.229,19.444444444,20.0
0.5,0.592,0.12,0.167,0.167,0,0,0,0,0,0,0.0457,19.444444444,20.0
0.671,0.648,0.269,0.36,0.36,0,0,0.203,0.183,0,0,0.0915,19.444444444,20.0
0.796,0.702,0.33,0.535,0.535,0,0,0.761,0.283,0.717,0,0.229,19.444444444,20.0
1,0.775,0.435,0.835,0.835,0,0,0.457,0,0.317,0.533,0.137,19.444444444,20.0
1,0.785,0.525,0.952,0.952,0,0,0,0,0,0,0.0457,19.444444444,20.0
1,0.759,0.639,0.87,0.87,0,0,0,0,0,0,0.0915,19.444444444,20.0
1,0.683,0.54,0.535,0.535,0,0,0,0,0,0,0,19.444444444,20.0
1,0.616,0.339,0.307,0.307,0,0,0,0,0,0,0.181,19.444444444,20.0
1,0.586,0.202,0.244,0.244,0,0,0,0,0,0,0.206,19.444444444,20.0
1,0.564,0.0331,0.0661,0.0661,0,0,0,0,0,0,0,19.444444444,20.0
1,0.564,0.0184,0.0501,0.0501,0,0,0,0,0,0,0,19.444444444,20.0
1,0.564,0.0184,0.0501,0.0501,0,0,0,0,0,0,0,19.166666667,19.166666667
1,0.564,0.0184,0.0501,0.0501,0,0,0,0,0,0,0,19.166666667,19.166666667
1,0.564,0.0184,0.0501,0.0501,0,0,0,0,0,0,0,19.166666667,19.166666667
1,0.564,0.0184,0.0501,0.0501,0,0,0,0,0,0,0,19.166666667,19.166666667
1,0.565,0.0197,0.0637,0.0637,0,0,0,0,0,0,0.0337,19.166666667,19.166666667
1,0.575,0.0304,0.146,0.146,0,0,0,0,0,0,0.578,19.166666667,19.166666667
0.954,0.596,0.0512,0.227,0.227,0,0,0,0,0,0,0.151,19.166666667,19.166666667
0.704,0.585,0.051,0.152,0.152,0,0,0,0,0,0,0.368,19.166666667,19.166666667
0.5,0.585,0.0619,0.153,0.153,0,0,0,0,0,0,0.274,19.166666667,19.166666667
0.733,0.605,0.119,0.241,0.241,0,0,0,0,0,0,0.436,19.444444444,20.0
0.75,0.61,0.144,0.256,0.256,0.563,0.933,0,0,0,0,0.156,19.444444444,20.0
0.642,0.618,0.178,0.286,0.286,0.765,0.117,0,0,0,0.267,0.474,19.444444444,20.0
0.5,0.606,0.167,0.233,0.233,0,0,0,0,0,0,0.0457,19.444444444,20.0
0.5,0.609,0.188,0.244,0.244,0,0,0,0,0,0,0.183,19.444444444,20.0
0.733,0.655,0.292,0.387,0.387,0,0,0,0,0,0,0,19.444444444,20.0
0.75,0.692,0.312,0.5,0.5,0,0,0,0,0,0,0.0457,19.444444444,20.0
0.704,0.712,0.309,0.597,0.597,0,0,0,0,0,0,0.137,19.444444444,20.0
0.779,0.736,0.419,0.752,0.752,0,0,0,0,0,0.267,0.111,19.444444444,20.0
1,0.767,0.674,0.903,0.903,0,0,0,0,0,0,0.36,19.444444444,20.0
1,0.725,0.725,0.705,0.705,0,0,0,0,0,0,0.158,19.444444444,20.0
1,0.64,0.48,0.415,0.415,0,0,0,0,0,0,0.251,19.444444444,20.0
1,0.572,0.0862,0.122,0.122,0,0,0,0,0,0,0.297,19.444444444,20.0
1,0.564,0.018,0.0501,0.0501,0,0,0,0,0,0,0,19.444444444,20.0
1,0.564,0.0161,0.0501,0.0501,0,0,0,0,0,0,0,19.444444444,20.0
1,0.564,0.0161,0.0501,0.0501,0,0,0,0,0,0,0,19.166666667,19.166666667
1,0.564,0.0161,0.0501,0.0501,0,0,0,0,0,0,0,19.166666667,19.166666667
1,0.564,0.0161,0.0501,0.0501,0,0,0,0,0,0,0,19.166666667,19.166666667
1,0.564,0.0161,0.0501,0.0501,0,0,0,0,0,0,0,19.166666667,19.166666667
0.954,0.564,0.0235,0.0956,0.0956,0,0,0,0,0,0,0.338,19.166666667,19.166666667
0.796,0.586,0.0445,0.242,0.242,0,0,0,0,0,0,0.456,19.166666667,19.166666667
0.596,0.607,0.0553,0.283,0.283,0,0,0,0,0,0,0.0928,19.166666667,19.166666667
0.671,0.621,0.0727,0.324,0.324,0,0,0,0,0,0.683,0.0457,19.166666667,19.166666667
0.75,0.628,0.0919,0.357,0.357,0.611,0.933,0,0,0,1,0,19.166666667,19.166666667
0.625,0.617,0.0883,0.297,0.297,0,0.117,0,0,0,0.233,0.0457,19.444444444,20.0
0.533,0.609,0.0838,0.253,0.253,0,0,0,0,0,0,0.0457,19.444444444,20.0
0.25,0.585,0.0505,0.142,0.142,0.419,0.433,0,0,0,0,0.0457,19.444444444,20.0
0.188,0.58,0.0454,0.119,0.119,0.112,0.883,0,0,0,0,0.0915,19.444444444,20.0
0.358,0.586,0.0581,0.147,0.147,0,0,0,0,0,0,0.32,19.444444444,20.0
0.608,0.631,0.121,0.298,0.298,0,0,0,0,0,0.433,0.137,19.444444444,20.0
0.75,0.692,0.2,0.5,0.5,0,0,0,0,0,0.65,0.137,19.444444444,20.0
0.75,0.722,0.25,0.639,0.639,0,0,0,0,0,0,0.137,19.444444444,20.0
0.921,0.767,0.414,0.88,0.88,0,0,0,0,0,0,0.0915,19.444444444,20.0
1,0.767,0.606,0.903,0.903,0,0,0,0,0,0,0.204,19.444444444,20.0
1,0.73,0.711,0.729,0.729,0,0,0,0,0,0,0.44,19.444444444,20.0
1,0.666,0.613,0.543,0.543,0.149,0.183,0,0,0,0,0.0457,19.444444444,20.0
1,0.587,0.184,0.243,0.243,0.637,0.867,0,0,0,0,0.0457,19.444444444,20.0
1,0.564,0.0161,0.0501,0.0501,0,0,0,0,0,0,0,19.444444444,20.0
1,0.564,0.0161,0.0501,0.0501,0,0,0,0,0,0,0,19.444444444,20.0
1,0.564,0.0161,0.0501,0.0501,0,0,0,0,0,0,0,19.166666667,19.166666667
1,0.564,0.0161,0.0501,0.0501,0,0,0,0,0,0,0,19.166666667,19.166666667
1,0.564,0.0161,0.0501,0.0501,0,0,0,0,0,0,0,19.166666667,19.166666667
1,0.564,0.0161,0.0501,0.0501,0,0,0,0,0,0,0,19.166666667,19.166666667
1,0.564,0.0248,0.102,0.102,0,0,0,0,0,0,0.817,19.166666667,19.166666667
0.829,0.573,0.0307,0.152,0.152,0,0,0,0,0,0,0.254,19.166666667,19.166666667
0.704,0.591,0.0405,0.197,0.197,0,0,0,0,0,0.183,0.0457,19.166666667,19.166666667
0.5,0.585,0.0371,0.152,0.152,0,0,0,0,0,0.633,0.0915,19.166666667,19.166666667
0.5,0.585,0.0414,0.153,0.153,0,0,0,0,0,0,0.229,19.166666667,19.166666667
0.5,0.589,0.0506,0.167,0.167,0,0,0,0,0,0,0.0457,19.444444444,20.0
0.267,0.586,0.0501,0.151,0.151,0,0,0,0,0,0,0,19.444444444,20.0
0.421,0.6,0.0744,0.205,0.205,0,0,0,0,0,0.183,0.503,19.444444444,20.0
0.5,0.606,0.094,0.233,0.233,0,0,0,0,0,0.35,0.183,19.444444444,20.0
0.671,0.625,0.129,0.31,0.31,0,0,0.047,0.183,0,0,0,19.444444444,20.0
0.983,0.686,0.208,0.502,0.502,0,0,0.711,0.283,0.717,0,0.32,19.444444444,20.0
1,0.735,0.262,0.65,0.65,0,0,0.894,0,0.317,0.183,0.0457,19.444444444,20.0
1,0.775,0.328,0.835,0.835,0,0,0.721,0,0,0.0833,0.0457,19.444444444,20.0
1,0.785,0.446,0.952,0.952,0,0,0.731,0,0,0,0.0457,19.444444444,20.0
1,0.767,0.606,0.903,0.903,0,0,0.432,0,0,0,0.183,19.444444444,20.0
1,0.73,0.711,0.729,0.729,0,0,0.144,0,0,0,0.139,19.444444444,20.0
1,0.649,0.512,0.456,0.456,0,0,0,0,0,0,0.134,19.444444444,20.0
1,0.576,0.111,0.159,0.159,0,0,0,0,0,0,0,19.444444444,20.0
1,0.565,0.0518,0.0949,0.0949,0,0,0,0,0,0,0,19.444444444,20.0
1,0.562,0.0277,0.0655,0.0655,0,0,0,0,0,0,0,19.444444444,20.0
1,0.564,0.0161,0.0501,0.0501,0,0,0,0,0,0,0,19.166666667,19.166666667
1,0.563,0.016,0.0501,0.0501,0,0,0,0,0,0,0.0668,19.166666667,19.166666667
0.812,0.563,0.0161,0.0501,0.0501,0,0,0,0,0,0,0,19.166666667,19.166666667
1,0.564,0.0161,0.0501,0.0501,0,0,0,0,0,0,0,19.166666667,19.166666667
0.954,0.565,0.018,0.0637,0.0637,0,0,0,0,0,0,0.027,19.166666667,19.166666667
0.579,0.569,0.0222,0.0914,0.0914,0,0,0,0,0,0.183,0,19.166666667,19.166666667
0.671,0.607,0.0558,0.283,0.283,0.62,0.683,0,0,0,0.0833,0.185,19.166666667,19.166666667
0.579,0.613,0.0645,0.287,0.287,0.889,0.367,0,0,0,0,0.49,19.166666667,19.166666667
0.5,0.606,0.0667,0.255,0.255,0.308,0,0.3,0.433,0,0,0.0915,19.166666667,19.166666667
0.562,0.612,0.0806,0.273,0.273,0,0,0.42,0.0333,0.967,0.267,0,19.444444444,20.0
0.5,0.606,0.08,0.239,0.239,0,0,0.27,0,0.0667,0.267,0.366,19.444444444,20.0
0.5,0.606,0.085,0.234,0.234,0,0,0,0,0,0,0.366,19.444444444,20.0
0.5,0.606,0.094,0.233,0.233,0,0,0,0,0,0,0.384,19.444444444,20.0
0.438,0.604,0.0898,0.22,0.22,0,0,0,0,0,0,0.349,19.444444444,20.0
0.608,0.641,0.136,0.333,0.333,0,0,0,0,0,0,0.137,19.444444444,20.0
0.796,0.702,0.214,0.535,0.535,0,0,0.211,0.183,0,0,0.412,19.444444444,20.0
0.829,0.739,0.273,0.699,0.699,0.503,0.683,0.853,0.283,0.717,0,0,19.444444444,20.0
0.75,0.73,0.338,0.726,0.726,0.265,0.367,0.16,0,0.05,0.683,0.0915,19.444444444,20.0
0.75,0.716,0.459,0.69,0.69,0,0,0,0,0,0.4,0.0457,19.444444444,20.0
0.75,0.689,0.537,0.559,0.559,0,0,0,0,0,0,0.229,19.444444444,20.0
0.75,0.637,0.441,0.394,0.394,0,0,0,0,0,0,0,19.444444444,20.0
0.75,0.575,0.0968,0.143,0.143,0,0,0,0,0,0,0.0668,19.444444444,20.0
0.75,0.564,0.0161,0.0501,0.0501,0,0,0,0,0,0,0,19.444444444,20.0
0.75,0.564,0.0161,0.0501,0.0501,0,0,0,0,0,0,0,19.444444444,20.0
0.75,0.564,0.0161,0.0501,0.0501,0,0,0,0,0,0,0,19.166666667,19.166666667
0.75,0.564,0.0161,0.0501,0.0501,0,0,0,0,0,0,0,19.166666667,19.166666667
0.796,0.564,0.0161,0.0501,0.0501,0,0,0,0,0,0,0,19.166666667,19.166666667
1,0.564,0.0161,0.0501,0.0501,0,0,0,0,0,0,0,19.166666667,19.166666667
1,0.564,0.0204,0.0759,0.0759,0,0,0,0,0,0,0.195,19.166666667,19.166666667
1,0.581,0.0383,0.201,0.201,0,0,0,0,0,0.433,0.327,19.166666667,19.166666667
0.829,0.606,0.0542,0.277,0.277,0.203,0.183,0,0,0,1,0.366,19.166666667,19.166666667
0.688,0.601,0.0531,0.229,0.229,0.575,0.0667,0,0,0,0.2,0.407,19.166666667,19.166666667
0.75,0.606,0.0667,0.255,0.255,0,0,0.495,0.7,0.233,0,0.234,19.166666667,19.166666667
0.75,0.606,0.0736,0.248,0.248,0,0,0.427,0,0.8,0,0.32,19.444444444,20.0
0.75,0.606,0.08,0.239,0.239,0,0,0.389,0,0,0.183,0.274,19.444444444,20.0
0.579,0.606,0.085,0.234,0.234,0,0,0.608,0,0,0.35,0.32,19.444444444,20.0
0.5,0.606,0.094,0.233,0.233,0,0,0.439,0,0,0,0.183,19.444444444,20.0
0.608,0.62,0.119,0.287,0.287,0,0,0.31,0.433,0,0,0.0457,19.444444444,20.0
0.75,0.657,0.162,0.394,0.394,0,0,0.0984,0.0333,0.767,0.183,0.0457,19.444444444,20.0
0.75,0.652,0.143,0.359,0.359,0,0,0,0,0,0.633,0.0457,19.444444444,20.0
0.812,0.693,0.209,0.532,0.532,0.496,0.433,0,0,0,0,0.0457,19.444444444,20.0
0.75,0.73,0.338,0.726,0.726,0.221,0.617,0,0,0,0,0.229,19.444444444,20.0
0.642,0.695,0.391,0.602,0.602,0,0,0,0,0,0,0.0949,19.444444444,20.0
0.5,0.647,0.364,0.39,0.39,0,0,0,0,0,0,0.152,19.444444444,20.0
0.5,0.604,0.246,0.233,0.233,0,0,0,0,0,0,0,19.444444444,20.0
0.733,0.574,0.0976,0.144,0.144,0,0,0,0,0,0,0.2,19.444444444,20.0
0.75,0.565,0.039,0.0788,0.0788,0,0,0,0,0,0,0,19.444444444,20.0
0.75,0.564,0.0161,0.0501,0.0501,0,0,0,0,0,0,0,19.444444444,20.0
0.75,0.564,0.0161,0.0501,0.0501,0,0,0,0,0,0,0,19.166666667,19.166666667
0.75,0.564,0.0161,0.0501,0.0501,0,0,0,0,0,0,0,19.166666667,19.166666667
0.796,0.564,0.0161,0.0501,0.0501,0,0,0,0,0,0,0,19.166666667,19.166666667
0.954,0.564,0.0161,0.0501,0.0501,0,0,0,0,0,0,0,19.166666667,19.166666667
0.75,0.565,0.018,0.0637,0.0637,0,0,0,0,0,0,0.208,19.166666667,19.166666667
0.75,0.572,0.0274,0.128,0.128,0,0,0,0,0,0,0.224,19.166666667,19.166666667
0.75,0.594,0.0442,0.215,0.215,0,0,0,0,0,0,0.384,19.166666667,19.166666667
0.596,0.597,0.0486,0.21,0.21,0,0,0,0,0,0,0.263,19.166666667,19.166666667
0.358,0.589,0.0465,0.171,0.171,0,0,0,0,0,0,0.183,19.166666667,19.166666667
0.392,0.597,0.0608,0.206,0.206,0,0,0,0,0,0,0.0915,19.444444444,20.0
0.375,0.596,0.0638,0.192,0.192,0,0,0,0,0,0,0.0915,19.444444444,20.0
0.296,0.584,0.0492,0.136,0.136,0,0,0,0,0,0,0.0915,19.444444444,20.0
0.438,0.601,0.0844,0.211,0.211,0,0,0,0,0,0,0.229,19.444444444,20.0
0.5,0.609,0.1,0.244,0.244,0,0,0,0,0,0,0.32,19.444444444,20.0
0.5,0.626,0.113,0.279,0.279,0,0,0,0,0,0,0.577,19.444444444,20.0
0.5,0.649,0.139,0.35,0.35,0,0,0,0,0,0,0.311,19.444444444,20.0
0.329,0.633,0.117,0.306,0.306,0,0,0,0,0,0,0.137,19.444444444,20.0
0.529,0.68,0.25,0.526,0.526,0,0,0,0,0,0,0.137,19.444444444,20.0
0.983,0.755,0.565,0.855,0.855,0,0,0,0,0,0,0,19.444444444,20.0
1,0.689,0.537,0.559,0.559,0,0,0,0,0,0,0.0915,19.444444444,20.0
1,0.62,0.34,0.307,0.307,0,0,0,0,0,0,0,19.444444444,20.0
1,0.564,0.0161,0.0501,0.0501,0,0,0,0,0,0,0,19.444444444,20.0
1,0.564,0.0165,0.0501,0.0501,0,0,0,0,0,0,0,19.444444444,20.0
1,0.564,0.0184,0.0501,0.0501,0,0,0,0,0,0,0,19.444444444,20.0
1,0.564,0.0184,0.0501,0.0501,0,0,0,0,0,0,0,19.166666667,19.166666667
1,0.564,0.0184,0.0501,0.0501,0,0,0,0,0,0,0,19.166666667,19.166666667
0.954,0.564,0.0184,0.0501,0.0501,0,0,0,0,0,0,0,19.166666667,19.166666667
0.75,0.564,0.0184,0.0501,0.0501,0,0,0,0,0,0,0,19.166666667,19.166666667
0.75,0.564,0.0209,0.0759,0.0759,0,0,0,0,0,0,0.0802,19.166666667,19.166666667
0.704,0.572,0.0274,0.128,0.128,0,0,0,0,0,0,0.308,19.166666667,19.166666667
0.688,0.599,0.0557,0.24,0.24,0.583,0.683,0,0,0,0,0.287,19.166666667,19.166666667
0.5,0.606,0.0836,0.254,0.254,0.226,0.367,0,0,0,0,0.0915,19.166666667,19.166666667
0.5,0.606,0.105,0.255,0.255,0,0,0,0,0,0,0,19.166666667,19.166666667
0.5,0.606,0.122,0.248,0.248,0,0,0,0,0,0,0.183,19.444444444,20.0
0.5,0.606,0.132,0.239,0.239,0,0,0,0,0,0,0.0457,19.444444444,20.0
0.438,0.601,0.129,0.211,0.211,0,0,0,0,0,0.183,0.253,19.444444444,20.0
0.454,0.602,0.152,0.216,0.216,0,0,0,0,0,0.35,0,19.444444444,20.0
0.358,0.597,0.141,0.19,0.19,0,0,0,0,0,0,0.32,19.444444444,20.0
0.733,0.655,0.292,0.387,0.387,0,0,0,0,0,0,0.503,19.444444444,20.0
0.75,0.692,0.312,0.5,0.5,0,0,0,0,0,0,0.32,19.444444444,20.0
0.75,0.722,0.331,0.639,0.639,0,0,0,0,0,0.183,0.0457,19.444444444,20.0
0.921,0.767,0.487,0.88,0.88,0,0,0.294,0.467,0.217,0.0833,0.274,19.444444444,20.0
1,0.767,0.674,0.903,0.903,0,0,0.592,0,0.55,0,0.412,19.444444444,20.0
1,0.73,0.756,0.729,0.729,0,0,0.424,0,0,0,0.0457,19.444444444,20.0
1,0.659,0.597,0.51,0.51,0,0,0,0,0,0,0.0915,19.444444444,20.0
1,0.587,0.201,0.243,0.243,0,0,0,0,0,0,0,19.444444444,20.0
1,0.564,0.0184,0.0501,0.0501,0,0,0,0,0,0,0,19.444444444,20.0
1,0.564,0.0184,0.0501,0.0501,0,0,0,0,0,0,0,19.444444444,20.0
1,0.564,0.0184,0.0501,0.0501,0,0,0,0,0,0,0,19.166666667,19.166666667
1,0.564,0.0184,0.0501,0.0501,0,0,0,0,0,0,0,19.166666667,19.166666667
1,0.564,0.0184,0.0501,0.0501,0,0,0,0,0,0,0,19.166666667,19.166666667
1,0.564,0.0184,0.0501,0.0501,0,0,0,0,0,0,0,19.166666667,19.166666667
1,0.564,0.0184,0.0501,0.0501,0,0,0,0,0,0,0,19.166666667,19.166666667
1,0.564,0.0184,0.0501,0.0501,0,0,0,0,0,0,0,19.166666667,19.166666667
1,0.564,0.0184,0.0501,0.0501,0,0,0,0,0,0,0,19.166666667,19.166666667
1,0.578,0.0413,0.12,0.12,0,0,0,0,0,0,0.0915,19.166666667,19.166666667
0.954,0.593,0.0805,0.189,0.189,0,0,0,0,0,0.183,0.789,19.166666667,19.166666667
0.796,0.632,0.184,0.364,0.364,0,0,0,0,0,0.35,0.233,19.444444444,20.0
0.829,0.634,0.207,0.364,0.364,0.496,0.933,0,0,0,0,0.174,19.444444444,20.0
0.704,0.624,0.194,0.309,0.309,0,0.117,0,0,0,0,0.0457,19.444444444,20.0
0.392,0.597,0.134,0.193,0.193,0,0,0,0,0,0,0.32,19.444444444,20.0
0.404,0.602,0.158,0.21,0.21,0,0,0,0,0,0,0.183,19.444444444,20.0
0.858,0.672,0.339,0.447,0.447,0,0,0,0,0,0,0.183,19.444444444,20.0
1,0.735,0.41,0.65,0.65,0,0,0,0,0,0,0.299,19.444444444,20.0
0.829,0.739,0.363,0.699,0.699,0,0,0,0,0,0,0.314,19.444444444,20.0
0.704,0.72,0.369,0.686,0.686,0.164,0.183,0,0,0,0,0.366,19.444444444,20.0
0.625,0.691,0.425,0.587,0.587,0.722,0.867,0,0,0,0.267,0.229,19.444444444,20.0
0.654,0.669,0.497,0.482,0.482,0.722,0,0,0,0,0,0.137,19.444444444,20.0
1,0.652,0.554,0.477,0.477,0.106,0,0,0,0,0,0,19.444444444,20.0
1,0.591,0.244,0.289,0.289,0,0,0,0,0,0,0,19.444444444,20.0
1,0.566,0.0731,0.111,0.111,0,0,0,0,0,0,0.263,19.444444444,20.0
1,0.562,0.0277,0.0655,0.0655,0,0,0,0,0,0,0,19.444444444,20.0
1,0.564,0.0161,0.0501,0.0501,0,0,0,0,0,0,0,19.166666667,19.166666667
1,0.564,0.0161,0.0501,0.0501,0,0,0,0,0,0,0,19.166666667,19.166666667
1,0.564,0.0161,0.0501,0.0501,0,0,0,0,0,0,0,19.166666667,19.166666667
1,0.563,0.017,0.0546,0.0546,0,0,0,0,0,0,0.245,19.166666667,19.166666667
1,0.564,0.0282,0.123,0.123,0,0,0,0,0,0,0.502,19.166666667,19.166666667
0.658,0.575,0.0339,0.175,0.175,0,0,0,0,0,0,0.0949,19.166666667,19.166666667
0.5,0.582,0.0327,0.148,0.148,0,0,0,0,0,0,0.0457,19.166666667,19.166666667
0.5,0.585,0.0371,0.152,0.152,0,0,0,0,0,0,0.274,19.166666667,19.166666667
0.5,0.589,0.0465,0.171,0.171,0,0,0,0,0,0.183,0.0915,19.166666667,19.166666667
0.5,0.606,0.0736,0.248,0.248,0,0,0,0,0,0.9,0.0915,19.444444444,20.0
0.5,0.606,0.08,0.239,0.239,0,0,0,0,0,0,0.0457,19.444444444,20.0
0.5,0.606,0.085,0.234,0.234,0,0,0,0,0,0,0.0457,19.444444444,20.0
0.5,0.606,0.094,0.233,0.233,0,0,0,0,0,0,0.549,19.444444444,20.0
0.5,0.609,0.1,0.244,0.244,0,0,0,0,0,0,0.229,19.444444444,20.0
0.454,0.619,0.103,0.254,0.254,0,0,0,0,0,0,0.0915,19.444444444,20.0
0.592,0.666,0.163,0.411,0.411,0,0,0,0,0,0,0.137,19.444444444,20.0
0.75,0.722,0.25,0.639,0.639,0.132,0.183,0,0,0,0,0.0915,19.444444444,20.0
0.75,0.73,0.338,0.726,0.726,0.528,1,0.115,0.183,0,0,0.0457,19.444444444,20.0
0.921,0.742,0.529,0.8,0.8,0.492,0.133,0.203,0.05,0.767,0,0.162,19.444444444,20.0
1,0.672,0.463,0.491,0.491,0,0,0,0,0,0,0.0292,19.444444444,20.0
1,0.614,0.305,0.286,0.286,0,0,0,0,0,0,0.15,19.444444444,20.0
1,0.575,0.104,0.152,0.152,0,0,0,0,0,0,0,19.444444444,20.0
1,0.565,0.0491,0.0914,0.0914,0,0,0,0,0,0,0,19.444444444,20.0
1,0.564,0.0161,0.0501,0.0501,0,0,0,0,0,0,0,19.444444444,20.0
1,0.564,0.0161,0.0501,0.0501,0,0,0,0,0,0,0,19.166666667,19.166666667
1,0.564,0.0161,0.0501,0.0501,0,0,0,0,0,0,0,19.166666667,19.166666667
1,0.564,0.0161,0.0501,0.0501,0,0,0,0,0,0,0,19.166666667,19.166666667
1,0.563,0.017,0.0546,0.0546,0,0,0,0,0,0,0.162,19.166666667,19.166666667
1,0.563,0.0263,0.109,0.109,0,0,0,0,0,0.683,0.522,19.166666667,19.166666667
0.767,0.575,0.031,0.151,0.151,0,0,0,0,0,0.133,0.169,19.166666667,19.166666667
0.642,0.592,0.0416,0.203,0.203,0,0,0,0,0,0,0.432,19.166666667,19.166666667
0.5,0.589,0.0416,0.171,0.171,0,0,0,0,0,0,0.251,19.166666667,19.166666667
0.267,0.586,0.043,0.159,0.159,0,0,0,0,0,0,0.455,19.166666667,19.166666667
0.25,0.585,0.0448,0.149,0.149,0,0,0,0,0,0,0.167,19.444444444,20.0
0.483,0.605,0.0779,0.233,0.233,0,0,0,0,0,0,0.315,19.444444444,20.0
0.5,0.606,0.085,0.234,0.234,0,0,0.398,0.7,0.233,0,0.626,19.444444444,20.0
0.5,0.606,0.094,0.233,0.233,0,0,0.214,0,0.8,0,0.0457,19.444444444,20.0
0.5,0.609,0.1,0.244,0.244,0,0,0,0,0,0,0.366,19.444444444,20.0
0.5,0.626,0.113,0.279,0.279,0,0,0,0,0,0,0.32,19.444444444,20.0
0.654,0.678,0.18,0.455,0.455,0,0,0,0,0,0,0.204,19.444444444,20.0
1,0.775,0.328,0.835,0.835,0,0,0,0,0,0,0.424,19.444444444,20.0
1,0.785,0.446,0.952,0.952,0.161,0.183,0,0,0,0,0.0915,19.444444444,20.0
0.767,0.72,0.468,0.704,0.704,0.228,1,0.512,0.467,0.467,0,0,19.444444444,20.0
0.75,0.689,0.537,0.559,0.559,0.399,0.567,0.21,0,0.567,0,0,19.444444444,20.0
0.983,0.64,0.459,0.415,0.415,0.538,0.617,0,0,0,0,0,19.444444444,20.0
1,0.579,0.135,0.188,0.188,0.513,0,0,0,0,0,0,19.444444444,20.0
1,0.564,0.0289,0.0661,0.0661,0,0,0,0,0,0,0,19.444444444,20.0
1,0.564,0.0161,0.0501,0.0501,0,0,0,0,0,0,0,19.444444444,20.0
1,0.564,0.0161,0.0501,0.0501,0,0,0,0,0,0,0,19.166666667,19.166666667
1,0.564,0.0161,0.0501,0.0501,0,0,0,0,0,0,0,19.166666667,19.166666667
1,0.564,0.0161,0.0501,0.0501,0,0,0,0,0,0,0,19.166666667,19.166666667
1,0.563,0.017,0.0546,0.0546,0,0,0,0,0,0,0.137,19.166666667,19.166666667
1,0.563,0.0263,0.109,0.109,0,0,0,0,0,0,0.148,19.166666667,19.166666667
1,0.583,0.0416,0.225,0.225,0,0,0,0,0,0,0.621,19.166666667,19.166666667
0.954,0.601,0.0503,0.253,0.253,0,0,0,0,0,0,0.415,19.166666667,19.166666667
0.704,0.606,0.0581,0.254,0.254,0,0,0,0,0,0,0.576,19.166666667,19.166666667
0.454,0.602,0.0615,0.237,0.237,0,0,0,0,0,0,0.308,19.166666667,19.166666667
0.421,0.6,0.0647,0.216,0.216,0,0,0.223,0.467,0.217,0,0.0915,19.444444444,20.0
0.5,0.606,0.08,0.239,0.239,0,0,0.471,0,1,0,0,19.444444444,20.0
0.5,0.606,0.085,0.234,0.234,0,0,0.188,0,1,0,0.274,19.444444444,20.0
0.5,0.606,0.094,0.233,0.233,0,0,0.684,0,0.883,0,0.686,19.444444444,20.0
0.5,0.609,0.1,0.244,0.244,0,0,0.535,0,0,0,0.412,19.444444444,20.0
0.5,0.626,0.113,0.279,0.279,0,0,0.673,0,0,0,0.0915,19.444444444,20.0
0.329,0.619,0.0961,0.245,0.245,0,0,0.41,0,0,0,0.0915,19.444444444,20.0
0.512,0.674,0.186,0.466,0.466,0.199,0.183,0,0,0,0.267,0.167,19.444444444,20.0
1,0.785,0.446,0.952,0.952,0.712,1,0,0,0,0,0.279,19.444444444,20.0
1,0.767,0.606,0.903,0.903,0,0.133,0,0,0,0,0.229,19.444444444,20.0
1,0.725,0.68,0.705,0.705,0,0,0,0,0,0,0.104,19.444444444,20.0
1,0.63,0.399,0.361,0.361,0,0,0,0,0,0,0.0853,19.444444444,20.0
1,0.575,0.104,0.152,0.152,0,0,0,0,0,0,0.0457,19.444444444,20.0
1,0.565,0.039,0.0788,0.0788,0,0,0,0,0,0,0,19.444444444,20.0
1,0.564,0.0161,0.0501,0.0501,0,0,0,0,0,0,0,19.444444444,20.0
1,0.564,0.0161,0.0501,0.0501,0,0,0,0,0,0,0,19.166666667,19.166666667
1,0.564,0.0161,0.0501,0.0501,0,0,0,0,0,0,0,19.166666667,19.166666667
1,0.564,0.0161,0.0501,0.0501,0,0,0,0,0,0,0,19.166666667,19.166666667
1,0.564,0.0161,0.0501,0.0501,0,0,0,0,0,0,0,19.166666667,19.166666667
1,0.567,0.0218,0.0909,0.0909,0,0,0,0,0,0.183,0.26,19.166666667,19.166666667
1,0.588,0.05,0.285,0.285,0,0,0,0,0,0.35,0.43,19.166666667,19.166666667
1,0.618,0.0658,0.344,0.344,0,0,0,0,0,0,0.704,19.166666667,19.166666667
1,0.628,0.0791,0.356,0.356,0,0,0,0,0,0,0.66,19.166666667,19.166666667
0.938,0.626,0.0909,0.35,0.35,0,0,0,0,0,0,0.31,19.166666667,19.166666667
1,0.649,0.131,0.446,0.446,0,0,0,0,0,0.933,0.374,19.444444444,20.0
1,0.629,0.114,0.34,0.34,0,0,0,0,0,0.15,0.446,19.444444444,20.0
0.767,0.608,0.0872,0.24,0.24,0,0,0,0,0,0,0.274,19.444444444,20.0
0.75,0.606,0.094,0.233,0.233,0,0,0,0,0,0,0,19.444444444,20.0
0.75,0.609,0.1,0.244,0.244,0,0,0,0,0,0,0.274,19.444444444,20.0
0.75,0.626,0.113,0.279,0.279,0,0,0,0,0,0,0.321,19.444444444,20.0
0.921,0.689,0.195,0.49,0.49,0,0,0,0,0,0.267,0.137,19.444444444,20.0
0.954,0.765,0.31,0.794,0.794,0,0,0,0,0,0,0.412,19.444444444,20.0
0.75,0.73,0.338,0.726,0.726,0,0,0,0,0,0,0.457,19.444444444,20.0
0.796,0.724,0.491,0.722,0.722,0,0,0,0,0,0,0.29,19.444444444,20.0
1,0.73,0.711,0.729,0.729,0,0,0,0,0,0,0,19.444444444,20.0
1,0.652,0.53,0.477,0.477,0,0,0,0,0,0,0.203,19.444444444,20.0
1,0.594,0.248,0.318,0.318,0,0,0,0,0,0,0.104,19.444444444,20.0
1,0.565,0.0545,0.0982,0.0982,0,0,0,0,0,0,0,19.444444444,20.0
1,0.562,0.0286,0.0666,0.0666,0,0,0,0,0,0,0,19.444444444,20.0
1,0.562,0.0202,0.0552,0.0552,0,0,0,0,0,0,0.0915,19.166666667,19.166666667
1,0.562,0.0163,0.0501,0.0501,0,0,0,0,0,0,0.137,19.166666667,19.166666667
1,0.562,0.0156,0.0501,0.0501,0,0,0,0,0,0,0.0915,19.166666667,19.166666667
0.892,0.562,0.0177,0.0552,0.0552,0,0,0,0,0,0,0.359,19.166666667,19.166666667
0.517,0.563,0.0164,0.0518,0.0518,0,0,0,0,0,0,0,19.166666667,19.166666667
0.5,0.57,0.0219,0.0857,0.0857,0,0,0,0,0,0.183,0,19.166666667,19.166666667
0.375,0.591,0.0414,0.198,0.198,0,0,0,0,0,0.35,0.309,19.166666667,19.166666667
0.5,0.606,0.0581,0.254,0.254,0,0,0,0,0,0.183,0.0422,19.166666667,19.166666667
0.5,0.606,0.0667,0.255,0.255,0,0,0,0,0,0.0833,0.208,19.166666667,19.166666667
0.5,0.606,0.0736,0.248,0.248,0,0,0,0,0,0,0.274,19.444444444,20.0
0.5,0.606,0.08,0.239,0.239,0,0,0,0,0,0,0.0915,19.444444444,20.0
0.5,0.606,0.085,0.234,0.234,0,0,0,0,0,0,0.137,19.444444444,20.0
0.5,0.606,0.094,0.233,0.233,0.782,0.933,0.599,0.467,0.217,0,0.0457,19.444444444,20.0
0.5,0.609,0.1,0.244,0.244,0.102,0.383,0.562,0,0.55,0,0.325,19.444444444,20.0
0.5,0.626,0.113,0.279,0.279,0,0,0,0,0,0,0.248,19.444444444,20.0
0.5,0.649,0.139,0.35,0.35,0,0,0,0,0,0.183,0.36,19.444444444,20.0
0.733,0.719,0.245,0.626,0.626,0,0,0,0,0,0.35,0.137,19.444444444,20.0
0.642,0.706,0.287,0.629,0.629,0,0,0,0,0,0,0,19.444444444,20.0
0.5,0.665,0.311,0.476,0.476,0,0,0,0,0,0,0.183,19.444444444,20.0
0.967,0.724,0.688,0.705,0.705,0,0,0,0,0,0,0.108,19.444444444,20.0
1,0.634,0.429,0.39,0.39,0,0,0,0,0,0,0.161,19.444444444,20.0
1,0.582,0.153,0.207,0.207,0,0,0,0,0,0,0,19.444444444,20.0
1,0.564,0.0165,0.0501,0.0501,0,0,0,0,0,0,0,19.444444444,20.0
1,0.564,0.0184,0.0501,0.0501,0,0,0,0,0,0,0,19.444444444,20.0
1,0.564,0.0184,0.0501,0.0501,0,0,0,0,0,0,0,19.166666667,19.166666667
1,0.57,0.0185,0.0501,0.0501,0,0,0,0,0,0,0.0457,19.166666667,19.166666667
1,0.599,0.0194,0.0504,0.0504,0,0,0,0,0,0,0.137,19.166666667,19.166666667
1,0.592,0.0205,0.0512,0.0512,0,0,0,0,0,0,0.183,19.166666667,19.166666667
1,0.564,0.0184,0.0501,0.0501,0,0,0,0,0,0,0,19.166666667,19.166666667
1,0.564,0.0184,0.0501,0.0501,0,0,0,0,0,0,0,19.166666667,19.166666667
1,0.575,0.0261,0.0696,0.0696,0,0,0,0,0,0.183,0,19.166666667,19.166666667
1,0.64,0.0734,0.177,0.177,0,0,0,0,0,0.0833,0.271,19.166666667,19.166666667
0.892,0.664,0.11,0.221,0.221,0,0,0,0,0,0,0.13,19.166666667,19.166666667
0.642,0.644,0.105,0.182,0.182,0,0,0,0,0,0,0.234,19.444444444,20.0
0.5,0.628,0.0953,0.151,0.151,0,0,0,0,0,0,0,19.444444444,20.0
0.5,0.628,0.103,0.148,0.148,0,0,0,0,0,0,0.146,19.444444444,20.0
0.5,0.628,0.118,0.148,0.148,0,0,0,0,0,0,0.423,19.444444444,20.0
0.5,0.63,0.132,0.153,0.153,0,0,0,0,0,0.183,0.176,19.444444444,20.0
0.5,0.712,0.26,0.289,0.289,0,0,0,0,0,0.367,0.137,19.444444444,20.0
0.608,0.787,0.337,0.452,0.452,0.434,0.433,0,0,0,0,0.137,19.444444444,20.0
0.75,0.876,0.436,0.687,0.687,0.42,0.65,0,0,0,0,0.137,19.444444444,20.0
0.796,0.904,0.564,0.804,0.804,0,0,0,0,0,0,0,19.444444444,20.0
1,0.97,0.891,0.913,0.913,0,0,0,0,0,0,0.229,19.444444444,20.0
1,0.887,0.896,0.647,0.647,0,0,0,0,0,0,0.452,19.444444444,20.0
1,0.709,0.461,0.31,0.31,0,0,0,0,0,0,0.129,19.444444444,20.0
1,0.66,0.264,0.242,0.242,0.581,0.683,0,0,0,0,0.153,19.444444444,20.0
1,0.603,0.074,0.0949,0.0949,0.566,0.4,0,0,0,0,0.0457,19.444444444,20.0
1,0.599,0.0399,0.0666,0.0666,0.496,0,0,0,0,0,0,19.444444444,20.0
1,0.575,0.0215,0.0521,0.0521,0.196,0,0,0,0,0,0,19.166666667,19.166666667
1,0.564,0.0184,0.0501,0.0501,0,0,0,0,0,0,0,19.166666667,19.166666667
1,0.564,0.0184,0.0501,0.0501,0,0,0,0,0,0,0,19.166666667,19.166666667
1,0.564,0.0184,0.0501,0.0501,0,0,0,0,0,0,0,19.166666667,19.166666667
1,0.564,0.0184,0.0501,0.0501,0,0,0,0,0,0,0,19.166666667,19.166666667
1,0.564,0.0184,0.0501,0.0501,0,0,0,0,0,0,0,19.166666667,19.166666667
1,0.587,0.0337,0.0892,0.0892,0,0,0,0,0,0,0.0457,19.166666667,19.166666667
1,0.692,0.108,0.264,0.264,0,0,0,0,0,0,0.137,19.166666667,19.166666667
0.767,0.644,0.0938,0.185,0.185,0,0,0,0,0,0,0.183,19.166666667,19.166666667
0.75,0.692,0.158,0.26,0.26,0.749,0.933,0,0,0,0,0.419,19.444444444,20.0
0.579,0.648,0.119,0.183,0.183,0.107,0.15,0,0,0,0,0.202,19.444444444,20.0
0.5,0.628,0.103,0.148,0.148,0,0,0,0,0,0,0.263,19.444444444,20.0
0.454,0.628,0.118,0.148,0.148,0,0,0,0,0,0,0.0457,19.444444444,20.0
0.421,0.675,0.211,0.225,0.225,0,0,0,0,0,0,0.561,19.444444444,20.0
0.5,0.717,0.268,0.297,0.297,0,0,0,0,0,0,0.379,19.444444444,20.0
0.5,0.746,0.28,0.376,0.376,0,0,0,0,0,0.267,0.33,19.444444444,20.0
0.312,0.695,0.196,0.32,0.32,0,0,0,0,0,0,0.183,19.444444444,20.0
0.904,0.951,0.633,0.908,0.908,0,0,0,0,0,0,0.229,19.444444444,20.0
1,0.97,0.891,0.913,0.913,0,0,0,0,0,0,0.229,19.444444444,20.0
1,0.923,1,0.714,0.714,0.566,0.933,0,0,0,0,0,19.444444444,20.0
1,0.788,0.706,0.447,0.447,0.459,0.15,0,0,0,0,0.363,19.444444444,20.0
1,0.619,0.156,0.158,0.158,0,0,0,0,0,0,0,19.444444444,20.0
1,0.596,0.0692,0.0914,0.0914,0,0,0,0,0,0,0,19.444444444,20.0
1,0.564,0.0161,0.0501,0.0501,0,0,0,0,0,0,0,19.444444444,20.0
1,0.564,0.0161,0.0501,0.0501,0,0,0,0,0,0,0,19.166666667,19.166666667
1,0.564,0.0161,0.0501,0.0501,0,0,0,0,0,0,0,19.166666667,19.166666667
1,0.57,0.0167,0.0504,0.0504,0,0,0,0,0,0.183,0.0457,19.166666667,19.166666667
0.829,0.581,0.0185,0.0552,0.0552,0,0,0,0,0,0.65,0.28,19.166666667,19.166666667
0.75,0.6,0.0252,0.0848,0.0848,0,0,0,0,0,0,0.58,19.166666667,19.166666667
0.704,0.622,0.0364,0.149,0.149,0,0,0,0,0,0,0.316,19.166666667,19.166666667
0.5,0.684,0.0625,0.252,0.252,0,0,0,0,0,0,0.244,19.166666667,19.166666667
0.454,0.68,0.068,0.244,0.244,0,0,0,0,0,0,0.249,19.166666667,19.166666667
0.358,0.656,0.0663,0.205,0.205,0.392,0.433,0.0852,0.183,0,0,0.137,19.166666667,19.166666667
0.5,0.692,0.0947,0.26,0.26,0.0737,0.933,0.429,0.3,0.7,0,0.0915,19.444444444,20.0
0.5,0.692,0.103,0.251,0.251,0,0,0.419,0,0.4,0,0.183,19.444444444,20.0
0.392,0.664,0.0888,0.203,0.203,0,0,0.426,0,0,0,0.457,19.444444444,20.0
0.296,0.64,0.079,0.166,0.166,0,0,0.416,0,0,0,0,19.444444444,20.0
0.5,0.666,0.104,0.21,0.21,0,0,0.047,0,0,0,0.183,19.444444444,20.0
0.5,0.64,0.0817,0.173,0.173,0,0,0,0,0,0,0.0457,19.444444444,20.0
0.733,0.782,0.213,0.442,0.442,0,0,0,0,0,0.833,0.268,19.444444444,20.0
0.75,0.876,0.329,0.687,0.687,0,0,0,0,0,0,0.399,19.444444444,20.0
0.858,0.932,0.514,0.864,0.864,0,0,0,0,0,0,0.29,19.444444444,20.0
1,0.97,0.802,0.913,0.913,0,0,0,0,0,0,0,19.444444444,20.0
0.954,0.91,0.899,0.691,0.691,0,0,0,0,0,0,0.0457,19.444444444,20.0
0.983,0.728,0.495,0.342,0.342,0,0,0,0,0,0,0.0522,19.444444444,20.0
1,0.653,0.232,0.233,0.233,0,0,0,0,0,0,0,19.444444444,20.0
1,0.564,0.0161,0.0501,0.0501,0,0,0,0,0,0,0,19.444444444,20.0
1,0.564,0.0161,0.0501,0.0501,0,0,0,0,0,0,0,19.444444444,20.0
1,0.564,0.0161,0.0501,0.0501,0,0,0,0,0,0,0,19.166666667,19.166666667
1,0.564,0.0161,0.0501,0.0501,0,0,0,0,0,0,0,19.166666667,19.166666667
1,0.564,0.0161,0.0501,0.0501,0,0,0,0,0,0,0,19.166666667,19.166666667
1,0.564,0.0161,0.0501,0.0501,0,0,0,0,0,0,0,19.166666667,19.166666667
1,0.597,0.0254,0.0908,0.0908,0,0,0,0,0,0,0.252,19.166666667,19.166666667
0.829,0.636,0.0411,0.173,0.173,0,0,0,0,0,0,0.183,19.166666667,19.166666667
0.75,0.696,0.0676,0.272,0.272,0.566,0.683,0,0,0,0,0.137,19.166666667,19.166666667
0.812,0.772,0.11,0.398,0.398,0.59,0.683,0,0,0,0,0.26,19.166666667,19.166666667
0.75,0.756,0.12,0.376,0.376,0.471,0,0,0,0,0,0.405,19.166666667,19.166666667
0.75,0.756,0.134,0.365,0.365,0.296,0,0,0,0,0.55,0.238,19.444444444,20.0
0.75,0.756,0.147,0.352,0.352,0,0,0,0,0,0,0.412,19.444444444,20.0
0.562,0.708,0.122,0.27,0.27,0,0,0,0,0,0,0.256,19.444444444,20.0
0.517,0.696,0.125,0.252,0.252,0,0,0,0,0,0,0.288,19.444444444,20.0
0.5,0.696,0.13,0.256,0.256,0,0,0,0,0,0,0.586,19.444444444,20.0
0.733,0.789,0.209,0.412,0.412,0,0,0.204,0.433,0,0.683,0.0457,19.444444444,20.0
0.796,0.857,0.281,0.576,0.576,0,0,0,0.05,0.95,1,0.229,19.444444444,20.0
0.954,0.961,0.409,0.855,0.855,0,0,0,0,0.15,0.283,0.0457,19.444444444,20.0
0.858,0.932,0.514,0.864,0.864,0,0,0,0,0,0,0.183,19.444444444,20.0
1,0.97,0.802,0.913,0.913,0,0,0,0,0,0.183,0,19.444444444,20.0
1,0.923,0.94,0.714,0.714,0.183,0.183,0,0,0,0.367,0,19.444444444,20.0
1,0.798,0.7,0.468,0.468,0.621,0.9,0,0,0,0,0,19.444444444,20.0
1,0.684,0.293,0.287,0.287,0.387,0,0,0,0,0,0.0457,19.444444444,20.0
0.892,0.625,0.0956,0.124,0.124,0,0,0,0,0,0,0,19.444444444,20.0
0.75,0.566,0.0174,0.0514,0.0514,0,0,0,0,0,0,0,19.444444444,20.0
0.75,0.564,0.0161,0.0501,0.0501,0,0,0,0,0,0,0,19.166666667,19.166666667
0.75,0.564,0.0161,0.0501,0.0501,0,0,0,0,0,0,0,19.166666667,19.166666667
0.796,0.57,0.0167,0.0504,0.0504,0,0,0,0,0,0,0.114,19.166666667,19.166666667
0.829,0.575,0.0171,0.0505,0.0505,0,0,0,0,0,0,0.116,19.166666667,19.166666667
0.75,0.597,0.0254,0.0908,0.0908,0,0,0,0,0,0.267,0.0915,19.166666667,19.166666667
0.829,0.67,0.052,0.231,0.231,0,0,0,0,0,0,0.229,19.166666667,19.166666667
0.5,0.624,0.0393,0.151,0.151,0,0,0,0,0,0,0.0457,19.166666667,19.166666667
0.5,0.628,0.0452,0.157,0.157,0,0,0,0,0,0,0,19.166666667,19.166666667
0.5,0.628,0.0508,0.159,0.159,0,0,0,0,0,0,0.183,19.166666667,19.166666667
0.5,0.64,0.0633,0.174,0.174,0,0,0,0,0,0,0.183,19.444444444,20.0
0.5,0.692,0.103,0.251,0.251,0,0,0,0,0,0,0.137,19.444444444,20.0
0.5,0.648,0.0774,0.179,0.179,0,0,0,0,0,0,0,19.444444444,20.0
0.5,0.688,0.118,0.239,0.239,0,0,0,0,0,0,0.183,19.444444444,20.0
0.5,0.682,0.118,0.235,0.235,0,0,0,0,0,0,0.32,19.444444444,20.0
0.733,0.712,0.143,0.289,0.289,0,0,0,0,0,0,0.357,19.444444444,20.0
0.688,0.787,0.219,0.452,0.452,0,0,0,0,0,0.683,0.229,19.444444444,20.0
0.921,0.948,0.403,0.834,0.834,0,0,0,0,0,1,0.183,19.444444444,20.0
1,0.993,0.589,1,1,0.394,0.267,0,0,0,0.567,0.27,19.444444444,20.0
1,0.97,0.802,0.913,0.913,0.286,0,0.477,0.483,0.45,0,0.166,19.444444444,20.0
1,0.91,0.899,0.691,0.691,0,0,0.546,0,0.65,0,0.0457,19.444444444,20.0
1,0.765,0.605,0.406,0.406,0,0,0.549,0,0,0,0,19.444444444,20.0
1,0.654,0.219,0.223,0.223,0,0,0,0,0,0.267,0.162,19.444444444,20.0
1,0.635,0.109,0.136,0.136,0,0,0,0,0,0,0.245,19.444444444,20.0
1,0.575,0.0225,0.0561,0.0561,0,0,0,0,0,0,0.0776,19.444444444,20.0
1,0.564,0.0161,0.0501,0.0501,0,0,0,0,0,0,0,19.166666667,19.166666667
1,0.564,0.0161,0.0501,0.0501,0,0,0,0,0,0,0,19.166666667,19.166666667
1,0.564,0.0161,0.0501,0.0501,0,0,0,0,0,0,0,19.166666667,19.166666667
1,0.564,0.0161,0.0501,0.0501,0,0,0,0,0,0,0,19.166666667,19.166666667
1,0.597,0.0254,0.0908,0.0908,0,0,0,0,0,0,0.389,19.166666667,19.166666667
0.829,0.658,0.0486,0.212,0.212,0,0,0,0,0,0.55,0.294,19.166666667,19.166666667
0.517,0.628,0.0408,0.158,0.158,0,0,0,0,0,0,0.229,19.166666667,19.166666667
0.5,0.628,0.0452,0.157,0.157,0,0,0,0,0,0,0.0915,19.166666667,19.166666667
0.5,0.672,0.0748,0.233,0.233,0,0,0,0,0,0,0.183,19.166666667,19.166666667
0.5,0.692,0.0947,0.26,0.26,0,0,0,0,0,0,0.183,19.444444444,20.0
0.5,0.692,0.103,0.251,0.251,0,0,0,0,0,0.183,0.137,19.444444444,20.0
0.5,0.692,0.11,0.246,0.246,0,0,0,0,0,0.0833,0,19.444444444,20.0
0.454,0.68,0.111,0.227,0.227,0,0,0,0,0,0,0.32,19.444444444,20.0
0.467,0.689,0.124,0.246,0.246,0,0,0,0,0,0,0.183,19.444444444,20.0
0.75,0.794,0.213,0.42,0.42,0,0,0,0,0,0,0,19.444444444,20.0
0.579,0.711,0.149,0.31,0.31,0,0,0,0,0,0,0.64,19.444444444,20.0
0.608,0.785,0.243,0.505,0.505,0,0,0,0,0,0.433,0.503,19.444444444,20.0
0.75,0.886,0.446,0.763,0.763,0,0,0,0,0,0.117,0,19.444444444,20.0
0.75,0.868,0.605,0.697,0.697,0,0,0,0,0,0,0.0457,19.444444444,20.0
0.921,0.894,0.866,0.659,0.659,0,0,0,0,0,0,0,19.444444444,20.0
1,0.788,0.675,0.447,0.447,0,0,0,0,0,0,0,19.444444444,20.0
1,0.646,0.209,0.214,0.214,0,0,0,0,0,0,0,19.444444444,20.0
1,0.596,0.0608,0.0914,0.0914,0,0,0,0,0,0,0,19.444444444,20.0
1,0.564,0.0161,0.0501,0.0501,0,0,0,0,0,0,0,19.444444444,20.0
1,0.564,0.0161,0.0501,0.0501,0,0,0,0,0,0,0,19.166666667,19.166666667
1,0.564,0.0161,0.0501,0.0501,0,0,0,0,0,0,0,19.166666667,19.166666667
1,0.564,0.0161,0.0501,0.0501,0,0,0,0,0,0,0,19.166666667,19.166666667
1,0.564,0.0161,0.0501,0.0501,0,0,0,0,0,0,0,19.166666667,19.166666667
1,0.589,0.0227,0.0768,0.0768,0,0,0,0,0,0,0.593,19.166666667,19.166666667
1,0.622,0.0364,0.149,0.149,0,0,0,0,0,0,0.175,19.166666667,19.166666667
0.892,0.699,0.068,0.277,0.277,0,0,0,0,0,0,0.337,19.166666667,19.166666667
0.75,0.692,0.0743,0.264,0.264,0,0,0,0,0,0,0.419,19.166666667,19.166666667
0.75,0.692,0.0855,0.267,0.267,0,0,0,0,0,0,0.0915,19.166666667,19.166666667
0.75,0.692,0.0947,0.26,0.26,0,0,0,0,0,0,0,19.444444444,20.0
0.75,0.692,0.103,0.251,0.251,0,0,0,0,0,0,0.282,19.444444444,20.0
0.579,0.68,0.1,0.228,0.228,0,0,0,0,0,0,0.229,19.444444444,20.0
0.5,0.628,0.0689,0.148,0.148,0,0,0,0,0,0,0.187,19.444444444,20.0
0.438,0.614,0.059,0.128,0.128,0,0,0,0,0,0,0.339,19.444444444,20.0
0.5,0.64,0.0817,0.173,0.173,0,0,0,0,0,0.933,0.0457,19.444444444,20.0
0.717,0.737,0.174,0.365,0.365,0,0,0,0,0,1,0.759,19.444444444,20.0
0.767,0.799,0.256,0.532,0.532,0,0,0,0,0,1,0.152,19.444444444,20.0
0.704,0.867,0.411,0.721,0.721,0,0,0.254,0.433,0,0.733,0,19.444444444,20.0
0.608,0.81,0.499,0.57,0.57,0,0,0,0.05,0.95,0,0,19.444444444,20.0
0.75,0.797,0.61,0.481,0.481,0,0,0,0,0.433,0,0,19.444444444,20.0
0.75,0.694,0.401,0.281,0.281,0,0,0,0,0,0,0,19.444444444,20.0
0.75,0.608,0.124,0.141,0.141,0,0,0,0,0,0,0,19.444444444,20.0
0.75,0.564,0.0165,0.0501,0.0501,0,0,0,0,0,0,0,19.444444444,20.0
0.75,0.564,0.0184,0.0501,0.0501,0,0,0,0,0,0,0,19.444444444,20.0
0.75,0.564,0.0184,0.0501,0.0501,0,0,0,0,0,0,0,19.166666667,19.166666667
0.796,0.576,0.0186,0.0501,0.0501,0,0,0,0,0,0,0,19.166666667,19.166666667
1,0.618,0.0197,0.0504,0.0504,0,0,0,0,0,0,0.318,19.166666667,19.166666667
1,0.599,0.0213,0.0559,0.0559,0,0,0,0,0,0.55,0.0457,19.166666667,19.166666667
0.954,0.592,0.0221,0.0708,0.0708,0,0,0,0,0,0,0.0915,19.166666667,19.166666667
0.858,0.597,0.0298,0.106,0.106,0,0,0,0,0,0,0.0457,19.166666667,19.166666667
1,0.726,0.0915,0.322,0.322,0,0,0,0,0,0,0.137,19.166666667,19.166666667
0.829,0.712,0.121,0.298,0.298,0,0,0,0,0,0,0,19.166666667,19.166666667
0.704,0.68,0.124,0.248,0.248,0,0,0,0,0,0,0.42,19.166666667,19.166666667
0.5,0.64,0.102,0.174,0.174,0,0,0,0,0,0,0.183,19.444444444,20.0
0.329,0.648,0.119,0.183,0.183,0,0,0,0,0,0,0.719,19.444444444,20.0
0.25,0.628,0.103,0.148,0.148,0,0,0,0,0,0,0.229,19.444444444,20.0
0.421,0.672,0.188,0.214,0.214,0,0,0,0,0,0.55,0.229,19.444444444,20.0
0.5,0.682,0.224,0.235,0.235,0,0,0,0,0,0,0.0457,19.444444444,20.0
0.5,0.657,0.167,0.201,0.201,0,0,0,0,0,0,0.0915,19.444444444,20.0
0.625,0.791,0.345,0.452,0.452,0,0,0,0,0,0.183,0.229,19.444444444,20.0
0.608,0.818,0.36,0.57,0.57,0,0,0,0,0,0.0833,0.183,19.444444444,20.0
0.796,0.904,0.564,0.804,0.804,0,0,0,0,0,0,0,19.444444444,20.0
1,0.97,0.891,0.913,0.913,0.0854,0.183,0,0,0,0,0.0457,19.444444444,20.0
1,0.923,1,0.714,0.714,0.643,1,0,0,0,0,0.0285,19.444444444,20.0
1,0.845,0.873,0.553,0.553,0,0.183,0,0,0,0,0.306,19.444444444,20.0
1,0.715,0.402,0.35,0.35,0,0,0,0,0,0,0.17,19.444444444,20.0
1,0.629,0.121,0.133,0.133,0,0,0,0,0,0,0.171,19.444444444,20.0
1,0.564,0.0184,0.0501,0.0501,0,0,0,0,0,0,0,19.444444444,20.0
1,0.564,0.0184,0.0501,0.0501,0,0,0,0,0,0,0,19.166666667,19.166666667
1,0.564,0.0184,0.0501,0.0501,0,0,0,0,0,0,0,19.166666667,19.166666667
1,0.564,0.0184,0.0501,0.0501,0,0,0,0,0,0,0,19.166666667,19.166666667
1,0.564,0.0184,0.0501,0.0501,0,0,0,0,0,0,0,19.166666667,19.166666667
1,0.572,0.0204,0.0641,0.0641,0,0,0,0,0,0,0,19.166666667,19.166666667
0.954,0.6,0.0274,0.113,0.113,0,0,0,0,0,0,0.0457,19.166666667,19.166666667
0.704,0.593,0.0301,0.1,0.1,0,0,0,0,0,0.55,0.0915,19.166666667,19.166666667
0.5,0.575,0.0288,0.0702,0.0702,0,0,0,0,0,0,0,19.166666667,19.166666667
0.5,0.568,0.0222,0.0574,0.0574,0,0,0,0,0,0,0,19.166666667,19.166666667
0.454,0.564,0.0184,0.0501,0.0501,0,0,0,0,0,0,0,19.444444444,20.0
0.296,0.587,0.0483,0.086,0.086,0,0,0.0132,0.183,0,0,0.0915,19.444444444,20.0
0.5,0.692,0.187,0.246,0.246,0,0,0.216,0.3,0.7,0,0.0457,19.444444444,20.0
0.5,0.692,0.218,0.245,0.245,0,0,0,0,0.4,0,0.457,19.444444444,20.0
0.5,0.696,0.246,0.256,0.256,0,0,0,0,0,0,0.412,19.444444444,20.0
0.5,0.717,0.268,0.297,0.297,0,0,0,0,0,0,0.137,19.444444444,20.0
0.312,0.68,0.183,0.261,0.261,0,0,0,0,0,0,0.183,19.444444444,20.0
0.779,0.889,0.456,0.717,0.717,0,0,0,0,0,0.267,0.274,19.444444444,20.0
1,0.993,0.694,1,1,0.173,0.183,0,0,0,0,0.274,19.444444444,20.0
1,0.97,0.891,0.913,0.913,0.68,0.633,0,0,0,0,0.0915,19.444444444,20.0
1,0.923,1,0.714,0.714,0,0,0,0,0,0,0.142,19.444444444,20.0
1,0.798,0.732,0.468,0.468,0,0,0,0,0,0,0.276,19.444444444,20.0
1,0.671,0.285,0.259,0.259,0,0,0,0,0,0,0,19.444444444,20.0
1,0.635,0.124,0.136,0.136,0,0,0,0,0,0,0,19.444444444,20.0
1,0.592,0.0326,0.0655,0.0655,0,0,0,0,0,0,0,19.444444444,20.0
1,0.564,0.0161,0.0501,0.0501,0,0,0,0,0,0,0,19.166666667,19.166666667
1,0.564,0.0161,0.0501,0.0501,0,0,0,0,0,0,0,19.166666667,19.166666667
1,0.587,0.017,0.0504,0.0504,0,0,0,0,0,0,0.322,19.166666667,19.166666667
1,0.599,0.0201,0.0559,0.0559,0,0,0,0,0,0,0,19.166666667,19.166666667
0.954,0.626,0.0318,0.111,0.111,0,0,0,0,0,0.433,0.412,19.166666667,19.166666667
0.704,0.658,0.0486,0.212,0.212,0,0,0,0,0,0.117,0.303,19.166666667,19.166666667
0.5,0.684,0.0625,0.252,0.252,0,0,0,0,0,0,0.29,19.166666667,19.166666667
0.5,0.692,0.0743,0.264,0.264,0,0,0,0,0,0,0.125,19.166666667,19.166666667
0.5,0.692,0.0855,0.267,0.267,0,0,0,0,0,0,0.0915,19.166666667,19.166666667
0.5,0.692,0.0947,0.26,0.26,0,0,0,0,0,0,0,19.444444444,20.0
0.5,0.692,0.103,0.251,0.251,0,0,0,0,0,0,0,19.444444444,20.0
0.5,0.692,0.11,0.246,0.246,0,0,0,0,0,0.55,0.0457,19.444444444,20.0
0.454,0.68,0.111,0.227,0.227,0,0,0,0,0,0,0.0915,19.444444444,20.0
0.483,0.691,0.126,0.25,0.25,0,0,0,0,0,0,0.0915,19.444444444,20.0
0.5,0.717,0.147,0.297,0.297,0,0,0,0,0,0,0.366,19.444444444,20.0
0.5,0.746,0.181,0.376,0.376,0,0,0,0,0,0,0.229,19.444444444,20.0
0.904,0.941,0.396,0.82,0.82,0,0,0.529,0.483,0.2,0,0.213,19.444444444,20.0
1,0.993,0.589,1,1,0,0,0.399,0,0.9,0,0.191,19.444444444,20.0
1,0.97,0.802,0.913,0.913,0,0,0.58,0,0,0,0.0915,19.444444444,20.0
0.829,0.863,0.783,0.603,0.603,0,0,0.419,0,0,0,0,19.444444444,20.0
0.75,0.662,0.305,0.225,0.225,0,0,0.307,0,0,0,0.0457,19.444444444,20.0
0.921,0.622,0.157,0.169,0.169,0,0,0.047,0,0,0,0,19.444444444,20.0
1,0.564,0.0161,0.0501,0.0501,0,0,0,0,0,0,0,19.444444444,20.0
1,0.564,0.0161,0.0501,0.0501,0,0,0,0,0,0,0,19.444444444,20.0
1,0.564,0.0161,0.0501,0.0501,0,0,0,0,0,0,0,19.166666667,19.166666667
1,0.564,0.0161,0.0501,0.0501,0,0,0,0,0,0,0,19.166666667,19.166666667
1,0.57,0.0167,0.0504,0.0504,0,0,0,0,0,0,0.156,19.166666667,19.166666667
1,0.599,0.0201,0.0559,0.0559,0,0,0,0,0,0,0.162,19.166666667,19.166666667
1,0.6,0.0252,0.0848,0.0848,0,0,0,0,0,0,0.383,19.166666667,19.166666667
1,0.622,0.0364,0.149,0.149,0,0,0,0,0,0,0.452,19.166666667,19.166666667
0.721,0.669,0.057,0.227,0.227,0,0,0,0,0,0.55,0.269,19.166666667,19.166666667
0.5,0.692,0.0743,0.264,0.264,0,0,0,0,0,0,0,19.166666667,19.166666667
0.454,0.68,0.0785,0.248,0.248,0,0,0,0,0,0,0.0573,19.166666667,19.166666667
0.0792,0.584,0.0283,0.0837,0.0837,0,0,0,0,0,0,0.225,19.444444444,20.0
0.108,0.591,0.0352,0.0934,0.0934,0,0,0,0,0,0,0.0915,19.444444444,20.0
0.438,0.676,0.0972,0.221,0.221,0,0,0,0,0,0,0.0457,19.444444444,20.0
0.358,0.656,0.0921,0.19,0.19,0,0,0,0,0,0.433,0.0915,19.444444444,20.0
0.5,0.696,0.13,0.256,0.256,0.104,0.183,0,0,0,0.117,0.0915,19.444444444,20.0
0.5,0.717,0.147,0.297,0.297,0.687,0.633,0,0,0,0,0,19.444444444,20.0
0.733,0.768,0.201,0.414,0.414,0,0,0,0,0,0,0.366,19.444444444,20.0
0.796,0.889,0.347,0.717,0.717,0,0,0,0,0,0.267,0.0457,19.444444444,20.0
1,0.993,0.589,1,1,0,0,0,0,0,0,0.274,19.444444444,20.0
1,0.97,0.802,0.913,0.913,0,0,0,0,0,0,0,19.444444444,20.0
1,0.923,0.94,0.714,0.714,0,0,0,0,0,0,0.193,19.444444444,20.0
1,0.835,0.81,0.532,0.532,0,0,0,0,0,0,0.218,19.444444444,20.0
1,0.698,0.326,0.315,0.315,0,0,0,0,0,0,0,19.444444444,20.0
1,0.635,0.109,0.136,0.136,0,0,0,0,0,0,0,19.444444444,20.0
1,0.583,0.0275,0.0608,0.0608,0,0,0,0,0,0,0,19.444444444,20.0
1,0.564,0.0161,0.0501,0.0501,0,0,0,0,0,0,0,19.166666667,19.166666667
1,0.564,0.0161,0.0501,0.0501,0,0,0,0,0,0,0,19.166666667,19.166666667
1,0.576,0.0173,0.0506,0.0506,0,0,0,0,0,0,0.0457,19.166666667,19.166666667
1,0.633,0.0241,0.0616,0.0616,0,0,0,0,0,0,0.32,19.166666667,19.166666667
0.767,0.603,0.0257,0.0865,0.0865,0,0,0,0,0,0,0.183,19.166666667,19.166666667
0.75,0.644,0.0439,0.187,0.187,0,0,0,0,0,0,0.246,19.166666667,19.166666667
0.75,0.696,0.0676,0.272,0.272,0,0,0.161,0.183,0,0,0.348,19.166666667,19.166666667
0.704,0.745,0.0971,0.351,0.351,0,0,0.305,0.3,0.7,0,0.116,19.166666667,19.166666667
0.5,0.692,0.0855,0.267,0.267,0,0,0.449,0,1,0,0.343,19.166666667,19.166666667
0.392,0.664,0.0772,0.215,0.215,0,0,0.75,0,0.5,0,0.262,19.444444444,20.0
0.25,0.628,0.0596,0.151,0.151,0,0,0.631,0,0,0,0.0457,19.444444444,20.0
0.421,0.672,0.0953,0.215,0.215,0,0,0.559,0,0,0,0.0915,19.444444444,20.0
0.5,0.692,0.122,0.245,0.245,0,0,0.532,0,0,0,0.183,19.444444444,20.0
0.546,0.709,0.141,0.278,0.278,0,0,0.671,0,0,0,0.229,19.444444444,20.0
0.75,0.794,0.213,0.42,0.42,0,0,0.708,0,0,0,0.0915,19.444444444,20.0
0.858,0.879,0.301,0.615,0.615,0,0,0.429,0,0,0.55,0.229,19.444444444,20.0
1,0.98,0.434,0.899,0.899,0,0,0.474,0,0,0,0,19.444444444,20.0
1,0.993,0.589,1,1,0,0,0.529,0,0,0,0,19.444444444,20.0
1,0.97,0.802,0.913,0.913,0,0,0.106,0,0,0,0.0457,19.444444444,20.0
1,0.91,0.899,0.691,0.691,0,0,0,0,0,0,0.0774,19.444444444,20.0
1,0.765,0.605,0.406,0.406,0,0,0,0,0,0,0.083,19.444444444,20.0
1,0.66,0.242,0.242,0.242,0,0,0,0,0,0,0,19.444444444,20.0
1,0.576,0.0334,0.0661,0.0661,0,0,0,0,0,0,0,19.444444444,20.0
1,0.564,0.0161,0.0501,0.0501,0,0,0,0,0,0,0,19.444444444,20.0
1,0.564,0.0161,0.0501,0.0501,0,0,0,0,0,0,0,19.166666667,19.166666667
1,0.564,0.0161,0.0501,0.0501,0,0,0,0,0,0,0,19.166666667,19.166666667
1,0.564,0.0161,0.0501,0.0501,0,0,0,0,0,0,0,19.166666667,19.166666667
1,0.564,0.0161,0.0501,0.0501,0,0,0,0,0,0,0,19.166666667,19.166666667
1,0.597,0.0254,0.0908,0.0908,0,0,0,0,0,0,0.206,19.166666667,19.166666667
0.892,0.67,0.0523,0.231,0.231,0,0,0,0,0,0,0.325,19.166666667,19.166666667
0.704,0.672,0.0574,0.233,0.233,0,0,0,0,0,0,0.0915,19.166666667,19.166666667
0.5,0.628,0.0452,0.157,0.157,0,0,0,0,0,0,0.274,19.166666667,19.166666667
0.5,0.628,0.0508,0.159,0.159,0,0,0,0,0,0,0.183,19.166666667,19.166666667
0.5,0.628,0.0554,0.155,0.155,0,0,0,0,0,0,0.0457,19.444444444,20.0
0.5,0.628,0.0596,0.151,0.151,0,0,0,0,0,0,0.183,19.444444444,20.0
0.5,0.688,0.107,0.239,0.239,0,0,0,0,0,0.267,0.0915,19.444444444,20.0
0.267,0.632,0.0724,0.154,0.154,0,0,0,0,0,0,0.0915,19.444444444,20.0
0.25,0.63,0.0729,0.153,0.153,0,0,0,0,0,0,0,19.444444444,20.0
0.25,0.64,0.0817,0.173,0.173,0,0,0,0,0,0,0.0915,19.444444444,20.0
0.421,0.718,0.156,0.327,0.327,0,0,0,0,0,0.183,0.274,19.444444444,20.0
0.654,0.838,0.298,0.614,0.614,0.119,0.183,0,0,0,0.35,0.137,19.444444444,20.0
1,0.993,0.589,1,1,0.385,1,0,0,0,0,0.0915,19.444444444,20.0
1,0.91,0.669,0.792,0.792,0,0.183,0,0,0,0,0.0915,19.444444444,20.0
0.954,0.73,0.438,0.359,0.359,0,0,0,0,0,0,0.137,19.444444444,20.0
0.796,0.644,0.245,0.196,0.196,0,0,0,0,0,0,0.0457,19.444444444,20.0
1,0.653,0.232,0.233,0.233,0,0,0,0,0,0,0,19.444444444,20.0
1,0.564,0.0161,0.0501,0.0501,0,0,0,0,0,0,0,19.444444444,20.0
1,0.564,0.0161,0.0501,0.0501,0,0,0,0,0,0,0,19.444444444,20.0
1,0.564,0.0161,0.0501,0.0501,0,0,0,0,0,0,0,19.166666667,19.166666667
1,0.564,0.0161,0.0501,0.0501,0,0,0,0,0,0,0,19.166666667,19.166666667
0.954,0.57,0.0167,0.0504,0.0504,0,0,0,0,0,0.183,0.229,19.166666667,19.166666667
0.75,0.599,0.0201,0.0559,0.0559,0,0,0,0,0,0.0833,0.526,19.166666667,19.166666667
0.75,0.609,0.0279,0.0988,0.0988,0,0,0,0,0,0,0.528,19.166666667,19.166666667
0.75,0.669,0.0526,0.23,0.23,0,0,0,0,0,0.933,0.2,19.166666667,19.166666667
0.642,0.718,0.075,0.309,0.309,0,0,0,0,0,0.467,0.258,19.166666667,19.166666667
0.5,0.692,0.0743,0.264,0.264,0,0,0.38,0.483,0.2,0,0.254,19.166666667,19.166666667
0.5,0.692,0.0855,0.267,0.267,0,0,0.727,0,1,0,0,19.166666667,19.166666667
0.5,0.68,0.0868,0.242,0.242,0,0,0.596,0,0.183,0,0.183,19.444444444,20.0
0.5,0.628,0.0596,0.151,0.151,0,0,0.0925,0,0,0,0,19.444444444,20.0
0.5,0.616,0.0534,0.13,0.13,0,0,0,0,0,0,0,19.444444444,20.0
0.5,0.607,0.0524,0.117,0.117,0,0,0,0,0,0,0.0457,19.444444444,20.0
0.5,0.63,0.0729,0.153,0.153,0,0,0,0,0,0,0.274,19.444444444,20.0
0.5,0.64,0.0817,0.173,0.173,0,0,0,0,0,0,0.137,19.444444444,20.0
0.454,0.655,0.0986,0.213,0.213,0,0,0,0,0,0,0.32,19.444444444,20.0
0.825,0.908,0.365,0.755,0.755,0,0,0,0,0,0.267,0,19.444444444,20.0
1,0.993,0.589,1,1,0,0,0,0,0,0,0.0915,19.444444444,20.0
1,0.97,0.802,0.913,0.913,0,0,0,0,0,0,0.0457,19.444444444,20.0
1,0.803,0.626,0.493,0.493,0,0,0,0,0,0,0,19.444444444,20.0
1,0.686,0.37,0.269,0.269,0,0,0,0,0,0,0.183,19.444444444,20.0
1,0.667,0.252,0.251,0.251,0,0,0,0,0,0,0,19.444444444,20.0
1,0.615,0.0831,0.111,0.111,0,0,0,0,0,0,0,19.444444444,20.0
1,0.599,0.0399,0.0666,0.0666,0,0,0,0,0,0,0,19.444444444,20.0
1,0.575,0.0215,0.0521,0.0521,0,0,0,0,0,0,0,19.166666667,19.166666667
1,0.564,0.0184,0.0501,0.0501,0,0,0,0,0,0,0,19.166666667,19.166666667
1,0.564,0.0184,0.0501,0.0501,0,0,0,0,0,0,0,19.166666667,19.166666667
1,0.564,0.0184,0.0501,0.0501,0,0,0,0,0,0,0,19.166666667,19.166666667
1,0.572,0.0204,0.0641,0.0641,0,0,0,0,0,0,0.107,19.166666667,19.166666667
1,0.622,0.0361,0.149,0.149,0,0,0,0,0,0,0.21,19.166666667,19.166666667
1,0.708,0.0874,0.292,0.292,0,0,0,0,0,0.183,0.266,19.166666667,19.166666667
0.721,0.749,0.144,0.358,0.358,0,0,0,0,0,0.933,0.0915,19.166666667,19.166666667
0.5,0.692,0.136,0.267,0.267,0,0,0,0,0,0,0.0915,19.166666667,19.166666667
0.454,0.68,0.144,0.242,0.242,0,0,0,0,0,0,0.0457,19.444444444,20.0
0.421,0.672,0.148,0.219,0.219,0,0,0,0,0,0.267,0.348,19.444444444,20.0
0.392,0.664,0.149,0.203,0.203,0,0,0,0,0,0,0.228,19.444444444,20.0
0.483,0.688,0.212,0.239,0.239,0,0,0,0,0,0,0.137,19.444444444,20.0
0.796,0.744,0.33,0.331,0.331,0,0,0,0,0,0,0.322,19.444444444,20.0
0.75,0.661,0.175,0.209,0.209,0,0,0,0,0,0,0.229,19.444444444,20.0
0.75,0.765,0.305,0.414,0.414,0,0,0,0,0,0.183,0.64,19.444444444,20.0
0.858,0.922,0.499,0.782,0.782,0,0,0,0,0,0.0833,0.553,19.444444444,20.0
1,0.993,0.694,1,1,0,0,0,0,0,0,0.37,19.444444444,20.0
1,0.97,0.891,0.913,0.913,0,0,0,0,0,0,0.209,19.444444444,20.0
1,0.923,1,0.714,0.714,0,0,0,0,0,0,0.491,19.444444444,20.0
0.954,0.835,0.846,0.532,0.532,0,0,0,0,0,0,0.216,19.444444444,20.0
0.796,0.678,0.296,0.268,0.268,0,0,0,0,0,0,0.157,19.444444444,20.0
1,0.631,0.125,0.136,0.136,0,0,0,0,0,0,0.0561,19.444444444,20.0
1,0.564,0.0184,0.0501,0.0501,0,0,0,0,0,0,0,19.444444444,20.0
1,0.564,0.0184,0.0501,0.0501,0,0,0,0,0,0,0,19.166666667,19.166666667
1,0.564,0.0184,0.0501,0.0501,0,0,0,0,0,0,0,19.166666667,19.166666667
1,0.57,0.0189,0.0504,0.0504,0,0,0,0,0,0,0.0457,19.166666667,19.166666667
0.829,0.575,0.0192,0.0505,0.0505,0,0,0,0,0,0,0,19.166666667,19.166666667
0.75,0.589,0.0227,0.0768,0.0768,0,0,0,0,0,0,0.15,19.166666667,19.166666667
0.75,0.611,0.0318,0.131,0.131,0,0,0,0,0,0.683,0.0915,19.166666667,19.166666667
0.812,0.639,0.0511,0.176,0.176,0,0,0,0,0,0.15,0.0457,19.166666667,19.166666667
0.75,0.64,0.0734,0.177,0.177,0,0,0,0,0,0,0.274,19.166666667,19.166666667
0.75,0.704,0.149,0.287,0.287,0,0,0,0,0,0,0.146,19.166666667,19.166666667
0.75,0.756,0.228,0.365,0.365,0,0,0,0,0,0,0.251,19.444444444,20.0
0.75,0.756,0.249,0.352,0.352,0,0,0,0,0,0,0.382,19.444444444,20.0
0.75,0.756,0.272,0.343,0.343,0,0,0,0,0,0,0.134,19.444444444,20.0
0.796,0.756,0.318,0.343,0.343,0,0,0,0,0,0,0.456,19.444444444,20.0
1,0.762,0.36,0.359,0.359,0,0,0,0,0,0,0.137,19.444444444,20.0
1,0.794,0.393,0.42,0.42,0,0,0,0,0,0,0.229,19.444444444,20.0
0.875,0.857,0.436,0.576,0.576,0,0,0,0,0,0.183,0,19.444444444,20.0
1,0.98,0.575,0.899,0.899,0,0,0,0,0,0.65,0.46,19.444444444,20.0
1,0.993,0.694,1,1,0,0,0,0,0,0.433,0.467,19.444444444,20.0
0.954,0.935,0.799,0.849,0.849,0.154,0.183,0,0,0,0.117,0.248,19.444444444,20.0
0.704,0.73,0.467,0.359,0.359,0.727,0.9,0,0,0,0,0.0879,19.444444444,20.0
0.5,0.634,0.232,0.176,0.176,0.729,0,0,0,0,0,0.134,19.444444444,20.0
0.733,0.629,0.183,0.179,0.179,0,0,0,0,0,0.933,0.074,19.444444444,20.0
0.75,0.596,0.0692,0.0914,0.0914,0,0,0,0,0,0.183,0.0961,19.444444444,20.0
0.921,0.587,0.0276,0.0607,0.0607,0,0,0,0,0,0,0.0602,19.444444444,20.0
1,0.583,0.0205,0.0537,0.0537,0,0,0,0,0,0,0.263,19.166666667,19.166666667
1,0.564,0.0161,0.0501,0.0501,0,0,0,0,0,0,0,19.166666667,19.166666667
1,0.564,0.0161,0.0501,0.0501,0,0,0,0,0,0,0,19.166666667,19.166666667
1,0.564,0.0161,0.0501,0.0501,0,0,0,0,0,0,0,19.166666667,19.166666667
1,0.589,0.0227,0.0768,0.0768,0,0,0,0,0,0,0.263,19.166666667,19.166666667
0.954,0.622,0.0364,0.149,0.149,0,0,0,0,0,0,0.268,19.166666667,19.166666667
0.579,0.643,0.0463,0.183,0.183,0,0,0,0,0,0,0.0915,19.166666667,19.166666667
0.5,0.628,0.0452,0.157,0.157,0,0,0,0,0,0,0.0915,19.166666667,19.166666667
0.329,0.596,0.0339,0.104,0.104,0,0,0,0,0,0,0.0457,19.166666667,19.166666667
0.25,0.628,0.0554,0.155,0.155,0.467,0.683,0.419,0.433,0,0,0.0457,19.444444444,20.0
0.358,0.656,0.0787,0.194,0.194,0.171,0.4,0,0.05,0.95,0.183,0.0457,19.444444444,20.0
0.5,0.692,0.11,0.246,0.246,0.142,0.183,0,0,0.433,0.0833,0.137,19.444444444,20.0
0.5,0.692,0.122,0.245,0.245,0.575,0.9,0,0,0,0,0.137,19.444444444,20.0
0.5,0.696,0.13,0.256,0.256,0,0,0,0,0,0,0.274,19.444444444,20.0
0.5,0.717,0.147,0.297,0.297,0,0,0,0,0,0,0.183,19.444444444,20.0
0.5,0.746,0.181,0.376,0.376,0,0,0,0,0,0.267,0.0915,19.444444444,20.0
0.904,0.941,0.396,0.82,0.82,0,0,0,0,0,0,0.274,19.444444444,20.0
1,0.993,0.589,1,1,0,0,0,0,0,0,0,19.444444444,20.0
1,0.97,0.802,0.913,0.913,0.518,0.683,0,0,0,0,0.436,19.444444444,20.0
1,0.91,0.899,0.691,0.691,0.26,0.683,0,0,0,0,0.154,19.444444444,20.0
1,0.775,0.63,0.427,0.427,0,0,0,0,0,0,0.0915,19.444444444,20.0
1,0.712,0.359,0.343,0.343,0,0,0,0,0,0,0.206,19.444444444,20.0
0.767,0.605,0.0682,0.0982,0.0982,0,0,0,0,0,0,0,19.444444444,20.0
0.75,0.605,0.0354,0.0678,0.0678,0,0,0,0,0,0.183,0,19.444444444,20.0
0.75,0.61,0.0252,0.0572,0.0572,0,0,0,0,0,0.0833,0.457,19.166666667,19.166666667
0.983,0.599,0.0177,0.0501,0.0501,0,0,0,0,0,0,0.0915,19.166666667,19.166666667
1,0.572,0.0167,0.0504,0.0504,0,0,0,0,0,0,0,19.166666667,19.166666667
1,0.605,0.0215,0.0605,0.0605,0,0,0,0,0,0,0,19.166666667,19.166666667
0.892,0.628,0.0323,0.113,0.113,0,0,0,0,0,0,0.32,19.166666667,19.166666667
0.642,0.636,0.0408,0.174,0.174,0,0,0,0,0,0,0.0457,19.166666667,19.166666667
0.5,0.624,0.0393,0.151,0.151,0,0,0,0,0,0,0,19.166666667,19.166666667
0.5,0.672,0.0654,0.23,0.23,0,0,0,0,0,0,0.229,19.166666667,19.166666667
0.5,0.692,0.0855,0.267,0.267,0,0,0,0,0,0,0.191,19.166666667,19.166666667
0.733,0.752,0.131,0.358,0.358,0,0,0,0,0,0,0.512,19.444444444,20.0
0.75,0.745,0.138,0.334,0.334,0,0,0,0,0,0,0.0457,19.444444444,20.0
0.75,0.692,0.11,0.246,0.246,0,0,0.74,0.483,0.45,0,0.0457,19.444444444,20.0
0.75,0.692,0.122,0.245,0.245,0,0,0.602,0,0.367,0.683,0.229,19.444444444,20.0
0.625,0.664,0.102,0.206,0.206,0,0,0.464,0,0,0.433,0.0915,19.444444444,20.0
0.75,0.717,0.147,0.297,0.297,0,0,0,0,0,0,0.0457,19.444444444,20.0
0.75,0.746,0.181,0.376,0.376,0,0,0,0,0,0,0.0457,19.444444444,20.0
0.921,0.844,0.298,0.622,0.622,0,0,0,0,0,0,0.212,19.444444444,20.0
1,0.886,0.446,0.763,0.763,0,0,0,0,0,0,0,19.444444444,20.0
1,0.868,0.605,0.697,0.697,0,0,0,0,0,0,0.366,19.444444444,20.0
1,0.797,0.61,0.481,0.481,0,0,0,0,0,0,0.0457,19.444444444,20.0
1,0.704,0.425,0.301,0.301,0,0,0,0,0,0,0,19.444444444,20.0
1,0.619,0.143,0.158,0.158,0,0,0,0,0,0,0.0457,19.444444444,20.0
1,0.603,0.0645,0.0949,0.0949,0,0,0,0,0,0,0.0915,19.444444444,20.0
1,0.599,0.034,0.0666,0.0666,0,0,0,0,0,0,0.205,19.444444444,20.0
1,0.566,0.0166,0.0505,0.0505,0,0,0,0,0,0,0.0145,19.166666667,19.166666667
1,0.564,0.0161,0.0501,0.0501,0,0,0,0,0,0,0,19.166666667,19.166666667
1,0.564,0.0161,0.0501,0.0501,0,0,0,0,0,0,0,19.166666667,19.166666667
1,0.57,0.0175,0.0548,0.0548,0,0,0,0,0,0.183,0,19.166666667,19.166666667
1,0.6,0.0252,0.0848,0.0848,0,0,0.903,0.483,0.45,1,0.0457,19.166666667,19.166666667
1,0.611,0.0323,0.131,0.131,0,0,0.749,0,0.933,0.5,0.229,19.166666667,19.166666667
1,0.662,0.0551,0.215,0.215,0,0,0.325,0,0,0.183,0.367,19.166666667,19.166666667
0.954,0.756,0.103,0.371,0.371,0,0,0.344,0,0,0.0833,0.397,19.166666667,19.166666667
0.688,0.74,0.112,0.349,0.349,0,0,0.106,0,0,0,0.251,19.166666667,19.166666667
0.704,0.745,0.126,0.347,0.347,0,0,0.301,0.933,0,0,0.146,19.444444444,20.0
0.392,0.664,0.084,0.208,0.208,0,0,0,0.05,0.95,0,0.131,19.444444444,20.0
0.25,0.628,0.0629,0.148,0.148,0,0,0,0,0.15,0.183,0.229,19.444444444,20.0
0.25,0.628,0.0689,0.148,0.148,0,0,0,0,0,0.0833,0.32,19.444444444,20.0
0.421,0.675,0.112,0.225,0.225,0,0,0,0,0,0,0.183,19.444444444,20.0
0.5,0.717,0.147,0.297,0.297,0,0,0,0,0,0,0.183,19.444444444,20.0
0.733,0.832,0.258,0.528,0.528,0,0,0,0,0,0,0,19.444444444,20.0
0.75,0.876,0.329,0.687,0.687,0.136,0.183,0,0,0,0,0.373,19.444444444,20.0
0.517,0.785,0.312,0.541,0.541,0.415,0.9,0,0,0,0,0.183,19.444444444,20.0
0.654,0.827,0.541,0.602,0.602,0,0,0,0,0,0.267,0.137,19.444444444,20.0
1,0.923,0.94,0.714,0.714,0,0,0,0,0,0,0,19.444444444,20.0
1,0.741,0.541,0.362,0.362,0,0,0,0,0,0,0,19.444444444,20.0
1,0.581,0.0579,0.0855,0.0855,0,0,0,0,0,0,0,19.444444444,20.0
1,0.564,0.0161,0.0501,0.0501,0,0,0,0,0,0,0,19.444444444,20.0
1,0.564,0.0161,0.0501,0.0501,0,0,0,0,0,0,0,19.444444444,20.0
1,0.564,0.0161,0.0501,0.0501,0,0,0,0,0,0,0,19.166666667,19.166666667
1,0.564,0.0161,0.0501,0.0501,0,0,0,0,0,0,0,19.166666667,19.166666667
1,0.564,0.0161,0.0501,0.0501,0,0,0,0,0,0,0,19.166666667,19.166666667
1,0.57,0.0175,0.0548,0.0548,0,0,0,0,0,0,0,19.166666667,19.166666667
1,0.6,0.0252,0.0848,0.0848,0,0,0,0,0,0,0.548,19.166666667,19.166666667
0.829,0.644,0.0439,0.187,0.187,0,0,0,0,0,0.267,0.375,19.166666667,19.166666667
0.408,0.601,0.0301,0.113,0.113,0,0,0,0,0,0,0.0915,19.166666667,19.166666667
0.483,0.624,0.0433,0.15,0.15,0,0,0,0,0,0,0.137,19.166666667,19.166666667
0.5,0.628,0.0508,0.159,0.159,0,0,0,0,0,0,0.0457,19.166666667,19.166666667
0.671,0.628,0.0554,0.155,0.155,0,0,0,0,0,0,0.0915,19.444444444,20.0
0.75,0.672,0.0895,0.219,0.219,0,0,0,0,0,0,0.357,19.444444444,20.0
0.642,0.664,0.0888,0.203,0.203,0,0,0,0,0,0.183,0.274,19.444444444,20.0
0.5,0.628,0.0689,0.148,0.148,0,0,0,0,0,0.367,0.137,19.444444444,20.0
0.5,0.675,0.112,0.225,0.225,0,0,0,0,0,0.267,0.366,19.444444444,20.0
0.5,0.717,0.147,0.297,0.297,0,0,0,0,0,0,0.274,19.444444444,20.0
0.608,0.787,0.219,0.452,0.452,0,0,0,0,0,0,0,19.444444444,20.0
0.983,0.974,0.427,0.885,0.885,0,0,0,0,0,0,0.449,19.444444444,20.0
1,0.993,0.589,1,1,0.611,0.683,0,0,0,0,0.37,19.444444444,20.0
1,0.97,0.802,0.913,0.913,0.734,0.683,0,0,0,0,0.209,19.444444444,20.0
1,0.91,0.899,0.691,0.691,0,0,0.533,0.483,0.45,0,0.0457,19.444444444,20.0
1,0.718,0.471,0.322,0.322,0,0,0,0,0.367,0,0,19.444444444,20.0
1,0.615,0.134,0.151,0.151,0,0,0,0,0,0,0.0457,19.444444444,20.0
1,0.576,0.0334,0.0661,0.0661,0,0,0,0,0,0,0,19.444444444,20.0
1,0.564,0.0161,0.0501,0.0501,0,0,0,0,0,0,0,19.444444444,20.0
1,0.564,0.0161,0.0501,0.0501,0,0,0,0,0,0,0,19.166666667,19.166666667
1,0.564,0.0161,0.0501,0.0501,0,0,0,0,0,0,0,19.166666667,19.166666667
1,0.564,0.0161,0.0501,0.0501,0,0,0,0,0,0,0,19.166666667,19.166666667
1,0.564,0.0161,0.0501,0.0501,0,0,0,0,0,0,0,19.166666667,19.166666667
1,0.572,0.0188,0.0641,0.0641,0,0,0,0,0,0,0.0763,19.166666667,19.166666667
1,0.622,0.0364,0.149,0.149,0,0,0,0,0,0,0.126,19.166666667,19.166666667
0.954,0.672,0.0574,0.233,0.233,0,0,0,0,0,0,0.167,19.166666667,19.166666667
0.75,0.64,0.0514,0.177,0.177,0,0,0,0,0,0.183,0.185,19.166666667,19.166666667
0.704,0.724,0.102,0.322,0.322,0,0,0,0,0,0.65,0.465,19.166666667,19.166666667
0.375,0.66,0.0755,0.207,0.207,0,0,0,0,0,0,0.229,19.444444444,20.0
0.5,0.692,0.103,0.251,0.251,0,0,0,0,0,0,0.183,19.444444444,20.0
0.438,0.676,0.0984,0.221,0.221,0,0,0,0,0,0,0.183,19.444444444,20.0
0.5,0.692,0.122,0.245,0.245,0,0,0,0,0,0,0.137,19.444444444,20.0
0.5,0.696,0.13,0.256,0.256,0,0,0,0,0,0,0.32,19.444444444,20.0
0.5,0.717,0.147,0.297,0.297,0,0,0,0,0,0,0.137,19.444444444,20.0
0.5,0.746,0.181,0.376,0.376,0,0,0,0,0,0.267,0.137,19.444444444,20.0
0.967,0.967,0.421,0.872,0.872,0,0,0,0,0,0,0.0915,19.444444444,20.0
1,0.993,0.589,1,1,0,0,0,0,0,0,0.0915,19.444444444,20.0
1,0.97,0.802,0.913,0.913,0.102,0.183,0,0,0,0,0.361,19.444444444,20.0
1,0.779,0.567,0.449,0.449,0.72,1,0,0,0,0,0.0915,19.444444444,20.0
1,0.694,0.401,0.281,0.281,0,0.183,0,0,0,0,0.0457,19.444444444,20.0
1,0.615,0.134,0.151,0.151,0,0,0,0,0,0,0,19.444444444,20.0
1,0.603,0.0657,0.0949,0.0949,0,0,0,0,0,0,0.251,19.444444444,20.0
1,0.592,0.0381,0.0655,0.0655,0,0,0,0,0,0,0.0717,19.444444444,20.0
1,0.564,0.0184,0.0501,0.0501,0,0,0,0,0,0,0,19.166666667,19.166666667
1,0.564,0.0184,0.0501,0.0501,0,0,0,0,0,0,0,19.166666667,19.166666667
1,0.564,0.0184,0.0501,0.0501,0,0,0,0,0,0,0,19.166666667,19.166666667
1,0.564,0.0184,0.0501,0.0501,0,0,0,0,0,0,0,19.166666667,19.166666667
1,0.564,0.0184,0.0501,0.0501,0,0,0,0,0,0,0,19.166666667,19.166666667
1,0.564,0.0184,0.0501,0.0501,0,0,0,0,0,0,0,19.166666667,19.166666667
1,0.587,0.0337,0.0892,0.0892,0,0,0,0,0,0,0.0457,19.166666667,19.166666667
0.954,0.724,0.128,0.317,0.317,0,0,0,0,0,0.683,0.0457,19.166666667,19.166666667
0.517,0.676,0.122,0.24,0.24,0,0,0,0,0,0.833,0.0457,19.166666667,19.166666667
0.608,0.72,0.189,0.305,0.305,0,0,0,0,0,0.433,0.255,19.444444444,20.0
0.517,0.696,0.177,0.258,0.258,0,0,0,0,0,0,0.213,19.444444444,20.0
0.5,0.68,0.17,0.228,0.228,0,0,0,0,0,0.183,0.32,19.444444444,20.0
0.608,0.656,0.163,0.19,0.19,0,0,0,0,0,0.0833,0.229,19.444444444,20.0
0.75,0.709,0.269,0.278,0.278,0,0,0,0,0,0,0.0915,19.444444444,20.0
0.829,0.814,0.43,0.45,0.45,0,0,0,0,0,0,0.183,19.444444444,20.0
0.438,0.724,0.248,0.338,0.338,0,0,0,0,0,0.267,0.32,19.444444444,20.0
0.5,0.772,0.297,0.475,0.475,0,0,0,0,0,0,0.366,19.444444444,20.0
0.733,0.878,0.515,0.747,0.747,0.657,0.933,0,0,0,0,0.183,19.444444444,20.0
0.75,0.868,0.673,0.697,0.697,0.106,0.15,0,0,0,0,0,19.444444444,20.0
0.858,0.857,0.817,0.592,0.592,0,0,0,0,0,0,0.183,19.444444444,20.0
0.829,0.728,0.518,0.342,0.342,0,0,0,0,0,0,0,19.444444444,20.0
0.75,0.66,0.264,0.242,0.242,0,0,0,0,0,0,0,19.444444444,20.0
0.75,0.603,0.074,0.0949,0.0949,0,0,0,0,0,0,0,19.444444444,20.0
0.796,0.592,0.0381,0.0655,0.0655,0,0,0,0,0,0,0,19.444444444,20.0
1,0.564,0.0184,0.0501,0.0501,0,0,0,0,0,0,0,19.166666667,19.166666667
1,0.564,0.0184,0.0501,0.0501,0,0,0,0,0,0,0,19.166666667,19.166666667
1,0.564,0.0184,0.0501,0.0501,0,0,0,0,0,0,0,19.166666667,19.166666667
1,0.564,0.0184,0.0501,0.0501,0,0,0,0,0,0,0,19.166666667,19.166666667
1,0.564,0.0184,0.0501,0.0501,0,0,0,0,0,0,0,19.166666667,19.166666667
1,0.574,0.0227,0.0685,0.0685,0,0,0,0,0,0,0.102,19.166666667,19.166666667
1,0.636,0.0529,0.171,0.171,0,0,0,0,0,0.183,0.2,19.166666667,19.166666667
1,0.704,0.118,0.284,0.284,0,0,0,0,0,0.65,0.746,19.166666667,19.166666667
0.829,0.712,0.154,0.302,0.302,0,0,0,0,0,0,0.258,19.166666667,19.166666667
0.75,0.692,0.158,0.26,0.26,0,0,0,0,0,0,0.556,19.444444444,20.0
0.921,0.78,0.278,0.389,0.389,0.377,0.433,0,0,0,0,0.209,19.444444444,20.0
1,0.821,0.357,0.441,0.441,0.447,0.933,0,0,0,0.183,0.337,19.444444444,20.0
1,0.821,0.418,0.44,0.44,0.735,0,0,0,0,0.367,0.157,19.444444444,20.0
0.954,0.814,0.451,0.441,0.441,0.447,0,0,0,0,0,0.0915,19.444444444,20.0
0.796,0.81,0.416,0.448,0.448,0.588,0,0,0,0,0,0.32,19.444444444,20.0
0.954,0.91,0.517,0.664,0.664,0.112,0,0,0,0,0,0,19.444444444,20.0
0.75,0.876,0.436,0.687,0.687,0.513,0.933,0,0,0,0,0.229,19.444444444,20.0
0.75,0.886,0.525,0.763,0.763,0.61,0.433,0,0,0,0,0.292,19.444444444,20.0
0.517,0.774,0.469,0.496,0.496,0.722,0,0,0,0,0,0.0913,19.444444444,20.0
0.546,0.757,0.551,0.406,0.406,0,0,0,0,0,0,0,19.444444444,20.0
0.921,0.812,0.774,0.491,0.491,0,0,0,0,0,0,0.229,19.444444444,20.0
1,0.664,0.273,0.249,0.249,0,0,0,0,0,0,0.0915,19.444444444,20.0
1,0.603,0.0729,0.0949,0.0949,0,0,0,0,0,0,0,19.444444444,20.0
1,0.599,0.034,0.0666,0.0666,0,0,0,0,0,0,0.0457,19.444444444,20.0
1,0.575,0.0185,0.0521,0.0521,0,0,0,0,0,0,0,19.166666667,19.166666667
1,0.564,0.0161,0.0501,0.0501,0,0,0,0,0,0,0,19.166666667,19.166666667
1,0.57,0.0167,0.0504,0.0504,0,0,0,0,0,0,0.0457,19.166666667,19.166666667
1,0.592,0.0187,0.0512,0.0512,0,0,0,0,0,0,0.32,19.166666667,19.166666667
1,0.572,0.0188,0.0641,0.0641,0,0,0,0,0,0,0.193,19.166666667,19.166666667
1,0.622,0.0364,0.149,0.149,0,0,0,0,0,0,0.358,19.166666667,19.166666667
1,0.696,0.0676,0.272,0.272,0,0,0,0,0,0,0.375,19.166666667,19.166666667
0.908,0.745,0.0971,0.351,0.351,0,0,0,0,0,0,0.0915,19.166666667,19.166666667
0.5,0.692,0.0855,0.267,0.267,0,0,0,0,0,0,0.137,19.166666667,19.166666667
0.5,0.692,0.0947,0.26,0.26,0,0,0.11,0.183,0,0.267,0.0457,19.444444444,20.0
0.5,0.692,0.103,0.251,0.251,0,0,0.166,0.3,0.7,0,0,19.444444444,20.0
0.5,0.692,0.11,0.246,0.246,0,0,0.542,0,0.4,0,0.412,19.444444444,20.0
0.5,0.692,0.122,0.245,0.245,0,0,0.696,0,0,0,0.0915,19.444444444,20.0
0.5,0.696,0.13,0.256,0.256,0,0,0.461,0,0,0,0.0457,19.444444444,20.0
0.546,0.733,0.162,0.325,0.325,0,0,0.426,0,0,0,0.0457,19.444444444,20.0
0.983,0.923,0.341,0.691,0.691,0,0,0.673,0,0,0,0.284,19.444444444,20.0
1,0.98,0.434,0.899,0.899,0,0,0,0,0,0,0.274,19.444444444,20.0
1,0.993,0.589,1,1,0.539,0.683,0,0,0,0,0.137,19.444444444,20.0
1,0.97,0.802,0.913,0.913,0.318,0.4,0,0,0,0,0.0992,19.444444444,20.0
1,0.863,0.783,0.603,0.603,0,0,0,0,0,0,0.0514,19.444444444,20.0
1,0.765,0.605,0.406,0.406,0,0,0,0,0,0,0.196,19.444444444,20.0
1,0.66,0.242,0.242,0.242,0,0,0,0,0,0,0,19.444444444,20.0
1,0.586,0.0471,0.0788,0.0788,0,0,0,0,0,0,0,19.444444444,20.0
1,0.564,0.0161,0.0501,0.0501,0,0,0,0,0,0,0,19.444444444,20.0
1,0.564,0.0161,0.0501,0.0501,0,0,0,0,0,0,0,19.166666667,19.166666667
1,0.564,0.0161,0.0501,0.0501,0,0,0,0,0,0,0,19.166666667,19.166666667
1,0.564,0.0161,0.0501,0.0501,0,0,0,0,0,0,0,19.166666667,19.166666667
1,0.57,0.0175,0.0548,0.0548,0,0,0,0,0,0,0,19.166666667,19.166666667
0.829,0.583,0.0213,0.0722,0.0722,0,0,0,0,0,0,0,19.166666667,19.166666667
0.704,0.644,0.0439,0.187,0.187,0,0,0.322,0.433,0,0.183,0.336,19.166666667,19.166666667
0.5,0.684,0.0625,0.252,0.252,0,0,0.382,0.05,0.817,1,0.0915,19.166666667,19.166666667
0.329,0.648,0.054,0.191,0.191,0,0,0.126,0,0,1,0.412,19.166666667,19.166666667
0.483,0.688,0.0833,0.26,0.26,0,0,0,0,0,1,0.0457,19.166666667,19.166666667
0.5,0.692,0.0947,0.26,0.26,0,0,0,0,0,0.583,0.659,19.444444444,20.0
0.5,0.692,0.103,0.251,0.251,0,0,0,0,0,0,0.0915,19.444444444,20.0
0.562,0.708,0.121,0.27,0.27,0,0,0,0,0,0,0.0457,19.444444444,20.0
0.5,0.692,0.122,0.245,0.245,0,0,0,0,0,0,0,19.444444444,20.0
0.5,0.696,0.13,0.256,0.256,0,0,0,0,0,0,0.274,19.444444444,20.0
0.5,0.717,0.147,0.297,0.297,0,0,0,0,0,0,0.137,19.444444444,20.0
0.5,0.746,0.181,0.376,0.376,0,0,0,0,0,0,0.137,19.444444444,20.0
0.5,0.772,0.225,0.475,0.475,0,0,0,0,0,0,0.0915,19.444444444,20.0
0.5,0.778,0.303,0.525,0.525,0,0,0,0,0,0,0.0457,19.444444444,20.0
0.779,0.878,0.636,0.714,0.714,0,0,0,0,0,0,0,19.444444444,20.0
1,0.91,0.899,0.691,0.691,0,0,0,0,0,0,0.183,19.444444444,20.0
1,0.775,0.63,0.427,0.427,0,0,0,0,0,0,0.0457,19.444444444,20.0
1,0.636,0.184,0.194,0.194,0,0,0,0,0,0,0.0653,19.444444444,20.0
1,0.603,0.0645,0.0949,0.0949,0,0,0,0,0,0,0.156,19.444444444,20.0
1,0.599,0.034,0.0666,0.0666,0,0,0,0,0,0,0.25,19.444444444,20.0
1,0.599,0.0228,0.0552,0.0552,0,0,0,0,0,0,0.386,19.166666667,19.166666667
1,0.566,0.0162,0.0501,0.0501,0,0,0,0,0,0,0.103,19.166666667,19.166666667
0.954,0.57,0.0167,0.0504,0.0504,0,0,0,0,0,0,0.0457,19.166666667,19.166666667
0.75,0.575,0.0171,0.0505,0.0505,0,0,0,0,0,0,0,19.166666667,19.166666667
0.796,0.572,0.0188,0.0641,0.0641,0,0,0,0,0,0,0.0915,19.166666667,19.166666667
0.829,0.589,0.0246,0.0934,0.0934,0,0,0,0,0,0,0.14,19.166666667,19.166666667
0.75,0.605,0.0323,0.12,0.12,0,0,0,0,0,0,0.183,19.166666667,19.166666667
0.75,0.64,0.0514,0.177,0.177,0,0,0,0,0,0,0.277,19.166666667,19.166666667
0.75,0.692,0.0855,0.267,0.267,0,0,0,0,0,0,0.143,19.166666667,19.166666667
0.75,0.736,0.122,0.332,0.332,0,0,0,0,0,0,0.5,19.444444444,20.0
0.642,0.728,0.128,0.309,0.309,0,0,0,0,0,0.267,0.0457,19.444444444,20.0
0.454,0.68,0.1,0.228,0.228,0,0,0,0,0,0,0.0915,19.444444444,20.0
0.25,0.628,0.0689,0.148,0.148,0,0,0,0,0,0,0.137,19.444444444,20.0
0.296,0.63,0.0729,0.153,0.153,0,0,0,0,0,0,0.32,19.444444444,20.0
0.5,0.657,0.0962,0.201,0.201,0,0,0,0,0,0,0.137,19.444444444,20.0
0.5,0.661,0.104,0.223,0.223,0,0,0,0,0,0.183,0.229,19.444444444,20.0
0.904,0.837,0.292,0.608,0.608,0,0,0,0,0,0.367,0.0915,19.444444444,20.0
0.892,0.858,0.413,0.702,0.702,0,0,0,0,0,0,0.138,19.444444444,20.0
0.75,0.868,0.605,0.697,0.697,0.424,0.433,0,0,0,0,0.197,19.444444444,20.0
0.796,0.773,0.552,0.437,0.437,0.481,0.933,0,0,0,0,0,19.444444444,20.0
1,0.704,0.425,0.301,0.301,0,0,0,0,0,0,0.274,19.444444444,20.0
1,0.667,0.252,0.251,0.251,0,0,0,0,0,0,0,19.444444444,20.0
1,0.619,0.0919,0.12,0.12,0,0,0,0,0,0,0.0679,19.444444444,20.0
1,0.564,0.0161,0.0501,0.0501,0,0,0,0,0,0,0,19.444444444,20.0
1,0.564,0.0161,0.0501,0.0501,0,0,0,0,0,0,0,19.166666667,19.166666667
1,0.564,0.0161,0.0501,0.0501,0,0,0,0,0,0,0,19.166666667,19.166666667
1,0.564,0.0161,0.0501,0.0501,0,0,0,0,0,0,0,19.166666667,19.166666667
1,0.57,0.0175,0.0548,0.0548,0,0,0,0,0,0,0.0959,19.166666667,19.166666667
0.892,0.583,0.0205,0.0645,0.0645,0,0,0,0,0,0,0.0457,19.166666667,19.166666667
0.75,0.597,0.0276,0.107,0.107,0,0,0,0,0,0,0.144,19.166666667,19.166666667
0.75,0.707,0.0717,0.29,0.29,0,0,0,0,0,0,0.526,19.166666667,19.166666667
0.517,0.696,0.0761,0.271,0.271,0,0,0,0,0,0,0.159,19.166666667,19.166666667
0.454,0.68,0.0785,0.248,0.248,0,0,0,0,0,0,0.229,19.166666667,19.166666667
0.25,0.628,0.0554,0.155,0.155,0,0,0,0,0,0,0.183,19.444444444,20.0
0.25,0.628,0.0596,0.151,0.151,0,0,0,0,0,0,0.0915,19.444444444,20.0
0.296,0.64,0.0725,0.166,0.166,0,0,0,0,0,0,0.0457,19.444444444,20.0
0.5,0.692,0.122,0.245,0.245,0,0,0,0,0,0,0.0915,19.444444444,20.0
0.5,0.696,0.13,0.256,0.256,0,0,0,0,0,0.683,0.0915,19.444444444,20.0
0.5,0.717,0.147,0.297,0.297,0,0,0,0,0,0.433,0.276,19.444444444,20.0
0.842,0.873,0.296,0.605,0.605,0.553,0.683,0,0,0,0.183,0.453,19.444444444,20.0
0.767,0.883,0.336,0.701,0.701,0.221,0.4,0,0,0,0.0833,0.254,19.444444444,20.0
0.938,0.967,0.546,0.943,0.943,0,0,0,0,0,0,0.0915,19.444444444,20.0
0.983,0.911,0.695,0.785,0.785,0,0,0,0,0,0.267,0.137,19.444444444,20.0
1,0.923,0.94,0.714,0.714,0,0,0,0,0,0,0.247,19.444444444,20.0
1,0.741,0.541,0.362,0.362,0,0,0,0,0,0,0,19.444444444,20.0
1,0.615,0.134,0.151,0.151,0,0,0,0,0,0,0,19.444444444,20.0
1,0.566,0.0197,0.0535,0.0535,0,0,0,0,0,0,0,19.444444444,20.0
1,0.564,0.0161,0.0501,0.0501,0,0,0,0,0,0,0,19.444444444,20.0
1,0.564,0.0161,0.0501,0.0501,0,0,0,0,0,0,0,19.166666667,19.166666667
1,0.564,0.0161,0.0501,0.0501,0,0,0,0,0,0,0,19.166666667,19.166666667
1,0.564,0.0161,0.0501,0.0501,0,0,0,0,0,0,0,19.166666667,19.166666667
1,0.57,0.0175,0.0548,0.0548,0,0,0,0,0,0,0.235,19.166666667,19.166666667
1,0.609,0.0279,0.0988,0.0988,0,0,0,0,0,0,0.0897,19.166666667,19.166666667
0.954,0.658,0.0486,0.212,0.212,0,0,0,0,0,0.183,0,19.166666667,19.166666667
0.579,0.654,0.0514,0.202,0.202,0,0,0,0,0,0.0833,0.32,19.166666667,19.166666667
0.5,0.692,0.0743,0.264,0.264,0,0,0,0,0,0,0,19.166666667,19.166666667
0.5,0.692,0.0855,0.267,0.267,0,0,0,0,0,0,0.0915,19.166666667,19.166666667
0.5,0.692,0.0947,0.26,0.26,0,0,0,0,0,0,0.137,19.444444444,20.0
0.5,0.692,0.103,0.251,0.251,0,0,0,0,0,0,0.503,19.444444444,20.0
0.5,0.664,0.0888,0.203,0.203,0,0,0,0,0,0,0.183,19.444444444,20.0
0.5,0.628,0.0689,0.148,0.148,0,0,0.0294,0.183,0,0,0.183,19.444444444,20.0
0.454,0.63,0.0729,0.153,0.153,0,0,0.601,0.55,0.45,0,0.366,19.444444444,20.0
0.421,0.694,0.128,0.26,0.26,0,0,0.3,0,0.65,0.683,0.0915,19.444444444,20.0
0.5,0.746,0.181,0.376,0.376,0,0,0,0,0,0.15,0.0457,19.444444444,20.0
0.608,0.818,0.274,0.57,0.57,0,0,0,0,0,0,0.432,19.444444444,20.0
0.75,0.886,0.446,0.763,0.763,0,0,0,0,0,0,0.183,19.444444444,20.0
0.75,0.868,0.605,0.697,0.697,0.142,0.183,0,0,0,0,0,19.444444444,20.0
0.75,0.834,0.709,0.548,0.548,0.834,1,0,0,0,0,0.0414,19.444444444,20.0
0.796,0.785,0.654,0.447,0.447,0.395,0.183,0.0896,0.433,0,0,0.109,19.444444444,20.0
1,0.681,0.292,0.285,0.285,0,0,0,0.05,0.95,0,0.101,19.444444444,20.0
1,0.576,0.0339,0.0661,0.0661,0,0,0,0,0.15,0,0,19.444444444,20.0
1,0.564,0.0184,0.0501,0.0501,0,0,0,0,0,0,0,19.444444444,20.0
1,0.564,0.0184,0.0501,0.0501,0,0,0,0,0,0,0,19.166666667,19.166666667
1,0.564,0.0184,0.0501,0.0501,0,0,0,0,0,0,0,19.166666667,19.166666667
1,0.564,0.0184,0.0501,0.0501,0,0,0,0,0,0,0,19.166666667,19.166666667
1,0.564,0.0184,0.0501,0.0501,0,0,0,0,0,0,0,19.166666667,19.166666667
1,0.572,0.0204,0.0641,0.0641,0,0,0,0,0,0,0.0457,19.166666667,19.166666667
1,0.611,0.0318,0.131,0.131,0,0,0,0,0,0,0.137,19.166666667,19.166666667
1,0.677,0.0723,0.24,0.24,0.162,0.183,0,0,0,0.183,0.0915,19.166666667,19.166666667
0.829,0.756,0.152,0.371,0.371,0.494,0.9,0,0,0,0.367,0.412,19.166666667,19.166666667
0.517,0.696,0.14,0.275,0.275,0.399,0,0,0,0,0,0.137,19.166666667,19.166666667
0.375,0.66,0.124,0.207,0.207,0,0,0,0,0,0,0.412,19.444444444,20.0
0.5,0.692,0.172,0.251,0.251,0,0,0.209,0.433,0,0,0.0457,19.444444444,20.0
0.546,0.704,0.205,0.263,0.263,0,0,0.236,0.3,0.7,0,0.0915,19.444444444,20.0
0.704,0.745,0.298,0.324,0.324,0,0,0,0,1,0,0.274,19.444444444,20.0
0.392,0.666,0.196,0.21,0.21,0,0,0.372,0,1,0,0.0915,19.444444444,20.0
0.25,0.64,0.143,0.173,0.173,0,0,0.394,0,1,0,0.457,19.444444444,20.0
0.25,0.655,0.149,0.213,0.213,0,0,0.101,0,0.167,0.267,0.183,19.444444444,20.0
0.25,0.668,0.158,0.262,0.262,0,0,0,0,0,0,0.0915,19.444444444,20.0
0.654,0.844,0.464,0.67,0.67,0,0,0,0,0,0,0.0457,19.444444444,20.0
0.983,0.963,0.876,0.898,0.898,0,0,0,0,0,0,0.242,19.444444444,20.0
1,0.923,1,0.714,0.714,0,0,0,0,0,0,0.234,19.444444444,20.0
1,0.751,0.591,0.383,0.383,0,0,0,0,0,0,0.0152,19.444444444,20.0
0.829,0.633,0.192,0.186,0.186,0,0,0,0,0,0,0,19.444444444,20.0
0.75,0.596,0.0696,0.0914,0.0914,0,0,0,0,0,0,0,19.444444444,20.0
0.983,0.596,0.0383,0.0654,0.0654,0,0,0,0,0,0,0,19.444444444,20.0
1,0.599,0.027,0.0552,0.0552,0,0,0,0,0,0,0.229,19.166666667,19.166666667
1,0.566,0.0186,0.0501,0.0501,0,0,0,0,0,0,0,19.166666667,19.166666667
1,0.564,0.0184,0.0501,0.0501,0,0,0,0,0,0,0,19.166666667,19.166666667
1,0.564,0.0184,0.0501,0.0501,0,0,0,0,0,0,0,19.166666667,19.166666667
0.954,0.564,0.0184,0.0501,0.0501,0,0,0,0,0,0,0,19.166666667,19.166666667
0.921,0.597,0.0298,0.106,0.106,0,0,0.195,0.433,0,0,0.144,19.166666667,19.166666667
1,0.684,0.0721,0.252,0.252,0,0,0.375,0.05,0.95,0,0.11,19.166666667,19.166666667
1,0.692,0.108,0.264,0.264,0,0,0.449,0,0.15,0,0.39,19.166666667,19.166666667
0.892,0.72,0.163,0.314,0.314,0,0,0,0,0,0.267,0.603,19.166666667,19.166666667
0.704,0.745,0.214,0.347,0.347,0,0,0,0,0,0,0.149,19.444444444,20.0
0.546,0.704,0.187,0.269,0.269,0,0,0,0,0,0,0.323,19.444444444,20.0
0.517,0.696,0.193,0.252,0.252,0,0,0,0,0,0,0.147,19.444444444,20.0
0.5,0.692,0.218,0.245,0.245,0,0,0,0,0,0,0.503,19.444444444,20.0
0.5,0.696,0.246,0.256,0.256,0,0,0,0,0,0,0.327,19.444444444,20.0
0.654,0.768,0.346,0.382,0.382,0,0,0,0,0,0,0.275,19.444444444,20.0
1,0.929,0.542,0.702,0.702,0,0,0,0,0,0,0.0457,19.444444444,20.0
1,0.98,0.575,0.899,0.899,0,0,0,0,0,0,0.183,19.444444444,20.0
0.829,0.92,0.576,0.839,0.839,0.553,0.933,0,0,0,0.267,0.137,19.444444444,20.0
0.983,0.963,0.876,0.898,0.898,0.616,0.15,0,0,0,0,0,19.444444444,20.0
1,0.85,0.791,0.58,0.58,0,0,0,0,0,0,0,19.444444444,20.0
1,0.704,0.446,0.301,0.301,0,0,0,0,0,0,0,19.444444444,20.0
1,0.639,0.216,0.205,0.205,0,0,0,0,0,0,0,19.444444444,20.0
1,0.564,0.018,0.0501,0.0501,0,0,0,0,0,0,0,19.444444444,20.0
1,0.564,0.0161,0.0501,0.0501,0,0,0,0,0,0,0,19.444444444,20.0
1,0.564,0.0161,0.0501,0.0501,0,0,0,0,0,0,0,19.166666667,19.166666667
1,0.564,0.0161,0.0501,0.0501,0,0,0,0,0,0,0,19.166666667,19.166666667
1,0.57,0.0167,0.0504,0.0504,0,0,0,0,0,0.183,0.274,19.166666667,19.166666667
1,0.575,0.0171,0.0505,0.0505,0,0,0,0,0,0.0833,0.0457,19.166666667,19.166666667
0.954,0.598,0.0246,0.0831,0.0831,0,0,0,0,0,0,0.426,19.166666667,19.166666667
0.75,0.611,0.0323,0.131,0.131,0,0,0,0,0,0,0.515,19.166666667,19.166666667
0.517,0.568,0.0176,0.0568,0.0568,0,0,0,0,0,0,0,19.166666667,19.166666667
0.5,0.575,0.0223,0.0702,0.0702,0,0,0,0,0,0,0,19.166666667,19.166666667
0.5,0.672,0.0748,0.233,0.233,0,0,0,0,0,0,0,19.166666667,19.166666667
0.5,0.692,0.0947,0.26,0.26,0,0,0,0,0,0,0.0915,19.444444444,20.0
0.454,0.68,0.0948,0.233,0.233,0,0,0,0,0,0,0.0457,19.444444444,20.0
0.25,0.628,0.0629,0.148,0.148,0,0,0,0,0,0,0.229,19.444444444,20.0
0.296,0.64,0.079,0.166,0.166,0,0,0,0,0,0,0.183,19.444444444,20.0
0.438,0.68,0.116,0.231,0.231,0,0,0,0,0,0,0.0457,19.444444444,20.0
0.5,0.717,0.147,0.297,0.297,0,0,0,0,0,0,0.274,19.444444444,20.0
0.671,0.81,0.238,0.49,0.49,0,0,0.166,0.433,0,0.267,0.0457,19.444444444,20.0
0.921,0.948,0.403,0.834,0.834,0,0,0.511,0.3,0.7,0,0.137,19.444444444,20.0
1,0.993,0.589,1,1,0,0,0.142,0,0.4,0,0.0457,19.444444444,20.0
1,0.97,0.802,0.913,0.913,0,0,0,0,0,0,0.229,19.444444444,20.0
1,0.91,0.899,0.691,0.691,0,0,0,0,0,0,0.0457,19.444444444,20.0
1,0.709,0.44,0.31,0.31,0,0,0,0,0,0,0,19.444444444,20.0
1,0.633,0.176,0.186,0.186,0,0,0,0,0,0,0,19.444444444,20.0
1,0.576,0.0334,0.0661,0.0661,0,0,0,0,0,0,0,19.444444444,20.0
