id,name,building_type,template,source_family,evidence_view,derivation
construction-000e46cac36d6a13fbb89790,U 1.22 SHGC 0.61 Sgl Green 6mm,,DOE Ref Pre-1980,existing_stock_benchmark,source,normalized
construction-0013de16ce6061d7959e17f7,Adiabatic Roof,,90.1-2007,code_prototype_rules,source,normalized
construction-00432ab579d3c9285c64f476,Typical Insulated Metal Building Wall,,DOE Ref Pre-1980,existing_stock_benchmark,source,normalized
construction-005688c873aa18a9116ef2bb,U 1.22 SHGC 0.25 Sgl Elec Ref Colored 6mm,,DOE Ref Pre-1980,existing_stock_benchmark,source,normalized
construction-00589848b6d335207af456c7,Typical Insulated Steel Framed Exterior Floor,,90.1-2019,code_prototype_rules,source,normalized
construction-005f822493c0a2de709e4df5,Typical Insulated Steel Framed Exterior Wall,,DOE Ref 1980-2004,existing_stock_benchmark,source,normalized
construction-006e2c9de2739c72d4992d72,Typical Insulated Carpeted 6in Slab Floor,,DOE Ref 1980-2004,existing_stock_benchmark,source,normalized
construction-007045ab01839a6e2ddf6c26,U 1.22 SHGC 0.25 Sgl Elec Ref Colored 6mm,,DOE Ref 1980-2004,existing_stock_benchmark,source,normalized
construction-0072cf27b1a6124cd8861633,Typical Insulated Exterior Mass Wall,,DOE Ref Pre-1980,existing_stock_benchmark,source,normalized
construction-0079ce7b163bdb1bd0154dbe,Dwelling enclosure / source_building_101526,SingleFamilyDetached,ResStock SDR source fixture,existing_stock_source_fixture,source,normalized
construction-00b0ada191a543346d53d122,U 0.6 SHGC 0.23 Simple Glazing,,90.1-2019,code_prototype_rules,source,normalized
construction-00c8834aecb7e1a79a3cbfef,FullServiceRestaurant construction package,FullServiceRestaurant,90.1-2019,code_prototype_rules,source,normalized
construction-00d33179df394b7b19f0f777,Typical Interior Wall,LargeHotel,DOE Ref Pre-1980,existing_stock_benchmark,source,normalized
construction-00f278d5f2d9f41d4f964177,Typical Insulated Carpeted 6in Slab Floor,,DOE Ref Pre-1980,existing_stock_benchmark,source,normalized
construction-00f4a3be8451bb9f077e8370,Typical Insulated Exterior Mass Wall,,DOE Ref Pre-1980,existing_stock_benchmark,source,normalized
construction-00f9baca44fdbb5b28fc87d9,Typical Insulated Steel Framed Exterior Floor,,90.1-2013,code_prototype_rules,source,normalized
construction-0127f730b1795c5e45684f6c,U 0.75 SHGC 0.25 Simple Glazing,,90.1-2007,code_prototype_rules,source,normalized
construction-013da9bd9b3224701f9e7119,Typical Interior Wall,SecondarySchool,DOE Ref Pre-1980,existing_stock_benchmark,source,normalized
construction-0151f916fbd85825c4b56bce,Typical Insulated Exterior Mass Floor,,DOE Ref 1980-2004,existing_stock_benchmark,source,normalized
construction-017201e233aa5f9883ab193f,Typical Insulated Exterior Mass Wall,,DOE Ref Pre-1980,existing_stock_benchmark,source,normalized
construction-0182a40bf5f763077c559197,Typical Insulated Metal Building Roof,,DOE Ref 1980-2004,existing_stock_benchmark,source,normalized
construction-01a672d20229e5e2feaa48e3,Adiabatic ExteriorFloor,,DOE Ref 1980-2004,existing_stock_benchmark,source,normalized
construction-01c4be74d6ccfafb8e6d0c3e,Typical Insulated Wood Framed Exterior Wall,,DOE Ref Pre-1980,existing_stock_benchmark,source,normalized
construction-01ca09773f42690a68caf31c,Typical Uninsulated 8in Slab Floor,,Generic experimental v1,experimental_assumption,source,assumed
construction-01d4391727365d49a28836bd,Typical Insulated Metal Building Roof,,DOE Ref Pre-1980,existing_stock_benchmark,source,normalized
construction-01fb776e6d62af0dbb470a2a,Typical Interior Floor,RetailStandalone,90.1-2019,code_prototype_rules,source,normalized
construction-01fc997ed4698ed3c14c2bb5,U 1.22 SHGC 0.25 Sgl Elec Ref Colored 6mm,,DOE Ref Pre-1980,existing_stock_benchmark,source,normalized
construction-022f8530a14c23f716cee024,Typical Insulated Metal Building Wall,,90.1-2007,code_prototype_rules,source,normalized
construction-0258b60b93c78f9469d64925,Dwelling enclosure / source_building_75531,SingleFamilyDetached,ResStock SDR source fixture,existing_stock_source_fixture,source,normalized
construction-02631c7bd652f4ce3b7e3f12,Typical Interior Wall,SecondarySchool,90.1-2007,code_prototype_rules,source,normalized
construction-027fdfec28211ba4de5abff0,U 0.57 SHGC 0.39 Dbl Ref-D Clr 6mm/6mm Air,,DOE Ref Pre-1980,existing_stock_benchmark,source,normalized
construction-02a7bb08f66b8ae6013ab232,Typical Insulated Metal Building Wall,,90.1-2007,code_prototype_rules,source,normalized
construction-02def91feebea547debcc447,Typical Interior Floor,SuperMarket,90.1-2013,code_prototype_rules,source,normalized
construction-02e3233738086469b3a01aba,Typical IEAD Roof,,DOE Ref Pre-1980,existing_stock_benchmark,source,normalized
construction-02eb3eb94107531f2f550ae9,Adiabatic Roof,,DOE Ref 1980-2004,existing_stock_benchmark,source,normalized
construction-02fb306153dc0728f0273b80,Typical Insulated Steel Framed Exterior Floor,,DOE Ref 1980-2004,existing_stock_benchmark,source,normalized
construction-02fe8f7ab6f4ba3362ab51ed,Typical Insulated Steel Framed Exterior Wall,,DOE Ref 1980-2004,existing_stock_benchmark,source,normalized
construction-034b1a00ec7919297bf2e326,Typical Insulated Wood Framed Exterior Wall,,DOE Ref 1980-2004,existing_stock_benchmark,source,normalized
construction-034ff44ff59637b0bdfb17c1,Typical Insulated Basement Mass Wall,,DOE Ref 1980-2004,existing_stock_benchmark,source,normalized
construction-0362ae44b7800d8d561865e7,U 0.46 SHGC 0.45 Dbl Grey 6mm/13mm Air,,DOE Ref Pre-1980,existing_stock_benchmark,source,normalized
construction-036c928b78de77a4d71bd2a3,U 0.57 SHGC 0.39 Dbl Ref-D Clr 6mm/6mm Air,,DOE Ref 1980-2004,existing_stock_benchmark,source,normalized
construction-03776566fe66017c4c2006aa,Typical Insulated Steel Framed Exterior Floor,,90.1-2013,code_prototype_rules,source,normalized
construction-039ae722be8813921cc65fca,Typical Insulated Carpeted 6in Slab Floor,,90.1-2013,code_prototype_rules,source,normalized
construction-03a98df84d417d3e0c1c09f8,Typical Insulated Steel Framed Exterior Wall,,90.1-2019,code_prototype_rules,source,normalized
construction-03c4d0b56bcfd829fb2c6a7f,Typical Insulated Metal Building Wall,,DOE Ref 1980-2004,existing_stock_benchmark,source,normalized
construction-03e74e4bfa942d005522bb3e,Typical Insulated Steel Framed Exterior Wall,,90.1-2019,code_prototype_rules,source,normalized
construction-03f3deb774d1d6a2328a2c1b,Typical Insulated Wood Framed Exterior Wall,,90.1-2007,code_prototype_rules,source,normalized
construction-03fe19ed8968e605f4be3b8d,Dwelling enclosure / source_building_143851,MultiFamily5PlusLowRise,ResStock SDR source fixture,existing_stock_source_fixture,source,normalized
construction-040af5001566899474644d67,Typical Insulated Wood Framed Exterior Floor,,90.1-2019,code_prototype_rules,source,normalized
construction-0421aae168153246db244818,Adiabatic Wall,,DOE Ref 1980-2004,existing_stock_benchmark,source,normalized
construction-04342b2df6149dd313e7524a,Adiabatic GroundContactFloor,,90.1-2019,code_prototype_rules,source,normalized
construction-0439ec2b4292333d47711111,Typical Wood Joist Attic Floor,,90.1-2013,code_prototype_rules,source,normalized
construction-043da30d00c11df5b150e15e,Typical Insulated Wood Framed Exterior Wall,,DOE Ref 1980-2004,existing_stock_benchmark,source,normalized
construction-0442b6773bf745a421196db4,Typical Wood Joist Attic Floor,,DOE Ref Pre-1980,existing_stock_benchmark,source,normalized
construction-04467f2b7163eab8f370370c,Typical Insulated Steel Framed Exterior Floor,,DOE Ref Pre-1980,existing_stock_benchmark,source,normalized
construction-04544da55e8ff42c20b32b33,Typical Insulated Exterior Mass Wall,,90.1-2013,code_prototype_rules,source,normalized
construction-0458d81d07c8b8fe809fefa8,Typical Interior Wall,SmallOfficeDetailed,90.1-2013,code_prototype_rules,source,normalized
construction-047247a65edc9daa977bad82,Typical Insulated Carpeted 6in Slab Floor,,DOE Ref 1980-2004,existing_stock_benchmark,source,normalized
construction-04750f962b8f303b382957d0,LargeHotel Interior Wall,LargeHotel,90.1-2013,code_prototype_rules,source,normalized
construction-049909dbebac32a5f2ffdb9a,U 0.46 SHGC 0.45 Dbl Grey 6mm/13mm Air,,DOE Ref Pre-1980,existing_stock_benchmark,source,normalized
construction-049aeacdcdf62e4f0203e38c,Typical Insulated Exterior Mass Wall,,90.1-2013,code_prototype_rules,source,normalized
construction-04b6782c58f98268d3a35322,Typical Insulated Steel Framed Exterior Wall,,90.1-2019,code_prototype_rules,source,normalized
construction-04bb4c655ac1dc721306fcc7,Typical Insulated Metal Building Roof,,DOE Ref Pre-1980,existing_stock_benchmark,source,normalized
construction-04bc39dc1bd75b461c0bcb61,Typical IEAD Roof - Highly Reflective,,90.1-2007,code_prototype_rules,source,normalized
construction-0507865f3beb4ec2e07128c9,Typical Insulated Wood Framed Exterior Wall,,90.1-2019,code_prototype_rules,source,normalized
construction-050e5eb0654483623f05204b,Typical Insulated Steel Framed Exterior Floor,,DOE Ref Pre-1980,existing_stock_benchmark,source,normalized
construction-0521367eb50e84a5219e534b,U 1.22 SHGC 0.25 Sgl Elec Ref Colored 6mm,,DOE Ref Pre-1980,existing_stock_benchmark,source,normalized
construction-055548ae1b89e6eb83002ab4,Adiabatic Roof,,90.1-2013,code_prototype_rules,source,normalized
construction-05658e66955ac929d593f61e,Typical Insulated Exterior Mass Floor,,90.1-2013,code_prototype_rules,source,normalized
construction-0569c80ba0c307f2979b6bd5,Typical Insulated Exterior Mass Floor,,90.1-2019,code_prototype_rules,source,normalized
construction-056c04fc295018c3e65c7411,Dwelling enclosure / source_building_175364,ManufacturedHome,ResStock SDR source fixture,existing_stock_source_fixture,source,normalized
construction-056ec910baf3b65dae5545f8,Typical Insulated Basement Mass Wall,,DOE Ref 1980-2004,existing_stock_benchmark,source,normalized
construction-05a9286e36218dabbb7eda4b,Typical Insulated Exterior Mass Wall,,90.1-2013,code_prototype_rules,source,normalized
construction-05dfc2452b81b197c5cabb76,Typical Interior Ceiling,LargeOfficeDetailed,90.1-2007,code_prototype_rules,source,normalized
construction-05fc5be14670c5f827725ddf,Typical Insulated Carpeted 6in Slab Floor,,90.1-2019,code_prototype_rules,source,normalized
construction-060a2a4f3c512309c3ef454d,int_wall_smallhotel,SmallHotel,90.1-2019,code_prototype_rules,source,normalized
construction-060c507902fa1d4f7c8a2259,Typical Interior Floor,RetailStripmall,90.1-2019,code_prototype_rules,source,normalized
construction-0611a589fc5ddda80aa5071e,Typical Insulated Metal Building Roof,,DOE Ref Pre-1980,existing_stock_benchmark,source,normalized
construction-063d3de715308138dedc942e,LargeHotel construction package,LargeHotel,90.1-2019,code_prototype_rules,source,normalized
construction-0640dfc0d872287f046d65b0,Typical Insulated Metal Building Roof,,90.1-2013,code_prototype_rules,source,normalized
construction-064ba36dd83e65ea4e843754,U 1.22 SHGC 0.25 Sgl Elec Ref Colored 6mm,,DOE Ref Pre-1980,existing_stock_benchmark,source,normalized
construction-064d82ea8aeb0e3cfd6f866b,Typical Insulated Wood Framed Exterior Floor,,DOE Ref Pre-1980,existing_stock_benchmark,source,normalized
construction-0650125d42f0371ef8a79610,Typical Insulated Carpeted 6in Slab Floor,,DOE Ref 1980-2004,existing_stock_benchmark,source,normalized
construction-065abc9576f2ccb829a3d549,Typical Insulated Carpeted 6in Slab Floor,,90.1-2013,code_prototype_rules,source,normalized
construction-065e2be2332c15d04a224fe3,LargeOffice construction package,LargeOffice,90.1-2007,code_prototype_rules,source,normalized
construction-066c6dc86200d265432da748,Typical Insulated Basement Mass Wall,,DOE Ref 1980-2004,existing_stock_benchmark,source,normalized
construction-069902cad4ce97e874819a1f,Typical Insulated Metal Building Roof,,90.1-2019,code_prototype_rules,source,normalized
construction-06a86546c8b65fe0b9dafd88,PrimarySchool construction package,PrimarySchool,DOE Ref Pre-1980,existing_stock_benchmark,source,normalized
construction-06a8933c9e1ff1c10be29d5f,int_slab_ceiling_smallhotel,SmallHotel,90.1-2019,code_prototype_rules,source,normalized
construction-06b05a7cbbdfeddd3d82c8fd,U 1.22 SHGC 0.25 Sgl Elec Ref Colored 6mm,,DOE Ref Pre-1980,existing_stock_benchmark,source,normalized
construction-06c725f89d79ef8f6b6ba0d0,Dwelling enclosure / source_building_300265,SingleFamilyAttached,ResStock SDR source fixture,existing_stock_source_fixture,source,normalized
construction-06c8f6c462a61762f79ce89c,Typical Insulated Steel Framed Exterior Wall,,90.1-2007,code_prototype_rules,source,normalized
construction-06cb181c9b7003d0980ca594,Typical Insulated Carpeted 6in Slab Floor,,90.1-2007,code_prototype_rules,source,normalized
construction-06d2b64793308b8bff240288,Typical Insulated Steel Framed Exterior Wall,,DOE Ref Pre-1980,existing_stock_benchmark,source,normalized
construction-06d8fbc02f04e8dc23fa184b,Typical Insulated Steel Framed Exterior Floor,,90.1-2013,code_prototype_rules,source,normalized
construction-06fab6c2dc26737437db87f5,Adiabatic GroundContactFloor,,DOE Ref Pre-1980,existing_stock_benchmark,source,normalized
construction-071470265185f37f9a80d457,Typical Insulated Wood Framed Exterior Wall,,DOE Ref Pre-1980,existing_stock_benchmark,source,normalized
construction-075b4d99c873130085d2c645,U 0.42 SHGC 0.4 Simple Glazing,,90.1-2013,code_prototype_rules,source,normalized
construction-075c2325943632312327013d,Typical Insulated Metal Building Roof,,90.1-2013,code_prototype_rules,source,normalized
construction-077c3077ffd0d4bdd1f9f74f,Typical Interior Wall,SuperMarket,DOE Ref Pre-1980,existing_stock_benchmark,source,normalized
construction-077cb914a6a27912e466b8b2,Typical Insulated Steel Framed Exterior Floor,,90.1-2007,code_prototype_rules,source,normalized
construction-077e89b102a1b03482e69264,Typical Insulated Carpeted 6in Slab Floor,,90.1-2019,code_prototype_rules,source,normalized
construction-07aad1f5b1e80da795af944f,Adiabatic GroundContactFloor,,90.1-2019,code_prototype_rules,source,normalized
construction-07d6a473a48c99ceb95bb99e,Typical Insulated Wood Framed Exterior Wall,,DOE Ref 1980-2004,existing_stock_benchmark,source,normalized
construction-07e0cd0deca184b7a4e3c612,Typical Wood Joist Attic Floor,,DOE Ref 1980-2004,existing_stock_benchmark,source,normalized
construction-07e6dbf4358fdd28b6552c1e,Typical IEAD Roof - Highly Reflective,,90.1-2019,code_prototype_rules,source,normalized
construction-07f89c406fa00b74c3af4694,PrimarySchool construction package,PrimarySchool,90.1-2019,code_prototype_rules,source,normalized
construction-08075d418f47fae0d979a021,Typical Insulated Wood Framed Exterior Floor,,90.1-2007,code_prototype_rules,source,normalized
construction-08105c45e6b8f9bdeb9ea3af,Typical Insulated Carpeted 8in Slab Floor,,90.1-2019,code_prototype_rules,source,normalized
construction-0816f766d1932bee474d4805,Typical Insulated Exterior Mass Floor,,DOE Ref Pre-1980,existing_stock_benchmark,source,normalized
construction-082f2ac09b3070322f6903c0,Typical Insulated Wood Framed Exterior Floor,,DOE Ref 1980-2004,existing_stock_benchmark,source,normalized
construction-084429f0c7c37d627b0995de,U 0.65 SHGC 0.45 Simple Glazing,,90.1-2019,code_prototype_rules,source,normalized
construction-0848d95f1586f1e4b0633063,Plenum Acoustical Tile,Any,DOE Ref Pre-1980,existing_stock_benchmark,source,normalized
construction-084a3061ff1b7f7692438d72,Typical Wood Joist Attic Floor,,DOE Ref 1980-2004,existing_stock_benchmark,source,normalized
construction-0851c8ce81fd89bf4cacb07e,RetailStandalone construction package,RetailStandalone,DOE Ref 1980-2004,existing_stock_benchmark,source,normalized
construction-08520ac8c2961fd9d72905e4,Typical Interior Floor,Warehouse,90.1-2007,code_prototype_rules,source,normalized
construction-08576f53996f2d72516b623e,Adiabatic Roof,,90.1-2007,code_prototype_rules,source,normalized
construction-0859e642b5155cbd534139f6,Typical Insulated Carpeted 8in Slab Floor,,90.1-2013,code_prototype_rules,source,normalized
construction-086fcd2018e781b1d94d1207,Typical Insulated Wood Framed Exterior Wall,,DOE Ref 1980-2004,existing_stock_benchmark,source,normalized
construction-0874196bccb97d730db6071f,Typical Interior Wall,Hospital,90.1-2013,code_prototype_rules,source,normalized
construction-0876728775af9a8105d3401b,Typical Wood Joist Attic Floor,,DOE Ref Pre-1980,existing_stock_benchmark,source,normalized
construction-08783ed17b5388642204aac1,Plenum Acoustical Tile,Any,DOE Ref 1980-2004,existing_stock_benchmark,source,normalized
construction-0894a3c7bb1fa88416dfbfcc,Typical Insulated Wood Framed Exterior Wall,,90.1-2019,code_prototype_rules,source,normalized
construction-08cad2409a797fba6e009f04,Typical IEAD Roof,,DOE Ref 1980-2004,existing_stock_benchmark,source,normalized
construction-08ce1260a778a54ee1f4a40d,Adiabatic Wall,,90.1-2019,code_prototype_rules,source,normalized
construction-08f1ac7dc43003c1fa479ea6,Typical IEAD Roof,,DOE Ref 1980-2004,existing_stock_benchmark,source,normalized
construction-08f3a5c19d699624b1ab0076,Typical Interior Wall,Warehouse,90.1-2019,code_prototype_rules,source,normalized
construction-0906f3876a5bf51ddce93f99,U 0.65 SHGC 0.25 Simple Glazing,,90.1-2007,code_prototype_rules,source,normalized
construction-0935ca1aa5df06fc4c07d5c7,Typical Insulated Wood Framed Exterior Floor,,90.1-2013,code_prototype_rules,source,normalized
construction-09477c3a210203b73004efc4,Typical Insulated Exterior Mass Wall,,90.1-2019,code_prototype_rules,source,normalized
construction-095f493e209db3e051e8b376,U 0.45 SHGC 0.4 Simple Glazing,,90.1-2007,code_prototype_rules,source,normalized
construction-096a362ff176383af944a621,Typical Interior Floor,SecondarySchool,90.1-2013,code_prototype_rules,source,normalized
construction-096adbd0ccedcce9b034e327,Typical Insulated Steel Framed Exterior Floor,,90.1-2019,code_prototype_rules,source,normalized
construction-0975cb0ef84b570370261a6c,Adiabatic Roof,,90.1-2013,code_prototype_rules,source,normalized
construction-098df197d46535d35e291a92,Typical Interior Floor,MidriseApartment,90.1-2013,code_prototype_rules,source,normalized
construction-098fad0310aba6143e5722c9,Typical Insulated Metal Building Wall,,90.1-2007,code_prototype_rules,source,normalized
construction-099ec381907e5dc6b1be4f9e,U 0.44 SHGC 0.45 Simple Glazing,,90.1-2013,code_prototype_rules,source,normalized
construction-09b6cb497b4cd1c0c86c4fad,Typical Insulated Steel Framed Exterior Wall,,DOE Ref Pre-1980,existing_stock_benchmark,source,normalized
construction-09c02a3bc54a97be2419a8c4,Typical Insulated Wood Framed Exterior Wall,,90.1-2013,code_prototype_rules,source,normalized
construction-09c746e1e604bfede0b632cf,Typical IEAD Roof,,DOE Ref 1980-2004,existing_stock_benchmark,source,normalized
construction-09d2856aca3ca12dbbee382e,Adiabatic GroundContactFloor,,DOE Ref 1980-2004,existing_stock_benchmark,source,normalized
construction-09d3600a4280d7dc5efc7141,Typical Insulated Steel Framed Exterior Floor,,DOE Ref 1980-2004,existing_stock_benchmark,source,normalized
construction-09eaf5788dd6f6fd9f5841f0,Typical Interior Ceiling,Outpatient,90.1-2007,code_prototype_rules,source,normalized
construction-09ecf94315f5c71c36ed91a3,Typical Insulated Wood Framed Exterior Wall,,90.1-2013,code_prototype_rules,source,normalized
construction-09f682e011eb1585ff05ddd7,Typical Insulated Carpeted 8in Slab Floor,,90.1-2013,code_prototype_rules,source,normalized
construction-09feb6e8aa756f24854fee37,Typical Insulated Wood Framed Exterior Floor,,DOE Ref 1980-2004,existing_stock_benchmark,source,normalized
construction-0a0332e76aed0301c4fc9166,Typical Insulated Steel Framed Exterior Floor,,DOE Ref 1980-2004,existing_stock_benchmark,source,normalized
construction-0a0a51c75c0bc8ff8efc2501,U 0.65 SHGC 0.45 Simple Glazing,,90.1-2007,code_prototype_rules,source,normalized
construction-0a2d356feaed5bfa450e1793,Typical Wood Joist Attic Floor,,90.1-2019,code_prototype_rules,source,normalized
construction-0a40ee684c77ca726f12deed,Typical IEAD Roof,,90.1-2007,code_prototype_rules,source,normalized
construction-0a468903e7b8111a47a9f69b,Typical Insulated Carpeted 6in Slab Floor,,DOE Ref 1980-2004,existing_stock_benchmark,source,normalized
construction-0a5cc65a9b42f458ca3b676f,Dwelling enclosure / source_building_342177,SingleFamilyAttached,ResStock SDR source fixture,existing_stock_source_fixture,source,normalized
construction-0a64f9990b813c7e0ea3d001,Typical Wood Joist Attic Floor,,DOE Ref 1980-2004,existing_stock_benchmark,source,normalized
construction-0a65a8df00bcbc15fa5a7302,Typical Insulated Exterior Mass Floor,,90.1-2013,code_prototype_rules,source,normalized
construction-0a71143be973fcd72b8ebb5c,Typical Interior Wall,LargeOffice,DOE Ref Pre-1980,existing_stock_benchmark,source,normalized
construction-0a8362e6283d3ba7f613f891,int_slab_ceiling_smallhotel,SmallHotel,90.1-2019,code_prototype_rules,source,normalized
construction-0aa2e44b70a6dfbbbb8c5f46,Dwelling enclosure / source_building_350595,SingleFamilyDetached,ResStock SDR source fixture,existing_stock_source_fixture,source,normalized
construction-0aac832241f1e2571391e433,Typical Wood Joist Attic Floor,,DOE Ref Pre-1980,existing_stock_benchmark,source,normalized
construction-0aafa54b6085583093936f45,Typical Insulated Steel Framed Exterior Floor,,90.1-2013,code_prototype_rules,source,normalized
construction-0abd47382abca7da4cd6009e,Typical Insulated Exterior Mass Floor,,DOE Ref 1980-2004,existing_stock_benchmark,source,normalized
construction-0ade7084853d89b0a10b67e9,Typical Interior Wall,MidriseApartment,DOE Ref 1980-2004,existing_stock_benchmark,source,normalized
construction-0ade9c8822a4e9172d350ed2,Typical Insulated Exterior Mass Wall,,90.1-2019,code_prototype_rules,source,normalized
construction-0ae698428887b31d4f8451d7,Adiabatic GroundContactFloor,,DOE Ref Pre-1980,existing_stock_benchmark,source,normalized
construction-0aee37b67c1195c977b04321,Typical Insulated Steel Framed Exterior Floor,,DOE Ref 1980-2004,existing_stock_benchmark,source,normalized
construction-0b203939ef85bbcf40614177,U 0.57 SHGC 0.25 Simple Glazing,,90.1-2013,code_prototype_rules,source,normalized
construction-0b7ee9700ad6c55c545f4f80,Typical Insulated Exterior Mass Floor,,DOE Ref 1980-2004,existing_stock_benchmark,source,normalized
construction-0b9167fe68c68a5bd3c29e67,Typical Interior Floor,LargeHotel,DOE Ref Pre-1980,existing_stock_benchmark,source,normalized
construction-0b93648ad0c1c52c4eb63483,Adiabatic ExteriorFloor,,90.1-2019,code_prototype_rules,source,normalized
construction-0ba85ef4f7c054e2730afb0a,U 0.57 SHGC 0.49 Dbl Blue 6mm/6mm Air,,DOE Ref Pre-1980,existing_stock_benchmark,source,normalized
construction-0bbbdb0ba0b0d537bfa0928f,Typical Insulated Steel Framed Exterior Wall,,90.1-2013,code_prototype_rules,source,normalized
construction-0bd41a0d1c8db30e252bf7d4,U 1.22 SHGC 0.25 Sgl Elec Ref Colored 6mm,,DOE Ref 1980-2004,existing_stock_benchmark,source,normalized
construction-0bd5ad4ac9c34579d05877f3,U 1.22 SHGC 0.25 Sgl Elec Ref Colored 6mm,,DOE Ref Pre-1980,existing_stock_benchmark,source,normalized
construction-0bdcd7e4827854e9168fc1da,Typical Insulated Carpeted 6in Slab Floor,,DOE Ref 1980-2004,existing_stock_benchmark,source,normalized
construction-0bf0b4fb396a42b8f42f73a8,Typical Insulated Wood Framed Exterior Floor,,90.1-2019,code_prototype_rules,source,normalized
construction-0c22d2f605a19a5a8787cee8,Typical Insulated Exterior Mass Floor,,90.1-2019,code_prototype_rules,source,normalized
construction-0c25eeacf14423d8b2386b1b,Typical Insulated Exterior Mass Wall,,DOE Ref Pre-1980,existing_stock_benchmark,source,normalized
construction-0c3378fe3df15e37c4ab9927,Typical Insulated Steel Framed Exterior Wall,,DOE Ref Pre-1980,existing_stock_benchmark,source,normalized
construction-0c447fe52f3351b78720294f,Typical Wood Joist Attic Floor,,90.1-2013,code_prototype_rules,source,normalized
construction-0ca2ed955e6ef28ccfd036c7,U 0.35 SHGC 0.45 Simple Glazing,,90.1-2007,code_prototype_rules,source,normalized
construction-0cae7ccee7c9efe10db0cbdd,Typical Insulated Exterior Mass Wall,,DOE Ref Pre-1980,existing_stock_benchmark,source,normalized
construction-0cb8fd187ed4f94af6c8ffa7,Typical Insulated Metal Building Wall,,DOE Ref Pre-1980,existing_stock_benchmark,source,normalized
construction-0cd8793e5bfd356678f317c3,Typical IEAD Roof,,DOE Ref Pre-1980,existing_stock_benchmark,source,normalized
construction-0cf4b6f9140b101faa867ce2,Typical Interior Ceiling,Warehouse,90.1-2019,code_prototype_rules,source,normalized
construction-0d0fe0a0e5245928822926a1,Typical Insulated Carpeted 8in Slab Floor,,90.1-2019,code_prototype_rules,source,normalized
construction-0d1b43d595e8631ed8200a71,Typical Insulated Steel Framed Exterior Wall,,DOE Ref 1980-2004,existing_stock_benchmark,source,normalized
construction-0d1f42dbc5681d07d2265820,Typical Insulated Carpeted 6in Slab Floor,,DOE Ref Pre-1980,existing_stock_benchmark,source,normalized
construction-0d37be553d78588aba57ae8a,Typical Insulated Steel Framed Exterior Floor,,DOE Ref 1980-2004,existing_stock_benchmark,source,normalized
construction-0d51dcbec5b17fddb5314a5e,U 0.6 SHGC 0.25 Simple Glazing,,90.1-2013,code_prototype_rules,source,normalized
construction-0d5d5a3e1975b57e3de0293a,Typical Insulated Wood Framed Exterior Floor,,DOE Ref 1980-2004,existing_stock_benchmark,source,normalized
construction-0d6bb6f77985d6546becf5f4,LargeHotel Interior Wall,LargeHotel,90.1-2019,code_prototype_rules,source,normalized
construction-0d813ac9eebaaea33ab7f810,Typical Insulated Wood Framed Exterior Wall,,DOE Ref Pre-1980,existing_stock_benchmark,source,normalized
construction-0d86c52ee1911fe4a6e92429,RetailStandalone construction package,RetailStandalone,90.1-2013,code_prototype_rules,source,normalized
construction-0d95eb1c2f81f1833c7058e2,Typical IEAD Roof - Highly Reflective,,90.1-2007,code_prototype_rules,source,normalized
construction-0db3dbe6d7476e34e2cbb636,Typical IEAD Roof,,DOE Ref 1980-2004,existing_stock_benchmark,source,normalized
construction-0dcdfa78330c75ba63b8b2e8,Typical Insulated Carpeted 6in Slab Floor,,90.1-2007,code_prototype_rules,source,normalized
construction-0dce996a58d403d48e916fc1,Typical Insulated Carpeted 6in Slab Floor,,DOE Ref 1980-2004,existing_stock_benchmark,source,normalized
construction-0de915078ba12eed7042aa9d,Typical IEAD Roof,,90.1-2007,code_prototype_rules,source,normalized
construction-0e0cc0d977598019ecf26062,Typical Wood Joist Attic Floor,,DOE Ref 1980-2004,existing_stock_benchmark,source,normalized
construction-0e132c14dab17855ccce89cb,Typical Insulated Exterior Mass Wall,,DOE Ref Pre-1980,existing_stock_benchmark,source,normalized
construction-0e20d082926fa12ce251610a,Typical Wood Joist Attic Floor,,90.1-2019,code_prototype_rules,source,normalized
construction-0e3c06b2b63f8f1544b6bf5e,Typical Insulated Steel Framed Exterior Floor,,DOE Ref 1980-2004,existing_stock_benchmark,source,normalized
construction-0e47613b9bc0bfc73f8f6779,U 1.22 SHGC 0.25 Sgl Elec Ref Colored 6mm,,DOE Ref Pre-1980,existing_stock_benchmark,source,normalized
construction-0e49c298d243d27958146fcb,U 0.36 SHGC 0.36 Simple Glazing,,90.1-2019,code_prototype_rules,source,normalized
construction-0e4e22ed1da06a1dad92adca,SecondarySchool construction package,SecondarySchool,90.1-2007,code_prototype_rules,source,normalized
construction-0e5270ba8dffdcb19371321e,Typical IEAD Roof,,DOE Ref 1980-2004,existing_stock_benchmark,source,normalized
construction-0e754a96e64e1f393290b124,Typical Insulated Exterior Mass Wall,,DOE Ref Pre-1980,existing_stock_benchmark,source,normalized
construction-0e92bda288ac2632c1e0490f,Typical Insulated Carpeted 6in Slab Floor,,90.1-2013,code_prototype_rules,source,normalized
construction-0e95f2ee393cf9b2124a84b6,Typical Insulated Steel Framed Exterior Floor,,90.1-2013,code_prototype_rules,source,normalized
construction-0e987a299bd94ec079333634,Adiabatic Wall,,DOE Ref 1980-2004,existing_stock_benchmark,source,normalized
construction-0ea1647b28c994bca085363c,Typical Insulated Wood Framed Exterior Floor,,DOE Ref 1980-2004,existing_stock_benchmark,source,normalized
construction-0ea684899f71f2c89e8db8bd,Typical Insulated Steel Framed Exterior Floor,,90.1-2013,code_prototype_rules,source,normalized
construction-0ea9d39a3c7af211d3130a43,Adiabatic Wall,,DOE Ref 1980-2004,existing_stock_benchmark,source,normalized
construction-0eb949077c9e547709794616,Typical Insulated Exterior Mass Wall,,DOE Ref 1980-2004,existing_stock_benchmark,source,normalized
construction-0ee07936e637aa45fb24ff39,Typical Insulated Metal Building Wall,,DOE Ref 1980-2004,existing_stock_benchmark,source,normalized
construction-0f0c84a5f229ea4b2b5d4d89,Typical Insulated Wood Framed Exterior Floor,,90.1-2019,code_prototype_rules,source,normalized
construction-0f1099cba124f9c1a0a0f2ab,Typical Interior Ceiling,Warehouse,DOE Ref 1980-2004,existing_stock_benchmark,source,normalized
construction-0f1727a2559af7aec93eb63c,Typical Insulated Wood Framed Exterior Wall,,90.1-2013,code_prototype_rules,source,normalized
construction-0f2dd03a250ce1482f805287,U 1.22 SHGC 0.61 Sgl Green 6mm,,DOE Ref 1980-2004,existing_stock_benchmark,source,normalized
construction-0f3303a2c2d5f9d65931d7ba,Typical Insulated Metal Building Wall,,90.1-2013,code_prototype_rules,source,normalized
construction-0f4bddc949f043e8baccbdda,Typical Insulated Wood Framed Exterior Wall,,DOE Ref Pre-1980,existing_stock_benchmark,source,normalized
construction-0f54429f5e6b2b737bc3bf39,Typical Insulated Steel Framed Exterior Floor,,DOE Ref 1980-2004,existing_stock_benchmark,source,normalized
construction-0f57fe62ed6e7b327fc8e8b3,Typical Insulated Basement Mass Wall,,DOE Ref 1980-2004,existing_stock_benchmark,source,normalized
construction-0f6d867a9c25156d30967f72,Typical Interior Wall,PrimarySchool,DOE Ref Pre-1980,existing_stock_benchmark,source,normalized
construction-0f7affc660f199158473b212,Typical Insulated Wood Framed Exterior Wall,,DOE Ref 1980-2004,existing_stock_benchmark,source,normalized
construction-0fc5a180125a76cd9cdab88e,Typical Insulated Metal Building Wall,,90.1-2019,code_prototype_rules,source,normalized
construction-0fcdc4a2f6fbf46bfc1057fd,Adiabatic Wall,,90.1-2019,code_prototype_rules,source,normalized
construction-0fde7c36c37a6366f2eec5e5,Typical Insulated Metal Building Roof,,90.1-2013,code_prototype_rules,source,normalized
construction-0fdeec2f24b860973ebfe2f7,Typical Insulated Steel Framed Exterior Wall,,DOE Ref 1980-2004,existing_stock_benchmark,source,normalized
construction-0fe21000505b7ca6fc8de439,Typical Interior Wall,Office,DOE Ref Pre-1980,existing_stock_benchmark,source,normalized
construction-0fe8ab745a7b77b2f0e38a10,Typical Insulated Wood Framed Exterior Wall,,90.1-2007,code_prototype_rules,source,normalized
construction-0ff6a49890a6dbb78dca347a,Typical Insulated Carpeted 6in Slab Floor,,90.1-2019,code_prototype_rules,source,normalized
construction-0ffbd4cbc203a47f66bf3f55,Typical Interior Floor,LargeDataCenterLowITE,90.1-2007,code_prototype_rules,source,normalized
construction-1006c3cadd5fa73b34c772e6,U 1.22 SHGC 0.25 Sgl Elec Ref Colored 6mm,,DOE Ref Pre-1980,existing_stock_benchmark,source,normalized
construction-101658ab169af670915c12af,U 1.22 SHGC 0.25 Sgl Elec Ref Colored 6mm,,DOE Ref Pre-1980,existing_stock_benchmark,source,normalized
construction-10258835217a0d3fc6b44b57,Typical Insulated Wood Framed Exterior Floor,,DOE Ref Pre-1980,existing_stock_benchmark,source,normalized
construction-102aacc0a5728776deca3315,Typical Insulated Exterior Mass Floor,,90.1-2019,code_prototype_rules,source,normalized
construction-105a193c2831254628a5f016,Adiabatic Roof,,90.1-2007,code_prototype_rules,source,normalized
construction-1076ed3366e6b06ccdfcedef,Typical Insulated Metal Building Wall,,DOE Ref 1980-2004,existing_stock_benchmark,source,normalized
construction-108ab495bc6abef879bab72e,Typical Insulated Basement Mass Wall,,90.1-2007,code_prototype_rules,source,normalized
construction-10adbcf9c919d6faa2a561cb,Typical Insulated Wood Framed Exterior Wall,,90.1-2013,code_prototype_rules,source,normalized
construction-10c95ae408fa3347846edcd0,Typical Insulated Steel Framed Exterior Wall,,90.1-2007,code_prototype_rules,source,normalized
construction-10ea74fe7246805ef54c78e1,Typical Insulated Carpeted 6in Slab Floor,,DOE Ref 1980-2004,existing_stock_benchmark,source,normalized
construction-10eb3d4911eade10284223ad,Typical Insulated Steel Framed Exterior Wall,,90.1-2019,code_prototype_rules,source,normalized
construction-10f8a4210178f638c8131d82,Adiabatic Roof,,90.1-2013,code_prototype_rules,source,normalized
construction-11040be98d62979d86892324,Typical Insulated Carpeted 8in Slab Floor,,90.1-2013,code_prototype_rules,source,normalized
construction-1138213207af44cd63c218bb,U 1.22 SHGC 0.25 Sgl Elec Ref Colored 6mm,,DOE Ref 1980-2004,existing_stock_benchmark,source,normalized
construction-1144dda3bd35979d83f9e623,Typical Wood Joist Attic Floor,,DOE Ref 1980-2004,existing_stock_benchmark,source,normalized
construction-114e7649b7e51fea39569366,U 0.57 SHGC 0.49 Dbl Blue 6mm/6mm Air,,DOE Ref 1980-2004,existing_stock_benchmark,source,normalized
construction-115e6699a698f41a2de68432,Typical Insulated Carpeted 6in Slab Floor,,90.1-2019,code_prototype_rules,source,normalized
construction-11637a772dbe4b6629747001,Typical Insulated Exterior Mass Floor,,90.1-2007,code_prototype_rules,source,normalized
construction-1167de5f27d0efe42a642cf5,Typical Insulated Steel Framed Exterior Wall,,90.1-2013,code_prototype_rules,source,normalized
construction-11928c958791d8d033641d69,Typical Insulated Metal Building Roof,,DOE Ref 1980-2004,existing_stock_benchmark,source,normalized
construction-11a35c3deea30098bcb9ed2a,Typical Insulated Wood Framed Exterior Wall,,DOE Ref Pre-1980,existing_stock_benchmark,source,normalized
construction-11b4a391209a7d3da623e85f,U 0.35 SHGC 0.4 Simple Glazing,,90.1-2013,code_prototype_rules,source,normalized
construction-11c78434d8bc9634ebe6f032,Typical Interior Ceiling,College,DOE Ref Pre-1980,existing_stock_benchmark,source,normalized
construction-11ca1f57db914d396e367ea6,Typical Wood Joist Attic Floor,,90.1-2013,code_prototype_rules,source,normalized
construction-11cc0f06098f62a1f7030c6e,Typical Interior Floor,Office,DOE Ref Pre-1980,existing_stock_benchmark,source,normalized
construction-11ccf02be05f0c831bdc524e,Typical Insulated Exterior Mass Floor,,DOE Ref Pre-1980,existing_stock_benchmark,source,normalized
construction-11d4dbdc16f12b73e981ef6f,Adiabatic ExteriorFloor,,DOE Ref Pre-1980,existing_stock_benchmark,source,normalized
construction-11d62dccc372267659d29a09,Typical Insulated Basement Mass Wall,,90.1-2007,code_prototype_rules,source,normalized
construction-11de90109a9888422024c321,Typical Wood Joist Attic Floor,,90.1-2007,code_prototype_rules,source,normalized
construction-11e0cb16f0b8681e4105afc2,Typical Interior Ceiling,SecondarySchool,DOE Ref 1980-2004,existing_stock_benchmark,source,normalized
construction-11f12ac703a2a4686b5a55b5,Typical Interior Ceiling,SmallDataCenterHighITE,90.1-2007,code_prototype_rules,source,normalized
construction-122b8e10fa8da98ba2d5f196,U 0.57 SHGC 0.49 Dbl Blue 6mm/6mm Air,,DOE Ref Pre-1980,existing_stock_benchmark,source,normalized
construction-12327c596bac2167e2037a92,Typical Insulated Exterior Mass Wall,,90.1-2007,code_prototype_rules,source,normalized
construction-124f39c0e3260ad3c2f1a443,Typical Insulated Metal Building Roof - Highly Reflective,,90.1-2013,code_prototype_rules,source,normalized
construction-12531f3deadc0868e7c95455,Typical IEAD Roof,,90.1-2013,code_prototype_rules,source,normalized
construction-125eba74725d8540e17e6270,Typical Insulated Exterior Mass Wall,,DOE Ref 1980-2004,existing_stock_benchmark,source,normalized
construction-126ea68a425f7b025415f8db,Typical Insulated Carpeted 6in Slab Floor,,DOE Ref Pre-1980,existing_stock_benchmark,source,normalized
construction-12a5d5ca8538e734e78b39cc,Typical Insulated Steel Framed Exterior Wall,,DOE Ref 1980-2004,existing_stock_benchmark,source,normalized
construction-12d352433339363d75a2272c,SmallHotel construction package,SmallHotel,90.1-2019,code_prototype_rules,source,normalized
construction-12f31f17407c02089fd5e333,Typical IEAD Roof,,90.1-2007,code_prototype_rules,source,normalized
construction-13017315e326ac96815320fc,U 0.32 SHGC 0.45 Simple Glazing,,90.1-2013,code_prototype_rules,source,normalized
construction-13064256efec71728ce0a234,Adiabatic ExteriorFloor,,DOE Ref Pre-1980,existing_stock_benchmark,source,normalized
construction-13162d3d653445a4fe60ecc4,Courthouse construction package,Courthouse,90.1-2007,code_prototype_rules,source,normalized
construction-131ecc143e198f7503f56bac,Typical Insulated Steel Framed Exterior Floor,,90.1-2019,code_prototype_rules,source,normalized
construction-132b66326506d87abf851c9d,Typical Insulated Steel Framed Exterior Floor,,DOE Ref Pre-1980,existing_stock_benchmark,source,normalized
construction-132dd73e9913f81499942fe2,Typical Insulated Metal Building Roof,,DOE Ref 1980-2004,existing_stock_benchmark,source,normalized
construction-133700be3ee5dfd1c5c06473,Typical Insulated Wood Framed Exterior Wall,,DOE Ref 1980-2004,existing_stock_benchmark,source,normalized
construction-134499f3cdb1033d0d6ca6c5,U 0.57 SHGC 0.39 Dbl Ref-D Clr 6mm/6mm Air,,DOE Ref 1980-2004,existing_stock_benchmark,source,normalized
construction-1356b604041263faf5309beb,U 0.57 SHGC 0.49 Dbl Blue 6mm/6mm Air,,DOE Ref Pre-1980,existing_stock_benchmark,source,normalized
construction-1357bb46237f7c26b1183ef8,Typical Insulated Steel Framed Exterior Wall,,DOE Ref Pre-1980,existing_stock_benchmark,source,normalized
construction-137a1f34aeafcd6ad7412eb2,Adiabatic Roof,,DOE Ref Pre-1980,existing_stock_benchmark,source,normalized
construction-138b186428195e37664e0ac9,Typical Insulated Steel Framed Exterior Wall,,90.1-2019,code_prototype_rules,source,normalized
construction-13a037120948b0d0449f9cd8,Typical Insulated Wood Framed Exterior Wall,,90.1-2013,code_prototype_rules,source,normalized
construction-13b6a8f105d6a77066040939,Typical Interior Ceiling,SecondarySchool,90.1-2007,code_prototype_rules,source,normalized
construction-13b97d1b0d9712292da8c145,Typical Wood Joist Attic Floor,,90.1-2019,code_prototype_rules,source,normalized
construction-13d02938738c13cd6cf51bd4,Typical Insulated Carpeted 6in Slab Floor,,DOE Ref Pre-1980,existing_stock_benchmark,source,normalized
construction-13f3833a53de6be9c0feb199,Typical Interior Floor,College,DOE Ref Pre-1980,existing_stock_benchmark,source,normalized
construction-13fa077e1a4d9b92c3bab5ba,Typical Interior Floor,SmallDataCenterLowITE,90.1-2007,code_prototype_rules,source,normalized
construction-1415f9b9a22111a3a7b23eb2,Typical Insulated Carpeted 6in Slab Floor,,DOE Ref Pre-1980,existing_stock_benchmark,source,normalized
construction-14175adfc8f55129472c1119,U 0.65 SHGC 0.25 Simple Glazing,,90.1-2007,code_prototype_rules,source,normalized
construction-1422115a94f97bd65abb621c,Typical Insulated Wood Framed Exterior Wall,,90.1-2013,code_prototype_rules,source,normalized
construction-1423aa4f3cad4c1ff932b856,Typical Interior Floor,LargeOfficeDetailed,DOE Ref Pre-1980,existing_stock_benchmark,source,normalized
construction-142f1451b0eddb4f877f34d5,Typical Insulated Exterior Mass Floor,,90.1-2019,code_prototype_rules,source,normalized
construction-1435897d157111478ab6d2e8,Typical Interior Floor,Courthouse,DOE Ref Pre-1980,existing_stock_benchmark,source,normalized
construction-14454192aa744721dd7a33dd,Typical Insulated Basement Mass Wall,,90.1-2007,code_prototype_rules,source,normalized
construction-1454d07459111d4f8ef9c241,U 0.57 SHGC 0.39 Dbl Ref-D Clr 6mm/6mm Air,,DOE Ref Pre-1980,existing_stock_benchmark,source,normalized
construction-1457b73a224570785daa6cb5,U 1.22 SHGC 0.25 Sgl Elec Ref Colored 6mm,,DOE Ref Pre-1980,existing_stock_benchmark,source,normalized
construction-1461bf0345ddef16e7e24240,Typical Interior Floor,TallBuilding,90.1-2019,code_prototype_rules,source,normalized
construction-14654513a1b8cb778d031451,Typical Insulated Wood Framed Exterior Wall,,DOE Ref 1980-2004,existing_stock_benchmark,source,normalized
construction-14988259cc21381bfcc6f202,MediumOfficeDetailed construction package,MediumOfficeDetailed,DOE Ref Pre-1980,existing_stock_benchmark,source,normalized
construction-14a431e7e4c99463555ff0eb,U 0.42 SHGC 0.4 Simple Glazing,,90.1-2013,code_prototype_rules,source,normalized
construction-14a6117f9a6422b5b0029101,U 1.22 SHGC 0.25 Sgl Elec Ref Colored 6mm,,DOE Ref 1980-2004,existing_stock_benchmark,source,normalized
construction-14d32e5828afc0cd02812eba,Typical Insulated Exterior Mass Wall,,90.1-2013,code_prototype_rules,source,normalized
construction-14f7bc86d704ebaffd376b74,Typical Insulated Steel Framed Exterior Wall,,DOE Ref 1980-2004,existing_stock_benchmark,source,normalized
construction-1509efe209d1ec9a0abafaf2,Typical Insulated Wood Framed Exterior Wall,,90.1-2013,code_prototype_rules,source,normalized
construction-15225aea61d8f1f6cd4b9239,Typical IEAD Roof,,DOE Ref Pre-1980,existing_stock_benchmark,source,normalized
construction-154e3f60eebb646aa73f6869,Typical Interior Wall,LargeDataCenterLowITE,90.1-2013,code_prototype_rules,source,normalized
construction-15605c9af60800f66dd4b4c6,Typical Insulated Carpeted 6in Slab Floor,,DOE Ref 1980-2004,existing_stock_benchmark,source,normalized
construction-158c0cf96070fbe401faa2c6,Typical Interior Ceiling,PrimarySchool,DOE Ref Pre-1980,existing_stock_benchmark,source,normalized
construction-15f794679dc3cd55e0260133,Typical IEAD Roof,,DOE Ref Pre-1980,existing_stock_benchmark,source,normalized
construction-1608f7679de6b836e970810b,Typical Wood Joist Attic Floor,,DOE Ref Pre-1980,existing_stock_benchmark,source,normalized
construction-161dc8b20de20f11372c0c49,Typical Interior Ceiling,LargeHotel,DOE Ref 1980-2004,existing_stock_benchmark,source,normalized
construction-1620fdfb535da5e5b7f40352,Typical Insulated Steel Framed Exterior Wall,,DOE Ref Pre-1980,existing_stock_benchmark,source,normalized
construction-162be279e0d6bdba496f7719,Typical Insulated Steel Framed Exterior Floor,,90.1-2019,code_prototype_rules,source,normalized
construction-1646180c2641f24cd0f1016c,Typical Insulated Basement Mass Wall,,90.1-2019,code_prototype_rules,source,normalized
construction-16651be5959bb5eb10c273c5,Typical Wood Joist Attic Floor,,DOE Ref Pre-1980,existing_stock_benchmark,source,normalized
construction-1668f9047dba6ca648f3f217,Typical Insulated Metal Building Wall,,DOE Ref 1980-2004,existing_stock_benchmark,source,normalized
construction-166d68f81197cbb4b2825e1d,Dwelling enclosure / source_building_177055,HighriseApartment,ResStock SDR source fixture,existing_stock_source_fixture,source,normalized
construction-1676fec5efc88f1a7a7e9b58,Typical Insulated Carpeted 6in Slab Floor,,90.1-2007,code_prototype_rules,source,normalized
construction-16787c074f5578aca53b0047,U 1.22 SHGC 0.25 Sgl Elec Ref Colored 6mm,,DOE Ref 1980-2004,existing_stock_benchmark,source,normalized
construction-167e72252605643cafdaf44b,Typical Insulated Wood Framed Exterior Floor,,DOE Ref 1980-2004,existing_stock_benchmark,source,normalized
construction-16885cec73fd4cd3e0a0bb75,Adiabatic Roof,,DOE Ref 1980-2004,existing_stock_benchmark,source,normalized
construction-16b188e6e6fb91ef8a1792b7,Typical Insulated Exterior Mass Floor,,DOE Ref 1980-2004,existing_stock_benchmark,source,normalized
construction-16bf9acd88d646420f8fbd18,Typical Interior Wall,TallBuilding,90.1-2013,code_prototype_rules,source,normalized
construction-16c54115b93d9c47a5963231,Typical Insulated Wood Framed Exterior Wall,,DOE Ref Pre-1980,existing_stock_benchmark,source,normalized
construction-16d4622c09aa19eb19f4e583,Typical Insulated Wood Framed Exterior Floor,,90.1-2013,code_prototype_rules,source,normalized
construction-16e95a89f9fcd71b55b1c2b0,U 0.87 SHGC 0.45 Simple Glazing,,90.1-2013,code_prototype_rules,source,normalized
construction-1729f1670d466799ffb9ad34,Typical Insulated Exterior Mass Wall,,90.1-2007,code_prototype_rules,source,normalized
construction-173605b79e29c7c8e164f901,Adiabatic Wall,,90.1-2007,code_prototype_rules,source,normalized
construction-17368760ce3fd73620bc22a3,Typical Insulated Carpeted 6in Slab Floor,,DOE Ref Pre-1980,existing_stock_benchmark,source,normalized
construction-17416c7c909c92edf581915b,int_wall_smallhotel,SmallHotel,90.1-2019,code_prototype_rules,source,normalized
construction-1744ef45a39e459235b174b2,int_wall_smallhotel,SmallHotel,90.1-2019,code_prototype_rules,source,normalized
construction-174b4b53db5b937c6780be69,MidriseApartment construction package,MidriseApartment,90.1-2019,code_prototype_rules,source,normalized
construction-1757d41faee3ffa3c6bfae69,Typical Wood Joist Attic Floor,,DOE Ref 1980-2004,existing_stock_benchmark,source,normalized
construction-176a3e5138b440c04e519e6e,U 1.22 SHGC 0.25 Sgl Elec Ref Colored 6mm,,DOE Ref 1980-2004,existing_stock_benchmark,source,normalized
construction-178350cbbdfc5b09dc829f42,Typical Insulated Carpeted 6in Slab Floor,,90.1-2013,code_prototype_rules,source,normalized
construction-17a0407fa61768a95c721f10,Adiabatic Roof,,90.1-2013,code_prototype_rules,source,normalized
construction-17a8ffa59ef303e7f7e61192,U 0.7 SHGC 0.25 Simple Glazing,,90.1-2007,code_prototype_rules,source,normalized
construction-17a991577f32602986681f3d,Typical Insulated Basement Mass Wall,,DOE Ref Pre-1980,existing_stock_benchmark,source,normalized
construction-17b19a776e379a8fa1385b28,Typical Insulated Wood Framed Exterior Wall,,90.1-2007,code_prototype_rules,source,normalized
construction-17c5351ab616b5bd0f844c3a,Typical Interior Ceiling,LargeOfficeDetailed,90.1-2013,code_prototype_rules,source,normalized
construction-17c551c273543c788268c43a,Typical Interior Floor,Outpatient,DOE Ref 1980-2004,existing_stock_benchmark,source,normalized
construction-17d51b6a965bcccdfdfa1dd6,Typical Insulated Carpeted 6in Slab Floor,,90.1-2007,code_prototype_rules,source,normalized
construction-17efa2e3ac8a3a96aea71712,Typical Insulated Wood Framed Exterior Floor,,DOE Ref 1980-2004,existing_stock_benchmark,source,normalized
construction-17f227034e6fe1896748e211,LargeHotel construction package,LargeHotel,DOE Ref 1980-2004,existing_stock_benchmark,source,normalized
construction-17f551a92c7b0b7e8c11ece2,LargeHotel Interior Ceiling,LargeHotel,90.1-2019,code_prototype_rules,source,normalized
construction-1802d592feaf175e5659e07a,Typical Interior Ceiling,Hospital,DOE Ref Pre-1980,existing_stock_benchmark,source,normalized
construction-181e00da04b4e674732071ff,U 0.65 SHGC 0.45 Simple Glazing,,90.1-2007,code_prototype_rules,source,normalized
construction-182d1145140a7f8600968412,Typical Insulated Steel Framed Exterior Floor,,DOE Ref Pre-1980,existing_stock_benchmark,source,normalized
construction-183642bde42daed7387e7370,Typical Insulated Wood Framed Exterior Floor,,DOE Ref Pre-1980,existing_stock_benchmark,source,normalized
construction-1856f30126bdbebbb1c55a22,Typical Insulated Exterior Mass Wall,,DOE Ref Pre-1980,existing_stock_benchmark,source,normalized
construction-1859a59eefd50b42d9d81307,Typical Insulated Exterior Mass Floor,,90.1-2013,code_prototype_rules,source,normalized
construction-185ccd69d5385dc91693bb3c,LargeHotel Interior Ceiling,LargeHotel,90.1-2019,code_prototype_rules,source,normalized
construction-1868b4c7a663bd00a839676a,Typical Interior Floor,SmallOffice,DOE Ref 1980-2004,existing_stock_benchmark,source,normalized
construction-186eea96d8b5af6a2b364a62,Dwelling enclosure / source_building_349905,SingleFamilyAttached,ResStock SDR source fixture,existing_stock_source_fixture,source,normalized
construction-18aac6dc09af29dbf9d68647,Typical Insulated Basement Mass Wall,,DOE Ref Pre-1980,existing_stock_benchmark,source,normalized
construction-18b03097e97cbb1e50b882d9,Typical Insulated Metal Building Wall,,90.1-2019,code_prototype_rules,source,normalized
construction-18bdd5bcecef2af7142ed6ab,Typical Insulated Wood Framed Exterior Floor,,90.1-2007,code_prototype_rules,source,normalized
construction-18c9f9a61be72157eee31d24,Typical Insulated Metal Building Roof,,90.1-2007,code_prototype_rules,source,normalized
construction-18cef9fb4c9bb7a3726fa2bc,Typical Insulated Metal Building Roof,,DOE Ref 1980-2004,existing_stock_benchmark,source,normalized
construction-18d7094d37a5917aa2560e6f,SuperMarket construction package,SuperMarket,DOE Ref 1980-2004,existing_stock_benchmark,source,normalized
construction-18efb609f1fe9ea0a8a08350,Typical Insulated Metal Building Wall,,DOE Ref Pre-1980,existing_stock_benchmark,source,normalized
construction-18f8954f4a327bf9844e7a24,Typical Insulated Exterior Mass Wall,,DOE Ref 1980-2004,existing_stock_benchmark,source,normalized
construction-193498c86d2804879f305a8b,U 1.2 SHGC 0.25 Simple Glazing,,90.1-2007,code_prototype_rules,source,normalized
construction-1951e6976253d8d656261c72,Typical Insulated Carpeted 6in Slab Floor,,90.1-2013,code_prototype_rules,source,normalized
construction-1957a0eb957b80d08c4c68c1,Typical Insulated Wood Framed Exterior Floor,,90.1-2007,code_prototype_rules,source,normalized
construction-199f55910e279f3a5803e0c5,Hospital construction package,Hospital,DOE Ref Pre-1980,existing_stock_benchmark,source,normalized
construction-19d46e7ca8e562d7eeaad460,U 0.65 SHGC 0.45 Simple Glazing,,90.1-2019,code_prototype_rules,source,normalized
construction-19e071fdd0ed7f04942271de,Typical Insulated Basement Mass Wall,,90.1-2007,code_prototype_rules,source,normalized
construction-19eee83bcce4c349125aa18c,Adiabatic Roof,,DOE Ref 1980-2004,existing_stock_benchmark,source,normalized
construction-19ef6e24a528977d9c726dbe,Adiabatic Roof,,90.1-2019,code_prototype_rules,source,normalized
construction-19febf639d894f28c4938680,Typical IEAD Roof,,DOE Ref 1980-2004,existing_stock_benchmark,source,normalized
construction-1a00e27a3141a6e987cfd767,Typical Interior Wall,LargeDataCenterHighITE,90.1-2019,code_prototype_rules,source,normalized
construction-1a0f9b4b6e24f0a5146171e0,Hospital construction package,Hospital,90.1-2013,code_prototype_rules,source,normalized
construction-1a10306920502650441ba272,Adiabatic Wall,,DOE Ref Pre-1980,existing_stock_benchmark,source,normalized
construction-1a227f46b08dc79783068611,Typical Interior Floor,LargeDataCenterHighITE,90.1-2013,code_prototype_rules,source,normalized
construction-1a2955e5c30dd42969992402,Typical Wood Joist Attic Floor,,DOE Ref 1980-2004,existing_stock_benchmark,source,normalized
construction-1a2f2255c0638138b574b347,Adiabatic Wall,,DOE Ref Pre-1980,existing_stock_benchmark,source,normalized
construction-1a3473afa2c79c1950a5c094,Typical Insulated Exterior Mass Floor,,DOE Ref 1980-2004,existing_stock_benchmark,source,normalized
construction-1a4ee1deca6f5dcb8d48c5ca,Typical Insulated Carpeted 6in Slab Floor,,DOE Ref 1980-2004,existing_stock_benchmark,source,normalized
construction-1a5a0d989d492b5639f7c1da,Typical Insulated Carpeted 6in Slab Floor,,90.1-2019,code_prototype_rules,source,normalized
construction-1a5f3b87fc33bbd26f152e64,Typical Insulated Wood Framed Exterior Floor,,90.1-2007,code_prototype_rules,source,normalized
construction-1a9bafb870d938bc1ff6a0ee,Dwelling enclosure / source_building_402849,SingleFamilyDetached,ResStock SDR source fixture,existing_stock_source_fixture,source,normalized
construction-1a9d3e3c458b32d7b1ef7a0b,Typical Insulated Wood Framed Exterior Floor,,DOE Ref 1980-2004,existing_stock_benchmark,source,normalized
construction-1aa479e2c34aecefee67821b,Typical Insulated Exterior Mass Wall,,90.1-2019,code_prototype_rules,source,normalized
construction-1ab4282125848faf43980b17,Typical IEAD Roof,,DOE Ref 1980-2004,existing_stock_benchmark,source,normalized
construction-1ad7206ae06b1748a21cd855,Typical Interior Wall,RetailStandalone,90.1-2013,code_prototype_rules,source,normalized
construction-1ae42f930a6b3ac07e336adb,U 0.62 SHGC 0.41 Simple Glazing,,DOE Ref Pre-1980,existing_stock_benchmark,source,normalized
construction-1aef34864871b3922a345caf,Adiabatic Roof,,DOE Ref Pre-1980,existing_stock_benchmark,source,normalized
construction-1af79797900cd73830b77ba8,U 0.57 SHGC 0.49 Dbl Blue 6mm/6mm Air,,DOE Ref 1980-2004,existing_stock_benchmark,source,normalized
construction-1b0f479fccb89ddd4bc16ea5,Typical Insulated Wood Framed Exterior Wall,,90.1-2019,code_prototype_rules,source,normalized
construction-1b20cff7de4fdc897bcfd63b,Typical Insulated Basement Mass Wall,,90.1-2013,code_prototype_rules,source,normalized
construction-1b222d016d87b057394075a0,Typical Wood Joist Attic Floor,,DOE Ref Pre-1980,existing_stock_benchmark,source,normalized
construction-1b4552db4a4ab5abb8769519,Adiabatic GroundContactFloor,,DOE Ref 1980-2004,existing_stock_benchmark,source,normalized
construction-1b571871637fd0ff8231dfc9,U 0.42 SHGC 0.34 Simple Glazing,,90.1-2019,code_prototype_rules,source,normalized
construction-1b73521f0b9815978e07d475,U 0.57 SHGC 0.39 Dbl Ref-D Clr 6mm/6mm Air,,DOE Ref Pre-1980,existing_stock_benchmark,source,normalized
construction-1b7bb2fb3238b638e2afb779,Typical Interior Wall,SmallOffice,90.1-2019,code_prototype_rules,source,normalized
construction-1b8a20fc38b47d54f947e1c1,Typical Insulated Carpeted 6in Slab Floor,,90.1-2007,code_prototype_rules,source,normalized
construction-1ba1da551143f1aee5310e06,Typical Insulated Steel Framed Exterior Floor,,90.1-2019,code_prototype_rules,source,normalized
construction-1ba2e446c3ece124419b0d6c,Typical Insulated Wood Framed Exterior Wall,,DOE Ref Pre-1980,existing_stock_benchmark,source,normalized
construction-1ba59f789d6c8b4ce09ffd70,Typical Insulated Carpeted 6in Slab Floor,,90.1-2013,code_prototype_rules,source,normalized
construction-1bb1f0601a9859fad8de2225,Dwelling enclosure / source_building_257217,SingleFamilyAttached,ResStock SDR source fixture,existing_stock_source_fixture,source,normalized
construction-1be91f678476612f4b429b1a,Typical Insulated Steel Framed Exterior Floor,,90.1-2013,code_prototype_rules,source,normalized
construction-1c06f4f1d32054863ccf5fb1,U 1.22 SHGC 0.25 Sgl Elec Ref Colored 6mm,,DOE Ref Pre-1980,existing_stock_benchmark,source,normalized
construction-1c0c0c120f9f586ccdf6be98,RetailStandalone construction package,RetailStandalone,90.1-2007,code_prototype_rules,source,normalized
construction-1c28382858508bb41c8965bd,Typical Insulated Wood Framed Exterior Wall,,90.1-2007,code_prototype_rules,source,normalized
construction-1c2996d1b5bbbf14528e662b,Adiabatic GroundContactFloor,,DOE Ref 1980-2004,existing_stock_benchmark,source,normalized
construction-1c34ad3d4805249619b306f0,Typical Insulated Steel Framed Exterior Floor,,90.1-2013,code_prototype_rules,source,normalized
construction-1c35cc021398ea6ce5e03b1b,Typical Insulated Metal Building Wall,,90.1-2013,code_prototype_rules,source,normalized
construction-1c483cc0afb7007ae7fb9bd5,Any construction package,Any,90.1-2019,code_prototype_rules,source,normalized
construction-1c6b8ef58a89d06fd450b161,Typical IEAD Roof,,DOE Ref Pre-1980,existing_stock_benchmark,source,normalized
construction-1c78ad04be3636d5bafb2746,Typical Insulated Carpeted 6in Slab Floor,,DOE Ref 1980-2004,existing_stock_benchmark,source,normalized
construction-1c9584fba0b62234d0f4dd9f,Typical Wood Joist Attic Floor,,90.1-2007,code_prototype_rules,source,normalized
construction-1c9ff6ce363a3f184fa0ead9,Adiabatic ExteriorFloor,,90.1-2013,code_prototype_rules,source,normalized
construction-1ca64b15bc4d9e7945cc8e2d,U 1.22 SHGC 0.25 Sgl Elec Ref Colored 6mm,,DOE Ref Pre-1980,existing_stock_benchmark,source,normalized
construction-1cb401d65d2844651bf67bf4,Adiabatic ExteriorFloor,,DOE Ref Pre-1980,existing_stock_benchmark,source,normalized
construction-1ce11ce251f6f0a047f142fa,Typical Insulated Wood Framed Exterior Wall,,DOE Ref 1980-2004,existing_stock_benchmark,source,normalized
construction-1cf1cc6b3629c7b79ad45d0c,Typical Wood Joist Attic Floor,,DOE Ref Pre-1980,existing_stock_benchmark,source,normalized
construction-1d0774872c8801caa0afdd44,SmallHotel construction package,SmallHotel,90.1-2019,code_prototype_rules,source,normalized
construction-1d1900e45afe9bc781cbbb36,Typical Insulated Exterior Mass Floor,,90.1-2019,code_prototype_rules,source,normalized
construction-1d3f1f818de7c5290ad265f8,Typical Interior Wall,SmallOfficeDetailed,DOE Ref Pre-1980,existing_stock_benchmark,source,normalized
construction-1d51482d660868df0b65c04c,College construction package,College,DOE Ref 1980-2004,existing_stock_benchmark,source,normalized
construction-1d630c92f1b4be4744ee9fe8,Typical Insulated Wood Framed Exterior Wall,,90.1-2007,code_prototype_rules,source,normalized
construction-1d714185b65f05f8a9e30cce,Typical Insulated Exterior Mass Wall,,90.1-2013,code_prototype_rules,source,normalized
construction-1d77b81c5766199893380634,Typical Insulated Carpeted 6in Slab Floor,,DOE Ref 1980-2004,existing_stock_benchmark,source,normalized
construction-1d7e02a0c60d33d1961e60d3,Adiabatic GroundContactFloor,,90.1-2007,code_prototype_rules,source,normalized
construction-1d9fc8ca93ea2d9cb499a25b,Typical Insulated Metal Building Wall,,DOE Ref Pre-1980,existing_stock_benchmark,source,normalized
construction-1daca144d7c8876e9925dafd,Typical Insulated Steel Framed Exterior Floor,,DOE Ref Pre-1980,existing_stock_benchmark,source,normalized
construction-1daf2bdcffae0c92dd59c8c6,int_slab_ceiling_smallhotel,SmallHotel,90.1-2013,code_prototype_rules,source,normalized
construction-1db525e30bead3aa667f7cdf,Warehouse construction package,Warehouse,DOE Ref 1980-2004,existing_stock_benchmark,source,normalized
construction-1dbcc022cf137a91e06fbc29,Adiabatic GroundContactFloor,,DOE Ref Pre-1980,existing_stock_benchmark,source,normalized
construction-1dd74e8a800750952e07e746,Adiabatic Wall,,90.1-2007,code_prototype_rules,source,normalized
construction-1dfb816fda26d392bc33334c,U 1.22 SHGC 0.25 Simple Glazing,,DOE Ref 1980-2004,existing_stock_benchmark,source,normalized
construction-1e30df9780425690cde90ea7,U 1.22 SHGC 0.25 Sgl Elec Ref Colored 6mm,,DOE Ref Pre-1980,existing_stock_benchmark,source,normalized
construction-1e374c16339048fdfb5e0cbd,Typical Insulated Metal Building Roof,,DOE Ref 1980-2004,existing_stock_benchmark,source,normalized
construction-1e3faac25c230df0f4b20813,Typical Wood Joist Attic Floor,,DOE Ref Pre-1980,existing_stock_benchmark,source,normalized
construction-1e3fd6dca7d431c6481af09a,Adiabatic GroundContactFloor,,90.1-2007,code_prototype_rules,source,normalized
construction-1e549a9a3194837275b86dd7,Typical Interior Floor,LargeHotel,DOE Ref 1980-2004,existing_stock_benchmark,source,normalized
construction-1e82b6bc5499576743c053a3,Typical Insulated Exterior Mass Floor,,DOE Ref 1980-2004,existing_stock_benchmark,source,normalized
construction-1e92f6cf222759392e093c57,Typical Insulated Exterior Mass Floor,,DOE Ref Pre-1980,existing_stock_benchmark,source,normalized
construction-1ea117423854c91b4fabdb05,Typical Insulated Carpeted 6in Slab Floor,,DOE Ref Pre-1980,existing_stock_benchmark,source,normalized
construction-1ea718adc586fed526b02335,Typical Insulated Wood Framed Exterior Floor,,90.1-2007,code_prototype_rules,source,normalized
construction-1eaa7ac80c00404eecc8f0a1,Adiabatic ExteriorFloor,,DOE Ref 1980-2004,existing_stock_benchmark,source,normalized
construction-1eb26ddb5986f2c7eda764eb,Typical Insulated Exterior Mass Floor,,90.1-2007,code_prototype_rules,source,normalized
construction-1ed1e9afcbaca65d73793c2f,U 0.55 SHGC 0.4 Simple Glazing,,90.1-2007,code_prototype_rules,source,normalized
construction-1ee6fe1d6841de21af10d841,Typical Insulated Steel Framed Exterior Floor,,DOE Ref Pre-1980,existing_stock_benchmark,source,normalized
construction-1ef134a394097a65cc504621,Typical IEAD Roof,,DOE Ref Pre-1980,existing_stock_benchmark,source,normalized
construction-1ef2128483f8d8567fa801ac,Typical Insulated Metal Building Wall,,DOE Ref 1980-2004,existing_stock_benchmark,source,normalized
construction-1f0b806d98dcee0619fce210,LargeHotel Interior Floor,LargeHotel,90.1-2019,code_prototype_rules,source,normalized
construction-1f0ef5152910fea0a28bb9d3,Typical Insulated Metal Building Roof,,90.1-2019,code_prototype_rules,source,normalized
construction-1f1bbc83d0fa233d047a0375,Dwelling enclosure / source_building_165449,SingleFamilyDetached,ResStock SDR source fixture,existing_stock_source_fixture,source,normalized
construction-1f1dd6c1e14dd46a5c4e52aa,Typical Wood Joist Attic Floor,,DOE Ref Pre-1980,existing_stock_benchmark,source,normalized
construction-1f2bd620413456cd7f1b6f91,Typical Insulated Steel Framed Exterior Floor,,90.1-2007,code_prototype_rules,source,normalized
construction-1f31d4c4b594630dfa064b7c,Typical Insulated Carpeted 6in Slab Floor,,DOE Ref Pre-1980,existing_stock_benchmark,source,normalized
construction-1f4580bf1a01949d59cdcaec,Typical Insulated Metal Building Roof - Highly Reflective,,90.1-2019,code_prototype_rules,source,normalized
construction-1f4a5fd34da313ef7d45c826,Typical Insulated Exterior Mass Floor,,90.1-2007,code_prototype_rules,source,normalized
construction-1f64c73f82637d6e78ee3bfe,Typical Insulated Exterior Mass Floor,,DOE Ref 1980-2004,existing_stock_benchmark,source,normalized
construction-1f6a308b187c115e21291e40,Typical Insulated Exterior Mass Wall,,DOE Ref Pre-1980,existing_stock_benchmark,source,normalized
construction-1f9ca046f1cf310525c0b692,Typical Insulated Exterior Mass Wall,,DOE Ref Pre-1980,existing_stock_benchmark,source,normalized
construction-1fa2e7fba6d9e74fea29da1d,Typical Insulated Wood Framed Exterior Floor,,90.1-2019,code_prototype_rules,source,normalized
construction-1fb63a8a31a5355de82ca7e0,Typical Insulated Exterior Mass Floor,,90.1-2019,code_prototype_rules,source,normalized
construction-1fcdfa4650bf790d5b0ce018,Typical Interior Floor,Outpatient,90.1-2019,code_prototype_rules,source,normalized
construction-1fd14c1fc5d29929efe342f6,Typical Insulated Carpeted 6in Slab Floor,,90.1-2019,code_prototype_rules,source,normalized
construction-1fdb1dbbe41cd324f97f63ed,Typical Interior Floor,MediumOffice,DOE Ref Pre-1980,existing_stock_benchmark,source,normalized
construction-1fe048027c3f7459586e1aaa,Typical Insulated Exterior Mass Wall,,DOE Ref Pre-1980,existing_stock_benchmark,source,normalized
construction-1ff5de78d7e8970e76650913,Typical Interior Wall,Warehouse,90.1-2007,code_prototype_rules,source,normalized
construction-2000e4a70edd3b95ab74cb3e,LargeHotel Interior Ceiling,LargeHotel,90.1-2019,code_prototype_rules,source,normalized
construction-2007a1c0ce384a58bb2b61b8,Laboratory construction package,Laboratory,90.1-2013,code_prototype_rules,source,normalized
construction-20082521ad5e2626720ecb52,Typical IEAD Roof,,90.1-2007,code_prototype_rules,source,normalized
construction-200caa81d44b05460ded74ba,Adiabatic Roof,,90.1-2019,code_prototype_rules,source,normalized
construction-200d9d7835b77e2e3d5c9862,LargeHotel construction package,LargeHotel,90.1-2019,code_prototype_rules,source,normalized
construction-2017650bcb9ca596892f7da2,Typical Insulated Basement Mass Wall,,DOE Ref Pre-1980,existing_stock_benchmark,source,normalized
construction-202a901f52d1e0c2e553fc12,Typical Insulated Exterior Mass Floor,,DOE Ref Pre-1980,existing_stock_benchmark,source,normalized
construction-203ae2df076dcf7869b08ef0,LargeHotel construction package,LargeHotel,90.1-2019,code_prototype_rules,source,normalized
construction-2046ffffdfd1e52c9a7af692,Typical Insulated Wood Framed Exterior Floor,,DOE Ref Pre-1980,existing_stock_benchmark,source,normalized
construction-204dbee81e33f886d3913129,Typical Wood Joist Attic Floor,,DOE Ref Pre-1980,existing_stock_benchmark,source,normalized
construction-204e6f6ca1d9dbffcf7573ec,Typical Insulated Metal Building Roof,,DOE Ref Pre-1980,existing_stock_benchmark,source,normalized
construction-20538e42d2cf1f3a1c3f602a,U 0.36 SHGC 0.38 Simple Glazing,,90.1-2019,code_prototype_rules,source,normalized
construction-205ae6ae7aac8636e048d775,Typical Insulated Basement Mass Wall,,90.1-2013,code_prototype_rules,source,normalized
construction-209aa0df9db0786ded416f05,U 0.6 SHGC 0.23 Simple Glazing,,90.1-2019,code_prototype_rules,source,normalized
construction-20ba34228ec3ee86d26b29ac,Typical Interior Ceiling,HighriseApartment,90.1-2019,code_prototype_rules,source,normalized
construction-20e42cd67b54f6dcd0ce8d54,Typical Insulated Metal Building Roof,,DOE Ref Pre-1980,existing_stock_benchmark,source,normalized
construction-20e827022ac8199747dc71d3,Typical Insulated Basement Mass Wall,,90.1-2019,code_prototype_rules,source,normalized
construction-20f6f8007533984a9e909911,Typical Insulated Exterior Mass Floor,,DOE Ref Pre-1980,existing_stock_benchmark,source,normalized
construction-210243c0888bc5483e0c6da3,Typical Interior Wall,Courthouse,90.1-2019,code_prototype_rules,source,normalized
construction-2111b229a66fc1b9e136359b,Typical Insulated Exterior Mass Wall,,90.1-2007,code_prototype_rules,source,normalized
construction-2114c37c572646de156c0c14,Typical Insulated Carpeted 6in Slab Floor,,DOE Ref Pre-1980,existing_stock_benchmark,source,normalized
construction-21286e3d87d9f5f98e5baefc,Adiabatic GroundContactFloor,,90.1-2013,code_prototype_rules,source,normalized
construction-21524bed6fa080b7fd0dd010,Typical Insulated Wood Framed Exterior Wall,,DOE Ref 1980-2004,existing_stock_benchmark,source,normalized
construction-216e17dfae22485c2e4a359e,Typical Insulated Metal Building Wall,,DOE Ref 1980-2004,existing_stock_benchmark,source,normalized
construction-217a22f59022d350436321ea,Typical Interior Floor,Hospital,DOE Ref 1980-2004,existing_stock_benchmark,source,normalized
construction-217b95c04039c8f2a2efa7af,Typical Insulated Metal Building Roof,,DOE Ref 1980-2004,existing_stock_benchmark,source,normalized
construction-217ee10f599e1bc10450d57d,Typical Insulated Carpeted 6in Slab Floor,,DOE Ref 1980-2004,existing_stock_benchmark,source,normalized
construction-21a002a50b38cdeb0cfd15ad,Typical Insulated Exterior Mass Floor,,DOE Ref 1980-2004,existing_stock_benchmark,source,normalized
construction-21b44958239c45b51ef57809,Typical Wood Joist Attic Floor,,DOE Ref Pre-1980,existing_stock_benchmark,source,normalized
construction-21be02f470b639659a1e26df,Typical Insulated Wood Framed Exterior Floor,,DOE Ref Pre-1980,existing_stock_benchmark,source,normalized
construction-21bead8637d9a7815f2a5c72,Typical Interior Ceiling,SmallDataCenterHighITE,90.1-2019,code_prototype_rules,source,normalized
construction-21fb8817d7acbff4bda7fa8a,Typical Interior Floor,Hospital,90.1-2013,code_prototype_rules,source,normalized
construction-222460e0eff922ba8e4bd412,Typical Insulated Basement Mass Wall,,90.1-2019,code_prototype_rules,source,normalized
construction-2238eae4ba252d34c24ef82c,Typical Insulated Steel Framed Exterior Floor,,DOE Ref 1980-2004,existing_stock_benchmark,source,normalized
construction-224588a722bab34482c5e6c0,Typical Insulated Carpeted 6in Slab Floor,,90.1-2007,code_prototype_rules,source,normalized
construction-22559b6ae97cd9607e62f555,Typical Insulated Metal Building Roof - Highly Reflective,,90.1-2007,code_prototype_rules,source,normalized
construction-225a2eddc13f250044180ef6,Adiabatic Wall,,DOE Ref 1980-2004,existing_stock_benchmark,source,normalized
construction-22a572bb779bbae26c8688ca,Typical Insulated Metal Building Roof,,90.1-2013,code_prototype_rules,source,normalized
construction-22b2163829599452824dd493,Adiabatic Wall,,DOE Ref Pre-1980,existing_stock_benchmark,source,normalized
construction-22ba042a1423e77e2975f8ac,Typical Insulated Wood Framed Exterior Floor,,DOE Ref Pre-1980,existing_stock_benchmark,source,normalized
construction-22c5dca5d04f990fb184e5fd,Typical Interior Ceiling,SmallOfficeDetailed,90.1-2013,code_prototype_rules,source,normalized
construction-22c5e728ab7ac728dbab09e4,Typical Insulated Steel Framed Exterior Floor,,90.1-2007,code_prototype_rules,source,normalized
construction-22cd04407abbc1fa04062e91,Typical Insulated Metal Building Roof,,DOE Ref Pre-1980,existing_stock_benchmark,source,normalized
construction-22cfd0c50fb2f7de13648c63,Typical Insulated Basement Mass Wall,,DOE Ref 1980-2004,existing_stock_benchmark,source,normalized
construction-22d3bf062634194a97ca4ba1,Typical Insulated Basement Mass Wall,,DOE Ref 1980-2004,existing_stock_benchmark,source,normalized
construction-22d71428b6ccabae6b2c9eb6,Typical Insulated Metal Building Wall,,DOE Ref 1980-2004,existing_stock_benchmark,source,normalized
construction-22d99725a41fa4d486cacc70,Typical Insulated Exterior Mass Floor,,90.1-2019,code_prototype_rules,source,normalized
construction-22ed73b4249e0d537b97c77b,Typical Insulated Wood Framed Exterior Floor,,90.1-2013,code_prototype_rules,source,normalized
construction-22f200cabd34092ec616c9f0,Adiabatic Wall,,90.1-2019,code_prototype_rules,source,normalized
construction-23105c5fce5cf5e5a1946312,Typical IEAD Roof,,90.1-2007,code_prototype_rules,source,normalized
construction-231ef070a741714332d24030,Typical Insulated Metal Building Roof,,90.1-2007,code_prototype_rules,source,normalized
construction-232a1465bcfa168d03d3a6a6,Typical Insulated Metal Building Roof - Highly Reflective,,90.1-2007,code_prototype_rules,source,normalized
construction-233133e69df1084dfa19b514,U 1.2 SHGC 0.45 Simple Glazing,,90.1-2007,code_prototype_rules,source,normalized
construction-2338ca023fb2a802e8ebc9b6,U 1.22 SHGC 0.61 Sgl Green 6mm,,DOE Ref 1980-2004,existing_stock_benchmark,source,normalized
construction-236281366d172617b764eb12,U 0.32 SHGC 0.36 Simple Glazing,,90.1-2019,code_prototype_rules,source,normalized
construction-23817038e763d549415ffe95,Dwelling enclosure / source_building_428680,MultiFamily5PlusLowRise,ResStock SDR source fixture,existing_stock_source_fixture,source,normalized
construction-23ab736a910ed04f18afb565,Typical Insulated Steel Framed Exterior Floor,,90.1-2019,code_prototype_rules,source,normalized
construction-23b7d60515d5a9d4393ed068,U 0.57 SHGC 0.49 Dbl Blue 6mm/6mm Air,,DOE Ref Pre-1980,existing_stock_benchmark,source,normalized
construction-23cd58f4464d871bf990be70,Typical Insulated Carpeted 6in Slab Floor,,90.1-2007,code_prototype_rules,source,normalized
construction-23f139a80017c701ed2411d2,Typical Wood Joist Attic Floor,,DOE Ref 1980-2004,existing_stock_benchmark,source,normalized
construction-2415b01a15fd98855ce39821,Typical Insulated Carpeted 6in Slab Floor,,DOE Ref Pre-1980,existing_stock_benchmark,source,normalized
construction-241702179a069f58cf3810cb,U 1.22 SHGC 0.25 Sgl Elec Ref Colored 6mm,,DOE Ref 1980-2004,existing_stock_benchmark,source,normalized
construction-242d67334e549fe743edb1e9,Typical Insulated Wood Framed Exterior Wall,,DOE Ref Pre-1980,existing_stock_benchmark,source,normalized
construction-24388cbec7de0294240b24a1,Typical IEAD Roof,,DOE Ref 1980-2004,existing_stock_benchmark,source,normalized
construction-2440ecdde13c05325ba3c744,Typical Insulated Wood Framed Exterior Floor,,90.1-2013,code_prototype_rules,source,normalized
construction-2446a58a91e059dbafc5e392,Typical Interior Floor,FullServiceRestaurant,90.1-2019,code_prototype_rules,source,normalized
construction-244747184291a29802f5af43,Typical Insulated Exterior Mass Wall,,DOE Ref Pre-1980,existing_stock_benchmark,source,normalized
construction-2448a38619cc86b74276ab53,Typical Insulated Exterior Mass Floor,,DOE Ref Pre-1980,existing_stock_benchmark,source,normalized
construction-24523ec80358c372fab3c09c,Typical Insulated Wood Framed Exterior Floor,,90.1-2019,code_prototype_rules,source,normalized
construction-246a0ba222d34c5822fdc4e4,Typical Insulated Steel Framed Exterior Floor,,90.1-2013,code_prototype_rules,source,normalized
construction-247347172f58740f142ec2b7,U 1.2 SHGC 0.25 Simple Glazing,,90.1-2007,code_prototype_rules,source,normalized
construction-248097c18d5e2f1c42d22c1d,Typical Insulated Wood Framed Exterior Floor,,90.1-2019,code_prototype_rules,source,normalized
construction-2486e28b71bdfd1ffacb0ec4,Typical Insulated Metal Building Roof,,90.1-2007,code_prototype_rules,source,normalized
construction-24884866514b37412fcb4590,Warehouse construction package,Warehouse,DOE Ref Pre-1980,existing_stock_benchmark,source,normalized
construction-24a2e60a20df2d96aab5feb1,Adiabatic GroundContactFloor,,90.1-2019,code_prototype_rules,source,normalized
construction-24aa71aaa9474acac5df6428,Typical Insulated Steel Framed Exterior Floor,,90.1-2007,code_prototype_rules,source,normalized
construction-24c7019d3a66fac4d8158691,Typical Wood Joist Attic Floor,,90.1-2019,code_prototype_rules,source,normalized
construction-24ce571da27164dbb75269ee,Typical Insulated Steel Framed Exterior Wall,,90.1-2007,code_prototype_rules,source,normalized
construction-2516d69aa025a0699d36d4a4,Typical Interior Ceiling,MediumOffice,DOE Ref Pre-1980,existing_stock_benchmark,source,normalized
construction-2517c5c237830adf19226b75,Typical Insulated Carpeted 6in Slab Floor,,90.1-2007,code_prototype_rules,source,normalized
construction-2529318c0b815f963b24dba1,Adiabatic ExteriorFloor,,DOE Ref 1980-2004,existing_stock_benchmark,source,normalized
construction-25389a070559f90af97a83d9,Typical IEAD Roof,,DOE Ref 1980-2004,existing_stock_benchmark,source,normalized
construction-253b7b5b71ee5022487cd979,Typical Insulated Carpeted 6in Slab Floor,,DOE Ref Pre-1980,existing_stock_benchmark,source,normalized
construction-254af1cbf60d8732482dd2c5,U 0.65 SHGC 0.25 Simple Glazing,,90.1-2013,code_prototype_rules,source,normalized
construction-254cca7d54af96d936039109,Typical Insulated Wood Framed Exterior Floor,,90.1-2019,code_prototype_rules,source,normalized
construction-25625656acbd53c1c890a034,Typical Interior Floor,SmallHotel,DOE Ref Pre-1980,existing_stock_benchmark,source,normalized
construction-25784b3d2057055ae09631c5,U 1.22 SHGC 0.25 Sgl Elec Ref Colored 6mm,,DOE Ref Pre-1980,existing_stock_benchmark,source,normalized
construction-2596bb930e71ea44625e66fb,Typical Insulated Wood Framed Exterior Wall,,DOE Ref Pre-1980,existing_stock_benchmark,source,normalized
construction-25b4e387f774261c2f086d36,Typical Insulated Exterior Mass Wall,,90.1-2019,code_prototype_rules,source,normalized
construction-25b831efdf540902c67b2dae,Adiabatic GroundContactFloor,,DOE Ref 1980-2004,existing_stock_benchmark,source,normalized
construction-25b8ed67470a3a4bf74f7011,Adiabatic ExteriorFloor,,DOE Ref Pre-1980,existing_stock_benchmark,source,normalized
construction-25c25fb11c0fbc178a839d38,Typical Insulated Exterior Mass Wall,,DOE Ref Pre-1980,existing_stock_benchmark,source,normalized
construction-25ef898bfb0c6eb2b5dc727d,Typical Insulated Exterior Mass Wall,,90.1-2019,code_prototype_rules,source,normalized
construction-25f192221ef1fb2bf9f2414b,Adiabatic GroundContactFloor,,DOE Ref 1980-2004,existing_stock_benchmark,source,normalized
construction-25f704f757ec33d3b4132d2a,Typical Insulated Steel Framed Exterior Wall,,DOE Ref Pre-1980,existing_stock_benchmark,source,normalized
construction-25ff510665444b6840ad242c,Adiabatic Wall,,DOE Ref 1980-2004,existing_stock_benchmark,source,normalized
construction-261ae4f6ae3fc210a31cd83b,Adiabatic Wall,,DOE Ref 1980-2004,existing_stock_benchmark,source,normalized
construction-261f15aacce1d2c9788df240,Adiabatic Wall,,90.1-2013,code_prototype_rules,source,normalized
construction-26231ed343b83126234f5109,LargeHotel Interior Wall,LargeHotel,90.1-2007,code_prototype_rules,source,normalized
construction-262a736469b61c3c2a7dd4f4,Typical Insulated Wood Framed Exterior Floor,,DOE Ref Pre-1980,existing_stock_benchmark,source,normalized
construction-26349c2b0b7fdaa1f133a242,Typical Insulated Carpeted 6in Slab Floor,,DOE Ref 1980-2004,existing_stock_benchmark,source,normalized
construction-263ad091fea637dc6f69fc61,Typical Wood Joist Attic Floor,,90.1-2013,code_prototype_rules,source,normalized
construction-2649039f42175003e9c73a35,Warehouse construction package,Warehouse,90.1-2007,code_prototype_rules,source,normalized
construction-265171020a97d620c4244a8f,Typical Insulated Metal Building Roof,,DOE Ref Pre-1980,existing_stock_benchmark,source,normalized
construction-2672fbf15a1b9496732c9466,Typical Insulated Exterior Mass Floor,,DOE Ref 1980-2004,existing_stock_benchmark,source,normalized
construction-26934919679829b10598398c,Typical Insulated Carpeted 6in Slab Floor,,DOE Ref 1980-2004,existing_stock_benchmark,source,normalized
construction-2699489ea90f8d9622eabf62,Typical Insulated Wood Framed Exterior Floor,,90.1-2007,code_prototype_rules,source,normalized
construction-269ac44d1481a3bd13bff704,Typical Insulated Steel Framed Exterior Wall,,DOE Ref 1980-2004,existing_stock_benchmark,source,normalized
construction-26aedcad778e4df669fdc301,Typical Insulated Exterior Mass Floor,,90.1-2013,code_prototype_rules,source,normalized
construction-26bfc6faacb2b8085e594138,Typical Insulated Steel Framed Exterior Floor,,90.1-2007,code_prototype_rules,source,normalized
construction-26d836a47d34426837f36dcc,Typical Wood Joist Attic Floor,,DOE Ref Pre-1980,existing_stock_benchmark,source,normalized
construction-26fab65aa1c972d8065e5518,Typical Wood Joist Attic Floor,,90.1-2013,code_prototype_rules,source,normalized
construction-271197b0cb88c03a84251b91,Hospital construction package,Hospital,90.1-2019,code_prototype_rules,source,normalized
construction-273a8122d02098afe703929e,Typical Insulated Exterior Mass Floor,,90.1-2007,code_prototype_rules,source,normalized
construction-274788d26a0c2a3de54958ed,U 1.22 SHGC 0.25 Sgl Elec Ref Colored 6mm,,DOE Ref 1980-2004,existing_stock_benchmark,source,normalized
construction-27499eadcb6c378639f83115,Typical Interior Floor,LargeDataCenterHighITE,90.1-2007,code_prototype_rules,source,normalized
construction-274aee711be433f4f3266d2e,Typical IEAD Roof - Highly Reflective,,90.1-2019,code_prototype_rules,source,normalized
construction-2754b84602f897917d19f154,Typical Insulated Steel Framed Exterior Wall,,90.1-2013,code_prototype_rules,source,normalized
construction-275cf16204a436f51c0a87dd,U 0.57 SHGC 0.39 Dbl Ref-D Clr 6mm/6mm Air,,DOE Ref Pre-1980,existing_stock_benchmark,source,normalized
construction-2777bb7eeb93194dbf518d0c,Typical Insulated Basement Mass Wall,,DOE Ref 1980-2004,existing_stock_benchmark,source,normalized
construction-2796c497b0dd44c17ad100dc,Typical Insulated Carpeted 6in Slab Floor,,90.1-2007,code_prototype_rules,source,normalized
construction-279cbe47f70b664d45b29bd2,Typical Insulated Carpeted 8in Slab Floor,,90.1-2013,code_prototype_rules,source,normalized
construction-27b3f88194e4a1a8c67cc06a,Typical Insulated Wood Framed Exterior Wall,,90.1-2007,code_prototype_rules,source,normalized
construction-27ce3d75d217f6468c9ee3a8,Adiabatic Roof,,90.1-2019,code_prototype_rules,source,normalized
construction-27e6d00ba8bd3ac0f8469383,Typical Interior Floor,Laboratory,90.1-2013,code_prototype_rules,source,normalized
construction-27f2bf31a87823e61274867e,Typical Insulated Steel Framed Exterior Floor,,DOE Ref Pre-1980,existing_stock_benchmark,source,normalized
construction-2819c532417e6eadf3e3d04c,U 1.22 SHGC 0.54 Simple Glazing,,DOE Ref Pre-1980,existing_stock_benchmark,source,normalized
construction-281a4a44a89e3027461040fe,Typical Insulated Carpeted 6in Slab Floor,,DOE Ref Pre-1980,existing_stock_benchmark,source,normalized
construction-2820a24ccf97c04a8654a73f,U 0.57 SHGC 0.39 Dbl Ref-D Clr 6mm/6mm Air,,DOE Ref 1980-2004,existing_stock_benchmark,source,normalized
construction-28269aa32a72d0d0de98404d,Typical Interior Wall,Office,DOE Ref 1980-2004,existing_stock_benchmark,source,normalized
construction-28309a2999f7b0d0ebc5e205,Typical Insulated Metal Building Roof - Highly Reflective,,90.1-2013,code_prototype_rules,source,normalized
construction-2839b4cc643d2098fc7044d4,int_wall_smallhotel,SmallHotel,90.1-2019,code_prototype_rules,source,normalized
construction-28671f99e10cbf78aca2264e,Adiabatic GroundContactFloor,,90.1-2013,code_prototype_rules,source,normalized
construction-286ddef476a8e120a0cc7238,Typical Insulated Steel Framed Exterior Floor,,DOE Ref Pre-1980,existing_stock_benchmark,source,normalized
construction-2872b3507959204b9903b9b1,Typical Wood Joist Attic Floor,,DOE Ref Pre-1980,existing_stock_benchmark,source,normalized
construction-287b4a9f4a754c18783040cc,Typical Insulated Wood Framed Exterior Wall,,90.1-2007,code_prototype_rules,source,normalized
construction-2893577fbb9b74ca0713a03d,U 0.65 SHGC 0.45 Simple Glazing,,90.1-2007,code_prototype_rules,source,normalized
construction-290fb9a2757c657b986d0377,Typical Insulated Wood Framed Exterior Wall,,90.1-2013,code_prototype_rules,source,normalized
construction-291e638bde2471a9cb2686f4,Typical Insulated Steel Framed Exterior Floor,,DOE Ref 1980-2004,existing_stock_benchmark,source,normalized
construction-2937ff7d04428f257e912c47,Typical Insulated Wood Framed Exterior Floor,,90.1-2019,code_prototype_rules,source,normalized
construction-2946167996208343b4066fbf,Typical Insulated Carpeted 6in Slab Floor,,90.1-2013,code_prototype_rules,source,normalized
construction-295a431723368d1f95250aa8,Typical Insulated Carpeted 6in Slab Floor,,DOE Ref Pre-1980,existing_stock_benchmark,source,normalized
construction-296094bd128da4d3fcfcc01d,U 0.57 SHGC 0.39 Dbl Ref-D Clr 6mm/6mm Air,,DOE Ref 1980-2004,existing_stock_benchmark,source,normalized
construction-2986527ffca3b9212695138d,U 0.65 SHGC 0.25 Simple Glazing,,90.1-2007,code_prototype_rules,source,normalized
construction-29a4f9ca422df084d601dc5c,Typical Insulated Wood Framed Exterior Wall,,DOE Ref Pre-1980,existing_stock_benchmark,source,normalized
construction-29ac77fb4215ae2823540ebb,Typical Wood Joist Attic Floor,,DOE Ref 1980-2004,existing_stock_benchmark,source,normalized
construction-29c1bf87ac7f0d9fc04beb6d,Typical Interior Wall,Warehouse,DOE Ref 1980-2004,existing_stock_benchmark,source,normalized
construction-29d2f8020bebdc1aca37bb2e,Typical Insulated Metal Building Wall,,DOE Ref Pre-1980,existing_stock_benchmark,source,normalized
construction-29d8313a9d4432d3abbe963c,Typical Insulated Carpeted 6in Slab Floor,,DOE Ref 1980-2004,existing_stock_benchmark,source,normalized
construction-29f7d131c1aab4e0a89b8d06,Dwelling enclosure / source_building_116109,SingleFamilyDetached,ResStock SDR source fixture,existing_stock_source_fixture,source,normalized
construction-2a0857481ad4985eccc137c3,Adiabatic Roof,,DOE Ref Pre-1980,existing_stock_benchmark,source,normalized
construction-2a38f9f5b1ac481362e23c79,Typical Insulated Exterior Mass Wall,,DOE Ref 1980-2004,existing_stock_benchmark,source,normalized
construction-2a543f186b87d2bf1116778a,Typical Insulated Metal Building Roof,,90.1-2007,code_prototype_rules,source,normalized
construction-2a5fc222a4f501da7f4f2076,Typical Insulated Wood Framed Exterior Floor,,90.1-2007,code_prototype_rules,source,normalized
construction-2a6348b1ba2abe9ed88d2dd9,U 0.55 SHGC 0.4 Simple Glazing,,90.1-2007,code_prototype_rules,source,normalized
construction-2a921c3706052160146970e1,Typical Insulated Steel Framed Exterior Wall,,90.1-2007,code_prototype_rules,source,normalized
construction-2a9ab4ca9349841c5d1fb910,U 1.22 SHGC 0.25 Sgl Elec Ref Colored 6mm,,DOE Ref 1980-2004,existing_stock_benchmark,source,normalized
construction-2aaa4fd89db030b5c84bfeff,Typical Insulated Wood Framed Exterior Floor,,DOE Ref Pre-1980,existing_stock_benchmark,source,normalized
construction-2acd0c74c5553df21e9feb52,U 0.57 SHGC 0.49 Dbl Blue 6mm/6mm Air,,DOE Ref Pre-1980,existing_stock_benchmark,source,normalized
construction-2adbf08d81dfd0174e438b4a,Typical Interior Wall,RetailStandalone,DOE Ref Pre-1980,existing_stock_benchmark,source,normalized
construction-2addef4345bd77c90b290ace,Typical Insulated Wood Framed Exterior Wall,,DOE Ref Pre-1980,existing_stock_benchmark,source,normalized
construction-2adf4fe8970d77b59267b7e0,Adiabatic Wall,,90.1-2019,code_prototype_rules,source,normalized
construction-2ae0fb336957f58b555f0e5d,MediumOffice construction package,MediumOffice,DOE Ref 1980-2004,existing_stock_benchmark,source,normalized
construction-2ae4e9c42d258e9f7db7fc39,Typical Insulated Metal Building Wall,,90.1-2007,code_prototype_rules,source,normalized
construction-2af21516faf5b4bd1506db33,Dwelling enclosure / source_building_269564,SingleFamilyDetached,ResStock SDR source fixture,existing_stock_source_fixture,source,normalized
construction-2b077706f72272d5d9a0c12e,Typical Interior Ceiling,SmallOffice,DOE Ref Pre-1980,existing_stock_benchmark,source,normalized
construction-2b0e347a7551eabb2384f539,Typical Insulated Metal Building Roof,,90.1-2013,code_prototype_rules,source,normalized
construction-2b46ac62de56448bfcaf2027,Typical Insulated Metal Building Roof,,DOE Ref 1980-2004,existing_stock_benchmark,source,normalized
construction-2b6528999fe86cefffa9dc2d,Typical Insulated Metal Building Wall,,DOE Ref 1980-2004,existing_stock_benchmark,source,normalized
construction-2b6a21a7bb0b66569c960161,Typical Insulated Exterior Mass Floor,,DOE Ref 1980-2004,existing_stock_benchmark,source,normalized
construction-2b863d60d47625c2335edaae,Dwelling enclosure / source_building_400161,SingleFamilyAttached,ResStock SDR source fixture,existing_stock_source_fixture,source,normalized
construction-2b9fe0f362158535a5ba78f4,LargeHotel construction package,LargeHotel,90.1-2013,code_prototype_rules,source,normalized
construction-2ba4596e57750f3478d8cc46,Typical Insulated Carpeted 6in Slab Floor,,90.1-2007,code_prototype_rules,source,normalized
construction-2badd5a03dd9173dad31e0d2,Typical Interior Ceiling,SmallOfficeDetailed,DOE Ref Pre-1980,existing_stock_benchmark,source,normalized
construction-2bafdf214bee0e5a2d51b05e,Typical Insulated Exterior Mass Floor,,90.1-2013,code_prototype_rules,source,normalized
construction-2bce710264dcde6e9bcd6af9,Typical Insulated Wood Framed Exterior Wall,,90.1-2013,code_prototype_rules,source,normalized
construction-2bd4cbb1281b2163f4fcc905,Typical Interior Ceiling,LargeDataCenterLowITE,90.1-2013,code_prototype_rules,source,normalized
construction-2bffa9bc5148530daa7f44c4,Adiabatic Wall,,90.1-2013,code_prototype_rules,source,normalized
construction-2c00e69a9d06b75bd7525951,Typical Insulated Metal Building Roof,,90.1-2013,code_prototype_rules,source,normalized
construction-2c3af6d55b2f0c5cb1f5cc1c,Typical Insulated Metal Building Wall,,DOE Ref 1980-2004,existing_stock_benchmark,source,normalized
construction-2c3bf9228fcc6fdbcac84ba9,U 0.32 SHGC 0.45 Simple Glazing,,90.1-2013,code_prototype_rules,source,normalized
construction-2c57520c4fde48f5fdddf7c7,Typical Insulated Exterior Mass Floor,,DOE Ref 1980-2004,existing_stock_benchmark,source,normalized
construction-2ce9ab093fd9226b2d9f33ce,Typical Insulated Steel Framed Exterior Wall,,90.1-2007,code_prototype_rules,source,normalized
construction-2cf2350d1686553377d083e6,Adiabatic Roof,,DOE Ref 1980-2004,existing_stock_benchmark,source,normalized
construction-2cf75ba7a19190e56ec2b9af,U 0.57 SHGC 0.39 Dbl Ref-D Clr 6mm/6mm Air,,DOE Ref 1980-2004,existing_stock_benchmark,source,normalized
construction-2d110899d50b192a1fe3b499,Typical Insulated Metal Building Roof,,DOE Ref Pre-1980,existing_stock_benchmark,source,normalized
construction-2d2c844744217a540ffba259,LargeHotel construction package,LargeHotel,90.1-2013,code_prototype_rules,source,normalized
construction-2d3f307b9213b1faedba4a7e,U 1.22 SHGC 0.25 Sgl Elec Ref Colored 6mm,,DOE Ref Pre-1980,existing_stock_benchmark,source,normalized
construction-2d4af2c387eaa83172ee4754,U 0.57 SHGC 0.49 Dbl Blue 6mm/6mm Air,,DOE Ref Pre-1980,existing_stock_benchmark,source,normalized
construction-2d5c46d48c753fbfeffcb4b4,Typical Interior Wall,LargeOfficeDetailed,DOE Ref Pre-1980,existing_stock_benchmark,source,normalized
construction-2d606fbbc7fd76d50bb5ca95,Adiabatic GroundContactFloor,,90.1-2019,code_prototype_rules,source,normalized
construction-2daa006be63fdb7cc400fc39,Typical Insulated Metal Building Roof,,DOE Ref 1980-2004,existing_stock_benchmark,source,normalized
construction-2dab7194de811f2766810ee8,Typical Insulated Carpeted 6in Slab Floor,,DOE Ref 1980-2004,existing_stock_benchmark,source,normalized
construction-2dc03cc1a8bcae6d9839df12,Typical Insulated Basement Mass Wall,,DOE Ref 1980-2004,existing_stock_benchmark,source,normalized
construction-2dd36858311fd6ec68baeb95,Typical Interior Ceiling,Office,90.1-2013,code_prototype_rules,source,normalized
construction-2dd99d2a74b167b26871e7f6,Adiabatic ExteriorFloor,,90.1-2013,code_prototype_rules,source,normalized
construction-2ddff2a90437452883128bdd,HighriseApartment construction package,HighriseApartment,90.1-2013,code_prototype_rules,source,normalized
construction-2df8955eb340a264e479056f,Typical Insulated Steel Framed Exterior Floor,,90.1-2013,code_prototype_rules,source,normalized
construction-2e02b328daa9c4efd39fbd24,Typical Insulated Metal Building Roof,,DOE Ref 1980-2004,existing_stock_benchmark,source,normalized
construction-2e0ceb3642df6de84ba83c7d,SmallDataCenterLowITE construction package,SmallDataCenterLowITE,90.1-2019,code_prototype_rules,source,normalized
construction-2e0ef7274f3dc0e8a36355a9,Typical Interior Floor,FullServiceRestaurant,90.1-2013,code_prototype_rules,source,normalized
construction-2e18292b412ed1d4d12c887c,Typical Insulated Carpeted 6in Slab Floor,,DOE Ref 1980-2004,existing_stock_benchmark,source,normalized
construction-2e1e285ea2512304838e37d6,Typical Insulated Exterior Mass Floor,,90.1-2013,code_prototype_rules,source,normalized
construction-2e23aa8b4f018518b45ef53f,Typical Insulated Steel Framed Exterior Floor,,90.1-2013,code_prototype_rules,source,normalized
construction-2e2f1c843903781ef4461f91,Uninsulated Steel Stud Wall,College,90.1-2019,code_prototype_rules,source,normalized
construction-2e4d779095cbd78efefd2b86,Typical Insulated Steel Framed Exterior Floor,,DOE Ref 1980-2004,existing_stock_benchmark,source,normalized
construction-2e627adfababa9aa9ca01aaa,Typical Insulated Carpeted 6in Slab Floor,,DOE Ref Pre-1980,existing_stock_benchmark,source,normalized
construction-2e7e378094b3399745cef14a,U 0.57 SHGC 0.39 Dbl Ref-D Clr 6mm/6mm Air,,DOE Ref Pre-1980,existing_stock_benchmark,source,normalized
construction-2ea4d3a963745b0dd4e7ecf6,Hospital construction package,Hospital,DOE Ref Pre-1980,existing_stock_benchmark,source,normalized
construction-2ebb9a8c296d2932e022d589,Typical Insulated Exterior Mass Wall,,90.1-2019,code_prototype_rules,source,normalized
construction-2ebe00fc5b248ef952bf101e,Outpatient construction package,Outpatient,90.1-2013,code_prototype_rules,source,normalized
construction-2ebe61b95d88a9f83d568ffd,LargeHotel Interior Wall,LargeHotel,90.1-2019,code_prototype_rules,source,normalized
construction-2edf65457be4061483ea97a7,Typical Insulated Carpeted 6in Slab Floor,,DOE Ref 1980-2004,existing_stock_benchmark,source,normalized
construction-2f52a25782b56af61559e6bd,U 1.22 SHGC 0.25 Sgl Elec Ref Colored 6mm,,DOE Ref 1980-2004,existing_stock_benchmark,source,normalized
construction-2f647a4bae753a478eec2a23,QuickServiceRestaurant construction package,QuickServiceRestaurant,DOE Ref 1980-2004,existing_stock_benchmark,source,normalized
construction-2f76710a746a524b82f99dbb,Typical Insulated Carpeted 6in Slab Floor,,DOE Ref 1980-2004,existing_stock_benchmark,source,normalized
construction-2f8aca1a44e20184ea0a6a64,Typical Insulated Steel Framed Exterior Wall,,90.1-2019,code_prototype_rules,source,normalized
construction-2f9a5b10af424163d580d46f,Typical Insulated Exterior Mass Wall,,DOE Ref 1980-2004,existing_stock_benchmark,source,normalized
construction-2fb35ba358d2168dd377fea4,Typical Insulated Basement Mass Wall,,DOE Ref Pre-1980,existing_stock_benchmark,source,normalized
construction-2fce93080256ce837203e176,Typical Insulated Metal Building Roof,,90.1-2007,code_prototype_rules,source,normalized
construction-2fd7f342924860308f3860d3,Typical Insulated Metal Building Roof,,DOE Ref 1980-2004,existing_stock_benchmark,source,normalized
construction-2fdf221050caa2c230fe051f,Typical Insulated Carpeted 6in Slab Floor,,DOE Ref Pre-1980,existing_stock_benchmark,source,normalized
construction-301a1955ec4e6d11deeb0c44,Typical Insulated Steel Framed Exterior Wall,,DOE Ref 1980-2004,existing_stock_benchmark,source,normalized
construction-302606d3fc8a9f3656bbbdb1,Typical Insulated Metal Building Wall,,DOE Ref 1980-2004,existing_stock_benchmark,source,normalized
construction-305ac3cbeb3d901047e8e9ef,Typical Insulated Steel Framed Exterior Floor,,DOE Ref Pre-1980,existing_stock_benchmark,source,normalized
construction-3061265c7320b10e1fd52244,Typical Insulated Metal Building Roof,,90.1-2007,code_prototype_rules,source,normalized
construction-308db5b0e76b44a449ca7daf,U 1.22 SHGC 0.61 Sgl Green 6mm,,DOE Ref 1980-2004,existing_stock_benchmark,source,normalized
construction-308f30719b79c11c4bb0323f,Typical Insulated Basement Mass Wall,,90.1-2019,code_prototype_rules,source,normalized
construction-30992a9d46ba2fe01fb89b3a,U 0.57 SHGC 0.49 Dbl Blue 6mm/6mm Air,,DOE Ref 1980-2004,existing_stock_benchmark,source,normalized
construction-30b0494731b8792d38e811a4,Typical Interior Floor,QuickServiceRestaurant,90.1-2013,code_prototype_rules,source,normalized
construction-30cfbc43c8120fe857dbe8e9,Typical Insulated Carpeted 6in Slab Floor,,DOE Ref 1980-2004,existing_stock_benchmark,source,normalized
construction-30d14b06197d2409b9015501,Typical Insulated Metal Building Wall,,DOE Ref Pre-1980,existing_stock_benchmark,source,normalized
construction-30d49e1bf1e4c4e2a57c8f46,LargeOfficeDetailed construction package,LargeOfficeDetailed,90.1-2007,code_prototype_rules,source,normalized
construction-310c212777fae9087fa4b739,Typical Insulated Carpeted 6in Slab Floor,,DOE Ref 1980-2004,existing_stock_benchmark,source,normalized
construction-311da1c84bfa3a195e6118e4,Typical Wood Joist Attic Floor,,90.1-2007,code_prototype_rules,source,normalized
construction-312eed886fb741a3dc154d83,Typical Insulated Wood Framed Exterior Wall,,DOE Ref 1980-2004,existing_stock_benchmark,source,normalized
construction-314b8addae22fa3a3bb80b00,Typical Insulated Wood Framed Exterior Floor,,90.1-2013,code_prototype_rules,source,normalized
construction-314c8391b10041b0cc338ab9,U 0.57 SHGC 0.49 Dbl Blue 6mm/6mm Air,,DOE Ref Pre-1980,existing_stock_benchmark,source,normalized
construction-314e5ab799120b52973754bf,Typical Insulated Wood Framed Exterior Wall,,90.1-2013,code_prototype_rules,source,normalized
construction-31699265f204c3a3d9418b7b,Adiabatic Roof,,90.1-2007,code_prototype_rules,source,normalized
construction-31781de891dc939357379d24,Typical Insulated Carpeted 6in Slab Floor,,DOE Ref 1980-2004,existing_stock_benchmark,source,normalized
construction-31824767d37def7a18d2e7c0,Typical Insulated Exterior Mass Floor,,90.1-2019,code_prototype_rules,source,normalized
construction-31843fd928fc94486e1d6560,Dwelling enclosure / source_building_311638,SingleFamilyDetached,ResStock SDR source fixture,existing_stock_source_fixture,source,normalized
construction-3188c69f4845ee4499a54210,Typical Insulated Steel Framed Exterior Wall,,DOE Ref Pre-1980,existing_stock_benchmark,source,normalized
construction-319a65c0b64aeb6f8b983001,Typical Insulated Wood Framed Exterior Floor,,90.1-2019,code_prototype_rules,source,normalized
construction-31b12741f7bf2ee197fe1f5f,MidriseApartment construction package,MidriseApartment,90.1-2007,code_prototype_rules,source,normalized
construction-31bff7e84b348cd7ef64e3ec,Typical Insulated Basement Mass Wall,,90.1-2019,code_prototype_rules,source,normalized
construction-31c3352f09e0765aafd57e2e,Typical Insulated Steel Framed Exterior Wall,,DOE Ref Pre-1980,existing_stock_benchmark,source,normalized
construction-31c3ce8e89b4052beea62837,Typical Interior Wall,Outpatient,DOE Ref Pre-1980,existing_stock_benchmark,source,normalized
construction-31c45dfdfe8cac8adfd1293d,Typical IEAD Roof,,DOE Ref 1980-2004,existing_stock_benchmark,source,normalized
construction-31e7048f03d07df3394009d2,U 0.5 SHGC 0.4 Simple Glazing,,90.1-2013,code_prototype_rules,source,normalized
construction-31eb44922f194931b555661b,Adiabatic Roof,,DOE Ref Pre-1980,existing_stock_benchmark,source,normalized
construction-31f9879eca95cfce1ae990fd,Adiabatic GroundContactFloor,,DOE Ref 1980-2004,existing_stock_benchmark,source,normalized
construction-31fdd73410f290dcbd9e1d53,Typical Wood Joist Attic Floor,,90.1-2007,code_prototype_rules,source,normalized
construction-32284d44a2221aca996b1135,Typical Insulated Steel Framed Exterior Floor,,DOE Ref 1980-2004,existing_stock_benchmark,source,normalized
construction-322b27eb8b33b98f26efc11a,Typical Insulated Carpeted 6in Slab Floor,,DOE Ref Pre-1980,existing_stock_benchmark,source,normalized
construction-3238ac4d33df104a7375f016,Typical Insulated Metal Building Wall,,90.1-2019,code_prototype_rules,source,normalized
construction-323a05833aed8b3b02fb12d3,Typical Insulated Steel Framed Exterior Floor,,DOE Ref 1980-2004,existing_stock_benchmark,source,normalized
construction-324f2dd9b42df9e8c49e04ec,Adiabatic ExteriorFloor,,DOE Ref Pre-1980,existing_stock_benchmark,source,normalized
construction-3254bd77d294fceab01700e4,int_slab_floor_smallhotel,SmallHotel,90.1-2019,code_prototype_rules,source,normalized
construction-325d3c7f9d05f4d68cddc868,Typical Insulated Steel Framed Exterior Wall,,DOE Ref 1980-2004,existing_stock_benchmark,source,normalized
construction-32780c1df000e090e518a50c,Typical Insulated Basement Mass Wall,,DOE Ref 1980-2004,existing_stock_benchmark,source,normalized
construction-327fc2a41531d8c925f2022e,Typical Insulated Exterior Mass Floor,,DOE Ref 1980-2004,existing_stock_benchmark,source,normalized
construction-328001f769e354ef0fcf6119,Typical Insulated Exterior Mass Wall,,DOE Ref Pre-1980,existing_stock_benchmark,source,normalized
construction-3296274a067bd21ce6f6c068,PrimarySchool construction package,PrimarySchool,90.1-2007,code_prototype_rules,source,normalized
construction-32ac440c72da369f0918c98c,Typical Insulated Carpeted 6in Slab Floor,,DOE Ref Pre-1980,existing_stock_benchmark,source,normalized
construction-32ae766ae54910c23f848cee,Typical Insulated Exterior Mass Floor,,90.1-2007,code_prototype_rules,source,normalized
construction-32b45d3b941b748c224599ce,Typical Wood Joist Attic Floor,,90.1-2019,code_prototype_rules,source,normalized
construction-32bba0019cfb60522b9a1a5c,Warehouse construction package,Warehouse,90.1-2019,code_prototype_rules,source,normalized
construction-32bc4c9b5260fff0c386cddc,Adiabatic GroundContactFloor,,90.1-2007,code_prototype_rules,source,normalized
construction-32d3871f59558d71c08e9448,TallBuilding construction package,TallBuilding,90.1-2019,code_prototype_rules,source,normalized
construction-330241996542a6a1df13a14c,Typical Insulated Wood Framed Exterior Floor,,90.1-2019,code_prototype_rules,source,normalized
construction-3313d104225f7f6a38ad6245,Typical Insulated Carpeted 6in Slab Floor,,DOE Ref 1980-2004,existing_stock_benchmark,source,normalized
construction-33146c6c6c16afe5ca558d27,Typical Insulated Basement Mass Wall,,DOE Ref 1980-2004,existing_stock_benchmark,source,normalized
construction-3324504b93122ccb4d3322f2,Typical Interior Floor,Warehouse,90.1-2019,code_prototype_rules,source,normalized
construction-334580bcc63a5a8a2ea674c7,Typical Insulated Carpeted 6in Slab Floor,,90.1-2019,code_prototype_rules,source,normalized
construction-334a05267095744bac736ea6,U 0.5 SHGC 0.25 Simple Glazing,,90.1-2013,code_prototype_rules,source,normalized
construction-3359f2b871ca84731a377e59,Typical Wood Joist Attic Floor,,DOE Ref Pre-1980,existing_stock_benchmark,source,normalized
construction-336ee79896a892528b913959,Typical Insulated Exterior Mass Floor,,DOE Ref Pre-1980,existing_stock_benchmark,source,normalized
construction-3371687e6f39b10ac265ac13,Typical Insulated Steel Framed Exterior Wall,,90.1-2007,code_prototype_rules,source,normalized
construction-337f79f6fb06a9d300e24ebc,Typical IEAD Roof,,DOE Ref Pre-1980,existing_stock_benchmark,source,normalized
construction-3388844743060e6c71a8b795,U 0.57 SHGC 0.39 Dbl Ref-D Clr 6mm/6mm Air,,DOE Ref Pre-1980,existing_stock_benchmark,source,normalized
construction-338e5f5a1493e85bfd8f8609,Typical Interior Wall,PrimarySchool,90.1-2019,code_prototype_rules,source,normalized
construction-33911f01b78286986215408a,Adiabatic GroundContactFloor,,DOE Ref 1980-2004,existing_stock_benchmark,source,normalized
construction-33946c894b0e7da6429703c9,Typical Insulated Exterior Mass Floor,,DOE Ref Pre-1980,existing_stock_benchmark,source,normalized
construction-33a079d624568d169b64a982,Typical Insulated Wood Framed Exterior Floor,,DOE Ref Pre-1980,existing_stock_benchmark,source,normalized
construction-33a2440f0fdca29ae6779848,Typical Insulated Wood Framed Exterior Floor,,DOE Ref Pre-1980,existing_stock_benchmark,source,normalized
construction-33b0033814b70e77e48102ef,Typical Insulated Metal Building Roof,,DOE Ref Pre-1980,existing_stock_benchmark,source,normalized
construction-33b1228c9f6375644e260e8d,Typical Insulated Wood Framed Exterior Wall,,90.1-2013,code_prototype_rules,source,normalized
construction-33cda4df3cbf305f2bf9b6ec,Typical Insulated Steel Framed Exterior Wall,,DOE Ref 1980-2004,existing_stock_benchmark,source,normalized
construction-33cdffd3df4194f73ce0cd44,Typical Insulated Steel Framed Exterior Wall,,90.1-2019,code_prototype_rules,source,normalized
construction-33d860f6135fd9d4b41c11b5,Typical Interior Floor,LargeHotel,DOE Ref 1980-2004,existing_stock_benchmark,source,normalized
construction-33dc38e6e714fb70851318eb,U 1.22 SHGC 0.25 Sgl Elec Ref Colored 6mm,,DOE Ref 1980-2004,existing_stock_benchmark,source,normalized
construction-33e34a6d191529f05e1cae9f,Typical Interior Ceiling,Warehouse,DOE Ref Pre-1980,existing_stock_benchmark,source,normalized
construction-33e902cfd44a8385fa87a38b,LargeHotel Interior Floor,LargeHotel,90.1-2019,code_prototype_rules,source,normalized
construction-33f37ba0d7f231107cde3577,Typical Insulated Basement Mass Wall,,90.1-2019,code_prototype_rules,source,normalized
construction-33f59e3856627a140942b14f,Typical Interior Ceiling,MediumOfficeDetailed,90.1-2007,code_prototype_rules,source,normalized
construction-33fa20eccf0c2bd56fffe5f2,Typical Insulated Steel Framed Exterior Floor,,90.1-2013,code_prototype_rules,source,normalized
construction-340d9af5883184980e05ae2e,Typical Insulated Metal Building Wall,,90.1-2019,code_prototype_rules,source,normalized
construction-341de232f0b43289ba221413,Typical Interior Floor,RetailStripmall,DOE Ref Pre-1980,existing_stock_benchmark,source,normalized
construction-34614998013d21a8c5e8571f,Typical Insulated Steel Framed Exterior Wall,,90.1-2013,code_prototype_rules,source,normalized
construction-346b4535d84491ddf718538f,Typical Insulated Exterior Mass Wall,,90.1-2019,code_prototype_rules,source,normalized
construction-346d0e683e192d6b4fca46ee,Typical Insulated Metal Building Wall,,DOE Ref 1980-2004,existing_stock_benchmark,source,normalized
construction-34744e85f8153c7b723e9e3e,Typical Insulated Wood Framed Exterior Floor,,90.1-2007,code_prototype_rules,source,normalized
construction-348e744567eb3c427eb6f368,Typical Insulated Metal Building Wall,,90.1-2007,code_prototype_rules,source,normalized
construction-34bfecd12b16a97248dc3b81,Typical Insulated Exterior Mass Wall,,90.1-2013,code_prototype_rules,source,normalized
construction-34c75c95d123fbe296510245,Typical Insulated Wood Framed Exterior Wall,,DOE Ref 1980-2004,existing_stock_benchmark,source,normalized
construction-34d8ac5e89c36f7a1c1dc6ac,Typical Insulated Wood Framed Exterior Wall,,DOE Ref 1980-2004,existing_stock_benchmark,source,normalized
construction-35081a52f280e920b5c7523e,Any construction package,Any,90.1-2019,code_prototype_rules,source,normalized
construction-3561a149e95bb528596a6107,Typical Interior Ceiling,Hospital,DOE Ref 1980-2004,existing_stock_benchmark,source,normalized
construction-3562851e1e4ad5db1d4e5cd9,U 0.38 SHGC 0.45 Simple Glazing,,90.1-2013,code_prototype_rules,source,normalized
construction-356b58976f6f4a23028612bf,U 0.75 SHGC 0.25 Simple Glazing,,90.1-2007,code_prototype_rules,source,normalized
construction-357c2061a3a25359de3f51cd,LargeHotel Interior Floor,LargeHotel,90.1-2019,code_prototype_rules,source,normalized
construction-3594d38707198300c7bd133e,Typical Insulated Exterior Mass Wall,,90.1-2013,code_prototype_rules,source,normalized
construction-35961c379afc149511bfcac6,Typical Insulated Metal Building Wall,,90.1-2019,code_prototype_rules,source,normalized
construction-3598480773733568115d5d5a,Typical Interior Wall,SmallHotel,DOE Ref 1980-2004,existing_stock_benchmark,source,normalized
construction-35c0965c1da1f4fd390475ee,Office construction package,Office,DOE Ref 1980-2004,existing_stock_benchmark,source,normalized
construction-35c183ff2961a3d9de97b500,U 1.22 SHGC 0.25 Simple Glazing,,DOE Ref 1980-2004,existing_stock_benchmark,source,normalized
construction-35e7b943574d9a0ca13e8ba2,U 0.6 SHGC 0.25 Simple Glazing,,90.1-2007,code_prototype_rules,source,normalized
construction-35fe280f3e4ecd80a05909d0,PrimarySchool construction package,PrimarySchool,90.1-2013,code_prototype_rules,source,normalized
construction-3611444ab541b1df9255a681,Typical Interior Floor,QuickServiceRestaurant,DOE Ref Pre-1980,existing_stock_benchmark,source,normalized
construction-3616910a96ec1e6ea402cd00,Typical Insulated Carpeted 6in Slab Floor,,90.1-2019,code_prototype_rules,source,normalized
construction-362fae450f2d394dce19a778,Adiabatic Wall,,DOE Ref 1980-2004,existing_stock_benchmark,source,normalized
construction-365891058b0a5e91039f8d85,Any construction package,Any,DOE Ref Pre-1980,existing_stock_benchmark,source,normalized
construction-365897ae8353d5f61efe3253,U 0.32 SHGC 0.4 Simple Glazing,,90.1-2013,code_prototype_rules,source,normalized
construction-368bdafda9c4ed2864f0d2a9,Adiabatic ExteriorFloor,,DOE Ref 1980-2004,existing_stock_benchmark,source,normalized
construction-36a49962af29b84698c793a3,Typical Insulated Steel Framed Exterior Wall,,90.1-2013,code_prototype_rules,source,normalized
construction-36bea8d7fe50775156a9d4f2,Typical Interior Wall,HighriseApartment,90.1-2007,code_prototype_rules,source,normalized
construction-36c559182a86326581331c21,Typical Interior Ceiling,SecondarySchool,90.1-2013,code_prototype_rules,source,normalized
construction-36c7e45475e980c0dc514076,Typical Insulated Carpeted 6in Slab Floor,,DOE Ref Pre-1980,existing_stock_benchmark,source,normalized
construction-36d3b482a55386c87bf235c4,Typical Insulated Steel Framed Exterior Wall,,90.1-2013,code_prototype_rules,source,normalized
construction-36d7bce2ff14315bf29149b7,Typical Insulated Basement Mass Wall,,90.1-2019,code_prototype_rules,source,normalized
construction-36e426941931494f031b6e4d,Office construction package,Office,90.1-2013,code_prototype_rules,source,normalized
construction-37132e78cf7ff8f3c9ec1cfe,U 0.32 SHGC 0.4 Simple Glazing,,90.1-2013,code_prototype_rules,source,normalized
construction-371ba4087ae3603806ad41f8,Typical Insulated Carpeted 6in Slab Floor,,90.1-2019,code_prototype_rules,source,normalized
construction-37322a27ce2a1080a5d121df,Typical Insulated Wood Framed Exterior Wall,,DOE Ref Pre-1980,existing_stock_benchmark,source,normalized
construction-374843d412aba2bad7fe2748,Typical Insulated Carpeted 6in Slab Floor,,DOE Ref Pre-1980,existing_stock_benchmark,source,normalized
construction-374d27cdb2ddd59827d5f7ac,Typical Insulated Exterior Mass Wall,,DOE Ref Pre-1980,existing_stock_benchmark,source,normalized
construction-375b4f9da3a21b464dec0235,Typical Insulated Steel Framed Exterior Floor,,90.1-2007,code_prototype_rules,source,normalized
construction-37a21bf0a0d1c0a729e90504,Typical Insulated Metal Building Wall,,90.1-2007,code_prototype_rules,source,normalized
construction-37ac8dd594aa54a31e80747f,Typical Insulated Steel Framed Exterior Floor,,DOE Ref Pre-1980,existing_stock_benchmark,source,normalized
construction-37d4c73a84fa96beddad81d8,Typical Insulated Steel Framed Exterior Floor,,DOE Ref Pre-1980,existing_stock_benchmark,source,normalized
construction-37d84c751b64ca0bed889a28,Adiabatic Roof,,DOE Ref 1980-2004,existing_stock_benchmark,source,normalized
construction-37df80c70cf50510612ca67a,Typical Insulated Basement Mass Wall,,90.1-2019,code_prototype_rules,source,normalized
construction-37f7e97eb083aa3aa28d939a,Typical Insulated Steel Framed Exterior Floor,,DOE Ref Pre-1980,existing_stock_benchmark,source,normalized
construction-37fce073d1cd709e534c7ffb,U 1.22 SHGC 0.25 Sgl Elec Ref Colored 6mm,,DOE Ref 1980-2004,existing_stock_benchmark,source,normalized
construction-384f940e433bacd0030e70ef,Typical Insulated Exterior Mass Wall,,90.1-2007,code_prototype_rules,source,normalized
construction-38513afa33df047c52e862d1,U 0.35 SHGC 0.4 Simple Glazing,,90.1-2007,code_prototype_rules,source,normalized
construction-3856556593f223e3b9a2e82b,Adiabatic Wall,,90.1-2007,code_prototype_rules,source,normalized
construction-385da360db3272946917b532,Typical Interior Floor,SmallDataCenterHighITE,90.1-2007,code_prototype_rules,source,normalized
construction-38771c8bf97093faf90bcec3,Typical Insulated Carpeted 6in Slab Floor,,DOE Ref 1980-2004,existing_stock_benchmark,source,normalized
construction-387eb1e6788b95aa6affaf45,Adiabatic Wall,,DOE Ref Pre-1980,existing_stock_benchmark,source,normalized
construction-38834d6bafacfe2f46d75009,Typical Insulated Basement Mass Wall,,DOE Ref Pre-1980,existing_stock_benchmark,source,normalized
construction-389d357b79bef123c5a55f59,U 0.45 SHGC 0.4 Simple Glazing,,90.1-2007,code_prototype_rules,source,normalized
construction-38a8a4d5b60a4f6a90e0f064,Typical Insulated Basement Mass Wall,,90.1-2013,code_prototype_rules,source,normalized
construction-38a9d2edcf0be5911ee54138,U 0.59 SHGC 0.39 Simple Glazing,,DOE Ref 1980-2004,existing_stock_benchmark,source,normalized
construction-38bba502be821aa003f0fffe,U 0.65 SHGC 0.25 Simple Glazing,,90.1-2007,code_prototype_rules,source,normalized
construction-38da84000dd1fa3a5b1b49c1,Typical Interior Ceiling,Hospital,90.1-2013,code_prototype_rules,source,normalized
construction-38e1a60f1b2807b1bb5443f2,Typical Insulated Exterior Mass Wall,,90.1-2007,code_prototype_rules,source,normalized
construction-38e5b1f55ae0f024a6c59075,Typical Interior Ceiling,SuperMarket,90.1-2013,code_prototype_rules,source,normalized
construction-392beaad432cb19208a5ee88,SmallHotel construction package,SmallHotel,DOE Ref Pre-1980,existing_stock_benchmark,source,normalized
construction-394d08379f61b226f4d958de,Typical Insulated Metal Building Roof,,DOE Ref Pre-1980,existing_stock_benchmark,source,normalized
construction-397fbdb9a8349481ca7bd898,U 0.57 SHGC 0.39 Dbl Ref-D Clr 6mm/6mm Air,,DOE Ref Pre-1980,existing_stock_benchmark,source,normalized
construction-3985da672f3f59fc4fdf89a1,U 1.22 SHGC 0.25 Sgl Elec Ref Colored 6mm,,DOE Ref 1980-2004,existing_stock_benchmark,source,normalized
construction-39c799d49f6d937e33208e09,Typical Insulated Steel Framed Exterior Wall,,DOE Ref 1980-2004,existing_stock_benchmark,source,normalized
construction-39c837fb7fe6b7251463de4a,U 0.57 SHGC 0.39 Dbl Ref-D Clr 6mm/6mm Air,,DOE Ref 1980-2004,existing_stock_benchmark,source,normalized
construction-39fa8c3d2c60207d69b173a5,U 0.57 SHGC 0.39 Dbl Ref-D Clr 6mm/6mm Air,,DOE Ref 1980-2004,existing_stock_benchmark,source,normalized
construction-3a146d5116479b161bbcf1a1,Typical Insulated Exterior Mass Wall,,90.1-2013,code_prototype_rules,source,normalized
construction-3a1f7287a290c21a8ac5eb5d,Typical Insulated Basement Mass Wall,,90.1-2019,code_prototype_rules,source,normalized
construction-3a4b5ed6242aeea3a6861af6,Typical Insulated Steel Framed Exterior Wall,,90.1-2013,code_prototype_rules,source,normalized
construction-3a62568c3362829bd745bd24,Typical Insulated Carpeted 8in Slab Floor,,90.1-2019,code_prototype_rules,source,normalized
construction-3a633ff6d7efc72020d726c6,Typical Insulated Wood Framed Exterior Wall,,90.1-2019,code_prototype_rules,source,normalized
construction-3a65da0c473308c866b8aa30,Typical IEAD Roof,,DOE Ref Pre-1980,existing_stock_benchmark,source,normalized
construction-3a89e849f2699829300d1bad,Typical Insulated Carpeted 6in Slab Floor,,90.1-2013,code_prototype_rules,source,normalized
construction-3aa14c70af72feaa59b06a3d,Typical Interior Wall,Warehouse,DOE Ref Pre-1980,existing_stock_benchmark,source,normalized
construction-3aaf1c1c438e86fbb96a2b94,Typical Interior Ceiling,RetailStripmall,90.1-2007,code_prototype_rules,source,normalized
construction-3ab167bf1d4d5fc23bd76d24,Adiabatic GroundContactFloor,,DOE Ref Pre-1980,existing_stock_benchmark,source,normalized
construction-3abf608a2dff591590afbc71,Typical Insulated Basement Mass Wall,,DOE Ref 1980-2004,existing_stock_benchmark,source,normalized
construction-3ac9ecc428750f0d2b15b900,U 0.44 SHGC 0.45 Simple Glazing,,90.1-2013,code_prototype_rules,source,normalized
construction-3acafd01772a9d0dc43e8a39,Typical Insulated Metal Building Roof,,DOE Ref 1980-2004,existing_stock_benchmark,source,normalized
construction-3afb6781126c837460727dd5,Typical Insulated Metal Building Wall,,DOE Ref 1980-2004,existing_stock_benchmark,source,normalized
construction-3afed02fa4c9f537026f56af,Typical Insulated Steel Framed Exterior Wall,,90.1-2019,code_prototype_rules,source,normalized
construction-3b02771c5f82fee1cfef7ba1,Typical Insulated Metal Building Roof,,90.1-2007,code_prototype_rules,source,normalized
construction-3b12cde23b7edec00540a5c6,Typical Insulated Wood Framed Exterior Wall,,90.1-2007,code_prototype_rules,source,normalized
construction-3b223d8c4f0a9a7643b52fab,Typical Insulated Wood Framed Exterior Wall,,DOE Ref Pre-1980,existing_stock_benchmark,source,normalized
construction-3b2f3fa25b875b66206978a6,Typical IEAD Roof,,90.1-2019,code_prototype_rules,source,normalized
construction-3b34e9879e07cef6cd9d3216,Typical Interior Ceiling,SmallOfficeDetailed,DOE Ref 1980-2004,existing_stock_benchmark,source,normalized
construction-3b44c2023c04f7f0bb912f1a,Typical Insulated Basement Mass Wall,,DOE Ref Pre-1980,existing_stock_benchmark,source,normalized
construction-3b5d02b2e0da9b6cf068d3e7,U 1.2 SHGC 0.25 Simple Glazing,,90.1-2007,code_prototype_rules,source,normalized
construction-3b66af85acc1d31edd0cbfb1,Typical Insulated Steel Framed Exterior Floor,,90.1-2019,code_prototype_rules,source,normalized
construction-3b946a4ca03167e3a9666c62,Typical IEAD Roof,,90.1-2019,code_prototype_rules,source,normalized
construction-3b9dcff2ee3978c6092c69bb,U 1.22 SHGC 0.25 Sgl Elec Ref Colored 6mm,,DOE Ref 1980-2004,existing_stock_benchmark,source,normalized
construction-3ba394d5da6f7694c4c06a65,Typical Insulated Wood Framed Exterior Floor,,DOE Ref 1980-2004,existing_stock_benchmark,source,normalized
construction-3bb47f3c1e6fac732cbca937,Typical IEAD Roof,,90.1-2007,code_prototype_rules,source,normalized
construction-3bc2206fbf09abf724cb9074,int_wall_smallhotel,SmallHotel,90.1-2019,code_prototype_rules,source,normalized
construction-3bc6aa8b6a698fda6e9052b1,Typical Insulated Carpeted 6in Slab Floor,,DOE Ref 1980-2004,existing_stock_benchmark,source,normalized
construction-3bd099e2905fa5a6f322da5b,U 0.62 SHGC 0.21 Simple Glazing,,90.1-2019,code_prototype_rules,source,normalized
construction-3bd255d957bd0b00a82ceb5c,Adiabatic Wall,,90.1-2007,code_prototype_rules,source,normalized
construction-3be48df1fd57ca591202afc6,Typical Insulated Metal Building Roof,,DOE Ref Pre-1980,existing_stock_benchmark,source,normalized
construction-3bee379540a41d6a134f8c3c,Typical Insulated Basement Mass Wall,,90.1-2013,code_prototype_rules,source,normalized
construction-3bf231d1a613d4e7256d9163,U 1.2 SHGC 0.45 Simple Glazing,,90.1-2019,code_prototype_rules,source,normalized
construction-3c10c11ab90e48004ee3d92d,U 0.65 SHGC 0.45 Simple Glazing,,90.1-2007,code_prototype_rules,source,normalized
construction-3c1873144d0967fb5794a009,Typical IEAD Roof,,90.1-2019,code_prototype_rules,source,normalized
construction-3c6e7dd025f796ec950a1b65,Typical Insulated Exterior Mass Wall,,90.1-2013,code_prototype_rules,source,normalized
construction-3c6e8da4f2d955e49ef7d6e8,Typical Insulated Exterior Mass Wall,,90.1-2013,code_prototype_rules,source,normalized
construction-3c76772afd1286aa02a3d673,Typical Insulated Carpeted 6in Slab Floor,,90.1-2007,code_prototype_rules,source,normalized
construction-3c8b04194f83e6d65f534e56,Adiabatic ExteriorFloor,,90.1-2007,code_prototype_rules,source,normalized
construction-3c9677e064be4974639e308c,Typical Insulated Steel Framed Exterior Floor,,DOE Ref Pre-1980,existing_stock_benchmark,source,normalized
construction-3c9817503baeae1169546c43,Typical Insulated Steel Framed Exterior Floor,,DOE Ref Pre-1980,existing_stock_benchmark,source,normalized
construction-3cb526e55060e6d7ee6d3eb9,U 0.57 SHGC 0.49 Dbl Blue 6mm/6mm Air,,DOE Ref Pre-1980,existing_stock_benchmark,source,normalized
construction-3cc0635853ccc231f072c155,Typical Interior Wall,Warehouse,DOE Ref Pre-1980,existing_stock_benchmark,source,normalized
construction-3cca391da41b995011456d88,LargeDataCenterLowITE construction package,LargeDataCenterLowITE,90.1-2013,code_prototype_rules,source,normalized
construction-3ce9a581a6c4dd1fae58f611,U 1.22 SHGC 0.25 Sgl Elec Ref Colored 6mm,,DOE Ref 1980-2004,existing_stock_benchmark,source,normalized
construction-3cfc2fa50f8aa9c6fb63c76c,Typical Insulated Carpeted 6in Slab Floor,,DOE Ref Pre-1980,existing_stock_benchmark,source,normalized
construction-3d089ffc3f9a6fbf21907335,U 0.62 SHGC 0.41 Simple Glazing,,DOE Ref Pre-1980,existing_stock_benchmark,source,normalized
construction-3d1fef254268971472f4d029,Typical Insulated Carpeted 6in Slab Floor,,90.1-2007,code_prototype_rules,source,normalized
construction-3d254b2ebf37cca2f57a91a1,LargeHotel construction package,LargeHotel,DOE Ref Pre-1980,existing_stock_benchmark,source,normalized
construction-3d27f3e74cdcb3d9454dcea8,Typical Insulated Steel Framed Exterior Wall,,DOE Ref 1980-2004,existing_stock_benchmark,source,normalized
construction-3d292daea44d90da8313c34a,Typical Insulated Carpeted 6in Slab Floor,,DOE Ref Pre-1980,existing_stock_benchmark,source,normalized
construction-3d4ead59b9ed0be1391809ef,Typical Insulated Carpeted 6in Slab Floor,,90.1-2007,code_prototype_rules,source,normalized
construction-3d5124cb80d7cf5a66abfd79,Typical Insulated Carpeted 6in Slab Floor,,DOE Ref 1980-2004,existing_stock_benchmark,source,normalized
construction-3d530eb85c2c6cd7c207e60d,SmallHotel construction package,SmallHotel,90.1-2007,code_prototype_rules,source,normalized
construction-3d5e18750e40ccf5e20fd084,Typical Insulated Steel Framed Exterior Floor,,DOE Ref 1980-2004,existing_stock_benchmark,source,normalized
construction-3d6b68ecef48e3d0f889fe7d,Typical Insulated Carpeted 6in Slab Floor,,DOE Ref 1980-2004,existing_stock_benchmark,source,normalized
construction-3d6b9ad4c7edbc568fe47e54,Typical Wood Joist Attic Floor,,DOE Ref 1980-2004,existing_stock_benchmark,source,normalized
construction-3d84bb64945fb2d8f39d25bc,Adiabatic ExteriorFloor,,DOE Ref Pre-1980,existing_stock_benchmark,source,normalized
construction-3daca80d4cf30026024ef33b,Typical Interior Wall,Warehouse,90.1-2007,code_prototype_rules,source,normalized
construction-3dd0768e809651b4447ae3c8,Typical Insulated Basement Mass Wall,,DOE Ref Pre-1980,existing_stock_benchmark,source,normalized
construction-3dd7465199e21338d9d573e8,Typical Insulated Wood Framed Exterior Floor,,90.1-2007,code_prototype_rules,source,normalized
construction-3de6e67fcf4cb12da4398b8d,Typical Insulated Carpeted 6in Slab Floor,,DOE Ref 1980-2004,existing_stock_benchmark,source,normalized
construction-3e168a19d301aeed3a722457,U 0.26 SHGC 0.4 Simple Glazing,,90.1-2019,code_prototype_rules,source,normalized
construction-3e34aec5c0413fe5e3773cef,Adiabatic Wall,,90.1-2013,code_prototype_rules,source,normalized
construction-3e3b06bd58adaff9ca72086e,U 0.65 SHGC 0.45 Simple Glazing,,90.1-2019,code_prototype_rules,source,normalized
construction-3e3e700c965c413d47fa4240,Adiabatic Roof,,DOE Ref Pre-1980,existing_stock_benchmark,source,normalized
construction-3e4ae2787f823901ecf9601a,Typical Insulated Wood Framed Exterior Floor,,DOE Ref Pre-1980,existing_stock_benchmark,source,normalized
construction-3e51da7556a51c0a2f82070f,U 1.22 SHGC 0.54 Simple Glazing,,DOE Ref Pre-1980,existing_stock_benchmark,source,normalized
construction-3e58d33aed73b3b03b0ab954,Typical Insulated Basement Mass Wall,,90.1-2007,code_prototype_rules,source,normalized
construction-3e5fcf4cca66df04bc2de9d4,Typical Insulated Carpeted 8in Slab Floor,,90.1-2013,code_prototype_rules,source,normalized
construction-3e658e6ca0e3329e40dc24d7,Typical Interior Wall,Warehouse,90.1-2019,code_prototype_rules,source,normalized
construction-3e67cf385d0341be736301ac,Typical Insulated Steel Framed Exterior Floor,,DOE Ref Pre-1980,existing_stock_benchmark,source,normalized
construction-3e6931432664cdb6d577cbf1,U 0.5 SHGC 0.25 Simple Glazing,,90.1-2013,code_prototype_rules,source,normalized
construction-3e93614900cc390424ce8565,Typical Insulated Metal Building Roof,,90.1-2013,code_prototype_rules,source,normalized
construction-3e9dc4177d81af94b91b340a,Typical Insulated Exterior Mass Floor,,DOE Ref Pre-1980,existing_stock_benchmark,source,normalized
construction-3ea95ab34c683ec894c6622f,Typical Insulated Metal Building Roof,,90.1-2019,code_prototype_rules,source,normalized
construction-3ed890660d1c9cc374000188,Typical Insulated Exterior Mass Wall,,DOE Ref 1980-2004,existing_stock_benchmark,source,normalized
construction-3f1a03b377eeaf58c6e05a4c,Typical Insulated Steel Framed Exterior Wall,,90.1-2019,code_prototype_rules,source,normalized
construction-3f25c2a461913e7ce20e3752,Typical Insulated Basement Mass Wall,,DOE Ref Pre-1980,existing_stock_benchmark,source,normalized
construction-3f37a516d4deea27e21ba567,Office construction package,Office,90.1-2007,code_prototype_rules,source,normalized
construction-3f519bb8961ecfa5a4919a67,Typical IEAD Roof - Highly Reflective,,90.1-2013,code_prototype_rules,source,normalized
construction-3f52ec54351f6c44c53cb4ec,Typical Insulated Carpeted 6in Slab Floor,,DOE Ref 1980-2004,existing_stock_benchmark,source,normalized
construction-3f67bb3b21b0ca41c355e5c0,Typical Insulated Exterior Mass Floor,,DOE Ref Pre-1980,existing_stock_benchmark,source,normalized
construction-3f91e7faf080b24058dc4943,Typical Wood Joist Attic Floor,,90.1-2019,code_prototype_rules,source,normalized
construction-3fa0fa3fb1148a6f99aed018,Typical Insulated Metal Building Roof,,DOE Ref 1980-2004,existing_stock_benchmark,source,normalized
construction-3fa450d23df6078044eabf9d,Typical Interior Floor,HighriseApartment,90.1-2019,code_prototype_rules,source,normalized
construction-3fa77114a9cf8affdaebb02e,Typical Insulated Basement Mass Wall,,DOE Ref Pre-1980,existing_stock_benchmark,source,normalized
construction-3fad78514ec49003a9c2128b,Typical IEAD Roof,,DOE Ref 1980-2004,existing_stock_benchmark,source,normalized
construction-3fbee441542b8e83961cb7d3,Typical Insulated Wood Framed Exterior Wall,,90.1-2013,code_prototype_rules,source,normalized
construction-3fd7be68ac86e022dd738abc,Typical Insulated Exterior Mass Wall,,90.1-2007,code_prototype_rules,source,normalized
construction-3fd91f83ec3c9aa7005edaa4,U 0.51 SHGC 0.45 Simple Glazing,,90.1-2013,code_prototype_rules,source,normalized
construction-3fdc85217ec26a22f623fcf1,Typical IEAD Roof - Highly Reflective,,90.1-2019,code_prototype_rules,source,normalized
construction-3fecf381225537e891fa2361,Typical Insulated Basement Mass Wall,,90.1-2019,code_prototype_rules,source,normalized
construction-3fed732be620659f490301b7,Typical Interior Wall,QuickServiceRestaurant,DOE Ref 1980-2004,existing_stock_benchmark,source,normalized
construction-4021105d76c7d258a62867d4,Typical Insulated Wood Framed Exterior Wall,,90.1-2007,code_prototype_rules,source,normalized
construction-40359a9f661280b1e328f182,Typical Insulated Basement Mass Wall,,90.1-2007,code_prototype_rules,source,normalized
construction-40424ca2d38a696d5059d762,Typical Insulated Exterior Mass Floor,,90.1-2013,code_prototype_rules,source,normalized
construction-405df8974a904ab9e3f3aba8,Typical Interior Ceiling,Warehouse,90.1-2019,code_prototype_rules,source,normalized
construction-4061da5e11a2aeea78288b13,SmallDataCenterHighITE construction package,SmallDataCenterHighITE,90.1-2007,code_prototype_rules,source,normalized
construction-406e4c20678b76cfbcf9f3a2,Typical Insulated Carpeted 6in Slab Floor,,90.1-2013,code_prototype_rules,source,normalized
construction-40905597c5aa6c2718b3e6cd,Typical Insulated Steel Framed Exterior Floor,,90.1-2013,code_prototype_rules,source,normalized
construction-4092a22dcf97b6312a0262e3,SuperMarket construction package,SuperMarket,90.1-2019,code_prototype_rules,source,normalized
construction-4092e693c698043d3ab44ef0,Typical Insulated Steel Framed Exterior Floor,,90.1-2007,code_prototype_rules,source,normalized
construction-40da059e22b0828ed1520e86,Typical Insulated Exterior Mass Floor,,90.1-2013,code_prototype_rules,source,normalized
construction-40dea9b83090ee90955f95ad,Typical Insulated Exterior Mass Floor,,DOE Ref Pre-1980,existing_stock_benchmark,source,normalized
construction-4122c83e549894602e667d16,Typical Insulated Metal Building Wall,,DOE Ref Pre-1980,existing_stock_benchmark,source,normalized
construction-4128f0181cd290e002cd95cb,Typical Insulated Wood Framed Exterior Wall,,DOE Ref Pre-1980,existing_stock_benchmark,source,normalized
construction-413b2aba7a400ee496c522f3,Typical Insulated Steel Framed Exterior Floor,,90.1-2019,code_prototype_rules,source,normalized
construction-4140c217fce75e438c9e7ada,Typical Insulated Wood Framed Exterior Wall,,DOE Ref Pre-1980,existing_stock_benchmark,source,normalized
construction-41483e4e890211973ab450db,Adiabatic ExteriorFloor,,DOE Ref Pre-1980,existing_stock_benchmark,source,normalized
construction-415e2bb35db77de3f8d7742f,Typical Interior Floor,Courthouse,90.1-2019,code_prototype_rules,source,normalized
construction-416f93a8741c144f27662145,Typical Insulated Exterior Mass Floor,,90.1-2013,code_prototype_rules,source,normalized
construction-418285ed18d7958c9224e7ae,U 0.55 SHGC 0.4 Simple Glazing,,90.1-2007,code_prototype_rules,source,normalized
construction-4189e941c5328b9d5f8db750,Typical Insulated Metal Building Roof,,90.1-2019,code_prototype_rules,source,normalized
construction-41cd17aa9182acd7b6b27cb5,Typical Interior Ceiling,Office,90.1-2019,code_prototype_rules,source,normalized
construction-41da4dc338b992d7b1d0b8e7,Dwelling enclosure / source_building_298856,SingleFamilyDetached,ResStock SDR source fixture,existing_stock_source_fixture,source,normalized
construction-41e7bcbf9f63bab7766774df,Typical Insulated Metal Building Roof,,90.1-2019,code_prototype_rules,source,normalized
construction-423bc88c0ef62e1cb25ba593,U 1.2 SHGC 0.25 Simple Glazing,,90.1-2007,code_prototype_rules,source,normalized
construction-423d9ed802628c02de5dfd5f,Typical Wood Joist Attic Floor,,90.1-2019,code_prototype_rules,source,normalized
construction-423e685d9a6e370433c896cb,Typical Interior Ceiling,College,90.1-2013,code_prototype_rules,source,normalized
construction-425f1518f0726f637cfbf9c7,Typical Insulated Metal Building Roof - Highly Reflective,,90.1-2019,code_prototype_rules,source,normalized
construction-426ae2d35b17a255cc57d752,Typical Insulated Basement Mass Wall,,DOE Ref Pre-1980,existing_stock_benchmark,source,normalized
construction-427a36d28626401150377a7b,Typical Interior Wall,Warehouse,90.1-2013,code_prototype_rules,source,normalized
construction-428879343ea7b43399dce107,Typical Insulated Basement Mass Wall,,DOE Ref Pre-1980,existing_stock_benchmark,source,normalized
construction-42930415427187d80377da46,U 0.46 SHGC 0.45 Dbl Grey 6mm/13mm Air,,DOE Ref 1980-2004,existing_stock_benchmark,source,normalized
construction-42bdb221bc2a75029e1ba235,Typical Insulated Exterior Mass Wall,,90.1-2019,code_prototype_rules,source,normalized
construction-42e4a8318762d443d034b7e6,Adiabatic Roof,,90.1-2013,code_prototype_rules,source,normalized
construction-42e970697903104f330c5039,Typical Insulated Steel Framed Exterior Wall,,DOE Ref 1980-2004,existing_stock_benchmark,source,normalized
construction-432056ccc1d7739426d2c618,Typical Insulated Metal Building Roof,,90.1-2007,code_prototype_rules,source,normalized
construction-4328608b7d98b4ced6effa8b,Typical Interior Ceiling,Warehouse,90.1-2013,code_prototype_rules,source,normalized
construction-432ef7edebd5d8db49b98202,Typical Insulated Carpeted 6in Slab Floor,,90.1-2007,code_prototype_rules,source,normalized
construction-433260cbfa37a28f61e3fa30,Typical Insulated Steel Framed Exterior Floor,,90.1-2019,code_prototype_rules,source,normalized
construction-4333218f5395a5576860f74d,Typical Insulated Steel Framed Exterior Floor,,90.1-2007,code_prototype_rules,source,normalized
construction-433401f40c8a565d5eb2403e,Typical Insulated Exterior Mass Floor,,DOE Ref 1980-2004,existing_stock_benchmark,source,normalized
construction-43394344246c12dabab5c0fb,Typical Insulated Metal Building Wall,,90.1-2019,code_prototype_rules,source,normalized
construction-43527cabf33e9c2d8257ee40,Typical Insulated Carpeted 6in Slab Floor,,90.1-2013,code_prototype_rules,source,normalized
construction-43894246b5ed24fa3114e899,Typical Wood Joist Attic Floor,,90.1-2007,code_prototype_rules,source,normalized
construction-439059dae0f168b40bc48670,Typical Insulated Carpeted 6in Slab Floor,,90.1-2013,code_prototype_rules,source,normalized
construction-43994e72c74bf0f0de36237b,U 0.6 SHGC 0.25 Simple Glazing,,90.1-2013,code_prototype_rules,source,normalized
construction-439efe8d524edbd1c5ce17ad,Typical Insulated Carpeted 6in Slab Floor,,DOE Ref 1980-2004,existing_stock_benchmark,source,normalized
construction-43a0b6f5e0d8e9ae0d6c10c1,Typical Insulated Exterior Mass Wall,,90.1-2007,code_prototype_rules,source,normalized
construction-43a8c3d49a4ab2a19069e1f1,Typical Insulated Metal Building Roof,,90.1-2007,code_prototype_rules,source,normalized
construction-43baf542543154efe82b51bb,Typical Insulated Carpeted 6in Slab Floor,,DOE Ref Pre-1980,existing_stock_benchmark,source,normalized
construction-43bcce92aa7f3f8a193e014a,Typical Insulated Wood Framed Exterior Floor,,90.1-2013,code_prototype_rules,source,normalized
construction-43c092c2175e2f35523f3f45,Typical Insulated Steel Framed Exterior Floor,,90.1-2007,code_prototype_rules,source,normalized
construction-43f4b41d7bc82dd2a4cb5538,Typical Insulated Carpeted 6in Slab Floor,,DOE Ref Pre-1980,existing_stock_benchmark,source,normalized
construction-43f944cfa0399b8e001f3bdc,Typical Interior Ceiling,SmallHotel,DOE Ref Pre-1980,existing_stock_benchmark,source,normalized
construction-442afeddceeb9dd740e9e1da,U 0.57 SHGC 0.39 Dbl Ref-D Clr 6mm/6mm Air,,DOE Ref Pre-1980,existing_stock_benchmark,source,normalized
construction-44380f8a39096f9a05275be4,Plenum Acoustical Tile,Any,DOE Ref Pre-1980,existing_stock_benchmark,source,normalized
construction-443e6757b281b69fbffc4fe3,Typical Insulated Wood Framed Exterior Wall,,90.1-2013,code_prototype_rules,source,normalized
construction-4445d0afc275a845e660c0be,Typical Insulated Steel Framed Exterior Floor,,90.1-2019,code_prototype_rules,source,normalized
construction-446430f530ff450282165ea0,Typical Insulated Metal Building Roof,,DOE Ref Pre-1980,existing_stock_benchmark,source,normalized
construction-446f97189bbe6f9034ebd679,U 1.22 SHGC 0.25 Sgl Elec Ref Colored 6mm,,DOE Ref 1980-2004,existing_stock_benchmark,source,normalized
construction-4472d14b92e1837e84cb1a34,Adiabatic Roof,,DOE Ref 1980-2004,existing_stock_benchmark,source,normalized
construction-4476102de5add043dc52d9e3,Typical Insulated Carpeted 6in Slab Floor,,DOE Ref Pre-1980,existing_stock_benchmark,source,normalized
construction-4477747839f5415899a8b33e,Typical IEAD Roof,,DOE Ref Pre-1980,existing_stock_benchmark,source,normalized
construction-4487f4d9809eb535d776de6a,Typical IEAD Roof,,90.1-2019,code_prototype_rules,source,normalized
construction-4488507ba6524a0248ef51d8,LargeHotel Interior Wall,LargeHotel,90.1-2007,code_prototype_rules,source,normalized
construction-448971861c98fd93091e8c12,Typical Insulated Steel Framed Exterior Wall,,90.1-2007,code_prototype_rules,source,normalized
construction-449f708dc042d26a59386307,Typical Insulated Metal Building Wall,,90.1-2019,code_prototype_rules,source,normalized
construction-44b06e8189c7950bbf2b543d,Typical Insulated Steel Framed Exterior Wall,,DOE Ref 1980-2004,existing_stock_benchmark,source,normalized
construction-44b58438d472e811ad4ed891,Typical Insulated Exterior Mass Wall,,90.1-2007,code_prototype_rules,source,normalized
construction-44b71b2091903d2ac7e52c05,SmallOfficeDetailed construction package,SmallOfficeDetailed,DOE Ref 1980-2004,existing_stock_benchmark,source,normalized
construction-44d339c5f34282845a9fae31,Typical Insulated Steel Framed Exterior Wall,,DOE Ref Pre-1980,existing_stock_benchmark,source,normalized
construction-44db7b3f61e04c3ad18ba9aa,Typical Insulated Steel Framed Exterior Floor,,90.1-2007,code_prototype_rules,source,normalized
construction-455928007f0a0fcf7067a62a,Typical Interior Wall,QuickServiceRestaurant,90.1-2019,code_prototype_rules,source,normalized
construction-45692384a6ea67f70ed635ec,U 0.45 SHGC 0.25 Simple Glazing,,90.1-2019,code_prototype_rules,source,normalized
construction-4574a0ab99b78bf23fa75b1d,U 0.57 SHGC 0.39 Dbl Ref-D Clr 6mm/6mm Air,,DOE Ref 1980-2004,existing_stock_benchmark,source,normalized
construction-4577ba02fe1abae8a7a44a40,int_slab_ceiling_smallhotel,SmallHotel,90.1-2013,code_prototype_rules,source,normalized
construction-457b3ef6c3f792ee94b540ec,U 0.57 SHGC 0.49 Dbl Blue 6mm/6mm Air,,DOE Ref 1980-2004,existing_stock_benchmark,source,normalized
construction-45957b5d53f424ff515ff584,Adiabatic Wall,,DOE Ref Pre-1980,existing_stock_benchmark,source,normalized
construction-459a57d5e9934678f496c60e,Typical Insulated Carpeted 6in Slab Floor,,DOE Ref Pre-1980,existing_stock_benchmark,source,normalized
construction-45a2291d7def6913628b5d0a,Typical Insulated Wood Framed Exterior Floor,,90.1-2013,code_prototype_rules,source,normalized
construction-45acdef4b5d1924592a24aee,Typical Insulated Metal Building Roof,,DOE Ref Pre-1980,existing_stock_benchmark,source,normalized
construction-45e74e33332234f2cf457e10,Typical Insulated Carpeted 6in Slab Floor,,DOE Ref Pre-1980,existing_stock_benchmark,source,normalized
construction-460a03c3092f9cd7121315f1,Typical Insulated Exterior Mass Wall,,DOE Ref Pre-1980,existing_stock_benchmark,source,normalized
construction-4614a22f40a997fc7772d79d,Typical Interior Floor,FullServiceRestaurant,DOE Ref 1980-2004,existing_stock_benchmark,source,normalized
construction-4626da04bcec75d82fa35547,Typical Interior Ceiling,LargeDataCenterLowITE,90.1-2007,code_prototype_rules,source,normalized
construction-462ca6b4a0eacb2df71bc718,Typical Insulated Metal Building Wall,,DOE Ref Pre-1980,existing_stock_benchmark,source,normalized
construction-46523eb919cb881bc64c3c6f,Typical Insulated Carpeted 6in Slab Floor,,90.1-2013,code_prototype_rules,source,normalized
construction-4658b00d9a7b0631e5c17ad6,Typical Insulated Wood Framed Exterior Floor,,DOE Ref 1980-2004,existing_stock_benchmark,source,normalized
construction-4661b986cf91f1a4e73b5b27,Typical Insulated Basement Mass Wall,,DOE Ref Pre-1980,existing_stock_benchmark,source,normalized
construction-469bbe2528055e05d4e453ff,Typical Insulated Exterior Mass Wall,,DOE Ref Pre-1980,existing_stock_benchmark,source,normalized
construction-469f89068daad9863918c3e9,Typical IEAD Roof,,DOE Ref Pre-1980,existing_stock_benchmark,source,normalized
construction-469f9bda67bca1ccac645991,Typical Insulated Steel Framed Exterior Wall,,90.1-2013,code_prototype_rules,source,normalized
construction-46a473b457dec695e0c62955,Typical Insulated Wood Framed Exterior Wall,,DOE Ref 1980-2004,existing_stock_benchmark,source,normalized
construction-46aeff47ff35bc7c3ad8554b,Typical IEAD Roof,,DOE Ref Pre-1980,existing_stock_benchmark,source,normalized
construction-46ec2f1d9d37223132883287,Typical Interior Ceiling,MidriseApartment,90.1-2013,code_prototype_rules,source,normalized
construction-46f12ac307668856d29fb5c8,Typical IEAD Roof,,DOE Ref Pre-1980,existing_stock_benchmark,source,normalized
construction-4704971ba2a478f2b88e0b75,Adiabatic ExteriorFloor,,DOE Ref 1980-2004,existing_stock_benchmark,source,normalized
construction-47179fbef1c52eb3e7e4564d,Typical Insulated Steel Framed Exterior Floor,,90.1-2013,code_prototype_rules,source,normalized
construction-474371c936793db91326b7f1,Typical Insulated Steel Framed Exterior Wall,,DOE Ref Pre-1980,existing_stock_benchmark,source,normalized
construction-474a746d14e9551e3a5b448f,Typical Interior Ceiling,Hospital,DOE Ref Pre-1980,existing_stock_benchmark,source,normalized
construction-474d673932514d2bbba5c3a0,LargeHotel construction package,LargeHotel,DOE Ref Pre-1980,existing_stock_benchmark,source,normalized
construction-474e0bea95dd662f636be15a,Typical Insulated Wood Framed Exterior Wall,,DOE Ref Pre-1980,existing_stock_benchmark,source,normalized
construction-476f4f6dc9d492d5875923ba,Typical Insulated Exterior Mass Wall,,90.1-2019,code_prototype_rules,source,normalized
construction-4771bd838c38fb5c670f2a51,Typical Insulated Steel Framed Exterior Wall,,DOE Ref 1980-2004,existing_stock_benchmark,source,normalized
construction-478b7535c3983aa273926a14,Typical Wood Joist Attic Floor,,90.1-2019,code_prototype_rules,source,normalized
construction-479d22053e5ef103a499c8e4,Typical Interior Wall,SuperTallBuilding,90.1-2013,code_prototype_rules,source,normalized
construction-47a2c043d85f1f9b55987fbd,Typical IEAD Roof,,DOE Ref 1980-2004,existing_stock_benchmark,source,normalized
construction-47d115fb30312425b45ff4bf,Typical Wood Joist Attic Floor,,90.1-2013,code_prototype_rules,source,normalized
construction-47d950538adb10d2b9d80229,Typical IEAD Roof,,DOE Ref Pre-1980,existing_stock_benchmark,source,normalized
construction-47da78c26e83c456f77905d4,Typical Insulated Exterior Mass Wall,,DOE Ref 1980-2004,existing_stock_benchmark,source,normalized
construction-47dec14da04141079ff7b262,U 0.57 SHGC 0.39 Dbl Ref-D Clr 6mm/6mm Air,,DOE Ref 1980-2004,existing_stock_benchmark,source,normalized
construction-47f73923048f53701106e571,Adiabatic GroundContactFloor,,DOE Ref 1980-2004,existing_stock_benchmark,source,normalized
construction-47faa3a11deddcde4a36f59d,Typical Insulated Carpeted 6in Slab Floor,,90.1-2007,code_prototype_rules,source,normalized
construction-48028db7cd7f85f24d845c9d,Typical Insulated Metal Building Roof,,DOE Ref Pre-1980,existing_stock_benchmark,source,normalized
construction-481207d9587e1205e0a7350a,Typical IEAD Roof,,90.1-2019,code_prototype_rules,source,normalized
construction-48163803776c223da8e81307,U 1.22 SHGC 0.54 Simple Glazing,,DOE Ref Pre-1980,existing_stock_benchmark,source,normalized
construction-481af7865a57bf7a00dd9fb2,Typical Insulated Wood Framed Exterior Wall,,DOE Ref Pre-1980,existing_stock_benchmark,source,normalized
construction-482abb9dc8fa26cff2c0db28,Typical Insulated Exterior Mass Floor,,DOE Ref Pre-1980,existing_stock_benchmark,source,normalized
construction-482e0c28bd45cb2ba50bf9d1,Typical Insulated Carpeted 6in Slab Floor,,DOE Ref 1980-2004,existing_stock_benchmark,source,normalized
construction-48333e2adf03ca0628de217f,Adiabatic GroundContactFloor,,DOE Ref 1980-2004,existing_stock_benchmark,source,normalized
construction-483d2d4845dfb4f6958ecc56,Typical Interior Floor,SmallOfficeDetailed,DOE Ref Pre-1980,existing_stock_benchmark,source,normalized
construction-4865cf3532c9396f9bac825e,Typical Insulated Steel Framed Exterior Wall,,90.1-2007,code_prototype_rules,source,normalized
construction-487c9c6588690ec32106b85b,LargeHotel Interior Floor,LargeHotel,90.1-2019,code_prototype_rules,source,normalized
construction-489afb9816714c8bec58fb27,U 0.48 SHGC 0.45 Simple Glazing,,90.1-2019,code_prototype_rules,source,normalized
construction-48c559436563f492db052925,Typical Insulated Carpeted 6in Slab Floor,,90.1-2013,code_prototype_rules,source,normalized
construction-48d65be13bd8a34d920b8c28,Typical Insulated Exterior Mass Floor,,DOE Ref Pre-1980,existing_stock_benchmark,source,normalized
construction-48ddc061e2199e5e24860164,Typical Insulated Steel Framed Exterior Floor,,DOE Ref 1980-2004,existing_stock_benchmark,source,normalized
construction-48e070c56122df6502146e61,Typical Insulated Steel Framed Exterior Floor,,90.1-2019,code_prototype_rules,source,normalized
construction-48e4a865cfa101f44baea886,Dwelling enclosure / source_building_509305,MultiFamily2To4,ResStock SDR source fixture,existing_stock_source_fixture,source,normalized
construction-48eb56b0913a0870ffe38532,Typical Insulated Metal Building Wall,,90.1-2013,code_prototype_rules,source,normalized
construction-491a7594817306fc349a9d1d,Typical IEAD Roof,,90.1-2019,code_prototype_rules,source,normalized
construction-4936adc8cbdaa57fe5cafa1c,Dwelling enclosure / source_building_452273,SingleFamilyDetached,ResStock SDR source fixture,existing_stock_source_fixture,source,normalized
construction-494b37bcae15540a0eb76be3,U 1.22 SHGC 0.25 Sgl Elec Ref Colored 6mm,,DOE Ref 1980-2004,existing_stock_benchmark,source,normalized
construction-4950976a254a35b8922fb07f,U 0.57 SHGC 0.25 Simple Glazing,,90.1-2013,code_prototype_rules,source,normalized
construction-49657b3b62fa9d7a18abe444,Typical Insulated Metal Building Wall,,90.1-2007,code_prototype_rules,source,normalized
construction-496c6aedde8e1f82b7b426ac,Typical Insulated Carpeted 8in Slab Floor,,90.1-2019,code_prototype_rules,source,normalized
construction-497315dcd260f76c71d8b91a,Typical Insulated Basement Mass Wall,,DOE Ref Pre-1980,existing_stock_benchmark,source,normalized
construction-497d546c024e16bcf4d8ce07,Typical Interior Floor,RetailStripmall,DOE Ref 1980-2004,existing_stock_benchmark,source,normalized
construction-4981f71fe37666b972a5d5e1,Typical Interior Floor,HighriseApartment,90.1-2013,code_prototype_rules,source,normalized
construction-49970fa1b91c0abe6bb5ccef,Typical Insulated Carpeted 6in Slab Floor,,DOE Ref 1980-2004,existing_stock_benchmark,source,normalized
construction-49a33a102f3d74dc3832bff1,Typical Insulated Wood Framed Exterior Floor,,DOE Ref Pre-1980,existing_stock_benchmark,source,normalized
construction-49a6b10f1dd9b23cbca52fec,Typical Insulated Carpeted 6in Slab Floor,,DOE Ref Pre-1980,existing_stock_benchmark,source,normalized
construction-49a8d4a07d86ba53fa280d20,Typical Insulated Steel Framed Exterior Wall,,DOE Ref Pre-1980,existing_stock_benchmark,source,normalized
construction-49b34411f308c51c08528a36,Typical Insulated Carpeted 6in Slab Floor,,DOE Ref 1980-2004,existing_stock_benchmark,source,normalized
construction-49d6bd872d1eec0cad6f6e01,Typical Insulated Wood Framed Exterior Wall,,90.1-2007,code_prototype_rules,source,normalized
construction-4a01abe6e64ae4eb37c9924e,Typical Insulated Metal Building Roof,,DOE Ref 1980-2004,existing_stock_benchmark,source,normalized
construction-4a0d5f538d522d68e6ed2694,Any construction package,Any,DOE Ref Pre-1980,existing_stock_benchmark,source,normalized
construction-4a38583c1f75ba377d1fcedd,Typical Insulated Metal Building Wall,,90.1-2013,code_prototype_rules,source,normalized
construction-4a3fb1ba4d31f7226567676c,Typical Insulated Wood Framed Exterior Wall,,90.1-2019,code_prototype_rules,source,normalized
construction-4a40347a918e42a0f7da7569,Typical IEAD Roof,,90.1-2013,code_prototype_rules,source,normalized
construction-4a494a46d08c1b8994dcda26,Typical Insulated Steel Framed Exterior Floor,,90.1-2007,code_prototype_rules,source,normalized
construction-4a58f97ce033b7cbed240e6b,int_slab_floor_smallhotel,SmallHotel,90.1-2007,code_prototype_rules,source,normalized
construction-4a74f98941ddbac3ab3a91ce,Adiabatic ExteriorFloor,,DOE Ref Pre-1980,existing_stock_benchmark,source,normalized
construction-4a7f5d6942ab977234f8cb74,U 0.57 SHGC 0.25 Simple Glazing,,90.1-2013,code_prototype_rules,source,normalized
construction-4a87ad1bd44f240d2de025fd,Typical Interior Floor,SecondarySchool,90.1-2007,code_prototype_rules,source,normalized
construction-4a94b22b7d3519e210a4017a,Typical Wood Joist Attic Floor,,90.1-2013,code_prototype_rules,source,normalized
construction-4a9abf945c5c9e384257096b,Typical Insulated Exterior Mass Floor,,DOE Ref 1980-2004,existing_stock_benchmark,source,normalized
construction-4aa2012bd9bc627932c4e050,U 0.4 SHGC 0.45 Simple Glazing,,90.1-2007,code_prototype_rules,source,normalized
construction-4ac5600375f1d1738f75a11a,Typical Interior Ceiling,Outpatient,DOE Ref Pre-1980,existing_stock_benchmark,source,normalized
construction-4acfd780350e9ae188119da1,Typical Interior Wall,MidriseApartment,DOE Ref Pre-1980,existing_stock_benchmark,source,normalized
construction-4ae19405dd307953b549f06e,Typical Insulated Basement Mass Wall,,90.1-2013,code_prototype_rules,source,normalized
construction-4aedd9016583fb0565161ddb,int_slab_floor_smallhotel,SmallHotel,90.1-2019,code_prototype_rules,source,normalized
construction-4afb192deeaeb7a68cc0d19a,Typical Insulated Steel Framed Exterior Floor,,DOE Ref Pre-1980,existing_stock_benchmark,source,normalized
construction-4afdfb6cd3fb13a51004d49d,Typical Interior Wall,Laboratory,90.1-2013,code_prototype_rules,source,normalized
construction-4b03a6ea35a12f54995b9b31,Typical Wood Joist Attic Floor,,DOE Ref 1980-2004,existing_stock_benchmark,source,normalized
construction-4b0f0e844bef3b08c4e64cb2,U 0.45 SHGC 0.4 Simple Glazing,,90.1-2007,code_prototype_rules,source,normalized
construction-4b21a45c1951396ae51b9684,Typical Insulated Carpeted 6in Slab Floor,,DOE Ref 1980-2004,existing_stock_benchmark,source,normalized
construction-4b410b7bc429da8e030bcde9,Typical Insulated Exterior Mass Floor,,90.1-2007,code_prototype_rules,source,normalized
construction-4b42c36af18c15ffe5ae029a,Typical Wood Joist Attic Floor,,DOE Ref 1980-2004,existing_stock_benchmark,source,normalized
construction-4b88cf2d7f0aa4d683c975d8,Typical Insulated Wood Framed Exterior Floor,,DOE Ref Pre-1980,existing_stock_benchmark,source,normalized
construction-4b94cf0f7f7c43c39a9bef07,Typical Insulated Metal Building Wall,,90.1-2007,code_prototype_rules,source,normalized
construction-4b9f50c974f3ed3d4d7461e4,U 0.36 SHGC 0.36 Simple Glazing,,90.1-2019,code_prototype_rules,source,normalized
construction-4bc4724c47aafc0bf58e4a8b,Typical Insulated Carpeted 6in Slab Floor,,90.1-2019,code_prototype_rules,source,normalized
construction-4bfe32f3592909517b3b7fbd,Typical Insulated Steel Framed Exterior Wall,,90.1-2007,code_prototype_rules,source,normalized
construction-4c2cb35922987ad4fe94553c,Typical IEAD Roof,,90.1-2013,code_prototype_rules,source,normalized
construction-4c2cd27a9cd70f2b4cec3af4,U 0.57 SHGC 0.39 Dbl Ref-D Clr 6mm/6mm Air,,DOE Ref Pre-1980,existing_stock_benchmark,source,normalized
construction-4c3cba3a6c3f419eba6eca13,Typical Insulated Basement Mass Wall,,90.1-2007,code_prototype_rules,source,normalized
construction-4c4869007c9787768b90c39f,Typical Insulated Metal Building Roof,,DOE Ref Pre-1980,existing_stock_benchmark,source,normalized
construction-4c62c1ea761c21f805a99db5,Typical Insulated Exterior Mass Wall,,DOE Ref 1980-2004,existing_stock_benchmark,source,normalized
construction-4c665f4c7610c3f948f0e33d,Adiabatic Roof,,90.1-2013,code_prototype_rules,source,normalized
construction-4c8b0dfd175f8eea49a7e6cb,Typical Insulated Steel Framed Exterior Floor,,DOE Ref Pre-1980,existing_stock_benchmark,source,normalized
construction-4c932cd02a12580bd4d026df,U 0.59 SHGC 0.45 Simple Glazing,,90.1-2013,code_prototype_rules,source,normalized
construction-4ca952248d7c711b696c58f7,Adiabatic Roof,,DOE Ref 1980-2004,existing_stock_benchmark,source,normalized
construction-4cb4218fec4578f7e1f6ba36,Typical IEAD Roof,,90.1-2013,code_prototype_rules,source,normalized
construction-4cb8f2a70b431090f164c9f6,Typical Insulated Basement Mass Wall,,DOE Ref Pre-1980,existing_stock_benchmark,source,normalized
construction-4d16bd19b7ae8bc9eb855d21,U 1.2 SHGC 0.25 Simple Glazing,,90.1-2007,code_prototype_rules,source,normalized
construction-4d2c06d7a15d7d7528946395,Typical Insulated Basement Mass Wall,,DOE Ref 1980-2004,existing_stock_benchmark,source,normalized
construction-4d39bcccea0c0d18bd78c4f9,Typical Insulated Carpeted 6in Slab Floor,,90.1-2019,code_prototype_rules,source,normalized
construction-4d5734ab1ccbdc70fc5b115b,Typical Insulated Carpeted 6in Slab Floor,,DOE Ref Pre-1980,existing_stock_benchmark,source,normalized
construction-4d614c8794db40574680d1e6,Typical Insulated Wood Framed Exterior Floor,,DOE Ref Pre-1980,existing_stock_benchmark,source,normalized
construction-4d68b74b483cb338735f9a9e,Typical Insulated Carpeted 6in Slab Floor,,90.1-2019,code_prototype_rules,source,normalized
construction-4d77739c3135611f5e4b059a,Typical Insulated Basement Mass Wall,,DOE Ref 1980-2004,existing_stock_benchmark,source,normalized
construction-4d77f1a45cdc6354fe061de0,Typical Insulated Steel Framed Exterior Wall,,90.1-2019,code_prototype_rules,source,normalized
construction-4d92bb788cb7b044a131c9f8,Typical Insulated Carpeted 6in Slab Floor,,DOE Ref Pre-1980,existing_stock_benchmark,source,normalized
construction-4daf4ad9aeaa49473a777aaf,Adiabatic GroundContactFloor,,DOE Ref Pre-1980,existing_stock_benchmark,source,normalized
construction-4db103ceda58700d1749d3ce,Typical Interior Wall,LargeHotel,DOE Ref Pre-1980,existing_stock_benchmark,source,normalized
construction-4dc9a7cf729d9d4be034ef5b,U 1.2 SHGC 0.45 Simple Glazing,,90.1-2013,code_prototype_rules,source,normalized
construction-4df0ad19c6560069190fcc22,Typical Interior Wall,HighriseApartment,90.1-2019,code_prototype_rules,source,normalized
construction-4df1deee1d1e43de1b9fcf31,Typical IEAD Roof,,DOE Ref 1980-2004,existing_stock_benchmark,source,normalized
construction-4e1a90f6bd8b00fe75f245c0,Typical Interior Wall,Courthouse,DOE Ref 1980-2004,existing_stock_benchmark,source,normalized
construction-4e2c2f32c503c88876ea647d,Warehouse construction package,Warehouse,90.1-2019,code_prototype_rules,source,normalized
construction-4e3129652bbeeffb8b46eaa5,Typical Insulated Carpeted 6in Slab Floor,,DOE Ref 1980-2004,existing_stock_benchmark,source,normalized
construction-4e444ce4c0081deb4d38ac8f,Typical Insulated Wood Framed Exterior Floor,,90.1-2019,code_prototype_rules,source,normalized
construction-4e7395240f03a91dd57dc4fa,Typical Interior Wall,MediumOfficeDetailed,90.1-2019,code_prototype_rules,source,normalized
construction-4e829afde69e04484512b926,Typical Insulated Wood Framed Exterior Floor,,DOE Ref Pre-1980,existing_stock_benchmark,source,normalized
construction-4e87e39778a9e93b6ad65a83,U 0.57 SHGC 0.49 Dbl Blue 6mm/6mm Air,,DOE Ref Pre-1980,existing_stock_benchmark,source,normalized
construction-4e8ec0546f64c10309bb7d89,U 0.57 SHGC 0.49 Dbl Blue 6mm/6mm Air,,DOE Ref Pre-1980,existing_stock_benchmark,source,normalized
construction-4e96ff86c084eafa68a6fc32,Typical Insulated Steel Framed Exterior Floor,,DOE Ref 1980-2004,existing_stock_benchmark,source,normalized
construction-4ea0a99f200a66e6f1b7e5d4,Adiabatic GroundContactFloor,,90.1-2013,code_prototype_rules,source,normalized
construction-4ea5ff5e417c41afce797542,Typical Insulated Exterior Mass Floor,,DOE Ref 1980-2004,existing_stock_benchmark,source,normalized
construction-4eb0219b08d613bee61bc130,Typical Insulated Basement Mass Wall,,DOE Ref Pre-1980,existing_stock_benchmark,source,normalized
construction-4eb1b33f9c4c0d23dd70401d,U 1.22 SHGC 0.25 Sgl Elec Ref Colored 6mm,,DOE Ref 1980-2004,existing_stock_benchmark,source,normalized
construction-4ebf6bbb76467ae4a2718c95,LargeHotel Interior Ceiling,LargeHotel,90.1-2019,code_prototype_rules,source,normalized
construction-4eddc8a89e890ee17d00fe02,Typical Wood Joist Attic Floor,,DOE Ref Pre-1980,existing_stock_benchmark,source,normalized
construction-4eeeb4f1a8f3ae2ff487d191,Typical Insulated Metal Building Wall,,DOE Ref 1980-2004,existing_stock_benchmark,source,normalized
construction-4f21efddefee72179f74af1e,Typical Wood Joist Attic Floor,,90.1-2019,code_prototype_rules,source,normalized
construction-4f42aada231163f8d54d9fab,U 0.42 SHGC 0.34 Simple Glazing,,90.1-2019,code_prototype_rules,source,normalized
construction-4f4d2e3148255e26168fb148,Typical Insulated Basement Mass Wall,,DOE Ref 1980-2004,existing_stock_benchmark,source,normalized
construction-4f55fb0fca99537bce9ce96a,Typical Insulated Metal Building Roof,,DOE Ref Pre-1980,existing_stock_benchmark,source,normalized
construction-4f899bc69096064cc71dc9e9,Typical Interior Ceiling,PrimarySchool,90.1-2007,code_prototype_rules,source,normalized
construction-4f9543110f3e6b2395ae5a5c,U 0.45 SHGC 0.45 Simple Glazing,,90.1-2007,code_prototype_rules,source,normalized
construction-4f96ff76967b6d5b564a9741,Typical Insulated Metal Building Roof,,DOE Ref 1980-2004,existing_stock_benchmark,source,normalized
construction-4f9a964585ce0797bb6096c3,Typical Insulated Carpeted 6in Slab Floor,,DOE Ref 1980-2004,existing_stock_benchmark,source,normalized
construction-4f9c564da74b824a18aafbba,Typical Insulated Metal Building Roof,,DOE Ref Pre-1980,existing_stock_benchmark,source,normalized
construction-4fa832505d197f3a1d319bab,Typical Interior Wall,FullServiceRestaurant,DOE Ref Pre-1980,existing_stock_benchmark,source,normalized
construction-4fbb26f3e959fd5f6717dce1,Typical Insulated Basement Mass Wall,,DOE Ref 1980-2004,existing_stock_benchmark,source,normalized
construction-4ff1e189177570d80ef40067,Typical Insulated Steel Framed Exterior Floor,,90.1-2019,code_prototype_rules,source,normalized
construction-500273249f2397e6b42e014b,Typical Insulated Steel Framed Exterior Floor,,DOE Ref 1980-2004,existing_stock_benchmark,source,normalized
construction-5006c321d0b6848aa1178b9d,Typical Interior Ceiling,SecondarySchool,DOE Ref Pre-1980,existing_stock_benchmark,source,normalized
construction-500b4753baf7e07c497a2cdb,Typical Insulated Metal Building Wall,,DOE Ref 1980-2004,existing_stock_benchmark,source,normalized
construction-5020c16526545adc58426016,U 0.45 SHGC 0.33 Simple Glazing,,90.1-2019,code_prototype_rules,source,normalized
construction-504ec6df6560c7b8477b58c1,U 1.22 SHGC 0.25 Sgl Elec Ref Colored 6mm,,DOE Ref 1980-2004,existing_stock_benchmark,source,normalized
construction-505edb72df5dd4a2c0f40389,Typical Insulated Carpeted 6in Slab Floor,,DOE Ref 1980-2004,existing_stock_benchmark,source,normalized
construction-5062768ec05bec602ff300ca,U 1.22 SHGC 0.25 Sgl Elec Ref Colored 6mm,,DOE Ref 1980-2004,existing_stock_benchmark,source,normalized
construction-506c7efa5d951bc22d521b6a,Typical Wood Joist Attic Floor,,90.1-2007,code_prototype_rules,source,normalized
construction-5084e6b83486050b126c5e0a,Typical Insulated Exterior Mass Floor,,DOE Ref Pre-1980,existing_stock_benchmark,source,normalized
construction-508f06fb7eddbeda3e98eaad,HighriseApartment construction package,HighriseApartment,90.1-2019,code_prototype_rules,source,normalized
construction-509178bb29e14a1761873e92,Typical Insulated Carpeted 6in Slab Floor,,90.1-2013,code_prototype_rules,source,normalized
construction-5094b353c74e767c88cd5ab9,Typical Insulated Exterior Mass Floor,,DOE Ref Pre-1980,existing_stock_benchmark,source,normalized
construction-50a088879b4d7d48396a84e2,Typical Insulated Wood Framed Exterior Wall,,DOE Ref 1980-2004,existing_stock_benchmark,source,normalized
construction-50bb61fc783f2e4dde94a982,Typical Insulated Metal Building Wall,,DOE Ref 1980-2004,existing_stock_benchmark,source,normalized
construction-50d949772c752258f5312cc2,U 0.57 SHGC 0.25 Simple Glazing,,90.1-2013,code_prototype_rules,source,normalized
construction-50fe29285dbbc0cf8a6205c1,Typical Insulated Exterior Mass Floor,,DOE Ref Pre-1980,existing_stock_benchmark,source,normalized
construction-5105b4e1fc1bcc744a62139c,Adiabatic Wall,,DOE Ref 1980-2004,existing_stock_benchmark,source,normalized
construction-5117aee345db535f48ccb865,Typical Interior Floor,Office,90.1-2007,code_prototype_rules,source,normalized
construction-5123365fae78ac958340b7bf,Typical Interior Ceiling,Hospital,90.1-2019,code_prototype_rules,source,normalized
construction-515a9e3c29a41a326fecac57,U 1.22 SHGC 0.25 Sgl Elec Ref Colored 6mm,,DOE Ref 1980-2004,existing_stock_benchmark,source,normalized
construction-515ec2b4055c7c25e60d5316,Typical Insulated Carpeted 6in Slab Floor,,90.1-2007,code_prototype_rules,source,normalized
construction-5168abdc04d030e8237ff6e8,Typical Insulated Exterior Mass Wall,,DOE Ref Pre-1980,existing_stock_benchmark,source,normalized
construction-5190bf46312e6003805537df,Typical Insulated Carpeted 6in Slab Floor,,DOE Ref Pre-1980,existing_stock_benchmark,source,normalized
construction-519fd6b2ac684e533e5d6a2e,U 0.5 SHGC 0.25 Simple Glazing,,90.1-2013,code_prototype_rules,source,normalized
construction-51a82635de85d5d33637f028,Typical Interior Ceiling,Outpatient,DOE Ref 1980-2004,existing_stock_benchmark,source,normalized
construction-51bdcb3f3262e50720fb69b5,Adiabatic ExteriorFloor,,90.1-2013,code_prototype_rules,source,normalized
construction-51c9d2307991aadd84237c73,Typical Insulated Metal Building Wall,,90.1-2013,code_prototype_rules,source,normalized
construction-51ca43fcae6f5b3cb57cce9f,U 0.4 SHGC 0.45 Simple Glazing,,90.1-2013,code_prototype_rules,source,normalized
construction-51e364a5ce9b744252d5ab2d,Typical Insulated Exterior Mass Floor,,DOE Ref 1980-2004,existing_stock_benchmark,source,normalized
construction-51e8fd1abeba3103e504694f,Typical Insulated Wood Framed Exterior Wall,,DOE Ref Pre-1980,existing_stock_benchmark,source,normalized
construction-51f32dfd43b53282d2a7fdd9,Typical Insulated Metal Building Wall,,DOE Ref Pre-1980,existing_stock_benchmark,source,normalized
construction-51fdb1d79f20860a00d1b3ed,Adiabatic GroundContactFloor,,90.1-2007,code_prototype_rules,source,normalized
construction-521615b25e24a7d031ccce49,Typical Insulated Steel Framed Exterior Wall,,DOE Ref Pre-1980,existing_stock_benchmark,source,normalized
construction-521fe5d4b454d75f0dcd2bca,U 0.46 SHGC 0.45 Dbl Grey 6mm/13mm Air,,DOE Ref Pre-1980,existing_stock_benchmark,source,normalized
construction-523d8c0225fba63ecbdee6bc,Typical IEAD Roof,,90.1-2013,code_prototype_rules,source,normalized
construction-525468f56e5df527851c0dfa,Typical Interior Ceiling,Outpatient,90.1-2019,code_prototype_rules,source,normalized
construction-52a55a8fa8f20d87d41453d4,Typical IEAD Roof,,DOE Ref Pre-1980,existing_stock_benchmark,source,normalized
construction-52b2fbd14c774d412e73a400,LargeOfficeDetailed construction package,LargeOfficeDetailed,90.1-2013,code_prototype_rules,source,normalized
construction-52b3ee80a55fbe393e972a41,Typical Insulated Steel Framed Exterior Wall,,DOE Ref Pre-1980,existing_stock_benchmark,source,normalized
construction-52b6b34e9f64470a6ae2ab52,LargeHotel Interior Wall,LargeHotel,90.1-2019,code_prototype_rules,source,normalized
construction-52f4b18a342d80c086112ada,Typical IEAD Roof - Highly Reflective,,90.1-2007,code_prototype_rules,source,normalized
construction-531d713e4a07918fe6262a6a,U 0.36 SHGC 0.45 Simple Glazing,,90.1-2019,code_prototype_rules,source,normalized
construction-532a81d561d951df07598ded,Typical Insulated Carpeted 6in Slab Floor,,DOE Ref Pre-1980,existing_stock_benchmark,source,normalized
construction-5339516221c5abde2f91adb3,Typical Wood Joist Attic Floor,,DOE Ref 1980-2004,existing_stock_benchmark,source,normalized
construction-5339fe57dc776e7c4860ae61,U 0.81 SHGC 0.45 Simple Glazing,,90.1-2013,code_prototype_rules,source,normalized
construction-533c37cd1ea680a3d69cb330,Typical Insulated Carpeted 6in Slab Floor,,DOE Ref Pre-1980,existing_stock_benchmark,source,normalized
construction-534012bebcb5a24fd68cbf83,Typical Insulated Metal Building Wall,,DOE Ref Pre-1980,existing_stock_benchmark,source,normalized
construction-5350bb15c8973d01806c777d,U 1.22 SHGC 0.25 Sgl Elec Ref Colored 6mm,,DOE Ref Pre-1980,existing_stock_benchmark,source,normalized
construction-535e97db0841c8b89d19ac24,Typical Insulated Metal Building Roof,,DOE Ref 1980-2004,existing_stock_benchmark,source,normalized
construction-53690f4605dd30d0c2a8ca22,Typical Insulated Metal Building Wall,,90.1-2013,code_prototype_rules,source,normalized
construction-53723cebafda90236919ed7b,Typical Insulated Wood Framed Exterior Floor,,DOE Ref 1980-2004,existing_stock_benchmark,source,normalized
construction-53aecd4e36b659c7c685baa7,Typical Insulated Steel Framed Exterior Wall,,90.1-2013,code_prototype_rules,source,normalized
construction-53c11e6370cbb10d4ed0e31d,Typical Interior Floor,Hospital,DOE Ref Pre-1980,existing_stock_benchmark,source,normalized
construction-53d5ac2872550c4208fe6fa4,Typical Wood Joist Attic Floor,,90.1-2013,code_prototype_rules,source,normalized
construction-53dadd8651ce0eead76b8031,Typical Insulated Steel Framed Exterior Wall,,90.1-2013,code_prototype_rules,source,normalized
construction-53fea2ce272b95727aa68ac9,Typical Insulated Wood Framed Exterior Floor,,DOE Ref Pre-1980,existing_stock_benchmark,source,normalized
construction-5405d1019dbb7465adb35bee,Typical Insulated Exterior Mass Wall,,DOE Ref 1980-2004,existing_stock_benchmark,source,normalized
construction-5407bc3b38daea3d63f61d08,Typical Insulated Exterior Mass Wall,,90.1-2013,code_prototype_rules,source,normalized
construction-541d9e119c82685bf300936d,Typical Insulated Steel Framed Exterior Wall,,90.1-2019,code_prototype_rules,source,normalized
construction-5425e452333644ca75177bfa,U 0.57 SHGC 0.39 Dbl Ref-D Clr 6mm/6mm Air,,DOE Ref Pre-1980,existing_stock_benchmark,source,normalized
construction-542ffe8af7ea6aec7c3524ae,Typical Insulated Wood Framed Exterior Wall,,90.1-2013,code_prototype_rules,source,normalized
construction-543078569f0374e9215915d9,Typical Insulated Basement Mass Wall,,DOE Ref 1980-2004,existing_stock_benchmark,source,normalized
construction-5440718b3d25b0e57bab033d,Typical Insulated Steel Framed Exterior Wall,,90.1-2013,code_prototype_rules,source,normalized
construction-54616b459dd2d45e52c4f89f,Typical Insulated Steel Framed Exterior Wall,,90.1-2019,code_prototype_rules,source,normalized
construction-546646007fb2cb42f1f6833f,Typical Interior Floor,LargeDataCenterLowITE,90.1-2013,code_prototype_rules,source,normalized
construction-5469b1935ac801089447fa4d,U 0.42 SHGC 0.4 Simple Glazing,,90.1-2013,code_prototype_rules,source,normalized
construction-54712e44ca240fc23dc26713,Typical IEAD Roof - Highly Reflective,,90.1-2007,code_prototype_rules,source,normalized
construction-547133de1a314011bd3d4129,Typical Interior Floor,Warehouse,90.1-2007,code_prototype_rules,source,normalized
construction-547201dd554878910c50b3d0,Typical Insulated Carpeted 6in Slab Floor,,90.1-2007,code_prototype_rules,source,normalized
construction-54782599ac949bb0ba1332ca,Typical Insulated Carpeted 6in Slab Floor,,DOE Ref 1980-2004,existing_stock_benchmark,source,normalized
construction-5479a1093cc73948c4b44d0a,Typical Wood Joist Attic Floor,,90.1-2007,code_prototype_rules,source,normalized
construction-54874c9fcb71e21c47544fec,U 0.57 SHGC 0.39 Dbl Ref-D Clr 6mm/6mm Air,,DOE Ref Pre-1980,existing_stock_benchmark,source,normalized
construction-5487e81d6cf4d06fe24c59ae,Typical Insulated Exterior Mass Wall,,DOE Ref 1980-2004,existing_stock_benchmark,source,normalized
construction-54a5d97a86eb9b4d4389ef58,Typical Insulated Steel Framed Exterior Floor,,90.1-2013,code_prototype_rules,source,normalized
construction-54b6d3c88a704a3b8a274010,U 1.2 SHGC 0.25 Simple Glazing,,90.1-2007,code_prototype_rules,source,normalized
construction-54e346756529526eb73d0127,Typical Insulated Basement Mass Wall,,DOE Ref 1980-2004,existing_stock_benchmark,source,normalized
construction-54ef817e684bb0e0cf41e4af,Adiabatic Roof,,90.1-2007,code_prototype_rules,source,normalized
construction-54f49b747be4ccc906b805ba,Typical Insulated Carpeted 6in Slab Floor,,DOE Ref Pre-1980,existing_stock_benchmark,source,normalized
construction-55087b52db558abeb59cd25b,Typical Interior Floor,MediumOfficeDetailed,DOE Ref 1980-2004,existing_stock_benchmark,source,normalized
construction-5510090272ba372246d569e6,Typical Wood Joist Attic Floor,,DOE Ref 1980-2004,existing_stock_benchmark,source,normalized
construction-55249887867113d33f67f1c3,Typical Insulated Exterior Mass Floor,,DOE Ref Pre-1980,existing_stock_benchmark,source,normalized
construction-5530434bdcf30ba6a9898d34,Typical Insulated Steel Framed Exterior Floor,,DOE Ref 1980-2004,existing_stock_benchmark,source,normalized
construction-553b33a5cfb6e44433f70abd,Typical Wood Joist Attic Floor,,90.1-2013,code_prototype_rules,source,normalized
construction-55406e994132c4fc7a6f4ca9,Typical Insulated Metal Building Roof,,DOE Ref 1980-2004,existing_stock_benchmark,source,normalized
construction-55576133192061d20e43e4e7,Typical Insulated Carpeted 6in Slab Floor,,DOE Ref Pre-1980,existing_stock_benchmark,source,normalized
construction-55847762ff12f855d7002d31,Typical Insulated Carpeted 6in Slab Floor,,90.1-2013,code_prototype_rules,source,normalized
construction-5586932abdd639e8b23373a1,U 1.2 SHGC 0.25 Simple Glazing,,90.1-2007,code_prototype_rules,source,normalized
construction-558c58de693b26981acb5fe2,Typical Insulated Steel Framed Exterior Floor,,DOE Ref Pre-1980,existing_stock_benchmark,source,normalized
construction-559690fbeebcf920a4052b26,Typical Insulated Metal Building Roof,,90.1-2007,code_prototype_rules,source,normalized
construction-55ac80ca1409c546e5532928,Typical Insulated Wood Framed Exterior Wall,,90.1-2007,code_prototype_rules,source,normalized
construction-55c3622539515639fa39e6b3,U 1.2 SHGC 0.25 Simple Glazing,,90.1-2007,code_prototype_rules,source,normalized
construction-55fe83a72b590b2f085ddf4f,Typical Interior Ceiling,RetailStandalone,DOE Ref Pre-1980,existing_stock_benchmark,source,normalized
construction-560951eebfe861a0a2963981,Typical Insulated Wood Framed Exterior Floor,,DOE Ref 1980-2004,existing_stock_benchmark,source,normalized
construction-560f6e71342a80ec9570610f,Typical Wood Joist Attic Floor,,90.1-2007,code_prototype_rules,source,normalized
construction-5648cc2e630a8d1a887ed639,U 0.57 SHGC 0.39 Dbl Ref-D Clr 6mm/6mm Air,,DOE Ref Pre-1980,existing_stock_benchmark,source,normalized
construction-565acd15580ad3fd976b2d28,Adiabatic ExteriorFloor,,90.1-2007,code_prototype_rules,source,normalized
construction-566419f0984f7fde07d6d105,Typical Insulated Carpeted 6in Slab Floor,,90.1-2013,code_prototype_rules,source,normalized
construction-5672173a89f8a980d96a03c1,Typical Insulated Carpeted 6in Slab Floor,,DOE Ref 1980-2004,existing_stock_benchmark,source,normalized
construction-567c0fe243e2ded426552458,Typical Insulated Steel Framed Exterior Wall,,90.1-2007,code_prototype_rules,source,normalized
construction-5681d618038bb63c8fae4e6f,SmallOffice construction package,SmallOffice,90.1-2013,code_prototype_rules,source,normalized
construction-56a1438717850a684a867281,Typical Insulated Metal Building Roof,,90.1-2013,code_prototype_rules,source,normalized
construction-56ae779606ba915823a671ff,Typical IEAD Roof,,90.1-2019,code_prototype_rules,source,normalized
construction-56b0b951f0765af31d4d6012,U 1.22 SHGC 0.25 Sgl Elec Ref Colored 6mm,,DOE Ref Pre-1980,existing_stock_benchmark,source,normalized
construction-56dd582e00a3c59e004089cf,U 1.22 SHGC 0.25 Sgl Elec Ref Colored 6mm,,DOE Ref 1980-2004,existing_stock_benchmark,source,normalized
construction-56dd84a03a331d2d3c4e51be,Typical Interior Ceiling,Warehouse,90.1-2019,code_prototype_rules,source,normalized
construction-56e6ea8657aff56d14b25deb,Typical Insulated Steel Framed Exterior Wall,,DOE Ref Pre-1980,existing_stock_benchmark,source,normalized
construction-56fb0949983d3c7457227922,Typical Insulated Steel Framed Exterior Wall,,DOE Ref Pre-1980,existing_stock_benchmark,source,normalized
construction-57199c17dd84fdb7f8bb6507,Typical Interior Floor,SmallDataCenterLowITE,90.1-2019,code_prototype_rules,source,normalized
construction-572b61b89cf227395ea664b6,Typical Insulated Metal Building Roof,,90.1-2007,code_prototype_rules,source,normalized
construction-57329131ab0208e975a4b377,Typical Insulated Carpeted 6in Slab Floor,,DOE Ref Pre-1980,existing_stock_benchmark,source,normalized
construction-5734e8e42650532c00606208,Typical Wood Joist Attic Floor,,DOE Ref 1980-2004,existing_stock_benchmark,source,normalized
construction-574af2d943f5fcf687cfdf3b,Typical Insulated Carpeted 6in Slab Floor,,DOE Ref Pre-1980,existing_stock_benchmark,source,normalized
construction-57609d6c51882bb7249f12aa,Typical Insulated Carpeted 6in Slab Floor,,90.1-2007,code_prototype_rules,source,normalized
construction-5766911a198a71eeadbafe3a,Typical Insulated Carpeted 6in Slab Floor,,DOE Ref Pre-1980,existing_stock_benchmark,source,normalized
construction-57a24318ee36982561577b5e,Typical IEAD Roof,,90.1-2007,code_prototype_rules,source,normalized
construction-57ba2657d06db00069ac13ca,Adiabatic GroundContactFloor,,DOE Ref Pre-1980,existing_stock_benchmark,source,normalized
construction-57c3e65649416ec7802a3c4f,Adiabatic Roof,,DOE Ref Pre-1980,existing_stock_benchmark,source,normalized
construction-57e02c1f5ba829d440eb4a12,Typical Insulated Steel Framed Exterior Wall,,DOE Ref Pre-1980,existing_stock_benchmark,source,normalized
construction-57e102f5de828f8bd88d6719,Typical Insulated Wood Framed Exterior Wall,,DOE Ref Pre-1980,existing_stock_benchmark,source,normalized
construction-57ece5bee577aee719fcc0d3,Typical Insulated Exterior Mass Wall,,DOE Ref Pre-1980,existing_stock_benchmark,source,normalized
construction-57efaa6c3b3b63160c27f5fc,Typical Insulated Exterior Mass Floor,,DOE Ref 1980-2004,existing_stock_benchmark,source,normalized
construction-57f1a47029aca16b682756fe,Typical Insulated Metal Building Wall,,DOE Ref Pre-1980,existing_stock_benchmark,source,normalized
construction-57fe5634f4f82b102d0a1c48,Typical Insulated Exterior Mass Floor,,DOE Ref Pre-1980,existing_stock_benchmark,source,normalized
construction-580b213d7fe844070e6b6186,SmallDataCenterHighITE construction package,SmallDataCenterHighITE,90.1-2019,code_prototype_rules,source,normalized
construction-581cddcdfd7fdab347d6b957,int_slab_floor_smallhotel,SmallHotel,90.1-2013,code_prototype_rules,source,normalized
construction-583ebce31a356868fb7c3eb7,Typical Insulated Exterior Mass Wall,,DOE Ref 1980-2004,existing_stock_benchmark,source,normalized
construction-5840d8f39c3474c50e13f3f2,Typical Insulated Wood Framed Exterior Floor,,DOE Ref Pre-1980,existing_stock_benchmark,source,normalized
construction-584abef39b086fd858723f81,Typical Insulated Steel Framed Exterior Floor,,90.1-2019,code_prototype_rules,source,normalized
construction-5859355824cba3f99a0451bc,Typical Insulated Steel Framed Exterior Floor,,90.1-2013,code_prototype_rules,source,normalized
construction-58647678b812ef161c1cf3f4,Typical Insulated Basement Mass Wall,,90.1-2013,code_prototype_rules,source,normalized
construction-586977316b522fee5747ba92,Typical Insulated Exterior Mass Wall,,90.1-2007,code_prototype_rules,source,normalized
construction-587342540a345c32bb5143b9,Typical Interior Ceiling,LargeOffice,90.1-2019,code_prototype_rules,source,normalized
construction-588c18a621639da083288bca,Typical Insulated Exterior Mass Wall,,DOE Ref 1980-2004,existing_stock_benchmark,source,normalized
construction-58b8ee3f03dba468c53aeef4,U 0.46 SHGC 0.45 Dbl Grey 6mm/13mm Air,,DOE Ref 1980-2004,existing_stock_benchmark,source,normalized
construction-58bc67f04c86971079e7cd2b,Typical Insulated Carpeted 6in Slab Floor,,90.1-2007,code_prototype_rules,source,normalized
construction-58bd2d13de80763cc9c38862,Typical Insulated Carpeted 8in Slab Floor,,90.1-2013,code_prototype_rules,source,normalized
construction-58c63c9b8260f2db5034ee95,Typical Insulated Wood Framed Exterior Floor,,DOE Ref Pre-1980,existing_stock_benchmark,source,normalized
construction-58cae3f69afb382093ce12f4,Typical Insulated Exterior Mass Wall,,DOE Ref Pre-1980,existing_stock_benchmark,source,normalized
construction-58e0e627c70074f7d0648e24,U 1.22 SHGC 0.25 Sgl Elec Ref Colored 6mm,,DOE Ref 1980-2004,existing_stock_benchmark,source,normalized
construction-591426c490ce4db74b246fac,Typical Insulated Metal Building Roof,,DOE Ref Pre-1980,existing_stock_benchmark,source,normalized
construction-591486a0f631355ee958b0ff,U 0.35 SHGC 0.4 Simple Glazing,,90.1-2007,code_prototype_rules,source,normalized
construction-591e9a22494a2d45847bdeb6,Typical Wood Joist Attic Floor,,DOE Ref 1980-2004,existing_stock_benchmark,source,normalized
construction-59230c839c95bbaad7df530b,Typical Insulated Wood Framed Exterior Wall,,90.1-2019,code_prototype_rules,source,normalized
construction-5930cdae86fbb9d5e33c057f,Typical Insulated Steel Framed Exterior Floor,,90.1-2013,code_prototype_rules,source,normalized
construction-5937ea1bfc88149191009c7a,LargeHotel Interior Wall,LargeHotel,90.1-2019,code_prototype_rules,source,normalized
construction-599b76357176e9460c30d827,Adiabatic Roof,,90.1-2007,code_prototype_rules,source,normalized
construction-59a633fe8eb6b961ac5ec4ed,U 0.75 SHGC 0.25 Simple Glazing,,90.1-2007,code_prototype_rules,source,normalized
construction-59c019aa594ca3f535ae58b7,Typical Insulated Metal Building Wall,,90.1-2013,code_prototype_rules,source,normalized
construction-59df8986270a9531f0df7229,Typical Interior Ceiling,FullServiceRestaurant,DOE Ref 1980-2004,existing_stock_benchmark,source,normalized
construction-59e08325d51945f5ce849e7e,Typical Insulated Steel Framed Exterior Wall,,90.1-2013,code_prototype_rules,source,normalized
construction-5a25a56ae5489bae652a264d,Typical Insulated Steel Framed Exterior Floor,,90.1-2013,code_prototype_rules,source,normalized
construction-5a38dcf314cc2e7e6ec7ed7c,U 1.22 SHGC 0.61 Sgl Green 6mm,,DOE Ref Pre-1980,existing_stock_benchmark,source,normalized
construction-5a5ad3fe9e0b82a2ca7ef454,int_slab_floor_smallhotel,SmallHotel,90.1-2019,code_prototype_rules,source,normalized
construction-5a7f9b91643b532b122e63ce,Typical Insulated Wood Framed Exterior Wall,,90.1-2019,code_prototype_rules,source,normalized
construction-5a84483981242793d25d450d,Typical Insulated Metal Building Wall,,DOE Ref Pre-1980,existing_stock_benchmark,source,normalized
construction-5a86030b9342eb2f2de2559e,Typical Insulated Carpeted 6in Slab Floor,,DOE Ref 1980-2004,existing_stock_benchmark,source,normalized
construction-5aa147cd9488ca2331c843e7,Typical Insulated Carpeted 6in Slab Floor,,DOE Ref 1980-2004,existing_stock_benchmark,source,normalized
construction-5ab841af5a35875dfb3a4e09,U 1.2 SHGC 0.45 Simple Glazing,,90.1-2013,code_prototype_rules,source,normalized
construction-5ac1de6334f8f16116bc5234,Typical Interior Wall,LargeDataCenterLowITE,90.1-2019,code_prototype_rules,source,normalized
construction-5ad112e199037b0aaf33039d,Typical Insulated Metal Building Roof,,DOE Ref 1980-2004,existing_stock_benchmark,source,normalized
construction-5ad272ffce1fc121c243fd38,Typical Interior Floor,QuickServiceRestaurant,DOE Ref 1980-2004,existing_stock_benchmark,source,normalized
construction-5ad8f7c4bb8dba640042f341,Typical Insulated Exterior Mass Floor,,DOE Ref Pre-1980,existing_stock_benchmark,source,normalized
construction-5ae05f3656b0296b96d62dc2,Typical Insulated Wood Framed Exterior Wall,,90.1-2007,code_prototype_rules,source,normalized
construction-5ae480c812bc39aa83e5162e,Typical Interior Floor,SmallOfficeDetailed,90.1-2007,code_prototype_rules,source,normalized
construction-5ae6d1f6d1fa55abe151f259,Typical Insulated Exterior Mass Floor,,DOE Ref 1980-2004,existing_stock_benchmark,source,normalized
construction-5aeffeea144b57a7473bf71c,Typical Insulated Metal Building Wall,,90.1-2019,code_prototype_rules,source,normalized
construction-5af38809d240c1215d1ee015,Typical Insulated Steel Framed Exterior Wall,,90.1-2007,code_prototype_rules,source,normalized
construction-5af93c3049b5a6625a4ac44c,Typical Insulated Wood Framed Exterior Floor,,DOE Ref 1980-2004,existing_stock_benchmark,source,normalized
construction-5b08b580f31b94a5901bb9a0,U 0.32 SHGC 0.4 Simple Glazing,,90.1-2013,code_prototype_rules,source,normalized
construction-5b0a59dde2c0abf521a034c1,Typical Interior Ceiling,SuperMarket,90.1-2019,code_prototype_rules,source,normalized
construction-5b13cb9fb1c1c90d1133ebe2,U 1.22 SHGC 0.25 Sgl Elec Ref Colored 6mm,,DOE Ref 1980-2004,existing_stock_benchmark,source,normalized
construction-5b2317ca23e2dda19037b89e,U 0.57 SHGC 0.39 Dbl Ref-D Clr 6mm/6mm Air,,DOE Ref 1980-2004,existing_stock_benchmark,source,normalized
construction-5b26a6585d04431a798de43a,Typical Interior Ceiling,MediumOffice,90.1-2007,code_prototype_rules,source,normalized
construction-5b29b6430871044c7ba4970c,U 1.22 SHGC 0.25 Sgl Elec Ref Colored 6mm,,DOE Ref Pre-1980,existing_stock_benchmark,source,normalized
construction-5b399679e7265d77bed3d0c7,Typical Interior Floor,SecondarySchool,DOE Ref Pre-1980,existing_stock_benchmark,source,normalized
construction-5b4d98367b32380dfde80bce,U 1.22 SHGC 0.25 Sgl Elec Ref Colored 6mm,,DOE Ref 1980-2004,existing_stock_benchmark,source,normalized
construction-5b5f582a8cc05661a03404d5,Typical Insulated Metal Building Wall,,90.1-2013,code_prototype_rules,source,normalized
construction-5b8773e21f3b326b905e8aad,Typical Wood Joist Attic Floor,,90.1-2013,code_prototype_rules,source,normalized
construction-5b8e787e505d57fb277db74d,Typical Insulated Metal Building Roof,,90.1-2007,code_prototype_rules,source,normalized
construction-5bfd6ddf11b1c2d12c2678ba,Typical Insulated Wood Framed Exterior Floor,,90.1-2019,code_prototype_rules,source,normalized
construction-5c00f4681f128743f59baa6d,Typical Insulated Exterior Mass Wall,,DOE Ref 1980-2004,existing_stock_benchmark,source,normalized
construction-5c0d741271b4117ae86212ed,Typical IEAD Roof,,90.1-2013,code_prototype_rules,source,normalized
construction-5c199a87f76f247cadbc5da1,College construction package,College,DOE Ref Pre-1980,existing_stock_benchmark,source,normalized
construction-5c29e2923271880e221b39dc,Typical Insulated Metal Building Roof,,DOE Ref 1980-2004,existing_stock_benchmark,source,normalized
construction-5c4cebbcb3e4affd5d36f103,Typical Insulated Exterior Mass Floor,,DOE Ref Pre-1980,existing_stock_benchmark,source,normalized
construction-5c52439c59d1ef89c82cadce,Typical Interior Ceiling,LargeDataCenterHighITE,90.1-2013,code_prototype_rules,source,normalized
construction-5c6daf18185c7533564999f6,Typical Insulated Metal Building Roof,,90.1-2019,code_prototype_rules,source,normalized
construction-5c6edd3eeeb296167c350033,Typical Insulated Carpeted 8in Slab Floor,,90.1-2013,code_prototype_rules,source,normalized
construction-5c7316dcc8db98562c870047,Typical Insulated Wood Framed Exterior Wall,,90.1-2007,code_prototype_rules,source,normalized
construction-5c79c0cc67e1277af72f14e1,Typical Insulated Wood Framed Exterior Wall,,DOE Ref Pre-1980,existing_stock_benchmark,source,normalized
construction-5c7c970324da6768a867fd3a,Typical Insulated Exterior Mass Wall,,DOE Ref 1980-2004,existing_stock_benchmark,source,normalized
construction-5c81e802193f3778a17752ec,Typical Insulated Steel Framed Exterior Floor,,90.1-2007,code_prototype_rules,source,normalized
construction-5c95f1b9ed37fdf7fee1b80e,Typical Insulated Exterior Mass Wall,,90.1-2007,code_prototype_rules,source,normalized
construction-5ca360c08510299d831a4e11,Typical Insulated Metal Building Roof,,DOE Ref Pre-1980,existing_stock_benchmark,source,normalized
construction-5caa35d62bdc1ea347256d74,Typical Interior Floor,QuickServiceRestaurant,90.1-2007,code_prototype_rules,source,normalized
construction-5cb5c807afd4b2560aa54f9b,Typical Insulated Wood Framed Exterior Wall,,90.1-2013,code_prototype_rules,source,normalized
construction-5cbe581b5fc0391f0402d5dd,Typical Insulated Wood Framed Exterior Wall,,90.1-2019,code_prototype_rules,source,normalized
construction-5cbef990a7ff943cc7e7b6d7,U 1.22 SHGC 0.25 Sgl Elec Ref Colored 6mm,,DOE Ref Pre-1980,existing_stock_benchmark,source,normalized
construction-5cbf54a882ebde7c79f6d91f,Plenum Acoustical Tile,Any,DOE Ref 1980-2004,existing_stock_benchmark,source,normalized
construction-5cc818ac18f8984363d4774d,Typical Interior Wall,LargeOffice,DOE Ref 1980-2004,existing_stock_benchmark,source,normalized
construction-5cd4773616d18df0e088df7c,Typical Interior Floor,RetailStandalone,DOE Ref Pre-1980,existing_stock_benchmark,source,normalized
construction-5ce3fb957ed0880a921894a9,U 1.22 SHGC 0.61 Sgl Green 6mm,,DOE Ref 1980-2004,existing_stock_benchmark,source,normalized
construction-5ce7628373e3f68376f4ccbf,Adiabatic GroundContactFloor,,DOE Ref 1980-2004,existing_stock_benchmark,source,normalized
construction-5ceed999084021906d537fba,Typical Insulated Carpeted 6in Slab Floor,,90.1-2013,code_prototype_rules,source,normalized
construction-5cf34bf7db73b840f8cd73d3,Typical Insulated Carpeted 6in Slab Floor,,DOE Ref 1980-2004,existing_stock_benchmark,source,normalized
construction-5cff057cb6a1d71e84217b0d,Typical Interior Floor,MediumOffice,DOE Ref 1980-2004,existing_stock_benchmark,source,normalized
construction-5d10ac80e21991c72019b7e0,Typical Insulated Wood Framed Exterior Wall,,90.1-2019,code_prototype_rules,source,normalized
construction-5d10de8cc57c166bee94ea70,U 1.22 SHGC 0.25 Sgl Elec Ref Colored 6mm,,DOE Ref Pre-1980,existing_stock_benchmark,source,normalized
construction-5d2ee2a2d96e3431fbdaed7d,Typical Insulated Exterior Mass Floor,,DOE Ref 1980-2004,existing_stock_benchmark,source,normalized
construction-5d4c4781d154425fbbf967da,Typical Insulated Exterior Mass Floor,,DOE Ref 1980-2004,existing_stock_benchmark,source,normalized
construction-5d5df1dd0a89b7bf0532a097,Typical Interior Floor,LargeOffice,90.1-2019,code_prototype_rules,source,normalized
construction-5d722fb10e3a3650a968fab0,Typical Interior Floor,Warehouse,DOE Ref Pre-1980,existing_stock_benchmark,source,normalized
construction-5d8a1369829669ed9a2fbc32,Typical Insulated Metal Building Roof,,90.1-2013,code_prototype_rules,source,normalized
construction-5d9c75dd3d170d91bcf83a37,Typical Insulated Wood Framed Exterior Wall,,DOE Ref Pre-1980,existing_stock_benchmark,source,normalized
construction-5daf22062de08815ce99a17a,Typical Insulated Carpeted 6in Slab Floor,,DOE Ref 1980-2004,existing_stock_benchmark,source,normalized
construction-5dc8ec4b56ca1cbacecd1baf,Typical Insulated Metal Building Wall,,90.1-2013,code_prototype_rules,source,normalized
construction-5de5956e0ddac4375cdfd627,SmallDataCenterLowITE construction package,SmallDataCenterLowITE,90.1-2007,code_prototype_rules,source,normalized
construction-5ded579043583ac8524421c9,Typical IEAD Roof,,DOE Ref 1980-2004,existing_stock_benchmark,source,normalized
construction-5deffbb5b38f7dc1bcafe2d7,Typical Insulated Wood Framed Exterior Floor,,DOE Ref 1980-2004,existing_stock_benchmark,source,normalized
construction-5e07c473f53090697b63edc9,Typical Insulated Steel Framed Exterior Wall,,90.1-2013,code_prototype_rules,source,normalized
construction-5e1b4bab52c70c52b288a3b8,Typical IEAD Roof - Highly Reflective,,90.1-2019,code_prototype_rules,source,normalized
construction-5e1c1c34d5b9ee64b5b825d3,Typical Insulated Metal Building Wall,,DOE Ref Pre-1980,existing_stock_benchmark,source,normalized
construction-5e39c864826afd9a2ef59cfe,Typical Insulated Wood Framed Exterior Floor,,90.1-2007,code_prototype_rules,source,normalized
construction-5e553baa8e74b0390d4244ad,Typical Insulated Exterior Mass Floor,,DOE Ref Pre-1980,existing_stock_benchmark,source,normalized
construction-5e57f7a8dc7a77b277a344ee,Typical Interior Ceiling,HighriseApartment,90.1-2013,code_prototype_rules,source,normalized
construction-5eaaca957728976da6934520,Typical Insulated Wood Framed Exterior Floor,,90.1-2007,code_prototype_rules,source,normalized
construction-5eac2825d3acc316478824b7,Typical Insulated Wood Framed Exterior Floor,,DOE Ref Pre-1980,existing_stock_benchmark,source,normalized
construction-5ecdb9beeb1119ddb5430eb5,Typical Insulated Wood Framed Exterior Floor,,90.1-2013,code_prototype_rules,source,normalized
construction-5ed8d9e9a9ea24a01aeae015,Typical Interior Wall,SuperMarket,90.1-2007,code_prototype_rules,source,normalized
construction-5ee1083223c5702b70653d49,Typical IEAD Roof,,DOE Ref Pre-1980,existing_stock_benchmark,source,normalized
construction-5f09f257431a12f94bc3e037,Adiabatic ExteriorFloor,,DOE Ref 1980-2004,existing_stock_benchmark,source,normalized
construction-5f0f7254ce5d6820993b77c6,Typical Interior Floor,PrimarySchool,90.1-2013,code_prototype_rules,source,normalized
construction-5f36da2cd661f888b4d0f007,U 1.22 SHGC 0.25 Sgl Elec Ref Colored 6mm,,DOE Ref 1980-2004,existing_stock_benchmark,source,normalized
construction-5f43bf625e49b4926a900949,U 1.2 SHGC 0.45 Simple Glazing,,90.1-2007,code_prototype_rules,source,normalized
construction-5f77c7a9550f74abc4c482f4,Typical Insulated Steel Framed Exterior Wall,,DOE Ref 1980-2004,existing_stock_benchmark,source,normalized
construction-5f810a99774fab332e807aa8,Adiabatic Wall,,90.1-2013,code_prototype_rules,source,normalized
construction-5f9fa140489895c3b45a7434,Typical Insulated Carpeted 6in Slab Floor,,90.1-2019,code_prototype_rules,source,normalized
construction-5fc82dc007c061056b97d744,Typical Interior Floor,Courthouse,90.1-2013,code_prototype_rules,source,normalized
construction-5fcc988d6efdae77b359b223,Adiabatic ExteriorFloor,,DOE Ref 1980-2004,existing_stock_benchmark,source,normalized
construction-5fdad0c00823f3418708ce5f,Typical Insulated Steel Framed Exterior Wall,,DOE Ref Pre-1980,existing_stock_benchmark,source,normalized
construction-5ff73ef98fe5764a8352dbff,U 0.57 SHGC 0.39 Dbl Ref-D Clr 6mm/6mm Air,,DOE Ref 1980-2004,existing_stock_benchmark,source,normalized
construction-5ffe903301c2befe585626d0,Adiabatic GroundContactFloor,,DOE Ref Pre-1980,existing_stock_benchmark,source,normalized
construction-600f18b2de9c81fac66580c8,Typical Insulated Steel Framed Exterior Floor,,DOE Ref 1980-2004,existing_stock_benchmark,source,normalized
construction-6012744ed065cf1e822855c7,Typical Insulated Steel Framed Exterior Wall,,DOE Ref Pre-1980,existing_stock_benchmark,source,normalized
construction-601ef703fa063804496fa83b,Plenum Acoustical Tile,Any,90.1-2019,code_prototype_rules,source,normalized
construction-607b22fd8bc39fc1d385badb,Typical Interior Wall,FullServiceRestaurant,90.1-2013,code_prototype_rules,source,normalized
construction-609bb323bd0df0cc065e4346,Typical Insulated Steel Framed Exterior Wall,,DOE Ref 1980-2004,existing_stock_benchmark,source,normalized
construction-60be4e02d683cc23f9e8a235,Dwelling enclosure / source_building_331250,MultiFamily5PlusLowRise,ResStock SDR source fixture,existing_stock_source_fixture,source,normalized
construction-60c12b06c6cd76622f6e4463,Typical Insulated Metal Building Roof,,DOE Ref 1980-2004,existing_stock_benchmark,source,normalized
construction-60d9b4f96a205ccddda957e8,Typical Insulated Wood Framed Exterior Floor,,DOE Ref 1980-2004,existing_stock_benchmark,source,normalized
construction-60e060534b5a0a94b71f205b,Typical Insulated Exterior Mass Wall,,90.1-2019,code_prototype_rules,source,normalized
construction-611b6c6420ea985cffe3d49a,U 0.65 SHGC 0.25 Simple Glazing,,90.1-2013,code_prototype_rules,source,normalized
construction-6127c888e778656597bc3c72,Typical Insulated Exterior Mass Floor,,90.1-2007,code_prototype_rules,source,normalized
construction-617a8d582cd2bcaf2bb1c1f1,Typical Insulated Exterior Mass Floor,,90.1-2019,code_prototype_rules,source,normalized
construction-6181a4b6a8de9fee5e22136a,U 0.6 SHGC 0.45 Simple Glazing,,90.1-2007,code_prototype_rules,source,normalized
construction-61947cdf1ec2fbe04ddd9d7f,Adiabatic ExteriorFloor,,DOE Ref Pre-1980,existing_stock_benchmark,source,normalized
construction-61a8dec17bcbaba83929c197,Typical Insulated Steel Framed Exterior Floor,,90.1-2019,code_prototype_rules,source,normalized
construction-61b8788b5012c94d6c0879a1,Typical Insulated Steel Framed Exterior Floor,,90.1-2019,code_prototype_rules,source,normalized
construction-61c695caab898defc004bdd2,U 0.45 SHGC 0.45 Simple Glazing,,90.1-2013,code_prototype_rules,source,normalized
construction-61c8956d4e3fde1a186efeeb,Typical Interior Ceiling,Warehouse,90.1-2007,code_prototype_rules,source,normalized
construction-61de42ee77ff00f8999b591d,Typical Insulated Wood Framed Exterior Floor,,DOE Ref 1980-2004,existing_stock_benchmark,source,normalized
construction-61e3b3bf6f0861c0c8e805db,Typical Interior Floor,MediumOfficeDetailed,90.1-2019,code_prototype_rules,source,normalized
construction-61e7be89bd9396e0a622677f,Typical Insulated Exterior Mass Wall,,90.1-2013,code_prototype_rules,source,normalized
construction-620022673b7575a5edf2d5d6,Typical Insulated Metal Building Wall,,90.1-2013,code_prototype_rules,source,normalized
construction-6208edb8930c4244f510dd2a,U 0.35 SHGC 0.45 Simple Glazing,,90.1-2007,code_prototype_rules,source,normalized
construction-620f7833d2e80ad60060ebc9,Typical Insulated Carpeted 6in Slab Floor,,DOE Ref 1980-2004,existing_stock_benchmark,source,normalized
construction-623992df72a8e14b228a1c82,Typical Insulated Wood Framed Exterior Floor,,90.1-2013,code_prototype_rules,source,normalized
construction-624aa16e11d94f72992d6129,Typical Insulated Wood Framed Exterior Wall,,DOE Ref Pre-1980,existing_stock_benchmark,source,normalized
construction-625f70bb75fbc979259e6260,Typical Insulated Metal Building Roof,,90.1-2019,code_prototype_rules,source,normalized
construction-625fec221733951a31e81104,Typical Insulated Exterior Mass Wall,,DOE Ref 1980-2004,existing_stock_benchmark,source,normalized
construction-626837d45875551098680e6c,Typical Insulated Carpeted 6in Slab Floor,,90.1-2013,code_prototype_rules,source,normalized
construction-6287d061ef9a68d01a03a25a,Typical Insulated Exterior Mass Floor,,90.1-2007,code_prototype_rules,source,normalized
construction-628f7c18b93ed333646eb89f,Typical Insulated Exterior Mass Floor,,90.1-2019,code_prototype_rules,source,normalized
construction-62959e9054b68d036be540c4,U 0.57 SHGC 0.49 Dbl Blue 6mm/6mm Air,,DOE Ref Pre-1980,existing_stock_benchmark,source,normalized
construction-629968cebfe50d40770767a4,Typical Interior Ceiling,SmallOfficeDetailed,90.1-2007,code_prototype_rules,source,normalized
construction-62bb8f2777f054b2cba6ae65,Typical Insulated Exterior Mass Floor,,90.1-2007,code_prototype_rules,source,normalized
construction-62bcc3e872292c1729d2174f,Typical IEAD Roof,,DOE Ref 1980-2004,existing_stock_benchmark,source,normalized
construction-62bf27776287a7ecbba88a9e,Typical Insulated Carpeted 6in Slab Floor,,90.1-2007,code_prototype_rules,source,normalized
construction-62c3e266fd9e2c0f5975f0a4,Typical Insulated Metal Building Wall,,DOE Ref Pre-1980,existing_stock_benchmark,source,normalized
construction-62c7d2007a6abcbd986f21d9,Typical Insulated Steel Framed Exterior Floor,,90.1-2007,code_prototype_rules,source,normalized
construction-62dc33e6fc18b83034fdcd6e,Typical IEAD Roof,,DOE Ref 1980-2004,existing_stock_benchmark,source,normalized
construction-62eed7f1205a7246c66bae23,Typical Insulated Wood Framed Exterior Floor,,90.1-2019,code_prototype_rules,source,normalized
construction-630fb2809fa53921cbcffa87,Typical Insulated Wood Framed Exterior Floor,,90.1-2019,code_prototype_rules,source,normalized
construction-631e0f5d8a222161ecfeb78c,Typical Interior Ceiling,Laboratory,90.1-2007,code_prototype_rules,source,normalized
construction-632515469b8523ee0cb2139c,Adiabatic GroundContactFloor,,90.1-2007,code_prototype_rules,source,normalized
construction-63369f3c0e78617153c1efe4,U 0.57 SHGC 0.49 Dbl Blue 6mm/6mm Air,,DOE Ref 1980-2004,existing_stock_benchmark,source,normalized
construction-633e5af18dc07a390e05c945,Typical Insulated Metal Building Roof,,90.1-2007,code_prototype_rules,source,normalized
construction-63459e98724f1b6738fc22cf,Typical Insulated Steel Framed Exterior Wall,,DOE Ref 1980-2004,existing_stock_benchmark,source,normalized
construction-635405e28bf153240e8e05d1,Typical IEAD Roof - Highly Reflective,,90.1-2013,code_prototype_rules,source,normalized
construction-6367c22ef6753a8c9b1ebfb0,Typical Insulated Wood Framed Exterior Floor,,90.1-2019,code_prototype_rules,source,normalized
construction-636a73a5b22eb5d5ea80f804,Typical Insulated Exterior Mass Wall,,DOE Ref Pre-1980,existing_stock_benchmark,source,normalized
construction-637737473d51bca8a55649fd,Typical Insulated Steel Framed Exterior Floor,,DOE Ref Pre-1980,existing_stock_benchmark,source,normalized
construction-6381e2304e8a304374bf96f1,U 0.57 SHGC 0.39 Dbl Ref-D Clr 6mm/6mm Air,,DOE Ref Pre-1980,existing_stock_benchmark,source,normalized
construction-6387de8e7697f37edf014b4d,Adiabatic Roof,,DOE Ref 1980-2004,existing_stock_benchmark,source,normalized
construction-639b2c853cf91d89065f4a7f,Typical Interior Wall,SuperTallBuilding,90.1-2019,code_prototype_rules,source,normalized
construction-63c19bda559ab7dee95e76d9,U 1.2 SHGC 0.45 Simple Glazing,,90.1-2019,code_prototype_rules,source,normalized
construction-63c857c2911b4cbbb4a77f38,Typical Insulated Metal Building Wall,,DOE Ref 1980-2004,existing_stock_benchmark,source,normalized
construction-63cb760736284f8f5789f034,Adiabatic GroundContactFloor,,DOE Ref Pre-1980,existing_stock_benchmark,source,normalized
construction-63cfd24dc63ad3cce29bfd10,Typical Interior Wall,Warehouse,DOE Ref 1980-2004,existing_stock_benchmark,source,normalized
construction-63d4701f022676d7747b2874,U 0.57 SHGC 0.39 Dbl Ref-D Clr 6mm/6mm Air,,DOE Ref 1980-2004,existing_stock_benchmark,source,normalized
construction-63dc564e76ebf4b7dacbbd6e,Typical Interior Floor,,Generic experimental v1,experimental_assumption,source,assumed
construction-63edaa167623c3375d7bc760,Typical Wood Joist Attic Floor,,DOE Ref Pre-1980,existing_stock_benchmark,source,normalized
construction-63edc67605353cd11054529c,Typical Insulated Exterior Mass Wall,,DOE Ref 1980-2004,existing_stock_benchmark,source,normalized
construction-641b5c59bdfa70349da62b07,Adiabatic Roof,,DOE Ref 1980-2004,existing_stock_benchmark,source,normalized
construction-642317d389f1edaf307ee289,Typical Insulated Exterior Mass Wall,,DOE Ref Pre-1980,existing_stock_benchmark,source,normalized
construction-643b15c01bd8a6edae912a9a,SmallOfficeDetailed construction package,SmallOfficeDetailed,90.1-2019,code_prototype_rules,source,normalized
construction-643d38b92cb934aca9dd898b,Typical Insulated Metal Building Wall,,90.1-2019,code_prototype_rules,source,normalized
construction-644b73d52c772c07205abab0,Typical Wood Joist Attic Floor,,DOE Ref 1980-2004,existing_stock_benchmark,source,normalized
construction-6450f4a992c2292eb17e5174,Typical Insulated Carpeted 6in Slab Floor,,90.1-2007,code_prototype_rules,source,normalized
construction-647d45684b441c25115be13a,Typical Insulated Wood Framed Exterior Floor,,DOE Ref Pre-1980,existing_stock_benchmark,source,normalized
construction-647ef60fe77a2d0ac984a06a,Typical Insulated Carpeted 6in Slab Floor,,DOE Ref Pre-1980,existing_stock_benchmark,source,normalized
construction-6488f8a77b9276e8a3459e52,Typical Insulated Wood Framed Exterior Wall,,DOE Ref Pre-1980,existing_stock_benchmark,source,normalized
construction-64b946a43e5d8d1bd988e7cd,Typical Insulated Exterior Mass Wall,,DOE Ref 1980-2004,existing_stock_benchmark,source,normalized
construction-64db3edc565c189b32c40559,U 1.2 SHGC 0.45 Simple Glazing,,90.1-2007,code_prototype_rules,source,normalized
construction-64efdacb34c4d9d871f99ac9,TallBuilding construction package,TallBuilding,90.1-2007,code_prototype_rules,source,normalized
construction-650600dfef739fd28961104a,Typical Insulated Wood Framed Exterior Wall,,DOE Ref 1980-2004,existing_stock_benchmark,source,normalized
construction-65251c6d79a9d6ca24d56a78,Typical Insulated Wood Framed Exterior Floor,,DOE Ref Pre-1980,existing_stock_benchmark,source,normalized
construction-654e3a69a51c4aede793b9e0,Typical Insulated Steel Framed Exterior Wall,,DOE Ref 1980-2004,existing_stock_benchmark,source,normalized
construction-656516c350fecb7bbedf1176,Typical Interior Ceiling,MidriseApartment,90.1-2019,code_prototype_rules,source,normalized
construction-656777b178a419968622b3f8,Typical Insulated Wood Framed Exterior Wall,,DOE Ref 1980-2004,existing_stock_benchmark,source,normalized
construction-6581415ef8b016bf51b637bf,Typical Interior Ceiling,Office,DOE Ref Pre-1980,existing_stock_benchmark,source,normalized
construction-659d8379f704055250ef22cb,Typical Insulated Exterior Mass Wall,,90.1-2013,code_prototype_rules,source,normalized
construction-65bd4a3eedddb256fd56b4f2,Typical Insulated Metal Building Wall,,90.1-2013,code_prototype_rules,source,normalized
construction-65db272d00f36d0f95f517f0,Typical Insulated Steel Framed Exterior Wall,,DOE Ref Pre-1980,existing_stock_benchmark,source,normalized
construction-65dcaf4e4b39f1453163adb2,Typical Insulated Wood Framed Exterior Wall,,DOE Ref Pre-1980,existing_stock_benchmark,source,normalized
construction-65ef9658b5472a8826f7b6e1,Typical Insulated Exterior Mass Floor,,90.1-2007,code_prototype_rules,source,normalized
construction-65f5fda4c14bc6d4997fa814,Dwelling enclosure / source_building_447245,SingleFamilyDetached,ResStock SDR source fixture,existing_stock_source_fixture,source,normalized
construction-66112a04844c0a54d85b27f2,Typical Interior Ceiling,SuperMarket,90.1-2007,code_prototype_rules,source,normalized
construction-661f85245e0d346ac670c124,Typical IEAD Roof,,DOE Ref 1980-2004,existing_stock_benchmark,source,normalized
construction-66617d2cf02890f9fe3a10e6,U 1.22 SHGC 0.25 Sgl Elec Ref Colored 6mm,,DOE Ref 1980-2004,existing_stock_benchmark,source,normalized
construction-66652d59c13525d444a90778,Typical Wood Joist Attic Floor,,90.1-2007,code_prototype_rules,source,normalized
construction-669491b3ab8965c42d9d29ba,Typical Insulated Carpeted 6in Slab Floor,,DOE Ref Pre-1980,existing_stock_benchmark,source,normalized
construction-6695106319682d0f1be599d8,Typical Insulated Wood Framed Exterior Floor,,DOE Ref 1980-2004,existing_stock_benchmark,source,normalized
construction-6695954a259bd892a73b12da,Typical Insulated Wood Framed Exterior Wall,,DOE Ref 1980-2004,existing_stock_benchmark,source,normalized
construction-66e19eeb1f467bfaa91e85cf,Typical Wood Joist Attic Floor,,DOE Ref Pre-1980,existing_stock_benchmark,source,normalized
construction-66e3a7bd59727c4587bcc5e5,Typical Insulated Exterior Mass Floor,,90.1-2019,code_prototype_rules,source,normalized
construction-66fac5381c3fb3629cc6cb7a,Typical Insulated Steel Framed Exterior Floor,,90.1-2019,code_prototype_rules,source,normalized
construction-66fe783bc1bccbaa655f07e1,U 1.22 SHGC 0.25 Sgl Elec Ref Colored 6mm,,DOE Ref Pre-1980,existing_stock_benchmark,source,normalized
construction-67024252d4f912b696b96ab8,Typical Insulated Steel Framed Exterior Wall,,DOE Ref 1980-2004,existing_stock_benchmark,source,normalized
construction-6714169e6f4229c6fdbceeb1,U 0.57 SHGC 0.39 Dbl Ref-D Clr 6mm/6mm Air,,DOE Ref 1980-2004,existing_stock_benchmark,source,normalized
construction-67150f1251dcaabb839b7669,Typical Interior Wall,,Generic experimental v1,experimental_assumption,source,assumed
construction-671d3fb545152be5053e72c3,Adiabatic Wall,,90.1-2013,code_prototype_rules,source,normalized
construction-672db4c36d5f78c17a134ae0,Typical Interior Wall,LargeHotel,DOE Ref 1980-2004,existing_stock_benchmark,source,normalized
construction-674f22a0ec554f2b15bb5c7d,Typical Insulated Wood Framed Exterior Floor,,DOE Ref Pre-1980,existing_stock_benchmark,source,normalized
construction-675b8f961ac5a60a56ee12ba,Adiabatic GroundContactFloor,,DOE Ref 1980-2004,existing_stock_benchmark,source,normalized
construction-67730ccddc84473f654d1cad,Typical Insulated Exterior Mass Wall,,90.1-2013,code_prototype_rules,source,normalized
construction-67a14a550394655bbbe84f72,FullServiceRestaurant construction package,FullServiceRestaurant,90.1-2013,code_prototype_rules,source,normalized
construction-67a79bdfe790178001d08c99,Typical Interior Wall,Office,90.1-2007,code_prototype_rules,source,normalized
construction-67a948295868a261302741be,Typical Interior Ceiling,LargeHotel,DOE Ref Pre-1980,existing_stock_benchmark,source,normalized
construction-67d4201c6acd88e8618c0721,Typical Interior Wall,LargeOfficeDetailed,90.1-2013,code_prototype_rules,source,normalized
construction-67d6ba1ab58285a2598da7dd,Typical Insulated Carpeted 6in Slab Floor,,DOE Ref Pre-1980,existing_stock_benchmark,source,normalized
construction-680946fcfb19bc5f7e3e05f4,SmallOfficeDetailed construction package,SmallOfficeDetailed,90.1-2007,code_prototype_rules,source,normalized
construction-681425cbc47030ee8aabd8f1,Typical Interior Ceiling,SuperMarket,DOE Ref 1980-2004,existing_stock_benchmark,source,normalized
construction-681f645bb0848a6165e4f1d5,U 0.62 SHGC 0.21 Simple Glazing,,90.1-2019,code_prototype_rules,source,normalized
construction-683a8b491824b0c84d79a137,Typical Insulated Exterior Mass Wall,,90.1-2019,code_prototype_rules,source,normalized
construction-685d401180440be6fad27fce,Typical Interior Ceiling,SecondarySchool,90.1-2019,code_prototype_rules,source,normalized
construction-6862bbe00977db0117a773d5,Adiabatic Roof,,DOE Ref Pre-1980,existing_stock_benchmark,source,normalized
construction-686a219f26a4f2bb951fc49e,U 0.57 SHGC 0.49 Dbl Blue 6mm/6mm Air,,DOE Ref 1980-2004,existing_stock_benchmark,source,normalized
construction-686a32d9b0d42764e417a3c0,Typical Insulated Wood Framed Exterior Floor,,90.1-2013,code_prototype_rules,source,normalized
construction-68719c3fb04c28ca96c72c5c,Dwelling enclosure / source_building_2289,MultiFamily5PlusLowRise,ResStock SDR source fixture,existing_stock_source_fixture,source,normalized
construction-687e6e635269a14d8f640474,Adiabatic GroundContactFloor,,90.1-2007,code_prototype_rules,source,normalized
construction-68aa1ad1fa614196a80290a6,Typical Insulated Wood Framed Exterior Floor,,90.1-2013,code_prototype_rules,source,normalized
construction-68c49653f8ad16d36f33bc07,U 1.22 SHGC 0.25 Sgl Elec Ref Colored 6mm,,DOE Ref 1980-2004,existing_stock_benchmark,source,normalized
construction-68d66f669ef72d345660dbab,Typical Insulated Metal Building Roof,,DOE Ref 1980-2004,existing_stock_benchmark,source,normalized
construction-68d826f625839f4097dd3aa3,Typical Insulated Metal Building Wall,,DOE Ref Pre-1980,existing_stock_benchmark,source,normalized
construction-68dd124740622ca6857b6354,Typical Insulated Exterior Mass Floor,,DOE Ref Pre-1980,existing_stock_benchmark,source,normalized
construction-68f6219fb973bffcf870c24d,Typical Interior Wall,TallBuilding,90.1-2007,code_prototype_rules,source,normalized
construction-690906e2d2230dd5e149526d,Typical Insulated Steel Framed Exterior Floor,,90.1-2013,code_prototype_rules,source,normalized
construction-690961d9caf483b0cf21e9e1,Typical Insulated Carpeted 6in Slab Floor,,90.1-2013,code_prototype_rules,source,normalized
construction-6912b0def40f63b46139d987,Typical Insulated Metal Building Wall,,DOE Ref Pre-1980,existing_stock_benchmark,source,normalized
construction-6925a38cbe794d4cfce3c889,Typical Insulated Basement Mass Wall,,DOE Ref 1980-2004,existing_stock_benchmark,source,normalized
construction-6929b7d5c8ec2bb4f981a602,Typical Insulated Steel Framed Exterior Floor,,90.1-2019,code_prototype_rules,source,normalized
construction-692b1504b6dab07b221ec8f2,U 0.93 SHGC 0.45 Simple Glazing,,90.1-2013,code_prototype_rules,source,normalized
construction-6935324b2cd01fefa35d973d,Typical Insulated Exterior Mass Floor,,90.1-2019,code_prototype_rules,source,normalized
construction-69428cae4a9a47eae1c9e397,Typical IEAD Roof,,DOE Ref 1980-2004,existing_stock_benchmark,source,normalized
construction-694ddb09e1cf92ec3999ffb1,Typical Insulated Metal Building Roof,,DOE Ref Pre-1980,existing_stock_benchmark,source,normalized
construction-69503c537f21dfebf461e340,Typical Insulated Wood Framed Exterior Wall,,90.1-2013,code_prototype_rules,source,normalized
construction-69514b6d3eee82b63d9f002c,Typical Wood Joist Attic Floor,,90.1-2013,code_prototype_rules,source,normalized
construction-6956aa5bcdfa2563f482e7fb,Typical Interior Floor,SmallDataCenterLowITE,90.1-2013,code_prototype_rules,source,normalized
construction-69594ebe616833ec2bbdf8cb,U 0.62 SHGC 0.41 Simple Glazing,,DOE Ref Pre-1980,existing_stock_benchmark,source,normalized
construction-69755c63d2afb2cf186d8b52,Typical Insulated Steel Framed Exterior Floor,,90.1-2013,code_prototype_rules,source,normalized
construction-69762e6b6466b1033031c1fa,Typical Insulated Basement Mass Wall,,90.1-2013,code_prototype_rules,source,normalized
construction-69774e9d5abb855fddb90364,Typical Insulated Exterior Mass Floor,,90.1-2013,code_prototype_rules,source,normalized
construction-69971aa4fedba64e9a69b335,Typical Insulated Exterior Mass Wall,,DOE Ref Pre-1980,existing_stock_benchmark,source,normalized
construction-699c7b021d723f5cd3f00ea7,Typical Insulated Exterior Mass Wall,,DOE Ref Pre-1980,existing_stock_benchmark,source,normalized
construction-69a945bd08b950c2b0d31e54,Typical Interior Ceiling,LargeDataCenterHighITE,90.1-2019,code_prototype_rules,source,normalized
construction-69bb959c1e49c2425b721ba9,Typical Insulated Wood Framed Exterior Floor,,DOE Ref 1980-2004,existing_stock_benchmark,source,normalized
construction-69c21957c149baf827413186,Courthouse construction package,Courthouse,DOE Ref Pre-1980,existing_stock_benchmark,source,normalized
construction-69c52637f198e279786fc169,SmallHotel construction package,SmallHotel,DOE Ref 1980-2004,existing_stock_benchmark,source,normalized
construction-69caf50e3d1dc8dfea77cfaa,Typical Insulated Steel Framed Exterior Wall,,DOE Ref 1980-2004,existing_stock_benchmark,source,normalized
construction-69cc84b3db86790ea4af4f8c,Adiabatic Roof,,90.1-2007,code_prototype_rules,source,normalized
construction-69d56e41b223047193fd1e9d,U 1.22 SHGC 0.25 Sgl Elec Ref Colored 6mm,,DOE Ref Pre-1980,existing_stock_benchmark,source,normalized
construction-69efc1347423607ad366a174,Typical Insulated Metal Building Roof,,90.1-2019,code_prototype_rules,source,normalized
construction-69f22ff0d4a9c77e87d6d727,Typical Insulated Exterior Mass Wall,,90.1-2007,code_prototype_rules,source,normalized
construction-69f2a84ba8dc6cb45938b48d,Typical Insulated Metal Building Roof,,DOE Ref Pre-1980,existing_stock_benchmark,source,normalized
construction-69f3955520adf60c2e5f75f8,Typical Insulated Metal Building Wall,,DOE Ref 1980-2004,existing_stock_benchmark,source,normalized
construction-6a0bee2beec9c18f8b4c48c4,Typical Insulated Carpeted 6in Slab Floor,,90.1-2007,code_prototype_rules,source,normalized
construction-6a302b9913e506eec02158ba,Typical Insulated Metal Building Roof,,DOE Ref Pre-1980,existing_stock_benchmark,source,normalized
construction-6a31aee9032737038dba31cd,Typical Insulated Exterior Mass Floor,,90.1-2007,code_prototype_rules,source,normalized
construction-6a76c84c0ae52fab931f6a8c,Typical Insulated Basement Mass Wall,,90.1-2013,code_prototype_rules,source,normalized
construction-6a786b208fd80ff50474aa08,Typical Wood Joist Attic Floor,,90.1-2013,code_prototype_rules,source,normalized
construction-6a7b0862a67ffd8f66c3f707,Typical Insulated Basement Mass Wall,,DOE Ref Pre-1980,existing_stock_benchmark,source,normalized
construction-6a91a1493581d3ad42e37f0d,Typical Insulated Exterior Mass Floor,,90.1-2013,code_prototype_rules,source,normalized
construction-6a9c6d25c78090666b85585d,Typical Insulated Steel Framed Exterior Wall,,90.1-2007,code_prototype_rules,source,normalized
construction-6aa047ebe1822b9d01092b62,Typical Insulated Carpeted 6in Slab Floor,,DOE Ref Pre-1980,existing_stock_benchmark,source,normalized
construction-6aa32ef497908a14b83b549e,Typical Insulated Steel Framed Exterior Wall,,90.1-2019,code_prototype_rules,source,normalized
construction-6ab4f7a921dae6347cec1b1b,RetailStandalone construction package,RetailStandalone,DOE Ref Pre-1980,existing_stock_benchmark,source,normalized
construction-6abe993b468483187ac8d911,Typical Insulated Steel Framed Exterior Floor,,90.1-2007,code_prototype_rules,source,normalized
construction-6abf0e246ff031aef1289223,U 0.57 SHGC 0.39 Dbl Ref-D Clr 6mm/6mm Air,,DOE Ref Pre-1980,existing_stock_benchmark,source,normalized
construction-6ac9c0d603852976a74e18d5,Typical Insulated Exterior Mass Floor,,DOE Ref Pre-1980,existing_stock_benchmark,source,normalized
construction-6acf898a77659658a0b7c3b1,Typical Insulated Wood Framed Exterior Wall,,90.1-2007,code_prototype_rules,source,normalized
construction-6ae22cf1d1bd792aeac384eb,Typical Insulated Exterior Mass Floor,,DOE Ref 1980-2004,existing_stock_benchmark,source,normalized
construction-6b0e945f1653b4ea51f2e3a4,Typical Insulated Carpeted 6in Slab Floor,,DOE Ref Pre-1980,existing_stock_benchmark,source,normalized
construction-6b1a895e82067da0ce8613a5,Typical IEAD Roof,,DOE Ref 1980-2004,existing_stock_benchmark,source,normalized
construction-6b22226d6bd3c1da2b5d8067,Typical Insulated Exterior Mass Floor,,DOE Ref 1980-2004,existing_stock_benchmark,source,normalized
construction-6b23742dfac932b97818da42,Typical Insulated Metal Building Roof,,90.1-2019,code_prototype_rules,source,normalized
construction-6b3bb2171769dff0c6f8c482,U 0.57 SHGC 0.49 Dbl Blue 6mm/6mm Air,,DOE Ref Pre-1980,existing_stock_benchmark,source,normalized
construction-6b4b0048e98d140e8a5baf76,Warehouse construction package,Warehouse,90.1-2007,code_prototype_rules,source,normalized
construction-6b5397218a010344bf68467a,Typical Wood Joist Attic Floor,,90.1-2019,code_prototype_rules,source,normalized
construction-6b5aed6d224e84875b48c0b5,Typical Wood Joist Attic Floor,,90.1-2007,code_prototype_rules,source,normalized
construction-6b5e3b348e045f46d44aac65,Typical Insulated Steel Framed Exterior Wall,,90.1-2013,code_prototype_rules,source,normalized
construction-6b6778bb6db1f9605047a5b9,Adiabatic GroundContactFloor,,DOE Ref 1980-2004,existing_stock_benchmark,source,normalized
construction-6b6cd1cf6426ef685a398c71,Typical Insulated Carpeted 6in Slab Floor,,DOE Ref Pre-1980,existing_stock_benchmark,source,normalized
construction-6b8eb6cfccc6f63b10fe2e9c,Typical Insulated Metal Building Roof,,DOE Ref 1980-2004,existing_stock_benchmark,source,normalized
construction-6bcb9d8d30d219adfee05e3d,Typical Interior Floor,LargeDataCenterHighITE,90.1-2019,code_prototype_rules,source,normalized
construction-6bda8b324b117589a2297e04,Typical Insulated Carpeted 8in Slab Floor,,90.1-2013,code_prototype_rules,source,normalized
construction-6be5f276ab70f2a58de69144,MediumOfficeDetailed construction package,MediumOfficeDetailed,DOE Ref 1980-2004,existing_stock_benchmark,source,normalized
construction-6beb400d3f9f59118f5a7867,Typical Insulated Metal Building Roof,,90.1-2007,code_prototype_rules,source,normalized
construction-6bf0be563c71ff9b74fe3b2d,Adiabatic ExteriorFloor,,DOE Ref Pre-1980,existing_stock_benchmark,source,normalized
construction-6c1915203b55f4c13a3cc31c,Typical Insulated Metal Building Roof,,DOE Ref 1980-2004,existing_stock_benchmark,source,normalized
construction-6c37782ad22cd9d64f1bacad,Typical Insulated Carpeted 6in Slab Floor,,90.1-2019,code_prototype_rules,source,normalized
construction-6c4782135b3ea65955941dc9,LargeHotel Interior Ceiling,LargeHotel,90.1-2007,code_prototype_rules,source,normalized
construction-6c47c86a0c89755d6222c508,Typical Insulated Metal Building Wall,,90.1-2019,code_prototype_rules,source,normalized
construction-6c4b1ee4c668767510527b6e,Typical Insulated Metal Building Roof,,DOE Ref Pre-1980,existing_stock_benchmark,source,normalized
construction-6c55d5a68a79d2ff62bda703,Typical Insulated Wood Framed Exterior Floor,,DOE Ref 1980-2004,existing_stock_benchmark,source,normalized
construction-6c63e3071e63ea68eed8730a,Typical Insulated Wood Framed Exterior Wall,,DOE Ref Pre-1980,existing_stock_benchmark,source,normalized
construction-6c64aee00efa32dab2f51634,Typical Insulated Exterior Mass Floor,,90.1-2007,code_prototype_rules,source,normalized
construction-6c705d91e1107319fe07d587,Typical Insulated Metal Building Roof,,90.1-2007,code_prototype_rules,source,normalized
construction-6c841238219c76a26ccea811,Typical Interior Wall,Outpatient,90.1-2013,code_prototype_rules,source,normalized
construction-6c8c4b04da4cf2e813f5788e,Typical Insulated Basement Mass Wall,,90.1-2007,code_prototype_rules,source,normalized
construction-6cac978cbd501fcae61005f6,Typical Interior Wall,QuickServiceRestaurant,DOE Ref Pre-1980,existing_stock_benchmark,source,normalized
construction-6cb6aed9837ab4408e231832,Typical Insulated Wood Framed Exterior Floor,,DOE Ref 1980-2004,existing_stock_benchmark,source,normalized
construction-6cc7635b84e2ee0841c9f5db,Typical Insulated Exterior Mass Wall,,DOE Ref 1980-2004,existing_stock_benchmark,source,normalized
construction-6ccb9c76dec5df910240c48a,Adiabatic Roof,,90.1-2019,code_prototype_rules,source,normalized
construction-6ce98cd0e500bfc453890816,int_wall_smallhotel,SmallHotel,90.1-2013,code_prototype_rules,source,normalized
construction-6cefb32ea7c66248749be402,U 0.35 SHGC 0.25 Simple Glazing,,90.1-2013,code_prototype_rules,source,normalized
construction-6cf03b4ee30cb98c27f1cc66,Typical Insulated Wood Framed Exterior Floor,,DOE Ref Pre-1980,existing_stock_benchmark,source,normalized
construction-6cf9e591693e75dbd3f620e8,Typical Insulated Metal Building Wall,,DOE Ref Pre-1980,existing_stock_benchmark,source,normalized
construction-6cfeb3cf0bb2073837885862,Typical Insulated Basement Mass Wall,,90.1-2013,code_prototype_rules,source,normalized
construction-6d16003e69be8264305225a5,Typical Interior Wall,MediumOfficeDetailed,DOE Ref 1980-2004,existing_stock_benchmark,source,normalized
construction-6d1d0bdd843060e5fca8fdc2,Typical Insulated Exterior Mass Floor,,90.1-2019,code_prototype_rules,source,normalized
construction-6d1f56271fcb735532e52d44,Typical Insulated Metal Building Roof,,DOE Ref 1980-2004,existing_stock_benchmark,source,normalized
construction-6d49596d0295be8c15cdbc88,LargeHotel construction package,LargeHotel,90.1-2019,code_prototype_rules,source,normalized
construction-6d6b2b0844712fd9a0207dde,U 0.57 SHGC 0.39 Dbl Ref-D Clr 6mm/6mm Air,,DOE Ref 1980-2004,existing_stock_benchmark,source,normalized
construction-6d6e593eecb69618c7265246,LargeHotel Interior Wall,LargeHotel,90.1-2019,code_prototype_rules,source,normalized
construction-6d8625cf9dad59eec6b6f6a6,Typical IEAD Roof,,90.1-2007,code_prototype_rules,source,normalized
construction-6da5f39632191e5cdb189485,Typical Insulated Exterior Mass Wall,,DOE Ref Pre-1980,existing_stock_benchmark,source,normalized
construction-6dac8d1ae358812a91dd2981,Typical Insulated Wood Framed Exterior Wall,,90.1-2007,code_prototype_rules,source,normalized
construction-6db2dc2a2d9bc7f2d92d61a4,Typical Interior Floor,Office,90.1-2019,code_prototype_rules,source,normalized
construction-6dc149e7414605b9f4a05cba,Typical Interior Ceiling,LargeDataCenterLowITE,90.1-2019,code_prototype_rules,source,normalized
construction-6dc2330a21532bd20c25785c,Typical Insulated Carpeted 6in Slab Floor,,DOE Ref 1980-2004,existing_stock_benchmark,source,normalized
construction-6dc819d36ee506850eca592a,Typical Insulated Carpeted 6in Slab Floor,,90.1-2019,code_prototype_rules,source,normalized
construction-6dd8c02ce1d0e11ac66332a0,Typical Insulated Wood Framed Exterior Floor,,DOE Ref 1980-2004,existing_stock_benchmark,source,normalized
construction-6dd907bb948ce9e54c7882b3,U 0.38 SHGC 0.45 Simple Glazing,,90.1-2013,code_prototype_rules,source,normalized
construction-6de099a1767ace5bd6f500c3,Typical Insulated Wood Framed Exterior Wall,,90.1-2019,code_prototype_rules,source,normalized
construction-6de618ca6d82c253355d86e9,Typical Insulated Carpeted 8in Slab Floor,,90.1-2013,code_prototype_rules,source,normalized
construction-6de76d28848b9c1c0739cce7,SmallHotel construction package,SmallHotel,90.1-2013,code_prototype_rules,source,normalized
construction-6de8ebe11a52b9c5d861d840,Typical Interior Floor,LargeDataCenterLowITE,90.1-2019,code_prototype_rules,source,normalized
construction-6deb48d3d61d0d12cff903f4,Typical Insulated Metal Building Roof,,DOE Ref Pre-1980,existing_stock_benchmark,source,normalized
construction-6df694b940644444d08e7930,Typical Insulated Steel Framed Exterior Floor,,DOE Ref 1980-2004,existing_stock_benchmark,source,normalized
construction-6e0062c03b836de23f034d11,Typical Insulated Exterior Mass Wall,,90.1-2013,code_prototype_rules,source,normalized
construction-6e21032a3af3a6ec5567aa10,Typical Insulated Metal Building Wall,,DOE Ref 1980-2004,existing_stock_benchmark,source,normalized
construction-6e29c2d39980b1a9f6625071,RetailStripmall construction package,RetailStripmall,90.1-2019,code_prototype_rules,source,normalized
construction-6e42d38efb5de82eb4b8b502,Typical IEAD Roof,,DOE Ref 1980-2004,existing_stock_benchmark,source,normalized
construction-6e4bf183912d850284488347,Typical Insulated Metal Building Wall,,DOE Ref Pre-1980,existing_stock_benchmark,source,normalized
construction-6e560730cf077e5d35fe4a42,Typical Interior Wall,HighriseApartment,90.1-2013,code_prototype_rules,source,normalized
construction-6e60a135c233fbe759a9d2cd,Typical Insulated Carpeted 6in Slab Floor,,DOE Ref 1980-2004,existing_stock_benchmark,source,normalized
construction-6e6d1355ac5af0decbd62a9f,U 1.22 SHGC 0.25 Sgl Elec Ref Colored 6mm,,DOE Ref 1980-2004,existing_stock_benchmark,source,normalized
construction-6e6dff91d89e3ec024f3aed5,Typical Insulated Steel Framed Exterior Floor,,DOE Ref 1980-2004,existing_stock_benchmark,source,normalized
construction-6e7e31cfc2bd2c276754bf30,U 0.7 SHGC 0.45 Simple Glazing,,90.1-2013,code_prototype_rules,source,normalized
construction-6e8186ec36f51be95dbedeb8,Typical Insulated Wood Framed Exterior Wall,,90.1-2013,code_prototype_rules,source,normalized
construction-6e910aa638fe5cbb8f4c3c1d,Typical IEAD Roof,,DOE Ref Pre-1980,existing_stock_benchmark,source,normalized
construction-6e9944276ff3b19c11149544,Typical Insulated Metal Building Wall,,90.1-2007,code_prototype_rules,source,normalized
construction-6eb91820849c0a9acc5a0f89,U 0.59 SHGC 0.36 Simple Glazing,,DOE Ref 1980-2004,existing_stock_benchmark,source,normalized
construction-6ebfbd6ac55b9844f12e4ca4,Typical Insulated Exterior Mass Floor,,90.1-2007,code_prototype_rules,source,normalized
construction-6f1314d272b60f0bd89b79b9,Typical Interior Floor,LargeHotel,DOE Ref Pre-1980,existing_stock_benchmark,source,normalized
construction-6f13154c5c9502d67a8ad570,U 0.57 SHGC 0.39 Dbl Ref-D Clr 6mm/6mm Air,,DOE Ref 1980-2004,existing_stock_benchmark,source,normalized
construction-6f182d806fcee73cddae0e6a,Typical Insulated Carpeted 8in Slab Floor,,90.1-2013,code_prototype_rules,source,normalized
construction-6f6b496bd02d9e14c026fd45,Typical Wood Joist Attic Floor,,DOE Ref 1980-2004,existing_stock_benchmark,source,normalized
construction-6f76a235337bf7745c039cce,LargeDataCenterLowITE construction package,LargeDataCenterLowITE,90.1-2019,code_prototype_rules,source,normalized
construction-6f79631f5f1eaf53a3af6932,Typical Insulated Wood Framed Exterior Wall,,90.1-2019,code_prototype_rules,source,normalized
construction-6f7ef36d17ca646bbca189ca,U 1.22 SHGC 0.39 Sgl Ref-B-H Clr 6mm,,DOE Ref 1980-2004,existing_stock_benchmark,source,normalized
construction-6fab260bf50cb65b4a0a3bd7,Typical Insulated Carpeted 6in Slab Floor,,90.1-2007,code_prototype_rules,source,normalized
construction-6fb8903d4cdf043b1349cc3d,Typical Insulated Metal Building Roof,,DOE Ref 1980-2004,existing_stock_benchmark,source,normalized
construction-6fedc7d732941b88ced05241,U 0.6 SHGC 0.45 Simple Glazing,,90.1-2007,code_prototype_rules,source,normalized
construction-6fee15841f07ad859fba5934,Typical Interior Ceiling,SmallDataCenterLowITE,90.1-2019,code_prototype_rules,source,normalized
construction-6ff8a4f27bd25283f8f2e1eb,Adiabatic Wall,,DOE Ref Pre-1980,existing_stock_benchmark,source,normalized
construction-6ff9d8c3ddaa2504ad397bfa,Typical Insulated Exterior Mass Wall,,DOE Ref 1980-2004,existing_stock_benchmark,source,normalized
construction-7004ad629ca47eee1f5a8851,Typical Interior Floor,College,90.1-2013,code_prototype_rules,source,normalized
construction-70148854074ea0c9e75043dd,Typical Insulated Carpeted 6in Slab Floor,,90.1-2007,code_prototype_rules,source,normalized
construction-7021211775e333039a45ad97,Typical Interior Floor,PrimarySchool,DOE Ref Pre-1980,existing_stock_benchmark,source,normalized
construction-702928f799bc98afefd630b8,Typical IEAD Roof,,90.1-2013,code_prototype_rules,source,normalized
construction-7036ae64961037e1658b645a,Typical Insulated Steel Framed Exterior Wall,,90.1-2007,code_prototype_rules,source,normalized
construction-70399b113015e1a6571d8189,Typical Insulated Exterior Mass Floor,,90.1-2013,code_prototype_rules,source,normalized
construction-70467d783a9aa9e76f1ba15f,Typical Insulated Wood Framed Exterior Wall,,90.1-2007,code_prototype_rules,source,normalized
construction-704c80730a2d7b2f0d6eac65,Typical Insulated Basement Mass Wall,,90.1-2019,code_prototype_rules,source,normalized
construction-704e9261f6ee2b93461d6786,Typical Insulated Exterior Mass Floor,,90.1-2007,code_prototype_rules,source,normalized
construction-7079db0a3deec58d1f472da4,Typical Insulated Wood Framed Exterior Floor,,DOE Ref 1980-2004,existing_stock_benchmark,source,normalized
construction-70a932d9deffafb01885f45c,Typical Insulated Basement Mass Wall,,DOE Ref 1980-2004,existing_stock_benchmark,source,normalized
construction-70ad27fbe3bf2154a22ee896,Typical Interior Wall,SuperMarket,90.1-2019,code_prototype_rules,source,normalized
construction-70ba19920f58e953c3df6fb5,Typical Insulated Wood Framed Exterior Wall,,DOE Ref 1980-2004,existing_stock_benchmark,source,normalized
construction-70d2052c95099891c7746807,U 0.46 SHGC 0.45 Dbl Grey 6mm/13mm Air,,DOE Ref 1980-2004,existing_stock_benchmark,source,normalized
construction-70d7f2f09390c8ef02e9ffc4,U 0.93 SHGC 0.25 Simple Glazing,,90.1-2013,code_prototype_rules,source,normalized
construction-71279d6225a9dd01d6d63f7b,Typical Interior Ceiling,SuperMarket,DOE Ref Pre-1980,existing_stock_benchmark,source,normalized
construction-71371af9de9f7e11c69bd005,SmallOffice construction package,SmallOffice,DOE Ref Pre-1980,existing_stock_benchmark,source,normalized
construction-714b2729e4358d1ff8e10ab6,U 0.6 SHGC 0.25 Simple Glazing,,90.1-2007,code_prototype_rules,source,normalized
construction-714c6736f9f1c20426130efd,Typical Insulated Steel Framed Exterior Floor,,90.1-2007,code_prototype_rules,source,normalized
construction-7165d34aa33b05e6ccc2969e,FullServiceRestaurant construction package,FullServiceRestaurant,DOE Ref Pre-1980,existing_stock_benchmark,source,normalized
construction-71709832645b2ae6a200f2ee,Typical Insulated Carpeted 6in Slab Floor,,DOE Ref 1980-2004,existing_stock_benchmark,source,normalized
construction-717135e1339b5671e512a346,U 0.57 SHGC 0.39 Dbl Ref-D Clr 6mm/6mm Air,,DOE Ref Pre-1980,existing_stock_benchmark,source,normalized
construction-717b431e29a0f3d2c9398bf2,Typical IEAD Roof,,90.1-2007,code_prototype_rules,source,normalized
construction-71cd0214b783c783c550b7a2,Typical IEAD Roof,,90.1-2019,code_prototype_rules,source,normalized
construction-71d223a9130a8b8c32a2722a,Typical Insulated Wood Framed Exterior Floor,,90.1-2019,code_prototype_rules,source,normalized
construction-71d859ce75331a9108453c28,Typical Insulated Exterior Mass Wall,,DOE Ref Pre-1980,existing_stock_benchmark,source,normalized
construction-71deee6d598b1ced5998282c,U 0.62 SHGC 0.2 Simple Glazing,,90.1-2019,code_prototype_rules,source,normalized
construction-7202a5a7e23eb6804b1dfeac,Typical IEAD Roof,,DOE Ref 1980-2004,existing_stock_benchmark,source,normalized
construction-7208f10e31660e6e3d45d1ef,U 0.57 SHGC 0.49 Dbl Blue 6mm/6mm Air,,DOE Ref 1980-2004,existing_stock_benchmark,source,normalized
construction-720a955a0b91b4cc46a091af,Typical Insulated Exterior Mass Wall,,90.1-2019,code_prototype_rules,source,normalized
construction-721305e9e8cb8f9993ec62f1,Typical Insulated Steel Framed Exterior Floor,,DOE Ref 1980-2004,existing_stock_benchmark,source,normalized
construction-7226cfb418b4642222ed42ce,Typical IEAD Roof - Highly Reflective,,90.1-2007,code_prototype_rules,source,normalized
construction-723dfe3f9c64339fdda7defc,Typical Interior Floor,SuperMarket,90.1-2007,code_prototype_rules,source,normalized
construction-726ba0d7c58f14bc5ac3aaa2,U 1.22 SHGC 0.25 Sgl Elec Ref Colored 6mm,,DOE Ref Pre-1980,existing_stock_benchmark,source,normalized
construction-7290cce28f515734f0b5a9fe,U 0.59 SHGC 0.39 Simple Glazing,,DOE Ref 1980-2004,existing_stock_benchmark,source,normalized
construction-72a1ba569785e23803a95a27,Typical Insulated Carpeted 6in Slab Floor,,90.1-2019,code_prototype_rules,source,normalized
construction-72d38f49d3544e3896e31bbd,Typical Insulated Carpeted 8in Slab Floor,,90.1-2013,code_prototype_rules,source,normalized
construction-72e4cfcb7c96cdac73daf139,Typical Insulated Wood Framed Exterior Wall,,DOE Ref Pre-1980,existing_stock_benchmark,source,normalized
construction-72f892b2e44718137f4f98d5,Typical Insulated Metal Building Roof,,DOE Ref Pre-1980,existing_stock_benchmark,source,normalized
construction-730cbb34a544049f14ad6765,LargeHotel construction package,LargeHotel,90.1-2019,code_prototype_rules,source,normalized
construction-731c18729bbe0ffb2212db7f,Typical Insulated Carpeted 6in Slab Floor,,DOE Ref 1980-2004,existing_stock_benchmark,source,normalized
construction-733bb9ac30bac1b24debb7fd,Dwelling enclosure / source_building_400013,SingleFamilyDetached,ResStock SDR source fixture,existing_stock_source_fixture,source,normalized
construction-735ea13f5ca4fff00beba7f2,Typical Insulated Carpeted 8in Slab Floor,,90.1-2019,code_prototype_rules,source,normalized
construction-737585f511b6f17d4d0e8812,Typical Insulated Metal Building Wall,,90.1-2019,code_prototype_rules,source,normalized
construction-7381d149449abaaf30da0660,U 0.45 SHGC 0.45 Simple Glazing,,90.1-2013,code_prototype_rules,source,normalized
construction-73864499da1fe4f2f4ef60da,U 0.57 SHGC 0.39 Dbl Ref-D Clr 6mm/6mm Air,,DOE Ref 1980-2004,existing_stock_benchmark,source,normalized
construction-73a299859d1e36e2f28fae06,Hospital construction package,Hospital,90.1-2019,code_prototype_rules,source,normalized
construction-73ad4a718ce1c3526a2e4833,Typical Interior Wall,Outpatient,90.1-2007,code_prototype_rules,source,normalized
construction-73cc1ca6f3fb08f597a6d5db,Typical Interior Wall,LargeOffice,90.1-2013,code_prototype_rules,source,normalized
construction-73d7f146190671520dae799a,Typical Insulated Basement Mass Wall,,90.1-2013,code_prototype_rules,source,normalized
construction-73d9a41e6a89223bda5f7990,Typical Insulated Exterior Mass Floor,,90.1-2007,code_prototype_rules,source,normalized
construction-73f53dfd8f9e39d10636ea10,Typical Insulated Wood Framed Exterior Floor,,90.1-2007,code_prototype_rules,source,normalized
construction-73f9f36115670f5041c7b84f,Typical Insulated Steel Framed Exterior Floor,,90.1-2013,code_prototype_rules,source,normalized
construction-73fb3e42366007c50ac57ec7,U 0.42 SHGC 0.4 Simple Glazing,,90.1-2013,code_prototype_rules,source,normalized
construction-74201ea74f5637fb70d937f0,Typical Insulated Exterior Mass Floor,,DOE Ref Pre-1980,existing_stock_benchmark,source,normalized
construction-7428de6ff286bf3dfeae9bc9,Typical Insulated Wood Framed Exterior Floor,,DOE Ref 1980-2004,existing_stock_benchmark,source,normalized
construction-743e01b26ba336f913c75d95,Typical Insulated Wood Framed Exterior Wall,,DOE Ref 1980-2004,existing_stock_benchmark,source,normalized
construction-7457b37a4a7dcd410a123630,U 0.57 SHGC 0.49 Dbl Blue 6mm/6mm Air,,DOE Ref Pre-1980,existing_stock_benchmark,source,normalized
construction-745a605d1b1537ac22c3961f,Typical Insulated Metal Building Roof,,90.1-2013,code_prototype_rules,source,normalized
construction-74627387ee688a4349ad2939,Typical Interior Ceiling,Hospital,DOE Ref 1980-2004,existing_stock_benchmark,source,normalized
construction-746347b3b1344d3ce7015d76,Typical Interior Wall,SmallOffice,90.1-2013,code_prototype_rules,source,normalized
construction-7492c5df88f0a42edf2750eb,Dwelling enclosure / source_building_128082,SingleFamilyDetached,ResStock SDR source fixture,existing_stock_source_fixture,source,normalized
construction-749ceb965bb98d0ad1f42109,Typical Insulated Wood Framed Exterior Wall,,DOE Ref Pre-1980,existing_stock_benchmark,source,normalized
construction-74cd98fb3a31e07d7c8a5049,Typical IEAD Roof,,90.1-2013,code_prototype_rules,source,normalized
construction-74df266c6cfe589ca96ec4dd,Typical Insulated Carpeted 6in Slab Floor,,DOE Ref 1980-2004,existing_stock_benchmark,source,normalized
construction-750150c93141b0555a2701ed,Typical Insulated Metal Building Wall,,90.1-2013,code_prototype_rules,source,normalized
construction-7509280e19faa1d94c60bc12,U 0.5 SHGC 0.4 Simple Glazing,,90.1-2007,code_prototype_rules,source,normalized
construction-7509d1704d520024e660f006,Typical Insulated Metal Building Wall,,DOE Ref 1980-2004,existing_stock_benchmark,source,normalized
construction-75135bffdcb919853e80b0ee,Typical Insulated Basement Mass Wall,,DOE Ref Pre-1980,existing_stock_benchmark,source,normalized
construction-7519805902a45e9e27a6cc4a,Typical Wood Joist Attic Floor,,90.1-2019,code_prototype_rules,source,normalized
construction-752be54f7c95d9f500a7cf6b,Typical Insulated Steel Framed Exterior Wall,,90.1-2019,code_prototype_rules,source,normalized
construction-753386dfd78863eefa65c288,Typical Insulated Steel Framed Exterior Floor,,90.1-2007,code_prototype_rules,source,normalized
construction-755c44d4b47a8d2081fc6874,Typical Insulated Exterior Mass Wall,,90.1-2013,code_prototype_rules,source,normalized
construction-7567acf9a87b6f121fab981a,Typical Wood Joist Attic Floor,,90.1-2007,code_prototype_rules,source,normalized
construction-756a985a34dc69b8aca41431,Typical Insulated Exterior Mass Floor,,90.1-2013,code_prototype_rules,source,normalized
construction-7582a4210be8c84b719b6f3f,U 1.22 SHGC 0.25 Sgl Elec Ref Colored 6mm,,DOE Ref 1980-2004,existing_stock_benchmark,source,normalized
construction-758680f3dd8f5067a4987839,SuperTallBuilding construction package,SuperTallBuilding,90.1-2019,code_prototype_rules,source,normalized
construction-759322b5b2106a72fe21aa81,LargeDataCenterHighITE construction package,LargeDataCenterHighITE,90.1-2013,code_prototype_rules,source,normalized
construction-75a2270ffb79a86055a83ec8,Typical Insulated Steel Framed Exterior Wall,,DOE Ref Pre-1980,existing_stock_benchmark,source,normalized
construction-75a38f78d8154f0dbe2afbd7,Typical Insulated Exterior Mass Floor,,DOE Ref 1980-2004,existing_stock_benchmark,source,normalized
construction-75b8106c69dae2d3029d2529,Typical IEAD Roof - Highly Reflective,,90.1-2013,code_prototype_rules,source,normalized
construction-75dd715981a8b083ef56755f,Typical Insulated Carpeted 6in Slab Floor,,DOE Ref 1980-2004,existing_stock_benchmark,source,normalized
construction-75e4316ecd399c0d0bbb28d0,Typical Insulated Wood Framed Exterior Floor,,DOE Ref Pre-1980,existing_stock_benchmark,source,normalized
construction-75f56cfeb6020dd031bf2bdb,Typical Insulated Metal Building Wall,,90.1-2007,code_prototype_rules,source,normalized
construction-76007c2ac51d825583ac7128,Typical Insulated Steel Framed Exterior Wall,,90.1-2019,code_prototype_rules,source,normalized
construction-7604017da182adcd60532291,Typical Insulated Metal Building Roof,,90.1-2019,code_prototype_rules,source,normalized
construction-76095a9dd41fb29cad27b4a3,Typical Insulated Exterior Mass Wall,,90.1-2019,code_prototype_rules,source,normalized
construction-7628d58ad1e4126062a54f47,Typical Insulated Exterior Mass Wall,,DOE Ref 1980-2004,existing_stock_benchmark,source,normalized
construction-762f29a4481115174f1cf6e2,Typical Interior Ceiling,SmallHotel,DOE Ref 1980-2004,existing_stock_benchmark,source,normalized
construction-763b1d25ba9dfcd70fd47a49,U 0.57 SHGC 0.39 Dbl Ref-D Clr 6mm/6mm Air,,DOE Ref Pre-1980,existing_stock_benchmark,source,normalized
construction-7649cd92258a35a6ed940c5b,Typical Insulated Exterior Mass Wall,,DOE Ref Pre-1980,existing_stock_benchmark,source,normalized
construction-765b20f21e59392cbaa710d1,LargeOffice construction package,LargeOffice,90.1-2013,code_prototype_rules,source,normalized
construction-765bf1de8e03a8bdf4e9add6,Typical Insulated Wood Framed Exterior Wall,,DOE Ref 1980-2004,existing_stock_benchmark,source,normalized
construction-765d2f488ce45763679ebbb9,Typical Insulated Exterior Mass Wall,,90.1-2007,code_prototype_rules,source,normalized
construction-7669328721178a22f0a432d3,Typical Insulated Wood Framed Exterior Wall,,DOE Ref 1980-2004,existing_stock_benchmark,source,normalized
construction-766e09e65ae1cb0fadfcc755,Typical Wood Joist Attic Floor,,DOE Ref 1980-2004,existing_stock_benchmark,source,normalized
construction-767c47fb1c175c595df146fb,Typical Insulated Metal Building Wall,,90.1-2013,code_prototype_rules,source,normalized
construction-76ba856f8821ea554f04dec4,Typical Interior Floor,Warehouse,DOE Ref Pre-1980,existing_stock_benchmark,source,normalized
construction-76bfc1ba7df4bb7ed1cd9511,Typical Insulated Carpeted 6in Slab Floor,,DOE Ref 1980-2004,existing_stock_benchmark,source,normalized
construction-76c1b0ec4365ca95190be9d0,Typical Wood Joist Attic Floor,,90.1-2007,code_prototype_rules,source,normalized
construction-76ccc5d79536ffa1d952d48a,Adiabatic Wall,,DOE Ref Pre-1980,existing_stock_benchmark,source,normalized
construction-76f3488d5a68fb480b44889e,Typical Insulated Steel Framed Exterior Floor,,90.1-2019,code_prototype_rules,source,normalized
construction-771e171f945d8b5317260a12,Typical Interior Floor,MediumOfficeDetailed,DOE Ref Pre-1980,existing_stock_benchmark,source,normalized
construction-77234af73fa7c6f677a3f016,Typical Insulated Basement Mass Wall,,DOE Ref Pre-1980,existing_stock_benchmark,source,normalized
construction-77566a2e7dbe04864d7e6c75,Typical Insulated Carpeted 6in Slab Floor,,DOE Ref Pre-1980,existing_stock_benchmark,source,normalized
construction-7757eb32cecf51bd0602cf60,Typical Insulated Metal Building Wall,,90.1-2019,code_prototype_rules,source,normalized
construction-775f082a275143865c2e4856,Typical IEAD Roof,,90.1-2019,code_prototype_rules,source,normalized
construction-776b6f9544f6e6abdca6a8fc,Typical Insulated Carpeted 6in Slab Floor,,90.1-2013,code_prototype_rules,source,normalized
construction-777c35f14f1da53fed8ed242,Typical Insulated Metal Building Wall,,DOE Ref 1980-2004,existing_stock_benchmark,source,normalized
construction-77b0aae1ded03e36736324e8,Typical IEAD Roof,,90.1-2019,code_prototype_rules,source,normalized
construction-77d44b322c564456d39a1db5,Typical Insulated Wood Framed Exterior Wall,,DOE Ref 1980-2004,existing_stock_benchmark,source,normalized
construction-77d4e03693425e7a8fef7209,Typical Interior Ceiling,LargeOfficeDetailed,DOE Ref 1980-2004,existing_stock_benchmark,source,normalized
construction-77dae3a593d67b1bdeba68a2,U 1.22 SHGC 0.25 Sgl Elec Ref Colored 6mm,,DOE Ref Pre-1980,existing_stock_benchmark,source,normalized
construction-7809e7406b66065fc14b6e28,Outpatient construction package,Outpatient,DOE Ref Pre-1980,existing_stock_benchmark,source,normalized
construction-780a043a168488175e9b2abd,U 0.26 SHGC 0.4 Simple Glazing,,90.1-2019,code_prototype_rules,source,normalized
construction-7826ab469bd34effbb003300,Typical Insulated Exterior Mass Floor,,DOE Ref Pre-1980,existing_stock_benchmark,source,normalized
construction-78282041f20a05fd5df36fd5,int_slab_ceiling_smallhotel,SmallHotel,90.1-2019,code_prototype_rules,source,normalized
construction-785a39a7e3eb9bc9a318db4a,Typical Insulated Steel Framed Exterior Floor,,DOE Ref Pre-1980,existing_stock_benchmark,source,normalized
construction-786561894603f6b9aecb50fb,Typical Insulated Wood Framed Exterior Wall,,DOE Ref Pre-1980,existing_stock_benchmark,source,normalized
construction-7865c7ab47dd6de6ece982ff,Typical IEAD Roof,,DOE Ref Pre-1980,existing_stock_benchmark,source,normalized
construction-786718e2b7b79ab32f73fb55,Typical IEAD Roof,,90.1-2007,code_prototype_rules,source,normalized
construction-7889b53ebcf89ae4dcd565ff,Typical Insulated Basement Mass Wall,,DOE Ref Pre-1980,existing_stock_benchmark,source,normalized
construction-789a54c8333ec287895a3d6f,Typical Insulated Basement Mass Wall,,90.1-2013,code_prototype_rules,source,normalized
construction-78b1e40db0210820e140b570,U 1.22 SHGC 0.25 Sgl Elec Ref Colored 6mm,,DOE Ref 1980-2004,existing_stock_benchmark,source,normalized
construction-78f9c8982a6086d6e1431911,Typical Insulated Basement Mass Wall,,90.1-2019,code_prototype_rules,source,normalized
construction-7900f2160f5f80466215678d,Typical Insulated Metal Building Wall,,DOE Ref 1980-2004,existing_stock_benchmark,source,normalized
construction-79064206eb337fe0d7f45c60,int_slab_ceiling_smallhotel,SmallHotel,90.1-2019,code_prototype_rules,source,normalized
construction-79154313fec6049d3b97d376,Typical Insulated Metal Building Wall,,90.1-2019,code_prototype_rules,source,normalized
construction-792d2c8368a6ad89fe4b4730,Adiabatic GroundContactFloor,,DOE Ref 1980-2004,existing_stock_benchmark,source,normalized
construction-79317f134168133b67d1871f,U 0.57 SHGC 0.49 Dbl Blue 6mm/6mm Air,,DOE Ref 1980-2004,existing_stock_benchmark,source,normalized
construction-79353e7432fe52d39ebc614d,Typical Insulated Carpeted 6in Slab Floor,,DOE Ref Pre-1980,existing_stock_benchmark,source,normalized
construction-793755618261efb9443678f5,Typical Insulated Carpeted 6in Slab Floor,,DOE Ref Pre-1980,existing_stock_benchmark,source,normalized
construction-7937d9a94b6b43609494074f,Typical IEAD Roof,,90.1-2013,code_prototype_rules,source,normalized
construction-793e1b7b8440cb10361066f0,Typical Insulated Exterior Mass Floor,,90.1-2013,code_prototype_rules,source,normalized
construction-7956dd9ca69da62c936b0f87,U 1.22 SHGC 0.25 Sgl Elec Ref Colored 6mm,,DOE Ref 1980-2004,existing_stock_benchmark,source,normalized
construction-7960200d1294b34dc2d512ce,Typical Insulated Exterior Mass Wall,,DOE Ref Pre-1980,existing_stock_benchmark,source,normalized
construction-7961ad998f9703f317634d28,Typical Insulated Basement Mass Wall,,DOE Ref Pre-1980,existing_stock_benchmark,source,normalized
construction-797f4bfc1b476182c01848fe,Typical Insulated Carpeted 8in Slab Floor,,90.1-2013,code_prototype_rules,source,normalized
construction-7993c4a2fb5cd437454ffb9b,Typical Interior Floor,Hospital,DOE Ref Pre-1980,existing_stock_benchmark,source,normalized
construction-79972e06f863e97d5c2582a3,Typical Interior Floor,LargeOffice,90.1-2007,code_prototype_rules,source,normalized
construction-799ab1dda98f1293716601f5,Typical Insulated Wood Framed Exterior Wall,,DOE Ref 1980-2004,existing_stock_benchmark,source,normalized
construction-79a4399d95f477e4ca40585a,Typical Insulated Metal Building Roof,,90.1-2019,code_prototype_rules,source,normalized
construction-79a5421c799b7ce8654686a0,Typical Insulated Steel Framed Exterior Wall,,DOE Ref Pre-1980,existing_stock_benchmark,source,normalized
construction-79c8f1b9650d9dbb9a722efe,Typical Insulated Exterior Mass Wall,,DOE Ref 1980-2004,existing_stock_benchmark,source,normalized
construction-79da44ffd745a15f2372eb90,Typical Insulated Exterior Mass Floor,,DOE Ref Pre-1980,existing_stock_benchmark,source,normalized
construction-79db423c201bde9250d3eabd,Typical Insulated Basement Mass Wall,,DOE Ref Pre-1980,existing_stock_benchmark,source,normalized
construction-7a06fed240d5a3f950f84fdf,Typical Interior Wall,PrimarySchool,90.1-2007,code_prototype_rules,source,normalized
construction-7a211764a91300a65807d91b,Typical Insulated Carpeted 6in Slab Floor,,90.1-2007,code_prototype_rules,source,normalized
construction-7a3cadcec0d88889562df29b,Typical Interior Wall,PrimarySchool,90.1-2013,code_prototype_rules,source,normalized
construction-7a57d1ba1b4f6c43c3f2f302,Typical Insulated Metal Building Wall,,90.1-2013,code_prototype_rules,source,normalized
construction-7a6fa56348d1549e65282cea,Typical Insulated Carpeted 6in Slab Floor,,DOE Ref Pre-1980,existing_stock_benchmark,source,normalized
construction-7a746e64d564f42c1aa319ea,Typical Insulated Carpeted 6in Slab Floor,,90.1-2013,code_prototype_rules,source,normalized
construction-7a8300c7f261e535994a8a47,Typical Insulated Wood Framed Exterior Wall,,DOE Ref 1980-2004,existing_stock_benchmark,source,normalized
construction-7a85969511bd4b65edbd270d,U 1.22 SHGC 0.25 Sgl Elec Ref Colored 6mm,,DOE Ref Pre-1980,existing_stock_benchmark,source,normalized
construction-7a89c642591b71f41fb0e74a,RetailStripmall construction package,RetailStripmall,DOE Ref Pre-1980,existing_stock_benchmark,source,normalized
construction-7a98909af72d8174b8f6712b,Typical Insulated Carpeted 6in Slab Floor,,DOE Ref Pre-1980,existing_stock_benchmark,source,normalized
construction-7a9a4c9b03f65e908daea73e,LargeOffice construction package,LargeOffice,90.1-2019,code_prototype_rules,source,normalized
construction-7ab5e6fe72f166d9f6ff67eb,Warehouse construction package,Warehouse,90.1-2019,code_prototype_rules,source,normalized
construction-7ac0c4fff233c93fc6bde6e7,Any construction package,Any,90.1-2013,code_prototype_rules,source,normalized
construction-7ac81e3fb3f3b50ea610e711,Typical Insulated Exterior Mass Wall,,DOE Ref 1980-2004,existing_stock_benchmark,source,normalized
construction-7acab5da63809877aaf8449f,Typical Wood Joist Attic Floor,,90.1-2019,code_prototype_rules,source,normalized
construction-7ae13ff17fdd628294ccdde5,Typical Interior Ceiling,SmallOffice,DOE Ref 1980-2004,existing_stock_benchmark,source,normalized
construction-7ae9c3e0b3644090a069e658,Adiabatic GroundContactFloor,,90.1-2013,code_prototype_rules,source,normalized
construction-7aecb3861320205f3c6032f9,Typical Insulated Metal Building Wall,,DOE Ref Pre-1980,existing_stock_benchmark,source,normalized
construction-7af17d4521029b3ffff9523c,Typical Insulated Wood Framed Exterior Floor,,90.1-2013,code_prototype_rules,source,normalized
construction-7b020fcf7a61298dd2bd7c7d,Typical Interior Floor,College,DOE Ref 1980-2004,existing_stock_benchmark,source,normalized
construction-7b1f9db9000b61d38033bfa3,Typical Insulated Metal Building Roof,,DOE Ref Pre-1980,existing_stock_benchmark,source,normalized
construction-7b27b768f71fcfe7ade147ba,Typical Insulated Wood Framed Exterior Floor,,90.1-2007,code_prototype_rules,source,normalized
construction-7b50f8a23eb4ec8ec38d09d6,Typical Insulated Metal Building Roof,,90.1-2007,code_prototype_rules,source,normalized
construction-7b5b9201179296e96eabb84d,U 1.22 SHGC 0.25 Sgl Elec Ref Colored 6mm,,DOE Ref 1980-2004,existing_stock_benchmark,source,normalized
construction-7b5cbe1d4e8083ff788281b3,LargeHotel Interior Ceiling,LargeHotel,90.1-2019,code_prototype_rules,source,normalized
construction-7b6e7e5edf63a9b7f0abcf46,Typical Interior Floor,Courthouse,DOE Ref 1980-2004,existing_stock_benchmark,source,normalized
construction-7b906bd23e0c5ad7d31301ec,Typical Insulated Exterior Mass Wall,,90.1-2013,code_prototype_rules,source,normalized
construction-7b919018bb368f7344077c91,U 1.2 SHGC 0.45 Simple Glazing,,90.1-2007,code_prototype_rules,source,normalized
construction-7b95c23de56965c1c5748b68,U 1.22 SHGC 0.25 Sgl Elec Ref Colored 6mm,,DOE Ref Pre-1980,existing_stock_benchmark,source,normalized
construction-7ba30ec875412225db16679e,SmallOfficeDetailed construction package,SmallOfficeDetailed,DOE Ref Pre-1980,existing_stock_benchmark,source,normalized
construction-7bc3949f9acdac9c4afc4ba7,QuickServiceRestaurant construction package,QuickServiceRestaurant,90.1-2019,code_prototype_rules,source,normalized
construction-7bddd6d6957722db0fe2b392,Adiabatic Roof,,90.1-2019,code_prototype_rules,source,normalized
construction-7beee19572b3066909562fb8,Typical Insulated Steel Framed Exterior Wall,,90.1-2013,code_prototype_rules,source,normalized
construction-7c0a3db1915bc5cc4d46a70b,Adiabatic Roof,,DOE Ref 1980-2004,existing_stock_benchmark,source,normalized
construction-7c0c66ec6fe1991a583c018e,Adiabatic Roof,,DOE Ref 1980-2004,existing_stock_benchmark,source,normalized
construction-7c11e91eb89646fdaf0dcf0a,Typical Insulated Steel Framed Exterior Wall,,DOE Ref 1980-2004,existing_stock_benchmark,source,normalized
construction-7c18a4da5f37301e58cf1df3,Typical Insulated Wood Framed Exterior Floor,,90.1-2019,code_prototype_rules,source,normalized
construction-7c1ecf0a1d6a37a3307a1246,Typical Insulated Metal Building Wall,,DOE Ref Pre-1980,existing_stock_benchmark,source,normalized
construction-7c1f35e5797286800c921445,Typical Insulated Exterior Mass Floor,,90.1-2013,code_prototype_rules,source,normalized
construction-7c200aaca4f1e3ce2fe8bcd2,Typical Insulated Exterior Mass Wall,,DOE Ref 1980-2004,existing_stock_benchmark,source,normalized
construction-7c22ee71080bae03ce232582,Typical IEAD Roof,,DOE Ref Pre-1980,existing_stock_benchmark,source,normalized
construction-7c3b48dc087cf0a5a484ef56,Typical Insulated Exterior Mass Floor,,DOE Ref 1980-2004,existing_stock_benchmark,source,normalized
construction-7c3b883f37c445feb5a0d8ec,LargeHotel Interior Floor,LargeHotel,90.1-2019,code_prototype_rules,source,normalized
construction-7c44030ad64a553cc2228556,Typical Interior Ceiling,Warehouse,DOE Ref Pre-1980,existing_stock_benchmark,source,normalized
construction-7c53bbb5a279433bb5f1dd2f,Typical IEAD Roof,,DOE Ref 1980-2004,existing_stock_benchmark,source,normalized
construction-7c59f83178be0a2dce5ae796,Typical Insulated Wood Framed Exterior Floor,,DOE Ref Pre-1980,existing_stock_benchmark,source,normalized
construction-7c79003b24a1a93daa1b1f58,Adiabatic Wall,,90.1-2013,code_prototype_rules,source,normalized
construction-7ca70abe84fa3785beb468be,Typical Insulated Carpeted 6in Slab Floor,,90.1-2007,code_prototype_rules,source,normalized
construction-7cb4d9e84e1197b9d694b75b,Adiabatic ExteriorFloor,,DOE Ref Pre-1980,existing_stock_benchmark,source,normalized
construction-7cc6f7f2146daab228ebc521,Typical Interior Wall,RetailStripmall,DOE Ref 1980-2004,existing_stock_benchmark,source,normalized
construction-7cdf51a236cc801ae21c9569,U 0.38 SHGC 0.45 Simple Glazing,,90.1-2013,code_prototype_rules,source,normalized
construction-7ce4dd0492e1cc130e744699,Adiabatic ExteriorFloor,,90.1-2019,code_prototype_rules,source,normalized
construction-7ce664cf54193f44828dfd51,Typical Interior Wall,Hospital,90.1-2019,code_prototype_rules,source,normalized
construction-7cf82dd44031515a88dc4f42,int_slab_ceiling_smallhotel,SmallHotel,90.1-2007,code_prototype_rules,source,normalized
construction-7d1c46d3fbf2c9d23fb9e5d2,Typical Insulated Metal Building Wall,,90.1-2019,code_prototype_rules,source,normalized
construction-7d2b40517dbfdd150c4bbf40,U 1.22 SHGC 0.25 Sgl Elec Ref Colored 6mm,,DOE Ref 1980-2004,existing_stock_benchmark,source,normalized
construction-7d2b5403c9ad97f3f74228d8,MidriseApartment construction package,MidriseApartment,DOE Ref 1980-2004,existing_stock_benchmark,source,normalized
construction-7d3c36a8d26fd289aa29ce85,Typical Wood Joist Attic Floor,,90.1-2019,code_prototype_rules,source,normalized
construction-7d54b4d7e0e892a41074e865,Typical Insulated Metal Building Roof,,90.1-2019,code_prototype_rules,source,normalized
construction-7d57ab3573353ed36fc832b5,Typical Insulated Wood Framed Exterior Floor,,DOE Ref 1980-2004,existing_stock_benchmark,source,normalized
construction-7d5906f29de4a591546138e9,Typical Interior Ceiling,FullServiceRestaurant,DOE Ref Pre-1980,existing_stock_benchmark,source,normalized
construction-7d696f9e82afa63469d12830,Typical Insulated Steel Framed Exterior Wall,,90.1-2013,code_prototype_rules,source,normalized
construction-7d69a702def9b9d2d00ab38b,Typical Insulated Wood Framed Exterior Wall,,90.1-2019,code_prototype_rules,source,normalized
construction-7d8084d9223d9e619e0ef115,U 0.36 SHGC 0.45 Simple Glazing,,90.1-2019,code_prototype_rules,source,normalized
construction-7d98d98b95a20f1455417503,Typical Wood Joist Attic Floor,,90.1-2013,code_prototype_rules,source,normalized
construction-7da008130d0817d7720bb5cc,Typical IEAD Roof,,DOE Ref 1980-2004,existing_stock_benchmark,source,normalized
construction-7db948f8ea73d77fc7d02d1b,LargeHotel Interior Wall,LargeHotel,90.1-2019,code_prototype_rules,source,normalized
construction-7debfc9495f2147cf3911180,Typical Insulated Carpeted 6in Slab Floor,,DOE Ref Pre-1980,existing_stock_benchmark,source,normalized
construction-7dec5d4ba327d2d9c6ae5d77,Typical Insulated Carpeted 8in Slab Floor,,90.1-2019,code_prototype_rules,source,normalized
construction-7decbd18af34e461b570ec27,U 1.2 SHGC 0.25 Simple Glazing,,90.1-2007,code_prototype_rules,source,normalized
construction-7dfea2f219e11914d18a15fd,Typical Wood Joist Attic Floor,,90.1-2019,code_prototype_rules,source,normalized
construction-7e03cd92c3b71605071357de,Typical Interior Wall,RetailStandalone,90.1-2007,code_prototype_rules,source,normalized
construction-7e0ef57502f005938d752bc5,SecondarySchool construction package,SecondarySchool,90.1-2013,code_prototype_rules,source,normalized
construction-7e3ed97094cb2e24212bf1ed,Typical Interior Ceiling,Hospital,90.1-2007,code_prototype_rules,source,normalized
construction-7e44cfaf4553182099bcb2a8,Typical Insulated Carpeted 8in Slab Floor,,90.1-2019,code_prototype_rules,source,normalized
construction-7e592a4c450da11642ab7cfb,Typical Interior Wall,Hospital,90.1-2007,code_prototype_rules,source,normalized
construction-7e6ac6630e85405292ac0117,Typical Insulated Wood Framed Exterior Wall,,DOE Ref Pre-1980,existing_stock_benchmark,source,normalized
construction-7e819d446b89629ce8284c13,Typical Interior Ceiling,Office,DOE Ref 1980-2004,existing_stock_benchmark,source,normalized
construction-7e8245d83e8d00cf5dfab5a6,U 1.22 SHGC 0.25 Sgl Elec Ref Colored 6mm,,DOE Ref 1980-2004,existing_stock_benchmark,source,normalized
construction-7e85eea429c6486cdca2f08c,Typical Insulated Exterior Mass Wall,,DOE Ref 1980-2004,existing_stock_benchmark,source,normalized
construction-7e878fd51787d509cef5656b,U 0.57 SHGC 0.39 Dbl Ref-D Clr 6mm/6mm Air,,DOE Ref Pre-1980,existing_stock_benchmark,source,normalized
construction-7eb0cc187a53df95a0e1dd1c,Typical Insulated Steel Framed Exterior Floor,,DOE Ref Pre-1980,existing_stock_benchmark,source,normalized
construction-7eb290e1b012d609fa656bc0,Typical Insulated Metal Building Roof,,DOE Ref 1980-2004,existing_stock_benchmark,source,normalized
construction-7ecc38d241540a2360574193,Typical Insulated Metal Building Roof,,DOE Ref 1980-2004,existing_stock_benchmark,source,normalized
construction-7edf8ac3aab7bb3a54bb9769,Adiabatic Roof,,90.1-2019,code_prototype_rules,source,normalized
construction-7ee4ef5d98946080d23b4dca,FullServiceRestaurant construction package,FullServiceRestaurant,90.1-2007,code_prototype_rules,source,normalized
construction-7eec95422dfe7db10600af9b,Typical Insulated Basement Mass Wall,,DOE Ref Pre-1980,existing_stock_benchmark,source,normalized
construction-7ef71ed018d2159c7593e918,Typical Insulated Steel Framed Exterior Wall,,DOE Ref Pre-1980,existing_stock_benchmark,source,normalized
construction-7ef771eda77c079c1b323b64,LargeHotel Interior Floor,LargeHotel,90.1-2019,code_prototype_rules,source,normalized
construction-7f172d5ae9e5b9e9a6d1f9b0,Typical Insulated Carpeted 6in Slab Floor,,90.1-2007,code_prototype_rules,source,normalized
construction-7f25cfcf4be8a8898d13e337,U 1.2 SHGC 0.45 Simple Glazing,,90.1-2019,code_prototype_rules,source,normalized
construction-7f2b8499dbb7d5b09f465148,U 1.22 SHGC 0.25 Sgl Elec Ref Colored 6mm,,DOE Ref Pre-1980,existing_stock_benchmark,source,normalized
construction-7f2fdf9c223addcf2dd74440,U 0.35 SHGC 0.45 Simple Glazing,,90.1-2007,code_prototype_rules,source,normalized
construction-7f34373484c5e6fa0321cc10,Typical Insulated Exterior Mass Wall,,DOE Ref 1980-2004,existing_stock_benchmark,source,normalized
construction-7f398b03989dd62862d7af8f,Typical Insulated Steel Framed Exterior Floor,,DOE Ref 1980-2004,existing_stock_benchmark,source,normalized
construction-7f403d2418934bc3435c6506,Typical Interior Ceiling,MediumOffice,90.1-2013,code_prototype_rules,source,normalized
construction-7f45dc58baaa4edad11b86a5,Warehouse construction package,Warehouse,90.1-2013,code_prototype_rules,source,normalized
construction-7f57a8e65b57315a9d083ed3,Adiabatic ExteriorFloor,,90.1-2019,code_prototype_rules,source,normalized
construction-7f5e0da61cfe32b55fc87bdf,Typical Insulated Exterior Mass Wall,,DOE Ref 1980-2004,existing_stock_benchmark,source,normalized
construction-7f6feabff7b64594648c1739,Typical Insulated Basement Mass Wall,,90.1-2019,code_prototype_rules,source,normalized
construction-7f71a917a395d184ff004f1a,Typical Insulated Steel Framed Exterior Wall,,DOE Ref Pre-1980,existing_stock_benchmark,source,normalized
construction-7f9bee4d98443d17b44f9114,Typical Insulated Exterior Mass Floor,,DOE Ref 1980-2004,existing_stock_benchmark,source,normalized
construction-7fa8a8a898b15455f60b9022,Typical IEAD Roof,,DOE Ref Pre-1980,existing_stock_benchmark,source,normalized
construction-7fc11476beb81503dd83fd4f,Typical Insulated Carpeted 6in Slab Floor,,DOE Ref 1980-2004,existing_stock_benchmark,source,normalized
construction-7fee1095ba1885ade559df4a,Typical Insulated Steel Framed Exterior Wall,,DOE Ref 1980-2004,existing_stock_benchmark,source,normalized
construction-7ff28f4fad240357233851f7,Typical Insulated Exterior Mass Floor,,90.1-2007,code_prototype_rules,source,normalized
construction-7ffdb34063027a3d3d7707f6,Typical Insulated Metal Building Wall,,DOE Ref Pre-1980,existing_stock_benchmark,source,normalized
construction-804ed2b8d498cba7c4598c45,Typical Wood Joist Attic Floor,,DOE Ref 1980-2004,existing_stock_benchmark,source,normalized
construction-805e6346b2e47fd3a5359772,Typical Insulated Steel Framed Exterior Floor,,DOE Ref 1980-2004,existing_stock_benchmark,source,normalized
construction-80659285d2a01165ad7bb889,SuperTallBuilding construction package,SuperTallBuilding,90.1-2007,code_prototype_rules,source,normalized
construction-807912f0e96d6f95c766b234,U 1.22 SHGC 0.54 Simple Glazing,,DOE Ref Pre-1980,existing_stock_benchmark,source,normalized
construction-807ada70cc163b0fbf354a50,Typical Interior Floor,MediumOffice,90.1-2019,code_prototype_rules,source,normalized
construction-80851739ee62f80b9b2d4b42,U 0.5 SHGC 0.45 Simple Glazing,,90.1-2019,code_prototype_rules,source,normalized
construction-808f4be106d0a4d4e3974d78,Typical Insulated Exterior Mass Floor,,90.1-2019,code_prototype_rules,source,normalized
construction-80c95ebd9dff82f3277d8e26,U 0.45 SHGC 0.45 Simple Glazing,,90.1-2007,code_prototype_rules,source,normalized
construction-80ce5c8874c43930f693cdde,U 0.73 SHGC 0.45 Simple Glazing,,90.1-2013,code_prototype_rules,source,normalized
construction-80cf69d2185f59ff2c0f249d,Typical Insulated Exterior Mass Wall,,DOE Ref 1980-2004,existing_stock_benchmark,source,normalized
construction-80f643157e280bab9dbcee4a,Typical Insulated Carpeted 8in Slab Floor,,90.1-2013,code_prototype_rules,source,normalized
construction-80fa312deb099a000fef2919,Typical Insulated Exterior Mass Wall,,DOE Ref Pre-1980,existing_stock_benchmark,source,normalized
construction-8113afdf49c1c672b5645143,Typical Insulated Metal Building Wall,,90.1-2013,code_prototype_rules,source,normalized
construction-812f5bf08ad49053b48cd755,Typical Insulated Carpeted 8in Slab Floor,,90.1-2019,code_prototype_rules,source,normalized
construction-8132629e2af4bcabd0667aed,Typical Insulated Steel Framed Exterior Wall,,DOE Ref 1980-2004,existing_stock_benchmark,source,normalized
construction-81447c3ea8691952af948d24,Typical Interior Ceiling,Hospital,90.1-2007,code_prototype_rules,source,normalized
construction-8162bca8db0f91b96abb5be8,Adiabatic ExteriorFloor,,DOE Ref 1980-2004,existing_stock_benchmark,source,normalized
construction-8167968be5f20212f310b84a,Typical Insulated Carpeted 6in Slab Floor,,90.1-2019,code_prototype_rules,source,normalized
construction-8169f1a764af0315355c0051,U 0.42 SHGC 0.4 Simple Glazing,,90.1-2013,code_prototype_rules,source,normalized
construction-816a9d87374d855be8c62bd4,Typical Insulated Carpeted 6in Slab Floor,,DOE Ref 1980-2004,existing_stock_benchmark,source,normalized
construction-8176b5a7a0887503df29c6f9,Typical Insulated Wood Framed Exterior Wall,,DOE Ref 1980-2004,existing_stock_benchmark,source,normalized
construction-81845cbfb4892ed26cbf67b2,U 0.57 SHGC 0.39 Dbl Ref-D Clr 6mm/6mm Air,,DOE Ref Pre-1980,existing_stock_benchmark,source,normalized
construction-819ad9f13ff7318b8ad1e02d,U 0.57 SHGC 0.39 Dbl Ref-D Clr 6mm/6mm Air,,DOE Ref 1980-2004,existing_stock_benchmark,source,normalized
construction-81af235c80f6f5e889b687c9,SecondarySchool construction package,SecondarySchool,DOE Ref 1980-2004,existing_stock_benchmark,source,normalized
construction-81b8759afab91fb1065949d8,U 1.2 SHGC 0.25 Simple Glazing,,90.1-2007,code_prototype_rules,source,normalized
construction-81bd13074362e934722d4ea5,Typical Interior Ceiling,MediumOfficeDetailed,DOE Ref 1980-2004,existing_stock_benchmark,source,normalized
construction-81be66022648f7e889df3dd5,Adiabatic ExteriorFloor,,90.1-2019,code_prototype_rules,source,normalized
construction-81c6957f13f554c402f16217,Typical Wood Joist Attic Floor,,90.1-2013,code_prototype_rules,source,normalized
construction-81d0d7f581a9df921b201ffb,Typical Insulated Carpeted 6in Slab Floor,,90.1-2013,code_prototype_rules,source,normalized
construction-81e0bce1b5744f07637746d6,Typical Insulated Steel Framed Exterior Floor,,90.1-2007,code_prototype_rules,source,normalized
construction-81ec503f68ca10fdd9b9de4c,Typical Insulated Exterior Mass Wall,,90.1-2013,code_prototype_rules,source,normalized
construction-81f8faa5e7d5a2009a59e27d,U 1.22 SHGC 0.25 Sgl Elec Ref Colored 6mm,,DOE Ref Pre-1980,existing_stock_benchmark,source,normalized
construction-823b8b96d197129f8ab508b6,Typical Wood Joist Attic Floor,,90.1-2007,code_prototype_rules,source,normalized
construction-823e3bf87a1035e1dbbeca60,LargeDataCenterHighITE construction package,LargeDataCenterHighITE,90.1-2019,code_prototype_rules,source,normalized
construction-825479961ebc96473dbcde46,Typical IEAD Roof - Highly Reflective,,90.1-2013,code_prototype_rules,source,normalized
construction-82621bb37eb552bc7210ebc1,Typical Insulated Exterior Mass Wall,,90.1-2019,code_prototype_rules,source,normalized
construction-82672cb580fc8be7ee9538ff,Typical Insulated Exterior Mass Wall,,DOE Ref 1980-2004,existing_stock_benchmark,source,normalized
construction-826c3fd3b1f5e62a0f34a966,Typical Insulated Carpeted 6in Slab Floor,,DOE Ref 1980-2004,existing_stock_benchmark,source,normalized
construction-8276447033cf30b9ebd333fb,U 0.5 SHGC 0.4 Simple Glazing,,90.1-2013,code_prototype_rules,source,normalized
construction-82865968c731fb334b542bca,Typical Insulated Steel Framed Exterior Wall,,DOE Ref Pre-1980,existing_stock_benchmark,source,normalized
construction-8297bd5b4f7bbf2274b882f3,Typical IEAD Roof,,DOE Ref Pre-1980,existing_stock_benchmark,source,normalized
construction-82a99be80527143a39c32766,U 0.4 SHGC 0.45 Simple Glazing,,90.1-2013,code_prototype_rules,source,normalized
construction-82b031282eb12d28c77f4588,Typical Insulated Steel Framed Exterior Wall,,DOE Ref Pre-1980,existing_stock_benchmark,source,normalized
construction-82de67a345fb4347fbd72de8,Typical Insulated Exterior Mass Wall,,90.1-2007,code_prototype_rules,source,normalized
construction-82e7bb63c45d80b061470dcf,Typical Insulated Basement Mass Wall,,90.1-2019,code_prototype_rules,source,normalized
construction-82ef5076caca098a3ff98157,Typical Interior Wall,FullServiceRestaurant,90.1-2019,code_prototype_rules,source,normalized
construction-82f3a4745d39e80ca5fb2692,U 1.2 SHGC 0.45 Simple Glazing,,90.1-2007,code_prototype_rules,source,normalized
construction-82faa5727f91b4dadd077f10,Typical Insulated Wood Framed Exterior Floor,,DOE Ref 1980-2004,existing_stock_benchmark,source,normalized
construction-8309e0638d33a8eb077dd578,Typical Insulated Wood Framed Exterior Floor,,DOE Ref 1980-2004,existing_stock_benchmark,source,normalized
construction-830dfe172a4f4f8d2b2d2c5c,Typical Insulated Wood Framed Exterior Floor,,DOE Ref 1980-2004,existing_stock_benchmark,source,normalized
construction-831b98238cd085c2593f7a3c,Typical Wood Joist Attic Floor,,DOE Ref Pre-1980,existing_stock_benchmark,source,normalized
construction-83205ee6474ce48cc01d7b38,Typical Insulated Basement Mass Wall,,DOE Ref Pre-1980,existing_stock_benchmark,source,normalized
construction-83492d07b7bcd82ee286e47a,Typical Wood Joist Attic Floor,,DOE Ref 1980-2004,existing_stock_benchmark,source,normalized
construction-8349533bcae69a1346f06fe9,Typical Insulated Carpeted 6in Slab Floor,,90.1-2013,code_prototype_rules,source,normalized
construction-83643fa3cf4dd92cd969dea9,Typical Wood Joist Attic Floor,,DOE Ref 1980-2004,existing_stock_benchmark,source,normalized
construction-8365e89f3aaf8f25ddec2f41,Typical Insulated Wood Framed Exterior Floor,,90.1-2007,code_prototype_rules,source,normalized
construction-83957f1e62fea2a11b8d659b,Typical Insulated Exterior Mass Floor,,90.1-2013,code_prototype_rules,source,normalized
construction-83a402a1ac11c07dac950b9e,Typical IEAD Roof,,DOE Ref 1980-2004,existing_stock_benchmark,source,normalized
construction-83a8098dfdcff325df0c1661,Outpatient construction package,Outpatient,90.1-2019,code_prototype_rules,source,normalized
construction-83c987d0ad12297b4e3eb0de,Typical Insulated Wood Framed Exterior Wall,,DOE Ref 1980-2004,existing_stock_benchmark,source,normalized
construction-83d4a446cce4246c283b9516,Typical Insulated Wood Framed Exterior Floor,,90.1-2007,code_prototype_rules,source,normalized
construction-83e93f685e94ab0a564b8c93,Adiabatic ExteriorFloor,,DOE Ref Pre-1980,existing_stock_benchmark,source,normalized
construction-83f2379f538a23663de23aa8,Typical Insulated Steel Framed Exterior Floor,,DOE Ref Pre-1980,existing_stock_benchmark,source,normalized
construction-83f2f5375d7ce88df3205b08,Typical Interior Wall,LargeOfficeDetailed,90.1-2007,code_prototype_rules,source,normalized
construction-83f942cd23495e5b3a9d0594,Typical Insulated Carpeted 8in Slab Floor,,90.1-2013,code_prototype_rules,source,normalized
construction-84074a1f7e89b6403aaa8c7a,Typical Insulated Metal Building Wall,,DOE Ref 1980-2004,existing_stock_benchmark,source,normalized
construction-840b0f5d37c11d3060d567cd,Any construction package,Any,90.1-2007,code_prototype_rules,source,normalized
construction-840fe544de11e97c239cae8d,Typical Insulated Metal Building Wall,,90.1-2007,code_prototype_rules,source,normalized
construction-841398f935b23d3c4b6b9c41,U 0.35 SHGC 0.4 Simple Glazing,,90.1-2007,code_prototype_rules,source,normalized
construction-841622bc96b6322db6a5f820,Typical Insulated Carpeted 6in Slab Floor,,DOE Ref 1980-2004,existing_stock_benchmark,source,normalized
construction-842559c4752918004c26d847,Typical Insulated Carpeted 6in Slab Floor,,90.1-2007,code_prototype_rules,source,normalized
construction-84471c7d40e7761ad055b6d9,Typical Insulated Carpeted 6in Slab Floor,,DOE Ref Pre-1980,existing_stock_benchmark,source,normalized
construction-8451ad2aafe83a943a4af0db,Typical Insulated Basement Mass Wall,,DOE Ref 1980-2004,existing_stock_benchmark,source,normalized
construction-8468ceb35a20c61ca79b27b9,Typical Insulated Basement Mass Wall,,90.1-2007,code_prototype_rules,source,normalized
construction-846fc6b8f45bd027035eecf8,U 0.46 SHGC 0.45 Dbl Grey 6mm/13mm Air,,DOE Ref 1980-2004,existing_stock_benchmark,source,normalized
construction-84972444e488f40ead9c50f5,Typical Interior Wall,Hospital,DOE Ref Pre-1980,existing_stock_benchmark,source,normalized
construction-84a727a5752cbe05bb947870,Typical Interior Floor,Hospital,90.1-2019,code_prototype_rules,source,normalized
construction-84a75c8f1b5608790ef628ad,Typical Insulated Wood Framed Exterior Wall,,DOE Ref 1980-2004,existing_stock_benchmark,source,normalized
construction-84aa81968101db6b9bbe99ff,LargeHotel Interior Wall,LargeHotel,90.1-2013,code_prototype_rules,source,normalized
construction-84e4247ffea15f2a121ae5f3,Typical Insulated Exterior Mass Wall,,90.1-2019,code_prototype_rules,source,normalized
construction-84f8df9068650b7e52957a17,Typical Insulated Basement Mass Wall,,DOE Ref 1980-2004,existing_stock_benchmark,source,normalized
construction-85035edc5ecca5ed63e87a77,Typical Insulated Basement Mass Wall,,90.1-2007,code_prototype_rules,source,normalized
construction-851c03a92523d11d21c843b5,Typical Interior Ceiling,QuickServiceRestaurant,DOE Ref Pre-1980,existing_stock_benchmark,source,normalized
construction-853833e9c15cab9d1b5c8f23,Typical Insulated Steel Framed Exterior Wall,,DOE Ref 1980-2004,existing_stock_benchmark,source,normalized
construction-853879cbc1684a6b9a9289d8,Typical Insulated Steel Framed Exterior Wall,,90.1-2013,code_prototype_rules,source,normalized
construction-853c730109be5b9df1bb9b2b,Typical Insulated Carpeted 6in Slab Floor,,DOE Ref 1980-2004,existing_stock_benchmark,source,normalized
construction-854177f03a8264464dcd0048,Typical Insulated Carpeted 6in Slab Floor,,DOE Ref Pre-1980,existing_stock_benchmark,source,normalized
construction-8596180272c01ec5a40df3e5,Typical Wood Joist Attic Floor,,90.1-2007,code_prototype_rules,source,normalized
construction-85a4d6651bb60cad361ed424,Typical Insulated Metal Building Wall,,90.1-2007,code_prototype_rules,source,normalized
construction-85c42fa3f2bafc756e87acf4,Typical Insulated Wood Framed Exterior Wall,,DOE Ref 1980-2004,existing_stock_benchmark,source,normalized
construction-85cfff76f517aef000bf7af5,Typical Insulated Carpeted 8in Slab Floor,,90.1-2019,code_prototype_rules,source,normalized
construction-85d069eebb31e0d4db3bc161,Typical Insulated Wood Framed Exterior Wall,,90.1-2007,code_prototype_rules,source,normalized
construction-85de4e825e9d7fd9aa2bd2da,Typical Insulated Exterior Mass Floor,,90.1-2019,code_prototype_rules,source,normalized
construction-85f7fdf907047a19f410fd28,U 0.57 SHGC 0.39 Dbl Ref-D Clr 6mm/6mm Air,,DOE Ref 1980-2004,existing_stock_benchmark,source,normalized
construction-85fa3626dc30ad2a81172320,Typical Insulated Wood Framed Exterior Floor,,DOE Ref 1980-2004,existing_stock_benchmark,source,normalized
construction-860a423e34e5dbd9b3da4dee,Typical Wood Joist Attic Floor,,90.1-2007,code_prototype_rules,source,normalized
construction-860b8787d727dd60ef9a499b,Typical Wood Joist Attic Floor,,90.1-2019,code_prototype_rules,source,normalized
construction-861728f3b6e4e9443dbee22a,Typical Insulated Carpeted 6in Slab Floor,,DOE Ref 1980-2004,existing_stock_benchmark,source,normalized
construction-861c02b2eb7c16e8e33def39,U 1.22 SHGC 0.25 Sgl Elec Ref Colored 6mm,,DOE Ref Pre-1980,existing_stock_benchmark,source,normalized
construction-864e5d81eef4b1423f462929,Typical IEAD Roof,,DOE Ref Pre-1980,existing_stock_benchmark,source,normalized
construction-866acafa48ef54977095fd19,Adiabatic GroundContactFloor,,90.1-2007,code_prototype_rules,source,normalized
construction-86785dcfea58a2221751b018,Typical Insulated Wood Framed Exterior Wall,,DOE Ref 1980-2004,existing_stock_benchmark,source,normalized
construction-867e40f0e5ab5b7e67a795f7,Typical Insulated Basement Mass Wall,,DOE Ref Pre-1980,existing_stock_benchmark,source,normalized
construction-86970361d2880c4d6a653c04,Typical Insulated Wood Framed Exterior Floor,,DOE Ref 1980-2004,existing_stock_benchmark,source,normalized
construction-86b5a90f88c2744148ec8409,U 1.2 SHGC 0.45 Simple Glazing,,90.1-2007,code_prototype_rules,source,normalized
construction-86bc3d51c441d21ab8a0cd1b,int_slab_floor_smallhotel,SmallHotel,90.1-2019,code_prototype_rules,source,normalized
construction-86ed01f2323304f0ffecb2b7,Typical IEAD Roof - Highly Reflective,,90.1-2007,code_prototype_rules,source,normalized
construction-86f4564c4b9f0d5119516591,Typical Insulated Wood Framed Exterior Floor,,90.1-2007,code_prototype_rules,source,normalized
construction-8713aba5ca9e4887b04a2659,Typical Wood Joist Attic Floor,,90.1-2019,code_prototype_rules,source,normalized
construction-872bf3ee35166c05e0d7cbe7,Typical Interior Wall,SmallOffice,DOE Ref 1980-2004,existing_stock_benchmark,source,normalized
construction-87354f96e3e0882730a11a78,Typical Interior Floor,SecondarySchool,90.1-2019,code_prototype_rules,source,normalized
construction-878eb522bfbb5bb7dc81db58,Typical Insulated Steel Framed Exterior Floor,,DOE Ref 1980-2004,existing_stock_benchmark,source,normalized
construction-879f6f59ded5f4e40a3c1b50,U 0.5 SHGC 0.23 Simple Glazing,,90.1-2019,code_prototype_rules,source,normalized
construction-87b1a27cc97cd586563825cb,Typical Insulated Steel Framed Exterior Wall,,DOE Ref Pre-1980,existing_stock_benchmark,source,normalized
construction-87c2ba6b45658710e3819ede,Typical Wood Joist Attic Floor,,DOE Ref 1980-2004,existing_stock_benchmark,source,normalized
construction-87c953f7465c5115fe4710f9,Typical Insulated Metal Building Wall,,DOE Ref Pre-1980,existing_stock_benchmark,source,normalized
construction-87ca076f87f1408626d22bbb,Typical Insulated Exterior Mass Floor,,90.1-2019,code_prototype_rules,source,normalized
construction-87d6ff3d128f569b28b55139,U 0.32 SHGC 0.45 Simple Glazing,,90.1-2013,code_prototype_rules,source,normalized
construction-87dd88db3569a585f632516f,Typical Insulated Basement Mass Wall,,DOE Ref 1980-2004,existing_stock_benchmark,source,normalized
construction-87ffb4ab66fd81f81305b69d,Typical Interior Floor,MidriseApartment,90.1-2007,code_prototype_rules,source,normalized
construction-8809e5df0e85238061be591c,Typical Insulated Carpeted 6in Slab Floor,,DOE Ref Pre-1980,existing_stock_benchmark,source,normalized
construction-88165a3c27b9b24a545f4904,Typical Insulated Basement Mass Wall,,90.1-2007,code_prototype_rules,source,normalized
construction-881dab76c5eb937e61a8cb91,Typical Interior Floor,PrimarySchool,DOE Ref 1980-2004,existing_stock_benchmark,source,normalized
construction-88220c5ab34f406a635c9c20,U 0.57 SHGC 0.49 Dbl Blue 6mm/6mm Air,,DOE Ref 1980-2004,existing_stock_benchmark,source,normalized
construction-882d04470410e65f8c9cf150,Typical Insulated Metal Building Roof,,90.1-2013,code_prototype_rules,source,normalized
construction-886d92741657b62162179faa,Typical Insulated Wood Framed Exterior Wall,,90.1-2019,code_prototype_rules,source,normalized
construction-88759eb358e855405305e918,U 1.22 SHGC 0.25 Sgl Elec Ref Colored 6mm,,DOE Ref Pre-1980,existing_stock_benchmark,source,normalized
construction-88772db36cc01cb665d6298f,Typical Insulated Metal Building Roof,,DOE Ref Pre-1980,existing_stock_benchmark,source,normalized
construction-8879faa66923780773af544b,LargeHotel construction package,LargeHotel,90.1-2007,code_prototype_rules,source,normalized
construction-887b0755c7fe64859e5c06ff,Typical Insulated Exterior Mass Wall,,DOE Ref 1980-2004,existing_stock_benchmark,source,normalized
construction-88a3003ad516d38486169d55,U 0.57 SHGC 0.39 Dbl Ref-D Clr 6mm/6mm Air,,DOE Ref Pre-1980,existing_stock_benchmark,source,normalized
construction-88a45f360da38a19517cbb75,U 1.2 SHGC 0.45 Simple Glazing,,90.1-2007,code_prototype_rules,source,normalized
construction-88b6bd944e58f292d9a8ff77,Typical Insulated Basement Mass Wall,,DOE Ref Pre-1980,existing_stock_benchmark,source,normalized
construction-88be848796dbe3d293b4a1a2,Typical Insulated Carpeted 6in Slab Floor,,DOE Ref Pre-1980,existing_stock_benchmark,source,normalized
construction-88cba00be6606f6592b15e6c,U 1.22 SHGC 0.25 Sgl Elec Ref Colored 6mm,,DOE Ref 1980-2004,existing_stock_benchmark,source,normalized
construction-88deb6c55ee7fa7de9fde70f,Typical IEAD Roof,,90.1-2019,code_prototype_rules,source,normalized
construction-891b1fa7d8bfd3983e2e1a53,Typical Insulated Carpeted 6in Slab Floor,,DOE Ref 1980-2004,existing_stock_benchmark,source,normalized
construction-893a510408f499890dd95c47,Typical Insulated Steel Framed Exterior Floor,,90.1-2007,code_prototype_rules,source,normalized
construction-893aba356110bd1a2972ddfe,Typical Insulated Basement Mass Wall,,90.1-2019,code_prototype_rules,source,normalized
construction-8949a7ba21960e2545df9301,Dwelling enclosure / source_building_491364,SingleFamilyDetached,ResStock SDR source fixture,existing_stock_source_fixture,source,normalized
construction-894de2d5616cb2e32baa83f7,U 0.35 SHGC 0.25 Simple Glazing,,90.1-2013,code_prototype_rules,source,normalized
construction-89641ea4fb63be430023dcbe,Typical Interior Floor,Hospital,90.1-2019,code_prototype_rules,source,normalized
construction-89684ce5a44ff555b7bc3310,Typical Insulated Carpeted 8in Slab Floor,,90.1-2019,code_prototype_rules,source,normalized
construction-897a9b1857c4cf711a993535,Typical IEAD Roof,,DOE Ref 1980-2004,existing_stock_benchmark,source,normalized
construction-898632ce39c5f77e06d2f1f7,Typical Interior Wall,SmallOfficeDetailed,DOE Ref 1980-2004,existing_stock_benchmark,source,normalized
construction-8995c22bab4425e908b15d68,Typical Insulated Wood Framed Exterior Floor,,DOE Ref Pre-1980,existing_stock_benchmark,source,normalized
construction-899819648e98585a0d089722,Typical Insulated Steel Framed Exterior Wall,,90.1-2019,code_prototype_rules,source,normalized
construction-899bec2e4718ab30f17d86a0,Typical Insulated Metal Building Wall,,90.1-2019,code_prototype_rules,source,normalized
construction-89a944cfdb87360178759a67,Typical IEAD Roof,,DOE Ref 1980-2004,existing_stock_benchmark,source,normalized
construction-89af71e59a5c2b7e96b1bbd0,Typical Insulated Exterior Mass Wall,,90.1-2007,code_prototype_rules,source,normalized
construction-89ec0809607ecad77509ee36,U 0.57 SHGC 0.49 Dbl Blue 6mm/6mm Air,,DOE Ref 1980-2004,existing_stock_benchmark,source,normalized
construction-8a15a4fc2b088f41304d7b0d,Typical Insulated Steel Framed Exterior Wall,,DOE Ref 1980-2004,existing_stock_benchmark,source,normalized
construction-8a1a582e154f5875ca177618,U 0.5 SHGC 0.4 Simple Glazing,,90.1-2013,code_prototype_rules,source,normalized
construction-8a269772c2b2a70811e8582c,LargeDataCenterHighITE construction package,LargeDataCenterHighITE,90.1-2007,code_prototype_rules,source,normalized
construction-8a5c6c7fb5f54a00b2ee7a05,Adiabatic ExteriorFloor,,90.1-2007,code_prototype_rules,source,normalized
construction-8a5da11523b188f7f0c66298,Typical Wood Joist Attic Floor,,90.1-2007,code_prototype_rules,source,normalized
construction-8a66fdc469bb49d37ac68bb4,Adiabatic Wall,,90.1-2013,code_prototype_rules,source,normalized
construction-8a8184be54c47b6fd3a048e8,Typical Wood Joist Attic Floor,,90.1-2019,code_prototype_rules,source,normalized
construction-8a9359fda187e35a1a3127f8,Typical Insulated Metal Building Roof,,DOE Ref Pre-1980,existing_stock_benchmark,source,normalized
construction-8ab944cf18696342c2e766b6,Typical Interior Wall,SmallDataCenterLowITE,90.1-2007,code_prototype_rules,source,normalized
construction-8ac9103fe80b9e5db9016b55,SmallOfficeDetailed construction package,SmallOfficeDetailed,90.1-2013,code_prototype_rules,source,normalized
construction-8ad9338cd4da3460678c560c,Adiabatic Wall,,90.1-2013,code_prototype_rules,source,normalized
construction-8ae4b1a3595569e6daca9714,Typical Interior Wall,RetailStripmall,90.1-2013,code_prototype_rules,source,normalized
construction-8afcd6906ff61e0c94a76c99,Typical Insulated Carpeted 6in Slab Floor,,DOE Ref Pre-1980,existing_stock_benchmark,source,normalized
construction-8b0201f4eedd180e8ee8c390,Typical Insulated Wood Framed Exterior Floor,,90.1-2007,code_prototype_rules,source,normalized
construction-8b11bdd2e734b910da993662,Typical Insulated Carpeted 6in Slab Floor,,90.1-2013,code_prototype_rules,source,normalized
construction-8b12c1d545b59a7b12d3806c,Typical Interior Floor,Outpatient,90.1-2013,code_prototype_rules,source,normalized
construction-8b18810a63c563511d287a63,Typical Insulated Steel Framed Exterior Wall,,90.1-2013,code_prototype_rules,source,normalized
construction-8b1af69e2e1c2913fcca138c,Typical Insulated Metal Building Roof,,DOE Ref Pre-1980,existing_stock_benchmark,source,normalized
construction-8b36a0eae8c1136e91a0f89c,Typical Insulated Metal Building Roof,,DOE Ref 1980-2004,existing_stock_benchmark,source,normalized
construction-8b478e7dfc9514559edbb983,Typical IEAD Roof,,90.1-2013,code_prototype_rules,source,normalized
construction-8b74f7e74d74a786839c6502,Typical Insulated Metal Building Wall,,DOE Ref 1980-2004,existing_stock_benchmark,source,normalized
construction-8b804c45952630dc62ba68ef,Typical Insulated Basement Mass Wall,,90.1-2013,code_prototype_rules,source,normalized
construction-8b80ee0cb05ee9b06e149767,Typical Interior Ceiling,Courthouse,DOE Ref Pre-1980,existing_stock_benchmark,source,normalized
construction-8b830a8c7228b552f6404c86,Typical Interior Wall,MidriseApartment,90.1-2019,code_prototype_rules,source,normalized
construction-8bba3c41e9ec2f7c453dfd93,Typical Insulated Exterior Mass Wall,,DOE Ref 1980-2004,existing_stock_benchmark,source,normalized
construction-8bd237435c73a759ec0da112,Typical Insulated Carpeted 6in Slab Floor,,DOE Ref Pre-1980,existing_stock_benchmark,source,normalized
construction-8bf71e54829cb2f499659941,Typical Insulated Wood Framed Exterior Wall,,DOE Ref Pre-1980,existing_stock_benchmark,source,normalized
construction-8bfe63ca67a1c37da40539b1,Typical Insulated Wood Framed Exterior Wall,,DOE Ref 1980-2004,existing_stock_benchmark,source,normalized
construction-8c07101ae2b144cf97b3cd6a,Typical Insulated Exterior Mass Floor,,90.1-2013,code_prototype_rules,source,normalized
construction-8c0e3d79ae8c45f89024198b,Typical Interior Floor,Hospital,90.1-2013,code_prototype_rules,source,normalized
construction-8c10d57d848d3ac442685686,Typical Insulated Metal Building Roof,,90.1-2007,code_prototype_rules,source,normalized
construction-8c12c7b2d0c14dd08cc401c7,Typical Insulated Steel Framed Exterior Floor,,DOE Ref Pre-1980,existing_stock_benchmark,source,normalized
construction-8c258524828e2b9e7f85c10d,Typical Interior Wall,FullServiceRestaurant,90.1-2007,code_prototype_rules,source,normalized
construction-8c2a698ff65f7722d86651a7,Typical Wood Joist Attic Floor,,DOE Ref 1980-2004,existing_stock_benchmark,source,normalized
construction-8c400bc5caa84a5efd1dec90,Typical Wood Joist Attic Floor,,90.1-2007,code_prototype_rules,source,normalized
construction-8c4603ebb0f20802a5faf34b,Typical Insulated Basement Mass Wall,,90.1-2007,code_prototype_rules,source,normalized
construction-8c6c1928aa0128d7c344c8bc,Typical Insulated Wood Framed Exterior Wall,,DOE Ref 1980-2004,existing_stock_benchmark,source,normalized
construction-8c74ac06cd0711c74976869a,Typical Interior Wall,RetailStripmall,90.1-2019,code_prototype_rules,source,normalized
construction-8ccbfe82201e854e4be439b3,Typical Insulated Exterior Mass Floor,,DOE Ref Pre-1980,existing_stock_benchmark,source,normalized
construction-8ccdbc347867b34714b1e877,Typical Insulated Exterior Mass Floor,,90.1-2013,code_prototype_rules,source,normalized
construction-8ccdc1101b2bb69c1cd07247,Typical Insulated Steel Framed Exterior Wall,,DOE Ref 1980-2004,existing_stock_benchmark,source,normalized
construction-8cd3e466b234e9712ac66b84,Adiabatic Roof,,90.1-2019,code_prototype_rules,source,normalized
construction-8cdcf0b3b2b932f419567346,Typical Insulated Exterior Mass Floor,,90.1-2019,code_prototype_rules,source,normalized
construction-8ce05b379caf2bdbeba4f658,Typical Insulated Carpeted 6in Slab Floor,,90.1-2007,code_prototype_rules,source,normalized
construction-8ce735573daf835720d14de4,Typical Insulated Carpeted 8in Slab Floor,,90.1-2019,code_prototype_rules,source,normalized
construction-8d0e27038205a9b5321e6b1a,Typical Insulated Metal Building Wall,,DOE Ref Pre-1980,existing_stock_benchmark,source,normalized
construction-8d11f365fdbf157a1a452376,Typical Insulated Carpeted 6in Slab Floor,,90.1-2007,code_prototype_rules,source,normalized
construction-8d2f0c2b893f05c5b2f7250d,Typical Insulated Exterior Mass Wall,,90.1-2007,code_prototype_rules,source,normalized
construction-8d3338d47a2df37a051614ca,Typical Interior Floor,Hospital,90.1-2007,code_prototype_rules,source,normalized
construction-8d4ee817343254f324fabdc6,U 0.57 SHGC 0.39 Dbl Ref-D Clr 6mm/6mm Air,,DOE Ref 1980-2004,existing_stock_benchmark,source,normalized
construction-8d7252a196eb99d28884363c,Typical IEAD Roof,,DOE Ref 1980-2004,existing_stock_benchmark,source,normalized
construction-8d7f55c01af74716752b38aa,Typical Insulated Basement Mass Wall,,90.1-2013,code_prototype_rules,source,normalized
construction-8d9ebac8a5bd94d15c6fb4c8,Typical Insulated Steel Framed Exterior Wall,,DOE Ref Pre-1980,existing_stock_benchmark,source,normalized
construction-8d9f9691c077ef12dc6dc51a,Typical Insulated Carpeted 6in Slab Floor,,DOE Ref 1980-2004,existing_stock_benchmark,source,normalized
construction-8dae00986c8d5d8e4150aa3e,U 0.32 SHGC 0.36 Simple Glazing,,90.1-2019,code_prototype_rules,source,normalized
construction-8dc8277d8ac4aed2b0071a2b,Typical Insulated Exterior Mass Floor,,DOE Ref Pre-1980,existing_stock_benchmark,source,normalized
construction-8dd8f5aba76aaf99c8d44c1d,Typical Wood Joist Attic Floor,,90.1-2013,code_prototype_rules,source,normalized
construction-8de66e710057869a7ec0fe3c,Typical Insulated Exterior Mass Wall,,DOE Ref 1980-2004,existing_stock_benchmark,source,normalized
construction-8df1dac83540c311e1b8010e,Typical Insulated Metal Building Wall,,DOE Ref Pre-1980,existing_stock_benchmark,source,normalized
construction-8e0c0cee12f7fb739a883f93,Typical Insulated Exterior Mass Wall,,90.1-2019,code_prototype_rules,source,normalized
construction-8e3754807652b06c6aac3b88,Typical IEAD Roof,,90.1-2007,code_prototype_rules,source,normalized
construction-8e5219e7cf45b020d4adb480,Typical Insulated Exterior Mass Wall,,90.1-2007,code_prototype_rules,source,normalized
construction-8e66ee989f37083003707cd8,Adiabatic Wall,,DOE Ref Pre-1980,existing_stock_benchmark,source,normalized
construction-8e6fc4b00c99e6737e8f34c2,U 1.22 SHGC 0.25 Sgl Elec Ref Colored 6mm,,DOE Ref 1980-2004,existing_stock_benchmark,source,normalized
construction-8e77b6202494d7b7802539c6,Typical Wood Joist Attic Floor,,90.1-2007,code_prototype_rules,source,normalized
construction-8ea3b7c29d7e479658699b5a,Typical Insulated Wood Framed Exterior Floor,,90.1-2013,code_prototype_rules,source,normalized
construction-8ea8561e5c97eff797ada3ad,Typical Insulated Basement Mass Wall,,DOE Ref Pre-1980,existing_stock_benchmark,source,normalized
construction-8eac4d485eb5d220a73f4003,U 1.22 SHGC 0.25 Sgl Elec Ref Colored 6mm,,DOE Ref Pre-1980,existing_stock_benchmark,source,normalized
construction-8eb8ad199a66f4baabae779e,Typical Insulated Metal Building Wall,,90.1-2007,code_prototype_rules,source,normalized
construction-8ec493f22b8867ffcac2e01e,U 0.57 SHGC 0.39 Dbl Ref-D Clr 6mm/6mm Air,,DOE Ref 1980-2004,existing_stock_benchmark,source,normalized
construction-8ec4c141a66c43902d71c349,Adiabatic Wall,,90.1-2019,code_prototype_rules,source,normalized
construction-8ece08df558c6245074abe83,Typical Insulated Wood Framed Exterior Floor,,DOE Ref Pre-1980,existing_stock_benchmark,source,normalized
construction-8ef3a85292c892665d3414dc,Typical Insulated Exterior Mass Floor,,DOE Ref Pre-1980,existing_stock_benchmark,source,normalized
construction-8f21f60074b87b4277ec3078,Typical Insulated Metal Building Roof,,DOE Ref Pre-1980,existing_stock_benchmark,source,normalized
construction-8f2ba16f67e88e538d20a9f0,Typical Insulated Steel Framed Exterior Wall,,90.1-2007,code_prototype_rules,source,normalized
construction-8f3f7448c9cb349cf676bf31,QuickServiceRestaurant construction package,QuickServiceRestaurant,DOE Ref Pre-1980,existing_stock_benchmark,source,normalized
construction-8f40e624b78a85b3931420d4,Typical IEAD Roof,,90.1-2019,code_prototype_rules,source,normalized
construction-8f526aa4750e51531676b684,Typical Interior Ceiling,Laboratory,90.1-2019,code_prototype_rules,source,normalized
construction-8f777a7249258ab7174db50c,U 1.22 SHGC 0.54 Simple Glazing,,DOE Ref Pre-1980,existing_stock_benchmark,source,normalized
construction-8f882354d419a92de75640f3,Typical Insulated Basement Mass Wall,,DOE Ref 1980-2004,existing_stock_benchmark,source,normalized
construction-8fbd525d244f610cf5e7b47e,Warehouse construction package,Warehouse,90.1-2019,code_prototype_rules,source,normalized
construction-8fc22660836804ccdd4d0c71,Adiabatic ExteriorFloor,,DOE Ref 1980-2004,existing_stock_benchmark,source,normalized
construction-8fd4dfb36a4bd7fceea2290b,Typical Insulated Metal Building Wall,,DOE Ref 1980-2004,existing_stock_benchmark,source,normalized
construction-8fdd83e465997aedcd1fb955,Typical Insulated Carpeted 6in Slab Floor,,DOE Ref Pre-1980,existing_stock_benchmark,source,normalized
construction-8ff4031e6bcaa038f30958fe,Typical IEAD Roof,,DOE Ref 1980-2004,existing_stock_benchmark,source,normalized
construction-900afcbde902fec855cb421a,Typical Insulated Exterior Mass Wall,,DOE Ref 1980-2004,existing_stock_benchmark,source,normalized
construction-902286a48c884b8bccaea49d,Typical Insulated Carpeted 6in Slab Floor,,90.1-2007,code_prototype_rules,source,normalized
construction-903fb38b7369e63d80156f5c,Typical Wood Joist Attic Floor,,90.1-2013,code_prototype_rules,source,normalized
construction-9048c6acb43fdb2a25bee409,U 0.57 SHGC 0.39 Dbl Ref-D Clr 6mm/6mm Air,,DOE Ref Pre-1980,existing_stock_benchmark,source,normalized
construction-904f15b0c485ca7adcbab33b,Typical Insulated Steel Framed Exterior Wall,,DOE Ref Pre-1980,existing_stock_benchmark,source,normalized
construction-9052ad7a0899009c2a5bdbfe,Typical Insulated Metal Building Roof,,DOE Ref Pre-1980,existing_stock_benchmark,source,normalized
construction-9078363431db7f20567a579d,Typical Wood Joist Attic Floor,,DOE Ref Pre-1980,existing_stock_benchmark,source,normalized
construction-907bb4b7fa2536e89eb92236,LargeHotel construction package,LargeHotel,90.1-2019,code_prototype_rules,source,normalized
construction-90ac8a3798a99721b935a2f8,Typical Insulated Metal Building Wall,,DOE Ref Pre-1980,existing_stock_benchmark,source,normalized
construction-90c4ba40a7ee6f0c50b303e3,Typical Insulated Metal Building Wall,,DOE Ref 1980-2004,existing_stock_benchmark,source,normalized
construction-90c9424993baa3f59896c33d,Typical Interior Wall,MediumOffice,90.1-2007,code_prototype_rules,source,normalized
construction-90cd54380f57bc6883bf8a7a,Dwelling enclosure / source_building_94420,SingleFamilyDetached,ResStock SDR source fixture,existing_stock_source_fixture,source,normalized
construction-90de14f4b80df2dc0cc759e6,U 1.2 SHGC 0.45 Simple Glazing,,90.1-2007,code_prototype_rules,source,normalized
construction-90f339f8d1e3ac6d20af28dc,Typical Wood Joist Attic Floor,,DOE Ref 1980-2004,existing_stock_benchmark,source,normalized
construction-910e479ec7efccd4537514d4,Typical Insulated Basement Mass Wall,,DOE Ref Pre-1980,existing_stock_benchmark,source,normalized
construction-912e625cc45e84cc83c86c50,Typical Insulated Carpeted 6in Slab Floor,,DOE Ref Pre-1980,existing_stock_benchmark,source,normalized
construction-91325c323d38691ec1dd5f2a,U 0.5 SHGC 0.22 Simple Glazing,,90.1-2019,code_prototype_rules,source,normalized
construction-914941b7228d41512d0db1d6,Typical Interior Ceiling,PrimarySchool,90.1-2019,code_prototype_rules,source,normalized
construction-91494b6eff37b69561525bf8,Typical Interior Wall,SuperTallBuilding,90.1-2007,code_prototype_rules,source,normalized
construction-914ac2f8173a87469d759bdd,Typical IEAD Roof,,90.1-2019,code_prototype_rules,source,normalized
construction-9152589c4ca9120be636816a,U 0.62 SHGC 0.41 Simple Glazing,,DOE Ref Pre-1980,existing_stock_benchmark,source,normalized
construction-9157d0f6aec100ed93632b35,Typical Wood Joist Attic Floor,,DOE Ref 1980-2004,existing_stock_benchmark,source,normalized
construction-915d1527689418b7b4f5324c,Typical Wood Joist Attic Floor,,90.1-2019,code_prototype_rules,source,normalized
construction-91767c4b6866df4cd2ba68b1,Typical Insulated Wood Framed Exterior Wall,,90.1-2007,code_prototype_rules,source,normalized
construction-9176c32769537bb4bac34668,Typical Insulated Exterior Mass Wall,,DOE Ref 1980-2004,existing_stock_benchmark,source,normalized
construction-918d2f06f82c950e7a54ec10,Typical Insulated Basement Mass Wall,,DOE Ref Pre-1980,existing_stock_benchmark,source,normalized
construction-91ab33b0a38fb76457d5b264,Typical Insulated Exterior Mass Wall,,DOE Ref 1980-2004,existing_stock_benchmark,source,normalized
construction-91cc866c27e6b428505c4979,Typical Wood Joist Attic Floor,,DOE Ref Pre-1980,existing_stock_benchmark,source,normalized
construction-91e1a02785cc2db71c1eb434,Typical Insulated Metal Building Wall,,DOE Ref 1980-2004,existing_stock_benchmark,source,normalized
construction-91e2387a81618e5d3eb20607,Typical Insulated Steel Framed Exterior Wall,,DOE Ref Pre-1980,existing_stock_benchmark,source,normalized
construction-91e9f3b88af52c5354736dcd,Typical Insulated Metal Building Wall,,DOE Ref Pre-1980,existing_stock_benchmark,source,normalized
construction-91f89f9d34e5c6863989a764,Typical Wood Joist Attic Floor,,DOE Ref Pre-1980,existing_stock_benchmark,source,normalized
construction-91f984d2d6e8f23510ce1e4e,Typical Insulated Steel Framed Exterior Wall,,DOE Ref 1980-2004,existing_stock_benchmark,source,normalized
construction-920b947116a6e6f228a920a7,U 1.2 SHGC 0.45 Simple Glazing,,90.1-2019,code_prototype_rules,source,normalized
construction-920c266f857e9b3735039969,Typical Interior Floor,Warehouse,90.1-2013,code_prototype_rules,source,normalized
construction-9241a0c319059897130e4fc8,Typical Insulated Steel Framed Exterior Floor,,DOE Ref 1980-2004,existing_stock_benchmark,source,normalized
construction-9252353b94d971220b0fb5ae,U 0.32 SHGC 0.45 Simple Glazing,,90.1-2013,code_prototype_rules,source,normalized
construction-925c958f6a76f37f96ce6118,Warehouse construction package,Warehouse,90.1-2007,code_prototype_rules,source,normalized
construction-926dcfa66cfc693a98acf0d1,Typical Wood Joist Attic Floor,,DOE Ref Pre-1980,existing_stock_benchmark,source,normalized
construction-9278c867092e65ee9dc31477,U 0.57 SHGC 0.39 Dbl Ref-D Clr 6mm/6mm Air,,DOE Ref Pre-1980,existing_stock_benchmark,source,normalized
construction-9289050f3dc87423d1eb3f2b,Typical Insulated Carpeted 6in Slab Floor,,DOE Ref Pre-1980,existing_stock_benchmark,source,normalized
construction-9290ff3baab47239ff7f860b,Typical Insulated Steel Framed Exterior Wall,,DOE Ref Pre-1980,existing_stock_benchmark,source,normalized
construction-92c51ae551775127ec01b752,Typical Insulated Carpeted 8in Slab Floor,,90.1-2019,code_prototype_rules,source,normalized
construction-92cc39a1a3f3784cef3aa380,Adiabatic GroundContactFloor,,DOE Ref Pre-1980,existing_stock_benchmark,source,normalized
construction-92cdb958f995a0ca1cc2e395,PrimarySchool construction package,PrimarySchool,DOE Ref 1980-2004,existing_stock_benchmark,source,normalized
construction-92f743744cfdffe24f67c35d,Typical Insulated Exterior Mass Floor,,DOE Ref Pre-1980,existing_stock_benchmark,source,normalized
construction-92f8a7be54c2938c7a12ab3b,Typical Insulated Steel Framed Exterior Floor,,DOE Ref 1980-2004,existing_stock_benchmark,source,normalized
construction-930e7ff8a3e89d50f84180c6,Typical Insulated Steel Framed Exterior Wall,,DOE Ref Pre-1980,existing_stock_benchmark,source,normalized
construction-931adf5252c95b4ee7ba5140,Typical Insulated Wood Framed Exterior Wall,,90.1-2019,code_prototype_rules,source,normalized
construction-931fdea6490df141cd7f49b0,Typical Interior Floor,SmallOfficeDetailed,DOE Ref 1980-2004,existing_stock_benchmark,source,normalized
construction-93362271aee799032de91eda,Dwelling enclosure / source_building_290025,SingleFamilyDetached,ResStock SDR source fixture,existing_stock_source_fixture,source,normalized
construction-9374ed3e358b126c224fe852,Typical Insulated Basement Mass Wall,,DOE Ref 1980-2004,existing_stock_benchmark,source,normalized
construction-937d7bb5ed3a89e823ae76f4,U 1.22 SHGC 0.25 Sgl Elec Ref Colored 6mm,,DOE Ref Pre-1980,existing_stock_benchmark,source,normalized
construction-9396953a7a79caf9ed47f38f,Typical Interior Floor,TallBuilding,90.1-2007,code_prototype_rules,source,normalized
construction-93994b9866619cf7c51a72d0,U 1.22 SHGC 0.25 Sgl Elec Ref Colored 6mm,,DOE Ref 1980-2004,existing_stock_benchmark,source,normalized
construction-93aa61a972ad1431f2e3bcd3,Adiabatic ExteriorFloor,,90.1-2007,code_prototype_rules,source,normalized
construction-93be6c5eb94bb2406ff98878,U 0.59 SHGC 0.39 Simple Glazing,,DOE Ref 1980-2004,existing_stock_benchmark,source,normalized
construction-93cb2afe2fe44c8e084b9b99,MediumOffice construction package,MediumOffice,90.1-2019,code_prototype_rules,source,normalized
construction-93dad94331afedcb47dd7bea,U 0.57 SHGC 0.49 Dbl Blue 6mm/6mm Air,,DOE Ref 1980-2004,existing_stock_benchmark,source,normalized
construction-93defdc0e9631e744a968779,Adiabatic Wall,,DOE Ref 1980-2004,existing_stock_benchmark,source,normalized
construction-941353a44e4301c74f81c284,int_wall_smallhotel,SmallHotel,90.1-2019,code_prototype_rules,source,normalized
construction-941bbe42d873decc722dab19,Typical Insulated Exterior Mass Wall,,DOE Ref 1980-2004,existing_stock_benchmark,source,normalized
construction-941ddd77325e960c863ddecd,Typical Insulated Carpeted 6in Slab Floor,,DOE Ref 1980-2004,existing_stock_benchmark,source,normalized
construction-943c71cec265a1bea7eba229,Typical Interior Floor,Laboratory,90.1-2007,code_prototype_rules,source,normalized
construction-943ee4b0369a668d8338a028,Typical Insulated Carpeted 6in Slab Floor,,90.1-2019,code_prototype_rules,source,normalized
construction-9445fbfbcaeb405bcd07fbd3,Typical Insulated Steel Framed Exterior Floor,,90.1-2007,code_prototype_rules,source,normalized
construction-9449a06f1d2a676fe4006028,Courthouse construction package,Courthouse,DOE Ref 1980-2004,existing_stock_benchmark,source,normalized
construction-944e4ec6e40d5d1cebf4a96c,Typical Interior Floor,RetailStandalone,90.1-2013,code_prototype_rules,source,normalized
construction-94565a9308740e49b92fb509,Typical Interior Wall,Warehouse,90.1-2013,code_prototype_rules,source,normalized
construction-945bf95209a5512cc8200a74,Typical Wood Joist Attic Floor,,DOE Ref Pre-1980,existing_stock_benchmark,source,normalized
construction-9473e5beaeea3bad90d07bfb,Typical Interior Floor,Office,DOE Ref 1980-2004,existing_stock_benchmark,source,normalized
construction-947bd44b458d976856d498b5,Typical Insulated Exterior Mass Floor,,90.1-2013,code_prototype_rules,source,normalized
construction-9484e076d395bf274f1ada9e,Typical Insulated Steel Framed Exterior Wall,,DOE Ref Pre-1980,existing_stock_benchmark,source,normalized
construction-949e51a4b865b9bc1642ae03,Adiabatic Roof,,DOE Ref Pre-1980,existing_stock_benchmark,source,normalized
construction-94afdf36ce40519c45b95f77,Adiabatic Wall,,DOE Ref Pre-1980,existing_stock_benchmark,source,normalized
construction-94e57df9796336c4b8b7fa87,Typical Insulated Carpeted 6in Slab Floor,,DOE Ref Pre-1980,existing_stock_benchmark,source,normalized
construction-94f44a4904eacb889fd918a1,SmallDataCenterLowITE construction package,SmallDataCenterLowITE,90.1-2013,code_prototype_rules,source,normalized
construction-94f62d91d9d05a0967d02bc5,Typical Insulated Steel Framed Exterior Wall,,90.1-2019,code_prototype_rules,source,normalized
construction-9504c9a1d3a9b83d64d9bf89,Adiabatic GroundContactFloor,,90.1-2019,code_prototype_rules,source,normalized
construction-95134ad41eee7525ed8b6282,Adiabatic GroundContactFloor,,90.1-2007,code_prototype_rules,source,normalized
construction-957c56646f6a73e68a9c831d,Typical Insulated Exterior Mass Floor,,90.1-2019,code_prototype_rules,source,normalized
construction-959978d8cd7f94b7df0d6727,U 0.5 SHGC 0.4 Simple Glazing,,90.1-2013,code_prototype_rules,source,normalized
construction-95a6ea82dfec085478734485,U 1.22 SHGC 0.25 Sgl Elec Ref Colored 6mm,,DOE Ref 1980-2004,existing_stock_benchmark,source,normalized
construction-95b057de59ed93eb4b6f969d,Typical Insulated Exterior Mass Floor,,90.1-2007,code_prototype_rules,source,normalized
construction-95e63858e2dc088325cac6de,U 1.22 SHGC 0.25 Sgl Elec Ref Colored 6mm,,DOE Ref Pre-1980,existing_stock_benchmark,source,normalized
construction-95fb07c878bb39e08b8cbac5,Adiabatic ExteriorFloor,,90.1-2013,code_prototype_rules,source,normalized
construction-961526dc7c16deecd87168ec,Typical Interior Wall,Warehouse,DOE Ref Pre-1980,existing_stock_benchmark,source,normalized
construction-963d85d2e6ef0dea69a75700,Typical Interior Floor,SuperTallBuilding,90.1-2013,code_prototype_rules,source,normalized
construction-9654363b62a8a9a9466a5980,Typical Insulated Wood Framed Exterior Floor,,90.1-2013,code_prototype_rules,source,normalized
construction-9658490947bbaeb94ab3ee60,U 0.5 SHGC 0.25 Simple Glazing,,90.1-2013,code_prototype_rules,source,normalized
construction-96884777c2af7c6134c2141e,U 0.4 SHGC 0.45 Simple Glazing,,90.1-2007,code_prototype_rules,source,normalized
construction-96b040451c3e0a7bd40a5648,Typical Interior Ceiling,MediumOfficeDetailed,DOE Ref Pre-1980,existing_stock_benchmark,source,normalized
construction-96b10786ff47eb7fc9c9f075,Typical Insulated Steel Framed Exterior Wall,,DOE Ref 1980-2004,existing_stock_benchmark,source,normalized
construction-96fe548fc4e08afad3bac995,Adiabatic ExteriorFloor,,DOE Ref Pre-1980,existing_stock_benchmark,source,normalized
construction-96ff3f3acad42390b315e590,U 0.29 SHGC 0.4 Simple Glazing,,90.1-2019,code_prototype_rules,source,normalized
construction-9719071234a97e0c2b68ca91,Typical Insulated Exterior Mass Wall,,DOE Ref Pre-1980,existing_stock_benchmark,source,normalized
construction-971fc0701c4b969e783403e7,Typical IEAD Roof,,DOE Ref Pre-1980,existing_stock_benchmark,source,normalized
construction-972ffceb00688f1731c065e3,Typical Insulated Basement Mass Wall,,90.1-2013,code_prototype_rules,source,normalized
construction-97447909b6ff2e3a905c93f2,Typical Insulated Metal Building Wall,,DOE Ref 1980-2004,existing_stock_benchmark,source,normalized
construction-974e9d1c086ebf7706b79b67,Typical Interior Ceiling,College,90.1-2007,code_prototype_rules,source,normalized
construction-97592d62d970075821a6836b,Typical Interior Ceiling,HighriseApartment,90.1-2007,code_prototype_rules,source,normalized
construction-9776172d33264031f5b66ba3,U 0.57 SHGC 0.39 Dbl Ref-D Clr 6mm/6mm Air,,DOE Ref 1980-2004,existing_stock_benchmark,source,normalized
construction-97968d9db33db0a520d4c9c4,Typical Insulated Carpeted 6in Slab Floor,,DOE Ref Pre-1980,existing_stock_benchmark,source,normalized
construction-979c06dcf643baaa3b01f153,Typical Interior Floor,College,90.1-2007,code_prototype_rules,source,normalized
construction-97b258583d1cce1c6c839c54,Typical Insulated Carpeted 6in Slab Floor,,DOE Ref Pre-1980,existing_stock_benchmark,source,normalized
construction-97d25a93d4869a9b2c78d04d,U 0.34 SHGC 0.38 Simple Glazing,,90.1-2019,code_prototype_rules,source,normalized
construction-97d4abd1baaa1a8b1ff48b42,Adiabatic ExteriorFloor,,90.1-2013,code_prototype_rules,source,normalized
construction-97db59cb60dfd269cf98ecec,Warehouse construction package,Warehouse,DOE Ref 1980-2004,existing_stock_benchmark,source,normalized
construction-98054303ef4b31365a466c94,Typical Insulated Metal Building Wall,,90.1-2019,code_prototype_rules,source,normalized
construction-980601e3f0b1936dee14bb95,U 0.72 SHGC 0.39 Simple Glazing,,DOE Ref 1980-2004,existing_stock_benchmark,source,normalized
construction-98274900df2af684cd6a2840,Typical Insulated Carpeted 6in Slab Floor,,DOE Ref Pre-1980,existing_stock_benchmark,source,normalized
construction-983dc7276f3a9ae0877eb980,U 0.5 SHGC 0.22 Simple Glazing,,90.1-2019,code_prototype_rules,source,normalized
construction-985281adf9f0b8f5b7d976e4,Typical Insulated Steel Framed Exterior Floor,,DOE Ref 1980-2004,existing_stock_benchmark,source,normalized
construction-986015dd62655dd13c45e302,LargeOfficeDetailed construction package,LargeOfficeDetailed,DOE Ref 1980-2004,existing_stock_benchmark,source,normalized
construction-9896244a59205270bf172078,Typical Insulated Steel Framed Exterior Wall,,90.1-2013,code_prototype_rules,source,normalized
construction-98aa2daa178345e2a3ff077c,Typical Insulated Carpeted 6in Slab Floor,,90.1-2007,code_prototype_rules,source,normalized
construction-98bc80e3f27cd6c51b4203bb,U 1.22 SHGC 0.25 Sgl Elec Ref Colored 6mm,,DOE Ref Pre-1980,existing_stock_benchmark,source,normalized
construction-98d36cc56634b3e00a2b3671,Typical Interior Ceiling,SmallDataCenterLowITE,90.1-2007,code_prototype_rules,source,normalized
construction-98db2fad9d1dd2aeda676ca6,U 0.57 SHGC 0.39 Dbl Ref-D Clr 6mm/6mm Air,,DOE Ref 1980-2004,existing_stock_benchmark,source,normalized
construction-98dc9d9a825820c8818fa700,Adiabatic GroundContactFloor,,DOE Ref 1980-2004,existing_stock_benchmark,source,normalized
construction-98e100151ab0883847657ce3,Typical Insulated Metal Building Roof,,DOE Ref Pre-1980,existing_stock_benchmark,source,normalized
construction-991d20f5287a34b1178ea50a,U 1.22 SHGC 0.25 Sgl Elec Ref Colored 6mm,,DOE Ref Pre-1980,existing_stock_benchmark,source,normalized
construction-9937c0356fd2a0f0f7b89079,Typical Insulated Steel Framed Exterior Floor,,DOE Ref Pre-1980,existing_stock_benchmark,source,normalized
construction-9962e5243b977acbf7114267,U 1.22 SHGC 0.61 Sgl Green 6mm,,DOE Ref 1980-2004,existing_stock_benchmark,source,normalized
construction-996b8868ab55809a6238d01a,Typical Insulated Basement Mass Wall,,DOE Ref 1980-2004,existing_stock_benchmark,source,normalized
construction-9977c601acb528b3b06d0fcd,Typical Insulated Steel Framed Exterior Floor,,90.1-2007,code_prototype_rules,source,normalized
construction-997dcebc8ee611f5cc5192a1,Typical Insulated Carpeted 6in Slab Floor,,90.1-2013,code_prototype_rules,source,normalized
construction-9990c8a0bacc8bd1337cc7f1,Typical Insulated Steel Framed Exterior Wall,,90.1-2007,code_prototype_rules,source,normalized
construction-99f9f4e41863006e1ea5abd6,Typical Interior Ceiling,Hospital,90.1-2013,code_prototype_rules,source,normalized
construction-99fcfc991310d914a5d4cc98,Hospital construction package,Hospital,DOE Ref 1980-2004,existing_stock_benchmark,source,normalized
construction-9a1a160da44c6b90f6a4b7c6,Typical Wood Joist Attic Floor,,DOE Ref Pre-1980,existing_stock_benchmark,source,normalized
construction-9a227064f1001a86f9151a44,Typical Insulated Metal Building Roof - Highly Reflective,,90.1-2007,code_prototype_rules,source,normalized
construction-9a2b97de43fef7abd6ddb775,Typical Insulated Carpeted 6in Slab Floor,,90.1-2007,code_prototype_rules,source,normalized
construction-9a3af8ed842cbbd0352a7f38,Typical Insulated Metal Building Roof,,DOE Ref 1980-2004,existing_stock_benchmark,source,normalized
construction-9a5e3f4ed255094890c4bde8,U 0.5 SHGC 0.25 Simple Glazing,,90.1-2013,code_prototype_rules,source,normalized
construction-9a6728f498b202092d7f4962,U 1.22 SHGC 0.25 Sgl Elec Ref Colored 6mm,,DOE Ref 1980-2004,existing_stock_benchmark,source,normalized
construction-9a6e24128eb1c4885dbcfd1a,Typical Insulated Steel Framed Exterior Floor,,DOE Ref 1980-2004,existing_stock_benchmark,source,normalized
construction-9a6e6cdf83d6259ebb0cb8f4,U 0.45 SHGC 0.33 Simple Glazing,,90.1-2019,code_prototype_rules,source,normalized
construction-9a87f2fe4ef58e9f2c0dcfdf,Typical IEAD Roof,,90.1-2013,code_prototype_rules,source,normalized
construction-9aac2eb0f2f0b7ba7a104722,Typical Insulated Metal Building Roof,,DOE Ref 1980-2004,existing_stock_benchmark,source,normalized
construction-9ac6a7a8c3055cbfed8eb68c,Typical Interior Ceiling,LargeOffice,DOE Ref 1980-2004,existing_stock_benchmark,source,normalized
construction-9b0f49fb85acdc167d2e45ff,Typical Interior Ceiling,SuperTallBuilding,90.1-2007,code_prototype_rules,source,normalized
construction-9b3b62d8b6095a163893d7ea,Typical IEAD Roof,,90.1-2007,code_prototype_rules,source,normalized
construction-9b3d9657ca099319ed163632,LargeHotel Interior Ceiling,LargeHotel,90.1-2007,code_prototype_rules,source,normalized
construction-9baee5350df86e92cbe78886,Typical Interior Wall,Office,90.1-2019,code_prototype_rules,source,normalized
construction-9bbd22a97835e68502d4af3a,Typical Insulated Wood Framed Exterior Floor,,DOE Ref Pre-1980,existing_stock_benchmark,source,normalized
construction-9bd2547abaea0fa7809005c9,Adiabatic GroundContactFloor,,DOE Ref Pre-1980,existing_stock_benchmark,source,normalized
construction-9bf1b5bfe68023594759168c,Typical Insulated Carpeted 6in Slab Floor,,DOE Ref Pre-1980,existing_stock_benchmark,source,normalized
construction-9bf1de5ad6d305fab6c70e8e,Typical Insulated Metal Building Wall,,DOE Ref Pre-1980,existing_stock_benchmark,source,normalized
construction-9c0679d3264130f7bbdd16d1,Typical Insulated Exterior Mass Wall,,DOE Ref Pre-1980,existing_stock_benchmark,source,normalized
construction-9c3a241b7e3949df18f5a9b7,U 0.65 SHGC 0.25 Simple Glazing,,90.1-2013,code_prototype_rules,source,normalized
construction-9c468b4557d0681fb0539484,Typical Interior Floor,Warehouse,90.1-2019,code_prototype_rules,source,normalized
construction-9c8ba3dd933683be0f47a9b1,Typical Interior Wall,FullServiceRestaurant,DOE Ref 1980-2004,existing_stock_benchmark,source,normalized
construction-9c98a8181b05e14f3b12ea63,Typical Insulated Steel Framed Exterior Floor,,DOE Ref 1980-2004,existing_stock_benchmark,source,normalized
construction-9ca0d59f03808dc56c645753,Typical Insulated Metal Building Roof - Highly Reflective,,90.1-2019,code_prototype_rules,source,normalized
construction-9cd071ead370d8af1b0b3dd1,Typical Interior Floor,SmallDataCenterHighITE,90.1-2013,code_prototype_rules,source,normalized
construction-9ce492697de6aff1140b9ce4,U 1.22 SHGC 0.25 Sgl Elec Ref Colored 6mm,,DOE Ref Pre-1980,existing_stock_benchmark,source,normalized
construction-9ce7412aadbb9f5c13352429,Typical Interior Floor,FullServiceRestaurant,DOE Ref Pre-1980,existing_stock_benchmark,source,normalized
construction-9cff1ee296784365dd628f33,Typical Insulated Carpeted 6in Slab Floor,,DOE Ref Pre-1980,existing_stock_benchmark,source,normalized
construction-9d2d01cb50daf46305498557,Typical Insulated Steel Framed Exterior Floor,,90.1-2019,code_prototype_rules,source,normalized
construction-9d64d22d4ce9f77ded7179ec,Typical Insulated Basement Mass Wall,,90.1-2013,code_prototype_rules,source,normalized
construction-9d6b384ed312eb82eb509f4a,TallBuilding construction package,TallBuilding,90.1-2013,code_prototype_rules,source,normalized
construction-9d8855f11f50a88ab0dd3138,Typical Insulated Exterior Mass Wall,,DOE Ref 1980-2004,existing_stock_benchmark,source,normalized
construction-9d8f39a4334a01755923a8fd,Typical Insulated Wood Framed Exterior Floor,,90.1-2013,code_prototype_rules,source,normalized
construction-9d935c88b62c2e6b8111503f,Typical Insulated Metal Building Roof,,DOE Ref 1980-2004,existing_stock_benchmark,source,normalized
construction-9da63a2f80a994cbee98c8e5,Typical Insulated Wood Framed Exterior Floor,,DOE Ref Pre-1980,existing_stock_benchmark,source,normalized
construction-9da7ed9e99f56ea2ff572a9c,Dwelling enclosure / source_building_461465,SingleFamilyDetached,ResStock SDR source fixture,existing_stock_source_fixture,source,normalized
construction-9dab4ae151a52946c9a6f1b9,Typical Interior Wall,QuickServiceRestaurant,90.1-2007,code_prototype_rules,source,normalized
construction-9dbd800b3b87a7adc3e337ff,Adiabatic ExteriorFloor,,90.1-2007,code_prototype_rules,source,normalized
construction-9ddd523f9abd478c603b7f51,Typical Insulated Exterior Mass Floor,,DOE Ref Pre-1980,existing_stock_benchmark,source,normalized
construction-9de3c03a7fae2cf6fcbac1c2,RetailStripmall construction package,RetailStripmall,90.1-2007,code_prototype_rules,source,normalized
construction-9e0390b03b20d94753e445d2,Typical IEAD Roof,,90.1-2013,code_prototype_rules,source,normalized
construction-9e26fdac70d7f9862f36ec8c,Typical Interior Wall,PrimarySchool,DOE Ref 1980-2004,existing_stock_benchmark,source,normalized
construction-9e398de4f02c992ed0ec68ab,Typical Wood Joist Attic Floor,,DOE Ref 1980-2004,existing_stock_benchmark,source,normalized
construction-9e63b3701e23eefabef74dfb,Typical Insulated Basement Mass Wall,,DOE Ref 1980-2004,existing_stock_benchmark,source,normalized
construction-9e66c54122b5a2335639396b,Typical Interior Wall,Outpatient,90.1-2019,code_prototype_rules,source,normalized
construction-9e83ad0253c630bd67e59335,Typical IEAD Roof,,DOE Ref Pre-1980,existing_stock_benchmark,source,normalized
construction-9e8ac4cbbad175ca9ca90a28,RetailStripmall construction package,RetailStripmall,90.1-2013,code_prototype_rules,source,normalized
construction-9e8c0e6946594b8d099f826d,Typical Wood Joist Attic Floor,,DOE Ref 1980-2004,existing_stock_benchmark,source,normalized
construction-9e8cc2fa138a91151e99c376,Typical Interior Floor,Warehouse,90.1-2019,code_prototype_rules,source,normalized
construction-9ea3fb136fa301293f57e3e3,Typical Wood Joist Attic Floor,,DOE Ref Pre-1980,existing_stock_benchmark,source,normalized
construction-9ec7b650d134eece202cfe4f,Typical Interior Ceiling,FullServiceRestaurant,90.1-2013,code_prototype_rules,source,normalized
construction-9ed83eb6ff62a3b27b52ec91,Typical Insulated Metal Building Wall,,90.1-2019,code_prototype_rules,source,normalized
construction-9f1fa0f1d3fc628160222ddf,Typical Insulated Metal Building Wall,,DOE Ref Pre-1980,existing_stock_benchmark,source,normalized
construction-9f23dbc01a46f32ac04cbf6d,U 1.22 SHGC 0.25 Sgl Elec Ref Colored 6mm,,DOE Ref 1980-2004,existing_stock_benchmark,source,normalized
construction-9f2bf629de99477d48d47779,Typical Interior Wall,Courthouse,DOE Ref Pre-1980,existing_stock_benchmark,source,normalized
construction-9f4e998c3faadb283e4981ec,Typical Insulated Carpeted 6in Slab Floor,,DOE Ref 1980-2004,existing_stock_benchmark,source,normalized
construction-9f55d585b8969afe6ea27589,Typical Wood Joist Attic Floor,,DOE Ref Pre-1980,existing_stock_benchmark,source,normalized
construction-9f5c1300c55cd3bd8501489c,Typical Wood Joist Attic Floor,,90.1-2007,code_prototype_rules,source,normalized
construction-9f73389a6c1f64c32e17df0f,Typical IEAD Roof,,90.1-2007,code_prototype_rules,source,normalized
construction-9f77ca7a8e6df1f610c65141,Typical Insulated Carpeted 6in Slab Floor,,DOE Ref Pre-1980,existing_stock_benchmark,source,normalized
construction-9f783e86cf38d08377ff0cbc,U 1.2 SHGC 0.45 Simple Glazing,,90.1-2007,code_prototype_rules,source,normalized
construction-9f7e404245df9bfe85cbef84,Typical Insulated Wood Framed Exterior Wall,,DOE Ref 1980-2004,existing_stock_benchmark,source,normalized
construction-9f9ca597af98fcabda4bedac,Typical Insulated Carpeted 6in Slab Floor,,90.1-2013,code_prototype_rules,source,normalized
construction-9fb81df1a06349a3ba360664,U 1.22 SHGC 0.25 Sgl Elec Ref Colored 6mm,,DOE Ref Pre-1980,existing_stock_benchmark,source,normalized
construction-9fc08a1749858d79b0096f08,U 0.44 SHGC 0.45 Simple Glazing,,90.1-2019,code_prototype_rules,source,normalized
construction-9fc553dd5da9819651643446,Typical Interior Floor,Warehouse,DOE Ref 1980-2004,existing_stock_benchmark,source,normalized
construction-9fc6fe9515ecac994256077f,Typical Insulated Exterior Mass Wall,,90.1-2019,code_prototype_rules,source,normalized
construction-9fd7701aa43e16abe8feeddc,Typical Insulated Steel Framed Exterior Wall,,DOE Ref Pre-1980,existing_stock_benchmark,source,normalized
construction-9fda63b42d2f01ffbebaf872,Typical Insulated Wood Framed Exterior Floor,,DOE Ref Pre-1980,existing_stock_benchmark,source,normalized
construction-9fde946c0d3ee2d63ceca193,U 0.5 SHGC 0.45 Simple Glazing,,90.1-2019,code_prototype_rules,source,normalized
construction-9ffaa198700e30ccd2c6b03e,U 1.22 SHGC 0.61 Sgl Green 6mm,,DOE Ref Pre-1980,existing_stock_benchmark,source,normalized
construction-a03ed8be2f6259473b055faa,Typical Insulated Metal Building Wall,,DOE Ref Pre-1980,existing_stock_benchmark,source,normalized
construction-a0587b8fd8afc1a90884eec2,Typical Insulated Steel Framed Exterior Floor,,DOE Ref Pre-1980,existing_stock_benchmark,source,normalized
construction-a060cd65196750fd41fb2e9f,Typical Insulated Carpeted 6in Slab Floor,,90.1-2007,code_prototype_rules,source,normalized
construction-a071e7821415ea6a5151d03b,U 0.57 SHGC 0.39 Dbl Ref-D Clr 6mm/6mm Air,,DOE Ref 1980-2004,existing_stock_benchmark,source,normalized
construction-a09c338e310eb705514f95bd,U 0.57 SHGC 0.39 Dbl Ref-D Clr 6mm/6mm Air,,DOE Ref Pre-1980,existing_stock_benchmark,source,normalized
construction-a09d8ecb5ff3139bf240966e,Outpatient construction package,Outpatient,90.1-2007,code_prototype_rules,source,normalized
construction-a0a22108445879fb4052dd09,Typical Wood Joist Attic Floor,,DOE Ref Pre-1980,existing_stock_benchmark,source,normalized
construction-a0bfef84ac01ee9e6f8abfdf,Typical Interior Wall,SmallOfficeDetailed,90.1-2019,code_prototype_rules,source,normalized
construction-a0c00785aa13c10c5dce15a9,Typical Insulated Carpeted 6in Slab Floor,,90.1-2013,code_prototype_rules,source,normalized
construction-a0c44168726f6322af5bef1e,Typical Insulated Wood Framed Exterior Floor,,90.1-2013,code_prototype_rules,source,normalized
construction-a0c8dd410af2fddaef8f69fc,Typical Insulated Wood Framed Exterior Floor,,DOE Ref 1980-2004,existing_stock_benchmark,source,normalized
construction-a0fbc7d1653077ccf7ec11c2,Typical Insulated Basement Mass Wall,,DOE Ref 1980-2004,existing_stock_benchmark,source,normalized
construction-a1004be36bc9acca2d36e3b5,Warehouse construction package,Warehouse,DOE Ref 1980-2004,existing_stock_benchmark,source,normalized
construction-a1086b1a7e24515af6eb3eb4,Typical Interior Ceiling,TallBuilding,90.1-2019,code_prototype_rules,source,normalized
construction-a10e8635d5f42d4cf241f306,Typical Insulated Wood Framed Exterior Floor,,90.1-2019,code_prototype_rules,source,normalized
construction-a114d820e88adc5c8af511a0,Adiabatic GroundContactFloor,,90.1-2013,code_prototype_rules,source,normalized
construction-a11e136a062908b5fac39688,U 1.2 SHGC 0.45 Simple Glazing,,90.1-2007,code_prototype_rules,source,normalized
construction-a1332a7823ec618d6e145db7,Typical Interior Floor,Warehouse,DOE Ref Pre-1980,existing_stock_benchmark,source,normalized
construction-a1626488460dcb31d64408dc,Typical Insulated Exterior Mass Floor,,DOE Ref 1980-2004,existing_stock_benchmark,source,normalized
construction-a16fa67123b9b6f3549c56aa,Typical Interior Floor,Office,90.1-2013,code_prototype_rules,source,normalized
construction-a17e2f98e8c2c876007efc1f,Typical Insulated Exterior Mass Wall,,90.1-2019,code_prototype_rules,source,normalized
construction-a18b92d765c52125f6887e0f,U 0.46 SHGC 0.45 Dbl Grey 6mm/13mm Air,,DOE Ref Pre-1980,existing_stock_benchmark,source,normalized
construction-a1914391532c6266edff7fcd,Typical Insulated Wood Framed Exterior Floor,,DOE Ref 1980-2004,existing_stock_benchmark,source,normalized
construction-a1a16fca79299f1704fbcc72,Typical Insulated Metal Building Roof,,DOE Ref 1980-2004,existing_stock_benchmark,source,normalized
construction-a1b1cd4dde3a95e9c1fbfdf2,Typical Insulated Wood Framed Exterior Wall,,90.1-2019,code_prototype_rules,source,normalized
construction-a1b48961a654c80fc55221db,Typical Insulated Wood Framed Exterior Floor,,90.1-2019,code_prototype_rules,source,normalized
construction-a1b4fa1f6923d4f447aa3123,Typical Insulated Exterior Mass Floor,,DOE Ref Pre-1980,existing_stock_benchmark,source,normalized
construction-a1c7ee5fb6eda1ef4e0ab219,U 1.22 SHGC 0.25 Sgl Elec Ref Colored 6mm,,DOE Ref Pre-1980,existing_stock_benchmark,source,normalized
construction-a1ccd5a9e6957d9a5f6bf50a,Typical Insulated Carpeted 6in Slab Floor,,90.1-2019,code_prototype_rules,source,normalized
construction-a1deeaabc5b1ca6cff762230,Typical Interior Ceiling,Courthouse,90.1-2013,code_prototype_rules,source,normalized
construction-a1eaada091cf98b2523060ed,Typical IEAD Roof,,90.1-2007,code_prototype_rules,source,normalized
construction-a1f7a1794a5752150ceff918,U 1.22 SHGC 0.25 Sgl Elec Ref Colored 6mm,,DOE Ref 1980-2004,existing_stock_benchmark,source,normalized
construction-a1f8813405e4d46851cf5ece,Typical Insulated Steel Framed Exterior Floor,,90.1-2013,code_prototype_rules,source,normalized
construction-a1fb083ac81c044e9e89c14b,Typical Insulated Exterior Mass Floor,,90.1-2013,code_prototype_rules,source,normalized
construction-a203b95896c74d4516b9ffe3,Adiabatic ExteriorFloor,,DOE Ref Pre-1980,existing_stock_benchmark,source,normalized
construction-a2083ee602e1fe1a3e9d4a6d,U 0.57 SHGC 0.39 Dbl Ref-D Clr 6mm/6mm Air,,DOE Ref Pre-1980,existing_stock_benchmark,source,normalized
construction-a20f204bff9bf419a1b9da2e,Typical Wood Joist Attic Floor,,DOE Ref 1980-2004,existing_stock_benchmark,source,normalized
construction-a227b600aee86c3f3d42bf6b,Typical Interior Floor,LargeOfficeDetailed,90.1-2007,code_prototype_rules,source,normalized
construction-a22ae65bbb7e28e11c3bb6fe,Typical Interior Wall,Office,90.1-2013,code_prototype_rules,source,normalized
construction-a22c7078300ba0b82241d629,Typical Insulated Steel Framed Exterior Wall,,DOE Ref Pre-1980,existing_stock_benchmark,source,normalized
construction-a22f64229d9036700edd4f78,Typical Interior Ceiling,Laboratory,90.1-2013,code_prototype_rules,source,normalized
construction-a23749aff2e9c7868cd96be6,Adiabatic ExteriorFloor,,DOE Ref 1980-2004,existing_stock_benchmark,source,normalized
construction-a26bf1e5d1a5d71f283122c3,U 1.2 SHGC 0.25 Simple Glazing,,90.1-2013,code_prototype_rules,source,normalized
construction-a279e78f71f83d5987929510,Typical Insulated Metal Building Roof,,90.1-2013,code_prototype_rules,source,normalized
construction-a2887edc1ae5d99d2eeb81d3,Typical Insulated Steel Framed Exterior Wall,,90.1-2007,code_prototype_rules,source,normalized
construction-a28e0afe3f8d4d793171b761,Typical Insulated Carpeted 6in Slab Floor,,90.1-2019,code_prototype_rules,source,normalized
construction-a29a602ba428b1e637e17de3,U 1.22 SHGC 0.25 Sgl Elec Ref Colored 6mm,,DOE Ref Pre-1980,existing_stock_benchmark,source,normalized
construction-a2ad5b148a1add9a15679fcb,Typical Interior Ceiling,RetailStandalone,90.1-2007,code_prototype_rules,source,normalized
construction-a2b0d29a85d88375966e191c,Typical IEAD Roof,,DOE Ref Pre-1980,existing_stock_benchmark,source,normalized
construction-a2c49db24687fe1cbe792a69,U 1.22 SHGC 0.25 Sgl Elec Ref Colored 6mm,,DOE Ref Pre-1980,existing_stock_benchmark,source,normalized
construction-a2ce3b214676b2c9b544f4f5,U 0.52 SHGC 0.615 Simple Glazing,,DOE Ref 1980-2004,existing_stock_benchmark,source,normalized
construction-a2dfb494a8c0fc668f3d0308,Typical IEAD Roof,,DOE Ref 1980-2004,existing_stock_benchmark,source,normalized
construction-a2ea22fe859d1cd0dbdb5949,Typical Interior Floor,SmallOffice,90.1-2013,code_prototype_rules,source,normalized
construction-a30ac380386cd18c2bc06355,Typical Insulated Exterior Mass Wall,,90.1-2013,code_prototype_rules,source,normalized
construction-a328d15c51422bfecf9c4295,Typical Insulated Exterior Mass Wall,,90.1-2007,code_prototype_rules,source,normalized
construction-a32b4c37896cdbbf827f7d0b,Typical Insulated Carpeted 6in Slab Floor,,90.1-2007,code_prototype_rules,source,normalized
construction-a32daf09af262eefb0c5b74f,Typical Insulated Steel Framed Exterior Wall,,90.1-2013,code_prototype_rules,source,normalized
construction-a33027e0ed6c856a1e05bc3a,Typical Interior Ceiling,Outpatient,90.1-2013,code_prototype_rules,source,normalized
construction-a35cc46579f8c7da5740368e,Typical Insulated Metal Building Roof,,DOE Ref 1980-2004,existing_stock_benchmark,source,normalized
construction-a370fb909548260fe225df01,U 0.5 SHGC 0.4 Simple Glazing,,90.1-2013,code_prototype_rules,source,normalized
construction-a374d59fa3b7cb09c44d9815,Typical IEAD Roof,,DOE Ref Pre-1980,existing_stock_benchmark,source,normalized
construction-a39b74f4d6720ecf39bafd8f,LargeOffice construction package,LargeOffice,DOE Ref Pre-1980,existing_stock_benchmark,source,normalized
construction-a39e8ca85c9723f92a311889,U 1.22 SHGC 0.25 Simple Glazing,,DOE Ref 1980-2004,existing_stock_benchmark,source,normalized
construction-a3b13ccd04179f5259e0ec15,Typical Interior Floor,RetailStripmall,90.1-2007,code_prototype_rules,source,normalized
construction-a3b945a6abfcebb681e15976,Typical Insulated Metal Building Wall,,90.1-2007,code_prototype_rules,source,normalized
construction-a3d21eb1a8c1a364aa8670af,Uninsulated Steel Stud Wall,College,DOE Ref 1980-2004,existing_stock_benchmark,source,normalized
construction-a3f2c1c721bd0455cedc9b74,Typical Wood Joist Attic Floor,,DOE Ref Pre-1980,existing_stock_benchmark,source,normalized
construction-a43e8d09defb14aa72c1348b,Uninsulated Steel Stud Wall,College,90.1-2007,code_prototype_rules,source,normalized
construction-a448ccdde2ed96e5b0596c3d,Typical Insulated Basement Mass Wall,,90.1-2013,code_prototype_rules,source,normalized
construction-a448dd86b25a388ff85ab5f0,Typical IEAD Roof,,DOE Ref Pre-1980,existing_stock_benchmark,source,normalized
construction-a4548baa50c65d86cac8f29e,U 1.22 SHGC 0.25 Sgl Elec Ref Colored 6mm,,DOE Ref Pre-1980,existing_stock_benchmark,source,normalized
construction-a45aefdd7708271a28cc9ff6,Typical Insulated Basement Mass Wall,,90.1-2019,code_prototype_rules,source,normalized
construction-a47cadae5bf293d4cab172c3,Typical Insulated Carpeted 6in Slab Floor,,DOE Ref Pre-1980,existing_stock_benchmark,source,normalized
construction-a4848984c2267b75fe68bb58,Typical Insulated Metal Building Roof,,DOE Ref 1980-2004,existing_stock_benchmark,source,normalized
construction-a4a63c6437f58caadd927405,Typical Interior Floor,SmallOffice,90.1-2007,code_prototype_rules,source,normalized
construction-a4ae0dffe77c578460f7d691,Adiabatic GroundContactFloor,,90.1-2019,code_prototype_rules,source,normalized
construction-a4cad70b217da33502dc786d,Typical Insulated Steel Framed Exterior Wall,,90.1-2007,code_prototype_rules,source,normalized
construction-a4d47984950c365410930032,Typical Insulated Metal Building Wall,,90.1-2007,code_prototype_rules,source,normalized
construction-a4d98cd3046185df100600aa,Typical Insulated Wood Framed Exterior Wall,,DOE Ref 1980-2004,existing_stock_benchmark,source,normalized
construction-a4f1f76d010cfbc920cc486c,Typical Interior Ceiling,RetailStripmall,DOE Ref 1980-2004,existing_stock_benchmark,source,normalized
construction-a4fb47b4f96a4de1c1383d38,Typical Insulated Exterior Mass Floor,,DOE Ref Pre-1980,existing_stock_benchmark,source,normalized
construction-a4fccc192cf3ee1bd6f1c7fe,Typical Insulated Basement Mass Wall,,90.1-2007,code_prototype_rules,source,normalized
construction-a5188740494a227dcd038e50,Typical IEAD Roof,,DOE Ref Pre-1980,existing_stock_benchmark,source,normalized
construction-a5191c2b3691dc5e14e2b99d,U 0.45 SHGC 0.4 Simple Glazing,,90.1-2007,code_prototype_rules,source,normalized
construction-a52f1398b95bff5f5276263b,Typical Insulated Steel Framed Exterior Floor,,90.1-2013,code_prototype_rules,source,normalized
construction-a52f9eaf13a566133b296354,Typical Insulated Wood Framed Exterior Floor,,90.1-2019,code_prototype_rules,source,normalized
construction-a530f3e673d37f7e9fc7d9b6,Typical Insulated Wood Framed Exterior Floor,,90.1-2013,code_prototype_rules,source,normalized
construction-a53b8c1e96015b4f9a60f84c,Typical Insulated Basement Mass Wall,,DOE Ref 1980-2004,existing_stock_benchmark,source,normalized
construction-a565c95159ecd7a38240dc98,U 0.57 SHGC 0.39 Dbl Ref-D Clr 6mm/6mm Air,,DOE Ref 1980-2004,existing_stock_benchmark,source,normalized
construction-a57079554173b46c99c74faf,Typical Interior Wall,Warehouse,DOE Ref 1980-2004,existing_stock_benchmark,source,normalized
construction-a5804028194c537743f9fd48,Typical Insulated Wood Framed Exterior Wall,,90.1-2019,code_prototype_rules,source,normalized
construction-a5c9b51cab5f0ee4c20df8a8,Typical Insulated Wood Framed Exterior Wall,,90.1-2007,code_prototype_rules,source,normalized
construction-a5cfeb4933c0700a8340c20b,Typical Wood Joist Attic Floor,,DOE Ref 1980-2004,existing_stock_benchmark,source,normalized
construction-a5e0c2d14ceabf735098f0ac,Typical Insulated Wood Framed Exterior Wall,,90.1-2019,code_prototype_rules,source,normalized
construction-a5f0f9e2bb1767792ca0f560,Typical Insulated Steel Framed Exterior Floor,,DOE Ref 1980-2004,existing_stock_benchmark,source,normalized
construction-a5f8837269f08d834cb70067,Typical Insulated Carpeted 6in Slab Floor,,DOE Ref Pre-1980,existing_stock_benchmark,source,normalized
construction-a6048ee4a09d4484e60fbc35,Typical Insulated Steel Framed Exterior Wall,,DOE Ref Pre-1980,existing_stock_benchmark,source,normalized
construction-a61a657fb91264e684e1671e,Typical Insulated Exterior Mass Wall,,DOE Ref 1980-2004,existing_stock_benchmark,source,normalized
construction-a61dec9233951cfec0ff6b48,Typical Interior Wall,Warehouse,90.1-2019,code_prototype_rules,source,normalized
construction-a62de00e8b3947aabc91ef4d,Typical Insulated Metal Building Roof,,DOE Ref Pre-1980,existing_stock_benchmark,source,normalized
construction-a63458d1c1edd6a49894b6f3,Typical Insulated Basement Mass Wall,,90.1-2007,code_prototype_rules,source,normalized
construction-a64eceb2aafe3ef4241346e0,Adiabatic Wall,,DOE Ref Pre-1980,existing_stock_benchmark,source,normalized
construction-a655bb9fe60b0cb6c19536ec,U 0.57 SHGC 0.39 Dbl Ref-D Clr 6mm/6mm Air,,DOE Ref 1980-2004,existing_stock_benchmark,source,normalized
construction-a6564a068004dfc7664d4588,U 1.2 SHGC 0.45 Simple Glazing,,90.1-2013,code_prototype_rules,source,normalized
construction-a667ebfa299c3184c551f86e,Typical Insulated Carpeted 6in Slab Floor,,DOE Ref Pre-1980,existing_stock_benchmark,source,normalized
construction-a67a7036af15c91bb573a047,Typical Interior Wall,Courthouse,90.1-2007,code_prototype_rules,source,normalized
construction-a67d294fb09e0290e3f62497,Typical Interior Wall,RetailStripmall,90.1-2007,code_prototype_rules,source,normalized
construction-a6921478b8245e149016ed34,Typical Interior Ceiling,FullServiceRestaurant,90.1-2007,code_prototype_rules,source,normalized
construction-a6b9a92f91e9f6f9d8b2b7fc,Typical Insulated Wood Framed Exterior Wall,,90.1-2007,code_prototype_rules,source,normalized
construction-a6cbeb4195302636744f909b,Typical IEAD Roof,,DOE Ref Pre-1980,existing_stock_benchmark,source,normalized
construction-a6ce57d399de4c1b50e7be59,Typical Insulated Steel Framed Exterior Floor,,90.1-2007,code_prototype_rules,source,normalized
construction-a6cffd99ef5cd34fc038e7d8,Adiabatic Roof,,90.1-2019,code_prototype_rules,source,normalized
construction-a6d3b48659fd45bd1dfc15ba,Typical Insulated Steel Framed Exterior Floor,,DOE Ref Pre-1980,existing_stock_benchmark,source,normalized
construction-a6d43b874669fffba1713711,Typical Insulated Steel Framed Exterior Floor,,DOE Ref 1980-2004,existing_stock_benchmark,source,normalized
construction-a6e65a222862d7a2c4c9bc52,Typical Insulated Metal Building Wall,,DOE Ref 1980-2004,existing_stock_benchmark,source,normalized
construction-a7009b494e9232fd62dc77c0,Typical Interior Ceiling,Warehouse,DOE Ref 1980-2004,existing_stock_benchmark,source,normalized
construction-a7029c2fbcabdff630c6940e,Dwelling enclosure / source_building_217680,ManufacturedHome,ResStock SDR source fixture,existing_stock_source_fixture,source,normalized
construction-a7053dd42599a0a31e37e199,Typical Interior Floor,Hospital,90.1-2007,code_prototype_rules,source,normalized
construction-a705cf3492d5270790644e19,U 1.1 SHGC 0.25 Simple Glazing,,90.1-2013,code_prototype_rules,source,normalized
construction-a71767c90bb5187f4a5a8f87,LargeHotel Interior Floor,LargeHotel,90.1-2019,code_prototype_rules,source,normalized
construction-a71ad3c70195fb68bf467c53,Typical Insulated Carpeted 6in Slab Floor,,90.1-2013,code_prototype_rules,source,normalized
construction-a7255cf19dc3a8295ecc3b85,Typical Insulated Exterior Mass Floor,,DOE Ref Pre-1980,existing_stock_benchmark,source,normalized
construction-a74636cedb6408fc845e7d06,Adiabatic GroundContactFloor,,90.1-2013,code_prototype_rules,source,normalized
construction-a749066b4ec85c51b77eba32,U 0.57 SHGC 0.49 Dbl Blue 6mm/6mm Air,,DOE Ref Pre-1980,existing_stock_benchmark,source,normalized
construction-a74cec76ff689ada69c6f127,Adiabatic ExteriorFloor,,90.1-2019,code_prototype_rules,source,normalized
construction-a74fd6926027048521294c5e,Typical Insulated Wood Framed Exterior Floor,,DOE Ref 1980-2004,existing_stock_benchmark,source,normalized
construction-a75981d9d5c529b5f61d6342,Typical Insulated Carpeted 6in Slab Floor,,DOE Ref Pre-1980,existing_stock_benchmark,source,normalized
construction-a785451dbbfac37868b7ce25,U 0.32 SHGC 0.4 Simple Glazing,,90.1-2013,code_prototype_rules,source,normalized
construction-a78b9bcfc1aaf37a44167587,Typical Insulated Exterior Mass Wall,,DOE Ref Pre-1980,existing_stock_benchmark,source,normalized
construction-a79fb0cbd13a2c4c82e88bdc,Typical Interior Floor,TallBuilding,90.1-2013,code_prototype_rules,source,normalized
construction-a7aa60d33e35065e02c12ae6,Typical Insulated Exterior Mass Wall,,90.1-2019,code_prototype_rules,source,normalized
construction-a7aa7cd545f9a52422650437,Typical Insulated Metal Building Wall,,90.1-2013,code_prototype_rules,source,normalized
construction-a7c7fd2b2a21bc465fb23f9b,Typical Insulated Exterior Mass Floor,,DOE Ref 1980-2004,existing_stock_benchmark,source,normalized
construction-a7ccda9a4b1498621477c1aa,Typical Insulated Metal Building Wall,,DOE Ref 1980-2004,existing_stock_benchmark,source,normalized
construction-a7cd442d6ae933ba4d187f26,SuperMarket construction package,SuperMarket,90.1-2007,code_prototype_rules,source,normalized
construction-a7dded3424b41631977e414c,U 0.46 SHGC 0.45 Dbl Grey 6mm/13mm Air,,DOE Ref Pre-1980,existing_stock_benchmark,source,normalized
construction-a7e402234d832b0f9fd81285,Typical IEAD Roof,,DOE Ref Pre-1980,existing_stock_benchmark,source,normalized
construction-a7e6db6f731c3cd3bc310154,Typical Interior Wall,SuperMarket,DOE Ref 1980-2004,existing_stock_benchmark,source,normalized
construction-a7f49d15f6b6e82029e5f219,Typical Insulated Wood Framed Exterior Floor,,DOE Ref Pre-1980,existing_stock_benchmark,source,normalized
construction-a7fd29beff85e17ecba0cb41,Typical Insulated Steel Framed Exterior Floor,,DOE Ref Pre-1980,existing_stock_benchmark,source,normalized
construction-a80d27035451d8ab540afe2d,Typical Wood Joist Attic Floor,,90.1-2013,code_prototype_rules,source,normalized
construction-a821770688eacf701365c9d1,Typical Interior Wall,TallBuilding,90.1-2019,code_prototype_rules,source,normalized
construction-a8248ea82aeb6eff70063187,Typical Insulated Exterior Mass Wall,,DOE Ref Pre-1980,existing_stock_benchmark,source,normalized
construction-a8253d96043f1d4d28c92854,Typical Insulated Wood Framed Exterior Wall,,90.1-2013,code_prototype_rules,source,normalized
construction-a83794538abbe0273519144e,Typical Interior Floor,FullServiceRestaurant,90.1-2007,code_prototype_rules,source,normalized
construction-a84c647acd8ed8657a014955,U 1.22 SHGC 0.25 Sgl Elec Ref Colored 6mm,,DOE Ref 1980-2004,existing_stock_benchmark,source,normalized
construction-a8651ee8f49701207bbf3457,Typical Insulated Carpeted 8in Slab Floor,,90.1-2019,code_prototype_rules,source,normalized
construction-a867434579bb096c8c1675d7,Typical Insulated Wood Framed Exterior Floor,,90.1-2013,code_prototype_rules,source,normalized
construction-a8723bf3a88cb0020c6d5322,Typical Insulated Metal Building Roof,,90.1-2007,code_prototype_rules,source,normalized
construction-a8743593e964ac5d3039e0fe,Typical Insulated Basement Mass Wall,,DOE Ref Pre-1980,existing_stock_benchmark,source,normalized
construction-a87a7ba3b493ef5a2a2c642b,U 0.34 SHGC 0.38 Simple Glazing,,90.1-2019,code_prototype_rules,source,normalized
construction-a889d1b21e9820489606b64f,Typical Insulated Wood Framed Exterior Floor,,DOE Ref 1980-2004,existing_stock_benchmark,source,normalized
construction-a8974a4a7258f0270b696847,Typical Insulated Steel Framed Exterior Wall,,DOE Ref Pre-1980,existing_stock_benchmark,source,normalized
construction-a8bae25d9af435e005488980,Typical Insulated Wood Framed Exterior Wall,,90.1-2007,code_prototype_rules,source,normalized
construction-a8bcfd0358e16917ee60e8a7,Adiabatic Wall,,DOE Ref 1980-2004,existing_stock_benchmark,source,normalized
construction-a8d466ed539b2c556c39d4b0,Typical Interior Ceiling,Hospital,90.1-2019,code_prototype_rules,source,normalized
construction-a8e58541451f151c82f51ea5,Typical Insulated Metal Building Roof,,90.1-2019,code_prototype_rules,source,normalized
construction-a903b1e68505abe8ef618d48,Typical Interior Ceiling,RetailStandalone,90.1-2019,code_prototype_rules,source,normalized
construction-a90a4b594bfc59e8541fc4a9,Typical Insulated Basement Mass Wall,,DOE Ref 1980-2004,existing_stock_benchmark,source,normalized
construction-a92285efa69053f482c2ee45,Typical Insulated Exterior Mass Wall,,DOE Ref Pre-1980,existing_stock_benchmark,source,normalized
construction-a93c1fde6165f2d833faed99,U 0.36 SHGC 0.36 Simple Glazing,,90.1-2019,code_prototype_rules,source,normalized
construction-a940515af5bd4c1242ce02ad,U 0.57 SHGC 0.49 Dbl Blue 6mm/6mm Air,,DOE Ref Pre-1980,existing_stock_benchmark,source,normalized
construction-a943542a516938efbd33ea53,Typical Interior Floor,LargeOfficeDetailed,90.1-2019,code_prototype_rules,source,normalized
construction-a9549ce3e6eab4671948c882,Typical Interior Ceiling,TallBuilding,90.1-2007,code_prototype_rules,source,normalized
construction-a95803aa4c24937aff2407b7,Typical Wood Joist Attic Floor,,DOE Ref Pre-1980,existing_stock_benchmark,source,normalized
construction-a97a9b6b683e3cb331ef2a3e,SmallHotel construction package,SmallHotel,90.1-2019,code_prototype_rules,source,normalized
construction-a984e89fbeac4ea159728c89,Typical Insulated Exterior Mass Wall,,DOE Ref Pre-1980,existing_stock_benchmark,source,normalized
construction-a9a665dcf1e0a57bdf311af2,U 0.4 SHGC 0.45 Simple Glazing,,90.1-2007,code_prototype_rules,source,normalized
construction-a9e64069da73d6a744791a3a,LargeHotel Interior Ceiling,LargeHotel,90.1-2013,code_prototype_rules,source,normalized
construction-a9f1be9e08f3981ab2da5148,Typical Wood Joist Attic Floor,,90.1-2007,code_prototype_rules,source,normalized
construction-aa05b121f228d79ea2c834d2,Typical Insulated Carpeted 6in Slab Floor,,90.1-2019,code_prototype_rules,source,normalized
construction-aa0d91e3d568c47c5e8c7bec,Adiabatic Wall,,DOE Ref Pre-1980,existing_stock_benchmark,source,normalized
construction-aa1995aa364643c7093ec63c,Typical Insulated Steel Framed Exterior Wall,,DOE Ref Pre-1980,existing_stock_benchmark,source,normalized
construction-aa19c3b5e989f1f3fdc7d50d,U 1.2 SHGC 0.25 Simple Glazing,,90.1-2007,code_prototype_rules,source,normalized
construction-aa1c258313a66e7dab0555ea,U 1.22 SHGC 0.54 Simple Glazing,,DOE Ref Pre-1980,existing_stock_benchmark,source,normalized
construction-aa279c17379f1dc230e37d12,Typical Insulated Wood Framed Exterior Wall,,90.1-2007,code_prototype_rules,source,normalized
construction-aa349dda4ddb30328959e45d,Typical IEAD Roof,,90.1-2019,code_prototype_rules,source,normalized
construction-aa4454f156fdea72efb879b3,Typical IEAD Roof - Highly Reflective,,90.1-2019,code_prototype_rules,source,normalized
construction-aa45a1f6ee61b7e3b3ce9194,Typical Interior Wall,MediumOfficeDetailed,90.1-2007,code_prototype_rules,source,normalized
construction-aa4774a9bef45111ffb1bde3,Typical Insulated Steel Framed Exterior Floor,,90.1-2019,code_prototype_rules,source,normalized
construction-aa4c9adccdf8c3eff9798154,int_slab_ceiling_smallhotel,SmallHotel,90.1-2007,code_prototype_rules,source,normalized
construction-aa4e0c657e8d502327afa669,Typical Insulated Exterior Mass Wall,,90.1-2007,code_prototype_rules,source,normalized
construction-aa52ecce76e624ebc9c2def1,Typical Insulated Metal Building Wall,,DOE Ref 1980-2004,existing_stock_benchmark,source,normalized
construction-aa5878e2f1ecfb0cf65f21e6,Typical Insulated Wood Framed Exterior Wall,,90.1-2013,code_prototype_rules,source,normalized
construction-aa587c10196d01046cc22962,Typical Insulated Steel Framed Exterior Floor,,DOE Ref 1980-2004,existing_stock_benchmark,source,normalized
construction-aa6d0611626c80760ee8869f,Typical Insulated Metal Building Wall,,90.1-2013,code_prototype_rules,source,normalized
construction-aa7195e810e1ec93f6666f7e,Typical Insulated Exterior Mass Wall,,DOE Ref Pre-1980,existing_stock_benchmark,source,normalized
construction-aa953997b9c5e8b9146e35bd,Typical Insulated Carpeted 6in Slab Floor,,90.1-2019,code_prototype_rules,source,normalized
construction-aa98a095b7ed8ad7b2306aeb,Typical Insulated Basement Mass Wall,,DOE Ref Pre-1980,existing_stock_benchmark,source,normalized
construction-aa99a4a28d96b6a2868aa363,Typical Insulated Carpeted 6in Slab Floor,,90.1-2007,code_prototype_rules,source,normalized
construction-aaa3d5d487e167aa5e86b4b8,Typical IEAD Roof - Highly Reflective,,90.1-2013,code_prototype_rules,source,normalized
construction-aaac7dfff897ca4cb544fb95,Typical Insulated Metal Building Wall,,DOE Ref 1980-2004,existing_stock_benchmark,source,normalized
construction-aab870465e687436076ec244,Typical Insulated Wood Framed Exterior Wall,,DOE Ref 1980-2004,existing_stock_benchmark,source,normalized
construction-aac85947c354c08a65a7da1c,Typical Insulated Basement Mass Wall,,DOE Ref Pre-1980,existing_stock_benchmark,source,normalized
construction-aafe7c9e79dbff285e21c5a5,Typical Insulated Metal Building Roof,,DOE Ref Pre-1980,existing_stock_benchmark,source,normalized
construction-ab02e11a2f80a72b791f7c19,Typical Interior Wall,SuperMarket,90.1-2013,code_prototype_rules,source,normalized
construction-ab089f72eca329c7ae876d56,Typical Insulated Wood Framed Exterior Floor,,90.1-2007,code_prototype_rules,source,normalized
construction-ab091fd1da08012a4dbb8668,Typical IEAD Roof,,90.1-2019,code_prototype_rules,source,normalized
construction-ab0f554728b7426c70b840c6,Typical IEAD Roof,,90.1-2013,code_prototype_rules,source,normalized
construction-ab1031d133c345fd1ab4a4ab,Typical IEAD Roof,,90.1-2013,code_prototype_rules,source,normalized
construction-ab2e0e8bfac43a351a8ac255,Typical Insulated Metal Building Wall,,90.1-2019,code_prototype_rules,source,normalized
construction-ab38725c0896a13ff574f042,Typical Insulated Steel Framed Exterior Wall,,90.1-2019,code_prototype_rules,source,normalized
construction-ab5409eaf3d34db39077d169,Typical Interior Ceiling,LargeOfficeDetailed,90.1-2019,code_prototype_rules,source,normalized
construction-ab54127f859e627810ecd8b6,Typical Interior Ceiling,Warehouse,90.1-2007,code_prototype_rules,source,normalized
construction-ab58c12cb478b6d5fec52d18,Typical Interior Floor,SuperTallBuilding,90.1-2007,code_prototype_rules,source,normalized
construction-ab6700d02955fab50c629acd,Typical Insulated Carpeted 8in Slab Floor,,90.1-2013,code_prototype_rules,source,normalized
construction-ab6806bed528f8be7a76fb02,Typical Insulated Carpeted 6in Slab Floor,,DOE Ref 1980-2004,existing_stock_benchmark,source,normalized
construction-ab8a8934470d287a0f0055f9,Typical Insulated Wood Framed Exterior Wall,,90.1-2013,code_prototype_rules,source,normalized
construction-ab8e5917e010497298a1a20f,Typical Wood Joist Attic Floor,,DOE Ref 1980-2004,existing_stock_benchmark,source,normalized
construction-abb0657d5afa6cd4e952dbca,Typical Insulated Wood Framed Exterior Floor,,90.1-2019,code_prototype_rules,source,normalized
construction-abb4c16963241824aef49b5c,Typical Insulated Steel Framed Exterior Wall,,90.1-2019,code_prototype_rules,source,normalized
construction-abc072c04edaf83a43c9a52f,Adiabatic GroundContactFloor,,90.1-2019,code_prototype_rules,source,normalized
construction-abc34f4c948831403a5c4e76,Typical Insulated Metal Building Wall,,DOE Ref Pre-1980,existing_stock_benchmark,source,normalized
construction-abe9a91d4cbb005fbb9b4674,Typical Insulated Steel Framed Exterior Wall,,90.1-2019,code_prototype_rules,source,normalized
construction-abea2c730a7d452de90e4aaa,Typical Interior Ceiling,Warehouse,90.1-2007,code_prototype_rules,source,normalized
construction-ac054f6f47c6d455d0ca9b22,U 1.22 SHGC 0.25 Sgl Elec Ref Colored 6mm,,DOE Ref Pre-1980,existing_stock_benchmark,source,normalized
construction-ac0b8d290f91d9aaeae31505,Typical IEAD Roof,,90.1-2007,code_prototype_rules,source,normalized
construction-ac2e5913d36ac21c78ea56a8,Typical Insulated Carpeted 6in Slab Floor,,90.1-2007,code_prototype_rules,source,normalized
construction-ac5d734c3511d710c47b1bc1,Typical Wood Joist Attic Floor,,90.1-2007,code_prototype_rules,source,normalized
construction-ac618fe53d3df80389fa3067,Typical Insulated Basement Mass Wall,,90.1-2007,code_prototype_rules,source,normalized
construction-ac667c611621a1e2018966d1,Typical Insulated Steel Framed Exterior Wall,,DOE Ref Pre-1980,existing_stock_benchmark,source,normalized
construction-ac68beb2731b7ac66b4620e3,Adiabatic Roof,,90.1-2013,code_prototype_rules,source,normalized
construction-ac8899f1cdfda68f5c6c4d45,Typical Insulated Metal Building Roof,,DOE Ref Pre-1980,existing_stock_benchmark,source,normalized
construction-ac89608893ab1b0022cd30cf,Typical Insulated Exterior Mass Floor,,90.1-2019,code_prototype_rules,source,normalized
construction-ac91f5bd5c0d530f6831a7ff,Typical IEAD Roof,,DOE Ref 1980-2004,existing_stock_benchmark,source,normalized
construction-ac991d45331cee534c180cae,Typical Interior Wall,Warehouse,90.1-2007,code_prototype_rules,source,normalized
construction-aca1635b09862eaa971f2f74,Typical Insulated Carpeted 6in Slab Floor,,DOE Ref 1980-2004,existing_stock_benchmark,source,normalized
construction-acb210b42e72698fc7393f9c,Typical Insulated Metal Building Wall,,DOE Ref Pre-1980,existing_stock_benchmark,source,normalized
construction-acbb9224305d4fad3076f80d,Typical Insulated Exterior Mass Wall,,90.1-2007,code_prototype_rules,source,normalized
construction-acc175571cf72b091168f597,Typical Insulated Wood Framed Exterior Wall,,DOE Ref 1980-2004,existing_stock_benchmark,source,normalized
construction-ad08682b2b405e551d9f39ba,Typical Insulated Exterior Mass Floor,,DOE Ref Pre-1980,existing_stock_benchmark,source,normalized
construction-ad3cd883485b13ea6b986d59,U 1.22 SHGC 0.25 Sgl Elec Ref Colored 6mm,,DOE Ref Pre-1980,existing_stock_benchmark,source,normalized
construction-ad3f08642d18ecd7bb081a45,Typical Interior Ceiling,RetailStandalone,90.1-2013,code_prototype_rules,source,normalized
construction-ad4a938f5888e87bd9efbf63,Typical IEAD Roof,,DOE Ref 1980-2004,existing_stock_benchmark,source,normalized
construction-ad98a0817a7e1ccf5b4912f9,Typical Insulated Wood Framed Exterior Wall,,DOE Ref Pre-1980,existing_stock_benchmark,source,normalized
construction-ada8c8d0836981d38486d7be,Typical IEAD Roof,,DOE Ref 1980-2004,existing_stock_benchmark,source,normalized
construction-adad8132d1c482d229ed2bd1,Typical Insulated Wood Framed Exterior Floor,,90.1-2007,code_prototype_rules,source,normalized
construction-adc8ba41bd9c3f2517b1db9e,U 0.45 SHGC 0.33 Simple Glazing,,90.1-2019,code_prototype_rules,source,normalized
construction-addd64a9585959d8d3046206,Typical Insulated Metal Building Roof,,DOE Ref Pre-1980,existing_stock_benchmark,source,normalized
construction-ade06c3c3aafcecc4680f03a,Typical IEAD Roof,,DOE Ref Pre-1980,existing_stock_benchmark,source,normalized
construction-adfa738722523a0f7195957e,Typical Insulated Carpeted 6in Slab Floor,,DOE Ref Pre-1980,existing_stock_benchmark,source,normalized
construction-ae2d350b7b2791dae38fbea6,Typical Insulated Metal Building Wall,,DOE Ref 1980-2004,existing_stock_benchmark,source,normalized
construction-ae3278799ec4eb148a3f20b1,Typical Interior Floor,SuperMarket,90.1-2019,code_prototype_rules,source,normalized
construction-ae4eb0a3d91e96f9253b41da,Typical Insulated Exterior Mass Wall,,DOE Ref 1980-2004,existing_stock_benchmark,source,normalized
construction-ae553b2bd315e6e5acadeb0c,Typical Insulated Metal Building Roof,,90.1-2013,code_prototype_rules,source,normalized
construction-ae595c1d98338882580bdc40,Typical Insulated Metal Building Wall,,90.1-2007,code_prototype_rules,source,normalized
construction-ae6533dfbf04a70ab4241353,Typical Insulated Steel Framed Exterior Wall,,DOE Ref 1980-2004,existing_stock_benchmark,source,normalized
construction-ae696b8afd6a644ad8a1028d,Typical Wood Joist Attic Floor,,DOE Ref 1980-2004,existing_stock_benchmark,source,normalized
construction-ae800bf7c89fa4af08f49f72,Typical Insulated Carpeted 6in Slab Floor,,DOE Ref Pre-1980,existing_stock_benchmark,source,normalized
construction-ae82169e628429f16bcba0ca,Typical Insulated Steel Framed Exterior Wall,,DOE Ref 1980-2004,existing_stock_benchmark,source,normalized
construction-aeac8c27900e866183d139ea,Typical IEAD Roof,,DOE Ref 1980-2004,existing_stock_benchmark,source,normalized
construction-aeaca6e0760c5c138adc0fc3,int_slab_floor_smallhotel,SmallHotel,90.1-2013,code_prototype_rules,source,normalized
construction-aeb58fb8bcf0df9548595bc3,Typical IEAD Roof - Highly Reflective,,90.1-2007,code_prototype_rules,source,normalized
construction-aeba11493dae5568b2cddbd1,Typical Insulated Metal Building Roof,,90.1-2019,code_prototype_rules,source,normalized
construction-aec423f7db6c3547406ce71a,Adiabatic GroundContactFloor,,DOE Ref Pre-1980,existing_stock_benchmark,source,normalized
construction-aec6a241f922d3b9770843f1,Typical IEAD Roof,,DOE Ref 1980-2004,existing_stock_benchmark,source,normalized
construction-aec8d5a3f83c726160f04556,Typical Interior Ceiling,MidriseApartment,90.1-2007,code_prototype_rules,source,normalized
construction-aed3e9c526ad65f70bb4f051,Typical IEAD Roof - Highly Reflective,,90.1-2019,code_prototype_rules,source,normalized
construction-aede6c1fc84970f5b98f4c97,Typical Wood Joist Attic Floor,,90.1-2013,code_prototype_rules,source,normalized
construction-aeec75dcfc5c3a1fbf6c0b48,Typical Insulated Carpeted 8in Slab Floor,,90.1-2019,code_prototype_rules,source,normalized
construction-af11e67da72a4705c54639b8,Typical Insulated Exterior Mass Wall,,90.1-2013,code_prototype_rules,source,normalized
construction-af356f2e49aaf82046777246,Typical Insulated Metal Building Wall,,DOE Ref Pre-1980,existing_stock_benchmark,source,normalized
construction-af3a814ea95056b59ef20963,Typical Insulated Exterior Mass Floor,,DOE Ref Pre-1980,existing_stock_benchmark,source,normalized
construction-af458cd3517b9f5471bded17,Typical Insulated Carpeted 6in Slab Floor,,DOE Ref 1980-2004,existing_stock_benchmark,source,normalized
construction-af4935dc137c802176b49a95,Typical Insulated Metal Building Wall,,90.1-2019,code_prototype_rules,source,normalized
construction-af4d164cf43dd7135061978a,Typical Wood Joist Attic Floor,,90.1-2007,code_prototype_rules,source,normalized
construction-af5bd33c083fff212135e02e,U 0.38 SHGC 0.45 Simple Glazing,,90.1-2013,code_prototype_rules,source,normalized
construction-af77370180be6ec8c5b64cca,Typical Insulated Wood Framed Exterior Wall,,DOE Ref Pre-1980,existing_stock_benchmark,source,normalized
construction-af7922e68f126c26f87fbc61,Typical Interior Wall,SmallDataCenterLowITE,90.1-2019,code_prototype_rules,source,normalized
construction-af79ed186e11c5541dc2e1b2,U 0.62 SHGC 0.45 Simple Glazing,,90.1-2013,code_prototype_rules,source,normalized
construction-af7e8c92155d4f4da52da11d,Warehouse construction package,Warehouse,DOE Ref Pre-1980,existing_stock_benchmark,source,normalized
construction-af86199c5b0efb9ceb9d2d98,Typical Insulated Metal Building Wall,,90.1-2019,code_prototype_rules,source,normalized
construction-af9c67e7665adf031573c5e2,U 0.32 SHGC 0.45 Simple Glazing,,90.1-2013,code_prototype_rules,source,normalized
construction-afaf5d3bd631da9fb09cce33,Typical Insulated Steel Framed Exterior Floor,,DOE Ref Pre-1980,existing_stock_benchmark,source,normalized
construction-afc1a33304d7a060fb386d23,Typical Insulated Exterior Mass Floor,,DOE Ref Pre-1980,existing_stock_benchmark,source,normalized
construction-afc921a19409a75e8a659f89,Typical Insulated Carpeted 6in Slab Floor,,90.1-2019,code_prototype_rules,source,normalized
construction-afc9b7a462f3a40c27953f11,Typical Interior Wall,MediumOffice,90.1-2019,code_prototype_rules,source,normalized
construction-afcbe8f1d02b77ff467310ef,Adiabatic Wall,,DOE Ref 1980-2004,existing_stock_benchmark,source,normalized
construction-afcbff5ed8bf8a5235c25f86,Typical Insulated Metal Building Roof,,90.1-2019,code_prototype_rules,source,normalized
construction-afeb136090e22b3528581a4c,Typical Insulated Carpeted 8in Slab Floor,,90.1-2013,code_prototype_rules,source,normalized
construction-b0009e1c3b99141ea63f2634,Typical Insulated Steel Framed Exterior Floor,,DOE Ref Pre-1980,existing_stock_benchmark,source,normalized
construction-b006518aaa7c7172794b7380,Typical Insulated Wood Framed Exterior Wall,,DOE Ref Pre-1980,existing_stock_benchmark,source,normalized
construction-b013f7ab8d4cba571157a92b,U 1.22 SHGC 0.25 Sgl Elec Ref Colored 6mm,,DOE Ref Pre-1980,existing_stock_benchmark,source,normalized
construction-b01877671abdb6bb99191a6d,Typical Insulated Wood Framed Exterior Floor,,90.1-2007,code_prototype_rules,source,normalized
construction-b023d1ac062c08eacacba439,Typical Insulated Basement Mass Wall,,DOE Ref 1980-2004,existing_stock_benchmark,source,normalized
construction-b0295ac093cdacbb7c324340,Typical Wood Joist Attic Floor,,DOE Ref Pre-1980,existing_stock_benchmark,source,normalized
construction-b03809a546d10089de6a9fdd,Typical Insulated Exterior Mass Floor,,DOE Ref Pre-1980,existing_stock_benchmark,source,normalized
construction-b058ce3a278f9c9c623a2b91,Typical Insulated Basement Mass Wall,,DOE Ref Pre-1980,existing_stock_benchmark,source,normalized
construction-b067aaaef3b63558cefa8daf,Typical Interior Wall,Hospital,90.1-2019,code_prototype_rules,source,normalized
construction-b06a940aad70014c82ff6ccf,Typical Interior Ceiling,Warehouse,90.1-2019,code_prototype_rules,source,normalized
construction-b09e4f4b5d8fa1bb3550443b,Typical Insulated Metal Building Wall,,DOE Ref Pre-1980,existing_stock_benchmark,source,normalized
construction-b09f8a2840f3713c276ae649,Typical Wood Joist Attic Floor,,DOE Ref 1980-2004,existing_stock_benchmark,source,normalized
construction-b0a49e17e6ba5b279f4568c3,Typical Insulated Steel Framed Exterior Floor,,DOE Ref Pre-1980,existing_stock_benchmark,source,normalized
construction-b0c315ea53394316830072b3,Typical Insulated Exterior Mass Wall,,DOE Ref Pre-1980,existing_stock_benchmark,source,normalized
construction-b0c865ab0e50ee85b699d52e,Typical Insulated Metal Building Roof,,DOE Ref 1980-2004,existing_stock_benchmark,source,normalized
construction-b0d2113ce06eb0b5f77030b8,Adiabatic Roof,,DOE Ref Pre-1980,existing_stock_benchmark,source,normalized
construction-b0d908d3b1ed029e43860dbf,Typical Insulated Basement Mass Wall,,DOE Ref Pre-1980,existing_stock_benchmark,source,normalized
construction-b0ec2300d371457360a83483,Typical Insulated Carpeted 6in Slab Floor,,90.1-2007,code_prototype_rules,source,normalized
construction-b0f20151458a6f84d26fd3db,U 0.4 SHGC 0.4 Simple Glazing,,90.1-2007,code_prototype_rules,source,normalized
construction-b0f47f047374688c26505c57,Typical Insulated Exterior Mass Wall,,DOE Ref Pre-1980,existing_stock_benchmark,source,normalized
construction-b0f6922d823374d5730ce9b0,Typical Insulated Wood Framed Exterior Wall,,DOE Ref Pre-1980,existing_stock_benchmark,source,normalized
construction-b108b584bad203a61e28c23a,Typical Insulated Basement Mass Wall,,90.1-2007,code_prototype_rules,source,normalized
construction-b1098e508968dcaaf173ca0f,Typical Insulated Carpeted 6in Slab Floor,,90.1-2019,code_prototype_rules,source,normalized
construction-b10e38a6ea494d339ee886f8,Typical Insulated Metal Building Wall,,DOE Ref Pre-1980,existing_stock_benchmark,source,normalized
construction-b12e27a1b1e2669f20200c2b,Typical Insulated Wood Framed Exterior Floor,,DOE Ref 1980-2004,existing_stock_benchmark,source,normalized
construction-b1346e27ae23591bd89d3670,Typical Wood Joist Attic Floor,,DOE Ref 1980-2004,existing_stock_benchmark,source,normalized
construction-b137cbb16b4b78fbd3fb2a80,U 1.22 SHGC 0.61 Sgl Green 6mm,,DOE Ref Pre-1980,existing_stock_benchmark,source,normalized
construction-b13ed03b6641e09974742b42,Typical Insulated Carpeted 6in Slab Floor,,DOE Ref Pre-1980,existing_stock_benchmark,source,normalized
construction-b146edf6e66abeee8b3b286e,SuperTallBuilding construction package,SuperTallBuilding,90.1-2013,code_prototype_rules,source,normalized
construction-b14cb616e827166e3d095e39,Typical IEAD Roof - Highly Reflective,,90.1-2013,code_prototype_rules,source,normalized
construction-b1528df8ef053916d4bd3b94,Typical Interior Floor,LargeOffice,90.1-2013,code_prototype_rules,source,normalized
construction-b19d67f06998a8f3aea879a9,Typical Insulated Exterior Mass Wall,,DOE Ref Pre-1980,existing_stock_benchmark,source,normalized
construction-b1bd134188b04a864c762609,U 0.36 SHGC 0.38 Simple Glazing,,90.1-2019,code_prototype_rules,source,normalized
construction-b1cca2c65731257dae8cec46,U 0.52 SHGC 0.39 Simple Glazing,,DOE Ref 1980-2004,existing_stock_benchmark,source,normalized
construction-b1e8099f07634e3c48a3a74c,U 1.22 SHGC 0.25 Sgl Elec Ref Colored 6mm,,DOE Ref Pre-1980,existing_stock_benchmark,source,normalized
construction-b1eb53d04e5da8cb460328cd,U 0.57 SHGC 0.39 Dbl Ref-D Clr 6mm/6mm Air,,DOE Ref Pre-1980,existing_stock_benchmark,source,normalized
construction-b1f11aaf7bc596796caac9bc,Typical Insulated Wood Framed Exterior Wall,,DOE Ref 1980-2004,existing_stock_benchmark,source,normalized
construction-b1f60ba1bace05fc22a51d63,Typical Insulated Metal Building Wall,,90.1-2007,code_prototype_rules,source,normalized
construction-b20ac9e6f78c789ea6feff62,Typical Insulated Carpeted 6in Slab Floor,,90.1-2019,code_prototype_rules,source,normalized
construction-b219e1855aebcbcbf071e096,Typical Wood Joist Attic Floor,,90.1-2019,code_prototype_rules,source,normalized
construction-b23c93e1e4d171271753b23c,Typical Wood Joist Attic Floor,,DOE Ref 1980-2004,existing_stock_benchmark,source,normalized
construction-b24fad94ed19522ac99e6293,Typical Insulated Exterior Mass Wall,,90.1-2007,code_prototype_rules,source,normalized
construction-b260cbaefb8d9532f2c1e44e,Typical Insulated Basement Mass Wall,,DOE Ref Pre-1980,existing_stock_benchmark,source,normalized
construction-b272e68cd41799d07da7e0b5,Adiabatic ExteriorFloor,,90.1-2007,code_prototype_rules,source,normalized
construction-b27df7f08fb87c431901a90a,Typical Insulated Exterior Mass Floor,,DOE Ref 1980-2004,existing_stock_benchmark,source,normalized
construction-b2c7f6fdcefcf5b43d1a427e,Typical Insulated Steel Framed Exterior Floor,,90.1-2019,code_prototype_rules,source,normalized
construction-b2e40ab4de766570d2e6e576,Typical Insulated Basement Mass Wall,,90.1-2013,code_prototype_rules,source,normalized
construction-b30cb462a31c7dd90edf13dd,Typical Wood Joist Attic Floor,,90.1-2019,code_prototype_rules,source,normalized
construction-b3150c548d3fec8061e22240,U 0.62 SHGC 0.2 Simple Glazing,,90.1-2019,code_prototype_rules,source,normalized
construction-b319cc50897498907a1ef845,Typical Insulated Metal Building Roof,,DOE Ref Pre-1980,existing_stock_benchmark,source,normalized
construction-b32b1cb51cafe902e014a55e,Typical Wood Joist Attic Floor,,90.1-2007,code_prototype_rules,source,normalized
construction-b33606b23d878d07ea3b826d,Typical Insulated Basement Mass Wall,,DOE Ref 1980-2004,existing_stock_benchmark,source,normalized
construction-b344e1aee62f80747d6d3fe8,Typical Insulated Steel Framed Exterior Wall,,90.1-2007,code_prototype_rules,source,normalized
construction-b348583057ba35727be5b33e,Typical Interior Ceiling,Warehouse,DOE Ref 1980-2004,existing_stock_benchmark,source,normalized
construction-b356580c0ceb90d1458fa994,Typical Insulated Exterior Mass Wall,,90.1-2019,code_prototype_rules,source,normalized
construction-b3790296b6aa704739e53862,int_slab_floor_smallhotel,SmallHotel,90.1-2019,code_prototype_rules,source,normalized
construction-b37c3d461114a70a7fdb97c8,Typical Insulated Exterior Mass Floor,,DOE Ref Pre-1980,existing_stock_benchmark,source,normalized
construction-b38648583b7f7448bc7d315b,U 1.22 SHGC 0.25 Sgl Elec Ref Colored 6mm,,DOE Ref 1980-2004,existing_stock_benchmark,source,normalized
construction-b38ae89da671b65d0d8a4848,Typical Interior Wall,Warehouse,90.1-2007,code_prototype_rules,source,normalized
construction-b3a7f8b9f81a51ace6fbc654,Typical Insulated Carpeted 8in Slab Floor,,90.1-2013,code_prototype_rules,source,normalized
construction-b3aa8af6d86593ffd1d00d1e,Typical Interior Wall,SmallDataCenterHighITE,90.1-2007,code_prototype_rules,source,normalized
construction-b3c77fb9955b3d5bb8ba2fe4,Typical Insulated Steel Framed Exterior Floor,,DOE Ref Pre-1980,existing_stock_benchmark,source,normalized
construction-b3d20441f13f7324ab499a87,Typical Insulated Wood Framed Exterior Wall,,90.1-2019,code_prototype_rules,source,normalized
construction-b3d734b3df7a18a382e89a65,Typical Interior Wall,Hospital,90.1-2013,code_prototype_rules,source,normalized
construction-b3e5d5d92477e1b5c2b372b4,Typical Insulated Metal Building Wall,,DOE Ref Pre-1980,existing_stock_benchmark,source,normalized
construction-b3e63625a9e89806632ec3e1,Typical IEAD Roof,,90.1-2019,code_prototype_rules,source,normalized
construction-b3ed06d18fc39dc20a4800cb,Adiabatic GroundContactFloor,,90.1-2013,code_prototype_rules,source,normalized
construction-b3f1f62eb1c707a22e7f2ad9,Adiabatic ExteriorFloor,,90.1-2019,code_prototype_rules,source,normalized
construction-b41818e5b211e77ee2f58b02,Typical Wood Joist Attic Floor,,DOE Ref Pre-1980,existing_stock_benchmark,source,normalized
construction-b42188af9e4528f4ed3226cc,U 0.57 SHGC 0.49 Dbl Blue 6mm/6mm Air,,DOE Ref 1980-2004,existing_stock_benchmark,source,normalized
construction-b427c0407b0416b01cf3ce3b,Typical Insulated Metal Building Wall,,DOE Ref Pre-1980,existing_stock_benchmark,source,normalized
construction-b4373f1eaec52c3ac9159bb9,Typical Wood Joist Attic Floor,,DOE Ref Pre-1980,existing_stock_benchmark,source,normalized
construction-b44078d18683ba85a6c759b4,U 0.57 SHGC 0.39 Dbl Ref-D Clr 6mm/6mm Air,,DOE Ref 1980-2004,existing_stock_benchmark,source,normalized
construction-b46736b18b8471e80ebee261,U 0.72 SHGC 0.36 Simple Glazing,,DOE Ref 1980-2004,existing_stock_benchmark,source,normalized
construction-b470e9921361ceb33f5cb4d5,Typical Insulated Steel Framed Exterior Wall,,DOE Ref 1980-2004,existing_stock_benchmark,source,normalized
construction-b4b7d30e4681b5f4d52c474e,Dwelling enclosure / source_building_452189,SingleFamilyDetached,ResStock SDR source fixture,existing_stock_source_fixture,source,normalized
construction-b4cb918f94285a2fb3de05cf,Typical Wood Joist Attic Floor,,90.1-2007,code_prototype_rules,source,normalized
construction-b4d4b24e25d4424d686ca88e,Typical Insulated Metal Building Roof,,90.1-2013,code_prototype_rules,source,normalized
construction-b4eb37e138a0ccca9983864e,Typical Insulated Steel Framed Exterior Floor,,90.1-2013,code_prototype_rules,source,normalized
construction-b502312accba4e1fa3e159d8,Typical Insulated Metal Building Roof,,90.1-2019,code_prototype_rules,source,normalized
construction-b54faa51f4567a5ec0b4bea5,Typical Insulated Basement Mass Wall,,DOE Ref Pre-1980,existing_stock_benchmark,source,normalized
construction-b5676becb75c1f18d19ecdcf,LargeHotel Interior Floor,LargeHotel,90.1-2019,code_prototype_rules,source,normalized
construction-b56bb8ca4ecbaaa3f73f190e,Typical Insulated Carpeted 6in Slab Floor,,90.1-2007,code_prototype_rules,source,normalized
construction-b58370247d1ae571b20f3fec,Typical IEAD Roof - Highly Reflective,,90.1-2019,code_prototype_rules,source,normalized
construction-b590a7e648882af6960e3049,Typical Interior Floor,SmallOfficeDetailed,90.1-2019,code_prototype_rules,source,normalized
construction-b599e47663bb28d386d81965,Adiabatic Roof,,DOE Ref 1980-2004,existing_stock_benchmark,source,normalized
construction-b5a9194d55e23885d1023811,Typical Insulated Wood Framed Exterior Wall,,DOE Ref 1980-2004,existing_stock_benchmark,source,normalized
construction-b5a9447f80ac8a696c492bfd,Typical Wood Joist Attic Floor,,DOE Ref Pre-1980,existing_stock_benchmark,source,normalized
construction-b5c17884a9fc0f42335e9b8b,Typical Insulated Steel Framed Exterior Wall,,DOE Ref 1980-2004,existing_stock_benchmark,source,normalized
construction-b5d2c4cbe3dc541fdc3de21f,U 1.22 SHGC 0.25 Sgl Elec Ref Colored 6mm,,DOE Ref Pre-1980,existing_stock_benchmark,source,normalized
construction-b5d50bed99ab032fca06d10b,Typical Insulated Carpeted 6in Slab Floor,,DOE Ref 1980-2004,existing_stock_benchmark,source,normalized
construction-b5e7dd8fb260109c825674dc,Typical Insulated Steel Framed Exterior Wall,,90.1-2007,code_prototype_rules,source,normalized
construction-b6148472d87e5b622684eda2,Typical Insulated Carpeted 6in Slab Floor,,90.1-2013,code_prototype_rules,source,normalized
construction-b617ad87a31afe42db41e795,Typical Insulated Exterior Mass Wall,,90.1-2013,code_prototype_rules,source,normalized
construction-b6321771cbf16e3681da31ae,Typical Insulated Basement Mass Wall,,DOE Ref Pre-1980,existing_stock_benchmark,source,normalized
construction-b63a559789edd28a4b02964c,Typical Insulated Wood Framed Exterior Floor,,90.1-2013,code_prototype_rules,source,normalized
construction-b64d2161da18b4710895e3ae,LargeHotel Interior Floor,LargeHotel,90.1-2007,code_prototype_rules,source,normalized
construction-b656192678f8e6021a656a2f,Typical Insulated Carpeted 6in Slab Floor,,90.1-2007,code_prototype_rules,source,normalized
construction-b6563d79a004c2a02256be60,Typical Insulated Carpeted 6in Slab Floor,,90.1-2013,code_prototype_rules,source,normalized
construction-b65953a312a131a8746cb1d6,Typical IEAD Roof,,90.1-2013,code_prototype_rules,source,normalized
construction-b664a0ab935d411acb9c6cd3,Adiabatic ExteriorFloor,,DOE Ref 1980-2004,existing_stock_benchmark,source,normalized
construction-b683a6ce51d7c284507b1380,Dwelling enclosure / source_building_542837,SingleFamilyDetached,ResStock SDR source fixture,existing_stock_source_fixture,source,normalized
construction-b68678373904ca3c4d8e71e6,Typical Interior Floor,QuickServiceRestaurant,90.1-2019,code_prototype_rules,source,normalized
construction-b6a4bb0d2c8fa30414aa6175,Typical Insulated Basement Mass Wall,,90.1-2019,code_prototype_rules,source,normalized
construction-b6aaa7c748a7252e2b39747c,U 0.5 SHGC 0.4 Simple Glazing,,90.1-2007,code_prototype_rules,source,normalized
construction-b6d8ba4c4267d1ee9174ec23,Typical Insulated Basement Mass Wall,,DOE Ref Pre-1980,existing_stock_benchmark,source,normalized
construction-b6e0c511d4c8ae13b4ace3ca,Typical Insulated Basement Mass Wall,,90.1-2019,code_prototype_rules,source,normalized
construction-b729b1d1d6826f923a488782,U 0.52 SHGC 0.49 Simple Glazing,,DOE Ref 1980-2004,existing_stock_benchmark,source,normalized
construction-b7396e2707251095535bab46,Typical Interior Wall,Courthouse,90.1-2013,code_prototype_rules,source,normalized
construction-b740521566c4f3751728dcd9,Typical IEAD Roof,,DOE Ref Pre-1980,existing_stock_benchmark,source,normalized
construction-b74fdd841b26977ac5780f56,Typical Insulated Wood Framed Exterior Wall,,DOE Ref 1980-2004,existing_stock_benchmark,source,normalized
construction-b76f74a928a7ec2fb092990c,Typical Insulated Wood Framed Exterior Wall,,DOE Ref 1980-2004,existing_stock_benchmark,source,normalized
construction-b775684e01c63aed960f36ac,Typical Insulated Exterior Mass Floor,,DOE Ref Pre-1980,existing_stock_benchmark,source,normalized
construction-b7882269637b98d7a3eda87a,Typical Insulated Steel Framed Exterior Floor,,DOE Ref 1980-2004,existing_stock_benchmark,source,normalized
construction-b7af5e7fd8532eeeec69896a,Typical Interior Ceiling,MediumOfficeDetailed,90.1-2013,code_prototype_rules,source,normalized
construction-b7bd6c4f6f23dc5a248f8329,Typical Interior Floor,Hospital,DOE Ref 1980-2004,existing_stock_benchmark,source,normalized
construction-b7e15f98c5a03a374f4a3383,Typical Insulated Metal Building Roof,,90.1-2013,code_prototype_rules,source,normalized
construction-b7e6001f54a5e3695bb9417a,Typical Insulated Exterior Mass Floor,,DOE Ref 1980-2004,existing_stock_benchmark,source,normalized
construction-b7ea3d0415cf079dbee8c20d,U 1.22 SHGC 0.25 Sgl Elec Ref Colored 6mm,,DOE Ref Pre-1980,existing_stock_benchmark,source,normalized
construction-b7eaac5cdd8f0b969c24ede0,Typical Insulated Metal Building Wall,,90.1-2007,code_prototype_rules,source,normalized
construction-b7f18a377935ffd9a5456a71,Typical Interior Wall,QuickServiceRestaurant,90.1-2013,code_prototype_rules,source,normalized
construction-b8366fc7050c1e555b9facb8,Adiabatic Wall,,DOE Ref Pre-1980,existing_stock_benchmark,source,normalized
construction-b846f2d82b00ebfc506b7d13,Typical Insulated Metal Building Roof,,90.1-2019,code_prototype_rules,source,normalized
construction-b84d5bc3b37d679f50321152,Typical Interior Wall,SmallDataCenterHighITE,90.1-2013,code_prototype_rules,source,normalized
construction-b858f173d8e3c3873768bd9b,Typical Insulated Basement Mass Wall,,DOE Ref 1980-2004,existing_stock_benchmark,source,normalized
construction-b896a96cd5c9cef877100aee,Typical IEAD Roof,,DOE Ref 1980-2004,existing_stock_benchmark,source,normalized
construction-b8a2a7207a04922e2f6fc096,Typical Insulated Steel Framed Exterior Floor,,DOE Ref Pre-1980,existing_stock_benchmark,source,normalized
construction-b8a3b11b6bf22cb44de85a61,Typical IEAD Roof,,DOE Ref Pre-1980,existing_stock_benchmark,source,normalized
construction-b8baab01a63d74af0cd13ff1,SuperMarket construction package,SuperMarket,DOE Ref Pre-1980,existing_stock_benchmark,source,normalized
construction-b8c2e90fa33929d7a9fadf3f,Typical Insulated Wood Framed Exterior Floor,,90.1-2007,code_prototype_rules,source,normalized
construction-b8cd721328aefb8cbdd35ff3,Typical Insulated Metal Building Wall,,DOE Ref Pre-1980,existing_stock_benchmark,source,normalized
construction-b8f47493ac2bd2c8b3a839d2,Office construction package,Office,90.1-2019,code_prototype_rules,source,normalized
construction-b8fa1d2aedb93ed0ded37e31,Typical Insulated Steel Framed Exterior Floor,,DOE Ref Pre-1980,existing_stock_benchmark,source,normalized
construction-b911f73f6ddfbfe7a518f30c,U 0.42 SHGC 0.25 Simple Glazing,,90.1-2019,code_prototype_rules,source,normalized
construction-b920f02d9ca226e52e35c61c,Typical Insulated Exterior Mass Floor,,90.1-2019,code_prototype_rules,source,normalized
construction-b93404276579e90f72d7f6d9,Typical Insulated Wood Framed Exterior Wall,,90.1-2019,code_prototype_rules,source,normalized
construction-b942e5ca8bdd278857ddcaad,LargeHotel Interior Wall,LargeHotel,90.1-2019,code_prototype_rules,source,normalized
construction-b946d829527e4660c03550e5,Typical Insulated Metal Building Wall,,90.1-2013,code_prototype_rules,source,normalized
construction-b95b3552de1d400ef7b648bc,U 0.57 SHGC 0.39 Dbl Ref-D Clr 6mm/6mm Air,,DOE Ref 1980-2004,existing_stock_benchmark,source,normalized
construction-b96c901333ce503333e55d0f,int_wall_smallhotel,SmallHotel,90.1-2007,code_prototype_rules,source,normalized
construction-b97318ee2bcb0770424718f5,Typical Insulated Carpeted 6in Slab Floor,,DOE Ref 1980-2004,existing_stock_benchmark,source,normalized
construction-b975d21af4d3aced1fd0d9eb,LargeHotel Interior Ceiling,LargeHotel,90.1-2019,code_prototype_rules,source,normalized
construction-b9cef60d869d681315dddcd4,Typical Insulated Wood Framed Exterior Wall,,DOE Ref Pre-1980,existing_stock_benchmark,source,normalized
construction-b9d202edfd7b9812c8f53799,Typical Insulated Basement Mass Wall,,DOE Ref Pre-1980,existing_stock_benchmark,source,normalized
construction-b9d4d4ea5727304f2c0f7226,Typical Insulated Steel Framed Exterior Floor,,DOE Ref 1980-2004,existing_stock_benchmark,source,normalized
construction-b9da720acb4f8bd4f7c327ab,Typical Insulated Basement Mass Wall,,DOE Ref Pre-1980,existing_stock_benchmark,source,normalized
construction-b9ded0ee4c4495b882514ced,U 0.57 SHGC 0.25 Simple Glazing,,90.1-2013,code_prototype_rules,source,normalized
construction-b9f48be9b51693a553da9934,Typical Interior Wall,Warehouse,DOE Ref Pre-1980,existing_stock_benchmark,source,normalized
construction-b9ff14487d1fae519a934e9c,Typical Insulated Metal Building Wall,,90.1-2007,code_prototype_rules,source,normalized
construction-ba1767560f9b6764215b2d03,Adiabatic Wall,,90.1-2007,code_prototype_rules,source,normalized
construction-ba2fc5e2dd6926f6042b92b5,Dwelling enclosure / source_building_181626,ManufacturedHome,ResStock SDR source fixture,existing_stock_source_fixture,source,normalized
construction-ba3b75ab248326d240cf19a8,LargeHotel construction package,LargeHotel,90.1-2007,code_prototype_rules,source,normalized
construction-ba62473b6c9bf0683dada524,U 1.22 SHGC 0.25 Sgl Elec Ref Colored 6mm,,DOE Ref Pre-1980,existing_stock_benchmark,source,normalized
construction-ba8d66ffd1f4631b10832398,Adiabatic ExteriorFloor,,DOE Ref Pre-1980,existing_stock_benchmark,source,normalized
construction-ba90adbc6f718763bd55a04b,Typical Insulated Carpeted 6in Slab Floor,,DOE Ref 1980-2004,existing_stock_benchmark,source,normalized
construction-ba9773b14eba7b0aaa496e75,Typical Insulated Basement Mass Wall,,DOE Ref Pre-1980,existing_stock_benchmark,source,normalized
construction-baa0974fdf47bb36a7c6b7b4,Any construction package,Any,DOE Ref 1980-2004,existing_stock_benchmark,source,normalized
construction-baae1c31e966025a3aec46f6,Typical Insulated Metal Building Wall,,90.1-2013,code_prototype_rules,source,normalized
construction-bab41d5c53c5ff0a6ab551ff,Typical Insulated Steel Framed Exterior Wall,,DOE Ref 1980-2004,existing_stock_benchmark,source,normalized
construction-bad222209ae9705f6faa2c2d,U 1.2 SHGC 0.45 Simple Glazing,,90.1-2007,code_prototype_rules,source,normalized
construction-bae95dde6ce6db4f6e30ba3d,Typical IEAD Roof,,DOE Ref Pre-1980,existing_stock_benchmark,source,normalized
construction-baeb038a26d1967c9510a4fb,Typical Insulated Wood Framed Exterior Floor,,DOE Ref 1980-2004,existing_stock_benchmark,source,normalized
construction-baec0391228a43da456c60f8,U 1.22 SHGC 0.25 Sgl Elec Ref Colored 6mm,,DOE Ref Pre-1980,existing_stock_benchmark,source,normalized
construction-baf2281d81e18793d34cbf4c,Typical Insulated Steel Framed Exterior Floor,,DOE Ref 1980-2004,existing_stock_benchmark,source,normalized
construction-bb00713ad22207f0a2e144b7,Adiabatic ExteriorFloor,,90.1-2007,code_prototype_rules,source,normalized
construction-bb0d0b5d91351a54789bbe18,Typical Interior Floor,SmallOfficeDetailed,90.1-2013,code_prototype_rules,source,normalized
construction-bb136d3218fa39b298cbe11a,Typical Interior Floor,SecondarySchool,DOE Ref 1980-2004,existing_stock_benchmark,source,normalized
construction-bb139e90f2e51564ff1b25b2,Typical IEAD Roof,,90.1-2007,code_prototype_rules,source,normalized
construction-bb1a418dded4ca5472be2633,Typical Wood Joist Attic Floor,,DOE Ref 1980-2004,existing_stock_benchmark,source,normalized
construction-bb1dd71725466288930890b7,Typical Insulated Basement Mass Wall,,90.1-2013,code_prototype_rules,source,normalized
construction-bb2fc8daaeff7f360d42c0f4,Typical Insulated Wood Framed Exterior Wall,,DOE Ref 1980-2004,existing_stock_benchmark,source,normalized
construction-bb3409898e88767a33c1dc43,SmallOffice construction package,SmallOffice,DOE Ref 1980-2004,existing_stock_benchmark,source,normalized
construction-bb49ec63f64f9a2f371fec3c,Typical Insulated Basement Mass Wall,,90.1-2007,code_prototype_rules,source,normalized
construction-bb57d14a68bb278d006d33ac,Typical Insulated Exterior Mass Floor,,DOE Ref 1980-2004,existing_stock_benchmark,source,normalized
construction-bb659e09646d9ebfafa94043,U 0.52 SHGC 0.39 Simple Glazing,,DOE Ref 1980-2004,existing_stock_benchmark,source,normalized
construction-bbc105c047737cd8687d9fe4,Typical IEAD Roof,,DOE Ref 1980-2004,existing_stock_benchmark,source,normalized
construction-bbf705d7d75a07790871c207,U 0.51 SHGC 0.45 Simple Glazing,,90.1-2013,code_prototype_rules,source,normalized
construction-bc4d950dbb4ef426cf6861f2,Outpatient construction package,Outpatient,DOE Ref 1980-2004,existing_stock_benchmark,source,normalized
construction-bc56778fba712ec524b95b2a,Typical Insulated Carpeted 6in Slab Floor,,DOE Ref Pre-1980,existing_stock_benchmark,source,normalized
construction-bc5ae4cb9d90e121e7e8a11c,U 0.57 SHGC 0.39 Dbl Ref-D Clr 6mm/6mm Air,,DOE Ref Pre-1980,existing_stock_benchmark,source,normalized
construction-bc64a751311cfcbc256898c7,Typical Interior Wall,Laboratory,90.1-2019,code_prototype_rules,source,normalized
construction-bc6facd42857c8a31d229826,Typical IEAD Roof,,90.1-2013,code_prototype_rules,source,normalized
construction-bc751233b455eff8998d4d97,Typical Interior Floor,MediumOfficeDetailed,90.1-2013,code_prototype_rules,source,normalized
construction-bc791efb0aa40a27870e344c,Typical Insulated Steel Framed Exterior Wall,,90.1-2007,code_prototype_rules,source,normalized
construction-bc8301b46c47f0733eab4121,Typical Insulated Basement Mass Wall,,90.1-2007,code_prototype_rules,source,normalized
construction-bc93ef96e0a9eeba751aaa90,Uninsulated Steel Stud Wall,College,90.1-2013,code_prototype_rules,source,normalized
construction-bc96472a847d1f471a6b0b0c,Typical Insulated Wood Framed Exterior Floor,,90.1-2007,code_prototype_rules,source,normalized
construction-bcb07aea6e09a03cc9eeff45,Adiabatic GroundContactFloor,,DOE Ref 1980-2004,existing_stock_benchmark,source,normalized
construction-bcee8a5065f7ed12c619b0b1,Typical Insulated Steel Framed Exterior Floor,,DOE Ref 1980-2004,existing_stock_benchmark,source,normalized
construction-bd030afef11d35bef311cca3,U 1.22 SHGC 0.61 Sgl Green 6mm,,DOE Ref Pre-1980,existing_stock_benchmark,source,normalized
construction-bd48dba9fb389cb85c6de153,Typical Insulated Steel Framed Exterior Floor,,DOE Ref 1980-2004,existing_stock_benchmark,source,normalized
construction-bd699d79efd63b8d9460d27c,Typical Interior Wall,RetailStandalone,90.1-2019,code_prototype_rules,source,normalized
construction-bd794a402094c88bf39c3ae4,Typical Insulated Exterior Mass Wall,,DOE Ref 1980-2004,existing_stock_benchmark,source,normalized
construction-bd809cbadd05b22781b65808,Typical Insulated Basement Mass Wall,,DOE Ref Pre-1980,existing_stock_benchmark,source,normalized
construction-bd8d40f4234262f84f17f6e4,Typical Insulated Wood Framed Exterior Wall,,90.1-2007,code_prototype_rules,source,normalized
construction-bd8dd51626a7a7edbd9bdf80,Typical Interior Floor,Warehouse,DOE Ref Pre-1980,existing_stock_benchmark,source,normalized
construction-bd964af751e566e1d7280634,Typical Insulated Basement Mass Wall,,DOE Ref 1980-2004,existing_stock_benchmark,source,normalized
construction-bdcadee3b42d7f3f67e62d1e,SuperMarket construction package,SuperMarket,90.1-2013,code_prototype_rules,source,normalized
construction-bdd4efb14e5b56fa9507021b,U 0.57 SHGC 0.25 Simple Glazing,,90.1-2013,code_prototype_rules,source,normalized
construction-bdec01266310cbc8717e3345,Adiabatic ExteriorFloor,,90.1-2013,code_prototype_rules,source,normalized
construction-bdf4b3721bd27b6c3b9161ec,Typical Insulated Steel Framed Exterior Floor,,90.1-2007,code_prototype_rules,source,normalized
construction-be10250c3302211512b881e2,Typical Insulated Basement Mass Wall,,DOE Ref 1980-2004,existing_stock_benchmark,source,normalized
construction-be21c655c8c822baa6c3b60f,U 0.39 SHGC 0.45 Simple Glazing,,90.1-2019,code_prototype_rules,source,normalized
construction-be2643ec11ebff4c32734cfc,Typical Interior Wall,SmallDataCenterLowITE,90.1-2013,code_prototype_rules,source,normalized
construction-be3819603231910cc6c04a9f,U 0.57 SHGC 0.49 Dbl Blue 6mm/6mm Air,,DOE Ref Pre-1980,existing_stock_benchmark,source,normalized
construction-be39717d6d3fa2650f66e541,Typical Insulated Exterior Mass Floor,,DOE Ref 1980-2004,existing_stock_benchmark,source,normalized
construction-be5a131ca3bcd9d76456925a,Typical Insulated Metal Building Wall,,DOE Ref 1980-2004,existing_stock_benchmark,source,normalized
construction-be7430a66935a8c81b6dbb66,Typical Insulated Metal Building Roof,,90.1-2019,code_prototype_rules,source,normalized
construction-be80d2e8e548743a1ab0f18a,Typical Insulated Exterior Mass Wall,,90.1-2013,code_prototype_rules,source,normalized
construction-be8cc63a2881b14c576bd67c,Typical Interior Ceiling,Courthouse,90.1-2007,code_prototype_rules,source,normalized
construction-beafd9f05af140e1823d923d,Typical Wood Joist Attic Floor,,90.1-2013,code_prototype_rules,source,normalized
construction-beb7188f8ca76a69404447ed,Typical Insulated Carpeted 6in Slab Floor,,DOE Ref 1980-2004,existing_stock_benchmark,source,normalized
construction-bedc2ad9bf7441659730007f,Typical Insulated Wood Framed Exterior Floor,,DOE Ref 1980-2004,existing_stock_benchmark,source,normalized
construction-bf0c71278ce17776c144fe24,Typical Wood Joist Attic Floor,,DOE Ref 1980-2004,existing_stock_benchmark,source,normalized
construction-bf1205cd8a0d2426f066b8d8,Typical Insulated Basement Mass Wall,,DOE Ref 1980-2004,existing_stock_benchmark,source,normalized
construction-bf1a5d89dea957bf58abff65,Typical Insulated Carpeted 6in Slab Floor,,DOE Ref Pre-1980,existing_stock_benchmark,source,normalized
construction-bf1c50cfbb83390763c637c8,Typical Insulated Exterior Mass Wall,,90.1-2013,code_prototype_rules,source,normalized
construction-bf2821a7c99206a70ac2f105,Typical Interior Ceiling,Courthouse,90.1-2019,code_prototype_rules,source,normalized
construction-bf5c58093b7223fdc0b561d7,Typical Insulated Steel Framed Exterior Wall,,90.1-2013,code_prototype_rules,source,normalized
construction-bf8ffc798e28092b39bf0b19,Typical Interior Ceiling,QuickServiceRestaurant,90.1-2019,code_prototype_rules,source,normalized
construction-bf90a8b84ca7c5781ed315f6,Typical Insulated Carpeted 6in Slab Floor,,DOE Ref Pre-1980,existing_stock_benchmark,source,normalized
construction-bf9532141fa010d1d81b56fb,Typical Interior Ceiling,Warehouse,DOE Ref Pre-1980,existing_stock_benchmark,source,normalized
construction-bf96089cb338ca9a08d5cc77,Typical Insulated Wood Framed Exterior Floor,,DOE Ref 1980-2004,existing_stock_benchmark,source,normalized
construction-bf9e11e8c199e7c516677aec,Typical Insulated Carpeted 6in Slab Floor,,90.1-2007,code_prototype_rules,source,normalized
construction-bfaaa547bcc93bd9cbb68b98,U 1.22 SHGC 0.25 Sgl Elec Ref Colored 6mm,,DOE Ref 1980-2004,existing_stock_benchmark,source,normalized
construction-bfb6425c9355f185beda48a0,Typical Wood Joist Attic Floor,,DOE Ref 1980-2004,existing_stock_benchmark,source,normalized
construction-bfbe44ec81f67d7789117605,Typical Insulated Steel Framed Exterior Floor,,DOE Ref 1980-2004,existing_stock_benchmark,source,normalized
construction-bfc51a6e5b32406b54ef3a65,Typical Insulated Exterior Mass Floor,,DOE Ref 1980-2004,existing_stock_benchmark,source,normalized
construction-c0147dbec3bf4873333d88f3,Typical Insulated Metal Building Roof,,DOE Ref 1980-2004,existing_stock_benchmark,source,normalized
construction-c02254b670118f76feb29899,LargeHotel Interior Ceiling,LargeHotel,90.1-2019,code_prototype_rules,source,normalized
construction-c0225e289df9adb8766dc55e,Typical Interior Wall,SmallOffice,DOE Ref Pre-1980,existing_stock_benchmark,source,normalized
construction-c02555fd01271f5891cc9974,Adiabatic Roof,,90.1-2007,code_prototype_rules,source,normalized
construction-c02d6539b45f8fb84aaa5bb1,Typical Insulated Steel Framed Exterior Wall,,DOE Ref Pre-1980,existing_stock_benchmark,source,normalized
construction-c03f55decd183e4281ca7afb,Typical Insulated Exterior Mass Floor,,90.1-2019,code_prototype_rules,source,normalized
construction-c048538c6963075d0359a497,Typical Interior Wall,Laboratory,90.1-2007,code_prototype_rules,source,normalized
construction-c05c45b29953242cf8a42688,Typical Insulated Metal Building Roof,,90.1-2019,code_prototype_rules,source,normalized
construction-c06dd275dcde86567f7da06c,Typical Wood Joist Attic Floor,,DOE Ref 1980-2004,existing_stock_benchmark,source,normalized
construction-c07247be3ff20755504a1035,U 0.55 SHGC 0.4 Simple Glazing,,90.1-2007,code_prototype_rules,source,normalized
construction-c0772f01923881be30d155ed,U 0.5 SHGC 0.45 Simple Glazing,,90.1-2019,code_prototype_rules,source,normalized
construction-c0cfffa8412be44db32fc28a,Typical Interior Wall,SmallDataCenterHighITE,90.1-2019,code_prototype_rules,source,normalized
construction-c0ebd8cd835d34ee6d4f3f02,Typical Insulated Steel Framed Exterior Floor,,DOE Ref 1980-2004,existing_stock_benchmark,source,normalized
construction-c111d92ba6eaf5cd1ceaa5fd,Typical Wood Joist Attic Floor,,DOE Ref Pre-1980,existing_stock_benchmark,source,normalized
construction-c114da704208aaaa8b174222,Typical Insulated Wood Framed Exterior Floor,,90.1-2007,code_prototype_rules,source,normalized
construction-c1186d0f201a1db3a9729667,Adiabatic Roof,,90.1-2013,code_prototype_rules,source,normalized
construction-c119b8ff19eca5d69c756ec1,SmallHotel construction package,SmallHotel,90.1-2019,code_prototype_rules,source,normalized
construction-c12671d4c87bdf153f177985,Typical Insulated Metal Building Wall,,DOE Ref Pre-1980,existing_stock_benchmark,source,normalized
construction-c141be87e1b754815bbc3568,Hospital construction package,Hospital,DOE Ref 1980-2004,existing_stock_benchmark,source,normalized
construction-c16c57bf0912bd0ccd679a5e,LargeHotel Interior Ceiling,LargeHotel,90.1-2019,code_prototype_rules,source,normalized
construction-c16f7b239c758f18732e6a7b,Typical Insulated Metal Building Wall,,90.1-2019,code_prototype_rules,source,normalized
construction-c17129d5ba5827e382dfabae,Typical Insulated Exterior Mass Wall,,DOE Ref Pre-1980,existing_stock_benchmark,source,normalized
construction-c18c5463ffab06b22463f5d7,Typical Insulated Carpeted 6in Slab Floor,,90.1-2019,code_prototype_rules,source,normalized
construction-c198e97480ab3f259a05aadf,Typical Insulated Exterior Mass Floor,,DOE Ref Pre-1980,existing_stock_benchmark,source,normalized
construction-c1a0f23a6ae604ea4bfe4036,Adiabatic Wall,,DOE Ref 1980-2004,existing_stock_benchmark,source,normalized
construction-c1a2b7a709b4d954317209c0,Typical Interior Floor,PrimarySchool,90.1-2007,code_prototype_rules,source,normalized
construction-c1b4fb1602c6818bc5a25a64,Typical Insulated Carpeted 6in Slab Floor,,90.1-2013,code_prototype_rules,source,normalized
construction-c1cb1fb41a38d5888b0e81c2,Typical Insulated Exterior Mass Wall,,DOE Ref 1980-2004,existing_stock_benchmark,source,normalized
construction-c1d2c2bf8a2f22b423e18e36,Adiabatic Wall,,DOE Ref 1980-2004,existing_stock_benchmark,source,normalized
construction-c1f18ef51d6d411a1680cc67,U 0.54 SHGC 0.23 Simple Glazing,,90.1-2019,code_prototype_rules,source,normalized
construction-c200420dfea6bee1267d1109,Typical Wood Joist Attic Floor,,90.1-2019,code_prototype_rules,source,normalized
construction-c21057a45fab46fa6d841a3c,Typical Insulated Wood Framed Exterior Wall,,90.1-2007,code_prototype_rules,source,normalized
construction-c247151e956b0861a979dfa9,Typical Insulated Exterior Mass Floor,,90.1-2007,code_prototype_rules,source,normalized
construction-c249da1228a28d6b0e6fea73,Typical Insulated Metal Building Wall,,90.1-2019,code_prototype_rules,source,normalized
construction-c281d4b797098d4466a826a2,Typical Insulated Carpeted 6in Slab Floor,,DOE Ref Pre-1980,existing_stock_benchmark,source,normalized
construction-c28e24ce832089edc08837ee,Typical Interior Wall,Warehouse,90.1-2013,code_prototype_rules,source,normalized
construction-c29152b4fd61d4de2a3b0ed8,LargeHotel Interior Wall,LargeHotel,90.1-2019,code_prototype_rules,source,normalized
construction-c2a73e375b748a8ee6c133a2,Typical Insulated Exterior Mass Floor,,90.1-2019,code_prototype_rules,source,normalized
construction-c2d3f1ebd7294378c921d2a5,Typical Insulated Steel Framed Exterior Wall,,DOE Ref 1980-2004,existing_stock_benchmark,source,normalized
construction-c2d4f881b9fc3e9d4e790e6e,Typical IEAD Roof,,DOE Ref 1980-2004,existing_stock_benchmark,source,normalized
construction-c2e1003db7623088765b45e5,HighriseApartment construction package,HighriseApartment,90.1-2007,code_prototype_rules,source,normalized
construction-c2e30bc3178236ec29d7c8da,Typical Insulated Exterior Mass Wall,,90.1-2019,code_prototype_rules,source,normalized
construction-c2f032310d82b89a7547f071,Typical Interior Floor,College,90.1-2019,code_prototype_rules,source,normalized
construction-c322df0727cceb5804333b35,Typical Insulated Wood Framed Exterior Floor,,DOE Ref Pre-1980,existing_stock_benchmark,source,normalized
construction-c3296fab1698648e734f985c,Typical Insulated Basement Mass Wall,,90.1-2013,code_prototype_rules,source,normalized
construction-c32c671382d3bdcd210ed1f9,U 0.35 SHGC 0.45 Simple Glazing,,90.1-2007,code_prototype_rules,source,normalized
construction-c32f01913384b34eeb84bf38,MediumOfficeDetailed construction package,MediumOfficeDetailed,90.1-2007,code_prototype_rules,source,normalized
construction-c33342b1e12d6c8a5a4ff124,Typical Insulated Basement Mass Wall,,90.1-2007,code_prototype_rules,source,normalized
construction-c3873e95f369629d063f6eb5,Typical Insulated Steel Framed Exterior Floor,,DOE Ref Pre-1980,existing_stock_benchmark,source,normalized
construction-c39139dae4ed4e658b9232c3,Typical Insulated Metal Building Wall,,90.1-2007,code_prototype_rules,source,normalized
construction-c39fa970462a4a939bcb1801,Typical Interior Ceiling,QuickServiceRestaurant,DOE Ref 1980-2004,existing_stock_benchmark,source,normalized
construction-c3b5deb209865679008dec6d,Typical Insulated Basement Mass Wall,,90.1-2007,code_prototype_rules,source,normalized
construction-c3d13a464b01053e7e8ef582,Adiabatic ExteriorFloor,,DOE Ref 1980-2004,existing_stock_benchmark,source,normalized
construction-c40101e46d1947b0599c8f56,Typical Insulated Metal Building Wall,,90.1-2013,code_prototype_rules,source,normalized
construction-c42fc89d863fb499513c1d3b,Typical IEAD Roof,,DOE Ref 1980-2004,existing_stock_benchmark,source,normalized
construction-c457ecf750e9e865f0d241ff,Typical Insulated Steel Framed Exterior Wall,,DOE Ref Pre-1980,existing_stock_benchmark,source,normalized
construction-c47b604810543b73d0b4adba,U 1.22 SHGC 0.25 Sgl Elec Ref Colored 6mm,,DOE Ref 1980-2004,existing_stock_benchmark,source,normalized
construction-c48ac347e73b3691103fa71b,Typical Insulated Carpeted 6in Slab Floor,,DOE Ref 1980-2004,existing_stock_benchmark,source,normalized
construction-c48f3e1aa4a7dcf598e720ff,Typical Insulated Wood Framed Exterior Wall,,90.1-2019,code_prototype_rules,source,normalized
construction-c4c22018ddfdaa794b219c27,Typical Interior Ceiling,LargeDataCenterHighITE,90.1-2007,code_prototype_rules,source,normalized
construction-c4c6dff1ab4e43e43ba9a2fe,Typical Insulated Basement Mass Wall,,DOE Ref 1980-2004,existing_stock_benchmark,source,normalized
construction-c4da5b1660caddb0434ac63c,Typical Insulated Carpeted 6in Slab Floor,,DOE Ref 1980-2004,existing_stock_benchmark,source,normalized
construction-c4e6c8966586d2a88328e257,Typical Insulated Basement Mass Wall,,90.1-2019,code_prototype_rules,source,normalized
construction-c4e6e6c8b1d2a00dd90101fd,Typical Wood Joist Attic Floor,,90.1-2019,code_prototype_rules,source,normalized
construction-c4fd4328b799d853508bfc85,U 0.57 SHGC 0.39 Dbl Ref-D Clr 6mm/6mm Air,,DOE Ref Pre-1980,existing_stock_benchmark,source,normalized
construction-c4fe0f107a7e11b6e77dfa57,Typical Interior Wall,LargeOffice,90.1-2019,code_prototype_rules,source,normalized
construction-c5300657579da273b9b5f8e9,Typical Wood Joist Attic Floor,,90.1-2013,code_prototype_rules,source,normalized
construction-c5493fc03a3777af3e80db28,Typical Interior Wall,MediumOfficeDetailed,DOE Ref Pre-1980,existing_stock_benchmark,source,normalized
construction-c55418ce02538ac44119fe68,U 0.57 SHGC 0.49 Dbl Blue 6mm/6mm Air,,DOE Ref Pre-1980,existing_stock_benchmark,source,normalized
construction-c5877f7e0b9ba653bbb8fe18,Typical Insulated Carpeted 6in Slab Floor,,DOE Ref Pre-1980,existing_stock_benchmark,source,normalized
construction-c599e7901ce0a991322aac82,Typical Insulated Carpeted 6in Slab Floor,,DOE Ref 1980-2004,existing_stock_benchmark,source,normalized
construction-c5a0cb8c8f05a6854ce009d7,Typical Insulated Wood Framed Exterior Wall,,DOE Ref Pre-1980,existing_stock_benchmark,source,normalized
construction-c5d664e462dc8d9c3d239e49,Typical Insulated Metal Building Roof,,DOE Ref 1980-2004,existing_stock_benchmark,source,normalized
construction-c60c53b56317169ef5a9c91a,Typical Insulated Exterior Mass Floor,,DOE Ref 1980-2004,existing_stock_benchmark,source,normalized
construction-c61c2f85a42877d188e39218,Typical Insulated Carpeted 6in Slab Floor,,90.1-2007,code_prototype_rules,source,normalized
construction-c622252011c71bfe5fba3fbf,Typical Interior Ceiling,Warehouse,90.1-2007,code_prototype_rules,source,normalized
construction-c63018beb02dc372a8b2a545,Typical Insulated Steel Framed Exterior Floor,,DOE Ref 1980-2004,existing_stock_benchmark,source,normalized
construction-c6386e5c224629ffa2ee57b0,Typical Insulated Exterior Mass Wall,,90.1-2007,code_prototype_rules,source,normalized
construction-c63aecdd4dd44ac30098538f,Warehouse construction package,Warehouse,90.1-2013,code_prototype_rules,source,normalized
construction-c68673707c941df408167968,Typical Insulated Carpeted 6in Slab Floor,,90.1-2007,code_prototype_rules,source,normalized
construction-c68c6d7f3f19bb89831575cf,Typical Insulated Exterior Mass Floor,,DOE Ref 1980-2004,existing_stock_benchmark,source,normalized
construction-c6985aaff2845cac856a73ab,SmallHotel construction package,SmallHotel,90.1-2019,code_prototype_rules,source,normalized
construction-c6ab0e35dd67fffc8cefd7e7,Typical Insulated Steel Framed Exterior Floor,,DOE Ref Pre-1980,existing_stock_benchmark,source,normalized
construction-c6c4f6b85bd077f7294d277f,Typical Wood Joist Attic Floor,,DOE Ref Pre-1980,existing_stock_benchmark,source,normalized
construction-c6e30f039b7254fe26a21a6b,U 0.55 SHGC 0.4 Simple Glazing,,90.1-2007,code_prototype_rules,source,normalized
construction-c6e541be3ad6d71e6884ae6f,Plenum Acoustical Tile,Any,90.1-2019,code_prototype_rules,source,normalized
construction-c6fdf4cbb3ff62c1ee77417d,Typical Insulated Exterior Mass Floor,,90.1-2007,code_prototype_rules,source,normalized
construction-c707e73e2b803e76ecbcc5b0,Typical Insulated Steel Framed Exterior Floor,,90.1-2019,code_prototype_rules,source,normalized
construction-c712204aa4d618d7af694227,Typical Insulated Steel Framed Exterior Wall,,DOE Ref Pre-1980,existing_stock_benchmark,source,normalized
construction-c719e07789d65dd55c1ae843,Typical IEAD Roof,,DOE Ref Pre-1980,existing_stock_benchmark,source,normalized
construction-c71d5967e6e33f6deb60a5f3,Typical Insulated Metal Building Wall,,DOE Ref Pre-1980,existing_stock_benchmark,source,normalized
construction-c753a16ceba0fa7d0ef6c4c2,Typical Insulated Wood Framed Exterior Floor,,DOE Ref Pre-1980,existing_stock_benchmark,source,normalized
construction-c754de1661edd8450b74ac2f,Typical Insulated Metal Building Wall,,90.1-2013,code_prototype_rules,source,normalized
construction-c765a2ad981274409c101efb,Typical Insulated Carpeted 6in Slab Floor,,90.1-2007,code_prototype_rules,source,normalized
construction-c788721c53af1366352a1f37,Typical Insulated Basement Mass Wall,,DOE Ref 1980-2004,existing_stock_benchmark,source,normalized
construction-c788a285d345f7339400f349,Dwelling enclosure / source_building_149911,MultiFamily2To4,ResStock SDR source fixture,existing_stock_source_fixture,source,normalized
construction-c78cd999fabef1c539bd12e0,Typical Insulated Steel Framed Exterior Floor,,DOE Ref Pre-1980,existing_stock_benchmark,source,normalized
construction-c790fd22ac80ff0398fabab8,Typical Interior Floor,MidriseApartment,DOE Ref 1980-2004,existing_stock_benchmark,source,normalized
construction-c7977c98c4be84779a5c1e4e,Typical Insulated Steel Framed Exterior Wall,,90.1-2013,code_prototype_rules,source,normalized
construction-c79b4912d1840b5ed0e70c89,Typical Interior Ceiling,RetailStripmall,90.1-2019,code_prototype_rules,source,normalized
construction-c79f29e4ed144c6aee4f6636,Typical Insulated Steel Framed Exterior Wall,,90.1-2007,code_prototype_rules,source,normalized
construction-c7c9a0a4750a1519a581eb42,Typical Insulated Carpeted 6in Slab Floor,,90.1-2007,code_prototype_rules,source,normalized
construction-c7dcd8487ce8fc56963fd40c,Typical Insulated Basement Mass Wall,,DOE Ref Pre-1980,existing_stock_benchmark,source,normalized
construction-c800c0f949985186a41730da,Typical Insulated Exterior Mass Wall,,DOE Ref 1980-2004,existing_stock_benchmark,source,normalized
construction-c82413c4949cf220ca3b5098,Typical Insulated Steel Framed Exterior Wall,,DOE Ref 1980-2004,existing_stock_benchmark,source,normalized
construction-c836712b1d891a8db71e8902,Adiabatic Wall,,90.1-2019,code_prototype_rules,source,normalized
construction-c83c05039c6b009681793dc7,Typical Insulated Steel Framed Exterior Floor,,90.1-2007,code_prototype_rules,source,normalized
construction-c83f94464ad079365667ee3e,Typical Insulated Metal Building Wall,,DOE Ref Pre-1980,existing_stock_benchmark,source,normalized
construction-c84c7be9de8e03762b96aea6,Typical Insulated Metal Building Roof - Highly Reflective,,90.1-2019,code_prototype_rules,source,normalized
construction-c859c7fb56f30dbd2e27ccf7,Typical Insulated Wood Framed Exterior Floor,,90.1-2013,code_prototype_rules,source,normalized
construction-c85a288f7c25d57bedae89ae,Adiabatic ExteriorFloor,,90.1-2013,code_prototype_rules,source,normalized
construction-c8722d1c709c63a2d697138e,Typical Insulated Wood Framed Exterior Wall,,DOE Ref Pre-1980,existing_stock_benchmark,source,normalized
construction-c88cbdbff15d9fc05213381f,U 1.22 SHGC 0.25 Sgl Elec Ref Colored 6mm,,DOE Ref Pre-1980,existing_stock_benchmark,source,normalized
construction-c8a68c5c7a6257303bc02bb7,Typical Insulated Steel Framed Exterior Floor,,DOE Ref 1980-2004,existing_stock_benchmark,source,normalized
construction-c8b3cc094e514120fbe1c957,Typical Interior Floor,LargeOffice,DOE Ref Pre-1980,existing_stock_benchmark,source,normalized
construction-c8b6373e95af4a2257d4878a,Typical Interior Floor,SuperMarket,DOE Ref Pre-1980,existing_stock_benchmark,source,normalized
construction-c8bee7a26b2aae2b227dceab,U 0.65 SHGC 0.25 Simple Glazing,,90.1-2013,code_prototype_rules,source,normalized
construction-c8e1efd3a7a2d17ea918ec4b,U 0.65 SHGC 0.45 Simple Glazing,,90.1-2019,code_prototype_rules,source,normalized
construction-c906b8d1791b93a797ecc1b2,Typical Insulated Carpeted 6in Slab Floor,,90.1-2007,code_prototype_rules,source,normalized
construction-c91996a903794b392e122856,Adiabatic Roof,,DOE Ref Pre-1980,existing_stock_benchmark,source,normalized
construction-c929a3c9da803bfb12a57637,Adiabatic Wall,,90.1-2007,code_prototype_rules,source,normalized
construction-c95ccfb80bc9bc76d57f2bfb,Typical Interior Floor,Warehouse,90.1-2007,code_prototype_rules,source,normalized
construction-c970d16ce2dad7acea548d93,Typical Interior Ceiling,PrimarySchool,DOE Ref 1980-2004,existing_stock_benchmark,source,normalized
construction-c98400e99379b943647301d5,Typical Insulated Steel Framed Exterior Floor,,DOE Ref 1980-2004,existing_stock_benchmark,source,normalized
construction-c9bfce6cf738638269e9a83d,Typical Insulated Exterior Mass Wall,,90.1-2019,code_prototype_rules,source,normalized
construction-c9c675636f18aa54323d8537,U 1.2 SHGC 0.45 Simple Glazing,,90.1-2007,code_prototype_rules,source,normalized
construction-c9c7d850eae4d80b30b1a039,Typical Insulated Metal Building Wall,,90.1-2007,code_prototype_rules,source,normalized
construction-c9cbcda111b8532c0c178c85,U 0.75 SHGC 0.25 Simple Glazing,,90.1-2007,code_prototype_rules,source,normalized
construction-c9eac37af8af9743294d002b,Typical Insulated Carpeted 6in Slab Floor,,DOE Ref 1980-2004,existing_stock_benchmark,source,normalized
construction-ca1eea6090aa3a86e5fecff3,U 1.2 SHGC 0.45 Simple Glazing,,90.1-2007,code_prototype_rules,source,normalized
construction-ca22de200044af87b5b66ae7,Typical Interior Floor,Warehouse,DOE Ref 1980-2004,existing_stock_benchmark,source,normalized
construction-ca248a4ef61cc33232cd17d3,Typical Insulated Wood Framed Exterior Floor,,DOE Ref 1980-2004,existing_stock_benchmark,source,normalized
construction-ca516bdeba834487b5545789,U 1.22 SHGC 0.25 Sgl Elec Ref Colored 6mm,,DOE Ref 1980-2004,existing_stock_benchmark,source,normalized
construction-ca63228d8b00df844339fb97,Typical Insulated Wood Framed Exterior Floor,,DOE Ref Pre-1980,existing_stock_benchmark,source,normalized
construction-ca64d12e852a3d4926f12854,Typical Insulated Exterior Mass Floor,,90.1-2007,code_prototype_rules,source,normalized
construction-ca702ed748f20036df670b78,Typical Insulated Exterior Mass Wall,,90.1-2013,code_prototype_rules,source,normalized
construction-ca733b15c2c4663ba1194170,Typical Insulated Basement Mass Wall,,90.1-2007,code_prototype_rules,source,normalized
construction-cab07480ba7be6c801fdc803,Typical Insulated Exterior Mass Floor,,90.1-2007,code_prototype_rules,source,normalized
construction-cab18ed7c930a24d51e475b8,Typical Insulated Basement Mass Wall,,90.1-2013,code_prototype_rules,source,normalized
construction-cac627806c42ed6d34b2c4cf,Adiabatic Roof,,DOE Ref 1980-2004,existing_stock_benchmark,source,normalized
construction-caccb25c499c20888c0bd919,U 0.57 SHGC 0.39 Dbl Ref-D Clr 6mm/6mm Air,,DOE Ref Pre-1980,existing_stock_benchmark,source,normalized
construction-cafa056e0fc4a7bbccd60429,Dwelling enclosure / source_building_493473,SingleFamilyDetached,ResStock SDR source fixture,existing_stock_source_fixture,source,normalized
construction-cb2361148f74d7c1fe7b3955,Typical Insulated Wood Framed Exterior Floor,,DOE Ref Pre-1980,existing_stock_benchmark,source,normalized
construction-cb3446261e98caee23478e1c,Adiabatic GroundContactFloor,,DOE Ref Pre-1980,existing_stock_benchmark,source,normalized
construction-cb39f377c53c3056de6d1861,Typical Insulated Wood Framed Exterior Floor,,DOE Ref 1980-2004,existing_stock_benchmark,source,normalized
construction-cb42f660e40d0ea244dac49e,Typical Insulated Carpeted 8in Slab Floor,,90.1-2019,code_prototype_rules,source,normalized
construction-cb46cb5ea0705c1c77872205,Typical Insulated Metal Building Wall,,DOE Ref Pre-1980,existing_stock_benchmark,source,normalized
construction-cbe32052095ca1ab0d863b00,Typical Insulated Steel Framed Exterior Floor,,90.1-2007,code_prototype_rules,source,normalized
construction-cbeb448c6e793f7cdb601053,Typical Insulated Metal Building Wall,,DOE Ref 1980-2004,existing_stock_benchmark,source,normalized
construction-cbfc5a1063992dfabd6ad5bc,Typical Insulated Metal Building Wall,,90.1-2013,code_prototype_rules,source,normalized
construction-cbfcb3fb9957882b2604d20a,Typical Insulated Metal Building Wall,,DOE Ref 1980-2004,existing_stock_benchmark,source,normalized
construction-cc2449a33559ca3a75afde4f,Typical IEAD Roof - Highly Reflective,,90.1-2013,code_prototype_rules,source,normalized
construction-cc5523b01a76b6f3dda1d64d,Typical Interior Wall,SmallOfficeDetailed,90.1-2007,code_prototype_rules,source,normalized
construction-cc65897ab9097cb619e3c6d5,U 1.22 SHGC 0.25 Sgl Elec Ref Colored 6mm,,DOE Ref 1980-2004,existing_stock_benchmark,source,normalized
construction-cc6c34cc0d3c364a74e44aaa,Typical Insulated Steel Framed Exterior Floor,,DOE Ref Pre-1980,existing_stock_benchmark,source,normalized
construction-cc947c7403e30cde54001f4e,Typical Interior Ceiling,QuickServiceRestaurant,90.1-2013,code_prototype_rules,source,normalized
construction-cca41da531072860eb3fe72c,Typical Insulated Basement Mass Wall,,DOE Ref Pre-1980,existing_stock_benchmark,source,normalized
construction-ccaa354b30c75233fad9c393,Typical Insulated Metal Building Roof,,DOE Ref 1980-2004,existing_stock_benchmark,source,normalized
construction-ccb470fe5ff77c9a1a927a7e,Typical Insulated Exterior Mass Floor,,DOE Ref Pre-1980,existing_stock_benchmark,source,normalized
construction-ccb8cb86ebe6e42f3f7e3cee,Typical Insulated Exterior Mass Floor,,90.1-2013,code_prototype_rules,source,normalized
construction-ccfe560c963ffbb7384ade32,Typical Interior Wall,MediumOffice,90.1-2013,code_prototype_rules,source,normalized
construction-ccfecf935674e1a916fd6381,Typical Insulated Carpeted 6in Slab Floor,,90.1-2019,code_prototype_rules,source,normalized
construction-cd41015cc3c11e9ff5f4a154,Typical Interior Floor,SmallHotel,DOE Ref 1980-2004,existing_stock_benchmark,source,normalized
construction-cd47c42361c0d3069fe65563,Typical Insulated Steel Framed Exterior Wall,,90.1-2007,code_prototype_rules,source,normalized
construction-cd6f4246f367579717925f10,U 1.2 SHGC 0.45 Simple Glazing,,90.1-2007,code_prototype_rules,source,normalized
construction-cd78304256561efdd6273888,Typical Wood Joist Attic Floor,,DOE Ref Pre-1980,existing_stock_benchmark,source,normalized
construction-cd7c9f999864931cba95f29b,Typical Insulated Carpeted 6in Slab Floor,,DOE Ref Pre-1980,existing_stock_benchmark,source,normalized
construction-cd9044f8faa33befbd84668a,Adiabatic ExteriorFloor,,90.1-2019,code_prototype_rules,source,normalized
construction-cdbb6ebe598e42ee59e7b4e8,Typical Insulated Metal Building Roof,,DOE Ref 1980-2004,existing_stock_benchmark,source,normalized
construction-cdbbac835103cbba4dbfa234,Typical Insulated Basement Mass Wall,,DOE Ref Pre-1980,existing_stock_benchmark,source,normalized
construction-cdd4a225fc32c967cc6b89aa,Typical Insulated Basement Mass Wall,,90.1-2013,code_prototype_rules,source,normalized
construction-cddabe0ca9994557cac834c7,SmallOffice construction package,SmallOffice,90.1-2019,code_prototype_rules,source,normalized
construction-cddd278f9b9efc6b8e251b77,Typical Insulated Carpeted 8in Slab Floor,,90.1-2019,code_prototype_rules,source,normalized
construction-cde7bb0298ddf51972ad46aa,Typical Insulated Exterior Mass Wall,,90.1-2019,code_prototype_rules,source,normalized
construction-cdec63edf57ac655f3edb564,Typical Insulated Steel Framed Exterior Floor,,DOE Ref Pre-1980,existing_stock_benchmark,source,normalized
construction-ce111dea42cc46e71f17420a,Typical Insulated Exterior Mass Floor,,90.1-2019,code_prototype_rules,source,normalized
construction-ce160649c93cdf8fbf20c72b,U 0.57 SHGC 0.39 Dbl Ref-D Clr 6mm/6mm Air,,DOE Ref 1980-2004,existing_stock_benchmark,source,normalized
construction-ce28bf48521e200f1e9a2d72,Typical Insulated Exterior Mass Wall,,DOE Ref Pre-1980,existing_stock_benchmark,source,normalized
construction-ce4259e054c23cb1cdd673b7,Typical Wood Joist Attic Floor,,90.1-2019,code_prototype_rules,source,normalized
construction-ce4eb764286887fbf53522b7,U 0.62 SHGC 0.41 Simple Glazing,,DOE Ref Pre-1980,existing_stock_benchmark,source,normalized
construction-ce507983b588e8a22328f16f,U 1.2 SHGC 0.45 Simple Glazing,,90.1-2013,code_prototype_rules,source,normalized
construction-ce5b76a42d87fe4a244d337a,Any construction package,Any,90.1-2013,code_prototype_rules,source,normalized
construction-ce5d65366bf5d2498ed8fe4f,Adiabatic Roof,,90.1-2007,code_prototype_rules,source,normalized
construction-ce5f06b1c97c8d1bb25dddf5,Typical Insulated Metal Building Roof,,DOE Ref 1980-2004,existing_stock_benchmark,source,normalized
construction-ce69171f121bfbcc2b2ed90a,Typical Insulated Carpeted 6in Slab Floor,,DOE Ref 1980-2004,existing_stock_benchmark,source,normalized
construction-ce706bdddf269890904ba1cd,Adiabatic Roof,,DOE Ref Pre-1980,existing_stock_benchmark,source,normalized
construction-ce79808285347033d27f1ce4,Typical Interior Wall,SecondarySchool,90.1-2013,code_prototype_rules,source,normalized
construction-ce9a8e5b873d1837763248f7,Typical Insulated Basement Mass Wall,,DOE Ref 1980-2004,existing_stock_benchmark,source,normalized
construction-ceb04e3550ba1fa8f88f3a65,Typical Interior Wall,LargeOfficeDetailed,90.1-2019,code_prototype_rules,source,normalized
construction-ceb16749ef61022090bc6c65,Warehouse construction package,Warehouse,90.1-2007,code_prototype_rules,source,normalized
construction-cee98c962260393f6dbcaf1b,QuickServiceRestaurant construction package,QuickServiceRestaurant,90.1-2013,code_prototype_rules,source,normalized
construction-ceec077cdc8c0dd6d36cddc7,Adiabatic Wall,,90.1-2013,code_prototype_rules,source,normalized
construction-cf23991a4f0ec592ca1b5c89,U 0.65 SHGC 0.45 Simple Glazing,,90.1-2007,code_prototype_rules,source,normalized
construction-cf2e56c4efe04a2836ef8cc9,Adiabatic GroundContactFloor,,DOE Ref Pre-1980,existing_stock_benchmark,source,normalized
construction-cf34214ed4ad9a4eeb6cfbec,Dwelling enclosure / source_building_53460,MultiFamily2To4,ResStock SDR source fixture,existing_stock_source_fixture,source,normalized
construction-cf377781f37a1e530d398afd,Typical Insulated Wood Framed Exterior Floor,,90.1-2019,code_prototype_rules,source,normalized
construction-cf4e89553fe30114587a4f26,Typical Insulated Metal Building Roof,,90.1-2013,code_prototype_rules,source,normalized
construction-cf4f186952f8a239d1cd8bde,Typical Insulated Metal Building Wall,,90.1-2007,code_prototype_rules,source,normalized
construction-cf57b2c6df4418749b601117,U 0.57 SHGC 0.39 Dbl Ref-D Clr 6mm/6mm Air,,DOE Ref Pre-1980,existing_stock_benchmark,source,normalized
construction-cf59f792f1b932a76db20808,Typical Insulated Metal Building Roof,,90.1-2019,code_prototype_rules,source,normalized
construction-cf78a6aae0d694bde4984015,Typical Insulated Wood Framed Exterior Floor,,DOE Ref 1980-2004,existing_stock_benchmark,source,normalized
construction-cf8b92a2a422bafa23009dd1,U 0.7 SHGC 0.25 Simple Glazing,,90.1-2007,code_prototype_rules,source,normalized
construction-cfd49be33354db419d990fd7,Typical Insulated Basement Mass Wall,,90.1-2019,code_prototype_rules,source,normalized
construction-cfd873d71b8936d52e69e56b,Typical Insulated Wood Framed Exterior Wall,,DOE Ref 1980-2004,existing_stock_benchmark,source,normalized
construction-cfe37e123dcb7e7ac7e76b63,Typical Insulated Metal Building Roof - Highly Reflective,,90.1-2007,code_prototype_rules,source,normalized
construction-cfe4cf6ed34ba1eea7e8d1ec,Typical Insulated Metal Building Roof,,DOE Ref 1980-2004,existing_stock_benchmark,source,normalized
construction-cff0bcf7158cc5eb0a4356a6,Typical Insulated Carpeted 6in Slab Floor,,90.1-2007,code_prototype_rules,source,normalized
construction-cff2186277b4d05cfd335cb9,U 0.57 SHGC 0.39 Dbl Ref-D Clr 6mm/6mm Air,,DOE Ref Pre-1980,existing_stock_benchmark,source,normalized
construction-d005e2b01cdaca69033d43a4,U 0.45 SHGC 0.25 Simple Glazing,,90.1-2019,code_prototype_rules,source,normalized
construction-d0127963e508c431c7622d32,Typical Insulated Wood Framed Exterior Floor,,90.1-2013,code_prototype_rules,source,normalized
construction-d03d03378927f2b40a0523a0,Typical Interior Wall,LargeDataCenterHighITE,90.1-2007,code_prototype_rules,source,normalized
construction-d049478cdcf29053ae26001a,U 0.57 SHGC 0.49 Dbl Blue 6mm/6mm Air,,DOE Ref Pre-1980,existing_stock_benchmark,source,normalized
construction-d055f08d8d33bdb47368d938,Typical Insulated Exterior Mass Wall,,DOE Ref 1980-2004,existing_stock_benchmark,source,normalized
construction-d0a7b03ee793e0d34afff350,Typical Insulated Metal Building Wall,,90.1-2019,code_prototype_rules,source,normalized
construction-d0b8d980da8059d645a4e8ba,int_slab_ceiling_smallhotel,SmallHotel,90.1-2019,code_prototype_rules,source,normalized
construction-d0cae970ae3595159d696d5e,U 0.57 SHGC 0.39 Dbl Ref-D Clr 6mm/6mm Air,,DOE Ref 1980-2004,existing_stock_benchmark,source,normalized
construction-d0d0f92d486eb0b4b1a11b4c,U 1.22 SHGC 0.25 Sgl Elec Ref Colored 6mm,,DOE Ref 1980-2004,existing_stock_benchmark,source,normalized
construction-d0d262d47a7f661c65727ebc,Typical Insulated Carpeted 6in Slab Floor,,DOE Ref Pre-1980,existing_stock_benchmark,source,normalized
construction-d0e4f34edda969317ab3ff5f,Typical Insulated Wood Framed Exterior Floor,,90.1-2019,code_prototype_rules,source,normalized
construction-d0efd798245504f6e4f88051,Warehouse construction package,Warehouse,90.1-2013,code_prototype_rules,source,normalized
construction-d0f3a5b8a48f443bebe3fe6e,Typical Insulated Wood Framed Exterior Wall,,90.1-2007,code_prototype_rules,source,normalized
construction-d103647e5b0373d4305ef98b,U 1.22 SHGC 0.54 Simple Glazing,,DOE Ref Pre-1980,existing_stock_benchmark,source,normalized
construction-d13a59e2006d0443a6a6a8ef,Typical Interior Floor,SuperTallBuilding,90.1-2019,code_prototype_rules,source,normalized
construction-d141ae06e897776db71c77fd,Typical Insulated Basement Mass Wall,,90.1-2013,code_prototype_rules,source,normalized
construction-d1525b4367898053ededa045,Typical Insulated Wood Framed Exterior Wall,,DOE Ref Pre-1980,existing_stock_benchmark,source,normalized
construction-d16a166b4271f2e615c8473e,Typical Insulated Wood Framed Exterior Floor,,DOE Ref 1980-2004,existing_stock_benchmark,source,normalized
construction-d173c005b543f44447c102d2,LargeOfficeDetailed construction package,LargeOfficeDetailed,DOE Ref Pre-1980,existing_stock_benchmark,source,normalized
construction-d174a939d8be5aaba491cfe0,Typical Insulated Basement Mass Wall,,DOE Ref Pre-1980,existing_stock_benchmark,source,normalized
construction-d187884315297ed0666eb47d,Typical Wood Joist Attic Floor,,90.1-2013,code_prototype_rules,source,normalized
construction-d18aa72608f83fe3b42f8bce,MediumOffice construction package,MediumOffice,DOE Ref Pre-1980,existing_stock_benchmark,source,normalized
construction-d1b08a02d9626966dd37c4b1,Typical Insulated Wood Framed Exterior Floor,,90.1-2019,code_prototype_rules,source,normalized
construction-d1c3b2b9769ea5197d5df375,Typical Wood Joist Attic Floor,,DOE Ref Pre-1980,existing_stock_benchmark,source,normalized
construction-d1dfddfad3e4ae4784288578,Typical Insulated Metal Building Roof,,90.1-2007,code_prototype_rules,source,normalized
construction-d1f056387e85bc38fd1f4a82,U 0.57 SHGC 0.49 Dbl Blue 6mm/6mm Air,,DOE Ref 1980-2004,existing_stock_benchmark,source,normalized
construction-d1f12c65f64a64d3e6e6c594,Typical Interior Floor,MediumOffice,90.1-2007,code_prototype_rules,source,normalized
construction-d1f4e7994a38d179cba63399,Typical Interior Floor,MidriseApartment,DOE Ref Pre-1980,existing_stock_benchmark,source,normalized
construction-d215b8177cd9afcf820b1c4a,Typical Insulated Basement Mass Wall,,90.1-2013,code_prototype_rules,source,normalized
construction-d21c5597894b87da1aa2b614,Typical Insulated Basement Mass Wall,,90.1-2013,code_prototype_rules,source,normalized
construction-d21cebc86a8daf2f68356878,Typical Insulated Wood Framed Exterior Wall,,DOE Ref Pre-1980,existing_stock_benchmark,source,normalized
construction-d21d503295f15f4ce13d2aa5,Typical Insulated Carpeted 6in Slab Floor,,DOE Ref 1980-2004,existing_stock_benchmark,source,normalized
construction-d21fcfbb6b5fa0c954364c1d,Typical Insulated Exterior Mass Wall,,90.1-2007,code_prototype_rules,source,normalized
construction-d225611595894c0b779df4d9,Adiabatic ExteriorFloor,,90.1-2007,code_prototype_rules,source,normalized
construction-d228ec953bee98f3ea2ceb93,Typical Insulated Carpeted 6in Slab Floor,,DOE Ref Pre-1980,existing_stock_benchmark,source,normalized
construction-d22e79ac471640f9216de123,Typical Wood Joist Attic Floor,,90.1-2013,code_prototype_rules,source,normalized
construction-d247367e22d512449c47304e,Dwelling enclosure / source_building_66378,SingleFamilyDetached,ResStock SDR source fixture,existing_stock_source_fixture,source,normalized
construction-d2765179fdbb645bad07f6d1,Typical Insulated Carpeted 6in Slab Floor,,DOE Ref Pre-1980,existing_stock_benchmark,source,normalized
construction-d27997b3ef25f67233ad4519,Typical IEAD Roof - Highly Reflective,,90.1-2019,code_prototype_rules,source,normalized
construction-d282780cdff1c8e986b9f07b,Typical Insulated Exterior Mass Floor,,90.1-2007,code_prototype_rules,source,normalized
construction-d289c1da64e139c86c6544a7,Typical Insulated Metal Building Wall,,90.1-2013,code_prototype_rules,source,normalized
construction-d2a2d02bcb87b85dbafe673b,Typical Insulated Carpeted 6in Slab Floor,,DOE Ref Pre-1980,existing_stock_benchmark,source,normalized
construction-d2b5eb97734605e06cad7549,LargeOfficeDetailed construction package,LargeOfficeDetailed,90.1-2019,code_prototype_rules,source,normalized
construction-d2c136fcd2ad2528dfbde000,Adiabatic Roof,,DOE Ref Pre-1980,existing_stock_benchmark,source,normalized
construction-d2e33ac8ecfb54aaccf2a053,Typical Insulated Steel Framed Exterior Wall,,90.1-2007,code_prototype_rules,source,normalized
construction-d2fb5046a8dff34a5fa4dc3f,Typical Insulated Wood Framed Exterior Floor,,DOE Ref 1980-2004,existing_stock_benchmark,source,normalized
construction-d30777d3b7c27a963738e5e4,U 0.4 SHGC 0.25 Simple Glazing,,90.1-2013,code_prototype_rules,source,normalized
construction-d32e97c1381327b6c2e7632e,Typical Wood Joist Attic Floor,,DOE Ref Pre-1980,existing_stock_benchmark,source,normalized
construction-d33abb3f9761b50eb7a6fae7,Typical IEAD Roof,,DOE Ref 1980-2004,existing_stock_benchmark,source,normalized
construction-d34a50be5aad58a4a2e2c47d,Typical Wood Joist Attic Floor,,DOE Ref 1980-2004,existing_stock_benchmark,source,normalized
construction-d34dde54964d588ea35f7ada,Typical Insulated Exterior Mass Floor,,DOE Ref Pre-1980,existing_stock_benchmark,source,normalized
construction-d356d7ce9eb8587cf5e981ee,Typical IEAD Roof,,DOE Ref Pre-1980,existing_stock_benchmark,source,normalized
construction-d366acd26a4f604768f662cf,Typical Insulated Basement Mass Wall,,90.1-2019,code_prototype_rules,source,normalized
construction-d36eb235cf46a7cb90b3a511,LargeHotel construction package,LargeHotel,DOE Ref 1980-2004,existing_stock_benchmark,source,normalized
construction-d3849ccd0d068eea9514df8d,Typical Insulated Wood Framed Exterior Floor,,90.1-2007,code_prototype_rules,source,normalized
construction-d384c8fcddedc6a3c85e8309,Typical Insulated Wood Framed Exterior Floor,,DOE Ref Pre-1980,existing_stock_benchmark,source,normalized
construction-d3a6187730cece51507aa5d0,Typical Insulated Metal Building Wall,,DOE Ref 1980-2004,existing_stock_benchmark,source,normalized
construction-d3abd19197428941810cc8c7,Typical Insulated Metal Building Roof,,90.1-2013,code_prototype_rules,source,normalized
construction-d3af9f27e448766a244a2537,LargeHotel Interior Floor,LargeHotel,90.1-2013,code_prototype_rules,source,normalized
construction-d3bdb170bef149f4bf4a9012,MediumOfficeDetailed construction package,MediumOfficeDetailed,90.1-2013,code_prototype_rules,source,normalized
construction-d3c60d534c212c9a2905b3fb,Typical Insulated Metal Building Roof,,DOE Ref 1980-2004,existing_stock_benchmark,source,normalized
construction-d3d095caa576fd59ccf2c7c0,Typical Wood Joist Attic Floor,,DOE Ref 1980-2004,existing_stock_benchmark,source,normalized
construction-d3e313d890a529907467d073,Plenum Acoustical Tile,Any,90.1-2007,code_prototype_rules,source,normalized
construction-d3f3688b8ad601580bd3a2bf,Typical Insulated Metal Building Wall,,DOE Ref 1980-2004,existing_stock_benchmark,source,normalized
construction-d3f761a86c319a53cc75a4bb,Typical IEAD Roof,,DOE Ref 1980-2004,existing_stock_benchmark,source,normalized
construction-d4125d5382c3038545c58b88,Typical Interior Wall,SmallOffice,90.1-2007,code_prototype_rules,source,normalized
construction-d42712d90604e9a192ad5f18,Typical Interior Wall,SecondarySchool,DOE Ref 1980-2004,existing_stock_benchmark,source,normalized
construction-d42a44ef769d2fb5ba3f7e33,Typical Interior Ceiling,Office,90.1-2007,code_prototype_rules,source,normalized
construction-d42c346e6693c8283744f9cc,Typical IEAD Roof,,DOE Ref Pre-1980,existing_stock_benchmark,source,normalized
construction-d43a38d585b4de2beab54f9b,Typical Insulated Carpeted 6in Slab Floor,,90.1-2013,code_prototype_rules,source,normalized
construction-d44ae4774fa41604c66ca054,Typical Insulated Metal Building Wall,,90.1-2013,code_prototype_rules,source,normalized
construction-d454cc3a5be224f1c5d07527,Typical Insulated Wood Framed Exterior Wall,,DOE Ref Pre-1980,existing_stock_benchmark,source,normalized
construction-d45d2f6500e1b3de93440b7c,Adiabatic Wall,,90.1-2019,code_prototype_rules,source,normalized
construction-d4673e33969abf66d5463ab3,U 0.44 SHGC 0.45 Simple Glazing,,90.1-2019,code_prototype_rules,source,normalized
construction-d46fb43ae38bd57f8f0c5eaa,Typical Interior Floor,LargeOfficeDetailed,DOE Ref 1980-2004,existing_stock_benchmark,source,normalized
construction-d4a7f0ff1c7928dda1e587d8,U 0.46 SHGC 0.45 Dbl Grey 6mm/13mm Air,,DOE Ref 1980-2004,existing_stock_benchmark,source,normalized
construction-d4b550d9dddd7ba533950016,LargeHotel Interior Floor,LargeHotel,90.1-2013,code_prototype_rules,source,normalized
construction-d4e4d4257384dc8604980fc0,Typical Insulated Carpeted 6in Slab Floor,,90.1-2019,code_prototype_rules,source,normalized
construction-d4e960cb9ff46fc33bf98756,Typical Insulated Wood Framed Exterior Floor,,DOE Ref Pre-1980,existing_stock_benchmark,source,normalized
construction-d4e96be81cc56532f274041a,Typical Insulated Metal Building Wall,,DOE Ref Pre-1980,existing_stock_benchmark,source,normalized
construction-d503299d7eb1a68b966ccf2d,Adiabatic GroundContactFloor,,DOE Ref 1980-2004,existing_stock_benchmark,source,normalized
construction-d50879e5dab26c076651665e,Typical Insulated Wood Framed Exterior Wall,,DOE Ref 1980-2004,existing_stock_benchmark,source,normalized
construction-d50c83b908ae85836410d6e5,U 0.57 SHGC 0.49 Dbl Blue 6mm/6mm Air,,DOE Ref 1980-2004,existing_stock_benchmark,source,normalized
construction-d52f5bbc60ec12a251d89aa8,Typical Insulated Steel Framed Exterior Floor,,90.1-2019,code_prototype_rules,source,normalized
construction-d531d0b3024e2fe6fe9482ce,Typical Interior Wall,MediumOffice,DOE Ref 1980-2004,existing_stock_benchmark,source,normalized
construction-d545deb46a22c8b034cafbec,Typical Insulated Wood Framed Exterior Floor,,DOE Ref Pre-1980,existing_stock_benchmark,source,normalized
construction-d54ce822eed173725f3f3adc,Typical Interior Floor,Warehouse,DOE Ref 1980-2004,existing_stock_benchmark,source,normalized
construction-d56727478f8d0c20ff625067,Typical Interior Wall,RetailStripmall,DOE Ref Pre-1980,existing_stock_benchmark,source,normalized
construction-d573602dd2c77e188a0409d6,Typical Wood Joist Attic Floor,,DOE Ref 1980-2004,existing_stock_benchmark,source,normalized
construction-d58dced05072dfc066de1ab3,Typical Insulated Basement Mass Wall,,90.1-2007,code_prototype_rules,source,normalized
construction-d5c38941e64d89fc70ebf37d,U 1.22 SHGC 0.25 Sgl Elec Ref Colored 6mm,,DOE Ref 1980-2004,existing_stock_benchmark,source,normalized
construction-d5d79c8335632b03580c6a98,U 0.36 SHGC 0.36 Simple Glazing,,90.1-2019,code_prototype_rules,source,normalized
construction-d5e07ac21c1ce18f81f355b3,Typical Interior Wall,MidriseApartment,90.1-2013,code_prototype_rules,source,normalized
construction-d5ef65589cf44ed55bda1f2a,Typical Insulated Wood Framed Exterior Floor,,90.1-2013,code_prototype_rules,source,normalized
construction-d5faf2ad019abdeffe241266,Typical Insulated Carpeted 6in Slab Floor,,DOE Ref 1980-2004,existing_stock_benchmark,source,normalized
construction-d5fd7e4f5e23039494bbd043,Typical Interior Wall,LargeDataCenterLowITE,90.1-2007,code_prototype_rules,source,normalized
construction-d606c694fce4db5887e54d67,Typical Insulated Steel Framed Exterior Floor,,90.1-2019,code_prototype_rules,source,normalized
construction-d60e3c715802d849fdade683,Typical Wood Joist Attic Floor,,DOE Ref 1980-2004,existing_stock_benchmark,source,normalized
construction-d61f39180836cd35de7bafa8,U 0.57 SHGC 0.49 Dbl Blue 6mm/6mm Air,,DOE Ref 1980-2004,existing_stock_benchmark,source,normalized
construction-d640e991b55f6018f59a865e,Typical Insulated Exterior Mass Floor,,90.1-2007,code_prototype_rules,source,normalized
construction-d644f16dfc0333b683ded885,Typical Interior Ceiling,MidriseApartment,DOE Ref 1980-2004,existing_stock_benchmark,source,normalized
construction-d659d32636b2d2e9579c7e0e,U 0.93 SHGC 0.45 Simple Glazing,,90.1-2013,code_prototype_rules,source,normalized
construction-d6656c059e077c007d684b12,Typical Insulated Wood Framed Exterior Floor,,DOE Ref 1980-2004,existing_stock_benchmark,source,normalized
construction-d66f0498a9169ea0d0545e13,Typical Insulated Carpeted 6in Slab Floor,,DOE Ref Pre-1980,existing_stock_benchmark,source,normalized
construction-d67eda700cb706e63ccffaf8,Typical Interior Floor,LargeOffice,DOE Ref 1980-2004,existing_stock_benchmark,source,normalized
construction-d696935e4146bb0af7960ac0,U 0.57 SHGC 0.39 Dbl Ref-D Clr 6mm/6mm Air,,DOE Ref Pre-1980,existing_stock_benchmark,source,normalized
construction-d6b911a39c08ca8b0bf803b3,SmallDataCenterHighITE construction package,SmallDataCenterHighITE,90.1-2013,code_prototype_rules,source,normalized
construction-d6bd8cddd3b9d8ec3b829fa4,Typical Insulated Wood Framed Exterior Floor,,DOE Ref 1980-2004,existing_stock_benchmark,source,normalized
construction-d6c2568eaae5769b7771713d,LargeHotel Interior Ceiling,LargeHotel,90.1-2019,code_prototype_rules,source,normalized
construction-d6d70e5131489d883ee4f084,Typical Insulated Steel Framed Exterior Wall,,90.1-2013,code_prototype_rules,source,normalized
construction-d6dd1573ac52bb0a59d467fb,Typical IEAD Roof,,90.1-2019,code_prototype_rules,source,normalized
construction-d6e0d83d9344b720c7c6caf3,Typical Insulated Steel Framed Exterior Floor,,DOE Ref Pre-1980,existing_stock_benchmark,source,normalized
construction-d73d43d08f0acbb25943e268,Hospital construction package,Hospital,90.1-2007,code_prototype_rules,source,normalized
construction-d74330652bd02d177ac181f0,Adiabatic Roof,,90.1-2013,code_prototype_rules,source,normalized
construction-d7538c1a73bae9fab482f25b,Typical IEAD Roof,,DOE Ref Pre-1980,existing_stock_benchmark,source,normalized
construction-d757928e6719ffcaa8852e13,Typical Insulated Exterior Mass Floor,,DOE Ref 1980-2004,existing_stock_benchmark,source,normalized
construction-d76a27d408b490473dab1dfb,U 0.57 SHGC 0.49 Dbl Blue 6mm/6mm Air,,DOE Ref 1980-2004,existing_stock_benchmark,source,normalized
construction-d76fcd723f3d7e0b69a734d0,MidriseApartment construction package,MidriseApartment,DOE Ref Pre-1980,existing_stock_benchmark,source,normalized
construction-d777dd6f8d3c4fc08e43a92b,Typical IEAD Roof,,DOE Ref Pre-1980,existing_stock_benchmark,source,normalized
construction-d78b9acd3ddd404aea7719a5,Typical Insulated Metal Building Roof,,DOE Ref 1980-2004,existing_stock_benchmark,source,normalized
construction-d799f21881e5cea8694c6fd2,Typical Insulated Wood Framed Exterior Wall,,DOE Ref Pre-1980,existing_stock_benchmark,source,normalized
construction-d79eae71c688507dbb33ab54,Typical Insulated Wood Framed Exterior Floor,,90.1-2013,code_prototype_rules,source,normalized
construction-d7a9b97965f5691f4b50c963,Typical Wood Joist Attic Floor,,DOE Ref 1980-2004,existing_stock_benchmark,source,normalized
construction-d7ad7347b4f6a1ca42558856,Typical Insulated Exterior Mass Floor,,DOE Ref 1980-2004,existing_stock_benchmark,source,normalized
construction-d7b51e53c9d42a9b83da656e,Typical Insulated Exterior Mass Floor,,DOE Ref 1980-2004,existing_stock_benchmark,source,normalized
construction-d7e10279ce04fb8d551b19b1,Typical Insulated Carpeted 6in Slab Floor,,DOE Ref Pre-1980,existing_stock_benchmark,source,normalized
construction-d80c1c895db6913bdbfe4742,Typical Insulated Wood Framed Exterior Floor,,DOE Ref Pre-1980,existing_stock_benchmark,source,normalized
construction-d82af1f4e1a05c8cf921d45b,LargeHotel construction package,LargeHotel,90.1-2019,code_prototype_rules,source,normalized
construction-d8650d863d05a2284981ef2e,SmallOffice construction package,SmallOffice,90.1-2007,code_prototype_rules,source,normalized
construction-d872c205fdddfa1cd66ae74c,Typical IEAD Roof,,DOE Ref Pre-1980,existing_stock_benchmark,source,normalized
construction-d8755f1963ef3d53a8fd578d,Adiabatic GroundContactFloor,,90.1-2019,code_prototype_rules,source,normalized
construction-d879fbd2ad3fa0769fb54f3d,Typical Interior Floor,RetailStandalone,DOE Ref 1980-2004,existing_stock_benchmark,source,normalized
construction-d88752909d646e2f582c0297,Typical Insulated Basement Mass Wall,,DOE Ref Pre-1980,existing_stock_benchmark,source,normalized
construction-d88919784bf1ec4ff4daaf44,U 0.62 SHGC 0.41 Simple Glazing,,DOE Ref Pre-1980,existing_stock_benchmark,source,normalized
construction-d88ca79c6ce703b324c8ed51,Typical Insulated Steel Framed Exterior Floor,,DOE Ref 1980-2004,existing_stock_benchmark,source,normalized
construction-d8a0e6c4a45ecc986cd97905,Typical Insulated Steel Framed Exterior Floor,,DOE Ref Pre-1980,existing_stock_benchmark,source,normalized
construction-d8bc174abcc692a3ee88c1b6,U 0.57 SHGC 0.49 Dbl Blue 6mm/6mm Air,,DOE Ref 1980-2004,existing_stock_benchmark,source,normalized
construction-d8c8681350ea5139a693577c,Typical Insulated Exterior Mass Wall,,DOE Ref 1980-2004,existing_stock_benchmark,source,normalized
construction-d8d0a2c4d7a6fbf1df510f15,Typical IEAD Roof,,DOE Ref 1980-2004,existing_stock_benchmark,source,normalized
construction-d8d5e37720b536c2be9a3457,Typical Insulated Wood Framed Exterior Wall,,90.1-2007,code_prototype_rules,source,normalized
construction-d8d7c1835cfa05310d057744,RetailStripmall construction package,RetailStripmall,DOE Ref 1980-2004,existing_stock_benchmark,source,normalized
construction-d8e27f928be23511fad69ef9,Typical Insulated Exterior Mass Wall,,90.1-2007,code_prototype_rules,source,normalized
construction-d8f21afdbb0bfabe93649bff,Typical IEAD Roof,,90.1-2019,code_prototype_rules,source,normalized
construction-d8fdfcb593d6e383d2558e6a,Typical Insulated Exterior Mass Floor,,DOE Ref 1980-2004,existing_stock_benchmark,source,normalized
construction-d9041825b7bfff64f6ed5ee6,Typical Interior Floor,SuperMarket,DOE Ref 1980-2004,existing_stock_benchmark,source,normalized
construction-d9109dcacd186f8ae190e9f4,Typical Insulated Wood Framed Exterior Floor,,DOE Ref Pre-1980,existing_stock_benchmark,source,normalized
construction-d9145376f80e921af03fa4ea,Typical Insulated Exterior Mass Floor,,90.1-2007,code_prototype_rules,source,normalized
construction-d919fbe7a9e6a1c96af41789,U 0.42 SHGC 0.4 Simple Glazing,,90.1-2013,code_prototype_rules,source,normalized
construction-d91da0b38acce770c7d4f7a0,Typical Insulated Carpeted 6in Slab Floor,,90.1-2007,code_prototype_rules,source,normalized
construction-d925ad04f03e1cd103a24c34,Typical Interior Ceiling,SuperTallBuilding,90.1-2019,code_prototype_rules,source,normalized
construction-d9354d8fa3a3285731ba7b4e,MidriseApartment construction package,MidriseApartment,90.1-2013,code_prototype_rules,source,normalized
construction-d94efedb5ba7f8da3d62ca25,U 0.6 SHGC 0.45 Simple Glazing,,90.1-2007,code_prototype_rules,source,normalized
construction-d9539412cbf9e3e6f2dce51b,Typical Insulated Metal Building Roof,,90.1-2007,code_prototype_rules,source,normalized
construction-d960b12b73f5b24346bcdab5,Typical Insulated Wood Framed Exterior Floor,,DOE Ref Pre-1980,existing_stock_benchmark,source,normalized
construction-d968cf2c719aa3107dd754d5,Typical Insulated Steel Framed Exterior Floor,,DOE Ref 1980-2004,existing_stock_benchmark,source,normalized
construction-d96f3a387d8940413ed39a05,Typical Insulated Exterior Mass Wall,,DOE Ref 1980-2004,existing_stock_benchmark,source,normalized
construction-d9732ee7b69358a180b23ace,Typical Interior Wall,SmallHotel,DOE Ref Pre-1980,existing_stock_benchmark,source,normalized
construction-d978b683be46ad17352323ba,Typical Interior Wall,Hospital,DOE Ref 1980-2004,existing_stock_benchmark,source,normalized
construction-d98d29c840d1ecd6348fff5e,U 0.62 SHGC 0.41 Simple Glazing,,DOE Ref Pre-1980,existing_stock_benchmark,source,normalized
construction-d99a936a5aef9fc2ad72129d,Typical IEAD Roof,,DOE Ref 1980-2004,existing_stock_benchmark,source,normalized
construction-d99e4f968c79518213411372,Typical Insulated Wood Framed Exterior Wall,,DOE Ref 1980-2004,existing_stock_benchmark,source,normalized
construction-d9cc1432a496bf2dd09e0d9b,Typical Interior Ceiling,MidriseApartment,DOE Ref Pre-1980,existing_stock_benchmark,source,normalized
construction-d9d8a8ad20c6bdd1735b52c2,Typical Insulated Carpeted 6in Slab Floor,,DOE Ref 1980-2004,existing_stock_benchmark,source,normalized
construction-d9dd4657be29b72098d16cbf,Typical Insulated Wood Framed Exterior Wall,,90.1-2007,code_prototype_rules,source,normalized
construction-d9e4f20db2d5ba459899c18d,Typical Interior Ceiling,MediumOffice,DOE Ref 1980-2004,existing_stock_benchmark,source,normalized
construction-da08061d61c7ea8c3981900e,Typical Wood Joist Attic Floor,,90.1-2019,code_prototype_rules,source,normalized
construction-da1c83960602271a8ad75f04,RetailStandalone construction package,RetailStandalone,90.1-2019,code_prototype_rules,source,normalized
construction-da2b7fc8b8abd16710dd1318,Typical Insulated Carpeted 6in Slab Floor,,90.1-2019,code_prototype_rules,source,normalized
construction-da36a46f9fbb871d9681afd8,Adiabatic ExteriorFloor,,90.1-2019,code_prototype_rules,source,normalized
construction-da487d4c27812ba7938a505e,Typical Insulated Wood Framed Exterior Floor,,90.1-2013,code_prototype_rules,source,normalized
construction-da4b8f3198a232bdabdbae9c,U 1.2 SHGC 0.45 Simple Glazing,,90.1-2007,code_prototype_rules,source,normalized
construction-da7456a805d4e16c8ba7726a,int_wall_smallhotel,SmallHotel,90.1-2013,code_prototype_rules,source,normalized
construction-da7c70651f4841a768ec8514,Typical IEAD Roof - Highly Reflective,,90.1-2007,code_prototype_rules,source,normalized
construction-da7dee399c7196365e9e767c,U 0.55 SHGC 0.4 Simple Glazing,,90.1-2007,code_prototype_rules,source,normalized
construction-da918bf5de2596d6af314ce7,Typical Insulated Steel Framed Exterior Wall,,DOE Ref Pre-1980,existing_stock_benchmark,source,normalized
construction-daa7299a3fa7662b0fad2e9f,Typical Insulated Carpeted 6in Slab Floor,,DOE Ref Pre-1980,existing_stock_benchmark,source,normalized
construction-dad2fa4791cae2658b0a4903,Typical Insulated Exterior Mass Wall,,DOE Ref Pre-1980,existing_stock_benchmark,source,normalized
construction-dae2c23327d4392e5235bada,Typical Insulated Carpeted 6in Slab Floor,,DOE Ref 1980-2004,existing_stock_benchmark,source,normalized
construction-db41af24a5cda2a8c8137fb5,Typical Insulated Carpeted 6in Slab Floor,,DOE Ref Pre-1980,existing_stock_benchmark,source,normalized
construction-db4adbd544c8d2f9f0578e02,Typical Insulated Carpeted 6in Slab Floor,,DOE Ref 1980-2004,existing_stock_benchmark,source,normalized
construction-db4d0ece1e23e6b4864a5fe9,Adiabatic Wall,,90.1-2007,code_prototype_rules,source,normalized
construction-db4e9bfb478a629b6f6d5430,Typical Insulated Exterior Mass Floor,,90.1-2007,code_prototype_rules,source,normalized
construction-db595a9eadf56e7d22988fe8,Typical Insulated Exterior Mass Wall,,90.1-2019,code_prototype_rules,source,normalized
construction-db70071232306c14821a3ed4,Typical Insulated Metal Building Wall,,DOE Ref 1980-2004,existing_stock_benchmark,source,normalized
construction-db79d61559c13fbc354d51ee,Typical Insulated Basement Mass Wall,,DOE Ref 1980-2004,existing_stock_benchmark,source,normalized
construction-db9fb6533f8d36872a3c7410,Typical Insulated Carpeted 6in Slab Floor,,DOE Ref 1980-2004,existing_stock_benchmark,source,normalized
construction-dbbd7f70fc27a917cfa446d9,Typical Interior Floor,HighriseApartment,90.1-2007,code_prototype_rules,source,normalized
construction-dbc8ff3464c599d5a69561c9,Typical Insulated Carpeted 6in Slab Floor,,DOE Ref 1980-2004,existing_stock_benchmark,source,normalized
construction-dbcb1e7cefc1c2aecc9c0f69,Typical Interior Ceiling,Warehouse,DOE Ref Pre-1980,existing_stock_benchmark,source,normalized
construction-dbd5137837bc9d60b2066b45,Typical Insulated Wood Framed Exterior Wall,,90.1-2013,code_prototype_rules,source,normalized
construction-dbe2284d856f057eadcff14d,Typical Insulated Carpeted 6in Slab Floor,,90.1-2013,code_prototype_rules,source,normalized
construction-dbe63cb86b364c9afec08bb3,Typical Insulated Exterior Mass Floor,,90.1-2013,code_prototype_rules,source,normalized
construction-dbf37f67c0dc207e5ec9edfa,U 1.22 SHGC 0.25 Sgl Elec Ref Colored 6mm,,DOE Ref Pre-1980,existing_stock_benchmark,source,normalized
construction-dc0ebb9908dde294557a339f,Typical Insulated Carpeted 6in Slab Floor,,DOE Ref Pre-1980,existing_stock_benchmark,source,normalized
construction-dc0ed4a81b6094b3d084841a,U 1.22 SHGC 0.25 Sgl Elec Ref Colored 6mm,,DOE Ref Pre-1980,existing_stock_benchmark,source,normalized
construction-dc19874b088de19d98e1d82f,Typical IEAD Roof,,DOE Ref Pre-1980,existing_stock_benchmark,source,normalized
construction-dc3615901f8116ec3cac00cd,Typical Insulated Basement Mass Wall,,90.1-2007,code_prototype_rules,source,normalized
construction-dc3b18c4d39f98f7edf95abe,Typical Insulated Exterior Mass Floor,,DOE Ref 1980-2004,existing_stock_benchmark,source,normalized
construction-dc668015da4c7dbb6b7e3b47,Typical Insulated Metal Building Roof,,90.1-2013,code_prototype_rules,source,normalized
construction-dc98c2c1b4db4c02ce38935c,Typical Insulated Basement Mass Wall,,90.1-2013,code_prototype_rules,source,normalized
construction-dca120d0f6a259d38f79c9b9,Typical Insulated Steel Framed Exterior Floor,,DOE Ref Pre-1980,existing_stock_benchmark,source,normalized
construction-dca5b6b4ae6b0a799aed71a6,Typical Insulated Metal Building Wall,,DOE Ref 1980-2004,existing_stock_benchmark,source,normalized
construction-dca7b8a1fc0337fbb25c7408,Typical Interior Wall,RetailStandalone,DOE Ref 1980-2004,existing_stock_benchmark,source,normalized
construction-dca960b42b57687f6ac069f4,Typical Insulated Metal Building Roof,,DOE Ref Pre-1980,existing_stock_benchmark,source,normalized
construction-dcad365870275693ca2b0437,Typical Insulated Wood Framed Exterior Wall,,90.1-2019,code_prototype_rules,source,normalized
construction-dcb8c1c06b12284e20c33763,Typical Insulated Carpeted 6in Slab Floor,,DOE Ref Pre-1980,existing_stock_benchmark,source,normalized
construction-dcba14151ef93426ce9becb6,Typical Insulated Exterior Mass Floor,,90.1-2013,code_prototype_rules,source,normalized
construction-dccde3dfe98524941d09bb1f,Typical Interior Floor,RetailStandalone,90.1-2007,code_prototype_rules,source,normalized
construction-dcd286e51f26f0616e59616b,Typical Insulated Wood Framed Exterior Wall,,DOE Ref Pre-1980,existing_stock_benchmark,source,normalized
construction-dce1c11e98544749f67ffce4,U 1.22 SHGC 0.25 Sgl Elec Ref Colored 6mm,,DOE Ref 1980-2004,existing_stock_benchmark,source,normalized
construction-dce1c8e4a59684c5917431a4,Adiabatic ExteriorFloor,,DOE Ref 1980-2004,existing_stock_benchmark,source,normalized
construction-dceb5099a971b61eba5945fc,Typical Insulated Metal Building Roof,,90.1-2013,code_prototype_rules,source,normalized
construction-dcf2317bb51d7c7b221cb6ad,Typical IEAD Roof,,DOE Ref Pre-1980,existing_stock_benchmark,source,normalized
construction-dcfa7725e9fa0cd93e48974e,Typical Insulated Exterior Mass Wall,,DOE Ref 1980-2004,existing_stock_benchmark,source,normalized
construction-dd0f0e0c8ab5b97543fe8b6f,Adiabatic Roof,,90.1-2019,code_prototype_rules,source,normalized
construction-dd17a057c5933176ae40f210,Typical Interior Wall,MidriseApartment,90.1-2007,code_prototype_rules,source,normalized
construction-dd1a8b9ef9fff6b38c6bdb5f,U 1.22 SHGC 0.25 Sgl Elec Ref Colored 6mm,,DOE Ref 1980-2004,existing_stock_benchmark,source,normalized
construction-dd258d994cc756fc0bca46b8,Typical Insulated Wood Framed Exterior Floor,,DOE Ref 1980-2004,existing_stock_benchmark,source,normalized
construction-dd2a52a0d9cc678eeedbb153,Typical Interior Ceiling,Warehouse,90.1-2013,code_prototype_rules,source,normalized
construction-dd4a25e145e60913ffee3928,Typical Wood Joist Attic Floor,,DOE Ref Pre-1980,existing_stock_benchmark,source,normalized
construction-dd4dfb96207852c9919be416,Typical Insulated Metal Building Roof,,DOE Ref Pre-1980,existing_stock_benchmark,source,normalized
construction-dd57acc5b6e52ddf5a15ea11,Typical Insulated Metal Building Wall,,DOE Ref 1980-2004,existing_stock_benchmark,source,normalized
construction-dd651285d7c736dc533fb54c,Typical Insulated Exterior Mass Floor,,DOE Ref 1980-2004,existing_stock_benchmark,source,normalized
construction-dd705e09d98816dbc8efb389,Typical Interior Wall,Warehouse,90.1-2019,code_prototype_rules,source,normalized
construction-dda732880c7eca56143a94ca,Typical Insulated Basement Mass Wall,,DOE Ref 1980-2004,existing_stock_benchmark,source,normalized
construction-dde21d913eafcf95957ea078,Typical Wood Joist Attic Floor,,DOE Ref Pre-1980,existing_stock_benchmark,source,normalized
construction-dde2e28cb2bfe73df1e53aaf,Typical Insulated Exterior Mass Wall,,90.1-2013,code_prototype_rules,source,normalized
construction-dde867ebd49fadc3ad39d32d,Typical Interior Floor,Warehouse,90.1-2013,code_prototype_rules,source,normalized
construction-ddf2a0502c7c29a20319fc62,Any construction package,Any,90.1-2007,code_prototype_rules,source,normalized
construction-de000e1ab3cd8fd3e5a4cf04,U 1.2 SHGC 0.45 Simple Glazing,,90.1-2013,code_prototype_rules,source,normalized
construction-de1701562fc8c225c81cc8bd,Typical Insulated Basement Mass Wall,,DOE Ref 1980-2004,existing_stock_benchmark,source,normalized
construction-de2321fed6a93347a0017f70,Warehouse construction package,Warehouse,90.1-2013,code_prototype_rules,source,normalized
construction-de240f92a373dc803c35338c,Typical Insulated Wood Framed Exterior Wall,,90.1-2013,code_prototype_rules,source,normalized
construction-de2673c3805432fe0b61cf90,Adiabatic Wall,,90.1-2019,code_prototype_rules,source,normalized
construction-de3b4dd21e50c80aba2e7c2c,Typical Interior Ceiling,Warehouse,DOE Ref 1980-2004,existing_stock_benchmark,source,normalized
construction-de4134df2bfa9c9835aad7c1,Plenum Acoustical Tile,Any,90.1-2007,code_prototype_rules,source,normalized
construction-de4c5b93430bed6fbfd3e5ac,Typical Insulated Metal Building Wall,,90.1-2019,code_prototype_rules,source,normalized
construction-de5f63411236c59c3f17a268,Typical Insulated Steel Framed Exterior Floor,,90.1-2013,code_prototype_rules,source,normalized
construction-de7245b5ed442447d68e35ca,U 0.32 SHGC 0.45 Simple Glazing,,90.1-2013,code_prototype_rules,source,normalized
construction-de79c976ec3a40f81bc0cd53,U 1.2 SHGC 0.25 Simple Glazing,,90.1-2007,code_prototype_rules,source,normalized
construction-de90c1edee25b047a70c836e,Typical Insulated Exterior Mass Floor,,90.1-2007,code_prototype_rules,source,normalized
construction-de9d1febfc69be7e989d3f66,U 1.22 SHGC 0.25 Sgl Elec Ref Colored 6mm,,DOE Ref 1980-2004,existing_stock_benchmark,source,normalized
construction-dea90176b40570077ef81658,Typical Interior Ceiling,SmallOffice,90.1-2019,code_prototype_rules,source,normalized
construction-deaae681ac080ab2dfae79bd,U 0.5 SHGC 0.4 Simple Glazing,,90.1-2013,code_prototype_rules,source,normalized
construction-deab0793e2814de50b3e7f4b,Typical Insulated Carpeted 8in Slab Floor,,90.1-2013,code_prototype_rules,source,normalized
construction-deb272083d71a3fe080d8653,Typical Insulated Steel Framed Exterior Floor,,DOE Ref Pre-1980,existing_stock_benchmark,source,normalized
construction-dec3f9a6ed5122e56a233fb4,Typical Insulated Steel Framed Exterior Floor,,DOE Ref Pre-1980,existing_stock_benchmark,source,normalized
construction-dedf58c26f0eb64b992cf4a2,Typical Insulated Exterior Mass Wall,,DOE Ref Pre-1980,existing_stock_benchmark,source,normalized
construction-dee2616e73fd537ccefd32b4,Typical Insulated Wood Framed Exterior Floor,,90.1-2013,code_prototype_rules,source,normalized
construction-dee77135cc76c0c301187c22,Typical Interior Floor,SmallOffice,DOE Ref Pre-1980,existing_stock_benchmark,source,normalized
construction-df0818b99c16620c496f5831,Typical Insulated Exterior Mass Floor,,DOE Ref Pre-1980,existing_stock_benchmark,source,normalized
construction-df0d1e652594677b726b3376,Typical Insulated Wood Framed Exterior Wall,,90.1-2019,code_prototype_rules,source,normalized
construction-df1224fba28f1871988e136a,Typical IEAD Roof,,DOE Ref Pre-1980,existing_stock_benchmark,source,normalized
construction-df2cdf4b3cb286708a42f8e7,Typical Insulated Steel Framed Exterior Wall,,DOE Ref 1980-2004,existing_stock_benchmark,source,normalized
construction-df2ddf78af56b16de22b00b5,Typical Insulated Metal Building Roof,,DOE Ref 1980-2004,existing_stock_benchmark,source,normalized
construction-df30682de4b48e286a655871,Typical Insulated Exterior Mass Wall,,DOE Ref 1980-2004,existing_stock_benchmark,source,normalized
construction-df324b05f9f3384a4a308641,Typical Insulated Steel Framed Exterior Wall,,90.1-2019,code_prototype_rules,source,normalized
construction-df362211901bb1e011bc703c,U 1.22 SHGC 0.25 Sgl Elec Ref Colored 6mm,,DOE Ref 1980-2004,existing_stock_benchmark,source,normalized
construction-df6c11b56b80b0e24e15292a,Typical Insulated Metal Building Roof,,DOE Ref Pre-1980,existing_stock_benchmark,source,normalized
construction-df73a9d317fff9504d101ed1,Typical Insulated Steel Framed Exterior Wall,,90.1-2019,code_prototype_rules,source,normalized
construction-df77302baf7db6bc219bf015,Typical IEAD Roof,,90.1-2013,code_prototype_rules,source,normalized
construction-df8134eb8a927a4fc5510d43,Typical Insulated Steel Framed Exterior Wall,,DOE Ref 1980-2004,existing_stock_benchmark,source,normalized
construction-df884c1e0d57761bd9976783,Typical Interior Wall,Warehouse,DOE Ref 1980-2004,existing_stock_benchmark,source,normalized
construction-dfa2c037e5474dfb85ca2027,Typical IEAD Roof,,90.1-2007,code_prototype_rules,source,normalized
construction-dffc7c791d5bd1625db06089,Typical Interior Wall,Hospital,DOE Ref 1980-2004,existing_stock_benchmark,source,normalized
construction-e0198e3dfb245716fa91cb74,Typical Insulated Basement Mass Wall,,90.1-2007,code_prototype_rules,source,normalized
construction-e020421c9443eaa82311ef80,SmallHotel construction package,SmallHotel,90.1-2007,code_prototype_rules,source,normalized
construction-e06cf5ac8166f8af56dd5eb4,Typical IEAD Roof,,DOE Ref Pre-1980,existing_stock_benchmark,source,normalized
construction-e0823ae5a66a1160cdfe3787,U 0.35 SHGC 0.4 Simple Glazing,,90.1-2007,code_prototype_rules,source,normalized
construction-e08736e3d8d623790d90d67a,Typical Insulated Metal Building Wall,,DOE Ref Pre-1980,existing_stock_benchmark,source,normalized
construction-e0993499165be6c7b5bf9efa,Dwelling enclosure / source_building_494980,MultiFamily5PlusLowRise,ResStock SDR source fixture,existing_stock_source_fixture,source,normalized
construction-e09a87cd00aceefc00290224,Typical Insulated Metal Building Wall,,DOE Ref 1980-2004,existing_stock_benchmark,source,normalized
construction-e09c30222212f20d0333c5b0,U 1.22 SHGC 0.25 Sgl Elec Ref Colored 6mm,,DOE Ref Pre-1980,existing_stock_benchmark,source,normalized
construction-e0a05b19c46395d21bd386f9,Typical Insulated Metal Building Roof,,90.1-2019,code_prototype_rules,source,normalized
construction-e0a57f5c1232a64c2e737b10,Typical Insulated Exterior Mass Floor,,90.1-2019,code_prototype_rules,source,normalized
construction-e0c4bbfd47ada868c57204dc,Typical Insulated Metal Building Wall,,DOE Ref 1980-2004,existing_stock_benchmark,source,normalized
construction-e0d2526e6a37efd241f65da7,FullServiceRestaurant construction package,FullServiceRestaurant,DOE Ref 1980-2004,existing_stock_benchmark,source,normalized
construction-e0d72377d6e1387e4d00d48e,Typical Insulated Basement Mass Wall,,DOE Ref 1980-2004,existing_stock_benchmark,source,normalized
construction-e0dfcee22e1116f11d798366,Typical Insulated Carpeted 6in Slab Floor,,DOE Ref Pre-1980,existing_stock_benchmark,source,normalized
construction-e0e562b95ac54b86c2523e7f,Typical Insulated Metal Building Wall,,90.1-2019,code_prototype_rules,source,normalized
construction-e0eb8b4fb756c20d3799b76f,Typical Insulated Wood Framed Exterior Wall,,90.1-2013,code_prototype_rules,source,normalized
construction-e0f33457ae9df27372606b4f,U 1.22 SHGC 0.25 Sgl Elec Ref Colored 6mm,,DOE Ref 1980-2004,existing_stock_benchmark,source,normalized
construction-e0f491c469404cb67c147ea2,Typical Insulated Wood Framed Exterior Floor,,DOE Ref 1980-2004,existing_stock_benchmark,source,normalized
construction-e101001c9aa60181c3e04a4e,Typical Insulated Steel Framed Exterior Wall,,90.1-2013,code_prototype_rules,source,normalized
construction-e14a058abea8f1843b6930ef,Typical Interior Ceiling,MediumOffice,90.1-2019,code_prototype_rules,source,normalized
construction-e14b159fbf1f2235c3d2259b,Hospital construction package,Hospital,90.1-2013,code_prototype_rules,source,normalized
construction-e14d493dcc5dfb670a9bd42f,Typical Interior Ceiling,Warehouse,90.1-2013,code_prototype_rules,source,normalized
construction-e15ae9a5d1a5e7b9d5f0d8f4,Typical IEAD Roof,,90.1-2019,code_prototype_rules,source,normalized
construction-e1689e841e772a15efbec619,Typical Insulated Metal Building Roof,,DOE Ref Pre-1980,existing_stock_benchmark,source,normalized
construction-e175621a2061274827ef6ce7,Adiabatic ExteriorFloor,,DOE Ref 1980-2004,existing_stock_benchmark,source,normalized
construction-e17c56174b38c4486beef2a4,U 1.2 SHGC 0.45 Simple Glazing,,90.1-2007,code_prototype_rules,source,normalized
construction-e180edfda6a8116af43659a4,Typical Interior Wall,MediumOfficeDetailed,90.1-2013,code_prototype_rules,source,normalized
construction-e189b3ba38498375492ff1aa,Typical Insulated Metal Building Wall,,90.1-2007,code_prototype_rules,source,normalized
construction-e1a710f2dedc7cf2ccb46bd7,Typical Insulated Wood Framed Exterior Wall,,DOE Ref 1980-2004,existing_stock_benchmark,source,normalized
construction-e1b6407154c2efa0b966e6be,Typical Insulated Steel Framed Exterior Wall,,90.1-2013,code_prototype_rules,source,normalized
construction-e1cdc04217393c40a7b2db04,Adiabatic Wall,,90.1-2019,code_prototype_rules,source,normalized
construction-e1ed3a09c167e50c6ec435f0,Typical Insulated Exterior Mass Wall,,90.1-2007,code_prototype_rules,source,normalized
construction-e201e0319b6500c828d503c1,Typical Wood Joist Attic Floor,,DOE Ref Pre-1980,existing_stock_benchmark,source,normalized
construction-e2083a9ab6ac7eaae248f22c,Typical Insulated Wood Framed Exterior Wall,,90.1-2013,code_prototype_rules,source,normalized
construction-e221ad35b171dae5510ca417,Typical Interior Wall,Warehouse,90.1-2013,code_prototype_rules,source,normalized
construction-e246ed52d97c135b025e1706,Typical IEAD Roof,,90.1-2007,code_prototype_rules,source,normalized
construction-e2515d58d618da130a068db8,Typical Insulated Exterior Mass Floor,,DOE Ref Pre-1980,existing_stock_benchmark,source,normalized
construction-e2520bb5136a015841ee4fbe,U 0.57 SHGC 0.39 Dbl Ref-D Clr 6mm/6mm Air,,DOE Ref 1980-2004,existing_stock_benchmark,source,normalized
construction-e258ac61d62eaee895fa8f83,U 1.22 SHGC 0.25 Sgl Elec Ref Colored 6mm,,DOE Ref 1980-2004,existing_stock_benchmark,source,normalized
construction-e28161c7a884b60a744fb422,Dwelling enclosure / source_building_449307,MidriseApartment,ResStock SDR source fixture,existing_stock_source_fixture,source,normalized
construction-e283eb260d6b4edbba195459,Typical Insulated Metal Building Roof,,DOE Ref Pre-1980,existing_stock_benchmark,source,normalized
construction-e28a9ab3a092bc0fb721ca88,Typical Insulated Exterior Mass Floor,,DOE Ref 1980-2004,existing_stock_benchmark,source,normalized
construction-e28ed5109b1d993b9a051114,Typical IEAD Roof,,90.1-2007,code_prototype_rules,source,normalized
construction-e297a2667c173c50fca150ba,U 0.5 SHGC 0.23 Simple Glazing,,90.1-2019,code_prototype_rules,source,normalized
construction-e2a101ce4ba24e327bc208f3,Typical Insulated Wood Framed Exterior Wall,,DOE Ref Pre-1980,existing_stock_benchmark,source,normalized
construction-e2c94219bc2040eb80beab37,Typical Interior Ceiling,LargeHotel,DOE Ref 1980-2004,existing_stock_benchmark,source,normalized
construction-e2c9ace7f0ae3e6b11e79c4b,Typical Insulated Metal Building Roof,,90.1-2007,code_prototype_rules,source,normalized
construction-e2d552f9c0dd22de71f8b612,Typical Insulated Exterior Mass Floor,,DOE Ref 1980-2004,existing_stock_benchmark,source,normalized
construction-e30f6bf654dea20583a17d48,Adiabatic Roof,,DOE Ref 1980-2004,existing_stock_benchmark,source,normalized
construction-e33457575f25f3e459923185,Typical Insulated Metal Building Wall,,DOE Ref Pre-1980,existing_stock_benchmark,source,normalized
construction-e33a03837b8e29b356c22dbc,Typical Insulated Wood Framed Exterior Wall,,90.1-2019,code_prototype_rules,source,normalized
construction-e34bfd8c34e76a9bdfe6461c,Typical Insulated Basement Mass Wall,,90.1-2019,code_prototype_rules,source,normalized
construction-e34e4036ff8479ad4833675a,U 0.5 SHGC 0.25 Simple Glazing,,90.1-2013,code_prototype_rules,source,normalized
construction-e35def97ad7cc0ce9c686d29,Typical Insulated Steel Framed Exterior Floor,,90.1-2007,code_prototype_rules,source,normalized
construction-e36ed5f65652362434c6d2e8,Typical Interior Ceiling,LargeOffice,90.1-2013,code_prototype_rules,source,normalized
construction-e3a6f20fbfb897146c7b1694,Typical Insulated Carpeted 6in Slab Floor,,DOE Ref Pre-1980,existing_stock_benchmark,source,normalized
construction-e3baa9fc7b995d6bf423c2d9,Typical Wood Joist Attic Floor,,90.1-2019,code_prototype_rules,source,normalized
construction-e3cf024041757e9eef711be9,Typical Wood Joist Attic Floor,,90.1-2013,code_prototype_rules,source,normalized
construction-e3fc76aa46a5a835a5b49a2a,U 0.38 SHGC 0.45 Simple Glazing,,90.1-2013,code_prototype_rules,source,normalized
construction-e415d471866bf677b6e7e5a1,Typical Insulated Metal Building Roof,,90.1-2013,code_prototype_rules,source,normalized
construction-e438f96f57f57a711b22f635,Typical Interior Floor,RetailStripmall,90.1-2013,code_prototype_rules,source,normalized
construction-e43d4987407ce9911a18892e,Typical Insulated Steel Framed Exterior Wall,,DOE Ref Pre-1980,existing_stock_benchmark,source,normalized
construction-e4437f921c232859046cd280,Typical Insulated Carpeted 6in Slab Floor,,DOE Ref Pre-1980,existing_stock_benchmark,source,normalized
construction-e44a3a341f7c28ee1051fa37,Typical Insulated Wood Framed Exterior Floor,,90.1-2013,code_prototype_rules,source,normalized
construction-e44ee9043f1da239ce653f17,Typical Interior Ceiling,LargeOfficeDetailed,DOE Ref Pre-1980,existing_stock_benchmark,source,normalized
construction-e450046d1a7ccc24e4a7efa2,Typical Insulated Steel Framed Exterior Floor,,DOE Ref 1980-2004,existing_stock_benchmark,source,normalized
construction-e451e4e10cad33213b6cc0c2,MediumOfficeDetailed construction package,MediumOfficeDetailed,90.1-2019,code_prototype_rules,source,normalized
construction-e464bbbb9699f84ad4addb5e,Typical Insulated Basement Mass Wall,,DOE Ref 1980-2004,existing_stock_benchmark,source,normalized
construction-e468df6035b648db875d0743,U 1.22 SHGC 0.25 Sgl Elec Ref Colored 6mm,,DOE Ref Pre-1980,existing_stock_benchmark,source,normalized
construction-e471876edaf8e861e70ffb0c,U 0.57 SHGC 0.39 Dbl Ref-D Clr 6mm/6mm Air,,DOE Ref 1980-2004,existing_stock_benchmark,source,normalized
construction-e48039650c820a0bdeb2c373,Warehouse construction package,Warehouse,DOE Ref 1980-2004,existing_stock_benchmark,source,normalized
construction-e4843497ea9ad8990b26195b,Typical Wood Joist Attic Floor,,90.1-2013,code_prototype_rules,source,normalized
construction-e48d9169ef01ef568958394c,Typical Insulated Metal Building Roof,,90.1-2007,code_prototype_rules,source,normalized
construction-e48d926e457a4215bfcec1e5,U 0.57 SHGC 0.39 Dbl Ref-D Clr 6mm/6mm Air,,DOE Ref 1980-2004,existing_stock_benchmark,source,normalized
construction-e48ed92a61ee5234f52886f7,Typical Insulated Wood Framed Exterior Floor,,90.1-2007,code_prototype_rules,source,normalized
construction-e4991bbc17750b8400ea7173,Typical Insulated Carpeted 6in Slab Floor,,90.1-2019,code_prototype_rules,source,normalized
construction-e4a6c695123579735b70d31f,Typical Insulated Steel Framed Exterior Wall,,90.1-2019,code_prototype_rules,source,normalized
construction-e4b12ee41e118b5849869e40,U 0.45 SHGC 0.45 Simple Glazing,,90.1-2007,code_prototype_rules,source,normalized
construction-e4b696b79e1dc57153c2e0b3,U 1.22 SHGC 0.25 Sgl Elec Ref Colored 6mm,,DOE Ref 1980-2004,existing_stock_benchmark,source,normalized
construction-e4d21c0d7aa45beb9bbb1894,Typical Insulated Carpeted 6in Slab Floor,,90.1-2019,code_prototype_rules,source,normalized
construction-e4da257f12964b1ba508df45,Typical Insulated Carpeted 6in Slab Floor,,DOE Ref 1980-2004,existing_stock_benchmark,source,normalized
construction-e4fdeca20e36dcbe102897b3,Typical Interior Floor,Warehouse,90.1-2019,code_prototype_rules,source,normalized
construction-e51d1b1e45b77ee5a732e350,Typical Insulated Metal Building Roof,,DOE Ref 1980-2004,existing_stock_benchmark,source,normalized
construction-e52bb4bb56e5e73a5987854b,Typical Interior Floor,Outpatient,90.1-2007,code_prototype_rules,source,normalized
construction-e5414e78f6e78923b309c8b4,Typical Insulated Carpeted 6in Slab Floor,,90.1-2007,code_prototype_rules,source,normalized
construction-e552a5a29e3d692f8478379b,Adiabatic Roof,,DOE Ref Pre-1980,existing_stock_benchmark,source,normalized
construction-e565f366b726b8714ba3c2ae,Typical Interior Wall,LargeDataCenterHighITE,90.1-2013,code_prototype_rules,source,normalized
construction-e5e112818e62af9f5d6de937,U 0.57 SHGC 0.39 Dbl Ref-D Clr 6mm/6mm Air,,DOE Ref Pre-1980,existing_stock_benchmark,source,normalized
construction-e5f5ef942755efe9901a0ece,Adiabatic GroundContactFloor,,DOE Ref Pre-1980,existing_stock_benchmark,source,normalized
construction-e5fd5ca13d36af555b394998,Plenum Acoustical Tile,Any,90.1-2013,code_prototype_rules,source,normalized
construction-e607c2b89e370820627a9116,U 1.22 SHGC 0.25 Sgl Elec Ref Colored 6mm,,DOE Ref 1980-2004,existing_stock_benchmark,source,normalized
construction-e63f5917b610015d0a864831,Typical Insulated Steel Framed Exterior Floor,,DOE Ref Pre-1980,existing_stock_benchmark,source,normalized
construction-e648073beeb4c3c11d18b7ed,Typical Insulated Steel Framed Exterior Wall,,DOE Ref 1980-2004,existing_stock_benchmark,source,normalized
construction-e64df3171cfe2b284a235e45,U 1.22 SHGC 0.25 Simple Glazing,,DOE Ref 1980-2004,existing_stock_benchmark,source,normalized
construction-e65a55f9527a6ebf2c5a6a6a,Typical Insulated Basement Mass Wall,,90.1-2007,code_prototype_rules,source,normalized
construction-e680e46699510a934f38a0b4,Typical Insulated Metal Building Roof - Highly Reflective,,90.1-2013,code_prototype_rules,source,normalized
construction-e697e3feaef0caa95f1cf01b,Typical Insulated Exterior Mass Floor,,DOE Ref Pre-1980,existing_stock_benchmark,source,normalized
construction-e6a83dd735ed12910598f3bc,Typical Insulated Steel Framed Exterior Wall,,DOE Ref 1980-2004,existing_stock_benchmark,source,normalized
construction-e6a8bc86e8047a5fb5b4a13c,U 0.57 SHGC 0.49 Dbl Blue 6mm/6mm Air,,DOE Ref Pre-1980,existing_stock_benchmark,source,normalized
construction-e6d804af0cb16ad29a1fa4f9,Typical Insulated Steel Framed Exterior Wall,,90.1-2013,code_prototype_rules,source,normalized
construction-e6d8529c758056a144eaa672,Typical Insulated Metal Building Roof,,DOE Ref 1980-2004,existing_stock_benchmark,source,normalized
construction-e6de28ab0be5dcb8026f77fe,Courthouse construction package,Courthouse,90.1-2019,code_prototype_rules,source,normalized
construction-e6ecc4a970b70796fb8f1b2f,Typical Insulated Exterior Mass Floor,,DOE Ref 1980-2004,existing_stock_benchmark,source,normalized
construction-e6f8a4a6edc3cd700111a90c,Typical Insulated Steel Framed Exterior Wall,,DOE Ref 1980-2004,existing_stock_benchmark,source,normalized
construction-e6fcedf575935480ad334d6d,Typical Interior Wall,Hospital,90.1-2007,code_prototype_rules,source,normalized
construction-e6fe756d550e945d66468012,Typical Insulated Steel Framed Exterior Floor,,DOE Ref Pre-1980,existing_stock_benchmark,source,normalized
construction-e700f4e58382414a09d515ec,Typical Wood Joist Attic Floor,,DOE Ref Pre-1980,existing_stock_benchmark,source,normalized
construction-e71334fd84db1ab575355785,Typical Insulated Carpeted 6in Slab Floor,,DOE Ref 1980-2004,existing_stock_benchmark,source,normalized
construction-e71bf5304caff3cbc485931b,Typical Interior Ceiling,SmallDataCenterLowITE,90.1-2013,code_prototype_rules,source,normalized
construction-e721ef96a9bb031c142f1bff,U 1.1 SHGC 0.25 Simple Glazing,,90.1-2013,code_prototype_rules,source,normalized
construction-e776e2d4e9f1a686cbafb56c,Typical Insulated Steel Framed Exterior Wall,,90.1-2013,code_prototype_rules,source,normalized
construction-e77fd600778163bfa1ee6148,Typical Insulated Wood Framed Exterior Floor,,DOE Ref 1980-2004,existing_stock_benchmark,source,normalized
construction-e78df3cef21be0e9e96610ef,Typical Insulated Steel Framed Exterior Floor,,90.1-2019,code_prototype_rules,source,normalized
construction-e7ab04726dc03357b1fce588,Typical Insulated Steel Framed Exterior Floor,,DOE Ref Pre-1980,existing_stock_benchmark,source,normalized
construction-e7ada92a57878d049222a2dd,Typical Wood Joist Attic Floor,,DOE Ref Pre-1980,existing_stock_benchmark,source,normalized
construction-e7f31d75b54e77a63a02b5eb,int_slab_floor_smallhotel,SmallHotel,90.1-2019,code_prototype_rules,source,normalized
construction-e7f8bb3ea78848c6d9334609,Typical Insulated Carpeted 6in Slab Floor,,DOE Ref Pre-1980,existing_stock_benchmark,source,normalized
construction-e804b4b48b32357e5cf52031,Typical Insulated Steel Framed Exterior Wall,,DOE Ref 1980-2004,existing_stock_benchmark,source,normalized
construction-e806f375b49f87b4c7aaa023,Typical Insulated Exterior Mass Floor,,90.1-2019,code_prototype_rules,source,normalized
construction-e82468ab0502fc429f650435,Typical Interior Floor,LargeOfficeDetailed,90.1-2013,code_prototype_rules,source,normalized
construction-e82d7c4741ca5299c51b13de,Typical Insulated Exterior Mass Floor,,DOE Ref Pre-1980,existing_stock_benchmark,source,normalized
construction-e8383221429302d146aeb43c,LargeHotel Interior Floor,LargeHotel,90.1-2007,code_prototype_rules,source,normalized
construction-e860eddd3dda911312c9cbb0,Typical Insulated Metal Building Roof,,DOE Ref Pre-1980,existing_stock_benchmark,source,normalized
construction-e86ec2176813855efb7f29ef,Typical Insulated Carpeted 6in Slab Floor,,DOE Ref 1980-2004,existing_stock_benchmark,source,normalized
construction-e873435e7122ba5ddf13e667,Typical Insulated Metal Building Wall,,DOE Ref 1980-2004,existing_stock_benchmark,source,normalized
construction-e879c3514322d76b789c15f1,Typical Insulated Carpeted 6in Slab Floor,,DOE Ref 1980-2004,existing_stock_benchmark,source,normalized
construction-e87a1c8cd109f6002e94b957,Typical Insulated Carpeted 6in Slab Floor,,90.1-2007,code_prototype_rules,source,normalized
construction-e87a50f0ec500bf149f35ff1,Typical IEAD Roof,,90.1-2013,code_prototype_rules,source,normalized
construction-e88e4109300d9d3562ad5aac,Typical Insulated Carpeted 6in Slab Floor,,DOE Ref Pre-1980,existing_stock_benchmark,source,normalized
construction-e892a94a07bbaebf3047482a,Typical Insulated Exterior Mass Floor,,DOE Ref Pre-1980,existing_stock_benchmark,source,normalized
construction-e8b74ec498f93ddbc5efdc7d,Typical Insulated Metal Building Roof,,DOE Ref Pre-1980,existing_stock_benchmark,source,normalized
construction-e8b76ddc32aec5a73f5ea5f9,Typical Insulated Steel Framed Exterior Floor,,90.1-2013,code_prototype_rules,source,normalized
construction-e8ba36dc5c15883c434f76fd,U 1.2 SHGC 0.45 Simple Glazing,,90.1-2013,code_prototype_rules,source,normalized
construction-e8d5c55290d6a62d5db240ab,Typical Interior Floor,Warehouse,90.1-2013,code_prototype_rules,source,normalized
construction-e8f853c70ee00799b95834e9,Typical Interior Floor,Warehouse,90.1-2007,code_prototype_rules,source,normalized
construction-e8fdfd902b4d2c763c87e8d7,Adiabatic Wall,,DOE Ref Pre-1980,existing_stock_benchmark,source,normalized
construction-e8fe3569f3aa8440c1797ac9,Laboratory construction package,Laboratory,90.1-2007,code_prototype_rules,source,normalized
construction-e93be469b77854ffe2aa1376,U 0.4 SHGC 0.25 Simple Glazing,,90.1-2013,code_prototype_rules,source,normalized
construction-e9784f6084290e3d490abc5f,Typical Insulated Carpeted 6in Slab Floor,,DOE Ref 1980-2004,existing_stock_benchmark,source,normalized
construction-e97857b8d03adca0c060cfc0,Typical Interior Floor,Outpatient,DOE Ref Pre-1980,existing_stock_benchmark,source,normalized
construction-e9883b2fd21afaa5b9dae4dc,Adiabatic Wall,,DOE Ref 1980-2004,existing_stock_benchmark,source,normalized
construction-e9999acc767c5a20fe57833e,QuickServiceRestaurant construction package,QuickServiceRestaurant,90.1-2007,code_prototype_rules,source,normalized
construction-e9c4c7e85d95d10632a1434a,U 0.57 SHGC 0.39 Dbl Ref-D Clr 6mm/6mm Air,,DOE Ref Pre-1980,existing_stock_benchmark,source,normalized
construction-e9c505545a3b58121eb335f4,U 0.35 SHGC 0.4 Simple Glazing,,90.1-2013,code_prototype_rules,source,normalized
construction-e9dc264538749ba7ebe20d74,Typical Insulated Exterior Mass Wall,,DOE Ref Pre-1980,existing_stock_benchmark,source,normalized
construction-e9dca88a068edcd814510f58,Typical Insulated Exterior Mass Wall,,90.1-2007,code_prototype_rules,source,normalized
construction-e9e1744dfdf0f07f405cc6b0,U 0.38 SHGC 0.45 Simple Glazing,,90.1-2013,code_prototype_rules,source,normalized
construction-ea0e7250abf5ab45946f9073,Typical Insulated Carpeted 6in Slab Floor,,90.1-2019,code_prototype_rules,source,normalized
construction-ea153cc9873bb7f2b6a1f8d0,Typical Insulated Wood Framed Exterior Floor,,90.1-2019,code_prototype_rules,source,normalized
construction-ea2a20370255bc0d0b40d7aa,Typical Wood Joist Attic Floor,,DOE Ref Pre-1980,existing_stock_benchmark,source,normalized
construction-ea33d871779b41a0f7394df0,U 0.42 SHGC 0.25 Simple Glazing,,90.1-2019,code_prototype_rules,source,normalized
construction-ea48c2df0d69ae580a509e5f,Typical Insulated Steel Framed Exterior Wall,,90.1-2007,code_prototype_rules,source,normalized
construction-ea4e96642f6c377d1b9f2000,College construction package,College,90.1-2019,code_prototype_rules,source,normalized
construction-ea555055d2da5038c2950087,U 0.4 SHGC 0.4 Simple Glazing,,90.1-2007,code_prototype_rules,source,normalized
construction-ea74da406dacd02bf5924e6c,Typical IEAD Roof - Highly Reflective,,90.1-2013,code_prototype_rules,source,normalized
construction-ea7702c8f28c3e062f30fab5,Typical Insulated Exterior Mass Wall,,90.1-2007,code_prototype_rules,source,normalized
construction-ea99cedbcc9439ab1d1d5052,Typical Insulated Metal Building Wall,,90.1-2019,code_prototype_rules,source,normalized
construction-ea9d01c3ec8f29499a96af0f,Typical Insulated Basement Mass Wall,,90.1-2019,code_prototype_rules,source,normalized
construction-ea9d93ffa993404904f46f66,U 0.57 SHGC 0.49 Dbl Blue 6mm/6mm Air,,DOE Ref Pre-1980,existing_stock_benchmark,source,normalized
construction-eab34cbc69f91c66f62fe087,Typical Insulated Carpeted 6in Slab Floor,,90.1-2019,code_prototype_rules,source,normalized
construction-eab9a01e4a93ec48e5e935bd,Typical Insulated Steel Framed Exterior Floor,,90.1-2007,code_prototype_rules,source,normalized
construction-eac147fb6c85010952f5372d,Typical Insulated Steel Framed Exterior Floor,,90.1-2019,code_prototype_rules,source,normalized
construction-eaf0f8409dd5e2085de4dee2,Typical Insulated Carpeted 6in Slab Floor,,DOE Ref 1980-2004,existing_stock_benchmark,source,normalized
construction-eaf4961151ecb9b0a54a07dc,Typical Insulated Basement Mass Wall,,DOE Ref 1980-2004,existing_stock_benchmark,source,normalized
construction-eb2199a6fab878ebc05c9e53,Adiabatic ExteriorFloor,,90.1-2013,code_prototype_rules,source,normalized
construction-eb2b449c3b5917f25d967c3e,Typical Interior Ceiling,SmallOfficeDetailed,90.1-2019,code_prototype_rules,source,normalized
construction-eb3bf0ba77cc8463685eaec1,Typical Insulated Metal Building Roof,,DOE Ref 1980-2004,existing_stock_benchmark,source,normalized
construction-eb67cd82dd24c9219ba24591,Typical Insulated Steel Framed Exterior Floor,,90.1-2007,code_prototype_rules,source,normalized
construction-eb9554d849f1e28eb1a4dfc7,Typical Insulated Carpeted 6in Slab Floor,,DOE Ref 1980-2004,existing_stock_benchmark,source,normalized
construction-eb96ff75cfc7a9d968b00c8b,Typical IEAD Roof,,DOE Ref Pre-1980,existing_stock_benchmark,source,normalized
construction-ebb9b2d6c0eafc9214d7ec10,Typical Insulated Exterior Mass Wall,,DOE Ref Pre-1980,existing_stock_benchmark,source,normalized
construction-ebc66a82ba582463b18e39e6,U 0.72 SHGC 0.39 Simple Glazing,,DOE Ref 1980-2004,existing_stock_benchmark,source,normalized
construction-ebd239bd8bb7534aa0ed66d8,Warehouse construction package,Warehouse,DOE Ref Pre-1980,existing_stock_benchmark,source,normalized
construction-ebeb99bdc68fa79721a4ebd5,Typical Insulated Basement Mass Wall,,90.1-2019,code_prototype_rules,source,normalized
construction-ebf39d95a9e97e9fe8683b47,U 1.22 SHGC 0.25 Sgl Elec Ref Colored 6mm,,DOE Ref Pre-1980,existing_stock_benchmark,source,normalized
construction-ebf6e958a5a3e8b75a5421e3,Typical Interior Wall,MediumOffice,DOE Ref Pre-1980,existing_stock_benchmark,source,normalized
construction-ec3e185eb7170805ad0a2cd5,U 1.22 SHGC 0.25 Sgl Elec Ref Colored 6mm,,DOE Ref Pre-1980,existing_stock_benchmark,source,normalized
construction-ec5896207d5856064437b6d9,Typical Insulated Basement Mass Wall,,DOE Ref 1980-2004,existing_stock_benchmark,source,normalized
construction-ec58c2aaefad9644a394c3c9,Typical Insulated Steel Framed Exterior Floor,,90.1-2019,code_prototype_rules,source,normalized
construction-ec8cd23f98eb48aeebcef91a,Typical Wood Joist Attic Floor,,DOE Ref Pre-1980,existing_stock_benchmark,source,normalized
construction-ec9c28ee2d3aaa83b17364d9,Typical Insulated Metal Building Roof,,DOE Ref 1980-2004,existing_stock_benchmark,source,normalized
construction-eca5af6af4e53ad0806d3afb,Typical Insulated Carpeted 6in Slab Floor,,90.1-2019,code_prototype_rules,source,normalized
construction-ecaed8df3b4895082b4e266d,U 0.57 SHGC 0.39 Dbl Ref-D Clr 6mm/6mm Air,,DOE Ref 1980-2004,existing_stock_benchmark,source,normalized
construction-ecb6baeeaa65a2e335eec807,Typical Interior Wall,Hospital,DOE Ref Pre-1980,existing_stock_benchmark,source,normalized
construction-ecbaababe5add3d14f649ea7,Adiabatic Roof,,DOE Ref Pre-1980,existing_stock_benchmark,source,normalized
construction-ecc4f144ab0685aaf330da28,SecondarySchool construction package,SecondarySchool,90.1-2019,code_prototype_rules,source,normalized
construction-ecdee8eda6e37b22dc1ca65a,College construction package,College,90.1-2013,code_prototype_rules,source,normalized
construction-ece6ba5660c315e97e28f18c,Typical Insulated Carpeted 6in Slab Floor,,DOE Ref 1980-2004,existing_stock_benchmark,source,normalized
construction-ece6fd48aa922b9ba8ede84e,Typical Interior Ceiling,SmallDataCenterHighITE,90.1-2013,code_prototype_rules,source,normalized
construction-ed0e163c17c7fbbce087ada0,Typical Wood Joist Attic Floor,,90.1-2019,code_prototype_rules,source,normalized
construction-ed125ec3a9de4f275955269c,U 1.22 SHGC 0.25 Sgl Elec Ref Colored 6mm,,DOE Ref 1980-2004,existing_stock_benchmark,source,normalized
construction-ed1846d9b08871e2e74f93fb,Typical Insulated Wood Framed Exterior Wall,,DOE Ref Pre-1980,existing_stock_benchmark,source,normalized
construction-ed2d06521a2ebb91f0225102,Typical Wood Joist Attic Floor,,90.1-2013,code_prototype_rules,source,normalized
construction-ed360e8bc58490a943ba470b,Typical Insulated Wood Framed Exterior Wall,,DOE Ref 1980-2004,existing_stock_benchmark,source,normalized
construction-ed3e943a692e957576c2ce0a,U 0.4 SHGC 0.45 Simple Glazing,,90.1-2007,code_prototype_rules,source,normalized
construction-ed46e19b1120e29d891e8ed0,Typical Interior Ceiling,FullServiceRestaurant,90.1-2019,code_prototype_rules,source,normalized
construction-ed47e2ad7bed637fae62e2ab,Adiabatic GroundContactFloor,,90.1-2013,code_prototype_rules,source,normalized
construction-ed4c582bfea550c66e6b4402,Typical Insulated Metal Building Roof,,DOE Ref 1980-2004,existing_stock_benchmark,source,normalized
construction-ed55e0c01cea2d6d819e14c2,Typical Insulated Metal Building Roof,,90.1-2019,code_prototype_rules,source,normalized
construction-ed565e1bb512d34e99882365,Typical Interior Wall,LargeOfficeDetailed,DOE Ref 1980-2004,existing_stock_benchmark,source,normalized
construction-ed6b4be7d3142f50ab505dfb,U 0.57 SHGC 0.39 Dbl Ref-D Clr 6mm/6mm Air,,DOE Ref Pre-1980,existing_stock_benchmark,source,normalized
construction-ed8a9d50b04cb4234ab742d5,Typical Insulated Wood Framed Exterior Floor,,DOE Ref Pre-1980,existing_stock_benchmark,source,normalized
construction-edac1b1141d2b874c99c4d08,Typical Interior Wall,Outpatient,DOE Ref 1980-2004,existing_stock_benchmark,source,normalized
construction-edad6023484030659d5c80f4,Typical Insulated Wood Framed Exterior Wall,,90.1-2013,code_prototype_rules,source,normalized
construction-edb925333393be579dc55b3f,Typical Insulated Exterior Mass Floor,,90.1-2013,code_prototype_rules,source,normalized
construction-edce86d7a77cf7cf31aeaa8d,Typical Interior Floor,Warehouse,90.1-2013,code_prototype_rules,source,normalized
construction-eddae2ae1be962a8bea00e1b,Typical Interior Floor,SmallDataCenterHighITE,90.1-2019,code_prototype_rules,source,normalized
construction-ede99d9bbd440d62fc69e708,Typical Insulated Wood Framed Exterior Floor,,DOE Ref Pre-1980,existing_stock_benchmark,source,normalized
construction-edfabbb1d4104e709b2ece51,Typical Interior Ceiling,SmallOffice,90.1-2013,code_prototype_rules,source,normalized
construction-edfad2add1c548fb9a57b853,Typical Interior Floor,Courthouse,90.1-2007,code_prototype_rules,source,normalized
construction-ee0185685d7ce04748b1a5ea,U 1.22 SHGC 0.54 Simple Glazing,,DOE Ref Pre-1980,existing_stock_benchmark,source,normalized
construction-ee1a49d10cbaba8b29fa6d1e,Typical Insulated Metal Building Roof,,DOE Ref Pre-1980,existing_stock_benchmark,source,normalized
construction-ee35f6cca5057b65fb4c9d93,LargeOffice construction package,LargeOffice,DOE Ref 1980-2004,existing_stock_benchmark,source,normalized
construction-ee751a65c291f4f8830cf0eb,U 0.57 SHGC 0.39 Dbl Ref-D Clr 6mm/6mm Air,,DOE Ref 1980-2004,existing_stock_benchmark,source,normalized
construction-ee79d580ccebb68946a9d7d2,SmallHotel construction package,SmallHotel,90.1-2019,code_prototype_rules,source,normalized
construction-ee881202a0e7541ec31c9ca2,Typical Insulated Basement Mass Wall,,90.1-2013,code_prototype_rules,source,normalized
construction-ee8e8bac062d116e9e46352e,MediumOffice construction package,MediumOffice,90.1-2013,code_prototype_rules,source,normalized
construction-eeae9e68153c0fd936c29cfa,Typical Insulated Exterior Mass Floor,,90.1-2007,code_prototype_rules,source,normalized
construction-eece1c4b8ca7ee056f5d3383,SmallHotel construction package,SmallHotel,90.1-2013,code_prototype_rules,source,normalized
construction-eedf891c2c126cd6a115b3da,U 0.57 SHGC 0.39 Dbl Ref-D Clr 6mm/6mm Air,,DOE Ref 1980-2004,existing_stock_benchmark,source,normalized
construction-eee15e452d76ed3abc23cb02,Typical Insulated Metal Building Wall,,90.1-2013,code_prototype_rules,source,normalized
construction-eef33f7474d64412a597a693,Adiabatic Roof,,DOE Ref 1980-2004,existing_stock_benchmark,source,normalized
construction-ef56cda0ad9ae9bbf03709b1,Typical Insulated Metal Building Wall,,90.1-2019,code_prototype_rules,source,normalized
construction-ef8d6f1cada017b8784b9b9b,Typical Insulated Basement Mass Wall,,90.1-2007,code_prototype_rules,source,normalized
construction-efb4852dba8666e81df41a96,Typical Insulated Wood Framed Exterior Wall,,90.1-2019,code_prototype_rules,source,normalized
construction-efb61c72c6c037046f6bf3cb,Warehouse construction package,Warehouse,DOE Ref Pre-1980,existing_stock_benchmark,source,normalized
construction-efd6e838e7794050377cf2ff,Typical Insulated Steel Framed Exterior Wall,,90.1-2007,code_prototype_rules,source,normalized
construction-eff9fb0585738629c5277242,U 0.65 SHGC 0.45 Simple Glazing,,90.1-2007,code_prototype_rules,source,normalized
construction-f00b88fa1fb15572d8db0ddc,Adiabatic ExteriorFloor,,90.1-2013,code_prototype_rules,source,normalized
construction-f021bccbd6ff7f0b5e87e3d7,Typical Insulated Basement Mass Wall,,90.1-2007,code_prototype_rules,source,normalized
construction-f028914350675c18ad753b9e,Adiabatic GroundContactFloor,,DOE Ref Pre-1980,existing_stock_benchmark,source,normalized
construction-f0331fe2001b4cd5ff3a6edb,Typical Insulated Carpeted 6in Slab Floor,,DOE Ref Pre-1980,existing_stock_benchmark,source,normalized
construction-f036c0aea84bb275ebeac5b3,Typical Interior Floor,MidriseApartment,90.1-2019,code_prototype_rules,source,normalized
construction-f040b1128267ee7753d9b538,U 0.45 SHGC 0.45 Simple Glazing,,90.1-2007,code_prototype_rules,source,normalized
construction-f043dd83b196d2375fd980a7,Adiabatic Roof,,DOE Ref Pre-1980,existing_stock_benchmark,source,normalized
construction-f049956cabf282528c4ed94c,Typical Insulated Metal Building Wall,,90.1-2007,code_prototype_rules,source,normalized
construction-f04ef4e9371690074f2d46c6,Typical Wood Joist Attic Floor,,DOE Ref 1980-2004,existing_stock_benchmark,source,normalized
construction-f060588d6a42ac3dad105705,LargeDataCenterLowITE construction package,LargeDataCenterLowITE,90.1-2007,code_prototype_rules,source,normalized
construction-f06b5fe3d92c96fb665b11ed,SecondarySchool construction package,SecondarySchool,DOE Ref Pre-1980,existing_stock_benchmark,source,normalized
construction-f08bfda6ee5e198f7c70c88d,U 1.22 SHGC 0.25 Sgl Elec Ref Colored 6mm,,DOE Ref 1980-2004,existing_stock_benchmark,source,normalized
construction-f096f11495dd13bacc88311e,U 0.54 SHGC 0.23 Simple Glazing,,90.1-2019,code_prototype_rules,source,normalized
construction-f09bd2ed62db033f1d22d30e,Typical Insulated Wood Framed Exterior Wall,,DOE Ref 1980-2004,existing_stock_benchmark,source,normalized
construction-f0a5530be8670ba2b8035c47,Typical Insulated Carpeted 6in Slab Floor,,90.1-2013,code_prototype_rules,source,normalized
construction-f0a9798ec297c0b73c511008,Typical Insulated Carpeted 6in Slab Floor,,DOE Ref Pre-1980,existing_stock_benchmark,source,normalized
construction-f0af80edf69bb7f7365852ed,Typical Insulated Wood Framed Exterior Wall,,DOE Ref Pre-1980,existing_stock_benchmark,source,normalized
construction-f0cca65472dc29ce322953c5,Typical Insulated Carpeted 6in Slab Floor,,90.1-2013,code_prototype_rules,source,normalized
construction-f0d60e8f99ab5be0c91c0c92,Typical Interior Floor,MediumOffice,90.1-2013,code_prototype_rules,source,normalized
construction-f0de307d9c3746ed811274d8,Adiabatic GroundContactFloor,,DOE Ref Pre-1980,existing_stock_benchmark,source,normalized
construction-f0f258ff19bf9b5cbd90a6f0,Typical Insulated Exterior Mass Wall,,DOE Ref 1980-2004,existing_stock_benchmark,source,normalized
construction-f0f3421ff888763bf3f9034b,Typical Interior Ceiling,SmallOffice,90.1-2007,code_prototype_rules,source,normalized
construction-f0f4abda09f1c2825a6397e2,Typical Insulated Wood Framed Exterior Floor,,DOE Ref 1980-2004,existing_stock_benchmark,source,normalized
construction-f0fe0d9c5c25b58a24658af3,Typical Insulated Basement Mass Wall,,DOE Ref 1980-2004,existing_stock_benchmark,source,normalized
construction-f108c82bf0551afcf13612a2,Typical Insulated Exterior Mass Wall,,90.1-2013,code_prototype_rules,source,normalized
construction-f10957274b67d0dad51147c4,Typical IEAD Roof,,DOE Ref 1980-2004,existing_stock_benchmark,source,normalized
construction-f132d7f114039e09c8ac8743,Typical Interior Wall,LargeHotel,DOE Ref 1980-2004,existing_stock_benchmark,source,normalized
construction-f1346195e25eeeab71cb813b,Typical Insulated Metal Building Wall,,90.1-2007,code_prototype_rules,source,normalized
construction-f14156d8600e87c217e5d19a,Typical Interior Ceiling,RetailStripmall,DOE Ref Pre-1980,existing_stock_benchmark,source,normalized
construction-f1424caa9d3181daf02ea3bb,Typical Interior Ceiling,MediumOfficeDetailed,90.1-2019,code_prototype_rules,source,normalized
construction-f150ed3aeee817d09486deee,Typical Wood Joist Attic Floor,,90.1-2007,code_prototype_rules,source,normalized
construction-f16dfa8d767b6161c7850d25,Typical Insulated Steel Framed Exterior Wall,,90.1-2007,code_prototype_rules,source,normalized
construction-f172f86e73b5ec7110b56282,Typical Interior Floor,MediumOfficeDetailed,90.1-2007,code_prototype_rules,source,normalized
construction-f185e20ef17561e3bf793f93,Typical Insulated Metal Building Wall,,DOE Ref Pre-1980,existing_stock_benchmark,source,normalized
construction-f19f6f08fae5dfe44b0b9ddb,Typical Insulated Metal Building Wall,,DOE Ref Pre-1980,existing_stock_benchmark,source,normalized
construction-f1a51347e14611e888145b2c,Typical Insulated Steel Framed Exterior Wall,,90.1-2019,code_prototype_rules,source,normalized
construction-f1bac8ff6dba0cff36ad51a6,LargeHotel Interior Ceiling,LargeHotel,90.1-2013,code_prototype_rules,source,normalized
construction-f1bc638d1171cf9444bfa457,Typical Interior Floor,Laboratory,90.1-2019,code_prototype_rules,source,normalized
construction-f1ca152d59d12a6ae105b4b4,Typical Interior Wall,SecondarySchool,90.1-2019,code_prototype_rules,source,normalized
construction-f1df2572412d1cac4edfbdb8,Typical Insulated Metal Building Roof - Highly Reflective,,90.1-2013,code_prototype_rules,source,normalized
construction-f1fbe3b2176ca7ce11fbeadd,Typical Insulated Exterior Mass Wall,,90.1-2019,code_prototype_rules,source,normalized
construction-f20456dccb77d52096eba56d,Typical Insulated Steel Framed Exterior Wall,,DOE Ref Pre-1980,existing_stock_benchmark,source,normalized
construction-f2047c230420104d2e27b866,Typical Insulated Carpeted 6in Slab Floor,,90.1-2019,code_prototype_rules,source,normalized
construction-f20f9ea25871218ec9183407,Typical Insulated Steel Framed Exterior Floor,,90.1-2013,code_prototype_rules,source,normalized
construction-f214c5ac8af30dcfc7423f31,Typical Insulated Exterior Mass Floor,,DOE Ref 1980-2004,existing_stock_benchmark,source,normalized
construction-f26ede19d084a20a76aec667,U 0.57 SHGC 0.39 Dbl Ref-D Clr 6mm/6mm Air,,DOE Ref Pre-1980,existing_stock_benchmark,source,normalized
construction-f26ffc93e32566403c73a041,Typical Insulated Wood Framed Exterior Wall,,90.1-2019,code_prototype_rules,source,normalized
construction-f2746955be37c2e1181bdefa,Typical Insulated Metal Building Wall,,90.1-2007,code_prototype_rules,source,normalized
construction-f27f9abb277186cc311672a0,Adiabatic Roof,,DOE Ref Pre-1980,existing_stock_benchmark,source,normalized
construction-f2813fef36c3d097afda4990,Typical Wood Joist Attic Floor,,90.1-2007,code_prototype_rules,source,normalized
construction-f29335a7c0398b936d1baa2c,Hospital construction package,Hospital,90.1-2007,code_prototype_rules,source,normalized
construction-f2a695519b2597eb2863e8b4,Typical Interior Ceiling,LargeOffice,DOE Ref Pre-1980,existing_stock_benchmark,source,normalized
construction-f2ac552cdec6d69957237208,Typical Insulated Steel Framed Exterior Wall,,90.1-2019,code_prototype_rules,source,normalized
construction-f2ed43b5711d8c6468782720,Typical Wood Joist Attic Floor,,DOE Ref Pre-1980,existing_stock_benchmark,source,normalized
construction-f2edc023f334b41c6a8c38ac,Typical Insulated Steel Framed Exterior Floor,,DOE Ref Pre-1980,existing_stock_benchmark,source,normalized
construction-f31292c7b49f3d1b05fb6d56,Typical Insulated Wood Framed Exterior Floor,,DOE Ref Pre-1980,existing_stock_benchmark,source,normalized
construction-f31baa341f7ab85dde606556,Typical IEAD Roof,,DOE Ref 1980-2004,existing_stock_benchmark,source,normalized
construction-f33fff307afc8d2df2a96b8a,Typical Interior Wall,LargeOffice,90.1-2007,code_prototype_rules,source,normalized
construction-f342579468da99caeaa2a224,U 0.29 SHGC 0.4 Simple Glazing,,90.1-2019,code_prototype_rules,source,normalized
construction-f35fc52c7149fe4897143cfa,U 1.22 SHGC 0.25 Sgl Elec Ref Colored 6mm,,DOE Ref Pre-1980,existing_stock_benchmark,source,normalized
construction-f37ca631cee823561e25515a,Typical Insulated Steel Framed Exterior Floor,,DOE Ref 1980-2004,existing_stock_benchmark,source,normalized
construction-f384bb0af5b0ead66b309523,Typical Insulated Basement Mass Wall,,90.1-2019,code_prototype_rules,source,normalized
construction-f38bbb833718d725e2ca9575,Typical Insulated Wood Framed Exterior Floor,,90.1-2007,code_prototype_rules,source,normalized
construction-f3a3665d8112d53a46447a76,Typical Insulated Exterior Mass Floor,,DOE Ref 1980-2004,existing_stock_benchmark,source,normalized
construction-f3bb44faef3722a5ba4118be,U 0.57 SHGC 0.39 Dbl Ref-D Clr 6mm/6mm Air,,DOE Ref Pre-1980,existing_stock_benchmark,source,normalized
construction-f3c699c06e2465c0031e0746,Adiabatic ExteriorFloor,,DOE Ref 1980-2004,existing_stock_benchmark,source,normalized
construction-f3d17abd58cd2d7dc864fe23,Typical Insulated Steel Framed Exterior Wall,,DOE Ref Pre-1980,existing_stock_benchmark,source,normalized
construction-f3eefdb54cd1bf410467f896,MediumOffice construction package,MediumOffice,90.1-2007,code_prototype_rules,source,normalized
construction-f40732e7f732e702f776b9f4,Typical Interior Ceiling,College,90.1-2019,code_prototype_rules,source,normalized
construction-f432adbae2a749a4a5faee20,U 1.22 SHGC 0.25 Sgl Elec Ref Colored 6mm,,DOE Ref 1980-2004,existing_stock_benchmark,source,normalized
construction-f43aa547073155ef11f094f2,Typical Insulated Metal Building Wall,,DOE Ref 1980-2004,existing_stock_benchmark,source,normalized
construction-f43ba381560f7f80fef3f746,Typical Insulated Steel Framed Exterior Wall,,DOE Ref 1980-2004,existing_stock_benchmark,source,normalized
construction-f45fff242397d99ed707d188,Typical Insulated Basement Mass Wall,,DOE Ref Pre-1980,existing_stock_benchmark,source,normalized
construction-f46c9593ecb239ae4cb132b0,U 0.57 SHGC 0.49 Dbl Blue 6mm/6mm Air,,DOE Ref 1980-2004,existing_stock_benchmark,source,normalized
construction-f474869e3a6b8748f808bf67,Adiabatic Wall,,90.1-2007,code_prototype_rules,source,normalized
construction-f49767dc46dad4d56b0acb37,Typical Insulated Wood Framed Exterior Floor,,DOE Ref Pre-1980,existing_stock_benchmark,source,normalized
construction-f49ea44a07f08174585b351a,LargeHotel construction package,LargeHotel,90.1-2019,code_prototype_rules,source,normalized
construction-f4aeadb08b3928f56cad6507,Typical Insulated Wood Framed Exterior Wall,,90.1-2019,code_prototype_rules,source,normalized
construction-f4aecb34b57e87e26aaa5662,Typical Insulated Carpeted 6in Slab Floor,,DOE Ref 1980-2004,existing_stock_benchmark,source,normalized
construction-f4dda81c6b76eb4997ac1fed,Typical Insulated Steel Framed Exterior Wall,,DOE Ref 1980-2004,existing_stock_benchmark,source,normalized
construction-f4e7ead83108be6e6f80df15,Typical Insulated Exterior Mass Floor,,90.1-2013,code_prototype_rules,source,normalized
construction-f4edbec4ec72a9ce882af287,Typical Insulated Metal Building Wall,,DOE Ref Pre-1980,existing_stock_benchmark,source,normalized
construction-f5051f6472c8222e3c7627e8,Adiabatic Wall,,DOE Ref Pre-1980,existing_stock_benchmark,source,normalized
construction-f50612e002a84d108dc5ea9d,Typical Insulated Wood Framed Exterior Wall,,90.1-2019,code_prototype_rules,source,normalized
construction-f517f352553b1caf0602c157,Typical Insulated Carpeted 8in Slab Floor,,90.1-2019,code_prototype_rules,source,normalized
construction-f51caea2fc50d5793a656a5c,Typical Interior Ceiling,LargeHotel,DOE Ref Pre-1980,existing_stock_benchmark,source,normalized
construction-f53543c5fd46427bf67b7c54,int_slab_ceiling_smallhotel,SmallHotel,90.1-2019,code_prototype_rules,source,normalized
construction-f53631a519f8b9d94db40a51,Typical Interior Ceiling,QuickServiceRestaurant,90.1-2007,code_prototype_rules,source,normalized
construction-f538cdeb6a73e29f346439db,Typical Insulated Metal Building Roof,,90.1-2019,code_prototype_rules,source,normalized
construction-f54d01345dcd585e85212dda,Typical Insulated Exterior Mass Wall,,DOE Ref 1980-2004,existing_stock_benchmark,source,normalized
construction-f55285f3c90c0f029d141620,Typical Insulated Steel Framed Exterior Wall,,DOE Ref Pre-1980,existing_stock_benchmark,source,normalized
construction-f5530ab04fc155e2b4b34bc5,Typical Insulated Wood Framed Exterior Floor,,90.1-2007,code_prototype_rules,source,normalized
construction-f56ca110810389ad0c5f9f09,LargeHotel construction package,LargeHotel,90.1-2019,code_prototype_rules,source,normalized
construction-f573e6251eb1419b212be931,Typical Insulated Metal Building Wall,,90.1-2013,code_prototype_rules,source,normalized
construction-f575ad570ed9bde82e18c70a,Typical Insulated Wood Framed Exterior Wall,,DOE Ref 1980-2004,existing_stock_benchmark,source,normalized
construction-f59cacac4b8bc0f3bb35043c,Typical Interior Ceiling,SuperTallBuilding,90.1-2013,code_prototype_rules,source,normalized
construction-f5a59903991b68818897b601,Typical Insulated Steel Framed Exterior Floor,,DOE Ref Pre-1980,existing_stock_benchmark,source,normalized
construction-f5adf53d9ee4ac0c355e28de,Typical Insulated Steel Framed Exterior Wall,,90.1-2007,code_prototype_rules,source,normalized
construction-f5f75f5590a130a29b461fa4,Adiabatic GroundContactFloor,,90.1-2013,code_prototype_rules,source,normalized
construction-f5fe1e26c3a5a47034b0fb82,Uninsulated Steel Stud Wall,College,DOE Ref Pre-1980,existing_stock_benchmark,source,normalized
construction-f608285a7fde47f806e5862d,Typical Insulated Wood Framed Exterior Wall,,DOE Ref Pre-1980,existing_stock_benchmark,source,normalized
construction-f608e961f5509f1989554e69,Typical Insulated Wood Framed Exterior Wall,,90.1-2013,code_prototype_rules,source,normalized
construction-f609a2e19ff4813c06cb68fc,Adiabatic ExteriorFloor,,DOE Ref Pre-1980,existing_stock_benchmark,source,normalized
construction-f62378c5cabecc42255633e9,Adiabatic GroundContactFloor,,90.1-2007,code_prototype_rules,source,normalized
construction-f6ccf84cbd84aa0543bc88d4,Typical Insulated Exterior Mass Floor,,DOE Ref 1980-2004,existing_stock_benchmark,source,normalized
construction-f6dac87ae3d327e91d0dffe6,Typical Insulated Basement Mass Wall,,DOE Ref Pre-1980,existing_stock_benchmark,source,normalized
construction-f6f5f340bb20f64cf84620da,Typical Insulated Metal Building Wall,,DOE Ref 1980-2004,existing_stock_benchmark,source,normalized
construction-f700f72c633e078d3f59c2ff,Typical Insulated Exterior Mass Wall,,DOE Ref Pre-1980,existing_stock_benchmark,source,normalized
construction-f737602f6a79bc5ea11ccc4a,Typical Uninsulated Basement Mass Wall,,Generic experimental v1,experimental_assumption,source,assumed
construction-f739d0a962afb1d1651ef41f,Laboratory construction package,Laboratory,90.1-2019,code_prototype_rules,source,normalized
construction-f73b4a0a65cee5206919cad8,Typical IEAD Roof,,DOE Ref Pre-1980,existing_stock_benchmark,source,normalized
construction-f75099f7d870cd857ab65ec8,Typical Wood Joist Attic Floor,,90.1-2013,code_prototype_rules,source,normalized
construction-f758ced279fb866dafa225c2,Typical Interior Floor,Warehouse,DOE Ref 1980-2004,existing_stock_benchmark,source,normalized
construction-f79fb19183716a4cc6baeb25,Typical Insulated Carpeted 6in Slab Floor,,90.1-2013,code_prototype_rules,source,normalized
construction-f7a55e82bffb0e3be2ff914f,Typical Insulated Steel Framed Exterior Wall,,90.1-2019,code_prototype_rules,source,normalized
construction-f7af371eb7e62f5c1f41d22f,Typical IEAD Roof,,DOE Ref 1980-2004,existing_stock_benchmark,source,normalized
construction-f7bea020dec6ab4186c38d9e,Typical Insulated Basement Mass Wall,,DOE Ref 1980-2004,existing_stock_benchmark,source,normalized
construction-f7d795d3386162f1af7a90bd,Typical Interior Ceiling,College,DOE Ref 1980-2004,existing_stock_benchmark,source,normalized
construction-f7dc08d1a089be555ad600ca,Typical Insulated Basement Mass Wall,,90.1-2019,code_prototype_rules,source,normalized
construction-f7f4acaac8f8069915b2d7e6,U 0.5 SHGC 0.45 Simple Glazing,,90.1-2019,code_prototype_rules,source,normalized
construction-f806bd135ee8ebc32cd0e230,Typical Insulated Carpeted 6in Slab Floor,,DOE Ref 1980-2004,existing_stock_benchmark,source,normalized
construction-f809c04822e08c817bd20305,Typical Insulated Carpeted 6in Slab Floor,,DOE Ref 1980-2004,existing_stock_benchmark,source,normalized
construction-f81d3c7bac6567f6ae1ea665,Typical Insulated Exterior Mass Floor,,90.1-2019,code_prototype_rules,source,normalized
construction-f83190157f906a373626f07c,Typical Insulated Metal Building Wall,,DOE Ref Pre-1980,existing_stock_benchmark,source,normalized
construction-f834c86ebef095e10956da5a,Typical Insulated Metal Building Wall,,DOE Ref 1980-2004,existing_stock_benchmark,source,normalized
construction-f8398c6b7e808581521592f4,Adiabatic ExteriorFloor,,DOE Ref 1980-2004,existing_stock_benchmark,source,normalized
construction-f85547b753f6525dfa050949,Typical Insulated Steel Framed Exterior Wall,,DOE Ref Pre-1980,existing_stock_benchmark,source,normalized
construction-f861b0a6fafa074bf8f582d2,Typical Insulated Exterior Mass Wall,,DOE Ref Pre-1980,existing_stock_benchmark,source,normalized
construction-f867938cc9ae343208e373ad,Typical Interior Ceiling,Courthouse,DOE Ref 1980-2004,existing_stock_benchmark,source,normalized
construction-f886b01dacbfd560a1052d13,U 1.22 SHGC 0.25 Sgl Elec Ref Colored 6mm,,DOE Ref Pre-1980,existing_stock_benchmark,source,normalized
construction-f89a0c7d6fd80d5d5b4c8bfd,Typical Wood Joist Attic Floor,,DOE Ref 1980-2004,existing_stock_benchmark,source,normalized
construction-f8c62aadb70b0eb0bfd4ab88,Adiabatic GroundContactFloor,,90.1-2019,code_prototype_rules,source,normalized
construction-f8eec95984afd0b1bcba4ea7,Typical Insulated Carpeted 6in Slab Floor,,DOE Ref 1980-2004,existing_stock_benchmark,source,normalized
construction-f9053e11084a4752a572b320,Typical Insulated Exterior Mass Wall,,90.1-2013,code_prototype_rules,source,normalized
construction-f917ae93c571fafcce91219f,Typical IEAD Roof,,DOE Ref Pre-1980,existing_stock_benchmark,source,normalized
construction-f91bd16c0082909b765714ee,Adiabatic ExteriorFloor,,90.1-2019,code_prototype_rules,source,normalized
construction-f928350d4dfc07b283e97f27,Typical IEAD Roof,,DOE Ref 1980-2004,existing_stock_benchmark,source,normalized
construction-f946e8b2a3a196623d0653f0,U 0.72 SHGC 0.25 Simple Glazing,,DOE Ref 1980-2004,existing_stock_benchmark,source,normalized
construction-f95a5b5ba741adde1e27df29,Typical Wood Joist Attic Floor,,90.1-2019,code_prototype_rules,source,normalized
construction-f95b3c1c8a153a8009ca98a2,Typical Insulated Wood Framed Exterior Floor,,DOE Ref Pre-1980,existing_stock_benchmark,source,normalized
construction-f965717aadf4cf2088692fff,LargeHotel Interior Floor,LargeHotel,90.1-2019,code_prototype_rules,source,normalized
construction-f967b53a2960da4079554291,Typical Insulated Steel Framed Exterior Wall,,DOE Ref 1980-2004,existing_stock_benchmark,source,normalized
construction-f98c687ac9fe3d4767f41d04,U 1.22 SHGC 0.25 Sgl Elec Ref Colored 6mm,,DOE Ref 1980-2004,existing_stock_benchmark,source,normalized
construction-f99d9ae26f0359befa9202c5,Typical Interior Ceiling,TallBuilding,90.1-2013,code_prototype_rules,source,normalized
construction-f9a30fda70645b3aa75563ac,Typical Insulated Basement Mass Wall,,90.1-2013,code_prototype_rules,source,normalized
construction-f9a38ddbbcefcceb881ddb7d,Typical Insulated Wood Framed Exterior Wall,,90.1-2013,code_prototype_rules,source,normalized
construction-f9abad7b0e8da6352d32d810,Adiabatic Wall,,DOE Ref 1980-2004,existing_stock_benchmark,source,normalized
construction-f9da88850bffc2520af19c36,Typical Insulated Exterior Mass Wall,,90.1-2019,code_prototype_rules,source,normalized
construction-f9e8cb7ec6b3a6418427ed7b,U 1.22 SHGC 0.25 Sgl Elec Ref Colored 6mm,,DOE Ref Pre-1980,existing_stock_benchmark,source,normalized
construction-fa0d5084f2e4af06312a6fa7,U 0.4 SHGC 0.45 Simple Glazing,,90.1-2013,code_prototype_rules,source,normalized
construction-fa1ae3501aba307d556efe13,Typical Insulated Carpeted 6in Slab Floor,,90.1-2019,code_prototype_rules,source,normalized
construction-fa266485c607f8b499ae8caf,Typical Wood Joist Attic Floor,,90.1-2013,code_prototype_rules,source,normalized
construction-fa35f0da6e9ffca00545c201,College construction package,College,90.1-2007,code_prototype_rules,source,normalized
construction-fa46093ff7c97c31b35e69eb,Typical Insulated Exterior Mass Floor,,90.1-2013,code_prototype_rules,source,normalized
construction-fa4f4696e490af3243972167,Typical IEAD Roof,,DOE Ref 1980-2004,existing_stock_benchmark,source,normalized
construction-fa5ebe3669a48553f1ec677c,Adiabatic Wall,,90.1-2007,code_prototype_rules,source,normalized
construction-fa601787af8be2d7297a9773,Office construction package,Office,DOE Ref Pre-1980,existing_stock_benchmark,source,normalized
construction-fa7673c9c6cb0c4ea2f0ebaa,Typical Interior Ceiling,Warehouse,90.1-2013,code_prototype_rules,source,normalized
construction-fa9b139bb19513b43f7edc0d,U 1.22 SHGC 0.25 Sgl Elec Ref Colored 6mm,,DOE Ref Pre-1980,existing_stock_benchmark,source,normalized
construction-faa1a43eddf5e8aa50aab1bd,Typical Interior Floor,PrimarySchool,90.1-2019,code_prototype_rules,source,normalized
construction-faa496bd7264068cd3523244,Typical Insulated Carpeted 6in Slab Floor,,DOE Ref Pre-1980,existing_stock_benchmark,source,normalized
construction-faa50f5efd58fc807f167139,U 0.57 SHGC 0.49 Dbl Blue 6mm/6mm Air,,DOE Ref 1980-2004,existing_stock_benchmark,source,normalized
construction-faa60c9e3457036fb74fe73c,Dwelling enclosure / source_building_24892,SingleFamilyDetached,ResStock SDR source fixture,existing_stock_source_fixture,source,normalized
construction-fab9adf802a7d86c74af2a73,Typical IEAD Roof,,90.1-2013,code_prototype_rules,source,normalized
construction-fabca784d5a1667234ebad82,Courthouse construction package,Courthouse,90.1-2013,code_prototype_rules,source,normalized
construction-fad802ad3714a74d1241d891,Typical Interior Ceiling,RetailStandalone,DOE Ref 1980-2004,existing_stock_benchmark,source,normalized
construction-fadb518b49554a055256a22a,Typical Wood Joist Attic Floor,,DOE Ref Pre-1980,existing_stock_benchmark,source,normalized
construction-fb03029df2448465f3992fdd,Typical Insulated Exterior Mass Wall,,DOE Ref Pre-1980,existing_stock_benchmark,source,normalized
construction-fb2323c4a62e580cb9b6cdb3,U 1.22 SHGC 0.25 Sgl Elec Ref Colored 6mm,,DOE Ref Pre-1980,existing_stock_benchmark,source,normalized
construction-fb2f9a59a78b625b294db6cf,Typical Insulated Metal Building Wall,,90.1-2013,code_prototype_rules,source,normalized
construction-fb41261f252e3133f9252e07,Typical Insulated Steel Framed Exterior Floor,,DOE Ref 1980-2004,existing_stock_benchmark,source,normalized
construction-fb4556dd1e006bb5f2d95593,Typical Insulated Metal Building Roof,,DOE Ref Pre-1980,existing_stock_benchmark,source,normalized
construction-fb6120a1d5d7fb4d741da132,Typical IEAD Roof,,DOE Ref 1980-2004,existing_stock_benchmark,source,normalized
construction-fb637aa2470e117602118b6d,Typical Wood Joist Attic Floor,,90.1-2007,code_prototype_rules,source,normalized
construction-fb6ffa348d4f9bfca598c46c,Typical Insulated Metal Building Roof,,90.1-2013,code_prototype_rules,source,normalized
construction-fb785e6c164925cd8bc8abd7,int_wall_smallhotel,SmallHotel,90.1-2007,code_prototype_rules,source,normalized
construction-fb842fa56c5904bada113cf3,Typical Insulated Basement Mass Wall,,90.1-2019,code_prototype_rules,source,normalized
construction-fba00dff398e8dd164afcac7,Adiabatic ExteriorFloor,,90.1-2007,code_prototype_rules,source,normalized
construction-fbab61e4d1b9bb7ccf904117,Typical Insulated Metal Building Roof,,DOE Ref Pre-1980,existing_stock_benchmark,source,normalized
construction-fbd8e7d43a976eae80d5c5c1,Typical IEAD Roof,,DOE Ref Pre-1980,existing_stock_benchmark,source,normalized
construction-fbdb6bbddedf71c98b5d9c2a,Typical Insulated Steel Framed Exterior Wall,,DOE Ref 1980-2004,existing_stock_benchmark,source,normalized
construction-fbf1b9dc7c27fbf178c23962,Typical Wood Joist Attic Floor,,DOE Ref 1980-2004,existing_stock_benchmark,source,normalized
construction-fbfe4b8be7ec7f7d62eae017,U 1.2 SHGC 0.45 Simple Glazing,,90.1-2007,code_prototype_rules,source,normalized
construction-fc0320eac85098654af4f30b,Typical Insulated Metal Building Roof,,DOE Ref Pre-1980,existing_stock_benchmark,source,normalized
construction-fc17ecc75ca632572e506f72,LargeHotel Interior Wall,LargeHotel,90.1-2019,code_prototype_rules,source,normalized
construction-fc19badbdc19f17d95588ac0,Typical Insulated Carpeted 8in Slab Floor,,90.1-2019,code_prototype_rules,source,normalized
construction-fc1cae945be04c92d329528b,U 1.22 SHGC 0.25 Sgl Elec Ref Colored 6mm,,DOE Ref Pre-1980,existing_stock_benchmark,source,normalized
construction-fc28bbbd5d54a16611bc5157,Typical Insulated Wood Framed Exterior Floor,,DOE Ref 1980-2004,existing_stock_benchmark,source,normalized
construction-fc2b584ed13f62ecd5e422c7,Typical Insulated Steel Framed Exterior Wall,,DOE Ref 1980-2004,existing_stock_benchmark,source,normalized
construction-fc3acbe9ca3a8a0e76efc078,int_slab_floor_smallhotel,SmallHotel,90.1-2007,code_prototype_rules,source,normalized
construction-fc4322a75ff450fc9d7a0ba9,Typical Insulated Wood Framed Exterior Floor,,DOE Ref Pre-1980,existing_stock_benchmark,source,normalized
construction-fc50298bcc86953526567053,Typical Insulated Steel Framed Exterior Wall,,DOE Ref Pre-1980,existing_stock_benchmark,source,normalized
construction-fc9ffd3f23726fe4c864cbaf,Typical Insulated Wood Framed Exterior Floor,,90.1-2019,code_prototype_rules,source,normalized
construction-fca542a136c61c8eaf48f906,Any construction package,Any,DOE Ref 1980-2004,existing_stock_benchmark,source,normalized
construction-fca7fbfc77658291009a8fe8,U 1.2 SHGC 0.45 Simple Glazing,,90.1-2007,code_prototype_rules,source,normalized
construction-fcac42ff0f25bb825583f76f,Typical Insulated Carpeted 6in Slab Floor,,90.1-2007,code_prototype_rules,source,normalized
construction-fcbb7bec2defb66a3b3ec7bf,Typical Insulated Steel Framed Exterior Wall,,DOE Ref 1980-2004,existing_stock_benchmark,source,normalized
construction-fccca49de76f977a01b54649,Typical Insulated Steel Framed Exterior Floor,,DOE Ref 1980-2004,existing_stock_benchmark,source,normalized
construction-fcd226a3e8f0e5b24b73bff9,Typical Insulated Carpeted 6in Slab Floor,,90.1-2007,code_prototype_rules,source,normalized
construction-fcd5c639167e5528093c2c15,Typical Interior Ceiling,RetailStripmall,90.1-2013,code_prototype_rules,source,normalized
construction-fcd75254f81417736df6e3df,Adiabatic Wall,,DOE Ref Pre-1980,existing_stock_benchmark,source,normalized
construction-fcd852218759c779a46efada,U 1.22 SHGC 0.54 Simple Glazing,,DOE Ref Pre-1980,existing_stock_benchmark,source,normalized
construction-fd38498192824e25f477c49d,Typical Insulated Steel Framed Exterior Wall,,90.1-2019,code_prototype_rules,source,normalized
construction-fd3fba2565bec1c804646cb5,Adiabatic Wall,,DOE Ref 1980-2004,existing_stock_benchmark,source,normalized
construction-fd8815dc2f929ffa3d166b4a,Typical Insulated Metal Building Roof,,90.1-2007,code_prototype_rules,source,normalized
construction-fd8b1d1e80c2f3e632fbc220,Typical Insulated Metal Building Roof,,90.1-2013,code_prototype_rules,source,normalized
construction-fd92cded4bb96660b141b62b,Typical Interior Ceiling,LargeOffice,90.1-2007,code_prototype_rules,source,normalized
construction-fda6541f93c0359ccd66ac66,Typical Insulated Metal Building Wall,,DOE Ref 1980-2004,existing_stock_benchmark,source,normalized
construction-fdab8bd429d46f2ccca22077,Typical Insulated Exterior Mass Floor,,90.1-2019,code_prototype_rules,source,normalized
construction-fdaf93c5e7000b7baef4c87c,Typical Insulated Wood Framed Exterior Wall,,DOE Ref Pre-1980,existing_stock_benchmark,source,normalized
construction-fdb6b224e5147bc4151a5b38,Typical Wood Joist Attic Floor,,DOE Ref 1980-2004,existing_stock_benchmark,source,normalized
construction-fdb9fc3d7d226786b94967e5,Typical Insulated Carpeted 6in Slab Floor,,DOE Ref 1980-2004,existing_stock_benchmark,source,normalized
construction-fdba409ebe4dd6277ce4c4d6,Typical Insulated Metal Building Wall,,DOE Ref 1980-2004,existing_stock_benchmark,source,normalized
construction-fdcea003148c6f768a6ca1a4,Typical Insulated Carpeted 6in Slab Floor,,90.1-2007,code_prototype_rules,source,normalized
construction-fdd1027bbed653a05bc5e27a,Typical Insulated Carpeted 6in Slab Floor,,90.1-2007,code_prototype_rules,source,normalized
construction-fdf48bd6e25ea337a08ff56d,Typical Interior Floor,SmallOffice,90.1-2019,code_prototype_rules,source,normalized
construction-fe0c840b5d8535d6a9662871,Typical Insulated Exterior Mass Wall,,90.1-2019,code_prototype_rules,source,normalized
construction-fe31e6827b4ce1e985b69ad6,U 1.1 SHGC 0.25 Simple Glazing,,90.1-2013,code_prototype_rules,source,normalized
construction-fe5705558e110d8cc53e6a07,U 0.57 SHGC 0.49 Dbl Blue 6mm/6mm Air,,DOE Ref 1980-2004,existing_stock_benchmark,source,normalized
construction-fe58a366085b5a9aed7f96eb,Typical Insulated Metal Building Roof,,90.1-2013,code_prototype_rules,source,normalized
construction-fe674af91c0585c1e5ff5e13,Typical Insulated Carpeted 6in Slab Floor,,DOE Ref 1980-2004,existing_stock_benchmark,source,normalized
construction-fe716573934b08e62c7ca224,Typical Insulated Carpeted 6in Slab Floor,,DOE Ref 1980-2004,existing_stock_benchmark,source,normalized
construction-fe8d3e8d5456d4b092b5a7b2,Adiabatic Roof,,DOE Ref 1980-2004,existing_stock_benchmark,source,normalized
construction-fea904599574441fac50a975,Typical Insulated Exterior Mass Floor,,DOE Ref 1980-2004,existing_stock_benchmark,source,normalized
construction-febb6a7656431235de7c10eb,Adiabatic Wall,,DOE Ref Pre-1980,existing_stock_benchmark,source,normalized
construction-fec4d372757b395d2ffdd3d7,Typical Insulated Wood Framed Exterior Wall,,DOE Ref Pre-1980,existing_stock_benchmark,source,normalized
construction-fed97e9374f6a1c909fe29b3,Plenum Acoustical Tile,Any,90.1-2013,code_prototype_rules,source,normalized
construction-fee82408ba79adc33346620a,Typical Insulated Basement Mass Wall,,DOE Ref 1980-2004,existing_stock_benchmark,source,normalized
construction-feff514fad0838b619f10ce3,Typical Insulated Carpeted 6in Slab Floor,,DOE Ref 1980-2004,existing_stock_benchmark,source,normalized
construction-ff09a57947ca21cae4d314bf,U 1.22 SHGC 0.25 Sgl Elec Ref Colored 6mm,,DOE Ref Pre-1980,existing_stock_benchmark,source,normalized
construction-ff1fd1ce9e7dc3bc14094339,Typical IEAD Roof,,DOE Ref Pre-1980,existing_stock_benchmark,source,normalized
construction-ff22155d6a2d47004b586412,U 0.4 SHGC 0.45 Simple Glazing,,90.1-2013,code_prototype_rules,source,normalized
construction-ff2b5f9ef5afe372f234a664,Typical Insulated Exterior Mass Floor,,90.1-2013,code_prototype_rules,source,normalized
construction-ff3545ba3bf9127dd67387e1,Typical Wood Joist Attic Floor,,DOE Ref Pre-1980,existing_stock_benchmark,source,normalized
construction-ff3d20886bdf0c3f8630bc76,Typical Insulated Wood Framed Exterior Floor,,90.1-2013,code_prototype_rules,source,normalized
construction-ff8f2b50daa59b41d3fd879a,Dwelling enclosure / source_building_121706,MultiFamily5PlusLowRise,ResStock SDR source fixture,existing_stock_source_fixture,source,normalized
construction-ff8f9a7ebd2af92edc31cef7,U 0.45 SHGC 0.33 Simple Glazing,,90.1-2019,code_prototype_rules,source,normalized
construction-ffa0e478cd78a064542c8b0b,Typical Insulated Wood Framed Exterior Floor,,DOE Ref Pre-1980,existing_stock_benchmark,source,normalized
construction-ffcacc14edd240268d564f75,Typical Insulated Metal Building Wall,,90.1-2007,code_prototype_rules,source,normalized
construction-ffd6da2cdfc5dbb834ebe69b,Typical Insulated Wood Framed Exterior Wall,,DOE Ref 1980-2004,existing_stock_benchmark,source,normalized
construction-ffe4bade48c2e0a51d2d9995,Typical Insulated Exterior Mass Floor,,DOE Ref 1980-2004,existing_stock_benchmark,source,normalized
construction-fffbb188748cf42c6ea44e53,Typical Insulated Exterior Mass Wall,,90.1-2007,code_prototype_rules,source,normalized
construction-fffda69ae2dce09ddfb9ba6d,Typical Insulated Wood Framed Exterior Floor,,90.1-2019,code_prototype_rules,source,normalized
construction-fffed4b9d2ac9b6ac54b00d0,Typical Interior Ceiling,PrimarySchool,90.1-2013,code_prototype_rules,source,normalized
