occupants,plug_loads_other,plug_loads_tv,lighting_interior,lighting_garage,hot_water_dishwasher,dishwasher,hot_water_clothes_washer,clothes_washer,clothes_dryer,cooking_range,hot_water_fixtures,heating_setpoint,cooling_setpoint
0.903,0.609,0.0217,0.0637,0.0637,0,0,0,0,0,0,0,24.166666667,24.166666667
1,0.624,0.0219,0.0633,0.0633,0,0,0,0,0,0,0.0665,24.166666667,24.166666667
1,0.624,0.0176,0.0581,0.0581,0,0,0,0,0,0,0.0998,17.777777778,23.888888889
0.931,0.613,0.0164,0.0577,0.0577,0,0,0,0,0,0.917,0.0333,17.777777778,23.888888889
0.986,0.622,0.018,0.0587,0.0587,0,0,0,0,0,0.633,0.5,17.777777778,23.888888889
1,0.644,0.0253,0.0923,0.0923,0,0,0,0,0,0,0.723,17.777777778,23.888888889
0.903,0.721,0.0538,0.28,0.28,0,0,0,0,0,0,0.252,17.777777778,23.888888889
0.528,0.729,0.0611,0.297,0.297,0,0,0,0,0,0,0.872,17.777777778,23.888888889
0.333,0.689,0.0527,0.223,0.223,0,0,0,0,0,0,0.217,17.777777778,23.888888889
0.333,0.69,0.0605,0.228,0.228,0,0,0,0,0,0,0.401,17.777777778,23.888888889
0.222,0.66,0.0497,0.169,0.169,0,0,0,0,0,0,0.133,17.777777778,23.888888889
0.167,0.644,0.0445,0.137,0.137,0,0,0,0,0,0,0,24.166666667,24.166666667
0.167,0.644,0.0463,0.135,0.135,0,0,0,0,0,0,0,24.166666667,24.166666667
0.167,0.644,0.0504,0.134,0.134,0,0,0,0,0,0,0.2,24.166666667,24.166666667
0.167,0.644,0.0528,0.135,0.135,0,0,0,0,0,0,0.299,24.166666667,24.166666667
0.319,0.677,0.0782,0.183,0.183,0,0,0,0,0,0,0.0998,24.166666667,24.166666667
0.597,0.76,0.151,0.325,0.325,0,0,0,0,0,0.767,0.0333,24.166666667,24.166666667
0.667,0.883,0.268,0.6,0.6,0,0,0,0,0,0,0.507,24.166666667,24.166666667
0.639,0.892,0.348,0.727,0.727,0,0,0,0,0,0.517,0.174,24.166666667,24.166666667
0.389,0.771,0.299,0.487,0.487,0,0,0,0,0,0,0.0941,24.166666667,24.166666667
0.708,0.882,0.671,0.72,0.72,0,0,0,0,0,0,0.227,24.166666667,24.166666667
0.833,0.771,0.485,0.437,0.437,0,0,0,0,0,0,0.181,24.166666667,24.166666667
0.986,0.702,0.258,0.313,0.313,0,0,0,0,0,0,0.0333,24.166666667,24.166666667
1,0.645,0.0824,0.129,0.129,0,0,0,0,0,0,0,24.166666667,24.166666667
1,0.601,0.0191,0.0609,0.0609,0,0,0,0,0,0,0,24.166666667,24.166666667
1,0.599,0.0161,0.0577,0.0577,0,0,0,0,0,0,0,24.166666667,24.166666667
1,0.617,0.017,0.0577,0.0577,0,0,0,0,0,0,0.0665,17.777777778,23.888888889
1,0.599,0.0161,0.0577,0.0577,0,0,0,0,0,0,0,17.777777778,23.888888889
1,0.622,0.018,0.0587,0.0587,0,0,0,0,0,0,0.226,17.777777778,23.888888889
0.889,0.617,0.0197,0.0709,0.0709,0,0,0,0,0,0,0.246,17.777777778,23.888888889
0.833,0.688,0.0438,0.222,0.222,0,0,0,0,0,0,0.35,17.777777778,23.888888889
0.833,0.722,0.059,0.286,0.286,0,0,0,0,0,0,0.374,17.777777778,23.888888889
0.653,0.704,0.0586,0.25,0.25,0,0,0,0,0,0.417,0.15,17.777777778,23.888888889
0.5,0.732,0.0812,0.307,0.307,0,0,0,0,0,0.35,0,17.777777778,23.888888889
0.194,0.652,0.0452,0.155,0.155,0.718,0.667,0,0,0,0,0.0333,17.777777778,23.888888889
0.167,0.644,0.0445,0.137,0.137,0.584,0.4,0,0,0,0,0.133,24.166666667,24.166666667
0.167,0.644,0.0463,0.135,0.135,0.657,0,0,0,0,0,0.0665,24.166666667,24.166666667
0.167,0.644,0.0504,0.134,0.134,0.22,0,0,0,0,0,0.233,24.166666667,24.166666667
0.167,0.644,0.0528,0.135,0.135,0,0,0,0,0,0,0.299,24.166666667,24.166666667
0.236,0.673,0.0747,0.176,0.176,0,0,0,0,0,0,0.166,24.166666667,24.166666667
0.444,0.765,0.154,0.332,0.332,0,0,0,0,0,0,0.2,24.166666667,24.166666667
0.5,0.816,0.208,0.471,0.471,0,0,0,0,0,0,0.0333,24.166666667,24.166666667
0.528,0.841,0.291,0.612,0.612,0,0,0,0,0,0,0.2,24.166666667,24.166666667
0.667,0.893,0.505,0.794,0.794,0,0,0,0,0,0,0.0665,24.166666667,24.166666667
0.778,0.91,0.73,0.789,0.789,0,0,0,0,0,0,0.0678,24.166666667,24.166666667
0.833,0.749,0.424,0.389,0.389,0,0,0,0,0,0,0,24.166666667,24.166666667
0.833,0.617,0.0625,0.101,0.101,0,0,0,0,0,0,0,24.166666667,24.166666667
0.944,0.629,0.0556,0.0997,0.0997,0,0,0,0,0,0,0,24.166666667,24.166666667
1,0.616,0.0289,0.0714,0.0714,0,0,0,0,0,0,0.0333,24.166666667,24.166666667
1,0.599,0.0161,0.0577,0.0577,0,0,0,0,0,0,0,24.166666667,24.166666667
1,0.599,0.0161,0.0577,0.0577,0,0,0,0,0,0,0,17.777777778,23.888888889
1,0.599,0.0161,0.0577,0.0577,0,0,0,0,0,0,0,17.777777778,23.888888889
1,0.599,0.0161,0.0577,0.0577,0,0,0,0,0,0,0,17.777777778,23.888888889
1,0.609,0.0182,0.0659,0.0659,0,0,0,0,0,0,0.128,17.777777778,23.888888889
0.972,0.638,0.0281,0.128,0.128,0,0,0,0,0,0,0.292,17.777777778,23.888888889
0.764,0.7,0.0512,0.244,0.244,0,0,0,0,0,0,0.482,17.777777778,23.888888889
0.597,0.712,0.062,0.264,0.264,0,0,0,0,0,0,0.307,17.777777778,23.888888889
0.472,0.724,0.0774,0.293,0.293,0,0,0,0,0,0,0.194,17.777777778,23.888888889
0.264,0.671,0.0561,0.19,0.19,0,0,0,0,0,0,0.0665,17.777777778,23.888888889
0.167,0.644,0.0445,0.137,0.137,0.859,0.917,0,0,0,0,0.166,24.166666667,24.166666667
0.167,0.644,0.0463,0.135,0.135,0.557,0.433,0,0,0,0,0.166,24.166666667,24.166666667
0.167,0.644,0.0504,0.134,0.134,0.505,0,0,0,0,0,0.0333,24.166666667,24.166666667
0.167,0.644,0.0528,0.135,0.135,0.774,0,0,0,0,0,0.166,24.166666667,24.166666667
0.472,0.747,0.134,0.296,0.296,0.64,0,0,0,0,0,0.2,24.166666667,24.166666667
0.806,0.9,0.267,0.556,0.556,0,0,0,0,0,0,0.385,24.166666667,24.166666667
0.806,0.948,0.326,0.723,0.723,0,0,0,0,0,0.917,0.233,24.166666667,24.166666667
0.597,0.872,0.326,0.683,0.683,0,0,0,0,0,0.883,0.0333,24.166666667,24.166666667
0.653,0.886,0.497,0.779,0.779,0.58,0.533,0,0,0,0,0.0665,24.166666667,24.166666667
0.667,0.839,0.562,0.622,0.622,0.255,0,0,0,0,0,0,24.166666667,24.166666667
0.694,0.712,0.324,0.306,0.306,0,0,0,0,0,0,0,24.166666667,24.166666667
0.986,0.662,0.165,0.215,0.215,0,0,0,0,0,0,0.521,24.166666667,24.166666667
1,0.609,0.0325,0.0755,0.0755,0,0,0,0,0,0,0.08,24.166666667,24.166666667
1,0.599,0.0161,0.0577,0.0577,0,0,0,0,0,0,0,24.166666667,24.166666667
1,0.599,0.0161,0.0577,0.0577,0,0,0,0,0,0,0,24.166666667,24.166666667
1,0.599,0.0161,0.0577,0.0577,0,0,0,0,0,0,0,17.777777778,23.888888889
1,0.599,0.0161,0.0577,0.0577,0,0,0,0,0,0,0,17.777777778,23.888888889
0.694,0.599,0.0161,0.0577,0.0577,0,0,0,0,0,0,0,17.777777778,23.888888889
0.556,0.628,0.0221,0.0807,0.0807,0,0,0,0,0,0,0.232,17.777777778,23.888888889
0.5,0.659,0.0347,0.168,0.168,0,0,0,0,0,0,0.24,17.777777778,23.888888889
0.5,0.681,0.0447,0.21,0.21,0,0,0,0,0,0,0.31,17.777777778,23.888888889
0.347,0.689,0.0527,0.223,0.223,0,0,0,0,0,0.767,0.203,17.777777778,23.888888889
0.333,0.69,0.0605,0.228,0.228,0,0,0,0,0,0.667,0.233,17.777777778,23.888888889
0.333,0.69,0.0668,0.224,0.224,0.573,0.533,0,0,0,0.883,0.0665,17.777777778,23.888888889
0.292,0.679,0.0657,0.197,0.197,0.59,0,0.248,0.417,0,0,0.0333,24.166666667,24.166666667
0.361,0.697,0.0816,0.225,0.225,0,0,0.345,0.55,0.45,0,0.166,24.166666667,24.166666667
0.431,0.716,0.105,0.254,0.254,0,0,0.424,0,0.9,0.517,0.295,24.166666667,24.166666667
0.333,0.69,0.0895,0.212,0.212,0,0,0.607,0,0,0,0.133,24.166666667,24.166666667
0.333,0.703,0.0986,0.225,0.225,0,0,0.417,0,0,0,0.166,24.166666667,24.166666667
0.514,0.791,0.176,0.375,0.375,0,0,0,0,0,0,0.233,24.166666667,24.166666667
0.667,0.888,0.273,0.609,0.609,0,0,0.307,0.417,0,0,0.0998,24.166666667,24.166666667
0.75,0.943,0.407,0.846,0.846,0,0,0.472,0.783,0.217,0,0.0333,24.166666667,24.166666667
0.819,0.929,0.567,0.886,0.886,0,0,0.448,0,1,0,0.415,24.166666667,24.166666667
0.833,0.855,0.601,0.66,0.66,0.794,0.533,0.696,0,0.683,0,0.2,24.166666667,24.166666667
0.833,0.738,0.398,0.364,0.364,0.141,0,0,0,0,0,0,24.166666667,24.166666667
0.792,0.633,0.0991,0.142,0.142,0,0,0,0,0,0,0.126,24.166666667,24.166666667
0.833,0.609,0.0325,0.0755,0.0755,0,0,0,0,0,0,0.135,24.166666667,24.166666667
0.986,0.622,0.0284,0.0709,0.0709,0,0,0,0,0,0,0.2,24.166666667,24.166666667
1,0.613,0.0198,0.0613,0.0613,0,0,0,0,0,0,0,24.166666667,24.166666667
1,0.599,0.0161,0.0577,0.0577,0,0,0,0,0,0,0,17.777777778,23.888888889
1,0.599,0.0161,0.0577,0.0577,0,0,0,0,0,0,0,17.777777778,23.888888889
0.847,0.599,0.0161,0.0577,0.0577,0,0,0,0,0,0,0,17.777777778,23.888888889
0.833,0.599,0.0161,0.0577,0.0577,0,0,0,0,0,0,0,17.777777778,23.888888889
0.528,0.628,0.0252,0.112,0.112,0,0,0,0,0,0,0.389,17.777777778,23.888888889
0.347,0.602,0.0169,0.0626,0.0626,0,0,0,0,0,0,0.025,17.777777778,23.888888889
0.333,0.599,0.0161,0.0577,0.0577,0,0,0,0,0,0,0,17.777777778,23.888888889
0.333,0.641,0.0367,0.136,0.136,0,0,0.44,0.917,0,0,0.233,17.777777778,23.888888889
0.333,0.644,0.0414,0.141,0.141,0,0,0,0.05,0.95,0,0.2,17.777777778,23.888888889
0.333,0.644,0.0445,0.137,0.137,0,0,0,0,1,0,0.266,24.166666667,24.166666667
0.333,0.644,0.0463,0.135,0.135,0,0,0,0,0.5,0,0.166,24.166666667,24.166666667
0.292,0.652,0.0562,0.147,0.147,0,0,0,0,0,0,0.2,24.166666667,24.166666667
0.333,0.69,0.0895,0.212,0.212,0,0,0,0,0,0,0.233,24.166666667,24.166666667
0.444,0.738,0.126,0.281,0.281,0,0,0,0,0,0,0.299,24.166666667,24.166666667
0.528,0.795,0.18,0.382,0.382,0.971,0.533,0,0,0,0,0.437,24.166666667,24.166666667
0.667,0.888,0.273,0.609,0.609,0,0,0,0,0,0.667,0.373,24.166666667,24.166666667
0.667,0.872,0.326,0.683,0.683,0,0,0,0,0,1,0.293,24.166666667,24.166666667
0.667,0.85,0.435,0.687,0.687,0.365,0.667,0,0,0,0.4,0.0333,24.166666667,24.166666667
0.667,0.866,0.627,0.686,0.686,0,0.4,0,0,0,0,0.133,24.166666667,24.166666667
0.667,0.765,0.472,0.424,0.424,0,0,0,0,0,0,0,24.166666667,24.166666667
0.819,0.728,0.316,0.378,0.378,0,0,0,0,0,0,0.0632,24.166666667,24.166666667
0.833,0.677,0.126,0.176,0.176,0,0,0,0,0,0,0.307,24.166666667,24.166666667
0.833,0.601,0.0212,0.0609,0.0609,0,0,0,0,0,0,0,24.166666667,24.166666667
0.833,0.599,0.0184,0.0577,0.0577,0,0,0,0,0,0,0,24.166666667,24.166666667
0.833,0.599,0.0184,0.0577,0.0577,0,0,0,0,0,0,0,17.777777778,23.888888889
0.833,0.609,0.0185,0.0577,0.0577,0,0,0,0,0,0,0.0333,17.777777778,23.888888889
0.986,0.601,0.0184,0.0577,0.0577,0,0,0,0,0,0,0,17.777777778,23.888888889
1,0.599,0.0184,0.0577,0.0577,0,0,0,0,0,0,0,17.777777778,23.888888889
1,0.599,0.0184,0.0577,0.0577,0,0,0,0,0,0,0,17.777777778,23.888888889
0.847,0.599,0.0184,0.0577,0.0577,0,0,0,0,0,0,0,17.777777778,23.888888889
0.833,0.641,0.0439,0.134,0.134,0,0,0,0,0,0,0.258,17.777777778,23.888888889
0.833,0.705,0.106,0.257,0.257,0,0,0.367,0.917,0,0.25,0.166,17.777777778,23.888888889
0.833,0.735,0.153,0.307,0.307,0,0,0,0.05,0.95,0,0.133,17.777777778,23.888888889
0.833,0.77,0.206,0.356,0.356,0,0,0,0,0.4,0,0.166,24.166666667,24.166666667
0.736,0.751,0.199,0.314,0.314,0,0,0,0,0,0,0.133,24.166666667,24.166666667
0.5,0.69,0.146,0.21,0.21,0,0,0,0,0,0,0.299,24.166666667,24.166666667
0.5,0.69,0.165,0.212,0.212,0,0,0,0,0,0,0.333,24.166666667,24.166666667
0.528,0.759,0.27,0.316,0.316,0,0,0,0,0,0,0.465,24.166666667,24.166666667
0.597,0.821,0.327,0.424,0.424,0.329,0.417,0,0,0,0,0.0998,24.166666667,24.166666667
0.5,0.816,0.286,0.471,0.471,0.427,0.383,0.289,0.167,0,0,0.233,24.166666667,24.166666667
0.5,0.828,0.333,0.582,0.582,0,0,0.426,0.8,0.2,0,0.0665,24.166666667,24.166666667
0.694,0.905,0.595,0.825,0.825,0,0,0.8,0,0.333,0,0.231,24.166666667,24.166666667
0.708,0.883,0.714,0.725,0.725,0,0,0.229,0,0,0,0.33,24.166666667,24.166666667
0.847,0.87,0.799,0.653,0.653,0,0,0,0,0,0,0.0781,24.166666667,24.166666667
1,0.776,0.468,0.496,0.496,0,0,0,0,0,0,0.155,24.166666667,24.166666667
1,0.687,0.161,0.194,0.194,0,0,0,0,0,0,0.382,24.166666667,24.166666667
1,0.614,0.0299,0.0681,0.0681,0,0,0,0,0,0,0.0996,24.166666667,24.166666667
1,0.599,0.0184,0.0577,0.0577,0,0,0,0,0,0,0,24.166666667,24.166666667
1,0.599,0.0184,0.0577,0.0577,0,0,0,0,0,0,0,17.777777778,23.888888889
1,0.599,0.0184,0.0577,0.0577,0,0,0,0,0,0,0,17.777777778,23.888888889
1,0.599,0.0184,0.0577,0.0577,0,0,0,0,0,0,0,17.777777778,23.888888889
1,0.599,0.0184,0.0577,0.0577,0,0,0,0,0,0,0,17.777777778,23.888888889
0.931,0.628,0.0251,0.112,0.112,0,0,0,0,0,0,0.133,17.777777778,23.888888889
0.986,0.679,0.0477,0.205,0.205,0,0,0,0,0,0,0.143,17.777777778,23.888888889
0.972,0.701,0.0789,0.244,0.244,0,0,0,0,0,0,0.234,17.777777778,23.888888889
0.611,0.648,0.0577,0.15,0.15,0,0,0,0,0,0.417,0.299,17.777777778,23.888888889
0.597,0.713,0.132,0.265,0.265,0,0,0,0,0,1,0.0665,17.777777778,23.888888889
0.681,0.739,0.172,0.304,0.304,0,0,0,0,0,0.383,0.166,24.166666667,24.166666667
0.736,0.713,0.153,0.25,0.25,0,0,0,0,0,0,0,24.166666667,24.166666667
0.806,0.735,0.21,0.286,0.286,0,0,0,0,0,0,0.133,24.166666667,24.166666667
0.639,0.77,0.295,0.347,0.347,0,0,0,0,0,0,0.266,24.166666667,24.166666667
0.5,0.754,0.263,0.309,0.309,0.465,0.667,0,0,0,0,0.333,24.166666667,24.166666667
0.5,0.785,0.277,0.365,0.365,0,0.95,0,0,0,0.25,0.142,24.166666667,24.166666667
0.5,0.816,0.286,0.471,0.471,0,0,0,0,0,0,0.165,24.166666667,24.166666667
0.458,0.809,0.306,0.538,0.538,0,0,0,0,0,0,0.0333,24.166666667,24.166666667
0.653,0.886,0.56,0.779,0.779,0,0,0,0,0,0,0.0665,24.166666667,24.166666667
0.667,0.806,0.521,0.544,0.544,0,0,0,0,0,0,0,24.166666667,24.166666667
0.667,0.76,0.48,0.411,0.411,0,0,0,0,0,0,0.133,24.166666667,24.166666667
0.667,0.718,0.318,0.354,0.354,0,0,0,0,0,0,0,24.166666667,24.166666667
0.889,0.686,0.157,0.189,0.189,0,0,0,0,0,0,0,24.166666667,24.166666667
1,0.651,0.0513,0.0938,0.0938,0,0,0,0,0,0,0,24.166666667,24.166666667
1,0.626,0.023,0.0645,0.0645,0,0,0,0,0,0,0.0333,24.166666667,24.166666667
1,0.601,0.0165,0.0581,0.0581,0,0,0,0,0,0,0,17.777777778,23.888888889
1,0.599,0.0161,0.0577,0.0577,0,0,0,0,0,0,0,17.777777778,23.888888889
1,0.599,0.0161,0.0577,0.0577,0,0,0,0,0,0,0,17.777777778,23.888888889
0.972,0.609,0.0182,0.0659,0.0659,0,0,0,0,0,0.25,0.16,17.777777778,23.888888889
0.833,0.656,0.0339,0.163,0.163,0,0,0,0,0,0,0.651,17.777777778,23.888888889
0.694,0.765,0.0738,0.363,0.363,0,0,0,0,0,0,0.179,17.777777778,23.888888889
0.472,0.727,0.0679,0.292,0.292,0.351,0.417,0,0,0,0,0.536,17.777777778,23.888888889
0.333,0.69,0.0605,0.228,0.228,0.644,0.117,0,0,0,0,0.286,17.777777778,23.888888889
0.333,0.69,0.0668,0.224,0.224,0.863,0,0,0,0,0,0.166,17.777777778,23.888888889
0.306,0.682,0.0681,0.204,0.204,0.745,0,0,0,0,0,0.231,24.166666667,24.166666667
0.167,0.644,0.0463,0.135,0.135,0.233,0,0,0,0,0,0.233,24.166666667,24.166666667
0.319,0.686,0.0823,0.204,0.204,0,0,0,0,0,0,0.268,24.166666667,24.166666667
0.333,0.69,0.0895,0.212,0.212,0,0,0,0,0,0,0.569,24.166666667,24.166666667
0.153,0.646,0.0535,0.134,0.134,0,0,0,0,0,0,0.319,24.166666667,24.166666667
0.111,0.641,0.0511,0.127,0.127,0,0,0,0,0,0.517,0.0998,24.166666667,24.166666667
0.347,0.751,0.151,0.348,0.348,0,0,0,0,0,0,0.492,24.166666667,24.166666667
0.5,0.828,0.276,0.582,0.582,0,0,0,0,0,0,0.267,24.166666667,24.166666667
0.5,0.819,0.383,0.61,0.61,0,0,0,0,0,0,0.0665,24.166666667,24.166666667
0.583,0.833,0.552,0.606,0.606,0,0,0,0,0,0,0,24.166666667,24.166666667
0.5,0.76,0.459,0.411,0.411,0,0,0,0,0,0,0.0333,24.166666667,24.166666667
0.5,0.683,0.214,0.265,0.265,0,0,0,0,0,0,0.243,24.166666667,24.166666667
0.5,0.631,0.0641,0.109,0.109,0,0,0,0,0,0,0.0333,24.166666667,24.166666667
0.5,0.624,0.0314,0.0742,0.0742,0,0,0,0,0,0,0,24.166666667,24.166666667
0.653,0.601,0.0172,0.0589,0.0589,0,0,0,0,0,0,0,24.166666667,24.166666667
0.667,0.599,0.0161,0.0577,0.0577,0,0,0,0,0,0,0,17.777777778,23.888888889
0.667,0.609,0.0162,0.0577,0.0577,0,0,0,0,0,0,0.173,17.777777778,23.888888889
0.972,0.624,0.018,0.0587,0.0587,0,0,0,0,0,0,0.293,17.777777778,23.888888889
1,0.624,0.021,0.0759,0.0759,0,0,0,0,0,0,0.564,17.777777778,23.888888889
1,0.63,0.0256,0.114,0.114,0,0,0,0,0,0,0.0665,17.777777778,23.888888889
1,0.735,0.0635,0.308,0.308,0.318,0.417,0,0,0,0.167,0.461,17.777777778,23.888888889
0.819,0.772,0.0862,0.374,0.374,0.241,0.933,0,0,0,1,0.148,17.777777778,23.888888889
0.444,0.675,0.0527,0.2,0.2,0.586,0.917,0,0,0,0.383,0.0333,17.777777778,23.888888889
0.181,0.644,0.0414,0.141,0.141,0.537,0.7,0,0,0,0,0.209,17.777777778,23.888888889
0.167,0.644,0.0445,0.137,0.137,0,0,0,0,0,0,0.287,24.166666667,24.166666667
0.167,0.644,0.0463,0.135,0.135,0,0,0,0,0,0,0.166,24.166666667,24.166666667
0.167,0.644,0.0504,0.134,0.134,0,0,0,0,0,0,0.133,24.166666667,24.166666667
0.389,0.686,0.0866,0.206,0.206,0,0,0,0,0,0.167,0.299,24.166666667,24.166666667
0.5,0.711,0.106,0.239,0.239,0,0,0,0,0,0.6,0.0998,24.166666667,24.166666667
0.5,0.785,0.171,0.365,0.365,0,0,0,0,0,0,0.387,24.166666667,24.166666667
0.542,0.834,0.225,0.506,0.506,0,0,0,0,0,0,0.231,24.166666667,24.166666667
0.778,0.956,0.424,0.879,0.879,0,0,0,0,0,0,0.195,24.166666667,24.166666667
0.597,0.862,0.453,0.717,0.717,0,0,0,0,0,0,0.0998,24.166666667,24.166666667
0.764,0.877,0.655,0.709,0.709,0,0,0,0,0,0,0.125,24.166666667,24.166666667
0.903,0.826,0.643,0.558,0.558,0,0,0,0,0,0,0.177,24.166666667,24.166666667
1,0.722,0.306,0.364,0.364,0,0,0,0,0,0,0.0333,24.166666667,24.166666667
1,0.649,0.0897,0.137,0.137,0,0,0,0,0,0,0.482,24.166666667,24.166666667
1,0.624,0.0314,0.0742,0.0742,0,0,0,0,0,0,0,24.166666667,24.166666667
1,0.613,0.0198,0.0613,0.0613,0,0,0,0,0,0,0,24.166666667,24.166666667
1,0.611,0.0167,0.0577,0.0577,0,0,0,0,0,0,0.0333,17.777777778,23.888888889
1,0.599,0.0161,0.0577,0.0577,0,0,0,0,0,0,0,17.777777778,23.888888889
0.847,0.628,0.0185,0.059,0.059,0,0,0,0,0,0,0.313,17.777777778,23.888888889
0.833,0.624,0.021,0.0759,0.0759,0,0,0,0,0,0,0.225,17.777777778,23.888888889
0.736,0.667,0.0372,0.183,0.183,0,0,0,0,0,0,0.45,17.777777778,23.888888889
0.431,0.657,0.0361,0.164,0.164,0,0,0,0,0,0,0.54,17.777777778,23.888888889
0.333,0.599,0.0161,0.0577,0.0577,0,0,0,0,0,0,0,17.777777778,23.888888889
0.306,0.633,0.033,0.122,0.122,0,0,0,0,0,0,0.728,17.777777778,23.888888889
0.167,0.599,0.0161,0.0577,0.0577,0,0,0,0,0,0,0,17.777777778,23.888888889
0.319,0.641,0.0423,0.13,0.13,0,0,0,0,0,0,0.0333,24.166666667,24.166666667
0.417,0.667,0.0615,0.173,0.173,0,0,0,0,0,0.25,0.233,24.166666667,24.166666667
0.208,0.61,0.0244,0.0768,0.0768,0,0,0,0,0,0,0,24.166666667,24.166666667
0.333,0.644,0.0528,0.135,0.135,0,0,0,0,0,0,0.2,24.166666667,24.166666667
0.403,0.673,0.0747,0.176,0.176,0,0,0,0,0,0,0.166,24.166666667,24.166666667
0.569,0.723,0.119,0.263,0.263,0,0,0,0,0,0,0.266,24.166666667,24.166666667
0.778,0.859,0.248,0.557,0.557,0,0,0,0,0,0.517,0.233,24.166666667,24.166666667
0.681,0.904,0.363,0.757,0.757,0,0,0,0,0,0,0.267,24.166666667,24.166666667
0.667,0.893,0.505,0.794,0.794,0,0,0,0,0,0,0.0835,24.166666667,24.166666667
0.667,0.839,0.562,0.622,0.622,0,0,0,0,0,0,0.247,24.166666667,24.166666667
0.694,0.768,0.483,0.43,0.43,0,0,0,0,0,0,0.0678,24.166666667,24.166666667
0.986,0.761,0.394,0.461,0.461,0,0,0,0,0,0,0,24.166666667,24.166666667
1,0.634,0.0714,0.118,0.118,0,0,0,0,0,0,0,24.166666667,24.166666667
1,0.601,0.0191,0.0609,0.0609,0,0,0,0,0,0,0,24.166666667,24.166666667
1,0.599,0.0161,0.0577,0.0577,0,0,0,0,0,0,0,24.166666667,24.166666667
1,0.599,0.0161,0.0577,0.0577,0,0,0,0,0,0,0,17.777777778,23.888888889
1,0.599,0.0161,0.0577,0.0577,0,0,0,0,0,0,0,17.777777778,23.888888889
1,0.599,0.0161,0.0577,0.0577,0,0,0,0,0,0,0,17.777777778,23.888888889
1,0.599,0.0161,0.0577,0.0577,0,0,0,0,0,0,0,17.777777778,23.888888889
1,0.691,0.045,0.231,0.231,0,0,0,0,0,0,0.628,17.777777778,23.888888889
0.778,0.785,0.0807,0.401,0.401,0,0,0.793,0.917,0,0.517,0.872,17.777777778,23.888888889
0.375,0.7,0.0567,0.243,0.243,0,0,0.509,0.283,0.717,0,0.257,17.777777778,23.888888889
0.167,0.644,0.0383,0.143,0.143,0,0,0.205,0,0.917,0,0.0333,17.777777778,23.888888889
0.167,0.644,0.0414,0.141,0.141,0,0,0.369,0,0,0,0.266,17.777777778,23.888888889
0.167,0.644,0.0445,0.137,0.137,0,0,0.509,0,0,0,0.233,24.166666667,24.166666667
0.25,0.667,0.0615,0.173,0.173,0,0,0.687,0,0,0,0.0998,24.166666667,24.166666667
0.167,0.644,0.0504,0.134,0.134,0,0,0.283,0,0,0,0.299,24.166666667,24.166666667
0.167,0.644,0.0528,0.135,0.135,0,0,0.887,0,0,0,0.166,24.166666667,24.166666667
0.194,0.659,0.0643,0.155,0.155,0,0,0.0668,0,0,0,0.133,24.166666667,24.166666667
0.486,0.78,0.168,0.358,0.358,0,0,0,0,0,0,0.2,24.166666667,24.166666667
0.611,0.834,0.225,0.506,0.506,0,0,0,0,0,0.517,0.377,24.166666667,24.166666667
0.667,0.898,0.357,0.745,0.745,0,0,0,0,0,0,0.518,24.166666667,24.166666667
0.667,0.893,0.505,0.794,0.794,0,0,0,0,0,0,0.171,24.166666667,24.166666667
0.667,0.866,0.627,0.686,0.686,0,0,0,0,0,0,0.0761,24.166666667,24.166666667
0.667,0.682,0.239,0.243,0.243,0,0,0,0,0,0,0.17,24.166666667,24.166666667
0.778,0.639,0.109,0.156,0.156,0,0,0,0,0,0,0.0785,24.166666667,24.166666667
0.903,0.64,0.072,0.118,0.118,0,0,0,0,0,0,0.185,24.166666667,24.166666667
1,0.626,0.0344,0.0774,0.0774,0,0,0,0,0,0,0.139,24.166666667,24.166666667
1,0.624,0.0219,0.0633,0.0633,0,0,0,0,0,0,0,24.166666667,24.166666667
1,0.601,0.0165,0.0581,0.0581,0,0,0,0,0,0,0,17.777777778,23.888888889
1,0.599,0.0161,0.0577,0.0577,0,0,0,0,0,0,0,17.777777778,23.888888889
1,0.622,0.018,0.0587,0.0587,0,0,0,0,0,0,0.615,17.777777778,23.888888889
1,0.624,0.021,0.0759,0.0759,0,0,0,0,0,0,0.112,17.777777778,23.888888889
0.833,0.675,0.0397,0.198,0.198,0,0,0,0,0,0.417,0.26,17.777777778,23.888888889
0.5,0.681,0.0447,0.21,0.21,0,0,0,0,0,0.1,0.2,17.777777778,23.888888889
0.389,0.659,0.0403,0.167,0.167,0,0,0,0,0,0,0.0998,17.777777778,23.888888889
0.333,0.644,0.0383,0.143,0.143,0,0,0,0,0,0,0,17.777777778,23.888888889
0.333,0.644,0.0414,0.141,0.141,0,0,0,0,0,0,0.0665,17.777777778,23.888888889
0.333,0.686,0.0707,0.21,0.21,0.776,0.917,0,0,0,0,0.0333,24.166666667,24.166666667
0.181,0.648,0.0487,0.141,0.141,0.17,0.433,0,0,0,0,0.0665,24.166666667,24.166666667
0.319,0.686,0.0823,0.204,0.204,0,0,0,0,0,0.517,0.133,24.166666667,24.166666667
0.333,0.69,0.0895,0.212,0.212,0,0,0,0,0,0,0.133,24.166666667,24.166666667
0.333,0.703,0.0986,0.225,0.225,0,0,0,0,0,0,0.236,24.166666667,24.166666667
0.444,0.765,0.154,0.332,0.332,0,0,0,0,0,0,0.0905,24.166666667,24.166666667
0.347,0.749,0.149,0.342,0.342,0,0,0,0,0,0,0.348,24.166666667,24.166666667
0.528,0.841,0.293,0.615,0.615,0.608,0.533,0,0,0,0.667,0.166,24.166666667,24.166666667
0.5,0.819,0.383,0.61,0.61,0.91,0.917,0,0,0,0.1,0.133,24.166666667,24.166666667
0.528,0.81,0.5,0.555,0.555,0.116,0.15,0,0,0,0,0.0989,24.166666667,24.166666667
0.667,0.748,0.423,0.386,0.386,0,0,0,0,0,0,0.0647,24.166666667,24.166666667
0.819,0.674,0.189,0.246,0.246,0,0,0.871,0.917,0,0,0.133,24.166666667,24.166666667
0.833,0.657,0.0976,0.145,0.145,0,0,0,0.05,0.533,0,0.0998,24.166666667,24.166666667
0.986,0.632,0.043,0.081,0.081,0,0,0,0,0,0,0.0704,24.166666667,24.166666667
1,0.613,0.023,0.0613,0.0613,0,0,0,0,0,0,0.0333,24.166666667,24.166666667
1,0.599,0.0184,0.0577,0.0577,0,0,0,0,0,0,0,17.777777778,23.888888889
1,0.599,0.0184,0.0577,0.0577,0,0,0,0,0,0,0,17.777777778,23.888888889
1,0.599,0.0184,0.0577,0.0577,0,0,0,0,0,0,0,17.777777778,23.888888889
1,0.599,0.0184,0.0577,0.0577,0,0,0,0,0,0,0,17.777777778,23.888888889
1,0.599,0.0184,0.0577,0.0577,0,0,0,0,0,0,0,17.777777778,23.888888889
1,0.637,0.0327,0.129,0.129,0,0,0,0,0,0,0.266,17.777777778,23.888888889
1,0.705,0.0823,0.251,0.251,0,0,0,0,0,0,0.2,17.777777778,23.888888889
0.75,0.792,0.177,0.421,0.421,0,0,0,0,0,0.167,0.218,17.777777778,23.888888889
0.583,0.758,0.176,0.349,0.349,0,0,0,0,0,0.35,0.0998,17.777777778,23.888888889
0.5,0.735,0.168,0.297,0.297,0,0,0,0,0,0,0.249,24.166666667,24.166666667
0.5,0.735,0.18,0.289,0.289,0,0,0,0,0,0,0.259,24.166666667,24.166666667
0.347,0.694,0.151,0.216,0.216,0,0,0,0,0,0,0.266,24.166666667,24.166666667
0.486,0.732,0.234,0.283,0.283,0,0,0,0,0,0,0.333,24.166666667,24.166666667
0.5,0.754,0.263,0.309,0.309,0,0,0,0,0,0,0.166,24.166666667,24.166666667
0.5,0.785,0.277,0.365,0.365,0,0,0,0,0,0.767,0.2,24.166666667,24.166666667
0.653,0.852,0.331,0.542,0.542,0,0,0,0,0,0,0.133,24.166666667,24.166666667
0.75,0.866,0.386,0.671,0.671,0,0,0,0,0,0,0.166,24.166666667,24.166666667
0.736,0.85,0.49,0.687,0.687,0,0,0,0,0,0.417,0.0665,24.166666667,24.166666667
0.833,0.866,0.673,0.686,0.686,0.593,0.533,0,0,0,1,0.233,24.166666667,24.166666667
0.833,0.813,0.633,0.529,0.529,0.638,0,0,0,0,0.65,0,24.166666667,24.166666667
0.833,0.758,0.418,0.453,0.453,0.148,0,0,0,0,0,0.139,24.166666667,24.166666667
0.861,0.715,0.203,0.232,0.232,0,0,0,0,0,0,0.0881,24.166666667,24.166666667
1,0.666,0.0698,0.104,0.104,0,0,0,0,0,0,0.0665,24.166666667,24.166666667
1,0.638,0.0303,0.0669,0.0669,0,0,0,0,0,0,0.0665,24.166666667,24.166666667
1,0.624,0.0209,0.0581,0.0581,0,0,0,0,0,0,0.166,17.777777778,23.888888889
1,0.624,0.0189,0.0577,0.0577,0,0,0,0,0,0,0.233,17.777777778,23.888888889
1,0.601,0.0184,0.0577,0.0577,0,0,0,0,0,0,0,17.777777778,23.888888889
1,0.599,0.0184,0.0577,0.0577,0,0,0,0,0,0,0,17.777777778,23.888888889
1,0.599,0.0184,0.0577,0.0577,0,0,0,0,0,0,0,17.777777778,23.888888889
1,0.599,0.0184,0.0577,0.0577,0,0,0,0,0,0,0,17.777777778,23.888888889
1,0.716,0.0902,0.272,0.272,0,0,0,0,0,0,0.357,17.777777778,23.888888889
1,0.792,0.177,0.421,0.421,0.492,0.667,0.293,0.667,0,0,0.312,17.777777778,23.888888889
0.847,0.785,0.202,0.398,0.398,0.697,0.4,0.887,0.3,0.267,0,0.28,17.777777778,23.888888889
0.833,0.781,0.219,0.377,0.377,0.267,0,0.48,0,0,0,0.233,24.166666667,24.166666667
0.528,0.697,0.135,0.225,0.225,0,0,0.536,0,0,0,0.2,24.166666667,24.166666667
0.611,0.72,0.189,0.261,0.261,0,0,0.587,0,0,0,0.0998,24.166666667,24.166666667
0.667,0.777,0.307,0.36,0.36,0,0,0.781,0,0,0,0.2,24.166666667,24.166666667
0.667,0.806,0.345,0.392,0.392,0,0,0,0,0,0,0.0998,24.166666667,24.166666667
0.583,0.815,0.32,0.415,0.415,0,0,0.0874,0.417,0,0,0.333,24.166666667,24.166666667
0.556,0.839,0.316,0.515,0.515,0,0,0.509,0.55,0.45,0,0.13,24.166666667,24.166666667
0.542,0.847,0.359,0.627,0.627,0,0,0.49,0,0.9,0,0.0998,24.166666667,24.166666667
0.653,0.886,0.56,0.779,0.779,0,0,0,0,0,0,0.166,24.166666667,24.166666667
0.847,0.938,0.852,0.853,0.853,0,0,0,0,0,0.917,0.48,24.166666667,24.166666667
0.931,0.899,0.877,0.717,0.717,0,0,0,0,0,0.117,0.158,24.166666667,24.166666667
0.986,0.801,0.526,0.56,0.56,0,0,0,0,0,0,0.0898,24.166666667,24.166666667
1,0.678,0.148,0.181,0.181,0,0,0,0,0,0,0.0825,24.166666667,24.166666667
1,0.604,0.0232,0.0642,0.0642,0,0,0,0,0,0,0,24.166666667,24.166666667
1,0.599,0.0161,0.0577,0.0577,0,0,0,0,0,0,0,24.166666667,24.166666667
1,0.599,0.0161,0.0577,0.0577,0,0,0,0,0,0,0,17.777777778,23.888888889
1,0.599,0.0161,0.0577,0.0577,0,0,0,0,0,0,0,17.777777778,23.888888889
0.847,0.599,0.0161,0.0577,0.0577,0,0,0,0,0,0,0,17.777777778,23.888888889
0.736,0.628,0.0221,0.0807,0.0807,0,0,0,0,0,0,0.362,17.777777778,23.888888889
0.514,0.654,0.0331,0.158,0.158,0,0,0,0,0,0,0.382,17.777777778,23.888888889
0.306,0.651,0.0341,0.153,0.153,0,0,0,0,0,0.417,0.376,17.777777778,23.888888889
0.167,0.644,0.0344,0.14,0.14,0.367,0.417,0,0,0,0.1,0.166,17.777777778,23.888888889
0.167,0.644,0.0383,0.143,0.143,0.206,0.933,0,0,0,0,0.0998,17.777777778,23.888888889
0.167,0.644,0.0414,0.141,0.141,0,0,0,0,0,0,0,17.777777778,23.888888889
0.167,0.644,0.0445,0.137,0.137,0,0,0,0,0,0,0.133,24.166666667,24.166666667
0.236,0.663,0.059,0.167,0.167,0,0,0,0,0,0.25,0.0665,24.166666667,24.166666667
0.25,0.667,0.0674,0.172,0.172,0,0,0,0,0,0,0.194,24.166666667,24.166666667
0.292,0.679,0.0803,0.193,0.193,0,0,0,0,0,0,0.222,24.166666667,24.166666667
0.486,0.751,0.137,0.302,0.302,0,0,0,0,0,0,0.318,24.166666667,24.166666667
0.472,0.774,0.162,0.348,0.348,0,0,0,0,0,0,0.0998,24.166666667,24.166666667
0.556,0.841,0.231,0.521,0.521,0,0,0,0,0,0.517,0.166,24.166666667,24.166666667
0.778,0.955,0.422,0.876,0.876,0.201,0.167,0,0,0,0,0.133,24.166666667,24.166666667
0.681,0.899,0.512,0.809,0.809,0.602,1,0,0,0,0,0.133,24.166666667,24.166666667
0.667,0.855,0.601,0.66,0.66,0,0.183,0,0,0,0,0.0921,24.166666667,24.166666667
0.667,0.69,0.263,0.259,0.259,0,0,0,0,0,0,0.133,24.166666667,24.166666667
0.667,0.623,0.0722,0.116,0.116,0,0,0,0,0,0,0,24.166666667,24.166666667
0.861,0.606,0.0252,0.0674,0.0674,0,0,0,0,0,0,0.13,24.166666667,24.166666667
0.833,0.599,0.0161,0.0577,0.0577,0,0,0,0,0,0,0,24.166666667,24.166666667
0.833,0.599,0.0161,0.0577,0.0577,0,0,0,0,0,0,0,24.166666667,24.166666667
0.833,0.599,0.0161,0.0577,0.0577,0,0,0,0,0,0,0,17.777777778,23.888888889
0.833,0.599,0.0161,0.0577,0.0577,0,0,0,0,0,0,0,17.777777778,23.888888889
0.958,0.605,0.0166,0.058,0.058,0,0,0,0,0,0,0.0998,17.777777778,23.888888889
0.833,0.609,0.0182,0.0659,0.0659,0,0,0,0,0,0,0.323,17.777777778,23.888888889
0.833,0.693,0.0455,0.232,0.232,0,0,0,0,0,0,0.828,17.777777778,23.888888889
0.736,0.739,0.0648,0.317,0.317,0,0,0,0,0,0,0.503,17.777777778,23.888888889
0.472,0.682,0.0496,0.209,0.209,0,0,0,0,0,0,0.286,17.777777778,23.888888889
0.333,0.686,0.059,0.222,0.222,0,0,0,0,0,0,0.21,17.777777778,23.888888889
0.333,0.69,0.0668,0.224,0.224,0,0,0,0,0,0,0.0877,17.777777778,23.888888889
0.333,0.69,0.0728,0.217,0.217,0,0,0,0,0,0,0.352,24.166666667,24.166666667
0.306,0.682,0.0715,0.199,0.199,0,0,0,0,0,0,0.352,24.166666667,24.166666667
0.167,0.644,0.0504,0.134,0.134,0,0,0,0,0,0,0.299,24.166666667,24.166666667
0.236,0.663,0.0682,0.167,0.167,0,0,0,0,0,0,0.133,24.166666667,24.166666667
0.403,0.724,0.116,0.26,0.26,0,0,0,0,0,0.417,0.133,24.166666667,24.166666667
0.611,0.785,0.171,0.365,0.365,0,0,0,0,0,0.35,0.0998,24.166666667,24.166666667
0.778,0.865,0.252,0.565,0.565,0,0,0,0,0,0.667,0.133,24.166666667,24.166666667
0.806,0.943,0.407,0.846,0.846,0,0,0,0,0,1,0.0665,24.166666667,24.166666667
0.667,0.893,0.505,0.794,0.794,0.404,0.417,0,0,0,0.667,0.179,24.166666667,24.166666667
0.583,0.833,0.549,0.609,0.609,0.757,0.117,0,0,0,0,0.125,24.166666667,24.166666667
0.694,0.726,0.362,0.338,0.338,0.846,0,0,0,0,0,0.127,24.166666667,24.166666667
0.833,0.667,0.177,0.224,0.224,0.34,0,0,0,0,0,0.137,24.166666667,24.166666667
0.903,0.64,0.072,0.118,0.118,0,0,0,0,0,0,0,24.166666667,24.166666667
1,0.622,0.0322,0.075,0.075,0,0,0,0,0,0,0,24.166666667,24.166666667
1,0.599,0.0161,0.0577,0.0577,0,0,0,0,0,0,0,24.166666667,24.166666667
1,0.599,0.0161,0.0577,0.0577,0,0,0,0,0,0,0,17.777777778,23.888888889
1,0.599,0.0161,0.0577,0.0577,0,0,0,0,0,0,0,17.777777778,23.888888889
1,0.599,0.0161,0.0577,0.0577,0,0,0,0,0,0,0,17.777777778,23.888888889
1,0.613,0.0191,0.0692,0.0692,0,0,0,0,0,0,0.2,17.777777778,23.888888889
0.819,0.669,0.0376,0.184,0.184,0,0,0,0,0,0.417,0.204,17.777777778,23.888888889
0.639,0.713,0.0558,0.268,0.268,0,0,0,0,0,0.1,0.306,17.777777778,23.888888889
0.347,0.689,0.0527,0.223,0.223,0,0,0,0,0,0,0.571,17.777777778,23.888888889
0.181,0.648,0.0398,0.15,0.15,0,0,0.348,0.667,0,0,0.0998,17.777777778,23.888888889
0.167,0.644,0.0414,0.141,0.141,0,0,0.509,0.3,0.7,0,0.166,17.777777778,23.888888889
0.167,0.644,0.0445,0.137,0.137,0,0,0.596,0,1,0,0.166,24.166666667,24.166666667
0.236,0.663,0.059,0.167,0.167,0,0,0.725,0,0.2,0,0.0333,24.166666667,24.166666667
0.333,0.69,0.0848,0.21,0.21,0,0,0.687,0,0,0,0.166,24.166666667,24.166666667
0.333,0.69,0.0895,0.212,0.212,0,0,0.795,0,0,0,0.2,24.166666667,24.166666667
0.361,0.703,0.0986,0.225,0.225,0,0,0.397,0,0,0,0.257,24.166666667,24.166666667
0.347,0.665,0.0712,0.167,0.167,0,0,0,0,0,0,0.288,24.166666667,24.166666667
0.639,0.805,0.2,0.454,0.454,0,0,0.143,0.167,0,0.25,0.0974,24.166666667,24.166666667
0.819,0.898,0.357,0.745,0.745,0,0,0.836,0.8,0.2,0,0.29,24.166666667,24.166666667
0.611,0.795,0.338,0.548,0.548,0,0,0.417,0,1,0,0.0987,24.166666667,24.166666667
0.5,0.733,0.321,0.372,0.372,0,0,0.765,0,0.15,0,0.133,24.166666667,24.166666667
0.583,0.724,0.36,0.332,0.332,0,0,0.293,0,0,0,0.0787,24.166666667,24.166666667
0.5,0.613,0.0503,0.0916,0.0916,0,0,0,0,0,0,0.225,24.166666667,24.166666667
0.653,0.625,0.0495,0.0933,0.0933,0,0,0,0,0,0,0.0606,24.166666667,24.166666667
0.556,0.607,0.0225,0.0645,0.0645,0,0,0,0,0,0,0,24.166666667,24.166666667
0.653,0.599,0.0161,0.0577,0.0577,0,0,0,0,0,0,0,24.166666667,24.166666667
0.667,0.599,0.0161,0.0577,0.0577,0,0,0,0,0,0,0,17.777777778,23.888888889
0.667,0.599,0.0161,0.0577,0.0577,0,0,0,0,0,0,0,17.777777778,23.888888889
0.972,0.648,0.0203,0.0598,0.0598,0,0,0,0,0,0,0.657,17.777777778,23.888888889
1,0.673,0.0308,0.112,0.112,0,0,0,0,0,0,0.384,17.777777778,23.888888889
0.972,0.713,0.0513,0.265,0.265,0,0,0,0,0,0,0.291,17.777777778,23.888888889
0.639,0.725,0.0599,0.291,0.291,0,0,0,0,0,0,0.588,17.777777778,23.888888889
0.667,0.735,0.071,0.305,0.305,0,0,0,0,0,0,0.348,17.777777778,23.888888889
0.556,0.705,0.0677,0.257,0.257,0,0,0,0,0,0,0.309,17.777777778,23.888888889
0.403,0.663,0.0518,0.176,0.176,0,0,0,0,0,0,0.326,17.777777778,23.888888889
0.0556,0.61,0.0232,0.0776,0.0776,0,0,0,0,0,0,0.149,24.166666667,24.166666667
0.25,0.667,0.0616,0.173,0.173,0,0,0,0,0,0,0.366,24.166666667,24.166666667
0.5,0.735,0.119,0.286,0.286,0,0,0,0,0,0,0.299,24.166666667,24.166666667
0.389,0.705,0.102,0.237,0.237,0,0,0,0,0,0,0.2,24.166666667,24.166666667
0.222,0.668,0.0709,0.169,0.169,0,0,0,0,0,0,0.2,24.166666667,24.166666667
0.167,0.661,0.0677,0.16,0.16,0,0,0,0,0,0,0.0998,24.166666667,24.166666667
0.167,0.671,0.0802,0.196,0.196,0,0,0,0,0,0.667,0.0333,24.166666667,24.166666667
0.403,0.784,0.228,0.485,0.485,0.136,0.167,0,0,0,0.1,0.166,24.166666667,24.166666667
0.472,0.807,0.365,0.58,0.58,0.354,0.367,0,0,0,0,0.252,24.166666667,24.166666667
0.667,0.806,0.485,0.544,0.544,0,0,0,0,0,0,0.231,24.166666667,24.166666667
0.667,0.729,0.373,0.345,0.345,0,0,0,0,0,0,0.0359,24.166666667,24.166666667
0.889,0.648,0.131,0.181,0.181,0,0,0,0,0,0,0,24.166666667,24.166666667
1,0.609,0.0325,0.0755,0.0755,0,0,0,0,0,0,0.144,24.166666667,24.166666667
1,0.599,0.0161,0.0577,0.0577,0,0,0,0,0,0,0,24.166666667,24.166666667
1,0.599,0.0161,0.0577,0.0577,0,0,0,0,0,0,0,24.166666667,24.166666667
1,0.599,0.0161,0.0577,0.0577,0,0,0,0,0,0,0,17.777777778,23.888888889
1,0.599,0.0161,0.0577,0.0577,0,0,0,0,0,0,0,17.777777778,23.888888889
1,0.622,0.018,0.0587,0.0587,0,0,0,0,0,0,0.387,17.777777778,23.888888889
1,0.624,0.021,0.0759,0.0759,0,0,0,0,0,0,0.29,17.777777778,23.888888889
0.847,0.672,0.0389,0.193,0.193,0,0,0,0,0,0,0.862,17.777777778,23.888888889
0.611,0.705,0.0529,0.253,0.253,0,0,0,0,0,0,0.864,17.777777778,23.888888889
0.5,0.697,0.0558,0.237,0.237,0.669,0.533,0,0,0,0.167,0.266,17.777777778,23.888888889
0.5,0.735,0.0827,0.314,0.314,0.26,0,0,0,0,0.867,0.115,17.777777778,23.888888889
0.431,0.716,0.0814,0.273,0.273,0,0,0,0,0,0,0.332,17.777777778,23.888888889
0.361,0.697,0.0776,0.23,0.23,0,0,0,0,0,0,0.392,24.166666667,24.166666667
0.319,0.679,0.0688,0.193,0.193,0,0,0,0,0,0,0.303,24.166666667,24.166666667
0.167,0.599,0.0161,0.0577,0.0577,0,0,0,0,0,0,0,24.166666667,24.166666667
0.403,0.663,0.0683,0.167,0.167,0,0,0,0,0,0,0.392,24.166666667,24.166666667
0.486,0.699,0.0956,0.219,0.219,0,0,0,0,0,0,0.299,24.166666667,24.166666667
0.5,0.733,0.128,0.28,0.28,0,0,0,0,0,0.167,0.343,24.166666667,24.166666667
0.569,0.846,0.236,0.53,0.53,0,0,0,0,0,0.6,0.151,24.166666667,24.166666667
0.792,0.892,0.348,0.727,0.727,0,0,0,0,0,0,0.233,24.166666667,24.166666667
0.667,0.819,0.383,0.61,0.61,0,0,0,0,0,0,0.0333,24.166666667,24.166666667
0.667,0.799,0.474,0.529,0.529,0,0,0,0,0,0,0.0665,24.166666667,24.166666667
0.694,0.698,0.288,0.278,0.278,0,0,0,0,0,0,0.158,24.166666667,24.166666667
0.833,0.608,0.0406,0.0768,0.0768,0,0,0,0,0,0,0,24.166666667,24.166666667
0.833,0.599,0.0161,0.0577,0.0577,0,0,0,0,0,0,0,24.166666667,24.166666667
0.861,0.603,0.0209,0.0601,0.0601,0,0,0,0,0,0,0.0817,24.166666667,24.166666667
1,0.607,0.0213,0.0601,0.0601,0,0,0,0,0,0,0,24.166666667,24.166666667
1,0.599,0.0184,0.0577,0.0577,0,0,0,0,0,0,0,17.777777778,23.888888889
1,0.599,0.0184,0.0577,0.0577,0,0,0,0,0,0,0,17.777777778,23.888888889
1,0.599,0.0184,0.0577,0.0577,0,0,0,0,0,0,0,17.777777778,23.888888889
1,0.599,0.0184,0.0577,0.0577,0,0,0,0,0,0,0,17.777777778,23.888888889
1,0.628,0.0251,0.112,0.112,0,0,0,0,0,0,0.0998,17.777777778,23.888888889
1,0.64,0.0333,0.134,0.134,0,0,0,0,0,0,0.153,17.777777778,23.888888889
1,0.663,0.0568,0.175,0.175,0,0,0,0,0,0,0.35,17.777777778,23.888888889
0.931,0.671,0.0766,0.193,0.193,0,0,0,0,0,0,0.421,17.777777778,23.888888889
0.986,0.77,0.189,0.369,0.369,0,0,0,0,0,0,0.253,17.777777778,23.888888889
0.736,0.77,0.206,0.357,0.357,0,0,0,0,0,0.917,0.324,24.166666667,24.166666667
0.667,0.739,0.185,0.295,0.295,0,0,0,0,0,0.783,0.489,24.166666667,24.166666667
0.667,0.777,0.27,0.356,0.356,0,0,0,0,0,0.35,0.389,24.166666667,24.166666667
0.556,0.751,0.263,0.315,0.315,0,0,0,0,0,0,0.25,24.166666667,24.166666667
0.5,0.754,0.263,0.309,0.309,0,0,0,0,0,0,0.133,24.166666667,24.166666667
0.472,0.774,0.262,0.348,0.348,0,0,0,0,0,0,0.0998,24.166666667,24.166666667
0.333,0.744,0.197,0.333,0.333,0,0,0,0,0,0,0.0998,24.166666667,24.166666667
0.361,0.764,0.246,0.437,0.437,0,0,0,0,0,0.25,0.0333,24.166666667,24.166666667
0.528,0.832,0.455,0.641,0.641,0,0,0,0,0,0,0.0998,24.166666667,24.166666667
0.694,0.877,0.7,0.712,0.712,0,0,0,0,0,0,0,24.166666667,24.166666667
0.833,0.867,0.787,0.647,0.647,0,0,0,0,0,0,0.245,24.166666667,24.166666667
0.875,0.775,0.463,0.495,0.495,0,0,0,0,0,0,0.0884,24.166666667,24.166666667
0.861,0.667,0.129,0.163,0.163,0,0,0,0,0,0,0.128,24.166666667,24.166666667
1,0.626,0.0401,0.0774,0.0774,0,0,0,0,0,0,0.39,24.166666667,24.166666667
1,0.607,0.0213,0.0601,0.0601,0,0,0,0,0,0,0.0585,24.166666667,24.166666667
1,0.599,0.0184,0.0577,0.0577,0,0,0,0,0,0,0,17.777777778,23.888888889
1,0.599,0.0184,0.0577,0.0577,0,0,0,0,0,0,0,17.777777778,23.888888889
0.972,0.617,0.0197,0.0585,0.0585,0,0,0,0,0,0.767,0.166,17.777777778,23.888888889
0.833,0.599,0.0184,0.0577,0.0577,0,0,0,0,0,0,0,17.777777778,23.888888889
0.833,0.604,0.0196,0.0676,0.0676,0,0,0,0,0,0,0.0912,17.777777778,23.888888889
0.764,0.623,0.0268,0.101,0.101,0,0,0,0,0,0,0.0333,17.777777778,23.888888889
0.667,0.606,0.023,0.0715,0.0715,0,0,0,0,0,0,0.0945,17.777777778,23.888888889
0.514,0.603,0.0207,0.0646,0.0646,0,0,0,0,0,0,0.0893,17.777777778,23.888888889
0.347,0.618,0.0374,0.0923,0.0923,0,0,0,0,0,0,0.0998,17.777777778,23.888888889
0.292,0.675,0.102,0.19,0.19,0,0,0.417,0.667,0,0,0.406,24.166666667,24.166666667
0.361,0.697,0.135,0.225,0.225,0,0,0.448,0.3,0.7,0,0.413,24.166666667,24.166666667
0.5,0.735,0.21,0.286,0.286,0,0,0.273,0,0.65,0,0.428,24.166666667,24.166666667
0.5,0.735,0.239,0.289,0.289,0,0,0.714,0,0,0,0.382,24.166666667,24.166666667
0.5,0.754,0.263,0.309,0.309,0,0,0.358,0,0,0,0.324,24.166666667,24.166666667
0.472,0.774,0.262,0.348,0.348,0,0,0.507,0,0,0,0.294,24.166666667,24.166666667
0.292,0.725,0.175,0.298,0.298,0,0,0,0,0,0,0.166,24.166666667,24.166666667
0.569,0.777,0.263,0.467,0.467,0,0,0,0,0,0,0.166,24.166666667,24.166666667
0.5,0.703,0.215,0.319,0.319,0,0,0,0,0,0,0.206,24.166666667,24.166666667
0.611,0.804,0.525,0.539,0.539,0,0,0,0,0,0,0.169,24.166666667,24.166666667
0.667,0.765,0.493,0.424,0.424,0,0,0,0,0,0,0.349,24.166666667,24.166666667
0.778,0.744,0.382,0.419,0.419,0,0,0,0,0,0,0.453,24.166666667,24.166666667
0.986,0.741,0.241,0.268,0.268,0,0,0,0,0,0,0.617,24.166666667,24.166666667
1,0.656,0.0582,0.1,0.1,0,0,0.157,0.417,0,0,0,24.166666667,24.166666667
1,0.648,0.0277,0.0689,0.0689,0,0,0.541,0.55,0.45,0,0.327,24.166666667,24.166666667
1,0.638,0.0187,0.0585,0.0585,0.752,0.533,0.105,0,0.0833,0,0.166,17.777777778,23.888888889
1,0.601,0.0162,0.0577,0.0577,0.206,0,0,0,0,0,0,17.777777778,23.888888889
0.889,0.605,0.0166,0.058,0.058,0,0,0,0,0,0,0.186,17.777777778,23.888888889
0.806,0.622,0.0208,0.0758,0.0758,0,0,0,0,0,0,0.448,17.777777778,23.888888889
0.597,0.63,0.0256,0.114,0.114,0,0,0,0,0,0,0.37,17.777777778,23.888888889
0.389,0.612,0.0206,0.082,0.082,0,0,0,0,0,0,0.0998,17.777777778,23.888888889
0.333,0.641,0.0332,0.134,0.134,0,0,0,0,0,0,0.133,17.777777778,23.888888889
0.181,0.644,0.0383,0.143,0.143,0,0,0,0,0,0,0.12,17.777777778,23.888888889
0.167,0.644,0.0414,0.141,0.141,0,0,0,0,0,0,0.428,17.777777778,23.888888889
0.167,0.644,0.0445,0.137,0.137,0,0,0,0,0,0,0.0333,24.166666667,24.166666667
0.125,0.633,0.0387,0.116,0.116,0,0,0,0,0,0,0.0333,24.166666667,24.166666667
0.167,0.644,0.0504,0.134,0.134,0,0,0,0,0,0,0.2,24.166666667,24.166666667
0.167,0.644,0.0528,0.135,0.135,0,0,0,0,0,0,0.2,24.166666667,24.166666667
0.167,0.651,0.0574,0.141,0.141,0,0,0,0,0,0,0.299,24.166666667,24.166666667
0.194,0.671,0.0765,0.177,0.177,0,0,0,0,0,0,0.135,24.166666667,24.166666667
0.556,0.841,0.231,0.521,0.521,0,0,0,0,0,0,0.177,24.166666667,24.166666667
0.514,0.834,0.282,0.594,0.594,0,0,0,0,0,0,0.0665,24.166666667,24.166666667
0.5,0.819,0.383,0.61,0.61,0,0,0,0,0,0.417,0.133,24.166666667,24.166666667
0.528,0.81,0.5,0.555,0.555,0,0,0,0,0,1,0.19,24.166666667,24.166666667
0.819,0.804,0.582,0.51,0.51,0,0,0,0,0,1,0,24.166666667,24.166666667
0.986,0.712,0.28,0.338,0.338,0,0,0,0,0,0.95,0.0333,24.166666667,24.166666667
1,0.605,0.0307,0.0739,0.0739,0,0,0,0,0,0,0,24.166666667,24.166666667
1,0.599,0.0161,0.0577,0.0577,0,0,0,0,0,0,0,24.166666667,24.166666667
1,0.599,0.0161,0.0577,0.0577,0,0,0,0,0,0,0,24.166666667,24.166666667
0.847,0.599,0.0161,0.0577,0.0577,0,0,0,0,0,0,0,17.777777778,23.888888889
0.833,0.599,0.0161,0.0577,0.0577,0,0,0,0,0,0,0,17.777777778,23.888888889
0.986,0.603,0.0164,0.0579,0.0579,0,0,0,0,0,0.167,0,17.777777778,23.888888889
0.889,0.63,0.0223,0.0808,0.0808,0,0,0,0,0,1,0.345,17.777777778,23.888888889
0.833,0.68,0.0413,0.207,0.207,0,0,0,0,0,0.9,0.592,17.777777778,23.888888889
0.681,0.761,0.0725,0.357,0.357,0,0,0,0,0,0,0.71,17.777777778,23.888888889
0.597,0.761,0.0815,0.353,0.353,0,0,0,0,0,0,0.118,17.777777778,23.888888889
0.361,0.697,0.0639,0.243,0.243,0,0,0,0,0,0,0.286,17.777777778,23.888888889
0.278,0.675,0.0585,0.196,0.196,0,0,0,0,0,0,0.102,17.777777778,23.888888889
0.306,0.682,0.0681,0.204,0.204,0,0,0,0,0,0,0.178,24.166666667,24.166666667
0.167,0.644,0.0463,0.135,0.135,0.492,0.667,0,0,0,0,0.233,24.166666667,24.166666667
0.25,0.667,0.0678,0.172,0.172,0.649,0.4,0,0,0,0,0.0998,24.166666667,24.166666667
0.5,0.728,0.12,0.276,0.276,0.114,0,0.539,0.917,0,0.767,0.266,24.166666667,24.166666667
0.667,0.754,0.14,0.309,0.309,0,0,0.229,0.05,0.95,0,0.233,24.166666667,24.166666667
0.667,0.842,0.219,0.46,0.46,0,0,0.178,0,0.683,0,0.166,24.166666667,24.166666667
0.736,0.888,0.273,0.609,0.609,0,0,0.0509,0.167,0,0,0.233,24.166666667,24.166666667
0.833,0.872,0.326,0.683,0.683,0.391,0.417,0.207,0.8,0.2,0,0.233,24.166666667,24.166666667
0.833,0.789,0.33,0.533,0.533,0,0.933,0,0,1,0,0.0333,24.166666667,24.166666667
0.681,0.733,0.321,0.372,0.372,0,0,0,0,1,0,0,24.166666667,24.166666667
0.514,0.658,0.177,0.188,0.188,0,0,0,0,0.517,0,0,24.166666667,24.166666667
0.5,0.603,0.0283,0.0672,0.0672,0,0,0,0,0,0,0,24.166666667,24.166666667
0.681,0.625,0.0495,0.0933,0.0933,0,0,0,0,0,0,0.501,24.166666667,24.166666667
0.986,0.607,0.0225,0.0645,0.0645,0,0,0,0,0,0,0,24.166666667,24.166666667
1,0.599,0.0161,0.0577,0.0577,0,0,0,0,0,0,0,24.166666667,24.166666667
1,0.599,0.0161,0.0577,0.0577,0,0,0,0,0,0,0,17.777777778,23.888888889
1,0.599,0.0161,0.0577,0.0577,0,0,0,0,0,0,0,17.777777778,23.888888889
1,0.632,0.0189,0.0591,0.0591,0,0,0,0,0,0,0.272,17.777777778,23.888888889
0.861,0.661,0.0284,0.104,0.104,0,0,0,0,0,0.417,0.285,17.777777778,23.888888889
0.639,0.685,0.0426,0.214,0.214,0,0,0,0,0,0.35,0.496,17.777777778,23.888888889
0.431,0.664,0.0386,0.177,0.177,0,0,0,0,0,0,0.072,17.777777778,23.888888889
0.361,0.652,0.0375,0.154,0.154,0,0,0,0,0,0,0.282,17.777777778,23.888888889
0.583,0.713,0.0718,0.271,0.271,0,0,0.658,0.917,0,0,0.154,17.777777778,23.888888889
0.347,0.69,0.0668,0.224,0.224,0,0,0.399,0.05,0.817,0,0.151,17.777777778,23.888888889
0.333,0.69,0.0728,0.217,0.217,0,0,0.582,0,0,0,0.166,24.166666667,24.166666667
0.333,0.682,0.0715,0.199,0.199,0,0,0.509,0,0,0,0.0811,24.166666667,24.166666667
0.333,0.644,0.0504,0.134,0.134,0,0,0,0,0,0.667,0.0665,24.166666667,24.166666667
0.222,0.656,0.062,0.154,0.154,0.644,0.667,0,0,0,0.883,0.423,24.166666667,24.166666667
0.264,0.673,0.0747,0.176,0.176,0.174,0.133,0.343,0.417,0,0.667,0.0333,24.166666667,24.166666667
0.583,0.765,0.154,0.332,0.332,0,0,0.757,0.55,0.45,0.617,0.33,24.166666667,24.166666667
0.528,0.828,0.219,0.495,0.495,0.163,0.167,0,0,1,0,0.223,24.166666667,24.166666667
0.667,0.904,0.363,0.757,0.757,0.703,1,0,0,0.183,0,0.751,24.166666667,24.166666667
0.667,0.826,0.39,0.625,0.625,0.667,0.183,0,0,0,0,0.396,24.166666667,24.166666667
0.667,0.799,0.474,0.529,0.529,0,0,0,0,0,0,0,24.166666667,24.166666667
0.806,0.755,0.447,0.402,0.402,0,0,0.288,0.417,0,0.767,0,24.166666667,24.166666667
1,0.745,0.358,0.42,0.42,0,0,0.773,0.3,0.7,0,0.163,24.166666667,24.166666667
1,0.657,0.0976,0.145,0.145,0,0,0.929,0,0.933,0,0,24.166666667,24.166666667
1,0.632,0.0378,0.081,0.081,0,0,0.0548,0,0,0,0,24.166666667,24.166666667
1,0.624,0.0219,0.0633,0.0633,0.542,0.917,0,0,0,0,0.264,24.166666667,24.166666667
1,0.624,0.0176,0.0581,0.0581,0,0.433,0,0,0,0,0.221,17.777777778,23.888888889
1,0.624,0.0165,0.0577,0.0577,0,0,0,0,0,0,0.133,17.777777778,23.888888889
1,0.624,0.018,0.0587,0.0587,0,0,0,0,0,0,0.504,17.777777778,23.888888889
0.847,0.634,0.0231,0.0841,0.0841,0,0,0,0,0,0,0.161,17.777777778,23.888888889
0.75,0.651,0.0318,0.15,0.15,0,0,0,0,0,0,0.36,17.777777778,23.888888889
0.611,0.666,0.0394,0.182,0.182,0,0,0,0,0,0.767,0.0998,17.777777778,23.888888889
0.653,0.686,0.0515,0.216,0.216,0,0,0,0,0,0,0.306,17.777777778,23.888888889
0.361,0.69,0.0605,0.228,0.228,0,0,0,0,0,0,0.157,17.777777778,23.888888889
0.403,0.709,0.0774,0.259,0.259,0,0,0,0,0,0,0.267,17.777777778,23.888888889
0.5,0.735,0.101,0.297,0.297,0,0,0,0,0,0,0.412,24.166666667,24.166666667
0.5,0.735,0.107,0.289,0.289,0,0,0,0,0,0,0.0998,24.166666667,24.166666667
0.569,0.754,0.134,0.318,0.318,0,0,0,0,0,0.667,0.133,24.166666667,24.166666667
0.569,0.713,0.108,0.25,0.25,0,0,0.394,0.667,0,1,0.0998,24.166666667,24.166666667
0.264,0.651,0.0574,0.141,0.141,0,0,0.491,0.3,0.533,1,0.2,24.166666667,24.166666667
0.236,0.687,0.0896,0.203,0.203,0,0,0.351,0,0,0.7,0.0998,24.166666667,24.166666667
0.556,0.841,0.231,0.521,0.521,0,0,0,0,0,0.517,0,24.166666667,24.166666667
0.778,0.885,0.341,0.713,0.713,0,0,0,0,0,0.517,0,24.166666667,24.166666667
0.833,0.893,0.505,0.794,0.794,0,0,0,0,0,0,0.133,24.166666667,24.166666667
0.833,0.899,0.705,0.763,0.763,0,0,0,0,0,0,0.458,24.166666667,24.166666667
0.833,0.77,0.484,0.434,0.434,0,0,0,0,0,0,0.0836,24.166666667,24.166666667
0.833,0.627,0.0845,0.125,0.125,0,0,0,0,0,0,0.111,24.166666667,24.166666667
0.875,0.599,0.0161,0.0577,0.0577,0,0,0,0,0,0,0,24.166666667,24.166666667
0.833,0.599,0.0161,0.0577,0.0577,0,0,0,0,0,0,0,24.166666667,24.166666667
0.861,0.603,0.0169,0.0585,0.0585,0,0,0,0,0,0,0.0836,24.166666667,24.166666667
1,0.613,0.0171,0.0581,0.0581,0,0,0,0,0,0,0,17.777777778,23.888888889
1,0.599,0.0161,0.0577,0.0577,0,0,0,0,0,0,0,17.777777778,23.888888889
1,0.599,0.0161,0.0577,0.0577,0,0,0,0,0,0,0,17.777777778,23.888888889
1,0.599,0.0161,0.0577,0.0577,0,0,0,0,0,0,0,17.777777778,23.888888889
1,0.62,0.0227,0.0972,0.0972,0,0,0,0,0,0,0.19,17.777777778,23.888888889
0.903,0.731,0.0623,0.302,0.302,0,0,0,0,0,0.917,0.298,17.777777778,23.888888889
0.667,0.708,0.0605,0.257,0.257,0,0,0,0,0,0.633,0.549,17.777777778,23.888888889
0.667,0.754,0.0921,0.349,0.349,0.393,0.417,0,0,0,0,0.191,17.777777778,23.888888889
0.639,0.773,0.113,0.377,0.377,0.435,0.65,0,0,0,0,0.209,17.777777778,23.888888889
0.528,0.735,0.101,0.297,0.297,0.389,0.417,0,0,0,0,0.338,24.166666667,24.166666667
0.667,0.735,0.107,0.289,0.289,0.304,0.117,0,0,0,0,0.308,24.166666667,24.166666667
0.514,0.694,0.0873,0.216,0.216,0,0,0,0,0,0,0.64,24.166666667,24.166666667
0.417,0.667,0.0711,0.173,0.173,0,0,0,0,0,0,0.426,24.166666667,24.166666667
0.5,0.711,0.106,0.239,0.239,0,0,0.571,0.917,0,0,0.253,24.166666667,24.166666667
0.5,0.785,0.171,0.365,0.365,0,0,0.604,0.05,0.533,0,0.133,24.166666667,24.166666667
0.625,0.871,0.257,0.577,0.577,0,0,0.399,0,0,0,0.0665,24.166666667,24.166666667
0.5,0.828,0.276,0.582,0.582,0,0,0.362,0,0,0,0.0333,24.166666667,24.166666667
0.611,0.868,0.466,0.733,0.733,0,0,0.638,0,0,0,0.0998,24.166666667,24.166666667
0.667,0.822,0.523,0.583,0.583,0.609,0.667,0.475,0,0,0,0.0665,24.166666667,24.166666667
0.667,0.76,0.459,0.411,0.411,0.637,0.683,0,0,0,0,0,24.166666667,24.166666667
0.694,0.654,0.148,0.192,0.192,0.136,0,0,0,0,0,0,24.166666667,24.166666667
0.833,0.652,0.0915,0.139,0.139,0,0,0,0,0,0,0,24.166666667,24.166666667
0.833,0.601,0.0212,0.0609,0.0609,0,0,0,0,0,0,0,24.166666667,24.166666667
0.833,0.599,0.0184,0.0577,0.0577,0,0,0,0,0,0,0,24.166666667,24.166666667
0.833,0.622,0.0203,0.0577,0.0577,0,0,0,0,0,0,0.266,17.777777778,23.888888889
0.806,0.62,0.0189,0.0577,0.0577,0,0,0,0,0,0,0.2,17.777777778,23.888888889
0.972,0.599,0.0184,0.0577,0.0577,0,0,0,0,0,0,0,17.777777778,23.888888889
1,0.599,0.0184,0.0577,0.0577,0,0,0,0,0,0,0,17.777777778,23.888888889
1,0.628,0.0251,0.112,0.112,0,0,0,0,0,0,0.233,17.777777778,23.888888889
1,0.679,0.0477,0.205,0.205,0,0,0,0,0,0.25,0.0333,17.777777778,23.888888889
0.847,0.705,0.0813,0.25,0.25,0,0,0,0,0,0,0.657,17.777777778,23.888888889
0.681,0.739,0.132,0.321,0.321,0,0,0,0,0,0.167,0.371,17.777777778,23.888888889
0.667,0.777,0.195,0.383,0.383,0,0,0,0,0,0.0833,0.626,17.777777778,23.888888889
0.667,0.781,0.219,0.377,0.377,0,0,0,0,0,0,0.732,24.166666667,24.166666667
0.639,0.773,0.225,0.353,0.353,0.307,0.417,0,0,0,0,0.329,24.166666667,24.166666667
0.5,0.735,0.21,0.286,0.286,0.318,0.933,0,0,0,0,0.595,24.166666667,24.166666667
0.431,0.716,0.208,0.257,0.257,0,0,0,0,0,0,0.48,24.166666667,24.166666667
0.264,0.681,0.147,0.19,0.19,0,0,0,0,0,0,0.149,24.166666667,24.166666667
0.0139,0.603,0.0252,0.0647,0.0647,0,0,0,0,0,0,0,24.166666667,24.166666667
0.264,0.715,0.16,0.281,0.281,0,0,0,0,0,0,0.387,24.166666667,24.166666667
0.333,0.752,0.228,0.407,0.407,0,0,0,0,0,0.417,0.166,24.166666667,24.166666667
0.778,0.941,0.668,0.918,0.918,0.401,0.417,0,0,0,0.1,0.133,24.166666667,24.166666667
1,1,1,1,1,0.195,0.933,0,0,0,0,0.133,24.166666667,24.166666667
1,0.92,0.941,0.765,0.765,0,0,0,0,0,0,0,24.166666667,24.166666667
0.889,0.77,0.452,0.48,0.48,0,0,0,0,0,0,0.0997,24.166666667,24.166666667
0.986,0.656,0.112,0.147,0.147,0,0,0,0,0,0,0.117,24.166666667,24.166666667
1,0.624,0.0366,0.0742,0.0742,0,0,0,0,0,0,0.204,24.166666667,24.166666667
1,0.601,0.0197,0.0589,0.0589,0,0,0,0,0,0,0,24.166666667,24.166666667
1,0.599,0.0184,0.0577,0.0577,0,0,0,0,0,0,0,17.777777778,23.888888889
1,0.599,0.0184,0.0577,0.0577,0,0,0,0,0,0,0,17.777777778,23.888888889
1,0.599,0.0184,0.0577,0.0577,0,0,0,0,0,0,0,17.777777778,23.888888889
1,0.603,0.0189,0.061,0.061,0,0,0,0,0,0,0.207,17.777777778,23.888888889
1,0.63,0.0254,0.114,0.114,0,0,0,0,0,0,0.347,17.777777778,23.888888889
1,0.64,0.0333,0.134,0.134,0,0,0,0,0,0,0.179,17.777777778,23.888888889
1,0.644,0.0452,0.14,0.14,0,0,0,0,0,0,0.243,17.777777778,23.888888889
1,0.766,0.156,0.371,0.371,0,0,0,0,0,0.417,0.546,17.777777778,23.888888889
0.847,0.826,0.243,0.474,0.474,0,0,0.334,0.417,0,0.867,0.505,17.777777778,23.888888889
0.833,0.796,0.235,0.403,0.403,0.412,0.267,0.0954,0.55,0.45,0,0.211,24.166666667,24.166666667
0.681,0.781,0.234,0.366,0.366,0.255,0,0,0,1,0,0.0998,24.166666667,24.166666667
0.708,0.792,0.29,0.381,0.381,0,0,0,0,1,0,0.251,24.166666667,24.166666667
0.556,0.751,0.263,0.315,0.315,0,0,0,0,0,0,0.448,24.166666667,24.166666667
0.5,0.754,0.263,0.309,0.309,0,0,0,0,0,0,0.303,24.166666667,24.166666667
0.5,0.785,0.277,0.365,0.365,0,0,0,0,0,0,0.519,24.166666667,24.166666667
0.5,0.816,0.286,0.471,0.471,0,0,0,0,0,0,0.21,24.166666667,24.166666667
0.5,0.828,0.333,0.582,0.582,0,0,0,0,0,0,0.34,24.166666667,24.166666667
0.5,0.819,0.431,0.61,0.61,0.725,0.917,0,0,0,0,0.174,24.166666667,24.166666667
0.653,0.86,0.661,0.671,0.671,0.0922,0.15,0.467,0.917,0,0,0.323,24.166666667,24.166666667
0.597,0.791,0.57,0.482,0.482,0,0,0.739,0.05,0.95,0.417,0.0255,24.166666667,24.166666667
0.611,0.718,0.318,0.354,0.354,0,0,0.304,0,0.4,0.35,0,24.166666667,24.166666667
0.667,0.66,0.119,0.153,0.153,0,0,0,0,0,0,0,24.166666667,24.166666667
0.778,0.626,0.0355,0.0774,0.0774,0,0,0,0,0,0,0,24.166666667,24.166666667
0.833,0.624,0.0219,0.0633,0.0633,0,0,0,0,0,0,0.133,24.166666667,24.166666667
0.833,0.601,0.0165,0.0581,0.0581,0,0,0,0,0,0,0,17.777777778,23.888888889
0.944,0.599,0.0161,0.0577,0.0577,0,0,0,0,0,0,0,17.777777778,23.888888889
0.847,0.644,0.0199,0.0597,0.0597,0,0,0,0,0,0,0.233,17.777777778,23.888888889
0.778,0.64,0.0241,0.0875,0.0875,0,0,0,0,0,0,0.233,17.777777778,23.888888889
0.361,0.631,0.026,0.117,0.117,0,0,0,0,0,0,0.294,17.777777778,23.888888889
0.167,0.637,0.0296,0.129,0.129,0,0,0,0,0,0,0.19,17.777777778,23.888888889
0.167,0.644,0.0344,0.14,0.14,0,0,0,0,0,0,0.314,17.777777778,23.888888889
0.236,0.663,0.0477,0.179,0.179,0,0,0,0,0,0,0.499,17.777777778,23.888888889
0.333,0.69,0.0668,0.224,0.224,0,0,0,0,0,0,0.213,17.777777778,23.888888889
0.181,0.648,0.0466,0.144,0.144,0,0,0,0,0,0,0.174,24.166666667,24.166666667
0.208,0.656,0.0539,0.154,0.154,0,0,0,0,0,0.25,0.23,24.166666667,24.166666667
0.208,0.656,0.0591,0.153,0.153,0.613,0.533,0,0,0,0,0.166,24.166666667,24.166666667
0.139,0.637,0.0466,0.122,0.122,0.712,0,0,0,0,0,0.0665,24.166666667,24.166666667
0.139,0.643,0.0508,0.128,0.128,0.197,0,0,0,0,0,0.225,24.166666667,24.166666667
0.556,0.807,0.189,0.401,0.401,0,0,0,0,0,0.167,0.0837,24.166666667,24.166666667
0.569,0.846,0.235,0.527,0.527,0,0,0,0,0,1,0.289,24.166666667,24.166666667
0.639,0.891,0.346,0.724,0.724,0,0,0.504,0.917,0,0.633,0.0998,24.166666667,24.166666667
0.667,0.893,0.505,0.794,0.794,0,0,0.027,0.05,0.95,0.667,0.194,24.166666667,24.166666667
0.667,0.811,0.498,0.557,0.557,0,0,0.243,0,1,0.1,0.0638,24.166666667,24.166666667
0.778,0.719,0.348,0.322,0.322,0,0,0,0,0.767,0,0,24.166666667,24.166666667
0.986,0.678,0.202,0.255,0.255,0,0,0,0,0,0,0.133,24.166666667,24.166666667
1,0.645,0.0824,0.129,0.129,0,0,0,0,0,0,0,24.166666667,24.166666667
1,0.601,0.0191,0.0609,0.0609,0,0,0,0,0,0,0,24.166666667,24.166666667
1,0.622,0.0208,0.0621,0.0621,0,0,0,0,0,0,0.393,24.166666667,24.166666667
1,0.624,0.0176,0.0581,0.0581,0,0,0,0,0,0,0.209,17.777777778,23.888888889
0.889,0.607,0.0163,0.0577,0.0577,0,0,0,0,0,0,0,17.777777778,23.888888889
0.986,0.599,0.0161,0.0577,0.0577,0,0,0,0,0,0,0,17.777777778,23.888888889
0.931,0.632,0.0229,0.084,0.084,0,0,0,0,0,0,0.223,17.777777778,23.888888889
0.722,0.64,0.0285,0.13,0.13,0,0,0,0,0,0.167,0.154,17.777777778,23.888888889
0.639,0.689,0.0476,0.224,0.224,0,0,0,0,0,0.0833,0.307,17.777777778,23.888888889
0.347,0.648,0.0356,0.147,0.147,0,0,0,0,0,0,0.224,17.777777778,23.888888889
0.333,0.644,0.0383,0.143,0.143,0,0,0,0,0,0,0.0998,17.777777778,23.888888889
0.333,0.686,0.0649,0.217,0.217,0,0,0,0,0,0,0.166,17.777777778,23.888888889
0.222,0.66,0.0537,0.164,0.164,0,0,0,0,0,0,0.133,24.166666667,24.166666667
0.194,0.61,0.0235,0.0771,0.0771,0,0,0,0,0,0,0.166,24.166666667,24.166666667
0.361,0.652,0.0562,0.147,0.147,0,0,0,0,0,0,0.388,24.166666667,24.166666667
0.472,0.682,0.0834,0.199,0.199,0,0,0,0,0,0,0.161,24.166666667,24.166666667
0.306,0.642,0.0504,0.127,0.127,0,0,0,0,0,0,0.0665,24.166666667,24.166666667
0.194,0.609,0.0248,0.075,0.075,0,0,0,0,0,0,0,24.166666667,24.166666667
0.486,0.805,0.2,0.454,0.454,0,0,0,0,0,0.917,0.354,24.166666667,24.166666667
0.611,0.879,0.335,0.701,0.701,0,0,0,0,0,0.117,0.423,24.166666667,24.166666667
0.667,0.893,0.505,0.794,0.794,0,0,0,0,0,0,0.0998,24.166666667,24.166666667
0.667,0.866,0.627,0.686,0.686,0,0,0,0,0,0,0,24.166666667,24.166666667
0.667,0.778,0.509,0.453,0.453,0,0,0,0,0,0,0,24.166666667,24.166666667
0.819,0.696,0.243,0.297,0.297,0,0,0,0,0,0,0.171,24.166666667,24.166666667
0.944,0.616,0.0416,0.0852,0.0852,0,0,0,0,0,0,0.118,24.166666667,24.166666667
1,0.599,0.0161,0.0577,0.0577,0,0,0,0,0,0,0,24.166666667,24.166666667
1,0.599,0.0161,0.0577,0.0577,0,0,0,0,0,0,0,24.166666667,24.166666667
1,0.599,0.0161,0.0577,0.0577,0,0,0,0,0,0,0,17.777777778,23.888888889
1,0.599,0.0161,0.0577,0.0577,0,0,0,0,0,0,0,17.777777778,23.888888889
1,0.622,0.018,0.0587,0.0587,0,0,0,0,0,0,0.54,17.777777778,23.888888889
1,0.624,0.021,0.0759,0.0759,0,0,0,0,0,0,0.441,17.777777778,23.888888889
0.847,0.659,0.0347,0.168,0.168,0,0,0,0,0,0,0.425,17.777777778,23.888888889
0.722,0.692,0.0484,0.229,0.229,0.181,0.167,0,0,0,0,0.246,17.777777778,23.888888889
0.514,0.648,0.0356,0.147,0.147,0.562,1,0,0,0,0,0.0771,17.777777778,23.888888889
0.5,0.644,0.0383,0.143,0.143,0,0.183,0,0,0,0,0.266,17.777777778,23.888888889
0.5,0.686,0.0649,0.217,0.217,0,0,0,0,0,0,0.282,17.777777778,23.888888889
0.472,0.69,0.0728,0.217,0.217,0,0,0,0,0,0,0.352,24.166666667,24.166666667
0.0278,0.606,0.0208,0.0709,0.0709,0,0,0,0,0,0,0,24.166666667,24.166666667
0.0694,0.618,0.0305,0.0894,0.0894,0,0,0,0,0,0,0.0665,24.166666667,24.166666667
0.0972,0.625,0.0374,0.103,0.103,0,0,0,0,0,0,0.0665,24.166666667,24.166666667
0.181,0.656,0.0612,0.149,0.149,0,0,0,0,0,0,0.155,24.166666667,24.166666667
0.361,0.733,0.128,0.28,0.28,0,0,0,0,0,0.917,0.133,24.166666667,24.166666667
0.806,0.95,0.328,0.73,0.73,0,0,0,0,0,0.883,0.197,24.166666667,24.166666667
0.833,0.981,0.45,0.932,0.932,0,0,0,0,0,0.767,0.0665,24.166666667,24.166666667
0.722,0.918,0.543,0.855,0.855,0,0,0,0,0,0,0.0998,24.166666667,24.166666667
0.667,0.806,0.485,0.544,0.544,0,0,0,0,0,0,0,24.166666667,24.166666667
0.667,0.712,0.324,0.306,0.306,0,0,0,0,0,0,0,24.166666667,24.166666667
0.819,0.714,0.282,0.344,0.344,0,0,0,0,0,0,0,24.166666667,24.166666667
0.944,0.667,0.114,0.163,0.163,0,0,0,0,0,0,0.0668,24.166666667,24.166666667
1,0.651,0.0465,0.0906,0.0906,0,0,0,0,0,0,0,24.166666667,24.166666667
1,0.627,0.023,0.0645,0.0645,0,0,0,0,0,0,0.0333,24.166666667,24.166666667
1,0.625,0.0176,0.0581,0.0581,0,0,0,0,0,0,0.166,17.777777778,23.888888889
1,0.607,0.0163,0.0577,0.0577,0,0,0,0,0,0,0,17.777777778,23.888888889
1,0.646,0.0199,0.0596,0.0596,0,0,0,0,0,0,0.903,17.777777778,23.888888889
0.889,0.657,0.027,0.0984,0.0984,0,0,0,0,0,0.767,0.539,17.777777778,23.888888889
0.792,0.698,0.0456,0.232,0.232,0.716,0.667,0,0,0,0.5,0.306,17.777777778,23.888888889
0.542,0.692,0.0473,0.224,0.224,0.787,0.65,0.224,0.167,0,0,0.2,17.777777778,23.888888889
0.333,0.645,0.0342,0.139,0.139,0,0,0.458,0.833,0.167,0,0.0665,17.777777778,23.888888889
0.333,0.688,0.0586,0.218,0.218,0,0,0.28,0,0.35,0.5,0.0665,17.777777778,23.888888889
0.361,0.7,0.0706,0.234,0.234,0,0,0.464,0,0,0,0,17.777777778,23.888888889
0.458,0.727,0.0935,0.272,0.272,0,0,0.509,0,0,0,0.477,24.166666667,24.166666667
0.278,0.676,0.0659,0.184,0.184,0,0,0.539,0,0,0,0.0998,24.166666667,24.166666667
0.139,0.638,0.0444,0.12,0.12,0,0,0,0,0,0,0.0333,24.166666667,24.166666667
0.139,0.638,0.0466,0.12,0.12,0,0,0,0,0,0,0.166,24.166666667,24.166666667
0.333,0.705,0.098,0.215,0.215,0,0,0,0,0,0,0.333,24.166666667,24.166666667
0.361,0.736,0.127,0.256,0.256,0,0,0,0,0,0,0.133,24.166666667,24.166666667
0.583,0.857,0.239,0.475,0.475,0,0,0,0,0,0.767,0.0998,24.166666667,24.166666667
0.653,0.903,0.355,0.67,0.67,0,0,0,0,0,0,0,24.166666667,24.166666667
0.597,0.867,0.449,0.698,0.698,0,0,0,0,0,0,0.0333,24.166666667,24.166666667
0.639,0.82,0.509,0.607,0.607,0,0,0,0,0,0,0.251,24.166666667,24.166666667
0.833,0.754,0.432,0.44,0.44,0.807,0.917,0.134,0.417,0,0,0.0665,24.166666667,24.166666667
0.944,0.69,0.222,0.318,0.318,0.157,0.133,0.577,0.583,0.417,0,0,24.166666667,24.166666667
1,0.632,0.0638,0.112,0.112,0,0,0.0954,0,0.9,0,0,24.166666667,24.166666667
1,0.614,0.0257,0.0681,0.0681,0,0,0,0,0,0,0,24.166666667,24.166666667
1,0.599,0.0161,0.0577,0.0577,0,0,0,0,0,0,0,24.166666667,24.166666667
1,0.599,0.0161,0.0577,0.0577,0,0,0,0,0,0,0,17.777777778,23.888888889
1,0.599,0.0161,0.0577,0.0577,0,0,0,0,0,0,0,17.777777778,23.888888889
1,0.599,0.0161,0.0577,0.0577,0,0,0,0,0,0,0,17.777777778,23.888888889
1,0.622,0.0207,0.0755,0.0755,0,0,0,0,0,0,0.133,17.777777778,23.888888889
0.931,0.704,0.0477,0.245,0.245,0,0,0,0,0,0.417,0.385,17.777777778,23.888888889
0.764,0.75,0.0668,0.327,0.327,0,0,0.315,0.417,0,1,0.0333,17.777777778,23.888888889
0.514,0.695,0.0536,0.227,0.227,0,0,0.555,0.583,0.417,0.367,0.266,17.777777778,23.888888889
0.5,0.711,0.0695,0.26,0.26,0,0,0,0,0.1,0.917,0.471,17.777777778,23.888888889
0.5,0.739,0.0915,0.302,0.302,0,0,0.234,0.417,0,0.35,0.247,17.777777778,23.888888889
0.278,0.676,0.0627,0.188,0.188,0,0,0.687,0.583,0.417,0,0.384,24.166666667,24.166666667
0.167,0.645,0.0461,0.133,0.133,0,0,0.39,0,1,0,0.166,24.166666667,24.166666667
0.167,0.645,0.0502,0.132,0.132,0,0,0.517,0,0.15,0,0.0998,24.166666667,24.166666667
0.167,0.645,0.0525,0.133,0.133,0,0,0.56,0,0,0,0.0665,24.166666667,24.166666667
0.278,0.688,0.0846,0.189,0.189,0,0,0.431,0,0,0,0.166,24.166666667,24.166666667
0.292,0.709,0.106,0.217,0.217,0.0832,0.167,0.448,0,0,0,0.433,24.166666667,24.166666667
0.361,0.758,0.154,0.315,0.315,0.752,1,0.51,0,0,0.167,0.539,24.166666667,24.166666667
0.5,0.832,0.274,0.525,0.525,0,0.417,0.251,0,0,0.6,0.163,24.166666667,24.166666667
0.569,0.854,0.432,0.669,0.669,0.725,0.917,0,0,0,0,0.293,24.166666667,24.166666667
0.667,0.871,0.623,0.734,0.734,0.729,0.3,0,0,0,0,0.322,24.166666667,24.166666667
0.667,0.809,0.578,0.575,0.575,0.568,1,0,0,0,0,0.137,24.166666667,24.166666667
0.667,0.668,0.176,0.253,0.253,0.273,0.667,0,0,0,0,0,24.166666667,24.166666667
0.736,0.641,0.0716,0.119,0.119,0,0,0,0,0,0,0,24.166666667,24.166666667
0.833,0.604,0.0242,0.0642,0.0642,0,0,0,0,0,0,0,24.166666667,24.166666667
0.833,0.599,0.0184,0.0577,0.0577,0,0,0,0,0,0,0,24.166666667,24.166666667
0.986,0.612,0.0194,0.0577,0.0577,0,0,0,0,0,0,0.333,17.777777778,23.888888889
1,0.599,0.0184,0.0577,0.0577,0,0,0,0,0,0,0,17.777777778,23.888888889
0.847,0.599,0.0184,0.0577,0.0577,0,0,0,0,0,0,0,17.777777778,23.888888889
0.833,0.61,0.0196,0.0658,0.0658,0,0,0,0,0,0,0.262,17.777777778,23.888888889
0.611,0.617,0.0223,0.0886,0.0886,0,0,0,0,0,0,0.0665,17.777777778,23.888888889
0.611,0.617,0.0248,0.0897,0.0897,0,0,0,0,0,0,0.145,17.777777778,23.888888889
0.667,0.707,0.0818,0.248,0.248,0,0,0,0,0,0.917,0.243,17.777777778,23.888888889
0.514,0.696,0.0941,0.232,0.232,0.179,0.167,0,0,0,0.35,0.547,17.777777778,23.888888889
0.417,0.711,0.127,0.254,0.254,0.658,0.617,0,0,0,0,0.385,17.777777778,23.888888889
0.458,0.727,0.155,0.272,0.272,0.582,0,0.156,0.167,0,0,0.439,24.166666667,24.166666667
0.583,0.762,0.206,0.321,0.321,0,0,0.517,0.833,0.167,0,0.179,24.166666667,24.166666667
0.5,0.739,0.209,0.281,0.281,0,0,0.647,0,1,0,0.2,24.166666667,24.166666667
0.5,0.739,0.237,0.282,0.282,0,0,0.453,0,0.667,0,0.343,24.166666667,24.166666667
0.5,0.749,0.248,0.281,0.281,0,0,0.362,0,0,0,0.299,24.166666667,24.166666667
0.347,0.666,0.111,0.156,0.156,0,0,0,0,0,0,0.233,24.166666667,24.166666667
0.597,0.79,0.248,0.368,0.368,0,0,0,0,0,0,0.176,24.166666667,24.166666667
0.625,0.812,0.304,0.485,0.485,0,0,0,0,0,0,0.249,24.166666667,24.166666667
0.667,0.891,0.556,0.76,0.76,0,0,0,0,0,0,0.233,24.166666667,24.166666667
0.667,0.871,0.668,0.734,0.734,0,0,0,0,0,0.917,0.274,24.166666667,24.166666667
0.819,0.831,0.667,0.63,0.63,0,0,0,0,0,1,0.0774,24.166666667,24.166666667
0.944,0.739,0.36,0.455,0.455,0,0,0,0,0,0.633,0,24.166666667,24.166666667
1,0.647,0.0928,0.132,0.132,0,0,0,0,0,0,0,24.166666667,24.166666667
1,0.614,0.0298,0.0681,0.0681,0,0,0,0,0,0,0,24.166666667,24.166666667
1,0.599,0.0184,0.0577,0.0577,0,0,0,0,0,0,0,24.166666667,24.166666667
1,0.599,0.0184,0.0577,0.0577,0,0,0,0,0,0,0,17.777777778,23.888888889
1,0.599,0.0184,0.0577,0.0577,0,0,0,0,0,0,0,17.777777778,23.888888889
1,0.599,0.0184,0.0577,0.0577,0,0,0,0,0,0,0,17.777777778,23.888888889
1,0.599,0.0184,0.0577,0.0577,0,0,0,0,0,0,0,17.777777778,23.888888889
1,0.599,0.0184,0.0577,0.0577,0,0,0,0,0,0,0,17.777777778,23.888888889
1,0.599,0.0184,0.0577,0.0577,0,0,0,0,0,0,0,17.777777778,23.888888889
1,0.618,0.0299,0.0917,0.0917,0,0,0,0,0,0,0.133,17.777777778,23.888888889
0.778,0.665,0.0707,0.176,0.176,0,0,0.21,0.417,0,0,0.466,17.777777778,23.888888889
0.667,0.7,0.115,0.234,0.234,0,0,0.577,0.583,0.25,0,0.133,17.777777778,23.888888889
0.819,0.739,0.167,0.292,0.292,0,0,0.426,0,0,0,0.133,24.166666667,24.166666667
0.722,0.75,0.193,0.303,0.303,0.72,0.917,0.587,0,0,0,0.133,24.166666667,24.166666667
0.667,0.739,0.209,0.281,0.281,0,0.4,0.404,0,0,0,0.133,24.166666667,24.166666667
0.667,0.739,0.237,0.282,0.282,0,0,0.39,0,0,0,0.299,24.166666667,24.166666667
0.667,0.758,0.261,0.294,0.294,0,0,0.434,0,0,0,0.366,24.166666667,24.166666667
0.486,0.762,0.239,0.293,0.293,0,0,0.0143,0,0,0,0.266,24.166666667,24.166666667
0.444,0.796,0.255,0.376,0.376,0,0,0,0,0,0.417,0.166,24.166666667,24.166666667
0.528,0.845,0.348,0.551,0.551,0,0,0,0,0,0.35,0.233,24.166666667,24.166666667
0.583,0.861,0.495,0.683,0.683,0,0,0,0,0,0,0.0665,24.166666667,24.166666667
0.667,0.871,0.668,0.734,0.734,0,0,0,0,0,0,0.0998,24.166666667,24.166666667
0.819,0.836,0.679,0.641,0.641,0,0,0,0,0,0,0,24.166666667,24.166666667
0.903,0.738,0.356,0.454,0.454,0,0,0,0,0,0,0.479,24.166666667,24.166666667
1,0.639,0.0879,0.131,0.131,0,0,0,0,0,0,0.0947,24.166666667,24.166666667
1,0.625,0.0319,0.0742,0.0742,0,0,0,0,0,0,0.133,24.166666667,24.166666667
1,0.614,0.0197,0.0613,0.0613,0,0,0,0,0,0,0.0998,24.166666667,24.166666667
1,0.599,0.0161,0.0577,0.0577,0,0,0,0,0,0,0,17.777777778,23.888888889
1,0.599,0.0161,0.0577,0.0577,0,0,0,0,0,0,0,17.777777778,23.888888889
1,0.61,0.0169,0.0581,0.0581,0,0,0,0,0,0,0.164,17.777777778,23.888888889
0.931,0.642,0.0243,0.0886,0.0886,0,0,0,0,0,0,0.433,17.777777778,23.888888889
0.569,0.625,0.0235,0.1,0.1,0,0,0,0,0,0,0.232,17.777777778,23.888888889
0.5,0.72,0.057,0.274,0.274,0,0,0,0,0,0,0.334,17.777777778,23.888888889
0.375,0.703,0.0567,0.24,0.24,0,0,0,0,0,0,0.269,17.777777778,23.888888889
0.472,0.731,0.0785,0.295,0.295,0,0,0,0,0,0,0.315,17.777777778,23.888888889
0.0972,0.626,0.0304,0.106,0.106,0,0,0,0,0,0,0.0333,17.777777778,23.888888889
0.167,0.645,0.0442,0.136,0.136,0,0,0,0,0,0,0.133,24.166666667,24.166666667
0.194,0.653,0.0511,0.146,0.146,0,0,0,0,0,0,0.2,24.166666667,24.166666667
0.333,0.692,0.0843,0.207,0.207,0,0,0,0,0,0,0.0998,24.166666667,24.166666667
0.333,0.673,0.0737,0.176,0.176,0,0,0,0,0,0,0.166,24.166666667,24.166666667
0.375,0.665,0.0674,0.156,0.156,0,0,0,0,0,0,0.0998,24.166666667,24.166666667
0.361,0.662,0.0673,0.149,0.149,0,0,0,0,0,0,0.2,24.166666667,24.166666667
0.389,0.703,0.107,0.227,0.227,0,0,0,0,0,0,0.0998,24.166666667,24.166666667
0.514,0.839,0.284,0.541,0.541,0,0,0,0,0,0,0.166,24.166666667,24.166666667
0.667,0.898,0.501,0.773,0.773,0,0,0,0,0,0,0,24.166666667,24.166666667
0.556,0.798,0.456,0.552,0.552,0,0,0,0,0,0,0.141,24.166666667,24.166666667
0.611,0.708,0.309,0.327,0.327,0,0,0,0,0,0,0.0345,24.166666667,24.166666667
0.819,0.674,0.186,0.271,0.271,0,0,0,0,0,0,0.145,24.166666667,24.166666667
0.986,0.617,0.0414,0.0866,0.0866,0,0,0,0,0,0,0.0665,24.166666667,24.166666667
1,0.599,0.0161,0.0577,0.0577,0,0,0,0,0,0,0,24.166666667,24.166666667
1,0.599,0.0161,0.0577,0.0577,0,0,0,0,0,0,0,24.166666667,24.166666667
1,0.599,0.0161,0.0577,0.0577,0,0,0,0,0,0,0,17.777777778,23.888888889
1,0.599,0.0161,0.0577,0.0577,0,0,0,0,0,0,0,17.777777778,23.888888889
0.847,0.603,0.0164,0.0579,0.0579,0,0,0,0,0,0,0.272,17.777777778,23.888888889
0.681,0.625,0.0209,0.0756,0.0756,0,0,0,0,0,0,0.399,17.777777778,23.888888889
0.556,0.639,0.028,0.128,0.128,0,0,0,0,0,0.417,0.248,17.777777778,23.888888889
0.569,0.716,0.0558,0.267,0.267,0,0,0,0,0,0.0833,0.473,17.777777778,23.888888889
0.444,0.722,0.0641,0.274,0.274,0,0,0,0,0,0,0.152,17.777777778,23.888888889
0.361,0.7,0.0639,0.239,0.239,0.114,0.167,0,0,0,0,0.0665,17.777777778,23.888888889
0.5,0.739,0.0915,0.302,0.302,0.707,0.35,0,0,0,0,0.0998,17.777777778,23.888888889
0.194,0.653,0.0485,0.149,0.149,0,0,0,0,0,0,0.133,24.166666667,24.166666667
0.167,0.645,0.0461,0.133,0.133,0,0,0.436,0.417,0,0,0.166,24.166666667,24.166666667
0.167,0.645,0.0502,0.132,0.132,0,0,0.504,0.583,0.417,0,0.0333,24.166666667,24.166666667
0.278,0.676,0.0769,0.183,0.183,0,0,0.498,0,1,0,0.2,24.166666667,24.166666667
0.181,0.656,0.0601,0.143,0.143,0,0,0.439,0,0.15,0,0.0665,24.166666667,24.166666667
0.389,0.747,0.137,0.272,0.272,0,0,0.623,0,0,0.167,0.2,24.166666667,24.166666667
0.528,0.832,0.218,0.434,0.434,0,0,0,0,0,1,0.2,24.166666667,24.166666667
0.583,0.87,0.316,0.601,0.601,0,0,0,0,0,0.1,0.158,24.166666667,24.166666667
0.667,0.898,0.501,0.773,0.773,0,0,0,0,0,0,0.481,24.166666667,24.166666667
0.708,0.888,0.661,0.776,0.776,0,0,0,0,0,0,0.132,24.166666667,24.166666667
0.667,0.818,0.602,0.597,0.597,0,0,0,0,0,0,0.288,24.166666667,24.166666667
0.736,0.706,0.261,0.36,0.36,0,0,0,0,0,0,0.155,24.166666667,24.166666667
0.833,0.635,0.071,0.122,0.122,0,0,0,0,0,0,0,24.166666667,24.166666667
0.833,0.601,0.0191,0.0609,0.0609,0,0,0,0,0,0,0,24.166666667,24.166666667
0.903,0.599,0.0161,0.0577,0.0577,0,0,0,0,0,0,0,24.166666667,24.166666667
1,0.599,0.0161,0.0577,0.0577,0,0,0,0,0,0,0,17.777777778,23.888888889
1,0.599,0.0161,0.0577,0.0577,0,0,0,0,0,0,0,17.777777778,23.888888889
0.847,0.603,0.0164,0.0579,0.0579,0,0,0,0,0,0,0.133,17.777777778,23.888888889
0.833,0.629,0.0218,0.0788,0.0788,0,0,0.536,0.917,0,0,0.166,17.777777778,23.888888889
0.764,0.709,0.0489,0.251,0.251,0,0,0.456,0.333,0.667,0.917,0.527,17.777777778,23.888888889
0.639,0.758,0.0696,0.341,0.341,0,0,0.326,0,0.117,1,0.363,17.777777778,23.888888889
0.431,0.718,0.0629,0.268,0.268,0,0,0.604,0,0,1,0.435,17.777777778,23.888888889
0.333,0.692,0.0602,0.225,0.225,0,0,0.572,0,0,0.417,0.0895,17.777777778,23.888888889
0.333,0.692,0.0664,0.221,0.221,0,0,0.32,0,0,0,0.0665,17.777777778,23.888888889
0.333,0.692,0.0724,0.214,0.214,0,0,0.407,0,0,0,0.133,24.166666667,24.166666667
0.292,0.68,0.0685,0.19,0.19,0,0,0.703,0,0,0,0.0998,24.166666667,24.166666667
0.333,0.692,0.0843,0.207,0.207,0,0,0.545,0,0,0,0.133,24.166666667,24.166666667
0.361,0.7,0.0951,0.22,0.22,0,0,0.655,0,0,0,0.421,24.166666667,24.166666667
0.389,0.722,0.111,0.241,0.241,0,0,0.795,0,0,0,0.0575,24.166666667,24.166666667
0.542,0.805,0.184,0.356,0.356,0,0,0.771,0,0,0,0.459,24.166666667,24.166666667
0.833,0.967,0.334,0.652,0.652,0,0,0.601,0,0,0,0.274,24.166666667,24.166666667
0.833,0.987,0.446,0.836,0.836,0.712,0.917,0.49,0,0,0,0.126,24.166666667,24.166666667
0.681,0.904,0.509,0.786,0.786,0.134,0.4,0.668,0,0,0,0,24.166666667,24.166666667
0.667,0.826,0.52,0.622,0.622,0,0,0.0318,0,0,0,0.2,24.166666667,24.166666667
0.667,0.718,0.334,0.352,0.352,0,0,0,0,0,0,0,24.166666667,24.166666667
0.694,0.646,0.123,0.193,0.193,0,0,0,0,0,0,0.0385,24.166666667,24.166666667
0.903,0.652,0.0879,0.138,0.138,0,0,0,0,0,0,0.121,24.166666667,24.166666667
1,0.64,0.0409,0.0846,0.0846,0,0,0,0,0,0,0.0962,24.166666667,24.166666667
1,0.601,0.0172,0.0589,0.0589,0,0,0,0,0,0,0,24.166666667,24.166666667
1,0.599,0.0161,0.0577,0.0577,0,0,0,0,0,0,0,17.777777778,23.888888889
1,0.599,0.0161,0.0577,0.0577,0,0,0,0,0,0,0,17.777777778,23.888888889
0.847,0.616,0.0174,0.0584,0.0584,0,0,0,0,0,0,0.414,17.777777778,23.888888889
0.833,0.635,0.023,0.0837,0.0837,0,0,0,0,0,0,0.192,17.777777778,23.888888889
0.833,0.663,0.035,0.168,0.168,0,0,0,0,0,0,0.386,17.777777778,23.888888889
0.611,0.655,0.0347,0.157,0.157,0,0,0,0,0,0,0.0665,17.777777778,23.888888889
0.347,0.645,0.0342,0.139,0.139,0,0,0,0,0,0,0.233,17.777777778,23.888888889
0.333,0.645,0.0381,0.141,0.141,0,0,0,0,0,0,0.0333,17.777777778,23.888888889
0.264,0.626,0.0306,0.105,0.105,0,0,0,0,0,0,0.0937,17.777777778,23.888888889
0.319,0.642,0.0421,0.129,0.129,0.722,0.917,0,0,0,0,0.266,24.166666667,24.166666667
0.333,0.688,0.0737,0.202,0.202,0.785,0.4,0,0,0,0,0.542,24.166666667,24.166666667
0.181,0.649,0.0527,0.138,0.138,0,0,0,0,0,0.917,0.0333,24.166666667,24.166666667
0.236,0.665,0.0678,0.164,0.164,0,0,0.273,0.417,0,0.35,0.133,24.166666667,24.166666667
0.486,0.727,0.115,0.248,0.248,0,0,0.394,0.583,0.417,0,0.0998,24.166666667,24.166666667
0.472,0.778,0.161,0.316,0.316,0,0,0,0,0.9,0,0.0998,24.166666667,24.166666667
0.444,0.796,0.187,0.376,0.376,0,0,0,0,0,0,0.27,24.166666667,24.166666667
0.653,0.884,0.333,0.63,0.63,0,0,0,0,0,0.417,0.16,24.166666667,24.166666667
0.667,0.898,0.501,0.773,0.773,0,0,0,0,0,0.0833,0.188,24.166666667,24.166666667
0.736,0.899,0.687,0.804,0.804,0,0,0.227,0.417,0,0,0.146,24.166666667,24.166666667
0.833,0.872,0.749,0.732,0.732,0.345,0.417,0.493,0.583,0.417,0,0,24.166666667,24.166666667
0.986,0.786,0.44,0.59,0.59,0.448,1,0.928,0,1,0,0.158,24.166666667,24.166666667
1,0.682,0.133,0.19,0.19,0.718,0.167,0.0556,0,0.417,0,0.12,24.166666667,24.166666667
1,0.625,0.0313,0.0742,0.0742,0,0,0,0,0,0,0.135,24.166666667,24.166666667
1,0.625,0.0218,0.0633,0.0633,0,0,0,0,0,0,0.0998,24.166666667,24.166666667
1,0.601,0.0165,0.0581,0.0581,0,0,0,0,0,0,0,17.777777778,23.888888889
1,0.599,0.0161,0.0577,0.0577,0,0,0,0,0,0,0,17.777777778,23.888888889
1,0.622,0.018,0.0586,0.0586,0,0,0,0,0,0,0.345,17.777777778,23.888888889
1,0.625,0.0209,0.0756,0.0756,0,0,0,0,0,0,0.169,17.777777778,23.888888889
0.889,0.623,0.0231,0.0984,0.0984,0,0,0,0,0,0.417,0.0998,17.777777778,23.888888889
0.611,0.702,0.051,0.242,0.242,0,0,0,0,0,0.35,0.145,17.777777778,23.888888889
0.236,0.618,0.0231,0.0909,0.0909,0,0,0,0,0,0,0.0333,17.777777778,23.888888889
0.167,0.599,0.0161,0.0577,0.0577,0,0,0,0,0,0,0,17.777777778,23.888888889
0.0139,0.599,0.0161,0.0577,0.0577,0,0,0,0,0,0,0,17.777777778,23.888888889
0,0.599,0.0161,0.0577,0.0577,0,0,0,0,0,0,0,24.166666667,24.166666667
0.153,0.611,0.0236,0.0765,0.0765,0,0,0,0,0,0,0.0998,24.166666667,24.166666667
0.0556,0.611,0.0247,0.0763,0.0763,0,0,0,0,0,0,0.33,24.166666667,24.166666667
0.264,0.673,0.0741,0.176,0.176,0,0,0.412,0.667,0,0,0.0998,24.166666667,24.166666667
0.333,0.705,0.098,0.215,0.215,0,0,0.455,0.333,0.667,0,0.0665,24.166666667,24.166666667
0.403,0.752,0.14,0.279,0.279,0,0,0.545,0,0.65,0,0.248,24.166666667,24.166666667
0.611,0.869,0.25,0.495,0.495,0,0,0.626,0,0,0,0.166,24.166666667,24.166666667
0.667,0.877,0.324,0.614,0.614,0,0,0.262,0,0,0,0.244,24.166666667,24.166666667
0.667,0.823,0.38,0.594,0.594,0.599,0.917,0,0,0,0.25,0.0665,24.166666667,24.166666667
0.694,0.814,0.497,0.593,0.593,0,0.4,0,0,0,0,0,24.166666667,24.166666667
0.833,0.818,0.602,0.597,0.597,0,0,0,0,0,0,0.125,24.166666667,24.166666667
0.833,0.699,0.246,0.34,0.34,0,0,0,0,0,0,0,24.166666667,24.166666667
0.833,0.659,0.0969,0.148,0.148,0,0,0,0,0,0,0.133,24.166666667,24.166666667
0.986,0.651,0.0534,0.0906,0.0906,0,0,0,0,0,0,0.0333,24.166666667,24.166666667
1,0.627,0.0269,0.0645,0.0645,0,0,0,0,0,0,0,24.166666667,24.166666667
1,0.62,0.0205,0.0581,0.0581,0,0,0,0,0,0,0.218,17.777777778,23.888888889
1,0.599,0.0184,0.0577,0.0577,0,0,0,0,0,0,0,17.777777778,23.888888889
1,0.599,0.0184,0.0577,0.0577,0,0,0,0,0,0,0,17.777777778,23.888888889
0.972,0.605,0.0191,0.0626,0.0626,0,0,0,0,0,0,0,17.777777778,23.888888889
0.833,0.599,0.0184,0.0577,0.0577,0,0,0,0,0,0,0,17.777777778,23.888888889
0.833,0.617,0.0248,0.0897,0.0897,0,0,0,0,0,0,0.0665,17.777777778,23.888888889
0.833,0.75,0.107,0.323,0.323,0,0,0,0,0,0.25,0.872,17.777777778,23.888888889
0.806,0.82,0.193,0.455,0.455,0,0,0,0,0,0,0.341,17.777777778,23.888888889
0.639,0.777,0.189,0.37,0.37,0,0,0,0,0,0,0.18,17.777777778,23.888888889
0.5,0.739,0.167,0.292,0.292,0,0,0,0,0,0,0.353,24.166666667,24.166666667
0.5,0.739,0.179,0.284,0.284,0,0,0,0,0,0,0.28,24.166666667,24.166666667
0.569,0.758,0.236,0.312,0.312,0,0,0,0,0,0,0.337,24.166666667,24.166666667
0.542,0.75,0.255,0.301,0.301,0,0,0,0,0,0,0.299,24.166666667,24.166666667
0.514,0.753,0.254,0.287,0.287,0,0,0,0,0,0,0.133,24.166666667,24.166666667
0.653,0.842,0.347,0.41,0.41,0,0,0,0,0,0.917,0.166,24.166666667,24.166666667
0.667,0.893,0.373,0.533,0.533,0,0,0,0,0,0.1,0.0333,24.166666667,24.166666667
0.667,0.909,0.434,0.68,0.68,0,0,0,0,0,0,0.171,24.166666667,24.166666667
0.667,0.898,0.565,0.773,0.773,0,0,0,0,0,0,0.133,24.166666667,24.166666667
0.667,0.871,0.668,0.734,0.734,0,0,0.288,0.917,0,0,0.0333,24.166666667,24.166666667
0.667,0.818,0.629,0.597,0.597,0,0,0.485,0.0833,0.783,0,0.0333,24.166666667,24.166666667
0.667,0.762,0.416,0.522,0.522,0,0,0.747,0,0,0,0,24.166666667,24.166666667
0.667,0.653,0.109,0.151,0.151,0,0,0.429,0,0,0,0.166,24.166666667,24.166666667
0.931,0.638,0.0444,0.0814,0.0814,0,0,0,0,0,0,0.0665,24.166666667,24.166666667
1,0.625,0.0256,0.0633,0.0633,0,0,0,0,0,0,0,24.166666667,24.166666667
1,0.625,0.0208,0.0581,0.0581,0,0,0,0,0,0,0.0665,17.777777778,23.888888889
1,0.601,0.0185,0.0577,0.0577,0,0,0,0,0,0,0,17.777777778,23.888888889
0.931,0.635,0.0208,0.0591,0.0591,0,0,0,0,0,0.25,0.173,17.777777778,23.888888889
0.833,0.601,0.0185,0.0578,0.0578,0,0,0,0,0,0,0,17.777777778,23.888888889
0.833,0.621,0.0232,0.0968,0.0968,0,0,0,0,0,0.25,0.0998,17.777777778,23.888888889
0.722,0.612,0.0228,0.0818,0.0818,0,0,0,0,0,0,0.0665,17.777777778,23.888888889
0.667,0.642,0.0437,0.133,0.133,0,0,0,0,0,0,0.0665,17.777777778,23.888888889
0.556,0.742,0.133,0.316,0.316,0,0,0,0,0,0.5,0.535,17.777777778,23.888888889
0.611,0.77,0.183,0.356,0.356,0,0,0,0,0,0.667,0.345,17.777777778,23.888888889
0.667,0.785,0.217,0.37,0.37,0,0,0,0,0,1,0.44,24.166666667,24.166666667
0.667,0.766,0.21,0.328,0.328,0,0,0,0,0,0.117,0.287,24.166666667,24.166666667
0.667,0.739,0.209,0.281,0.281,0,0,0,0,0,0,0.553,24.166666667,24.166666667
0.667,0.739,0.237,0.282,0.282,0,0,0,0,0,0,0.336,24.166666667,24.166666667
0.514,0.758,0.261,0.294,0.294,0,0,0.105,0.167,0,0.667,0.257,24.166666667,24.166666667
0.528,0.799,0.289,0.347,0.347,0,0,0.407,0.833,0.167,1,0.237,24.166666667,24.166666667
0.778,0.943,0.432,0.614,0.614,0,0,0.569,0,1,0.383,0.0998,24.166666667,24.166666667
0.681,0.916,0.442,0.69,0.69,0,0,0.461,0,0.667,0,0.0333,24.166666667,24.166666667
0.625,0.879,0.53,0.728,0.728,0,0,0.633,0,0,0,0.0333,24.166666667,24.166666667
0.556,0.826,0.558,0.622,0.622,0,0,0.1,0,0,0,0.0333,24.166666667,24.166666667
0.5,0.763,0.476,0.462,0.462,0,0,0,0,0,0,0,24.166666667,24.166666667
0.806,0.698,0.261,0.339,0.339,0,0,0,0,0,0,0.098,24.166666667,24.166666667
0.833,0.629,0.0642,0.103,0.103,0,0,0,0,0,0,0,24.166666667,24.166666667
0.833,0.625,0.0319,0.0742,0.0742,0,0,0,0,0,0,0.0333,24.166666667,24.166666667
0.944,0.607,0.0185,0.0601,0.0601,0,0,0,0,0,0,0.195,24.166666667,24.166666667
1,0.599,0.0161,0.0577,0.0577,0,0,0,0,0,0,0,17.777777778,23.888888889
1,0.599,0.0161,0.0577,0.0577,0,0,0,0,0,0,0,17.777777778,23.888888889
1,0.599,0.0161,0.0577,0.0577,0,0,0,0,0,0,0,17.777777778,23.888888889
1,0.622,0.0207,0.0755,0.0755,0,0,0,0,0,0,0.422,17.777777778,23.888888889
0.972,0.653,0.0321,0.152,0.152,0,0,0,0,0,0.417,0.28,17.777777778,23.888888889
0.833,0.762,0.0712,0.349,0.349,0,0,0,0,0,0.35,0.394,17.777777778,23.888888889
0.611,0.722,0.0641,0.274,0.274,0,0,0,0,0,0,0.336,17.777777778,23.888888889
0.5,0.735,0.0807,0.302,0.302,0,0,0,0,0,0,0.448,17.777777778,23.888888889
0.5,0.739,0.0915,0.302,0.302,0,0,0,0,0,0,0.347,17.777777778,23.888888889
0.5,0.739,0.101,0.292,0.292,0,0,0,0,0,0.25,0.211,24.166666667,24.166666667
0.5,0.739,0.106,0.284,0.284,0,0,0,0,0,0,0.222,24.166666667,24.166666667
0.472,0.731,0.113,0.269,0.269,0,0,0.711,0.917,0,0,0.231,24.166666667,24.166666667
0.333,0.692,0.089,0.208,0.208,0,0,0.908,0.0833,0.917,0,0.166,24.166666667,24.166666667
0.333,0.705,0.098,0.215,0.215,0,0,0.485,0,1,0,0.166,24.166666667,24.166666667
0.403,0.752,0.14,0.279,0.279,0,0,0.857,0,0.717,0,0.2,24.166666667,24.166666667
0.5,0.82,0.207,0.414,0.414,0,0,0.499,0,0,0,0.0333,24.166666667,24.166666667
0.597,0.877,0.326,0.617,0.617,0,0,0.797,0,0,0,0.166,24.166666667,24.166666667
0.514,0.829,0.393,0.611,0.611,0,0,0.599,0,0,0,0.211,24.166666667,24.166666667
0.667,0.815,0.494,0.594,0.594,0,0,0.514,0,0,0,0.0993,24.166666667,24.166666667
0.667,0.708,0.309,0.327,0.327,0,0,0.545,0,0,0,0.105,24.166666667,24.166666667
0.736,0.697,0.236,0.338,0.338,0,0,0.154,0.417,0,0,0.114,24.166666667,24.166666667
0.833,0.643,0.0801,0.132,0.132,0,0,0.362,0.833,0.167,0,0,24.166666667,24.166666667
0.833,0.625,0.0313,0.0742,0.0742,0,0,0.633,0,1,0,0.0333,24.166666667,24.166666667
0.833,0.625,0.0218,0.0633,0.0633,0,0,0.203,0,0.4,0,0.0333,24.166666667,24.166666667
0.833,0.625,0.0176,0.0581,0.0581,0,0,0.444,0,0,0,0.2,17.777777778,23.888888889
0.833,0.614,0.0163,0.0577,0.0577,0,0,0.297,0,0,0,0.133,17.777777778,23.888888889
0.833,0.599,0.0161,0.0577,0.0577,0,0,0,0,0,0,0,17.777777778,23.888888889
0.833,0.622,0.0207,0.0755,0.0755,0,0,0,0,0,0,0.253,17.777777778,23.888888889
0.833,0.658,0.0337,0.162,0.162,0,0,0,0,0,0,0.335,17.777777778,23.888888889
0.583,0.679,0.0429,0.2,0.2,0,0,0,0,0,0,0.159,17.777777778,23.888888889
0.333,0.645,0.0342,0.139,0.139,0,0,0,0,0,0,0.0333,17.777777778,23.888888889
0.333,0.645,0.0381,0.141,0.141,0,0,0,0,0,0.167,0.333,17.777777778,23.888888889
0.361,0.696,0.0687,0.227,0.227,0,0,0,0,0,0.5,0.2,17.777777778,23.888888889
0.194,0.653,0.0485,0.149,0.149,0,0,0,0,0,1,0.133,24.166666667,24.166666667
0.194,0.653,0.0511,0.146,0.146,0,0,0,0,0,0.367,0,24.166666667,24.166666667
0.333,0.661,0.0613,0.157,0.157,0,0,0,0,0,0,0.0998,24.166666667,24.166666667
0.444,0.676,0.0769,0.183,0.183,0,0,0,0,0,0.5,0.266,24.166666667,24.166666667
0.5,0.705,0.098,0.215,0.215,0,0,0,0,0,0,0.0665,24.166666667,24.166666667
0.569,0.778,0.162,0.317,0.317,0,0,0,0,0,0.417,0.0665,24.166666667,24.166666667
0.736,0.856,0.238,0.472,0.472,0,0,0,0,0,0.35,0.166,24.166666667,24.166666667
0.889,0.948,0.404,0.76,0.76,0,0,0.146,0.167,0,0,0.0998,24.166666667,24.166666667
0.819,0.916,0.532,0.818,0.818,0,0,0.49,0.833,0.167,0,0.168,24.166666667,24.166666667
0.833,0.871,0.623,0.734,0.734,0,0,0.649,0,0.617,0,0.15,24.166666667,24.166666667
0.833,0.8,0.554,0.553,0.553,0,0,0.207,0,0,0,0.332,24.166666667,24.166666667
0.833,0.644,0.12,0.185,0.185,0,0,0,0,0,0,0,24.166666667,24.166666667
0.833,0.629,0.0565,0.103,0.103,0,0,0,0,0,0,0.298,24.166666667,24.166666667
0.986,0.614,0.0257,0.0681,0.0681,0,0,0,0,0,0,0.12,24.166666667,24.166666667
1,0.599,0.0161,0.0577,0.0577,0,0,0,0,0,0,0,24.166666667,24.166666667
1,0.599,0.0161,0.0577,0.0577,0,0,0,0,0,0,0,17.777777778,23.888888889
1,0.599,0.0161,0.0577,0.0577,0,0,0,0,0,0,0,17.777777778,23.888888889
1,0.61,0.0169,0.0581,0.0581,0,0,0,0,0,0.417,0.0998,17.777777778,23.888888889
0.903,0.637,0.0235,0.0853,0.0853,0,0,0,0,0,0.6,0.355,17.777777778,23.888888889
0.667,0.631,0.0255,0.113,0.113,0,0,0,0,0,0,0.433,17.777777778,23.888888889
0.597,0.641,0.0303,0.133,0.133,0,0,0,0,0,0,0.207,17.777777778,23.888888889
0.5,0.665,0.0419,0.173,0.173,0,0,0,0,0,0,0.561,17.777777778,23.888888889
0.5,0.673,0.0508,0.19,0.19,0,0,0,0,0,0,0.245,17.777777778,23.888888889
0.5,0.665,0.0518,0.173,0.173,0,0,0,0,0,0.167,0.128,17.777777778,23.888888889
0.389,0.704,0.0795,0.233,0.233,0,0,0,0,0,0.333,0.0333,24.166666667,24.166666667
0.292,0.68,0.0685,0.19,0.19,0,0,0,0,0,0,0.133,24.166666667,24.166666667
0.486,0.735,0.116,0.275,0.275,0,0,0.658,0.917,0,0.917,0.233,24.166666667,24.166666667
0.542,0.75,0.135,0.301,0.301,0,0,0.326,0.333,0.667,0.617,0.0998,24.166666667,24.166666667
0.472,0.749,0.132,0.281,0.281,0,0,0,0,0.65,0,0.421,24.166666667,24.166666667
0.361,0.736,0.127,0.256,0.256,0,0,0,0,0,0,0.166,24.166666667,24.166666667
0.681,0.851,0.234,0.465,0.465,0,0,0,0,0,0.417,0.14,24.166666667,24.166666667
0.833,0.922,0.375,0.707,0.707,0,0,0,0,0,0.35,0.272,24.166666667,24.166666667
0.681,0.904,0.509,0.786,0.786,0.7,0.667,0,0,0,0.167,0.278,24.166666667,24.166666667
0.667,0.809,0.481,0.58,0.58,0.139,0.65,0,0,0,0.0833,0.129,24.166666667,24.166666667
0.667,0.714,0.322,0.341,0.341,0,0,0,0,0,0,0.0665,24.166666667,24.166666667
0.931,0.68,0.2,0.29,0.29,0,0,0,0,0,0,0,24.166666667,24.166666667
1,0.654,0.0909,0.141,0.141,0,0,0,0,0,0.167,0.0333,24.166666667,24.166666667
1,0.625,0.0313,0.0742,0.0742,0,0,0,0,0,0.0833,0.0333,24.166666667,24.166666667
0.889,0.607,0.0185,0.0601,0.0601,0,0,0,0,0,0,0.0333,24.166666667,24.166666667
0.833,0.599,0.0161,0.0577,0.0577,0,0,0,0,0,0,0,17.777777778,23.888888889
0.833,0.599,0.0161,0.0577,0.0577,0,0,0,0,0,0,0,17.777777778,23.888888889
0.986,0.599,0.0161,0.0577,0.0577,0,0,0,0,0,0,0,17.777777778,23.888888889
1,0.622,0.0207,0.0755,0.0755,0,0,0,0,0,0,0.133,17.777777778,23.888888889
0.847,0.631,0.0255,0.113,0.113,0,0,0,0,0,0,0.276,17.777777778,23.888888889
0.653,0.612,0.0205,0.0818,0.0818,0,0,0,0,0,0,0.0834,17.777777778,23.888888889
0.5,0.642,0.033,0.133,0.133,0,0,0,0,0,0,0.366,17.777777778,23.888888889
0.5,0.688,0.0586,0.218,0.218,0,0,0,0,0,0,0.58,17.777777778,23.888888889
0.347,0.649,0.0431,0.146,0.146,0,0,0,0,0,0,0.272,17.777777778,23.888888889
0.222,0.657,0.0513,0.155,0.155,0,0,0,0,0,0.417,0.276,24.166666667,24.166666667
0.167,0.645,0.0461,0.133,0.133,0,0,0,0,0,0.0833,0.0998,24.166666667,24.166666667
0.0556,0.614,0.0272,0.0826,0.0826,0,0,0,0,0,0,0,24.166666667,24.166666667
0.181,0.649,0.0557,0.139,0.139,0,0,0,0,0,0,0.0998,24.166666667,24.166666667
0.639,0.803,0.174,0.361,0.361,0,0,0,0,0,0,0.2,24.166666667,24.166666667
0.667,0.851,0.221,0.423,0.423,0,0,0,0,0,0,0.2,24.166666667,24.166666667
0.75,0.93,0.303,0.593,0.593,0,0,0,0,0,0,0.166,24.166666667,24.166666667
0.667,0.838,0.28,0.535,0.535,0,0,0,0,0,0,0.0998,24.166666667,24.166666667
0.667,0.823,0.38,0.594,0.594,0,0,0,0,0,0,0.0665,24.166666667,24.166666667
0.667,0.803,0.471,0.565,0.565,0,0,0,0,0,0,0,24.166666667,24.166666667
0.736,0.687,0.249,0.276,0.276,0,0,0,0,0,0,0.12,24.166666667,24.166666667
0.778,0.667,0.171,0.252,0.252,0,0,0,0,0,0,0.0927,24.166666667,24.166666667
1,0.609,0.0379,0.0863,0.0863,0,0,0,0,0,0,0,24.166666667,24.166666667
1,0.599,0.0161,0.0577,0.0577,0,0,0,0,0,0,0,24.166666667,24.166666667
1,0.599,0.0161,0.0577,0.0577,0,0,0,0,0,0,0,24.166666667,24.166666667
1,0.599,0.0161,0.0577,0.0577,0,0,0,0,0,0,0,17.777777778,23.888888889
1,0.599,0.0161,0.0577,0.0577,0,0,0,0,0,0,0,17.777777778,23.888888889
1,0.622,0.018,0.0586,0.0586,0,0,0,0,0,0,0.253,17.777777778,23.888888889
0.931,0.614,0.0188,0.0675,0.0675,0,0,0,0,0,0,0,17.777777778,23.888888889
0.833,0.634,0.0267,0.121,0.121,0,0,0,0,0,0.417,0.0977,17.777777778,23.888888889
0.722,0.694,0.0481,0.227,0.227,0,0,0,0,0,0.0833,0.364,17.777777778,23.888888889
0.667,0.691,0.0524,0.22,0.22,0,0,0,0,0,0,0.172,17.777777778,23.888888889
0.556,0.68,0.0546,0.204,0.204,0.354,0.417,0,0,0,0,0.277,17.777777778,23.888888889
0.5,0.692,0.0664,0.221,0.221,0.148,0.633,0,0,0,0.25,0.166,17.777777778,23.888888889
0.5,0.692,0.0724,0.214,0.214,0,0,0,0,0,0,0.527,24.166666667,24.166666667
0.444,0.676,0.066,0.183,0.183,0,0,0,0,0,0,0.158,24.166666667,24.166666667
0.319,0.642,0.0477,0.126,0.126,0,0,0,0,0,0,0.166,24.166666667,24.166666667
0.264,0.645,0.0525,0.133,0.133,0,0,0,0,0,0,0.266,24.166666667,24.166666667
0.167,0.652,0.057,0.137,0.137,0,0,0,0,0,0,0.2,24.166666667,24.166666667
0.347,0.731,0.124,0.249,0.249,0,0,0,0,0,0,0.307,24.166666667,24.166666667
0.472,0.807,0.196,0.394,0.394,0,0,0,0,0,0.417,0.187,24.166666667,24.166666667
0.472,0.819,0.262,0.501,0.501,0.779,0.517,0,0,0,0.85,0.133,24.166666667,24.166666667
0.667,0.898,0.501,0.773,0.773,0.257,0.167,0,0,0,0,0,24.166666667,24.166666667
0.667,0.871,0.623,0.734,0.734,0.362,1,0,0,0,0,0.0998,24.166666667,24.166666667
0.708,0.809,0.578,0.575,0.575,0,0.15,0,0,0,0,0.0333,24.166666667,24.166666667
0.819,0.668,0.176,0.253,0.253,0,0,0,0,0,0,0,24.166666667,24.166666667
0.833,0.609,0.0324,0.0769,0.0769,0,0,0,0,0,0,0,24.166666667,24.166666667
0.833,0.599,0.0182,0.0577,0.0577,0,0,0,0,0,0,0,24.166666667,24.166666667
0.833,0.599,0.0184,0.0577,0.0577,0,0,0,0,0,0,0,24.166666667,24.166666667
0.861,0.603,0.0187,0.0577,0.0577,0,0,0,0,0,0,0.123,17.777777778,23.888888889
1,0.625,0.0189,0.0577,0.0577,0,0,0,0,0,0,0.335,17.777777778,23.888888889
1,0.601,0.0184,0.0577,0.0577,0,0,0,0,0,0,0,17.777777778,23.888888889
1,0.599,0.0184,0.0577,0.0577,0,0,0,0,0,0,0,17.777777778,23.888888889
0.931,0.599,0.0184,0.0577,0.0577,0,0,0,0,0,0,0,17.777777778,23.888888889
0.833,0.599,0.0184,0.0577,0.0577,0,0,0,0,0,0,0,17.777777778,23.888888889
0.986,0.727,0.0943,0.282,0.282,0,0,0,0,0,0,0.86,17.777777778,23.888888889
1,0.843,0.213,0.497,0.497,0,0,0.99,0.917,0,0.417,0.585,17.777777778,23.888888889
0.694,0.793,0.203,0.398,0.398,0,0,0.696,0.0833,0.25,0.85,0.112,17.777777778,23.888888889
0.931,0.859,0.296,0.493,0.493,0,0,0.485,0,0,0,0.0998,24.166666667,24.166666667
0.819,0.828,0.282,0.428,0.428,0,0,0.609,0,0,0,0.166,24.166666667,24.166666667
0.514,0.742,0.213,0.287,0.287,0,0,0.582,0,0,0,0.333,24.166666667,24.166666667
0.5,0.739,0.237,0.282,0.282,0,0,0.285,0,0,0,0.166,24.166666667,24.166666667
0.5,0.758,0.261,0.294,0.294,0,0,0,0,0,0.917,0.2,24.166666667,24.166666667
0.569,0.815,0.311,0.37,0.37,0,0,0,0,0,0.617,0.133,24.166666667,24.166666667
0.667,0.893,0.373,0.533,0.533,0.512,0.417,0,0,0,0,0.133,24.166666667,24.166666667
0.667,0.909,0.434,0.68,0.68,0.11,0.633,0,0,0,0,0.166,24.166666667,24.166666667
0.667,0.898,0.565,0.773,0.773,0,0,0,0,0,0.5,0.0998,24.166666667,24.166666667
0.778,0.888,0.709,0.776,0.776,0.201,0.167,0,0,0,0,0.0333,24.166666667,24.166666667
0.833,0.818,0.629,0.597,0.597,0.575,0.35,0,0,0,0,0,24.166666667,24.166666667
0.681,0.726,0.329,0.417,0.417,0,0,0,0,0,0,0.249,24.166666667,24.166666667
0.819,0.677,0.139,0.177,0.177,0,0,0,0,0,0,0.258,24.166666667,24.166666667
0.986,0.64,0.0479,0.0846,0.0846,0,0,0,0,0,0,0,24.166666667,24.166666667
1,0.607,0.0213,0.0601,0.0601,0,0,0,0,0,0,0,24.166666667,24.166666667
1,0.599,0.0184,0.0577,0.0577,0,0,0,0,0,0,0,17.777777778,23.888888889
1,0.599,0.0184,0.0577,0.0577,0,0,0,0,0,0,0,17.777777778,23.888888889
1,0.622,0.0199,0.0586,0.0586,0,0,0,0,0,0,0.133,17.777777778,23.888888889
1,0.625,0.0212,0.0756,0.0756,0,0,0,0,0,0,0.358,17.777777778,23.888888889
0.931,0.617,0.0223,0.0886,0.0886,0,0,0,0,0,0,0.202,17.777777778,23.888888889
0.958,0.671,0.0442,0.186,0.186,0,0,0,0,0,0,0.102,17.777777778,23.888888889
0.681,0.602,0.0197,0.0641,0.0641,0,0,0,0,0,0,0,17.777777778,23.888888889
0.667,0.684,0.0872,0.211,0.211,0,0,0,0,0,0.5,0.166,17.777777778,23.888888889
0.597,0.673,0.0888,0.187,0.187,0,0,0,0,0,0,0.0333,17.777777778,23.888888889
0.417,0.684,0.11,0.2,0.2,0,0,0,0,0,0,0.453,24.166666667,24.166666667
0.569,0.758,0.202,0.315,0.315,0,0,0,0,0,0.25,0.268,24.166666667,24.166666667
0.583,0.762,0.24,0.318,0.318,0,0,0,0,0,0,0.211,24.166666667,24.166666667
0.708,0.797,0.329,0.376,0.376,0,0,0,0,0,0,0.291,24.166666667,24.166666667
0.583,0.735,0.227,0.261,0.261,0,0,0,0,0,0,0.0665,24.166666667,24.166666667
0.667,0.788,0.275,0.332,0.332,0,0,0,0,0,0,0.2,24.166666667,24.166666667
0.667,0.82,0.284,0.414,0.414,0,0,0,0,0,0,0.333,24.166666667,24.166666667
0.667,0.832,0.33,0.525,0.525,0,0,0,0,0,0,0.0333,24.166666667,24.166666667
0.667,0.854,0.486,0.669,0.669,0,0,0,0,0,0,0,24.166666667,24.166666667
0.667,0.871,0.668,0.734,0.734,0.617,0.667,0,0,0,0,0.125,24.166666667,24.166666667
0.694,0.827,0.654,0.619,0.619,0.295,0.383,0.275,0.667,0,0,0,24.166666667,24.166666667
0.833,0.766,0.428,0.533,0.533,0,0,0,0.333,0.517,0,0,24.166666667,24.166666667
0.833,0.665,0.126,0.167,0.167,0,0,0.321,0.917,0,0.767,0.2,24.166666667,24.166666667
0.833,0.617,0.0298,0.0714,0.0714,0,0,0,0.333,0.667,0,0.0766,24.166666667,24.166666667
0.944,0.599,0.0161,0.0577,0.0577,0,0,0,0,1,0,0,24.166666667,24.166666667
1,0.599,0.0161,0.0577,0.0577,0,0,0,0,0.7,0,0,17.777777778,23.888888889
1,0.599,0.0161,0.0577,0.0577,0,0,0,0,0,0,0,17.777777778,23.888888889
1,0.599,0.0161,0.0577,0.0577,0,0,0,0,0,0,0,17.777777778,23.888888889
1,0.616,0.0195,0.0707,0.0707,0,0,0,0,0,0,0.0333,17.777777778,23.888888889
0.847,0.645,0.0296,0.137,0.137,0,0,0,0,0,0,0.279,17.777777778,23.888888889
0.833,0.762,0.0712,0.349,0.349,0,0,0,0,0,0.25,0.153,17.777777778,23.888888889
0.681,0.741,0.0718,0.308,0.308,0,0,0,0,0,0,0.275,17.777777778,23.888888889
0.667,0.739,0.0822,0.309,0.309,0,0,0,0,0,0,0.41,17.777777778,23.888888889
0.361,0.653,0.0449,0.153,0.153,0,0,0,0,0,0,0.314,17.777777778,23.888888889
0.333,0.645,0.0442,0.136,0.136,0,0,0,0,0,0,0.462,24.166666667,24.166666667
0.181,0.603,0.0184,0.0642,0.0642,0,0,0,0,0,0,0,24.166666667,24.166666667
0.236,0.649,0.0534,0.138,0.138,0,0,0,0,0,0,0.345,24.166666667,24.166666667
0.472,0.731,0.119,0.27,0.27,0,0,0,0,0,0,0.417,24.166666667,24.166666667
0.611,0.793,0.166,0.347,0.347,0,0,0,0,0,0,0.259,24.166666667,24.166666667
0.361,0.736,0.127,0.256,0.256,0,0,0,0,0,0,0.35,24.166666667,24.166666667
0.597,0.795,0.185,0.374,0.374,0,0,0,0,0,0.417,0.0998,24.166666667,24.166666667
0.681,0.909,0.36,0.68,0.68,0.776,0.917,0,0,0,0.35,0.0665,24.166666667,24.166666667
0.667,0.898,0.501,0.773,0.773,0.615,0.4,0,0,0,0,0.0998,24.166666667,24.166666667
0.694,0.882,0.648,0.762,0.762,0.282,0,0,0,0,0,0.0657,24.166666667,24.166666667
0.833,0.837,0.652,0.644,0.644,0,0,0,0,0,0,0.774,24.166666667,24.166666667
0.833,0.736,0.326,0.445,0.445,0,0,0,0,0,0,0.143,24.166666667,24.166666667
0.944,0.696,0.146,0.203,0.203,0,0,0,0,0,0,0.18,24.166666667,24.166666667
1,0.645,0.0451,0.089,0.089,0,0,0,0,0,0,0,24.166666667,24.166666667
1,0.599,0.0161,0.0577,0.0577,0,0,0,0,0,0,0,24.166666667,24.166666667
1,0.599,0.0161,0.0577,0.0577,0,0,0,0,0,0,0,17.777777778,23.888888889
1,0.599,0.0161,0.0577,0.0577,0,0,0,0,0,0,0,17.777777778,23.888888889
1,0.599,0.0161,0.0577,0.0577,0,0,0,0,0,0,0,17.777777778,23.888888889
0.931,0.676,0.0314,0.116,0.116,0,0,0,0,0,0,0.797,17.777777778,23.888888889
0.806,0.733,0.0559,0.292,0.292,0,0,0,0,0,0,0.489,17.777777778,23.888888889
0.25,0.66,0.0364,0.167,0.167,0,0,0,0,0,0,0.0892,17.777777778,23.888888889
0.194,0.653,0.0373,0.153,0.153,0,0,0,0,0,0,0.2,17.777777778,23.888888889
0.333,0.692,0.0602,0.225,0.225,0,0,0,0,0,0,0.0333,17.777777778,23.888888889
0.333,0.692,0.0664,0.221,0.221,0,0,0,0,0,0,0.0665,17.777777778,23.888888889
0.181,0.649,0.0464,0.142,0.142,0,0,0,0,0,0,0.133,24.166666667,24.166666667
0.167,0.645,0.0461,0.133,0.133,0,0,0,0,0,0,0.83,24.166666667,24.166666667
0.167,0.645,0.0502,0.132,0.132,0,0,0,0,0,0,0.371,24.166666667,24.166666667
0.167,0.645,0.0525,0.133,0.133,0,0,0,0,0,0,0.133,24.166666667,24.166666667
0.278,0.688,0.0846,0.189,0.189,0,0,0,0,0,0,0.166,24.166666667,24.166666667
0.403,0.752,0.14,0.279,0.279,0,0,0,0,0,0,0.247,24.166666667,24.166666667
0.528,0.832,0.218,0.434,0.434,0.43,0.417,0,0,0,0.5,0.284,24.166666667,24.166666667
0.667,0.909,0.36,0.68,0.68,0.226,0.9,0,0,0,0,0.259,24.166666667,24.166666667
0.667,0.898,0.501,0.773,0.773,0,0,0,0,0,0,0.119,24.166666667,24.166666667
0.667,0.809,0.481,0.58,0.58,0,0,0.483,0.917,0,0,0.0333,24.166666667,24.166666667
0.694,0.75,0.419,0.429,0.429,0,0,0,0.0833,0.917,0,0.152,24.166666667,24.166666667
0.944,0.705,0.256,0.358,0.358,0,0,0,0,0.917,0,0.198,24.166666667,24.166666667
1,0.654,0.0909,0.141,0.141,0,0,0,0,0,0,0.114,24.166666667,24.166666667
1,0.625,0.0313,0.0742,0.0742,0,0,0,0,0,0,0.0333,24.166666667,24.166666667
1,0.625,0.0218,0.0633,0.0633,0,0,0,0,0,0,0,24.166666667,24.166666667
1,0.625,0.0176,0.0581,0.0581,0,0,0,0,0,0,0,17.777777778,23.888888889
1,0.625,0.0165,0.0577,0.0577,0,0,0,0,0,0,0.166,17.777777778,23.888888889
0.847,0.637,0.019,0.0591,0.0591,0,0,0,0,0,0,0.622,17.777777778,23.888888889
0.833,0.648,0.0256,0.0934,0.0934,0,0,0,0,0,0,0.393,17.777777778,23.888888889
0.833,0.693,0.044,0.222,0.222,0,0,0,0,0,0.917,0.389,17.777777778,23.888888889
0.681,0.726,0.0587,0.283,0.283,0,0,0,0,0,1,0.487,17.777777778,23.888888889
0.597,0.726,0.0659,0.281,0.281,0,0,0,0,0,1,0.469,17.777777778,23.888888889
0.431,0.719,0.0729,0.274,0.274,0,0,0,0,0,0.417,0.0665,17.777777778,23.888888889
0.111,0.63,0.0325,0.112,0.112,0,0,0,0,0,0,0,17.777777778,23.888888889
0,0.599,0.0161,0.0577,0.0577,0,0,0,0,0,0,0,24.166666667,24.166666667
0,0.599,0.0161,0.0577,0.0577,0,0,0,0,0,0,0,24.166666667,24.166666667
0.0694,0.618,0.0304,0.0887,0.0887,0,0,0,0,0,0,0.0333,24.166666667,24.166666667
0.347,0.696,0.0922,0.214,0.214,0,0,0,0,0,0.417,0.459,24.166666667,24.166666667
0.569,0.78,0.156,0.327,0.327,0,0,0,0,0,0.35,0.133,24.166666667,24.166666667
0.444,0.766,0.152,0.3,0.3,0,0,0,0,0,0,0.266,24.166666667,24.166666667
0.375,0.765,0.16,0.326,0.326,0,0,0,0,0,0,0.416,24.166666667,24.166666667
0.556,0.858,0.306,0.581,0.581,0.392,0.417,0,0,0,0,0,24.166666667,24.166666667
0.667,0.898,0.501,0.773,0.773,0.335,0.1,0,0,0,0,0,24.166666667,24.166666667
0.736,0.871,0.623,0.734,0.734,0,0,0,0,0,0,0.123,24.166666667,24.166666667
0.833,0.818,0.602,0.597,0.597,0,0,0,0,0,0,0.15,24.166666667,24.166666667
0.833,0.722,0.297,0.407,0.407,0,0,0,0,0,0,0,24.166666667,24.166666667
0.903,0.641,0.0716,0.119,0.119,0,0,0,0,0,0,0,24.166666667,24.166666667
1,0.617,0.0288,0.0714,0.0714,0,0,0,0,0,0,0,24.166666667,24.166666667
1,0.599,0.0161,0.0577,0.0577,0,0,0,0,0,0,0,24.166666667,24.166666667
1,0.599,0.0161,0.0577,0.0577,0,0,0,0,0,0,0,17.777777778,23.888888889
1,0.599,0.0161,0.0577,0.0577,0,0,0,0,0,0,0,17.777777778,23.888888889
1,0.599,0.0161,0.0577,0.0577,0,0,0,0,0,0,0,17.777777778,23.888888889
0.931,0.646,0.0254,0.0933,0.0933,0,0,0,0,0,0.5,0.254,17.777777778,23.888888889
0.653,0.671,0.0374,0.183,0.183,0,0,0,0,0,0,0.249,17.777777778,23.888888889
0.542,0.655,0.0347,0.157,0.157,0,0,0,0,0,0,0.339,17.777777778,23.888888889
0.431,0.645,0.0342,0.139,0.139,0,0,0,0,0,0,0.237,17.777777778,23.888888889
0.333,0.645,0.0381,0.141,0.141,0,0,0,0,0,0,0.0665,17.777777778,23.888888889
0.639,0.731,0.0878,0.288,0.288,0,0,0,0,0,0,0.2,17.777777778,23.888888889
0.597,0.719,0.0887,0.259,0.259,0,0,0.114,0.167,0,0,0.233,24.166666667,24.166666667
0.5,0.692,0.0761,0.208,0.208,0,0,0.506,0.833,0.167,0,0.0665,24.166666667,24.166666667
0.347,0.649,0.0527,0.138,0.138,0,0,0.814,0,1,0,0.133,24.166666667,24.166666667
0.444,0.719,0.111,0.251,0.251,0,0,0.412,0,0.4,0.417,0.0665,24.166666667,24.166666667
0.5,0.758,0.139,0.294,0.294,0,0,0.803,0,0,1,0.166,24.166666667,24.166666667
0.389,0.73,0.122,0.247,0.247,0,0,0.623,0,0,1,0.166,24.166666667,24.166666667
0.528,0.833,0.219,0.437,0.437,0,0,0.499,0,0,0.133,0.166,24.166666667,24.166666667
0.653,0.903,0.355,0.67,0.67,0,0,0.833,0,0,0,0.111,24.166666667,24.166666667
0.708,0.885,0.48,0.743,0.743,0,0,0.0366,0,0,0,0.17,24.166666667,24.166666667
0.667,0.775,0.407,0.495,0.495,0,0,0,0,0,0,0.113,24.166666667,24.166666667
0.819,0.699,0.285,0.306,0.306,0,0,0,0,0,0,0,24.166666667,24.166666667
0.944,0.666,0.166,0.25,0.25,0,0,0,0,0,0,0.222,24.166666667,24.166666667
1,0.62,0.0487,0.0962,0.0962,0,0,0,0,0,0,0,24.166666667,24.166666667
1,0.599,0.0161,0.0577,0.0577,0,0,0,0,0,0,0,24.166666667,24.166666667
1,0.599,0.0161,0.0577,0.0577,0,0,0,0,0,0,0,24.166666667,24.166666667
1,0.599,0.0161,0.0577,0.0577,0,0,0,0,0,0,0,17.777777778,23.888888889
1,0.599,0.0161,0.0577,0.0577,0,0,0,0,0,0,0,17.777777778,23.888888889
0.847,0.622,0.018,0.0586,0.0586,0,0,0,0,0,0.917,0.345,17.777777778,23.888888889
0.833,0.625,0.0209,0.0756,0.0756,0,0,0,0,0,1,0.118,17.777777778,23.888888889
0.681,0.645,0.0296,0.137,0.137,0,0,0,0,0,1,0.222,17.777777778,23.888888889
0.597,0.665,0.0384,0.176,0.176,0,0,0,0,0,0.417,0.339,17.777777778,23.888888889
0.486,0.641,0.0327,0.132,0.132,0,0,0,0,0,0,0.195,17.777777778,23.888888889
0.514,0.649,0.0397,0.148,0.148,0,0,0,0,0,0,0,17.777777778,23.888888889
0.347,0.603,0.0179,0.0647,0.0647,0,0,0,0,0,0,0,17.777777778,23.888888889
0.333,0.642,0.0421,0.129,0.129,0,0,0,0,0,0,0.399,24.166666667,24.166666667
0.375,0.676,0.0662,0.183,0.183,0,0,0,0,0,0,0.382,24.166666667,24.166666667
0.333,0.692,0.0843,0.207,0.207,0,0,0,0,0,0,0.359,24.166666667,24.166666667
0.333,0.692,0.089,0.208,0.208,0,0,0,0,0,0,0.301,24.166666667,24.166666667
0.403,0.727,0.115,0.248,0.248,0,0,0,0,0,0,0.16,24.166666667,24.166666667
0.528,0.799,0.179,0.347,0.347,0,0,0.0922,0.167,0,0,0.495,24.166666667,24.166666667
0.583,0.856,0.238,0.472,0.472,0,0,0.55,0.833,0.167,0.417,0.369,24.166666667,24.166666667
0.667,0.909,0.36,0.68,0.68,0,0,0.525,0,1,0.6,0.133,24.166666667,24.166666667
0.667,0.898,0.501,0.773,0.773,0,0,0.892,0,0.15,0,0.0665,24.166666667,24.166666667
0.667,0.871,0.623,0.734,0.734,0,0,0.773,0,0,0,0.138,24.166666667,24.166666667
0.931,0.818,0.602,0.597,0.597,0,0,0.552,0,0,0,0.294,24.166666667,24.166666667
1,0.689,0.224,0.312,0.312,0,0,0,0,0,0,0.163,24.166666667,24.166666667
1,0.613,0.0396,0.0865,0.0865,0,0,0,0,0,0,0,24.166666667,24.166666667
1,0.599,0.0182,0.0577,0.0577,0,0,0,0,0,0,0,24.166666667,24.166666667
1,0.599,0.0184,0.0577,0.0577,0,0,0,0,0,0,0,24.166666667,24.166666667
0.889,0.599,0.0184,0.0577,0.0577,0,0,0,0,0,0,0,17.777777778,23.888888889
0.833,0.599,0.0184,0.0577,0.0577,0,0,0,0,0,0,0,17.777777778,23.888888889
0.986,0.622,0.0199,0.0586,0.0586,0,0,0,0,0,0,0.0998,17.777777778,23.888888889
1,0.625,0.0212,0.0756,0.0756,0,0,0,0,0,0,0.0998,17.777777778,23.888888889
1,0.65,0.0296,0.147,0.147,0,0,0,0,0,0.167,0.344,17.777777778,23.888888889
0.847,0.722,0.0616,0.277,0.277,0,0,0,0,0,0.6,0.248,17.777777778,23.888888889
0.694,0.745,0.102,0.315,0.315,0,0,0,0,0,0,0.615,17.777777778,23.888888889
0.5,0.692,0.0918,0.225,0.225,0,0,0,0,0,0,0.16,17.777777778,23.888888889
0.389,0.704,0.119,0.241,0.241,0,0,0,0,0,0,0.234,17.777777778,23.888888889
0.333,0.692,0.118,0.214,0.214,0,0,0,0,0,0,0.917,24.166666667,24.166666667
0.403,0.711,0.148,0.24,0.24,0,0,0,0,0,0.25,0.361,24.166666667,24.166666667
0.653,0.762,0.241,0.318,0.318,0,0,0,0,0,0,0.423,24.166666667,24.166666667
0.639,0.75,0.256,0.301,0.301,0,0,0,0,0,0,0.129,24.166666667,24.166666667
0.431,0.735,0.227,0.261,0.261,0,0,0,0,0,0,0.161,24.166666667,24.166666667
0.333,0.725,0.189,0.24,0.24,0,0,0,0,0,0,0.133,24.166666667,24.166666667
0.486,0.814,0.277,0.406,0.406,0,0,0,0,0,0.767,0.0998,24.166666667,24.166666667
0.611,0.884,0.401,0.63,0.63,0,0,0,0,0,0,0.251,24.166666667,24.166666667
0.667,0.861,0.495,0.683,0.683,0,0,0,0,0,0,0.179,24.166666667,24.166666667
0.667,0.871,0.668,0.734,0.734,0,0,0.0954,0.167,0,0,0,24.166666667,24.166666667
0.667,0.782,0.528,0.509,0.509,0,0,0.661,0.833,0.167,0,0,24.166666667,24.166666667
0.667,0.705,0.277,0.358,0.358,0,0,0.345,0,1,0,0,24.166666667,24.166666667
0.819,0.647,0.0928,0.132,0.132,0,0,0,0,0.15,0,0,24.166666667,24.166666667
0.903,0.636,0.0431,0.0802,0.0802,0,0,0,0,0,0,0.0333,24.166666667,24.166666667
1,0.627,0.0269,0.0645,0.0645,0,0,0,0,0,0,0.0333,24.166666667,24.166666667
1,0.625,0.0208,0.0581,0.0581,0,0,0,0,0,0,0.133,17.777777778,23.888888889
1,0.625,0.0189,0.0577,0.0577,0,0,0,0,0,0,0.0665,17.777777778,23.888888889
1,0.601,0.0184,0.0577,0.0577,0,0,0,0,0,0,0,17.777777778,23.888888889
1,0.599,0.0184,0.0577,0.0577,0,0,0,0,0,0,0,17.777777778,23.888888889
1,0.629,0.0251,0.111,0.111,0,0,0,0,0,0,0.631,17.777777778,23.888888889
1,0.681,0.0474,0.203,0.203,0,0,0,0,0,0.417,0.344,17.777777778,23.888888889
1,0.711,0.0831,0.254,0.254,0,0,0,0,0,0.0833,0.0333,17.777777778,23.888888889
0.847,0.781,0.163,0.385,0.385,0,0,0,0,0,0,0.402,17.777777778,23.888888889
0.833,0.785,0.197,0.384,0.384,0,0,0,0,0,0,0.101,17.777777778,23.888888889
0.986,0.785,0.217,0.37,0.37,0,0,0,0,0,0,0.251,24.166666667,24.166666667
0.819,0.82,0.273,0.415,0.415,0,0,0,0,0,0,0.271,24.166666667,24.166666667
0.778,0.816,0.315,0.405,0.405,0,0,0,0,0,0,0.382,24.166666667,24.166666667
0.986,0.874,0.451,0.501,0.501,0,0,0.636,0.75,0.167,0.5,0.263,24.166666667,24.166666667
0.972,0.908,0.49,0.518,0.518,0,0,0.41,0,1,0,0.353,24.166666667,24.166666667
0.694,0.861,0.375,0.437,0.437,0,0,0,0,0.4,0,0.575,24.166666667,24.166666667
0.458,0.801,0.262,0.384,0.384,0,0,0,0,0,0,0.275,24.166666667,24.166666667
0.542,0.851,0.357,0.564,0.564,0,0,0,0,0,0,0.237,24.166666667,24.166666667
0.528,0.835,0.451,0.624,0.624,0,0,0,0,0,0,0.38,24.166666667,24.166666667
0.667,0.871,0.668,0.734,0.734,0,0,0,0,0,0,0.145,24.166666667,24.166666667
0.667,0.809,0.604,0.575,0.575,0,0,0,0,0,0,0.0321,24.166666667,24.166666667
0.819,0.731,0.34,0.434,0.434,0,0,0,0,0,0,0.159,24.166666667,24.166666667
0.903,0.689,0.156,0.193,0.193,0,0,0,0,0,0,0.163,24.166666667,24.166666667
1,0.649,0.0488,0.0914,0.0914,0,0,0,0,0,0,0.0333,24.166666667,24.166666667
1,0.614,0.0197,0.0613,0.0613,0,0,0,0,0,0,0.0333,24.166666667,24.166666667
1,0.599,0.0161,0.0577,0.0577,0,0,0,0,0,0,0,17.777777778,23.888888889
1,0.599,0.0161,0.0577,0.0577,0,0,0,0,0,0,0,17.777777778,23.888888889
1,0.599,0.0161,0.0577,0.0577,0,0,0,0,0,0,0,17.777777778,23.888888889
1,0.599,0.0161,0.0577,0.0577,0,0,0,0,0,0,0,17.777777778,23.888888889
0.694,0.642,0.0292,0.136,0.136,0,0,0,0,0,0.5,0.321,17.777777778,23.888888889
0.556,0.655,0.0347,0.157,0.157,0,0,0,0,0,0,0.252,17.777777778,23.888888889
0.389,0.657,0.0389,0.159,0.159,0,0,0,0,0,0,0.387,17.777777778,23.888888889
0.333,0.645,0.0381,0.141,0.141,0,0,0,0,0,0,0.394,17.777777778,23.888888889
0.181,0.603,0.0179,0.0647,0.0647,0,0,0,0,0,0,0.0333,17.777777778,23.888888889
0.167,0.599,0.0161,0.0577,0.0577,0,0,0,0,0,0,0,24.166666667,24.166666667
0.236,0.638,0.0412,0.12,0.12,0,0,0,0,0,0,0.0665,24.166666667,24.166666667
0.361,0.7,0.09,0.219,0.219,0,0,0,0,0,0,0.366,24.166666667,24.166666667
0.5,0.739,0.125,0.282,0.282,0,0,0,0,0,0,0.539,24.166666667,24.166666667
0.583,0.785,0.16,0.334,0.334,0,0,0,0,0,0.167,0.403,24.166666667,24.166666667
0.5,0.73,0.122,0.247,0.247,0,0,0,0,0,0.0833,0.133,24.166666667,24.166666667
0.5,0.814,0.203,0.406,0.406,0,0,0,0,0,0,0.2,24.166666667,24.166666667
0.5,0.832,0.274,0.525,0.525,0,0,0,0,0,0,0.0998,24.166666667,24.166666667
0.569,0.854,0.432,0.669,0.669,0,0,0,0,0,0,0.305,24.166666667,24.166666667
0.667,0.871,0.623,0.734,0.734,0,0,0,0,0,0,0.203,24.166666667,24.166666667
0.819,0.795,0.542,0.542,0.542,0,0,0,0,0,0,0.492,24.166666667,24.166666667
0.903,0.665,0.169,0.243,0.243,0,0,0,0,0,0,0.114,24.166666667,24.166666667
1,0.659,0.0969,0.148,0.148,0,0,0,0,0,0,0.0493,24.166666667,24.166666667
1,0.627,0.0343,0.0774,0.0774,0,0,0,0,0,0,0,24.166666667,24.166666667
1,0.625,0.0218,0.0633,0.0633,0,0,0,0,0,0,0,24.166666667,24.166666667
1,0.601,0.0165,0.0581,0.0581,0,0,0,0,0,0,0,17.777777778,23.888888889
0.931,0.612,0.0162,0.0577,0.0577,0,0,0,0,0,0,0.397,17.777777778,23.888888889
0.986,0.622,0.018,0.0586,0.0586,0,0,0,0,0,0,0.237,17.777777778,23.888888889
1,0.625,0.0209,0.0756,0.0756,0,0,0,0,0,0,0.0998,17.777777778,23.888888889
1,0.688,0.0428,0.216,0.216,0,0,0,0,0,0,0.809,17.777777778,23.888888889
0.792,0.714,0.0546,0.263,0.263,0,0,0,0,0,0,0.228,17.777777778,23.888888889
0.347,0.645,0.0342,0.139,0.139,0,0,0,0,0,0,0.166,17.777777778,23.888888889
0.333,0.645,0.0381,0.141,0.141,0,0,0,0,0,0,0.0665,17.777777778,23.888888889
0.333,0.645,0.0412,0.139,0.139,0,0,0,0,0,0,0.233,17.777777778,23.888888889
0.333,0.645,0.0442,0.136,0.136,0,0,0,0,0,0,0.133,24.166666667,24.166666667
0.361,0.653,0.0511,0.146,0.146,0,0,0,0,0,0,0,24.166666667,24.166666667
0.347,0.649,0.0527,0.138,0.138,0,0,0,0,0,0,0.2,24.166666667,24.166666667
0.278,0.665,0.0678,0.164,0.164,0,0,0,0,0,0,0.299,24.166666667,24.166666667
0.542,0.718,0.108,0.235,0.235,0,0,0,0,0,0,0.0665,24.166666667,24.166666667
0.264,0.693,0.0925,0.194,0.194,0,0,0.892,0.917,0,0,0.0998,24.166666667,24.166666667
0.361,0.758,0.154,0.315,0.315,0,0,0,0.0833,0.517,0,0.133,24.166666667,24.166666667
0.583,0.871,0.318,0.604,0.604,0,0,0,0,0,0.767,0.553,24.166666667,24.166666667
0.5,0.823,0.38,0.594,0.594,0,0,0,0,0,0,0,24.166666667,24.166666667
0.5,0.803,0.471,0.565,0.565,0,0,0,0,0,0,0.0665,24.166666667,24.166666667
0.639,0.759,0.444,0.451,0.451,0,0,0,0,0,0,0,24.166666667,24.166666667
0.986,0.719,0.29,0.398,0.398,0,0,0,0,0,0,0,24.166666667,24.166666667
1,0.659,0.0969,0.148,0.148,0,0,0,0,0,0,0.0783,24.166666667,24.166666667
1,0.627,0.0343,0.0774,0.0774,0,0,0,0,0,0,0,24.166666667,24.166666667
1,0.601,0.0172,0.0589,0.0589,0,0,0,0,0,0,0,24.166666667,24.166666667
1,0.599,0.0161,0.0577,0.0577,0,0,0,0,0,0,0,17.777777778,23.888888889
1,0.599,0.0161,0.0577,0.0577,0,0,0,0,0,0,0,17.777777778,23.888888889
1,0.599,0.0161,0.0577,0.0577,0,0,0,0,0,0,0,17.777777778,23.888888889
0.931,0.622,0.0207,0.0755,0.0755,0,0,0,0,0,0,0.293,17.777777778,23.888888889
0.833,0.631,0.0255,0.113,0.113,0,0,0,0,0,0,0.2,17.777777778,23.888888889
0.681,0.602,0.0169,0.0626,0.0626,0,0,0,0,0,0,0,17.777777778,23.888888889
0.667,0.642,0.033,0.133,0.133,0,0,0,0,0,0,0.206,17.777777778,23.888888889
0.514,0.645,0.0381,0.141,0.141,0,0,0,0,0,0,0.376,17.777777778,23.888888889
0.458,0.614,0.0243,0.085,0.085,0,0,0,0,0,0,0.246,17.777777778,23.888888889
0.5,0.599,0.0161,0.0577,0.0577,0,0,0,0,0,0,0.0486,24.166666667,24.166666667
0.583,0.661,0.0563,0.158,0.158,0,0,0,0,0,0,0.166,24.166666667,24.166666667
0.319,0.642,0.0469,0.126,0.126,0,0,0,0,0,0,0.0998,24.166666667,24.166666667
0.167,0.599,0.0161,0.0577,0.0577,0,0,0,0,0,0,0,24.166666667,24.166666667
0.278,0.684,0.0816,0.183,0.183,0,0,0,0,0,0,0.266,24.166666667,24.166666667
0.417,0.757,0.145,0.287,0.287,0,0,0,0,0,0,0.2,24.166666667,24.166666667
0.333,0.746,0.143,0.295,0.295,0,0,0,0,0,0,0.255,24.166666667,24.166666667
0.333,0.754,0.188,0.369,0.369,0,0,0,0,0,0,0.133,24.166666667,24.166666667
0.333,0.748,0.259,0.415,0.415,0,0,0,0,0,0,0.0998,24.166666667,24.166666667
0.444,0.78,0.422,0.508,0.508,0,0,0,0,0,0,0.0665,24.166666667,24.166666667
0.611,0.776,0.492,0.495,0.495,0,0,0,0,0,0,0.0665,24.166666667,24.166666667
0.736,0.738,0.329,0.454,0.454,0,0,0,0,0,0,0.265,24.166666667,24.166666667
0.833,0.646,0.0873,0.141,0.141,0,0,0,0,0,0,0.124,24.166666667,24.166666667
0.833,0.601,0.0191,0.0609,0.0609,0,0,0,0,0,0,0.0482,24.166666667,24.166666667
0.861,0.599,0.0167,0.0585,0.0585,0,0,0,0,0,0,0,24.166666667,24.166666667
1,0.599,0.0164,0.0581,0.0581,0,0,0,0,0,0,0,17.777777778,23.888888889
1,0.599,0.0161,0.0577,0.0577,0,0,0,0,0,0,0,17.777777778,23.888888889
1,0.599,0.0161,0.0577,0.0577,0,0,0,0,0,0,0,17.777777778,23.888888889
1,0.599,0.0167,0.0608,0.0608,0,0,0,0,0,0,0.0333,17.777777778,23.888888889
0.889,0.611,0.0364,0.201,0.201,0,0,0,0,0,0.417,0.41,17.777777778,23.888888889
0.722,0.636,0.0511,0.277,0.277,0,0,0,0,0,0.0667,0.301,17.777777778,23.888888889
0.667,0.646,0.0612,0.291,0.291,0,0,0,0,0,0,0.284,17.777777778,23.888888889
0.403,0.621,0.0417,0.169,0.169,0,0,0,0,0,0,0.485,17.777777778,23.888888889
0.264,0.623,0.0477,0.173,0.173,0,0,0,0,0,0,0.0665,17.777777778,23.888888889
0.167,0.615,0.0396,0.131,0.131,0,0,0,0,0,0,0.2,24.166666667,24.166666667
0.167,0.615,0.0412,0.128,0.128,0,0,0,0,0,0,0.0665,24.166666667,24.166666667
0.208,0.619,0.0519,0.145,0.145,0,0,0,0,0,0.167,0.2,24.166666667,24.166666667
0.167,0.615,0.0467,0.128,0.128,0,0,0,0,0,1,0.0998,24.166666667,24.166666667
0.431,0.654,0.106,0.246,0.246,0,0,0,0,0,0.05,0.299,24.166666667,24.166666667
0.403,0.668,0.12,0.254,0.254,0,0,0,0,0,0.167,0.226,24.166666667,24.166666667
0.667,0.748,0.231,0.466,0.466,0,0,0,0,0,0.483,0.175,24.166666667,24.166666667
0.667,0.76,0.308,0.597,0.597,0,0,0,0,0,1,0,24.166666667,24.166666667
0.736,0.767,0.471,0.785,0.785,0.377,0.417,0,0,0,0.05,0.233,24.166666667,24.166666667
0.75,0.712,0.452,0.635,0.635,0.545,0.0833,0,0,0,0,0.133,24.166666667,24.166666667
0.833,0.666,0.389,0.494,0.494,0,0,0,0,0,0,0.0333,24.166666667,24.166666667
0.986,0.614,0.115,0.172,0.172,0,0,0,0,0,0,0.0333,24.166666667,24.166666667
1,0.6,0.0222,0.0648,0.0648,0,0,0,0,0,0,0,24.166666667,24.166666667
1,0.599,0.0161,0.0577,0.0577,0,0,0,0,0,0,0,24.166666667,24.166666667
1,0.599,0.0161,0.0577,0.0577,0,0,0,0,0,0,0,24.166666667,24.166666667
1,0.599,0.0161,0.0577,0.0577,0,0,0,0,0,0,0,17.777777778,23.888888889
1,0.599,0.0161,0.0577,0.0577,0,0,0,0,0,0,0,17.777777778,23.888888889
1,0.599,0.0161,0.0577,0.0577,0,0,0,0,0,0,0,17.777777778,23.888888889
1,0.599,0.0177,0.0655,0.0655,0,0,0,0,0,0,0.238,17.777777778,23.888888889
0.972,0.607,0.0297,0.154,0.154,0,0,0,0,0,0,0.153,17.777777778,23.888888889
0.764,0.618,0.0338,0.168,0.168,0.4,0.417,0,0,0,0,0.466,17.777777778,23.888888889
0.639,0.618,0.035,0.155,0.155,0.284,0.85,0,0,0,0,0.446,17.777777778,23.888888889
0.389,0.615,0.0344,0.137,0.137,0,0,0,0,0,0,0.2,17.777777778,23.888888889
0.25,0.621,0.0459,0.166,0.166,0,0,0,0,0,0.917,0.166,17.777777778,23.888888889
0.333,0.631,0.0632,0.204,0.204,0,0,0,0,0,0.3,0.0333,24.166666667,24.166666667
0.264,0.624,0.0558,0.17,0.17,0,0,0,0,0,0,0.0333,24.166666667,24.166666667
0.278,0.619,0.0519,0.145,0.145,0,0,0.151,0.667,0,0,0.133,24.166666667,24.166666667
0.333,0.625,0.0672,0.175,0.175,0,0,0.378,0.317,0.683,0,0.133,24.166666667,24.166666667
0.444,0.655,0.108,0.252,0.252,0,0,0.409,0,0.867,0,0.2,24.166666667,24.166666667
0.653,0.713,0.186,0.377,0.377,0.416,0.417,0.448,0,0,0.233,0.2,24.166666667,24.166666667
0.667,0.748,0.231,0.466,0.466,0.383,0.85,0,0,0,0,0.0998,24.166666667,24.166666667
0.639,0.733,0.258,0.505,0.505,0.769,0,0,0,0,0,0.0665,24.166666667,24.166666667
0.611,0.738,0.395,0.662,0.662,0,0,0,0,0,0.667,0.0333,24.166666667,24.166666667
0.667,0.709,0.444,0.621,0.621,0,0,0,0,0,0.55,0.0333,24.166666667,24.166666667
0.667,0.666,0.389,0.494,0.494,0,0,0,0,0,0,0,24.166666667,24.166666667
0.667,0.619,0.152,0.214,0.214,0,0,0,0,0,0,0,24.166666667,24.166666667
0.667,0.6,0.0298,0.0745,0.0745,0,0,0,0,0,0,0.0789,24.166666667,24.166666667
0.736,0.599,0.0182,0.0577,0.0577,0,0,0,0,0,0,0,24.166666667,24.166666667
0.833,0.599,0.0184,0.0577,0.0577,0,0,0,0,0,0,0,24.166666667,24.166666667
0.833,0.599,0.0184,0.0577,0.0577,0,0,0,0,0,0,0,17.777777778,23.888888889
0.833,0.599,0.0184,0.0577,0.0577,0,0,0,0,0,0,0,17.777777778,23.888888889
0.986,0.599,0.0184,0.0577,0.0577,0,0,0,0,0,0,0,17.777777778,23.888888889
1,0.599,0.0184,0.0577,0.0577,0,0,0,0,0,0,0,17.777777778,23.888888889
1,0.599,0.0184,0.0577,0.0577,0,0,0,0,0,0,0,17.777777778,23.888888889
1,0.616,0.0354,0.157,0.157,0,0,0,0,0,0,0.355,17.777777778,23.888888889
0.931,0.638,0.0743,0.252,0.252,0,0,0,0,0,0.483,0.233,17.777777778,23.888888889
0.833,0.645,0.109,0.288,0.288,0,0,0,0,0,0,0.0665,17.777777778,23.888888889
0.944,0.657,0.156,0.339,0.339,0,0,0,0,0,0,0.125,17.777777778,23.888888889
1,0.662,0.186,0.351,0.351,0,0,0,0,0,0.917,0.374,24.166666667,24.166666667
1,0.677,0.241,0.406,0.406,0,0,0,0,0,0.783,0.287,24.166666667,24.166666667
0.681,0.648,0.182,0.273,0.273,0,0,0,0,0,0,0.17,24.166666667,24.166666667
0.681,0.648,0.208,0.274,0.274,0,0,0,0,0,0,0.399,24.166666667,24.166666667
0.667,0.67,0.252,0.306,0.306,0,0,0,0,0,0,0.233,24.166666667,24.166666667
0.556,0.675,0.211,0.274,0.274,0,0,0,0,0,0,0.286,24.166666667,24.166666667
0.5,0.689,0.2,0.305,0.305,0,0,0,0,0,0.417,0.406,24.166666667,24.166666667
0.569,0.737,0.32,0.52,0.52,0,0,0,0,0,0.55,0.0665,24.166666667,24.166666667
0.514,0.716,0.373,0.562,0.562,0,0,0,0,0,0,0.0998,24.166666667,24.166666667
0.569,0.711,0.49,0.635,0.635,0,0,0,0,0,0,0.233,24.166666667,24.166666667
0.667,0.688,0.536,0.639,0.639,0,0,0,0,0,0,0,24.166666667,24.166666667
0.819,0.644,0.355,0.418,0.418,0,0,0,0,0,0,0.231,24.166666667,24.166666667
0.903,0.609,0.164,0.219,0.219,0,0,0,0,0,0,0,24.166666667,24.166666667
1,0.598,0.0584,0.102,0.102,0,0,0,0,0,0,0,24.166666667,24.166666667
1,0.598,0.0241,0.0633,0.0633,0,0,0,0,0,0,0.0333,24.166666667,24.166666667
1,0.598,0.02,0.0581,0.0581,0,0,0,0,0,0,0.0665,17.777777778,23.888888889
1,0.598,0.0184,0.0577,0.0577,0,0,0,0,0,0,0.133,17.777777778,23.888888889
1,0.599,0.0184,0.0577,0.0577,0,0,0,0,0,0,0,17.777777778,23.888888889
1,0.599,0.0192,0.0655,0.0655,0,0,0,0,0,0,0.166,17.777777778,23.888888889
0.931,0.606,0.0267,0.14,0.14,0,0,0,0,0,0,0.456,17.777777778,23.888888889
0.681,0.623,0.0422,0.199,0.199,0,0,0,0,0,0,0.251,17.777777778,23.888888889
0.736,0.63,0.0627,0.213,0.213,0,0,0,0,0,0,0.189,17.777777778,23.888888889
0.611,0.624,0.0668,0.183,0.183,0,0,0,0,0,0,0.259,17.777777778,23.888888889
0.528,0.617,0.0623,0.147,0.147,0,0,0,0,0,0,0.0333,17.777777778,23.888888889
0.667,0.645,0.141,0.271,0.271,0,0,0,0,0,0.717,0.2,24.166666667,24.166666667
0.667,0.661,0.196,0.335,0.335,0,0,0,0,0,0,0.373,24.166666667,24.166666667
0.736,0.669,0.255,0.366,0.366,0,0,0,0,0,0,0.0875,24.166666667,24.166666667
0.833,0.678,0.327,0.409,0.409,0,0,0,0,0,0,0.194,24.166666667,24.166666667
0.833,0.703,0.361,0.421,0.421,0,0,0,0,0,0,0.348,24.166666667,24.166666667
0.764,0.731,0.35,0.43,0.43,0,0,0,0,0,0,0.348,24.166666667,24.166666667
0.667,0.748,0.318,0.466,0.466,0,0,0,0,0,0,0.265,24.166666667,24.166666667
0.514,0.723,0.289,0.471,0.471,0,0,0,0,0,0,0.08,24.166666667,24.166666667
0.5,0.713,0.366,0.551,0.551,0,0,0,0,0,0,0.133,24.166666667,24.166666667
0.5,0.697,0.432,0.565,0.565,0,0,0,0,0,0.667,0.0998,24.166666667,24.166666667
0.5,0.666,0.407,0.494,0.494,0,0,0,0,0,0.55,0.114,24.166666667,24.166666667
0.528,0.621,0.177,0.229,0.229,0,0,0,0,0,0,0.329,24.166666667,24.166666667
0.667,0.602,0.0636,0.107,0.107,0,0,0,0,0,0,0,24.166666667,24.166666667
0.667,0.599,0.0192,0.0609,0.0609,0,0,0,0,0,0,0,24.166666667,24.166666667
0.667,0.599,0.0161,0.0577,0.0577,0,0,0,0,0,0,0,24.166666667,24.166666667
0.667,0.599,0.0161,0.0577,0.0577,0,0,0,0,0,0,0,17.777777778,23.888888889
0.778,0.599,0.0161,0.0577,0.0577,0,0,0,0,0,0,0,17.777777778,23.888888889
0.986,0.599,0.0168,0.0581,0.0581,0,0,0,0,0,0.483,0.0333,17.777777778,23.888888889
1,0.599,0.0161,0.0577,0.0577,0,0,0,0,0,0,0,17.777777778,23.888888889
1,0.61,0.034,0.186,0.186,0,0,0,0,0,0,0.509,17.777777778,23.888888889
0.847,0.629,0.0451,0.24,0.24,0,0,0,0,0,0,0.345,17.777777778,23.888888889
0.722,0.66,0.0753,0.363,0.363,0,0,0.472,0.667,0,0,0.432,17.777777778,23.888888889
0.403,0.637,0.06,0.248,0.248,0,0,0.56,0.567,0.433,0,0.1,17.777777778,23.888888889
0.333,0.631,0.0581,0.211,0.211,0,0,0.407,0,0.0833,0,0.133,17.777777778,23.888888889
0.333,0.631,0.0632,0.204,0.204,0,0,0.335,0,0,0,0.133,24.166666667,24.166666667
0.333,0.631,0.0663,0.199,0.199,0,0,0,0,0,0.917,0.0998,24.166666667,24.166666667
0.181,0.616,0.0468,0.133,0.133,0,0,0,0,0,0.3,0.133,24.166666667,24.166666667
0.167,0.612,0.0416,0.116,0.116,0,0,0,0,0,0,0.233,24.166666667,24.166666667
0.306,0.617,0.0451,0.119,0.119,0,0,0,0,0,0,0.133,24.166666667,24.166666667
0.569,0.669,0.121,0.255,0.255,0,0,0,0,0,0.667,0.333,24.166666667,24.166666667
0.778,0.77,0.264,0.529,0.529,0,0,0.685,0.667,0,0.3,0.0665,24.166666667,24.166666667
0.792,0.747,0.281,0.549,0.549,0.608,0.667,0.224,0.317,0.683,0,0.0665,24.166666667,24.166666667
0.833,0.713,0.325,0.551,0.551,0.121,0.6,0,0,1,0,0.133,24.166666667,24.166666667
0.833,0.697,0.402,0.565,0.565,0,0,0,0,1,0,0,24.166666667,24.166666667
0.986,0.666,0.389,0.494,0.494,0,0,0,0,0.183,0,0.0333,24.166666667,24.166666667
1,0.614,0.115,0.172,0.172,0,0,0,0,0,0,0.0998,24.166666667,24.166666667
1,0.602,0.0501,0.1,0.1,0,0,0,0,0,0,0,24.166666667,24.166666667
1,0.598,0.0286,0.0742,0.0742,0,0,0,0,0,0,0,24.166666667,24.166666667
1,0.598,0.0206,0.0633,0.0633,0,0,0,0,0,0,0.0998,24.166666667,24.166666667
1,0.599,0.0164,0.0581,0.0581,0,0,0,0,0,0,0,17.777777778,23.888888889
1,0.598,0.016,0.0577,0.0577,0,0,0,0,0,0,0.247,17.777777778,23.888888889
1,0.599,0.0163,0.0578,0.0578,0,0,0,0,0,0,0,17.777777778,23.888888889
0.931,0.598,0.0234,0.092,0.092,0,0,0.65,0.917,0,0,0.209,17.777777778,23.888888889
0.833,0.608,0.0314,0.165,0.165,0,0,0,0.317,0.683,0.917,0.41,17.777777778,23.888888889
0.611,0.618,0.0344,0.173,0.173,0,0,0,0,0.617,1,0.133,17.777777778,23.888888889
0.319,0.612,0.0286,0.123,0.123,0,0,0,0,0,0.0333,0.22,17.777777778,23.888888889
0.0139,0.599,0.0161,0.0577,0.0577,0,0,0,0,0,0,0,17.777777778,23.888888889
0.0417,0.603,0.0214,0.0768,0.0768,0,0,0,0,0,0,0,17.777777778,23.888888889
0,0.599,0.0161,0.0577,0.0577,0,0,0,0,0,0,0,24.166666667,24.166666667
0.111,0.609,0.0329,0.105,0.105,0,0,0,0,0,0,0.133,24.166666667,24.166666667
0.194,0.617,0.0495,0.139,0.139,0,0,0,0,0,0,0.266,24.166666667,24.166666667
0.181,0.616,0.0491,0.134,0.134,0,0,0,0,0,0.667,0.0665,24.166666667,24.166666667
0.194,0.623,0.0564,0.143,0.143,0,0,0,0,0,0.05,0.361,24.166666667,24.166666667
0.514,0.669,0.121,0.255,0.255,0,0,0,0,0,0.917,0.318,24.166666667,24.166666667
0.708,0.736,0.214,0.433,0.433,0,0,0,0,0,0.05,0.236,24.166666667,24.166666667
0.667,0.76,0.308,0.597,0.597,0.119,0.167,0.183,0.667,0,0,0.266,24.166666667,24.166666667
0.556,0.726,0.357,0.604,0.604,0.472,1,0,0.317,0.683,0,0.266,24.166666667,24.166666667
0.569,0.711,0.457,0.635,0.635,0.606,0.367,0.0779,0.167,0.617,0,0.133,24.166666667,24.166666667
0.778,0.684,0.493,0.615,0.615,0.356,0,0.334,0.817,0.183,0,0.0846,24.166666667,24.166666667
0.833,0.623,0.182,0.25,0.25,0,0,0,0,1,0,0.0778,24.166666667,24.166666667
0.861,0.602,0.0486,0.0978,0.0978,0,0,0,0,0.117,0,0.0961,24.166666667,24.166666667
1,0.599,0.0268,0.0718,0.0718,0,0,0,0,0,0,0,24.166666667,24.166666667
1,0.599,0.0161,0.0577,0.0577,0,0,0,0,0,0,0,24.166666667,24.166666667
1,0.599,0.0161,0.0577,0.0577,0,0,0,0,0,0,0,17.777777778,23.888888889
1,0.599,0.0161,0.0577,0.0577,0,0,0,0,0,0,0,17.777777778,23.888888889
1,0.598,0.0173,0.0585,0.0585,0,0,0,0,0,0,0.233,17.777777778,23.888888889
1,0.598,0.0234,0.092,0.092,0,0,0,0,0,0.167,0.525,17.777777778,23.888888889
0.889,0.613,0.0407,0.231,0.231,0,0,0,0,0,0.8,0.313,17.777777778,23.888888889
0.736,0.64,0.0551,0.302,0.302,0,0,0,0,0,0,0.0998,17.777777778,23.888888889
0.278,0.609,0.0257,0.109,0.109,0,0,0,0,0,0.233,0.0333,17.777777778,23.888888889
0.0972,0.599,0.0161,0.0577,0.0577,0,0,0,0,0,0,0,17.777777778,23.888888889
0,0.599,0.0161,0.0577,0.0577,0,0,0,0,0,0,0,17.777777778,23.888888889
0.153,0.613,0.0379,0.125,0.125,0,0,0,0,0,0.233,0.0998,24.166666667,24.166666667
0.139,0.612,0.037,0.117,0.117,0,0,0,0,0,0,0.284,24.166666667,24.166666667
0.0694,0.605,0.0281,0.0868,0.0868,0,0,0,0,0,0,0.246,24.166666667,24.166666667
0.167,0.615,0.0467,0.128,0.128,0,0,0,0,0,0,0.2,24.166666667,24.166666667
0.167,0.62,0.0506,0.13,0.13,0,0,0,0,0,0,0.399,24.166666667,24.166666667
0.306,0.652,0.096,0.208,0.208,0,0,0,0,0,0,0.284,24.166666667,24.166666667
0.625,0.739,0.218,0.442,0.442,0.528,0.667,0,0,0,0.483,0.497,24.166666667,24.166666667
0.569,0.737,0.266,0.52,0.52,0,0.1,0.698,0.917,0,0.417,0.166,24.166666667,24.166666667
0.667,0.751,0.427,0.715,0.715,0.163,0.167,0.436,0.0667,0.767,0.3,0.0333,24.166666667,24.166666667
0.667,0.717,0.476,0.663,0.663,0.691,1,0,0,0,0,0.191,24.166666667,24.166666667
0.819,0.676,0.451,0.565,0.565,0,0.1,0,0,0,0,0.262,24.166666667,24.166666667
0.833,0.621,0.17,0.236,0.236,0,0,0,0,0,0,0.13,24.166666667,24.166666667
0.833,0.602,0.0501,0.1,0.1,0,0,0,0,0,0,0.0998,24.166666667,24.166666667
0.833,0.599,0.0268,0.0718,0.0718,0,0,0,0,0,0,0.0998,24.166666667,24.166666667
0.833,0.599,0.0161,0.0577,0.0577,0,0,0,0,0,0,0,24.166666667,24.166666667
0.833,0.599,0.0161,0.0577,0.0577,0,0,0,0,0,0,0,17.777777778,23.888888889
0.833,0.599,0.0161,0.0577,0.0577,0,0,0,0,0,0,0,17.777777778,23.888888889
0.986,0.598,0.0173,0.0585,0.0585,0,0,0,0,0,0,0.218,17.777777778,23.888888889
1,0.598,0.0234,0.092,0.092,0,0,0,0,0,0,0.366,17.777777778,23.888888889
1,0.61,0.036,0.198,0.198,0,0,0,0,0,0,0.587,17.777777778,23.888888889
0.639,0.644,0.0588,0.325,0.325,0.761,0.667,0,0,0,0,0.379,17.777777778,23.888888889
0.181,0.616,0.0321,0.142,0.142,0.313,0.867,0.356,0.917,0,0,0.0333,17.777777778,23.888888889
0.167,0.615,0.0344,0.137,0.137,0,0,0.452,0.0667,0.933,0,0.0333,17.777777778,23.888888889
0.167,0.615,0.0371,0.134,0.134,0,0,0.224,0,0.367,0,0.133,17.777777778,23.888888889
0.167,0.615,0.0396,0.131,0.131,0,0,0,0,0,0,0.2,24.166666667,24.166666667
0.167,0.615,0.0412,0.128,0.128,0,0,0,0,0,0,0.299,24.166666667,24.166666667
0.167,0.615,0.0447,0.128,0.128,0,0,0,0,0,0,0.233,24.166666667,24.166666667
0.208,0.619,0.0544,0.145,0.145,0,0,0,0,0,0,0.0998,24.166666667,24.166666667
0.0139,0.6,0.0186,0.0635,0.0635,0,0,0,0,0,0,0,24.166666667,24.166666667
0.0278,0.604,0.0234,0.0714,0.0714,0.128,0.167,0,0,0,0,0,24.166666667,24.166666667
0.417,0.693,0.152,0.316,0.316,0.474,1,0,0,0,0.167,0.0998,24.166666667,24.166666667
0.667,0.76,0.308,0.597,0.597,0,0.1,0,0,0,0.317,0.2,24.166666667,24.166666667
0.667,0.751,0.427,0.715,0.715,0.145,0.167,0,0,0,0,0.0998,24.166666667,24.166666667
0.667,0.73,0.531,0.734,0.734,0.392,1,0,0,0,0,0.0333,24.166666667,24.166666667
0.667,0.681,0.472,0.591,0.591,0,0.1,0,0,0,0,0.0683,24.166666667,24.166666667
0.847,0.62,0.16,0.224,0.224,0,0,0,0,0,0,0,24.166666667,24.166666667
1,0.6,0.0222,0.0648,0.0648,0,0,0,0,0,0,0,24.166666667,24.166666667
1,0.599,0.0161,0.0577,0.0577,0,0,0,0,0,0,0,24.166666667,24.166666667
1,0.599,0.0161,0.0577,0.0577,0,0,0,0,0,0,0,24.166666667,24.166666667
1,0.599,0.0161,0.0577,0.0577,0,0,0,0,0,0,0,17.777777778,23.888888889
1,0.599,0.0161,0.0577,0.0577,0,0,0,0,0,0,0,17.777777778,23.888888889
1,0.599,0.0161,0.0577,0.0577,0,0,0,0,0,0,0,17.777777778,23.888888889
1,0.598,0.0223,0.0873,0.0873,0,0,0,0,0,0,0.368,17.777777778,23.888888889
0.778,0.606,0.028,0.141,0.141,0,0,0,0,0,0,0.133,17.777777778,23.888888889
0.444,0.618,0.0338,0.168,0.168,0,0,0,0,0,0,0.341,17.777777778,23.888888889
0.333,0.621,0.0375,0.168,0.168,0,0,0,0,0,0.417,0.2,17.777777778,23.888888889
0.333,0.631,0.0528,0.216,0.216,0,0,0,0,0,0.0667,0,17.777777778,23.888888889
0.222,0.62,0.0439,0.16,0.16,0,0,0,0,0,0,0.0998,17.777777778,23.888888889
0.167,0.615,0.0396,0.131,0.131,0,0,0,0,0,0,0.266,24.166666667,24.166666667
0.278,0.625,0.058,0.176,0.176,0,0,0,0,0,0,0.266,24.166666667,24.166666667
0.333,0.631,0.0733,0.198,0.198,0,0,0,0,0,0,0.166,24.166666667,24.166666667
0.333,0.631,0.0773,0.198,0.198,0,0,0,0,0,0,0.233,24.166666667,24.166666667
0.292,0.635,0.0763,0.185,0.185,0,0,0,0,0,0,0.0665,24.166666667,24.166666667
0.403,0.669,0.121,0.255,0.255,0,0,0,0,0,0,0.166,24.166666667,24.166666667
0.431,0.695,0.155,0.321,0.321,0,0,0,0,0,0,0,24.166666667,24.166666667
0.514,0.724,0.243,0.477,0.477,0.732,0.917,0,0,0,0.917,0.0665,24.166666667,24.166666667
0.667,0.716,0.331,0.562,0.562,0.13,0.35,0,0,0,1,0.0665,24.166666667,24.166666667
0.819,0.727,0.522,0.72,0.72,0,0,0,0,0,0.0333,0.362,24.166666667,24.166666667
0.833,0.679,0.462,0.579,0.579,0,0,0,0,0,0,0.133,24.166666667,24.166666667
0.833,0.624,0.188,0.257,0.257,0,0,0,0,0,0,0.0333,24.166666667,24.166666667
0.833,0.601,0.0374,0.0842,0.0842,0,0,0,0,0,0,0,24.166666667,24.166666667
0.986,0.599,0.0182,0.0577,0.0577,0,0,0,0,0,0,0,24.166666667,24.166666667
1,0.599,0.0184,0.0577,0.0577,0,0,0,0,0,0,0,24.166666667,24.166666667
1,0.599,0.0184,0.0577,0.0577,0,0,0,0,0,0,0,17.777777778,23.888888889
1,0.599,0.0184,0.0577,0.0577,0,0,0,0,0,0,0,17.777777778,23.888888889
1,0.599,0.0184,0.0577,0.0577,0,0,0,0,0,0,0,17.777777778,23.888888889
1,0.599,0.0192,0.0655,0.0655,0,0,0,0,0,0,0.166,17.777777778,23.888888889
1,0.599,0.0185,0.0593,0.0593,0,0,0,0,0,0,0.0333,17.777777778,23.888888889
1,0.604,0.0237,0.0887,0.0887,0,0,0,0,0,0,0.0998,17.777777778,23.888888889
1,0.636,0.0713,0.24,0.24,0,0,0,0,0,0.917,0.398,17.777777778,23.888888889
1,0.661,0.14,0.367,0.367,0,0,0,0,0,1,0.366,17.777777778,23.888888889
1,0.662,0.169,0.365,0.365,0,0,0,0,0,0.0333,0.338,17.777777778,23.888888889
1,0.662,0.186,0.351,0.351,0,0,0,0,0,0,0.13,24.166666667,24.166666667
0.806,0.658,0.188,0.323,0.323,0,0,0,0,0,0,0.353,24.166666667,24.166666667
0.764,0.656,0.21,0.308,0.308,0,0,0.224,0.417,0,0,0.369,24.166666667,24.166666667
0.667,0.646,0.203,0.268,0.268,0,0,0.423,0.567,0.433,0,0.0998,24.166666667,24.166666667
0.681,0.672,0.258,0.312,0.312,0,0,0.89,0,0.333,0,0.449,24.166666667,24.166666667
0.5,0.686,0.235,0.302,0.302,0,0,0.297,0.917,0,0,0.0998,24.166666667,24.166666667
0.347,0.676,0.174,0.269,0.269,0,0,0.504,0.0667,0.767,0,0.0998,24.166666667,24.166666667
0.403,0.697,0.232,0.385,0.385,0,0,0.542,0,0,0.417,0.0998,24.166666667,24.166666667
0.5,0.713,0.366,0.551,0.551,0,0,0.234,0,0,0.55,0.0665,24.166666667,24.166666667
0.722,0.74,0.618,0.791,0.791,0,0,0,0,0,0,0.0676,24.166666667,24.166666667
0.833,0.691,0.548,0.653,0.653,0,0,0,0,0,0,0,24.166666667,24.166666667
0.944,0.634,0.281,0.34,0.34,0,0,0,0,0,0,0.117,24.166666667,24.166666667
1,0.606,0.111,0.16,0.16,0,0,0,0,0,0,0.0333,24.166666667,24.166666667
1,0.599,0.0362,0.0774,0.0774,0,0,0,0,0,0,0.0333,24.166666667,24.166666667
1,0.598,0.0241,0.0633,0.0633,0,0,0,0,0,0,0.0333,24.166666667,24.166666667
1,0.599,0.0188,0.0581,0.0581,0,0,0,0,0,0,0,17.777777778,23.888888889
1,0.599,0.0184,0.0577,0.0577,0,0,0,0,0,0,0,17.777777778,23.888888889
1,0.599,0.0184,0.0577,0.0577,0,0,0,0,0,0,0,17.777777778,23.888888889
1,0.599,0.0184,0.0577,0.0577,0,0,0,0,0,0,0,17.777777778,23.888888889
1,0.599,0.0184,0.0577,0.0577,0,0,0,0,0,0,0,17.777777778,23.888888889
0.931,0.605,0.0247,0.0949,0.0949,0,0,0,0,0,0,0.0333,17.777777778,23.888888889
0.833,0.612,0.0376,0.123,0.123,0,0,0,0,0,0,0.255,17.777777778,23.888888889
0.903,0.652,0.122,0.321,0.321,0,0,0,0,0,0.233,0.347,17.777777778,23.888888889
0.694,0.648,0.134,0.295,0.295,0,0,0,0,0,0,0.117,17.777777778,23.888888889
0.625,0.642,0.133,0.26,0.26,0,0,0,0,0,0,0.324,24.166666667,24.166666667
0.5,0.637,0.127,0.229,0.229,0,0,0,0,0,0,0.242,24.166666667,24.166666667
0.708,0.652,0.196,0.291,0.291,0,0,0,0,0,0,0.0665,24.166666667,24.166666667
0.556,0.636,0.162,0.221,0.221,0,0,0,0,0,0.167,0.233,24.166666667,24.166666667
0.653,0.66,0.219,0.27,0.27,0,0,0,0,0,0.0667,0.133,24.166666667,24.166666667
0.736,0.698,0.266,0.336,0.336,0,0,0,0,0,0,0.133,24.166666667,24.166666667
0.722,0.757,0.337,0.492,0.492,0,0,0,0,0,0,0.294,24.166666667,24.166666667
0.556,0.733,0.311,0.505,0.505,0,0,0,0,0,0,0.233,24.166666667,24.166666667
0.5,0.697,0.317,0.481,0.481,0,0,0,0,0,0,0.0998,24.166666667,24.166666667
0.653,0.724,0.55,0.706,0.706,0,0,0,0,0,0,0.276,24.166666667,24.166666667
0.708,0.693,0.568,0.675,0.675,0,0,0,0,0,0,0.301,24.166666667,24.166666667
0.778,0.64,0.321,0.383,0.383,0,0,0,0,0,0,0.408,24.166666667,24.166666667
0.861,0.601,0.0384,0.079,0.079,0,0,0,0,0,0,0.0333,24.166666667,24.166666667
1,0.599,0.0163,0.0577,0.0577,0,0,0,0,0,0,0,24.166666667,24.166666667
1,0.599,0.0161,0.0577,0.0577,0,0,0,0,0,0,0,24.166666667,24.166666667
1,0.599,0.0161,0.0577,0.0577,0,0,0,0,0,0,0,17.777777778,23.888888889
1,0.599,0.0161,0.0577,0.0577,0,0,0,0,0,0,0,17.777777778,23.888888889
0.694,0.598,0.0179,0.0589,0.0589,0,0,0,0,0,0,0.2,17.777777778,23.888888889
0.514,0.598,0.0199,0.075,0.075,0,0,0,0,0,0,0.0665,17.777777778,23.888888889
0.5,0.603,0.0237,0.111,0.111,0,0,0,0,0,0,0.197,17.777777778,23.888888889
0.431,0.606,0.0227,0.0997,0.0997,0,0,0,0,0,0,0.0665,17.777777778,23.888888889
0.333,0.599,0.0161,0.0577,0.0577,0,0,0,0,0,0,0,17.777777778,23.888888889
0.333,0.599,0.0161,0.0577,0.0577,0,0,0,0,0,0,0,17.777777778,23.888888889
0.333,0.613,0.0355,0.128,0.128,0,0,0,0,0,0,0.0665,17.777777778,23.888888889
0.333,0.629,0.0615,0.198,0.198,0,0,0,0,0,0,0.369,24.166666667,24.166666667
0.486,0.645,0.0895,0.264,0.264,0,0,0,0,0,0,0.166,24.166666667,24.166666667
0.417,0.638,0.0875,0.232,0.232,0,0,0,0,0,0,0.0333,24.166666667,24.166666667
0.528,0.649,0.113,0.28,0.28,0,0,0,0,0,0,0.133,24.166666667,24.166666667
0.361,0.643,0.0902,0.215,0.215,0,0,0,0,0,0.717,0.0998,24.166666667,24.166666667
0.431,0.674,0.128,0.268,0.268,0,0,0,0,0,0,0.166,24.166666667,24.166666667
0.778,0.773,0.268,0.536,0.536,0,0,0,0,0,0,0.432,24.166666667,24.166666667
0.806,0.794,0.368,0.709,0.709,0,0,0,0,0,0,0.292,24.166666667,24.166666667
0.542,0.688,0.252,0.437,0.437,0,0,0.324,0.667,0,0,0.133,24.166666667,24.166666667
0.667,0.697,0.402,0.565,0.565,0,0,0.107,0.567,0.25,0,0.125,24.166666667,24.166666667
0.667,0.662,0.369,0.47,0.47,0,0,0,0,0,0,0.185,24.166666667,24.166666667
0.694,0.614,0.117,0.174,0.174,0,0,0,0,0,0,0.0615,24.166666667,24.166666667
0.903,0.605,0.0917,0.153,0.153,0,0,0,0,0,0,0.133,24.166666667,24.166666667
1,0.598,0.0339,0.081,0.081,0,0,0,0,0,0,0,24.166666667,24.166666667
1,0.598,0.0206,0.0633,0.0633,0,0,0,0,0,0,0,24.166666667,24.166666667
1,0.598,0.0172,0.0581,0.0581,0,0,0,0,0,0,0.166,17.777777778,23.888888889
1,0.598,0.016,0.0577,0.0577,0,0,0,0,0,0,0.0998,17.777777778,23.888888889
1,0.598,0.0173,0.0585,0.0585,0,0,0.63,0.917,0,0,0.133,17.777777778,23.888888889
0.847,0.598,0.0198,0.0749,0.0749,0,0,0.355,0.0667,0.933,0,0.0333,17.777777778,23.888888889
0.681,0.608,0.031,0.163,0.163,0,0,0.429,0,1,0.917,0,17.777777778,23.888888889
0.667,0.636,0.0505,0.272,0.272,0,0,0.787,0,0.15,1,0.219,17.777777778,23.888888889
0.556,0.642,0.0574,0.272,0.272,0,0,0.79,0,0,0.517,0.254,17.777777778,23.888888889
0.5,0.646,0.0712,0.295,0.295,0,0,0.553,0,0,0,0.895,17.777777778,23.888888889
0.417,0.638,0.0685,0.25,0.25,0,0,0,0,0,0,0.158,17.777777778,23.888888889
0.319,0.629,0.061,0.199,0.199,0,0,0,0,0,0,0.202,24.166666667,24.166666667
0.167,0.615,0.0412,0.128,0.128,0,0,0,0,0,0,0.427,24.166666667,24.166666667
0.167,0.615,0.0447,0.128,0.128,0,0,0,0,0,0,0.233,24.166666667,24.166666667
0.167,0.615,0.0467,0.128,0.128,0,0,0,0,0,0,0.366,24.166666667,24.166666667
0.167,0.62,0.0506,0.13,0.13,0,0,0,0,0,0,0.0998,24.166666667,24.166666667
0.236,0.64,0.0777,0.173,0.173,0,0,0,0,0,0,0.542,24.166666667,24.166666667
0.639,0.743,0.224,0.453,0.453,0,0,0,0,0,0.483,0.0333,24.166666667,24.166666667
0.597,0.743,0.277,0.54,0.54,0,0,0,0,0,0,0.0333,24.166666667,24.166666667
0.653,0.748,0.421,0.704,0.704,0,0,0,0,0,0,0.393,24.166666667,24.166666667
0.667,0.73,0.531,0.734,0.734,0,0,0,0,0,0,0,24.166666667,24.166666667
0.667,0.681,0.472,0.591,0.591,0,0,0,0,0,0,0.131,24.166666667,24.166666667
0.764,0.623,0.184,0.252,0.252,0,0,0,0,0,0,0.112,24.166666667,24.166666667
1,0.604,0.0776,0.134,0.134,0,0,0,0,0,0,0,24.166666667,24.166666667
1,0.599,0.0186,0.0609,0.0609,0,0,0,0,0,0,0,24.166666667,24.166666667
1,0.599,0.0161,0.0577,0.0577,0,0,0,0,0,0,0,24.166666667,24.166666667
1,0.599,0.0161,0.0577,0.0577,0,0,0,0,0,0,0,17.777777778,23.888888889
1,0.599,0.0161,0.0577,0.0577,0,0,0,0,0,0,0,17.777777778,23.888888889
0.958,0.599,0.0161,0.0577,0.0577,0,0,0,0,0,0,0,17.777777778,23.888888889
1,0.599,0.0177,0.0655,0.0655,0,0,0,0,0,0.417,0.0998,17.777777778,23.888888889
1,0.612,0.0384,0.216,0.216,0,0,0,0,0,0.8,0.376,17.777777778,23.888888889
0.833,0.635,0.0501,0.271,0.271,0,0,0,0,0,0,0.35,17.777777778,23.888888889
0.5,0.614,0.0311,0.136,0.136,0.637,0.5,0,0,0,0,0.133,17.777777778,23.888888889
0.431,0.629,0.0515,0.209,0.209,0.816,0,0,0,0,0,0.136,17.777777778,23.888888889
0.222,0.62,0.0439,0.16,0.16,0.626,0,0.143,0.167,0,0,0.346,17.777777778,23.888888889
0.167,0.615,0.0396,0.131,0.131,0.163,0,0.312,0.817,0.183,0,0.133,24.166666667,24.166666667
0.319,0.629,0.0644,0.193,0.193,0,0,0.569,0,0.0667,0,0.266,24.166666667,24.166666667
0.333,0.631,0.0733,0.198,0.198,0,0,0.448,0,0,0,0.2,24.166666667,24.166666667
0.181,0.616,0.0491,0.134,0.134,0,0,0,0,0,0,0.266,24.166666667,24.166666667
0.278,0.634,0.0738,0.179,0.179,0,0,0,0,0,0.483,0.0665,24.166666667,24.166666667
0.333,0.657,0.103,0.22,0.22,0,0,0,0,0,0,0.2,24.166666667,24.166666667
0.333,0.673,0.124,0.262,0.262,0,0,0,0,0,0,0.0665,24.166666667,24.166666667
0.667,0.761,0.311,0.603,0.603,0.767,0.25,0,0,0,0,0.0665,24.166666667,24.166666667
0.722,0.764,0.46,0.768,0.768,0.49,0.767,0,0,0,0,0.0333,24.166666667,24.166666667
0.694,0.735,0.553,0.762,0.762,0.839,0,0,0,0,0,0,24.166666667,24.166666667
0.833,0.682,0.473,0.594,0.594,0,0,0,0,0,0,0.0665,24.166666667,24.166666667
0.986,0.631,0.238,0.314,0.314,0,0,0,0,0,0.483,0.133,24.166666667,24.166666667
1,0.602,0.0512,0.101,0.101,0.396,0.417,0,0,0,0,0.0333,24.166666667,24.166666667
1,0.599,0.0161,0.0577,0.0577,0.231,0.6,0,0,0,0,0,24.166666667,24.166666667
1,0.599,0.0161,0.0577,0.0577,0,0,0,0,0,0,0,24.166666667,24.166666667
1,0.599,0.0161,0.0577,0.0577,0,0,0,0,0,0,0,17.777777778,23.888888889
1,0.599,0.0161,0.0577,0.0577,0,0,0,0,0,0,0,17.777777778,23.888888889
1,0.599,0.0161,0.0577,0.0577,0,0,0,0,0,0,0,17.777777778,23.888888889
1,0.599,0.0177,0.0655,0.0655,0,0,0,0,0,0,0.166,17.777777778,23.888888889
0.931,0.601,0.0204,0.0877,0.0877,0,0,0,0,0,0,0.0333,17.777777778,23.888888889
0.722,0.608,0.0241,0.107,0.107,0,0,0,0,0,0,0.512,17.777777778,23.888888889
0.528,0.608,0.0247,0.103,0.103,0,0,0,0,0,0,0.206,17.777777778,23.888888889
0.444,0.631,0.0534,0.216,0.216,0,0,0,0,0,0.417,0.333,17.777777778,23.888888889
0.361,0.633,0.0614,0.224,0.224,0,0,0,0,0,0.3,0.366,17.777777778,23.888888889
0.167,0.615,0.0396,0.131,0.131,0,0,0,0,0,0,0.266,24.166666667,24.166666667
0.194,0.617,0.0454,0.14,0.14,0,0,0,0,0,0,0.0665,24.166666667,24.166666667
0.181,0.616,0.0468,0.133,0.133,0,0,0,0,0,0,0.333,24.166666667,24.166666667
0.167,0.615,0.0467,0.128,0.128,0,0,0,0,0,0,0.333,24.166666667,24.166666667
0.347,0.643,0.0883,0.21,0.21,0,0,0,0,0,0,0.343,24.166666667,24.166666667
0.542,0.693,0.157,0.322,0.322,0,0,0,0,0,0,0.0665,24.166666667,24.166666667
0.611,0.736,0.214,0.433,0.433,0.438,0.417,0,0,0,0,0.287,24.166666667,24.166666667
0.556,0.733,0.258,0.505,0.505,0.472,0.85,0,0,0,0,0.0998,24.166666667,24.166666667
0.528,0.719,0.342,0.579,0.579,0,0,0,0,0,0.417,0.0998,24.166666667,24.166666667
0.778,0.752,0.618,0.847,0.847,0,0,0,0,0,1,0.168,24.166666667,24.166666667
0.917,0.701,0.586,0.725,0.725,0,0,0,0,0,0.0333,0.63,24.166666667,24.166666667
0.833,0.633,0.248,0.326,0.326,0,0,0,0,0,0,0.0665,24.166666667,24.166666667
0.986,0.605,0.0867,0.146,0.146,0,0,0,0,0,0,0,24.166666667,24.166666667
1,0.598,0.0286,0.0742,0.0742,0,0,0,0,0,0,0,24.166666667,24.166666667
1,0.599,0.017,0.0589,0.0589,0,0,0,0,0,0,0,24.166666667,24.166666667
1,0.599,0.0161,0.0577,0.0577,0,0,0,0,0,0,0,17.777777778,23.888888889
1,0.599,0.0161,0.0577,0.0577,0,0,0,0,0,0,0,17.777777778,23.888888889
1,0.598,0.0173,0.0585,0.0585,0,0,0,0,0,0,0.38,17.777777778,23.888888889
1,0.598,0.0198,0.0749,0.0749,0,0,0,0,0,0.417,0.304,17.777777778,23.888888889
0.861,0.617,0.0463,0.272,0.272,0,0,0,0,0,0.0667,0.512,17.777777778,23.888888889
0.583,0.629,0.0451,0.24,0.24,0,0,0,0,0,0,0.343,17.777777778,23.888888889
0.667,0.652,0.0676,0.324,0.324,0,0,0,0,0,0,0.266,17.777777778,23.888888889
0.514,0.648,0.0725,0.301,0.301,0,0,0,0,0,0,0.0665,17.777777778,23.888888889
0.194,0.603,0.0207,0.0775,0.0775,0,0,0,0,0,0,0,17.777777778,23.888888889
0.319,0.613,0.0379,0.125,0.125,0,0,0.313,0.917,0,0,0.299,24.166666667,24.166666667
0.333,0.615,0.0412,0.128,0.128,0,0,0.027,0.0667,0.767,0,0.171,24.166666667,24.166666667
0.333,0.612,0.0399,0.116,0.116,0,0,0,0,0,0,0.264,24.166666667,24.166666667
0.333,0.599,0.0161,0.0577,0.0577,0,0,0,0,0,0,0,24.166666667,24.166666667
0.403,0.608,0.0306,0.0881,0.0881,0,0,0,0,0,0,0.0665,24.166666667,24.166666667
0.417,0.64,0.0777,0.173,0.173,0,0,0,0,0,0,0.233,24.166666667,24.166666667
0.653,0.708,0.174,0.357,0.357,0,0,0.626,0.733,0.183,0,0.166,24.166666667,24.166666667
0.583,0.7,0.197,0.394,0.394,0,0,0.714,0,0.333,0,0.0333,24.166666667,24.166666667
0.667,0.697,0.281,0.481,0.481,0,0,0.448,0,0,0,0.233,24.166666667,24.166666667
0.694,0.67,0.295,0.424,0.424,0.505,0.5,0.558,0,0,0,0.0665,24.166666667,24.166666667
0.861,0.653,0.317,0.41,0.41,0,0,0.329,0,0,0,0.0333,24.166666667,24.166666667
1,0.606,0.0633,0.112,0.112,0,0,0,0,0,0,0,24.166666667,24.166666667
1,0.599,0.0161,0.0577,0.0577,0,0,0,0,0,0,0,24.166666667,24.166666667
1,0.599,0.0182,0.0577,0.0577,0,0,0,0,0,0,0,24.166666667,24.166666667
1,0.599,0.0184,0.0577,0.0577,0,0,0,0,0,0,0,24.166666667,24.166666667
1,0.599,0.0184,0.0577,0.0577,0,0,0,0,0,0,0,17.777777778,23.888888889
1,0.599,0.0184,0.0577,0.0577,0,0,0,0,0,0,0,17.777777778,23.888888889
1,0.599,0.0184,0.0577,0.0577,0,0,0,0,0,0,0,17.777777778,23.888888889
1,0.599,0.0184,0.0577,0.0577,0,0,0,0,0,0,0,17.777777778,23.888888889
1,0.603,0.0236,0.11,0.11,0,0,0,0,0,0.917,0.0665,17.777777778,23.888888889
1,0.611,0.0305,0.131,0.131,0,0,0,0,0,0.3,0.0665,17.777777778,23.888888889
1,0.636,0.0713,0.24,0.24,0,0,0,0,0,0.417,0.2,17.777777778,23.888888889
1,0.661,0.14,0.367,0.367,0.615,0.667,0,0,0,0.3,0.313,17.777777778,23.888888889
0.778,0.627,0.0829,0.192,0.192,0.584,0.6,0,0,0,0,0.105,17.777777778,23.888888889
0.667,0.621,0.0778,0.162,0.162,0.571,0,0,0,0,0,0.266,24.166666667,24.166666667
0.667,0.645,0.15,0.264,0.264,0.609,0,0,0,0,0,0.182,24.166666667,24.166666667
0.667,0.646,0.179,0.267,0.267,0.732,0,0,0,0,0,0.266,24.166666667,24.166666667
0.556,0.636,0.162,0.221,0.221,0.235,0,0,0,0,0.667,0.133,24.166666667,24.166666667
0.5,0.641,0.155,0.203,0.203,0,0,0,0,0,0.05,0.333,24.166666667,24.166666667
0.569,0.669,0.193,0.255,0.255,0,0,0,0,0,0,0.166,24.166666667,24.166666667
0.667,0.726,0.275,0.407,0.407,0,0,0,0,0,0,0.288,24.166666667,24.166666667
0.556,0.733,0.311,0.505,0.505,0,0,0,0,0,0,0.304,24.166666667,24.166666667
0.611,0.738,0.445,0.662,0.662,0,0,0,0,0,0,0.3,24.166666667,24.166666667
0.472,0.679,0.349,0.466,0.466,0,0,0,0,0,0.417,0.0998,24.166666667,24.166666667
0.5,0.643,0.277,0.348,0.348,0,0,0,0,0,0.55,0,24.166666667,24.166666667
0.694,0.624,0.207,0.259,0.259,0,0,0,0,0,0,0.0998,24.166666667,24.166666667
0.778,0.605,0.104,0.153,0.153,0,0,0,0,0,0,0.335,24.166666667,24.166666667
0.986,0.598,0.0427,0.0846,0.0846,0,0,0,0,0,0,0,24.166666667,24.166666667
1,0.598,0.0241,0.0633,0.0633,0,0,0,0,0,0,0.0998,24.166666667,24.166666667
1,0.598,0.02,0.0581,0.0581,0,0,0,0,0,0,0.266,17.777777778,23.888888889
1,0.598,0.0184,0.0577,0.0577,0,0,0,0,0,0,0.266,17.777777778,23.888888889
1,0.599,0.0184,0.0577,0.0577,0,0,0,0,0,0,0,17.777777778,23.888888889
1,0.599,0.0192,0.0655,0.0655,0,0,0,0,0,0,0.115,17.777777778,23.888888889
1,0.605,0.0262,0.135,0.135,0,0,0,0,0,0,0.337,17.777777778,23.888888889
0.764,0.629,0.048,0.235,0.235,0,0,0.243,0.167,0,0.233,0.178,17.777777778,23.888888889
0.833,0.646,0.0849,0.291,0.291,0,0,0.404,0.817,0.183,0,0.0333,17.777777778,23.888888889
0.833,0.661,0.14,0.367,0.367,0,0,0.541,0,1,0,0.28,17.777777778,23.888888889
0.833,0.662,0.169,0.365,0.365,0,0,0.576,0,0.633,0,0.226,17.777777778,23.888888889
0.833,0.662,0.186,0.351,0.351,0,0,0.119,0,0,0,0.305,24.166666667,24.166666667
0.528,0.633,0.116,0.211,0.211,0,0,0,0,0,0,0.426,24.166666667,24.166666667
0.5,0.637,0.148,0.227,0.227,0,0,0,0,0,0,0.2,24.166666667,24.166666667
0.347,0.632,0.146,0.204,0.204,0,0,0,0,0,0.167,0.133,24.166666667,24.166666667
0.486,0.66,0.219,0.27,0.27,0,0,0.655,0.917,0,0.8,0.0333,24.166666667,24.166666667
0.569,0.698,0.266,0.336,0.336,0,0,0.417,0.0667,0.933,0,0.214,24.166666667,24.166666667
0.778,0.773,0.369,0.536,0.536,0,0,0.471,0,0.617,0,0.226,24.166666667,24.166666667
0.833,0.801,0.459,0.732,0.732,0,0,0,0,0,0,0.166,24.166666667,24.166666667
0.681,0.755,0.489,0.727,0.727,0,0,0,0,0,0,0.0665,24.166666667,24.166666667
0.792,0.754,0.674,0.861,0.861,0.729,0.917,0,0,0,0.483,0.133,24.166666667,24.166666667
0.944,0.699,0.601,0.711,0.711,0.159,0.35,0,0,0,0,0.205,24.166666667,24.166666667
0.833,0.642,0.341,0.404,0.404,0,0,0,0,0,0,0.0723,24.166666667,24.166666667
0.833,0.605,0.102,0.15,0.15,0,0,0,0,0,0,0.0513,24.166666667,24.166666667
0.986,0.599,0.0321,0.0774,0.0774,0,0,0,0,0,0,0,24.166666667,24.166666667
1,0.598,0.0206,0.0633,0.0633,0,0,0,0,0,0,0,24.166666667,24.166666667
1,0.599,0.0164,0.0581,0.0581,0,0,0,0,0,0,0,17.777777778,23.888888889
1,0.599,0.0161,0.0577,0.0577,0,0,0,0,0,0,0,17.777777778,23.888888889
0.889,0.599,0.0166,0.0581,0.0581,0,0,0,0,0,0,0.17,17.777777778,23.888888889
0.833,0.598,0.0234,0.092,0.092,0,0,0,0,0,0,0.272,17.777777778,23.888888889
0.833,0.612,0.0387,0.217,0.217,0,0,0,0,0,0,0.472,17.777777778,23.888888889
0.611,0.624,0.0401,0.208,0.208,0,0,0,0,0,0,0.823,17.777777778,23.888888889
0.431,0.623,0.0398,0.181,0.181,0,0,0,0,0,0.417,0.171,17.777777778,23.888888889
0.333,0.615,0.0344,0.137,0.137,0,0,0,0,0,0.3,0.15,17.777777778,23.888888889
0.333,0.615,0.0371,0.134,0.134,0,0,0,0,0,0,0.129,17.777777778,23.888888889
0.264,0.623,0.0515,0.168,0.168,0,0,0,0,0,0,0.173,24.166666667,24.166666667
0.167,0.615,0.0412,0.128,0.128,0,0,0,0,0,0,0.0998,24.166666667,24.166666667
0.25,0.623,0.0592,0.163,0.163,0,0,0,0,0,0.233,0.0998,24.166666667,24.166666667
0.167,0.615,0.0467,0.128,0.128,0,0,0,0,0,0,0.407,24.166666667,24.166666667
0.167,0.62,0.0506,0.13,0.13,0,0,0,0,0,0,0.0665,24.166666667,24.166666667
0.167,0.628,0.0593,0.139,0.139,0,0,0,0,0,0,0.233,24.166666667,24.166666667
0.472,0.705,0.17,0.35,0.35,0,0,0.444,0.917,0,0.483,0.0998,24.166666667,24.166666667
0.569,0.737,0.266,0.52,0.52,0,0,0.919,0.0667,0.767,0,0.528,24.166666667,24.166666667
0.75,0.77,0.48,0.798,0.798,0,0,0.682,0,0,0,0.133,24.166666667,24.166666667
0.667,0.73,0.531,0.734,0.734,0,0,0.1,0.167,0,0.233,0.162,24.166666667,24.166666667
0.694,0.674,0.431,0.544,0.544,0,0,0.626,0.817,0.183,0,0,24.166666667,24.166666667
0.986,0.622,0.176,0.243,0.243,0.667,0.667,0,0,0.0667,0,0,24.166666667,24.166666667
1,0.599,0.0161,0.0577,0.0577,0.157,0.35,0,0,0,0,0,24.166666667,24.166666667
1,0.599,0.0161,0.0577,0.0577,0,0,0,0,0,0,0,24.166666667,24.166666667
1,0.599,0.0161,0.0577,0.0577,0,0,0,0,0,0,0,24.166666667,24.166666667
1,0.599,0.0161,0.0577,0.0577,0,0,0,0,0,0,0,17.777777778,23.888888889
1,0.599,0.0161,0.0577,0.0577,0,0,0,0,0,0,0,17.777777778,23.888888889
1,0.598,0.0186,0.0593,0.0593,0,0,0,0,0,0.417,0.388,17.777777778,23.888888889
0.736,0.598,0.0189,0.0703,0.0703,0,0,0,0,0,0.3,0.197,17.777777778,23.888888889
0.667,0.603,0.0237,0.111,0.111,0,0,0,0,0,0,0.0974,17.777777778,23.888888889
0.514,0.611,0.0278,0.131,0.131,0,0,0,0,0,0,0.0998,17.777777778,23.888888889
0.5,0.614,0.0311,0.136,0.136,0,0,0,0,0,0,0.133,17.777777778,23.888888889
0.347,0.615,0.0344,0.137,0.137,0,0,0,0,0,0,0.133,17.777777778,23.888888889
0.333,0.629,0.0565,0.205,0.205,0,0,0,0,0,0,0.4,17.777777778,23.888888889
0.417,0.638,0.0751,0.241,0.241,0,0,0,0,0,0.917,0.163,24.166666667,24.166666667
0.222,0.62,0.0495,0.152,0.152,0,0,0,0,0,0.3,0.0665,24.166666667,24.166666667
0.167,0.615,0.0447,0.128,0.128,0,0,0,0,0,0,0.0333,24.166666667,24.166666667
0.167,0.615,0.0467,0.128,0.128,0,0,0,0,0,0,0.166,24.166666667,24.166666667
0.278,0.634,0.0738,0.179,0.179,0,0,0.151,0.167,0,0,0.166,24.166666667,24.166666667
0.514,0.689,0.15,0.309,0.309,0,0,0,0.817,0.183,0,0.133,24.166666667,24.166666667
0.667,0.748,0.231,0.466,0.466,0,0,0.114,0.417,0.0667,0,0.0333,24.166666667,24.166666667
0.667,0.76,0.308,0.597,0.597,0,0,0,0.317,0.517,0,0.2,24.166666667,24.166666667
0.75,0.764,0.463,0.771,0.771,0,0,0,0,0,0,0.343,24.166666667,24.166666667
0.778,0.719,0.489,0.678,0.678,0,0,0,0,0,0,0.388,24.166666667,24.166666667
0.667,0.647,0.276,0.365,0.365,0,0,0,0,0,0,0.111,24.166666667,24.166666667
0.875,0.621,0.17,0.236,0.236,0,0,0,0,0,0,0.366,24.166666667,24.166666667
0.833,0.602,0.0501,0.1,0.1,0,0,0,0,0,0,0,24.166666667,24.166666667
0.986,0.598,0.0368,0.085,0.085,0,0,0,0,0,0,0,24.166666667,24.166666667
1,0.598,0.0206,0.0633,0.0633,0,0,0,0,0,0,0.0333,24.166666667,24.166666667
1,0.598,0.017,0.0581,0.0581,0,0,0,0,0,0,0.166,17.777777778,23.888888889
1,0.599,0.0161,0.0577,0.0577,0,0,0,0,0,0,0,17.777777778,23.888888889
1,0.598,0.0173,0.0585,0.0585,0,0,0,0,0,0,0.378,17.777777778,23.888888889
1,0.598,0.0214,0.0827,0.0827,0,0,0,0,0,0,0.29,17.777777778,23.888888889
0.889,0.609,0.0334,0.179,0.179,0,0,0,0,0,0,0.182,17.777777778,23.888888889
0.833,0.648,0.0615,0.34,0.34,0,0,0,0,0,0,0.518,17.777777778,23.888888889
0.653,0.644,0.0597,0.284,0.284,0,0,0,0,0,0,0.474,17.777777778,23.888888889
0.5,0.631,0.0528,0.216,0.216,0,0,0,0,0,0,0.445,17.777777778,23.888888889
0.194,0.616,0.0386,0.141,0.141,0,0,0,0,0,0,0.181,17.777777778,23.888888889
0.167,0.615,0.0396,0.131,0.131,0,0,0,0,0,0,0.184,24.166666667,24.166666667
0.167,0.615,0.0412,0.128,0.128,0,0,0,0,0,0,0.2,24.166666667,24.166666667
0.167,0.615,0.0447,0.128,0.128,0,0,0,0,0,0,0.166,24.166666667,24.166666667
0.0139,0.6,0.0185,0.0635,0.0635,0,0,0,0,0,0,0,24.166666667,24.166666667
0.0278,0.602,0.0219,0.0699,0.0699,0,0,0,0,0,0,0.0333,24.166666667,24.166666667
0.0833,0.613,0.0373,0.098,0.098,0,0,0,0,0,0,0.116,24.166666667,24.166666667
0.0694,0.614,0.038,0.0992,0.0992,0,0,0,0,0,0.167,0.0333,24.166666667,24.166666667
0.514,0.724,0.243,0.477,0.477,0,0,0,0,0,1,0.366,24.166666667,24.166666667
0.667,0.751,0.427,0.715,0.715,0,0,0,0,0,0.533,0.35,24.166666667,24.166666667
0.667,0.69,0.367,0.522,0.522,0,0,0.297,0.417,0,0,0.0665,24.166666667,24.166666667
0.736,0.63,0.192,0.263,0.263,0,0,0.645,0.817,0.183,0,0.159,24.166666667,24.166666667
0.903,0.626,0.203,0.274,0.274,0,0,0.843,0,1,0,0.132,24.166666667,24.166666667
1,0.607,0.113,0.179,0.179,0,0,0.755,0,0.9,0,0.237,24.166666667,24.166666667
1,0.598,0.0348,0.0822,0.0822,0,0,0.746,0,0,0,0.0753,24.166666667,24.166666667
1,0.599,0.0161,0.0577,0.0577,0,0,0.0501,0,0,0,0.0636,24.166666667,24.166666667
1,0.599,0.0161,0.0577,0.0577,0,0,0,0,0,0,0,17.777777778,23.888888889
1,0.599,0.0161,0.0577,0.0577,0,0,0,0,0,0,0,17.777777778,23.888888889
0.847,0.599,0.0161,0.0577,0.0577,0,0,0,0,0,0,0,17.777777778,23.888888889
0.833,0.598,0.0197,0.0748,0.0748,0,0,0,0,0,0,0.202,17.777777778,23.888888889
0.833,0.61,0.0344,0.187,0.187,0,0,0,0,0,0,0.775,17.777777778,23.888888889
0.736,0.628,0.0441,0.233,0.233,0,0,0,0,0,0,0.345,17.777777778,23.888888889
0.542,0.633,0.049,0.227,0.227,0,0,0,0,0,0.233,0.248,17.777777778,23.888888889
0.5,0.637,0.0606,0.249,0.249,0,0,0,0,0,0,0.488,17.777777778,23.888888889
0.5,0.646,0.0791,0.288,0.288,0.656,0.917,0,0,0,0,0.233,17.777777778,23.888888889
0.5,0.646,0.0868,0.278,0.278,0,0.35,0.517,0.917,0,0,0.0333,24.166666667,24.166666667
0.236,0.621,0.0515,0.158,0.158,0,0,0,0.0667,0.767,0,0,24.166666667,24.166666667
0.167,0.615,0.0447,0.128,0.128,0,0,0,0,0,0,0.333,24.166666667,24.166666667
0.167,0.615,0.0467,0.128,0.128,0,0,0,0,0,0,0.333,24.166666667,24.166666667
0.347,0.643,0.0883,0.21,0.21,0,0,0.00954,0.667,0,0,0.133,24.166666667,24.166666667
0.5,0.686,0.146,0.302,0.302,0,0,0,0.0667,0.933,0,0.0998,24.166666667,24.166666667
0.417,0.691,0.15,0.312,0.312,0,0,0,0,0.617,0,0.0665,24.166666667,24.166666667
0.347,0.683,0.166,0.336,0.336,0,0,0,0,0,0,0.133,24.166666667,24.166666667
0.403,0.691,0.266,0.456,0.456,0,0,0,0,0,0,0.233,24.166666667,24.166666667
0.5,0.697,0.402,0.565,0.565,0,0,0,0,0,0.167,0.0998,24.166666667,24.166666667
0.569,0.651,0.307,0.398,0.398,0,0,0,0,0,0.55,0,24.166666667,24.166666667
0.694,0.613,0.11,0.167,0.167,0,0,0,0,0,0,0.0687,24.166666667,24.166666667
0.944,0.599,0.0161,0.0577,0.0577,0,0,0,0,0,0,0,24.166666667,24.166666667
1,0.599,0.0161,0.0577,0.0577,0,0,0,0,0,0,0,24.166666667,24.166666667
1,0.599,0.0161,0.0577,0.0577,0,0,0,0,0,0,0,24.166666667,24.166666667
1,0.599,0.0161,0.0577,0.0577,0,0,0,0,0,0,0,17.777777778,23.888888889
1,0.599,0.0161,0.0577,0.0577,0,0,0,0,0,0,0,17.777777778,23.888888889
1,0.598,0.0186,0.0593,0.0593,0,0,0,0,0,0,0.475,17.777777778,23.888888889
1,0.597,0.0235,0.0921,0.0921,0,0,0,0,0,0,0.211,17.777777778,23.888888889
1,0.612,0.0387,0.217,0.217,0,0,0,0,0,0.917,0.281,17.777777778,23.888888889
0.736,0.615,0.0321,0.159,0.159,0,0,0,0,0,0.05,0.384,17.777777778,23.888888889
0.417,0.634,0.0503,0.233,0.233,0,0,0,0,0,0,0.174,17.777777778,23.888888889
0.167,0.615,0.0344,0.137,0.137,0,0,0,0,0,0,0.165,17.777777778,23.888888889
0.167,0.615,0.0371,0.134,0.134,0,0,0,0,0,0.667,0.0665,17.777777778,23.888888889
0.167,0.615,0.0396,0.131,0.131,0,0,0,0,0,1,0.266,24.166666667,24.166666667
0.319,0.629,0.0644,0.193,0.193,0,0,0,0,0,0.0333,0.0333,24.166666667,24.166666667
0.333,0.631,0.0733,0.198,0.198,0,0,0,0,0,0,0.299,24.166666667,24.166666667
0.431,0.64,0.0953,0.239,0.239,0,0,0,0,0,0,0.133,24.166666667,24.166666667
0.222,0.627,0.0622,0.155,0.155,0,0,0,0,0,0,0.159,24.166666667,24.166666667
0.389,0.666,0.116,0.247,0.247,0,0,0,0,0,0,0.192,24.166666667,24.166666667
0.472,0.705,0.169,0.349,0.349,0,0,0,0,0,0.667,0.0333,24.166666667,24.166666667
0.667,0.76,0.308,0.597,0.597,0.606,0.5,0,0,0,0.3,0.166,24.166666667,24.166666667
0.514,0.716,0.331,0.562,0.562,0,0,0,0,0,0,0.133,24.166666667,24.166666667
0.528,0.692,0.38,0.537,0.537,0,0,0,0,0,0,0.2,24.166666667,24.166666667
0.778,0.654,0.327,0.42,0.42,0.553,0.5,0,0,0,0,0.0517,24.166666667,24.166666667
0.944,0.612,0.104,0.16,0.16,0.608,0,0,0,0,0,0,24.166666667,24.166666667
1,0.602,0.0501,0.1,0.1,0.62,0,0,0,0,0,0,24.166666667,24.166666667
1,0.599,0.0305,0.0718,0.0718,0.241,0,0,0,0,0,0.0798,24.166666667,24.166666667
1,0.599,0.0184,0.0577,0.0577,0,0,0,0,0,0,0.225,24.166666667,24.166666667
1,0.599,0.0184,0.0577,0.0577,0,0,0,0,0,0,0.0834,17.777777778,23.888888889
0.958,0.598,0.0183,0.0577,0.0577,0,0,0,0,0,0,0.611,17.777777778,23.888888889
1,0.599,0.0184,0.0577,0.0577,0,0,0,0,0,0,0.0333,17.777777778,23.888888889
1,0.598,0.0201,0.0733,0.0733,0,0,0,0,0,0,0.128,17.777777778,23.888888889
1,0.608,0.0293,0.165,0.165,0,0,0,0,0,0,0.215,17.777777778,23.888888889
1,0.64,0.0586,0.297,0.297,0,0,0,0,0,0.417,0.203,17.777777778,23.888888889
0.819,0.66,0.104,0.362,0.362,0,0,0,0,0,0.0667,0.255,17.777777778,23.888888889
0.667,0.661,0.14,0.367,0.367,0,0,0,0,0,0,0.31,17.777777778,23.888888889
0.667,0.662,0.169,0.365,0.365,0,0,0,0,0,0,0.482,17.777777778,23.888888889
0.667,0.662,0.186,0.351,0.351,0,0,0,0,0,0,0.419,24.166666667,24.166666667
0.569,0.653,0.173,0.3,0.3,0,0,0,0,0,0,0.367,24.166666667,24.166666667
0.486,0.645,0.175,0.262,0.262,0,0,0,0,0,0,0.166,24.166666667,24.166666667
0.583,0.654,0.235,0.303,0.303,0,0,0,0,0,0,0.255,24.166666667,24.166666667
0.653,0.661,0.224,0.276,0.276,0,0,0,0,0,0,0.133,24.166666667,24.166666667
0.667,0.713,0.302,0.377,0.377,0,0,0.502,0.917,0,0,0.133,24.166666667,24.166666667
0.667,0.748,0.318,0.466,0.466,0,0,0.256,0.0667,0.933,0,0.299,24.166666667,24.166666667
0.667,0.76,0.371,0.597,0.597,0,0,0,0,0.367,0,0.133,24.166666667,24.166666667
0.667,0.751,0.482,0.715,0.715,0,0,0,0,0,0,0.2,24.166666667,24.166666667
0.444,0.687,0.383,0.508,0.508,0,0,0,0,0,0,0.0665,24.166666667,24.166666667
0.444,0.658,0.363,0.444,0.444,0,0,0,0,0,0,0,24.166666667,24.166666667
0.653,0.628,0.237,0.293,0.293,0,0,0,0,0,0,0,24.166666667,24.166666667
0.667,0.604,0.0955,0.143,0.143,0,0,0,0,0,0,0,24.166666667,24.166666667
0.778,0.599,0.0362,0.0774,0.0774,0,0,0,0,0,0,0.133,24.166666667,24.166666667
0.833,0.599,0.0195,0.0589,0.0589,0,0,0,0,0,0,0,24.166666667,24.166666667
0.833,0.599,0.0184,0.0577,0.0577,0,0,0,0,0,0,0,17.777777778,23.888888889
0.833,0.599,0.0183,0.0577,0.0577,0,0,0,0,0,0.917,0,17.777777778,23.888888889
0.986,0.599,0.0184,0.0577,0.0577,0,0,0,0,0,0.05,0,17.777777778,23.888888889
1,0.599,0.0184,0.0577,0.0577,0,0,0,0,0,0,0,17.777777778,23.888888889
0.931,0.601,0.0212,0.0861,0.0861,0,0,0,0,0,0,0.296,17.777777778,23.888888889
0.833,0.599,0.0184,0.0577,0.0577,0,0,0,0,0,0,0,17.777777778,23.888888889
0.792,0.638,0.076,0.253,0.253,0,0,0,0,0,0.917,0.543,17.777777778,23.888888889
0.833,0.661,0.14,0.367,0.367,0,0,0,0,0,1,0.206,17.777777778,23.888888889
0.528,0.648,0.134,0.295,0.295,0,0,0,0,0,0.0333,0.0998,17.777777778,23.888888889
0.5,0.646,0.144,0.278,0.278,0,0,0,0,0,0,0.333,24.166666667,24.166666667
0.528,0.649,0.162,0.282,0.282,0,0,0,0,0,0,0.333,24.166666667,24.166666667
0.736,0.662,0.233,0.337,0.337,0,0,0,0,0,0,0.233,24.166666667,24.166666667
0.569,0.637,0.166,0.227,0.227,0,0,0,0,0,0,0.2,24.166666667,24.166666667
0.5,0.65,0.184,0.234,0.234,0,0,0,0,0,0,0.404,24.166666667,24.166666667
0.653,0.713,0.302,0.377,0.377,0,0,0,0,0,0,0.0665,24.166666667,24.166666667
0.597,0.732,0.287,0.423,0.423,0,0,0,0,0,0.233,0.0333,24.166666667,24.166666667
0.5,0.72,0.283,0.462,0.462,0,0,0,0,0,0,0.0998,24.166666667,24.166666667
0.569,0.729,0.415,0.62,0.62,0,0,0,0,0,0,0.0972,24.166666667,24.166666667
0.819,0.73,0.57,0.734,0.734,0,0,0,0,0,0,0.0333,24.166666667,24.166666667
0.833,0.688,0.536,0.639,0.639,0,0,0,0,0,0,0.0685,24.166666667,24.166666667
0.833,0.626,0.215,0.269,0.269,0,0,0,0,0,0,0,24.166666667,24.166666667
0.833,0.602,0.0569,0.1,0.1,0,0,0,0,0,0,0.127,24.166666667,24.166666667
0.833,0.599,0.0192,0.0609,0.0609,0,0,0,0,0,0,0,24.166666667,24.166666667
0.833,0.599,0.0161,0.0577,0.0577,0,0,0,0,0,0,0,24.166666667,24.166666667
0.833,0.599,0.0161,0.0577,0.0577,0,0,0,0,0,0,0,17.777777778,23.888888889
0.833,0.599,0.0161,0.0577,0.0577,0,0,0,0,0,0,0,17.777777778,23.888888889
0.986,0.599,0.0161,0.0577,0.0577,0,0,0,0,0,0,0,17.777777778,23.888888889
1,0.598,0.0197,0.0748,0.0748,0,0,0,0,0,0,0.24,17.777777778,23.888888889
1,0.607,0.0304,0.159,0.159,0,0,0,0,0,0,0.442,17.777777778,23.888888889
0.819,0.646,0.0602,0.333,0.333,0,0,0,0,0,0,0.247,17.777777778,23.888888889
0.667,0.646,0.0612,0.291,0.291,0,0,0,0,0,0,0.763,17.777777778,23.888888889
0.514,0.638,0.0619,0.255,0.255,0,0,0.517,0.917,0,0,0.145,17.777777778,23.888888889
0.5,0.646,0.0791,0.288,0.288,0,0,0.547,0.0667,0.933,0,0.0998,17.777777778,23.888888889
0.472,0.644,0.0828,0.266,0.266,0,0,0.725,0,0.617,0.717,0.357,24.166666667,24.166666667
0.333,0.631,0.0663,0.199,0.199,0,0,0.628,0,0,0.483,0.133,24.166666667,24.166666667
0.264,0.624,0.0613,0.168,0.168,0,0,0,0,0,0,0.133,24.166666667,24.166666667
0.167,0.615,0.0467,0.128,0.128,0,0,0,0,0,0,0.2,24.166666667,24.166666667
0.278,0.634,0.0738,0.179,0.179,0,0,0,0,0,0,0.166,24.166666667,24.166666667
0.403,0.669,0.121,0.255,0.255,0,0,0,0,0,0.417,0.0333,24.166666667,24.166666667
0.5,0.71,0.177,0.364,0.364,0,0,0,0,0,0.0667,0.333,24.166666667,24.166666667
0.625,0.75,0.291,0.566,0.566,0.958,0.5,0,0,0,0,0.227,24.166666667,24.166666667
0.569,0.729,0.368,0.62,0.62,0.772,0,0,0,0,0,0.113,24.166666667,24.166666667
0.542,0.706,0.433,0.607,0.607,0.128,0,0,0,0,0.917,0.0889,24.166666667,24.166666667
0.792,0.684,0.493,0.615,0.615,0,0,0,0,0,1,0.0736,24.166666667,24.166666667
0.819,0.633,0.256,0.335,0.335,0,0,0,0,0,0.267,0.253,24.166666667,24.166666667
0.944,0.603,0.0664,0.12,0.12,0,0,0,0,0,0,0.144,24.166666667,24.166666667
1,0.599,0.0161,0.0577,0.0577,0,0,0,0,0,0,0,24.166666667,24.166666667
1,0.599,0.0161,0.0577,0.0577,0,0,0,0,0,0,0,24.166666667,24.166666667
1,0.599,0.0161,0.0577,0.0577,0,0,0,0,0,0,0,17.777777778,23.888888889
1,0.599,0.0161,0.0577,0.0577,0,0,0,0,0,0,0,17.777777778,23.888888889
1,0.598,0.0169,0.0582,0.0582,0,0,0,0,0,0,0.0795,17.777777778,23.888888889
0.972,0.598,0.0229,0.089,0.089,0,0,0,0,0,0,0.197,17.777777778,23.888888889
0.833,0.61,0.0344,0.187,0.187,0,0,0,0,0,0,0.203,17.777777778,23.888888889
0.583,0.628,0.0441,0.233,0.233,0,0,0,0,0,0.917,0.325,17.777777778,23.888888889
0.361,0.617,0.0337,0.149,0.149,0,0,0,0,0,0.05,0.0333,17.777777778,23.888888889
0.5,0.631,0.0528,0.216,0.216,0,0,0,0,0,0.917,0.2,17.777777778,23.888888889
0.5,0.631,0.0581,0.211,0.211,0,0,0,0,0,0.533,0.0333,17.777777778,23.888888889
0.431,0.638,0.0751,0.241,0.241,0,0,0.677,0.917,0,0,0.366,24.166666667,24.166666667
0.333,0.631,0.0663,0.199,0.199,0,0,0,0.317,0.25,0,0,24.166666667,24.166666667
0.333,0.631,0.0733,0.198,0.198,0,0,0,0,0,0,0.366,24.166666667,24.166666667
0.292,0.627,0.0696,0.18,0.18,0,0,0,0,0,0.167,0.2,24.166666667,24.166666667
0.333,0.641,0.085,0.203,0.203,0,0,0,0,0,0.317,0.0665,24.166666667,24.166666667
0.319,0.654,0.0989,0.214,0.214,0,0,0,0,0,0,0.2,24.166666667,24.166666667
0.5,0.71,0.177,0.364,0.364,0,0,0,0,0,0.667,0.2,24.166666667,24.166666667
0.542,0.73,0.253,0.497,0.497,0.215,0.167,0,0,0,0.55,0.0998,24.166666667,24.166666667
0.5,0.713,0.325,0.551,0.551,0.743,1,0,0,0,0,0.133,24.166666667,24.166666667
0.611,0.719,0.489,0.678,0.678,0,0.1,0,0,0,0.667,0.0333,24.166666667,24.166666667
0.667,0.679,0.462,0.579,0.579,0,0,0,0,0,0.55,0.285,24.166666667,24.166666667
0.694,0.619,0.152,0.214,0.214,0,0,0,0,0,0,0,24.166666667,24.166666667
0.903,0.602,0.0628,0.117,0.117,0,0,0,0,0,0,0.107,24.166666667,24.166666667
1,0.599,0.0312,0.0774,0.0774,0,0,0,0,0,0,0.0898,24.166666667,24.166666667
1,0.598,0.0206,0.0633,0.0633,0,0,0,0,0,0,0.0998,24.166666667,24.166666667
1,0.598,0.017,0.0581,0.0581,0,0,0,0,0,0,0.0333,17.777777778,23.888888889
1,0.599,0.0161,0.0577,0.0577,0,0,0,0,0,0,0.191,17.777777778,23.888888889
0.931,0.598,0.0173,0.0585,0.0585,0,0,0,0,0,0,0.233,17.777777778,23.888888889
0.833,0.598,0.0198,0.0749,0.0749,0,0,0,0,0,0,0.233,17.777777778,23.888888889
0.833,0.614,0.0417,0.239,0.239,0,0,0,0,0,0.483,0.56,17.777777778,23.888888889
0.528,0.624,0.0408,0.213,0.213,0,0,0,0,0,0,0.257,17.777777778,23.888888889
0.5,0.63,0.0462,0.213,0.213,0,0,0,0,0,0,0.31,17.777777778,23.888888889
0.236,0.605,0.0233,0.0905,0.0905,0,0,0,0,0,0,0,17.777777778,23.888888889
0.167,0.599,0.0161,0.0577,0.0577,0,0,0,0,0,0,0,17.777777778,23.888888889
0.167,0.599,0.0161,0.0577,0.0577,0,0,0,0,0,0,0,24.166666667,24.166666667
0.167,0.613,0.0392,0.122,0.122,0,0,0,0,0,0.917,0.0333,24.166666667,24.166666667
0.167,0.615,0.0447,0.128,0.128,0.392,0.417,0,0,0,0.3,0.133,24.166666667,24.166666667
0.167,0.615,0.0467,0.128,0.128,0.515,1,0,0,0,0,0.2,24.166666667,24.166666667
0.236,0.629,0.0651,0.161,0.161,0.629,0.117,0,0,0,0,0.2,24.166666667,24.166666667
0.333,0.657,0.103,0.22,0.22,0.665,0,0,0,0,0,0.0665,24.166666667,24.166666667
0.514,0.714,0.183,0.375,0.375,0,0,0,0,0,0.233,0.2,24.166666667,24.166666667
0.514,0.723,0.239,0.471,0.471,0,0,0,0,0,0,0.0665,24.166666667,24.166666667
0.653,0.748,0.421,0.704,0.704,0,0,0,0,0,0,0,24.166666667,24.166666667
0.667,0.73,0.531,0.734,0.734,0,0,0,0,0,0,0.13,24.166666667,24.166666667
0.972,0.691,0.534,0.663,0.663,0,0,0,0,0,0,0.0364,24.166666667,24.166666667
1,0.602,0.0367,0.0816,0.0816,0,0,0,0,0,0,0,24.166666667,24.166666667
1,0.599,0.0211,0.0642,0.0642,0,0,0,0,0,0,0,24.166666667,24.166666667
1,0.598,0.0286,0.0742,0.0742,0,0,0,0,0,0,0,24.166666667,24.166666667
1,0.598,0.0206,0.0633,0.0633,0,0,0,0,0,0,0.0665,24.166666667,24.166666667
1,0.599,0.0166,0.0581,0.0581,0,0,0,0,0,0,0.166,17.777777778,23.888888889
1,0.599,0.0161,0.0577,0.0577,0,0,0,0,0,0,0,17.777777778,23.888888889
1,0.599,0.0161,0.0577,0.0577,0,0,0,0,0,0,0,17.777777778,23.888888889
1,0.599,0.0177,0.0655,0.0655,0,0,0,0,0,0,0.121,17.777777778,23.888888889
1,0.617,0.047,0.277,0.277,0,0,0,0,0,0,0.372,17.777777778,23.888888889
1,0.661,0.0745,0.423,0.423,0,0,0,0,0,0,0.743,17.777777778,23.888888889
0.778,0.662,0.0773,0.375,0.375,0,0,0,0,0,0,0.251,17.777777778,23.888888889
0.514,0.648,0.0725,0.301,0.301,0,0,0,0,0,0,0.605,17.777777778,23.888888889
0.5,0.646,0.0791,0.288,0.288,0,0,0,0,0,0,0.106,17.777777778,23.888888889
0.5,0.646,0.0868,0.278,0.278,0,0,0,0,0,0,0.265,24.166666667,24.166666667
0.417,0.638,0.0789,0.235,0.235,0,0,0,0,0,0,0.503,24.166666667,24.166666667
0.278,0.625,0.0634,0.174,0.174,0,0,0,0,0,0,0.0998,24.166666667,24.166666667
0.167,0.615,0.0467,0.128,0.128,0,0,0,0,0,0,0.469,24.166666667,24.166666667
0.319,0.62,0.0506,0.13,0.13,0,0,0,0,0,0,0.498,24.166666667,24.166666667
0.333,0.628,0.0593,0.139,0.139,0,0,0,0,0,0,0.133,24.166666667,24.166666667
0.389,0.664,0.111,0.238,0.238,0,0,0,0,0,0.167,0.458,24.166666667,24.166666667
0.625,0.75,0.289,0.563,0.563,0.662,0.667,0,0,0,0.317,0.166,24.166666667,24.166666667
0.583,0.732,0.375,0.632,0.632,0.492,0.867,0,0,0,0,0.333,24.166666667,24.166666667
0.514,0.695,0.389,0.551,0.551,0.429,0,0,0,0,0,0,24.166666667,24.166666667
0.653,0.65,0.306,0.396,0.396,0,0,0,0,0,0,0,24.166666667,24.166666667
0.694,0.612,0.106,0.162,0.162,0,0,0,0,0,0,0.074,24.166666667,24.166666667
0.833,0.601,0.0284,0.0719,0.0719,0,0,0,0,0,0,0.0827,24.166666667,24.166666667
0.833,0.599,0.0161,0.0577,0.0577,0,0,0,0,0,0,0,24.166666667,24.166666667
0.944,0.599,0.0161,0.0577,0.0577,0,0,0,0,0,0,0,24.166666667,24.166666667
1,0.599,0.0161,0.0577,0.0577,0,0,0,0,0,0,0,17.777777778,23.888888889
1,0.599,0.0161,0.0577,0.0577,0,0,0,0,0,0,0,17.777777778,23.888888889
0.847,0.599,0.0161,0.0577,0.0577,0,0,0,0,0,0,0,17.777777778,23.888888889
0.806,0.597,0.0243,0.0966,0.0966,0,0,0,0,0,0,0.413,17.777777778,23.888888889
0.514,0.612,0.0387,0.217,0.217,0,0,0,0,0,0,0.475,17.777777778,23.888888889
0.431,0.631,0.0461,0.246,0.246,0,0,0,0,0,0,0.281,17.777777778,23.888888889
0.333,0.63,0.0462,0.213,0.213,0,0,0,0,0,0,0.0665,17.777777778,23.888888889
0.333,0.631,0.0528,0.216,0.216,0,0,0,0,0,0,0.399,17.777777778,23.888888889
0.264,0.624,0.0492,0.179,0.179,0,0,0,0,0,0,0.294,17.777777778,23.888888889
0.167,0.615,0.0396,0.131,0.131,0,0,0,0,0,0,0.266,24.166666667,24.166666667
0.167,0.615,0.0412,0.128,0.128,0,0,0,0,0,0,0.0998,24.166666667,24.166666667
0.0556,0.604,0.0254,0.081,0.081,0,0,0,0,0,0,0.0333,24.166666667,24.166666667
0.264,0.624,0.0648,0.169,0.169,0,0,0,0,0,0,0.404,24.166666667,24.166666667
0.333,0.641,0.085,0.203,0.203,0,0,0,0,0,0.233,0.0998,24.166666667,24.166666667
0.444,0.676,0.132,0.275,0.275,0,0,0,0,0,0,0.166,24.166666667,24.166666667
0.528,0.717,0.187,0.382,0.382,0,0,0,0,0,0,0.111,24.166666667,24.166666667
0.514,0.723,0.239,0.471,0.471,0,0,0,0,0,0,0.188,24.166666667,24.166666667
0.5,0.713,0.325,0.551,0.551,0,0,0,0,0,0,0.0715,24.166666667,24.166666667
0.5,0.697,0.402,0.565,0.565,0,0,0,0,0,0,0.233,24.166666667,24.166666667
0.5,0.666,0.389,0.494,0.494,0,0,0,0,0,0,0,24.166666667,24.166666667
0.806,0.636,0.275,0.357,0.357,0,0,0.141,0.917,0,0,0.303,24.166666667,24.166666667
0.833,0.602,0.0436,0.0913,0.0913,0,0,0,0.0667,0.933,0,0.0634,24.166666667,24.166666667
0.861,0.599,0.0204,0.0601,0.0601,0,0,0,0,0.617,0,0,24.166666667,24.166666667
1,0.599,0.0195,0.0589,0.0589,0,0,0,0,0,0,0,24.166666667,24.166666667
1,0.599,0.0184,0.0577,0.0577,0,0,0,0,0,0,0,17.777777778,23.888888889
1,0.599,0.0184,0.0577,0.0577,0,0,0,0,0,0,0,17.777777778,23.888888889
1,0.599,0.0184,0.0577,0.0577,0,0,0,0,0,0,0,17.777777778,23.888888889
1,0.598,0.0203,0.0748,0.0748,0,0,0,0,0,0,0.349,17.777777778,23.888888889
1,0.608,0.0291,0.163,0.163,0,0,0,0,0,0,0.282,17.777777778,23.888888889
0.847,0.617,0.0363,0.167,0.167,0,0,0,0,0,0.417,0.0665,17.777777778,23.888888889
0.764,0.638,0.0743,0.252,0.252,0,0,0,0,0,0.3,0.267,17.777777778,23.888888889
0.667,0.652,0.122,0.321,0.321,0,0,0.0922,0.167,0,0,0.148,17.777777778,23.888888889
0.667,0.662,0.169,0.365,0.365,0,0,0.688,0.817,0.183,0,0.376,17.777777778,23.888888889
0.514,0.648,0.147,0.284,0.284,0,0,0.285,0,0.0667,0.917,0.309,24.166666667,24.166666667
0.556,0.652,0.169,0.294,0.294,0,0,0.585,0,0,0.783,0.0665,24.166666667,24.166666667
0.597,0.656,0.209,0.308,0.308,0,0,0.0954,0,0,0,0.2,24.166666667,24.166666667
0.625,0.658,0.25,0.321,0.321,0,0,0,0,0,0.417,0.166,24.166666667,24.166666667
0.667,0.682,0.292,0.349,0.349,0,0,0,0,0,0.3,0.266,24.166666667,24.166666667
0.625,0.707,0.29,0.363,0.363,0,0,0,0,0,0.417,0.333,24.166666667,24.166666667
0.486,0.707,0.237,0.354,0.354,0,0,0,0,0,0.3,0.166,24.166666667,24.166666667
0.403,0.697,0.232,0.385,0.385,0,0,0,0,0,0,0.0971,24.166666667,24.166666667
0.569,0.729,0.415,0.62,0.62,0,0,0,0,0,0,0.155,24.166666667,24.166666667
0.667,0.73,0.57,0.734,0.734,0,0,0,0,0,0,0.103,24.166666667,24.166666667
0.583,0.668,0.418,0.508,0.508,0,0,0,0,0,0,0.284,24.166666667,24.166666667
0.819,0.628,0.237,0.293,0.293,0,0,0,0,0,0,0.121,24.166666667,24.166666667
0.944,0.604,0.0955,0.143,0.143,0,0,0,0,0,0,0.344,24.166666667,24.166666667
1,0.599,0.0242,0.0642,0.0642,0,0,0,0,0,0,0,24.166666667,24.166666667
1,0.599,0.0184,0.0577,0.0577,0,0,0,0,0,0,0,24.166666667,24.166666667
1,0.599,0.0184,0.0577,0.0577,0,0,0,0,0,0,0,17.777777778,23.888888889
1,0.599,0.0184,0.0577,0.0577,0,0,0,0,0,0,0,17.777777778,23.888888889
1,0.599,0.0184,0.0577,0.0577,0,0,0,0,0,0,0,17.777777778,23.888888889
1,0.598,0.0203,0.0739,0.0739,0,0,0,0,0,0,0.166,17.777777778,23.888888889
0.931,0.601,0.0215,0.0864,0.0864,0,0,0,0,0,0,0.382,17.777777778,23.888888889
0.833,0.599,0.0184,0.0577,0.0577,0,0,0,0,0,0,0,17.777777778,23.888888889
0.653,0.61,0.0358,0.113,0.113,0,0,0,0,0,0,0.272,17.777777778,23.888888889
0.194,0.599,0.0184,0.0577,0.0577,0,0,0,0,0,0,0,17.777777778,23.888888889
0.194,0.601,0.0248,0.0694,0.0694,0,0,0,0,0,0,0,17.777777778,23.888888889
0.181,0.6,0.0216,0.0636,0.0636,0,0,0,0,0,0,0,24.166666667,24.166666667
0.278,0.609,0.0489,0.101,0.101,0,0,0,0,0,0,0.0998,24.166666667,24.166666667
0.486,0.631,0.132,0.191,0.191,0,0,0,0,0,0.917,0.442,24.166666667,24.166666667
0.5,0.645,0.205,0.249,0.249,0,0,0.114,0.167,0,0.733,0.231,24.166666667,24.166666667
0.347,0.641,0.162,0.191,0.191,0,0,0.521,0.867,0.133,0,0.2,24.166666667,24.166666667
0.514,0.668,0.195,0.217,0.217,0,0,0.339,0,1,0,0.266,24.166666667,24.166666667
0.667,0.743,0.315,0.341,0.341,0.118,0.167,0.211,0,0.1,0,0.471,24.166666667,24.166666667
0.778,0.785,0.434,0.471,0.471,0.564,1,0,0,0,0,0.258,24.166666667,24.166666667
0.833,0.786,0.603,0.639,0.639,0.665,0.317,0,0,0,0.7,0.394,24.166666667,24.166666667
0.681,0.731,0.584,0.654,0.654,0.54,0,0.397,0.667,0,0,0.171,24.166666667,24.166666667
0.778,0.7,0.627,0.809,0.809,0.606,0,0.307,0.617,0.233,0,0.11,24.166666667,24.166666667
0.833,0.653,0.442,0.602,0.602,0.743,0,0.65,0,0,0,0.282,24.166666667,24.166666667
0.833,0.611,0.213,0.279,0.279,0.349,0,0.114,0,0,0,0.36,24.166666667,24.166666667
0.986,0.596,0.0668,0.121,0.121,0,0,0,0,0,0,0.347,24.166666667,24.166666667
1,0.597,0.0255,0.0693,0.0693,0,0,0,0,0,0,0,24.166666667,24.166666667
1,0.599,0.0166,0.0581,0.0581,0,0,0,0,0,0,0.133,17.777777778,23.888888889
1,0.599,0.0161,0.0577,0.0577,0,0,0,0,0,0,0,17.777777778,23.888888889
1,0.599,0.0161,0.0577,0.0577,0,0,0,0,0,0,0,17.777777778,23.888888889
1,0.596,0.0251,0.0975,0.0975,0,0,0,0,0,0,0.654,17.777777778,23.888888889
0.819,0.614,0.0453,0.253,0.253,0,0,0,0,0,0,0.241,17.777777778,23.888888889
0.611,0.636,0.0525,0.274,0.274,0,0,0,0,0,0.233,0.236,17.777777778,23.888888889
0.264,0.623,0.04,0.174,0.174,0,0,0,0,0,0,0.252,17.777777778,23.888888889
0.167,0.614,0.0346,0.13,0.13,0,0,0,0,0,0,0.2,17.777777778,23.888888889
0.167,0.614,0.0373,0.128,0.128,0,0,0,0,0,0,0.2,17.777777778,23.888888889
0.194,0.617,0.0439,0.136,0.136,0,0,0,0,0,0,0.0333,24.166666667,24.166666667
0.333,0.63,0.0668,0.187,0.187,0,0,0,0,0,0,0.0998,24.166666667,24.166666667
0.486,0.644,0.101,0.244,0.244,0,0,0,0,0,0,0.0998,24.166666667,24.166666667
0.347,0.617,0.0518,0.132,0.132,0,0,0,0,0,0,0.0665,24.166666667,24.166666667
0.514,0.642,0.0889,0.191,0.191,0,0,0,0,0,0,0.133,24.166666667,24.166666667
0.514,0.684,0.147,0.256,0.256,0,0,0,0,0,0,0.166,24.166666667,24.166666667
0.486,0.706,0.174,0.269,0.269,0,0,0,0,0,0,0.0665,24.166666667,24.166666667
0.514,0.721,0.241,0.329,0.329,0.542,0.733,0,0,0,0.917,0.166,24.166666667,24.166666667
0.264,0.659,0.177,0.238,0.238,0,0,0,0,0,0.25,0.0333,24.166666667,24.166666667
0.708,0.735,0.572,0.687,0.687,0,0,0,0,0,0,0.0333,24.166666667,24.166666667
0.681,0.671,0.425,0.579,0.579,0,0,0,0,0,0,0,24.166666667,24.166666667
0.667,0.616,0.142,0.232,0.232,0,0,0,0,0,0,0,24.166666667,24.166666667
0.736,0.602,0.0632,0.118,0.118,0,0,0,0,0,0,0,24.166666667,24.166666667
0.833,0.599,0.0267,0.0714,0.0714,0,0,0,0,0,0,0,24.166666667,24.166666667
0.833,0.599,0.0161,0.0577,0.0577,0,0,0,0,0,0,0,24.166666667,24.166666667
0.833,0.599,0.0161,0.0577,0.0577,0,0,0,0,0,0,0,17.777777778,23.888888889
0.833,0.599,0.0161,0.0577,0.0577,0,0,0,0,0,0,0,17.777777778,23.888888889
0.986,0.599,0.0161,0.0577,0.0577,0,0,0,0,0,0,0,17.777777778,23.888888889
1,0.599,0.0161,0.0577,0.0577,0,0,0,0,0,0,0,17.777777778,23.888888889
0.931,0.612,0.0403,0.221,0.221,0.105,0.167,0,0,0,0.467,0.313,17.777777778,23.888888889
0.653,0.633,0.0495,0.256,0.256,0.647,1,0,0,0,0,0.275,17.777777778,23.888888889
0.431,0.637,0.0542,0.241,0.241,0,0.0667,0,0,0,0,0.523,17.777777778,23.888888889
0.181,0.616,0.0359,0.137,0.137,0,0,0,0,0,0,0.233,17.777777778,23.888888889
0.236,0.614,0.0373,0.128,0.128,0,0,0,0,0,0,0,17.777777778,23.888888889
0.403,0.621,0.0499,0.153,0.153,0,0,0,0,0,0,0.0333,24.166666667,24.166666667
0.583,0.627,0.0626,0.176,0.176,0,0,0,0,0,0,0.0998,24.166666667,24.166666667
0.5,0.614,0.045,0.122,0.122,0,0,0,0,0,0,0.299,24.166666667,24.166666667
0.431,0.621,0.0599,0.148,0.148,0,0,0,0,0,0,0.377,24.166666667,24.166666667
0.333,0.64,0.0857,0.186,0.186,0,0,0,0,0,0,0.166,24.166666667,24.166666667
0.333,0.656,0.103,0.19,0.19,0,0,0,0,0,0,0.0998,24.166666667,24.166666667
0.444,0.697,0.161,0.251,0.251,0,0,0,0,0,0.417,0.266,24.166666667,24.166666667
0.5,0.718,0.237,0.323,0.323,0.579,0.667,0,0,0,0.05,0.166,24.166666667,24.166666667
0.5,0.711,0.327,0.406,0.406,0.642,0.0667,0,0,0,0,0.2,24.166666667,24.166666667
0.5,0.677,0.328,0.411,0.411,0,0,0,0,0,0,0.171,24.166666667,24.166666667
0.5,0.621,0.141,0.219,0.219,0,0,0,0,0,0,0.123,24.166666667,24.166666667
0.722,0.619,0.163,0.262,0.262,0,0,0,0,0,0.417,0,24.166666667,24.166666667
0.833,0.602,0.0515,0.104,0.104,0,0,0,0,0,0.517,0,24.166666667,24.166666667
0.833,0.599,0.0161,0.0577,0.0577,0,0,0,0,0,0,0,24.166666667,24.166666667
0.833,0.599,0.0161,0.0577,0.0577,0,0,0,0,0,0,0,24.166666667,24.166666667
0.833,0.599,0.0161,0.0577,0.0577,0,0,0,0,0,0,0,17.777777778,23.888888889
0.861,0.599,0.0161,0.0577,0.0577,0,0,0,0,0,0,0,17.777777778,23.888888889
1,0.598,0.0174,0.0583,0.0583,0,0,0,0,0,0,0.413,17.777777778,23.888888889
1,0.597,0.0235,0.0902,0.0902,0,0,0,0,0,0,0.378,17.777777778,23.888888889
0.972,0.606,0.0302,0.151,0.151,0,0,0,0,0,0,0.0333,17.777777778,23.888888889
0.625,0.618,0.035,0.169,0.169,0,0,0,0,0,0,0.0333,17.777777778,23.888888889
0.333,0.627,0.0445,0.192,0.192,0,0,0.178,0.167,0,0,0.266,17.777777778,23.888888889
0.333,0.63,0.0532,0.203,0.203,0,0,0.231,0.867,0.133,0,0.706,17.777777778,23.888888889
0.333,0.63,0.0585,0.199,0.199,0,0,0.491,0,0.85,0,0.333,17.777777778,23.888888889
0.181,0.616,0.0416,0.131,0.131,0,0,0.467,0,0,0,0.0998,24.166666667,24.166666667
0.167,0.614,0.0414,0.122,0.122,0,0,0.148,0,0,0,0.299,24.166666667,24.166666667
0.167,0.614,0.045,0.122,0.122,0,0,0,0,0,0,0.133,24.166666667,24.166666667
0.167,0.614,0.047,0.122,0.122,0,0,0,0,0,0,0.266,24.166666667,24.166666667
0.194,0.623,0.0567,0.133,0.133,0,0,0,0,0,0.167,0.133,24.166666667,24.166666667
0.333,0.656,0.103,0.19,0.19,0,0,0,0,0,0.767,0.0665,24.166666667,24.166666667
0.486,0.706,0.175,0.269,0.269,0,0,0,0,0,0,0.0333,24.166666667,24.166666667
0.764,0.782,0.356,0.465,0.465,0,0,0,0,0,0,0,24.166666667,24.166666667
0.681,0.752,0.437,0.53,0.53,0.114,0.167,0,0,0,0,0.2,24.166666667,24.166666667
0.667,0.728,0.535,0.644,0.644,0.785,0.317,0,0,0,0,0.0333,24.166666667,24.166666667
0.667,0.658,0.351,0.485,0.485,0,0,0,0,0,0,0,24.166666667,24.166666667
0.694,0.613,0.118,0.197,0.197,0,0,0,0,0,0,0.0333,24.166666667,24.166666667
0.833,0.601,0.0285,0.075,0.075,0,0,0,0,0,0,0,24.166666667,24.166666667
0.833,0.599,0.0161,0.0577,0.0577,0,0,0,0,0,0,0,24.166666667,24.166666667
0.833,0.599,0.0161,0.0577,0.0577,0,0,0,0,0,0,0,24.166666667,24.166666667
0.861,0.599,0.0161,0.0577,0.0577,0,0,0,0,0,0,0,17.777777778,23.888888889
1,0.599,0.0161,0.0577,0.0577,0,0,0,0,0,0,0,17.777777778,23.888888889
0.819,0.599,0.0164,0.0579,0.0579,0,0,0,0,0,0,0.158,17.777777778,23.888888889
0.75,0.598,0.0181,0.0665,0.0665,0,0,0,0,0,0,0.0665,17.777777778,23.888888889
0.694,0.604,0.0248,0.117,0.117,0,0,0,0,0,0,0.45,17.777777778,23.888888889
0.764,0.629,0.0458,0.234,0.234,0,0,0,0,0,0,0.7,17.777777778,23.888888889
0.597,0.623,0.04,0.174,0.174,0,0,0,0,0,0,0.2,17.777777778,23.888888889
0.472,0.618,0.0393,0.149,0.149,0,0,0,0,0,0,0.792,17.777777778,23.888888889
0.333,0.614,0.0373,0.128,0.128,0,0,0,0,0,0,0.23,17.777777778,23.888888889
0.333,0.614,0.0399,0.125,0.125,0,0,0,0,0,0,0.242,24.166666667,24.166666667
0.333,0.614,0.0414,0.122,0.122,0,0,0,0,0,0,0.351,24.166666667,24.166666667
0.333,0.628,0.0717,0.18,0.18,0,0,0,0,0,0.7,0.17,24.166666667,24.166666667
0.292,0.626,0.0701,0.169,0.169,0,0,0.124,0.167,0,0,0.133,24.166666667,24.166666667
0.361,0.643,0.0915,0.197,0.197,0,0,0.679,0.867,0.133,0,0.279,24.166666667,24.166666667
0.347,0.657,0.106,0.195,0.195,0,0,0.417,0,1,0,0.325,24.166666667,24.166666667
0.486,0.706,0.175,0.269,0.269,0.559,0.483,0,0,1,0,0.248,24.166666667,24.166666667
0.528,0.725,0.249,0.338,0.338,0.616,0,0,0,0.35,0,0.313,24.166666667,24.166666667
0.667,0.749,0.431,0.523,0.523,0.0769,0,0,0,0,0,0.299,24.166666667,24.166666667
0.667,0.728,0.535,0.644,0.644,0,0,0,0,0,0,0,24.166666667,24.166666667
0.514,0.648,0.289,0.404,0.404,0,0,0,0,0,0,0.214,24.166666667,24.166666667
0.917,0.614,0.124,0.206,0.206,0,0,0,0,0,0,0.175,24.166666667,24.166666667
1,0.6,0.0299,0.0761,0.0761,0,0,0,0,0,0,0,24.166666667,24.166666667
1,0.599,0.0161,0.0577,0.0577,0,0,0,0,0,0,0,24.166666667,24.166666667
1,0.599,0.0161,0.0577,0.0577,0,0,0,0,0,0,0,24.166666667,24.166666667
1,0.599,0.0161,0.0577,0.0577,0,0,0,0,0,0,0,17.777777778,23.888888889
1,0.599,0.0161,0.0577,0.0577,0,0,0,0,0,0,0,17.777777778,23.888888889
0.847,0.598,0.0174,0.0583,0.0583,0,0,0,0,0,0,0.0665,17.777777778,23.888888889
0.764,0.597,0.0212,0.0798,0.0798,0,0,0,0,0,0,0,17.777777778,23.888888889
0.667,0.603,0.0235,0.108,0.108,0,0,0,0,0,0.917,0.266,17.777777778,23.888888889
0.667,0.628,0.0441,0.223,0.223,0,0,0,0,0,0.0167,0.159,17.777777778,23.888888889
0.667,0.644,0.0617,0.277,0.277,0,0,0.731,0.917,0,0,0.231,17.777777778,23.888888889
0.667,0.645,0.0717,0.276,0.276,0,0,0.671,0.117,0.883,0,0.123,17.777777778,23.888888889
0.514,0.631,0.06,0.205,0.205,0,0,0.334,0,0.35,0,0,17.777777778,23.888888889
0.5,0.644,0.0857,0.254,0.254,0,0,0.0954,0,0,0.667,0.372,24.166666667,24.166666667
0.347,0.631,0.0688,0.193,0.193,0,0,0,0,0,0.5,0.267,24.166666667,24.166666667
0.333,0.63,0.0739,0.186,0.186,0,0,0,0,0,0,0.4,24.166666667,24.166666667
0.389,0.632,0.083,0.196,0.196,0,0,0,0,0,0,0.379,24.166666667,24.166666667
0.667,0.66,0.12,0.25,0.25,0,0,0,0,0,0,0.409,24.166666667,24.166666667
0.667,0.711,0.188,0.316,0.316,0,0,0,0,0,0.233,0.315,24.166666667,24.166666667
0.736,0.727,0.206,0.311,0.311,0,0,0,0,0,0,0.0998,24.166666667,24.166666667
0.833,0.775,0.341,0.449,0.449,0,0,0,0,0,0,0.213,24.166666667,24.166666667
0.833,0.786,0.535,0.639,0.639,0,0,0,0,0,0,0,24.166666667,24.166666667
0.681,0.731,0.544,0.654,0.654,0,0,0,0,0,0.417,0.0998,24.166666667,24.166666667
0.667,0.667,0.403,0.553,0.553,0,0,0,0,0,0.05,0.0333,24.166666667,24.166666667
0.847,0.626,0.215,0.332,0.332,0,0,0,0,0,0,0.168,24.166666667,24.166666667
1,0.603,0.0705,0.129,0.129,0,0,0,0,0,0,0,24.166666667,24.166666667
1,0.599,0.0207,0.0609,0.0609,0,0,0,0,0,0,0,24.166666667,24.166666667
1,0.599,0.0184,0.0577,0.0577,0,0,0,0,0,0,0,24.166666667,24.166666667
1,0.599,0.0184,0.0577,0.0577,0,0,0,0,0,0,0,17.777777778,23.888888889
1,0.598,0.0183,0.0577,0.0577,0,0,0,0,0,0,0.0333,17.777777778,23.888888889
1,0.599,0.0184,0.0577,0.0577,0,0,0,0,0,0,0,17.777777778,23.888888889
1,0.599,0.0184,0.0577,0.0577,0,0,0,0,0,0,0,17.777777778,23.888888889
1,0.601,0.0208,0.0804,0.0804,0,0,0,0,0,0,0.233,17.777777778,23.888888889
1,0.634,0.0543,0.259,0.259,0,0,0,0,0,0,0.328,17.777777778,23.888888889
0.694,0.63,0.0642,0.21,0.21,0,0,0.334,0.417,0,0,0.435,17.777777778,23.888888889
0.667,0.644,0.11,0.27,0.27,0,0,0.362,0.617,0.383,0.7,0.189,17.777777778,23.888888889
0.778,0.662,0.174,0.345,0.345,0,0,0.688,0,1,0,0.354,17.777777778,23.888888889
0.722,0.665,0.201,0.349,0.349,0,0,0.402,0,0.1,0,0.365,24.166666667,24.166666667
0.556,0.65,0.17,0.274,0.274,0,0,0.362,0,0,0,0.0665,24.166666667,24.166666667
0.569,0.649,0.194,0.265,0.265,0,0,0.48,0,0,0,0.233,24.166666667,24.166666667
0.667,0.651,0.231,0.276,0.276,0,0,0.843,0,0,0,0.0665,24.166666667,24.166666667
0.667,0.68,0.295,0.315,0.315,0,0,0.734,0,0,0,0.0665,24.166666667,24.166666667
0.667,0.712,0.31,0.322,0.322,0,0,0.531,0,0,0,0.151,24.166666667,24.166666667
0.542,0.711,0.252,0.28,0.28,0,0,0.0922,0,0,0,0.171,24.166666667,24.166666667
0.556,0.708,0.262,0.3,0.3,0,0,0,0,0,0,0.258,24.166666667,24.166666667
0.5,0.711,0.369,0.406,0.406,0,0,0,0,0,0,0.133,24.166666667,24.166666667
0.472,0.69,0.412,0.473,0.473,0,0,0,0,0,0,0.0998,24.166666667,24.166666667
0.361,0.642,0.28,0.38,0.38,0.727,0.483,0,0,0,0,0,24.166666667,24.166666667
0.569,0.625,0.222,0.319,0.319,0.877,0,0,0,0,0,0.0472,24.166666667,24.166666667
0.819,0.606,0.138,0.194,0.194,0.698,0,0,0,0,0,0.0802,24.166666667,24.166666667
0.833,0.597,0.0485,0.0906,0.0906,0.658,0,0,0,0,0,0.24,24.166666667,24.166666667
0.764,0.597,0.0278,0.0669,0.0669,0.691,0,0,0,0,0,0.0333,24.166666667,24.166666667
0.667,0.598,0.0201,0.0581,0.0581,0.535,0,0,0,0,0,0.0665,17.777777778,23.888888889
0.667,0.598,0.0184,0.0577,0.0577,0.582,0,0,0,0,0,0.299,17.777777778,23.888888889
0.972,0.599,0.0184,0.0577,0.0577,0.257,0,0,0,0,0,0,17.777777778,23.888888889
1,0.598,0.0203,0.0739,0.0739,0,0,0,0,0,0,0.25,17.777777778,23.888888889
1,0.607,0.0292,0.159,0.159,0,0,0,0,0,0,0.379,17.777777778,23.888888889
0.694,0.6,0.0193,0.0668,0.0668,0,0,0,0,0,0,0.0665,17.777777778,23.888888889
0.75,0.621,0.0513,0.162,0.162,0,0,0,0,0,0,0.254,17.777777778,23.888888889
0.778,0.624,0.0706,0.179,0.179,0,0,0,0,0,0.467,0.162,17.777777778,23.888888889
0.486,0.612,0.0493,0.117,0.117,0,0,0,0,0,0,0.166,17.777777778,23.888888889
0.528,0.627,0.096,0.181,0.181,0,0,0,0,0,0,0.283,24.166666667,24.166666667
0.583,0.651,0.174,0.279,0.279,0,0,0,0,0,0,0.536,24.166666667,24.166666667
0.472,0.642,0.171,0.239,0.239,0,0,0,0,0,0,0.453,24.166666667,24.166666667
0.5,0.645,0.205,0.249,0.249,0,0,0,0,0,0,0.277,24.166666667,24.166666667
0.5,0.66,0.225,0.25,0.25,0,0,0,0,0,0,0.228,24.166666667,24.166666667
0.431,0.672,0.207,0.228,0.228,0,0,0.852,0.917,0,0,0.0998,24.166666667,24.166666667
0.514,0.712,0.252,0.281,0.281,0,0,0.0461,0.117,0.883,0,0.418,24.166666667,24.166666667
0.778,0.785,0.434,0.471,0.471,0,0,0,0,0.1,0,0.168,24.166666667,24.166666667
0.806,0.78,0.583,0.619,0.619,0,0,0.285,0.417,0,0,0.416,24.166666667,24.166666667
0.667,0.728,0.574,0.644,0.644,0,0,0.512,0.617,0.383,0,0.482,24.166666667,24.166666667
0.667,0.686,0.541,0.701,0.701,0,0,0.134,0,0.35,0,0.0617,24.166666667,24.166666667
0.667,0.629,0.25,0.354,0.354,0,0,0,0,0,0,0.0998,24.166666667,24.166666667
0.778,0.604,0.0962,0.146,0.146,0,0,0,0,0,0,0,24.166666667,24.166666667
0.833,0.598,0.0377,0.0846,0.0846,0.723,0.917,0,0,0,0,0.13,24.166666667,24.166666667
0.833,0.598,0.0206,0.0633,0.0633,0,0.317,0,0,0,0,0.427,24.166666667,24.166666667
0.833,0.598,0.0167,0.0581,0.0581,0,0,0,0,0,0,0,17.777777778,23.888888889
0.833,0.598,0.016,0.0577,0.0577,0,0,0,0,0,0,0.322,17.777777778,23.888888889
0.833,0.599,0.0161,0.0577,0.0577,0,0,0,0,0,0,0,17.777777778,23.888888889
0.833,0.599,0.0161,0.0577,0.0577,0,0,0,0,0,0,0,17.777777778,23.888888889
0.833,0.608,0.0322,0.167,0.167,0,0,0,0,0,0,0.298,17.777777778,23.888888889
0.5,0.621,0.0383,0.19,0.19,0,0,0,0,0,0.467,0.278,17.777777778,23.888888889
0.333,0.62,0.0377,0.162,0.162,0,0,0,0,0,0,0.333,17.777777778,23.888888889
0.181,0.616,0.0359,0.137,0.137,0,0,0,0,0,0,0.0998,17.777777778,23.888888889
0.167,0.614,0.0373,0.128,0.128,0.568,0.667,0,0,0,0,0.0665,17.777777778,23.888888889
0.167,0.614,0.0399,0.125,0.125,0.454,0.317,0.134,0.167,0,0,0.0998,24.166666667,24.166666667
0.0139,0.6,0.0181,0.0633,0.0633,0.297,0,0,0.867,0.133,0,0,24.166666667,24.166666667
0,0.599,0.0161,0.0577,0.0577,0,0,0,0,1,0,0,24.166666667,24.166666667
0.222,0.619,0.0575,0.143,0.143,0,0,0,0,0.1,0.417,0.166,24.166666667,24.166666667
0.333,0.64,0.0857,0.186,0.186,0,0,0,0,0,0.517,0.2,24.166666667,24.166666667
0.403,0.668,0.122,0.217,0.217,0,0,0,0,0,0.417,0.266,24.166666667,24.166666667
0.5,0.709,0.179,0.275,0.275,0,0,0,0,0,0.283,0.0998,24.166666667,24.166666667
0.5,0.718,0.237,0.323,0.323,0,0,0,0,0,0,0.051,24.166666667,24.166666667
0.528,0.718,0.345,0.426,0.426,0,0,0,0,0,0,0.0998,24.166666667,24.166666667
0.667,0.728,0.535,0.644,0.644,0,0,0,0,0,0,0,24.166666667,24.166666667
0.667,0.648,0.289,0.404,0.404,0,0,0,0,0,0,0.0665,24.166666667,24.166666667
0.819,0.62,0.173,0.275,0.275,0,0,0,0,0,0,0.0574,24.166666667,24.166666667
0.833,0.604,0.0847,0.146,0.146,0,0,0,0,0,0,0.144,24.166666667,24.166666667
0.833,0.598,0.0295,0.075,0.075,0,0,0,0,0,0,0,24.166666667,24.166666667
0.986,0.598,0.0197,0.0621,0.0621,0,0,0,0,0,0,0.0998,24.166666667,24.166666667
1,0.599,0.0164,0.0581,0.0581,0,0,0,0,0,0,0,17.777777778,23.888888889
1,0.599,0.0161,0.0577,0.0577,0,0,0,0,0,0,0,17.777777778,23.888888889
1,0.598,0.0174,0.0583,0.0583,0,0,0,0,0,0,0.257,17.777777778,23.888888889
0.847,0.596,0.0262,0.102,0.102,0,0,0,0,0,0.667,0.353,17.777777778,23.888888889
0.569,0.606,0.0312,0.157,0.157,0,0,0,0,0,0.2,0.18,17.777777778,23.888888889
0.347,0.623,0.0404,0.202,0.202,0,0,0,0,0,0.3,0.482,17.777777778,23.888888889
0.333,0.629,0.0465,0.204,0.204,0,0,0,0,0,0,0.229,17.777777778,23.888888889
0.431,0.639,0.0641,0.246,0.246,0,0,0,0,0,0.417,0.273,17.777777778,23.888888889
0.167,0.614,0.0373,0.128,0.128,0,0,0,0,0,1,0.0665,17.777777778,23.888888889
0.278,0.624,0.0559,0.17,0.17,0,0,0,0,0,0.7,0.0998,24.166666667,24.166666667
0.444,0.63,0.0668,0.187,0.187,0,0,0,0,0,0,0.233,24.166666667,24.166666667
0.5,0.622,0.0593,0.154,0.154,0,0,0,0,0,0,0.191,24.166666667,24.166666667
0.5,0.644,0.106,0.244,0.244,0,0,0,0,0,0.417,0.27,24.166666667,24.166666667
0.611,0.674,0.144,0.293,0.293,0,0,0,0,0,0.05,0.0665,24.166666667,24.166666667
0.667,0.712,0.191,0.322,0.322,0,0,0,0,0,0.167,0.0333,24.166666667,24.166666667
0.639,0.739,0.224,0.335,0.335,0,0,0,0,0,0.0667,0.0998,24.166666667,24.166666667
0.611,0.745,0.287,0.383,0.383,0,0,0,0,0,0,0.0665,24.166666667,24.166666667
0.556,0.724,0.36,0.443,0.443,0,0,0,0,0,0,0.0333,24.166666667,24.166666667
0.611,0.696,0.405,0.498,0.498,0.43,0.417,0,0,0,0,0,24.166666667,24.166666667
0.667,0.655,0.34,0.473,0.473,0.595,0.817,0,0,0,0,0,24.166666667,24.166666667
0.667,0.616,0.142,0.232,0.232,0.315,0,0,0,0,0,0,24.166666667,24.166666667
0.819,0.601,0.0504,0.102,0.102,0,0,0,0,0,0,0,24.166666667,24.166666667
0.833,0.598,0.0241,0.0681,0.0681,0,0,0,0,0,0,0.115,24.166666667,24.166666667
0.833,0.599,0.0161,0.0577,0.0577,0,0,0,0,0,0,0,24.166666667,24.166666667
0.903,0.599,0.0161,0.0577,0.0577,0,0,0,0,0,0,0,17.777777778,23.888888889
1,0.599,0.0161,0.0577,0.0577,0,0,0,0,0,0,0,17.777777778,23.888888889
0.778,0.599,0.0163,0.0578,0.0578,0,0,0,0,0,0,0.159,17.777777778,23.888888889
0.597,0.597,0.0218,0.0828,0.0828,0,0,0,0,0,0,0.28,17.777777778,23.888888889
0.611,0.61,0.0366,0.195,0.195,0,0,0,0,0,0,0.443,17.777777778,23.888888889
0.417,0.627,0.0444,0.226,0.226,0,0,0,0,0,0,0.326,17.777777778,23.888888889
0.167,0.614,0.0313,0.131,0.131,0,0,0,0,0,0,0.166,17.777777778,23.888888889
0.167,0.614,0.0346,0.13,0.13,0,0,0,0,0,0,0.0333,17.777777778,23.888888889
0.0972,0.608,0.0283,0.0989,0.0989,0,0,0,0,0,0,0.0998,17.777777778,23.888888889
0,0.599,0.0161,0.0577,0.0577,0,0,0,0,0,0,0,24.166666667,24.166666667
0,0.599,0.0161,0.0577,0.0577,0,0,0,0,0,0,0,24.166666667,24.166666667
0,0.599,0.0161,0.0577,0.0577,0,0,0,0,0,0,0,24.166666667,24.166666667
0.0278,0.601,0.0212,0.0683,0.0683,0,0,0,0,0,0,0.0665,24.166666667,24.166666667
0.278,0.633,0.0743,0.165,0.165,0,0,0,0,0,0.7,0.249,24.166666667,24.166666667
0.333,0.656,0.103,0.19,0.19,0,0,0,0,0,0,0.376,24.166666667,24.166666667
0.486,0.706,0.175,0.269,0.269,0,0,0,0,0,0,0.299,24.166666667,24.166666667
0.611,0.708,0.218,0.3,0.3,0,0,0,0,0,0.667,0.0333,24.166666667,24.166666667
0.667,0.711,0.327,0.406,0.406,0,0,0,0,0,0.267,0.0665,24.166666667,24.166666667
0.667,0.637,0.164,0.224,0.224,0,0,0,0,0,0,0.0333,24.166666667,24.166666667
0.667,0.621,0.141,0.219,0.219,0,0,0,0,0,0,0.115,24.166666667,24.166666667
0.819,0.612,0.113,0.193,0.193,0,0,0,0,0,0,0.175,24.166666667,24.166666667
0.861,0.601,0.0376,0.0858,0.0858,0,0,0,0,0,0,0.166,24.166666667,24.166666667
1,0.599,0.0161,0.0577,0.0577,0,0,0,0,0,0,0,24.166666667,24.166666667
1,0.599,0.0161,0.0577,0.0577,0,0,0,0,0,0,0,24.166666667,24.166666667
1,0.599,0.0161,0.0577,0.0577,0,0,0,0,0,0,0,17.777777778,23.888888889
1,0.599,0.0161,0.0577,0.0577,0,0,0,0,0,0,0,17.777777778,23.888888889
1,0.599,0.0161,0.0577,0.0577,0,0,0,0,0,0,0,17.777777778,23.888888889
1,0.599,0.0161,0.0577,0.0577,0,0,0,0,0,0,0,17.777777778,23.888888889
0.889,0.604,0.0248,0.117,0.117,0,0,0,0,0,0.7,0.165,17.777777778,23.888888889
0.764,0.629,0.0458,0.234,0.234,0,0,0,0,0,0,0.196,17.777777778,23.888888889
0.514,0.621,0.0387,0.168,0.168,0,0,0,0,0,0,0.503,17.777777778,23.888888889
0.431,0.623,0.0453,0.173,0.173,0,0,0,0,0,0,0.213,17.777777778,23.888888889
0.333,0.614,0.0373,0.128,0.128,0,0,0,0,0,0,0.0333,17.777777778,23.888888889
0.264,0.608,0.0299,0.097,0.097,0,0,0,0,0,0,0.0333,24.166666667,24.166666667
0.25,0.621,0.0522,0.149,0.149,0,0,0,0,0,0,0.268,24.166666667,24.166666667
0.25,0.622,0.0596,0.154,0.154,0,0,0,0,0,0,0.166,24.166666667,24.166666667
0.236,0.621,0.0599,0.148,0.148,0,0,0,0,0,0,0.387,24.166666667,24.166666667
0.333,0.64,0.0857,0.186,0.186,0,0,0,0,0,0,0.321,24.166666667,24.166666667
0.333,0.656,0.103,0.19,0.19,0,0,0,0,0,0,0.36,24.166666667,24.166666667
0.514,0.712,0.184,0.281,0.281,0,0,0,0,0,0,0.251,24.166666667,24.166666667
0.778,0.785,0.36,0.471,0.471,0,0,0,0,0,0,0.223,24.166666667,24.166666667
0.722,0.762,0.464,0.56,0.56,0,0,0,0,0,0.917,0.775,24.166666667,24.166666667
0.639,0.723,0.513,0.619,0.619,0,0,0,0,0,0.0167,0.279,24.166666667,24.166666667
0.528,0.65,0.309,0.432,0.432,0.687,0.917,0,0,0,0,0.0665,24.166666667,24.166666667
0.931,0.624,0.198,0.31,0.31,0.55,0.317,0,0,0,0,0,24.166666667,24.166666667
0.875,0.6,0.0274,0.0728,0.0728,0,0,0,0,0,0,0,24.166666667,24.166666667
1,0.598,0.0241,0.0681,0.0681,0,0,0,0,0,0,0.166,24.166666667,24.166666667
1,0.599,0.0161,0.0577,0.0577,0,0,0,0,0,0,0,24.166666667,24.166666667
1,0.599,0.0161,0.0577,0.0577,0,0,0,0,0,0,0,17.777777778,23.888888889
1,0.599,0.0161,0.0577,0.0577,0,0,0,0,0,0,0,17.777777778,23.888888889
1,0.598,0.0167,0.058,0.058,0,0,0,0,0,0.417,0.224,17.777777778,23.888888889
1,0.598,0.0198,0.074,0.074,0,0,0,0,0,0.517,0.45,17.777777778,23.888888889
0.931,0.607,0.0312,0.159,0.159,0,0,0,0,0,0.917,0.218,17.777777778,23.888888889
0.681,0.623,0.0397,0.198,0.198,0,0,0,0,0,0.5,0.371,17.777777778,23.888888889
0.514,0.615,0.0323,0.137,0.137,0,0,0,0,0,0,0.202,17.777777778,23.888888889
0.389,0.604,0.0221,0.082,0.082,0,0,0,0,0,0,0.0333,17.777777778,23.888888889
0.333,0.599,0.0161,0.0577,0.0577,0,0,0,0,0,0,0,17.777777778,23.888888889
0.333,0.613,0.0381,0.119,0.119,0,0,0,0,0,0,0.166,24.166666667,24.166666667
0.333,0.614,0.0414,0.122,0.122,0,0,0,0,0,0,0.2,24.166666667,24.166666667
0.333,0.6,0.0182,0.0631,0.0631,0,0,0,0,0,0,0,24.166666667,24.166666667
0.333,0.599,0.0161,0.0577,0.0577,0,0,0,0,0,0,0,24.166666667,24.166666667
0.375,0.608,0.0307,0.0845,0.0845,0,0,0,0,0,0.167,0.0333,24.166666667,24.166666667
0.486,0.654,0.1,0.184,0.184,0,0,0,0,0,0.3,0.2,24.166666667,24.166666667
0.361,0.675,0.129,0.208,0.208,0,0,0,0,0,0,0.199,24.166666667,24.166666667
0.819,0.795,0.379,0.494,0.494,0,0,0,0,0,0,0.392,24.166666667,24.166666667
0.681,0.752,0.437,0.53,0.53,0,0,0,0,0,0,0.166,24.166666667,24.166666667
0.667,0.728,0.535,0.644,0.644,0,0,0,0,0,0,0.0998,24.166666667,24.166666667
0.778,0.7,0.601,0.809,0.809,0,0,0,0,0,0,0.273,24.166666667,24.166666667
0.944,0.631,0.248,0.377,0.377,0,0,0,0,0,0,0,24.166666667,24.166666667
1,0.6,0.0223,0.0664,0.0664,0,0,0,0,0,0,0,24.166666667,24.166666667
1,0.599,0.0182,0.0577,0.0577,0,0,0,0,0,0,0,24.166666667,24.166666667
1,0.599,0.0184,0.0577,0.0577,0,0,0,0,0,0,0,24.166666667,24.166666667
1,0.599,0.0184,0.0577,0.0577,0,0,0,0,0,0,0,17.777777778,23.888888889
1,0.599,0.0184,0.0577,0.0577,0,0,0,0,0,0,0,17.777777778,23.888888889
1,0.599,0.0184,0.0577,0.0577,0,0,0,0,0,0,0,17.777777778,23.888888889
1,0.599,0.0184,0.0577,0.0577,0,0,0,0,0,0,0,17.777777778,23.888888889
1,0.599,0.0184,0.0577,0.0577,0,0,0,0,0,0,0,17.777777778,23.888888889
1,0.604,0.0237,0.0875,0.0875,0,0,0,0,0,0,0.0333,17.777777778,23.888888889
0.972,0.618,0.0466,0.149,0.149,0,0,0,0,0,0,0.133,17.777777778,23.888888889
0.681,0.6,0.0203,0.0638,0.0638,0,0,0,0,0,0,0,17.777777778,23.888888889
0.667,0.627,0.0889,0.187,0.187,0,0,0,0,0,0,0.434,17.777777778,23.888888889
0.514,0.616,0.0638,0.131,0.131,0,0,0,0,0,0,0.338,24.166666667,24.166666667
0.5,0.614,0.064,0.122,0.122,0,0,0,0,0,0,0.166,24.166666667,24.166666667
0.5,0.614,0.0724,0.122,0.122,0,0,0,0,0,0,0.0998,24.166666667,24.166666667
0.5,0.628,0.138,0.18,0.18,0,0,0,0,0,0,0.559,24.166666667,24.166666667
0.306,0.634,0.139,0.17,0.17,0,0,0,0,0,0,0.301,24.166666667,24.166666667
0.444,0.675,0.213,0.234,0.234,0,0,0,0,0,0.167,0.233,24.166666667,24.166666667
0.5,0.709,0.245,0.275,0.275,0.703,0.483,0,0,0,0.767,0.166,24.166666667,24.166666667
0.375,0.688,0.217,0.255,0.255,0,0,0,0,0,0,0.102,24.166666667,24.166666667
0.653,0.746,0.478,0.515,0.515,0,0,0,0,0,0.167,0.0665,24.166666667,24.166666667
0.667,0.728,0.574,0.644,0.644,0,0,0,0,0,1,0.0998,24.166666667,24.166666667
0.667,0.686,0.541,0.701,0.701,0,0,0,0,0,0,0,24.166666667,24.166666667
0.667,0.642,0.358,0.493,0.493,0,0,0,0,0,0,0.133,24.166666667,24.166666667
0.778,0.609,0.183,0.244,0.244,0,0,0,0,0,0,0.238,24.166666667,24.166666667
0.944,0.597,0.061,0.104,0.104,0,0,0,0,0,0,0.133,24.166666667,24.166666667
1,0.598,0.0231,0.0625,0.0625,0,0,0,0,0,0,0.133,24.166666667,24.166666667
1,0.599,0.0184,0.0577,0.0577,0,0,0,0,0,0,0,17.777777778,23.888888889
1,0.599,0.0184,0.0577,0.0577,0,0,0,0,0,0,0,17.777777778,23.888888889
1,0.599,0.0184,0.0577,0.0577,0,0,0,0,0,0,0,17.777777778,23.888888889
0.931,0.599,0.0184,0.0577,0.0577,0,0,0,0,0,0,0,17.777777778,23.888888889
0.833,0.599,0.0184,0.0577,0.0577,0,0,0,0,0,0,0,17.777777778,23.888888889
0.75,0.604,0.0237,0.0875,0.0875,0,0,0,0,0,0,0.156,17.777777778,23.888888889
0.681,0.62,0.0504,0.162,0.162,0,0,0,0,0,0,0.451,17.777777778,23.888888889
0.667,0.646,0.115,0.282,0.282,0,0,0,0,0,0,0.179,17.777777778,23.888888889
0.597,0.654,0.154,0.31,0.31,0,0,0,0,0,0.417,0.451,17.777777778,23.888888889
0.5,0.645,0.145,0.259,0.259,0,0,0,0,0,0.517,0.166,24.166666667,24.166666667
0.5,0.645,0.155,0.252,0.252,0,0,0,0,0,0,0.2,24.166666667,24.166666667
0.5,0.639,0.158,0.223,0.223,0,0,0,0,0,0,0.2,24.166666667,24.166666667
0.542,0.637,0.174,0.217,0.217,0,0,0,0,0,0,0.373,24.166666667,24.166666667
0.653,0.659,0.22,0.245,0.245,0,0,0,0,0,0,0.306,24.166666667,24.166666667
0.667,0.711,0.305,0.316,0.316,0,0,0,0,0,0,0.451,24.166666667,24.166666667
0.514,0.711,0.252,0.28,0.28,0,0,0,0,0,0,0.0665,24.166666667,24.166666667
0.5,0.718,0.285,0.323,0.323,0,0,0,0,0,0,0.2,24.166666667,24.166666667
0.681,0.752,0.498,0.535,0.535,0,0,0,0,0,0.233,0.133,24.166666667,24.166666667
0.833,0.76,0.713,0.791,0.791,0,0,0,0,0,0,0.403,24.166666667,24.166666667
0.944,0.718,0.736,0.943,0.943,0,0,0.521,0.667,0,0,0.306,24.166666667,24.166666667
1,0.649,0.409,0.559,0.559,0,0,0,0.617,0.383,0,0.122,24.166666667,24.166666667
1,0.606,0.136,0.193,0.193,0,0,0,0,0.6,0,0.326,24.166666667,24.166666667
1,0.597,0.0423,0.0906,0.0906,0,0,0,0,0,0,0,24.166666667,24.166666667
1,0.597,0.0226,0.0657,0.0657,0,0,0,0,0,0,0.0998,24.166666667,24.166666667
1,0.598,0.017,0.0581,0.0581,0,0,0,0,0,0,0.0333,17.777777778,23.888888889
1,0.598,0.016,0.0577,0.0577,0,0,0,0,0,0,0.166,17.777777778,23.888888889
1,0.599,0.0161,0.0577,0.0577,0,0,0,0,0,0,0,17.777777778,23.888888889
1,0.598,0.0204,0.0768,0.0768,0,0,0,0,0,0,0.116,17.777777778,23.888888889
0.653,0.61,0.0369,0.197,0.197,0.608,0.667,0,0,0,0.917,0.392,17.777777778,23.888888889
0.639,0.633,0.0495,0.256,0.256,0.192,0.317,0,0,0,1,0.209,17.777777778,23.888888889
0.5,0.643,0.0607,0.272,0.272,0,0,0,0,0,0.433,0.25,17.777777778,23.888888889
0.347,0.631,0.0544,0.209,0.209,0,0,0,0,0,0,0.251,17.777777778,23.888888889
0.25,0.622,0.0478,0.164,0.164,0,0,0,0,0,0,0.218,17.777777778,23.888888889
0.333,0.63,0.0637,0.192,0.192,0,0,0,0,0,0,0.26,24.166666667,24.166666667
0.333,0.63,0.0668,0.187,0.187,0,0,0,0,0,0,0.336,24.166666667,24.166666667
0.181,0.616,0.0471,0.127,0.127,0,0,0,0,0,0.467,0.37,24.166666667,24.166666667
0.194,0.617,0.0521,0.132,0.132,0,0,0,0,0,0,0.166,24.166666667,24.166666667
0.333,0.631,0.071,0.159,0.159,0,0,0.188,0.917,0,0,0.233,24.166666667,24.166666667
0.333,0.627,0.0597,0.124,0.124,0,0,0,0.117,0.883,0,0.0998,24.166666667,24.166666667
0.514,0.676,0.13,0.209,0.209,0,0,0.385,0,0.6,0,0.2,24.166666667,24.166666667
0.611,0.712,0.224,0.308,0.308,0,0,0.0143,0,0,0.667,0.285,24.166666667,24.166666667
0.764,0.771,0.49,0.589,0.589,0,0,0,0,0,0.0333,0.186,24.166666667,24.166666667
0.667,0.723,0.513,0.619,0.619,0,0,0,0,0,0,0.373,24.166666667,24.166666667
0.736,0.669,0.424,0.581,0.581,0,0,0,0,0,0,0.139,24.166666667,24.166666667
0.903,0.627,0.221,0.341,0.341,0,0,0,0,0,0,0.696,24.166666667,24.166666667
1,0.603,0.0719,0.13,0.13,0,0,0,0,0,0,0.142,24.166666667,24.166666667
1,0.598,0.0287,0.0742,0.0742,0,0,0,0,0,0,0.104,24.166666667,24.166666667
1,0.599,0.017,0.0589,0.0589,0,0,0,0,0,0,0,24.166666667,24.166666667
1,0.599,0.0161,0.0577,0.0577,0,0,0,0,0,0,0,17.777777778,23.888888889
1,0.599,0.0161,0.0577,0.0577,0,0,0,0,0,0,0.119,17.777777778,23.888888889
1,0.599,0.0161,0.0577,0.0577,0,0,0,0,0,0,0.0476,17.777777778,23.888888889
1,0.598,0.0177,0.0651,0.0651,0,0,0,0,0,0,0.194,17.777777778,23.888888889
0.847,0.601,0.0198,0.0819,0.0819,0,0,0,0,0,0.417,0,17.777777778,23.888888889
0.764,0.617,0.034,0.163,0.163,0,0,0,0,0,1,0.574,17.777777778,23.888888889
0.667,0.614,0.0313,0.131,0.131,0,0,0,0,0,0,0.173,17.777777778,23.888888889
0.667,0.628,0.0519,0.197,0.197,0,0,0,0,0,0,0.215,17.777777778,23.888888889
0.667,0.658,0.0977,0.328,0.328,0,0,0,0,0,0.7,0.0333,17.777777778,23.888888889
0.403,0.636,0.0732,0.221,0.221,0,0,0,0,0,0,0.433,24.166666667,24.166666667
0.333,0.63,0.0668,0.187,0.187,0,0,0,0,0,0,0.0665,24.166666667,24.166666667
0.333,0.63,0.0739,0.186,0.186,0,0,0,0,0,0.917,0.233,24.166666667,24.166666667
0.333,0.63,0.0779,0.185,0.185,0,0,0,0,0,1,0.2,24.166666667,24.166666667
0.333,0.64,0.0857,0.186,0.186,0,0,0.655,0.917,0,1,0.266,24.166666667,24.166666667
0.306,0.651,0.0959,0.179,0.179,0,0,0.202,0.117,0.883,0.15,0.0665,24.166666667,24.166666667
0.458,0.701,0.167,0.258,0.258,0.166,0.167,0,0,0.85,0,0.0998,24.166666667,24.166666667
0.667,0.758,0.31,0.411,0.411,0.586,0.317,0,0,0,0,0.233,24.166666667,24.166666667
0.667,0.749,0.431,0.523,0.523,0,0,0,0,0,0.467,0.0998,24.166666667,24.166666667
0.667,0.728,0.535,0.644,0.644,0,0,0,0,0,0,0.11,24.166666667,24.166666667
0.667,0.677,0.466,0.634,0.634,0,0,0,0,0,0,0.21,24.166666667,24.166666667
0.736,0.627,0.221,0.341,0.341,0,0,0,0,0,0,0.318,24.166666667,24.166666667
0.833,0.602,0.0566,0.111,0.111,0,0,0,0,0,0,0.195,24.166666667,24.166666667
0.986,0.597,0.0389,0.0874,0.0874,0,0,0,0,0,0,0,24.166666667,24.166666667
1,0.598,0.0199,0.0625,0.0625,0,0,0,0,0,0,0,24.166666667,24.166666667
1,0.599,0.0161,0.0577,0.0577,0,0,0,0,0,0,0,17.777777778,23.888888889
1,0.598,0.016,0.0577,0.0577,0,0,0,0,0,0,0.2,17.777777778,23.888888889
1,0.599,0.0161,0.0577,0.0577,0,0,0,0,0,0,0,17.777777778,23.888888889
1,0.598,0.0177,0.0651,0.0651,0,0,0,0,0,0,0.0333,17.777777778,23.888888889
0.972,0.616,0.048,0.272,0.272,0,0,0,0,0,0,0.66,17.777777778,23.888888889
0.764,0.641,0.0582,0.308,0.308,0,0,0,0,0,0,0.29,17.777777778,23.888888889
0.403,0.62,0.0372,0.161,0.161,0,0,0,0,0,0,0.259,17.777777778,23.888888889
0.333,0.614,0.0346,0.13,0.13,0,0,0,0,0,0,0.333,17.777777778,23.888888889
0.333,0.614,0.0373,0.128,0.128,0,0,0,0,0,0,0.0998,17.777777778,23.888888889
0.306,0.614,0.0399,0.125,0.125,0,0,0,0,0,0,0.166,24.166666667,24.166666667
0.167,0.614,0.0414,0.122,0.122,0,0,0,0,0,0,0.0998,24.166666667,24.166666667
0.167,0.614,0.045,0.122,0.122,0,0,0,0,0,0,0.2,24.166666667,24.166666667
0.236,0.621,0.0599,0.148,0.148,0.132,0.167,0,0,0,0,0.0998,24.166666667,24.166666667
0.333,0.64,0.0857,0.186,0.186,0.814,1,0,0,0,0,0.0998,24.166666667,24.166666667
0.333,0.656,0.103,0.19,0.19,0.622,0.317,0,0,0,0,0.2,24.166666667,24.166666667
0.361,0.678,0.134,0.214,0.214,0.127,0,0,0,0,0.167,0.233,24.166666667,24.166666667
0.806,0.792,0.374,0.487,0.487,0,0,0,0,0,0.0667,0.0333,24.166666667,24.166666667
0.833,0.786,0.535,0.639,0.639,0,0,0,0,0,0,0.215,24.166666667,24.166666667
0.833,0.755,0.643,0.766,0.766,0,0,0,0,0,0,0.474,24.166666667,24.166666667
0.833,0.686,0.518,0.701,0.701,0,0,0,0,0,0,0.152,24.166666667,24.166666667
0.833,0.625,0.2,0.311,0.311,0,0,0,0,0,0,0.185,24.166666667,24.166666667
0.833,0.6,0.0299,0.0761,0.0761,0,0,0,0,0,0,0,24.166666667,24.166666667
0.986,0.598,0.0262,0.0709,0.0709,0,0,0,0,0,0,0.0665,24.166666667,24.166666667
1,0.598,0.0206,0.0633,0.0633,0,0,0,0,0,0,0.0333,24.166666667,24.166666667
1,0.598,0.017,0.0581,0.0581,0,0,0,0,0,0,0.2,17.777777778,23.888888889
1,0.599,0.0161,0.0577,0.0577,0,0,0,0,0,0,0,17.777777778,23.888888889
0.847,0.599,0.0161,0.0577,0.0577,0,0,0,0,0,0,0,17.777777778,23.888888889
0.833,0.597,0.0214,0.0813,0.0813,0,0,0,0,0,0,0.229,17.777777778,23.888888889
0.833,0.607,0.0315,0.16,0.16,0,0,0,0,0,0.667,0.452,17.777777778,23.888888889
0.611,0.617,0.0346,0.168,0.168,0,0,0,0,0,0.0333,0.133,17.777777778,23.888888889
0.5,0.62,0.0377,0.162,0.162,0,0,0,0,0,0,0.405,17.777777778,23.888888889
0.347,0.616,0.0359,0.137,0.137,0,0,0,0,0,0,0.126,17.777777778,23.888888889
0.333,0.614,0.0373,0.128,0.128,0,0,0,0,0,0.233,0.197,17.777777778,23.888888889
0.333,0.614,0.0399,0.125,0.125,0,0,0,0,0,0,0.28,24.166666667,24.166666667
0.375,0.618,0.0478,0.139,0.139,0,0,0,0,0,0,0,24.166666667,24.166666667
0.333,0.628,0.0717,0.18,0.18,0,0,0,0,0,0,0.233,24.166666667,24.166666667
0.486,0.644,0.106,0.244,0.244,0,0,0,0,0,0.917,0.266,24.166666667,24.166666667
0.611,0.674,0.144,0.293,0.293,0,0,0,0,0,0.0167,0.133,24.166666667,24.166666667
0.625,0.705,0.179,0.305,0.305,0,0,0,0,0,0.417,0.244,24.166666667,24.166666667
0.736,0.761,0.256,0.377,0.377,0,0,0,0,0,0.283,0.195,24.166666667,24.166666667
0.764,0.781,0.352,0.462,0.462,0.623,0.483,0,0,0,0,0.288,24.166666667,24.166666667
0.514,0.715,0.333,0.414,0.414,0.0784,0,0,0,0,0,0.0333,24.166666667,24.166666667
0.653,0.725,0.526,0.634,0.634,0,0,0,0,0,0,0,24.166666667,24.166666667
0.819,0.682,0.497,0.674,0.674,0,0,0,0,0,0,0,24.166666667,24.166666667
0.833,0.623,0.19,0.298,0.298,0,0,0,0,0,0,0.24,24.166666667,24.166666667
0.861,0.6,0.0274,0.0728,0.0728,0,0,0,0,0,0,0.025,24.166666667,24.166666667
1,0.598,0.0287,0.0742,0.0742,0,0,0,0,0,0,0,24.166666667,24.166666667
1,0.598,0.019,0.0613,0.0613,0,0,0,0,0,0,0.0665,24.166666667,24.166666667
1,0.599,0.0161,0.0577,0.0577,0,0,0,0,0,0,0,17.777777778,23.888888889
1,0.599,0.0161,0.0577,0.0577,0,0,0,0,0,0,0,17.777777778,23.888888889
0.958,0.598,0.0167,0.058,0.058,0,0,0,0,0,0,0.353,17.777777778,23.888888889
1,0.597,0.0215,0.0813,0.0813,0,0,0,0,0,0,0.173,17.777777778,23.888888889
0.931,0.617,0.0504,0.288,0.288,0,0,0,0,0,0,0.418,17.777777778,23.888888889
0.806,0.644,0.0613,0.326,0.326,0,0,0,0,0,0,0.429,17.777777778,23.888888889
0.819,0.658,0.0759,0.345,0.345,0,0,0,0,0,0,0.589,17.777777778,23.888888889
0.681,0.639,0.0636,0.246,0.246,0,0,0,0,0,0,0.167,17.777777778,23.888888889
0.528,0.646,0.0815,0.275,0.275,0,0,0,0,0,0,0.701,17.777777778,23.888888889
0.181,0.616,0.0416,0.131,0.131,0,0,0,0,0,0,0.0665,24.166666667,24.166666667
0.389,0.635,0.0754,0.209,0.209,0,0,0,0,0,0,0.0998,24.166666667,24.166666667
0.347,0.631,0.076,0.191,0.191,0,0,0,0,0,0,0.0998,24.166666667,24.166666667
0.222,0.619,0.0572,0.143,0.143,0,0,0,0,0,0,0.333,24.166666667,24.166666667
0.264,0.631,0.0714,0.159,0.159,0,0,0,0,0,0,0.224,24.166666667,24.166666667
0.611,0.703,0.177,0.3,0.3,0,0,0,0,0,0.667,0.221,24.166666667,24.166666667
0.667,0.73,0.21,0.317,0.317,0,0,0,0,0,1,0.266,24.166666667,24.166666667
0.625,0.725,0.249,0.338,0.338,0,0,0,0,0,0.217,0.133,24.166666667,24.166666667
0.514,0.715,0.333,0.414,0.414,0,0,0,0,0,0,0.0665,24.166666667,24.166666667
0.5,0.667,0.284,0.361,0.361,0,0,0,0,0,0,0,24.166666667,24.166666667
0.583,0.653,0.329,0.461,0.461,0,0,0,0,0,0,0,24.166666667,24.166666667
0.653,0.612,0.111,0.189,0.189,0,0,0,0,0,0,0.227,24.166666667,24.166666667
0.667,0.599,0.0161,0.0577,0.0577,0,0,0,0,0,0,0,24.166666667,24.166666667
0.667,0.599,0.0182,0.0577,0.0577,0,0,0,0,0,0,0,24.166666667,24.166666667
0.819,0.598,0.023,0.0621,0.0621,0,0,0,0,0,0,0.0665,24.166666667,24.166666667
0.833,0.599,0.0188,0.0581,0.0581,0,0,0,0,0,0,0,17.777777778,23.888888889
0.833,0.599,0.0184,0.0577,0.0577,0,0,0,0,0,0,0,17.777777778,23.888888889
0.986,0.598,0.0193,0.0583,0.0583,0,0,0,0,0,0.233,0.133,17.777777778,23.888888889
1,0.597,0.0213,0.0813,0.0813,0,0,0,0,0,0,0.133,17.777777778,23.888888889
1,0.611,0.0348,0.21,0.21,0,0,0,0,0,0.917,0.0665,17.777777778,23.888888889
0.931,0.64,0.0606,0.298,0.298,0,0,0,0,0,0.25,0.202,17.777777778,23.888888889
0.722,0.656,0.102,0.332,0.332,0.586,0.483,0,0,0,0.233,0.0998,17.777777778,23.888888889
0.528,0.648,0.116,0.288,0.288,0,0,0,0,0,0,0.0998,17.777777778,23.888888889
0.597,0.654,0.155,0.31,0.31,0,0,0.248,0.667,0,0,0.299,17.777777778,23.888888889
0.514,0.646,0.148,0.265,0.265,0,0,0.596,0.367,0.633,0,0.233,24.166666667,24.166666667
0.5,0.645,0.155,0.252,0.252,0,0,0.768,0,0.1,0,0.0333,24.166666667,24.166666667
0.5,0.645,0.18,0.249,0.249,0,0,0.647,0,0,0,0.0998,24.166666667,24.166666667
0.5,0.645,0.205,0.249,0.249,0,0,0.178,0,0,0,0.0998,24.166666667,24.166666667
0.653,0.679,0.289,0.309,0.309,0,0,0.63,0,0,0,0.166,24.166666667,24.166666667
0.639,0.708,0.298,0.311,0.311,0,0,0.253,0,0,0,0.0665,24.166666667,24.166666667
0.5,0.709,0.245,0.275,0.275,0,0,0,0,0,0,0.0665,24.166666667,24.166666667
0.653,0.755,0.367,0.405,0.405,0,0,0,0,0,0.467,0.0333,24.166666667,24.166666667
0.667,0.749,0.486,0.523,0.523,0,0,0,0,0,0,0.0333,24.166666667,24.166666667
0.667,0.728,0.574,0.644,0.644,0,0,0,0,0,0,0.0998,24.166666667,24.166666667
0.736,0.695,0.595,0.769,0.769,0.606,0.917,0,0,0,0,0.201,24.166666667,24.166666667
0.903,0.65,0.422,0.576,0.576,0.861,0.317,0.599,0.917,0,0,0.604,24.166666667,24.166666667
1,0.608,0.149,0.208,0.208,0.58,0,0.418,0.117,0.883,0,0.237,24.166666667,24.166666667
1,0.597,0.0547,0.0974,0.0974,0.89,0,0.0143,0,0.35,0,0.163,24.166666667,24.166666667
1,0.597,0.0278,0.0669,0.0669,0.284,0,0,0,0,0,0,24.166666667,24.166666667
1,0.598,0.0195,0.0581,0.0581,0,0,0,0,0,0,0.0665,17.777777778,23.888888889
1,0.599,0.0184,0.0577,0.0577,0,0,0,0,0,0,0,17.777777778,23.888888889
1,0.599,0.0184,0.0577,0.0577,0,0,0,0,0,0,0,17.777777778,23.888888889
1,0.599,0.0184,0.0577,0.0577,0,0,0,0,0,0,0,17.777777778,23.888888889
1,0.599,0.0184,0.0577,0.0577,0,0,0,0,0,0,0,17.777777778,23.888888889
0.972,0.607,0.0269,0.105,0.105,0,0,0,0,0,0,0.236,17.777777778,23.888888889
0.806,0.626,0.0582,0.186,0.186,0,0,0,0,0,0,0.677,17.777777778,23.888888889
0.667,0.635,0.0918,0.227,0.227,0,0,0,0,0,0.7,0.297,17.777777778,23.888888889
0.667,0.645,0.132,0.269,0.269,0,0,0,0,0,0,0.355,17.777777778,23.888888889
0.597,0.639,0.127,0.232,0.232,0,0,0,0,0,0.167,0.214,24.166666667,24.166666667
0.653,0.633,0.121,0.203,0.203,0,0,0,0,0,0.0667,0.192,24.166666667,24.166666667
0.819,0.648,0.19,0.26,0.26,0,0,0,0,0,0.7,0.0998,24.166666667,24.166666667
0.722,0.635,0.163,0.207,0.207,0,0,0,0,0,0,0.166,24.166666667,24.166666667
0.778,0.673,0.267,0.288,0.288,0,0,0,0,0,0,0.714,24.166666667,24.166666667
0.833,0.712,0.31,0.322,0.322,0,0,0,0,0,0.7,0.223,24.166666667,24.166666667
0.681,0.711,0.252,0.28,0.28,0,0,0,0,0,0,0.166,24.166666667,24.166666667
0.514,0.718,0.285,0.323,0.323,0,0,0,0,0,0,0.233,24.166666667,24.166666667
0.5,0.711,0.369,0.406,0.406,0,0,0,0,0,0,0.26,24.166666667,24.166666667
0.528,0.701,0.459,0.522,0.522,0.649,0.917,0,0,0,0,0.226,24.166666667,24.166666667
0.694,0.689,0.562,0.728,0.728,0.175,0.317,0,0,0,0,0.136,24.166666667,24.166666667
0.833,0.627,0.234,0.333,0.333,0,0,0,0,0,0,0.184,24.166666667,24.166666667
0.833,0.599,0.0184,0.0577,0.0577,0,0,0,0,0,0,0,24.166666667,24.166666667
0.833,0.599,0.0163,0.0577,0.0577,0,0,0,0,0,0,0,24.166666667,24.166666667
0.833,0.599,0.0161,0.0577,0.0577,0,0,0,0,0,0,0,24.166666667,24.166666667
0.944,0.599,0.0161,0.0577,0.0577,0,0,0,0,0,0,0,17.777777778,23.888888889
1,0.599,0.0161,0.0577,0.0577,0,0,0,0,0,0,0,17.777777778,23.888888889
1,0.599,0.0161,0.0577,0.0577,0,0,0,0,0,0,0,17.777777778,23.888888889
1,0.599,0.0167,0.0606,0.0606,0,0,0,0,0,0,0.151,17.777777778,23.888888889
0.875,0.608,0.0325,0.168,0.168,0,0,0,0,0,0,0.133,17.777777778,23.888888889
0.5,0.61,0.0272,0.123,0.123,0,0,0,0,0,0,0.28,17.777777778,23.888888889
0.5,0.614,0.0313,0.131,0.131,0,0,0,0,0,0,0.367,17.777777778,23.888888889
0.5,0.628,0.0519,0.197,0.197,0,0,0,0,0,0,0.137,17.777777778,23.888888889
0.5,0.63,0.0585,0.199,0.199,0,0,0,0,0,0,0.281,17.777777778,23.888888889
0.389,0.619,0.0477,0.148,0.148,0,0,0,0,0,0,0.384,24.166666667,24.166666667
0.333,0.614,0.0414,0.122,0.122,0,0,0,0,0,0,0.0998,24.166666667,24.166666667
0.403,0.621,0.0571,0.148,0.148,0,0,0,0,0,0.7,0.233,24.166666667,24.166666667
0.194,0.616,0.0494,0.127,0.127,0,0,0,0,0,0,0.266,24.166666667,24.166666667
0.319,0.638,0.0831,0.181,0.181,0,0,0,0,0,0,0.0665,24.166666667,24.166666667
0.208,0.634,0.07,0.14,0.14,0,0,0,0,0,0.167,0.133,24.166666667,24.166666667
0.333,0.672,0.125,0.202,0.202,0,0,0,0,0,0.3,0.266,24.166666667,24.166666667
0.333,0.678,0.163,0.234,0.234,0,0,0,0,0,0,0.233,24.166666667,24.166666667
0.486,0.708,0.321,0.399,0.399,0.523,0.667,0,0,0,0,0.133,24.166666667,24.166666667
0.569,0.709,0.46,0.56,0.56,0.21,0.567,0.202,0.417,0,0,0.133,24.166666667,24.166666667
0.667,0.667,0.403,0.553,0.553,0,0,0.585,0.617,0.383,0,0.0665,24.166666667,24.166666667
0.667,0.622,0.184,0.289,0.289,0,0,0.256,0,1,0,0.173,24.166666667,24.166666667
0.819,0.604,0.0847,0.146,0.146,0,0,0,0,1,0,0.0895,24.166666667,24.166666667
0.708,0.598,0.0331,0.0798,0.0798,0,0,0,0,0.1,0,0.0642,24.166666667,24.166666667
0.833,0.597,0.0226,0.0657,0.0657,0,0,0,0,0,0,0,24.166666667,24.166666667
0.833,0.599,0.0164,0.0581,0.0581,0,0,0,0,0,0,0,17.777777778,23.888888889
0.833,0.599,0.0161,0.0577,0.0577,0,0,0,0,0,0,0,17.777777778,23.888888889
0.986,0.599,0.0161,0.0577,0.0577,0,0,0,0,0,0,0,17.777777778,23.888888889
1,0.598,0.0187,0.0695,0.0695,0,0,0,0,0,0.667,0.166,17.777777778,23.888888889
0.819,0.618,0.0521,0.3,0.3,0,0,0,0,0,0.5,0.666,17.777777778,23.888888889
0.486,0.633,0.0501,0.26,0.26,0,0,0,0,0,0,0.133,17.777777778,23.888888889
0.264,0.623,0.04,0.174,0.174,0,0,0,0,0,0,0.166,17.777777778,23.888888889
0.194,0.617,0.0377,0.143,0.143,0,0,0,0,0,0,0.133,17.777777778,23.888888889
0.333,0.63,0.0585,0.199,0.199,0,0,0,0,0,0.417,0.0333,17.777777778,23.888888889
0.264,0.623,0.0537,0.164,0.164,0,0,0,0,0,0.05,0.235,24.166666667,24.166666667
0.167,0.614,0.0414,0.122,0.122,0,0,0,0,0,0,0.0333,24.166666667,24.166666667
0.167,0.614,0.045,0.122,0.122,0,0,0,0,0,0,0.133,24.166666667,24.166666667
0.153,0.613,0.0444,0.116,0.116,0.157,0.167,0,0,0,0,0.133,24.166666667,24.166666667
0.333,0.64,0.0857,0.186,0.186,0.89,1,0,0,0,0,0.191,24.166666667,24.166666667
0.375,0.663,0.114,0.206,0.206,0.747,0.317,0,0,0,0.467,0.399,24.166666667,24.166666667
0.444,0.697,0.161,0.251,0.251,0.72,0,0,0,0,0,0.0727,24.166666667,24.166666667
0.569,0.735,0.268,0.36,0.36,0.691,0,0,0,0,0,0.166,24.166666667,24.166666667
0.667,0.733,0.387,0.473,0.473,0,0,0,0,0,0,0.0665,24.166666667,24.166666667
0.667,0.696,0.405,0.498,0.498,0,0,0,0,0,0,0.0333,24.166666667,24.166666667
0.667,0.645,0.278,0.392,0.392,0,0,0,0,0,0,0.0333,24.166666667,24.166666667
0.819,0.616,0.142,0.232,0.232,0,0,0,0,0,0,0.0333,24.166666667,24.166666667
0.944,0.6,0.0299,0.0761,0.0761,0,0,0,0,0,0,0,24.166666667,24.166666667
1,0.599,0.0161,0.0577,0.0577,0,0,0,0,0,0,0,24.166666667,24.166666667
1,0.599,0.0161,0.0577,0.0577,0,0,0,0,0,0,0,24.166666667,24.166666667
1,0.599,0.0161,0.0577,0.0577,0,0,0,0,0,0,0,17.777777778,23.888888889
1,0.599,0.0161,0.0577,0.0577,0,0,0,0,0,0,0,17.777777778,23.888888889
1,0.599,0.0161,0.0577,0.0577,0,0,0,0,0,0,0,17.777777778,23.888888889
1,0.599,0.0161,0.0577,0.0577,0,0,0,0,0,0,0,17.777777778,23.888888889
1,0.611,0.0376,0.203,0.203,0,0,0,0,0,0.417,0.332,17.777777778,23.888888889
0.861,0.641,0.0582,0.308,0.308,0,0,0,0,0,0.283,0.0333,17.777777778,23.888888889
0.75,0.666,0.0836,0.382,0.382,0,0,0,0,0,0,0.356,17.777777778,23.888888889
0.556,0.65,0.0777,0.3,0.3,0,0,0,0,0,0,0.244,17.777777778,23.888888889
0.431,0.636,0.0672,0.228,0.228,0,0,0,0,0,0,0.257,17.777777778,23.888888889
0.333,0.614,0.0399,0.125,0.125,0,0,0,0,0,0,0.0333,24.166666667,24.166666667
0.403,0.621,0.0521,0.149,0.149,0,0,0,0,0,0,0.2,24.166666667,24.166666667
0.347,0.626,0.0666,0.17,0.17,0,0,0,0,0,0,0.0998,24.166666667,24.166666667
0.333,0.619,0.0572,0.143,0.143,0.765,0.917,0.122,0.167,0,0,0.2,24.166666667,24.166666667
0.208,0.623,0.0567,0.133,0.133,0,0.317,0.871,0.6,0.4,0,0.133,24.166666667,24.166666667
0.333,0.656,0.103,0.19,0.19,0,0,0.626,0,0.833,0,0.2,24.166666667,24.166666667
0.708,0.756,0.249,0.366,0.366,0,0,0.893,0,0,0.917,0.0998,24.166666667,24.166666667
0.625,0.748,0.29,0.387,0.387,0,0,0.496,0,0,0.0167,0.166,24.166666667,24.166666667
0.514,0.714,0.339,0.419,0.419,0,0,0,0,0,0,0.133,24.166666667,24.166666667
0.792,0.752,0.634,0.756,0.756,0,0,0,0,0,0,0.166,24.166666667,24.166666667
0.667,0.644,0.268,0.377,0.377,0,0,0,0,0,0,0.0936,24.166666667,24.166666667
0.667,0.601,0.0265,0.0712,0.0712,0,0,0,0,0,0,0,24.166666667,24.166666667
0.778,0.6,0.0314,0.0771,0.0771,0,0,0,0,0,0,0.0665,24.166666667,24.166666667
0.833,0.599,0.0161,0.0577,0.0577,0,0,0,0,0,0,0,24.166666667,24.166666667
0.833,0.599,0.0161,0.0577,0.0577,0,0,0,0,0,0,0,24.166666667,24.166666667
0.833,0.598,0.0163,0.0577,0.0577,0,0,0,0,0,0,0.248,17.777777778,23.888888889
0.833,0.598,0.016,0.0577,0.0577,0,0,0,0,0,0,0.355,17.777777778,23.888888889
0.986,0.598,0.0166,0.058,0.058,0,0,0,0,0,0,0.456,17.777777778,23.888888889
1,0.597,0.0215,0.0813,0.0813,0,0,0,0,0,0,0.316,17.777777778,23.888888889
1,0.609,0.0349,0.183,0.183,0,0,0,0,0,0,0.313,17.777777778,23.888888889
0.583,0.605,0.0231,0.101,0.101,0,0,0,0,0,0,0.376,17.777777778,23.888888889
0.5,0.628,0.0455,0.198,0.198,0,0,0,0,0,0.233,0.167,17.777777778,23.888888889
0.5,0.63,0.0532,0.203,0.203,0,0,0,0,0,0,0.2,17.777777778,23.888888889
0.5,0.63,0.0585,0.199,0.199,0,0,0,0,0,0,0.0333,17.777777778,23.888888889
0.347,0.63,0.0637,0.192,0.192,0,0,0,0,0,0,0.133,24.166666667,24.166666667
0.417,0.637,0.0796,0.22,0.22,0,0,0,0,0,0.7,0.0665,24.166666667,24.166666667
0.264,0.623,0.0617,0.159,0.159,0,0,0,0,0,0,0.333,24.166666667,24.166666667
0.167,0.61,0.0392,0.106,0.106,0,0,0,0,0,0,0.133,24.166666667,24.166666667
0.319,0.638,0.0831,0.181,0.181,0,0,0,0,0,0,0.652,24.166666667,24.166666667
0.486,0.682,0.144,0.25,0.25,0,0,0,0,0,0,0.365,24.166666667,24.166666667
0.722,0.758,0.252,0.372,0.372,0,0,0,0,0,0,0.154,24.166666667,24.166666667
0.639,0.751,0.296,0.395,0.395,0,0,0,0,0,0,0.13,24.166666667,24.166666667
0.625,0.74,0.404,0.493,0.493,0,0,0,0,0,0,0.22,24.166666667,24.166666667
0.667,0.728,0.535,0.644,0.644,0,0,0,0,0,0,0.0333,24.166666667,24.166666667
0.75,0.688,0.528,0.715,0.715,0,0,0,0,0,0,0,24.166666667,24.166666667
0.778,0.63,0.24,0.367,0.367,0,0,0,0,0,0,0,24.166666667,24.166666667
0.944,0.602,0.0515,0.104,0.104,0,0,0,0,0,0,0.125,24.166666667,24.166666667
1,0.599,0.0161,0.0577,0.0577,0,0,0,0,0,0,0,24.166666667,24.166666667
1,0.599,0.0161,0.0577,0.0577,0,0,0,0,0,0,0,24.166666667,24.166666667
1,0.599,0.0161,0.0577,0.0577,0,0,0,0,0,0,0,17.777777778,23.888888889
1,0.599,0.0161,0.0577,0.0577,0,0,0,0,0,0,0,17.777777778,23.888888889
1,0.599,0.0161,0.0577,0.0577,0,0,0,0,0,0,0,17.777777778,23.888888889
1,0.598,0.0197,0.0739,0.0739,0,0,0,0,0,0,0.415,17.777777778,23.888888889
0.847,0.61,0.0379,0.204,0.204,0,0,0,0,0,0.417,0.328,17.777777778,23.888888889
0.569,0.621,0.039,0.195,0.195,0,0,0,0,0,1,0.333,17.777777778,23.888888889
0.5,0.628,0.0455,0.198,0.198,0,0,0,0,0,0.233,0.793,17.777777778,23.888888889
0.319,0.619,0.0406,0.155,0.155,0,0,0,0,0,0,0.234,17.777777778,23.888888889
0.0972,0.608,0.0283,0.0989,0.0989,0,0,0,0,0,0,0.116,17.777777778,23.888888889
0.111,0.609,0.0321,0.102,0.102,0,0,0,0,0,0,0.233,24.166666667,24.166666667
0.0833,0.607,0.0287,0.0902,0.0902,0,0,0,0,0,0,0.0333,24.166666667,24.166666667
0.403,0.636,0.0863,0.212,0.212,0,0,0,0,0,0,0.144,24.166666667,24.166666667
0.139,0.609,0.0365,0.1,0.1,0,0,0,0,0,0,0.266,24.166666667,24.166666667
0.167,0.599,0.0161,0.0577,0.0577,0,0,0,0,0,0,0,24.166666667,24.166666667
0.167,0.599,0.0161,0.0577,0.0577,0,0,0,0,0,0,0,24.166666667,24.166666667
0.236,0.649,0.0896,0.155,0.155,0,0,0,0,0,0,0.233,24.166666667,24.166666667
0.486,0.715,0.232,0.317,0.317,0,0,0,0,0,0.167,0.213,24.166666667,24.166666667
0.5,0.711,0.327,0.406,0.406,0,0,0,0,0,0.533,0.0665,24.166666667,24.166666667
0.5,0.696,0.405,0.498,0.498,0,0,0,0,0,0,0.133,24.166666667,24.166666667
0.611,0.678,0.476,0.648,0.648,0,0,0,0,0,0,0.0333,24.166666667,24.166666667
0.778,0.621,0.169,0.268,0.268,0,0,0,0,0,0,0.0665,24.166666667,24.166666667
0.903,0.6,0.0289,0.0739,0.0739,0,0,0,0,0,0,0.164,24.166666667,24.166666667
1,0.598,0.0329,0.0742,0.0742,0,0,0,0,0,0,0.0333,24.166666667,24.166666667
1,0.599,0.0195,0.0589,0.0589,0,0,0,0,0,0,0,24.166666667,24.166666667
1,0.599,0.0184,0.0577,0.0577,0,0,0,0,0,0,0,17.777777778,23.888888889
1,0.598,0.0183,0.0577,0.0577,0,0,0,0,0,0,0.135,17.777777778,23.888888889
1,0.599,0.0184,0.0577,0.0577,0,0,0,0,0,0,0,17.777777778,23.888888889
1,0.598,0.0203,0.0739,0.0739,0,0,0,0,0,0,0.133,17.777777778,23.888888889
0.958,0.602,0.0224,0.0955,0.0955,0,0,0,0,0,0,0.133,17.777777778,23.888888889
1,0.634,0.0543,0.259,0.259,0,0,0,0,0,0.467,0.29,17.777777778,23.888888889
0.847,0.63,0.0642,0.21,0.21,0,0,0,0,0,0,0.295,17.777777778,23.888888889
0.764,0.637,0.0964,0.24,0.24,0.424,0.417,0,0,0,0,0.232,17.777777778,23.888888889
0.639,0.627,0.0878,0.187,0.187,0.258,0.317,0,0,0,0.7,0.233,17.777777778,23.888888889
0.278,0.608,0.0428,0.097,0.097,0,0,0,0,0,0,0.217,24.166666667,24.166666667
0.278,0.609,0.0489,0.101,0.101,0,0,0,0,0,0,0.0665,24.166666667,24.166666667
0.333,0.614,0.0724,0.122,0.122,0,0,0,0,0,0,0.2,24.166666667,24.166666667
0.375,0.618,0.0963,0.137,0.137,0,0,0,0,0,0,0.325,24.166666667,24.166666667
0.333,0.628,0.116,0.149,0.149,0,0,0,0,0,0,0.133,24.166666667,24.166666667
0.333,0.656,0.164,0.19,0.19,0,0,0,0,0,0,0.0333,24.166666667,24.166666667
0.444,0.697,0.22,0.251,0.251,0,0,0,0,0,0.7,0.166,24.166666667,24.166666667
0.5,0.718,0.285,0.323,0.323,0,0,0,0,0,0,0.266,24.166666667,24.166666667
0.611,0.736,0.448,0.485,0.485,0,0,0,0,0,0,0.0665,24.166666667,24.166666667
0.819,0.752,0.68,0.756,0.756,0,0,0,0,0,0,0.133,24.166666667,24.166666667
0.833,0.686,0.541,0.701,0.701,0,0,0,0,0,0,0.126,24.166666667,24.166666667
0.833,0.638,0.324,0.45,0.45,0,0,0,0,0,0,0.173,24.166666667,24.166666667
0.833,0.606,0.135,0.19,0.19,0,0,0,0,0,0,0.27,24.166666667,24.166666667
0.833,0.597,0.0581,0.101,0.101,0,0,0,0,0,0,0.189,24.166666667,24.166666667
0.833,0.598,0.0218,0.0613,0.0613,0,0,0,0,0,0,0.0333,24.166666667,24.166666667
0.833,0.599,0.0184,0.0577,0.0577,0,0,0,0,0,0,0,17.777777778,23.888888889
0.903,0.598,0.0183,0.0577,0.0577,0,0,0,0,0,0,0.248,17.777777778,23.888888889
1,0.599,0.0184,0.0577,0.0577,0,0,0,0,0,0,0,17.777777778,23.888888889
1,0.599,0.0184,0.0577,0.0577,0,0,0,0,0,0,0,17.777777778,23.888888889
1,0.601,0.0208,0.0804,0.0804,0,0,0,0,0,0,0.234,17.777777778,23.888888889
0.819,0.609,0.0285,0.116,0.116,0,0,0,0,0,0,0.133,17.777777778,23.888888889
0.667,0.599,0.0184,0.0577,0.0577,0,0,0,0,0,0,0,17.777777778,23.888888889
0.514,0.627,0.0766,0.191,0.191,0,0,0,0,0,0,0.2,17.777777778,23.888888889
0.5,0.63,0.0942,0.199,0.199,0,0,0,0,0,0,0.0998,17.777777778,23.888888889
0.5,0.63,0.103,0.192,0.192,0,0,0,0,0,0,0.0998,24.166666667,24.166666667
0.528,0.632,0.117,0.198,0.198,0,0,0.645,0.917,0,0,0.2,24.166666667,24.166666667
0.514,0.631,0.13,0.191,0.191,0,0,0.444,0.367,0.633,0,0.2,24.166666667,24.166666667
0.5,0.636,0.169,0.212,0.212,0,0,0,0,0.85,0,0.133,24.166666667,24.166666667
0.569,0.669,0.254,0.277,0.277,0,0,0,0,0,0,0.2,24.166666667,24.166666667
0.403,0.666,0.194,0.217,0.217,0,0,0,0,0,0,0.19,24.166666667,24.166666667
0.514,0.712,0.252,0.281,0.281,0,0,0,0,0,0,0.438,24.166666667,24.166666667
0.667,0.758,0.374,0.411,0.411,0,0,0,0,0,0,0.333,24.166666667,24.166666667
0.625,0.74,0.456,0.493,0.493,0,0,0,0,0,0,0.637,24.166666667,24.166666667
0.667,0.728,0.574,0.644,0.644,0,0,0,0,0,0,0.084,24.166666667,24.166666667
0.694,0.689,0.562,0.728,0.728,0.413,0.417,0,0,0,0,0.0333,24.166666667,24.166666667
0.833,0.651,0.429,0.585,0.585,0.805,0.817,0,0,0,0,0,24.166666667,24.166666667
0.833,0.607,0.142,0.199,0.199,0.0967,0,0,0,0,0,0.0998,24.166666667,24.166666667
0.833,0.598,0.0379,0.0842,0.0842,0,0,0,0,0,0,0.364,24.166666667,24.166666667
0.944,0.598,0.0206,0.0633,0.0633,0,0,0,0,0,0,0,24.166666667,24.166666667
1,0.599,0.0164,0.0581,0.0581,0,0,0,0,0,0,0,17.777777778,23.888888889
1,0.599,0.0161,0.0577,0.0577,0,0,0,0,0,0,0,17.777777778,23.888888889
1,0.598,0.0174,0.0583,0.0583,0,0,0,0,0,0,0.44,17.777777778,23.888888889
0.972,0.597,0.0228,0.0872,0.0872,0,0,0,0,0,0,0.166,17.777777778,23.888888889
0.806,0.606,0.0299,0.15,0.15,0,0,0,0,0,0,0.37,17.777777778,23.888888889
0.597,0.617,0.034,0.163,0.163,0,0,0,0,0,0,0.443,17.777777778,23.888888889
0.5,0.611,0.0287,0.119,0.119,0,0,0,0,0,0,0.275,17.777777778,23.888888889
0.458,0.609,0.0286,0.106,0.106,0,0,0,0,0,0,0.501,17.777777778,23.888888889
0.347,0.614,0.0373,0.128,0.128,0,0,0,0,0,0,0.107,17.777777778,23.888888889
0.333,0.614,0.0399,0.125,0.125,0,0,0,0,0,0.417,0.0998,24.166666667,24.166666667
0.333,0.614,0.0414,0.122,0.122,0,0,0,0,0,0.75,0.0665,24.166666667,24.166666667
0.333,0.614,0.045,0.122,0.122,0,0,0,0,0,0,0.0665,24.166666667,24.166666667
0.222,0.604,0.0263,0.079,0.079,0,0,0,0,0,0,0.2,24.166666667,24.166666667
0.194,0.621,0.0541,0.127,0.127,0,0,0,0,0,0,0.2,24.166666667,24.166666667
0.278,0.646,0.0885,0.168,0.168,0,0,0,0,0,0.167,0.0941,24.166666667,24.166666667
0.389,0.684,0.142,0.226,0.226,0,0,0,0,0,0.0667,0.218,24.166666667,24.166666667
0.514,0.722,0.245,0.332,0.332,0,0,0,0,0,0,0.0998,24.166666667,24.166666667
0.667,0.749,0.431,0.523,0.523,0,0,0,0,0,0,0.0665,24.166666667,24.166666667
0.667,0.715,0.48,0.582,0.582,0,0,0,0,0,0,0.0665,24.166666667,24.166666667
0.806,0.678,0.476,0.648,0.648,0,0,0,0,0,0.467,0.0718,24.166666667,24.166666667
1,0.611,0.0949,0.164,0.164,0,0,0,0,0,0,0,24.166666667,24.166666667
1,0.599,0.0161,0.0577,0.0577,0,0,0,0,0,0,0,24.166666667,24.166666667
1,0.599,0.0161,0.0577,0.0577,0,0,0,0,0,0,0,24.166666667,24.166666667
1,0.599,0.0161,0.0577,0.0577,0,0,0,0,0,0,0,24.166666667,24.166666667
1,0.599,0.0161,0.0577,0.0577,0,0,0,0,0,0,0,17.777777778,23.888888889
1,0.599,0.0161,0.0577,0.0577,0,0,0,0,0,0,0,17.777777778,23.888888889
0.972,0.597,0.0196,0.0589,0.0589,0,0,0,0,0,0,0.229,17.777777778,23.888888889
0.681,0.598,0.0199,0.073,0.073,0,0,0,0,0,0,0.122,17.777777778,23.888888889
0.667,0.608,0.031,0.155,0.155,0,0,0,0,0,0,0.373,17.777777778,23.888888889
0.514,0.617,0.0334,0.158,0.158,0,0,0,0,0,0,0.319,17.777777778,23.888888889
0.5,0.63,0.0462,0.195,0.195,0,0,0,0,0,0,0.236,17.777777778,23.888888889
0.403,0.624,0.045,0.164,0.164,0,0,0,0,0,0,0.219,17.777777778,23.888888889
0.167,0.615,0.0371,0.122,0.122,0,0,0,0,0,0,0.0333,17.777777778,23.888888889
0.236,0.621,0.0496,0.145,0.145,0,0,0,0,0,0,0.0333,24.166666667,24.166666667
0.333,0.631,0.0663,0.176,0.176,0,0,0,0,0,0,0.0665,24.166666667,24.166666667
0.333,0.631,0.0733,0.174,0.174,0,0,0,0,0,0,0.2,24.166666667,24.166666667
0.444,0.641,0.0978,0.213,0.213,0,0,0,0,0,0,0.166,24.166666667,24.166666667
0.653,0.67,0.134,0.257,0.257,0,0,0,0,0,0.417,0.366,24.166666667,24.166666667
0.583,0.7,0.167,0.267,0.267,0.156,0.167,0,0,0,0.533,0.371,24.166666667,24.166666667
0.667,0.748,0.231,0.316,0.316,0.542,1,0.504,0.917,0,0,0.187,24.166666667,24.166666667
0.556,0.733,0.258,0.313,0.313,0.727,0.05,0.82,0.1,0.233,0,0.49,24.166666667,24.166666667
0.569,0.729,0.368,0.4,0.4,0.125,0,0,0,0,0,0.0333,24.166666667,24.166666667
0.667,0.73,0.531,0.572,0.572,0,0,0,0,0,0,0.0998,24.166666667,24.166666667
0.694,0.688,0.514,0.653,0.653,0,0,0,0,0,0,0.231,24.166666667,24.166666667
0.986,0.627,0.211,0.321,0.321,0,0,0,0,0,0,0.209,24.166666667,24.166666667
1,0.604,0.0714,0.13,0.13,0,0,0,0,0,0,0.0691,24.166666667,24.166666667
0.931,0.599,0.0241,0.0681,0.0681,0,0,0,0,0,0,0.267,24.166666667,24.166666667
0.986,0.599,0.0161,0.0577,0.0577,0,0,0,0,0,0,0,24.166666667,24.166666667
1,0.599,0.0161,0.0577,0.0577,0,0,0,0,0,0,0,17.777777778,23.888888889
1,0.599,0.0161,0.0577,0.0577,0,0,0,0,0,0,0,17.777777778,23.888888889
1,0.599,0.0161,0.0577,0.0577,0,0,0,0,0,0,0,17.777777778,23.888888889
1,0.598,0.02,0.0743,0.0743,0,0,0,0,0,0,0.275,17.777777778,23.888888889
0.931,0.614,0.043,0.231,0.231,0,0,0,0,0,0.417,0.271,17.777777778,23.888888889
0.681,0.624,0.0401,0.196,0.196,0,0,0,0,0,0.05,0.0998,17.777777778,23.888888889
0.597,0.638,0.0539,0.23,0.23,0,0,0,0,0,0,0.398,17.777777778,23.888888889
0.5,0.631,0.0528,0.191,0.191,0,0,0,0,0,0,0.0333,17.777777778,23.888888889
0.431,0.624,0.0492,0.16,0.16,0,0,0,0,0,0,0.21,17.777777778,23.888888889
0.333,0.615,0.0396,0.119,0.119,0,0,0,0,0,0,0.342,24.166666667,24.166666667
0.333,0.617,0.0454,0.126,0.126,0,0,0,0,0,0,0.212,24.166666667,24.166666667
0.333,0.631,0.0733,0.174,0.174,0,0,0,0,0,0,0.333,24.166666667,24.166666667
0.333,0.631,0.0773,0.174,0.174,0,0,0,0,0,0,0.133,24.166666667,24.166666667
0.333,0.641,0.085,0.174,0.174,0,0,0,0,0,0,0.2,24.166666667,24.166666667
0.236,0.639,0.0769,0.142,0.142,0,0,0,0,0,0,0.299,24.166666667,24.166666667
0.653,0.745,0.228,0.311,0.311,0,0,0,0,0,0.167,0.592,24.166666667,24.166666667
0.667,0.76,0.308,0.365,0.365,0,0,0,0,0,0.55,0.147,24.166666667,24.166666667
0.486,0.71,0.313,0.347,0.347,0,0,0,0,0,0,0.485,24.166666667,24.166666667
0.708,0.737,0.568,0.61,0.61,0.59,0.667,0,0,0,0.467,0.0739,24.166666667,24.166666667
0.833,0.701,0.586,0.739,0.739,0.0958,0.3,0,0,0,0,0.104,24.166666667,24.166666667
0.944,0.635,0.266,0.398,0.398,0.434,0.417,0,0,0,0,0.2,24.166666667,24.166666667
1,0.604,0.0841,0.146,0.146,0.487,0.8,0,0,0,0,0,24.166666667,24.166666667
1,0.599,0.0266,0.0714,0.0714,0.178,0,0,0,0,0,0.0333,24.166666667,24.166666667
1,0.599,0.0161,0.0577,0.0577,0,0,0,0,0,0,0,24.166666667,24.166666667
1,0.599,0.0161,0.0577,0.0577,0,0,0,0,0,0,0,17.777777778,23.888888889
1,0.599,0.0161,0.0577,0.0577,0,0,0,0,0,0,0,17.777777778,23.888888889
1,0.599,0.0161,0.0577,0.0577,0,0,0,0,0,0,0,17.777777778,23.888888889
0.778,0.599,0.0177,0.0646,0.0646,0,0,0,0,0,0,0.306,17.777777778,23.888888889
0.597,0.601,0.0204,0.0851,0.0851,0,0,0,0,0,0,0.165,17.777777778,23.888888889
0.431,0.611,0.0271,0.12,0.12,0,0,0,0,0,0.667,0.471,17.777777778,23.888888889
0.264,0.608,0.0247,0.0978,0.0978,0,0,0,0,0,0.533,0.133,17.777777778,23.888888889
0.167,0.599,0.0161,0.0577,0.0577,0,0,0,0,0,0,0,17.777777778,23.888888889
0.167,0.599,0.0161,0.0577,0.0577,0,0,0,0,0,0,0,17.777777778,23.888888889
0.167,0.599,0.0161,0.0577,0.0577,0,0,0,0,0,0,0,24.166666667,24.166666667
0.292,0.611,0.035,0.102,0.102,0,0,0,0,0,0,0.299,24.166666667,24.166666667
0.167,0.613,0.0426,0.111,0.111,0,0,0,0,0,0,0.466,24.166666667,24.166666667
0.167,0.615,0.0467,0.116,0.116,0,0,0,0,0,0,0.299,24.166666667,24.166666667
0.167,0.62,0.0506,0.116,0.116,0,0,0,0,0,0,0.233,24.166666667,24.166666667
0.458,0.68,0.136,0.222,0.222,0,0,0,0,0,0,0.266,24.166666667,24.166666667
0.583,0.729,0.204,0.283,0.283,0,0,0,0,0,0,0.133,24.166666667,24.166666667
0.667,0.723,0.239,0.294,0.294,0,0,0,0,0,0.233,0.0998,24.166666667,24.166666667
0.667,0.748,0.421,0.451,0.451,0.401,0.417,0,0,0,0.917,0.166,24.166666667,24.166666667
0.736,0.744,0.585,0.627,0.627,0.307,0.0667,0,0,0,0.283,0.195,24.166666667,24.166666667
0.861,0.699,0.576,0.727,0.727,0,0,0,0,0,0,0.0689,24.166666667,24.166666667
1,0.631,0.24,0.364,0.364,0,0,0,0,0,0,0.141,24.166666667,24.166666667
1,0.605,0.0928,0.158,0.158,0,0,0,0,0,0,0.0591,24.166666667,24.166666667
1,0.599,0.0186,0.0609,0.0609,0,0,0,0,0,0,0,24.166666667,24.166666667
1,0.599,0.0161,0.0577,0.0577,0,0,0,0,0,0,0,24.166666667,24.166666667
1,0.599,0.0161,0.0577,0.0577,0,0,0,0,0,0,0,17.777777778,23.888888889
1,0.599,0.0161,0.0577,0.0577,0,0,0,0,0,0,0,17.777777778,23.888888889
1,0.598,0.0173,0.0581,0.0581,0,0,0,0,0,0,0.0998,17.777777778,23.888888889
0.972,0.598,0.0234,0.0883,0.0883,0,0,0,0,0,0,0.345,17.777777778,23.888888889
0.764,0.608,0.0314,0.156,0.156,0,0,0,0,0,0,0.33,17.777777778,23.888888889
0.667,0.636,0.0505,0.255,0.255,0,0,0,0,0,0,0.241,17.777777778,23.888888889
0.667,0.66,0.0753,0.327,0.327,0.608,0.917,0,0,0,0,0.684,17.777777778,23.888888889
0.486,0.645,0.0693,0.253,0.253,0.159,0.3,0,0,0,0,0.483,17.777777778,23.888888889
0.333,0.631,0.0581,0.187,0.187,0,0,0,0,0,0.417,0.2,17.777777778,23.888888889
0.181,0.616,0.0414,0.124,0.124,0,0,0,0,0,0.783,0.233,24.166666667,24.166666667
0.167,0.615,0.0412,0.117,0.117,0,0,0,0,0,0,0.2,24.166666667,24.166666667
0.167,0.615,0.0447,0.116,0.116,0,0,0,0,0,0,0.0333,24.166666667,24.166666667
0.194,0.617,0.0518,0.125,0.125,0,0,0,0,0,0,0.0758,24.166666667,24.166666667
0.333,0.641,0.085,0.174,0.174,0.11,0.167,0,0,0,0,0.0741,24.166666667,24.166666667
0.486,0.684,0.143,0.232,0.232,0.47,0.317,0,0,0,0.167,0.133,24.166666667,24.166666667
0.347,0.676,0.127,0.192,0.192,0,0,0,0,0,0.3,0.2,24.166666667,24.166666667
0.514,0.724,0.243,0.296,0.296,0,0,0,0,0,0,0.0665,24.166666667,24.166666667
0.667,0.751,0.427,0.457,0.457,0.537,0.667,0,0,0,0,0.0665,24.166666667,24.166666667
0.667,0.73,0.531,0.572,0.572,0,0.55,0,0,0,0,0.0998,24.166666667,24.166666667
0.694,0.672,0.421,0.54,0.54,0,0,0,0,0,0,0.133,24.166666667,24.166666667
0.861,0.627,0.211,0.321,0.321,0,0,0,0,0,0,0,24.166666667,24.166666667
1,0.604,0.0714,0.13,0.13,0,0,0,0,0,0,0,24.166666667,24.166666667
1,0.599,0.0207,0.0609,0.0609,0,0,0,0,0,0,0,24.166666667,24.166666667
1,0.599,0.0184,0.0577,0.0577,0,0,0,0,0,0,0,24.166666667,24.166666667
1,0.599,0.0184,0.0577,0.0577,0,0,0,0,0,0,0,17.777777778,23.888888889
1,0.599,0.0184,0.0577,0.0577,0,0,0,0,0,0,0,17.777777778,23.888888889
1,0.599,0.0184,0.0577,0.0577,0,0,0,0,0,0,0,17.777777778,23.888888889
1,0.598,0.0203,0.073,0.073,0,0,0,0,0,0.233,0.0998,17.777777778,23.888888889
1,0.599,0.0185,0.0591,0.0591,0,0,0,0,0,0,0,17.777777778,23.888888889
1,0.611,0.03,0.12,0.12,0,0,0,0,0,0,0.232,17.777777778,23.888888889
0.861,0.63,0.0636,0.195,0.195,0,0,0,0,0,0,0.43,17.777777778,23.888888889
0.583,0.607,0.0334,0.0912,0.0912,0,0,0,0,0,0,0.0998,17.777777778,23.888888889
0.514,0.629,0.0909,0.181,0.181,0,0,0,0,0,0,0.232,17.777777778,23.888888889
0.5,0.637,0.12,0.206,0.206,0,0,0,0,0,0,0.502,24.166666667,24.166666667
0.5,0.646,0.154,0.235,0.235,0,0,0,0,0,0,0.247,24.166666667,24.166666667
0.5,0.646,0.179,0.232,0.232,0,0,0,0,0,0.417,0.347,24.166666667,24.166666667
0.5,0.646,0.203,0.232,0.232,0,0,0,0,0,0.3,0.0665,24.166666667,24.166666667
0.639,0.679,0.281,0.281,0.281,0,0,0,0,0,0,0.233,24.166666667,24.166666667
0.833,0.743,0.38,0.356,0.356,0,0,0,0,0,0,0.2,24.166666667,24.166666667
0.722,0.759,0.343,0.337,0.337,0,0,0,0,0,0,0.2,24.166666667,24.166666667
0.514,0.723,0.289,0.294,0.294,0,0,0,0,0,0.467,0.0998,24.166666667,24.166666667
0.5,0.713,0.366,0.357,0.357,0,0,0,0,0,0,0.252,24.166666667,24.166666667
0.569,0.711,0.49,0.498,0.498,0,0,0.0223,0.167,0,0,0.176,24.166666667,24.166666667
0.889,0.697,0.59,0.716,0.716,0,0,0.0413,0.85,0.15,0,0.579,24.166666667,24.166666667
1,0.648,0.385,0.522,0.522,0,0,0,0,1,0,0.0886,24.166666667,24.166666667
1,0.608,0.135,0.192,0.192,0,0,0,0,0.0833,0.417,0,24.166666667,24.166666667
1,0.598,0.0427,0.0846,0.0846,0,0,0,0,0,0.05,0,24.166666667,24.166666667
1,0.598,0.0241,0.0633,0.0633,0,0,0,0,0,0,0.299,24.166666667,24.166666667
1,0.599,0.0188,0.0581,0.0581,0,0,0,0,0,0,0.0333,17.777777778,23.888888889
1,0.599,0.0184,0.0577,0.0577,0,0,0,0,0,0,0,17.777777778,23.888888889
1,0.599,0.0184,0.0577,0.0577,0,0,0,0,0,0,0,17.777777778,23.888888889
1,0.598,0.0203,0.073,0.073,0,0,0,0,0,0,0.0998,17.777777778,23.888888889
1,0.608,0.0291,0.155,0.155,0,0,0,0,0,0,0.468,17.777777778,23.888888889
1,0.636,0.0544,0.255,0.255,0,0,0,0,0,0,0.268,17.777777778,23.888888889
0.847,0.66,0.106,0.327,0.327,0,0,0,0,0,0,0.294,17.777777778,23.888888889
0.681,0.648,0.113,0.264,0.264,0,0,0,0,0,0,0.312,17.777777778,23.888888889
0.667,0.646,0.131,0.251,0.251,0,0,0,0,0,0,0.321,17.777777778,23.888888889
0.667,0.646,0.144,0.242,0.242,0,0,0,0,0,0.233,0.174,24.166666667,24.166666667
0.667,0.646,0.154,0.235,0.235,0,0,0,0,0,0,0.166,24.166666667,24.166666667
0.778,0.657,0.215,0.271,0.271,0,0,0,0,0,0,0.166,24.166666667,24.166666667
0.833,0.662,0.265,0.29,0.29,0,0,0,0,0,0,0.216,24.166666667,24.166666667
0.833,0.702,0.355,0.345,0.345,0,0,0,0,0,0.917,0.253,24.166666667,24.166666667
0.944,0.763,0.429,0.396,0.396,0.642,0.667,0,0,0,0.0333,0.297,24.166666667,24.166666667
0.889,0.797,0.418,0.401,0.401,0.3,0.783,0,0,0,0.233,0.482,24.166666667,24.166666667
0.736,0.777,0.407,0.396,0.396,0,0,0,0,0,0,0.299,24.166666667,24.166666667
0.569,0.729,0.415,0.4,0.4,0,0,0,0,0,0.417,0.266,24.166666667,24.166666667
0.736,0.744,0.628,0.627,0.627,0,0,0,0,0,1,0.0998,24.166666667,24.166666667
0.833,0.71,0.666,0.802,0.802,0,0,0,0,0,0.5,0,24.166666667,24.166666667
0.833,0.655,0.439,0.59,0.59,0,0,0,0,0,0,0,24.166666667,24.166666667
0.833,0.607,0.116,0.172,0.172,0,0,0,0,0,0,0.201,24.166666667,24.166666667
0.833,0.598,0.0375,0.0846,0.0846,0,0,0,0,0,0,0.134,24.166666667,24.166666667
0.833,0.599,0.017,0.0589,0.0589,0,0,0,0,0,0,0,24.166666667,24.166666667
0.833,0.599,0.0161,0.0577,0.0577,0,0,0,0,0,0,0,17.777777778,23.888888889
0.833,0.599,0.0161,0.0577,0.0577,0,0,0,0,0,0,0,17.777777778,23.888888889
0.986,0.599,0.0161,0.0577,0.0577,0,0,0,0,0,0,0,17.777777778,23.888888889
1,0.598,0.0194,0.0716,0.0716,0,0,0,0,0,0.417,0.216,17.777777778,23.888888889
0.819,0.618,0.048,0.264,0.264,0,0,0,0,0,0.783,0.419,17.777777778,23.888888889
0.528,0.638,0.0528,0.269,0.269,0,0,0,0,0,0,0.448,17.777777778,23.888888889
0.417,0.638,0.0539,0.23,0.23,0,0,0,0,0,0,0.264,17.777777778,23.888888889
0.333,0.631,0.0528,0.191,0.191,0,0,0,0,0,0,0.199,17.777777778,23.888888889
0.333,0.631,0.0581,0.187,0.187,0,0,0,0,0,0,0.283,17.777777778,23.888888889
0.403,0.637,0.0731,0.206,0.206,0,0,0,0,0,0,0.442,24.166666667,24.166666667
0.319,0.629,0.0641,0.171,0.171,0,0,0,0,0,0,0.0665,24.166666667,24.166666667
0.167,0.615,0.0447,0.116,0.116,0,0,0,0,0,0,0.166,24.166666667,24.166666667
0.208,0.615,0.0467,0.116,0.116,0,0,0,0,0,0,0.133,24.166666667,24.166666667
0.125,0.614,0.0418,0.101,0.101,0,0,0,0,0,0,0.241,24.166666667,24.166666667
0.167,0.628,0.0593,0.117,0.117,0,0,0,0,0,0.417,0.166,24.166666667,24.166666667
0.347,0.677,0.129,0.192,0.192,0,0,0,0,0,0.05,0.366,24.166666667,24.166666667
0.569,0.737,0.266,0.321,0.321,0,0,0,0,0,0,0.0665,24.166666667,24.166666667
0.667,0.751,0.427,0.457,0.457,0,0,0,0,0,0,0.0665,24.166666667,24.166666667
0.819,0.719,0.487,0.529,0.529,0,0,0,0,0,0,0.49,24.166666667,24.166666667
0.833,0.643,0.265,0.355,0.355,0,0,0,0,0,0,0.192,24.166666667,24.166666667
0.833,0.621,0.172,0.271,0.271,0,0,0,0,0,0,0,24.166666667,24.166666667
0.833,0.604,0.0841,0.146,0.146,0,0,0,0,0,0,0.261,24.166666667,24.166666667
0.833,0.598,0.0339,0.081,0.081,0,0,0,0,0,0,0.133,24.166666667,24.166666667
0.833,0.599,0.018,0.0601,0.0601,0,0,0,0,0,0,0.0333,24.166666667,24.166666667
0.833,0.599,0.0161,0.0577,0.0577,0,0,0,0,0,0,0,17.777777778,23.888888889
0.833,0.599,0.0161,0.0577,0.0577,0,0,0,0,0,0,0,17.777777778,23.888888889
0.986,0.599,0.0161,0.0577,0.0577,0,0,0,0,0,0,0,17.777777778,23.888888889
1,0.598,0.0194,0.0716,0.0716,0,0,0,0,0,0,0.378,17.777777778,23.888888889
0.972,0.613,0.0407,0.217,0.217,0,0,0,0,0,0,0.37,17.777777778,23.888888889
0.833,0.636,0.0511,0.259,0.259,0,0,0.906,0.917,0,0,0.31,17.777777778,23.888888889
0.722,0.664,0.0791,0.344,0.344,0,0,0.569,0.1,0.9,0.917,0.499,17.777777778,23.888888889
0.514,0.648,0.0725,0.264,0.264,0,0,0.37,0,1,0.5,0.573,17.777777778,23.888888889
0.347,0.632,0.0596,0.192,0.192,0,0,0,0,1,0,0.24,17.777777778,23.888888889
0.264,0.624,0.0533,0.155,0.155,0,0,0,0,0.567,0,0.378,24.166666667,24.166666667
0.167,0.615,0.0412,0.117,0.117,0,0,0,0,0,0,0.416,24.166666667,24.166666667
0.0972,0.608,0.0326,0.0917,0.0917,0,0,0,0,0,0,0.112,24.166666667,24.166666667
0,0.599,0.0161,0.0577,0.0577,0,0,0,0,0,0,0,24.166666667,24.166666667
0.25,0.631,0.0683,0.145,0.145,0,0,0,0,0,0.417,0.2,24.166666667,24.166666667
0.611,0.705,0.175,0.277,0.277,0,0,0,0,0,0.3,0.466,24.166666667,24.166666667
0.889,0.798,0.304,0.402,0.402,0,0,0,0,0,0,0.203,24.166666667,24.166666667
0.694,0.767,0.317,0.376,0.376,0,0,0,0,0,0,0.286,24.166666667,24.166666667
0.667,0.751,0.427,0.457,0.457,0,0,0,0,0,0,0.2,24.166666667,24.166666667
0.667,0.73,0.531,0.572,0.572,0,0,0,0,0,0,0,24.166666667,24.166666667
0.667,0.688,0.514,0.653,0.653,0.468,0.417,0,0,0,0,0,24.166666667,24.166666667
0.694,0.644,0.328,0.483,0.483,0.389,0.3,0,0,0,0,0.25,24.166666667,24.166666667
0.944,0.608,0.127,0.202,0.202,0,0,0,0,0,0,0,24.166666667,24.166666667
0.931,0.599,0.0312,0.0774,0.0774,0,0,0,0,0,0,0,24.166666667,24.166666667
0.861,0.598,0.0212,0.0641,0.0641,0,0,0,0,0,0,0.0333,24.166666667,24.166666667
1,0.597,0.0179,0.0585,0.0585,0,0,0,0,0,0,0.107,17.777777778,23.888888889
0.847,0.599,0.0162,0.0577,0.0577,0,0,0,0,0,0,0,17.777777778,23.888888889
0.986,0.599,0.0161,0.0577,0.0577,0,0,0,0,0,0,0,17.777777778,23.888888889
1,0.599,0.0177,0.0646,0.0646,0,0,0,0,0,0,0.0704,17.777777778,23.888888889
1,0.617,0.047,0.259,0.259,0,0,0,0,0,0,0.511,17.777777778,23.888888889
0.917,0.666,0.0795,0.421,0.421,0,0,0,0,0,0,0.682,17.777777778,23.888888889
0.472,0.643,0.0587,0.253,0.253,0,0,0,0,0,0.233,0.175,17.777777778,23.888888889
0.264,0.624,0.045,0.164,0.164,0,0,0,0,0,0,0.0665,17.777777778,23.888888889
0.319,0.629,0.0565,0.181,0.181,0,0,0,0,0,0,0.386,17.777777778,23.888888889
0.333,0.631,0.0632,0.18,0.18,0,0,0,0,0,0,0.166,24.166666667,24.166666667
0.389,0.636,0.0748,0.195,0.195,0,0,0,0,0,0,0.166,24.166666667,24.166666667
0.375,0.634,0.08,0.189,0.189,0,0,0,0,0,0,0.165,24.166666667,24.166666667
0.167,0.615,0.0467,0.116,0.116,0,0,0,0,0,0,0.166,24.166666667,24.166666667
0.208,0.625,0.0593,0.131,0.131,0,0,0.229,0.167,0,0,0.166,24.166666667,24.166666667
0.347,0.66,0.107,0.182,0.182,0,0,0.027,0.85,0.15,0.667,0.0665,24.166666667,24.166666667
0.639,0.732,0.209,0.289,0.289,0,0,0,0,1,0.533,0.224,24.166666667,24.166666667
0.792,0.791,0.362,0.422,0.422,0,0,0.164,0,1,0.667,0.277,24.166666667,24.166666667
0.681,0.755,0.434,0.464,0.464,0,0,0.294,0,0.317,0.05,0.0665,24.166666667,24.166666667
0.667,0.73,0.531,0.572,0.572,0,0,0.536,0,0,0,0.0946,24.166666667,24.166666667
0.667,0.675,0.441,0.565,0.565,0,0,0.474,0,0,0,0.0998,24.166666667,24.166666667
0.736,0.626,0.203,0.313,0.313,0,0,0,0,0,0,0,24.166666667,24.166666667
0.875,0.607,0.113,0.184,0.184,0,0,0,0,0,0,0.0481,24.166666667,24.166666667
0.986,0.598,0.0366,0.0846,0.0846,0,0,0,0,0,0,0.191,24.166666667,24.166666667
1,0.598,0.0206,0.0633,0.0633,0,0,0,0,0,0,0.218,24.166666667,24.166666667
1,0.598,0.017,0.0581,0.0581,0,0,0,0,0,0,0.0333,17.777777778,23.888888889
1,0.599,0.0161,0.0577,0.0577,0,0,0,0,0,0,0.166,17.777777778,23.888888889
0.847,0.599,0.0161,0.0577,0.0577,0,0,0,0,0,0,0,17.777777778,23.888888889
0.833,0.599,0.0167,0.0605,0.0605,0,0,0,0,0,0,0.129,17.777777778,23.888888889
0.764,0.613,0.0403,0.215,0.215,0,0,0,0,0,0,0.291,17.777777778,23.888888889
0.417,0.616,0.0331,0.156,0.156,0,0,0,0,0,0,0.228,17.777777778,23.888888889
0.167,0.599,0.0161,0.0577,0.0577,0,0,0,0,0,0,0,17.777777778,23.888888889
0.167,0.599,0.0161,0.0577,0.0577,0,0,0,0,0,0,0,17.777777778,23.888888889
0.167,0.599,0.0161,0.0577,0.0577,0,0,0,0,0,0,0,17.777777778,23.888888889
0.167,0.605,0.026,0.0832,0.0832,0,0,0,0,0,0,0.0665,24.166666667,24.166666667
0.167,0.615,0.0412,0.117,0.117,0,0,0,0,0,0,0.166,24.166666667,24.166666667
0.319,0.629,0.0712,0.169,0.169,0,0,0,0,0,0,0.299,24.166666667,24.166666667
0.403,0.637,0.0901,0.198,0.198,0,0,0,0,0,0,0.233,24.166666667,24.166666667
0.569,0.67,0.134,0.257,0.257,0,0,0,0,0,0.417,0.288,24.166666667,24.166666667
0.667,0.714,0.189,0.297,0.297,0,0,0,0,0,1,0.166,24.166666667,24.166666667
0.694,0.754,0.24,0.326,0.326,0,0,0,0,0,0.5,0.0333,24.166666667,24.166666667
0.722,0.774,0.331,0.39,0.39,0,0,0,0,0,0,0.299,24.166666667,24.166666667
0.667,0.716,0.331,0.364,0.364,0,0,0,0,0,0,0.166,24.166666667,24.166666667
0.667,0.697,0.402,0.444,0.444,0,0,0,0,0,0,0.233,24.166666667,24.166666667
0.847,0.66,0.358,0.467,0.467,0,0,0,0,0,0,0,24.166666667,24.166666667
1,0.628,0.219,0.334,0.334,0,0,0,0,0,0,0.0333,24.166666667,24.166666667
1,0.602,0.0562,0.11,0.11,0,0,0,0,0,0,0.0333,24.166666667,24.166666667
1,0.598,0.0286,0.0742,0.0742,0,0,0,0,0,0,0,24.166666667,24.166666667
1,0.598,0.0206,0.0633,0.0633,0,0,0,0,0,0,0.166,24.166666667,24.166666667
1,0.599,0.0164,0.0581,0.0581,0,0,0,0,0,0,0,17.777777778,23.888888889
1,0.599,0.0161,0.0577,0.0577,0,0,0,0,0,0,0,17.777777778,23.888888889
1,0.598,0.0173,0.0581,0.0581,0,0,0,0,0,0,0.353,17.777777778,23.888888889
0.917,0.599,0.0178,0.0647,0.0647,0,0,0,0,0,0,0.0998,17.777777778,23.888888889
0.931,0.612,0.039,0.207,0.207,0.181,0.167,0,0,0,0.417,0.743,17.777777778,23.888888889
0.653,0.647,0.0615,0.319,0.319,0.714,1,0,0,0,0.05,0.394,17.777777778,23.888888889
0.431,0.639,0.0549,0.235,0.235,0.537,0.05,0,0,0,0,0.261,17.777777778,23.888888889
0.333,0.631,0.0528,0.191,0.191,0,0,0,0,0,0,0.0998,17.777777778,23.888888889
0.333,0.631,0.0581,0.187,0.187,0,0,0,0,0,0,0.0665,17.777777778,23.888888889
0.333,0.631,0.0632,0.18,0.18,0,0,0,0,0,0.917,0.299,24.166666667,24.166666667
0.333,0.631,0.0663,0.176,0.176,0,0,0.324,0.417,0,0.517,0.228,24.166666667,24.166666667
0.181,0.616,0.0468,0.121,0.121,0,0,0.779,0.6,0.4,0,0.233,24.166666667,24.166666667
0.153,0.613,0.0441,0.111,0.111,0,0,0.283,0,0.333,0.167,0,24.166666667,24.166666667
0.458,0.657,0.111,0.218,0.218,0,0,0,0,0,0.55,0.133,24.166666667,24.166666667
0.333,0.657,0.103,0.177,0.177,0,0,0,0,0,0,0.0998,24.166666667,24.166666667
0.361,0.68,0.133,0.197,0.197,0,0,0,0,0,0.167,0.428,24.166666667,24.166666667
0.5,0.72,0.235,0.288,0.288,0,0,0.0684,0.167,0,1,0.298,24.166666667,24.166666667
0.5,0.713,0.325,0.357,0.357,0,0,0.486,0.85,0.15,0.75,0,24.166666667,24.166666667
0.528,0.703,0.424,0.466,0.466,0,0,0,0,1,0,0,24.166666667,24.166666667
0.667,0.679,0.462,0.59,0.59,0,0,0,0,0.0833,0,0,24.166666667,24.166666667
0.778,0.631,0.238,0.36,0.36,0,0,0,0,0,0,0,24.166666667,24.166666667
0.833,0.604,0.0841,0.146,0.146,0,0,0,0,0,0,0,24.166666667,24.166666667
0.903,0.598,0.0528,0.0966,0.0966,0,0,0,0,0,0,0.0665,24.166666667,24.166666667
1,0.597,0.033,0.0721,0.0721,0,0,0,0,0,0,0,24.166666667,24.166666667
1,0.598,0.0213,0.0589,0.0589,0,0,0,0,0,0,0.0998,17.777777778,23.888888889
1,0.599,0.0184,0.0577,0.0577,0,0,0,0,0,0,0,17.777777778,23.888888889
1,0.599,0.0184,0.0577,0.0577,0,0,0,0,0,0,0,17.777777778,23.888888889
1,0.599,0.0184,0.0577,0.0577,0,0,0,0,0,0,0,17.777777778,23.888888889
0.889,0.602,0.0222,0.0924,0.0924,0,0,0,0,0,0,0.187,17.777777778,23.888888889
0.764,0.606,0.0252,0.0962,0.0962,0,0,0,0,0,0,0.242,17.777777778,23.888888889
0.667,0.599,0.0184,0.0577,0.0577,0,0,0,0,0,0,0,17.777777778,23.888888889
0.667,0.599,0.0184,0.0577,0.0577,0,0,0,0,0,0,0,17.777777778,23.888888889
0.667,0.628,0.0882,0.176,0.176,0,0,0.119,0.167,0,0,0.548,17.777777778,23.888888889
0.667,0.66,0.179,0.292,0.292,0,0,0.762,0.85,0.15,0,0.191,24.166666667,24.166666667
0.736,0.669,0.218,0.318,0.318,0,0,0.609,0,0.583,0,0.265,24.166666667,24.166666667
0.681,0.663,0.236,0.295,0.295,0,0,0.444,0,0,0,0.404,24.166666667,24.166666667
0.736,0.669,0.291,0.314,0.314,0,0,0.266,0,0,0,0.59,24.166666667,24.166666667
0.806,0.7,0.349,0.34,0.34,0,0,0,0,0,0,0.388,24.166666667,24.166666667
0.778,0.734,0.356,0.336,0.336,0,0,0,0,0,0,0.341,24.166666667,24.166666667
0.722,0.759,0.343,0.337,0.337,0,0,0,0,0,0.667,0.0665,24.166666667,24.166666667
0.667,0.76,0.371,0.365,0.365,0,0,0,0,0,1,0.333,24.166666667,24.166666667
0.667,0.751,0.482,0.457,0.457,0,0,0,0,0,1,0.0333,24.166666667,24.166666667
0.667,0.73,0.57,0.572,0.572,0.105,0.167,0.58,0.917,0,0.467,0.233,24.166666667,24.166666667
0.667,0.688,0.536,0.653,0.653,0.747,1,0.452,0.1,0.9,0,0.206,24.166666667,24.166666667
0.736,0.639,0.315,0.432,0.432,0.521,0.05,0.426,0,0.583,0,0.0333,24.166666667,24.166666667
0.833,0.606,0.109,0.163,0.163,0.629,0,0.407,0.667,0,0,0,24.166666667,24.166666667
0.833,0.598,0.0427,0.0846,0.0846,0.315,0,0.1,0.35,0.65,0,0.295,24.166666667,24.166666667
0.944,0.599,0.0207,0.0601,0.0601,0,0,0,0,0.583,0,0.108,24.166666667,24.166666667
1,0.599,0.0184,0.0577,0.0577,0,0,0,0,0,0,0,17.777777778,23.888888889
1,0.599,0.0184,0.0577,0.0577,0,0,0,0,0,0,0,17.777777778,23.888888889
1,0.599,0.0184,0.0577,0.0577,0,0,0,0,0,0,0,17.777777778,23.888888889
0.931,0.599,0.0187,0.0605,0.0605,0,0,0,0,0,0,0.0747,17.777777778,23.888888889
0.833,0.608,0.0291,0.155,0.155,0.642,0.667,0,0,0,0,0.232,17.777777778,23.888888889
0.833,0.636,0.0544,0.255,0.255,0,0.3,0,0,0,0,0.352,17.777777778,23.888888889
0.833,0.646,0.0849,0.264,0.264,0,0,0,0,0,0.917,0.168,17.777777778,23.888888889
0.597,0.653,0.124,0.286,0.286,0,0,0,0,0,0.517,0.0333,17.777777778,23.888888889
0.597,0.656,0.153,0.289,0.289,0,0,0,0,0,0,0.466,17.777777778,23.888888889
0.458,0.642,0.133,0.227,0.227,0,0,0,0,0,0,0.166,24.166666667,24.166666667
0.5,0.646,0.154,0.235,0.235,0,0,0,0,0,0,0.191,24.166666667,24.166666667
0.417,0.638,0.152,0.203,0.203,0,0,0,0,0,0,0.232,24.166666667,24.166666667
0.583,0.654,0.235,0.261,0.261,0,0,0,0,0,0,0.125,24.166666667,24.166666667
0.431,0.653,0.195,0.208,0.208,0,0,0,0,0,0,0.718,24.166666667,24.166666667
0.333,0.657,0.163,0.177,0.177,0,0,0,0,0,0,0.339,24.166666667,24.166666667
0.264,0.657,0.137,0.16,0.16,0,0,0,0,0,0,0.245,24.166666667,24.166666667
0.167,0.639,0.106,0.135,0.135,0,0,0,0,0,0,0.2,24.166666667,24.166666667
0.278,0.662,0.213,0.225,0.225,0,0,0,0,0,0,0.166,24.166666667,24.166666667
0.444,0.686,0.387,0.402,0.402,0,0,0,0,0,0.667,0,24.166666667,24.166666667
0.5,0.666,0.407,0.504,0.504,0,0,0,0,0,0.533,0.0602,24.166666667,24.166666667
0.5,0.626,0.217,0.309,0.309,0,0,0,0,0,0,0.0868,24.166666667,24.166666667
0.611,0.604,0.0897,0.139,0.139,0,0,0,0,0,0,0,24.166666667,24.166666667
0.667,0.599,0.0219,0.0645,0.0645,0,0,0,0,0,0,0.0943,24.166666667,24.166666667
0.667,0.599,0.0161,0.0577,0.0577,0,0,0,0,0,0,0,24.166666667,24.166666667
0.889,0.599,0.0163,0.0577,0.0577,0,0,0,0,0,0,0.194,17.777777778,23.888888889
1,0.599,0.0161,0.0577,0.0577,0,0,0,0,0,0,0,17.777777778,23.888888889
0.778,0.599,0.0168,0.0579,0.0579,0,0,0,0,0,0,0,17.777777778,23.888888889
0.667,0.599,0.0167,0.0605,0.0605,0,0,0,0,0,0,0.0922,17.777777778,23.888888889
0.667,0.603,0.0237,0.107,0.107,0,0,0,0,0,0,0.155,17.777777778,23.888888889
0.681,0.618,0.0338,0.159,0.159,0,0,0,0,0,0,0.208,17.777777778,23.888888889
0.347,0.607,0.0235,0.0921,0.0921,0,0,0,0,0,0,0.0665,17.777777778,23.888888889
0.306,0.627,0.0484,0.174,0.174,0,0,0,0,0,0,0.2,17.777777778,23.888888889
0.167,0.615,0.0371,0.122,0.122,0,0,0,0,0,0,0.333,17.777777778,23.888888889
0.167,0.615,0.0396,0.119,0.119,0,0,0,0,0,0,0.0998,24.166666667,24.166666667
0.319,0.615,0.0412,0.117,0.117,0,0,0,0,0,0,0.166,24.166666667,24.166666667
0.333,0.615,0.0447,0.116,0.116,0,0,0,0,0,0,0.233,24.166666667,24.166666667
0.333,0.615,0.0467,0.116,0.116,0,0,0,0,0,0,0.299,24.166666667,24.166666667
0.389,0.627,0.0622,0.136,0.136,0,0,0,0,0,0,0.198,24.166666667,24.166666667
0.667,0.698,0.164,0.262,0.262,0,0,0,0,0,0,0.157,24.166666667,24.166666667
0.667,0.748,0.231,0.316,0.316,0,0,0,0,0,0,0.166,24.166666667,24.166666667
0.667,0.76,0.308,0.365,0.365,0,0,0,0,0,0,0.127,24.166666667,24.166666667
0.569,0.729,0.366,0.398,0.398,0,0,0,0,0,0,0.236,24.166666667,24.166666667
0.681,0.704,0.42,0.461,0.461,0,0,0,0,0,0,0.0998,24.166666667,24.166666667
0.694,0.669,0.41,0.529,0.529,0,0,0,0,0,0,0.814,24.166666667,24.166666667
0.833,0.634,0.26,0.39,0.39,0,0,0,0,0,0,0.307,24.166666667,24.166666667
0.833,0.607,0.118,0.19,0.19,0,0,0,0,0,0,0.117,24.166666667,24.166666667
0.833,0.599,0.0337,0.0806,0.0806,0,0,0,0,0,0,0.366,24.166666667,24.166666667
0.833,0.598,0.0206,0.0633,0.0633,0,0,0,0,0,0,0.0333,24.166666667,24.166666667
0.833,0.598,0.017,0.0581,0.0581,0,0,0,0,0,0,0.0333,17.777777778,23.888888889
0.944,0.599,0.0161,0.0577,0.0577,0,0,0,0,0,0,0,17.777777778,23.888888889
1,0.599,0.0161,0.0577,0.0577,0,0,0,0,0,0,0,17.777777778,23.888888889
1,0.598,0.0233,0.0882,0.0882,0,0,0,0,0,0.233,0.2,17.777777778,23.888888889
0.972,0.613,0.0407,0.217,0.217,0,0,0,0,0,0.417,0.337,17.777777778,23.888888889
0.417,0.615,0.0321,0.151,0.151,0,0,0,0,0,1,0.459,17.777777778,23.888888889
0.306,0.612,0.0286,0.115,0.115,0,0,0,0,0,0.267,0.244,17.777777778,23.888888889
0.167,0.613,0.0332,0.119,0.119,0,0,0,0,0,0,0.266,17.777777778,23.888888889
0.167,0.615,0.0371,0.122,0.122,0,0,0,0,0,0,0.133,17.777777778,23.888888889
0.167,0.615,0.0396,0.119,0.119,0,0,0,0,0,0.717,0.133,24.166666667,24.166666667
0.167,0.615,0.0412,0.117,0.117,0,0,0,0,0,0,0.213,24.166666667,24.166666667
0.194,0.617,0.0495,0.126,0.126,0,0,0,0,0,0,0.2,24.166666667,24.166666667
0.333,0.631,0.0773,0.174,0.174,0,0,0,0,0,0,0.166,24.166666667,24.166666667
0.222,0.626,0.0618,0.135,0.135,0,0,0,0,0,0,0.0998,24.166666667,24.166666667
0.167,0.628,0.0593,0.117,0.117,0,0,0,0,0,0,0.2,24.166666667,24.166666667
0.167,0.636,0.0699,0.122,0.122,0,0,0,0,0,0,0.233,24.166666667,24.166666667
0.486,0.71,0.219,0.271,0.271,0,0,0.118,0.417,0,0,0.0998,24.166666667,24.166666667
0.833,0.786,0.524,0.55,0.55,0,0,0.779,0.85,0.15,0,0.126,24.166666667,24.166666667
0.833,0.763,0.659,0.701,0.701,0,0,0.548,0,0.0833,0,0.155,24.166666667,24.166666667
0.833,0.696,0.555,0.701,0.701,0,0,0.544,0,0,0,0.037,24.166666667,24.166666667
0.833,0.616,0.131,0.21,0.21,0,0,0.0922,0,0,0,0.0761,24.166666667,24.166666667
0.833,0.599,0.0161,0.0577,0.0577,0,0,0,0,0,0,0,24.166666667,24.166666667
0.833,0.599,0.0161,0.0577,0.0577,0,0,0,0,0,0,0,24.166666667,24.166666667
0.986,0.599,0.0171,0.0589,0.0589,0,0,0,0,0,0,0,24.166666667,24.166666667
1,0.599,0.0161,0.0577,0.0577,0,0,0,0,0,0,0,17.777777778,23.888888889
1,0.599,0.0161,0.0577,0.0577,0,0,0,0,0,0,0,17.777777778,23.888888889
1,0.599,0.0166,0.0579,0.0579,0,0,0,0,0,0,0.0998,17.777777778,23.888888889
1,0.598,0.0231,0.0869,0.0869,0,0,0,0,0,0.417,0.22,17.777777778,23.888888889
0.861,0.612,0.0397,0.209,0.209,0,0,0,0,0,0.783,0.903,17.777777778,23.888888889
0.556,0.627,0.0425,0.209,0.209,0,0,0,0,0,0,0.14,17.777777778,23.888888889
0.389,0.62,0.036,0.149,0.149,0,0,0,0,0,0,0.272,17.777777778,23.888888889
0.333,0.615,0.0344,0.125,0.125,0,0,0,0,0,0,0.293,17.777777778,23.888888889
0.333,0.629,0.0565,0.181,0.181,0,0,0.0143,0.167,0,0,0.153,17.777777778,23.888888889
0.181,0.616,0.0414,0.124,0.124,0,0,0.385,0.85,0.15,0,0.333,24.166666667,24.166666667
0.167,0.615,0.0412,0.117,0.117,0,0,0.814,0,0.333,0,0.133,24.166666667,24.166666667
0.167,0.615,0.0447,0.116,0.116,0,0,0.89,0,0,0,0,24.166666667,24.166666667
0.167,0.615,0.0467,0.116,0.116,0,0,0.248,0,0,0,0.266,24.166666667,24.166666667
0.167,0.62,0.0506,0.116,0.116,0,0,0.642,0,0,0,0.166,24.166666667,24.166666667
0.542,0.694,0.158,0.252,0.252,0,0,0.757,0,0,0,0.546,24.166666667,24.166666667
0.722,0.76,0.249,0.337,0.337,0,0,0.426,0,0,0.417,0.133,24.166666667,24.166666667
0.889,0.814,0.404,0.467,0.467,0,0,0,0,0,0.3,0.0333,24.166666667,24.166666667
0.833,0.773,0.486,0.514,0.514,0,0,0.0779,0.417,0,0,0.241,24.166666667,24.166666667
0.833,0.76,0.651,0.693,0.693,0,0,0.229,0.6,0.4,0,0.255,24.166666667,24.166666667
0.944,0.712,0.648,0.814,0.814,0,0,0.552,0,0.833,0,0.0464,24.166666667,24.166666667
1,0.621,0.162,0.253,0.253,0,0,0,0,0,0,0,24.166666667,24.166666667
0.931,0.601,0.0374,0.0856,0.0856,0,0,0,0,0,0,0,24.166666667,24.166666667
0.833,0.599,0.0161,0.0577,0.0577,0,0,0,0,0,0,0,24.166666667,24.166666667
0.944,0.598,0.0187,0.0609,0.0609,0,0,0,0,0,0,0.195,24.166666667,24.166666667
1,0.599,0.0166,0.0581,0.0581,0,0,0,0,0,0,0.191,17.777777778,23.888888889
1,0.599,0.0161,0.0577,0.0577,0,0,0,0,0,0,0,17.777777778,23.888888889
0.972,0.598,0.0171,0.058,0.058,0,0,0,0,0,0,0.426,17.777777778,23.888888889
0.833,0.599,0.0161,0.0577,0.0577,0,0,0,0,0,0,0,17.777777778,23.888888889
0.833,0.608,0.0307,0.153,0.153,0,0,0,0,0,0,0.803,17.777777778,23.888888889
0.736,0.633,0.0485,0.243,0.243,0,0,0,0,0,0.717,0.381,17.777777778,23.888888889
0.347,0.63,0.0462,0.195,0.195,0,0,0,0,0,0.717,0.207,17.777777778,23.888888889
0.375,0.634,0.0575,0.208,0.208,0,0,0,0,0,0,0.489,17.777777778,23.888888889
0.333,0.631,0.0581,0.187,0.187,0,0,0,0,0,0,0.659,17.777777778,23.888888889
0.333,0.631,0.0632,0.18,0.18,0,0,0,0,0,0,0.681,24.166666667,24.166666667
0.333,0.628,0.0621,0.166,0.166,0,0,0,0,0,0,0.117,24.166666667,24.166666667
0.181,0.6,0.0182,0.0626,0.0626,0,0,0,0,0,0,0,24.166666667,24.166666667
0.167,0.599,0.0161,0.0577,0.0577,0,0,0,0,0,0,0,24.166666667,24.166666667
0.167,0.618,0.048,0.111,0.111,0,0,0,0,0,0,0.133,24.166666667,24.166666667
0.319,0.655,0.0997,0.172,0.172,0,0,0,0,0,0.917,0.466,24.166666667,24.166666667
0.5,0.711,0.178,0.251,0.251,0,0,0,0,0,0.283,0.166,24.166666667,24.166666667
0.681,0.764,0.312,0.37,0.37,0,0,0,0,0,0,0.0333,24.166666667,24.166666667
0.667,0.751,0.427,0.457,0.457,0,0,0,0,0,0,0.333,24.166666667,24.166666667
0.667,0.7,0.411,0.452,0.452,0,0,0,0,0,0,0.159,24.166666667,24.166666667
0.667,0.643,0.255,0.341,0.341,0,0,0,0,0,0,0.0962,24.166666667,24.166666667
0.667,0.61,0.094,0.164,0.164,0,0,0,0,0,0,0,24.166666667,24.166666667
0.819,0.6,0.0222,0.0662,0.0662,0,0,0,0,0,0,0,24.166666667,24.166666667
0.833,0.599,0.0161,0.0577,0.0577,0,0,0,0,0,0,0,24.166666667,24.166666667
0.833,0.599,0.0161,0.0577,0.0577,0,0,0,0,0,0,0,24.166666667,24.166666667
0.833,0.599,0.0161,0.0577,0.0577,0,0,0,0,0,0,0,17.777777778,23.888888889
0.833,0.599,0.0161,0.0577,0.0577,0,0,0,0,0,0,0,17.777777778,23.888888889
0.986,0.599,0.0161,0.0577,0.0577,0,0,0,0,0,0,0,17.777777778,23.888888889
1,0.597,0.0259,0.0993,0.0993,0,0,0,0,0,0,0.555,17.777777778,23.888888889
0.847,0.608,0.0317,0.157,0.157,0,0,0,0,0,0,0.119,17.777777778,23.888888889
0.681,0.623,0.0384,0.186,0.186,0,0,0,0,0,0,0.158,17.777777778,23.888888889
0.75,0.66,0.0753,0.327,0.327,0,0,0,0,0,0,0.329,17.777777778,23.888888889
0.472,0.644,0.0678,0.247,0.247,0,0,0,0,0,0,0.193,17.777777778,23.888888889
0.5,0.646,0.0791,0.251,0.251,0,0,0,0,0,0,0.505,17.777777778,23.888888889
0.361,0.633,0.067,0.191,0.191,0,0,0,0,0,0,0.235,24.166666667,24.166666667
0.222,0.62,0.0496,0.136,0.136,0,0,0,0,0,0,0.135,24.166666667,24.166666667
0.139,0.612,0.0402,0.106,0.106,0,0,0,0,0,0,0.103,24.166666667,24.166666667
0.208,0.619,0.0542,0.13,0.13,0,0,0,0,0,0,0,24.166666667,24.166666667
0.597,0.674,0.14,0.267,0.267,0,0,0,0,0,0,0.0998,24.166666667,24.166666667
0.667,0.714,0.189,0.297,0.297,0,0,0,0,0,0,0.233,24.166666667,24.166666667
0.583,0.729,0.204,0.283,0.283,0,0,0,0,0,0.667,0.0998,24.166666667,24.166666667
0.736,0.76,0.308,0.365,0.365,0,0,0,0,0,1,0.0665,24.166666667,24.166666667
0.611,0.735,0.383,0.415,0.415,0,0,0,0,0,0.0167,0.166,24.166666667,24.166666667
0.611,0.705,0.435,0.476,0.476,0,0,0,0,0,0,0.321,24.166666667,24.166666667
0.819,0.657,0.338,0.441,0.441,0,0,0,0,0,0,0.328,24.166666667,24.166666667
0.903,0.61,0.092,0.16,0.16,0,0,0,0,0,0,0.049,24.166666667,24.166666667
1,0.599,0.0161,0.0577,0.0577,0,0,0,0,0,0,0,24.166666667,24.166666667
1,0.599,0.0182,0.0577,0.0577,0,0,0,0,0,0,0,24.166666667,24.166666667
1,0.599,0.0184,0.0577,0.0577,0,0,0,0,0,0,0,24.166666667,24.166666667
1,0.599,0.0184,0.0577,0.0577,0,0,0,0,0,0,0,17.777777778,23.888888889
1,0.599,0.0184,0.0577,0.0577,0,0,0,0,0,0,0,17.777777778,23.888888889
0.847,0.599,0.0184,0.0577,0.0577,0,0,0,0,0,0,0,17.777777778,23.888888889
0.833,0.599,0.0192,0.0646,0.0646,0,0,0,0,0,0,0.283,17.777777778,23.888888889
0.764,0.601,0.0214,0.0851,0.0851,0,0,0,0,0,0,0,17.777777778,23.888888889
0.514,0.599,0.0184,0.0577,0.0577,0,0,0,0,0,0,0,17.777777778,23.888888889
0.472,0.611,0.0356,0.109,0.109,0,0,0,0,0,0,0.0333,17.777777778,23.888888889
0.403,0.62,0.0604,0.147,0.147,0,0,0,0,0,0,0.0665,17.777777778,23.888888889
0.611,0.656,0.154,0.289,0.289,0,0,0,0,0,0,0.266,17.777777778,23.888888889
0.597,0.656,0.168,0.278,0.278,0,0,0,0,0,0,0.0665,24.166666667,24.166666667
0.5,0.646,0.154,0.235,0.235,0,0,0,0,0,0,0.133,24.166666667,24.166666667
0.5,0.646,0.179,0.232,0.232,0,0,0,0,0,0.167,0.364,24.166666667,24.166666667
0.569,0.653,0.229,0.256,0.256,0,0,0,0,0,0.55,0.218,24.166666667,24.166666667
0.639,0.679,0.281,0.281,0.281,0,0,0,0,0,0,0.133,24.166666667,24.166666667
0.5,0.686,0.235,0.237,0.237,0.439,0.417,0,0,0,0,0.333,24.166666667,24.166666667
0.5,0.71,0.243,0.251,0.251,0.633,1,0,0,0,0,0.0998,24.166666667,24.166666667
0.5,0.72,0.283,0.288,0.288,0.801,0.0333,0.175,0.417,0,0,0.166,24.166666667,24.166666667
0.5,0.713,0.366,0.357,0.357,0.577,0,0.35,0.85,0.15,0,0.133,24.166666667,24.166666667
0.528,0.703,0.455,0.466,0.466,0,0,0,0,0.0833,0,0.166,24.166666667,24.166666667
0.667,0.688,0.536,0.653,0.653,0,0,0,0,0,0,0,24.166666667,24.166666667
0.972,0.649,0.395,0.535,0.535,0,0,0,0,0,0,0.346,24.166666667,24.166666667
1,0.607,0.118,0.173,0.173,0,0,0,0,0,0,0,24.166666667,24.166666667
1,0.599,0.0242,0.0642,0.0642,0,0,0,0,0,0,0,24.166666667,24.166666667
1,0.599,0.0184,0.0577,0.0577,0,0,0,0,0,0,0,24.166666667,24.166666667
1,0.599,0.0184,0.0577,0.0577,0,0,0,0,0,0,0,17.777777778,23.888888889
1,0.599,0.0184,0.0577,0.0577,0,0,0,0,0,0,0,17.777777778,23.888888889
1,0.599,0.0184,0.0577,0.0577,0,0,0,0,0,0,0,17.777777778,23.888888889
1,0.599,0.0184,0.0577,0.0577,0,0,0,0,0,0,0,17.777777778,23.888888889
1,0.599,0.0184,0.0577,0.0577,0,0,0,0,0,0,0,17.777777778,23.888888889
1,0.616,0.0354,0.149,0.149,0,0,0,0,0,0,0.166,17.777777778,23.888888889
1,0.637,0.0723,0.224,0.224,0,0,0.256,0.167,0,0,0.2,17.777777778,23.888888889
0.972,0.673,0.163,0.369,0.369,0,0,0.771,0.85,0.15,0,0.215,17.777777778,23.888888889
0.764,0.67,0.188,0.348,0.348,0,0,0.502,0,0.583,0,0.312,17.777777778,23.888888889
0.625,0.658,0.175,0.288,0.288,0,0,0.418,0,0,0.417,0.421,24.166666667,24.166666667
0.667,0.662,0.199,0.294,0.294,0,0,0.477,0,0,0.05,0.189,24.166666667,24.166666667
0.667,0.662,0.233,0.29,0.29,0,0,0.238,0.417,0,0,0.243,24.166666667,24.166666667
0.667,0.662,0.265,0.29,0.29,0,0,0.777,0.6,0.4,0,0.367,24.166666667,24.166666667
0.667,0.679,0.281,0.281,0.281,0,0,0.595,0,1,0,0.161,24.166666667,24.166666667
0.667,0.686,0.235,0.237,0.237,0,0,0.482,0,0.817,0,0.2,24.166666667,24.166666667
0.625,0.701,0.225,0.235,0.235,0,0,0.588,0.917,0,0,0.166,24.166666667,24.166666667
0.667,0.72,0.283,0.288,0.288,0,0,0.366,0.1,0.9,0,0.0665,24.166666667,24.166666667
0.667,0.713,0.366,0.357,0.357,0,0,0.509,0,0.333,0,0.233,24.166666667,24.166666667
0.694,0.716,0.513,0.52,0.52,0,0,0.828,0,0,0,0.0665,24.166666667,24.166666667
0.722,0.676,0.462,0.564,0.564,0,0,0.498,0,0,0,0,24.166666667,24.166666667
0.778,0.633,0.271,0.377,0.377,0,0,0.723,0,0,0,0.22,24.166666667,24.166666667
0.833,0.607,0.134,0.19,0.19,0,0,0.431,0,0,0,0,24.166666667,24.166666667
0.833,0.598,0.045,0.0938,0.0938,0,0,0.576,0,0,0,0,24.166666667,24.166666667
0.917,0.598,0.0228,0.0661,0.0661,0,0,0.383,0,0,0,0.0553,24.166666667,24.166666667
0.986,0.599,0.0164,0.0577,0.0577,0,0,0,0,0,0,0.16,17.777777778,23.888888889
1,0.598,0.0159,0.0577,0.0577,0,0,0,0,0,0.917,0.173,17.777777778,23.888888889
1,0.599,0.0161,0.0577,0.0577,0,0,0,0,0,0.0333,0,17.777777778,23.888888889
1,0.598,0.0233,0.0882,0.0882,0,0,0,0,0,0,0.658,17.777777778,23.888888889
0.847,0.616,0.046,0.251,0.251,0,0,0,0,0,0.233,0.602,17.777777778,23.888888889
0.653,0.634,0.0498,0.252,0.252,0,0,0,0,0,0,0.291,17.777777778,23.888888889
0.5,0.645,0.0602,0.258,0.258,0,0,0,0,0,0,0.354,17.777777778,23.888888889
0.5,0.638,0.0619,0.225,0.225,0,0,0,0,0,0,0.233,17.777777778,23.888888889
0.389,0.636,0.0649,0.208,0.208,0,0,0,0,0,0,0,17.777777778,23.888888889
0.333,0.631,0.0632,0.18,0.18,0,0,0,0,0,0,0.0665,24.166666667,24.166666667
0.333,0.631,0.0663,0.176,0.176,0,0,0,0,0,0,0.233,24.166666667,24.166666667
0.333,0.631,0.0733,0.174,0.174,0,0,0,0,0,0,0.256,24.166666667,24.166666667
0.333,0.631,0.0773,0.174,0.174,0,0,0,0,0,0,0.0665,24.166666667,24.166666667
0.333,0.641,0.085,0.174,0.174,0,0,0,0,0,0,0.166,24.166666667,24.166666667
0.375,0.664,0.114,0.192,0.192,0,0,0,0,0,0.233,0.383,24.166666667,24.166666667
0.528,0.717,0.187,0.262,0.262,0,0,0,0,0,0,0.522,24.166666667,24.166666667
0.694,0.767,0.322,0.379,0.379,0,0,0,0,0,0,0.488,24.166666667,24.166666667
0.736,0.767,0.471,0.499,0.499,0,0,0,0,0,0.417,0.184,24.166666667,24.166666667
0.681,0.728,0.518,0.559,0.559,0,0,0,0,0,1,0.278,24.166666667,24.166666667
0.667,0.643,0.255,0.341,0.341,0,0,0,0,0,0.267,0.0491,24.166666667,24.166666667
0.736,0.612,0.106,0.181,0.181,0,0,0,0,0,0,0,24.166666667,24.166666667
0.833,0.602,0.0562,0.11,0.11,0,0,0,0,0,0,0,24.166666667,24.166666667
0.944,0.599,0.0241,0.0681,0.0681,0,0,0,0,0,0,0.166,24.166666667,24.166666667
1,0.599,0.0161,0.0577,0.0577,0,0,0,0,0,0,0,24.166666667,24.166666667
1,0.599,0.0162,0.0577,0.0577,0,0,0,0,0,0,0.121,17.777777778,23.888888889
1,0.598,0.016,0.0577,0.0577,0,0,0,0,0,0,0.0988,17.777777778,23.888888889
0.667,0.598,0.0173,0.0581,0.0581,0,0,0,0,0,0,0.189,17.777777778,23.888888889
0.5,0.597,0.025,0.0952,0.0952,0,0,0,0,0,0,0.402,17.777777778,23.888888889
0.5,0.612,0.039,0.205,0.205,0,0,0,0,0,0,0.324,17.777777778,23.888888889
0.347,0.624,0.0401,0.196,0.196,0,0,0,0,0,0,0.489,17.777777778,23.888888889
0.222,0.62,0.036,0.149,0.149,0,0,0.421,0.417,0,0,0.293,17.777777778,23.888888889
0.167,0.615,0.0344,0.125,0.125,0,0,0.394,0.85,0.15,0,0.0665,17.777777778,23.888888889
0.167,0.615,0.0371,0.122,0.122,0,0,0.655,0,0.0833,0,0.266,17.777777778,23.888888889
0.236,0.621,0.0496,0.145,0.145,0,0,0.521,0,0,0,0.166,24.166666667,24.166666667
0.333,0.631,0.0663,0.176,0.176,0,0,0,0,0,0,0.0998,24.166666667,24.166666667
0.333,0.631,0.0733,0.174,0.174,0,0,0,0,0,0,0.2,24.166666667,24.166666667
0.403,0.637,0.0901,0.198,0.198,0,0,0,0,0,0,0.178,24.166666667,24.166666667
0.542,0.667,0.128,0.247,0.247,0,0,0,0,0,0,0.0979,24.166666667,24.166666667
0.653,0.713,0.186,0.292,0.292,0,0,0,0,0,0.917,0.399,24.166666667,24.166666667
0.625,0.738,0.218,0.299,0.299,0,0,0,0,0,0.767,0.366,24.166666667,24.166666667
0.667,0.723,0.239,0.294,0.294,0,0,0,0,0,0,0.0333,24.166666667,24.166666667
0.667,0.748,0.421,0.451,0.451,0,0,0,0,0,0,0,24.166666667,24.166666667
0.667,0.73,0.531,0.572,0.572,0,0,0,0,0,0.467,0,24.166666667,24.166666667
0.819,0.707,0.627,0.791,0.791,0,0,0,0,0,0,0.117,24.166666667,24.166666667
0.833,0.649,0.363,0.53,0.53,0,0,0,0,0,0,0.101,24.166666667,24.166666667
0.681,0.604,0.07,0.129,0.129,0,0,0,0,0,0,0.177,24.166666667,24.166666667
0.847,0.599,0.0213,0.0645,0.0645,0,0,0,0,0,0,0.0333,24.166666667,24.166666667
1,0.599,0.0161,0.0577,0.0577,0,0,0,0,0,0,0,24.166666667,24.166666667
1,0.599,0.0161,0.0577,0.0577,0,0,0,0,0,0,0,17.777777778,23.888888889
1,0.599,0.0161,0.0577,0.0577,0,0,0,0,0,0,0,17.777777778,23.888888889
0.819,0.598,0.0171,0.058,0.058,0,0,0,0,0,0,0.49,17.777777778,23.888888889
0.597,0.598,0.0187,0.0688,0.0688,0,0,0,0,0,0,0.216,17.777777778,23.888888889
0.583,0.61,0.035,0.181,0.181,0,0,0,0,0,0,0.339,17.777777778,23.888888889
0.431,0.618,0.0344,0.163,0.163,0,0,0,0,0,0,0.127,17.777777778,23.888888889
0.333,0.621,0.0375,0.155,0.155,0,0,0,0,0,0,0.225,17.777777778,23.888888889
0.333,0.631,0.0528,0.191,0.191,0,0,0,0,0,0,0.425,17.777777778,23.888888889
0.264,0.624,0.0492,0.16,0.16,0,0,0,0,0,0,0.133,17.777777778,23.888888889
0.167,0.615,0.0396,0.119,0.119,0,0,0,0,0,0,0.0333,24.166666667,24.166666667
0.236,0.621,0.0517,0.141,0.141,0,0,0,0,0,0.233,0.0665,24.166666667,24.166666667
0.333,0.631,0.0733,0.174,0.174,0,0,0,0,0,0,0.133,24.166666667,24.166666667
0.333,0.631,0.0773,0.174,0.174,0,0,0.467,0.667,0,0,0.0665,24.166666667,24.166666667
0.333,0.641,0.085,0.174,0.174,0,0,0.617,0.35,0.233,0,0.0665,24.166666667,24.166666667
0.583,0.701,0.169,0.267,0.267,0,0,0.763,0,0,0.417,0.243,24.166666667,24.166666667
0.833,0.785,0.285,0.38,0.38,0,0,0.672,0,0,0.05,0.2,24.166666667,24.166666667
0.722,0.774,0.331,0.39,0.39,0,0,0.655,0,0,0,0.233,24.166666667,24.166666667
0.667,0.751,0.427,0.457,0.457,0,0,0.353,0,0,0,0.133,24.166666667,24.166666667
0.708,0.738,0.563,0.605,0.605,0,0,0.595,0,0,0,0.378,24.166666667,24.166666667
0.667,0.679,0.462,0.59,0.59,0,0,0.618,0,0,0,0.315,24.166666667,24.166666667
0.514,0.623,0.182,0.283,0.283,0,0,0.452,0,0,0,0,24.166666667,24.166666667
0.569,0.602,0.0562,0.11,0.11,0,0,0.59,0,0,0,0.0665,24.166666667,24.166666667
0.819,0.599,0.0268,0.0718,0.0718,0,0,0.439,0,0,0,0.0333,24.166666667,24.166666667
0.833,0.599,0.0161,0.0577,0.0577,0,0,0,0,0,0,0,24.166666667,24.166666667
0.833,0.599,0.0161,0.0577,0.0577,0,0,0,0,0,0,0,17.777777778,23.888888889
0.833,0.599,0.0161,0.0577,0.0577,0,0,0,0,0,0,0,17.777777778,23.888888889
0.986,0.598,0.0173,0.0581,0.0581,0,0,0,0,0,0,0.541,17.777777778,23.888888889
0.694,0.598,0.0198,0.073,0.073,0,0,0,0,0,0,0.446,17.777777778,23.888888889
0.639,0.607,0.0297,0.146,0.146,0,0,0,0,0,0,0.275,17.777777778,23.888888889
0.194,0.599,0.0167,0.062,0.062,0,0,0,0,0,0,0,17.777777778,23.888888889
0.167,0.602,0.0186,0.0692,0.0692,0,0,0.0922,0.167,0,0,0,17.777777778,23.888888889
0.167,0.615,0.0344,0.125,0.125,0,0,0,0.85,0.15,0,0.257,17.777777778,23.888888889
0.167,0.615,0.0371,0.122,0.122,0,0,0,0,0.333,0,0.108,17.777777778,23.888888889
0.167,0.611,0.0337,0.104,0.104,0,0,0,0,0,0,0.133,24.166666667,24.166666667
0.194,0.617,0.0454,0.126,0.126,0,0,0,0,0,0.717,0.0333,24.166666667,24.166666667
0.333,0.631,0.0733,0.174,0.174,0,0,0,0,0,0,0.233,24.166666667,24.166666667
0.375,0.634,0.085,0.188,0.188,0,0,0,0,0,0,0.206,24.166666667,24.166666667
0.333,0.641,0.085,0.174,0.174,0,0,0,0,0,0,0.387,24.166666667,24.166666667
0.264,0.644,0.0842,0.152,0.152,0,0,0,0,0,0.717,0.299,24.166666667,24.166666667
0.417,0.693,0.152,0.219,0.219,0,0,0,0,0,0,0.2,24.166666667,24.166666667
0.667,0.76,0.308,0.365,0.365,0,0,0,0,0,0,0.0998,24.166666667,24.166666667
0.667,0.751,0.427,0.457,0.457,0,0,0,0,0,0.917,0.0998,24.166666667,24.166666667
0.667,0.73,0.531,0.572,0.572,0,0,0,0,0,0.517,0.113,24.166666667,24.166666667
0.778,0.679,0.462,0.59,0.59,0,0,0,0,0,0,0.142,24.166666667,24.166666667
0.944,0.635,0.268,0.403,0.403,0,0,0,0,0,0,0.0333,24.166666667,24.166666667
1,0.605,0.0928,0.158,0.158,0,0,0,0,0,0,0,24.166666667,24.166666667
1,0.598,0.0286,0.0742,0.0742,0,0,0,0,0,0,0.2,24.166666667,24.166666667
1,0.599,0.017,0.0589,0.0589,0,0,0,0,0,0,0,24.166666667,24.166666667
1,0.599,0.0161,0.0577,0.0577,0,0,0,0,0,0,0,17.777777778,23.888888889
1,0.599,0.0161,0.0577,0.0577,0,0,0,0,0,0,0,17.777777778,23.888888889
1,0.599,0.0161,0.0577,0.0577,0,0,0,0,0,0,0,17.777777778,23.888888889
1,0.598,0.0184,0.0674,0.0674,0,0,0,0,0,0,0.237,17.777777778,23.888888889
0.972,0.607,0.03,0.147,0.147,0,0,0,0,0,0,0.359,17.777777778,23.888888889
0.764,0.63,0.0448,0.222,0.222,0,0,0,0,0,0.233,0.437,17.777777778,23.888888889
0.556,0.626,0.0424,0.178,0.178,0,0,0,0,0,0.417,0.11,17.777777778,23.888888889
0.5,0.645,0.0699,0.252,0.252,0,0,0,0,0,0.05,0.203,17.777777778,23.888888889
0.5,0.646,0.0791,0.251,0.251,0,0,0,0,0,0,0.564,17.777777778,23.888888889
0.431,0.633,0.067,0.191,0.191,0,0,0,0,0,0,0.186,24.166666667,24.166666667
0.333,0.629,0.0644,0.171,0.171,0,0,0,0,0,0,0.288,24.166666667,24.166666667
0.333,0.631,0.0733,0.174,0.174,0,0,0,0,0,0,0.138,24.166666667,24.166666667
0.417,0.638,0.0927,0.203,0.203,0,0,0,0,0,0.233,0.0665,24.166666667,24.166666667
0.181,0.621,0.0531,0.121,0.121,0,0,0,0,0,0,0.266,24.166666667,24.166666667
0.278,0.648,0.0887,0.157,0.157,0,0,0,0,0,0,0.143,24.166666667,24.166666667
0.486,0.708,0.174,0.246,0.246,0,0,0,0,0,0,0.441,24.166666667,24.166666667
0.569,0.737,0.266,0.321,0.321,0,0,0,0,0,0,0.408,24.166666667,24.166666667
0.514,0.716,0.331,0.364,0.364,0,0,0,0,0,0,0.15,24.166666667,24.166666667
0.5,0.697,0.402,0.444,0.444,0,0,0,0,0,0,0.183,24.166666667,24.166666667
0.792,0.671,0.42,0.542,0.542,0.66,0.667,0,0,0,0,0.304,24.166666667,24.166666667
1,0.623,0.182,0.283,0.283,0,0.3,0,0,0,0,0.105,24.166666667,24.166666667
1,0.602,0.0562,0.11,0.11,0,0,0,0,0,0,0,24.166666667,24.166666667
1,0.598,0.036,0.0778,0.0778,0,0,0,0,0,0,0,24.166666667,24.166666667
1,0.598,0.0241,0.0633,0.0633,0,0,0,0,0,0,0,24.166666667,24.166666667
1,0.598,0.02,0.0581,0.0581,0,0,0,0,0,0,0.2,17.777777778,23.888888889
1,0.599,0.0185,0.0577,0.0577,0,0,0,0,0,0,0,17.777777778,23.888888889
1,0.599,0.0184,0.0577,0.0577,0,0,0,0,0,0,0,17.777777778,23.888888889
1,0.599,0.0184,0.0577,0.0577,0,0,0,0,0,0,0,17.777777778,23.888888889
1,0.599,0.0184,0.0577,0.0577,0,0,0,0,0,0,0,17.777777778,23.888888889
1,0.623,0.0417,0.183,0.183,0,0,0,0,0,0,0.505,17.777777778,23.888888889
1,0.637,0.0723,0.224,0.224,0.389,0.417,0,0,0,0.417,0.344,17.777777778,23.888888889
1,0.646,0.111,0.258,0.258,0.781,1,0,0,0,0.783,0.179,17.777777778,23.888888889
0.847,0.661,0.166,0.31,0.31,0,0.0333,0.102,0.167,0,0.417,0.201,17.777777778,23.888888889
0.875,0.681,0.235,0.374,0.374,0,0,0.595,1,0,0.05,0.541,24.166666667,24.166666667
0.833,0.678,0.244,0.353,0.353,0,0,0.0827,0.1,0.9,0,0.217,24.166666667,24.166666667
0.681,0.663,0.236,0.295,0.295,0,0,0,0,0.583,0,0.424,24.166666667,24.166666667
0.639,0.66,0.255,0.28,0.28,0,0,0,0,0,0,0.205,24.166666667,24.166666667
0.5,0.661,0.224,0.233,0.233,0,0,0,0,0,0,0.159,24.166666667,24.166666667
0.528,0.691,0.248,0.247,0.247,0,0,0,0,0,0,0.16,24.166666667,24.166666667
0.819,0.773,0.369,0.359,0.359,0,0,0,0,0,0,0.335,24.166666667,24.166666667
0.611,0.747,0.34,0.338,0.338,0,0,0,0,0,0,0.0998,24.166666667,24.166666667
0.653,0.713,0.366,0.357,0.357,0,0,0,0,0,0,0.213,24.166666667,24.166666667
0.667,0.697,0.432,0.444,0.444,0.108,0.167,0,0,0,0,0.256,24.166666667,24.166666667
0.667,0.662,0.385,0.479,0.479,0.653,1,0,0,0,0,0.095,24.166666667,24.166666667
0.667,0.621,0.187,0.271,0.271,0,0.05,0,0,0,0,0.0978,24.166666667,24.166666667
0.764,0.604,0.0955,0.146,0.146,0,0,0,0,0,0,0.0821,24.166666667,24.166666667
1,0.598,0.0395,0.081,0.081,0,0,0,0,0,0,0,24.166666667,24.166666667
1,0.598,0.022,0.0613,0.0613,0,0,0,0,0,0,0,24.166666667,24.166666667
1,0.599,0.0184,0.0577,0.0577,0,0,0,0,0,0,0,17.777777778,23.888888889
1,0.599,0.0184,0.0577,0.0577,0,0,0,0,0,0,0,17.777777778,23.888888889
1,0.599,0.0184,0.0577,0.0577,0,0,0,0,0,0,0,17.777777778,23.888888889
1,0.599,0.0184,0.0577,0.0577,0,0,0,0,0,0,0,17.777777778,23.888888889
1,0.601,0.0208,0.0794,0.0794,0,0,0,0,0,0,0.133,17.777777778,23.888888889
0.972,0.609,0.0284,0.113,0.113,0,0,0,0,0,0,0.368,17.777777778,23.888888889
0.833,0.607,0.0299,0.0921,0.0921,0,0,0,0,0,0,0.133,17.777777778,23.888888889
0.722,0.632,0.084,0.197,0.197,0,0,0,0,0,0,0.477,17.777777778,23.888888889
0.736,0.652,0.144,0.272,0.272,0,0,0,0,0,0,0.329,17.777777778,23.888888889
0.833,0.662,0.186,0.303,0.303,0,0,0,0,0,0,0.166,24.166666667,24.166666667
0.681,0.662,0.199,0.294,0.294,0,0,0,0,0,0,0.179,24.166666667,24.166666667
0.694,0.665,0.242,0.3,0.3,0,0,0,0,0,0,0.2,24.166666667,24.166666667
0.722,0.667,0.285,0.309,0.309,0,0,0,0,0,0,0.44,24.166666667,24.166666667
0.597,0.673,0.263,0.267,0.267,0,0,0,0,0,0,0.0998,24.166666667,24.166666667
0.5,0.686,0.235,0.237,0.237,0,0,0,0,0,0,0.0998,24.166666667,24.166666667
0.347,0.676,0.174,0.192,0.192,0,0,0,0,0,0,0.319,24.166666667,24.166666667
0.333,0.68,0.194,0.211,0.211,0,0,0,0,0,0,0.133,24.166666667,24.166666667
0.417,0.694,0.309,0.308,0.308,0,0,0,0,0,0,0.0333,24.166666667,24.166666667
0.333,0.664,0.294,0.315,0.315,0,0,0,0,0,0,0,24.166666667,24.166666667
0.403,0.652,0.331,0.418,0.418,0,0,0,0,0,0,0.186,24.166666667,24.166666667
0.5,0.623,0.197,0.283,0.283,0,0,0,0,0,0,0.0665,24.166666667,24.166666667
0.597,0.604,0.0868,0.136,0.136,0,0,0,0,0,0,0.211,24.166666667,24.166666667
0.833,0.599,0.0221,0.0642,0.0642,0,0,0,0,0,0,0,24.166666667,24.166666667
0.833,0.599,0.0161,0.0577,0.0577,0,0,0,0,0,0,0,24.166666667,24.166666667
0.833,0.599,0.0161,0.0577,0.0577,0,0,0,0,0,0,0,17.777777778,23.888888889
0.833,0.599,0.0161,0.0577,0.0577,0,0,0,0,0,0,0,17.777777778,23.888888889
0.986,0.598,0.0173,0.0581,0.0581,0,0,0,0,0,0,0.188,17.777777778,23.888888889
0.944,0.598,0.0221,0.0827,0.0827,0,0,0,0,0,0,0.187,17.777777778,23.888888889
0.667,0.606,0.0287,0.14,0.14,0,0,0,0,0,0,0.379,17.777777778,23.888888889
0.514,0.612,0.0284,0.129,0.129,0,0,0,0,0,0,0.167,17.777777778,23.888888889
0.5,0.629,0.0452,0.19,0.19,0,0,0,0,0,0.233,0.2,17.777777778,23.888888889
0.5,0.645,0.0699,0.252,0.252,0,0,0,0,0,0,0,17.777777778,23.888888889
0.5,0.646,0.0791,0.251,0.251,0,0,0,0,0,0,0.0665,17.777777778,23.888888889
0.5,0.646,0.0868,0.242,0.242,0,0,0,0,0,0,0.201,24.166666667,24.166666667
0.583,0.64,0.081,0.21,0.21,0,0,0,0,0,0,0.166,24.166666667,24.166666667
0.431,0.624,0.0613,0.15,0.15,0,0,0,0,0,0,0.2,24.166666667,24.166666667
0.486,0.627,0.0698,0.159,0.159,0,0,0,0,0,0,0.415,24.166666667,24.166666667
0.5,0.639,0.0825,0.17,0.17,0,0,0,0,0,0,0.0905,24.166666667,24.166666667
0.486,0.654,0.0989,0.172,0.172,0,0,0,0,0,0,0.233,24.166666667,24.166666667
0.667,0.745,0.228,0.311,0.311,0,0,0,0,0,0,0.299,24.166666667,24.166666667
0.597,0.743,0.277,0.333,0.333,0.39,0.417,0,0,0,0.417,0.2,24.166666667,24.166666667
0.5,0.713,0.325,0.357,0.357,0.522,0.8,0,0,0,0.05,0.0998,24.166666667,24.166666667
0.681,0.732,0.544,0.586,0.586,0.602,0,0,0,0,0,0,24.166666667,24.166666667
0.833,0.71,0.638,0.802,0.802,0.754,0,0,0,0,0,0.169,24.166666667,24.166666667
0.833,0.644,0.326,0.479,0.479,0.761,0,0,0,0,0,0.0333,24.166666667,24.166666667
0.903,0.606,0.103,0.171,0.171,0.655,0,0,0,0,0,0.051,24.166666667,24.166666667
1,0.598,0.0519,0.105,0.105,0.615,0,0,0,0,0.667,0.133,24.166666667,24.166666667
1,0.599,0.0189,0.0613,0.0613,0,0,0,0,0,0.05,0.0998,24.166666667,24.166666667
1,0.599,0.0161,0.0577,0.0577,0,0,0,0,0,0,0,17.777777778,23.888888889
1,0.599,0.0161,0.0577,0.0577,0,0,0,0,0,0,0,17.777777778,23.888888889
1,0.598,0.0173,0.0581,0.0581,0,0,0,0,0,0,0.308,17.777777778,23.888888889
1,0.598,0.0198,0.073,0.073,0,0,0,0,0,0,0.2,17.777777778,23.888888889
0.972,0.611,0.0364,0.189,0.189,0,0,0,0,0,0,0.466,17.777777778,23.888888889
0.653,0.627,0.0431,0.213,0.213,0,0,0,0,0,0,0.211,17.777777778,23.888888889
0.472,0.627,0.0436,0.184,0.184,0,0,0,0,0,0,0.265,17.777777778,23.888888889
0.333,0.629,0.0515,0.186,0.186,0,0,0,0,0,0,0.124,17.777777778,23.888888889
0.333,0.631,0.0581,0.187,0.187,0,0,0,0,0,0,0.29,17.777777778,23.888888889
0.333,0.631,0.0632,0.18,0.18,0,0,0,0,0,0.167,0.167,24.166666667,24.166666667
0.264,0.624,0.0558,0.151,0.151,0,0,0,0,0,0.783,0.468,24.166666667,24.166666667
0.319,0.629,0.0712,0.169,0.169,0,0,0,0,0,0,0.266,24.166666667,24.166666667
0.458,0.642,0.1,0.217,0.217,0,0,0,0,0,0,0.306,24.166666667,24.166666667
0.486,0.641,0.085,0.174,0.174,0,0,0,0,0,0,0.163,24.166666667,24.166666667
0.389,0.664,0.114,0.192,0.192,0.208,0.167,0,0,0,0.917,0.384,24.166666667,24.166666667
0.639,0.743,0.224,0.306,0.306,0.618,1,0,0,0,0.767,0.223,24.166666667,24.166666667
0.556,0.733,0.258,0.313,0.313,0.165,0.45,0.105,0.167,0,0,0.0998,24.166666667,24.166666667
0.431,0.697,0.281,0.315,0.315,0.608,0.317,0.0509,0.85,0.15,0,0.121,24.166666667,24.166666667
0.333,0.664,0.273,0.315,0.315,0,0,0,0,0.333,0,0.1,24.166666667,24.166666667
0.486,0.643,0.265,0.355,0.355,0,0,0,0,0,0,0.168,24.166666667,24.166666667
0.5,0.613,0.11,0.185,0.185,0,0,0,0,0,0,0.0875,24.166666667,24.166666667
0.5,0.599,0.0161,0.0577,0.0577,0,0,0,0,0,0,0,24.166666667,24.166666667
0.722,0.599,0.0161,0.0577,0.0577,0,0,0,0,0,0,0,24.166666667,24.166666667
0.833,0.599,0.0161,0.0577,0.0577,0,0,0,0,0,0,0,24.166666667,24.166666667
0.833,0.599,0.0161,0.0577,0.0577,0,0,0,0,0,0,0,17.777777778,23.888888889
0.833,0.599,0.0161,0.0577,0.0577,0,0,0,0,0,0,0,17.777777778,23.888888889
0.986,0.599,0.0161,0.0577,0.0577,0,0,0,0,0,0,0,17.777777778,23.888888889
0.847,0.599,0.0161,0.0577,0.0577,0,0,0,0,0,0,0,17.777777778,23.888888889
0.681,0.599,0.0161,0.0577,0.0577,0,0,0,0,0,0,0,17.777777778,23.888888889
0.667,0.613,0.0291,0.132,0.132,0,0,0,0,0,0,0.204,17.777777778,23.888888889
0.486,0.642,0.0577,0.247,0.247,0,0,0,0,0,0,0.486,17.777777778,23.888888889
0.361,0.633,0.0559,0.202,0.202,0,0,0,0,0,0,0.186,17.777777778,23.888888889
0.25,0.623,0.0473,0.155,0.155,0,0,0,0,0,0,0.841,17.777777778,23.888888889
0.0833,0.607,0.028,0.0883,0.0883,0,0,0,0,0,0,0.0665,24.166666667,24.166666667
0,0.599,0.0161,0.0577,0.0577,0,0,0,0,0,0,0,24.166666667,24.166666667
0.0694,0.605,0.0281,0.0819,0.0819,0,0,0,0,0,0,0.0665,24.166666667,24.166666667
0.167,0.615,0.0467,0.116,0.116,0,0,0,0,0,0,0.133,24.166666667,24.166666667
0.167,0.62,0.0506,0.116,0.116,0,0,0,0,0,0.467,0.2,24.166666667,24.166666667
0.347,0.66,0.107,0.182,0.182,0,0,0,0,0,0,0.266,24.166666667,24.166666667
0.611,0.736,0.214,0.294,0.294,0,0,0.37,0.667,0,0,0.41,24.166666667,24.166666667
0.597,0.743,0.277,0.333,0.333,0,0,0.518,0.35,0.65,0,0.466,24.166666667,24.166666667
0.472,0.707,0.307,0.34,0.34,0,0,0.216,0,0.583,0,0.0665,24.166666667,24.166666667
0.333,0.664,0.273,0.315,0.315,0,0,0,0,0,0,0.0998,24.166666667,24.166666667
0.667,0.666,0.399,0.518,0.518,0,0,0,0,0,0,0.0627,24.166666667,24.166666667
0.986,0.633,0.248,0.372,0.372,0,0,0,0,0,0,0.192,24.166666667,24.166666667
0.931,0.602,0.0436,0.0942,0.0942,0,0,0,0,0,0,0,24.166666667,24.166666667
0.833,0.599,0.0161,0.0577,0.0577,0,0,0,0,0,0,0,24.166666667,24.166666667
0.833,0.599,0.0161,0.0577,0.0577,0,0,0,0,0,0,0,24.166666667,24.166666667
0.861,0.599,0.0161,0.0577,0.0577,0,0,0,0,0,0,0,17.777777778,23.888888889
1,0.599,0.0161,0.0577,0.0577,0,0,0,0,0,0,0,17.777777778,23.888888889
1,0.598,0.0173,0.0581,0.0581,0,0,0,0,0,0,0.133,17.777777778,23.888888889
1,0.598,0.0214,0.0799,0.0799,0,0,0,0,0,0.417,0.0333,17.777777778,23.888888889
0.792,0.617,0.0467,0.256,0.256,0,0,0,0,0,0.3,0.385,17.777777778,23.888888889
0.5,0.636,0.0511,0.259,0.259,0,0,0,0,0,0.917,0.425,17.777777778,23.888888889
0.472,0.643,0.0587,0.253,0.253,0,0,0,0,0,0.517,0.192,17.777777778,23.888888889
0.333,0.631,0.0528,0.191,0.191,0,0,0,0,0,0,0.219,17.777777778,23.888888889
0.306,0.628,0.0545,0.176,0.176,0,0,0,0,0,0,0.0914,17.777777778,23.888888889
0.167,0.615,0.0396,0.119,0.119,0,0,0,0,0,0,0.166,24.166666667,24.166666667
0.125,0.611,0.0349,0.102,0.102,0,0,0,0,0,0,0.0998,24.166666667,24.166666667
0.278,0.625,0.064,0.155,0.155,0,0,0,0,0,0,0.333,24.166666667,24.166666667
0.264,0.624,0.0645,0.15,0.15,0,0,0,0,0,0,0.133,24.166666667,24.166666667
0.167,0.62,0.0506,0.116,0.116,0.629,0.483,0,0,0,0,0.0998,24.166666667,24.166666667
0.278,0.648,0.0887,0.157,0.157,0,0,0,0,0,0,0.21,24.166666667,24.166666667
0.319,0.67,0.119,0.181,0.181,0,0,0,0,0,0,0.0333,24.166666667,24.166666667
0.653,0.757,0.303,0.36,0.36,0,0,0,0,0,0.467,0.0998,24.166666667,24.166666667
0.583,0.732,0.375,0.406,0.406,0,0,0.345,0.917,0,0,0.0998,24.166666667,24.166666667
0.694,0.73,0.531,0.572,0.572,0,0,0.507,0.1,0.9,0,0,24.166666667,24.166666667
0.903,0.674,0.431,0.553,0.553,0,0,0.431,0,0.333,0.417,0,24.166666667,24.166666667
1,0.628,0.219,0.334,0.334,0,0,0.475,0,0,1,0.133,24.166666667,24.166666667
1,0.601,0.036,0.0845,0.0845,0,0,0,0,0,0.0167,0,24.166666667,24.166666667
1,0.599,0.0161,0.0577,0.0577,0,0,0,0,0,0,0,24.166666667,24.166666667
1,0.599,0.0161,0.0577,0.0577,0,0,0,0,0,0,0,24.166666667,24.166666667
1,0.599,0.0161,0.0577,0.0577,0,0,0,0,0,0,0,17.777777778,23.888888889
1,0.599,0.0161,0.0577,0.0577,0,0,0,0,0,0,0,17.777777778,23.888888889
0.847,0.599,0.0161,0.0577,0.0577,0,0,0,0,0,0,0,17.777777778,23.888888889
0.833,0.58,0.0206,0.0749,0.0749,0,0,0,0,0,0,0.126,17.777777778,23.888888889
0.806,0.552,0.0459,0.236,0.236,0,0,0,0,0,0,0.64,17.777777778,23.888888889
0.611,0.582,0.0484,0.23,0.23,0,0,0,0,0,0,0.551,17.777777778,23.888888889
0.333,0.595,0.0317,0.123,0.123,0,0,0,0,0,0,0.392,17.777777778,23.888888889
0.264,0.594,0.0448,0.151,0.151,0,0,0,0,0,0,0.311,17.777777778,23.888888889
0.278,0.593,0.0525,0.158,0.158,0,0,0.364,0.667,0,0,0.166,17.777777778,23.888888889
0.333,0.592,0.065,0.172,0.172,0,0,0.741,0.333,0.667,0,0.0998,24.166666667,24.166666667
0.333,0.592,0.0682,0.167,0.167,0,0,0.757,0,0.533,0.667,0.0665,24.166666667,24.166666667
0.333,0.592,0.0754,0.166,0.166,0,0,0.45,0,0,0.267,0.166,24.166666667,24.166666667
0.361,0.591,0.0848,0.175,0.175,0,0,0.704,0,0,0,0.2,24.166666667,24.166666667
0.639,0.601,0.138,0.243,0.243,0,0,0.65,0,0,0,0.0998,24.166666667,24.166666667
0.792,0.626,0.184,0.266,0.266,0,0,0.307,0,0,0,0.133,24.166666667,24.166666667
0.681,0.656,0.239,0.296,0.296,0.512,0.417,0.515,0,0,0,0.366,24.166666667,24.166666667
0.736,0.674,0.35,0.366,0.366,0.344,0.05,0.413,0,0,0,0.233,24.166666667,24.166666667
0.833,0.674,0.548,0.504,0.504,0.515,0.467,0.663,0,0,0,0.0998,24.166666667,24.166666667
0.833,0.648,0.625,0.586,0.586,0.731,0,0.448,0,0,0,0.0665,24.166666667,24.166666667
0.903,0.605,0.328,0.386,0.386,0.172,0,0,0,0,0,0.0333,24.166666667,24.166666667
1,0.595,0.0756,0.13,0.13,0,0,0,0,0,0,0,24.166666667,24.166666667
1,0.599,0.0161,0.0577,0.0577,0,0,0,0,0,0,0,24.166666667,24.166666667
1,0.599,0.0182,0.0577,0.0577,0,0,0,0,0,0,0,24.166666667,24.166666667
1,0.599,0.0184,0.0577,0.0577,0,0,0,0,0,0,0,24.166666667,24.166666667
1,0.599,0.0184,0.0577,0.0577,0,0,0,0,0,0,0,17.777777778,23.888888889
1,0.599,0.0184,0.0577,0.0577,0,0,0,0,0,0,0,17.777777778,23.888888889
1,0.583,0.0194,0.058,0.058,0,0,0,0,0,0,0.0998,17.777777778,23.888888889
1,0.582,0.0205,0.0723,0.0723,0,0,0,0,0,0,0.233,17.777777778,23.888888889
0.847,0.589,0.0226,0.0925,0.0925,0,0,0,0,0,0.233,0.103,17.777777778,23.888888889
0.833,0.59,0.0366,0.15,0.15,0,0,0,0,0,0,0.356,17.777777778,23.888888889
0.833,0.593,0.0525,0.156,0.156,0,0,0,0,0,0,0.377,17.777777778,23.888888889
0.833,0.588,0.12,0.256,0.256,0,0,0,0,0,0,0.166,17.777777778,23.888888889
0.694,0.59,0.112,0.203,0.203,0.716,0.467,0,0,0,0,0.421,17.777777778,23.888888889
0.389,0.591,0.113,0.181,0.181,0,0,0,0,0,0,0.185,24.166666667,24.166666667
0.333,0.592,0.112,0.167,0.167,0,0,0,0,0,0.417,0.283,24.166666667,24.166666667
0.333,0.592,0.129,0.166,0.166,0,0,0,0,0,0.767,0.229,24.166666667,24.166666667
0.333,0.592,0.146,0.166,0.166,0,0,0,0,0,0,0.402,24.166666667,24.166666667
0.333,0.6,0.13,0.144,0.144,0,0,0,0,0,0,0.133,24.166666667,24.166666667
0.444,0.612,0.143,0.15,0.15,0,0,0,0,0,0.467,0.0998,24.166666667,24.166666667
0.653,0.655,0.316,0.286,0.286,0,0,0,0,0,0,0.159,24.166666667,24.166666667
0.597,0.659,0.344,0.307,0.307,0,0,0.0556,0.417,0,0,0.0333,24.166666667,24.166666667
0.5,0.644,0.378,0.326,0.326,0,0,0.409,0.583,0.417,0,0.0333,24.166666667,24.166666667
0.653,0.64,0.578,0.512,0.512,0.425,0.417,0.507,0,0.55,0,0.0333,24.166666667,24.166666667
0.819,0.607,0.676,0.734,0.734,0.401,0.05,0.66,0,0,0,0.192,24.166666667,24.166666667
0.833,0.567,0.405,0.513,0.513,0,0,0.874,0,0,0,0.0125,24.166666667,24.166666667
0.833,0.556,0.138,0.189,0.189,0,0,0.1,0,0,0,0.262,24.166666667,24.166666667
0.833,0.565,0.0513,0.0926,0.0926,0,0,0,0,0,0,0.117,24.166666667,24.166666667
0.833,0.599,0.0184,0.0577,0.0577,0,0,0,0,0,0,0.222,24.166666667,24.166666667
0.833,0.599,0.0184,0.0577,0.0577,0,0,0,0,0,0,0,17.777777778,23.888888889
0.833,0.599,0.0184,0.0577,0.0577,0,0,0,0,0,0,0,17.777777778,23.888888889
0.986,0.599,0.0184,0.0577,0.0577,0,0,0,0,0,0,0,17.777777778,23.888888889
1,0.599,0.0184,0.0577,0.0577,0,0,0,0,0,0,0,17.777777778,23.888888889
1,0.599,0.0184,0.0577,0.0577,0,0,0,0,0,0,0,17.777777778,23.888888889
1,0.591,0.0361,0.146,0.146,0,0,0,0,0,0.233,0.419,17.777777778,23.888888889
0.847,0.591,0.0644,0.189,0.189,0.593,0.467,0,0,0,0,0.431,17.777777778,23.888888889
0.806,0.588,0.12,0.256,0.256,0,0,0,0,0,0,0.654,17.777777778,23.888888889
0.625,0.589,0.125,0.223,0.223,0,0,0,0,0,0,0.558,17.777777778,23.888888889
0.639,0.586,0.181,0.272,0.272,0,0,0,0,0,0,0.476,24.166666667,24.166666667
0.528,0.588,0.159,0.222,0.222,0,0,0,0,0,0.667,0.0998,24.166666667,24.166666667
0.736,0.587,0.208,0.243,0.243,0,0,0,0,0,0.0333,0.133,24.166666667,24.166666667
0.833,0.585,0.274,0.274,0.274,0,0,0,0,0,0,0.166,24.166666667,24.166666667
0.833,0.602,0.314,0.284,0.284,0,0,0,0,0,0,0.0665,24.166666667,24.166666667
0.694,0.629,0.33,0.289,0.289,0,0,0,0,0,0,0.366,24.166666667,24.166666667
0.597,0.65,0.297,0.271,0.271,0,0,0,0,0,0,0.299,24.166666667,24.166666667
0.681,0.668,0.389,0.342,0.342,0,0,0,0,0,0,0.0998,24.166666667,24.166666667
0.667,0.659,0.498,0.415,0.415,0.637,0.7,0,0,0,0.417,0.0333,24.166666667,24.166666667
0.694,0.643,0.612,0.539,0.539,0.743,0,0,0,0,0.517,0.0665,24.166666667,24.166666667
0.833,0.607,0.599,0.651,0.651,0.32,0,0,0,0,0,0.0351,24.166666667,24.166666667
0.708,0.579,0.27,0.352,0.352,0,0,0,0,0,0,0.302,24.166666667,24.166666667
0.861,0.581,0.0781,0.125,0.125,0,0,0,0,0,0,0,24.166666667,24.166666667
1,0.581,0.0327,0.0774,0.0774,0,0,0,0,0,0,0.203,24.166666667,24.166666667
1,0.589,0.0191,0.0613,0.0613,0,0,0,0,0,0,0.0665,24.166666667,24.166666667
1,0.599,0.0161,0.0577,0.0577,0,0,0,0,0,0,0,17.777777778,23.888888889
1,0.599,0.0161,0.0577,0.0577,0,0,0,0,0,0,0,17.777777778,23.888888889
1,0.599,0.0161,0.0577,0.0577,0,0,0,0,0,0,0,17.777777778,23.888888889
1,0.593,0.0175,0.063,0.063,0,0,0,0,0,0,0.199,17.777777778,23.888888889
0.833,0.551,0.0466,0.241,0.241,0,0,0.105,0.167,0,0.417,0.476,17.777777778,23.888888889
0.597,0.585,0.0383,0.178,0.178,0,0,0.114,0.833,0.167,0.05,0.428,17.777777778,23.888888889
0.333,0.592,0.0453,0.178,0.178,0,0,0,0,0.0667,0,0.68,17.777777778,23.888888889
0.333,0.592,0.0542,0.183,0.183,0,0,0,0,0,0,0.2,17.777777778,23.888888889
0.333,0.592,0.0597,0.178,0.178,0,0,0,0,0,0,0,17.777777778,23.888888889
0.333,0.592,0.065,0.172,0.172,0,0,0,0,0,0,0.298,24.166666667,24.166666667
0.264,0.593,0.0573,0.145,0.145,0,0,0,0,0,0,0.0333,24.166666667,24.166666667
0.167,0.595,0.0457,0.112,0.112,0,0,0,0,0,0,0.233,24.166666667,24.166666667
0.167,0.595,0.0478,0.112,0.112,0,0,0,0,0,0,0.233,24.166666667,24.166666667
0.389,0.601,0.0999,0.184,0.184,0,0,0,0,0,0,0.299,24.166666667,24.166666667
0.528,0.622,0.158,0.233,0.233,0,0,0,0,0,0.233,0.166,24.166666667,24.166666667
0.667,0.656,0.239,0.296,0.296,0,0,0,0,0,0,0.233,24.166666667,24.166666667
0.667,0.667,0.318,0.337,0.337,0.526,0.467,0,0,0,0,0.0665,24.166666667,24.166666667
0.639,0.657,0.423,0.4,0.4,0.779,0.417,0,0,0,0,0.0665,24.166666667,24.166666667
0.597,0.637,0.494,0.473,0.473,0.275,0.983,0,0,0,0,0,24.166666667,24.166666667
0.833,0.608,0.638,0.721,0.721,0,0,0,0,0,0.233,0.186,24.166666667,24.166666667
0.986,0.57,0.332,0.46,0.46,0,0,0,0,0,0,0.487,24.166666667,24.166666667
1,0.584,0.0577,0.11,0.11,0,0,0,0,0,0,0.0885,24.166666667,24.166666667
1,0.589,0.0244,0.0681,0.0681,0,0,0,0,0,0,0.074,24.166666667,24.166666667
1,0.599,0.0161,0.0577,0.0577,0,0,0,0,0,0,0,24.166666667,24.166666667
1,0.599,0.0161,0.0577,0.0577,0,0,0,0,0,0,0,17.777777778,23.888888889
1,0.599,0.0161,0.0577,0.0577,0,0,0,0,0,0,0,17.777777778,23.888888889
1,0.576,0.0181,0.0581,0.0581,0,0,0,0,0,0.417,0.333,17.777777778,23.888888889
1,0.549,0.0278,0.101,0.101,0,0,0,0,0,0.05,0.582,17.777777778,23.888888889
1,0.543,0.0512,0.267,0.267,0,0,0,0,0,0.917,0.29,17.777777778,23.888888889
1,0.562,0.0884,0.443,0.443,0,0,0,0,0,0.267,0.401,17.777777778,23.888888889
0.625,0.585,0.0741,0.304,0.304,0,0,0,0,0,0,0.373,17.777777778,23.888888889
0.5,0.588,0.0733,0.245,0.245,0,0,0,0,0,0,0.195,17.777777778,23.888888889
0.278,0.593,0.0521,0.158,0.158,0,0,0,0,0,0,0.053,17.777777778,23.888888889
0.167,0.595,0.0405,0.115,0.115,0,0,0,0,0,0,0.0665,24.166666667,24.166666667
0.319,0.592,0.0661,0.163,0.163,0,0,0,0,0,0,0.266,24.166666667,24.166666667
0.333,0.592,0.0754,0.166,0.166,0,0,0,0,0,0,0.266,24.166666667,24.166666667
0.333,0.592,0.0795,0.166,0.166,0,0,0,0,0,0,0.2,24.166666667,24.166666667
0.444,0.601,0.112,0.202,0.202,0,0,0,0,0,0,0.2,24.166666667,24.166666667
0.5,0.621,0.15,0.224,0.224,0,0,0,0,0,0,0.2,24.166666667,24.166666667
0.875,0.675,0.31,0.371,0.371,0,0,0,0,0,0,0.133,24.166666667,24.166666667
0.847,0.685,0.398,0.412,0.412,0.633,0.917,0,0,0,0,0.133,24.166666667,24.166666667
0.764,0.662,0.457,0.428,0.428,0,0.483,0,0,0,0,0,24.166666667,24.166666667
0.778,0.628,0.381,0.375,0.375,0,0,0,0,0,0,0.19,24.166666667,24.166666667
0.833,0.604,0.338,0.4,0.4,0,0,0,0,0,0,0.164,24.166666667,24.166666667
0.861,0.581,0.22,0.316,0.316,0,0,0,0,0,0.167,0.098,24.166666667,24.166666667
1,0.568,0.0955,0.157,0.157,0,0,0,0,0,0.767,0,24.166666667,24.166666667
1,0.598,0.0187,0.0609,0.0609,0,0,0,0,0,0,0,24.166666667,24.166666667
1,0.599,0.0161,0.0577,0.0577,0,0,0,0,0,0,0,24.166666667,24.166666667
1,0.599,0.0161,0.0577,0.0577,0,0,0,0,0,0,0,17.777777778,23.888888889
1,0.599,0.0161,0.0577,0.0577,0,0,0,0,0,0,0,17.777777778,23.888888889
1,0.576,0.0181,0.0581,0.0581,0,0,0.0223,0.167,0,0.233,0.2,17.777777778,23.888888889
1,0.564,0.0239,0.0869,0.0869,0.521,0.667,0.335,0.833,0.167,0,0.0998,17.777777778,23.888888889
0.861,0.578,0.0286,0.132,0.132,0.293,0.733,0,0,1,0,0.579,17.777777778,23.888888889
0.667,0.593,0.0282,0.123,0.123,0,0,0,0,0.0333,0,0.223,17.777777778,23.888888889
0.431,0.594,0.0384,0.151,0.151,0,0,0,0,0,0,0.192,17.777777778,23.888888889
0.389,0.594,0.0413,0.141,0.141,0,0,0,0,0,0,0.203,17.777777778,23.888888889
0.403,0.594,0.047,0.143,0.143,0,0,0,0,0,0,0.0665,17.777777778,23.888888889
0.5,0.592,0.065,0.172,0.172,0,0,0,0,0,0,0.133,24.166666667,24.166666667
0.611,0.59,0.0857,0.204,0.204,0,0,0,0,0,0,0.0998,24.166666667,24.166666667
0.556,0.594,0.0576,0.134,0.134,0,0,0,0,0,0,0.0665,24.166666667,24.166666667
0.583,0.594,0.0637,0.139,0.139,0,0,0,0,0,0,0.0998,24.166666667,24.166666667
0.5,0.6,0.0518,0.112,0.112,0,0,0,0,0,0.467,0.299,24.166666667,24.166666667
0.347,0.614,0.103,0.164,0.164,0,0,0,0,0,0.167,0.133,24.166666667,24.166666667
0.486,0.641,0.179,0.232,0.232,0,0,0,0,0,0.3,0.2,24.166666667,24.166666667
0.653,0.665,0.313,0.332,0.332,0,0,0,0,0,0,0.314,24.166666667,24.166666667
0.694,0.648,0.36,0.347,0.347,0.602,0.7,0,0,0,0,0.109,24.166666667,24.166666667
0.833,0.641,0.548,0.519,0.519,0.627,0,0,0,0,0,0.113,24.166666667,24.166666667
0.833,0.605,0.392,0.456,0.456,0,0,0,0,0,0,0.0998,24.166666667,24.166666667
0.833,0.592,0.107,0.172,0.172,0,0,0,0,0,0,0,24.166666667,24.166666667
0.833,0.591,0.0382,0.0854,0.0854,0,0,0,0,0,0,0.132,24.166666667,24.166666667
0.861,0.596,0.018,0.0601,0.0601,0,0,0,0,0,0,0.112,24.166666667,24.166666667
1,0.584,0.0201,0.0625,0.0625,0,0,0,0,0,0,0.0613,24.166666667,24.166666667
1,0.599,0.0161,0.0577,0.0577,0,0,0,0,0,0,0,17.777777778,23.888888889
1,0.587,0.0161,0.0577,0.0577,0,0,0,0,0,0,0.343,17.777777778,23.888888889
1,0.597,0.0161,0.0577,0.0577,0,0,0,0,0,0,0,17.777777778,23.888888889
1,0.564,0.0244,0.0895,0.0895,0,0,0,0,0,0,0.446,17.777777778,23.888888889
0.778,0.568,0.0345,0.166,0.166,0,0,0,0,0,0,0.413,17.777777778,23.888888889
0.597,0.589,0.0352,0.16,0.16,0,0,0,0,0,0,0.41,17.777777778,23.888888889
0.5,0.595,0.0317,0.123,0.123,0,0,0,0,0,0,0.19,17.777777778,23.888888889
0.347,0.599,0.0174,0.0632,0.0632,0,0,0,0,0,0,0,17.777777778,23.888888889
0.333,0.596,0.0362,0.113,0.113,0,0,0,0,0,0,0.0998,17.777777778,23.888888889
0.333,0.595,0.0405,0.115,0.115,0,0,0,0,0,0,0.266,24.166666667,24.166666667
0.444,0.591,0.0771,0.186,0.186,0,0,0,0,0,0.467,0.0665,24.166666667,24.166666667
0.347,0.592,0.0776,0.17,0.17,0,0,0,0,0,0,0.0998,24.166666667,24.166666667
0.444,0.59,0.101,0.202,0.202,0,0,0,0,0,0.417,0.233,24.166666667,24.166666667
0.5,0.601,0.123,0.221,0.221,0.803,0.917,0,0,0,0.767,0.233,24.166666667,24.166666667
0.764,0.634,0.223,0.312,0.312,0.561,0.483,0,0,0,0,0.608,24.166666667,24.166666667
0.833,0.67,0.294,0.355,0.355,0.539,0,0,0,0,0,0.184,24.166666667,24.166666667
0.611,0.661,0.29,0.312,0.312,0.765,0,0,0,0,0.167,0.385,24.166666667,24.166666667
0.431,0.638,0.29,0.288,0.288,0.779,0,0,0,0,0.533,0.19,24.166666667,24.166666667
0.444,0.627,0.372,0.367,0.367,0,0,0,0,0,0,0,24.166666667,24.166666667
0.736,0.605,0.445,0.516,0.516,0,0,0,0,0,0,0.108,24.166666667,24.166666667
0.889,0.577,0.247,0.354,0.354,0,0,0,0,0,0,0,24.166666667,24.166666667
1,0.572,0.0877,0.147,0.147,0,0,0,0,0,0,0.105,24.166666667,24.166666667
1,0.582,0.0291,0.0742,0.0742,0,0,0,0,0,0,0,24.166666667,24.166666667
1,0.593,0.0181,0.0601,0.0601,0,0,0,0,0,0,0,24.166666667,24.166666667
1,0.599,0.0161,0.0577,0.0577,0,0,0,0,0,0,0,17.777777778,23.888888889
1,0.599,0.0161,0.0577,0.0577,0,0,0,0,0,0,0,17.777777778,23.888888889
1,0.599,0.0161,0.0577,0.0577,0,0,0,0,0,0,0,17.777777778,23.888888889
1,0.592,0.0178,0.0643,0.0643,0,0,0,0,0,0,0.0665,17.777777778,23.888888889
0.819,0.592,0.0199,0.08,0.08,0,0,0,0,0,0,0.289,17.777777778,23.888888889
0.514,0.586,0.0418,0.194,0.194,0,0,0,0,0,0,0.2,17.777777778,23.888888889
0.5,0.59,0.0524,0.211,0.211,0,0,0,0,0,0,0.11,17.777777778,23.888888889
0.542,0.591,0.059,0.198,0.198,0,0,0,0,0,0,0.518,17.777777778,23.888888889
0.5,0.592,0.0597,0.178,0.178,0,0,0,0,0,0,0.275,17.777777778,23.888888889
0.5,0.594,0.0485,0.134,0.134,0,0,0,0,0,0,0.2,24.166666667,24.166666667
0.5,0.595,0.0421,0.113,0.113,0.34,0.417,0,0,0,0,0.299,24.166666667,24.166666667
0.5,0.595,0.0507,0.121,0.121,0.797,0.05,0,0,0,0,0.0998,24.166666667,24.166666667
0.347,0.595,0.0503,0.116,0.116,0.561,0,0,0,0,0,0.366,24.166666667,24.166666667
0.528,0.601,0.0999,0.184,0.184,0.832,0,0,0,0,0,0.313,24.166666667,24.166666667
0.347,0.614,0.109,0.173,0.173,0.712,0,0,0,0,0,0.0665,24.166666667,24.166666667
0.403,0.634,0.151,0.202,0.202,0.174,0,0,0,0,0.667,0.0333,24.166666667,24.166666667
0.569,0.654,0.262,0.285,0.285,0,0,0,0,0,0.517,0.222,24.166666667,24.166666667
0.667,0.644,0.335,0.326,0.326,0,0,0,0,0,0,0.161,24.166666667,24.166666667
0.667,0.631,0.415,0.404,0.404,0.401,0.667,0,0,0,0,0.183,24.166666667,24.166666667
0.667,0.603,0.231,0.284,0.284,0.515,0.5,0,0,0,0,0.147,24.166666667,24.166666667
0.778,0.59,0.116,0.185,0.185,0,0,0,0,0,0,0.063,24.166666667,24.166666667
0.903,0.584,0.0513,0.102,0.102,0,0,0,0,0,0,0.0665,24.166666667,24.166666667
1,0.598,0.0208,0.0609,0.0609,0,0,0,0,0,0,0,24.166666667,24.166666667
1,0.599,0.0184,0.0577,0.0577,0,0,0,0,0,0,0,24.166666667,24.166666667
1,0.599,0.0184,0.0577,0.0577,0,0,0,0,0,0,0,17.777777778,23.888888889
1,0.592,0.0184,0.0577,0.0577,0,0,0,0,0,0,0.0665,17.777777778,23.888888889
1,0.597,0.0184,0.0577,0.0577,0,0,0,0,0,0,0,17.777777778,23.888888889
1,0.599,0.0184,0.0577,0.0577,0,0,0,0,0,0,0,17.777777778,23.888888889
1,0.594,0.0209,0.0787,0.0787,0,0,0,0,0,0,0.172,17.777777778,23.888888889
0.931,0.593,0.031,0.123,0.123,0,0,0,0,0,0,0.205,17.777777778,23.888888889
0.833,0.595,0.0414,0.123,0.123,0,0,0,0,0,0.917,0.0333,17.777777778,23.888888889
0.833,0.594,0.0639,0.146,0.146,0,0,0,0,0,0.967,0.166,17.777777778,23.888888889
0.833,0.585,0.169,0.288,0.288,0,0,0,0,0,0,0.552,17.777777778,23.888888889
0.833,0.582,0.232,0.339,0.339,0,0,0,0,0,0,0.519,24.166666667,24.166666667
0.722,0.584,0.221,0.296,0.296,0,0,0,0,0,0,0.406,24.166666667,24.166666667
0.556,0.587,0.203,0.238,0.238,0,0,0,0,0,0,0.38,24.166666667,24.166666667
0.417,0.59,0.178,0.193,0.193,0,0,0,0,0,0,0.408,24.166666667,24.166666667
0.5,0.601,0.231,0.221,0.221,0,0,0,0,0,0,0.231,24.166666667,24.166666667
0.5,0.621,0.243,0.224,0.224,0,0,0,0,0,0,0.368,24.166666667,24.166666667
0.5,0.642,0.251,0.236,0.236,0,0,0,0,0,0,0.6,24.166666667,24.166666667
0.792,0.68,0.453,0.391,0.391,0,0,0,0,0,0.417,0.598,24.166666667,24.166666667
1,0.689,0.737,0.593,0.593,0,0,0,0,0,0.05,0.24,24.166666667,24.166666667
1,0.661,0.849,0.731,0.731,0,0,0,0,0,0,0.161,24.166666667,24.166666667
1,0.608,0.688,0.744,0.744,0,0,0,0,0,0,0.118,24.166666667,24.166666667
1,0.573,0.343,0.438,0.438,0,0,0,0,0,0,0,24.166666667,24.166666667
1,0.569,0.105,0.154,0.154,0,0,0,0,0,0,0,24.166666667,24.166666667
1,0.581,0.0369,0.0774,0.0774,0,0,0,0,0,0,0.0333,24.166666667,24.166666667
1,0.582,0.0244,0.0633,0.0633,0,0,0,0,0,0,0.0665,24.166666667,24.166666667
1,0.597,0.0188,0.0581,0.0581,0,0,0,0,0,0,0,17.777777778,23.888888889
1,0.599,0.0184,0.0577,0.0577,0,0,0,0,0,0,0,17.777777778,23.888888889
1,0.599,0.0184,0.0577,0.0577,0,0,0,0,0,0,0,17.777777778,23.888888889
1,0.599,0.0184,0.0577,0.0577,0,0,0,0,0,0,0,17.777777778,23.888888889
1,0.599,0.0184,0.0577,0.0577,0,0,0,0,0,0,0,17.777777778,23.888888889
0.931,0.59,0.0394,0.163,0.163,0,0,0,0,0,0.667,0.0333,17.777777778,23.888888889
0.861,0.586,0.1,0.287,0.287,0,0,0,0,0,0.983,0.245,17.777777778,23.888888889
0.819,0.585,0.143,0.303,0.303,0,0,0,0,0,0,0.0665,17.777777778,23.888888889
0.528,0.59,0.119,0.213,0.213,0,0,0,0,0,0,0.133,17.777777778,23.888888889
0.403,0.59,0.123,0.196,0.196,0,0,0.288,0.917,0,0,0.133,24.166666667,24.166666667
0.5,0.588,0.159,0.222,0.222,0,0,0.315,0.0833,0.917,0.667,0.233,24.166666667,24.166666667
0.5,0.588,0.185,0.22,0.22,0,0,0.293,0,0.283,0.5,0.266,24.166666667,24.166666667
0.347,0.592,0.151,0.17,0.17,0,0,0.469,0,0,0,0.0998,24.166666667,24.166666667
0.333,0.6,0.16,0.166,0.166,0,0,0.471,0,0,0,0.2,24.166666667,24.166666667
0.458,0.62,0.225,0.21,0.21,0,0,0.463,0,0,0,0.333,24.166666667,24.166666667
0.444,0.637,0.226,0.217,0.217,0,0,0.612,0,0,0,0.0665,24.166666667,24.166666667
0.556,0.655,0.322,0.291,0.291,0,0,0.733,0,0,0.167,0.133,24.166666667,24.166666667
0.833,0.674,0.617,0.504,0.504,0,0,0,0,0,1,0.0665,24.166666667,24.166666667
0.833,0.652,0.731,0.635,0.635,0.365,0.417,0,0,0,0.0167,0,24.166666667,24.166666667
0.986,0.608,0.732,0.79,0.79,0.597,0.517,0,0,0,0,0,24.166666667,24.166666667
1,0.57,0.366,0.468,0.468,0,0,0,0,0,0,0.0333,24.166666667,24.166666667
1,0.561,0.13,0.181,0.181,0,0,0,0,0,0,0,24.166666667,24.166666667
1,0.568,0.0412,0.0882,0.0882,0,0,0,0,0,0,0,24.166666667,24.166666667
1,0.597,0.017,0.0589,0.0589,0,0,0,0,0,0,0,24.166666667,24.166666667
1,0.599,0.0161,0.0577,0.0577,0,0,0,0,0,0,0,17.777777778,23.888888889
1,0.599,0.0161,0.0577,0.0577,0,0,0,0,0,0,0,17.777777778,23.888888889
1,0.592,0.0167,0.0578,0.0578,0,0,0,0,0,0,0.133,17.777777778,23.888888889
1,0.582,0.02,0.0723,0.0723,0,0,0,0,0,0,0.156,17.777777778,23.888888889
1,0.557,0.0428,0.218,0.218,0,0,0,0,0,0.917,0.201,17.777777778,23.888888889
0.861,0.573,0.0658,0.323,0.323,0,0,0,0,0,0.733,0.951,17.777777778,23.888888889
0.542,0.59,0.0537,0.216,0.216,0,0,0,0,0,0,0.41,17.777777778,23.888888889
0.167,0.595,0.0351,0.12,0.12,0,0,0,0,0,0,0.169,17.777777778,23.888888889
0.0556,0.598,0.0232,0.0779,0.0779,0,0,0,0,0,0,0.0333,17.777777778,23.888888889
0.0694,0.597,0.0263,0.0814,0.0814,0,0,0,0,0,0,0.0333,24.166666667,24.166666667
0.167,0.595,0.0421,0.113,0.113,0,0,0,0,0,0,0.133,24.166666667,24.166666667
0.0833,0.597,0.0307,0.0848,0.0848,0,0,0,0,0,0,0.0333,24.166666667,24.166666667
0.167,0.595,0.0478,0.112,0.112,0,0,0,0,0,0,0.233,24.166666667,24.166666667
0.167,0.6,0.0518,0.112,0.112,0,0,0,0,0,0,0.0665,24.166666667,24.166666667
0.333,0.614,0.106,0.169,0.169,0,0,0,0,0,0,0.573,24.166666667,24.166666667
0.694,0.658,0.248,0.306,0.306,0.338,0.417,0,0,0,0.167,0.222,24.166666667,24.166666667
0.806,0.669,0.329,0.348,0.348,0.819,0.75,0,0,0,1,0.407,24.166666667,24.166666667
0.667,0.658,0.435,0.409,0.409,0.354,0,0,0,0,0.0167,0.363,24.166666667,24.166666667
0.556,0.625,0.334,0.333,0.333,0,0,0.348,0.667,0,0,0,24.166666667,24.166666667
0.639,0.603,0.38,0.448,0.448,0,0,0.134,0.333,0.667,0,0.0721,24.166666667,24.166666667
0.75,0.59,0.148,0.22,0.22,0,0,0,0,0.783,0,0.0665,24.166666667,24.166666667
0.833,0.587,0.0461,0.0951,0.0951,0,0,0,0,0,0,0,24.166666667,24.166666667
0.986,0.583,0.0265,0.0709,0.0709,0,0,0,0,0,0,0.161,24.166666667,24.166666667
1,0.582,0.0208,0.0633,0.0633,0,0,0,0,0,0,0.0665,24.166666667,24.166666667
1,0.582,0.0171,0.0581,0.0581,0,0,0,0,0,0,0.133,17.777777778,23.888888889
0.847,0.597,0.0161,0.0577,0.0577,0,0,0,0,0,0,0,17.777777778,23.888888889
0.986,0.599,0.0161,0.0577,0.0577,0,0,0,0,0,0,0,17.777777778,23.888888889
1,0.584,0.0195,0.0709,0.0709,0,0,0,0,0,0.417,0.17,17.777777778,23.888888889
0.889,0.553,0.0453,0.232,0.232,0,0,0,0,0,0.283,0.378,17.777777778,23.888888889
0.542,0.581,0.0481,0.229,0.229,0,0,0,0,0,0.417,0.175,17.777777778,23.888888889
0.264,0.593,0.0407,0.162,0.162,0,0,0,0,0,0.05,0.288,17.777777778,23.888888889
0.167,0.595,0.0351,0.12,0.12,0,0,0,0,0,0,0.206,17.777777778,23.888888889
0.167,0.595,0.0379,0.118,0.118,0,0,0,0,0,0,0.277,17.777777778,23.888888889
0.167,0.595,0.0405,0.115,0.115,0,0,0,0,0,0,0.5,24.166666667,24.166666667
0.167,0.595,0.0421,0.113,0.113,0,0,0,0,0,0,0.302,24.166666667,24.166666667
0.167,0.595,0.0457,0.112,0.112,0,0,0,0,0,0,0.233,24.166666667,24.166666667
0.167,0.595,0.0478,0.112,0.112,0,0,0,0,0,0,0.0998,24.166666667,24.166666667
0.167,0.6,0.0518,0.112,0.112,0,0,0,0,0,0,0.0665,24.166666667,24.166666667
0.306,0.613,0.0988,0.159,0.159,0.409,0.417,0,0,0,0,0.139,24.166666667,24.166666667
0.472,0.639,0.174,0.226,0.226,0.414,0.05,0,0,0,0,0.187,24.166666667,24.166666667
0.486,0.648,0.238,0.262,0.262,0,0,0,0,0,0.233,0.0333,24.166666667,24.166666667
0.528,0.646,0.353,0.341,0.341,0,0,0.679,0.917,0,0,0.0333,24.166666667,24.166666667
0.694,0.643,0.571,0.539,0.539,0,0,0.574,0.35,0.65,0,0.0442,24.166666667,24.166666667
0.722,0.606,0.456,0.524,0.524,0,0,0,0,0.55,0,0.181,24.166666667,24.166666667
0.625,0.588,0.156,0.233,0.233,0,0,0,0,0,0,0,24.166666667,24.166666667
0.667,0.598,0.0224,0.066,0.066,0,0,0,0,0,0,0,24.166666667,24.166666667
0.694,0.596,0.018,0.0601,0.0601,0,0,0,0,0,0,0.104,24.166666667,24.166666667
0.833,0.582,0.0208,0.0633,0.0633,0,0,0,0,0,0,0,24.166666667,24.166666667
0.833,0.582,0.0171,0.0581,0.0581,0,0,0,0,0,0,0.233,17.777777778,23.888888889
0.833,0.584,0.0161,0.0577,0.0577,0,0,0,0,0,0,0.0998,17.777777778,23.888888889
0.986,0.596,0.0163,0.0577,0.0577,0,0,0,0,0,0,0.149,17.777777778,23.888888889
1,0.572,0.0224,0.0816,0.0816,0,0,0,0,0,0.417,0.402,17.777777778,23.888888889
0.778,0.553,0.0442,0.225,0.225,0,0,0,0,0,1,0.464,17.777777778,23.888888889
0.403,0.587,0.038,0.175,0.175,0,0,0.289,0.417,0,0.233,0.172,17.777777778,23.888888889
0.333,0.591,0.0474,0.189,0.189,0,0,0,0.583,0.417,0,0.541,17.777777778,23.888888889
0.333,0.592,0.0542,0.183,0.183,0,0,0,0,1,0,0.0333,17.777777778,23.888888889
0.333,0.592,0.0597,0.178,0.178,0,0,0,0,0.0333,0,0.166,17.777777778,23.888888889
0.264,0.593,0.0547,0.148,0.148,0,0,0,0,0,0,0.2,24.166666667,24.166666667
0.278,0.593,0.0596,0.149,0.149,0,0,0,0,0,0,0,24.166666667,24.166666667
0.333,0.592,0.0754,0.166,0.166,0,0,0,0,0,0,0.233,24.166666667,24.166666667
0.333,0.592,0.0795,0.166,0.166,0,0,0,0,0,0.167,0.133,24.166666667,24.166666667
0.181,0.599,0.0544,0.116,0.116,0,0,0,0,0,0.533,0.333,24.166666667,24.166666667
0.431,0.619,0.133,0.201,0.201,0,0,0,0,0,0,0.0665,24.166666667,24.166666667
0.5,0.639,0.174,0.226,0.226,0,0,0,0,0,0.917,0.166,24.166666667,24.166666667
0.5,0.648,0.238,0.262,0.262,0,0,0,0,0,0.683,0.0998,24.166666667,24.166666667
0.528,0.646,0.353,0.341,0.341,0,0,0,0,0,0.767,0,24.166666667,24.166666667
0.667,0.632,0.424,0.411,0.411,0,0,0,0,0,0,0.0665,24.166666667,24.166666667
0.667,0.604,0.402,0.469,0.469,0,0,0,0,0,0,0.22,24.166666667,24.166666667
0.819,0.58,0.226,0.324,0.324,0,0,0,0,0,0,0.171,24.166666667,24.166666667
0.861,0.59,0.0445,0.0936,0.0936,0,0,0,0,0,0,0.0715,24.166666667,24.166666667
1,0.599,0.0161,0.0577,0.0577,0,0,0,0,0,0,0,24.166666667,24.166666667
1,0.599,0.0161,0.0577,0.0577,0,0,0,0,0,0,0,24.166666667,24.166666667
1,0.599,0.0161,0.0577,0.0577,0,0,0,0,0,0,0,17.777777778,23.888888889
1,0.599,0.0161,0.0577,0.0577,0,0,0,0,0,0,0,17.777777778,23.888888889
1,0.551,0.0202,0.0585,0.0585,0,0,0,0,0,0,0.679,17.777777778,23.888888889
1,0.547,0.0279,0.102,0.102,0,0,0,0,0,0,0.256,17.777777778,23.888888889
0.931,0.565,0.0366,0.179,0.179,0,0,0,0,0,0,0.286,17.777777778,23.888888889
0.833,0.584,0.0456,0.215,0.215,0,0,0,0,0,0,0.244,17.777777778,23.888888889
0.694,0.587,0.0643,0.26,0.26,0,0,0,0,0,0,0.111,17.777777778,23.888888889
0.431,0.59,0.0639,0.214,0.214,0,0,0,0,0,0,0.107,17.777777778,23.888888889
0.264,0.593,0.0505,0.153,0.153,0,0,0,0,0,0,0.0333,17.777777778,23.888888889
0.167,0.595,0.0405,0.115,0.115,0,0,0,0,0,0,0.0333,24.166666667,24.166666667
0.167,0.595,0.0421,0.113,0.113,0,0,0,0,0,0,0.0998,24.166666667,24.166666667
0.167,0.595,0.0457,0.112,0.112,0,0,0,0,0,0,0.198,24.166666667,24.166666667
0.125,0.596,0.0398,0.0982,0.0982,0,0,0,0,0,0,0.299,24.166666667,24.166666667
0.264,0.6,0.0728,0.144,0.144,0,0,0,0,0,0,0.133,24.166666667,24.166666667
0.347,0.614,0.109,0.173,0.173,0,0,0,0,0,0,0.166,24.166666667,24.166666667
0.486,0.641,0.179,0.232,0.232,0,0,0,0,0,0,0.0665,24.166666667,24.166666667
0.611,0.661,0.294,0.314,0.314,0,0,0,0,0,0,0.366,24.166666667,24.166666667
0.667,0.659,0.441,0.415,0.415,0,0,0,0,0,0,0.299,24.166666667,24.166666667
0.625,0.629,0.39,0.382,0.382,0,0,0,0,0,0,0.383,24.166666667,24.166666667
0.889,0.606,0.551,0.632,0.632,0,0,0,0,0,0,0.278,24.166666667,24.166666667
1,0.584,0.205,0.294,0.294,0,0,0,0,0,0,0.152,24.166666667,24.166666667
1,0.584,0.0513,0.102,0.102,0,0,0,0,0,0,0.0333,24.166666667,24.166666667
1,0.598,0.0187,0.0609,0.0609,0,0,0,0,0,0,0,24.166666667,24.166666667
1,0.599,0.0161,0.0577,0.0577,0,0,0,0,0,0,0,24.166666667,24.166666667
1,0.599,0.0161,0.0577,0.0577,0,0,0,0,0,0,0,17.777777778,23.888888889
1,0.583,0.0161,0.0577,0.0577,0,0,0,0,0,0,0.233,17.777777778,23.888888889
0.847,0.574,0.0181,0.0581,0.0581,0,0,0,0,0,0,0.496,17.777777778,23.888888889
0.764,0.56,0.025,0.0909,0.0909,0,0,0,0,0,0,0.423,17.777777778,23.888888889
0.667,0.561,0.0397,0.199,0.199,0,0,0,0,0,0.417,0.343,17.777777778,23.888888889
0.514,0.58,0.0526,0.252,0.252,0,0,0,0,0,0.517,0.437,17.777777778,23.888888889
0.319,0.592,0.0458,0.183,0.183,0,0,0,0,0,0,0.233,17.777777778,23.888888889
0.278,0.593,0.048,0.162,0.162,0,0,0,0,0,0,0,17.777777778,23.888888889
0.333,0.592,0.0597,0.178,0.178,0,0,0,0,0,0,0.399,17.777777778,23.888888889
0.333,0.592,0.065,0.172,0.172,0,0,0,0,0,0,0.0665,24.166666667,24.166666667
0.486,0.592,0.0682,0.167,0.167,0,0,0,0,0,0.917,0.0404,24.166666667,24.166666667
0.5,0.592,0.0754,0.166,0.166,0,0,0,0,0,0.267,0.0998,24.166666667,24.166666667
0.472,0.589,0.103,0.206,0.206,0,0,0,0,0,0,0.0333,24.166666667,24.166666667
0.625,0.602,0.151,0.261,0.261,0.172,0.167,0,0,0,0,0.298,24.166666667,24.166666667
0.681,0.628,0.198,0.284,0.284,0.718,0.3,0,0,0,0,0.429,24.166666667,24.166666667
0.625,0.652,0.225,0.281,0.281,0.396,0.417,0,0,0,0,0.174,24.166666667,24.166666667
0.667,0.667,0.318,0.337,0.337,0.152,0.75,0,0,0,0,0.0351,24.166666667,24.166666667
0.514,0.638,0.287,0.286,0.286,0,0,0,0,0,0,0.0998,24.166666667,24.166666667
0.528,0.632,0.438,0.424,0.424,0,0,0,0,0,0,0.0333,24.166666667,24.166666667
0.778,0.605,0.402,0.468,0.468,0,0,0,0,0,0,0.0333,24.166666667,24.166666667
0.833,0.599,0.0267,0.0693,0.0693,0,0,0,0,0,0,0,24.166666667,24.166666667
0.833,0.599,0.0161,0.0577,0.0577,0,0,0,0,0,0,0,24.166666667,24.166666667
0.903,0.592,0.0239,0.0637,0.0637,0,0,0,0,0,0,0,24.166666667,24.166666667
1,0.597,0.0195,0.0589,0.0589,0,0,0,0,0,0,0,24.166666667,24.166666667
1,0.599,0.0184,0.0577,0.0577,0,0,0,0,0,0,0,17.777777778,23.888888889
1,0.599,0.0184,0.0577,0.0577,0,0,0,0,0,0,0,17.777777778,23.888888889
1,0.599,0.0184,0.0577,0.0577,0,0,0,0,0,0,0,17.777777778,23.888888889
1,0.599,0.0184,0.0577,0.0577,0,0,0,0,0,0,0,17.777777778,23.888888889
1,0.599,0.0184,0.0577,0.0577,0,0,0,0,0,0,0,17.777777778,23.888888889
1,0.593,0.0327,0.129,0.129,0,0,0,0,0,0.167,0.327,17.777777778,23.888888889
1,0.588,0.0863,0.249,0.249,0,0,0,0,0,0.767,0.542,17.777777778,23.888888889
1,0.587,0.128,0.271,0.271,0,0,0,0,0,0.917,0.253,17.777777778,23.888888889
1,0.585,0.174,0.299,0.299,0,0,0,0,0,0.733,0.637,17.777777778,23.888888889
1,0.585,0.192,0.287,0.287,0,0,0,0,0,0,0.323,24.166666667,24.166666667
0.778,0.583,0.229,0.305,0.305,0,0,0,0,0,0,0.353,24.166666667,24.166666667
0.556,0.587,0.203,0.238,0.238,0,0,0,0,0,0,0.109,24.166666667,24.166666667
0.5,0.588,0.21,0.22,0.22,0,0,0,0,0,0,0.642,24.166666667,24.166666667
0.528,0.601,0.243,0.23,0.23,0,0,0,0,0,0,0.133,24.166666667,24.166666667
0.514,0.621,0.249,0.229,0.229,0,0,0,0,0,0,0.0665,24.166666667,24.166666667
0.5,0.642,0.251,0.236,0.236,0,0,0,0,0,0,0.133,24.166666667,24.166666667
0.5,0.65,0.292,0.267,0.267,0,0,0,0,0,0.467,0.0333,24.166666667,24.166666667
0.5,0.644,0.378,0.326,0.326,0,0,0,0,0,0,0.133,24.166666667,24.166666667
0.5,0.631,0.446,0.404,0.404,0,0,0,0,0,0,0,24.166666667,24.166666667
0.472,0.604,0.398,0.446,0.446,0,0,0,0,0,0,0.0333,24.166666667,24.166666667
0.819,0.569,0.344,0.445,0.445,0.562,0.467,0,0,0,0,0.0665,24.166666667,24.166666667
1,0.541,0.178,0.233,0.233,0,0,0,0,0,0,0,24.166666667,24.166666667
1,0.538,0.0748,0.118,0.118,0.89,0.467,0,0,0,0,0,24.166666667,24.166666667
1,0.547,0.0363,0.0745,0.0745,0.542,0,0,0,0,0,0.116,24.166666667,24.166666667
1,0.579,0.0211,0.0589,0.0589,0,0,0,0,0,0,0.347,17.777777778,23.888888889
1,0.597,0.0185,0.0577,0.0577,0,0,0,0,0,0,0.0333,17.777777778,23.888888889
1,0.599,0.0184,0.0577,0.0577,0,0,0,0,0,0,0,17.777777778,23.888888889
1,0.599,0.0184,0.0577,0.0577,0,0,0,0,0,0,0,17.777777778,23.888888889
0.847,0.599,0.0184,0.0577,0.0577,0,0,0,0,0,0,0,17.777777778,23.888888889
0.833,0.591,0.0361,0.146,0.146,0,0,0,0,0,0,0.166,17.777777778,23.888888889
0.681,0.591,0.0644,0.189,0.189,0,0,0,0,0,0,0.0333,17.777777778,23.888888889
0.514,0.592,0.0822,0.183,0.183,0,0,0.334,0.417,0,0,0.166,17.777777778,23.888888889
0.5,0.589,0.132,0.233,0.233,0,0,0.661,0.85,0.15,0,0.0998,17.777777778,23.888888889
0.5,0.588,0.148,0.229,0.229,0,0,0.645,0,0.0833,0,0.0998,24.166666667,24.166666667
0.458,0.589,0.147,0.209,0.209,0,0,0.463,0,0,0.467,0.0333,24.166666667,24.166666667
0.5,0.588,0.185,0.22,0.22,0,0,0.582,0,0,0,0.166,24.166666667,24.166666667
0.611,0.587,0.226,0.233,0.233,0,0,0.548,0,0,0,0.342,24.166666667,24.166666667
0.667,0.602,0.296,0.27,0.27,0,0,0.114,0,0,0,0.52,24.166666667,24.166666667
0.667,0.628,0.318,0.28,0.28,0,0,0,0,0,0,0.282,24.166666667,24.166666667
0.667,0.656,0.329,0.296,0.296,0,0,0.316,0.417,0,0.917,0.266,24.166666667,24.166666667
0.667,0.667,0.383,0.337,0.337,0,0,0.618,0.583,0.417,0.0167,0.299,24.166666667,24.166666667
0.667,0.659,0.498,0.415,0.415,0,0,0.674,0,0.783,0,0.0998,24.166666667,24.166666667
0.667,0.641,0.588,0.519,0.519,0,0,0.45,0,0,0,0,24.166666667,24.166666667
0.819,0.606,0.554,0.607,0.607,0,0,0.359,0,0,0,0.0333,24.166666667,24.166666667
0.833,0.57,0.366,0.468,0.468,0,0,0.194,0,0,0,0,24.166666667,24.166666667
0.833,0.541,0.178,0.233,0.233,0,0,0,0,0,0,0.192,24.166666667,24.166666667
0.903,0.554,0.0548,0.104,0.104,0,0,0,0,0,0,0,24.166666667,24.166666667
1,0.58,0.0218,0.0645,0.0645,0,0,0,0,0,0,0.299,24.166666667,24.166666667
1,0.582,0.0171,0.0581,0.0581,0,0,0,0,0,0,0.0665,17.777777778,23.888888889
1,0.582,0.0161,0.0577,0.0577,0,0,0,0,0,0,0.166,17.777777778,23.888888889
1,0.597,0.0161,0.0577,0.0577,0,0,0,0,0,0,0,17.777777778,23.888888889
1,0.576,0.0216,0.0789,0.0789,0,0,0,0,0,0,0.391,17.777777778,23.888888889
0.889,0.571,0.0334,0.161,0.161,0,0,0,0,0,0,0.42,17.777777778,23.888888889
0.694,0.585,0.0421,0.197,0.197,0,0,0,0,0,0,0.108,17.777777778,23.888888889
0.5,0.591,0.053,0.211,0.211,0,0,0,0,0,0,0.423,17.777777778,23.888888889
0.431,0.59,0.0652,0.22,0.22,0,0,0,0,0,0,0.119,17.777777778,23.888888889
0.264,0.593,0.0505,0.153,0.153,0,0,0,0,0,0,0.346,17.777777778,23.888888889
0.167,0.595,0.0405,0.115,0.115,0,0,0,0,0,0,0.133,24.166666667,24.166666667
0.319,0.592,0.0661,0.163,0.163,0,0,0,0,0,0,0.166,24.166666667,24.166666667
0.333,0.594,0.0554,0.13,0.13,0,0,0,0,0,0,0.289,24.166666667,24.166666667
0.403,0.595,0.0531,0.121,0.121,0,0,0,0,0,0,0.436,24.166666667,24.166666667
0.611,0.601,0.118,0.212,0.212,0,0,0,0,0,0,0.242,24.166666667,24.166666667
0.514,0.621,0.153,0.229,0.229,0,0,0,0,0,0,0.245,24.166666667,24.166666667
0.583,0.649,0.211,0.266,0.266,0,0,0,0,0,0.233,0.248,24.166666667,24.166666667
0.611,0.661,0.294,0.314,0.314,0,0,0,0,0,0,0.212,24.166666667,24.166666667
0.667,0.659,0.441,0.415,0.415,0,0,0,0,0,0,0.13,24.166666667,24.166666667
0.667,0.641,0.548,0.519,0.519,0,0,0,0,0,0,0.395,24.166666667,24.166666667
0.778,0.607,0.594,0.676,0.676,0,0,0.151,0.917,0,0.467,0.239,24.166666667,24.166666667
0.833,0.593,0.116,0.178,0.178,0,0,0,0.0833,0.917,0,0.057,24.166666667,24.166666667
0.986,0.599,0.0161,0.0577,0.0577,0,0,0,0,0.283,0,0.234,24.166666667,24.166666667
1,0.599,0.0161,0.0577,0.0577,0,0,0,0,0,0,0.0661,24.166666667,24.166666667
1,0.599,0.0161,0.0577,0.0577,0,0,0,0,0,0,0,24.166666667,24.166666667
1,0.599,0.0161,0.0577,0.0577,0,0,0,0,0,0,0,17.777777778,23.888888889
1,0.599,0.0161,0.0577,0.0577,0,0,0,0,0,0,0,17.777777778,23.888888889
1,0.599,0.0161,0.0577,0.0577,0,0,0,0,0,0,0,17.777777778,23.888888889
1,0.573,0.0223,0.0815,0.0815,0,0,0,0,0,0,0.6,17.777777778,23.888888889
0.972,0.557,0.0421,0.213,0.213,0,0,0,0,0,0,0.358,17.777777778,23.888888889
0.722,0.586,0.039,0.181,0.181,0,0,0,0,0,0,0.689,17.777777778,23.888888889
0.667,0.589,0.0596,0.238,0.238,0,0,0.453,0.417,0,0.233,0.18,17.777777778,23.888888889
0.528,0.588,0.0762,0.256,0.256,0,0,0.507,0.583,0.417,0,0.178,17.777777778,23.888888889
0.181,0.595,0.0395,0.123,0.123,0,0,0,0,0.0667,0,0.0665,17.777777778,23.888888889
0.167,0.595,0.0405,0.115,0.115,0,0,0,0,0,0.417,0,24.166666667,24.166666667
0.167,0.595,0.0421,0.113,0.113,0,0,0,0,0,0.283,0.0665,24.166666667,24.166666667
0.167,0.595,0.0457,0.112,0.112,0,0,0,0,0,0,0.133,24.166666667,24.166666667
0.0972,0.597,0.0345,0.0892,0.0892,0,0,0,0,0,0,0.133,24.166666667,24.166666667
0.153,0.6,0.0491,0.107,0.107,0,0,0,0,0,0,0.312,24.166666667,24.166666667
0.389,0.617,0.122,0.187,0.187,0,0,0,0,0,0.233,0.2,24.166666667,24.166666667
0.569,0.648,0.207,0.261,0.261,0,0,0,0,0,0,0.208,24.166666667,24.166666667
0.819,0.682,0.388,0.402,0.402,0,0,0,0,0,0.467,0.234,24.166666667,24.166666667
0.75,0.667,0.493,0.459,0.459,0,0,0,0,0,0,0.179,24.166666667,24.166666667
0.722,0.645,0.591,0.556,0.556,0,0,0,0,0,0.467,0.0665,24.166666667,24.166666667
0.778,0.606,0.477,0.549,0.549,0,0,0,0,0,0,0.123,24.166666667,24.166666667
0.986,0.584,0.194,0.283,0.283,0,0,0,0,0,0,0.107,24.166666667,24.166666667
1,0.584,0.0513,0.102,0.102,0,0,0,0,0,0,0,24.166666667,24.166666667
1,0.593,0.0215,0.0645,0.0645,0,0,0,0,0,0,0,24.166666667,24.166666667
1,0.599,0.0161,0.0577,0.0577,0,0,0,0,0,0,0,24.166666667,24.166666667
1,0.599,0.0161,0.0577,0.0577,0,0,0,0,0,0,0,17.777777778,23.888888889
1,0.599,0.0161,0.0577,0.0577,0,0,0,0,0,0,0,17.777777778,23.888888889
0.694,0.599,0.0161,0.0577,0.0577,0,0,0,0,0,0,0,17.777777778,23.888888889
0.667,0.587,0.0188,0.0683,0.0683,0,0,0,0,0,0,0.0998,17.777777778,23.888888889
0.569,0.576,0.0303,0.143,0.143,0,0,0,0,0,0,0.191,17.777777778,23.888888889
0.181,0.598,0.0168,0.0619,0.0619,0,0,0,0,0,0,0,17.777777778,23.888888889
0.278,0.593,0.0413,0.161,0.161,0,0,0,0,0,0,0.218,17.777777778,23.888888889
0.333,0.592,0.0542,0.183,0.183,0,0,0,0,0,0,0.439,17.777777778,23.888888889
0.222,0.594,0.045,0.138,0.138,0,0,0,0,0,0,0.2,17.777777778,23.888888889
0.167,0.595,0.0405,0.115,0.115,0,0,0,0,0,0,0.266,24.166666667,24.166666667
0.194,0.595,0.0465,0.122,0.122,0,0,0,0,0,0.167,0.366,24.166666667,24.166666667
0.333,0.594,0.0554,0.13,0.13,0,0,0,0,0,0.533,0.133,24.166666667,24.166666667
0.403,0.595,0.0478,0.112,0.112,0,0,0,0,0,0,0.2,24.166666667,24.166666667
0.5,0.6,0.0518,0.112,0.112,0,0,0,0,0,0,0.2,24.166666667,24.166666667
0.528,0.612,0.0912,0.15,0.15,0,0,0,0,0,0,0.0665,24.166666667,24.166666667
0.722,0.641,0.179,0.232,0.232,0,0,0,0,0,0,0.0665,24.166666667,24.166666667
0.389,0.638,0.191,0.22,0.22,0,0,0,0,0,0,0.0665,24.166666667,24.166666667
0.403,0.635,0.274,0.274,0.274,0,0,0,0,0,0,0.0998,24.166666667,24.166666667
0.611,0.638,0.505,0.482,0.482,0,0,0,0,0,0,0.0665,24.166666667,24.166666667
0.694,0.605,0.392,0.456,0.456,0,0,0,0,0,0,0.103,24.166666667,24.166666667
0.833,0.592,0.107,0.172,0.172,0,0,0,0,0,0,0.0768,24.166666667,24.166666667
0.833,0.598,0.0224,0.066,0.066,0,0,0,0,0,0,0,24.166666667,24.166666667
0.833,0.599,0.0161,0.0577,0.0577,0,0,0,0,0,0,0,24.166666667,24.166666667
0.833,0.583,0.0199,0.0621,0.0621,0,0,0,0,0,0,0.245,24.166666667,24.166666667
0.833,0.582,0.0171,0.0581,0.0581,0,0,0,0,0,0,0.214,17.777777778,23.888888889
0.833,0.573,0.0161,0.0577,0.0577,0,0,0,0,0,0.233,0.0665,17.777777778,23.888888889
0.986,0.582,0.0174,0.058,0.058,0,0,0,0,0,0,0.233,17.777777778,23.888888889
0.931,0.564,0.0242,0.0882,0.0882,0,0,0,0,0,0,0.217,17.777777778,23.888888889
0.611,0.564,0.0369,0.18,0.18,0,0,0,0,0,0,0.307,17.777777778,23.888888889
0.5,0.584,0.0456,0.215,0.215,0,0,0,0,0,0,0.255,17.777777778,23.888888889
0.569,0.586,0.0697,0.282,0.282,0.514,0.7,0,0,0,0,0.639,17.777777778,23.888888889
0.361,0.591,0.0569,0.194,0.194,0,0,0,0,0,0,0.133,17.777777778,23.888888889
0.444,0.59,0.0743,0.218,0.218,0,0,0,0,0,0.233,0.0977,17.777777778,23.888888889
0.583,0.587,0.102,0.258,0.258,0,0,0.11,0.167,0,0,0.309,24.166666667,24.166666667
0.5,0.588,0.0943,0.222,0.222,0.152,0.167,0.188,0.833,0.167,0,0.114,24.166666667,24.166666667
0.347,0.592,0.0776,0.17,0.17,0.494,0.533,0.184,0,1,0,0.395,24.166666667,24.166666667
0.486,0.589,0.109,0.215,0.215,0.125,0.167,0,0,0.283,0,0.418,24.166666667,24.166666667
0.389,0.6,0.0992,0.184,0.184,0.436,1,0,0,0,0,0.233,24.166666667,24.166666667
0.444,0.619,0.136,0.206,0.206,0,0,0,0,0,0,0.166,24.166666667,24.166666667
0.569,0.648,0.207,0.261,0.261,0,0,0,0,0,0.417,0.0998,24.166666667,24.166666667
0.556,0.655,0.266,0.29,0.29,0,0,0,0,0,0.05,0.0333,24.166666667,24.166666667
0.694,0.648,0.362,0.348,0.348,0,0,0,0,0,0,0.123,24.166666667,24.166666667
0.694,0.618,0.246,0.257,0.257,0,0,0,0,0,0,0.225,24.166666667,24.166666667
0.833,0.603,0.21,0.261,0.261,0,0,0,0,0,0,0.0757,24.166666667,24.166666667
0.833,0.599,0.0161,0.0577,0.0577,0,0,0,0,0,0,0,24.166666667,24.166666667
0.833,0.599,0.0161,0.0577,0.0577,0,0,0,0,0,0,0,24.166666667,24.166666667
0.944,0.599,0.0161,0.0577,0.0577,0,0,0,0,0,0,0,24.166666667,24.166666667
1,0.599,0.0161,0.0577,0.0577,0,0,0,0,0,0,0,24.166666667,24.166666667
1,0.599,0.0161,0.0577,0.0577,0,0,0,0,0,0,0,17.777777778,23.888888889
1,0.599,0.0161,0.0577,0.0577,0,0,0,0,0,0,0,17.777777778,23.888888889
1,0.599,0.0161,0.0577,0.0577,0,0,0,0,0,0,0,17.777777778,23.888888889
0.931,0.583,0.0199,0.0723,0.0723,0,0,0,0,0,0,0.447,17.777777778,23.888888889
0.833,0.586,0.0241,0.105,0.105,0,0,0,0,0,0.417,0.2,17.777777778,23.888888889
0.694,0.589,0.0366,0.167,0.167,0,0,0,0,0,0.05,0.339,17.777777778,23.888888889
0.347,0.591,0.0474,0.189,0.189,0,0,0,0,0,0,0.466,17.777777778,23.888888889
0.25,0.594,0.0445,0.152,0.152,0,0,0,0,0,0,0.292,17.777777778,23.888888889
0.181,0.595,0.0395,0.123,0.123,0,0,0,0,0,0,0.266,17.777777778,23.888888889
0.167,0.595,0.0405,0.115,0.115,0,0,0,0,0,0,0.166,24.166666667,24.166666667
0.167,0.595,0.0421,0.113,0.113,0,0,0,0,0,0,0.2,24.166666667,24.166666667
0.0139,0.599,0.0183,0.0623,0.0623,0,0,0,0,0,0,0,24.166666667,24.166666667
0.167,0.595,0.048,0.112,0.112,0.335,0.417,0.0143,0.167,0,0,0.241,24.166666667,24.166666667
0.431,0.601,0.108,0.198,0.198,0.188,0.983,0,0.833,0.167,0,0.176,24.166666667,24.166666667
0.333,0.614,0.106,0.169,0.169,0,0,0,0,1,0.467,0.25,24.166666667,24.166666667
0.472,0.64,0.175,0.227,0.227,0,0,0,0,0.0333,0,0.178,24.166666667,24.166666667
0.667,0.667,0.318,0.337,0.337,0.633,0.667,0,0,0,0,0.0998,24.166666667,24.166666667
0.667,0.659,0.441,0.415,0.415,0.559,0.5,0,0,0,0,0.0333,24.166666667,24.166666667
0.736,0.636,0.481,0.461,0.461,0.146,0,0,0,0,0,0,24.166666667,24.166666667
0.903,0.606,0.477,0.549,0.549,0,0,0,0,0,0,0.0296,24.166666667,24.166666667
1,0.58,0.226,0.324,0.324,0,0,0,0,0,0,0.124,24.166666667,24.166666667
1,0.57,0.0866,0.145,0.145,0,0,0,0,0,0,0.159,24.166666667,24.166666667
1,0.572,0.0428,0.0846,0.0846,0,0,0,0,0,0,0.166,24.166666667,24.166666667
1,0.597,0.0195,0.0589,0.0589,0,0,0,0,0,0,0,24.166666667,24.166666667
1,0.599,0.0184,0.0577,0.0577,0,0,0,0,0,0,0,17.777777778,23.888888889
1,0.599,0.0184,0.0577,0.0577,0,0,0,0,0,0,0,17.777777778,23.888888889
0.847,0.583,0.0194,0.058,0.058,0,0,0,0,0,0,0.166,17.777777778,23.888888889
0.833,0.582,0.0205,0.0723,0.0723,0,0,0,0,0,0,0.233,17.777777778,23.888888889
0.833,0.586,0.0241,0.105,0.105,0,0,0,0,0,0.417,0.0665,17.777777778,23.888888889
0.833,0.585,0.0487,0.211,0.211,0,0,0,0,0,0.767,0.0665,17.777777778,23.888888889
0.722,0.59,0.0715,0.211,0.211,0,0,0,0,0,0,0.0665,17.777777778,23.888888889
0.667,0.587,0.126,0.266,0.266,0,0,0,0,0,0.467,0.233,17.777777778,23.888888889
0.556,0.587,0.148,0.259,0.259,0.783,0.917,0,0,0,0,0.107,17.777777778,23.888888889
0.5,0.588,0.148,0.229,0.229,0.79,0.25,0,0,0,0,0.29,24.166666667,24.166666667
0.611,0.586,0.19,0.259,0.259,0.199,0,0,0,0,0,0.334,24.166666667,24.166666667
0.708,0.584,0.254,0.288,0.288,0,0,0,0,0,0.917,0.607,24.166666667,24.166666667
0.556,0.587,0.231,0.238,0.238,0,0,0,0,0,0.5,0.0998,24.166666667,24.166666667
0.681,0.602,0.308,0.279,0.279,0,0,0,0,0,0,0.0998,24.166666667,24.166666667
0.681,0.628,0.324,0.284,0.284,0,0,0,0,0,0,0,24.166666667,24.166666667
0.667,0.656,0.329,0.296,0.296,0,0,0,0,0,0,0,24.166666667,24.166666667
0.667,0.667,0.383,0.337,0.337,0.418,0.417,0,0,0,0,0.188,24.166666667,24.166666667
0.514,0.645,0.385,0.331,0.331,0.731,0.05,0,0,0,0,0.145,24.166666667,24.166666667
0.5,0.621,0.314,0.296,0.296,0.469,0,0,0,0,0,0.0793,24.166666667,24.166666667
0.5,0.603,0.286,0.332,0.332,0,0,0,0,0,0,0.0333,24.166666667,24.166666667
0.722,0.573,0.303,0.395,0.395,0,0,0,0,0,0.417,0,24.166666667,24.166666667
0.833,0.569,0.112,0.162,0.162,0,0,0,0,0,0.517,0,24.166666667,24.166666667
0.903,0.565,0.0494,0.0906,0.0906,0,0,0,0,0,0,0,24.166666667,24.166666667
1,0.567,0.0295,0.0681,0.0681,0,0,0,0,0,0,0.233,24.166666667,24.166666667
1,0.582,0.0202,0.0581,0.0581,0,0,0,0,0,0,0.2,17.777777778,23.888888889
1,0.597,0.0185,0.0577,0.0577,0,0,0,0,0,0,0,17.777777778,23.888888889
1,0.599,0.0184,0.0577,0.0577,0,0,0,0,0,0,0,17.777777778,23.888888889
1,0.599,0.0184,0.0577,0.0577,0,0,0,0,0,0,0,17.777777778,23.888888889
1,0.599,0.0184,0.0577,0.0577,0,0,0,0,0,0,0,17.777777778,23.888888889
1,0.599,0.0184,0.0577,0.0577,0,0,0,0,0,0,0,17.777777778,23.888888889
1,0.596,0.0383,0.112,0.112,0,0,0,0,0,0,0.238,17.777777778,23.888888889
1,0.592,0.0822,0.183,0.183,0,0,0,0,0,0,0.279,17.777777778,23.888888889
0.931,0.584,0.185,0.313,0.313,0,0,0,0,0,0,0.539,17.777777778,23.888888889
0.833,0.581,0.235,0.344,0.344,0,0,0,0,0,0.167,0.214,24.166666667,24.166666667
0.833,0.583,0.233,0.309,0.309,0.519,0.667,0,0,0,0.3,0.586,24.166666667,24.166666667
0.597,0.59,0.161,0.198,0.198,0.271,0.0333,0,0,0,0,0.352,24.166666667,24.166666667
0.819,0.588,0.21,0.22,0.22,0,0,0,0,0,0.7,0.233,24.166666667,24.166666667
0.681,0.601,0.231,0.221,0.221,0,0,0,0,0,0,0.2,24.166666667,24.166666667
0.667,0.621,0.243,0.224,0.224,0,0,0,0,0,0,0.233,24.166666667,24.166666667
0.667,0.648,0.284,0.261,0.261,0.365,0.417,0,0,0,0,0.241,24.166666667,24.166666667
0.667,0.667,0.383,0.337,0.337,0.6,0.517,0,0,0,0.417,0.166,24.166666667,24.166666667
0.736,0.665,0.549,0.453,0.453,0.179,0,0,0,0,0.767,0.0333,24.166666667,24.166666667
0.903,0.655,0.767,0.664,0.664,0,0,0,0,0,0,0.0333,24.166666667,24.166666667
1,0.607,0.566,0.616,0.616,0,0,0,0,0,0,0,24.166666667,24.166666667
1,0.577,0.29,0.377,0.377,0,0,0,0,0,0,0.112,24.166666667,24.166666667
1,0.566,0.114,0.163,0.163,0,0,0,0,0,0,0.12,24.166666667,24.166666667
0.889,0.576,0.0355,0.081,0.081,0,0,0,0,0,0,0.0999,24.166666667,24.166666667
0.833,0.582,0.0208,0.0633,0.0633,0,0,0,0,0,0,0,24.166666667,24.166666667
0.833,0.582,0.0171,0.0581,0.0581,0,0,0,0,0,0,0.166,17.777777778,23.888888889
0.764,0.589,0.0161,0.0577,0.0577,0,0,0,0,0,0,0.166,17.777777778,23.888888889
0.972,0.567,0.0188,0.0583,0.0583,0,0,0,0,0,0,0.187,17.777777778,23.888888889
1,0.557,0.0257,0.0935,0.0935,0,0,0,0,0,0,0.222,17.777777778,23.888888889
0.792,0.559,0.0407,0.204,0.204,0,0,0,0,0,0,0.452,17.777777778,23.888888889
0.458,0.586,0.0404,0.187,0.187,0,0,0,0,0,0,0.346,17.777777778,23.888888889
0.347,0.591,0.0474,0.189,0.189,0,0,0,0,0,0,0.319,17.777777778,23.888888889
0.292,0.593,0.0494,0.167,0.167,0,0,0,0,0,0,0.166,17.777777778,23.888888889
0.333,0.592,0.0597,0.178,0.178,0,0,0,0,0,0,0.0665,17.777777778,23.888888889
0.333,0.592,0.065,0.172,0.172,0,0,0,0,0,0,0.166,24.166666667,24.166666667
0.181,0.595,0.0442,0.117,0.117,0,0,0,0,0,0,0.0665,24.166666667,24.166666667
0.167,0.595,0.0457,0.112,0.112,0,0,0,0,0,0,0.266,24.166666667,24.166666667
0.167,0.595,0.0478,0.112,0.112,0,0,0,0,0,0,0.266,24.166666667,24.166666667
0.0139,0.599,0.0187,0.0622,0.0622,0,0,0,0,0,0,0,24.166666667,24.166666667
0.181,0.607,0.0654,0.118,0.118,0,0,0,0,0,0,0.166,24.166666667,24.166666667
0.528,0.645,0.193,0.246,0.246,0,0,0,0,0,0,0.479,24.166666667,24.166666667
0.611,0.661,0.294,0.314,0.314,0,0,0,0,0,0,0.254,24.166666667,24.166666667
0.667,0.645,0.342,0.331,0.331,0,0,0,0,0,0,0.157,24.166666667,24.166666667
0.583,0.626,0.348,0.345,0.345,0,0,0,0,0,0,0.127,24.166666667,24.166666667
0.667,0.604,0.402,0.469,0.469,0,0,0,0,0,0,0,24.166666667,24.166666667
0.819,0.586,0.175,0.258,0.258,0,0,0,0,0,0,0.327,24.166666667,24.166666667
0.903,0.592,0.0356,0.0821,0.0821,0,0,0,0,0,0,0,24.166666667,24.166666667
1,0.585,0.0272,0.0718,0.0718,0,0,0,0,0,0,0,24.166666667,24.166666667
1,0.599,0.0161,0.0577,0.0577,0,0,0,0,0,0,0,24.166666667,24.166666667
1,0.599,0.0161,0.0577,0.0577,0,0,0,0,0,0,0,17.777777778,23.888888889
1,0.599,0.0161,0.0577,0.0577,0,0,0,0,0,0,0,17.777777778,23.888888889
1,0.58,0.0177,0.058,0.058,0,0,0,0,0,0,0.436,17.777777778,23.888888889
0.736,0.592,0.0174,0.0617,0.0617,0,0,0,0,0,0,0.367,17.777777778,23.888888889
0.514,0.574,0.0327,0.158,0.158,0,0,0,0,0,0,0.37,17.777777778,23.888888889
0.5,0.58,0.0526,0.252,0.252,0,0,0,0,0,0,0.445,17.777777778,23.888888889
0.431,0.589,0.0564,0.227,0.227,0,0,0,0,0,0,0.609,17.777777778,23.888888889
0.181,0.595,0.0365,0.126,0.126,0,0,0,0,0,0,0.0333,17.777777778,23.888888889
0.167,0.595,0.0379,0.118,0.118,0,0,0,0,0,0,0.166,17.777777778,23.888888889
0.167,0.595,0.0405,0.115,0.115,0,0,0,0,0,0,0.133,24.166666667,24.166666667
0.167,0.595,0.0421,0.113,0.113,0,0,0,0,0,0,0.133,24.166666667,24.166666667
0.167,0.595,0.0457,0.112,0.112,0,0,0,0,0,0,0.233,24.166666667,24.166666667
0.236,0.594,0.0611,0.134,0.134,0,0,0,0,0,0,0.172,24.166666667,24.166666667
0.333,0.6,0.0875,0.166,0.166,0,0,0,0,0,0.417,0.266,24.166666667,24.166666667
0.181,0.606,0.0638,0.118,0.118,0,0,0,0,0,1,0.233,24.166666667,24.166666667
0.319,0.627,0.124,0.172,0.172,0,0,0,0,0,1,0.132,24.166666667,24.166666667
0.542,0.654,0.263,0.286,0.286,0,0,0,0,0,0.65,0.414,24.166666667,24.166666667
0.833,0.664,0.475,0.444,0.444,0,0,0,0,0,0,0.141,24.166666667,24.166666667
0.833,0.641,0.548,0.519,0.519,0,0,0,0,0,0,0.0998,24.166666667,24.166666667
0.722,0.606,0.445,0.514,0.514,0,0,0,0,0,0,0.115,24.166666667,24.166666667
0.694,0.583,0.201,0.291,0.291,0,0,0,0,0,0,0.334,24.166666667,24.166666667
0.833,0.576,0.0798,0.137,0.137,0,0,0,0,0,0,0.115,24.166666667,24.166666667
0.903,0.579,0.031,0.0766,0.0766,0,0,0,0,0,0.417,0.206,24.166666667,24.166666667
1,0.564,0.0256,0.0689,0.0689,0,0,0,0,0,0.283,0.0736,24.166666667,24.166666667
1,0.58,0.0174,0.0585,0.0585,0,0,0,0,0,0,0.0998,17.777777778,23.888888889
1,0.582,0.0161,0.0577,0.0577,0,0,0,0,0,0,0.195,17.777777778,23.888888889
0.847,0.597,0.0161,0.0577,0.0577,0,0,0,0,0,0,0,17.777777778,23.888888889
0.833,0.589,0.0185,0.067,0.067,0,0,0,0,0,0,0.236,17.777777778,23.888888889
0.806,0.563,0.0383,0.19,0.19,0,0,0,0,0,0.917,0.3,17.777777778,23.888888889
0.514,0.586,0.0404,0.187,0.187,0,0,0,0,0,0.0167,0.3,17.777777778,23.888888889
0.5,0.59,0.054,0.216,0.216,0,0,0,0,0,0,0.382,17.777777778,23.888888889
0.5,0.588,0.0733,0.245,0.245,0.354,0.417,0,0,0,0,0.241,17.777777778,23.888888889
0.5,0.588,0.0814,0.238,0.238,0.495,0.983,0.569,0.917,0,0,0.314,17.777777778,23.888888889
0.194,0.595,0.0442,0.125,0.125,0,0,0.517,0.0833,0.917,0,0.0665,24.166666667,24.166666667
0.167,0.595,0.0421,0.113,0.113,0,0,0,0,0.05,0.467,0,24.166666667,24.166666667
0.167,0.595,0.0457,0.112,0.112,0,0,0,0,0,0,0.166,24.166666667,24.166666667
0.194,0.595,0.0531,0.121,0.121,0,0,0,0,0,0,0.166,24.166666667,24.166666667
0.361,0.6,0.0935,0.175,0.175,0,0,0,0,0,0,0.0998,24.166666667,24.166666667
0.597,0.626,0.177,0.257,0.257,0,0,0,0,0,0,0.0333,24.166666667,24.166666667
0.806,0.668,0.285,0.345,0.345,0,0,0,0,0,0,0.141,24.166666667,24.166666667
0.667,0.667,0.318,0.337,0.337,0.141,0.167,0,0,0,0,0.0665,24.166666667,24.166666667
0.667,0.659,0.441,0.415,0.415,0.542,1,0.499,0.917,0,0,0.0665,24.166666667,24.166666667
0.667,0.641,0.548,0.519,0.519,0.373,0.417,0.027,0.35,0.483,0,0,24.166666667,24.166666667
0.819,0.605,0.328,0.386,0.386,0.697,0.05,0,0,0,0,0,24.166666667,24.166666667
0.833,0.588,0.146,0.221,0.221,0.588,0,0,0,0,0,0.0333,24.166666667,24.166666667
0.833,0.591,0.0382,0.0854,0.0854,0,0,0,0,0,0,0.0333,24.166666667,24.166666667
0.833,0.599,0.0161,0.0577,0.0577,0,0,0,0,0,0,0,24.166666667,24.166666667
0.833,0.599,0.0161,0.0577,0.0577,0,0,0,0,0,0,0,24.166666667,24.166666667
0.833,0.599,0.0161,0.0577,0.0577,0,0,0,0,0,0,0,17.777777778,23.888888889
0.944,0.587,0.0161,0.0577,0.0577,0,0,0,0,0,0,0.416,17.777777778,23.888888889
0.847,0.597,0.0161,0.0577,0.0577,0,0,0,0,0,0,0.0333,17.777777778,23.888888889
0.833,0.576,0.0216,0.0789,0.0789,0,0,0,0,0,0,0.346,17.777777778,23.888888889
0.75,0.574,0.0314,0.148,0.148,0,0,0,0,0,0,0.138,17.777777778,23.888888889
0.681,0.58,0.0526,0.252,0.252,0,0,0,0,0,0,0.618,17.777777778,23.888888889
0.597,0.589,0.0564,0.227,0.227,0,0,0,0,0,0,0.264,17.777777778,23.888888889
0.5,0.592,0.0542,0.183,0.183,0,0,0,0,0,0,0.231,17.777777778,23.888888889
0.5,0.592,0.0597,0.178,0.178,0,0,0,0,0,0,0.346,17.777777778,23.888888889
0.5,0.592,0.065,0.172,0.172,0,0,0,0,0,0,0.0907,24.166666667,24.166666667
0.5,0.589,0.0922,0.218,0.218,0,0,0,0,0,0.467,0.24,24.166666667,24.166666667
0.431,0.59,0.0926,0.197,0.197,0,0,0,0,0,0,0.0998,24.166666667,24.166666667
0.333,0.592,0.0795,0.166,0.166,0,0,0,0,0,0,0.0333,24.166666667,24.166666667
0.333,0.6,0.0875,0.166,0.166,0,0,0.631,0.417,0,0,0.133,24.166666667,24.166666667
0.708,0.632,0.208,0.294,0.294,0,0,0.623,0.583,0.233,0,0.386,24.166666667,24.166666667
0.764,0.664,0.271,0.33,0.33,0,0,0.27,0,0,0,0.147,24.166666667,24.166666667
0.667,0.667,0.318,0.337,0.337,0.391,0.417,0,0,0,0,0.42,24.166666667,24.166666667
0.625,0.655,0.414,0.392,0.392,0.51,0.283,0.283,0.667,0,0,0.329,24.166666667,24.166666667
0.694,0.643,0.571,0.539,0.539,0,0,0.494,0.333,0.233,0,0.238,24.166666667,24.166666667
0.833,0.606,0.424,0.489,0.489,0,0,0.234,0,0,0,0.0787,24.166666667,24.166666667
0.833,0.591,0.124,0.192,0.192,0,0,0,0,0,0,0.0895,24.166666667,24.166666667
0.833,0.599,0.0161,0.0577,0.0577,0,0,0,0,0,0,0,24.166666667,24.166666667
0.833,0.599,0.0161,0.0577,0.0577,0,0,0,0,0,0,0,24.166666667,24.166666667
0.833,0.599,0.0161,0.0577,0.0577,0,0,0,0,0,0,0,24.166666667,24.166666667
0.903,0.599,0.0161,0.0577,0.0577,0,0,0,0,0,0,0,17.777777778,23.888888889
1,0.599,0.0161,0.0577,0.0577,0,0,0,0,0,0,0,17.777777778,23.888888889
1,0.583,0.0174,0.058,0.058,0,0,0,0,0,0,0.376,17.777777778,23.888888889
1,0.55,0.0276,0.101,0.101,0,0,0,0,0,0.233,0.289,17.777777778,23.888888889
0.792,0.564,0.0373,0.183,0.183,0,0,0,0,0,0.417,0.356,17.777777778,23.888888889
0.472,0.586,0.0428,0.2,0.2,0,0,0,0,0,0.05,0.45,17.777777778,23.888888889
0.333,0.591,0.0474,0.189,0.189,0,0,0,0,0,0,0.0665,17.777777778,23.888888889
0.333,0.592,0.0542,0.183,0.183,0,0,0,0,0,0,0.0998,17.777777778,23.888888889
0.444,0.59,0.0743,0.218,0.218,0,0,0,0,0,0,0.315,17.777777778,23.888888889
0.194,0.595,0.0442,0.125,0.125,0,0,0,0,0,0,0,24.166666667,24.166666667
0.167,0.595,0.0421,0.113,0.113,0,0,0,0,0,0,0.2,24.166666667,24.166666667
0.167,0.595,0.0457,0.112,0.112,0,0,0,0,0,0,0.233,24.166666667,24.166666667
0.167,0.595,0.0478,0.112,0.112,0,0,0,0,0,0,0.133,24.166666667,24.166666667
0.111,0.599,0.0398,0.0939,0.0939,0,0,0,0,0,0.167,0.0665,24.166666667,24.166666667
0.361,0.615,0.113,0.178,0.178,0,0,0,0,0,0.0667,0.333,24.166666667,24.166666667
0.653,0.655,0.235,0.291,0.291,0,0,0,0,0,0,0.358,24.166666667,24.166666667
0.625,0.662,0.298,0.319,0.319,0,0,0,0,0,0,0.0624,24.166666667,24.166666667
0.667,0.659,0.441,0.415,0.415,0,0,0,0,0,0,0.0333,24.166666667,24.166666667
0.667,0.641,0.548,0.519,0.519,0,0,0,0,0,0,0.294,24.166666667,24.166666667
0.667,0.606,0.53,0.607,0.607,0,0,0,0,0,0,0.106,24.166666667,24.166666667
0.667,0.577,0.269,0.377,0.377,0,0,0,0,0,0,0.622,24.166666667,24.166666667
0.667,0.569,0.0929,0.154,0.154,0,0,0,0,0,0,0.201,24.166666667,24.166666667
0.778,0.569,0.045,0.087,0.087,0,0,0,0,0,0,0.0957,24.166666667,24.166666667
0.833,0.58,0.0255,0.0645,0.0645,0,0,0,0,0,0,0.0998,24.166666667,24.166666667
0.833,0.582,0.0202,0.0581,0.0581,0,0,0,0,0,0,0.2,17.777777778,23.888888889
0.833,0.582,0.0185,0.0577,0.0577,0,0,0,0,0,0,0.133,17.777777778,23.888888889
0.986,0.597,0.0184,0.0577,0.0577,0,0,0,0,0,0,0,17.777777778,23.888888889
1,0.599,0.0184,0.0577,0.0577,0,0,0,0,0,0,0,17.777777778,23.888888889
1,0.597,0.0194,0.0661,0.0661,0,0,0,0,0,0,0.102,17.777777778,23.888888889
1,0.586,0.0454,0.194,0.194,0,0,0,0,0,0,0.235,17.777777778,23.888888889
0.847,0.588,0.0874,0.254,0.254,0,0,0,0,0,0,0.217,17.777777778,23.888888889
0.833,0.588,0.114,0.245,0.245,0,0,0,0,0,0,0.519,17.777777778,23.888888889
0.486,0.592,0.089,0.168,0.168,0,0,0,0,0,0.917,0.176,17.777777778,23.888888889
0.347,0.592,0.105,0.172,0.172,0,0,0,0,0,0.967,0.0333,24.166666667,24.166666667
0.486,0.589,0.155,0.218,0.218,0,0,0.556,0.917,0,0,0.2,24.166666667,24.166666667
0.681,0.585,0.246,0.279,0.279,0,0,0.11,0.0833,0.917,0.417,0.0998,24.166666667,24.166666667
0.917,0.58,0.37,0.355,0.355,0,0,0,0,0.283,0.05,0.133,24.166666667,24.166666667
0.833,0.602,0.372,0.329,0.329,0,0,0,0,0,0,0.499,24.166666667,24.166666667
0.833,0.636,0.393,0.335,0.335,0,0,0,0,0,0,0.2,24.166666667,24.166666667
0.681,0.649,0.296,0.27,0.27,0,0,0,0,0,0,0.2,24.166666667,24.166666667
0.597,0.659,0.344,0.307,0.307,0,0,0,0,0,0,0.233,24.166666667,24.166666667
0.611,0.654,0.459,0.386,0.386,0,0,0,0,0,0,0,24.166666667,24.166666667
0.819,0.651,0.721,0.627,0.627,0,0,0,0,0,0,0.0333,24.166666667,24.166666667
0.986,0.609,0.754,0.813,0.813,0.671,0.467,0,0,0,0,0.0834,24.166666667,24.166666667
1,0.575,0.322,0.413,0.413,0,0,0,0,0,0,0.0998,24.166666667,24.166666667
1,0.562,0.123,0.173,0.173,0,0,0,0,0,0,0.0333,24.166666667,24.166666667
1,0.58,0.0369,0.0774,0.0774,0,0,0,0,0,0,0.0333,24.166666667,24.166666667
1,0.581,0.0244,0.0633,0.0633,0,0,0,0,0,0,0.0333,24.166666667,24.166666667
0.931,0.581,0.0202,0.0581,0.0581,0,0,0,0,0,0,0,17.777777778,23.888888889
0.986,0.588,0.0185,0.0577,0.0577,0,0,0,0,0,0,0,17.777777778,23.888888889
1,0.571,0.0202,0.0581,0.0581,0,0,0.439,0.917,0,0,0.131,17.777777778,23.888888889
1,0.563,0.0227,0.0864,0.0864,0,0,0.286,0.117,0.883,0,0.0998,17.777777778,23.888888889
1,0.571,0.0299,0.151,0.151,0,0,0.679,0,0.267,0,0.0665,17.777777778,23.888888889
1,0.582,0.0494,0.213,0.213,0,0,0.267,0,0,0,0.2,17.777777778,23.888888889
1,0.586,0.0877,0.251,0.251,0,0,0.55,0,0,0,0.166,17.777777778,23.888888889
1,0.582,0.144,0.297,0.297,0,0,0.402,0,0,0,0.073,17.777777778,23.888888889
1,0.578,0.211,0.346,0.346,0.694,0.917,0.504,0.667,0,0.233,0.147,17.777777778,23.888888889
0.944,0.575,0.261,0.369,0.369,0.112,0.45,0.792,0.367,0.633,0,0.255,24.166666667,24.166666667
0.847,0.577,0.257,0.329,0.329,0,0,0.52,0,0.517,0,0.27,24.166666667,24.166666667
1,0.574,0.352,0.374,0.374,0.398,0.417,0.657,0,0,0,0.175,24.166666667,24.166666667
0.847,0.577,0.343,0.325,0.325,0.242,0.717,0.607,0,0,0,0.2,24.166666667,24.166666667
0.722,0.598,0.326,0.287,0.287,0,0,0.421,0,0,0,0.369,24.166666667,24.166666667
0.75,0.629,0.357,0.301,0.301,0,0,0,0,0,0.917,0.391,24.166666667,24.166666667
0.639,0.65,0.317,0.28,0.28,0,0,0,0,0,0.95,0.232,24.166666667,24.166666667
0.5,0.647,0.292,0.262,0.262,0,0,0,0,0,0,0.347,24.166666667,24.166666667
0.653,0.654,0.491,0.402,0.402,0,0,0,0,0,0,0.485,24.166666667,24.166666667
0.625,0.627,0.421,0.377,0.377,0,0,0,0,0,0,0.0333,24.166666667,24.166666667
0.778,0.602,0.51,0.556,0.556,0,0,0,0,0,0,0,24.166666667,24.166666667
0.833,0.567,0.367,0.465,0.465,0,0,0,0,0,0,0,24.166666667,24.166666667
0.986,0.56,0.13,0.181,0.181,0,0,0,0,0,0,0,24.166666667,24.166666667
1,0.574,0.0366,0.0822,0.0822,0,0,0,0,0,0,0,24.166666667,24.166666667
1,0.599,0.0161,0.0577,0.0577,0,0,0,0,0,0,0,24.166666667,24.166666667
1,0.599,0.0161,0.0577,0.0577,0,0,0,0,0,0,0,17.777777778,23.888888889
1,0.599,0.0161,0.0577,0.0577,0,0,0,0,0,0,0,17.777777778,23.888888889
0.847,0.599,0.0161,0.0577,0.0577,0,0,0,0,0,0,0,17.777777778,23.888888889
0.833,0.58,0.0206,0.0746,0.0746,0,0,0,0,0,0,0.323,17.777777778,23.888888889
0.833,0.548,0.0468,0.238,0.238,0,0,0,0,0,0,0.233,17.777777778,23.888888889
0.542,0.575,0.0552,0.264,0.264,0,0,0,0,0,0,0.575,17.777777778,23.888888889
0.264,0.592,0.0408,0.16,0.16,0,0,0,0,0,0.917,0.2,17.777777778,23.888888889
0.167,0.595,0.0352,0.119,0.119,0,0,0,0,0,1,0.233,17.777777778,23.888888889
0.167,0.595,0.0379,0.116,0.116,0,0,0,0,0,1,0.2,17.777777778,23.888888889
0.167,0.595,0.0406,0.113,0.113,0,0,0,0,0,0.133,0.0665,24.166666667,24.166666667
0.278,0.592,0.0597,0.147,0.147,0,0,0.42,0.667,0,0,0.0333,24.166666667,24.166666667
0.333,0.59,0.0756,0.163,0.163,0,0,0.458,0.367,0.633,0,0.0998,24.166666667,24.166666667
0.361,0.59,0.0797,0.163,0.163,0,0,0,0,0.75,0,0.433,24.166666667,24.166666667
0.5,0.599,0.121,0.212,0.212,0,0,0,0,0,0,0.239,24.166666667,24.166666667
0.653,0.625,0.193,0.269,0.269,0,0,0,0,0,0.467,0.399,24.166666667,24.166666667
0.819,0.665,0.291,0.343,0.343,0,0,0,0,0,0,0.0333,24.166666667,24.166666667
0.806,0.677,0.381,0.387,0.387,0,0,0,0,0,0,0.166,24.166666667,24.166666667
0.667,0.656,0.443,0.408,0.408,0,0,0,0,0,0,0.0998,24.166666667,24.166666667
0.667,0.626,0.369,0.358,0.358,0,0,0,0,0,0,0,24.166666667,24.166666667
0.778,0.601,0.188,0.237,0.237,0,0,0,0,0,0,0.0333,24.166666667,24.166666667
0.819,0.595,0.0587,0.11,0.11,0,0,0,0,0,0,0,24.166666667,24.166666667
1,0.598,0.0224,0.0659,0.0659,0,0,0,0,0,0,0,24.166666667,24.166666667
1,0.599,0.0161,0.0577,0.0577,0,0,0,0,0,0,0,24.166666667,24.166666667
1,0.599,0.0161,0.0577,0.0577,0,0,0,0,0,0,0,24.166666667,24.166666667
1,0.599,0.0161,0.0577,0.0577,0,0,0,0,0,0,0,17.777777778,23.888888889
1,0.599,0.0161,0.0577,0.0577,0,0,0,0,0,0,0,17.777777778,23.888888889
1,0.599,0.0161,0.0577,0.0577,0,0,0,0,0,0,0,17.777777778,23.888888889
1,0.583,0.0199,0.072,0.072,0,0,0,0,0,0,0.303,17.777777778,23.888888889
1,0.555,0.0429,0.216,0.216,0,0,0.372,0.417,0,0,0.445,17.777777778,23.888888889
0.861,0.571,0.0649,0.314,0.314,0,0,0.51,0.617,0.383,0,0.496,17.777777778,23.888888889
0.667,0.581,0.0789,0.315,0.315,0,0,0.561,0,1,0,0.307,17.777777778,23.888888889
0.361,0.59,0.057,0.191,0.191,0,0,0.769,0,0,0,0.0665,17.777777778,23.888888889
0.333,0.59,0.0598,0.175,0.175,0,0,0.789,0,0,0,0.2,17.777777778,23.888888889
0.264,0.592,0.0548,0.146,0.146,0,0,0.48,0,0,0,0,24.166666667,24.166666667
0.319,0.591,0.0663,0.16,0.16,0,0,0.394,0,0,0,0.0998,24.166666667,24.166666667
0.375,0.589,0.0831,0.176,0.176,0,0,0.288,0.167,0,0,0.233,24.166666667,24.166666667
0.444,0.588,0.101,0.198,0.198,0,0,0.28,0.867,0.133,0,0.266,24.166666667,24.166666667
0.5,0.599,0.124,0.216,0.216,0,0,0.466,0,0.0833,0,0.166,24.166666667,24.166666667
0.542,0.62,0.162,0.233,0.233,0,0,0.234,0,0,0,0.0998,24.166666667,24.166666667
0.569,0.645,0.207,0.256,0.256,0,0,0.469,0,0,0,0.0665,24.166666667,24.166666667
0.639,0.661,0.306,0.319,0.319,0,0,0,0,0,0.167,0.233,24.166666667,24.166666667
0.528,0.644,0.354,0.335,0.335,0,0,0,0,0,1,0.194,24.166666667,24.166666667
0.583,0.633,0.482,0.454,0.454,0,0,0,0,0,0.467,0.151,24.166666667,24.166666667
0.819,0.604,0.65,0.726,0.726,0,0,0,0,0,0,0.231,24.166666667,24.166666667
0.833,0.568,0.338,0.46,0.46,0,0,0,0,0,0,0.171,24.166666667,24.166666667
0.944,0.554,0.122,0.189,0.189,0,0,0,0,0,0,0.183,24.166666667,24.166666667
1,0.549,0.0535,0.105,0.105,0,0,0,0,0,0,0.157,24.166666667,24.166666667
1,0.58,0.0218,0.0645,0.0645,0,0,0,0,0,0,0.166,24.166666667,24.166666667
1,0.597,0.0164,0.0581,0.0581,0,0,0,0,0,0,0,17.777777778,23.888888889
1,0.599,0.0161,0.0577,0.0577,0,0,0,0,0,0,0,17.777777778,23.888888889
1,0.583,0.0175,0.0579,0.0579,0,0,0,0,0,0,0.28,17.777777778,23.888888889
0.889,0.585,0.019,0.0681,0.0681,0,0,0,0,0,0,0.262,17.777777778,23.888888889
0.833,0.567,0.0353,0.171,0.171,0,0,0,0,0,0,0.363,17.777777778,23.888888889
0.764,0.578,0.0527,0.25,0.25,0,0,0,0,0,0,0.187,17.777777778,23.888888889
0.639,0.586,0.0605,0.24,0.24,0,0,0,0,0,0,0.279,17.777777778,23.888888889
0.472,0.588,0.0641,0.21,0.21,0,0,0,0,0,0,0.23,17.777777778,23.888888889
0.333,0.59,0.0598,0.175,0.175,0,0,0,0,0,0,0.266,17.777777778,23.888888889
0.222,0.593,0.0486,0.132,0.132,0,0,0,0,0,0,0.0333,24.166666667,24.166666667
0.167,0.595,0.0422,0.111,0.111,0,0,0,0,0,0,0.0998,24.166666667,24.166666667
0.319,0.594,0.0534,0.123,0.123,0,0,0,0,0,0.667,0.299,24.166666667,24.166666667
0.375,0.594,0.0559,0.123,0.123,0,0,0,0,0,0.267,0.333,24.166666667,24.166666667
0.403,0.599,0.1,0.181,0.181,0,0,0,0,0,0,0.2,24.166666667,24.166666667
0.458,0.617,0.139,0.206,0.206,0,0,0,0,0,0,0.133,24.166666667,24.166666667
0.569,0.645,0.207,0.256,0.256,0,0,0,0,0,0.467,0.0333,24.166666667,24.166666667
0.667,0.663,0.319,0.33,0.33,0,0,0,0,0,0,0.2,24.166666667,24.166666667
0.583,0.649,0.388,0.363,0.363,0,0,0,0,0,0,0.208,24.166666667,24.166666667
0.667,0.638,0.55,0.512,0.512,0,0,0,0,0,0,0.0333,24.166666667,24.166666667
0.778,0.603,0.479,0.543,0.543,0,0,0,0,0,0,0.0802,24.166666667,24.166666667
0.833,0.595,0.0865,0.141,0.141,0,0,0,0,0,0,0.108,24.166666667,24.166666667
0.861,0.596,0.0213,0.0642,0.0642,0,0,0,0,0,0,0.115,24.166666667,24.166666667
1,0.598,0.0187,0.0609,0.0609,0,0,0,0,0,0,0,24.166666667,24.166666667
1,0.599,0.0161,0.0577,0.0577,0,0,0,0,0,0,0,24.166666667,24.166666667
1,0.599,0.0161,0.0577,0.0577,0,0,0,0,0,0,0,17.777777778,23.888888889
1,0.599,0.0161,0.0577,0.0577,0,0,0,0,0,0,0,17.777777778,23.888888889
1,0.583,0.0175,0.0579,0.0579,0,0,0,0,0,0.417,0.773,17.777777778,23.888888889
0.931,0.572,0.0221,0.0799,0.0799,0.725,0.917,0,0,0,0.283,0.0665,17.777777778,23.888888889
0.806,0.545,0.0492,0.253,0.253,0,0.45,0,0,0,0,0.649,17.777777778,23.888888889
0.528,0.576,0.0545,0.259,0.259,0,0,0,0,0,0,0.283,17.777777778,23.888888889
0.181,0.594,0.0328,0.128,0.128,0,0,0,0,0,0,0.166,17.777777778,23.888888889
0.0139,0.599,0.0174,0.0631,0.0631,0,0,0,0,0,0,0,17.777777778,23.888888889
0.0278,0.598,0.0197,0.0675,0.0675,0,0,0,0,0,0,0,17.777777778,23.888888889
0.167,0.595,0.0406,0.113,0.113,0,0,0,0,0,0,0.2,24.166666667,24.166666667
0.167,0.595,0.0422,0.111,0.111,0,0,0,0,0,0,0.0665,24.166666667,24.166666667
0.167,0.595,0.0458,0.11,0.11,0,0,0,0,0,0,0.299,24.166666667,24.166666667
0.389,0.591,0.0772,0.158,0.158,0,0,0,0,0,0,0.422,24.166666667,24.166666667
0.264,0.598,0.0214,0.0665,0.0665,0,0,0,0,0,0,0,24.166666667,24.166666667
0.667,0.618,0.138,0.202,0.202,0,0,0,0,0,0.917,0.259,24.166666667,24.166666667
0.833,0.653,0.239,0.29,0.29,0,0,0,0,0,0.25,0.314,24.166666667,24.166666667
0.833,0.663,0.319,0.33,0.33,0,0,0,0,0,0,0.394,24.166666667,24.166666667
0.806,0.659,0.47,0.43,0.43,0.651,0.45,0,0,0,0,0.0988,24.166666667,24.166666667
0.667,0.638,0.55,0.512,0.512,0,0,0,0,0,0,0.135,24.166666667,24.166666667
0.778,0.603,0.564,0.634,0.634,0,0,0,0,0,0,0.224,24.166666667,24.166666667
0.833,0.58,0.225,0.317,0.317,0,0,0,0,0,0,0.0776,24.166666667,24.166666667
0.903,0.584,0.0514,0.101,0.101,0,0,0,0,0,0,0.0998,24.166666667,24.166666667
1,0.581,0.0292,0.0742,0.0742,0,0,0,0,0,0,0.0665,24.166666667,24.166666667
1,0.597,0.017,0.0589,0.0589,0,0,0,0,0,0,0,24.166666667,24.166666667
1,0.599,0.0161,0.0577,0.0577,0,0,0,0,0,0,0,17.777777778,23.888888889
1,0.599,0.0161,0.0577,0.0577,0,0,0,0,0,0,0,17.777777778,23.888888889
1,0.599,0.0161,0.0577,0.0577,0,0,0,0,0,0,0,17.777777778,23.888888889
0.972,0.587,0.0189,0.0681,0.0681,0,0,0,0,0,0.167,0.0665,17.777777778,23.888888889
0.833,0.561,0.0394,0.196,0.196,0,0,0,0,0,0.767,0.332,17.777777778,23.888888889
0.528,0.584,0.0412,0.19,0.19,0,0,0,0,0,0,0.261,17.777777778,23.888888889
0.417,0.588,0.0541,0.213,0.213,0,0,0,0,0,0,0.0333,17.777777778,23.888888889
0.347,0.59,0.0557,0.185,0.185,0,0,0,0,0,0,0.366,17.777777778,23.888888889
0.264,0.592,0.0506,0.151,0.151,0,0,0,0,0,0.417,0.0665,17.777777778,23.888888889
0.194,0.594,0.0447,0.123,0.123,0,0,0,0,0,0.75,0.366,24.166666667,24.166666667
0.333,0.59,0.0684,0.165,0.165,0,0,0,0,0,0,0.0665,24.166666667,24.166666667
0.333,0.59,0.0756,0.163,0.163,0,0,0,0,0,0,0.333,24.166666667,24.166666667
0.181,0.594,0.0504,0.115,0.115,0,0,0,0,0,0,0.233,24.166666667,24.166666667
0.236,0.599,0.067,0.133,0.133,0,0,0,0,0,0,0.229,24.166666667,24.166666667
0.403,0.615,0.125,0.188,0.188,0,0,0,0,0,0.233,0.166,24.166666667,24.166666667
0.694,0.656,0.25,0.3,0.3,0,0,0,0,0,0,0.0998,24.166666667,24.166666667
0.667,0.663,0.319,0.33,0.33,0,0,0,0,0,0,0.0665,24.166666667,24.166666667
0.667,0.656,0.443,0.408,0.408,0,0,0.45,0.917,0,0,0,24.166666667,24.166666667
0.667,0.634,0.493,0.464,0.464,0,0,0.467,0.383,0.617,0,0,24.166666667,24.166666667
0.847,0.602,0.489,0.556,0.556,0,0,0.375,0,0.533,0,0.0665,24.166666667,24.166666667
1,0.576,0.257,0.358,0.358,0,0,0.335,0,0,0,0,24.166666667,24.166666667
1,0.583,0.0578,0.11,0.11,0,0,0.552,0,0,0,0.0333,24.166666667,24.166666667
1,0.589,0.0277,0.0681,0.0681,0,0,0.316,0,0,0,0,24.166666667,24.166666667
1,0.599,0.0184,0.0577,0.0577,0,0,0,0,0,0,0,24.166666667,24.166666667
1,0.599,0.0184,0.0577,0.0577,0,0,0,0,0,0,0,17.777777778,23.888888889
1,0.599,0.0184,0.0577,0.0577,0,0,0,0,0,0,0,17.777777778,23.888888889
0.917,0.599,0.0184,0.0577,0.0577,0,0,0,0,0,0,0,17.777777778,23.888888889
1,0.599,0.0184,0.0577,0.0577,0,0,0,0,0,0,0,17.777777778,23.888888889
1,0.593,0.0209,0.0784,0.0784,0,0,0,0,0,0,0.232,17.777777778,23.888888889
1,0.592,0.0311,0.122,0.122,0,0,0,0,0,0,0.143,17.777777778,23.888888889
1,0.593,0.0515,0.149,0.149,0,0,0,0,0,0,0.133,17.777777778,23.888888889
0.847,0.59,0.0824,0.18,0.18,0.146,0.167,0,0,0,0.417,0.399,17.777777778,23.888888889
0.681,0.587,0.126,0.219,0.219,0.512,0.967,0,0,0,0.05,0.166,17.777777778,23.888888889
0.556,0.594,0.0651,0.118,0.118,0,0,0,0,0,0,0.529,24.166666667,24.166666667
0.5,0.591,0.109,0.16,0.16,0,0,0,0,0,0,0.342,24.166666667,24.166666667
0.542,0.586,0.195,0.224,0.224,0,0,0,0,0,0,0.788,24.166666667,24.166666667
0.431,0.588,0.184,0.193,0.193,0,0,0,0,0,0.233,0.385,24.166666667,24.166666667
0.306,0.599,0.149,0.155,0.155,0,0,0,0,0,0,0.197,24.166666667,24.166666667
0.417,0.616,0.207,0.193,0.193,0,0,0,0,0,0,0.0998,24.166666667,24.166666667
0.597,0.647,0.297,0.265,0.265,0,0,0,0,0,0,0.233,24.166666667,24.166666667
0.764,0.673,0.439,0.372,0.372,0.514,0.917,0,0,0,0,0.219,24.166666667,24.166666667
0.75,0.663,0.558,0.451,0.451,0,0.45,0,0,0,0.167,0.281,24.166666667,24.166666667
0.833,0.646,0.709,0.607,0.607,0.671,0.917,0,0,0,0.533,0.208,24.166666667,24.166666667
0.833,0.603,0.467,0.509,0.509,0.776,0.217,0,0,0,0,0.232,24.166666667,24.166666667
0.833,0.575,0.28,0.363,0.363,0.094,0,0,0,0,0,0.177,24.166666667,24.166666667
0.861,0.554,0.139,0.189,0.189,0,0,0,0,0,0,0.162,24.166666667,24.166666667
1,0.595,0.0274,0.0674,0.0674,0,0,0,0,0,0,0,24.166666667,24.166666667
1,0.599,0.0184,0.0577,0.0577,0,0,0,0,0,0,0,24.166666667,24.166666667
1,0.599,0.0184,0.0577,0.0577,0,0,0,0,0,0,0,17.777777778,23.888888889
1,0.599,0.0184,0.0577,0.0577,0,0,0,0,0,0,0,17.777777778,23.888888889
1,0.599,0.0184,0.0577,0.0577,0,0,0,0,0,0,0,17.777777778,23.888888889
0.847,0.599,0.0184,0.0577,0.0577,0,0,0,0,0,0,0,17.777777778,23.888888889
0.764,0.583,0.0255,0.116,0.116,0,0,0,0,0,0,0.293,17.777777778,23.888888889
0.667,0.592,0.0311,0.122,0.122,0,0,0,0,0,0,0.166,17.777777778,23.888888889
0.639,0.591,0.0595,0.17,0.17,0,0,0,0,0,0,0.266,17.777777778,23.888888889
0.319,0.594,0.0586,0.134,0.134,0,0,0,0,0,0,0.216,17.777777778,23.888888889
0.306,0.593,0.0739,0.141,0.141,0,0,0,0,0,0.467,0.226,17.777777778,23.888888889
0.5,0.589,0.124,0.192,0.192,0,0,0,0,0,0,0.366,24.166666667,24.166666667
0.347,0.59,0.116,0.169,0.169,0,0,0,0,0,0,0.133,24.166666667,24.166666667
0.486,0.587,0.181,0.211,0.211,0,0,0,0,0,0,0.266,24.166666667,24.166666667
0.431,0.588,0.184,0.193,0.193,0,0,0,0,0,0,0.166,24.166666667,24.166666667
0.333,0.599,0.16,0.163,0.163,0,0,0.509,0.917,0,0,0.366,24.166666667,24.166666667
0.444,0.617,0.219,0.202,0.202,0,0,0.925,0.117,0.883,0,0.346,24.166666667,24.166666667
0.5,0.639,0.252,0.232,0.232,0.172,0.167,0.514,0,1,0.467,0,24.166666667,24.166666667
0.583,0.655,0.339,0.297,0.297,0.615,0.967,0,0,0.667,0,0.23,24.166666667,24.166666667
0.569,0.647,0.43,0.358,0.358,0.694,0,0,0,0,0.417,0.185,24.166666667,24.166666667
0.778,0.638,0.59,0.512,0.512,0.166,0,0,0,0,0.983,0.223,24.166666667,24.166666667
0.833,0.603,0.556,0.6,0.6,0,0,0,0,0,0.417,0,24.166666667,24.166666667
0.833,0.575,0.291,0.374,0.374,0,0,0,0,0,0.75,0.0776,24.166666667,24.166666667
0.861,0.564,0.115,0.163,0.163,0,0,0,0,0,0,0.0937,24.166666667,24.166666667
1,0.564,0.0432,0.0906,0.0906,0,0,0,0,0,0,0,24.166666667,24.166666667
1,0.571,0.0239,0.0669,0.0669,0,0,0,0,0,0,0.119,24.166666667,24.166666667
1,0.581,0.0171,0.0581,0.0581,0,0,0,0,0,0,0.326,17.777777778,23.888888889
1,0.581,0.0161,0.0577,0.0577,0,0,0,0,0,0,0.166,17.777777778,23.888888889
1,0.597,0.0161,0.0577,0.0577,0,0,0,0,0,0,0,17.777777778,23.888888889
1,0.591,0.0178,0.0642,0.0642,0,0,0,0,0,0.167,0.0333,17.777777778,23.888888889
1,0.549,0.0471,0.241,0.241,0,0,0,0,0,0.0667,0.515,17.777777778,23.888888889
0.75,0.58,0.0461,0.216,0.216,0,0,0,0,0,0,0.366,17.777777778,23.888888889
0.347,0.594,0.0318,0.122,0.122,0,0,0,0,0,0,0.277,17.777777778,23.888888889
0.333,0.591,0.053,0.174,0.174,0,0,0,0,0,0,0,17.777777778,23.888888889
0.0972,0.596,0.0285,0.0922,0.0922,0,0,0,0,0,0,0.0665,17.777777778,23.888888889
0.278,0.592,0.0571,0.15,0.15,0,0,0,0,0,0,0.0665,24.166666667,24.166666667
0.333,0.59,0.0684,0.165,0.165,0.745,0.667,0,0,0,0.417,0.166,24.166666667,24.166666667
0.333,0.59,0.0756,0.163,0.163,0.253,0.467,0,0,0,0.283,0.2,24.166666667,24.166666667
0.444,0.588,0.101,0.198,0.198,0,0,0,0,0,0,0.328,24.166666667,24.166666667
0.5,0.599,0.124,0.216,0.216,0,0,0,0,0,0,0.266,24.166666667,24.166666667
0.5,0.619,0.151,0.22,0.22,0.137,0.167,0,0,0,0,0.2,24.166666667,24.166666667
0.5,0.639,0.184,0.232,0.232,0.559,0.967,0,0,0,0,0.194,24.166666667,24.166666667
0.542,0.651,0.262,0.28,0.28,0.573,0,0,0,0,0.167,0.0665,24.166666667,24.166666667
0.5,0.641,0.336,0.32,0.32,0,0,0,0,0,0.0667,0.133,24.166666667,24.166666667
0.528,0.63,0.439,0.418,0.418,0,0,0,0,0,0,0.0333,24.166666667,24.166666667
0.667,0.603,0.479,0.543,0.543,0,0,0,0,0,0,0,24.166666667,24.166666667
0.819,0.575,0.259,0.363,0.363,0,0,0,0,0,0,0,24.166666667,24.166666667
0.861,0.571,0.0879,0.147,0.147,0,0,0,0,0,0,0,24.166666667,24.166666667
1,0.589,0.0244,0.0681,0.0681,0,0,0,0,0,0,0.107,24.166666667,24.166666667
1,0.599,0.0161,0.0577,0.0577,0,0,0,0,0,0,0,24.166666667,24.166666667
1,0.591,0.0164,0.0577,0.0577,0,0,0,0,0,0,0,17.777777778,23.888888889
1,0.569,0.0161,0.0577,0.0577,0,0,0,0,0,0,0.314,17.777777778,23.888888889
1,0.596,0.0161,0.0577,0.0577,0,0,0,0,0,0,0,17.777777778,23.888888889
0.972,0.544,0.029,0.106,0.106,0.66,0.45,0,0,0,0,0.399,17.777777778,23.888888889
0.833,0.559,0.0398,0.197,0.197,0.284,0,0,0,0,0.417,0.574,17.777777778,23.888888889
0.681,0.584,0.0412,0.19,0.19,0,0,0,0,0,0.75,0.234,17.777777778,23.888888889
0.667,0.586,0.0621,0.245,0.245,0,0,0,0,0,0,0.333,17.777777778,23.888888889
0.458,0.592,0.0492,0.165,0.165,0,0,0,0,0,0,0.0998,17.777777778,23.888888889
0.278,0.596,0.0308,0.0967,0.0967,0,0,0,0,0,0,0.0333,17.777777778,23.888888889
0.333,0.595,0.0406,0.113,0.113,0,0,0,0,0,0,0.0665,24.166666667,24.166666667
0.181,0.597,0.0291,0.0845,0.0845,0,0,0,0,0,0,0.106,24.166666667,24.166666667
0.306,0.591,0.0709,0.154,0.154,0,0,0,0,0,0.417,0.352,24.166666667,24.166666667
0.458,0.591,0.0743,0.154,0.154,0,0,0,0,0,0.05,0.0665,24.166666667,24.166666667
0.5,0.599,0.0877,0.163,0.163,0,0,0,0,0,0,0.166,24.166666667,24.166666667
0.653,0.612,0.106,0.166,0.166,0,0,0.224,0.917,0,0,0.372,24.166666667,24.166666667
0.667,0.639,0.18,0.227,0.227,0,0,0,0.117,0.883,0,0.0998,24.166666667,24.166666667
0.625,0.643,0.224,0.245,0.245,0,0,0,0,0.267,0,0.111,24.166666667,24.166666667
0.75,0.648,0.391,0.365,0.365,0,0,0,0,0,0.7,0.0333,24.166666667,24.166666667
0.819,0.633,0.484,0.457,0.457,0,0,0,0,0,0,0.133,24.166666667,24.166666667
0.833,0.602,0.478,0.545,0.545,0,0,0,0,0,0,0.112,24.166666667,24.166666667
0.833,0.583,0.178,0.261,0.261,0,0,0,0,0,0,0.186,24.166666667,24.166666667
0.861,0.591,0.042,0.0903,0.0903,0,0,0,0,0,0.167,0.233,24.166666667,24.166666667
1,0.598,0.0187,0.0609,0.0609,0,0,0,0,0,1,0,24.166666667,24.166666667
1,0.599,0.0161,0.0577,0.0577,0,0,0,0,0,0,0,24.166666667,24.166666667
1,0.599,0.0161,0.0577,0.0577,0,0,0,0,0,0,0,17.777777778,23.888888889
1,0.599,0.0161,0.0577,0.0577,0,0,0,0,0,0,0,17.777777778,23.888888889
0.847,0.599,0.0161,0.0577,0.0577,0,0,0,0,0,0,0,17.777777778,23.888888889
0.792,0.566,0.0237,0.0863,0.0863,0,0,0,0,0,0,0.344,17.777777778,23.888888889
0.833,0.566,0.0356,0.172,0.172,0,0,0,0,0,0,0.244,17.777777778,23.888888889
0.833,0.575,0.0579,0.277,0.277,0,0,0,0,0,0.417,0.671,17.777777778,23.888888889
0.806,0.582,0.0762,0.305,0.305,0.644,0.667,0,0,0,0.283,0.42,17.777777778,23.888888889
0.403,0.593,0.0427,0.145,0.145,0.128,0.467,0,0,0,0,0.115,17.777777778,23.888888889
0.333,0.595,0.0379,0.116,0.116,0,0,0,0,0,0,0.133,17.777777778,23.888888889
0.361,0.591,0.0612,0.16,0.16,0,0,0.714,0.917,0,0,0.102,24.166666667,24.166666667
0.389,0.589,0.077,0.182,0.182,0,0,0.56,0.117,0.883,0,0.471,24.166666667,24.166666667
0.208,0.594,0.048,0.115,0.115,0,0,0.512,0,0.267,0,0.357,24.166666667,24.166666667
0.333,0.595,0.0479,0.11,0.11,0,0,1,0,0,0,0.299,24.166666667,24.166666667
0.333,0.599,0.0851,0.159,0.159,0.166,0.167,0.577,0,0,0,0.415,24.166666667,24.166666667
0.181,0.606,0.064,0.116,0.116,0.665,0.967,0,0,0,0,0.145,24.166666667,24.166666667
0.236,0.618,0.0956,0.14,0.14,0.729,0,0,0,0,0.417,0.0665,24.166666667,24.166666667
0.333,0.631,0.167,0.194,0.194,0.416,0.167,0,0,0,0.517,0.333,24.166666667,24.166666667
0.528,0.644,0.357,0.337,0.337,0.796,0.967,0,0,0,0,0.156,24.166666667,24.166666667
0.528,0.621,0.315,0.312,0.312,0.246,0.167,0,0,0,0,0.296,24.166666667,24.166666667
0.736,0.602,0.35,0.407,0.407,0.606,0.967,0,0,0,0,0.184,24.166666667,24.166666667
0.903,0.583,0.178,0.261,0.261,0,0,0,0,0,0,0.0333,24.166666667,24.166666667
1,0.59,0.0446,0.0935,0.0935,0,0,0,0,0,0,0,24.166666667,24.166666667
1,0.599,0.0161,0.0577,0.0577,0,0,0,0,0,0,0,24.166666667,24.166666667
1,0.599,0.0161,0.0577,0.0577,0,0,0,0,0,0,0,24.166666667,24.166666667
1,0.599,0.0161,0.0577,0.0577,0,0,0,0,0,0,0,17.777777778,23.888888889
1,0.599,0.0161,0.0577,0.0577,0,0,0,0,0,0,0,17.777777778,23.888888889
1,0.599,0.0161,0.0577,0.0577,0,0,0,0,0,0,0,17.777777778,23.888888889
1,0.591,0.0178,0.0642,0.0642,0,0,0,0,0,0,0.17,17.777777778,23.888888889
1,0.567,0.0353,0.171,0.171,0,0,0,0,0,0,0.477,17.777777778,23.888888889
0.819,0.579,0.0506,0.239,0.239,0,0,0,0,0,0,0.672,17.777777778,23.888888889
0.528,0.594,0.0342,0.133,0.133,0,0,0,0,0,0,0.307,17.777777778,23.888888889
0.486,0.593,0.042,0.139,0.139,0,0,0,0,0,0,0.457,17.777777778,23.888888889
0.194,0.598,0.0193,0.0678,0.0678,0,0,0,0,0,0,0,17.777777778,23.888888889
0.236,0.597,0.0264,0.0808,0.0808,0,0,0,0,0,0,0.0665,24.166666667,24.166666667
0.333,0.591,0.0663,0.16,0.16,0,0,0,0,0,0,0.506,24.166666667,24.166666667
0.333,0.59,0.0756,0.163,0.163,0,0,0,0,0,0,0.366,24.166666667,24.166666667
0.222,0.593,0.0584,0.128,0.128,0,0,0,0,0,0,0.293,24.166666667,24.166666667
0.319,0.599,0.0851,0.159,0.159,0,0,0,0,0,0,0.479,24.166666667,24.166666667
0.444,0.617,0.136,0.202,0.202,0,0,0,0,0,0,0.381,24.166666667,24.166666667
0.653,0.652,0.236,0.285,0.285,0,0,0,0,0,0,0.387,24.166666667,24.166666667
0.667,0.663,0.319,0.33,0.33,0,0,0,0,0,0,0.386,24.166666667,24.166666667
0.667,0.643,0.343,0.326,0.326,0,0,0,0,0,0,0.169,24.166666667,24.166666667
0.736,0.628,0.416,0.399,0.399,0,0,0,0,0,0.467,0.192,24.166666667,24.166666667
0.806,0.602,0.36,0.419,0.419,0,0,0,0,0,0,0.135,24.166666667,24.166666667
0.819,0.595,0.0651,0.118,0.118,0,0,0,0,0,0,0.0706,24.166666667,24.166666667
0.986,0.591,0.0319,0.0771,0.0771,0,0,0,0,0,0,0,24.166666667,24.166666667
1,0.599,0.0161,0.0577,0.0577,0,0,0,0,0,0,0,24.166666667,24.166666667
1,0.599,0.0161,0.0577,0.0577,0,0,0,0,0,0,0,24.166666667,24.166666667
1,0.599,0.0161,0.0577,0.0577,0,0,0,0,0,0,0,17.777777778,23.888888889
1,0.599,0.0161,0.0577,0.0577,0,0,0,0,0,0,0,17.777777778,23.888888889
0.847,0.583,0.0175,0.0579,0.0579,0,0,0,0,0,0,0.2,17.777777778,23.888888889
0.833,0.574,0.0218,0.0786,0.0786,0,0,0,0,0,0.417,0.0998,17.777777778,23.888888889
0.778,0.558,0.0405,0.201,0.201,0,0,0,0,0,0.283,0.484,17.777777778,23.888888889
0.347,0.591,0.029,0.126,0.126,0,0,0,0,0,0,0.183,17.777777778,23.888888889
0.403,0.593,0.0384,0.149,0.149,0,0,0,0,0,0,0.399,17.777777778,23.888888889
0.347,0.592,0.0495,0.165,0.165,0,0,0,0,0,0,0.257,17.777777778,23.888888889
0.486,0.587,0.08,0.229,0.229,0,0,0.258,0.917,0,0,0.294,17.777777778,23.888888889
0.569,0.585,0.1,0.248,0.248,0,0,0.636,0.117,0.217,0,0.224,24.166666667,24.166666667
0.597,0.584,0.11,0.249,0.249,0.816,0.917,0,0,0,0,0.108,24.166666667,24.166666667
0.5,0.586,0.105,0.216,0.216,0.085,0,0,0,0,0,0.0998,24.166666667,24.166666667
0.5,0.586,0.112,0.215,0.215,0,0,0,0,0,0,0.0998,24.166666667,24.166666667
0.5,0.599,0.124,0.216,0.216,0,0,0,0,0,0,0.0998,24.166666667,24.166666667
0.431,0.616,0.132,0.197,0.197,0,0,0,0,0,0,0.266,24.166666667,24.166666667
0.514,0.641,0.189,0.237,0.237,0,0,0,0,0,0.917,0.29,24.166666667,24.166666667
0.667,0.663,0.319,0.33,0.33,0.588,0.667,0,0,0,0.95,0.0123,24.166666667,24.166666667
0.667,0.643,0.343,0.326,0.326,0.278,0.467,0,0,0,0,0.0665,24.166666667,24.166666667
0.667,0.618,0.269,0.273,0.273,0,0,0,0,0,0,0.0333,24.166666667,24.166666667
0.667,0.6,0.145,0.193,0.193,0,0,0,0,0,0,0.0665,24.166666667,24.166666667
0.972,0.583,0.167,0.25,0.25,0.582,0.667,0,0,0,0.7,0.0333,24.166666667,24.166666667
1,0.575,0.0736,0.129,0.129,0,0.7,0,0,0,0,0,24.166666667,24.166666667
1,0.584,0.0311,0.0718,0.0718,0,0,0,0,0,0,0.0861,24.166666667,24.166666667
1,0.599,0.0184,0.0577,0.0577,0,0,0,0,0,0,0,24.166666667,24.166666667
1,0.599,0.0184,0.0577,0.0577,0,0,0,0,0,0,0,17.777777778,23.888888889
1,0.599,0.0184,0.0577,0.0577,0,0,0,0,0,0,0,17.777777778,23.888888889
1,0.599,0.0184,0.0577,0.0577,0,0,0,0,0,0,0,17.777777778,23.888888889
1,0.599,0.0184,0.0577,0.0577,0,0,0,0,0,0,0,17.777777778,23.888888889
0.972,0.589,0.0229,0.0949,0.0949,0,0,0,0,0,0,0.305,17.777777778,23.888888889
0.833,0.599,0.0184,0.0577,0.0577,0,0,0,0,0,0,0,17.777777778,23.888888889
0.833,0.599,0.0184,0.0577,0.0577,0,0,0,0,0,0,0,17.777777778,23.888888889
0.833,0.595,0.0484,0.113,0.113,0,0,0,0,0,0,0.166,17.777777778,23.888888889
0.681,0.591,0.0904,0.165,0.165,0,0,0,0,0,0,0.0998,17.777777778,23.888888889
0.667,0.585,0.167,0.248,0.248,0,0,0,0,0,0,0.305,24.166666667,24.166666667
0.847,0.577,0.257,0.329,0.329,0,0,0,0,0,0.233,0.0933,24.166666667,24.166666667
0.847,0.581,0.249,0.277,0.277,0,0,0,0,0,0,0.521,24.166666667,24.166666667
0.736,0.581,0.296,0.285,0.285,0,0,0,0,0,0,0.718,24.166666667,24.166666667
0.5,0.599,0.232,0.216,0.216,0,0,0,0,0,0,0.14,24.166666667,24.166666667
0.653,0.625,0.313,0.269,0.269,0,0,0,0,0,0,0.418,24.166666667,24.166666667
0.542,0.642,0.271,0.246,0.246,0,0,0,0,0,0,0.293,24.166666667,24.166666667
0.667,0.663,0.384,0.33,0.33,0,0,0,0,0,0,0.228,24.166666667,24.166666667
0.708,0.659,0.53,0.43,0.43,0,0,0,0,0,0.233,0.289,24.166666667,24.166666667
0.694,0.64,0.614,0.532,0.532,0,0,0,0,0,0,0.41,24.166666667,24.166666667
0.833,0.604,0.601,0.644,0.644,0,0,0,0,0,0,0.132,24.166666667,24.166666667
0.833,0.579,0.257,0.333,0.333,0,0,0,0,0,0,0.152,24.166666667,24.166666667
0.861,0.566,0.105,0.152,0.152,0,0,0,0,0,0,0.22,24.166666667,24.166666667
0.972,0.577,0.0411,0.0818,0.0818,0,0,0,0,0,0,0.2,24.166666667,24.166666667
0.833,0.599,0.0184,0.0577,0.0577,0,0,0,0,0,0,0,24.166666667,24.166666667
0.833,0.599,0.0184,0.0577,0.0577,0,0,0,0,0,0,0,17.777777778,23.888888889
0.833,0.599,0.0184,0.0577,0.0577,0,0,0,0,0,0,0,17.777777778,23.888888889
0.986,0.599,0.0184,0.0577,0.0577,0,0,0,0,0,0,0,17.777777778,23.888888889
1,0.599,0.0184,0.0577,0.0577,0,0,0,0,0,0,0,17.777777778,23.888888889
1,0.599,0.0184,0.0577,0.0577,0,0,0,0,0,0,0,17.777777778,23.888888889
1,0.596,0.0239,0.0849,0.0849,0,0,0,0,0,0,0.254,17.777777778,23.888888889
1,0.592,0.0575,0.165,0.165,0,0,0,0,0,0.167,0.293,17.777777778,23.888888889
0.931,0.581,0.159,0.322,0.322,0,0,0,0,0,0.533,0.35,17.777777778,23.888888889
0.681,0.582,0.175,0.293,0.293,0,0,0,0,0,0,0.381,17.777777778,23.888888889
0.514,0.586,0.152,0.23,0.23,0,0,0,0,0,0,0.345,24.166666667,24.166666667
0.778,0.579,0.238,0.307,0.307,0,0,0,0,0,0,0.514,24.166666667,24.166666667
0.653,0.582,0.236,0.264,0.264,0,0,0,0,0,0,0.213,24.166666667,24.166666667
0.764,0.58,0.312,0.299,0.299,0,0,0,0,0,0,0.384,24.166666667,24.166666667
0.514,0.598,0.237,0.221,0.221,0,0,0,0,0,0,0.133,24.166666667,24.166666667
0.444,0.616,0.219,0.202,0.202,0,0,0,0,0,0.167,0.399,24.166666667,24.166666667
0.667,0.653,0.33,0.29,0.29,0.127,0.167,0,0,0,0.0667,0.0998,24.166666667,24.166666667
0.819,0.667,0.407,0.348,0.348,0.618,0.967,0.302,0.417,0,0,0.0333,24.166666667,24.166666667
0.833,0.656,0.499,0.408,0.408,0,0,0.52,0.617,0.383,0,0.0665,24.166666667,24.166666667
0.903,0.642,0.65,0.561,0.561,0,0,0.658,0,1,0,0.2,24.166666667,24.166666667
1,0.604,0.69,0.736,0.736,0,0,0.151,0,1,0,0.253,24.166666667,24.166666667
1,0.565,0.399,0.501,0.501,0,0,0,0,0.867,0,0.269,24.166666667,24.166666667
1,0.556,0.14,0.191,0.191,0,0,0,0,0,0,0.113,24.166666667,24.166666667
1,0.58,0.0328,0.0774,0.0774,0,0,0,0,0,0,0.133,24.166666667,24.166666667
1,0.588,0.0191,0.0613,0.0613,0,0,0,0,0,0,0.0665,24.166666667,24.166666667
1,0.599,0.0161,0.0577,0.0577,0,0,0,0,0,0,0,17.777777778,23.888888889
1,0.599,0.0161,0.0577,0.0577,0,0,0,0,0,0,0,17.777777778,23.888888889
1,0.583,0.0175,0.0579,0.0579,0,0,0,0,0,0.417,0.0665,17.777777778,23.888888889
1,0.574,0.0218,0.0786,0.0786,0,0,0,0,0,0.75,0.166,17.777777778,23.888888889
1,0.559,0.0398,0.197,0.197,0,0,0,0,0,0,0.268,17.777777778,23.888888889
0.708,0.58,0.0475,0.223,0.223,0,0,0,0,0,0,0.0878,17.777777778,23.888888889
0.389,0.589,0.0515,0.203,0.203,0,0,0,0,0,0,0.386,17.777777778,23.888888889
0.181,0.594,0.0365,0.124,0.124,0,0,0.477,0.917,0,0,0.0535,17.777777778,23.888888889
0.319,0.591,0.0582,0.17,0.17,0,0,0.507,0.117,0.217,0,0.133,17.777777778,23.888888889
0.333,0.59,0.0651,0.169,0.169,0,0,0.412,0,0,0,0.2,24.166666667,24.166666667
0.417,0.588,0.0815,0.191,0.191,0,0,0.431,0,0,0.467,0.133,24.166666667,24.166666667
0.333,0.59,0.0756,0.163,0.163,0,0,0.609,0,0,0,0.233,24.166666667,24.166666667
0.444,0.588,0.101,0.198,0.198,0,0,0.49,0,0,0.667,0.0665,24.166666667,24.166666667
0.5,0.599,0.124,0.216,0.216,0,0,0.458,0,0,1,0.299,24.166666667,24.166666667
0.347,0.612,0.109,0.17,0.17,0,0,0.234,0,0,0.2,0.266,24.166666667,24.166666667
0.403,0.632,0.151,0.198,0.198,0,0,0,0,0,0,0.0333,24.166666667,24.166666667
0.736,0.67,0.353,0.36,0.36,0,0,0,0,0,0,0.0998,24.166666667,24.166666667
0.667,0.656,0.443,0.408,0.408,0.675,0.45,0,0,0,0,0.233,24.166666667,24.166666667
0.694,0.64,0.572,0.532,0.532,0.611,0,0,0,0,0,0.153,24.166666667,24.166666667
0.833,0.603,0.308,0.358,0.358,1,0,0,0,0,0,0.274,24.166666667,24.166666667
0.833,0.591,0.108,0.171,0.171,0,0,0.463,0.917,0,0,0,24.166666667,24.166666667
0.833,0.598,0.0224,0.0659,0.0659,0,0,0,0.117,0.683,0,0,24.166666667,24.166666667
0.833,0.599,0.0161,0.0577,0.0577,0,0,0,0,0,0,0,24.166666667,24.166666667
0.944,0.587,0.0189,0.0609,0.0609,0,0,0,0,0,0,0.151,24.166666667,24.166666667
1,0.581,0.0171,0.0581,0.0581,0,0,0,0,0,0,0.208,17.777777778,23.888888889
1,0.597,0.0161,0.0577,0.0577,0,0,0,0,0,0,0,17.777777778,23.888888889
1,0.583,0.0175,0.0579,0.0579,0,0,0,0,0,0,0.233,17.777777778,23.888888889
1,0.565,0.0239,0.0864,0.0864,0,0,0,0,0,0,0.472,17.777777778,23.888888889
0.847,0.571,0.0321,0.151,0.151,0,0,0,0,0,0,0.52,17.777777778,23.888888889
0.806,0.586,0.0384,0.175,0.175,0,0,0,0,0,0,0.28,17.777777778,23.888888889
0.444,0.598,0.0171,0.0631,0.0631,0,0,0,0,0,0,0,17.777777778,23.888888889
0.333,0.599,0.0161,0.0577,0.0577,0,0,0,0,0,0,0,17.777777778,23.888888889
0.333,0.595,0.0363,0.111,0.111,0,0,0,0,0,0,0.494,17.777777778,23.888888889
0.264,0.593,0.053,0.141,0.141,0,0,0,0,0,0,0.107,24.166666667,24.166666667
0.167,0.595,0.0422,0.111,0.111,0,0,0,0,0,0,0.0665,24.166666667,24.166666667
0.431,0.588,0.0935,0.194,0.194,0,0,0,0,0,0,0.166,24.166666667,24.166666667
0.694,0.581,0.149,0.277,0.277,0,0,0,0,0,0,0.335,24.166666667,24.166666667
0.639,0.599,0.135,0.234,0.234,0,0,0,0,0,0,0.166,24.166666667,24.166666667
0.5,0.619,0.151,0.22,0.22,0.175,0.167,0,0,0,0.167,0,24.166666667,24.166666667
0.458,0.636,0.169,0.217,0.217,0.626,0.967,0,0,0,1,0.0665,24.166666667,24.166666667
0.611,0.655,0.282,0.297,0.297,0.599,0,0,0,0,0.233,0.0665,24.166666667,24.166666667
0.667,0.654,0.436,0.402,0.402,0,0,0,0,0,0,0.0665,24.166666667,24.166666667
0.667,0.638,0.55,0.512,0.512,0,0,0,0,0,0,0.196,24.166666667,24.166666667
0.736,0.603,0.414,0.474,0.474,0,0,0,0,0,0,0.12,24.166666667,24.166666667
0.833,0.583,0.189,0.273,0.273,0,0,0,0,0,0,0.0333,24.166666667,24.166666667
0.944,0.571,0.0815,0.139,0.139,0,0,0,0,0,0,0.135,24.166666667,24.166666667
1,0.581,0.0292,0.0742,0.0742,0,0,0,0,0,0,0,24.166666667,24.166666667
1,0.597,0.017,0.0589,0.0589,0,0,0,0,0,0,0,24.166666667,24.166666667
1,0.599,0.0161,0.0577,0.0577,0,0,0,0,0,0,0,17.777777778,23.888888889
1,0.599,0.0161,0.0577,0.0577,0,0,0,0,0,0,0,17.777777778,23.888888889
1,0.599,0.0161,0.0577,0.0577,0,0,0,0,0,0,0,17.777777778,23.888888889
1,0.596,0.0168,0.0603,0.0603,0,0,0,0,0,0,0.152,17.777777778,23.888888889
0.972,0.579,0.0283,0.129,0.129,0,0,0,0,0,0,0.315,17.777777778,23.888888889
0.653,0.593,0.0262,0.111,0.111,0,0,0,0,0,0,0.378,17.777777778,23.888888889
0.5,0.595,0.0307,0.117,0.117,0,0,0,0,0,0,0.19,17.777777778,23.888888889
0.431,0.595,0.0352,0.119,0.119,0,0,0,0,0,0.417,0.0665,17.777777778,23.888888889
0.444,0.588,0.0729,0.209,0.209,0,0,0,0,0,0.517,0.333,17.777777778,23.888888889
0.306,0.591,0.0608,0.16,0.16,0,0,0,0,0,0.417,0.0665,24.166666667,24.166666667
0.333,0.59,0.0684,0.165,0.165,0,0,0,0,0,0.517,0.344,24.166666667,24.166666667
0.264,0.592,0.0631,0.141,0.141,0,0,0,0,0,0,0.333,24.166666667,24.166666667
0.194,0.595,0.0479,0.11,0.11,0,0,0,0,0,0,0.529,24.166666667,24.166666667
0.375,0.599,0.061,0.124,0.124,0,0,0,0,0,0,0.178,24.166666667,24.166666667
0.333,0.605,0.061,0.112,0.112,0,0,0,0,0,0,0.0998,24.166666667,24.166666667
0.597,0.634,0.162,0.208,0.208,0,0,0,0,0,0,0.0998,24.166666667,24.166666667
0.667,0.662,0.314,0.326,0.326,0,0,0,0,0,0,0.0333,24.166666667,24.166666667
0.667,0.656,0.443,0.408,0.408,0,0,0,0,0,0,0.166,24.166666667,24.166666667
0.667,0.638,0.55,0.512,0.512,0,0,0,0,0,0,0.0665,24.166666667,24.166666667
0.667,0.603,0.446,0.509,0.509,0,0,0,0,0,0,0,24.166666667,24.166666667
0.889,0.571,0.291,0.404,0.404,0,0,0,0,0,0,0.211,24.166666667,24.166666667
1,0.552,0.131,0.2,0.2,0,0,0,0,0,0,0.121,24.166666667,24.166666667
1,0.58,0.0318,0.0774,0.0774,0,0,0,0,0,0,0,24.166666667,24.166666667
1,0.597,0.017,0.0589,0.0589,0,0,0,0,0,0,0,24.166666667,24.166666667
1,0.599,0.0161,0.0577,0.0577,0,0,0,0,0,0,0,17.777777778,23.888888889
1,0.599,0.0161,0.0577,0.0577,0,0,0,0,0,0,0,17.777777778,23.888888889
0.847,0.599,0.0161,0.0577,0.0577,0,0,0,0,0,0,0,17.777777778,23.888888889
0.833,0.591,0.0178,0.0642,0.0642,0,0,0,0,0,0.233,0.0998,17.777777778,23.888888889
0.625,0.575,0.0304,0.142,0.142,0,0,0,0,0,0,0.211,17.777777778,23.888888889
0.486,0.583,0.045,0.209,0.209,0,0,0,0,0,0.233,0.564,17.777777778,23.888888889
0.5,0.586,0.0632,0.251,0.251,0.649,0.45,0,0,0,0,0.196,17.777777778,23.888888889
0.361,0.59,0.0573,0.19,0.19,0.41,0,0,0,0,0,0.567,17.777777778,23.888888889
0.167,0.595,0.0379,0.116,0.116,0.875,0,0,0,0,0,0.2,17.777777778,23.888888889
0.167,0.595,0.0406,0.113,0.113,0.181,0,0,0,0,0,0.0998,24.166666667,24.166666667
0.208,0.594,0.0488,0.124,0.124,0,0,0,0,0,0,0.0998,24.166666667,24.166666667
0.167,0.595,0.0458,0.11,0.11,0,0,0,0,0,0,0.133,24.166666667,24.166666667
0.167,0.595,0.0479,0.11,0.11,0,0,0,0,0,0.417,0.233,24.166666667,24.166666667
0.236,0.599,0.067,0.133,0.133,0,0,0,0,0,0.05,0.466,24.166666667,24.166666667
0.486,0.619,0.148,0.215,0.215,0,0,0,0,0,0,0.0665,24.166666667,24.166666667
0.583,0.646,0.212,0.261,0.261,0,0,0,0,0,0,0.116,24.166666667,24.166666667
0.569,0.654,0.275,0.291,0.291,0,0,0,0,0,0,0.0333,24.166666667,24.166666667
0.667,0.656,0.443,0.408,0.408,0,0,0,0,0,0,0.292,24.166666667,24.166666667
0.667,0.638,0.55,0.512,0.512,0,0,0,0,0,0,0.181,24.166666667,24.166666667
0.667,0.603,0.307,0.36,0.36,0,0,0,0,0,0,0,24.166666667,24.166666667
0.736,0.587,0.129,0.2,0.2,0,0,0.127,0.417,0,0,0,24.166666667,24.166666667
0.903,0.583,0.0578,0.11,0.11,0,0,0,0.617,0.383,0,0.0333,24.166666667,24.166666667
1,0.581,0.0292,0.0742,0.0742,0,0,0,0,0.767,0,0,24.166666667,24.166666667
1,0.581,0.0209,0.0633,0.0633,0,0,0,0,0,0,0.166,24.166666667,24.166666667
1,0.581,0.0171,0.0581,0.0581,0,0,0,0,0,0,0.0998,17.777777778,23.888888889
1,0.597,0.0161,0.0577,0.0577,0,0,0,0,0,0,0,17.777777778,23.888888889
1,0.599,0.0161,0.0577,0.0577,0,0,0,0,0,0,0,17.777777778,23.888888889
1,0.56,0.0251,0.0916,0.0916,0,0,0,0,0,0.667,0.325,17.777777778,23.888888889
0.931,0.55,0.0447,0.224,0.224,0,0,0,0,0,0.967,0.338,17.777777778,23.888888889
0.736,0.582,0.0454,0.212,0.212,0,0,0,0,0,0,0.365,17.777777778,23.888888889
0.5,0.593,0.0384,0.149,0.149,0,0,0,0,0,0,0.291,17.777777778,23.888888889
0.431,0.588,0.0641,0.21,0.21,0.344,0.417,0,0,0,0.7,0.296,17.777777778,23.888888889
0.333,0.59,0.0598,0.175,0.175,0.509,0.45,0,0,0,0,0.0333,17.777777778,23.888888889
0.486,0.587,0.0878,0.22,0.22,0.476,0.717,0.137,0.917,0,0,0.233,24.166666667,24.166666667
0.611,0.587,0.088,0.205,0.205,0,0,0,0.383,0.617,0.417,0.0333,24.166666667,24.166666667
0.667,0.586,0.105,0.216,0.216,0,0,0,0,1,0.517,0.0998,24.166666667,24.166666667
0.486,0.59,0.0822,0.167,0.167,0,0,0,0,0,0,0.166,24.166666667,24.166666667
0.319,0.599,0.0847,0.159,0.159,0,0,0,0,0,0.467,0.166,24.166666667,24.166666667
0.5,0.619,0.151,0.22,0.22,0,0,0,0,0,0,0.299,24.166666667,24.166666667
0.569,0.645,0.207,0.256,0.256,0,0,0,0,0,0,0.133,24.166666667,24.166666667
0.667,0.663,0.319,0.33,0.33,0,0,0,0,0,0,0.202,24.166666667,24.166666667
0.667,0.656,0.443,0.408,0.408,0,0,0,0,0,0,0.187,24.166666667,24.166666667
0.667,0.638,0.55,0.512,0.512,0,0,0,0,0,0,0.27,24.166666667,24.166666667
0.667,0.603,0.414,0.474,0.474,0,0,0,0,0,0,0.072,24.166666667,24.166666667
0.764,0.577,0.24,0.338,0.338,0,0,0,0,0,0,0.047,24.166666667,24.166666667
1,0.582,0.0642,0.118,0.118,0,0,0,0,0,0,0.167,24.166666667,24.166666667
1,0.589,0.0277,0.0681,0.0681,0,0,0,0,0,0,0,24.166666667,24.166666667
1,0.599,0.0184,0.0577,0.0577,0,0,0,0,0,0,0,24.166666667,24.166666667
1,0.599,0.0184,0.0577,0.0577,0,0,0,0,0,0,0,17.777777778,23.888888889
1,0.599,0.0184,0.0577,0.0577,0,0,0,0,0,0,0,17.777777778,23.888888889
1,0.599,0.0184,0.0577,0.0577,0,0,0,0,0,0,0,17.777777778,23.888888889
1,0.599,0.0184,0.0577,0.0577,0,0,0,0,0,0,0,17.777777778,23.888888889
1,0.599,0.0184,0.0577,0.0577,0,0,0,0,0,0,0,17.777777778,23.888888889
1,0.588,0.0417,0.172,0.172,0,0,0.792,0.783,0.133,0,0.415,17.777777778,23.888888889
1,0.584,0.0977,0.278,0.278,0,0,0.215,0,1,0,0.178,17.777777778,23.888888889
1,0.582,0.146,0.302,0.302,0,0,0,0,0.0167,0,0.478,17.777777778,23.888888889
1,0.584,0.155,0.263,0.263,0,0,0,0,0,0,0.289,17.777777778,23.888888889
1,0.578,0.232,0.331,0.331,0,0,0,0,0,0,0.361,24.166666667,24.166666667
0.861,0.581,0.214,0.28,0.28,0,0,0,0,0,0,0.406,24.166666667,24.166666667
0.694,0.586,0.195,0.224,0.224,0,0,0,0,0,0,0.2,24.166666667,24.166666667
0.806,0.583,0.264,0.259,0.259,0,0,0.246,0.667,0,0,0.299,24.166666667,24.166666667
0.778,0.599,0.345,0.3,0.3,0,0,0.267,0.367,0.633,0.917,0.266,24.166666667,24.166666667
0.944,0.637,0.444,0.364,0.364,0,0,0,0,0.517,0.717,0.432,24.166666667,24.166666667
0.931,0.661,0.381,0.328,0.328,0,0,0,0,0,0,0.358,24.166666667,24.166666667
0.833,0.663,0.384,0.33,0.33,0,0,0,0,0,0,0.0665,24.166666667,24.166666667
0.833,0.656,0.499,0.408,0.408,0,0,0,0,0,0,0,24.166666667,24.166666667
0.833,0.642,0.65,0.561,0.561,0,0,0,0,0,0,0.0333,24.166666667,24.166666667
0.833,0.604,0.69,0.736,0.736,0,0,0,0,0,0,0.0665,24.166666667,24.166666667
0.944,0.557,0.475,0.591,0.591,0,0,0,0,0,0,0.101,24.166666667,24.166666667
1,0.573,0.104,0.154,0.154,0,0,0,0,0,0,0,24.166666667,24.166666667
1,0.581,0.0339,0.0742,0.0742,0,0,0,0,0,0,0.186,24.166666667,24.166666667
1,0.584,0.0235,0.0625,0.0625,0,0,0,0,0,0,0.177,24.166666667,24.166666667
1,0.599,0.0184,0.0577,0.0577,0,0,0,0,0,0,0,17.777777778,23.888888889
1,0.591,0.0184,0.0577,0.0577,0,0,0,0,0,0,0.2,17.777777778,23.888888889
1,0.597,0.0184,0.0577,0.0577,0,0,0,0,0,0,0,17.777777778,23.888888889
1,0.599,0.0184,0.0577,0.0577,0,0,0,0,0,0,0,17.777777778,23.888888889
1,0.599,0.0184,0.0577,0.0577,0,0,0,0,0,0,0,17.777777778,23.888888889
0.931,0.599,0.0184,0.0577,0.0577,0,0,0,0,0,0,0,17.777777778,23.888888889
0.681,0.599,0.0184,0.0577,0.0577,0,0,0,0,0,0,0,17.777777778,23.888888889
0.639,0.596,0.0402,0.0982,0.0982,0,0,0,0,0,0,0.224,17.777777778,23.888888889
0.431,0.595,0.0574,0.116,0.116,0,0,0,0,0,0,0.239,17.777777778,23.888888889
0.361,0.592,0.0874,0.146,0.146,0,0,0,0,0,0,0.265,24.166666667,24.166666667
0.5,0.586,0.159,0.218,0.218,0,0,0.114,0.667,0,0,0.0998,24.166666667,24.166666667
0.347,0.59,0.134,0.167,0.167,0,0,0,0.367,0.633,0,0.233,24.166666667,24.166666667
0.361,0.59,0.157,0.172,0.172,0,0,0,0,0.283,0,0.0333,24.166666667,24.166666667
0.583,0.599,0.267,0.243,0.243,0,0,0,0,0,0,0.226,24.166666667,24.166666667
0.5,0.619,0.244,0.22,0.22,0,0,0,0,0,0,0.138,24.166666667,24.166666667
0.5,0.639,0.252,0.232,0.232,0,0,0,0,0,0,0.0665,24.166666667,24.166666667
0.5,0.647,0.292,0.262,0.262,0,0,0,0,0,0,0.266,24.166666667,24.166666667
0.681,0.657,0.512,0.417,0.417,0,0,0,0,0,0,0.443,24.166666667,24.166666667
0.625,0.636,0.552,0.481,0.481,0,0,0.353,0.417,0,0,0.195,24.166666667,24.166666667
0.333,0.601,0.287,0.329,0.329,0,0,0.645,0.617,0.383,0,0.0333,24.166666667,24.166666667
0.75,0.565,0.366,0.466,0.466,0,0,0,0,1,0,0.264,24.166666667,24.166666667
0.833,0.541,0.173,0.226,0.226,0,0,0,0,0,0,0.167,24.166666667,24.166666667
0.833,0.565,0.0443,0.0914,0.0914,0,0,0,0,0,0,0,24.166666667,24.166666667
0.833,0.581,0.0209,0.0633,0.0633,0,0,0,0,0,0,0.166,24.166666667,24.166666667
0.833,0.597,0.0164,0.0581,0.0581,0,0,0,0,0,0,0,17.777777778,23.888888889
0.986,0.599,0.0161,0.0577,0.0577,0,0,0,0,0,0,0,17.777777778,23.888888889
0.847,0.599,0.0161,0.0577,0.0577,0,0,0,0,0,0,0,17.777777778,23.888888889
0.806,0.59,0.0182,0.0655,0.0655,0,0,0,0,0,0,0.143,17.777777778,23.888888889
0.75,0.568,0.0356,0.174,0.174,0,0,0,0,0,0,0.578,17.777777778,23.888888889
0.667,0.585,0.0405,0.186,0.186,0,0,0,0,0,0.167,0.315,17.777777778,23.888888889
0.639,0.589,0.0515,0.203,0.203,0,0,0,0,0,1,0.354,17.777777778,23.888888889
0.472,0.591,0.0511,0.17,0.17,0,0,0,0,0,0.233,0.296,17.777777778,23.888888889
0.264,0.593,0.049,0.146,0.146,0,0,0,0,0,0,0.2,17.777777778,23.888888889
0.167,0.595,0.0406,0.113,0.113,0,0,0,0,0,0.667,0.0998,24.166666667,24.166666667
0.167,0.595,0.0422,0.111,0.111,0.651,0.917,0,0,0,0.0333,0.133,24.166666667,24.166666667
0.0556,0.597,0.0258,0.0753,0.0753,0.371,0.217,0,0,0,0,0,24.166666667,24.166666667
0.0694,0.597,0.0294,0.0796,0.0796,0,0,0,0,0,0,0.166,24.166666667,24.166666667
0.0417,0.599,0.0248,0.0709,0.0709,0,0,0,0,0,0,0.0665,24.166666667,24.166666667
0.542,0.622,0.164,0.233,0.233,0,0,0,0,0,0.7,0.567,24.166666667,24.166666667
0.778,0.662,0.277,0.328,0.328,0,0,0,0,0,0,0.233,24.166666667,24.166666667
0.722,0.658,0.291,0.306,0.306,0,0,0,0,0,0,0.0665,24.166666667,24.166666667
0.514,0.641,0.336,0.32,0.32,0,0,0,0,0,0,0.335,24.166666667,24.166666667
0.569,0.632,0.473,0.447,0.447,0,0,0,0,0,0,0.208,24.166666667,24.166666667
0.819,0.603,0.414,0.474,0.474,0,0,0,0,0,0,0.094,24.166666667,24.166666667
0.944,0.581,0.208,0.297,0.297,0,0,0,0,0,0,0.24,24.166666667,24.166666667
1,0.569,0.0868,0.145,0.145,0,0,0,0,0,0,0.0391,24.166666667,24.166666667
1,0.564,0.0423,0.0906,0.0906,0,0,0,0,0,0,0.206,24.166666667,24.166666667
1,0.563,0.0256,0.0689,0.0689,0,0,0,0,0,0,0.0508,24.166666667,24.166666667
1,0.583,0.0173,0.0585,0.0585,0,0,0,0,0,0,0.0665,17.777777778,23.888888889
1,0.599,0.0161,0.0577,0.0577,0,0,0,0,0,0,0,17.777777778,23.888888889
1,0.583,0.0175,0.0579,0.0579,0,0,0,0,0,0,0.353,17.777777778,23.888888889
0.847,0.597,0.0162,0.0577,0.0577,0,0,0,0,0,0,0.0242,17.777777778,23.888888889
0.764,0.574,0.0314,0.149,0.149,0,0,0.273,0.417,0,0,0.369,17.777777778,23.888888889
0.667,0.585,0.0405,0.186,0.186,0,0,0.466,0.883,0.117,0,0.367,17.777777778,23.888888889
0.597,0.59,0.0475,0.187,0.187,0,0,0.297,0,1,0,0.614,17.777777778,23.888888889
0.194,0.598,0.0187,0.0684,0.0684,0,0,0,0,0.0333,0,0.0333,17.777777778,23.888888889
0.139,0.596,0.0326,0.102,0.102,0,0,0,0,0,0,0.0333,17.777777778,23.888888889
0.0694,0.597,0.0264,0.0808,0.0808,0,0,0,0,0,0.417,0.0665,24.166666667,24.166666667
0.167,0.595,0.0422,0.111,0.111,0,0,0,0,0,1,0.0665,24.166666667,24.166666667
0.167,0.595,0.0458,0.11,0.11,0,0,0,0,0,1,0.133,24.166666667,24.166666667
0.167,0.595,0.0479,0.11,0.11,0,0,0,0,0,0.633,0.266,24.166666667,24.166666667
0.125,0.599,0.0429,0.0973,0.0973,0,0,0,0,0,0.167,0.133,24.166666667,24.166666667
0.278,0.61,0.0915,0.148,0.148,0,0,0,0,0,0.533,0.266,24.166666667,24.166666667
0.292,0.622,0.114,0.159,0.159,0,0,0,0,0,0,0.351,24.166666667,24.166666667
0.472,0.645,0.232,0.252,0.252,0,0,0,0,0,0,0.0872,24.166666667,24.166666667
0.667,0.656,0.443,0.408,0.408,0,0,0,0,0,0,0.23,24.166666667,24.166666667
0.736,0.642,0.606,0.561,0.561,0,0,0,0,0,0,0.08,24.166666667,24.166666667
0.986,0.603,0.308,0.358,0.358,0,0,0,0,0,0,0.15,24.166666667,24.166666667
1,0.591,0.108,0.171,0.171,0,0,0,0,0,0,0,24.166666667,24.166666667
0.847,0.598,0.0224,0.0659,0.0659,0,0,0,0,0,0,0,24.166666667,24.166666667
0.833,0.599,0.0161,0.0577,0.0577,0,0,0,0,0,0,0,24.166666667,24.166666667
0.833,0.599,0.0161,0.0577,0.0577,0,0,0,0,0,0,0,24.166666667,24.166666667
0.833,0.599,0.0161,0.0577,0.0577,0,0,0,0,0,0,0,17.777777778,23.888888889
0.833,0.599,0.0161,0.0577,0.0577,0,0,0,0,0,0,0,17.777777778,23.888888889
0.986,0.599,0.0161,0.0577,0.0577,0,0,0,0,0,0,0,17.777777778,23.888888889
1,0.599,0.0161,0.0577,0.0577,0,0,0,0,0,0,0,17.777777778,23.888888889
0.889,0.59,0.0216,0.0908,0.0908,0,0,0,0,0,0,0.383,17.777777778,23.888888889
0.375,0.598,0.0168,0.0618,0.0618,0,0,0,0,0,0,0.0972,17.777777778,23.888888889
0.264,0.597,0.0241,0.0899,0.0899,0,0,0,0,0,0,0.559,17.777777778,23.888888889
0.167,0.599,0.0161,0.0577,0.0577,0,0,0,0,0,0,0,17.777777778,23.888888889
0.208,0.598,0.0216,0.0723,0.0723,0,0,0,0,0,0,0.0333,17.777777778,23.888888889
0.167,0.599,0.0161,0.0577,0.0577,0,0,0,0,0,0,0,24.166666667,24.166666667
0.167,0.599,0.0161,0.0577,0.0577,0,0,0,0,0,0,0,24.166666667,24.166666667
0.167,0.599,0.0161,0.0577,0.0577,0,0,0,0,0,0,0,24.166666667,24.166666667
0.278,0.596,0.0374,0.0927,0.0927,0,0,0,0,0,0,0.166,24.166666667,24.166666667
0.333,0.599,0.0519,0.111,0.111,0,0,0,0,0,0,0.333,24.166666667,24.166666667
0.264,0.609,0.0838,0.139,0.139,0,0,0,0,0,0,0.2,24.166666667,24.166666667
0.167,0.612,0.0719,0.116,0.116,0,0,0,0,0,0.467,0.266,24.166666667,24.166666667
0.5,0.648,0.246,0.264,0.264,0,0,0,0,0,0,0.291,24.166666667,24.166666667
0.792,0.653,0.425,0.393,0.393,0,0,0,0,0,0,0.133,24.166666667,24.166666667
0.694,0.626,0.382,0.37,0.37,0,0,0,0,0,0,0.2,24.166666667,24.166666667
0.833,0.602,0.35,0.407,0.407,0,0,0,0,0,0,0.166,24.166666667,24.166666667
0.833,0.589,0.127,0.196,0.196,0,0,0,0,0,0,0,24.166666667,24.166666667
0.833,0.584,0.0514,0.101,0.101,0,0,0,0,0,0,0.166,24.166666667,24.166666667
0.861,0.59,0.0235,0.0669,0.0669,0,0,0,0,0,0,0.16,24.166666667,24.166666667
1,0.597,0.017,0.0589,0.0589,0,0,0,0,0,0,0.0379,24.166666667,24.166666667
1,0.599,0.0161,0.0577,0.0577,0,0,0,0,0,0,0,17.777777778,23.888888889
1,0.599,0.0161,0.0577,0.0577,0,0,0,0,0,0,0,17.777777778,23.888888889
1,0.583,0.0175,0.0579,0.0579,0,0,0,0,0,0.467,0.0998,17.777777778,23.888888889
0.931,0.572,0.0221,0.0799,0.0799,0,0,0,0,0,0,0.206,17.777777778,23.888888889
0.833,0.567,0.0353,0.171,0.171,0,0,0,0,0,0,0.438,17.777777778,23.888888889
0.667,0.584,0.0401,0.185,0.185,0,0,0,0,0,0,0.2,17.777777778,23.888888889
0.181,0.595,0.0307,0.117,0.117,0.651,0.667,0,0,0,0,0.0998,17.777777778,23.888888889
0.278,0.592,0.0482,0.159,0.159,0.255,0.25,0,0,0,0,0.133,17.777777778,23.888888889
0.333,0.59,0.0598,0.175,0.175,0,0,0,0,0,0,0.0998,17.777777778,23.888888889
0.306,0.591,0.061,0.16,0.16,0,0,0.76,0.917,0,0,0.166,24.166666667,24.166666667
0.167,0.595,0.0422,0.111,0.111,0,0,0.523,0.117,0.883,0,0.0665,24.166666667,24.166666667
0.167,0.595,0.0458,0.11,0.11,0,0,0.536,0,0.267,0,0.299,24.166666667,24.166666667
0.167,0.595,0.0479,0.11,0.11,0,0,0.706,0,0,0,0.0998,24.166666667,24.166666667
0.347,0.599,0.0911,0.168,0.168,0,0,0.86,0,0,0,0.13,24.166666667,24.166666667
0.5,0.619,0.151,0.22,0.22,0,0,0.479,0,0,0,0.421,24.166666667,24.166666667
0.528,0.642,0.193,0.241,0.241,0,0,0.391,0,0,0,0.133,24.166666667,24.166666667
0.667,0.663,0.319,0.33,0.33,0.761,0.917,0.604,0,0,0,0.0665,24.166666667,24.166666667
0.667,0.656,0.443,0.408,0.408,0.514,0.433,0.372,0,0,0,0.233,24.166666667,24.166666667
0.667,0.638,0.55,0.512,0.512,0.374,0,0.417,0,0,0,0.0333,24.166666667,24.166666667
0.667,0.603,0.479,0.543,0.543,0,0,0.285,0,0,0,0.131,24.166666667,24.166666667
0.778,0.577,0.24,0.338,0.338,0,0,0,0,0,0.667,0.219,24.166666667,24.166666667
0.903,0.575,0.08,0.137,0.137,0,0,0,0,0,0.967,0.162,24.166666667,24.166666667
1,0.589,0.0244,0.0681,0.0681,0,0,0,0,0,0,0.0783,24.166666667,24.166666667
1,0.599,0.0161,0.0577,0.0577,0,0,0,0,0,0,0,24.166666667,24.166666667
0.972,0.594,0.0163,0.0577,0.0577,0,0,0,0,0,0,0.0823,17.777777778,23.888888889
0.833,0.599,0.0161,0.0577,0.0577,0,0,0,0,0,0,0,17.777777778,23.888888889
0.986,0.583,0.0175,0.0579,0.0579,0,0,0,0,0,0,0.29,17.777777778,23.888888889
1,0.581,0.02,0.072,0.072,0,0,0,0,0,0,0.139,17.777777778,23.888888889
1,0.555,0.0429,0.216,0.216,0,0,0,0,0,0.917,0.133,17.777777778,23.888888889
0.75,0.574,0.0576,0.276,0.276,0,0,0,0,0,0.25,0.282,17.777777778,23.888888889
0.417,0.592,0.0395,0.154,0.154,0,0,0,0,0,0,0.116,17.777777778,23.888888889
0.472,0.591,0.0511,0.17,0.17,0,0,0,0,0,0.667,0.263,17.777777778,23.888888889
0.333,0.593,0.0471,0.141,0.141,0,0,0,0,0,0.5,0.16,17.777777778,23.888888889
0.222,0.593,0.0486,0.132,0.132,0,0,0,0,0,0,0.0998,24.166666667,24.166666667
0.167,0.595,0.0422,0.111,0.111,0,0,0,0,0,0,0.0333,24.166666667,24.166666667
0.167,0.595,0.0458,0.11,0.11,0,0,0,0,0,0,0.0998,24.166666667,24.166666667
0.208,0.594,0.0559,0.123,0.123,0,0,0,0,0,0,0.166,24.166666667,24.166666667
0.319,0.599,0.0851,0.159,0.159,0,0,0.638,0.667,0,0.417,0.233,24.166666667,24.166666667
0.444,0.616,0.129,0.193,0.193,0,0,0.321,0.367,0.633,0.75,0.233,24.166666667,24.166666667
0.528,0.628,0.137,0.183,0.183,0,0,0.37,0,0.517,0,0.233,24.166666667,24.166666667
0.708,0.662,0.314,0.326,0.326,0,0,0.599,0,0,0,0.0998,24.166666667,24.166666667
0.667,0.656,0.443,0.408,0.408,0,0,0.612,0,0,0,0.0998,24.166666667,24.166666667
0.667,0.638,0.55,0.512,0.512,0,0,0.652,0,0,0,0,24.166666667,24.166666667
0.667,0.603,0.532,0.6,0.6,0,0,0.603,0,0,0,0.618,24.166666667,24.166666667
0.778,0.575,0.269,0.374,0.374,0,0,0.653,0,0,0,0.162,24.166666667,24.166666667
0.736,0.566,0.0984,0.16,0.16,0,0,0,0,0,0,0.218,24.166666667,24.166666667
1,0.558,0.0546,0.0974,0.0974,0,0,0,0,0,0,0.133,24.166666667,24.166666667
1,0.563,0.0304,0.0689,0.0689,0,0,0,0,0,0,0.0998,24.166666667,24.166666667
1,0.566,0.0218,0.0585,0.0585,0,0,0,0,0,0,0.166,17.777777778,23.888888889
1,0.581,0.0185,0.0577,0.0577,0,0,0,0,0,0,0.266,17.777777778,23.888888889
1,0.597,0.0184,0.0577,0.0577,0,0,0,0,0,0,0,17.777777778,23.888888889
1,0.599,0.0184,0.0577,0.0577,0,0,0,0,0,0,0,17.777777778,23.888888889
1,0.599,0.0184,0.0577,0.0577,0,0,0,0,0,0,0,17.777777778,23.888888889
1,0.596,0.0239,0.0849,0.0849,0,0,0,0,0,0,0.198,17.777777778,23.888888889
1,0.583,0.107,0.299,0.299,0,0,0.49,0.667,0,0.917,0.362,17.777777778,23.888888889
0.847,0.582,0.146,0.302,0.302,0,0,0.477,0.367,0.633,0.717,0.381,17.777777778,23.888888889
0.833,0.582,0.175,0.293,0.293,0,0,0.596,0,0.05,0,0.0998,17.777777778,23.888888889
0.833,0.582,0.192,0.281,0.281,0,0,0.928,0,0,0,0.133,24.166666667,24.166666667
0.764,0.58,0.23,0.298,0.298,0,0,0.677,0,0,0.167,0.255,24.166666667,24.166666667
0.597,0.584,0.217,0.246,0.246,0,0,0.234,0,0,0.3,0.478,24.166666667,24.166666667
0.5,0.586,0.211,0.215,0.215,0,0,0,0,0,0,0.483,24.166666667,24.166666667
0.528,0.599,0.214,0.203,0.203,0,0,0,0,0,0.667,0.265,24.166666667,24.166666667
0.667,0.625,0.313,0.269,0.269,0.618,0.917,0,0,0,0.5,0.0941,24.166666667,24.166666667
0.667,0.653,0.33,0.29,0.29,0.877,0.217,0,0,0,0,0.2,24.166666667,24.166666667
0.403,0.637,0.237,0.221,0.221,0.26,0,0,0,0,0,0.0333,24.166666667,24.166666667
0.333,0.627,0.259,0.233,0.233,0,0,0,0,0,0,0.0665,24.166666667,24.166666667
0.556,0.627,0.437,0.391,0.391,0,0,0,0,0,0,0.0998,24.166666667,24.166666667
0.889,0.603,0.599,0.648,0.648,0,0,0.339,0.417,0,0.167,0,24.166666667,24.166666667
1,0.559,0.455,0.566,0.566,0,0,0.238,0.617,0.383,0.0667,0.225,24.166666667,24.166666667
1,0.551,0.155,0.209,0.209,0,0,0,0,0.0667,0,0.0951,24.166666667,24.166666667
1,0.578,0.0381,0.0786,0.0786,0,0,0,0,0,0,0,24.166666667,24.166666667
1,0.599,0.0184,0.0577,0.0577,0,0,0,0,0,0,0,24.166666667,24.166666667
1,0.599,0.0184,0.0577,0.0577,0,0,0,0,0,0,0,17.777777778,23.888888889
1,0.599,0.0184,0.0577,0.0577,0,0,0,0,0,0,0,17.777777778,23.888888889
1,0.583,0.0194,0.0579,0.0579,0,0,0,0,0,0,0.299,17.777777778,23.888888889
1,0.581,0.0205,0.072,0.072,0,0,0,0,0,0,0.3,17.777777778,23.888888889
0.847,0.597,0.0186,0.059,0.059,0,0,0,0,0,0,0.0254,17.777777778,23.888888889
0.833,0.599,0.0184,0.0577,0.0577,0,0,0,0,0,0,0,17.777777778,23.888888889
0.833,0.595,0.0384,0.111,0.111,0,0,0,0,0,0,0.569,17.777777778,23.888888889
0.764,0.592,0.0688,0.155,0.155,0,0,0,0,0,0,0.418,17.777777778,23.888888889
0.667,0.583,0.166,0.277,0.277,0,0,0,0,0,0.917,0.309,17.777777778,23.888888889
0.639,0.583,0.185,0.271,0.271,0,0,0.467,0.917,0,0.95,0.0333,24.166666667,24.166666667
0.472,0.591,0.108,0.16,0.16,0,0,0.642,0.383,0.617,0,0.133,24.166666667,24.166666667
0.486,0.591,0.126,0.159,0.159,0,0,0.159,0,0.533,0,0.133,24.166666667,24.166666667
0.347,0.594,0.0871,0.115,0.115,0,0,0,0,0,0,0.0333,24.166666667,24.166666667
0.361,0.599,0.101,0.119,0.119,0,0,0,0,0,0,0.0665,24.166666667,24.166666667
0.5,0.612,0.169,0.166,0.166,0,0,0,0,0,0,0.233,24.166666667,24.166666667
0.5,0.626,0.174,0.174,0.174,0,0,0,0,0,0.917,0.0333,24.166666667,24.166666667
0.5,0.646,0.286,0.257,0.257,0,0,0,0,0,0.0167,0.2,24.166666667,24.166666667
0.375,0.631,0.287,0.254,0.254,0,0,0,0,0,0.167,0.266,24.166666667,24.166666667
0.5,0.628,0.447,0.399,0.399,0,0,0,0,0,0.3,0,24.166666667,24.166666667
0.653,0.602,0.455,0.499,0.499,0,0,0,0,0,0,0.157,24.166666667,24.166666667
0.778,0.573,0.301,0.388,0.388,0,0,0,0,0,0,0.0124,24.166666667,24.166666667
0.833,0.563,0.118,0.166,0.166,0,0,0,0,0,0,0.248,24.166666667,24.166666667
0.861,0.581,0.0297,0.0742,0.0742,0,0,0,0,0,0,0.0751,24.166666667,24.166666667
1,0.581,0.0209,0.0633,0.0633,0,0,0,0,0,0,0.17,24.166666667,24.166666667
1,0.581,0.0171,0.0581,0.0581,0,0,0,0,0,0,0.807,17.777777778,23.888888889
1,0.581,0.0161,0.0577,0.0577,0,0,0,0,0,0,0.519,17.777777778,23.888888889
1,0.572,0.0182,0.0581,0.0581,0,0,0,0,0,0,0.0998,17.777777778,23.888888889
1,0.581,0.02,0.072,0.072,0,0,0,0,0,0,0.253,17.777777778,23.888888889
1,0.562,0.0387,0.191,0.191,0.114,0.167,0,0,0,0.467,0.173,17.777777778,23.888888889
0.778,0.573,0.0597,0.287,0.287,0.43,0.283,0,0,0,0,0.349,17.777777778,23.888888889
0.556,0.585,0.0672,0.267,0.267,0,0,0,0,0,0.467,0.319,17.777777778,23.888888889
0.5,0.586,0.0735,0.241,0.241,0,0,0.124,0.167,0,0,0.295,17.777777778,23.888888889
0.5,0.586,0.0817,0.234,0.234,0,0,0.302,1,0,0,0,17.777777778,23.888888889
0.347,0.59,0.067,0.174,0.174,0,0,0.615,0.133,0.683,0,0.166,24.166666667,24.166666667
0.333,0.59,0.0684,0.165,0.165,0,0,0.746,0,0,0,0.0665,24.166666667,24.166666667
0.333,0.59,0.0756,0.163,0.163,0,0,0.358,0,0,0,0.0665,24.166666667,24.166666667
0.264,0.592,0.0664,0.141,0.141,0,0,0.555,0,0,0,0.166,24.166666667,24.166666667
0.167,0.599,0.0519,0.111,0.111,0,0,0.782,0,0,0.167,0.299,24.166666667,24.166666667
0.167,0.605,0.061,0.112,0.112,0,0,0,0,0,1,0.399,24.166666667,24.166666667
0.472,0.638,0.176,0.223,0.223,0,0,0,0,0,0,0.0864,24.166666667,24.166666667
0.611,0.658,0.294,0.308,0.308,0,0,0,0,0,0,0.483,24.166666667,24.166666667
0.514,0.643,0.343,0.326,0.326,0,0,0,0,0,0,0.205,24.166666667,24.166666667
0.653,0.631,0.45,0.428,0.428,0,0,0,0,0,0,0,24.166666667,24.166666667
0.667,0.602,0.285,0.339,0.339,0,0,0,0,0,0,0,24.166666667,24.166666667
0.667,0.591,0.108,0.171,0.171,0,0,0,0,0,0,0,24.166666667,24.166666667
0.667,0.598,0.0224,0.0659,0.0659,0,0,0,0,0,0,0,24.166666667,24.166666667
0.667,0.599,0.0161,0.0577,0.0577,0,0,0,0,0,0,0,24.166666667,24.166666667
0.667,0.599,0.0161,0.0577,0.0577,0,0,0,0,0,0,0,24.166666667,24.166666667
0.667,0.599,0.0161,0.0577,0.0577,0,0,0,0,0,0,0,17.777777778,23.888888889
0.667,0.599,0.0161,0.0577,0.0577,0,0,0,0,0,0,0,17.777777778,23.888888889
0.972,0.591,0.0167,0.0578,0.0578,0,0,0,0,0,0,0.0665,17.777777778,23.888888889
0.889,0.593,0.0172,0.0616,0.0616,0,0,0,0,0,0,0,17.777777778,23.888888889
0.833,0.557,0.0426,0.215,0.215,0,0,0,0,0,0.233,0.656,17.777777778,23.888888889
0.806,0.572,0.0628,0.303,0.303,0,0,0,0,0,0.167,0.48,17.777777778,23.888888889
0.444,0.587,0.0565,0.224,0.224,0,0,0.197,0.167,0,1,0.114,17.777777778,23.888888889
0.222,0.593,0.0414,0.139,0.139,0,0,0.66,1,0,0.7,0.166,17.777777778,23.888888889
0.167,0.595,0.0379,0.116,0.116,0,0,0.156,0.133,0.683,0.667,0.0998,17.777777778,23.888888889
0.167,0.595,0.0406,0.113,0.113,0,0,0,0,0,0.0333,0.233,24.166666667,24.166666667
0.0972,0.596,0.0313,0.0889,0.0889,0,0,0,0,0,0,0.133,24.166666667,24.166666667
0,0.599,0.0161,0.0577,0.0577,0,0,0,0,0,0,0,24.166666667,24.166666667
0.292,0.592,0.0721,0.15,0.15,0.217,0.167,0,0,0,0,0.166,24.166666667,24.166666667
0.306,0.598,0.0814,0.155,0.155,0.685,1,0,0,0,0,0.0998,24.166666667,24.166666667
0.444,0.617,0.136,0.202,0.202,0,0.2,0,0,0,0,0.0333,24.166666667,24.166666667
0.347,0.626,0.132,0.178,0.178,0,0,0,0,0,0,0.133,24.166666667,24.166666667
0.556,0.653,0.27,0.286,0.286,0,0,0,0,0,0,0.166,24.166666667,24.166666667
0.667,0.643,0.343,0.326,0.326,0,0,0,0,0,0,0.0998,24.166666667,24.166666667
0.694,0.626,0.382,0.37,0.37,0,0,0,0,0,0,0.181,24.166666667,24.166666667
0.833,0.603,0.521,0.59,0.59,0,0,0,0,0,0,0.125,24.166666667,24.166666667
0.833,0.579,0.238,0.333,0.333,0,0,0,0,0,0,0.0333,24.166666667,24.166666667
0.903,0.577,0.071,0.126,0.126,0,0,0,0,0,0,0.0665,24.166666667,24.166666667
1,0.571,0.0368,0.0846,0.0846,0,0,0,0,0,0,0.321,24.166666667,24.166666667
1,0.581,0.0206,0.0633,0.0633,0,0,0,0,0,0,0.438,24.166666667,24.166666667
1,0.59,0.0167,0.0581,0.0581,0,0,0,0,0,0,0.198,17.777777778,23.888888889
1,0.584,0.016,0.0577,0.0577,0,0,0,0,0,0,0.154,17.777777778,23.888888889
1,0.583,0.0173,0.058,0.058,0,0,0,0,0,0,0.2,17.777777778,23.888888889
0.861,0.551,0.0263,0.0988,0.0988,0,0,0,0,0,0,0.472,17.777777778,23.888888889
0.667,0.559,0.0386,0.199,0.199,0,0,0,0,0,0,0.58,17.777777778,23.888888889
0.556,0.582,0.0431,0.208,0.208,0,0,0,0,0,0.917,0.2,17.777777778,23.888888889
0.458,0.591,0.0423,0.172,0.172,0,0,0,0,0,0.517,0.216,17.777777778,23.888888889
0.5,0.59,0.0528,0.183,0.183,0,0,0,0,0,0,0.269,17.777777778,23.888888889
0.458,0.588,0.0722,0.218,0.218,0,0,0,0,0,0.167,0.0908,17.777777778,23.888888889
0.5,0.586,0.0867,0.229,0.229,0,0,0,0,0,0.3,0.322,24.166666667,24.166666667
0.347,0.59,0.0683,0.172,0.172,0,0,0,0,0,0,0,24.166666667,24.166666667
0.264,0.592,0.0612,0.143,0.143,0,0,0,0,0,0,0.233,24.166666667,24.166666667
0.167,0.595,0.0467,0.112,0.112,0,0,0,0,0,0,0.0998,24.166666667,24.166666667
0.236,0.599,0.065,0.135,0.135,0,0,0,0,0,0,0.133,24.166666667,24.166666667
0.333,0.612,0.102,0.169,0.169,0,0,0,0,0,0,0.0333,24.166666667,24.166666667
0.528,0.642,0.187,0.251,0.251,0,0,0,0,0,0,0.166,24.166666667,24.166666667
0.5,0.647,0.234,0.28,0.28,0,0,0,0,0,0,0.0665,24.166666667,24.166666667
0.528,0.644,0.342,0.367,0.367,0.333,0.417,0,0,0,0,0.174,24.166666667,24.166666667
0.667,0.638,0.53,0.563,0.563,0.195,0.967,0,0,0,0,0.374,24.166666667,24.166666667
0.667,0.603,0.462,0.578,0.578,0,0,0,0,0,0,0.108,24.166666667,24.166666667
0.847,0.579,0.219,0.328,0.328,0,0,0,0,0,0,0.0333,24.166666667,24.166666667
1,0.583,0.0562,0.11,0.11,0,0,0,0,0,0,0,24.166666667,24.166666667
1,0.581,0.0286,0.0742,0.0742,0,0,0,0,0,0,0,24.166666667,24.166666667
1,0.588,0.0189,0.0613,0.0613,0,0,0,0,0,0,0.166,24.166666667,24.166666667
1,0.599,0.0161,0.0577,0.0577,0,0,0,0,0,0,0,17.777777778,23.888888889
1,0.599,0.0161,0.0577,0.0577,0,0,0,0,0,0,0,17.777777778,23.888888889
0.972,0.569,0.0183,0.0582,0.0582,0,0,0,0,0,0.717,0.532,17.777777778,23.888888889
0.833,0.585,0.0188,0.0683,0.0683,0,0,0,0,0,0.167,0.0998,17.777777778,23.888888889
0.833,0.561,0.0383,0.197,0.197,0,0,0,0,0,0.0667,0.619,17.777777778,23.888888889
0.764,0.58,0.0461,0.225,0.225,0.495,0.667,0,0,0,0,0.292,17.777777778,23.888888889
0.556,0.589,0.05,0.205,0.205,0.749,0.483,0,0,0,0,0.155,17.777777778,23.888888889
0.389,0.593,0.0403,0.141,0.141,0.161,0,0,0,0,0,0.166,17.777777778,23.888888889
0.222,0.594,0.0423,0.133,0.133,0,0,0,0,0,0.467,0.0333,17.777777778,23.888888889
0.167,0.595,0.0396,0.115,0.115,0,0,0,0,0,0,0.266,24.166666667,24.166666667
0.167,0.595,0.0412,0.113,0.113,0,0,0,0,0,0,0.233,24.166666667,24.166666667
0.0139,0.599,0.0182,0.0623,0.0623,0,0,0,0,0,0,0,24.166666667,24.166666667
0,0.599,0.0161,0.0577,0.0577,0,0,0,0,0,0,0,24.166666667,24.166666667
0,0.599,0.0161,0.0577,0.0577,0,0,0,0,0,0,0,24.166666667,24.166666667
0.597,0.625,0.174,0.258,0.258,0,0,0,0,0,0.467,0.476,24.166666667,24.166666667
0.722,0.657,0.248,0.321,0.321,0,0,0,0,0,0,0.133,24.166666667,24.166666667
0.556,0.652,0.258,0.303,0.303,0,0,0,0,0,0,0.0333,24.166666667,24.166666667
0.569,0.647,0.368,0.392,0.392,0,0,0,0,0,0,0.133,24.166666667,24.166666667
0.667,0.638,0.53,0.563,0.563,0,0,0,0,0,0,0.0998,24.166666667,24.166666667
0.819,0.603,0.441,0.553,0.553,0,0,0,0,0,0,0.108,24.166666667,24.166666667
0.833,0.599,0.0367,0.0822,0.0822,0,0,0,0,0,0,0,24.166666667,24.166666667
0.903,0.599,0.0161,0.0577,0.0577,0,0,0,0,0,0,0,24.166666667,24.166666667
1,0.599,0.0161,0.0577,0.0577,0,0,0,0,0,0,0,24.166666667,24.166666667
1,0.599,0.0161,0.0577,0.0577,0,0,0,0,0,0,0,24.166666667,24.166666667
1,0.599,0.0161,0.0577,0.0577,0,0,0,0,0,0,0,17.777777778,23.888888889
1,0.599,0.0161,0.0577,0.0577,0,0,0,0,0,0,0,17.777777778,23.888888889
0.931,0.599,0.0161,0.0577,0.0577,0,0,0,0,0,0,0,17.777777778,23.888888889
0.833,0.559,0.0249,0.0935,0.0935,0,0,0,0,0,0,0.585,17.777777778,23.888888889
0.708,0.568,0.033,0.162,0.162,0,0,0,0,0,0,0.383,17.777777778,23.888888889
0.681,0.583,0.0421,0.203,0.203,0,0,0,0,0,0,0.347,17.777777778,23.888888889
0.667,0.586,0.0612,0.254,0.254,0,0,0.665,0.667,0,0,0.709,17.777777778,23.888888889
0.597,0.588,0.0634,0.22,0.22,0,0,0.37,0.333,0.667,0,0.182,17.777777778,23.888888889
0.5,0.59,0.058,0.178,0.178,0,0,0.668,0,0.683,0,0.208,17.777777778,23.888888889
0.431,0.592,0.0572,0.158,0.158,0,0,0.386,0,0,0,0.588,24.166666667,24.166666667
0.486,0.587,0.0894,0.218,0.218,0,0,0.316,0,0,0,0.357,24.166666667,24.166666667
0.472,0.587,0.0971,0.211,0.211,0,0,0.499,0,0,0,0.319,24.166666667,24.166666667
0.528,0.586,0.113,0.229,0.229,0,0,0,0,0,0,0.338,24.166666667,24.166666667
0.5,0.598,0.0875,0.171,0.171,0,0,0,0,0,0,0.2,24.166666667,24.166666667
0.5,0.612,0.102,0.169,0.169,0,0,0,0,0,0,0.133,24.166666667,24.166666667
0.5,0.628,0.133,0.19,0.19,0,0,0,0,0,0.233,0.0665,24.166666667,24.166666667
0.5,0.647,0.234,0.28,0.28,0,0,0,0,0,0,0.129,24.166666667,24.166666667
0.653,0.652,0.403,0.425,0.425,0,0,0,0,0,0,0.152,24.166666667,24.166666667
0.667,0.624,0.347,0.383,0.383,0,0,0,0,0,0,0.0111,24.166666667,24.166666667
0.736,0.601,0.265,0.348,0.348,0,0,0,0,0,0,0.132,24.166666667,24.166666667
0.903,0.583,0.172,0.266,0.266,0,0,0,0,0,0,0.15,24.166666667,24.166666667
1,0.597,0.0284,0.0744,0.0744,0,0,0,0,0,0,0,24.166666667,24.166666667
1,0.599,0.0182,0.0577,0.0577,0,0,0,0,0,0,0,24.166666667,24.166666667
1,0.599,0.0184,0.0577,0.0577,0,0,0,0,0,0,0,24.166666667,24.166666667
1,0.599,0.0184,0.0577,0.0577,0,0,0,0,0,0,0,17.777777778,23.888888889
1,0.591,0.0183,0.0577,0.0577,0,0,0,0,0,0,0,17.777777778,23.888888889
1,0.584,0.0191,0.0579,0.0579,0,0,0,0,0,0,0.299,17.777777778,23.888888889
1,0.599,0.0184,0.0577,0.0577,0,0,0,0,0,0,0,17.777777778,23.888888889
1,0.599,0.0184,0.0577,0.0577,0,0,0,0,0,0,0,17.777777778,23.888888889
1,0.593,0.029,0.113,0.113,0,0,0,0,0,0,0.0722,17.777777778,23.888888889
1,0.586,0.0838,0.249,0.249,0,0,0,0,0,0,0.255,17.777777778,23.888888889
1,0.582,0.139,0.303,0.303,0,0,0,0,0,0,0.422,17.777777778,23.888888889
0.931,0.58,0.187,0.329,0.329,0,0,0,0,0,0,0.295,17.777777778,23.888888889
0.681,0.582,0.185,0.287,0.287,0,0,0,0,0,0,0.133,24.166666667,24.166666667
0.597,0.584,0.18,0.254,0.254,0,0,0,0,0,0,0.433,24.166666667,24.166666667
0.611,0.583,0.215,0.256,0.256,0,0,0,0,0,0,0.253,24.166666667,24.166666667
0.514,0.586,0.208,0.224,0.224,0,0,0,0,0,0,0.334,24.166666667,24.166666667
0.583,0.599,0.258,0.248,0.248,0.725,0.917,0,0,0,0,0.266,24.166666667,24.166666667
0.5,0.619,0.235,0.225,0.225,0,0.233,0,0,0,0,0.133,24.166666667,24.166666667
0.389,0.63,0.193,0.2,0.2,0,0,0,0,0,0.417,0.0998,24.166666667,24.166666667
0.431,0.641,0.246,0.249,0.249,0,0,0,0,0,0.05,0,24.166666667,24.166666667
0.667,0.656,0.481,0.448,0.448,0,0,0,0,0,0,0,24.166666667,24.166666667
0.819,0.647,0.697,0.681,0.681,0,0,0,0,0,0,0.106,24.166666667,24.166666667
0.806,0.604,0.526,0.625,0.625,0,0,0,0,0,0,0.156,24.166666667,24.166666667
0.667,0.579,0.237,0.328,0.328,0,0,0,0,0,0,0.113,24.166666667,24.166666667
0.847,0.566,0.101,0.152,0.152,0,0,0,0,0,0,0.277,24.166666667,24.166666667
1,0.57,0.0456,0.0878,0.0878,0,0,0.485,0.667,0,0,0,24.166666667,24.166666667
1,0.581,0.0241,0.0633,0.0633,0,0,0.114,0.333,0.667,0,0.0333,24.166666667,24.166666667
1,0.597,0.0188,0.0581,0.0581,0,0,0,0,1,0,0,17.777777778,23.888888889
1,0.599,0.0184,0.0577,0.0577,0,0,0,0,0.583,0,0,17.777777778,23.888888889
1,0.599,0.0184,0.0577,0.0577,0,0,0,0,0,0,0,17.777777778,23.888888889
1,0.599,0.0184,0.0577,0.0577,0,0,0,0,0,0,0,17.777777778,23.888888889
0.931,0.587,0.0236,0.104,0.104,0,0,0.453,0.417,0,0,0.0665,17.777777778,23.888888889
0.833,0.586,0.0422,0.183,0.183,0,0,0.536,0.833,0.167,0,0.0665,17.777777778,23.888888889
0.875,0.585,0.0895,0.265,0.265,0,0,0.932,0.167,0.283,0,0.32,17.777777778,23.888888889
0.833,0.579,0.168,0.36,0.36,0,0,0.448,1,0,0.467,0.178,17.777777778,23.888888889
0.833,0.578,0.206,0.359,0.359,0,0,0.471,0.0833,0.917,0,0.378,17.777777778,23.888888889
0.833,0.578,0.227,0.344,0.344,0,0,0.21,0,1,0,0.234,24.166666667,24.166666667
0.833,0.578,0.244,0.332,0.332,0,0,0.733,0,1,0,0.372,24.166666667,24.166666667
0.833,0.578,0.286,0.328,0.328,0,0,0.399,0,0.25,0,0.362,24.166666667,24.166666667
0.833,0.578,0.327,0.328,0.328,0,0,0.55,0,0,0,0.253,24.166666667,24.166666667
0.764,0.598,0.303,0.284,0.284,0,0,0,0,0,0,0.441,24.166666667,24.166666667
0.667,0.625,0.302,0.276,0.276,0,0,0,0,0,0,0.285,24.166666667,24.166666667
0.514,0.64,0.249,0.245,0.245,0,0,0,0,0,0,0.0998,24.166666667,24.166666667
0.5,0.647,0.282,0.28,0.28,0,0,0,0,0,0,0.2,24.166666667,24.166666667
0.5,0.632,0.287,0.284,0.284,0,0,0,0,0,0,0.266,24.166666667,24.166666667
0.556,0.622,0.34,0.353,0.353,0,0,0,0,0,0,0,24.166666667,24.166666667
0.833,0.603,0.536,0.639,0.639,0.468,0.417,0,0,0,0,0.0513,24.166666667,24.166666667
0.944,0.567,0.354,0.473,0.473,0.481,0.733,0,0,0,0,0.329,24.166666667,24.166666667
1,0.567,0.109,0.162,0.162,0,0,0,0,0,0,0.11,24.166666667,24.166666667
1,0.592,0.0248,0.0678,0.0678,0,0,0,0,0,0,0.16,24.166666667,24.166666667
1,0.599,0.0161,0.0577,0.0577,0,0,0,0,0,0,0,24.166666667,24.166666667
1,0.599,0.0161,0.0577,0.0577,0,0,0,0,0,0,0,17.777777778,23.888888889
1,0.583,0.016,0.0577,0.0577,0,0,0,0,0,0,0.266,17.777777778,23.888888889
0.847,0.597,0.0161,0.0577,0.0577,0,0,0,0,0,0,0,17.777777778,23.888888889
0.833,0.599,0.0161,0.0577,0.0577,0,0,0,0,0,0,0,17.777777778,23.888888889
0.833,0.581,0.0267,0.125,0.125,0,0,0,0,0,0,0.548,17.777777778,23.888888889
0.833,0.579,0.0504,0.248,0.248,0,0,0,0,0,0,0.347,17.777777778,23.888888889
0.681,0.59,0.0472,0.194,0.194,0,0,0,0,0,0,0.545,17.777777778,23.888888889
0.486,0.587,0.0667,0.23,0.23,0,0,0,0,0,0.717,0.614,17.777777778,23.888888889
0.333,0.59,0.058,0.178,0.178,0,0,0,0,0,0,0.3,17.777777778,23.888888889
0.333,0.59,0.0632,0.172,0.172,0,0,0,0,0,0,0.404,24.166666667,24.166666667
0.222,0.593,0.0495,0.131,0.131,0,0,0,0,0,0,0.536,24.166666667,24.166666667
0.167,0.595,0.0447,0.112,0.112,0,0,0,0,0,0,0.0998,24.166666667,24.166666667
0.167,0.595,0.0467,0.112,0.112,0,0,0,0,0,0,0.366,24.166666667,24.166666667
0.319,0.599,0.0824,0.162,0.162,0,0,0,0,0,0,0.0998,24.166666667,24.166666667
0.403,0.615,0.121,0.193,0.193,0,0,0,0,0,0,0.266,24.166666667,24.166666667
0.528,0.642,0.186,0.251,0.251,0.613,0.45,0,0,0,0,0.0665,24.166666667,24.166666667
0.667,0.663,0.307,0.353,0.353,0,0,0.668,0.667,0,0.917,0.0665,24.166666667,24.166666667
0.667,0.656,0.427,0.448,0.448,0,0,0.504,0.333,0.45,0.517,0.16,24.166666667,24.166666667
0.667,0.638,0.53,0.563,0.563,0,0,0.394,0,0,0,0.116,24.166666667,24.166666667
0.667,0.603,0.513,0.639,0.639,0,0,0,0,0,0,0.084,24.166666667,24.166666667
0.667,0.584,0.18,0.273,0.273,0,0,0,0,0,0,0.0842,24.166666667,24.166666667
0.736,0.594,0.0298,0.0757,0.0757,0,0,0,0,0,0,0,24.166666667,24.166666667
0.986,0.583,0.0261,0.0709,0.0709,0,0,0,0,0,0,0.233,24.166666667,24.166666667
1,0.581,0.0206,0.0633,0.0633,0,0,0,0,0,0,0,24.166666667,24.166666667
1,0.593,0.0166,0.0581,0.0581,0,0,0,0,0,0,0,17.777777778,23.888888889
1,0.599,0.0161,0.0577,0.0577,0,0,0,0,0,0,0,17.777777778,23.888888889
1,0.591,0.0166,0.0578,0.0578,0,0,0,0,0,0,0.0665,17.777777778,23.888888889
0.847,0.594,0.0168,0.0604,0.0604,0,0,0,0,0,0,0.11,17.777777778,23.888888889
0.764,0.591,0.0204,0.0842,0.0842,0,0,0,0,0,0,0.136,17.777777778,23.888888889
0.597,0.59,0.0331,0.151,0.151,0,0,0,0,0,0,0.233,17.777777778,23.888888889
0.5,0.594,0.0311,0.123,0.123,0,0,0,0,0,0.233,0.0998,17.777777778,23.888888889
0.347,0.595,0.0344,0.12,0.12,0,0,0,0,0,0,0.0333,17.777777778,23.888888889
0.25,0.593,0.0459,0.143,0.143,0,0,0,0,0,0.417,0.2,17.777777778,23.888888889
0.222,0.593,0.0473,0.134,0.134,0,0,0,0,0,1,0.317,24.166666667,24.166666667
0.167,0.595,0.0412,0.113,0.113,0,0,0,0,0,1,0.0333,24.166666667,24.166666667
0.167,0.595,0.0447,0.112,0.112,0,0,0,0,0,0.717,0.0665,24.166666667,24.166666667
0.389,0.589,0.0876,0.184,0.184,0,0,0,0,0,0,0.2,24.166666667,24.166666667
0.5,0.599,0.119,0.221,0.221,0,0,0,0,0,0.467,0.233,24.166666667,24.166666667
0.681,0.626,0.193,0.286,0.286,0,0,0,0,0,0,0.133,24.166666667,24.166666667
0.833,0.666,0.285,0.362,0.362,0.66,0.917,0.219,0.167,0,0,0.333,24.166666667,24.166666667
0.722,0.668,0.33,0.377,0.377,0,0.233,0,0.833,0.167,0,0.0998,24.166666667,24.166666667
0.667,0.656,0.427,0.448,0.448,0,0,0,0,0.283,0,0.233,24.166666667,24.166666667
0.625,0.636,0.498,0.531,0.531,0,0,0.324,0.917,0,0,0,24.166666667,24.166666667
0.667,0.603,0.4,0.505,0.505,0,0,0.348,0.0833,0.917,0,0.266,24.166666667,24.166666667
0.778,0.581,0.201,0.303,0.303,0,0,0,0,0.433,0,0.328,24.166666667,24.166666667
0.833,0.597,0.0284,0.0744,0.0744,0,0,0,0,0,0,0,24.166666667,24.166666667
0.944,0.587,0.0233,0.0673,0.0673,0,0,0,0,0,0,0.0665,24.166666667,24.166666667
1,0.597,0.017,0.0589,0.0589,0,0,0,0,0,0,0,24.166666667,24.166666667
1,0.599,0.0161,0.0577,0.0577,0,0,0,0,0,0,0,17.777777778,23.888888889
1,0.599,0.0161,0.0577,0.0577,0,0,0,0,0,0,0,17.777777778,23.888888889
0.694,0.599,0.0161,0.0577,0.0577,0,0,0,0,0,0,0,17.777777778,23.888888889
0.556,0.587,0.0187,0.0683,0.0683,0,0,0,0,0,0,0.318,17.777777778,23.888888889
0.5,0.573,0.031,0.151,0.151,0,0,0,0,0,0,0.517,17.777777778,23.888888889
0.389,0.589,0.0314,0.143,0.143,0,0,0,0,0,0,0.249,17.777777778,23.888888889
0.333,0.591,0.0452,0.183,0.183,0,0,0,0,0,0.917,0.451,17.777777778,23.888888889
0.181,0.594,0.0357,0.126,0.126,0,0,0,0,0,0.517,0.133,17.777777778,23.888888889
0.167,0.595,0.037,0.118,0.118,0,0,0,0,0,0.417,0.0998,17.777777778,23.888888889
0.167,0.595,0.0396,0.115,0.115,0,0,0,0,0,1,0.0665,24.166666667,24.166666667
0.25,0.593,0.0538,0.14,0.14,0,0,0,0,0,0.267,0.247,24.166666667,24.166666667
0.167,0.595,0.0447,0.112,0.112,0,0,0,0,0,0,0.324,24.166666667,24.166666667
0.167,0.595,0.0467,0.112,0.112,0,0,0,0,0,0,0.166,24.166666667,24.166666667
0.306,0.599,0.0795,0.157,0.157,0,0,0,0,0,0.417,0.352,24.166666667,24.166666667
0.764,0.63,0.215,0.314,0.314,0,0,0.097,0.167,0,0.3,0.256,24.166666667,24.166666667
0.833,0.666,0.285,0.362,0.362,0,0,0.642,1,0,0,0.352,24.166666667,24.166666667
0.833,0.679,0.38,0.427,0.427,0,0,0.536,0.0833,0.917,0.717,0.188,24.166666667,24.166666667
0.764,0.664,0.486,0.504,0.504,0.384,0.417,0.423,0,0.2,0,0.133,24.166666667,24.166666667
0.708,0.639,0.541,0.574,0.574,0.603,0.0333,0.797,0,0,0,0.053,24.166666667,24.166666667
0.736,0.602,0.42,0.531,0.531,0,0,0,0,0,0,0.109,24.166666667,24.166666667
0.833,0.589,0.133,0.211,0.211,0,0,0,0,0,0,0.404,24.166666667,24.166666667
0.833,0.584,0.0501,0.102,0.102,0,0,0,0,0,0,0.301,24.166666667,24.166666667
0.833,0.598,0.0186,0.0609,0.0609,0,0,0,0,0,0,0,24.166666667,24.166666667
0.833,0.599,0.0161,0.0577,0.0577,0,0,0,0,0,0,0,24.166666667,24.166666667
0.833,0.599,0.0161,0.0577,0.0577,0,0,0,0,0,0,0,17.777777778,23.888888889
0.833,0.599,0.0161,0.0577,0.0577,0,0,0,0,0,0,0,17.777777778,23.888888889
0.986,0.596,0.0163,0.0577,0.0577,0,0,0,0,0,0,0.114,17.777777778,23.888888889
1,0.574,0.0214,0.0789,0.0789,0,0,0,0,0,0,0.356,17.777777778,23.888888889
0.903,0.567,0.034,0.169,0.169,0,0,0.1,0.667,0,0.717,0.312,17.777777778,23.888888889
0.639,0.584,0.0418,0.2,0.2,0,0,0,0.333,0.667,0,0.516,17.777777778,23.888888889
0.347,0.594,0.0321,0.129,0.129,0,0,0,0,0.45,0,0.146,17.777777778,23.888888889
0.333,0.595,0.0344,0.12,0.12,0,0,0,0,0,0,0.0627,17.777777778,23.888888889
0.333,0.591,0.0565,0.173,0.173,0,0,0,0,0,0,0.301,17.777777778,23.888888889
0.333,0.59,0.0632,0.172,0.172,0,0,0,0,0,0.417,0.374,24.166666667,24.166666667
0.403,0.589,0.0768,0.19,0.19,0,0,0,0,0,0.3,0.438,24.166666667,24.166666667
0.472,0.587,0.0971,0.211,0.211,0,0,0,0,0,0,0.592,24.166666667,24.166666667
0.333,0.59,0.0772,0.166,0.166,0,0,0,0,0,0,0.2,24.166666667,24.166666667
0.361,0.599,0.0763,0.153,0.153,0,0,0,0,0,0,0.233,24.166666667,24.166666667
0.5,0.612,0.102,0.169,0.169,0,0,0,0,0,0,0.172,24.166666667,24.166666667
0.653,0.639,0.174,0.236,0.236,0,0,0,0,0,0.717,0.184,24.166666667,24.166666667
0.708,0.651,0.253,0.298,0.298,0,0,0,0,0,0,0.377,24.166666667,24.166666667
0.667,0.654,0.421,0.442,0.442,0,0,0,0,0,0,0.282,24.166666667,24.166666667
0.667,0.63,0.41,0.445,0.445,0,0,0,0,0,0,0.306,24.166666667,24.166666667
0.667,0.602,0.255,0.335,0.335,0,0,0,0,0,0,0.163,24.166666667,24.166666667
0.931,0.584,0.149,0.237,0.237,0,0,0,0,0,0,0.156,24.166666667,24.166666667
1,0.59,0.0374,0.0854,0.0854,0,0,0,0,0,0,0.0849,24.166666667,24.166666667
1,0.599,0.0161,0.0577,0.0577,0,0,0,0,0,0,0,24.166666667,24.166666667
1,0.599,0.0161,0.0577,0.0577,0,0,0,0,0,0,0,24.166666667,24.166666667
0.931,0.599,0.0161,0.0577,0.0577,0,0,0,0,0,0,0,17.777777778,23.888888889
0.833,0.599,0.0161,0.0577,0.0577,0,0,0,0,0,0,0,17.777777778,23.888888889
0.986,0.599,0.0161,0.0577,0.0577,0,0,0,0,0,0,0,17.777777778,23.888888889
1,0.559,0.0249,0.0935,0.0935,0,0,0,0,0,0,0.46,17.777777778,23.888888889
0.819,0.542,0.0483,0.259,0.259,0,0,0.383,0.917,0,0,0.245,17.777777778,23.888888889
0.556,0.575,0.0548,0.273,0.273,0.136,0.167,0.504,0.333,0.667,0,0.215,17.777777778,23.888888889
0.5,0.586,0.0612,0.254,0.254,0.539,0.517,0,0,1,0,0.435,17.777777778,23.888888889
0.528,0.586,0.0742,0.256,0.256,0,0,0,0,1,0,0.311,17.777777778,23.888888889
0.667,0.582,0.1,0.299,0.299,0,0,0,0,0.95,0,0.322,17.777777778,23.888888889
0.639,0.583,0.106,0.277,0.277,0,0,0,0,0,0,0.29,24.166666667,24.166666667
0.347,0.59,0.0683,0.172,0.172,0,0,0,0,0,0,0.426,24.166666667,24.166666667
0.222,0.593,0.054,0.13,0.13,0,0,0,0,0,0,0.277,24.166666667,24.166666667
0.0139,0.599,0.0185,0.0622,0.0622,0,0,0,0,0,0,0,24.166666667,24.166666667
0.0278,0.599,0.0219,0.0668,0.0668,0,0,0,0,0,0,0.0333,24.166666667,24.166666667
0.236,0.608,0.0776,0.137,0.137,0.421,0.417,0,0,0,0,0.101,24.166666667,24.166666667
0.403,0.632,0.146,0.205,0.205,0.741,0.0333,0,0,0,0,0.261,24.166666667,24.166666667
0.472,0.644,0.222,0.267,0.267,0.723,0,0,0,0,0.167,0.2,24.166666667,24.166666667
0.708,0.659,0.458,0.477,0.477,0.186,0,0,0,0,0.55,0.362,24.166666667,24.166666667
0.833,0.638,0.517,0.55,0.55,0,0,0,0,0,0,0.196,24.166666667,24.166666667
0.833,0.602,0.368,0.469,0.469,0,0,0,0,0,0,0.137,24.166666667,24.166666667
0.986,0.583,0.172,0.266,0.266,0,0,0,0,0,0,0.0706,24.166666667,24.166666667
1,0.583,0.0562,0.11,0.11,0,0,0,0,0,0,0.133,24.166666667,24.166666667
1,0.581,0.0327,0.0742,0.0742,0,0,0,0,0,0,0,24.166666667,24.166666667
1,0.593,0.0207,0.0601,0.0601,0,0,0,0,0,0,0.0333,24.166666667,24.166666667
1,0.599,0.0184,0.0577,0.0577,0,0,0,0,0,0,0,17.777777778,23.888888889
1,0.599,0.0184,0.0577,0.0577,0,0,0,0,0,0,0,17.777777778,23.888888889
1,0.599,0.0184,0.0577,0.0577,0,0,0,0,0,0,0,17.777777778,23.888888889
0.931,0.59,0.0194,0.0656,0.0656,0,0,0,0,0,0,0.307,17.777777778,23.888888889
0.833,0.581,0.026,0.125,0.125,0,0,0,0,0,0,0.423,17.777777778,23.888888889
0.833,0.585,0.0427,0.187,0.187,0,0,0,0,0,0,0.443,17.777777778,23.888888889
0.722,0.593,0.0473,0.145,0.145,0,0,0,0,0,0,0.0665,17.777777778,23.888888889
0.667,0.591,0.078,0.177,0.177,0,0,0,0,0,0,0.2,17.777777778,23.888888889
0.514,0.59,0.0934,0.178,0.178,0,0,0,0,0,0,0.266,17.777777778,23.888888889
0.458,0.588,0.13,0.21,0.21,0,0,0,0,0,0,0.0998,24.166666667,24.166666667
0.389,0.591,0.105,0.163,0.163,0,0,0,0,0,0,0.0998,24.166666667,24.166666667
0.403,0.595,0.0719,0.112,0.112,0,0,0,0,0,0,0.0665,24.166666667,24.166666667
0.653,0.585,0.22,0.233,0.233,0,0,0,0,0,0,0.266,24.166666667,24.166666667
0.556,0.599,0.246,0.239,0.239,0,0,0,0,0,0,0.233,24.166666667,24.166666667
0.5,0.619,0.235,0.225,0.225,0,0,0,0,0,0,0.166,24.166666667,24.166666667
0.569,0.645,0.275,0.266,0.266,0,0,0,0,0,0.417,0.166,24.166666667,24.166666667
0.667,0.663,0.37,0.353,0.353,0,0,0,0,0,0.3,0.166,24.166666667,24.166666667
0.736,0.661,0.53,0.489,0.489,0,0,0,0,0,0,0.143,24.166666667,24.166666667
0.833,0.644,0.649,0.636,0.636,0,0,0,0,0,0,0,24.166666667,24.166666667
0.833,0.603,0.482,0.578,0.578,0,0,0,0,0,0,0,24.166666667,24.166666667
0.861,0.575,0.27,0.37,0.37,0,0,0,0,0,0,0.254,24.166666667,24.166666667
1,0.554,0.134,0.189,0.189,0,0,0,0,0,0,0,24.166666667,24.166666667
1,0.579,0.0391,0.0806,0.0806,0,0,0,0,0,0,0,24.166666667,24.166666667
1,0.593,0.0207,0.0601,0.0601,0,0,0,0,0,0,0,24.166666667,24.166666667
1,0.599,0.0184,0.0577,0.0577,0,0,0,0,0,0,0,17.777777778,23.888888889
1,0.599,0.0184,0.0577,0.0577,0,0,0,0,0,0,0,17.777777778,23.888888889
0.847,0.599,0.0184,0.0577,0.0577,0,0,0,0,0,0,0,17.777777778,23.888888889
0.833,0.599,0.0184,0.0577,0.0577,0,0,0,0,0,0,0,17.777777778,23.888888889
0.833,0.599,0.0184,0.0577,0.0577,0,0,0,0,0,0,0,17.777777778,23.888888889
0.833,0.593,0.03,0.118,0.118,0,0,0,0,0,0,0.207,17.777777778,23.888888889
0.833,0.589,0.0712,0.211,0.211,0,0,0,0,0,0.917,0.484,17.777777778,23.888888889
0.653,0.589,0.0897,0.204,0.204,0,0,0,0,0,0.45,0.329,17.777777778,23.888888889
0.569,0.589,0.109,0.203,0.203,0,0,0.219,0.167,0,1,0.117,17.777777778,23.888888889
0.667,0.586,0.144,0.229,0.229,0,0,0.571,1,0,1,0.366,24.166666667,24.166666667
0.667,0.586,0.154,0.222,0.222,0,0,0.48,0.0833,0.217,0.717,0.242,24.166666667,24.166666667
0.667,0.586,0.179,0.22,0.22,0,0,0.399,0,0,0,0.312,24.166666667,24.166666667
0.639,0.587,0.193,0.211,0.211,0,0,0,0,0,0,0.305,24.166666667,24.166666667
0.611,0.599,0.201,0.203,0.203,0,0,0,0,0,0,0.399,24.166666667,24.166666667
0.694,0.62,0.247,0.234,0.234,0,0,0,0,0,0.233,0.233,24.166666667,24.166666667
0.875,0.669,0.406,0.373,0.373,0,0,0,0,0,0,0.481,24.166666667,24.166666667
0.833,0.679,0.458,0.427,0.427,0,0,0,0,0,0,0.239,24.166666667,24.166666667
0.833,0.657,0.489,0.454,0.454,0,0,0,0,0,0,0.402,24.166666667,24.166666667
0.833,0.638,0.569,0.563,0.563,0,0,0,0,0,0,0.238,24.166666667,24.166666667
0.833,0.603,0.536,0.639,0.639,0,0,0,0,0,0,0.146,24.166666667,24.166666667
0.833,0.567,0.354,0.473,0.473,0,0,0,0,0,0,0.0998,24.166666667,24.166666667
0.986,0.566,0.112,0.165,0.165,0.775,0.917,0,0,0,0,0,24.166666667,24.166666667
1,0.581,0.0292,0.0742,0.0742,0.775,0.233,0,0,0,0,0,24.166666667,24.166666667
1,0.593,0.018,0.0601,0.0601,0.7,0,0,0,0,0,0,24.166666667,24.166666667
1,0.599,0.0161,0.0577,0.0577,0,0,0,0,0,0,0,17.777777778,23.888888889
1,0.599,0.0161,0.0577,0.0577,0,0,0,0,0,0,0,17.777777778,23.888888889
0.847,0.599,0.0161,0.0577,0.0577,0,0,0,0,0,0,0,17.777777778,23.888888889
0.681,0.599,0.0161,0.0577,0.0577,0,0,0,0,0,0,0,17.777777778,23.888888889
0.667,0.593,0.0194,0.0787,0.0787,0,0,0,0,0,0,0.298,17.777777778,23.888888889
0.597,0.589,0.0337,0.156,0.156,0.828,0.45,0,0,0,0,0.202,17.777777778,23.888888889
0.347,0.593,0.0375,0.151,0.151,0.125,0,0,0,0,0,0.451,17.777777778,23.888888889
0.111,0.596,0.0279,0.0998,0.0998,0,0,0,0,0,0,0,17.777777778,23.888888889
0.0694,0.597,0.0249,0.0827,0.0827,0,0,0,0,0,0,0.168,17.777777778,23.888888889
0.167,0.595,0.0396,0.115,0.115,0,0,0,0,0,0,0.266,24.166666667,24.166666667
0.208,0.594,0.0475,0.126,0.126,0,0,0,0,0,0.417,0.0333,24.166666667,24.166666667
0.0139,0.599,0.0182,0.0623,0.0623,0,0,0,0,0,0.3,0,24.166666667,24.166666667
0.0694,0.597,0.0289,0.0802,0.0802,0,0,0,0,0,0,0.299,24.166666667,24.166666667
0.236,0.599,0.065,0.135,0.135,0,0,0,0,0,0,0.418,24.166666667,24.166666667
0.333,0.612,0.102,0.169,0.169,0,0,0,0,0,0,0.133,24.166666667,24.166666667
0.708,0.65,0.219,0.287,0.287,0,0,0,0,0,0.717,0.565,24.166666667,24.166666667
0.806,0.677,0.368,0.415,0.415,0.591,0.45,0,0,0,0,0.237,24.166666667,24.166666667
0.667,0.656,0.427,0.448,0.448,0.633,0.417,0,0,0,0,0.2,24.166666667,24.166666667
0.667,0.634,0.476,0.509,0.509,0,0.0333,0,0,0,0,0.318,24.166666667,24.166666667
0.667,0.602,0.368,0.469,0.469,0,0,0,0,0,0,0.216,24.166666667,24.166666667
0.889,0.573,0.258,0.382,0.382,0,0,0,0,0,0,0.288,24.166666667,24.166666667
1,0.571,0.0851,0.147,0.147,0,0,0,0,0,0,0.112,24.166666667,24.166666667
1,0.593,0.0213,0.0645,0.0645,0,0,0,0,0,0,0.112,24.166666667,24.166666667
1,0.599,0.0161,0.0577,0.0577,0,0,0,0,0,0,0,24.166666667,24.166666667
1,0.599,0.0161,0.0577,0.0577,0,0,0,0,0,0,0,17.777777778,23.888888889
1,0.599,0.0161,0.0577,0.0577,0,0,0,0,0,0,0,17.777777778,23.888888889
1,0.599,0.0161,0.0577,0.0577,0,0,0,0,0,0,0,17.777777778,23.888888889
1,0.591,0.0177,0.0643,0.0643,0,0,0,0,0,0,0.156,17.777777778,23.888888889
1,0.561,0.0383,0.197,0.197,0,0,0,0,0,0,0.466,17.777777778,23.888888889
1,0.578,0.0511,0.252,0.252,0,0,0,0,0,0,0.692,17.777777778,23.888888889
0.736,0.592,0.0369,0.151,0.151,0,0,0,0,0,0,0.401,17.777777778,23.888888889
0.667,0.587,0.0686,0.235,0.235,0,0,0,0,0,0.467,0.302,17.777777778,23.888888889
0.667,0.585,0.0843,0.254,0.254,0.575,0.917,0,0,0,0,0.166,17.777777778,23.888888889
0.528,0.588,0.0768,0.206,0.206,0,0.233,0,0,0,0,0.25,24.166666667,24.166666667
0.222,0.593,0.0495,0.131,0.131,0,0,0,0,0,0,0.266,24.166666667,24.166666667
0.167,0.595,0.0447,0.112,0.112,0,0,0,0,0,0,0.2,24.166666667,24.166666667
0.167,0.595,0.0467,0.112,0.112,0,0,0,0,0,0,0.399,24.166666667,24.166666667
0.194,0.599,0.0563,0.121,0.121,0,0,0.173,0.167,0,0,0.266,24.166666667,24.166666667
0.222,0.607,0.0732,0.132,0.132,0,0,0.695,0.833,0.167,0,0.333,24.166666667,24.166666667
0.306,0.624,0.115,0.17,0.17,0,0,0.73,0,0.95,0,0.133,24.166666667,24.166666667
0.486,0.646,0.228,0.273,0.273,0.584,0.667,0.436,0,0,0.917,0.0333,24.166666667,24.166666667
0.583,0.643,0.33,0.357,0.357,0.525,0.483,0,0,0,0.283,0,24.166666667,24.166666667
0.736,0.632,0.456,0.49,0.49,0.594,0,0,0,0,0,0.0333,24.166666667,24.166666667
0.986,0.603,0.523,0.651,0.651,0,0,0,0,0,0,0.145,24.166666667,24.166666667
1,0.579,0.219,0.328,0.328,0,0,0,0,0,0,0,24.166666667,24.166666667
1,0.569,0.084,0.146,0.146,0,0,0,0,0,0,0,24.166666667,24.166666667
1,0.564,0.0411,0.0906,0.0906,0,0,0,0,0,0,0,24.166666667,24.166666667
1,0.58,0.0215,0.0645,0.0645,0,0,0,0,0,0,0,24.166666667,24.166666667
1,0.581,0.017,0.0581,0.0581,0,0,0,0,0,0,0.0333,17.777777778,23.888888889
0.847,0.597,0.0161,0.0577,0.0577,0,0,0,0,0,0,0,17.777777778,23.888888889
0.986,0.566,0.0186,0.0583,0.0583,0,0,0,0,0,0.467,0.509,17.777777778,23.888888889
1,0.56,0.0242,0.0896,0.0896,0,0,0,0,0,0,0.493,17.777777778,23.888888889
1,0.552,0.0423,0.221,0.221,0,0,0,0,0,0,0.487,17.777777778,23.888888889
0.681,0.58,0.0448,0.218,0.218,0,0,0,0,0,0,0.266,17.777777778,23.888888889
0.333,0.594,0.0311,0.123,0.123,0,0,0,0,0,0,0.188,17.777777778,23.888888889
0.222,0.597,0.022,0.0787,0.0787,0,0,0,0,0,0,0.166,17.777777778,23.888888889
0.167,0.595,0.0355,0.113,0.113,0,0,0,0,0,0,0.426,17.777777778,23.888888889
0.167,0.595,0.0396,0.115,0.115,0,0,0,0,0,0,0.183,24.166666667,24.166666667
0.0833,0.597,0.0286,0.0852,0.0852,0,0,0,0,0,0,0.0998,24.166666667,24.166666667
0.167,0.595,0.0447,0.112,0.112,0,0,0,0,0,0,0.0665,24.166666667,24.166666667
0.167,0.595,0.0467,0.112,0.112,0,0,0,0,0,0,0.233,24.166666667,24.166666667
0.167,0.599,0.0505,0.112,0.112,0,0,0,0,0,0,0.299,24.166666667,24.166666667
0.167,0.605,0.0593,0.114,0.114,0,0,0,0,0,0,0.244,24.166666667,24.166666667
0.194,0.615,0.0789,0.129,0.129,0,0,0,0,0,0.417,0.381,24.166666667,24.166666667
0.444,0.642,0.211,0.256,0.256,0,0,0,0,0,0.05,0.133,24.166666667,24.166666667
0.611,0.651,0.394,0.417,0.417,0,0,0,0,0,0,0.113,24.166666667,24.166666667
0.625,0.636,0.498,0.531,0.531,0,0,0,0,0,0,0,24.166666667,24.166666667
0.694,0.603,0.348,0.443,0.443,0,0,0,0,0,0,0.338,24.166666667,24.166666667
0.875,0.582,0.178,0.274,0.274,0,0,0,0,0,0,0,24.166666667,24.166666667
0.833,0.584,0.0501,0.102,0.102,0,0,0,0,0,0,0,24.166666667,24.166666667
0.833,0.581,0.0286,0.0742,0.0742,0,0,0,0,0,0,0,24.166666667,24.166666667
0.833,0.593,0.018,0.0601,0.0601,0,0,0,0,0,0,0,24.166666667,24.166666667
0.833,0.599,0.0161,0.0577,0.0577,0,0,0,0,0,0,0,17.777777778,23.888888889
0.833,0.599,0.0161,0.0577,0.0577,0,0,0,0,0,0,0,17.777777778,23.888888889
0.875,0.594,0.0164,0.0578,0.0578,0,0,0,0,0,0,0.0886,17.777777778,23.888888889
0.764,0.583,0.0197,0.0723,0.0723,0,0,0,0,0,0.233,0.43,17.777777778,23.888888889
0.667,0.585,0.0237,0.105,0.105,0,0,0,0,0,0.717,0.187,17.777777778,23.888888889
0.514,0.586,0.0388,0.183,0.183,0,0,0,0,0,0,0.446,17.777777778,23.888888889
0.347,0.594,0.0321,0.129,0.129,0,0,0,0,0,0,0,17.777777778,23.888888889
0.333,0.595,0.0344,0.12,0.12,0,0,0,0,0,0,0.266,17.777777778,23.888888889
0.333,0.591,0.0565,0.173,0.173,0,0,0,0,0,0,0.0998,17.777777778,23.888888889
0.333,0.59,0.0632,0.172,0.172,0,0,0,0,0,0,0.0998,24.166666667,24.166666667
0.333,0.59,0.0663,0.167,0.167,0,0,0,0,0,0,0.141,24.166666667,24.166666667
0.306,0.591,0.0685,0.157,0.157,0,0,0,0,0,0,0.319,24.166666667,24.166666667
0.167,0.595,0.0467,0.112,0.112,0,0,0,0,0,0,0.166,24.166666667,24.166666667
0.167,0.599,0.0505,0.112,0.112,0,0,0,0,0,0,0.2,24.166666667,24.166666667
0.458,0.618,0.136,0.211,0.211,0,0,0,0,0,0.167,0.226,24.166666667,24.166666667
0.625,0.643,0.195,0.26,0.26,0,0,0,0,0,0.55,0.149,24.166666667,24.166666667
0.667,0.647,0.234,0.28,0.28,0,0,0,0,0,0,0.0333,24.166666667,24.166666667
0.667,0.641,0.324,0.35,0.35,0,0,0,0,0,0,0.266,24.166666667,24.166666667
0.667,0.628,0.402,0.437,0.437,0,0,0,0,0,0,0.0665,24.166666667,24.166666667
0.819,0.602,0.327,0.42,0.42,0,0,0,0,0,0,0,24.166666667,24.166666667
0.833,0.599,0.0161,0.0577,0.0577,0,0,0,0,0,0,0,24.166666667,24.166666667
0.903,0.595,0.0237,0.0674,0.0674,0,0,0,0,0,0,0,24.166666667,24.166666667
1,0.599,0.0161,0.0577,0.0577,0,0,0,0,0,0,0,24.166666667,24.166666667
1,0.599,0.0161,0.0577,0.0577,0,0,0,0,0,0,0,24.166666667,24.166666667
1,0.599,0.0161,0.0577,0.0577,0,0,0,0,0,0,0,17.777777778,23.888888889
1,0.583,0.016,0.0577,0.0577,0,0,0,0,0,0,0.0665,17.777777778,23.888888889
1,0.597,0.0161,0.0577,0.0577,0,0,0,0,0,0,0,17.777777778,23.888888889
0.889,0.575,0.0213,0.0789,0.0789,0,0,0,0,0,0.917,0.0665,17.777777778,23.888888889
0.653,0.577,0.028,0.132,0.132,0,0,0,0,0,0.767,0.0887,17.777777778,23.888888889
0.319,0.59,0.0307,0.139,0.139,0,0,0,0,0,0,0.16,17.777777778,23.888888889
0.167,0.597,0.0209,0.0796,0.0796,0,0,0,0,0,0,0.0333,17.777777778,23.888888889
0.167,0.595,0.0331,0.115,0.115,0,0,0,0,0,0,0.0665,17.777777778,23.888888889
0.167,0.595,0.037,0.118,0.118,0,0,0,0,0,0,0.2,17.777777778,23.888888889
0.208,0.594,0.0456,0.129,0.129,0,0,0,0,0,0,0.0998,24.166666667,24.166666667
0.0556,0.597,0.0244,0.0761,0.0761,0,0,0,0,0,0,0.0333,24.166666667,24.166666667
0.306,0.591,0.0691,0.157,0.157,0,0,0,0,0,0.467,0.366,24.166666667,24.166666667
0.181,0.594,0.0491,0.116,0.116,0,0,0,0,0,0,0.0998,24.166666667,24.166666667
0.167,0.599,0.0505,0.112,0.112,0,0,0,0,0,0,0.433,24.166666667,24.166666667
0.389,0.615,0.118,0.188,0.188,0,0,0.261,0.417,0,0.167,0.2,24.166666667,24.166666667
0.569,0.645,0.2,0.266,0.266,0,0,0.31,0.583,0.417,1,0.192,24.166666667,24.166666667
0.583,0.655,0.27,0.316,0.316,0,0,0.515,0,1,0.75,0.166,24.166666667,24.166666667
0.667,0.656,0.427,0.448,0.448,0,0,0,0,0.383,0,0.366,24.166666667,24.166666667
0.625,0.636,0.498,0.531,0.531,0,0,0,0,0,0,0.2,24.166666667,24.166666667
0.819,0.603,0.379,0.48,0.48,0.588,0.917,0,0,0,0,0.0333,24.166666667,24.166666667
0.833,0.591,0.104,0.174,0.174,0,0,0,0,0,0,0.149,24.166666667,24.166666667
0.903,0.584,0.0501,0.102,0.102,0,0,0,0,0,0,0.0938,24.166666667,24.166666667
1,0.581,0.0327,0.0742,0.0742,0,0,0,0,0,0.667,0,24.166666667,24.166666667
1,0.581,0.0241,0.0633,0.0633,0,0,0,0,0,0.05,0.233,24.166666667,24.166666667
1,0.597,0.0188,0.0581,0.0581,0,0,0,0,0,0,0,17.777777778,23.888888889
1,0.599,0.0184,0.0577,0.0577,0,0,0,0,0,0,0,17.777777778,23.888888889
1,0.58,0.0194,0.058,0.058,0,0,0,0,0,0,0.151,17.777777778,23.888888889
1,0.563,0.0223,0.0869,0.0869,0,0,0,0,0,0,0.227,17.777777778,23.888888889
1,0.566,0.0317,0.173,0.173,0,0,0,0,0,0,0.207,17.777777778,23.888888889
0.889,0.579,0.0516,0.236,0.236,0,0,0,0,0,0,0.287,17.777777778,23.888888889
0.833,0.586,0.0848,0.254,0.254,0,0,0,0,0,0.167,0.242,17.777777778,23.888888889
0.764,0.584,0.126,0.277,0.277,0,0,0,0,0,0.3,0.2,17.777777778,23.888888889
0.472,0.589,0.102,0.193,0.193,0,0,0.596,0.417,0,0.167,0,17.777777778,23.888888889
0.5,0.586,0.144,0.229,0.229,0,0,0.114,0.833,0.167,0.3,0.2,24.166666667,24.166666667
0.5,0.586,0.154,0.222,0.222,0,0,0,0,0.95,0,0.153,24.166666667,24.166666667
0.639,0.583,0.224,0.265,0.265,0,0,0,0,0,0,0.0665,24.166666667,24.166666667
0.681,0.582,0.269,0.278,0.278,0,0,0,0,0,0,0.0333,24.166666667,24.166666667
0.361,0.598,0.165,0.175,0.175,0,0,0,0,0,0,0.0998,24.166666667,24.166666667
0.597,0.623,0.278,0.258,0.258,0,0,0,0,0,0,0.133,24.166666667,24.166666667
0.667,0.653,0.318,0.301,0.301,0,0,0,0,0,0,0.0665,24.166666667,24.166666667
0.556,0.652,0.311,0.303,0.303,0.175,0.167,0,0,0,0,0.166,24.166666667,24.166666667
0.653,0.654,0.474,0.442,0.442,0.691,1,0,0,0,0,0.265,24.166666667,24.166666667
0.667,0.638,0.569,0.563,0.563,0.582,0.217,0,0,0,0,0.204,24.166666667,24.166666667
0.667,0.603,0.536,0.639,0.639,0,0,0,0,0,0.717,0.331,24.166666667,24.166666667
0.667,0.583,0.208,0.29,0.29,0,0,0,0,0,0,0.133,24.166666667,24.166666667
0.694,0.569,0.0954,0.146,0.146,0,0,0,0,0,0,0.133,24.166666667,24.166666667
0.833,0.564,0.0482,0.0906,0.0906,0,0,0,0,0,0,0.0333,24.166666667,24.166666667
0.833,0.575,0.0264,0.0657,0.0657,0,0,0,0,0,0,0.0333,24.166666667,24.166666667
0.833,0.597,0.0188,0.0581,0.0581,0,0,0,0,0,0,0,17.777777778,23.888888889
0.833,0.599,0.0184,0.0577,0.0577,0,0,0,0,0,0,0,17.777777778,23.888888889
0.833,0.583,0.0193,0.058,0.058,0,0,0,0,0,0,0.157,17.777777778,23.888888889
0.764,0.588,0.0195,0.0657,0.0657,0,0,0,0,0,0,0.116,17.777777778,23.888888889
0.736,0.593,0.0208,0.0787,0.0787,0,0,0,0,0,0,0.179,17.777777778,23.888888889
0.833,0.589,0.0358,0.15,0.15,0,0,0,0,0,0.417,0.276,17.777777778,23.888888889
0.833,0.586,0.0838,0.249,0.249,0,0,0,0,0,0.533,0.327,17.777777778,23.888888889
0.806,0.583,0.134,0.292,0.292,0,0,0,0,0,0.233,0.255,17.777777778,23.888888889
0.597,0.588,0.115,0.213,0.213,0,0,0,0,0,0,0.25,17.777777778,23.888888889
0.5,0.587,0.141,0.224,0.224,0,0,0,0,0,0,0.203,24.166666667,24.166666667
0.5,0.586,0.154,0.222,0.222,0,0,0,0,0,0,0.0998,24.166666667,24.166666667
0.5,0.586,0.179,0.22,0.22,0,0,0,0,0,0,0.166,24.166666667,24.166666667
0.5,0.586,0.203,0.22,0.22,0,0,0,0,0,0,0.233,24.166666667,24.166666667
0.347,0.598,0.16,0.171,0.171,0,0,0,0,0,0,0.0998,24.166666667,24.166666667
0.333,0.612,0.163,0.169,0.169,0,0,0,0,0,0,0.233,24.166666667,24.166666667
0.181,0.613,0.0994,0.123,0.123,0,0,0,0,0,0,0.133,24.166666667,24.166666667
0.319,0.63,0.188,0.2,0.2,0,0,0,0,0,0,0.0665,24.166666667,24.166666667
0.333,0.627,0.25,0.253,0.253,0,0,0,0,0,0,0.0665,24.166666667,24.166666667
0.514,0.629,0.445,0.45,0.45,0,0,0,0,0,0,0.182,24.166666667,24.166666667
0.778,0.604,0.621,0.737,0.737,0,0,0,0,0,0,0.21,24.166666667,24.166666667
0.944,0.559,0.438,0.577,0.577,0,0,0,0,0,0,0.241,24.166666667,24.166666667
1,0.541,0.173,0.235,0.235,0,0,0.461,0.917,0,0,0.103,24.166666667,24.166666667
1,0.553,0.0504,0.101,0.101,0,0,0.717,0.0833,0.667,0,0.067,24.166666667,24.166666667
1,0.563,0.0251,0.0689,0.0689,0,0,0.536,0,0,0,0.228,24.166666667,24.166666667
1,0.596,0.0167,0.0585,0.0585,0,0,0,0,0,0,0,17.777777778,23.888888889
1,0.599,0.0161,0.0577,0.0577,0,0,0,0,0,0,0,17.777777778,23.888888889
0.847,0.583,0.0173,0.058,0.058,0,0,0,0,0,0,0.398,17.777777778,23.888888889
0.833,0.557,0.025,0.0935,0.0935,0,0,0,0,0,0.417,0.376,17.777777778,23.888888889
0.597,0.556,0.0403,0.208,0.208,0,0,0,0,0,1,0.365,17.777777778,23.888888889
0.347,0.585,0.0408,0.194,0.194,0,0,0,0,0,0.0167,0.383,17.777777778,23.888888889
0.431,0.587,0.0548,0.227,0.227,0,0,0,0,0,0,0.266,17.777777778,23.888888889
0.333,0.59,0.0528,0.183,0.183,0,0,0,0,0,0,0.0333,17.777777778,23.888888889
0.181,0.594,0.0386,0.123,0.123,0,0,0,0,0,0,0.0333,17.777777778,23.888888889
0.167,0.595,0.0396,0.115,0.115,0,0,0,0,0,0,0.0665,24.166666667,24.166666667
0.125,0.596,0.0349,0.0989,0.0989,0,0,0,0,0,0,0.0333,24.166666667,24.166666667
0.319,0.593,0.0591,0.139,0.139,0,0,0,0,0,0.717,0.227,24.166666667,24.166666667
0.333,0.595,0.0467,0.112,0.112,0,0,0,0,0,0,0.166,24.166666667,24.166666667
0.333,0.599,0.0505,0.112,0.112,0,0,0,0,0,0,0.458,24.166666667,24.166666667
0.389,0.611,0.0922,0.155,0.155,0,0,0,0,0,0,0.234,24.166666667,24.166666667
0.569,0.644,0.199,0.266,0.266,0,0,0,0,0,0.667,0.256,24.166666667,24.166666667
0.681,0.664,0.312,0.359,0.359,0.127,0.167,0,0,0,0.05,0.0333,24.166666667,24.166666667
0.514,0.637,0.287,0.315,0.315,0.486,0.283,0,0,0,0,0.2,24.166666667,24.166666667
0.569,0.619,0.273,0.31,0.31,0,0,0,0,0,0,0.105,24.166666667,24.166666667
0.806,0.601,0.254,0.336,0.336,0,0,0,0,0,0,0.0742,24.166666667,24.166666667
1,0.584,0.17,0.261,0.261,0,0,0,0,0,0,0.126,24.166666667,24.166666667
1,0.59,0.0374,0.0854,0.0854,0,0,0,0,0,0,0,24.166666667,24.166666667
1,0.599,0.0161,0.0577,0.0577,0,0,0,0,0,0,0,24.166666667,24.166666667
1,0.599,0.0161,0.0577,0.0577,0,0,0,0,0,0,0,24.166666667,24.166666667
1,0.599,0.0161,0.0577,0.0577,0,0,0,0,0,0,0,17.777777778,23.888888889
0.931,0.599,0.0161,0.0577,0.0577,0,0,0,0,0,0,0,17.777777778,23.888888889
0.833,0.583,0.0173,0.058,0.058,0,0,0,0,0,0,0.0333,17.777777778,23.888888889
0.681,0.585,0.0188,0.0683,0.0683,0,0,0,0,0,0,0.0333,17.777777778,23.888888889
0.667,0.585,0.0237,0.105,0.105,0,0,0.537,0.917,0,0,0.299,17.777777778,23.888888889
0.667,0.592,0.0277,0.123,0.123,0,0,0.695,0.0833,0.917,0,0.333,17.777777778,23.888888889
0.597,0.587,0.0592,0.243,0.243,0,0,0.27,0,0.2,0,0.484,17.777777778,23.888888889
0.347,0.59,0.054,0.188,0.188,0,0,0,0,0,0,0.517,17.777777778,23.888888889
0.333,0.59,0.058,0.178,0.178,0,0,0,0,0,0,0.217,17.777777778,23.888888889
0.181,0.594,0.0414,0.12,0.12,0,0,0,0,0,0.667,0.179,24.166666667,24.166666667
0.208,0.594,0.0475,0.126,0.126,0,0,0,0,0,0.533,0.233,24.166666667,24.166666667
0.167,0.599,0.0182,0.0623,0.0623,0,0,0,0,0,0,0,24.166666667,24.166666667
0.236,0.593,0.0571,0.13,0.13,0,0,0,0,0,0,0.444,24.166666667,24.166666667
0.292,0.599,0.0763,0.153,0.153,0,0,0,0,0,0.417,0.166,24.166666667,24.166666667
0.486,0.619,0.143,0.221,0.221,0,0,0,0,0,0.533,0.255,24.166666667,24.166666667
0.875,0.671,0.3,0.379,0.379,0,0,0,0,0,0,0.142,24.166666667,24.166666667
0.736,0.67,0.335,0.382,0.382,0.405,0.417,0,0,0,0,0.133,24.166666667,24.166666667
0.667,0.656,0.427,0.448,0.448,0.494,0.733,0,0,0,0,0.2,24.166666667,24.166666667
0.667,0.638,0.53,0.563,0.563,0.647,0,0,0,0,0,0,24.166666667,24.166666667
0.667,0.603,0.4,0.505,0.505,0.714,0,0,0,0,0,0,24.166666667,24.166666667
0.667,0.583,0.182,0.278,0.278,0.521,0,0,0,0,0,0,24.166666667,24.166666667
0.778,0.583,0.0562,0.11,0.11,0,0,0,0,0,0,0.122,24.166666667,24.166666667
0.903,0.581,0.0286,0.0742,0.0742,0,0,0,0,0,0,0.137,24.166666667,24.166666667
1,0.588,0.0189,0.0613,0.0613,0,0,0,0,0,0,0.0665,24.166666667,24.166666667
1,0.599,0.0161,0.0577,0.0577,0,0,0,0,0,0,0,17.777777778,23.888888889
1,0.596,0.016,0.0577,0.0577,0,0,0,0,0,0,0.168,17.777777778,23.888888889
1,0.597,0.0161,0.0577,0.0577,0,0,0,0,0,0,0.0727,17.777777778,23.888888889
1,0.599,0.0161,0.0577,0.0577,0,0,0,0,0,0,0,17.777777778,23.888888889
0.847,0.562,0.038,0.196,0.196,0,0,0,0,0,0.417,0.252,17.777777778,23.888888889
0.556,0.583,0.0421,0.203,0.203,0,0,0,0,0,0.533,0.151,17.777777778,23.888888889
0.167,0.599,0.0161,0.0577,0.0577,0,0,0,0,0,0,0,17.777777778,23.888888889
0.167,0.599,0.0161,0.0577,0.0577,0,0,0,0,0,0,0,17.777777778,23.888888889
0.278,0.596,0.0302,0.0977,0.0977,0,0,0,0,0,0.467,0.0333,17.777777778,23.888888889
0.333,0.591,0.0614,0.167,0.167,0,0,0,0,0,0,0.266,24.166666667,24.166666667
0.333,0.59,0.0663,0.167,0.167,0,0,0,0,0,0,0.166,24.166666667,24.166666667
0.333,0.59,0.0733,0.166,0.166,0,0,0,0,0,0,0.2,24.166666667,24.166666667
0.333,0.59,0.0772,0.166,0.166,0,0,0,0,0,0,0.166,24.166666667,24.166666667
0.181,0.598,0.0531,0.117,0.117,0,0,0,0,0,0,0.333,24.166666667,24.166666667
0.167,0.605,0.0593,0.114,0.114,0,0,0,0,0,0.233,0.0998,24.166666667,24.166666667
0.417,0.633,0.152,0.211,0.211,0,0,0,0,0,0,0.2,24.166666667,24.166666667
0.778,0.674,0.357,0.403,0.403,0,0,0,0,0,0,0.283,24.166666667,24.166666667
0.875,0.673,0.556,0.57,0.57,0,0,0,0,0,0,0.153,24.166666667,24.166666667
0.833,0.646,0.637,0.668,0.668,0,0,0,0,0,0,0.158,24.166666667,24.166666667
0.903,0.603,0.513,0.639,0.639,0,0,0,0,0,0,0.257,24.166666667,24.166666667
1,0.583,0.192,0.29,0.29,0,0,0,0,0,0,0.0991,24.166666667,24.166666667
1,0.575,0.0714,0.129,0.129,0,0,0,0,0,0,0.204,24.166666667,24.166666667
1,0.581,0.0286,0.0742,0.0742,0,0,0,0,0,0,0,24.166666667,24.166666667
1,0.588,0.0189,0.0613,0.0613,0,0,0,0,0,0,0,24.166666667,24.166666667
1,0.599,0.0161,0.0577,0.0577,0,0,0,0,0,0,0,17.777777778,23.888888889
1,0.591,0.016,0.0577,0.0577,0,0,0,0,0,0.417,0.0333,17.777777778,23.888888889
1,0.597,0.0161,0.0577,0.0577,0,0,0,0,0,0.05,0,17.777777778,23.888888889
1,0.563,0.0239,0.0895,0.0895,0,0,0,0,0,0,0.184,17.777777778,23.888888889
0.847,0.54,0.0496,0.267,0.267,0,0,0,0,0,0,0.316,17.777777778,23.888888889
0.681,0.57,0.0634,0.321,0.321,0,0,0,0,0,0,0.141,17.777777778,23.888888889
0.361,0.589,0.0482,0.2,0.2,0,0,0,0,0,0.667,0.265,17.777777778,23.888888889
0.361,0.59,0.0559,0.193,0.193,0,0,0,0,0,0.05,0.436,17.777777778,23.888888889
0.5,0.586,0.079,0.238,0.238,0,0,0,0,0,0,0.289,17.777777778,23.888888889
0.5,0.586,0.0867,0.229,0.229,0,0,0,0,0,0,0.398,24.166666667,24.166666667
0.5,0.586,0.0914,0.222,0.222,0.533,0.667,0,0,0,0,0.101,24.166666667,24.166666667
0.5,0.589,0.0826,0.184,0.184,0.284,0.483,0.105,0.167,0,0,0.279,24.166666667,24.166666667
0.5,0.59,0.0772,0.166,0.166,0,0,0.402,1,0,0,0.2,24.166666667,24.166666667
0.472,0.599,0.0792,0.157,0.157,0,0,0,0.0833,0.917,0,0.133,24.166666667,24.166666667
0.444,0.61,0.0886,0.151,0.151,0,0,0,0,0.2,0,0.0998,24.166666667,24.166666667
0.5,0.626,0.124,0.18,0.18,0,0,0,0,0,0,0.0665,24.166666667,24.166666667
0.653,0.654,0.267,0.312,0.312,0,0,0,0,0,0,0.278,24.166666667,24.166666667
0.583,0.647,0.368,0.392,0.392,0.655,0.667,0,0,0,0,0.256,24.166666667,24.166666667
0.778,0.644,0.617,0.649,0.649,0.615,0.717,0,0,0,0,0.165,24.166666667,24.166666667
0.903,0.605,0.689,0.846,0.846,0.604,0,0,0,0,0,0.215,24.166666667,24.166666667
1,0.555,0.453,0.64,0.64,0.38,0,0,0,0,0,0.0333,24.166666667,24.166666667
1,0.569,0.0974,0.164,0.164,0,0,0,0,0,0,0,24.166666667,24.166666667
1,0.581,0.0286,0.0742,0.0742,0,0,0,0,0,0,0,24.166666667,24.166666667
1,0.597,0.017,0.0589,0.0589,0,0,0,0,0,0,0,24.166666667,24.166666667
1,0.599,0.0161,0.0577,0.0577,0,0,0,0,0,0,0,17.777777778,23.888888889
1,0.599,0.0161,0.0577,0.0577,0,0,0,0,0,0,0,17.777777778,23.888888889
1,0.566,0.0186,0.0583,0.0583,0,0,0.407,0.917,0,0,0.328,17.777777778,23.888888889
1,0.563,0.0235,0.0869,0.0869,0,0,0.604,0.0833,0.917,0,0.325,17.777777778,23.888888889
0.819,0.577,0.028,0.132,0.132,0,0,0,0,0.2,0.667,0.166,17.777777778,23.888888889
0.667,0.589,0.0327,0.15,0.15,0,0,0,0,0,0.533,0.349,17.777777778,23.888888889
0.639,0.587,0.0576,0.238,0.238,0,0,0,0,0,0.917,0.362,17.777777778,23.888888889
0.361,0.594,0.0372,0.131,0.131,0,0,0,0,0,0.517,0.0391,17.777777778,23.888888889
0.167,0.599,0.0161,0.0577,0.0577,0,0,0,0,0,0,0,17.777777778,23.888888889
0.167,0.599,0.0161,0.0577,0.0577,0,0,0,0,0,0,0,24.166666667,24.166666667
0.319,0.591,0.0623,0.158,0.158,0.855,0.917,0,0,0,0,0.381,24.166666667,24.166666667
0.458,0.591,0.0685,0.157,0.157,0,0.233,0,0,0,0,0.291,24.166666667,24.166666667
0.486,0.591,0.0748,0.161,0.161,0,0,0,0,0,0,0.231,24.166666667,24.166666667
0.569,0.599,0.123,0.225,0.225,0,0,0,0,0,0,0.2,24.166666667,24.166666667
0.708,0.622,0.171,0.258,0.258,0,0,0,0,0,0.167,0.2,24.166666667,24.166666667
0.597,0.633,0.154,0.215,0.215,0,0,0,0,0,1,0.5,24.166666667,24.166666667
0.736,0.661,0.298,0.343,0.343,0.584,0.917,0,0,0,0.517,0.196,24.166666667,24.166666667
0.667,0.656,0.427,0.448,0.448,0,0.233,0,0,0,0,0.266,24.166666667,24.166666667
0.625,0.636,0.498,0.531,0.531,0,0,0,0,0,0,0.121,24.166666667,24.166666667
0.667,0.603,0.513,0.639,0.639,0,0,0,0,0,0,0.0333,24.166666667,24.166666667
0.736,0.575,0.26,0.382,0.382,0,0,0,0,0,0,0,24.166666667,24.166666667
0.833,0.56,0.105,0.173,0.173,0,0,0,0,0,0,0.0665,24.166666667,24.166666667
0.833,0.564,0.0472,0.0906,0.0906,0,0,0,0,0,0,0.109,24.166666667,24.166666667
0.833,0.571,0.0277,0.0669,0.0669,0,0,0,0,0,0,0.0333,24.166666667,24.166666667
0.833,0.597,0.0188,0.0581,0.0581,0,0,0,0,0,0,0,17.777777778,23.888888889
0.833,0.599,0.0184,0.0577,0.0577,0,0,0,0,0,0,0,17.777777778,23.888888889
0.986,0.583,0.0193,0.058,0.058,0,0,0,0,0,0,0.0665,17.777777778,23.888888889
1,0.581,0.0204,0.0723,0.0723,0,0,0,0,0,0,0,17.777777778,23.888888889
1,0.58,0.0262,0.126,0.126,0,0,0,0,0,0,0.11,17.777777778,23.888888889
1,0.591,0.031,0.127,0.127,0,0,0,0,0,0,0.311,17.777777778,23.888888889
1,0.589,0.0712,0.211,0.211,0,0,0.362,0.667,0,0.467,0.205,17.777777778,23.888888889
1,0.586,0.111,0.245,0.245,0,0,0.421,0.333,0.667,0,0.471,17.777777778,23.888888889
0.889,0.589,0.106,0.198,0.198,0,0,0.577,0,0.45,0,0.175,17.777777778,23.888888889
0.681,0.587,0.141,0.224,0.224,0,0,0.439,0,0,0,0,24.166666667,24.166666667
0.667,0.586,0.154,0.222,0.222,0,0,0.838,0,0,0,0.0333,24.166666667,24.166666667
0.667,0.586,0.179,0.22,0.22,0,0,0.321,0,0,0,0.0998,24.166666667,24.166666667
0.819,0.582,0.26,0.269,0.269,0,0,0.779,0,0,0,0.333,24.166666667,24.166666667
0.833,0.599,0.321,0.298,0.298,0,0,0.719,0,0,0,0.233,24.166666667,24.166666667
0.833,0.632,0.38,0.337,0.337,0,0,0,0,0,0,0.333,24.166666667,24.166666667
0.833,0.653,0.324,0.306,0.306,0,0,0,0,0,0.417,0.435,24.166666667,24.166666667
0.653,0.656,0.333,0.322,0.322,0,0,0,0,0,0.05,0.0998,24.166666667,24.166666667
0.653,0.654,0.474,0.442,0.442,0.618,0.667,0.097,0.417,0,0,0.0998,24.166666667,24.166666667
0.819,0.638,0.569,0.563,0.563,0,0.483,0,0.583,0.417,0,0.0887,24.166666667,24.166666667
0.903,0.603,0.418,0.505,0.505,0,0,0,0,1,0.417,0.0691,24.166666667,24.166666667
1,0.577,0.25,0.345,0.345,0,0,0,0,1,0.05,0.166,24.166666667,24.166666667
1,0.564,0.111,0.164,0.164,0,0,0,0,0.0667,0,0,24.166666667,24.166666667
1,0.587,0.0307,0.0714,0.0714,0,0,0,0,0,0,0.0333,24.166666667,24.166666667
1,0.599,0.0184,0.0577,0.0577,0,0,0,0,0,0,0,24.166666667,24.166666667
1,0.599,0.0184,0.0577,0.0577,0,0,0,0,0,0,0,17.777777778,23.888888889
1,0.599,0.0184,0.0577,0.0577,0,0,0,0,0,0,0,17.777777778,23.888888889
1,0.599,0.0184,0.0577,0.0577,0,0,0,0,0,0,0,17.777777778,23.888888889
1,0.583,0.0203,0.0723,0.0723,0,0,0,0,0,0,0.0998,17.777777778,23.888888889
1,0.585,0.0238,0.105,0.105,0,0,0,0,0,0,0.422,17.777777778,23.888888889
0.889,0.59,0.0337,0.139,0.139,0,0,0,0,0,0,0.16,17.777777778,23.888888889
0.917,0.583,0.104,0.303,0.303,0,0,0,0,0,0.467,0.36,17.777777778,23.888888889
0.861,0.577,0.175,0.376,0.376,0.542,0.917,0,0,0,0,0.528,17.777777778,23.888888889
0.694,0.581,0.174,0.309,0.309,0,0.467,0,0,0,0.917,0.15,17.777777778,23.888888889
0.597,0.584,0.168,0.263,0.263,0,0,0,0,0,0.517,0.142,24.166666667,24.166666667
0.5,0.586,0.154,0.222,0.222,0,0,0.809,0.917,0,0,0.133,24.166666667,24.166666667
0.528,0.586,0.188,0.229,0.229,0,0,0.563,0.0833,0.217,0,0.399,24.166666667,24.166666667
0.667,0.584,0.239,0.251,0.251,0,0,0.622,0,0,0,0.0998,24.166666667,24.166666667
0.792,0.599,0.287,0.271,0.271,0,0,0.469,0,0,0,0.318,24.166666667,24.166666667
0.556,0.621,0.259,0.244,0.244,0,0,0.534,0,0,0,0.133,24.166666667,24.166666667
0.611,0.649,0.293,0.281,0.281,0,0,0.251,0,0,0.717,0.233,24.166666667,24.166666667
0.708,0.667,0.392,0.372,0.372,0.588,0.667,0,0,0,0,0.097,24.166666667,24.166666667
0.444,0.637,0.324,0.315,0.315,0,0.25,0,0,0,0,0.299,24.166666667,24.166666667
0.333,0.615,0.236,0.257,0.257,0,0,0,0,0,0,0.0333,24.166666667,24.166666667
0.514,0.6,0.287,0.362,0.362,0,0,0,0,0,0,0,24.166666667,24.166666667
0.722,0.573,0.284,0.386,0.386,0,0,0,0,0,0,0.121,24.166666667,24.166666667
1,0.553,0.141,0.198,0.198,0,0,0,0,0,0,0,24.166666667,24.166666667
1,0.595,0.025,0.0674,0.0674,0,0,0,0,0,0,0,24.166666667,24.166666667
1,0.599,0.0161,0.0577,0.0577,0,0,0,0,0,0,0,24.166666667,24.166666667
1,0.599,0.0161,0.0577,0.0577,0,0,0,0,0,0,0,17.777777778,23.888888889
1,0.599,0.0161,0.0577,0.0577,0,0,0,0,0,0,0,17.777777778,23.888888889
0.847,0.599,0.0161,0.0577,0.0577,0,0,0,0,0,0,0,17.777777778,23.888888889
0.833,0.566,0.0233,0.0868,0.0868,0,0,0,0,0,0,0.439,17.777777778,23.888888889
0.736,0.571,0.0313,0.153,0.153,0,0,0,0,0,0,0.107,17.777777778,23.888888889
0.431,0.582,0.0454,0.221,0.221,0,0,0,0,0,0,0.238,17.777777778,23.888888889
0.333,0.59,0.0462,0.189,0.189,0,0,0,0,0,0,0.401,17.777777778,23.888888889
0.333,0.59,0.0528,0.183,0.183,0,0,0,0,0,0,0.133,17.777777778,23.888888889
0.333,0.59,0.058,0.178,0.178,0,0,0,0,0,0,0.346,17.777777778,23.888888889
0.333,0.59,0.0632,0.172,0.172,0,0,0,0,0,0,0.209,24.166666667,24.166666667
0.264,0.592,0.0558,0.145,0.145,0,0,0,0,0,0,0.269,24.166666667,24.166666667
0.236,0.593,0.0567,0.134,0.134,0,0,0,0,0,0,0.366,24.166666667,24.166666667
0.486,0.587,0.105,0.215,0.215,0,0,0,0,0,0,0.559,24.166666667,24.166666667
0.444,0.599,0.108,0.203,0.203,0,0,0.119,0.167,0,0,0.0665,24.166666667,24.166666667
0.597,0.622,0.171,0.258,0.258,0,0,0.674,1,0,0,0.133,24.166666667,24.166666667
0.5,0.639,0.177,0.24,0.24,0,0,0.461,0.0833,0.917,0,0.0333,24.166666667,24.166666667
0.5,0.647,0.234,0.28,0.28,0,0,0.679,0,0.433,0.417,0.0665,24.166666667,24.166666667
0.639,0.645,0.351,0.375,0.375,0,0,0.595,0,0,0.3,0.122,24.166666667,24.166666667
0.903,0.634,0.478,0.512,0.512,0.519,0.667,0.409,0,0,0.417,0.133,24.166666667,24.166666667
1,0.604,0.565,0.699,0.699,0,0.25,0.237,0,0,0.783,0.0929,24.166666667,24.166666667
1,0.575,0.25,0.37,0.37,0,0,0,0,0,0,0.0953,24.166666667,24.166666667
1,0.556,0.113,0.183,0.183,0,0,0,0,0,0,0.386,24.166666667,24.166666667
1,0.58,0.0311,0.0774,0.0774,0,0,0,0,0,0,0.0333,24.166666667,24.166666667
1,0.581,0.0206,0.0633,0.0633,0,0,0,0,0,0,0,24.166666667,24.166666667
1,0.581,0.017,0.0581,0.0581,0,0,0,0,0,0,0.166,17.777777778,23.888888889
1,0.588,0.0161,0.0577,0.0577,0,0,0,0,0,0,0.0665,17.777777778,23.888888889
1,0.599,0.0161,0.0577,0.0577,0,0,0,0,0,0,0,17.777777778,23.888888889
1,0.591,0.0177,0.0643,0.0643,0,0,0,0,0,0.233,0.0665,17.777777778,23.888888889
0.861,0.58,0.027,0.126,0.126,0,0,0,0,0,0.417,0.232,17.777777778,23.888888889
0.639,0.58,0.0474,0.232,0.232,0,0,0,0,0,1,0.241,17.777777778,23.888888889
0.389,0.588,0.051,0.211,0.211,0,0,0,0,0,0.267,0.0998,17.777777778,23.888888889
0.444,0.588,0.0652,0.224,0.224,0,0,0,0,0,0,0.166,17.777777778,23.888888889
0.5,0.586,0.079,0.238,0.238,0,0,0,0,0,0,0.368,17.777777778,23.888888889
0.5,0.586,0.0867,0.229,0.229,0,0,0,0,0,0,0.233,24.166666667,24.166666667
0.389,0.589,0.0746,0.186,0.186,0,0,0,0,0,0,0.404,24.166666667,24.166666667
0.264,0.592,0.0612,0.143,0.143,0,0,0,0,0,0,0.503,24.166666667,24.166666667
0.208,0.594,0.0543,0.125,0.125,0,0,0,0,0,0,0.0998,24.166666667,24.166666667
0.167,0.599,0.0505,0.112,0.112,0,0,0,0,0,0,0.133,24.166666667,24.166666667
0.236,0.608,0.0776,0.137,0.137,0,0,0.483,0.917,0,0,0.133,24.166666667,24.166666667
0.514,0.641,0.183,0.246,0.246,0,0,0.428,0.333,0.667,0.417,0.166,24.166666667,24.166666667
0.667,0.663,0.307,0.353,0.353,0,0,0.687,0,0.45,0.3,0.133,24.166666667,24.166666667
0.667,0.653,0.409,0.431,0.431,0,0,0.677,0,0,0,0,24.166666667,24.166666667
0.667,0.628,0.402,0.437,0.437,0,0,0,0,0,0,0,24.166666667,24.166666667
0.667,0.602,0.337,0.433,0.433,0,0,0.353,0.417,0,0,0,24.166666667,24.166666667
0.778,0.581,0.19,0.291,0.291,0,0,0.134,0.583,0.417,0,0,24.166666667,24.166666667
0.833,0.59,0.0435,0.0938,0.0938,0,0,0,0,0.0333,0,0.166,24.166666667,24.166666667
0.833,0.599,0.0161,0.0577,0.0577,0,0,0,0,0,0,0,24.166666667,24.166666667
0.861,0.599,0.0161,0.0577,0.0577,0,0,0,0,0,0,0,24.166666667,24.166666667
1,0.599,0.0161,0.0577,0.0577,0,0,0,0,0,0,0,17.777777778,23.888888889
1,0.599,0.0161,0.0577,0.0577,0,0,0,0,0,0,0,17.777777778,23.888888889
1,0.583,0.0173,0.058,0.058,0,0,0,0,0,0,0.504,17.777777778,23.888888889
0.972,0.584,0.0191,0.0696,0.0696,0,0,0,0,0,0,0.193,17.777777778,23.888888889
0.764,0.58,0.0274,0.129,0.129,0,0,0,0,0,0,0.239,17.777777778,23.888888889
0.667,0.589,0.0327,0.15,0.15,0,0,0,0,0,0,0.245,17.777777778,23.888888889
0.486,0.591,0.0436,0.178,0.178,0,0,0,0,0,0.717,0.164,17.777777778,23.888888889
0.333,0.592,0.0468,0.162,0.162,0.371,0.417,0,0,0,0,0.166,17.777777778,23.888888889
0.333,0.59,0.058,0.178,0.178,0.53,0.5,0,0,0,0,0.0665,17.777777778,23.888888889
0.361,0.59,0.0632,0.172,0.172,0,0,0,0,0,0,0.0998,24.166666667,24.166666667
0.347,0.594,0.0432,0.117,0.117,0,0,0,0,0,0,0.0665,24.166666667,24.166666667
0.222,0.594,0.0519,0.125,0.125,0,0,0,0,0,0,0.0998,24.166666667,24.166666667
0.194,0.594,0.0518,0.121,0.121,0,0,0,0,0,0,0.233,24.166666667,24.166666667
0.333,0.599,0.085,0.166,0.166,0,0,0,0,0,0,0.2,24.166666667,24.166666667
0.333,0.612,0.102,0.169,0.169,0,0,0,0,0,0,0.199,24.166666667,24.166666667
0.431,0.634,0.155,0.215,0.215,0,0,0,0,0,0.417,0.25,24.166666667,24.166666667
0.778,0.674,0.357,0.403,0.403,0,0,0,0,0,1,0.189,24.166666667,24.166666667
0.833,0.67,0.53,0.546,0.546,0.725,0.917,0,0,0,1,0.351,24.166666667,24.166666667
0.764,0.644,0.604,0.636,0.636,0.673,0,0,0,0,0.717,0.198,24.166666667,24.166666667
0.667,0.603,0.348,0.443,0.443,0.128,0,0,0,0,0,0.259,24.166666667,24.166666667
0.778,0.581,0.19,0.291,0.291,0.514,0.45,0,0,0,0,0.121,24.166666667,24.166666667
0.986,0.569,0.084,0.146,0.146,0.0922,0,0,0,0,0,0,24.166666667,24.166666667
1,0.587,0.0266,0.0714,0.0714,0,0,0,0,0,0,0,24.166666667,24.166666667
1,0.599,0.0161,0.0577,0.0577,0,0,0,0,0,0,0,24.166666667,24.166666667
1,0.599,0.0161,0.0577,0.0577,0,0,0,0,0,0,0,17.777777778,23.888888889
1,0.599,0.0161,0.0577,0.0577,0,0,0,0,0,0,0,17.777777778,23.888888889
1,0.583,0.0173,0.058,0.058,0,0,0,0,0,0.717,0.166,17.777777778,23.888888889
0.931,0.581,0.0198,0.0723,0.0723,0,0,0,0,0,0,0.0665,17.777777778,23.888888889
0.833,0.573,0.031,0.151,0.151,0,0,0,0,0,0,0.158,17.777777778,23.888888889
0.597,0.588,0.0334,0.154,0.154,0,0,0.701,0.917,0,0,0.238,17.777777778,23.888888889
0.639,0.591,0.0436,0.178,0.178,0,0,0.485,0.0833,0.45,0,0.516,17.777777778,23.888888889
0.569,0.595,0.0344,0.12,0.12,0,0,0.49,0,0,0,0.0333,17.777777778,23.888888889
0.667,0.595,0.037,0.118,0.118,0,0,0.76,0,0,0,0.0998,17.777777778,23.888888889
0.361,0.595,0.0396,0.115,0.115,0,0,0.528,0,0,0,0.2,24.166666667,24.166666667
0.306,0.594,0.0475,0.126,0.126,0,0,0.812,0,0,0,0.202,24.166666667,24.166666667
0.167,0.595,0.0447,0.112,0.112,0,0,0.72,0,0,0,0.166,24.166666667,24.166666667
0.167,0.595,0.0467,0.112,0.112,0,0,0.447,0,0,0,0.299,24.166666667,24.166666667
0.167,0.599,0.0505,0.112,0.112,0,0,0,0,0,0,0.0333,24.166666667,24.166666667
0.278,0.61,0.0886,0.151,0.151,0,0,0,0,0,0,0.0333,24.166666667,24.166666667
0.361,0.628,0.133,0.19,0.19,0,0,0,0,0,0.417,0.0665,24.166666667,24.166666667
0.653,0.662,0.303,0.348,0.348,0,0,0,0,0,0.05,0.546,24.166666667,24.166666667
0.667,0.656,0.427,0.448,0.448,0.463,0.917,0.289,0.417,0,0,0.215,24.166666667,24.166666667
0.667,0.638,0.53,0.563,0.563,0,0.233,0.334,0.583,0.417,0,0.205,24.166666667,24.166666667
0.667,0.603,0.441,0.553,0.553,0,0,0.477,0,0.933,0,0.102,24.166666667,24.166666667
0.736,0.587,0.135,0.216,0.216,0,0,0.626,0,0,0,0.204,24.166666667,24.166666667
0.833,0.586,0.0511,0.103,0.103,0,0,0,0,0,0,0.106,24.166666667,24.166666667
0.861,0.599,0.0161,0.0577,0.0577,0,0,0,0,0,0,0,24.166666667,24.166666667
1,0.599,0.0161,0.0577,0.0577,0,0,0,0,0,0,0,24.166666667,24.166666667
1,0.599,0.0161,0.0577,0.0577,0,0,0,0,0,0,0,17.777777778,23.888888889
1,0.599,0.0161,0.0577,0.0577,0,0,0,0,0,0,0,17.777777778,23.888888889
1,0.599,0.0161,0.0577,0.0577,0,0,0,0,0,0,0,17.777777778,23.888888889
1,0.599,0.0161,0.0577,0.0577,0,0,0,0,0,0,0,17.777777778,23.888888889
1,0.557,0.0413,0.217,0.217,0,0,0,0,0,0,0.656,17.777777778,23.888888889
1,0.571,0.0628,0.317,0.317,0,0,0.809,0.917,0,0,0.467,17.777777778,23.888888889
0.694,0.589,0.0482,0.2,0.2,0,0,0.293,0.333,0.667,0,0.0665,17.777777778,23.888888889
0.639,0.591,0.0497,0.172,0.172,0,0,0,0,0,0,0.233,17.777777778,23.888888889
0.5,0.591,0.0565,0.173,0.173,0,0,0,0,0,0.917,0.2,17.777777778,23.888888889
0.389,0.593,0.0473,0.134,0.134,0,0,0,0,0,0.0333,0.0665,24.166666667,24.166666667
0.319,0.591,0.0622,0.158,0.158,0,0,0,0,0,0,0.0665,24.166666667,24.166666667
0.472,0.587,0.0971,0.211,0.211,0.273,0.45,0,0,0,0,0.0998,24.166666667,24.166666667
0.333,0.594,0.0491,0.116,0.116,0,0,0,0,0,0,0.133,24.166666667,24.166666667
0.403,0.599,0.065,0.135,0.135,0,0,0,0,0,0,0.2,24.166666667,24.166666667
0.5,0.619,0.143,0.221,0.221,0,0,0,0,0,0,0.0665,24.166666667,24.166666667
0.569,0.645,0.2,0.266,0.266,0,0,0,0,0,0,0.0998,24.166666667,24.166666667
0.514,0.648,0.239,0.285,0.285,0.398,0.417,0.215,0.417,0,0,0.0665,24.166666667,24.166666667
0.5,0.641,0.324,0.35,0.35,0.658,0.0333,0,0.583,0.417,0,0.166,24.166666667,24.166666667
0.528,0.63,0.423,0.458,0.458,0.687,0,0,0,0.0333,0,0.127,24.166666667,24.166666667
0.75,0.603,0.389,0.492,0.492,0.832,0,0,0,0,0,0.0382,24.166666667,24.166666667
0.667,0.597,0.0448,0.0949,0.0949,0,0,0,0,0,0,0.0333,24.166666667,24.166666667
0.75,0.591,0.0313,0.0771,0.0771,0,0,0,0,0,0,0.131,24.166666667,24.166666667
0.972,0.595,0.0216,0.0613,0.0613,0,0,0,0,0,0,0,24.166666667,24.166666667
1,0.599,0.0184,0.0577,0.0577,0,0,0,0,0,0,0,24.166666667,24.166666667
1,0.599,0.0184,0.0577,0.0577,0,0,0,0,0,0,0,17.777777778,23.888888889
1,0.599,0.0184,0.0577,0.0577,0,0,0,0,0,0,0,17.777777778,23.888888889
1,0.599,0.0184,0.0577,0.0577,0,0,0,0,0,0,0,17.777777778,23.888888889
1,0.583,0.0204,0.073,0.073,0,0,0,0,0,0,0.0665,17.777777778,23.888888889
0.972,0.571,0.0312,0.168,0.168,0,0,0,0,0,0,0.599,17.777777778,23.888888889
0.681,0.591,0.0315,0.129,0.129,0,0,0,0,0,0,0.273,17.777777778,23.888888889
0.667,0.592,0.0633,0.19,0.19,0,0,0,0,0,0.483,0.0998,17.777777778,23.888888889
0.667,0.585,0.142,0.313,0.313,0,0,0.261,0.667,0,0,0.537,17.777777778,23.888888889
0.667,0.585,0.174,0.316,0.316,0,0,0.518,0.6,0.4,0,0.207,17.777777778,23.888888889
0.514,0.588,0.152,0.247,0.247,0,0,0.463,0,0.75,0,0.366,24.166666667,24.166666667
0.5,0.59,0.139,0.21,0.21,0,0,0.811,0,0,0,0.297,24.166666667,24.166666667
0.5,0.592,0.129,0.174,0.174,0,0,0.649,0,0,0,0.333,24.166666667,24.166666667
0.5,0.589,0.205,0.227,0.227,0,0,0.114,0,0,0,0.304,24.166666667,24.166666667
0.472,0.601,0.219,0.224,0.224,0,0,0,0,0,0,0.165,24.166666667,24.166666667
0.208,0.608,0.112,0.135,0.135,0,0,0,0,0,0,0.203,24.166666667,24.166666667
0.333,0.627,0.174,0.199,0.199,0,0,0,0,0,0,0.288,24.166666667,24.166666667
0.486,0.648,0.285,0.324,0.324,0,0,0.224,0.417,0,0,0.146,24.166666667,24.166666667
0.528,0.646,0.398,0.442,0.442,0,0,0.415,0.6,0.4,0,0.0665,24.166666667,24.166666667
0.653,0.641,0.576,0.639,0.639,0,0,0.531,0,0.05,0.167,0.168,24.166666667,24.166666667
0.944,0.608,0.721,0.866,0.866,0,0,0.132,0,0,0.317,0.0333,24.166666667,24.166666667
1,0.569,0.384,0.485,0.485,0,0,0.211,0.417,0,0,0.158,24.166666667,24.166666667
1,0.562,0.123,0.172,0.172,0,0,0.156,0.6,0.217,0,0.0875,24.166666667,24.166666667
1,0.581,0.0369,0.0774,0.0774,0,0,0,0,0,0,0.0333,24.166666667,24.166666667
1,0.582,0.0244,0.0633,0.0633,0,0,0,0,0,0,0.0333,24.166666667,24.166666667
1,0.597,0.0188,0.0581,0.0581,0,0,0,0,0,0,0,17.777777778,23.888888889
1,0.599,0.0184,0.0577,0.0577,0,0,0,0,0,0,0,17.777777778,23.888888889
1,0.583,0.0194,0.0581,0.0581,0,0,0,0,0,0,0.333,17.777777778,23.888888889
1,0.582,0.0205,0.073,0.073,0,0,0,0,0,0,0.133,17.777777778,23.888888889
0.944,0.573,0.0302,0.159,0.159,0,0,0,0,0,0,0.219,17.777777778,23.888888889
0.514,0.598,0.0189,0.062,0.062,0,0,0,0,0,0,0.0373,17.777777778,23.888888889
0.5,0.597,0.0283,0.0864,0.0864,0,0,0,0,0,0,0.236,17.777777778,23.888888889
0.5,0.595,0.0503,0.125,0.125,0,0,0,0,0,0,0.267,17.777777778,23.888888889
0.5,0.592,0.0935,0.181,0.181,0,0,0,0,0,0,0.25,17.777777778,23.888888889
0.431,0.592,0.105,0.18,0.18,0,0,0,0,0,0,0.545,24.166666667,24.166666667
0.361,0.591,0.12,0.185,0.185,0,0,0,0,0,0.917,0.142,24.166666667,24.166666667
0.431,0.59,0.161,0.208,0.208,0,0,0,0,0,0.283,0.269,24.166666667,24.166666667
0.486,0.589,0.205,0.227,0.227,0,0,0,0,0,0,0.223,24.166666667,24.166666667
0.472,0.601,0.219,0.224,0.224,0,0,0,0,0,0,0.623,24.166666667,24.166666667
0.375,0.616,0.187,0.196,0.196,0,0,0,0,0,0,0.245,24.166666667,24.166666667
0.222,0.618,0.122,0.151,0.151,0,0,0,0,0,0,0.227,24.166666667,24.166666667
0.389,0.639,0.233,0.272,0.272,0,0,0,0,0,0.483,0.425,24.166666667,24.166666667
0.653,0.658,0.49,0.535,0.535,0,0,0,0,0,0,0.357,24.166666667,24.166666667
0.75,0.647,0.661,0.726,0.726,0,0,0,0,0,0,0.145,24.166666667,24.166666667
0.819,0.607,0.676,0.815,0.815,0,0,0,0,0,0,0,24.166666667,24.166666667
0.833,0.566,0.419,0.526,0.526,0,0,0,0,0,0,0,24.166666667,24.166666667
0.833,0.541,0.178,0.232,0.232,0,0,0,0,0,0,0,24.166666667,24.166666667
0.903,0.562,0.0491,0.0971,0.0971,0,0,0,0,0,0,0,24.166666667,24.166666667
1,0.564,0.0256,0.0689,0.0689,0,0,0,0,0,0,0,24.166666667,24.166666667
1,0.58,0.0174,0.0585,0.0585,0,0,0,0,0,0,0.0998,17.777777778,23.888888889
0.889,0.593,0.0161,0.0577,0.0577,0,0,0,0,0,0,0.0665,17.777777778,23.888888889
0.986,0.599,0.0161,0.0577,0.0577,0,0,0,0,0,0,0,17.777777778,23.888888889
1,0.589,0.0185,0.0674,0.0674,0,0,0,0,0,0,0.111,17.777777778,23.888888889
0.931,0.538,0.055,0.299,0.299,0,0,0,0,0,0,1,17.777777778,23.888888889
0.764,0.572,0.0665,0.336,0.336,0,0,0,0,0,0,0.534,17.777777778,23.888888889
0.514,0.591,0.0484,0.201,0.201,0,0,0,0,0,0,0.409,17.777777778,23.888888889
0.5,0.592,0.0542,0.191,0.191,0,0,0,0,0,0.417,0.185,17.777777778,23.888888889
0.5,0.592,0.0597,0.187,0.187,0,0,0,0,0,0.3,0.551,17.777777778,23.888888889
0.5,0.592,0.065,0.18,0.18,0,0,0,0,0,0.233,0.159,24.166666667,24.166666667
0.278,0.593,0.0573,0.151,0.151,0,0,0,0,0,0,0.209,24.166666667,24.166666667
0.167,0.595,0.0457,0.116,0.116,0,0,0,0,0,0.483,0.133,24.166666667,24.166666667
0.194,0.595,0.0531,0.126,0.126,0,0,0,0,0,0,0.399,24.166666667,24.166666667
0.444,0.601,0.112,0.215,0.215,0,0,0,0,0,0,0.238,24.166666667,24.166666667
0.583,0.625,0.173,0.273,0.273,0,0,0,0,0,0,0.292,24.166666667,24.166666667
0.528,0.644,0.192,0.281,0.281,0,0,0,0,0,0.917,0.503,24.166666667,24.166666667
0.75,0.675,0.356,0.467,0.467,0,0,0,0,0,0.767,0.502,24.166666667,24.166666667
0.667,0.659,0.441,0.543,0.543,0,0,0,0,0,0,0.133,24.166666667,24.166666667
0.667,0.64,0.526,0.626,0.626,0,0,0,0,0,0,0.0804,24.166666667,24.166666667
0.736,0.605,0.455,0.584,0.584,0,0,0,0,0,0,0,24.166666667,24.166666667
0.833,0.571,0.326,0.448,0.448,0,0,0,0,0,0,0.296,24.166666667,24.166666667
0.986,0.576,0.0798,0.137,0.137,0,0,0,0,0,0,0.258,24.166666667,24.166666667
1,0.598,0.0187,0.0609,0.0609,0,0,0,0,0,0,0,24.166666667,24.166666667
1,0.599,0.0161,0.0577,0.0577,0,0,0,0,0,0,0,24.166666667,24.166666667
1,0.599,0.0161,0.0577,0.0577,0,0,0,0,0,0,0,17.777777778,23.888888889
0.889,0.595,0.0161,0.0577,0.0577,0,0,0,0,0,0,0.114,17.777777778,23.888888889
0.986,0.583,0.0174,0.0581,0.0581,0,0,0,0,0,0,0.227,17.777777778,23.888888889
1,0.574,0.0217,0.0799,0.0799,0,0,0,0,0,0,0.185,17.777777778,23.888888889
0.931,0.55,0.0473,0.251,0.251,0,0,0,0,0,0,0.699,17.777777778,23.888888889
0.694,0.574,0.0627,0.315,0.315,0,0,0,0,0,0,0.559,17.777777778,23.888888889
0.389,0.59,0.0524,0.218,0.218,0,0,0,0,0,0,0.16,17.777777778,23.888888889
0.264,0.593,0.0461,0.164,0.164,0,0,0,0,0,0,0.243,17.777777778,23.888888889
0.167,0.595,0.0379,0.122,0.122,0,0,0,0,0,0,0.0665,17.777777778,23.888888889
0.167,0.595,0.0405,0.119,0.119,0,0,0,0,0,0,0.133,24.166666667,24.166666667
0.167,0.595,0.0421,0.117,0.117,0,0,0,0,0,0,0.0665,24.166666667,24.166666667
0.167,0.595,0.0457,0.116,0.116,0,0,0,0,0,0,0.166,24.166666667,24.166666667
0.0556,0.598,0.0265,0.0771,0.0771,0,0,0,0,0,0,0.0333,24.166666667,24.166666667
0.139,0.6,0.0461,0.107,0.107,0,0,0,0,0,0,0.292,24.166666667,24.166666667
0.486,0.621,0.147,0.238,0.238,0,0,0,0,0,0,0.102,24.166666667,24.166666667
0.653,0.655,0.235,0.335,0.335,0,0,0,0,0,0,0.0665,24.166666667,24.166666667
0.625,0.662,0.298,0.398,0.398,0.439,0.917,0,0,0,0,0,24.166666667,24.166666667
0.667,0.645,0.342,0.429,0.429,0,0.25,0,0,0,0,0.333,24.166666667,24.166666667
0.667,0.64,0.539,0.641,0.641,0,0,0,0,0,0,0.342,24.166666667,24.166666667
0.667,0.606,0.53,0.673,0.673,0,0,0,0,0,0,0.0566,24.166666667,24.166666667
0.625,0.582,0.218,0.311,0.311,0,0,0,0,0,0,0.188,24.166666667,24.166666667
0.736,0.584,0.0577,0.109,0.109,0,0,0,0,0,0,0,24.166666667,24.166666667
0.833,0.582,0.0291,0.0742,0.0742,0,0,0,0,0,0,0.166,24.166666667,24.166666667
0.833,0.582,0.0208,0.0633,0.0633,0,0,0,0,0,0,0.0665,24.166666667,24.166666667
0.833,0.589,0.0168,0.0581,0.0581,0,0,0,0,0,0,0.0998,17.777777778,23.888888889
0.833,0.599,0.0161,0.0577,0.0577,0,0,0,0,0,0,0,17.777777778,23.888888889
0.986,0.599,0.0161,0.0577,0.0577,0,0,0,0,0,0,0,17.777777778,23.888888889
1,0.599,0.0161,0.0577,0.0577,0,0,0,0,0,0,0,17.777777778,23.888888889
0.931,0.564,0.039,0.201,0.201,0,0,0,0,0,0.717,0.567,17.777777778,23.888888889
0.681,0.58,0.0526,0.259,0.259,0,0,0,0,0,0.917,0.411,17.777777778,23.888888889
0.528,0.591,0.0497,0.207,0.207,0,0,0,0,0,0.533,0.33,17.777777778,23.888888889
0.333,0.592,0.0529,0.186,0.186,0,0,0,0,0,0,0.273,17.777777778,23.888888889
0.222,0.594,0.045,0.144,0.144,0,0,0,0,0,0,0.139,17.777777778,23.888888889
0.319,0.595,0.0446,0.129,0.129,0,0,0,0,0,0,0.135,24.166666667,24.166666667
0.333,0.592,0.0682,0.176,0.176,0,0,0,0,0,0,0.297,24.166666667,24.166666667
0.181,0.595,0.0479,0.121,0.121,0,0,0,0,0,0,0.166,24.166666667,24.166666667
0.319,0.592,0.077,0.169,0.169,0,0,0,0,0,0,0.0333,24.166666667,24.166666667
0.472,0.601,0.118,0.224,0.224,0,0,0,0,0,0,0.721,24.166666667,24.166666667
0.597,0.625,0.176,0.278,0.278,0,0,0,0,0,0,0.218,24.166666667,24.166666667
0.694,0.659,0.249,0.353,0.353,0,0,0.525,0.917,0,0.917,0.384,24.166666667,24.166666667
0.778,0.678,0.369,0.483,0.483,0,0,0.353,0.1,0.45,1,0.2,24.166666667,24.166666667
0.722,0.664,0.475,0.581,0.581,0,0,0,0,0,0.0167,0.0333,24.166666667,24.166666667
0.667,0.64,0.526,0.626,0.626,0,0,0,0,0,0,0,24.166666667,24.166666667
0.667,0.604,0.402,0.519,0.519,0,0,0,0,0,0,0.303,24.166666667,24.166666667
0.819,0.58,0.233,0.33,0.33,0,0,0.324,0.417,0,0,0.0683,24.166666667,24.166666667
0.833,0.584,0.0513,0.101,0.101,0,0,0,0.6,0.4,0,0.0998,24.166666667,24.166666667
0.833,0.589,0.0244,0.0681,0.0681,0,0,0,0,0.283,0,0.0665,24.166666667,24.166666667
0.833,0.599,0.0161,0.0577,0.0577,0,0,0,0,0,0,0,24.166666667,24.166666667
0.833,0.599,0.0161,0.0577,0.0577,0,0,0,0,0,0,0,17.777777778,23.888888889
0.833,0.599,0.0161,0.0577,0.0577,0,0,0,0,0,0,0,17.777777778,23.888888889
0.833,0.599,0.0161,0.0577,0.0577,0,0,0,0,0,0,0,17.777777778,23.888888889
0.833,0.583,0.0199,0.073,0.073,0,0,0,0,0,0,0.601,17.777777778,23.888888889
0.833,0.569,0.0352,0.176,0.176,0,0,0,0,0,0,0.437,17.777777778,23.888888889
0.639,0.587,0.038,0.179,0.179,0,0,0,0,0,0,0.343,17.777777778,23.888888889
0.403,0.594,0.0367,0.149,0.149,0,0,0,0,0,0,0.267,17.777777778,23.888888889
0.333,0.595,0.0351,0.125,0.125,0,0,0,0,0,0,0.133,17.777777778,23.888888889
0.181,0.599,0.0177,0.0633,0.0633,0,0,0,0,0,0,0,17.777777778,23.888888889
0.167,0.599,0.0161,0.0577,0.0577,0,0,0,0,0,0,0,24.166666667,24.166666667
0.167,0.599,0.0161,0.0577,0.0577,0,0,0,0,0,0,0,24.166666667,24.166666667
0.167,0.599,0.0161,0.0577,0.0577,0,0,0,0,0,0,0,24.166666667,24.166666667
0.278,0.593,0.0666,0.15,0.15,0,0,0,0,0,0,0.133,24.166666667,24.166666667
0.403,0.601,0.103,0.2,0.2,0,0,0,0,0,0,0.131,24.166666667,24.166666667
0.5,0.621,0.15,0.243,0.243,0,0,0.355,0.917,0,0,0.166,24.166666667,24.166666667
0.542,0.642,0.183,0.27,0.27,0,0,0,0.1,0.9,0,0.366,24.166666667,24.166666667
0.5,0.65,0.242,0.33,0.33,0,0,0.475,0,0.25,0,0.2,24.166666667,24.166666667
0.653,0.658,0.435,0.535,0.535,0.854,0.917,0.297,0,0,0.917,0.0665,24.166666667,24.166666667
0.667,0.641,0.548,0.651,0.651,0,0.25,0.165,0,0,1,0.0998,24.166666667,24.166666667
0.847,0.605,0.381,0.493,0.493,0,0,0,0,0,0.5,0.189,24.166666667,24.166666667
1,0.584,0.188,0.274,0.274,0,0,0,0,0,0,0.106,24.166666667,24.166666667
1,0.57,0.0866,0.145,0.145,0,0,0,0,0,0,0.177,24.166666667,24.166666667
1,0.581,0.0317,0.0774,0.0774,0,0,0,0,0,0,0.0874,24.166666667,24.166666667
1,0.584,0.0201,0.0625,0.0625,0,0,0,0,0,0,0,24.166666667,24.166666667
1,0.599,0.0161,0.0577,0.0577,0,0,0,0,0,0,0,17.777777778,23.888888889
1,0.599,0.0161,0.0577,0.0577,0,0,0,0,0,0,0,17.777777778,23.888888889
1,0.599,0.0161,0.0577,0.0577,0,0,0,0,0,0,0,17.777777778,23.888888889
1,0.599,0.0161,0.0577,0.0577,0,0,0,0,0,0,0,17.777777778,23.888888889
1,0.565,0.0383,0.196,0.196,0,0,0,0,0,0,0.579,17.777777778,23.888888889
0.847,0.579,0.0533,0.263,0.263,0,0,0,0,0,0.717,0.226,17.777777778,23.888888889
0.806,0.587,0.067,0.281,0.281,0,0,0,0,0,0,0.465,17.777777778,23.888888889
0.514,0.592,0.0555,0.197,0.197,0,0,0,0,0,0,0.343,17.777777778,23.888888889
0.5,0.591,0.0652,0.203,0.203,0.647,0.917,0,0,0,0,0.216,17.777777778,23.888888889
0.431,0.593,0.0547,0.155,0.155,0.57,0.25,0,0,0,0,0.179,24.166666667,24.166666667
0.181,0.599,0.0181,0.0628,0.0628,0,0,0,0,0,0,0,24.166666667,24.166666667
0.236,0.597,0.0286,0.0819,0.0819,0,0,0,0,0,0,0,24.166666667,24.166666667
0.333,0.595,0.0478,0.116,0.116,0,0,0,0,0,0,0.266,24.166666667,24.166666667
0.333,0.6,0.0518,0.116,0.116,0,0,0,0,0,0,0.299,24.166666667,24.166666667
0.444,0.612,0.0912,0.161,0.161,0,0,0,0,0,0,0.266,24.166666667,24.166666667
0.722,0.647,0.203,0.294,0.294,0,0,0,0,0,0,0.0665,24.166666667,24.166666667
0.833,0.667,0.318,0.421,0.421,0.494,0.917,0,0,0,0,0.0665,24.166666667,24.166666667
0.833,0.659,0.441,0.543,0.543,0,0.483,0,0,0,0.483,0.0998,24.166666667,24.166666667
0.681,0.632,0.424,0.513,0.513,0,0,0,0,0,0,0,24.166666667,24.166666667
0.667,0.603,0.285,0.378,0.378,0,0,0,0,0,0,0.2,24.166666667,24.166666667
0.694,0.586,0.158,0.237,0.237,0,0,0,0,0,0,0,24.166666667,24.166666667
0.986,0.57,0.0866,0.145,0.145,0,0,0,0,0,0,0.2,24.166666667,24.166666667
1,0.581,0.0359,0.0774,0.0774,0,0,0,0,0,0,0.0665,24.166666667,24.166666667
1,0.597,0.0195,0.0589,0.0589,0,0,0,0,0,0,0,24.166666667,24.166666667
1,0.599,0.0184,0.0577,0.0577,0,0,0,0,0,0,0,17.777777778,23.888888889
1,0.587,0.0183,0.0577,0.0577,0,0,0,0,0,0,0.371,17.777777778,23.888888889
1,0.597,0.0184,0.0577,0.0577,0,0,0,0,0,0,0.0998,17.777777778,23.888888889
1,0.599,0.0184,0.0577,0.0577,0,0,0,0,0,0,0,17.777777778,23.888888889
1,0.599,0.0184,0.0577,0.0577,0,0,0,0,0,0,0,17.777777778,23.888888889
0.847,0.596,0.0239,0.0862,0.0862,0,0,0,0,0,0,0,17.777777778,23.888888889
0.833,0.592,0.0633,0.19,0.19,0,0,0,0,0,0.417,0.166,17.777777778,23.888888889
0.833,0.585,0.142,0.313,0.313,0,0,0,0,0,0.0667,0.256,17.777777778,23.888888889
0.833,0.585,0.174,0.316,0.316,0,0,0,0,0,0,0.17,17.777777778,23.888888889
0.833,0.585,0.192,0.303,0.303,0,0,0,0,0,0,0.331,24.166666667,24.166666667
0.806,0.585,0.198,0.284,0.284,0,0,0,0,0,0,0.416,24.166666667,24.166666667
0.778,0.586,0.222,0.271,0.271,0,0,0,0,0,0,0.333,24.166666667,24.166666667
0.806,0.585,0.263,0.281,0.281,0,0,0,0,0,0,0.482,24.166666667,24.166666667
0.667,0.601,0.231,0.234,0.234,0,0,0,0,0,0,0.402,24.166666667,24.166666667
0.708,0.623,0.262,0.258,0.258,0,0,0,0,0,0,0.285,24.166666667,24.166666667
0.556,0.632,0.199,0.222,0.222,0,0,0,0,0,0,0.399,24.166666667,24.166666667
0.569,0.64,0.239,0.278,0.278,0,0,0,0,0,0,0.133,24.166666667,24.166666667
0.75,0.651,0.439,0.483,0.483,0,0,0,0,0,0.483,0.227,24.166666667,24.166666667
0.667,0.631,0.446,0.503,0.503,0,0,0,0,0,0,0,24.166666667,24.166666667
0.736,0.606,0.575,0.699,0.699,0,0,0,0,0,0,0.305,24.166666667,24.166666667
0.833,0.57,0.366,0.464,0.464,0,0,0,0,0,0,0.0998,24.166666667,24.166666667
0.944,0.554,0.148,0.2,0.2,0,0,0,0,0,0,0.0963,24.166666667,24.166666667
1,0.592,0.0278,0.0678,0.0678,0,0,0,0,0,0,0,24.166666667,24.166666667
1,0.592,0.0206,0.0597,0.0597,0,0,0,0,0,0,0.105,24.166666667,24.166666667
1,0.582,0.0202,0.0581,0.0581,0,0,0,0,0,0,0.273,17.777777778,23.888888889
1,0.582,0.0185,0.0577,0.0577,0,0,0,0,0,0,0.166,17.777777778,23.888888889
1,0.597,0.0184,0.0577,0.0577,0,0,0,0,0,0,0,17.777777778,23.888888889
1,0.599,0.0184,0.0577,0.0577,0,0,0,0,0,0,0,17.777777778,23.888888889
1,0.599,0.0184,0.0577,0.0577,0,0,0,0,0,0,0,17.777777778,23.888888889
1,0.594,0.0305,0.12,0.12,0,0,0,0,0,0,0.166,17.777777778,23.888888889
0.931,0.59,0.0753,0.224,0.224,0,0,0,0,0,0,0.564,17.777777778,23.888888889
0.875,0.588,0.12,0.269,0.269,0,0,0,0,0,0,0.272,17.777777778,23.888888889
0.833,0.588,0.135,0.251,0.251,0,0,0,0,0,0,0.499,17.777777778,23.888888889
0.833,0.588,0.148,0.242,0.242,0,0,0,0,0,0,0.0665,24.166666667,24.166666667
0.944,0.586,0.19,0.274,0.274,0,0,0,0,0,0,0.0333,24.166666667,24.166666667
0.931,0.586,0.217,0.266,0.266,0,0,0,0,0,0,0.233,24.166666667,24.166666667
0.833,0.589,0.194,0.218,0.218,0,0,0,0,0,0,0.233,24.166666667,24.166666667
0.681,0.6,0.195,0.205,0.205,0,0,0,0,0,0,0.433,24.166666667,24.166666667
0.931,0.634,0.362,0.341,0.341,0,0,0,0,0,0,0.735,24.166666667,24.166666667
0.958,0.674,0.426,0.429,0.429,0,0,0,0,0,0,0.385,24.166666667,24.166666667
0.778,0.668,0.389,0.427,0.427,0,0,0,0,0,0,0.289,24.166666667,24.166666667
0.542,0.648,0.406,0.45,0.45,0,0,0,0,0,0.167,0.285,24.166666667,24.166666667
0.736,0.644,0.624,0.689,0.689,0.378,0.233,0,0,0,0.8,0.0333,24.166666667,24.166666667
0.986,0.606,0.554,0.673,0.673,0.41,0,0.134,0.167,0,0,0.0698,24.166666667,24.166666667
1,0.575,0.311,0.4,0.4,0,0,0.0684,0.85,0.15,0,0,24.166666667,24.166666667
1,0.556,0.138,0.189,0.189,0,0,0,0,1,0,0,24.166666667,24.166666667
1,0.571,0.0414,0.0878,0.0878,0,0,0,0,0,0,0.166,24.166666667,24.166666667
1,0.582,0.0208,0.0633,0.0633,0,0,0,0,0,0,0.166,24.166666667,24.166666667
1,0.582,0.0171,0.0581,0.0581,0,0,0,0,0,0,0.166,17.777777778,23.888888889
1,0.597,0.0161,0.0577,0.0577,0,0,0,0,0,0,0,17.777777778,23.888888889
0.847,0.599,0.0161,0.0577,0.0577,0,0,0,0,0,0,0,17.777777778,23.888888889
0.833,0.599,0.0161,0.0577,0.0577,0,0,0,0,0,0,0,17.777777778,23.888888889
0.833,0.576,0.0314,0.153,0.153,0,0,0,0,0,0.417,0.487,17.777777778,23.888888889
0.542,0.586,0.0414,0.198,0.198,0,0,0,0,0,0.0667,0.0665,17.777777778,23.888888889
0.333,0.595,0.0317,0.126,0.126,0,0,0,0,0,0,0.166,17.777777778,23.888888889
0.403,0.594,0.0432,0.152,0.152,0,0,0,0,0,0,0.233,17.777777778,23.888888889
0.236,0.594,0.045,0.144,0.144,0,0,0,0,0,0,0.133,17.777777778,23.888888889
0.167,0.595,0.0405,0.119,0.119,0,0,0,0,0,0.667,0.0665,24.166666667,24.166666667
0.25,0.594,0.0552,0.146,0.146,0,0,0,0,0,0.05,0.299,24.166666667,24.166666667
0.167,0.595,0.0457,0.116,0.116,0,0,0,0,0,0,0.0998,24.166666667,24.166666667
0.167,0.599,0.0186,0.0625,0.0625,0,0,0,0,0,0,0,24.166666667,24.166666667
0.236,0.599,0.0311,0.0822,0.0822,0,0,0,0,0,0.167,0.133,24.166666667,24.166666667
0.278,0.604,0.0457,0.0987,0.0987,0,0,0,0,0,1,0.0665,24.166666667,24.166666667
0.458,0.618,0.0897,0.151,0.151,0,0,0,0,0,0.283,0.233,24.166666667,24.166666667
0.583,0.64,0.201,0.28,0.28,0,0,0,0,0,0,0.299,24.166666667,24.166666667
0.583,0.643,0.329,0.414,0.414,0,0,0,0,0,0,0.238,24.166666667,24.166666667
0.639,0.639,0.528,0.628,0.628,0,0,0,0,0,0,0.142,24.166666667,24.166666667
0.833,0.608,0.659,0.827,0.827,0,0,0,0,0,0,0.192,24.166666667,24.166666667
0.944,0.568,0.368,0.502,0.502,0,0,0,0,0,0,0.0925,24.166666667,24.166666667
1,0.57,0.0967,0.158,0.158,0,0,0,0,0,0,0.121,24.166666667,24.166666667
1,0.599,0.0161,0.0577,0.0577,0,0,0,0,0,0,0.0458,24.166666667,24.166666667
1,0.599,0.0161,0.0577,0.0577,0,0,0,0,0,0,0,24.166666667,24.166666667
1,0.599,0.0161,0.0577,0.0577,0,0,0,0,0,0,0,17.777777778,23.888888889
1,0.599,0.0161,0.0577,0.0577,0,0,0,0,0,0,0,17.777777778,23.888888889
1,0.599,0.0161,0.0577,0.0577,0,0,0,0,0,0,0,17.777777778,23.888888889
1,0.576,0.0216,0.0799,0.0799,0,0,0,0,0,0,0.592,17.777777778,23.888888889
1,0.529,0.0605,0.334,0.334,0,0,0,0,0,0,0.399,17.777777778,23.888888889
0.819,0.567,0.0755,0.386,0.386,0,0,0,0,0,0,0.566,17.777777778,23.888888889
0.597,0.586,0.072,0.304,0.304,0,0,0,0,0,0,0.328,17.777777778,23.888888889
0.653,0.59,0.0652,0.23,0.23,0,0,0,0,0,0,0.522,17.777777778,23.888888889
0.597,0.59,0.0688,0.214,0.214,0,0,0,0,0,0.417,0.379,17.777777778,23.888888889
0.347,0.592,0.0668,0.186,0.186,0,0,0,0,0,0.3,0.323,24.166666667,24.166666667
0.486,0.589,0.0922,0.23,0.23,0.38,0.417,0,0,0,0,0.166,24.166666667,24.166666667
0.236,0.594,0.0576,0.14,0.14,0.553,0.75,0,0,0,0,0.0333,24.166666667,24.166666667
0.167,0.595,0.0478,0.116,0.116,0,0,0,0,0,0,0.266,24.166666667,24.166666667
0.167,0.6,0.0518,0.116,0.116,0,0,0,0,0,0,0.366,24.166666667,24.166666667
0.278,0.612,0.0912,0.161,0.161,0,0,0,0,0,0,0,24.166666667,24.166666667
0.444,0.637,0.165,0.247,0.247,0,0,0.618,0.667,0,0,0.0998,24.166666667,24.166666667
0.653,0.665,0.313,0.415,0.415,0,0,0.676,0.35,0.65,0,0.0665,24.166666667,24.166666667
0.667,0.659,0.441,0.543,0.543,0,0,0.641,0,1,0,0.133,24.166666667,24.166666667
0.694,0.643,0.571,0.676,0.676,0,0,0.44,0,0.65,0,0.0333,24.166666667,24.166666667
0.722,0.606,0.435,0.557,0.557,0,0,0,0,0,0,0.133,24.166666667,24.166666667
0.819,0.595,0.0756,0.132,0.132,0,0,0,0,0,0,0.111,24.166666667,24.166666667
0.903,0.593,0.0292,0.0739,0.0739,0,0,0,0,0,0,0,24.166666667,24.166666667
1,0.582,0.0291,0.0742,0.0742,0,0,0,0,0,0,0,24.166666667,24.166666667
1,0.593,0.0181,0.0601,0.0601,0,0,0,0,0,0,0,24.166666667,24.166666667
1,0.599,0.0161,0.0577,0.0577,0,0,0,0,0,0,0,17.777777778,23.888888889
1,0.599,0.0161,0.0577,0.0577,0,0,0,0,0,0,0,17.777777778,23.888888889
0.972,0.595,0.0164,0.0578,0.0578,0,0,0,0,0,0.233,0.0333,17.777777778,23.888888889
0.764,0.59,0.0181,0.066,0.066,0,0,0,0,0,0,0.232,17.777777778,23.888888889
0.667,0.594,0.0195,0.0794,0.0794,0,0,0,0,0,0,0.129,17.777777778,23.888888889
0.639,0.591,0.0314,0.142,0.142,0,0,0,0,0,0,0.137,17.777777778,23.888888889
0.236,0.598,0.0211,0.0806,0.0806,0,0,0,0,0,0,0.0665,17.777777778,23.888888889
0.208,0.598,0.0209,0.0744,0.0744,0,0,0,0,0,0,0,17.777777778,23.888888889
0.167,0.599,0.0161,0.0577,0.0577,0,0,0,0,0,0,0,17.777777778,23.888888889
0.167,0.599,0.0161,0.0577,0.0577,0,0,0,0,0,0,0,24.166666667,24.166666667
0.167,0.599,0.0161,0.0577,0.0577,0,0,0,0,0,0,0,24.166666667,24.166666667
0.167,0.596,0.0436,0.111,0.111,0,0,0,0,0,0,0.0998,24.166666667,24.166666667
0.194,0.595,0.0531,0.126,0.126,0,0,0,0,0,0,0.266,24.166666667,24.166666667
0.333,0.6,0.0875,0.175,0.175,0,0,0,0,0,0.917,0.133,24.166666667,24.166666667
0.444,0.619,0.136,0.222,0.222,0,0,0,0,0,0.533,0.0998,24.166666667,24.166666667
0.5,0.635,0.159,0.24,0.24,0,0,0,0,0,0,0.266,24.166666667,24.166666667
0.653,0.664,0.308,0.409,0.409,0,0,0,0,0,0.233,0.399,24.166666667,24.166666667
0.625,0.655,0.414,0.512,0.512,0,0,0,0,0,0.917,0.0998,24.166666667,24.166666667
0.667,0.641,0.548,0.651,0.651,0,0,0,0,0,1,0.0665,24.166666667,24.166666667
0.736,0.606,0.445,0.57,0.57,0,0,0,0,0,1,0.0665,24.166666667,24.166666667
0.833,0.59,0.137,0.209,0.209,0,0,0,0,0,0.217,0.0998,24.166666667,24.166666667
0.833,0.591,0.0382,0.0852,0.0852,0,0,0,0,0,0,0,24.166666667,24.166666667
0.833,0.599,0.0161,0.0577,0.0577,0,0,0,0,0,0,0,24.166666667,24.166666667
0.903,0.599,0.0161,0.0577,0.0577,0,0,0,0,0,0,0,24.166666667,24.166666667
1,0.599,0.0161,0.0577,0.0577,0,0,0,0,0,0,0,17.777777778,23.888888889
1,0.599,0.0161,0.0577,0.0577,0,0,0,0,0,0,0,17.777777778,23.888888889
1,0.599,0.0161,0.0577,0.0577,0,0,0,0,0,0,0,17.777777778,23.888888889
0.889,0.592,0.0178,0.0646,0.0646,0,0,0,0,0,0,0.149,17.777777778,23.888888889
0.764,0.579,0.0282,0.133,0.133,0,0,0,0,0,0,0.0333,17.777777778,23.888888889
0.361,0.593,0.0282,0.125,0.125,0,0,0,0,0,0,0.0998,17.777777778,23.888888889
0.333,0.592,0.0463,0.19,0.19,0,0,0,0,0,0.483,0.133,17.777777778,23.888888889
0.333,0.592,0.0542,0.191,0.191,0,0,0,0,0,0,0.599,17.777777778,23.888888889
0.333,0.592,0.0597,0.187,0.187,0,0,0,0,0,0,0.2,17.777777778,23.888888889
0.333,0.592,0.065,0.18,0.18,0,0,0,0,0,0,0.377,24.166666667,24.166666667
0.181,0.595,0.0442,0.122,0.122,0,0,0,0,0,0,0.133,24.166666667,24.166666667
0.167,0.595,0.0457,0.116,0.116,0,0,0,0,0,0,0.0998,24.166666667,24.166666667
0.347,0.592,0.0823,0.179,0.179,0,0,0,0,0,0,0.241,24.166666667,24.166666667
0.5,0.601,0.123,0.234,0.234,0,0,0,0,0,0.717,0.196,24.166666667,24.166666667
0.611,0.626,0.181,0.284,0.284,0,0,0,0,0,0,0.142,24.166666667,24.166666667
0.694,0.652,0.225,0.322,0.322,0,0,0,0,0,0,0.183,24.166666667,24.166666667
0.806,0.664,0.305,0.406,0.406,0,0,0,0,0,0,0.531,24.166666667,24.166666667
0.667,0.644,0.335,0.421,0.421,0,0,0,0,0,0,0.274,24.166666667,24.166666667
0.667,0.627,0.359,0.44,0.44,0,0,0,0,0,0,0.278,24.166666667,24.166666667
0.667,0.603,0.273,0.365,0.365,0,0,0,0,0,0,0.121,24.166666667,24.166666667
0.778,0.58,0.216,0.31,0.31,0,0,0,0,0,0,0.199,24.166666667,24.166666667
0.861,0.594,0.0367,0.0836,0.0836,0,0,0,0,0,0,0,24.166666667,24.166666667
1,0.599,0.0161,0.0577,0.0577,0,0,0,0,0,0,0,24.166666667,24.166666667
1,0.599,0.0161,0.0577,0.0577,0,0,0,0,0,0,0,24.166666667,24.166666667
1,0.599,0.0161,0.0577,0.0577,0,0,0,0,0,0,0,17.777777778,23.888888889
1,0.599,0.0161,0.0577,0.0577,0,0,0,0,0,0,0,17.777777778,23.888888889
1,0.599,0.0161,0.0577,0.0577,0,0,0,0,0,0,0,17.777777778,23.888888889
1,0.592,0.0178,0.0646,0.0646,0,0,0,0,0,0,0.111,17.777777778,23.888888889
0.931,0.574,0.0317,0.155,0.155,0,0,0,0,0,0,0.483,17.777777778,23.888888889
0.681,0.584,0.0456,0.22,0.22,0,0,0,0,0,0,0.573,17.777777778,23.888888889
0.486,0.594,0.0351,0.144,0.144,0,0,0,0,0,0,0.186,17.777777778,23.888888889
0.333,0.597,0.0241,0.0855,0.0855,0,0,0,0,0,0.417,0,17.777777778,23.888888889
0.333,0.595,0.0379,0.122,0.122,0,0,0,0,0,0.0667,0.299,17.777777778,23.888888889
0.333,0.599,0.0179,0.0631,0.0631,0,0,0,0,0,0,0,24.166666667,24.166666667
0.333,0.592,0.0641,0.165,0.165,0,0,0,0,0,0,0.423,24.166666667,24.166666667
0.333,0.593,0.0629,0.15,0.15,0,0,0,0,0,0,0.355,24.166666667,24.166666667
0.333,0.595,0.0478,0.116,0.116,0,0,0,0,0,0,0.198,24.166666667,24.166666667
0.333,0.6,0.0518,0.116,0.116,0,0,0,0,0,0,0.254,24.166666667,24.166666667
0.361,0.608,0.0684,0.13,0.13,0,0,0,0,0,0,0.252,24.166666667,24.166666667
0.5,0.641,0.179,0.264,0.264,0,0,0,0,0,0,0.326,24.166666667,24.166666667
0.5,0.638,0.191,0.268,0.268,0,0,0,0,0,0,0.266,24.166666667,24.166666667
0.5,0.629,0.229,0.3,0.3,0,0,0,0,0,0,0.166,24.166666667,24.166666667
0.736,0.641,0.564,0.668,0.668,0,0,0,0,0,0,0.0998,24.166666667,24.166666667
0.736,0.605,0.381,0.493,0.493,0,0,0,0,0,0,0.35,24.166666667,24.166666667
0.903,0.584,0.194,0.282,0.282,0,0,0,0,0,0,0.116,24.166666667,24.166666667
1,0.584,0.0513,0.101,0.101,0,0,0,0,0,0,0.107,24.166666667,24.166666667
1,0.585,0.031,0.0718,0.0718,0,0,0,0,0,0,0.144,24.166666667,24.166666667
1,0.599,0.0184,0.0577,0.0577,0,0,0,0,0,0,0,24.166666667,24.166666667
1,0.599,0.0184,0.0577,0.0577,0,0,0,0,0,0,0,17.777777778,23.888888889
1,0.599,0.0184,0.0577,0.0577,0,0,0,0,0,0,0,17.777777778,23.888888889
1,0.599,0.0184,0.0577,0.0577,0,0,0,0,0,0,0,17.777777778,23.888888889
1,0.595,0.0189,0.0619,0.0619,0,0,0,0,0,0,0.0665,17.777777778,23.888888889
1,0.594,0.0209,0.0794,0.0794,0,0,0,0,0,0,0.182,17.777777778,23.888888889
1,0.593,0.031,0.125,0.125,0,0,0,0,0,0,0.402,17.777777778,23.888888889
0.847,0.591,0.0733,0.218,0.218,0,0,0,0,0,0,0.157,17.777777778,23.888888889
0.833,0.588,0.114,0.258,0.258,0,0,0,0,0,0,0.52,17.777777778,23.888888889
0.806,0.583,0.201,0.358,0.358,0,0,0,0,0,0.917,0.24,17.777777778,23.888888889
0.514,0.588,0.152,0.247,0.247,0,0,0,0,0,0.533,0.435,24.166666667,24.166666667
0.611,0.586,0.19,0.274,0.274,0,0,0,0,0,0,0.299,24.166666667,24.166666667
0.792,0.582,0.282,0.334,0.334,0,0,0,0,0,0,0.181,24.166666667,24.166666667
0.583,0.587,0.242,0.261,0.261,0,0,0,0,0,0,0.246,24.166666667,24.166666667
0.875,0.603,0.391,0.366,0.366,0,0,0,0,0,0,0.503,24.166666667,24.166666667
0.667,0.628,0.318,0.304,0.304,0,0,0,0,0,0.917,0.376,24.166666667,24.166666667
0.597,0.65,0.296,0.31,0.31,0,0,0,0,0,0.767,0.348,24.166666667,24.166666667
0.528,0.645,0.269,0.307,0.307,0,0,0,0,0,0,0.615,24.166666667,24.166666667
0.556,0.634,0.296,0.339,0.339,0,0,0,0,0,0,0.112,24.166666667,24.166666667
0.5,0.624,0.363,0.417,0.417,0,0,0,0,0,0,0.101,24.166666667,24.166666667
0.5,0.604,0.331,0.417,0.417,0,0,0,0,0,0,0.269,24.166666667,24.166666667
0.569,0.584,0.192,0.261,0.261,0,0,0,0,0,0,0.168,24.166666667,24.166666667
0.847,0.58,0.0742,0.119,0.119,0,0,0,0,0,0,0.383,24.166666667,24.166666667
1,0.593,0.0248,0.0645,0.0645,0,0,0,0,0,0,0,24.166666667,24.166666667
1,0.599,0.0184,0.0577,0.0577,0,0,0,0,0,0,0,24.166666667,24.166666667
1,0.599,0.0184,0.0577,0.0577,0,0,0,0,0,0,0,17.777777778,23.888888889
1,0.599,0.0184,0.0577,0.0577,0,0,0,0,0,0,0,17.777777778,23.888888889
1,0.599,0.0184,0.0577,0.0577,0,0,0,0,0,0,0,17.777777778,23.888888889
1,0.599,0.0184,0.0577,0.0577,0,0,0,0,0,0,0,17.777777778,23.888888889
1,0.587,0.0239,0.105,0.105,0,0,0,0,0,0,0.133,17.777777778,23.888888889
1,0.587,0.0432,0.187,0.187,0,0,0,0,0,0,0.133,17.777777778,23.888888889
1,0.588,0.0863,0.258,0.258,0.535,0.667,0,0,0,0,0.545,17.777777778,23.888888889
1,0.585,0.144,0.319,0.319,0.842,0.267,0,0,0,0.417,0.22,17.777777778,23.888888889
0.806,0.586,0.164,0.3,0.3,0.424,0,0,0,0,0.0667,0.227,17.777777778,23.888888889
0.917,0.583,0.213,0.334,0.334,0,0,0,0,0,0.417,0.293,24.166666667,24.166666667
0.722,0.584,0.217,0.308,0.308,0,0,0,0,0,0.3,0.605,24.166666667,24.166666667
0.514,0.588,0.189,0.237,0.237,0,0,0,0,0,0,0.233,24.166666667,24.166666667
0.569,0.588,0.21,0.232,0.232,0,0,0,0,0,0,0.133,24.166666667,24.166666667
0.667,0.601,0.261,0.259,0.259,0,0,0,0,0,0,0.0665,24.166666667,24.166666667
0.597,0.625,0.287,0.278,0.278,0,0,0,0,0,0,0.133,24.166666667,24.166666667
0.5,0.642,0.251,0.27,0.27,0,0,0,0,0,0.717,0.0665,24.166666667,24.166666667
0.722,0.673,0.415,0.454,0.454,0,0,0,0,0,0,0.168,24.166666667,24.166666667
0.653,0.658,0.485,0.53,0.53,0,0,0,0,0,0,0.259,24.166666667,24.166666667
0.653,0.64,0.578,0.641,0.641,0.725,0.667,0,0,0,0.917,0.0333,24.166666667,24.166666667
0.778,0.607,0.643,0.776,0.776,0.627,0.733,0.48,0.667,0,1,0,24.166666667,24.166666667
0.833,0.562,0.453,0.566,0.566,0.195,0,0.684,0.35,0.65,0.0167,0,24.166666667,24.166666667
0.833,0.547,0.17,0.224,0.224,0,0,0.0191,0,0.5,0,0,24.166666667,24.166666667
0.833,0.54,0.0613,0.113,0.113,0,0,0,0,0,0,0.111,24.166666667,24.166666667
0.833,0.561,0.0275,0.0713,0.0713,0,0,0,0,0,0,0.107,24.166666667,24.166666667
0.833,0.574,0.0177,0.0585,0.0585,0,0,0,0,0,0,0.136,17.777777778,23.888888889
0.833,0.599,0.0161,0.0577,0.0577,0,0,0,0,0,0,0,17.777777778,23.888888889
0.986,0.587,0.0171,0.058,0.058,0,0,0,0,0,0,0.354,17.777777778,23.888888889
0.931,0.573,0.0221,0.0813,0.0813,0,0,0,0,0,0,0.379,17.777777778,23.888888889
0.833,0.581,0.0275,0.128,0.128,0,0,0,0,0,0,0.567,17.777777778,23.888888889
0.833,0.586,0.0404,0.192,0.192,0,0,0,0,0,0,0.236,17.777777778,23.888888889
0.653,0.589,0.0593,0.247,0.247,0,0,0,0,0,0,0.52,17.777777778,23.888888889
0.5,0.592,0.0542,0.191,0.191,0,0,0,0,0,0,0.096,17.777777778,23.888888889
0.5,0.592,0.0597,0.187,0.187,0,0,0,0,0,0,0.326,17.777777778,23.888888889
0.347,0.592,0.065,0.18,0.18,0,0,0,0,0,0,0.133,24.166666667,24.166666667
0.333,0.592,0.0682,0.176,0.176,0,0,0,0,0,0,0.0665,24.166666667,24.166666667
0.333,0.592,0.0754,0.174,0.174,0,0,0,0,0,0,0.289,24.166666667,24.166666667
0.417,0.59,0.0955,0.203,0.203,0,0,0,0,0,0,0.172,24.166666667,24.166666667
0.222,0.6,0.0635,0.136,0.136,0,0,0,0,0,0.417,0.299,24.166666667,24.166666667
0.167,0.606,0.0608,0.119,0.119,0,0,0,0,0,0.3,0.0333,24.166666667,24.166666667
0.625,0.654,0.227,0.325,0.325,0,0,0,0,0,0,0.2,24.166666667,24.166666667
0.667,0.667,0.318,0.421,0.421,0,0,0.413,0.917,0,0,0.0333,24.166666667,24.166666667
0.667,0.659,0.441,0.543,0.543,0,0,0.312,0.1,0.9,0,0.0333,24.166666667,24.166666667
0.667,0.641,0.548,0.651,0.651,0,0,0.452,0,0.483,0,0.174,24.166666667,24.166666667
0.722,0.606,0.52,0.66,0.66,0,0,0,0,0,0,0.229,24.166666667,24.166666667
0.847,0.597,0.0885,0.146,0.146,0,0,0,0,0,0,0,24.166666667,24.166666667
0.986,0.599,0.0161,0.0577,0.0577,0,0,0,0,0,0,0,24.166666667,24.166666667
1,0.599,0.0161,0.0577,0.0577,0,0,0,0,0,0,0,24.166666667,24.166666667
1,0.599,0.0161,0.0577,0.0577,0,0,0,0,0,0,0,24.166666667,24.166666667
1,0.599,0.0161,0.0577,0.0577,0,0,0,0,0,0,0,17.777777778,23.888888889
1,0.599,0.0161,0.0577,0.0577,0,0,0,0,0,0,0,17.777777778,23.888888889
0.847,0.599,0.0161,0.0577,0.0577,0,0,0,0,0,0,0,17.777777778,23.888888889
0.833,0.592,0.0178,0.0646,0.0646,0,0,0,0,0,0,0.199,17.777777778,23.888888889
0.833,0.575,0.031,0.15,0.15,0,0,0,0,0,0,0.235,17.777777778,23.888888889
0.611,0.585,0.0411,0.196,0.196,0.458,0.667,0,0,0,0.417,0.0665,17.777777778,23.888888889
0.5,0.592,0.0447,0.184,0.184,0.656,0.5,0,0,0,0.55,0.333,17.777777778,23.888888889
0.431,0.594,0.0448,0.158,0.158,0.523,0,0,0,0,0,0.2,17.777777778,23.888888889
0.333,0.592,0.058,0.181,0.181,0,0,0,0,0,0,0.34,17.777777778,23.888888889
0.264,0.593,0.0547,0.155,0.155,0,0,0,0,0,0,0.2,24.166666667,24.166666667
0.167,0.595,0.0421,0.117,0.117,0,0,0,0,0,0,0.233,24.166666667,24.166666667
0.167,0.595,0.0457,0.116,0.116,0,0,0,0,0,0,0.0998,24.166666667,24.166666667
0.167,0.595,0.0478,0.116,0.116,0,0,0,0,0,0,0.333,24.166666667,24.166666667
0.278,0.6,0.0518,0.116,0.116,0,0,0,0,0,0,0.2,24.166666667,24.166666667
0.292,0.61,0.0798,0.145,0.145,0,0,0,0,0,0,0.233,24.166666667,24.166666667
0.361,0.63,0.137,0.211,0.211,0,0,0,0,0,0.417,0.0333,24.166666667,24.166666667
0.5,0.65,0.242,0.33,0.33,0.105,0.167,0,0,0,0.3,0.0333,24.166666667,24.166666667
0.639,0.656,0.426,0.525,0.525,0.535,0.3,0,0,0,0,0.381,24.166666667,24.166666667
0.792,0.649,0.647,0.762,0.762,0,0,0,0,0,0,0.401,24.166666667,24.166666667
0.903,0.607,0.574,0.724,0.724,0,0,0,0,0,0,0.0933,24.166666667,24.166666667
1,0.582,0.224,0.319,0.319,0,0,0,0,0,0,0.153,24.166666667,24.166666667
1,0.594,0.0303,0.0755,0.0755,0,0,0,0,0,0,0,24.166666667,24.166666667
1,0.599,0.0161,0.0577,0.0577,0,0,0,0,0,0,0,24.166666667,24.166666667
1,0.599,0.0161,0.0577,0.0577,0,0,0,0,0,0,0,24.166666667,24.166666667
1,0.599,0.0161,0.0577,0.0577,0,0,0,0,0,0,0,17.777777778,23.888888889
1,0.599,0.0161,0.0577,0.0577,0,0,0,0,0,0,0,17.777777778,23.888888889
1,0.592,0.0167,0.0579,0.0579,0,0,0,0,0,0,0.257,17.777777778,23.888888889
0.931,0.577,0.021,0.0772,0.0772,0,0,0,0,0,0,0.507,17.777777778,23.888888889
0.833,0.564,0.0387,0.198,0.198,0,0,0,0,0,0.417,0.621,17.777777778,23.888888889
0.681,0.579,0.0533,0.263,0.263,0,0,0,0,0,0.0667,0.572,17.777777778,23.888888889
0.403,0.59,0.0524,0.218,0.218,0,0,0,0,0,0,0.359,17.777777778,23.888888889
0.417,0.59,0.0639,0.225,0.225,0.618,0.467,0,0,0,0,0.125,17.777777778,23.888888889
0.306,0.592,0.056,0.176,0.176,0,0,0,0,0,0,0.291,17.777777778,23.888888889
0.278,0.593,0.057,0.16,0.16,0,0,0,0,0,0,0.284,24.166666667,24.166666667
0.361,0.593,0.0617,0.161,0.161,0,0,0,0,0,0.233,0.243,24.166666667,24.166666667
0.431,0.59,0.0904,0.203,0.203,0,0,0,0,0,0,0.236,24.166666667,24.166666667
0.444,0.59,0.101,0.213,0.213,0,0,0,0,0,0,0.333,24.166666667,24.166666667
0.5,0.601,0.123,0.234,0.234,0.725,0.467,0,0,0,0,0.333,24.166666667,24.166666667
0.5,0.621,0.15,0.243,0.243,0,0,0,0,0,0,0.333,24.166666667,24.166666667
0.583,0.649,0.211,0.305,0.305,0,0,0,0,0,0,0.333,24.166666667,24.166666667
0.5,0.65,0.242,0.33,0.33,0.34,0.417,0,0,0,0,0.299,24.166666667,24.166666667
0.653,0.658,0.435,0.535,0.535,0.456,0.75,0,0,0,0,0.0998,24.166666667,24.166666667
0.667,0.632,0.424,0.513,0.513,0.101,0,0,0,0,0,0,24.166666667,24.166666667
0.667,0.604,0.295,0.391,0.391,0,0,0,0,0,0,0.18,24.166666667,24.166666667
0.667,0.595,0.0649,0.119,0.119,0,0,0,0,0,0,0,24.166666667,24.166666667
0.778,0.599,0.0161,0.0577,0.0577,0,0,0,0,0,0,0,24.166666667,24.166666667
0.903,0.599,0.0161,0.0577,0.0577,0,0,0,0,0,0,0,24.166666667,24.166666667
1,0.599,0.0161,0.0577,0.0577,0,0,0,0,0,0,0,24.166666667,24.166666667
1,0.599,0.0161,0.0577,0.0577,0,0,0,0,0,0,0,17.777777778,23.888888889
1,0.586,0.0161,0.0577,0.0577,0,0,0,0,0,0,0.0665,17.777777778,23.888888889
1,0.599,0.0161,0.0577,0.0577,0,0,0,0,0,0,0,17.777777778,23.888888889
1,0.56,0.0254,0.0952,0.0952,0,0,0,0,0,0,0.377,17.777777778,23.888888889
0.931,0.565,0.0366,0.183,0.183,0,0,0,0,0,0,0.354,17.777777778,23.888888889
0.458,0.594,0.0237,0.101,0.101,0,0,0,0,0,0,0.0932,17.777777778,23.888888889
0.333,0.596,0.0307,0.121,0.121,0,0,0,0,0,0,0.466,17.777777778,23.888888889
0.333,0.595,0.0351,0.125,0.125,0,0,0,0,0,0,0.133,17.777777778,23.888888889
0.333,0.595,0.0379,0.122,0.122,0,0,0,0,0,0,0.166,17.777777778,23.888888889
0.333,0.595,0.0405,0.119,0.119,0,0,0,0,0,0,0.2,24.166666667,24.166666667
0.486,0.592,0.0661,0.171,0.171,0,0,0,0,0,0,0.133,24.166666667,24.166666667
0.347,0.598,0.0204,0.0675,0.0675,0,0,0,0,0,0,0,24.166666667,24.166666667
0.333,0.597,0.0373,0.0965,0.0965,0,0,0,0,0,0.233,0.0998,24.166666667,24.166666667
0.333,0.6,0.0518,0.116,0.116,0,0,0.0143,0.167,0,0,0.0665,24.166666667,24.166666667
0.528,0.616,0.114,0.191,0.191,0,0,0,0.85,0.15,0,0.143,24.166666667,24.166666667
0.639,0.64,0.175,0.258,0.258,0,0,0,0,1,0.667,0.233,24.166666667,24.166666667
0.764,0.659,0.285,0.382,0.382,0,0,0,0,0.683,1,0.366,24.166666667,24.166666667
0.736,0.65,0.381,0.473,0.473,0,0,0,0,0,0.267,0.0998,24.166666667,24.166666667
0.833,0.649,0.65,0.764,0.764,0,0,0,0,0,0,0.322,24.166666667,24.166666667
0.833,0.605,0.392,0.506,0.506,0,0,0,0,0,0,0.125,24.166666667,24.166666667
0.861,0.59,0.12,0.188,0.188,0,0,0,0,0,0,0.0604,24.166666667,24.166666667
1,0.584,0.0577,0.109,0.109,0,0,0,0,0,0,0.122,24.166666667,24.166666667
1,0.589,0.0244,0.0681,0.0681,0,0,0,0,0,0,0.147,24.166666667,24.166666667
1,0.599,0.0161,0.0577,0.0577,0,0,0,0,0,0,0,24.166666667,24.166666667
1,0.599,0.0161,0.0577,0.0577,0,0,0,0,0,0,0,17.777777778,23.888888889
1,0.599,0.0161,0.0577,0.0577,0,0,0,0,0,0,0,17.777777778,23.888888889
0.931,0.583,0.0174,0.0581,0.0581,0,0,0,0,0,0,0.425,17.777777778,23.888888889
0.806,0.577,0.021,0.0772,0.0772,0,0,0,0,0,0,0.216,17.777777778,23.888888889
0.667,0.586,0.0241,0.107,0.107,0,0,0,0,0,0,0.166,17.777777778,23.888888889
0.597,0.59,0.0345,0.159,0.159,0.497,0.467,0,0,0,0,0.133,17.777777778,23.888888889
0.347,0.598,0.0171,0.0634,0.0634,0,0,0,0,0,0,0,17.777777778,23.888888889
0.333,0.596,0.0338,0.119,0.119,0,0,0,0,0,0,0.33,17.777777778,23.888888889
0.444,0.59,0.0727,0.224,0.224,0,0,0,0,0,0,0.366,17.777777778,23.888888889
0.5,0.588,0.0894,0.242,0.242,0,0,0,0,0,0,0.259,24.166666667,24.166666667
0.528,0.589,0.0877,0.22,0.22,0,0,0,0,0,0.917,0.338,24.166666667,24.166666667
0.75,0.583,0.148,0.315,0.315,0,0,0,0,0,0.05,0.252,24.166666667,24.166666667
0.542,0.587,0.119,0.247,0.247,0,0,0,0,0,0,0.226,24.166666667,24.166666667
0.514,0.6,0.0928,0.185,0.185,0,0,0,0,0,0,0.541,24.166666667,24.166666667
0.5,0.614,0.106,0.181,0.181,0,0,0,0,0,0,0.194,24.166666667,24.166666667
0.583,0.637,0.165,0.247,0.247,0,0,0,0,0,0,0.243,24.166666667,24.166666667
0.5,0.65,0.242,0.33,0.33,0,0,0,0,0,0,0.033,24.166666667,24.166666667
0.681,0.654,0.408,0.504,0.504,0,0,0,0,0,0,0.133,24.166666667,24.166666667
0.833,0.641,0.548,0.651,0.651,0,0,0,0,0,0,0.214,24.166666667,24.166666667
0.944,0.605,0.328,0.429,0.429,0,0,0,0,0,0,0,24.166666667,24.166666667
1,0.595,0.0756,0.132,0.132,0,0,0,0,0,0,0,24.166666667,24.166666667
1,0.599,0.0161,0.0577,0.0577,0,0,0,0,0,0,0,24.166666667,24.166666667
1,0.599,0.0182,0.0577,0.0577,0,0,0,0,0,0,0,24.166666667,24.166666667
1,0.599,0.0184,0.0577,0.0577,0,0,0,0,0,0,0,24.166666667,24.166666667
1,0.599,0.0184,0.0577,0.0577,0,0,0,0,0,0,0,17.777777778,23.888888889
1,0.599,0.0184,0.0577,0.0577,0,0,0,0,0,0,0,17.777777778,23.888888889
0.847,0.599,0.0184,0.0577,0.0577,0,0,0,0,0,0,0,17.777777778,23.888888889
0.833,0.599,0.0184,0.0577,0.0577,0,0,0,0,0,0,0,17.777777778,23.888888889
0.833,0.599,0.0184,0.0577,0.0577,0,0,0,0,0,0,0,17.777777778,23.888888889
0.833,0.594,0.0305,0.12,0.12,0,0,0,0,0,0,0.39,17.777777778,23.888888889
0.833,0.595,0.0414,0.126,0.126,0,0,0.234,0.417,0,0,0.262,17.777777778,23.888888889
0.833,0.587,0.124,0.274,0.274,0,0,0.202,0.6,0.4,0.717,0.0333,17.777777778,23.888888889
0.611,0.586,0.158,0.289,0.289,0,0,0.0827,0,0.75,0,0.0333,17.777777778,23.888888889
0.5,0.588,0.148,0.242,0.242,0.741,0.233,0.463,0,0,0,0.0998,24.166666667,24.166666667
0.5,0.588,0.159,0.235,0.235,0,0,0.44,0,0,0.667,0.2,24.166666667,24.166666667
0.611,0.586,0.222,0.271,0.271,0,0,0.375,0,0,0.783,0.133,24.166666667,24.166666667
0.667,0.585,0.274,0.29,0.29,0,0,0.394,0,0,0,0.661,24.166666667,24.166666667
0.514,0.601,0.236,0.239,0.239,0,0,0.536,0,0,0,0.2,24.166666667,24.166666667
0.5,0.621,0.243,0.243,0.243,0,0,0.531,0,0,0,0.233,24.166666667,24.166666667
0.5,0.642,0.251,0.27,0.27,0,0,0.504,0,0,0,0.258,24.166666667,24.166666667
0.403,0.64,0.238,0.276,0.276,0,0,0.312,0,0,0.417,0.26,24.166666667,24.166666667
0.667,0.659,0.498,0.543,0.543,0,0,0,0,0,0.55,0.366,24.166666667,24.166666667
0.667,0.641,0.588,0.651,0.651,0,0,0,0,0,0,0.166,24.166666667,24.166666667
0.667,0.606,0.554,0.673,0.673,0,0,0,0,0,0,0,24.166666667,24.166666667
0.667,0.57,0.366,0.464,0.464,0,0,0,0,0,0,0.166,24.166666667,24.166666667
0.667,0.555,0.145,0.197,0.197,0,0,0,0,0,0,0.225,24.166666667,24.166666667
0.667,0.578,0.041,0.0818,0.0818,0,0,0,0,0,0,0,24.166666667,24.166666667
0.736,0.599,0.0184,0.0577,0.0577,0,0,0,0,0,0,0,24.166666667,24.166666667
0.833,0.599,0.0184,0.0577,0.0577,0,0,0,0,0,0,0,17.777777778,23.888888889
0.833,0.599,0.0184,0.0577,0.0577,0,0,0,0,0,0,0,17.777777778,23.888888889
0.986,0.599,0.0184,0.0577,0.0577,0,0,0,0,0,0,0,17.777777778,23.888888889
1,0.592,0.0193,0.0646,0.0646,0,0,0,0,0,0,0.309,17.777777778,23.888888889
1,0.564,0.0347,0.198,0.198,0,0,0.165,0.417,0,0,0.333,17.777777778,23.888888889
0.931,0.576,0.0635,0.297,0.297,0,0,0.717,0.6,0.4,0,0.428,17.777777778,23.888888889
0.833,0.589,0.0815,0.247,0.247,0,0,0.719,0,0.05,0,0.133,17.777777778,23.888888889
0.833,0.582,0.174,0.38,0.38,0,0,0.618,0,0,0,0.373,17.777777778,23.888888889
0.833,0.581,0.213,0.38,0.38,0,0,0.307,0,0,0,0.133,17.777777778,23.888888889
0.722,0.584,0.206,0.324,0.324,0,0,0.684,0,0,0,0.279,24.166666667,24.166666667
0.667,0.585,0.206,0.294,0.294,0,0,0.141,0,0,0,0.208,24.166666667,24.166666667
0.639,0.585,0.231,0.281,0.281,0,0,0.536,0,0,0,0.422,24.166666667,24.166666667
0.5,0.588,0.21,0.232,0.232,0,0,0.248,0,0,0,0.133,24.166666667,24.166666667
0.528,0.601,0.243,0.244,0.244,0,0,0,0,0,0.233,0.333,24.166666667,24.166666667
0.667,0.628,0.318,0.304,0.304,0,0,0,0,0,0,0.0333,24.166666667,24.166666667
0.486,0.64,0.245,0.263,0.263,0,0,0,0,0,0,0.299,24.166666667,24.166666667
0.333,0.633,0.201,0.239,0.239,0,0,0,0,0,0,0.0665,24.166666667,24.166666667
0.486,0.643,0.37,0.414,0.414,0,0,0,0,0,0,0.0998,24.166666667,24.166666667
0.5,0.631,0.446,0.503,0.503,0,0,0,0,0,0,0,24.166666667,24.166666667
0.611,0.605,0.509,0.622,0.622,0,0,0,0,0,0,0.13,24.166666667,24.166666667
0.778,0.572,0.346,0.44,0.44,0,0,0,0,0,0,0,24.166666667,24.166666667
0.917,0.554,0.148,0.2,0.2,0,0,0,0,0,0,0,24.166666667,24.166666667
0.833,0.565,0.0431,0.0906,0.0906,0,0,0,0,0,0,0,24.166666667,24.166666667
0.833,0.572,0.0239,0.0669,0.0669,0,0,0,0,0,0,0,24.166666667,24.166666667
0.903,0.582,0.0171,0.0581,0.0581,0,0,0,0,0,0,0.166,17.777777778,23.888888889
1,0.597,0.0161,0.0577,0.0577,0,0,0,0,0,0,0,17.777777778,23.888888889
1,0.599,0.0161,0.0577,0.0577,0,0,0,0,0,0,0,17.777777778,23.888888889
1,0.569,0.0233,0.0868,0.0868,0,0,0,0,0,0,0.325,17.777777778,23.888888889
0.931,0.565,0.0366,0.183,0.183,0,0,0,0,0,0,0.573,17.777777778,23.888888889
0.653,0.582,0.0498,0.243,0.243,0,0,0,0,0,0,0.333,17.777777778,23.888888889
0.361,0.594,0.0341,0.138,0.138,0,0,0,0,0,0,0.451,17.777777778,23.888888889
0.167,0.599,0.0161,0.0577,0.0577,0,0,0,0,0,0,0,17.777777778,23.888888889
0.167,0.596,0.0362,0.117,0.117,0,0,0,0,0,0,0.133,17.777777778,23.888888889
0.167,0.595,0.0405,0.119,0.119,0,0,0,0,0,0,0.2,24.166666667,24.166666667
0.25,0.594,0.0552,0.146,0.146,0,0,0.617,0.667,0,0,0.133,24.166666667,24.166666667
0.167,0.595,0.0457,0.116,0.116,0,0,0.568,0.35,0.65,0,0.233,24.166666667,24.166666667
0.431,0.59,0.0983,0.208,0.208,0,0,0.348,0,0.0333,0,0.154,24.166666667,24.166666667
0.653,0.602,0.156,0.288,0.288,0,0,0.614,0,0,0.167,0.299,24.166666667,24.166666667
0.597,0.625,0.176,0.278,0.278,0,0,0.521,0,0,0.8,0.0998,24.166666667,24.166666667
0.611,0.652,0.221,0.317,0.317,0,0,0.833,0,0,0,0.0998,24.166666667,24.166666667
0.667,0.667,0.318,0.421,0.421,0,0,0.56,0,0,0,0.233,24.166666667,24.166666667
0.667,0.659,0.441,0.543,0.543,0,0,0,0,0,0,0,24.166666667,24.166666667
0.667,0.637,0.492,0.588,0.588,0,0,0,0,0,0,0.197,24.166666667,24.166666667
0.667,0.604,0.402,0.519,0.519,0,0,0,0,0,0,0.0621,24.166666667,24.166666667
0.764,0.572,0.303,0.419,0.419,0,0,0,0,0,0,0.473,24.166666667,24.166666667
1,0.592,0.0558,0.108,0.108,0,0,0,0,0,0,0.087,24.166666667,24.166666667
1,0.599,0.0161,0.0577,0.0577,0,0,0,0,0,0,0,24.166666667,24.166666667
1,0.599,0.0161,0.0577,0.0577,0,0,0,0,0,0,0,24.166666667,24.166666667
1,0.599,0.0161,0.0577,0.0577,0,0,0,0,0,0,0,17.777777778,23.888888889
1,0.599,0.0161,0.0577,0.0577,0,0,0,0,0,0,0,17.777777778,23.888888889
1,0.58,0.0177,0.0582,0.0582,0,0,0,0,0,0,0.504,17.777777778,23.888888889
1,0.557,0.0257,0.0952,0.0952,0,0,0,0,0,0,0.325,17.777777778,23.888888889
1,0.548,0.0477,0.253,0.253,0,0,0,0,0,0.717,0.723,17.777777778,23.888888889
0.806,0.575,0.0616,0.309,0.309,0,0,0,0,0,0,0.122,17.777777778,23.888888889
0.417,0.593,0.0397,0.161,0.161,0,0,0,0,0,0,0.317,17.777777778,23.888888889
0.444,0.593,0.048,0.169,0.169,0,0,0,0,0,0,0.155,17.777777778,23.888888889
0.347,0.592,0.0597,0.187,0.187,0,0,0,0,0,0,0.459,17.777777778,23.888888889
0.333,0.592,0.065,0.18,0.18,0,0,0,0,0,0,0.221,24.166666667,24.166666667
0.333,0.592,0.0682,0.176,0.176,0,0,0,0,0,0,0.34,24.166666667,24.166666667
0.333,0.592,0.0754,0.174,0.174,0,0,0,0,0,0,0.394,24.166666667,24.166666667
0.333,0.592,0.0795,0.174,0.174,0,0,0.114,0.417,0,0,0.0998,24.166666667,24.166666667
0.333,0.6,0.0875,0.175,0.175,0,0,0,0.6,0.4,0,0.266,24.166666667,24.166666667
0.444,0.619,0.136,0.222,0.222,0,0,0,0,0.75,0.483,0.0998,24.166666667,24.166666667
0.528,0.644,0.192,0.281,0.281,0,0,0,0,0,0,0.133,24.166666667,24.166666667
0.667,0.667,0.318,0.421,0.421,0,0,0,0,0,0,0.14,24.166666667,24.166666667
0.514,0.645,0.342,0.429,0.429,0,0,0,0,0,0,0.2,24.166666667,24.166666667
0.528,0.632,0.438,0.528,0.528,0,0,0,0,0,0,0.0333,24.166666667,24.166666667
0.667,0.606,0.445,0.57,0.57,0,0,0,0,0,0,0.0665,24.166666667,24.166666667
0.847,0.568,0.341,0.468,0.468,0,0,0,0,0,0,0,24.166666667,24.166666667
1,0.553,0.137,0.208,0.208,0,0,0,0,0,0,0.129,24.166666667,24.166666667
1,0.588,0.027,0.0714,0.0714,0,0,0,0,0,0,0,24.166666667,24.166666667
1,0.599,0.0161,0.0577,0.0577,0,0,0,0,0,0,0,24.166666667,24.166666667
1,0.599,0.0161,0.0577,0.0577,0,0,0,0,0,0,0,17.777777778,23.888888889
1,0.599,0.0161,0.0577,0.0577,0,0,0,0,0,0,0,17.777777778,23.888888889
1,0.599,0.0161,0.0577,0.0577,0,0,0,0,0,0,0,17.777777778,23.888888889
0.972,0.559,0.0258,0.0965,0.0965,0,0,0,0,0,0,0.285,17.777777778,23.888888889
0.833,0.579,0.0279,0.13,0.13,0,0,0,0,0,0,0.465,17.777777778,23.888888889
0.833,0.584,0.0456,0.22,0.22,0,0,0,0,0,0,0.393,17.777777778,23.888888889
0.681,0.588,0.063,0.264,0.264,0,0,0,0,0,0,0.403,17.777777778,23.888888889
0.444,0.593,0.0475,0.169,0.169,0,0,0,0,0,0,0.372,17.777777778,23.888888889
0.333,0.595,0.0379,0.122,0.122,0,0,0,0,0,0,0.435,17.777777778,23.888888889
0.181,0.595,0.0405,0.119,0.119,0,0,0,0,0,0,0.246,24.166666667,24.166666667
0.208,0.594,0.0487,0.131,0.131,0,0,0,0,0,0,0.286,24.166666667,24.166666667
0.167,0.595,0.0457,0.116,0.116,0,0,0,0,0,0,0.0665,24.166666667,24.166666667
0.167,0.595,0.0478,0.116,0.116,0,0,0,0,0,0,0.2,24.166666667,24.166666667
0.167,0.6,0.0518,0.116,0.116,0,0,0,0,0,0,0.735,24.166666667,24.166666667
0.194,0.608,0.0684,0.13,0.13,0,0,0,0,0,0,0.166,24.166666667,24.166666667
0.417,0.635,0.156,0.235,0.235,0,0,0,0,0,0,0.508,24.166666667,24.166666667
0.333,0.633,0.167,0.239,0.239,0,0,0,0,0,0,0.377,24.166666667,24.166666667
0.514,0.645,0.347,0.434,0.434,0,0,0,0,0,0.667,0.0998,24.166666667,24.166666667
0.667,0.64,0.526,0.626,0.626,0,0,0,0,0,1,0,24.166666667,24.166666667
0.931,0.605,0.487,0.622,0.622,0,0,0,0,0,0.0167,0,24.166666667,24.166666667
1,0.582,0.224,0.319,0.319,0,0,0,0,0,0,0.273,24.166666667,24.166666667
1,0.594,0.0303,0.0755,0.0755,0,0,0,0,0,0,0.154,24.166666667,24.166666667
1,0.599,0.0161,0.0577,0.0577,0,0,0,0,0,0,0,24.166666667,24.166666667
1,0.599,0.0161,0.0577,0.0577,0,0,0,0,0,0,0,24.166666667,24.166666667
1,0.599,0.0161,0.0577,0.0577,0,0,0,0,0,0,0,17.777777778,23.888888889
1,0.599,0.0161,0.0577,0.0577,0,0,0,0,0,0,0,17.777777778,23.888888889
1,0.599,0.0161,0.0577,0.0577,0,0,0,0,0,0,0,17.777777778,23.888888889
0.972,0.57,0.023,0.0854,0.0854,0,0,0,0,0,0,0.0333,17.777777778,23.888888889
0.528,0.589,0.022,0.0938,0.0938,0,0,0,0,0,0,0.219,17.777777778,23.888888889
0.5,0.593,0.0282,0.125,0.125,0,0,0,0,0,0,0.422,17.777777778,23.888888889
0.431,0.595,0.0317,0.126,0.126,0,0,0,0,0,0,0.239,17.777777778,23.888888889
0.333,0.596,0.0319,0.113,0.113,0,0,0,0,0,0,0,17.777777778,23.888888889
0.333,0.599,0.0161,0.0577,0.0577,0,0,0,0,0,0,0,17.777777778,23.888888889
0.333,0.597,0.0263,0.0832,0.0832,0,0,0,0,0,0,0.2,24.166666667,24.166666667
0.306,0.595,0.0421,0.117,0.117,0,0,0,0,0,0,0.166,24.166666667,24.166666667
0.167,0.595,0.0457,0.116,0.116,0,0,0,0,0,0,0.166,24.166666667,24.166666667
0.194,0.595,0.0531,0.126,0.126,0,0,0,0,0,0,0.0998,24.166666667,24.166666667
0.222,0.599,0.0544,0.121,0.121,0,0,0,0,0,0,0.186,24.166666667,24.166666667
0.167,0.606,0.0608,0.119,0.119,0,0,0,0,0,0,0.133,24.166666667,24.166666667
0.139,0.611,0.0623,0.116,0.116,0,0,0,0,0,0,0.386,24.166666667,24.166666667
0.208,0.62,0.112,0.173,0.173,0,0,0,0,0,0.667,0.117,24.166666667,24.166666667
0.542,0.648,0.362,0.452,0.452,0,0,0,0,0,0.533,0.162,24.166666667,24.166666667
0.5,0.631,0.415,0.503,0.503,0,0,0,0,0,0,0.0998,24.166666667,24.166666667
0.653,0.605,0.466,0.596,0.596,0,0,0,0,0,0,0,24.166666667,24.166666667
0.736,0.581,0.22,0.314,0.314,0,0,0,0,0,0,0.152,24.166666667,24.166666667
0.986,0.574,0.0824,0.14,0.14,0,0,0,0,0,0,0.289,24.166666667,24.166666667
1,0.599,0.0161,0.0577,0.0577,0,0,0,0,0,0,0.0996,24.166666667,24.166666667
1,0.599,0.0161,0.0577,0.0577,0,0,0,0,0,0,0,24.166666667,24.166666667
1,0.599,0.0161,0.0577,0.0577,0,0,0,0,0,0,0,17.777777778,23.888888889
1,0.599,0.0161,0.0577,0.0577,0,0,0,0,0,0,0,17.777777778,23.888888889
1,0.599,0.0161,0.0577,0.0577,0,0,0,0,0,0,0,17.777777778,23.888888889
0.972,0.572,0.0227,0.0841,0.0841,0,0,0,0,0,0,0.37,17.777777778,23.888888889
0.681,0.573,0.032,0.156,0.156,0,0,0,0,0,0.917,0.198,17.777777778,23.888888889
0.528,0.591,0.03,0.135,0.135,0,0,0,0,0,0.767,0.234,17.777777778,23.888888889
0.597,0.59,0.0559,0.23,0.23,0.586,0.467,0,0,0,0,0.326,17.777777778,23.888888889
0.514,0.588,0.0733,0.258,0.258,0,0,0.504,0.917,0,0,0.293,17.777777778,23.888888889
0.5,0.588,0.0814,0.251,0.251,0,0,0.38,0.1,0.9,0,0.123,17.777777778,23.888888889
0.583,0.587,0.102,0.272,0.272,0,0,0.553,0,0.0167,0.417,0.333,24.166666667,24.166666667
0.347,0.592,0.0703,0.181,0.181,0,0,0.455,0,0,0.3,0.179,24.166666667,24.166666667
0.333,0.592,0.0754,0.174,0.174,0,0,0.585,0,0,0,0.133,24.166666667,24.166666667
0.333,0.592,0.0795,0.174,0.174,0,0,0.636,0,0,0,0.2,24.166666667,24.166666667
0.333,0.6,0.0725,0.151,0.151,0,0,0.582,0,0,0,0.166,24.166666667,24.166666667
0.444,0.612,0.0912,0.161,0.161,0,0,0.293,0,0,0,0.133,24.166666667,24.166666667
0.611,0.637,0.165,0.247,0.247,0,0,0.521,0,0,0,0.0333,24.166666667,24.166666667
0.667,0.65,0.242,0.33,0.33,0.108,0.167,0.69,0,0,0,0.133,24.166666667,24.166666667
0.667,0.644,0.335,0.421,0.421,0.557,1,0.297,0,0,0,0.0333,24.166666667,24.166666667
0.542,0.623,0.314,0.39,0.39,0.857,0.233,0,0,0,0,0.302,24.166666667,24.166666667
0.667,0.604,0.402,0.519,0.519,0,0,0,0,0,0,0.205,24.166666667,24.166666667
0.889,0.577,0.258,0.363,0.363,0,0,0,0,0,0,0.0721,24.166666667,24.166666667
1,0.576,0.0798,0.137,0.137,0,0,0,0,0,0,0,24.166666667,24.166666667
1,0.589,0.0276,0.0681,0.0681,0,0,0,0,0,0,0.0333,24.166666667,24.166666667
1,0.599,0.0184,0.0577,0.0577,0,0,0,0,0,0,0,24.166666667,24.166666667
1,0.599,0.0184,0.0577,0.0577,0,0,0,0,0,0,0,17.777777778,23.888888889
1,0.599,0.0184,0.0577,0.0577,0,0,0,0,0,0,0,17.777777778,23.888888889
1,0.599,0.0184,0.0577,0.0577,0,0,0,0,0,0,0,17.777777778,23.888888889
1,0.599,0.0184,0.0577,0.0577,0,0,0,0,0,0,0,17.777777778,23.888888889
1,0.599,0.0184,0.0577,0.0577,0,0,0,0,0,0,0,17.777777778,23.888888889
1,0.599,0.0184,0.0577,0.0577,0,0,0,0,0,0,0,17.777777778,23.888888889
1,0.596,0.0403,0.121,0.121,0,0,0,0,0,0,0.376,17.777777778,23.888888889
1,0.589,0.11,0.247,0.247,0,0,0,0,0,0.717,0.152,17.777777778,23.888888889
0.889,0.587,0.145,0.267,0.267,0,0,0,0,0,0,0.113,17.777777778,23.888888889
0.833,0.588,0.148,0.242,0.242,0,0,0,0,0,0,0.166,24.166666667,24.166666667
0.833,0.585,0.202,0.289,0.289,0,0,0,0,0,0.417,0.259,24.166666667,24.166666667
0.792,0.584,0.249,0.3,0.3,0,0,0,0,0,0.783,0.344,24.166666667,24.166666667
0.833,0.581,0.338,0.348,0.348,0,0,0,0,0,0,0.133,24.166666667,24.166666667
0.764,0.602,0.343,0.327,0.327,0,0,0,0,0,0,0.315,24.166666667,24.166666667
0.819,0.636,0.387,0.361,0.361,0,0,0.248,0.917,0,0,0.242,24.166666667,24.166666667
0.958,0.681,0.465,0.464,0.464,0,0,0.568,0.1,0.9,0,0.431,24.166666667,24.166666667
0.806,0.681,0.458,0.496,0.496,0,0,0.636,0,0.25,0.417,0.421,24.166666667,24.166666667
0.667,0.659,0.498,0.543,0.543,0,0,0.366,0,0,0.0667,0.0333,24.166666667,24.166666667
0.778,0.648,0.685,0.752,0.752,0,0,0.307,0,0,0,0.2,24.166666667,24.166666667
0.833,0.608,0.688,0.827,0.827,0.647,0.667,0.151,0,0,0,0.292,24.166666667,24.166666667
0.833,0.562,0.453,0.566,0.566,0.21,0.267,0,0,0,0.717,0.278,24.166666667,24.166666667
0.833,0.554,0.152,0.205,0.205,0,0,0,0,0,0,0.107,24.166666667,24.166666667
0.833,0.563,0.0524,0.0938,0.0938,0,0,0,0,0,0,0,24.166666667,24.166666667
0.833,0.564,0.0303,0.0689,0.0689,0,0,0,0,0,0,0.0665,24.166666667,24.166666667
0.944,0.58,0.0206,0.0585,0.0585,0,0,0,0,0,0,0.0333,17.777777778,23.888888889
1,0.582,0.0185,0.0577,0.0577,0,0,0,0,0,0,0.0665,17.777777778,23.888888889
1,0.597,0.0184,0.0577,0.0577,0,0,0,0,0,0,0,17.777777778,23.888888889
1,0.599,0.0184,0.0577,0.0577,0,0,0,0,0,0,0,17.777777778,23.888888889
0.819,0.589,0.0229,0.0967,0.0967,0,0,0,0,0,0.667,0.167,17.777777778,23.888888889
0.736,0.596,0.0239,0.0862,0.0862,0,0,0,0,0,1,0,17.777777778,23.888888889
0.639,0.596,0.0354,0.109,0.109,0,0,0,0,0,0.0167,0.393,17.777777778,23.888888889
0.792,0.59,0.105,0.236,0.236,0,0,0,0,0,0,0.532,17.777777778,23.888888889
0.514,0.589,0.132,0.246,0.246,0.743,0.467,0,0,0,0,0.456,17.777777778,23.888888889
0.347,0.592,0.108,0.186,0.186,0.166,0,0,0,0,0,0.0733,24.166666667,24.166666667
0.444,0.59,0.143,0.215,0.215,0,0,0,0,0,0,0.233,24.166666667,24.166666667
0.5,0.588,0.185,0.232,0.232,0,0,0,0,0,0,0.38,24.166666667,24.166666667
0.5,0.588,0.21,0.232,0.232,0,0,0,0,0,0.483,0.266,24.166666667,24.166666667
0.5,0.601,0.231,0.234,0.234,0,0,0,0,0,0,0.133,24.166666667,24.166666667
0.5,0.621,0.243,0.243,0.243,0,0,0,0,0,0,0.247,24.166666667,24.166666667
0.653,0.655,0.323,0.335,0.335,0,0,0,0,0,0.917,0.252,24.166666667,24.166666667
0.667,0.667,0.383,0.421,0.421,0,0,0,0,0,0.283,0.261,24.166666667,24.166666667
0.639,0.657,0.477,0.522,0.522,0,0,0,0,0,0,0.194,24.166666667,24.166666667
0.569,0.635,0.506,0.566,0.566,0,0,0,0,0,0,0,24.166666667,24.166666667
0.667,0.606,0.554,0.673,0.673,0,0,0.224,0.667,0,0,0.128,24.166666667,24.166666667
0.667,0.571,0.352,0.448,0.448,0,0,0,0.35,0.45,0,0.087,24.166666667,24.166666667
0.667,0.556,0.138,0.189,0.189,0,0,0,0,0,0,0.11,24.166666667,24.166666667
0.667,0.593,0.0429,0.0938,0.0938,0,0,0,0,0,0,0.23,24.166666667,24.166666667
0.819,0.597,0.0237,0.0689,0.0689,0,0,0,0,0,0,0.0665,24.166666667,24.166666667
0.986,0.596,0.0175,0.0585,0.0585,0,0,0,0,0,0,0.261,17.777777778,23.888888889
1,0.596,0.0152,0.0577,0.0577,0,0,0,0,0,0,0.266,17.777777778,23.888888889
1,0.599,0.016,0.0577,0.0577,0,0,0,0,0,0,0,17.777777778,23.888888889
0.847,0.598,0.0191,0.0739,0.0739,0,0,0,0,0,0,0.639,17.777777778,23.888888889
0.833,0.611,0.0349,0.204,0.204,0,0,0,0,0,0,0.724,17.777777778,23.888888889
0.653,0.645,0.0554,0.326,0.326,0,0,0,0,0,0,0.328,17.777777778,23.888888889
0.403,0.636,0.0481,0.235,0.235,0,0,0,0,0,0,0.291,17.777777778,23.888888889
0.278,0.625,0.0434,0.179,0.179,0.486,0.667,0,0,0,0,0.143,17.777777778,23.888888889
0.333,0.63,0.0534,0.199,0.199,0.324,0.55,0,0,0,0,0.2,17.777777778,23.888888889
0.222,0.62,0.044,0.148,0.148,0,0,0,0,0,0,0.0998,24.166666667,24.166666667
0.0139,0.6,0.0178,0.0633,0.0633,0,0,0,0,0,0,0,24.166666667,24.166666667
0.111,0.609,0.0333,0.1,0.1,0,0,0,0,0,0,0.303,24.166666667,24.166666667
0.139,0.612,0.0389,0.111,0.111,0,0,0,0,0,0,0.132,24.166666667,24.166666667
0.153,0.599,0.0161,0.0577,0.0577,0,0,0,0,0,0,0.0985,24.166666667,24.166666667
0.167,0.626,0.0522,0.124,0.124,0,0,0,0,0,0,0.266,24.166666667,24.166666667
0.181,0.639,0.0684,0.153,0.153,0,0,0,0,0,0.417,0.0333,24.166666667,24.166666667
0.611,0.746,0.257,0.489,0.489,0.172,0.167,0,0,0,1,0,24.166666667,24.166666667
0.819,0.784,0.473,0.799,0.799,0.779,0.317,0,0,0,0.333,0.233,24.166666667,24.166666667
0.861,0.766,0.615,0.911,0.911,0.622,0,0,0,0,0,0.141,24.166666667,24.166666667
0.931,0.688,0.465,0.66,0.66,0.177,0,0.393,0.417,0,0,0.041,24.166666667,24.166666667
0.833,0.625,0.182,0.279,0.279,0,0,0,0.517,0.233,0,0.335,24.166666667,24.166666667
0.944,0.603,0.0701,0.134,0.134,0,0,0,0,0,0,0.135,24.166666667,24.166666667
1,0.598,0.0294,0.0774,0.0774,0,0,0,0,0,0,0.0333,24.166666667,24.166666667
1,0.598,0.0199,0.0633,0.0633,0,0,0,0,0,0,0.0665,24.166666667,24.166666667
1,0.599,0.0163,0.0581,0.0581,0,0,0,0,0,0,0,17.777777778,23.888888889
1,0.599,0.0161,0.0577,0.0577,0,0,0,0,0,0,0,17.777777778,23.888888889
0.819,0.598,0.0168,0.0582,0.0582,0,0,0,0,0,0,0.379,17.777777778,23.888888889
0.667,0.599,0.0161,0.0577,0.0577,0,0,0,0,0,0,0,17.777777778,23.888888889
0.514,0.599,0.0161,0.0577,0.0577,0,0,0,0,0,0,0,17.777777778,23.888888889
0.347,0.611,0.0258,0.123,0.123,0,0,0,0,0,0.917,0.325,17.777777778,23.888888889
0.333,0.628,0.0418,0.198,0.198,0.382,0.417,0,0,0,0.333,0.288,17.777777778,23.888888889
0.264,0.623,0.0418,0.173,0.173,0.454,0.0667,0,0,0,0,0.176,17.777777778,23.888888889
0.0556,0.604,0.0222,0.0813,0.0813,0,0,0,0,0,0,0.137,17.777777778,23.888888889
0.0278,0.601,0.0196,0.0689,0.0689,0,0,0,0,0,0,0.0333,24.166666667,24.166666667
0.167,0.614,0.0385,0.122,0.122,0,0,0,0,0,0,0.0998,24.166666667,24.166666667
0.236,0.621,0.0524,0.148,0.148,0,0,0,0,0,0,0.2,24.166666667,24.166666667
0.333,0.63,0.0708,0.186,0.186,0,0,0.82,0.667,0,0,0.0998,24.166666667,24.166666667
0.333,0.64,0.0778,0.189,0.189,0,0,0.28,0.517,0.483,0,0.0998,24.166666667,24.166666667
0.444,0.675,0.12,0.248,0.248,0,0,0.404,0,1,0.5,0.166,24.166666667,24.166666667
0.653,0.743,0.206,0.402,0.402,0,0,0.507,0,1,0,0.233,24.166666667,24.166666667
0.75,0.779,0.311,0.586,0.586,0,0,0.39,0,0.85,0,0.0665,24.166666667,24.166666667
0.778,0.759,0.41,0.697,0.697,0.36,0.417,0.385,0,0,0,0.216,24.166666667,24.166666667
0.833,0.715,0.43,0.649,0.649,0.32,0.8,0.0922,0.167,0,0,0.0333,24.166666667,24.166666667
0.986,0.623,0.129,0.21,0.21,0,0,0,0.767,0.233,0,0.0536,24.166666667,24.166666667
1,0.599,0.0161,0.0577,0.0577,0,0,0,0,1,0,0,24.166666667,24.166666667
1,0.599,0.0161,0.0577,0.0577,0,0,0,0,0.183,0,0,24.166666667,24.166666667
1,0.599,0.0161,0.0577,0.0577,0,0,0,0,0,0,0,24.166666667,24.166666667
1,0.599,0.0169,0.0589,0.0589,0,0,0,0,0,0,0.0864,24.166666667,24.166666667
1,0.599,0.0161,0.0577,0.0577,0,0,0,0,0,0,0,17.777777778,23.888888889
1,0.599,0.0161,0.0577,0.0577,0,0,0,0,0,0,0,17.777777778,23.888888889
1,0.599,0.0161,0.0577,0.0577,0,0,0,0,0,0,0,17.777777778,23.888888889
1,0.598,0.0183,0.0695,0.0695,0,0,0,0,0,0,0.133,17.777777778,23.888888889
0.931,0.609,0.0325,0.186,0.186,0,0,0,0,0,0,0.144,17.777777778,23.888888889
0.611,0.618,0.0322,0.168,0.168,0,0,0,0,0,0,0.572,17.777777778,23.888888889
0.431,0.622,0.0362,0.168,0.168,0,0,0,0,0,0,0.128,17.777777778,23.888888889
0.222,0.604,0.0213,0.082,0.082,0,0,0,0,0,0,0,17.777777778,23.888888889
0.167,0.605,0.0239,0.087,0.087,0,0,0,0,0,0,0.166,17.777777778,23.888888889
0.167,0.614,0.0371,0.125,0.125,0,0,0,0,0,0,0.2,24.166666667,24.166666667
0.167,0.614,0.0385,0.122,0.122,0,0,0,0,0,0,0.333,24.166666667,24.166666667
0.278,0.625,0.0589,0.164,0.164,0,0,0,0,0,0,0.0998,24.166666667,24.166666667
0.25,0.622,0.057,0.154,0.154,0,0,0,0,0,0,0.399,24.166666667,24.166666667
0.528,0.664,0.114,0.265,0.265,0,0,0,0,0,0,0.382,24.166666667,24.166666667
0.417,0.67,0.113,0.236,0.236,0.754,0.917,0,0,0,0.417,0.146,24.166666667,24.166666667
0.5,0.709,0.161,0.32,0.32,0.564,0.3,0,0,0,0.333,0.0333,24.166666667,24.166666667
0.653,0.756,0.274,0.518,0.518,0.575,0,0,0,0,0.417,0.299,24.166666667,24.166666667
0.694,0.756,0.402,0.684,0.684,0.684,0.917,0,0,0,0.0833,0.0998,24.166666667,24.166666667
0.722,0.74,0.517,0.772,0.772,0,0.3,0,0,0,0,0.0998,24.166666667,24.166666667
0.819,0.688,0.473,0.669,0.669,0,0,0,0,0,0,0,24.166666667,24.166666667
0.833,0.612,0.0937,0.161,0.161,0,0,0,0,0,0,0.0665,24.166666667,24.166666667
0.833,0.599,0.0161,0.0577,0.0577,0,0,0,0,0,0,0,24.166666667,24.166666667
0.833,0.599,0.0161,0.0577,0.0577,0,0,0,0,0,0,0,24.166666667,24.166666667
0.833,0.598,0.0191,0.0621,0.0621,0,0,0,0,0,0,0.0665,24.166666667,24.166666667
0.833,0.598,0.0166,0.0581,0.0581,0,0,0,0,0,0,0.166,17.777777778,23.888888889
0.903,0.598,0.0159,0.0577,0.0577,0,0,0,0,0,0,0.166,17.777777778,23.888888889
0.847,0.599,0.016,0.0577,0.0577,0,0,0,0,0,0,0,17.777777778,23.888888889
0.833,0.599,0.0161,0.0577,0.0577,0,0,0,0,0,0,0,17.777777778,23.888888889
0.833,0.602,0.0201,0.0895,0.0895,0,0,0,0,0,0,0.08,17.777777778,23.888888889
0.694,0.618,0.0322,0.168,0.168,0,0,0,0,0,0,0.207,17.777777778,23.888888889
0.5,0.614,0.0294,0.131,0.131,0,0,0,0,0,0,0.244,17.777777778,23.888888889
0.347,0.614,0.0324,0.13,0.13,0,0,0,0,0,0,0.22,17.777777778,23.888888889
0.264,0.608,0.0269,0.0989,0.0989,0,0,0,0,0,0,0.233,17.777777778,23.888888889
0.167,0.613,0.0355,0.119,0.119,0,0,0,0,0,0,0.366,24.166666667,24.166666667
0.194,0.617,0.0422,0.133,0.133,0,0,0,0,0,0,0.254,24.166666667,24.166666667
0.153,0.613,0.0392,0.116,0.116,0,0,0,0,0,0,0,24.166666667,24.166666667
0.0278,0.601,0.0207,0.0684,0.0684,0,0,0,0,0,0,0.0665,24.166666667,24.166666667
0.236,0.628,0.0599,0.151,0.151,0,0,0,0,0,0,0.226,24.166666667,24.166666667
0.444,0.675,0.12,0.248,0.248,0,0,0,0,0,0,0.499,24.166666667,24.166666667
0.542,0.718,0.173,0.342,0.342,0,0,0,0,0,0.917,0.527,24.166666667,24.166666667
0.653,0.756,0.274,0.518,0.518,0,0,0,0,0,0.0833,0.233,24.166666667,24.166666667
0.667,0.75,0.386,0.658,0.658,0,0,0,0,0,0,0.0665,24.166666667,24.166666667
0.667,0.686,0.322,0.496,0.496,0,0,0,0,0,0,0.0374,24.166666667,24.166666667
0.667,0.662,0.342,0.493,0.493,0,0,0,0,0,0,0.28,24.166666667,24.166666667
0.556,0.612,0.0937,0.161,0.161,0,0,0,0,0,0,0,24.166666667,24.166666667
0.5,0.599,0.0161,0.0577,0.0577,0,0,0,0,0,0,0,24.166666667,24.166666667
0.639,0.598,0.0241,0.0697,0.0697,0,0,0,0,0,0,0.0872,24.166666667,24.166666667
0.833,0.598,0.0185,0.0613,0.0613,0,0,0,0,0,0,0,24.166666667,24.166666667
0.833,0.599,0.0161,0.0577,0.0577,0,0,0,0,0,0,0,17.777777778,23.888888889
0.833,0.598,0.0157,0.0577,0.0577,0,0,0,0,0,0.25,0.233,17.777777778,23.888888889
0.986,0.599,0.016,0.0577,0.0577,0,0,0,0,0,0,0,17.777777778,23.888888889
1,0.598,0.0191,0.0739,0.0739,0,0,0,0,0,0,0.261,17.777777778,23.888888889
0.931,0.609,0.0325,0.186,0.186,0,0,0,0,0,0,0.543,17.777777778,23.888888889
0.653,0.621,0.0349,0.186,0.186,0,0,0,0,0,0,0.404,17.777777778,23.888888889
0.5,0.61,0.026,0.113,0.113,0,0,0,0,0,0,0.0632,17.777777778,23.888888889
0.347,0.614,0.0324,0.13,0.13,0,0,0,0,0,0,0.133,17.777777778,23.888888889
0.333,0.614,0.0348,0.128,0.128,0,0,0,0,0,0,0.299,17.777777778,23.888888889
0.333,0.614,0.0371,0.125,0.125,0,0,0,0,0,0,0.0333,24.166666667,24.166666667
0.333,0.622,0.0498,0.155,0.155,0,0,0,0,0,0,0.233,24.166666667,24.166666667
0.333,0.614,0.0416,0.122,0.122,0,0,0,0,0,0,0.218,24.166666667,24.166666667
0.542,0.648,0.103,0.26,0.26,0,0,0.134,0.167,0,0.667,0.2,24.166666667,24.166666667
0.764,0.693,0.157,0.358,0.358,0.617,0.917,0,0.767,0.233,0.0833,0.142,24.166666667,24.166666667
0.667,0.713,0.171,0.343,0.343,0.682,0.0667,0,0,1,0,0.156,24.166666667,24.166666667
0.778,0.771,0.242,0.467,0.467,0.707,0,0,0,1,0.5,0.38,24.166666667,24.166666667
0.653,0.755,0.271,0.513,0.513,0.579,0,0,0,0.383,0,0.223,24.166666667,24.166666667
0.5,0.712,0.294,0.508,0.508,0.351,0,0.224,0.917,0,0,0.0333,24.166666667,24.166666667
0.528,0.68,0.305,0.47,0.47,0,0,0,0.0167,0.233,0,0,24.166666667,24.166666667
0.667,0.665,0.352,0.507,0.507,0,0,0,0,0,0,0.247,24.166666667,24.166666667
0.806,0.617,0.132,0.213,0.213,0,0,0,0,0,0,0.0761,24.166666667,24.166666667
1,0.603,0.0656,0.127,0.127,0,0,0,0,0,0,0.0934,24.166666667,24.166666667
1,0.598,0.031,0.0742,0.0742,0,0,0,0,0,0,0.133,24.166666667,24.166666667
1,0.599,0.0193,0.0589,0.0589,0,0,0,0,0,0,0,24.166666667,24.166666667
1,0.599,0.0184,0.0577,0.0577,0,0,0,0,0,0,0,17.777777778,23.888888889
1,0.599,0.0184,0.0577,0.0577,0,0,0,0,0,0,0,17.777777778,23.888888889
1,0.599,0.0184,0.0577,0.0577,0,0,0,0,0,0,0,17.777777778,23.888888889
1,0.599,0.0184,0.0577,0.0577,0,0,0,0,0,0,0,17.777777778,23.888888889
0.875,0.6,0.0192,0.0668,0.0668,0,0,0,0,0,0,0.0665,17.777777778,23.888888889
0.847,0.599,0.0188,0.0622,0.0622,0,0,0,0,0,0,0,17.777777778,23.888888889
0.833,0.599,0.0184,0.0577,0.0577,0,0,0,0,0,0,0,17.777777778,23.888888889
0.833,0.599,0.0184,0.0577,0.0577,0,0,0,0,0,0,0,17.777777778,23.888888889
0.792,0.63,0.0865,0.198,0.198,0,0,0,0,0,0.167,0.269,17.777777778,23.888888889
0.833,0.645,0.131,0.259,0.259,0,0,0,0,0,0.333,0.0333,24.166666667,24.166666667
0.833,0.659,0.177,0.311,0.311,0,0,0,0,0,0,0.0665,24.166666667,24.166666667
0.833,0.661,0.21,0.313,0.313,0,0,0,0,0,0,0.366,24.166666667,24.166666667
0.833,0.647,0.189,0.255,0.255,0,0,0,0,0,0.25,0.376,24.166666667,24.166666667
0.833,0.66,0.203,0.254,0.254,0,0,0,0,0,0,0.2,24.166666667,24.166666667
0.833,0.684,0.213,0.272,0.272,0,0,0,0,0,0,0.233,24.166666667,24.166666667
0.861,0.731,0.26,0.372,0.372,0,0,0,0,0,0.417,0.0998,24.166666667,24.166666667
0.931,0.799,0.414,0.643,0.643,0,0,0,0,0,1,0.252,24.166666667,24.166666667
0.833,0.787,0.539,0.809,0.809,0,0,0,0,0,0.0833,0.283,24.166666667,24.166666667
0.792,0.74,0.555,0.772,0.772,0,0,0,0,0,0,0.124,24.166666667,24.166666667
0.833,0.686,0.484,0.657,0.657,0.624,0.917,0,0,0,0,0.0665,24.166666667,24.166666667
0.861,0.627,0.207,0.291,0.291,0.477,0.55,0,0,0,0,0.0513,24.166666667,24.166666667
1,0.604,0.0874,0.144,0.144,0.541,0,0,0,0,0,0.179,24.166666667,24.166666667
1,0.598,0.0428,0.0882,0.0882,0,0,0,0,0,0,0.118,24.166666667,24.166666667
1,0.598,0.0232,0.0633,0.0633,0,0,0,0,0,0,0.2,24.166666667,24.166666667
1,0.598,0.0196,0.0581,0.0581,0,0,0,0,0,0,0.133,17.777777778,23.888888889
1,0.598,0.0181,0.0577,0.0577,0,0,0,0,0,0,0.133,17.777777778,23.888888889
1,0.599,0.0183,0.0577,0.0577,0,0,0,0,0,0,0,17.777777778,23.888888889
1,0.599,0.0184,0.0577,0.0577,0,0,0,0,0,0,0,17.777777778,23.888888889
1,0.601,0.0204,0.0804,0.0804,0,0,0,0,0,0.417,0.166,17.777777778,23.888888889
1,0.611,0.029,0.128,0.128,0,0,0,0,0,0.0833,0.266,17.777777778,23.888888889
1,0.628,0.0569,0.198,0.198,0,0,0,0,0,0.917,0.143,17.777777778,23.888888889
0.889,0.647,0.104,0.282,0.282,0,0,0,0,0,0.333,0.046,17.777777778,23.888888889
0.708,0.649,0.127,0.287,0.287,0,0,0,0,0,0,0.133,17.777777778,23.888888889
0.806,0.672,0.196,0.377,0.377,0,0,0,0,0,0,0.105,24.166666667,24.166666667
0.667,0.661,0.18,0.317,0.317,0,0,0,0,0,0,0.308,24.166666667,24.166666667
0.597,0.654,0.19,0.287,0.287,0,0,0,0,0,0,0.466,24.166666667,24.166666667
0.431,0.639,0.161,0.223,0.223,0,0,0,0,0,0,0.0998,24.166666667,24.166666667
0.514,0.654,0.183,0.233,0.233,0,0,0,0,0,0,0.133,24.166666667,24.166666667
0.667,0.684,0.213,0.272,0.272,0,0,0,0,0,0,0.287,24.166666667,24.166666667
0.486,0.669,0.147,0.224,0.224,0,0,0,0,0,0,0.166,24.166666667,24.166666667
0.486,0.676,0.171,0.284,0.284,0,0,0,0,0,0.25,0.0665,24.166666667,24.166666667
0.5,0.674,0.227,0.358,0.358,0,0,0,0,0,0,0.0333,24.166666667,24.166666667
0.611,0.685,0.35,0.499,0.499,0,0,0,0,0,0,0.103,24.166666667,24.166666667
0.736,0.67,0.397,0.544,0.544,0.651,0.483,0,0,0,0,0.192,24.166666667,24.166666667
0.833,0.63,0.233,0.323,0.323,0.588,0,0,0,0,0,0.0858,24.166666667,24.166666667
0.833,0.601,0.0303,0.0724,0.0724,0,0,0,0,0,0,0,24.166666667,24.166666667
0.833,0.599,0.0163,0.0577,0.0577,0,0,0,0,0,0,0,24.166666667,24.166666667
0.833,0.599,0.0161,0.0577,0.0577,0,0,0,0,0,0,0,24.166666667,24.166666667
0.833,0.599,0.0161,0.0577,0.0577,0,0,0,0,0,0,0,17.777777778,23.888888889
0.833,0.599,0.0161,0.0577,0.0577,0,0,0,0,0,0,0,17.777777778,23.888888889
0.917,0.599,0.0161,0.0577,0.0577,0,0,0,0,0,0,0,17.777777778,23.888888889
0.833,0.598,0.0191,0.0739,0.0739,0,0,0,0,0,0,0.149,17.777777778,23.888888889
0.833,0.607,0.0291,0.159,0.159,0,0,0,0,0,0,0.378,17.777777778,23.888888889
0.833,0.628,0.0411,0.228,0.228,0,0,0,0,0,0,0.211,17.777777778,23.888888889
0.611,0.652,0.0628,0.314,0.314,0,0,0,0,0,0,0.0665,17.777777778,23.888888889
0.431,0.639,0.0581,0.246,0.246,0,0,0,0,0,0.417,0.0998,17.777777778,23.888888889
0.333,0.63,0.0534,0.199,0.199,0.13,0.167,0,0,0,0.0833,0.219,17.777777778,23.888888889
0.333,0.63,0.0581,0.192,0.192,0.743,0.317,0.353,0.917,0,0,0.219,24.166666667,24.166666667
0.25,0.622,0.0496,0.155,0.155,0,0,0.396,0.0167,0.7,0,0.0998,24.166666667,24.166666667
0.333,0.63,0.0672,0.186,0.186,0,0,0.394,0,0,0,0.0665,24.166666667,24.166666667
0.333,0.63,0.0708,0.186,0.186,0,0,0.0191,0,0,0.25,0.0998,24.166666667,24.166666667
0.431,0.652,0.0959,0.227,0.227,0,0,0,0,0,0.167,0.24,24.166666667,24.166666667
0.667,0.686,0.135,0.277,0.277,0,0,0,0,0,0.583,0.223,24.166666667,24.166666667
0.736,0.725,0.181,0.357,0.357,0,0,0,0,0,0,0.292,24.166666667,24.166666667
0.681,0.722,0.217,0.416,0.416,0,0,0,0,0,0,0.133,24.166666667,24.166666667
0.667,0.712,0.294,0.508,0.508,0,0,0,0,0,0,0.2,24.166666667,24.166666667
0.736,0.709,0.413,0.622,0.622,0,0,0,0,0,0,0.177,24.166666667,24.166666667
0.833,0.678,0.417,0.595,0.595,0,0,0,0,0,0,0.176,24.166666667,24.166666667
0.833,0.627,0.199,0.301,0.301,0,0,0,0,0,0,0,24.166666667,24.166666667
0.833,0.602,0.052,0.108,0.108,0,0,0,0,0,0,0.166,24.166666667,24.166666667
0.986,0.598,0.0279,0.0754,0.0754,0,0,0,0,0,0,0,24.166666667,24.166666667
1,0.599,0.0161,0.0577,0.0577,0,0,0,0,0,0,0,24.166666667,24.166666667
1,0.599,0.0161,0.0577,0.0577,0,0,0,0,0,0,0,17.777777778,23.888888889
1,0.599,0.0161,0.0577,0.0577,0,0,0,0,0,0,0,17.777777778,23.888888889
1,0.599,0.0161,0.0577,0.0577,0,0,0,0,0,0,0,17.777777778,23.888888889
1,0.598,0.0188,0.0724,0.0724,0,0,0,0,0,0,0.381,17.777777778,23.888888889
0.903,0.613,0.038,0.229,0.229,0.085,0.167,0,0,0,0.5,0.315,17.777777778,23.888888889
0.778,0.631,0.0437,0.245,0.245,0.797,1,0,0,0,0,0.582,17.777777778,23.888888889
0.736,0.65,0.0606,0.302,0.302,0.669,0.3,0,0,0,0,0.368,17.777777778,23.888888889
0.431,0.63,0.0487,0.203,0.203,0.394,0,0,0,0,0.417,0.0998,17.777777778,23.888888889
0.486,0.644,0.0708,0.263,0.263,0,0,0,0,0,0.0833,0,17.777777778,23.888888889
0.194,0.617,0.0402,0.137,0.137,0,0,0,0,0,0,0.0998,24.166666667,24.166666667
0.167,0.614,0.0385,0.122,0.122,0,0,0,0,0,0.417,0.233,24.166666667,24.166666667
0.194,0.617,0.0459,0.132,0.132,0,0,0,0,0,0.833,0.2,24.166666667,24.166666667
0.333,0.63,0.0708,0.186,0.186,0,0,0,0,0,0,0.0998,24.166666667,24.166666667
0.208,0.624,0.0544,0.14,0.14,0,0,0,0,0,0,0.133,24.166666667,24.166666667
0.361,0.661,0.1,0.212,0.212,0,0,0,0,0,0,0.261,24.166666667,24.166666667
0.694,0.753,0.218,0.424,0.424,0,0,0,0,0,0.75,0.0793,24.166666667,24.166666667
0.514,0.722,0.217,0.416,0.416,0.344,0.417,0,0,0,0,0,24.166666667,24.166666667
0.722,0.762,0.42,0.712,0.712,0.246,0.317,0,0,0,0,0.123,24.166666667,24.166666667
0.833,0.718,0.438,0.661,0.661,0,0,0,0,0,0,0.306,24.166666667,24.166666667
0.833,0.665,0.352,0.507,0.507,0,0,0,0,0,0,0.0333,24.166666667,24.166666667
0.833,0.622,0.165,0.257,0.257,0,0,0,0,0,0,0.133,24.166666667,24.166666667
0.833,0.601,0.0339,0.0821,0.0821,0,0,0,0,0,0,0,24.166666667,24.166666667
0.903,0.598,0.0201,0.0637,0.0637,0,0,0,0,0,0,0,24.166666667,24.166666667
1,0.598,0.0199,0.0633,0.0633,0,0,0,0,0,0,0.166,24.166666667,24.166666667
1,0.599,0.0163,0.0581,0.0581,0,0,0,0,0,0,0,17.777777778,23.888888889
1,0.599,0.0161,0.0577,0.0577,0,0,0,0,0,0,0,17.777777778,23.888888889
0.778,0.598,0.0166,0.058,0.058,0,0,0,0,0,0,0.25,17.777777778,23.888888889
0.597,0.598,0.0177,0.0665,0.0665,0,0,0,0,0,0,0.151,17.777777778,23.888888889
0.653,0.607,0.0288,0.158,0.158,0,0,0,0,0,0,0.469,17.777777778,23.888888889
0.667,0.623,0.0366,0.198,0.198,0,0,0,0,0,0,0.776,17.777777778,23.888888889
0.597,0.637,0.0495,0.241,0.241,0,0,0.224,0.417,0,0.917,0.225,17.777777778,23.888888889
0.431,0.623,0.0418,0.173,0.173,0,0,0.224,0.767,0.233,0.0833,0.166,17.777777778,23.888888889
0.333,0.614,0.0348,0.128,0.128,0,0,0,0,1,0,0.299,17.777777778,23.888888889
0.361,0.614,0.0371,0.125,0.125,0,0,0,0,1,0,0.0665,24.166666667,24.166666667
0.472,0.612,0.0347,0.112,0.112,0,0,0,0,0.15,0,0.0998,24.166666667,24.166666667
0.333,0.599,0.0161,0.0577,0.0577,0,0,0,0,0,0,0,24.166666667,24.166666667
0.333,0.613,0.0413,0.116,0.116,0,0,0,0,0,0,0.335,24.166666667,24.166666667
0.333,0.633,0.0677,0.167,0.167,0,0,0,0,0,0,0.366,24.166666667,24.166666667
0.403,0.668,0.11,0.23,0.23,0,0,0,0,0,0,0.2,24.166666667,24.166666667
0.458,0.7,0.149,0.298,0.298,0,0,0,0,0,0.167,0.0998,24.166666667,24.166666667
0.5,0.719,0.213,0.409,0.409,0,0,0,0,0,0.833,0.0333,24.166666667,24.166666667
0.5,0.712,0.294,0.508,0.508,0,0,0,0,0,0,0.0665,24.166666667,24.166666667
0.5,0.696,0.364,0.553,0.553,0,0,0,0,0,0,0.169,24.166666667,24.166666667
0.833,0.684,0.454,0.643,0.643,0,0,0,0,0,0,0.435,24.166666667,24.166666667
1,0.618,0.136,0.218,0.218,0,0,0,0,0,0,0.207,24.166666667,24.166666667
1,0.599,0.0161,0.0577,0.0577,0,0,0,0,0,0,0,24.166666667,24.166666667
1,0.599,0.0161,0.0577,0.0577,0,0,0,0,0,0,0,24.166666667,24.166666667
1,0.599,0.0161,0.0577,0.0577,0,0,0,0,0,0,0,24.166666667,24.166666667
1,0.599,0.0161,0.0577,0.0577,0,0,0,0,0,0,0,17.777777778,23.888888889
1,0.599,0.0161,0.0577,0.0577,0,0,0,0,0,0,0,17.777777778,23.888888889
0.847,0.598,0.017,0.0583,0.0583,0,0,0,0,0,0.5,0.268,17.777777778,23.888888889
0.833,0.597,0.0219,0.0887,0.0887,0,0,0,0,0,0,0.266,17.777777778,23.888888889
0.569,0.608,0.0308,0.171,0.171,0,0,0,0,0,0,0.381,17.777777778,23.888888889
0.347,0.623,0.0372,0.202,0.202,0,0,0,0,0,0,0.166,17.777777778,23.888888889
0.333,0.629,0.0427,0.204,0.204,0,0,0,0,0,0,0.266,17.777777778,23.888888889
0.333,0.63,0.0487,0.203,0.203,0,0,0,0,0,0,0.133,17.777777778,23.888888889
0.333,0.63,0.0534,0.199,0.199,0,0,0,0,0,0,0.147,17.777777778,23.888888889
0.333,0.63,0.0581,0.192,0.192,0,0,0,0,0,0,0.123,24.166666667,24.166666667
0.444,0.63,0.0609,0.187,0.187,0,0,0,0,0,0,0.362,24.166666667,24.166666667
0.431,0.623,0.0564,0.159,0.159,0,0,0,0,0,0,0.23,24.166666667,24.166666667
0.333,0.614,0.0434,0.122,0.122,0,0,0,0,0,0.917,0.2,24.166666667,24.166666667
0.333,0.619,0.0469,0.123,0.123,0,0,0,0,0,0.583,0.166,24.166666667,24.166666667
0.333,0.627,0.0548,0.129,0.129,0,0,0,0,0,0,0.166,24.166666667,24.166666667
0.583,0.726,0.183,0.36,0.36,0,0,0,0,0,0.25,0.166,24.166666667,24.166666667
0.806,0.792,0.332,0.623,0.623,0.669,0.483,0,0,0,0,0.266,24.166666667,24.166666667
0.708,0.734,0.347,0.595,0.595,0,0,0,0,0,0,0,24.166666667,24.166666667
0.667,0.683,0.314,0.484,0.484,0,0,0,0,0,0,0.263,24.166666667,24.166666667
0.819,0.662,0.342,0.493,0.493,0,0,0,0,0,0,0.0894,24.166666667,24.166666667
0.833,0.63,0.215,0.323,0.323,0,0,0,0,0,0,0.103,24.166666667,24.166666667
0.944,0.604,0.0769,0.144,0.144,0,0,0.612,0.917,0,0,0,24.166666667,24.166666667
1,0.597,0.0382,0.0906,0.0906,0,0,0.548,0.0167,0.983,0,0.16,24.166666667,24.166666667
1,0.597,0.0237,0.0689,0.0689,0,0,0.397,0,0.2,0,0.236,24.166666667,24.166666667
1,0.598,0.0169,0.0585,0.0585,0,0,0.733,0,0,0,0.35,17.777777778,23.888888889
1,0.598,0.0158,0.0577,0.0577,0,0,0.58,0,0,0,0.133,17.777777778,23.888888889
1,0.598,0.0169,0.0583,0.0583,0,0,0,0,0,0,0.424,17.777777778,23.888888889
1,0.598,0.0192,0.074,0.074,0,0,0,0,0,0,0.159,17.777777778,23.888888889
1,0.614,0.0395,0.241,0.241,0,0,0,0,0,0,0.609,17.777777778,23.888888889
0.694,0.636,0.0481,0.277,0.277,0.409,0.417,0,0,0,0.917,0.0665,17.777777778,23.888888889
0.667,0.645,0.056,0.277,0.277,0.624,1,0,0,0,0.0833,0.166,17.777777778,23.888888889
0.667,0.652,0.0719,0.306,0.306,0.486,0.467,0.11,0.667,0,0,0.118,17.777777778,23.888888889
0.528,0.648,0.0751,0.281,0.281,0,0.317,0,0.267,0.733,0,0.336,17.777777778,23.888888889
0.333,0.63,0.0581,0.192,0.192,0,0,0,0,0.933,0,0.106,24.166666667,24.166666667
0.181,0.616,0.0403,0.128,0.128,0,0,0,0,0,0,0.166,24.166666667,24.166666667
0.0139,0.6,0.0179,0.0631,0.0631,0,0,0,0,0,0,0,24.166666667,24.166666667
0,0.599,0.0161,0.0577,0.0577,0,0,0,0,0,0,0,24.166666667,24.166666667
0.222,0.627,0.0576,0.145,0.145,0,0,0,0,0,0,0.233,24.166666667,24.166666667
0.486,0.683,0.13,0.266,0.266,0.662,0.917,0,0,0,0.417,0.166,24.166666667,24.166666667
0.611,0.734,0.194,0.379,0.379,0.503,0.733,0,0,0,0.583,0.0665,24.166666667,24.166666667
0.667,0.759,0.278,0.526,0.526,0.852,0.55,0,0,0,0,0.158,24.166666667,24.166666667
0.667,0.75,0.386,0.658,0.658,0.134,0,0,0,0,0.917,0.0333,24.166666667,24.166666667
0.667,0.715,0.43,0.649,0.649,0,0,0,0,0,0.833,0.295,24.166666667,24.166666667
0.667,0.656,0.305,0.445,0.445,0,0,0,0,0,0,0.311,24.166666667,24.166666667
0.694,0.607,0.0623,0.119,0.119,0,0,0,0,0,0,0.0551,24.166666667,24.166666667
0.833,0.6,0.0216,0.0651,0.0651,0,0,0,0,0,0,0,24.166666667,24.166666667
0.833,0.599,0.0182,0.0577,0.0577,0,0,0,0,0,0,0,24.166666667,24.166666667
0.903,0.599,0.0184,0.0577,0.0577,0,0,0,0,0,0,0,24.166666667,24.166666667
1,0.599,0.0184,0.0577,0.0577,0,0,0,0,0,0,0,17.777777778,23.888888889
1,0.599,0.0184,0.0577,0.0577,0,0,0,0,0,0,0,17.777777778,23.888888889
1,0.599,0.0184,0.0577,0.0577,0,0,0,0,0,0,0,17.777777778,23.888888889
1,0.598,0.0193,0.068,0.068,0,0,0,0,0,0,0.131,17.777777778,23.888888889
1,0.607,0.0276,0.16,0.16,0,0,0,0,0,0,0.335,17.777777778,23.888888889
1,0.628,0.0444,0.228,0.228,0,0,0.243,0.417,0,0.667,0.127,17.777777778,23.888888889
1,0.645,0.0775,0.277,0.277,0.653,0.483,0.545,0.517,0.467,0.333,0.133,17.777777778,23.888888889
0.972,0.671,0.148,0.397,0.397,0.875,0.733,0.0143,0,0,0.5,0.262,17.777777778,23.888888889
0.764,0.669,0.17,0.375,0.375,0,0,0,0,0,0.5,0.158,17.777777778,23.888888889
0.556,0.65,0.143,0.282,0.282,0,0,0,0,0,0,0.133,24.166666667,24.166666667
0.458,0.641,0.13,0.236,0.236,0,0,0,0,0,0,0.266,24.166666667,24.166666667
0.5,0.645,0.162,0.249,0.249,0,0,0,0,0,0,0.0665,24.166666667,24.166666667
0.5,0.645,0.184,0.25,0.25,0,0,0,0,0,0,0.0665,24.166666667,24.166666667
0.653,0.68,0.26,0.315,0.315,0,0,0,0,0,0,0.221,24.166666667,24.166666667
0.528,0.689,0.224,0.283,0.283,0,0,0,0,0,0.167,0.321,24.166666667,24.166666667
0.264,0.657,0.125,0.196,0.196,0,0,0,0,0,1,0.2,24.166666667,24.166666667
0.264,0.662,0.144,0.245,0.245,0,0,0,0,0,0.0833,0.166,24.166666667,24.166666667
0.5,0.712,0.331,0.508,0.508,0,0,0,0,0,0,0.333,24.166666667,24.166666667
0.5,0.696,0.39,0.553,0.553,0.673,0.667,0,0,0,0,0.0998,24.166666667,24.166666667
0.653,0.684,0.474,0.643,0.643,0.248,0.733,0.787,0.917,0,0,0,24.166666667,24.166666667
0.778,0.636,0.273,0.372,0.372,0,0.317,0.436,0.0167,0.983,0,0.0544,24.166666667,24.166666667
0.903,0.604,0.0882,0.144,0.144,0,0,0,0,0.433,0,0.207,24.166666667,24.166666667
1,0.598,0.0315,0.0742,0.0742,0,0,0,0,0,0,0,24.166666667,24.166666667
1,0.599,0.0204,0.0601,0.0601,0,0,0,0,0,0,0.0665,24.166666667,24.166666667
1,0.599,0.0184,0.0577,0.0577,0,0,0,0,0,0,0,17.777777778,23.888888889
1,0.599,0.0184,0.0577,0.0577,0,0,0,0,0,0,0,17.777777778,23.888888889
1,0.599,0.0184,0.0577,0.0577,0,0,0,0,0,0,0,17.777777778,23.888888889
0.931,0.599,0.0184,0.0577,0.0577,0,0,0,0,0,0,0,17.777777778,23.888888889
0.833,0.599,0.0184,0.0577,0.0577,0,0,0,0,0,0,0,17.777777778,23.888888889
0.833,0.616,0.0333,0.153,0.153,0,0,0,0,0,0.417,0.276,17.777777778,23.888888889
0.764,0.631,0.0595,0.21,0.21,0,0,0,0,0,1,0.0998,17.777777778,23.888888889
0.597,0.622,0.0599,0.167,0.167,0,0,0,0,0,0.583,0.166,17.777777778,23.888888889
0.5,0.621,0.0662,0.158,0.158,0,0,0,0,0,0,0.229,17.777777778,23.888888889
0.5,0.63,0.0932,0.192,0.192,0.517,0.667,0,0,0,0,0.166,24.166666667,24.166666667
0.5,0.63,0.0993,0.187,0.187,0.119,0.55,0,0,0,0,0.166,24.166666667,24.166666667
0.5,0.63,0.114,0.186,0.186,0,0,0,0,0,0,0.0333,24.166666667,24.166666667
0.611,0.654,0.218,0.287,0.287,0,0,0.499,0.667,0,0,0.366,24.166666667,24.166666667
0.667,0.681,0.264,0.32,0.32,0,0,0.531,0.267,0.733,0,0.266,24.166666667,24.166666667
0.819,0.74,0.338,0.409,0.409,0,0,0.482,0,0.933,0,0.133,24.166666667,24.166666667
0.833,0.783,0.355,0.495,0.495,0,0,0.879,0,0,0,0.303,24.166666667,24.166666667
0.833,0.799,0.414,0.643,0.643,0,0,0.674,0,0,0.167,0.235,24.166666667,24.166666667
0.833,0.753,0.442,0.668,0.668,0,0,0,0,0,1,0.0333,24.166666667,24.166666667
0.833,0.728,0.514,0.718,0.718,0,0,0.107,0.167,0,0.833,0,24.166666667,24.166666667
0.806,0.683,0.465,0.632,0.632,0,0,0.312,0.767,0.233,0,0,24.166666667,24.166666667
0.736,0.636,0.275,0.375,0.375,0,0,0.49,0,0.95,0,0,24.166666667,24.166666667
0.833,0.607,0.123,0.187,0.187,0,0,0.453,0,0,0,0,24.166666667,24.166666667
0.833,0.599,0.0262,0.0714,0.0714,0,0,0,0,0,0,0,24.166666667,24.166666667
0.903,0.598,0.0174,0.0597,0.0597,0,0,0,0,0,0.417,0.0333,24.166666667,24.166666667
1,0.598,0.0166,0.0581,0.0581,0,0,0,0,0,0.0833,0.166,17.777777778,23.888888889
1,0.599,0.0161,0.0577,0.0577,0,0,0,0,0,0,0,17.777777778,23.888888889
0.847,0.597,0.0176,0.0588,0.0588,0,0,0,0,0,0,0.317,17.777777778,23.888888889
0.833,0.597,0.0223,0.0902,0.0902,0,0,0,0,0,0,0.42,17.777777778,23.888888889
0.764,0.613,0.0392,0.238,0.238,0,0,0,0,0,0,0.287,17.777777778,23.888888889
0.556,0.627,0.0399,0.22,0.22,0,0,0,0,0,0.5,0.0998,17.777777778,23.888888889
0.347,0.615,0.0303,0.137,0.137,0,0,0,0,0,0,0.0998,17.777777778,23.888888889
0.333,0.614,0.0324,0.13,0.13,0,0,0,0,0,0,0.166,17.777777778,23.888888889
0.333,0.614,0.0348,0.128,0.128,0,0,0,0,0,0,0.266,17.777777778,23.888888889
0.444,0.625,0.0512,0.17,0.17,0,0,0.431,0.667,0,0,0.0333,24.166666667,24.166666667
0.389,0.634,0.0665,0.203,0.203,0,0,0.3,0.267,0.733,0,0.166,24.166666667,24.166666667
0.361,0.632,0.0715,0.196,0.196,0,0,0.752,0,0.933,0,0.2,24.166666667,24.166666667
0.5,0.645,0.0982,0.25,0.25,0,0,0,0,0,0.417,0.0998,24.166666667,24.166666667
0.5,0.66,0.109,0.254,0.254,0,0,0,0,0,0.333,0.0333,24.166666667,24.166666667
0.5,0.684,0.132,0.272,0.272,0.499,0.417,0,0,0,0,0.233,24.166666667,24.166666667
0.653,0.743,0.206,0.402,0.402,0.316,1,0,0,0,0,0.133,24.166666667,24.166666667
0.667,0.759,0.278,0.526,0.526,0,0.05,0,0,0,0,0.166,24.166666667,24.166666667
0.556,0.725,0.323,0.556,0.556,0,0,0,0,0,0.417,0.229,24.166666667,24.166666667
0.611,0.683,0.314,0.484,0.484,0,0,0,0,0,0.0833,0.2,24.166666667,24.166666667
0.847,0.648,0.268,0.394,0.394,0.548,0.483,0,0,0,0,0,24.166666667,24.166666667
1,0.612,0.0954,0.163,0.163,0,0,0,0,0,0,0.0974,24.166666667,24.166666667
1,0.601,0.0465,0.101,0.101,0,0,0,0,0,0,0,24.166666667,24.166666667
1,0.598,0.0255,0.0718,0.0718,0,0,0,0,0,0,0.0333,24.166666667,24.166666667
1,0.599,0.0161,0.0577,0.0577,0,0,0,0,0,0,0,24.166666667,24.166666667
1,0.599,0.0161,0.0577,0.0577,0,0,0,0,0,0,0,17.777777778,23.888888889
1,0.599,0.0161,0.0577,0.0577,0,0,0,0,0,0,0,17.777777778,23.888888889
0.847,0.599,0.0161,0.0577,0.0577,0,0,0,0,0,0,0,17.777777778,23.888888889
0.833,0.599,0.0161,0.0577,0.0577,0,0,0,0,0,0,0,17.777777778,23.888888889
0.556,0.6,0.0184,0.0758,0.0758,0,0,0,0,0,0,0.359,17.777777778,23.888888889
0.667,0.635,0.0463,0.263,0.263,0,0,0,0,0,0,0.527,17.777777778,23.888888889
0.403,0.62,0.0346,0.161,0.161,0,0,0,0,0,0,0.579,17.777777778,23.888888889
0.333,0.629,0.0476,0.197,0.197,0,0,0,0,0,0,0.406,17.777777778,23.888888889
0.222,0.62,0.0409,0.152,0.152,0,0,0.164,0.667,0,0,0.0665,17.777777778,23.888888889
0.0833,0.607,0.0265,0.0915,0.0915,0,0,0,0.517,0.233,0,0.0665,24.166666667,24.166666667
0.0972,0.608,0.0291,0.0956,0.0956,0,0,0,0,0,0,0.2,24.166666667,24.166666667
0.111,0.609,0.0333,0.1,0.1,0,0,0,0,0,0,0.299,24.166666667,24.166666667
0.167,0.614,0.0434,0.122,0.122,0,0,0,0,0,0,0.399,24.166666667,24.166666667
0.333,0.64,0.0781,0.189,0.189,0,0,0,0,0,0.417,0.2,24.166666667,24.166666667
0.667,0.713,0.171,0.343,0.343,0,0,0,0,0,0.0833,0,24.166666667,24.166666667
0.667,0.746,0.209,0.408,0.408,0,0,0,0,0,0,0.437,24.166666667,24.166666667
0.667,0.759,0.278,0.526,0.526,0,0,0,0,0,0,0.549,24.166666667,24.166666667
0.667,0.75,0.386,0.658,0.658,0,0,0,0,0,0,0.287,24.166666667,24.166666667
0.736,0.742,0.528,0.787,0.787,0,0,0.235,0.417,0,0,0.298,24.166666667,24.166666667
0.681,0.68,0.427,0.609,0.609,0,0,0.763,0.517,0.483,0,0.0665,24.166666667,24.166666667
0.806,0.638,0.27,0.397,0.397,0,0,0.496,0,0.7,0,0,24.166666667,24.166666667
1,0.606,0.0903,0.162,0.162,0,0,0,0,0,0,0,24.166666667,24.166666667
1,0.599,0.0207,0.0645,0.0645,0,0,0,0,0,0,0,24.166666667,24.166666667
1,0.599,0.0161,0.0577,0.0577,0,0,0,0,0,0,0,24.166666667,24.166666667
1,0.599,0.0161,0.0577,0.0577,0,0,0,0,0,0,0,17.777777778,23.888888889
1,0.598,0.0157,0.0577,0.0577,0,0,0,0,0,0.917,0.0998,17.777777778,23.888888889
1,0.599,0.016,0.0577,0.0577,0,0,0,0,0,0.0833,0,17.777777778,23.888888889
0.931,0.599,0.0161,0.0577,0.0577,0,0,0,0,0,0,0,17.777777778,23.888888889
0.833,0.603,0.0224,0.108,0.108,0,0,0,0,0,0,0.345,17.777777778,23.888888889
0.681,0.616,0.0308,0.158,0.158,0,0,0,0,0,0,0.218,17.777777778,23.888888889
0.486,0.627,0.0405,0.192,0.192,0,0,0,0,0,0.5,0.183,17.777777778,23.888888889
0.333,0.629,0.0476,0.197,0.197,0,0,0,0,0,0.5,0.216,17.777777778,23.888888889
0.264,0.623,0.0456,0.169,0.169,0,0,0,0,0,0,0.266,17.777777778,23.888888889
0.0972,0.608,0.0282,0.097,0.097,0,0,0,0,0,0,0.0665,24.166666667,24.166666667
0,0.599,0.0161,0.0577,0.0577,0,0,0,0,0,0,0,24.166666667,24.166666667
0,0.599,0.0161,0.0577,0.0577,0,0,0,0,0,0,0,24.166666667,24.166666667
0.0278,0.601,0.0207,0.0684,0.0684,0,0,0,0,0,0,0.0665,24.166666667,24.166666667
0.167,0.619,0.0469,0.123,0.123,0,0,0,0,0,0,0.233,24.166666667,24.166666667
0.0139,0.601,0.0187,0.0632,0.0632,0,0,0,0,0,0,0,24.166666667,24.166666667
0.208,0.646,0.0774,0.169,0.169,0,0,0,0,0,0,0.0665,24.166666667,24.166666667
0.528,0.725,0.224,0.429,0.429,0,0,0,0,0,0,0.0998,24.166666667,24.166666667
0.667,0.75,0.386,0.658,0.658,0,0,0,0,0,0,0.0998,24.166666667,24.166666667
0.667,0.728,0.479,0.718,0.718,0,0,0,0,0,0,0.166,24.166666667,24.166666667
0.667,0.667,0.362,0.521,0.521,0,0,0,0,0,0,0.0998,24.166666667,24.166666667
0.819,0.639,0.276,0.404,0.404,0.101,0.167,0,0,0,0,0.184,24.166666667,24.166666667
0.833,0.605,0.0915,0.164,0.164,0.736,1,0,0,0,0,0,24.166666667,24.166666667
0.833,0.599,0.0183,0.0609,0.0609,0.0796,0.05,0,0,0,0,0,24.166666667,24.166666667
0.861,0.599,0.0166,0.0585,0.0585,0,0,0,0,0,0,0,24.166666667,24.166666667
1,0.598,0.0166,0.0581,0.0581,0,0,0,0,0,0,0.0998,17.777777778,23.888888889
1,0.599,0.0161,0.0577,0.0577,0,0,0,0,0,0,0,17.777777778,23.888888889
1,0.598,0.0166,0.058,0.058,0,0,0,0,0,0,0.0333,17.777777778,23.888888889
1,0.598,0.0191,0.0739,0.0739,0,0,0,0,0,0.25,0.0998,17.777777778,23.888888889
0.972,0.61,0.0343,0.2,0.2,0,0,0,0,0,0.25,0.233,17.777777778,23.888888889
0.722,0.626,0.0393,0.216,0.216,0,0,0,0,0,0,0.498,17.777777778,23.888888889
0.597,0.651,0.0619,0.308,0.308,0,0,0,0,0,0,0.408,17.777777778,23.888888889
0.472,0.643,0.0622,0.264,0.264,0,0,0.385,0.917,0,0,0.187,17.777777778,23.888888889
0.0278,0.601,0.0188,0.0698,0.0698,0,0,0,0.0167,0.467,0,0.0659,17.777777778,23.888888889
0.153,0.613,0.0355,0.119,0.119,0,0,0,0,0,0,0.2,24.166666667,24.166666667
0.167,0.614,0.0385,0.122,0.122,0,0,0,0,0,0.917,0.0333,24.166666667,24.166666667
0.167,0.614,0.0416,0.122,0.122,0,0,0,0,0,0.333,0.266,24.166666667,24.166666667
0.167,0.614,0.0434,0.122,0.122,0,0,0,0,0,0,0.266,24.166666667,24.166666667
0.167,0.619,0.0469,0.123,0.123,0,0,0,0,0,0,0.0998,24.166666667,24.166666667
0.167,0.627,0.0548,0.129,0.129,0,0,0,0,0,0,0.0665,24.166666667,24.166666667
0.278,0.661,0.097,0.204,0.204,0,0,0,0,0,0.667,0.0333,24.166666667,24.166666667
0.361,0.685,0.158,0.312,0.312,0,0,0,0,0,0.0833,0.0665,24.166666667,24.166666667
0.542,0.721,0.317,0.546,0.546,0,0,0,0,0,0,0.0333,24.166666667,24.166666667
0.611,0.717,0.442,0.664,0.664,0,0,0,0,0,0,0.0333,24.166666667,24.166666667
0.819,0.678,0.417,0.595,0.595,0,0,0,0,0,0,0,24.166666667,24.166666667
0.861,0.624,0.177,0.272,0.272,0,0,0,0,0,0,0.0906,24.166666667,24.166666667
1,0.605,0.0825,0.151,0.151,0,0,0,0,0,0,0.14,24.166666667,24.166666667
1,0.598,0.0278,0.075,0.075,0,0,0,0,0,0,0.0442,24.166666667,24.166666667
1,0.598,0.0191,0.0621,0.0621,0,0,0.453,0.917,0,0,0.0333,24.166666667,24.166666667
1,0.598,0.0166,0.0581,0.0581,0,0,0.288,0.267,0.733,0,0.0333,17.777777778,23.888888889
1,0.598,0.0158,0.0577,0.0577,0,0,0.577,0,0.217,0,0.366,17.777777778,23.888888889
1,0.599,0.016,0.0577,0.0577,0,0,0.383,0,0,0,0,17.777777778,23.888888889
1,0.599,0.0161,0.0577,0.0577,0,0,0,0,0,0,0,17.777777778,23.888888889
0.847,0.601,0.019,0.0804,0.0804,0,0,0,0,0,0,0.214,17.777777778,23.888888889
0.528,0.623,0.0361,0.193,0.193,0,0,0,0,0,0.75,0.278,17.777777778,23.888888889
0.389,0.619,0.0337,0.155,0.155,0,0,0,0,0,0,0.375,17.777777778,23.888888889
0.333,0.614,0.0324,0.13,0.13,0,0,0,0,0,0,0.133,17.777777778,23.888888889
0.333,0.614,0.0348,0.128,0.128,0,0,0,0,0,0,0.399,17.777777778,23.888888889
0.333,0.614,0.0371,0.125,0.125,0,0,0,0,0,0,0.166,24.166666667,24.166666667
0.264,0.622,0.0498,0.155,0.155,0,0,0,0,0,0.917,0.195,24.166666667,24.166666667
0.0417,0.603,0.0223,0.0737,0.0737,0,0,0,0,0,0.0833,0.0665,24.166666667,24.166666667
0.236,0.621,0.0549,0.148,0.148,0,0,0,0,0,0.167,0.0665,24.166666667,24.166666667
0.333,0.64,0.0778,0.189,0.189,0,0,0,0,0,1,0.184,24.166666667,24.166666667
0.403,0.668,0.11,0.23,0.23,0,0,0,0,0,1,0.121,24.166666667,24.166666667
0.542,0.718,0.173,0.342,0.342,0,0,0,0,0,0.333,0.248,24.166666667,24.166666667
0.528,0.725,0.224,0.429,0.429,0,0,0,0,0,0,0.208,24.166666667,24.166666667
0.667,0.75,0.386,0.658,0.658,0,0,0.542,0.667,0,0,0.152,24.166666667,24.166666667
0.542,0.705,0.391,0.593,0.593,0,0,0.475,0.267,0.733,0,0.185,24.166666667,24.166666667
0.778,0.686,0.464,0.657,0.657,0,0,0.693,0,0.45,0,0.133,24.166666667,24.166666667
0.861,0.64,0.28,0.409,0.409,0,0,0.633,0,0,0,0,24.166666667,24.166666667
1,0.608,0.133,0.223,0.223,0,0,0.59,0,0,0,0.271,24.166666667,24.166666667
1,0.597,0.0548,0.105,0.105,0,0,0.588,0,0,0,0.2,24.166666667,24.166666667
1,0.597,0.0273,0.0681,0.0681,0.763,0.917,0,0,0,0,0.173,24.166666667,24.166666667
1,0.598,0.0196,0.0581,0.0581,0.118,0.3,0.596,0.917,0,0,0.233,17.777777778,23.888888889
1,0.598,0.0181,0.0577,0.0577,0,0,0.531,0.267,0.467,0,0.0665,17.777777778,23.888888889
0.847,0.599,0.0183,0.0577,0.0577,0,0,0,0,0,0,0,17.777777778,23.888888889
0.944,0.599,0.0184,0.0577,0.0577,0,0,0,0,0,0,0,17.777777778,23.888888889
1,0.599,0.0184,0.0577,0.0577,0,0,0,0,0,0,0,17.777777778,23.888888889
1,0.616,0.0333,0.153,0.153,0,0,0,0,0,0,0.388,17.777777778,23.888888889
1,0.658,0.0954,0.339,0.339,0,0,0,0,0,0.417,0.302,17.777777778,23.888888889
1,0.689,0.18,0.482,0.482,0.476,0.417,0,0,0,0.333,0.574,17.777777778,23.888888889
0.847,0.678,0.189,0.416,0.416,0.221,1,0.409,0.667,0,0,0.217,17.777777778,23.888888889
0.681,0.662,0.171,0.333,0.333,0,0.05,0.959,0.267,0.733,0,0.238,24.166666667,24.166666667
0.667,0.661,0.18,0.317,0.317,0,0,0.851,0,0.217,0,0.311,24.166666667,24.166666667
0.514,0.647,0.166,0.255,0.255,0.156,0.167,0.545,0,0,0,0.233,24.166666667,24.166666667
0.653,0.659,0.236,0.308,0.308,0.667,0.317,0.366,0,0,0.167,0.354,24.166666667,24.166666667
0.736,0.69,0.29,0.347,0.347,0.727,0,0,0,0,0.333,0.166,24.166666667,24.166666667
0.681,0.715,0.283,0.349,0.349,0.85,0,0,0,0,0,0.0998,24.166666667,24.166666667
0.625,0.737,0.271,0.385,0.385,0.383,0,0,0,0,0.417,0.0998,24.166666667,24.166666667
0.597,0.742,0.302,0.476,0.476,0,0,0,0,0,0.333,0.0665,24.166666667,24.166666667
0.653,0.746,0.429,0.648,0.648,0.121,0.167,0,0,0,0,0.275,24.166666667,24.166666667
0.667,0.728,0.514,0.718,0.718,0.689,0.317,0,0,0,0,0.2,24.166666667,24.166666667
0.667,0.678,0.436,0.595,0.595,0.306,0,0,0,0,0,0,24.166666667,24.166666667
0.736,0.636,0.275,0.375,0.375,0,0,0,0,0,0,0.157,24.166666667,24.166666667
0.833,0.609,0.156,0.229,0.229,0,0,0,0,0,0,0.233,24.166666667,24.166666667
0.986,0.597,0.0585,0.108,0.108,0,0,0,0,0,0,0,24.166666667,24.166666667
1,0.599,0.0203,0.0601,0.0601,0,0,0,0,0,0,0,24.166666667,24.166666667
1,0.599,0.0184,0.0577,0.0577,0,0,0,0,0,0,0,17.777777778,23.888888889
1,0.598,0.018,0.0577,0.0577,0,0,0,0,0,0,0.266,17.777777778,23.888888889
1,0.598,0.0186,0.058,0.058,0,0,0,0,0,0,0.411,17.777777778,23.888888889
1,0.598,0.0199,0.074,0.074,0,0,0,0,0,0,0.211,17.777777778,23.888888889
1,0.603,0.023,0.109,0.109,0,0,0,0,0,0,0.316,17.777777778,23.888888889
1,0.628,0.044,0.223,0.223,0,0,0,0,0,0.167,0.461,17.777777778,23.888888889
1,0.659,0.0963,0.345,0.345,0.477,0.667,0,0,0,0.0833,0.414,17.777777778,23.888888889
0.931,0.669,0.142,0.385,0.385,0,0.55,0,0,0,0,0.157,17.777777778,23.888888889
0.833,0.675,0.184,0.404,0.404,0.676,0.667,0.229,0.417,0,0.75,0.369,17.777777778,23.888888889
0.764,0.67,0.19,0.366,0.366,0.604,0.55,0.846,0.517,0.467,0.417,0.166,24.166666667,24.166666667
0.625,0.657,0.17,0.301,0.301,0,0,0.362,0,0,0.0833,0.0333,24.166666667,24.166666667
0.667,0.661,0.21,0.313,0.313,0,0,0,0,0,0,0.333,24.166666667,24.166666667
0.653,0.659,0.235,0.308,0.308,0,0,0,0,0,0,0.221,24.166666667,24.166666667
0.833,0.701,0.326,0.385,0.385,0,0,0,0,0,0,0.483,24.166666667,24.166666667
0.806,0.715,0.283,0.349,0.349,0,0,0,0,0,0.5,0.288,24.166666667,24.166666667
0.444,0.696,0.198,0.289,0.289,0,0,0,0,0,0,0.249,24.166666667,24.166666667
0.333,0.679,0.177,0.292,0.292,0,0,0,0,0,0,0.152,24.166666667,24.166666667
0.403,0.69,0.271,0.422,0.422,0,0,0,0,0,0,0.13,24.166666667,24.166666667
0.5,0.696,0.39,0.553,0.553,0.667,0.917,0,0,0,0,0.18,24.166666667,24.166666667
0.5,0.665,0.368,0.507,0.507,0,0.3,0,0,0,0,0,24.166666667,24.166666667
0.569,0.629,0.227,0.316,0.316,0.42,0.417,0,0,0,0,0.0333,24.166666667,24.166666667
0.972,0.606,0.117,0.18,0.18,0.616,0.0667,0,0,0,0,0.117,24.166666667,24.166666667
1,0.598,0.035,0.0846,0.0846,0.188,0,0,0,0,0,0,24.166666667,24.166666667
1,0.598,0.0199,0.0633,0.0633,0,0,0,0,0,0,0,24.166666667,24.166666667
1,0.598,0.0166,0.0581,0.0581,0,0,0,0,0,0,0.0665,17.777777778,23.888888889
1,0.598,0.0158,0.0577,0.0577,0,0,0,0,0,0,0.166,17.777777778,23.888888889
0.847,0.599,0.016,0.0577,0.0577,0,0,0,0,0,0,0,17.777777778,23.888888889
0.833,0.598,0.0174,0.0651,0.0651,0,0,0,0,0,0,0.154,17.777777778,23.888888889
0.833,0.603,0.0227,0.109,0.109,0,0,0,0,0,0,0.428,17.777777778,23.888888889
0.653,0.614,0.029,0.146,0.146,0,0,0,0,0,0,0.321,17.777777778,23.888888889
0.347,0.6,0.0169,0.0637,0.0637,0,0,0,0,0,0,0,17.777777778,23.888888889
0.181,0.599,0.0161,0.0577,0.0577,0,0,0,0,0,0,0,17.777777778,23.888888889
0.0556,0.603,0.0208,0.0753,0.0753,0,0,0,0,0,0,0,17.777777778,23.888888889
0.0694,0.599,0.0161,0.0577,0.0577,0,0,0,0,0,0,0,24.166666667,24.166666667
0.431,0.623,0.0517,0.16,0.16,0,0,0,0,0,0,0.433,24.166666667,24.166666667
0.5,0.644,0.0909,0.244,0.244,0,0,0,0,0,0,0.293,24.166666667,24.166666667
0.417,0.638,0.0844,0.218,0.218,0,0,0,0,0,0,0.165,24.166666667,24.166666667
0.5,0.66,0.109,0.254,0.254,0,0,0,0,0,0,0.233,24.166666667,24.166666667
0.5,0.684,0.132,0.272,0.272,0,0,0,0,0,0,0.139,24.166666667,24.166666667
0.542,0.718,0.173,0.342,0.342,0,0,0,0,0,0,0.413,24.166666667,24.166666667
0.528,0.719,0.213,0.409,0.409,0,0,0,0,0,0.5,0.2,24.166666667,24.166666667
0.667,0.712,0.294,0.508,0.508,0,0,0,0,0,0,0.308,24.166666667,24.166666667
0.736,0.739,0.52,0.774,0.774,0,0,0,0,0,0,0.119,24.166666667,24.166666667
0.833,0.68,0.427,0.609,0.609,0.186,0.167,0,0,0,0,0.0623,24.166666667,24.166666667
0.833,0.609,0.0771,0.139,0.139,0.107,0.817,0,0,0,0,0.0333,24.166666667,24.166666667
0.944,0.6,0.0342,0.0836,0.0836,0,0,0,0,0,0,0,24.166666667,24.166666667
1,0.598,0.0271,0.0742,0.0742,0,0,0,0,0,0,0,24.166666667,24.166666667
1,0.598,0.0199,0.0633,0.0633,0,0,0,0,0,0,0.0333,24.166666667,24.166666667
1,0.599,0.0163,0.0581,0.0581,0,0,0,0,0,0,0,17.777777778,23.888888889
0.931,0.598,0.0159,0.0577,0.0577,0,0,0,0,0,0,0.176,17.777777778,23.888888889
0.986,0.598,0.017,0.0583,0.0583,0,0,0,0,0,0,0.302,17.777777778,23.888888889
0.931,0.597,0.0208,0.0828,0.0828,0,0,0,0,0,0,0.366,17.777777778,23.888888889
0.736,0.603,0.0233,0.114,0.114,0,0,0,0,0,0,0.105,17.777777778,23.888888889
0.375,0.606,0.0222,0.0994,0.0994,0,0,0,0,0,0.167,0.0998,17.777777778,23.888888889
0.403,0.62,0.0348,0.161,0.161,0,0,0,0,0,0.833,0.266,17.777777778,23.888888889
0.167,0.599,0.0161,0.0577,0.0577,0,0,0,0,0,0,0,17.777777778,23.888888889
0.167,0.607,0.0255,0.0929,0.0929,0,0,0,0,0,0,0.0665,17.777777778,23.888888889
0.139,0.599,0.0161,0.0577,0.0577,0,0,0,0,0,0,0,24.166666667,24.166666667
0.208,0.618,0.0442,0.138,0.138,0,0,0,0,0,0,0.381,24.166666667,24.166666667
0.139,0.612,0.0376,0.111,0.111,0,0,0,0,0,0,0.166,24.166666667,24.166666667
0.486,0.616,0.0456,0.127,0.127,0,0,0,0,0,0,0.133,24.166666667,24.166666667
0.5,0.619,0.0469,0.123,0.123,0,0,0,0,0,0,0.2,24.166666667,24.166666667
0.5,0.627,0.0548,0.129,0.129,0,0,0,0,0,0,0.233,24.166666667,24.166666667
0.5,0.636,0.0643,0.145,0.145,0,0,0,0,0,0,0,24.166666667,24.166666667
0.611,0.733,0.238,0.454,0.454,0,0,0,0,0,0,0.366,24.166666667,24.166666667
0.667,0.678,0.207,0.368,0.368,0,0,0,0,0,0,0.133,24.166666667,24.166666667
0.667,0.642,0.169,0.277,0.277,0,0,0,0,0,0,0,24.166666667,24.166666667
0.819,0.636,0.212,0.319,0.319,0,0,0,0,0,0,0,24.166666667,24.166666667
0.833,0.601,0.0254,0.0701,0.0701,0,0,0,0,0,0,0,24.166666667,24.166666667
0.833,0.599,0.0161,0.0577,0.0577,0,0,0,0,0,0,0,24.166666667,24.166666667
0.833,0.599,0.0161,0.0577,0.0577,0,0,0,0,0,0,0,24.166666667,24.166666667
0.944,0.598,0.0183,0.0609,0.0609,0,0,0,0,0,0.667,0.0333,24.166666667,24.166666667
1,0.598,0.0166,0.0581,0.0581,0,0,0,0,0,1,0.166,17.777777778,23.888888889
1,0.599,0.0161,0.0577,0.0577,0,0,0,0,0,0.583,0,17.777777778,23.888888889
1,0.598,0.0165,0.058,0.058,0,0,0,0,0,0,0.103,17.777777778,23.888888889
1,0.597,0.0219,0.0887,0.0887,0,0,0,0,0,0.417,0.167,17.777777778,23.888888889
0.889,0.61,0.0342,0.198,0.198,0.403,0.417,0,0,0,0.833,0.323,17.777777778,23.888888889
0.917,0.641,0.0522,0.304,0.304,0.448,0.0667,0,0,0,0,0.313,17.777777778,23.888888889
0.681,0.63,0.0436,0.21,0.21,0,0,0,0,0,0,0.476,17.777777778,23.888888889
0.736,0.643,0.0625,0.264,0.264,0,0,0.0684,0.167,0,0.25,0.328,17.777777778,23.888888889
0.764,0.654,0.083,0.31,0.31,0,0,0.39,0.767,0.233,0,0.0998,17.777777778,23.888888889
0.667,0.645,0.0791,0.259,0.259,0,0,0,0,0.467,0,0.482,24.166666667,24.166666667
0.667,0.645,0.0833,0.252,0.252,0,0,0,0,0,0.167,0.183,24.166666667,24.166666667
0.667,0.645,0.0928,0.249,0.249,0,0,0,0,0,0.0833,0.212,24.166666667,24.166666667
0.667,0.645,0.0982,0.25,0.25,0,0,0,0,0,0,0.11,24.166666667,24.166666667
0.625,0.636,0.0723,0.178,0.178,0,0,0,0,0,0,0.133,24.166666667,24.166666667
0.736,0.668,0.11,0.23,0.23,0,0,0,0,0,0.417,0.133,24.166666667,24.166666667
0.833,0.725,0.181,0.357,0.357,0.166,0.167,0,0,0,0.833,0.133,24.166666667,24.166666667
0.722,0.732,0.233,0.446,0.446,0.913,1,0,0,0,0,0.39,24.166666667,24.166666667
0.667,0.746,0.381,0.648,0.648,0.729,0.05,0.302,0.417,0,0,0.225,24.166666667,24.166666667
0.514,0.699,0.371,0.566,0.566,0,0,0.7,0.517,0.483,0,0.155,24.166666667,24.166666667
0.569,0.673,0.398,0.569,0.569,0,0,0,0,0.217,0,0.0866,24.166666667,24.166666667
0.778,0.637,0.258,0.38,0.38,0,0,0,0,0,0,0.43,24.166666667,24.166666667
0.903,0.603,0.0634,0.124,0.124,0,0,0,0,0,0,0.502,24.166666667,24.166666667
1,0.598,0.0294,0.0774,0.0774,0,0,0,0,0,0,0,24.166666667,24.166666667
1,0.598,0.0199,0.0633,0.0633,0,0,0,0,0,0,0.2,24.166666667,24.166666667
1,0.599,0.0163,0.0581,0.0581,0,0,0,0,0,0,0,17.777777778,23.888888889
1,0.599,0.0161,0.0577,0.0577,0,0,0,0,0,0,0,17.777777778,23.888888889
0.847,0.599,0.0161,0.0577,0.0577,0,0,0,0,0,0,0,17.777777778,23.888888889
0.833,0.598,0.0188,0.0724,0.0724,0,0,0,0,0,0,0.293,17.777777778,23.888888889
0.833,0.609,0.0322,0.183,0.183,0,0,0,0,0,0.417,0.17,17.777777778,23.888888889
0.542,0.624,0.0381,0.208,0.208,0,0,0,0,0,0.333,0.277,17.777777778,23.888888889
0.222,0.618,0.0328,0.149,0.149,0,0,0,0,0,0,0.202,17.777777778,23.888888889
0.0833,0.607,0.0241,0.0941,0.0941,0,0,0,0,0,0,0.0333,17.777777778,23.888888889
0.167,0.614,0.0348,0.128,0.128,0,0,0,0,0,0,0.0665,17.777777778,23.888888889
0.0833,0.607,0.0265,0.0915,0.0915,0,0,0,0,0,0,0.0665,24.166666667,24.166666667
0.167,0.614,0.0385,0.122,0.122,0,0,0,0,0,0,0.2,24.166666667,24.166666667
0.167,0.614,0.0416,0.122,0.122,0,0,0,0,0,0,0.166,24.166666667,24.166666667
0.319,0.629,0.0686,0.18,0.18,0,0,0,0,0,0,0.256,24.166666667,24.166666667
0.333,0.64,0.0778,0.189,0.189,0,0,0,0,0,0.167,0.133,24.166666667,24.166666667
0.333,0.656,0.0936,0.2,0.2,0,0,0,0,0,0.583,0.166,24.166666667,24.166666667
0.431,0.694,0.141,0.285,0.285,0,0,0,0,0,0,0.0665,24.166666667,24.166666667
0.556,0.732,0.233,0.446,0.446,0,0,0,0,0,0,0.133,24.166666667,24.166666667
0.569,0.727,0.333,0.572,0.572,0,0,0,0,0,0,0.0998,24.166666667,24.166666667
0.667,0.728,0.479,0.718,0.718,0.817,0.917,0,0,0,0,0.0665,24.166666667,24.166666667
0.667,0.672,0.39,0.558,0.558,0.329,0.233,0,0,0,0,0.0333,24.166666667,24.166666667
0.764,0.629,0.21,0.316,0.316,0.68,1,0,0,0,0,0.0768,24.166666667,24.166666667
1,0.606,0.103,0.18,0.18,0,0.05,0,0,0,0,0.0247,24.166666667,24.166666667
1,0.598,0.0342,0.0846,0.0846,0.758,0.917,0,0,0,0,0.113,24.166666667,24.166666667
1,0.598,0.0199,0.0633,0.0633,0.77,0.55,0,0,0,0,0,24.166666667,24.166666667
1,0.599,0.0163,0.0581,0.0581,0.197,0,0,0,0,0,0,17.777777778,23.888888889
1,0.599,0.0161,0.0577,0.0577,0,0,0,0,0,0,0,17.777777778,23.888888889
1,0.599,0.0161,0.0577,0.0577,0,0,0,0,0,0,0,17.777777778,23.888888889
1,0.599,0.0166,0.0606,0.0606,0,0,0,0,0,0,0.14,17.777777778,23.888888889
1,0.615,0.0418,0.259,0.259,0,0,0,0,0,0,0.582,17.777777778,23.888888889
0.861,0.648,0.0581,0.344,0.344,0,0,0,0,0,0,0.409,17.777777778,23.888888889
0.597,0.638,0.0504,0.247,0.247,0,0,0,0,0,0,0.405,17.777777778,23.888888889
0.347,0.63,0.0487,0.203,0.203,0,0,0,0,0,0,0.461,17.777777778,23.888888889
0.333,0.63,0.0534,0.199,0.199,0,0,0,0,0,0,0.462,17.777777778,23.888888889
0.0278,0.601,0.0192,0.0694,0.0694,0,0,0,0,0,0,0,24.166666667,24.166666667
0,0.599,0.0161,0.0577,0.0577,0,0,0,0,0,0,0,24.166666667,24.166666667
0,0.599,0.0161,0.0577,0.0577,0,0,0,0,0,0,0,24.166666667,24.166666667
0.153,0.613,0.0413,0.116,0.116,0,0,0,0,0,0,0.233,24.166666667,24.166666667
0.167,0.619,0.0469,0.123,0.123,0,0,0,0,0,0,0.2,24.166666667,24.166666667
0.319,0.654,0.091,0.195,0.195,0,0,0,0,0,0,0.372,24.166666667,24.166666667
0.333,0.672,0.113,0.233,0.233,0,0,0,0,0,0,0.489,24.166666667,24.166666667
0.361,0.685,0.158,0.312,0.312,0,0,0,0,0,0.167,0.133,24.166666667,24.166666667
0.653,0.746,0.381,0.648,0.648,0,0,0,0,0,0.333,0.0665,24.166666667,24.166666667
0.667,0.728,0.479,0.718,0.718,0,0,0,0,0,0,0,24.166666667,24.166666667
0.667,0.686,0.464,0.657,0.657,0,0,0,0,0,0,0.289,24.166666667,24.166666667
0.694,0.619,0.142,0.225,0.225,0,0,0,0,0,0,0.0855,24.166666667,24.166666667
0.833,0.603,0.0724,0.137,0.137,0,0,0,0,0,0,0.208,24.166666667,24.166666667
0.833,0.598,0.031,0.0742,0.0742,0,0,0,0,0,0,0,24.166666667,24.166666667
0.861,0.598,0.0232,0.0633,0.0633,0,0,0,0,0,0,0,24.166666667,24.166666667
1,0.598,0.0196,0.0581,0.0581,0,0,0,0,0,0,0.0333,17.777777778,23.888888889
1,0.598,0.0181,0.0577,0.0577,0,0,0,0,0,0,0,17.777777778,23.888888889
1,0.599,0.0183,0.0577,0.0577,0,0,0,0,0,0,0,17.777777778,23.888888889
1,0.598,0.0198,0.0739,0.0739,0,0,0,0,0,0,0.0998,17.777777778,23.888888889
0.875,0.606,0.0258,0.141,0.141,0,0,0,0,0,0.917,0.307,17.777777778,23.888888889
1,0.635,0.0504,0.268,0.268,0,0,0,0,0,0.0833,0.133,17.777777778,23.888888889
0.889,0.663,0.101,0.363,0.363,0,0,0,0,0,0.5,0.415,17.777777778,23.888888889
0.528,0.632,0.0767,0.215,0.215,0,0,0,0,0,0,0.258,17.777777778,23.888888889
0.5,0.636,0.0997,0.228,0.228,0,0,0,0,0,0,0.133,17.777777778,23.888888889
0.472,0.643,0.124,0.248,0.248,0,0,0,0,0,0,0,24.166666667,24.166666667
0.403,0.636,0.116,0.214,0.214,0,0,0,0,0,0,0.47,24.166666667,24.166666667
0.625,0.657,0.199,0.297,0.297,0,0,0,0,0,0,0.429,24.166666667,24.166666667
0.417,0.638,0.156,0.218,0.218,0.593,0.667,0.237,0.417,0,0,0.0333,24.166666667,24.166666667
0.417,0.65,0.172,0.221,0.221,0.157,0.55,0.518,0.767,0.233,0,0.0665,24.166666667,24.166666667
0.542,0.692,0.23,0.29,0.29,0,0,0.458,0,1,0,0.0998,24.166666667,24.166666667
0.653,0.743,0.282,0.402,0.402,0,0,0.335,0,0.183,0,0.0665,24.166666667,24.166666667
0.667,0.759,0.335,0.526,0.526,0,0,0.493,0,0,0,0.0665,24.166666667,24.166666667
0.667,0.75,0.435,0.658,0.658,0,0,0.321,0,0,0,0.266,24.166666667,24.166666667
0.667,0.728,0.514,0.718,0.718,0,0,0.358,0,0,0.667,0.218,24.166666667,24.166666667
0.667,0.686,0.484,0.657,0.657,0,0,0,0,0,0.0833,0.0354,24.166666667,24.166666667
0.778,0.633,0.255,0.35,0.35,0,0,0,0,0,0,0,24.166666667,24.166666667
0.833,0.606,0.122,0.187,0.187,0,0,0.0366,0.167,0,0,0.0721,24.166666667,24.166666667
0.833,0.598,0.0425,0.0878,0.0878,0,0,0.431,1,0,0,0,24.166666667,24.166666667
0.903,0.597,0.025,0.0653,0.0653,0,0,0.884,0.0167,0.983,0,0.15,24.166666667,24.166666667
1,0.598,0.0199,0.0585,0.0585,0,0,0.677,0,0.2,0,0.133,17.777777778,23.888888889
1,0.598,0.0181,0.0577,0.0577,0,0,0.37,0,0,0,0.266,17.777777778,23.888888889
1,0.599,0.0183,0.0577,0.0577,0,0,0,0,0,0,0,17.777777778,23.888888889
1,0.598,0.019,0.0651,0.0651,0,0,0,0,0,0,0.182,17.777777778,23.888888889
1,0.603,0.023,0.109,0.109,0,0,0,0,0,0,0.17,17.777777778,23.888888889
1,0.611,0.029,0.128,0.128,0,0,0,0,0,0.5,0.0468,17.777777778,23.888888889
1,0.632,0.062,0.217,0.217,0,0,0,0,0,0.5,0.0998,17.777777778,23.888888889
0.972,0.656,0.12,0.324,0.324,0,0,0,0,0,0,0.0665,17.777777778,23.888888889
0.681,0.645,0.119,0.269,0.269,0,0,0,0,0,0,0.433,17.777777778,23.888888889
0.75,0.653,0.15,0.293,0.293,0,0,0,0,0,0,0.188,24.166666667,24.166666667
0.625,0.641,0.13,0.236,0.236,0,0,0.253,0.667,0,0,0.21,24.166666667,24.166666667
0.583,0.638,0.138,0.218,0.218,0,0,0.722,0.267,0.467,0.167,0.0501,24.166666667,24.166666667
0.444,0.631,0.133,0.191,0.191,0,0,0,0,0,0.333,0.0998,24.166666667,24.166666667
0.361,0.643,0.152,0.2,0.2,0,0,0,0,0,0,0.2,24.166666667,24.166666667
0.5,0.684,0.213,0.272,0.272,0,0,0,0,0,0,0.166,24.166666667,24.166666667
0.5,0.709,0.221,0.32,0.32,0,0,0,0,0,0,0.166,24.166666667,24.166666667
0.5,0.719,0.256,0.409,0.409,0,0,0,0,0,0,0.166,24.166666667,24.166666667
0.569,0.727,0.375,0.572,0.572,0,0,0,0,0,0,0,24.166666667,24.166666667
0.694,0.734,0.535,0.746,0.746,0,0,0,0,0,0,0.114,24.166666667,24.166666667
0.833,0.705,0.582,0.782,0.782,0,0,0,0,0,0,0.092,24.166666667,24.166666667
0.986,0.642,0.321,0.431,0.431,0,0,0,0,0,0,0.184,24.166666667,24.166666667
1,0.605,0.0994,0.158,0.158,0,0,0,0,0,0,0.182,24.166666667,24.166666667
1,0.597,0.039,0.0906,0.0906,0,0,0,0,0,0,0,24.166666667,24.166666667
1,0.599,0.0177,0.0601,0.0601,0,0,0,0,0,0,0,24.166666667,24.166666667
1,0.599,0.0161,0.0577,0.0577,0,0,0,0,0,0,0,17.777777778,23.888888889
1,0.599,0.0161,0.0577,0.0577,0,0,0,0,0,0,0,17.777777778,23.888888889
0.972,0.598,0.0168,0.0582,0.0582,0,0,0,0,0,0,0.133,17.777777778,23.888888889
0.833,0.599,0.0161,0.0577,0.0577,0,0,0,0,0,0,0,17.777777778,23.888888889
0.764,0.605,0.0259,0.135,0.135,0,0,0,0,0,0,0.285,17.777777778,23.888888889
0.667,0.623,0.0361,0.193,0.193,0,0,0,0,0,0,0.203,17.777777778,23.888888889
0.292,0.609,0.0246,0.106,0.106,0,0,0,0,0,0,0.0665,17.777777778,23.888888889
0.278,0.609,0.0271,0.106,0.106,0,0,0,0,0,0,0.0333,17.777777778,23.888888889
0.333,0.614,0.0348,0.128,0.128,0,0,0,0,0,0,0.0998,17.777777778,23.888888889
0.333,0.614,0.0371,0.125,0.125,0,0,0,0,0,0.167,0.133,24.166666667,24.166666667
0.333,0.614,0.0385,0.122,0.122,0,0,0,0,0,0.0833,0.133,24.166666667,24.166666667
0.333,0.614,0.0416,0.122,0.122,0,0,0,0,0,0,0.366,24.166666667,24.166666667
0.417,0.636,0.0824,0.212,0.212,0,0,0,0,0,0,0.329,24.166666667,24.166666667
0.472,0.657,0.104,0.243,0.243,0,0,0,0,0,0,0.415,24.166666667,24.166666667
0.819,0.74,0.207,0.409,0.409,0,0,0,0,0,0.917,0.181,24.166666667,24.166666667
0.764,0.767,0.237,0.458,0.458,0.53,0.917,0,0,0,0.333,0.322,24.166666667,24.166666667
0.514,0.722,0.217,0.416,0.416,0,0.0667,0,0,0,0,0.531,24.166666667,24.166666667
0.681,0.752,0.396,0.674,0.674,0,0,0,0,0,0.917,0.133,24.166666667,24.166666667
0.681,0.732,0.487,0.731,0.731,0,0,0,0,0,0.333,0.127,24.166666667,24.166666667
0.667,0.678,0.417,0.595,0.595,0,0,0,0,0,0,0.15,24.166666667,24.166666667
0.667,0.641,0.287,0.419,0.419,0,0,0,0,0,0,0.588,24.166666667,24.166666667
0.667,0.606,0.102,0.178,0.178,0,0,0,0,0,0,0.125,24.166666667,24.166666667
0.667,0.598,0.0294,0.0774,0.0774,0,0,0,0,0,0,0.0254,24.166666667,24.166666667
0.667,0.598,0.0185,0.0613,0.0613,0,0,0,0,0,0,0,24.166666667,24.166666667
0.819,0.599,0.0161,0.0577,0.0577,0,0,0,0,0,0,0,17.777777778,23.888888889
0.833,0.599,0.0161,0.0577,0.0577,0,0,0,0,0,0,0,17.777777778,23.888888889
0.833,0.598,0.0166,0.0581,0.0581,0,0,0,0,0,0,0.147,17.777777778,23.888888889
0.764,0.597,0.0209,0.0828,0.0828,0,0,0,0,0,0,0.196,17.777777778,23.888888889
0.667,0.603,0.0227,0.109,0.109,0,0,0,0,0,0,0.197,17.777777778,23.888888889
0.667,0.623,0.0361,0.193,0.193,0,0,0,0,0,0,0.0333,17.777777778,23.888888889
0.444,0.637,0.0495,0.241,0.241,0,0,0,0,0,0,0.363,17.777777778,23.888888889
0.333,0.63,0.0487,0.203,0.203,0,0,0,0,0,0,0.175,17.777777778,23.888888889
0.444,0.64,0.066,0.246,0.246,0,0,0,0,0,0,0.287,17.777777778,23.888888889
0.417,0.638,0.0685,0.226,0.226,0,0,0,0,0,0,0.194,24.166666667,24.166666667
0.472,0.643,0.0796,0.241,0.241,0,0,0,0,0,0,0.0779,24.166666667,24.166666667
0.333,0.63,0.0672,0.186,0.186,0,0,0,0,0,0,0.2,24.166666667,24.166666667
0.333,0.63,0.0708,0.186,0.186,0,0,0,0,0,0.417,0.233,24.166666667,24.166666667
0.264,0.631,0.0648,0.161,0.161,0,0,0,0,0,0.333,0.166,24.166666667,24.166666667
0.167,0.627,0.0548,0.129,0.129,0,0,0,0,0,0,0.0998,24.166666667,24.166666667
0.194,0.642,0.0725,0.16,0.16,0.136,0.167,0,0,0,0,0.421,24.166666667,24.166666667
0.611,0.746,0.259,0.491,0.491,0.696,0.317,0,0,0,0,0.0665,24.166666667,24.166666667
0.847,0.791,0.484,0.819,0.819,0.749,0.167,0,0,0,0.667,0.283,24.166666667,24.166666667
0.833,0.761,0.595,0.883,0.883,0.467,1,0,0,0,0.333,0.0333,24.166666667,24.166666667
0.833,0.689,0.474,0.671,0.671,0,0.05,0,0,0,0,0.208,24.166666667,24.166666667
0.833,0.621,0.153,0.24,0.24,0,0,0,0,0,0,0.0657,24.166666667,24.166666667
0.833,0.599,0.0161,0.0577,0.0577,0,0,0,0,0,0,0,24.166666667,24.166666667
0.833,0.599,0.0161,0.0577,0.0577,0,0,0,0,0,0,0,24.166666667,24.166666667
0.903,0.599,0.0161,0.0577,0.0577,0,0,0,0,0,0,0,24.166666667,24.166666667
1,0.599,0.0161,0.0577,0.0577,0,0,0,0,0,0,0,17.777777778,23.888888889
1,0.599,0.0161,0.0577,0.0577,0,0,0,0,0,0,0,17.777777778,23.888888889
1,0.599,0.0162,0.0578,0.0578,0,0,0,0,0,0,0.16,17.777777778,23.888888889
0.847,0.597,0.0236,0.0975,0.0975,0,0,0,0,0,0.917,0.495,17.777777778,23.888888889
0.806,0.616,0.0441,0.275,0.275,0,0,0,0,0,0.333,0.422,17.777777778,23.888888889
0.639,0.645,0.0554,0.326,0.326,0,0,0,0,0,0,0.372,17.777777778,23.888888889
0.5,0.645,0.056,0.277,0.277,0,0,0,0,0,0.667,0.727,17.777777778,23.888888889
0.403,0.636,0.0553,0.234,0.234,0,0,0,0,0,1,0.396,17.777777778,23.888888889
0.278,0.625,0.0473,0.175,0.175,0,0,0,0,0,0.333,0.621,17.777777778,23.888888889
0.264,0.623,0.0493,0.164,0.164,0,0,0,0,0,0,0.217,24.166666667,24.166666667
0.167,0.614,0.0385,0.122,0.122,0,0,0,0,0,0,0.0998,24.166666667,24.166666667
0.25,0.612,0.0373,0.111,0.111,0,0,0,0,0,0,0.0333,24.166666667,24.166666667
0.556,0.649,0.105,0.266,0.266,0,0,0,0,0,0,0.2,24.166666667,24.166666667
0.264,0.631,0.0645,0.161,0.161,0,0,0,0,0,0,0.266,24.166666667,24.166666667
0.333,0.656,0.0936,0.2,0.2,0,0,0,0,0,0,0.0665,24.166666667,24.166666667
0.556,0.722,0.178,0.351,0.351,0,0,0,0,0,0.25,0.399,24.166666667,24.166666667
0.667,0.759,0.278,0.526,0.526,0.599,0.483,0,0,0,0,0.133,24.166666667,24.166666667
0.667,0.75,0.386,0.658,0.658,0.544,0,0,0,0,0,0.214,24.166666667,24.166666667
0.667,0.728,0.479,0.718,0.718,0,0,0,0,0,0,0.153,24.166666667,24.166666667
0.514,0.65,0.269,0.397,0.397,0,0,0,0,0,0,0,24.166666667,24.166666667
0.611,0.61,0.0861,0.151,0.151,0,0,0,0,0,0,0.0849,24.166666667,24.166666667
0.667,0.601,0.0465,0.101,0.101,0,0,0,0,0,0,0.0998,24.166666667,24.166666667
0.972,0.598,0.0231,0.0681,0.0681,0,0,0,0,0,0,0,24.166666667,24.166666667
1,0.598,0.0177,0.0601,0.0601,0,0,0,0,0,0,0.0819,24.166666667,24.166666667
1,0.599,0.0161,0.0577,0.0577,0,0,0,0,0,0,0,17.777777778,23.888888889
1,0.599,0.0161,0.0577,0.0577,0,0,0,0,0,0,0,17.777777778,23.888888889
1,0.599,0.0161,0.0577,0.0577,0,0,0,0,0,0,0,17.777777778,23.888888889
1,0.598,0.019,0.0748,0.0748,0,0,0,0,0,0,0.274,17.777777778,23.888888889
0.972,0.604,0.0243,0.126,0.126,0,0,0,0,0,0,0.245,17.777777778,23.888888889
0.694,0.628,0.0411,0.236,0.236,0,0,0,0,0,0.917,0.47,17.777777778,23.888888889
0.5,0.629,0.0425,0.213,0.213,0,0,0,0,0,1,0.352,17.777777778,23.888888889
0.347,0.615,0.0333,0.143,0.143,0,0,0,0,0,0,0.0665,17.777777778,23.888888889
0.333,0.628,0.0517,0.205,0.205,0,0,0,0,0,0,0.2,17.777777778,23.888888889
0.333,0.629,0.0577,0.204,0.204,0,0,0,0,0,0,0.133,24.166666667,24.166666667
0.333,0.629,0.0605,0.199,0.199,0,0,0,0,0,0,0.233,24.166666667,24.166666667
0.222,0.619,0.0497,0.151,0.151,0,0,0,0,0,0,0.0333,24.166666667,24.166666667
0.167,0.614,0.0432,0.13,0.13,0.732,0.517,0,0,0,0,0.0998,24.166666667,24.166666667
0.264,0.631,0.0647,0.188,0.188,0.329,0,0,0,0,0,0.2,24.166666667,24.166666667
0.431,0.671,0.115,0.329,0.329,0,0,0,0,0,0,0.233,24.166666667,24.166666667
0.625,0.736,0.197,0.592,0.592,0.416,0.667,0.0636,0.167,0,0.917,0.198,24.166666667,24.166666667
0.681,0.76,0.28,0.753,0.753,0.749,0.65,0.63,1,0,0.717,0.2,24.166666667,24.166666667
0.667,0.748,0.383,0.74,0.74,0.476,0.417,0.359,0,0.25,0,0.166,24.166666667,24.166666667
0.667,0.727,0.476,0.62,0.62,0.183,0.9,0.463,0,0,0,0.233,24.166666667,24.166666667
0.667,0.663,0.34,0.367,0.367,0,0,0.321,0,0,0,0,24.166666667,24.166666667
0.889,0.631,0.232,0.337,0.337,0.884,0.517,0.569,0,0,0,0.213,24.166666667,24.166666667
1,0.604,0.0819,0.151,0.151,0,0,0.55,0,0,0,0,24.166666667,24.166666667
1,0.597,0.038,0.0906,0.0906,0,0,0.498,0,0,0,0,24.166666667,24.166666667
1,0.597,0.0214,0.0657,0.0657,0,0,0.502,0,0,0,0,24.166666667,24.166666667
1,0.598,0.0166,0.0581,0.0581,0,0,0.738,0,0,0,0.0333,17.777777778,23.888888889
1,0.598,0.0159,0.0577,0.0577,0,0,0.258,0,0,0,0.133,17.777777778,23.888888889
0.847,0.599,0.0161,0.0577,0.0577,0,0,0,0,0,0,0,17.777777778,23.888888889
0.764,0.597,0.0207,0.0842,0.0842,0,0,0,0,0,0,0.487,17.777777778,23.888888889
0.583,0.604,0.0255,0.135,0.135,0,0,0,0,0,0.667,0.368,17.777777778,23.888888889
0.375,0.623,0.0373,0.21,0.21,0,0,0,0,0,0.417,0.277,17.777777778,23.888888889
0.167,0.614,0.0293,0.136,0.136,0,0,0,0,0,0,0.433,17.777777778,23.888888889
0.0556,0.604,0.0213,0.084,0.084,0,0,0,0,0,0,0,17.777777778,23.888888889
0,0.599,0.0161,0.0577,0.0577,0,0,0,0,0,0,0,17.777777778,23.888888889
0,0.599,0.0161,0.0577,0.0577,0,0,0,0,0,0,0,24.166666667,24.166666667
0.139,0.611,0.0347,0.117,0.117,0,0,0,0,0,0,0.0998,24.166666667,24.166666667
0.333,0.627,0.0625,0.186,0.186,0,0,0,0,0,0,0.333,24.166666667,24.166666667
0.333,0.614,0.0432,0.13,0.13,0,0,0,0,0,0,0.133,24.166666667,24.166666667
0.514,0.641,0.0801,0.23,0.23,0,0,0,0,0,0,0.265,24.166666667,24.166666667
0.514,0.683,0.131,0.373,0.373,0,0,0.278,0.417,0,0,0.2,24.166666667,24.166666667
0.5,0.708,0.16,0.481,0.481,0,0,0.246,0.517,0.25,0,0.0333,24.166666667,24.166666667
0.653,0.754,0.272,0.729,0.729,0,0,0.312,0,0,0,0.0333,24.166666667,24.166666667
0.819,0.782,0.469,0.896,0.896,0,0,0,0,0,0.267,0.461,24.166666667,24.166666667
0.833,0.759,0.59,0.761,0.761,0,0,0,0,0,0,0.116,24.166666667,24.166666667
0.833,0.698,0.525,0.541,0.541,0,0,0,0,0,0,0.0834,24.166666667,24.166666667
0.833,0.632,0.234,0.332,0.332,0,0,0,0,0,0,0.259,24.166666667,24.166666667
0.833,0.602,0.0527,0.109,0.109,0,0,0,0,0,0,0,24.166666667,24.166666667
0.833,0.599,0.0182,0.0577,0.0577,0,0,0,0,0,0,0,24.166666667,24.166666667
0.986,0.599,0.0184,0.0577,0.0577,0,0,0,0,0,0,0,24.166666667,24.166666667
1,0.599,0.0184,0.0577,0.0577,0,0,0,0,0,0,0,17.777777778,23.888888889
1,0.598,0.018,0.0577,0.0577,0,0,0,0,0,0,0.133,17.777777778,23.888888889
1,0.598,0.0188,0.0585,0.0585,0,0,0,0,0,0,0.474,17.777777778,23.888888889
0.931,0.598,0.0198,0.0749,0.0749,0,0,0,0,0,0,0.321,17.777777778,23.888888889
0.833,0.603,0.0229,0.111,0.111,0,0,0,0,0,0,0.212,17.777777778,23.888888889
0.833,0.639,0.0548,0.305,0.305,0,0,0,0,0,0.817,0.445,17.777777778,23.888888889
0.833,0.644,0.077,0.291,0.291,0,0,0,0,0,0,0.291,17.777777778,23.888888889
0.833,0.651,0.112,0.328,0.328,0,0,0,0,0,0,0.553,17.777777778,23.888888889
0.694,0.647,0.123,0.301,0.301,0,0,0,0,0,0,0.507,17.777777778,23.888888889
0.389,0.625,0.0832,0.186,0.186,0,0,0,0,0,0.417,0.0665,24.166666667,24.166666667
0.486,0.643,0.136,0.264,0.264,0.34,0.417,0,0,0,0.667,0.0998,24.166666667,24.166666667
0.347,0.63,0.117,0.203,0.203,0.186,0.1,0,0,0,0,0.0665,24.166666667,24.166666667
0.361,0.632,0.137,0.213,0.213,0,0,0,0,0,0,0.133,24.166666667,24.166666667
0.569,0.668,0.227,0.338,0.338,0,0,0.548,0.667,0,0,0.0998,24.166666667,24.166666667
0.667,0.692,0.233,0.407,0.407,0,0,0.695,0.267,0.733,0,0.0333,24.166666667,24.166666667
0.667,0.708,0.219,0.481,0.481,0,0,0.755,0,0.0333,0,0.2,24.166666667,24.166666667
0.597,0.701,0.221,0.498,0.498,0,0,0,0,0,0,0.0333,24.166666667,24.166666667
0.5,0.673,0.225,0.399,0.399,0,0,0,0,0,0.167,0.0333,24.166666667,24.166666667
0.556,0.673,0.306,0.385,0.385,0,0,0,0,0,0.65,0.0333,24.166666667,24.166666667
0.903,0.685,0.481,0.478,0.478,0,0,0,0,0,0,0.0333,24.166666667,24.166666667
1,0.635,0.27,0.354,0.354,0,0,0,0,0,0,0.166,24.166666667,24.166666667
1,0.605,0.108,0.17,0.17,0.608,0.517,0,0,0,0,0,24.166666667,24.166666667
1,0.598,0.034,0.0774,0.0774,0.606,0,0,0,0,0,0.0333,24.166666667,24.166666667
1,0.598,0.0231,0.0633,0.0633,0,0,0,0,0,0,0.328,24.166666667,24.166666667
1,0.599,0.0187,0.0581,0.0581,0,0,0,0,0,0,0,17.777777778,23.888888889
1,0.599,0.0184,0.0577,0.0577,0,0,0,0,0,0,0,17.777777778,23.888888889
1,0.599,0.0184,0.0577,0.0577,0,0,0,0,0,0,0,17.777777778,23.888888889
1,0.599,0.0184,0.0577,0.0577,0,0,0,0,0,0,0,17.777777778,23.888888889
1,0.602,0.0224,0.105,0.105,0,0,0,0,0,0,0.202,17.777777778,23.888888889
1,0.634,0.0497,0.272,0.272,0,0,0,0,0,0.533,0.329,17.777777778,23.888888889
1,0.657,0.0956,0.363,0.363,0,0,0,0,0,0,0.382,17.777777778,23.888888889
0.931,0.673,0.153,0.446,0.446,0,0,0,0,0,0,0.0679,17.777777778,23.888888889
0.681,0.661,0.154,0.371,0.371,0,0,0,0,0,0,0.286,17.777777778,23.888888889
0.514,0.646,0.132,0.284,0.284,0,0,0,0,0,0,0.269,24.166666667,24.166666667
0.583,0.652,0.159,0.305,0.305,0,0,0,0,0,0,0.389,24.166666667,24.166666667
0.431,0.638,0.141,0.238,0.238,0,0,0,0,0,0,0.266,24.166666667,24.166666667
0.486,0.633,0.142,0.219,0.219,0,0,0,0,0,0,0.233,24.166666667,24.166666667
0.611,0.667,0.222,0.332,0.332,0.759,0.667,0.0318,0.167,0,0,0.133,24.166666667,24.166666667
0.514,0.685,0.217,0.38,0.38,0,0.65,0.866,0.767,0.233,0,0.2,24.166666667,24.166666667
0.5,0.708,0.219,0.481,0.481,0,0,0.531,0,1,0,0.0998,24.166666667,24.166666667
0.611,0.727,0.274,0.613,0.613,0,0,0.687,0,0.05,0,0.0665,24.166666667,24.166666667
0.764,0.732,0.39,0.668,0.668,0,0,0.219,0,0,0,0.309,24.166666667,24.166666667
0.972,0.748,0.592,0.715,0.715,0,0,0,0,0,0,0.11,24.166666667,24.166666667
0.833,0.672,0.413,0.416,0.416,0,0,0.0223,0.167,0,0,0.117,24.166666667,24.166666667
0.833,0.631,0.241,0.318,0.318,0,0,0,1,0,0,0.234,24.166666667,24.166666667
0.833,0.602,0.0585,0.108,0.108,0,0,0,0,1,0,0.0976,24.166666667,24.166666667
0.986,0.597,0.0362,0.0874,0.0874,0,0,0,0,0.283,0,0,24.166666667,24.166666667
1,0.598,0.0201,0.0637,0.0637,0,0,0,0,0,0,0.0665,24.166666667,24.166666667
1,0.599,0.0161,0.0577,0.0577,0,0,0,0,0,0,0,17.777777778,23.888888889
1,0.599,0.0161,0.0577,0.0577,0,0,0,0,0,0,0,17.777777778,23.888888889
1,0.598,0.0167,0.0583,0.0583,0,0,0,0,0,0,0.222,17.777777778,23.888888889
1,0.598,0.0191,0.0749,0.0749,0,0,0,0,0,0,0.16,17.777777778,23.888888889
0.847,0.608,0.0318,0.187,0.187,0,0,0,0,0,0,0.598,17.777777778,23.888888889
0.653,0.629,0.0422,0.246,0.246,0,0,0,0,0,0.667,0.309,17.777777778,23.888888889
0.5,0.629,0.0425,0.213,0.213,0,0,0.353,0.667,0,0.15,0.133,17.777777778,23.888888889
0.347,0.615,0.0333,0.143,0.143,0,0,0.175,0.267,0.733,0.417,0.266,17.777777778,23.888888889
0.333,0.614,0.0346,0.134,0.134,0,0,0,0,0.55,0.4,0.0333,17.777777778,23.888888889
0.333,0.62,0.0456,0.162,0.162,0,0,0,0,0,0,0.211,24.166666667,24.166666667
0.181,0.615,0.04,0.135,0.135,0,0,0,0,0,0.417,0.166,24.166666667,24.166666667
0.167,0.614,0.0414,0.128,0.128,0,0,0,0,0,1,0.233,24.166666667,24.166666667
0.25,0.622,0.0568,0.166,0.166,0,0,0,0,0,1,0.221,24.166666667,24.166666667
0.167,0.619,0.0466,0.14,0.14,0,0,0,0,0,0.317,0.266,24.166666667,24.166666667
0.194,0.632,0.061,0.181,0.181,0,0,0,0,0,0,0.0665,24.166666667,24.166666667
0.597,0.687,0.132,0.4,0.4,0,0,0,0,0,0.817,0,24.166666667,24.166666667
0.597,0.727,0.227,0.613,0.613,0,0,0,0,0,0,0.0998,24.166666667,24.166666667
0.653,0.745,0.378,0.725,0.725,0,0,0,0,0,0,0.467,24.166666667,24.166666667
0.667,0.701,0.378,0.505,0.505,0,0,0,0,0,0,0.111,24.166666667,24.166666667
0.667,0.647,0.266,0.293,0.293,0,0,0,0,0,0,0.247,24.166666667,24.166666667
0.778,0.626,0.199,0.294,0.294,0,0,0,0,0,0,0.14,24.166666667,24.166666667
0.903,0.604,0.0819,0.151,0.151,0,0,0,0,0,0,0,24.166666667,24.166666667
1,0.597,0.038,0.0906,0.0906,0,0,0,0,0,0,0.0333,24.166666667,24.166666667
1,0.599,0.0177,0.0601,0.0601,0,0,0,0,0,0,0,24.166666667,24.166666667
1,0.599,0.0161,0.0577,0.0577,0,0,0,0,0,0,0,17.777777778,23.888888889
1,0.599,0.0161,0.0577,0.0577,0,0,0,0,0,0,0,17.777777778,23.888888889
1,0.597,0.0178,0.0593,0.0593,0,0,0,0,0,0,0.322,17.777777778,23.888888889
0.819,0.598,0.0187,0.0719,0.0719,0,0,0,0,0,0,0.271,17.777777778,23.888888889
0.514,0.603,0.0224,0.11,0.11,0,0,0.886,0.917,0,0,0.133,17.777777778,23.888888889
0.389,0.602,0.0193,0.0811,0.0811,0,0,0.221,0.25,0.75,0,0,17.777777778,23.888888889
0.333,0.605,0.0217,0.0903,0.0903,0,0,0,0,0.8,0,0.0665,17.777777778,23.888888889
0.333,0.614,0.0322,0.137,0.137,0,0,0,0,0,0,0.133,17.777777778,23.888888889
0.444,0.624,0.0471,0.185,0.185,0,0,0,0,0,0,0.2,17.777777778,23.888888889
0.347,0.618,0.0419,0.15,0.15,0,0,0,0,0,0,0.114,24.166666667,24.166666667
0.333,0.629,0.0605,0.199,0.199,0,0,0,0,0,0.917,0.461,24.166666667,24.166666667
0.181,0.615,0.0433,0.133,0.133,0,0,0,0,0,0.45,0.248,24.166666667,24.166666667
0.194,0.614,0.0432,0.13,0.13,0,0,0,0,0,0,0.233,24.166666667,24.166666667
0.361,0.636,0.0724,0.209,0.209,0,0,0,0,0,0,0.166,24.166666667,24.166666667
0.361,0.659,0.0987,0.284,0.284,0,0,0,0,0,0,0.0998,24.166666667,24.166666667
0.431,0.694,0.141,0.427,0.427,0,0,0,0,0,0.417,0.0665,24.166666667,24.166666667
0.625,0.747,0.261,0.7,0.7,0,0,0,0,0,0.95,0.273,24.166666667,24.166666667
0.611,0.677,0.205,0.413,0.413,0,0,0,0,0,0,0.168,24.166666667,24.166666667
0.667,0.663,0.246,0.339,0.339,0,0,0,0,0,0,0.0647,24.166666667,24.166666667
0.667,0.609,0.0632,0.106,0.106,0,0,0,0,0,0,0.133,24.166666667,24.166666667
0.667,0.599,0.0161,0.0577,0.0577,0,0,0,0,0,0,0,24.166666667,24.166666667
0.667,0.599,0.0161,0.0577,0.0577,0,0,0,0,0,0,0,24.166666667,24.166666667
0.736,0.599,0.0161,0.0577,0.0577,0,0,0,0,0,0,0,24.166666667,24.166666667
0.833,0.599,0.0161,0.0577,0.0577,0,0,0,0,0,0,0,24.166666667,24.166666667
0.833,0.599,0.0161,0.0577,0.0577,0,0,0,0,0,0,0,17.777777778,23.888888889
0.833,0.598,0.0157,0.0577,0.0577,0,0,0,0,0,0,0.149,17.777777778,23.888888889
0.986,0.599,0.016,0.0577,0.0577,0,0,0,0,0,0,0,17.777777778,23.888888889
0.931,0.598,0.019,0.0748,0.0748,0,0,0,0,0,0,0.118,17.777777778,23.888888889
0.75,0.608,0.0312,0.182,0.182,0,0,0,0,0,0,0.342,17.777777778,23.888888889
0.333,0.611,0.0262,0.131,0.131,0,0,0.28,0.417,0,0,0.166,17.777777778,23.888888889
0.333,0.628,0.0416,0.207,0.207,0,0,0.421,0.517,0.483,0,0.2,17.777777778,23.888888889
0.333,0.629,0.0484,0.216,0.216,0,0,0.919,0,0.283,0,0.128,17.777777778,23.888888889
0.333,0.629,0.0531,0.211,0.211,0,0,0.504,0,0,0,0.278,17.777777778,23.888888889
0.181,0.615,0.0384,0.137,0.137,0,0,0.618,0,0,0,0.0665,24.166666667,24.166666667
0.167,0.614,0.0383,0.128,0.128,0,0,0.693,0,0,0,0.0998,24.166666667,24.166666667
0.167,0.614,0.0414,0.128,0.128,0,0,0.723,0,0,0,0.133,24.166666667,24.166666667
0.347,0.628,0.0682,0.196,0.196,0,0,0.514,0,0,0,0.233,24.166666667,24.166666667
0.347,0.62,0.0489,0.146,0.146,0,0,0.696,0,0,0,0.133,24.166666667,24.166666667
0.319,0.625,0.0512,0.154,0.154,0,0,0.114,0,0,0,0.0712,24.166666667,24.166666667
0.5,0.672,0.112,0.34,0.34,0,0,0,0,0,0.667,0.453,24.166666667,24.166666667
0.542,0.714,0.207,0.558,0.558,0,0,0,0,0,0.7,0.336,24.166666667,24.166666667
0.653,0.745,0.378,0.725,0.725,0,0,0,0,0,0,0.16,24.166666667,24.166666667
0.556,0.706,0.398,0.528,0.528,0,0,0,0,0,0,0.0665,24.166666667,24.166666667
0.569,0.655,0.303,0.33,0.33,0,0,0,0,0,0,0.0333,24.166666667,24.166666667
0.931,0.626,0.199,0.294,0.294,0,0,0,0,0,0,0,24.166666667,24.166666667
1,0.604,0.0819,0.151,0.151,0,0,0,0,0,0,0,24.166666667,24.166666667
1,0.598,0.0301,0.0786,0.0786,0,0,0,0,0,0,0,24.166666667,24.166666667
1,0.599,0.0161,0.0577,0.0577,0,0,0,0,0,0,0,24.166666667,24.166666667
1,0.599,0.0161,0.0577,0.0577,0,0,0,0,0,0,0,17.777777778,23.888888889
1,0.599,0.0161,0.0577,0.0577,0,0,0,0,0,0,0,17.777777778,23.888888889
1,0.598,0.0169,0.0585,0.0585,0,0,0,0,0,0,0.166,17.777777778,23.888888889
0.972,0.596,0.0229,0.0967,0.0967,0,0,0,0,0,0,0.295,17.777777778,23.888888889
0.833,0.606,0.0292,0.165,0.165,0,0,0,0,0,0,0.494,17.777777778,23.888888889
0.653,0.609,0.0251,0.123,0.123,0,0,0,0,0,0,0.307,17.777777778,23.888888889
0.5,0.611,0.0273,0.123,0.123,0,0,0.491,0.417,0,0,0.258,17.777777778,23.888888889
0.5,0.629,0.0484,0.216,0.216,0,0,0.445,0.517,0.483,0,0.242,17.777777778,23.888888889
0.5,0.629,0.0531,0.211,0.211,0,0,0.324,0,1,0,0.15,17.777777778,23.888888889
0.5,0.629,0.0577,0.204,0.204,0,0,0.679,0,0.0667,0,0.0665,24.166666667,24.166666667
0.194,0.615,0.04,0.135,0.135,0,0,0.153,0,0,0,0.0665,24.166666667,24.166666667
0.167,0.614,0.0414,0.128,0.128,0,0,0.496,0,0,0,0.2,24.166666667,24.166666667
0.167,0.614,0.0432,0.13,0.13,0,0,0.242,0,0,0,0.399,24.166666667,24.166666667
0.167,0.619,0.0466,0.14,0.14,0,0,0.658,0,0,0,0.0665,24.166666667,24.166666667
0.625,0.706,0.162,0.458,0.458,0,0,0.531,0,0,0,0.133,24.166666667,24.166666667
0.667,0.744,0.207,0.622,0.622,0,0,0.661,0,0,0,0.233,24.166666667,24.166666667
0.667,0.757,0.276,0.741,0.741,0,0,0.417,0,0,0.817,0,24.166666667,24.166666667
0.667,0.748,0.383,0.74,0.74,0,0,0.674,0,0,0,0,24.166666667,24.166666667
0.625,0.69,0.339,0.459,0.459,0,0,0.324,0,0,0,0.156,24.166666667,24.166666667
0.819,0.682,0.45,0.467,0.467,0,0,0,0,0,0,0.161,24.166666667,24.166666667
0.903,0.624,0.179,0.26,0.26,0,0,0,0,0,0,0.27,24.166666667,24.166666667
1,0.6,0.0215,0.065,0.065,0,0,0,0,0,0,0.102,24.166666667,24.166666667
1,0.599,0.0161,0.0577,0.0577,0,0,0,0,0,0,0,24.166666667,24.166666667
1,0.599,0.0161,0.0577,0.0577,0,0,0,0,0,0,0,24.166666667,24.166666667
1,0.599,0.0161,0.0577,0.0577,0,0,0,0,0,0,0,17.777777778,23.888888889
1,0.599,0.0161,0.0577,0.0577,0,0,0,0,0,0,0,17.777777778,23.888888889
1,0.599,0.0161,0.0577,0.0577,0,0,0,0,0,0,0,17.777777778,23.888888889
1,0.597,0.0204,0.0826,0.0826,0,0,0,0,0,0,0.183,17.777777778,23.888888889
0.972,0.612,0.0383,0.241,0.241,0,0,0,0,0,0,0.53,17.777777778,23.888888889
0.847,0.658,0.0673,0.424,0.424,0,0,0,0,0,0,0.558,17.777777778,23.888888889
0.333,0.628,0.042,0.213,0.213,0,0,0,0,0,0,0.174,17.777777778,23.888888889
0.167,0.614,0.0322,0.137,0.137,0,0,0,0,0,0,0.233,17.777777778,23.888888889
0.167,0.614,0.0346,0.134,0.134,0,0,0,0,0,0,0.2,17.777777778,23.888888889
0.0417,0.603,0.0211,0.0763,0.0763,0,0,0,0,0,0.167,0,24.166666667,24.166666667
0.167,0.614,0.0383,0.128,0.128,0,0,0,0,0,0.367,0.133,24.166666667,24.166666667
0.236,0.62,0.0521,0.157,0.157,0,0,0,0,0,0,0.166,24.166666667,24.166666667
0.333,0.629,0.0703,0.201,0.201,0,0,0,0,0,0,0.233,24.166666667,24.166666667
0.292,0.634,0.0695,0.201,0.201,0,0,0,0,0,0,0.0333,24.166666667,24.166666667
0.333,0.655,0.0929,0.268,0.268,0,0,0,0,0,0,0.233,24.166666667,24.166666667
0.472,0.702,0.152,0.46,0.46,0,0,0,0,0,0.817,0.194,24.166666667,24.166666667
0.625,0.747,0.259,0.698,0.698,0,0,0,0,0,0,0.299,24.166666667,24.166666667
0.778,0.773,0.446,0.853,0.853,0,0,0,0,0,0,0.299,24.166666667,24.166666667
0.792,0.751,0.561,0.727,0.727,0,0,0,0,0,0,0.133,24.166666667,24.166666667
0.722,0.684,0.451,0.473,0.473,0,0,0,0,0,0,0,24.166666667,24.166666667
0.694,0.623,0.175,0.258,0.258,0,0,0,0,0,0,0.117,24.166666667,24.166666667
0.986,0.605,0.102,0.18,0.18,0,0,0,0,0,0,0.107,24.166666667,24.166666667
1,0.597,0.0436,0.0906,0.0906,0,0,0,0,0,0,0,24.166666667,24.166666667
1,0.598,0.0224,0.0625,0.0625,0,0,0,0,0,0,0.146,24.166666667,24.166666667
1,0.599,0.0184,0.0577,0.0577,0,0,0,0,0,0,0,17.777777778,23.888888889
1,0.599,0.0184,0.0577,0.0577,0,0,0,0,0,0,0,17.777777778,23.888888889
0.778,0.598,0.0186,0.0581,0.0581,0,0,0,0,0,0,0.143,17.777777778,23.888888889
0.667,0.599,0.0184,0.0577,0.0577,0,0,0,0,0,0,0,17.777777778,23.888888889
0.667,0.604,0.0248,0.134,0.134,0,0,0,0,0,0.817,0.171,17.777777778,23.888888889
0.694,0.626,0.0432,0.229,0.229,0,0,0,0,0,0,0.448,17.777777778,23.888888889
0.833,0.658,0.0965,0.369,0.369,0,0,0,0,0,0,0.186,17.777777778,23.888888889
0.833,0.659,0.127,0.374,0.374,0,0,0,0,0,0,0.235,17.777777778,23.888888889
0.833,0.646,0.121,0.295,0.295,0,0,0,0,0,0,0.117,17.777777778,23.888888889
0.681,0.637,0.111,0.241,0.241,0,0,0,0,0,0.417,0.2,24.166666667,24.166666667
0.667,0.644,0.139,0.27,0.27,0,0,0,0,0,1,0.441,24.166666667,24.166666667
0.486,0.635,0.133,0.227,0.227,0,0,0,0,0,0.767,0.214,24.166666667,24.166666667
0.833,0.659,0.238,0.345,0.345,0,0,0,0,0,0,0.308,24.166666667,24.166666667
0.722,0.666,0.221,0.33,0.33,0,0,0,0,0,0,0.259,24.166666667,24.166666667
0.722,0.705,0.26,0.454,0.454,0,0,0,0,0,0,0.401,24.166666667,24.166666667
0.431,0.692,0.191,0.421,0.421,0,0,0,0,0,0,0.291,24.166666667,24.166666667
0.458,0.708,0.235,0.529,0.529,0.564,0.667,0,0,0,0,0.296,24.166666667,24.166666667
0.361,0.68,0.243,0.427,0.427,0.156,0.65,0,0,0,0,0.287,24.166666667,24.166666667
0.653,0.724,0.502,0.606,0.606,0,0,0,0,0,0.817,0.151,24.166666667,24.166666667
0.736,0.693,0.528,0.521,0.521,0,0,0,0,0,0,0.284,24.166666667,24.166666667
0.833,0.652,0.393,0.502,0.502,0,0,0,0,0,0,0.179,24.166666667,24.166666667
0.986,0.609,0.177,0.256,0.256,0,0,0,0,0,0,0.0976,24.166666667,24.166666667
1,0.597,0.0477,0.0947,0.0947,0,0,0,0,0,0,0.128,24.166666667,24.166666667
1,0.598,0.0231,0.0633,0.0633,0.213,0.167,0,0,0,0,0,24.166666667,24.166666667
1,0.598,0.0194,0.0581,0.0581,0.53,0.883,0,0,0,0,0.0333,17.777777778,23.888888889
1,0.599,0.0184,0.0577,0.0577,0,0,0,0,0,0,0,17.777777778,23.888888889
1,0.599,0.0184,0.0577,0.0577,0,0,0,0,0,0,0,17.777777778,23.888888889
1,0.599,0.0184,0.0577,0.0577,0,0,0,0,0,0,0,17.777777778,23.888888889
1,0.603,0.0228,0.11,0.11,0,0,0,0,0,0,0.299,17.777777778,23.888888889
1,0.611,0.0289,0.131,0.131,0,0,0,0,0,0,0.0333,17.777777778,23.888888889
1,0.634,0.065,0.24,0.24,0,0,0,0,0,0,0.19,17.777777778,23.888888889
0.847,0.63,0.0745,0.222,0.222,0,0,0,0,0,0,0.2,17.777777778,23.888888889
0.944,0.639,0.107,0.262,0.262,0.123,0.167,0,0,0,0,0,17.777777778,23.888888889
1,0.658,0.164,0.345,0.345,0.45,0.883,0,0,0,0,0.389,24.166666667,24.166666667
0.847,0.659,0.179,0.341,0.341,0,0,0.541,0.917,0,0,0.257,24.166666667,24.166666667
0.833,0.659,0.209,0.337,0.337,0,0,0.207,0.0167,0.25,0.667,0.286,24.166666667,24.166666667
0.833,0.666,0.261,0.375,0.375,0,0,0,0,0,0.417,0.344,24.166666667,24.166666667
0.681,0.681,0.267,0.392,0.392,0,0,0,0,0,0,0.2,24.166666667,24.166666667
0.597,0.699,0.249,0.434,0.434,0,0,0,0,0,0,0.081,24.166666667,24.166666667
0.611,0.733,0.264,0.577,0.577,0,0,0,0,0,0,0.314,24.166666667,24.166666667
0.667,0.757,0.332,0.741,0.741,0,0,0,0,0,0,0.161,24.166666667,24.166666667
0.667,0.748,0.432,0.74,0.74,0,0,0,0,0,0,0.266,24.166666667,24.166666667
0.667,0.727,0.51,0.62,0.62,0,0,0,0,0,0,0.217,24.166666667,24.166666667
0.667,0.666,0.375,0.385,0.385,0,0,0.207,0.167,0,0,0.155,24.166666667,24.166666667
0.667,0.631,0.243,0.324,0.324,0,0,0.523,0.767,0.233,0,0,24.166666667,24.166666667
0.819,0.605,0.116,0.18,0.18,0,0,0.382,0,1,0,0.264,24.166666667,24.166666667
0.833,0.598,0.0261,0.0714,0.0714,0,0,0.146,0,0.317,0,0,24.166666667,24.166666667
0.986,0.599,0.0161,0.0577,0.0577,0,0,0,0,0,0,0,24.166666667,24.166666667
1,0.599,0.0161,0.0577,0.0577,0,0,0,0,0,0,0,17.777777778,23.888888889
1,0.599,0.0161,0.0577,0.0577,0,0,0,0,0,0,0,17.777777778,23.888888889
1,0.597,0.0178,0.0593,0.0593,0,0,0,0,0,0.817,0.297,17.777777778,23.888888889
0.694,0.599,0.0162,0.0578,0.0578,0,0,0,0,0,0,0,17.777777778,23.888888889
0.667,0.602,0.0218,0.105,0.105,0,0,0,0,0,0.417,0.193,17.777777778,23.888888889
0.444,0.606,0.0225,0.104,0.104,0,0,0,0,0,1,0,17.777777778,23.888888889
0.333,0.599,0.0161,0.0577,0.0577,0,0,0,0,0,1,0,17.777777778,23.888888889
0.333,0.613,0.0311,0.13,0.13,0,0,0,0,0,1,0.429,17.777777778,23.888888889
0.333,0.614,0.0346,0.134,0.134,0,0,0,0,0,0.15,0.0998,17.777777778,23.888888889
0.333,0.614,0.0369,0.131,0.131,0,0,0,0,0,0,0.0998,24.166666667,24.166666667
0.486,0.628,0.0587,0.193,0.193,0,0,0,0,0,0,0.656,24.166666667,24.166666667
0.5,0.629,0.0668,0.198,0.198,0,0,0,0,0,0,0.326,24.166666667,24.166666667
0.472,0.64,0.0908,0.255,0.255,0,0,0,0,0,0,0.391,24.166666667,24.166666667
0.403,0.639,0.0772,0.222,0.222,0,0,0,0,0,0,0.0998,24.166666667,24.166666667
0.389,0.648,0.0831,0.241,0.241,0,0,0,0,0,0,0.0998,24.166666667,24.166666667
0.208,0.644,0.0753,0.232,0.232,0,0,0,0,0,0,0.0998,24.166666667,24.166666667
0.333,0.678,0.146,0.399,0.399,0,0,0,0,0,0,0.133,24.166666667,24.166666667
0.514,0.713,0.301,0.583,0.583,0,0,0,0,0,0,0.166,24.166666667,24.166666667
0.667,0.727,0.476,0.62,0.62,0,0,0,0,0,0,0.168,24.166666667,24.166666667
0.667,0.628,0.156,0.197,0.197,0,0,0,0,0,0,0.0333,24.166666667,24.166666667
0.722,0.604,0.0472,0.0954,0.0954,0,0,0,0,0,0,0.0906,24.166666667,24.166666667
1,0.601,0.0405,0.0917,0.0917,0,0,0,0,0,0,0.145,24.166666667,24.166666667
1,0.599,0.0161,0.0577,0.0577,0,0,0,0,0,0,0,24.166666667,24.166666667
1,0.599,0.0161,0.0577,0.0577,0,0,0,0,0,0,0,24.166666667,24.166666667
1,0.599,0.0161,0.0577,0.0577,0,0,0,0,0,0,0,17.777777778,23.888888889
1,0.599,0.0161,0.0577,0.0577,0,0,0,0,0,0,0,17.777777778,23.888888889
1,0.598,0.0169,0.0585,0.0585,0,0,0,0,0,0,0.0665,17.777777778,23.888888889
1,0.597,0.0205,0.0827,0.0827,0,0,0,0,0,0,0.288,17.777777778,23.888888889
1,0.611,0.0366,0.227,0.227,0,0,0,0,0,0,0.66,17.777777778,23.888888889
0.819,0.644,0.055,0.337,0.337,0,0,0,0,0,0,0.448,17.777777778,23.888888889
0.597,0.637,0.0501,0.259,0.259,0,0,0,0,0,0,0.189,17.777777778,23.888888889
0.5,0.629,0.0484,0.216,0.216,0,0,0.636,0.667,0,0,0.0665,17.777777778,23.888888889
0.5,0.635,0.0609,0.243,0.243,0,0,0.626,0.267,0.733,0,0.2,17.777777778,23.888888889
0.569,0.651,0.0873,0.308,0.308,0,0,0.68,0,0.0333,0,0.0858,24.166666667,24.166666667
0.667,0.659,0.105,0.341,0.341,0,0,0.39,0,0,0,0.347,24.166666667,24.166666667
0.486,0.643,0.0897,0.262,0.262,0,0,0.576,0,0,0,0.233,24.166666667,24.166666667
0.25,0.619,0.0521,0.153,0.153,0,0,0.348,0,0,0,0.266,24.166666667,24.166666667
0.361,0.622,0.0518,0.154,0.154,0,0,0.455,0,0,0,0.266,24.166666667,24.166666667
0.347,0.629,0.0571,0.17,0.17,0,0,0.353,0,0,0,0.166,24.166666667,24.166666667
0.333,0.635,0.0639,0.199,0.199,0,0,0.679,0,0,0,0.233,24.166666667,24.166666667
0.403,0.655,0.109,0.301,0.301,0,0,0.711,0,0,0,0.184,24.166666667,24.166666667
0.569,0.689,0.239,0.47,0.47,0,0,0.448,0,0,0,0.186,24.166666667,24.166666667
0.667,0.716,0.438,0.572,0.572,0.711,0.917,0.517,0,0,0,0.0665,24.166666667,24.166666667
0.889,0.7,0.543,0.555,0.555,0.154,0.4,0.774,0,0,0,0.4,24.166666667,24.166666667
0.958,0.623,0.173,0.252,0.252,0,0,0.65,0,0,0,0.221,24.166666667,24.166666667
1,0.602,0.0584,0.118,0.118,0,0,0.752,0,0,0,0,24.166666667,24.166666667
1,0.598,0.027,0.0742,0.0742,0,0,0.211,0,0,0,0.149,24.166666667,24.166666667
1,0.599,0.0169,0.0589,0.0589,0,0,0,0,0,0,0,24.166666667,24.166666667
1,0.599,0.0161,0.0577,0.0577,0,0,0,0,0,0,0,17.777777778,23.888888889
1,0.599,0.0161,0.0577,0.0577,0,0,0,0,0,0,0,17.777777778,23.888888889
0.847,0.599,0.0161,0.0577,0.0577,0,0,0,0,0,0,0,17.777777778,23.888888889
0.833,0.599,0.0161,0.0577,0.0577,0,0,0,0,0,0,0,17.777777778,23.888888889
0.833,0.602,0.0206,0.0956,0.0956,0,0,0,0,0,0,0.466,17.777777778,23.888888889
0.694,0.605,0.0219,0.0997,0.0997,0,0,0,0,0,0,0.0333,17.777777778,23.888888889
0.5,0.599,0.0161,0.0577,0.0577,0,0,0,0,0,0,0,17.777777778,23.888888889
0.431,0.627,0.0461,0.203,0.203,0,0,0,0,0,0,0.435,17.777777778,23.888888889
0.333,0.629,0.0531,0.211,0.211,0,0,0,0,0,0,0.343,17.777777778,23.888888889
0.181,0.615,0.0384,0.137,0.137,0,0,0,0,0,0,0.123,24.166666667,24.166666667
0.278,0.614,0.0383,0.128,0.128,0,0,0,0,0,0,0.133,24.166666667,24.166666667
0.333,0.628,0.0649,0.192,0.192,0,0,0,0,0,0,0.2,24.166666667,24.166666667
0.333,0.629,0.0703,0.201,0.201,0,0,0,0,0,0,0.233,24.166666667,24.166666667
0.292,0.634,0.0695,0.201,0.201,0,0,0,0,0,0,0.299,24.166666667,24.166666667
0.486,0.682,0.129,0.366,0.366,0,0,0.11,0.417,0,0,0.133,24.166666667,24.166666667
0.806,0.776,0.249,0.746,0.746,0,0,0.583,0.517,0.483,0,0.363,24.166666667,24.166666667
0.833,0.773,0.302,0.811,0.811,0.365,0.917,0,0,0.283,0,0.286,24.166666667,24.166666667
0.833,0.711,0.291,0.569,0.569,0,0.133,0,0,0,0,0.279,24.166666667,24.166666667
0.681,0.666,0.254,0.353,0.353,0,0,0,0,0,0,0.386,24.166666667,24.166666667
0.667,0.623,0.137,0.174,0.174,0,0,0,0,0,0,0.0333,24.166666667,24.166666667
0.931,0.607,0.0691,0.125,0.125,0,0,0.343,0.667,0,0,0.0998,24.166666667,24.166666667
1,0.601,0.0462,0.101,0.101,0,0,0.316,0.267,0.25,0,0,24.166666667,24.166666667
1,0.599,0.0183,0.0609,0.0609,0,0,0,0,0,0,0,24.166666667,24.166666667
1,0.599,0.0161,0.0577,0.0577,0,0,0,0,0,0,0,24.166666667,24.166666667
1,0.599,0.0161,0.0577,0.0577,0,0,0,0,0,0,0,17.777777778,23.888888889
1,0.599,0.0161,0.0577,0.0577,0,0,0,0,0,0,0,17.777777778,23.888888889
1,0.599,0.0161,0.0577,0.0577,0,0,0,0,0,0,0,17.777777778,23.888888889
1,0.598,0.019,0.0748,0.0748,0,0,0,0,0,0,0.405,17.777777778,23.888888889
0.778,0.605,0.0261,0.14,0.14,0,0,0,0,0,0,0.72,17.777777778,23.888888889
0.444,0.605,0.0219,0.0997,0.0997,0,0,0,0,0,0,0.0333,17.777777778,23.888888889
0.333,0.627,0.0407,0.201,0.201,0,0,0,0,0,0,0.414,17.777777778,23.888888889
0.333,0.615,0.0333,0.143,0.143,0,0,0,0,0,0,0.0998,17.777777778,23.888888889
0.264,0.608,0.0268,0.103,0.103,0,0,0,0,0,0,0.233,17.777777778,23.888888889
0.167,0.599,0.0161,0.0577,0.0577,0,0,0,0,0,0,0,24.166666667,24.166666667
0.167,0.599,0.0161,0.0577,0.0577,0,0,0,0,0,0,0,24.166666667,24.166666667
0.389,0.619,0.0502,0.151,0.151,0,0,0,0,0,0.417,0.227,24.166666667,24.166666667
0.431,0.623,0.059,0.171,0.171,0,0,0,0,0,0.667,0.266,24.166666667,24.166666667
0.403,0.628,0.0595,0.174,0.174,0,0,0,0,0,0,0.266,24.166666667,24.166666667
0.611,0.674,0.119,0.34,0.34,0,0,0,0,0,0,0.233,24.166666667,24.166666667
0.819,0.742,0.204,0.613,0.613,0,0,0,0,0,0,0.2,24.166666667,24.166666667
0.653,0.714,0.204,0.553,0.553,0.899,0.917,0,0,0,0,0.2,24.166666667,24.166666667
0.764,0.732,0.348,0.668,0.668,0.103,0.833,0,0,0,0,0,24.166666667,24.166666667
0.833,0.756,0.583,0.747,0.747,0.83,0.617,0,0,0,0.817,0.227,24.166666667,24.166666667
0.903,0.696,0.516,0.532,0.532,0,0,0,0,0,0,0.328,24.166666667,24.166666667
0.958,0.64,0.287,0.399,0.399,0,0,0,0,0,0.817,0,24.166666667,24.166666667
1,0.606,0.114,0.197,0.197,0,0,0,0,0,0,0.0333,24.166666667,24.166666667
1,0.597,0.0364,0.0882,0.0882,0,0,0,0,0,0,0.0665,24.166666667,24.166666667
1,0.598,0.0198,0.0633,0.0633,0,0,0,0,0,0,0.2,24.166666667,24.166666667
1,0.599,0.0163,0.0581,0.0581,0,0,0,0,0,0,0,17.777777778,23.888888889
1,0.599,0.0161,0.0577,0.0577,0,0,0,0,0,0,0,17.777777778,23.888888889
0.847,0.599,0.0161,0.0577,0.0577,0,0,0,0,0,0,0,17.777777778,23.888888889
0.833,0.597,0.022,0.092,0.092,0,0,0,0,0,0.917,0.342,17.777777778,23.888888889
0.681,0.61,0.0355,0.217,0.217,0,0,0.0556,0.417,0,0.167,0.343,17.777777778,23.888888889
0.597,0.634,0.0466,0.277,0.277,0,0,0.464,0.517,0.483,0,0.0604,17.777777778,23.888888889
0.347,0.63,0.0433,0.22,0.22,0,0,0.52,0,1,0,0.0665,17.777777778,23.888888889
0.333,0.629,0.0484,0.216,0.216,0,0,0.486,0,0.317,0,0.2,17.777777778,23.888888889
0.486,0.643,0.0702,0.281,0.281,0,0,0.658,0,0,0,0.133,17.777777778,23.888888889
0.347,0.63,0.0593,0.211,0.211,0,0,0.326,0,0,0,0.0333,24.166666667,24.166666667
0.292,0.622,0.0493,0.164,0.164,0,0,0.231,0,0,0,0.133,24.166666667,24.166666667
0.375,0.633,0.0732,0.215,0.215,0,0,0.555,0,0,0.667,0.166,24.166666667,24.166666667
0.222,0.611,0.0385,0.117,0.117,0,0,0,0,0,0.417,0.569,24.166666667,24.166666667
0.236,0.628,0.0595,0.174,0.174,0,0,0,0,0,0,0.157,24.166666667,24.166666667
0.486,0.682,0.129,0.366,0.366,0,0,0,0,0,0.417,0.233,24.166666667,24.166666667
0.5,0.708,0.16,0.481,0.481,0,0,0,0,0,1,0.184,24.166666667,24.166666667
0.347,0.681,0.15,0.411,0.411,0,0,0,0,0,0.767,0.214,24.166666667,24.166666667
0.486,0.707,0.286,0.555,0.555,0,0,0,0,0,0,0.277,24.166666667,24.166666667
0.569,0.708,0.409,0.537,0.537,0,0,0,0,0,0.917,0.225,24.166666667,24.166666667
0.667,0.685,0.46,0.478,0.478,0,0,0,0,0,1,0.0333,24.166666667,24.166666667
0.667,0.608,0.0693,0.114,0.114,0,0,0,0,0,0.817,0.0893,24.166666667,24.166666667
0.819,0.6,0.0408,0.0933,0.0933,0,0,0,0,0,0,0.0333,24.166666667,24.166666667
0.833,0.598,0.029,0.0718,0.0718,0,0,0,0,0,0,0,24.166666667,24.166666667
0.861,0.599,0.0191,0.0585,0.0585,0,0,0,0,0,0,0.0676,24.166666667,24.166666667
1,0.599,0.0187,0.0581,0.0581,0,0,0,0,0,0,0,17.777777778,23.888888889
1,0.599,0.0184,0.0577,0.0577,0,0,0,0,0,0,0,17.777777778,23.888888889
1,0.598,0.0186,0.0581,0.0581,0,0,0,0,0,0,0.215,17.777777778,23.888888889
0.889,0.598,0.0188,0.0624,0.0624,0,0,0,0,0,0,0.0333,17.777777778,23.888888889
0.833,0.601,0.0204,0.0814,0.0814,0,0,0,0,0,0,0.263,17.777777778,23.888888889
0.681,0.599,0.0188,0.0624,0.0624,0,0,0,0,0,0,0,17.777777778,23.888888889
0.514,0.613,0.037,0.129,0.129,0,0,0,0,0,0,0.189,17.777777778,23.888888889
0.5,0.628,0.0711,0.209,0.209,0,0,0,0,0,0.267,0.439,17.777777778,23.888888889
0.458,0.625,0.0765,0.192,0.192,0,0,0.234,0.167,0,0,0.356,17.777777778,23.888888889
0.222,0.618,0.0645,0.15,0.15,0,0,0.638,0.767,0.233,0,0.0665,24.166666667,24.166666667
0.486,0.643,0.136,0.264,0.264,0.675,0.917,0.548,0,1,0,0.166,24.166666667,24.166666667
0.5,0.644,0.161,0.267,0.267,0.559,0.4,0.566,0,0.05,0,0.333,24.166666667,24.166666667
0.5,0.644,0.183,0.273,0.273,0.812,0,0.534,0,0,0,0.0665,24.166666667,24.166666667
0.569,0.668,0.227,0.338,0.338,0,0,0.0366,0,0,0.167,0.211,24.166666667,24.166666667
0.667,0.692,0.233,0.407,0.407,0,0,0,0,0,0.367,0.2,24.166666667,24.166666667
0.667,0.708,0.219,0.481,0.481,0,0,0,0,0,0,0.0333,24.166666667,24.166666667
0.542,0.688,0.194,0.44,0.44,0,0,0,0,0,0,0.147,24.166666667,24.166666667
0.694,0.751,0.443,0.754,0.754,0,0,0,0,0,0.267,0.165,24.166666667,24.166666667
0.833,0.759,0.633,0.761,0.761,0,0,0,0,0,0,0.0333,24.166666667,24.166666667
0.833,0.706,0.596,0.583,0.583,0.763,0.917,0,0,0,0,0,24.166666667,24.166666667
0.764,0.646,0.351,0.45,0.45,0.62,0.4,0,0,0,0,0.206,24.166666667,24.166666667
0.667,0.605,0.121,0.186,0.186,0.476,0,0,0,0,0,0.32,24.166666667,24.166666667
0.931,0.599,0.0318,0.0746,0.0746,0,0,0,0,0,0,0.0496,24.166666667,24.166666667
1,0.599,0.0184,0.0577,0.0577,0,0,0,0,0,0,0,24.166666667,24.166666667
1,0.599,0.0184,0.0577,0.0577,0,0,0,0,0,0,0,17.777777778,23.888888889
1,0.599,0.0184,0.0577,0.0577,0,0,0,0,0,0,0,17.777777778,23.888888889
1,0.599,0.0184,0.0577,0.0577,0,0,0,0,0,0,0,17.777777778,23.888888889
1,0.599,0.0184,0.0577,0.0577,0,0,0,0,0,0,0,17.777777778,23.888888889
1,0.599,0.0184,0.0577,0.0577,0,0,0,0,0,0,0,17.777777778,23.888888889
1,0.599,0.0184,0.0577,0.0577,0,0,0,0,0,0,0,17.777777778,23.888888889
1,0.64,0.0742,0.273,0.273,0,0,0.277,0.417,0,0.917,0.3,17.777777778,23.888888889
0.847,0.63,0.0745,0.222,0.222,0,0,0.591,0.517,0.483,0.45,0.297,17.777777778,23.888888889
0.681,0.643,0.116,0.281,0.281,0,0,0.595,0,1,0.817,0.372,17.777777778,23.888888889
0.597,0.638,0.114,0.247,0.247,0,0,0,0,0.583,0,0.398,24.166666667,24.166666667
0.528,0.646,0.142,0.276,0.276,0,0,0,0,0,0.167,0.119,24.166666667,24.166666667
0.667,0.649,0.177,0.291,0.291,0,0,0,0,0,0.367,0.407,24.166666667,24.166666667
0.667,0.651,0.206,0.303,0.303,0,0,0,0,0,0,0.325,24.166666667,24.166666667
0.667,0.679,0.262,0.386,0.386,0,0,0,0,0,0,0.469,24.166666667,24.166666667
0.708,0.719,0.292,0.505,0.505,0,0,0,0,0,0,0.304,24.166666667,24.166666667
0.667,0.744,0.286,0.622,0.622,0.38,0.517,0,0,0,0,0.125,24.166666667,24.166666667
0.389,0.691,0.2,0.452,0.452,0,0,0,0,0,0,0.457,24.166666667,24.166666667
0.389,0.686,0.258,0.456,0.456,0,0,0,0,0,0,0.219,24.166666667,24.166666667
0.472,0.689,0.368,0.454,0.454,0,0,0,0,0,0.167,0.299,24.166666667,24.166666667
0.667,0.685,0.481,0.478,0.478,0,0,0,0,0,0.1,0.166,24.166666667,24.166666667
0.764,0.647,0.36,0.464,0.464,0,0,0,0,0,0,0.142,24.166666667,24.166666667
1,0.608,0.149,0.221,0.221,0,0,0,0,0,0,0.196,24.166666667,24.166666667
1,0.598,0.0309,0.0786,0.0786,0,0,0,0,0,0,0.0333,24.166666667,24.166666667
1,0.599,0.0161,0.0577,0.0577,0,0,0,0,0,0,0,24.166666667,24.166666667
1,0.599,0.0161,0.0577,0.0577,0,0,0,0,0,0,0,17.777777778,23.888888889
1,0.599,0.016,0.0577,0.0577,0,0,0,0,0,0,0.156,17.777777778,23.888888889
1,0.599,0.016,0.0577,0.0577,0,0,0,0,0,0,0.107,17.777777778,23.888888889
1,0.599,0.0166,0.0608,0.0608,0,0,0,0,0,0,0,17.777777778,23.888888889
0.75,0.608,0.0312,0.182,0.182,0,0,0,0,0,0,0.675,17.777777778,23.888888889
0.347,0.599,0.0166,0.0624,0.0624,0,0,0,0,0,0,0,17.777777778,23.888888889
0.333,0.619,0.034,0.162,0.162,0,0,0.148,0.167,0,0,0.304,17.777777778,23.888888889
0.333,0.629,0.0484,0.216,0.216,0,0,0.526,0.767,0.233,0,0.357,17.777777778,23.888888889
0.333,0.629,0.0531,0.211,0.211,0,0,0.377,0,1,0,0.41,17.777777778,23.888888889
0.181,0.615,0.0384,0.137,0.137,0,0,0.711,0,0.05,0,0,24.166666667,24.166666667
0.167,0.614,0.0383,0.128,0.128,0,0,0.219,0,0,0,0.0665,24.166666667,24.166666667
0.0139,0.6,0.0179,0.0636,0.0636,0,0,0,0,0,0,0,24.166666667,24.166666667
0.0972,0.608,0.032,0.0997,0.0997,0.344,0.417,0,0,0,0.167,0.133,24.166666667,24.166666667
0.333,0.639,0.0772,0.222,0.222,0.288,0.1,0,0,0,0.1,0.233,24.166666667,24.166666667
0.333,0.655,0.0929,0.268,0.268,0.618,0.917,0,0,0,0,0.233,24.166666667,24.166666667
0.472,0.702,0.152,0.46,0.46,0,0.667,0,0,0,0,0.166,24.166666667,24.166666667
0.667,0.757,0.276,0.741,0.741,0,0,0,0,0,0,0.2,24.166666667,24.166666667
0.667,0.748,0.383,0.74,0.74,0,0,0,0,0,0,0.0333,24.166666667,24.166666667
0.667,0.727,0.476,0.62,0.62,0,0,0.266,0.667,0,0,0.0665,24.166666667,24.166666667
0.667,0.671,0.386,0.41,0.41,0,0,0.0143,0.267,0.733,0,0.249,24.166666667,24.166666667
0.667,0.631,0.225,0.324,0.324,0,0,0,0,1,0,0.256,24.166666667,24.166666667
0.694,0.602,0.0392,0.0893,0.0893,0,0,0,0,0.333,0,0.0489,24.166666667,24.166666667
0.833,0.599,0.0161,0.0577,0.0577,0,0,0,0,0,0,0,24.166666667,24.166666667
0.833,0.599,0.0161,0.0577,0.0577,0,0,0,0,0,0,0,24.166666667,24.166666667
0.833,0.599,0.0161,0.0577,0.0577,0,0,0,0,0,0,0,17.777777778,23.888888889
0.833,0.599,0.0161,0.0577,0.0577,0,0,0,0,0,0,0,17.777777778,23.888888889
0.986,0.598,0.0169,0.0585,0.0585,0,0,0,0,0,0,0.284,17.777777778,23.888888889
1,0.598,0.0191,0.0749,0.0749,0,0,0,0,0,0,0.229,17.777777778,23.888888889
0.819,0.604,0.0243,0.126,0.126,0,0,0,0,0,0,0.528,17.777777778,23.888888889
0.514,0.599,0.0166,0.0624,0.0624,0,0,0,0,0,0,0,17.777777778,23.888888889
0.5,0.608,0.0239,0.103,0.103,0,0,0,0,0,0,0.564,17.777777778,23.888888889
0.5,0.629,0.0484,0.216,0.216,0,0,0,0,0,0,0.291,17.777777778,23.888888889
0.431,0.637,0.0625,0.249,0.249,0,0,0,0,0,0,0.179,17.777777778,23.888888889
0.333,0.629,0.0577,0.204,0.204,0,0,0,0,0,0,0.158,24.166666667,24.166666667
0.181,0.615,0.04,0.135,0.135,0,0,0,0,0,0.167,0.241,24.166666667,24.166666667
0.167,0.614,0.0414,0.128,0.128,0,0,0,0,0,0.65,0,24.166666667,24.166666667
0.278,0.624,0.0614,0.178,0.178,0,0,0.467,0.667,0,0,0.0998,24.166666667,24.166666667
0.333,0.639,0.0772,0.222,0.222,0,0,0.34,0.267,0.733,0,0.2,24.166666667,24.166666667
0.403,0.667,0.109,0.313,0.313,0.325,0.417,0.924,0,0.55,0,0.266,24.166666667,24.166666667
0.611,0.717,0.172,0.517,0.517,0.369,1,0.528,0,0,0.267,0.133,24.166666667,24.166666667
0.667,0.717,0.211,0.57,0.57,0,0.167,0,0,0,0,0.266,24.166666667,24.166666667
0.667,0.711,0.291,0.569,0.569,0,0,0,0,0,0,0.0665,24.166666667,24.166666667
0.667,0.682,0.312,0.422,0.422,0,0,0,0,0,0,0.105,24.166666667,24.166666667
0.694,0.645,0.257,0.285,0.285,0,0,0,0,0,0,0.142,24.166666667,24.166666667
0.986,0.613,0.104,0.163,0.163,0,0,0,0,0,0,0.0333,24.166666667,24.166666667
1,0.601,0.0462,0.101,0.101,0,0,0,0,0,0,0,24.166666667,24.166666667
1,0.598,0.027,0.0742,0.0742,0,0,0,0,0,0,0.0665,24.166666667,24.166666667
1,0.598,0.0185,0.0613,0.0613,0,0,0,0,0,0,0,24.166666667,24.166666667
1,0.599,0.0161,0.0577,0.0577,0,0,0,0,0,0,0,17.777777778,23.888888889
1,0.599,0.0161,0.0577,0.0577,0,0,0,0,0,0,0,17.777777778,23.888888889
0.847,0.597,0.0171,0.0586,0.0586,0,0,0,0,0,0,0.391,17.777777778,23.888888889
0.833,0.596,0.0222,0.0921,0.0921,0,0,0,0,0,0.267,0.561,17.777777778,23.888888889
0.708,0.611,0.0366,0.227,0.227,0,0,0,0,0,0,0.903,17.777777778,23.888888889
0.653,0.632,0.0454,0.269,0.269,0,0,0,0,0,0,0.839,17.777777778,23.888888889
0.347,0.629,0.0425,0.213,0.213,0,0,0,0,0,0,0.144,17.777777778,23.888888889
0.306,0.627,0.0456,0.202,0.202,0,0,0.326,0.417,0,0,0.526,17.777777778,23.888888889
0.0139,0.6,0.0174,0.0643,0.0643,0,0,0.114,0.517,0.483,0,0,17.777777778,23.888888889
0,0.599,0.0161,0.0577,0.0577,0,0,0,0,1,0,0,24.166666667,24.166666667
0.111,0.609,0.031,0.105,0.105,0,0,0,0,0.583,0,0.2,24.166666667,24.166666667
0.125,0.61,0.035,0.11,0.11,0,0,0,0,0,0,0.2,24.166666667,24.166666667
0.167,0.6,0.0182,0.0635,0.0635,0,0,0,0,0,0,0,24.166666667,24.166666667
0.167,0.599,0.0161,0.0577,0.0577,0,0,0,0,0,0,0,24.166666667,24.166666667
0.194,0.599,0.0161,0.0577,0.0577,0,0,0,0,0,0,0,24.166666667,24.166666667
0.333,0.624,0.0485,0.154,0.154,0,0,0,0,0,0,0.266,24.166666667,24.166666667
0.486,0.675,0.142,0.387,0.387,0,0,0,0,0,0,0.0333,24.166666667,24.166666667
0.569,0.689,0.239,0.47,0.47,0,0,0,0,0,0,0.0998,24.166666667,24.166666667
0.694,0.7,0.38,0.503,0.503,0,0,0,0,0,0,0.0333,24.166666667,24.166666667
0.833,0.666,0.359,0.385,0.385,0,0,0,0,0,0,0.0665,24.166666667,24.166666667
0.819,0.612,0.0985,0.156,0.156,0,0,0,0,0,0,0.179,24.166666667,24.166666667
1,0.601,0.0405,0.0917,0.0917,0,0,0,0,0,0,0,24.166666667,24.166666667
1,0.599,0.0161,0.0577,0.0577,0,0,0,0,0,0,0,24.166666667,24.166666667
1,0.599,0.0161,0.0577,0.0577,0,0,0,0,0,0,0,24.166666667,24.166666667
1,0.599,0.0161,0.0577,0.0577,0,0,0,0,0,0,0,17.777777778,23.888888889
1,0.599,0.0161,0.0577,0.0577,0,0,0,0,0,0,0,17.777777778,23.888888889
1,0.599,0.0161,0.0577,0.0577,0,0,0,0,0,0,0,17.777777778,23.888888889
1,0.598,0.0174,0.0655,0.0655,0,0,0,0,0,0,0.133,17.777777778,23.888888889
0.792,0.613,0.0404,0.258,0.258,0,0,0,0,0,0,0.335,17.777777778,23.888888889
0.347,0.623,0.037,0.208,0.208,0,0,0,0,0,0.417,0.432,17.777777778,23.888888889
0.264,0.622,0.0369,0.181,0.181,0,0,0,0,0,0.4,0.282,17.777777778,23.888888889
0.167,0.614,0.0322,0.137,0.137,0,0,0,0,0,0,0.235,17.777777778,23.888888889
0.167,0.614,0.0346,0.134,0.134,0,0,0,0,0,0,0.0665,17.777777778,23.888888889
0.167,0.614,0.0369,0.131,0.131,0,0,0,0,0,0,0.0998,24.166666667,24.166666667
0.0139,0.6,0.0178,0.0638,0.0638,0,0,0,0,0,0,0,24.166666667,24.166666667
0.0694,0.605,0.0267,0.0868,0.0868,0,0,0,0,0,0,0.233,24.166666667,24.166666667
0.236,0.61,0.0364,0.112,0.112,0,0,0,0,0,0,0.355,24.166666667,24.166666667
0.181,0.6,0.0183,0.0637,0.0637,0,0,0,0,0,0,0.0487,24.166666667,24.166666667
0.306,0.623,0.0487,0.147,0.147,0,0,0,0,0,0.667,0.166,24.166666667,24.166666667
0.5,0.678,0.12,0.364,0.364,0,0,0,0,0,1,0.233,24.166666667,24.166666667
0.5,0.717,0.211,0.57,0.57,0,0,0,0,0,0.517,0.133,24.166666667,24.166666667
0.611,0.735,0.354,0.683,0.683,0.635,0.517,0,0,0,0,0.201,24.166666667,24.166666667
0.667,0.727,0.476,0.62,0.62,0,0,0,0,0,0,0.166,24.166666667,24.166666667
0.708,0.681,0.442,0.461,0.461,0,0,0,0,0,0,0.0333,24.166666667,24.166666667
0.667,0.613,0.104,0.163,0.163,0,0,0,0,0,0,0.0333,24.166666667,24.166666667
0.847,0.601,0.0507,0.107,0.107,0,0,0,0,0,0,0.117,24.166666667,24.166666667
1,0.598,0.0253,0.0714,0.0714,0,0,0,0,0,0,0.0781,24.166666667,24.166666667
1,0.599,0.0161,0.0577,0.0577,0,0,0,0,0,0,0,24.166666667,24.166666667
1,0.599,0.0161,0.0577,0.0577,0,0,0,0,0,0,0,17.777777778,23.888888889
1,0.598,0.0159,0.0577,0.0577,0,0,0,0,0,0,0.17,17.777777778,23.888888889
0.694,0.599,0.016,0.0577,0.0577,0,0,0,0,0,0,0,17.777777778,23.888888889
0.625,0.597,0.0204,0.0826,0.0826,0,0,0,0,0,0,0.526,17.777777778,23.888888889
0.667,0.606,0.0292,0.165,0.165,0,0,0,0,0,0.667,0.291,17.777777778,23.888888889
0.597,0.628,0.0417,0.241,0.241,0,0,0,0,0,0.7,0.355,17.777777778,23.888888889
0.347,0.629,0.0425,0.213,0.213,0.754,0.917,0,0,0,0,0.161,17.777777778,23.888888889
0.333,0.629,0.0484,0.216,0.216,0,0.4,0,0,0,0,0.157,17.777777778,23.888888889
0.278,0.622,0.0437,0.173,0.173,0,0,0,0,0,0,0.273,17.777777778,23.888888889
0.5,0.635,0.0665,0.235,0.235,0,0,0,0,0,0,0.0998,24.166666667,24.166666667
0.5,0.644,0.0827,0.27,0.27,0.859,0.517,0,0,0,0,0.266,24.166666667,24.166666667
0.5,0.644,0.0921,0.267,0.267,0,0,0,0,0,0,0.387,24.166666667,24.166666667
0.583,0.652,0.111,0.309,0.309,0,0,0,0,0,0,0.329,24.166666667,24.166666667
0.528,0.663,0.113,0.318,0.318,0,0,0,0,0,0.917,0.0333,24.166666667,24.166666667
0.819,0.738,0.206,0.577,0.577,0,0,0,0,0,1,0.569,24.166666667,24.166666667
0.764,0.765,0.235,0.703,0.703,0,0,0,0,0,0.267,0.167,24.166666667,24.166666667
0.514,0.721,0.215,0.582,0.582,0.398,0.417,0,0,0,0,0,24.166666667,24.166666667
0.5,0.711,0.291,0.569,0.569,0.647,0.9,0,0,0,0,0.366,24.166666667,24.166666667
0.5,0.695,0.361,0.48,0.48,0.729,0,0,0,0,0,0.0333,24.166666667,24.166666667
0.5,0.66,0.331,0.356,0.356,0.597,0,0,0,0,0,0.257,24.166666667,24.166666667
0.5,0.611,0.0948,0.155,0.155,0,0,0,0,0,0,0.0568,24.166666667,24.166666667
0.5,0.6,0.0215,0.065,0.065,0,0,0,0,0,0,0,24.166666667,24.166666667
0.653,0.598,0.0286,0.0709,0.0709,0,0,0,0,0,0,0,24.166666667,24.166666667
0.667,0.598,0.0231,0.0633,0.0633,0,0,0.728,0.917,0,0,0.266,24.166666667,24.166666667
0.819,0.598,0.0195,0.0581,0.0581,0,0,0.693,0.0167,0.25,0,0.0998,17.777777778,23.888888889
0.958,0.598,0.0181,0.0577,0.0577,0,0,0,0,0,0,0.248,17.777777778,23.888888889
0.986,0.599,0.0184,0.0577,0.0577,0,0,0,0,0,0,0,17.777777778,23.888888889
0.931,0.599,0.0184,0.0577,0.0577,0,0,0,0,0,0,0,17.777777778,23.888888889
0.833,0.599,0.0184,0.0577,0.0577,0,0,0,0,0,0,0,17.777777778,23.888888889
0.833,0.615,0.0331,0.157,0.157,0,0,0,0,0,0,0.22,17.777777778,23.888888889
0.833,0.643,0.076,0.285,0.285,0,0,0,0,0,0,0.177,17.777777778,23.888888889
0.903,0.678,0.163,0.472,0.472,0,0,0,0,0,0,0.694,17.777777778,23.888888889
0.694,0.662,0.156,0.378,0.378,0.403,0.25,0,0,0,0,0.225,17.777777778,23.888888889
0.667,0.659,0.167,0.351,0.351,0.633,0,0,0,0,0,0.276,24.166666667,24.166666667
0.611,0.654,0.165,0.317,0.317,0.165,0,0,0,0,0.417,0.36,24.166666667,24.166666667
0.333,0.629,0.114,0.198,0.198,0,0,0,0,0,0.117,0.232,24.166666667,24.166666667
0.333,0.629,0.128,0.201,0.201,0,0,0,0,0,0,0.377,24.166666667,24.166666667
0.486,0.658,0.197,0.298,0.298,0,0,0,0,0,0,0.123,24.166666667,24.166666667
0.653,0.71,0.271,0.472,0.472,0,0,0,0,0,0.917,0.636,24.166666667,24.166666667
0.667,0.744,0.286,0.622,0.622,0,0,0,0,0,0.717,0.751,24.166666667,24.166666667
0.653,0.754,0.326,0.727,0.727,0,0,0,0,0,0,0.25,24.166666667,24.166666667
0.833,0.785,0.535,0.91,0.91,0,0,0,0,0,0,0.0998,24.166666667,24.166666667
0.833,0.759,0.633,0.761,0.761,0,0,0,0,0,0,0,24.166666667,24.166666667
0.944,0.701,0.567,0.558,0.558,0.139,0.167,0,0,0,0,0.212,24.166666667,24.166666667
1,0.652,0.393,0.502,0.502,0.767,0.883,0,0,0,0,0.133,24.166666667,24.166666667
1,0.607,0.143,0.214,0.214,0,0,0,0,0,0,0.0898,24.166666667,24.166666667
1,0.598,0.0368,0.081,0.081,0,0,0,0,0,0,0,24.166666667,24.166666667
1,0.597,0.0242,0.0645,0.0645,0,0,0,0,0,0,0.0665,24.166666667,24.166666667
1,0.598,0.0195,0.0581,0.0581,0,0,0,0,0,0,0.0665,17.777777778,23.888888889
0.972,0.598,0.0182,0.0577,0.0577,0,0,0,0,0,0,0.358,17.777777778,23.888888889
0.986,0.599,0.0184,0.0577,0.0577,0,0,0,0,0,0,0,17.777777778,23.888888889
1,0.599,0.0184,0.0577,0.0577,0,0,0,0,0,0,0,17.777777778,23.888888889
1,0.599,0.0184,0.0577,0.0577,0,0,0,0,0,0,0,17.777777778,23.888888889
1,0.604,0.023,0.0887,0.0887,0,0,0,0,0,0,0.134,17.777777778,23.888888889
1,0.614,0.0379,0.136,0.136,0,0,0,0,0,0,0.148,17.777777778,23.888888889
0.792,0.623,0.0619,0.183,0.183,0,0,0,0,0,0.167,0.152,17.777777778,23.888888889
0.861,0.666,0.166,0.396,0.396,0,0,0,0,0,1,0.396,17.777777778,23.888888889
0.236,0.62,0.0701,0.162,0.162,0,0,0,0,0,0.2,0.261,24.166666667,24.166666667
0.153,0.613,0.0549,0.123,0.123,0,0,0,0,0,0,0.181,24.166666667,24.166666667
0.153,0.613,0.0626,0.122,0.122,0,0,0,0,0,0,0.366,24.166666667,24.166666667
0.222,0.619,0.0918,0.154,0.154,0,0,0,0,0,0,0.0998,24.166666667,24.166666667
0.278,0.632,0.119,0.193,0.193,0,0,0,0,0,0,0.233,24.166666667,24.166666667
0.389,0.665,0.169,0.306,0.306,0,0,0,0,0,0.667,0.0998,24.166666667,24.166666667
0.5,0.708,0.219,0.481,0.481,0.579,0.517,0,0,0,0.417,0.2,24.166666667,24.166666667
0.528,0.724,0.267,0.599,0.599,0.458,0,0,0,0,0,0.133,24.166666667,24.166666667
0.667,0.748,0.432,0.74,0.74,0,0,0,0,0,0,0.266,24.166666667,24.166666667
0.542,0.703,0.417,0.517,0.517,0,0,0,0,0,0,0,24.166666667,24.166666667
0.667,0.685,0.481,0.478,0.478,0,0,0,0,0,0.817,0.0333,24.166666667,24.166666667
0.667,0.637,0.288,0.376,0.376,0,0,0,0,0,0,0,24.166666667,24.166666667
0.667,0.602,0.0516,0.099,0.099,0,0,0,0,0,0,0.0957,24.166666667,24.166666667
0.819,0.599,0.0163,0.0577,0.0577,0,0,0,0,0,0,0,24.166666667,24.166666667
0.986,0.599,0.0161,0.0577,0.0577,0,0,0,0,0,0,0,24.166666667,24.166666667
1,0.599,0.0161,0.0577,0.0577,0,0,0,0,0,0,0,17.777777778,23.888888889
1,0.599,0.0161,0.0577,0.0577,0,0,0,0,0,0,0,17.777777778,23.888888889
1,0.598,0.0165,0.0581,0.0581,0,0,0,0,0,0,0.35,17.777777778,23.888888889
0.847,0.598,0.0191,0.0749,0.0749,0,0,0,0,0,0,0.2,17.777777778,23.888888889
0.833,0.612,0.0381,0.239,0.239,0.546,0.667,0,0,0,0,0.452,17.777777778,23.888888889
0.722,0.649,0.0594,0.368,0.368,0.108,0.65,0,0,0,0.267,0.35,17.777777778,23.888888889
0.25,0.621,0.0352,0.174,0.174,0,0,0,0,0,0,0.111,17.777777778,23.888888889
0.319,0.628,0.0473,0.209,0.209,0,0,0,0,0,0,0.307,17.777777778,23.888888889
0.486,0.643,0.0702,0.281,0.281,0,0,0,0,0,0,0.125,17.777777778,23.888888889
0.236,0.62,0.0453,0.162,0.162,0,0,0,0,0,0,0,24.166666667,24.166666667
0.167,0.614,0.0383,0.128,0.128,0,0,0.599,0.917,0,0,0.166,24.166666667,24.166666667
0.167,0.614,0.0414,0.128,0.128,0,0,0.316,0.0167,0.983,0,0.0665,24.166666667,24.166666667
0.167,0.614,0.0432,0.13,0.13,0,0,0.655,0,0.567,0,0.266,24.166666667,24.166666667
0.319,0.619,0.0466,0.14,0.14,0,0,0.48,0,0,0,0.0665,24.166666667,24.166666667
0.264,0.627,0.0545,0.163,0.163,0,0,0.448,0,0,0,0.0998,24.166666667,24.166666667
0.375,0.681,0.125,0.379,0.379,0,0,0.105,0,0,0,0.2,24.166666667,24.166666667
0.667,0.757,0.276,0.741,0.741,0,0,0,0,0,0.167,0.0333,24.166666667,24.166666667
0.667,0.748,0.383,0.74,0.74,0,0,0,0,0,1,0.133,24.166666667,24.166666667
0.667,0.727,0.476,0.62,0.62,0,0,0,0,0,0.467,0.414,24.166666667,24.166666667
0.694,0.661,0.331,0.359,0.359,0,0,0,0,0,0,0.0333,24.166666667,24.166666667
0.833,0.624,0.181,0.266,0.266,0,0,0,0,0,0,0.0698,24.166666667,24.166666667
0.833,0.601,0.0338,0.082,0.082,0,0,0,0,0,0,0,24.166666667,24.166666667
0.833,0.599,0.0161,0.0577,0.0577,0,0,0,0,0,0,0,24.166666667,24.166666667
0.833,0.599,0.0161,0.0577,0.0577,0,0,0,0,0,0,0,24.166666667,24.166666667
0.806,0.599,0.0161,0.0577,0.0577,0,0,0,0,0,0,0,17.777777778,23.888888889
0.847,0.598,0.0158,0.0577,0.0577,0,0,0,0,0,0,0.199,17.777777778,23.888888889
0.847,0.599,0.016,0.0577,0.0577,0,0,0,0,0,0,0,17.777777778,23.888888889
0.833,0.597,0.0204,0.0826,0.0826,0,0,0,0,0,0,0.395,17.777777778,23.888888889
0.833,0.61,0.0355,0.217,0.217,0,0,0,0,0,0,0.517,17.777777778,23.888888889
0.847,0.646,0.0571,0.351,0.351,0,0,0,0,0,0.917,0.37,17.777777778,23.888888889
0.667,0.644,0.0557,0.291,0.291,0,0,0,0,0,1,0.298,17.777777778,23.888888889
0.667,0.644,0.0645,0.295,0.295,0,0,0,0,0,0,0.476,17.777777778,23.888888889
0.597,0.644,0.0716,0.288,0.288,0,0,0,0,0,0,0.603,17.777777778,23.888888889
0.194,0.617,0.04,0.144,0.144,0,0,0,0,0,0,0.12,24.166666667,24.166666667
0.236,0.62,0.0476,0.158,0.158,0,0,0,0,0,0,0.3,24.166666667,24.166666667
0.333,0.629,0.0668,0.198,0.198,0,0,0,0,0,0,0.0907,24.166666667,24.166666667
0.333,0.629,0.0703,0.201,0.201,0,0,0,0,0,0,0.245,24.166666667,24.166666667
0.208,0.62,0.0489,0.146,0.146,0,0,0,0,0,0,0.254,24.166666667,24.166666667
0.333,0.639,0.0708,0.208,0.208,0,0,0,0,0,0,0.424,24.166666667,24.166666667
0.556,0.721,0.177,0.532,0.532,0,0,0,0,0,0,0.544,24.166666667,24.166666667
0.667,0.757,0.276,0.741,0.741,0,0,0,0,0,0,0.102,24.166666667,24.166666667
0.694,0.695,0.25,0.498,0.498,0,0,0,0,0,0,0.182,24.166666667,24.166666667
0.681,0.695,0.361,0.48,0.48,0.517,0.517,0,0,0,0,0.0333,24.166666667,24.166666667
0.778,0.677,0.423,0.441,0.441,0.262,0,0,0,0,0,0.103,24.166666667,24.166666667
0.833,0.632,0.234,0.332,0.332,0,0,0,0,0,0,0,24.166666667,24.166666667
0.986,0.604,0.0841,0.154,0.154,0,0,0,0,0,0,0.273,24.166666667,24.166666667
1,0.598,0.0254,0.0718,0.0718,0,0,0,0,0,0,0.133,24.166666667,24.166666667
1,0.599,0.0161,0.0577,0.0577,0,0,0,0,0,0,0,24.166666667,24.166666667
1,0.599,0.0161,0.0577,0.0577,0,0,0,0,0,0,0,17.777777778,23.888888889
1,0.599,0.0161,0.0577,0.0577,0,0,0,0,0,0,0,17.777777778,23.888888889
1,0.598,0.0169,0.0585,0.0585,0,0,0,0,0,0,0.387,17.777777778,23.888888889
1,0.597,0.0205,0.0827,0.0827,0,0,0,0,0,0,0.253,17.777777778,23.888888889
1,0.606,0.0292,0.165,0.165,0,0,0,0,0,0,0.559,17.777777778,23.888888889
0.847,0.634,0.046,0.272,0.272,0,0,0,0,0,0.167,0.659,17.777777778,23.888888889
0.667,0.628,0.0422,0.213,0.213,0,0,0,0,0,0.65,0.431,17.777777778,23.888888889
0.486,0.613,0.0311,0.13,0.13,0,0,0,0,0,0,0.0998,17.777777778,23.888888889
0.5,0.614,0.0346,0.134,0.134,0,0,0,0,0,0,0.0665,17.777777778,23.888888889
0.5,0.614,0.0369,0.131,0.131,0,0,0,0,0,0,0.0665,24.166666667,24.166666667
0.431,0.608,0.029,0.0991,0.0991,0,0,0,0,0,0,0.0665,24.166666667,24.166666667
0.333,0.599,0.0161,0.0577,0.0577,0,0,0,0,0,0,0,24.166666667,24.166666667
0.417,0.627,0.066,0.19,0.19,0,0,0,0,0,0,0.2,24.166666667,24.166666667
0.333,0.639,0.0772,0.222,0.222,0,0,0,0,0,0,0.333,24.166666667,24.166666667
0.375,0.662,0.103,0.295,0.295,0,0,0,0,0,0.533,0.0333,24.166666667,24.166666667
0.472,0.702,0.152,0.46,0.46,0,0,0,0,0,0.167,0.233,24.166666667,24.166666667
0.667,0.757,0.276,0.741,0.741,0,0,0,0,0,0.367,0.0333,24.166666667,24.166666667
0.667,0.748,0.383,0.74,0.74,0,0,0,0,0,0,0.237,24.166666667,24.166666667
0.778,0.722,0.456,0.597,0.597,0,0,0,0,0,0,0.0665,24.166666667,24.166666667
0.833,0.655,0.303,0.33,0.33,0,0,0,0,0,0,0.212,24.166666667,24.166666667
0.833,0.602,0.0345,0.0747,0.0747,0,0,0,0,0,0,0,24.166666667,24.166666667
0.986,0.599,0.0228,0.0674,0.0674,0,0,0,0,0,0,0.171,24.166666667,24.166666667
1,0.599,0.0161,0.0577,0.0577,0,0,0,0,0,0,0,24.166666667,24.166666667
1,0.599,0.0161,0.0577,0.0577,0,0,0,0,0,0,0,24.166666667,24.166666667
1,0.599,0.0161,0.0577,0.0577,0,0,0,0,0,0,0,17.777777778,23.888888889
1,0.599,0.0161,0.0577,0.0577,0,0,0,0,0,0,0,17.777777778,23.888888889
1,0.599,0.0161,0.0577,0.0577,0,0,0,0,0,0,0,17.777777778,23.888888889
0.889,0.599,0.0169,0.0624,0.0624,0,0,0,0,0,0,0.141,17.777777778,23.888888889
0.833,0.601,0.0189,0.0814,0.0814,0,0,0,0,0,0,0.0333,17.777777778,23.888888889
0.681,0.611,0.0262,0.131,0.131,0,0,0,0,0,0,0.166,17.777777778,23.888888889
0.75,0.621,0.036,0.175,0.175,0,0,0,0,0,0,0.2,17.777777778,23.888888889
0.514,0.62,0.0391,0.17,0.17,0,0,0,0,0,0,0.233,17.777777778,23.888888889
0.347,0.629,0.0531,0.211,0.211,0,0,0,0,0,0.917,0.166,17.777777778,23.888888889
0.333,0.629,0.0577,0.204,0.204,0,0,0,0,0,0.167,0.233,24.166666667,24.166666667
0.0694,0.605,0.0252,0.0875,0.0875,0,0,0,0,0,0,0.0665,24.166666667,24.166666667
0,0.599,0.0161,0.0577,0.0577,0,0,0,0,0,0,0,24.166666667,24.166666667
0,0.599,0.0161,0.0577,0.0577,0,0,0,0,0,0,0,24.166666667,24.166666667
0.208,0.625,0.0547,0.161,0.161,0,0,0,0,0,0,0.127,24.166666667,24.166666667
0.528,0.688,0.138,0.391,0.391,0,0,0,0,0,0.533,0.255,24.166666667,24.166666667
0.667,0.744,0.207,0.622,0.622,0,0,0,0,0,0,0.808,24.166666667,24.166666667
0.694,0.764,0.287,0.77,0.77,0,0,0,0,0,0,0.357,24.166666667,24.166666667
0.722,0.76,0.412,0.797,0.797,0.452,0.517,0,0,0,0,0.299,24.166666667,24.166666667
0.667,0.727,0.476,0.62,0.62,0.669,0,0,0,0,0,0,24.166666667,24.166666667
0.764,0.688,0.479,0.495,0.495,0.678,0.517,0,0,0,0,0.0333,24.166666667,24.166666667
1,0.632,0.232,0.326,0.326,0.3,0,0,0,0,0,0.0665,24.166666667,24.166666667
1,0.602,0.0607,0.121,0.121,0,0,0,0,0,0,0,24.166666667,24.166666667
1,0.599,0.0161,0.0577,0.0577,0,0,0,0,0,0,0,24.166666667,24.166666667
1,0.598,0.019,0.0621,0.0621,0,0,0,0,0,0,0.166,24.166666667,24.166666667
1,0.598,0.0164,0.0581,0.0581,0,0,0,0,0,0,0.2,17.777777778,23.888888889
1,0.599,0.0161,0.0577,0.0577,0,0,0,0,0,0,0,17.777777778,23.888888889
0.847,0.597,0.0171,0.0586,0.0586,0,0,0,0,0,0,0.434,17.777777778,23.888888889
0.806,0.597,0.0216,0.089,0.089,0,0,0,0,0,0,0.242,17.777777778,23.888888889
0.528,0.605,0.0261,0.14,0.14,0,0,0,0,0,0.267,0.348,17.777777778,23.888888889
0.333,0.611,0.0262,0.131,0.131,0,0,0,0,0,0,0.266,17.777777778,23.888888889
0.333,0.62,0.0349,0.168,0.168,0,0,0,0,0,0,0.612,17.777777778,23.888888889
0.181,0.615,0.0333,0.143,0.143,0,0,0,0,0,0,0.281,17.777777778,23.888888889
0.0972,0.608,0.0268,0.103,0.103,0,0,0,0,0,0,0.0333,17.777777778,23.888888889
0,0.599,0.0161,0.0577,0.0577,0,0,0,0,0,0,0,24.166666667,24.166666667
0,0.599,0.0161,0.0577,0.0577,0,0,0,0,0,0,0,24.166666667,24.166666667
0.139,0.611,0.0374,0.116,0.116,0,0,0,0,0,0,0.0998,24.166666667,24.166666667
0.333,0.629,0.0703,0.201,0.201,0,0,0,0,0,0,0.133,24.166666667,24.166666667
0.333,0.639,0.0772,0.222,0.222,0,0,0.275,0.667,0,0,0.133,24.166666667,24.166666667
0.486,0.682,0.129,0.366,0.366,0,0,0.598,0.5,0.5,0,0.233,24.166666667,24.166666667
0.542,0.717,0.172,0.517,0.517,0.582,0.667,0.517,0,0.533,0,0.28,24.166666667,24.166666667
0.653,0.754,0.272,0.729,0.729,0,0.917,0.404,0,0,0.533,0.144,24.166666667,24.166666667
0.667,0.748,0.383,0.74,0.74,0,0,0.555,0,0,0,0.402,24.166666667,24.166666667
0.667,0.727,0.476,0.62,0.62,0,0,0.415,0,0,0,0.0333,24.166666667,24.166666667
0.667,0.676,0.414,0.436,0.436,0,0,0.577,0,0,0,0.109,24.166666667,24.166666667
0.847,0.624,0.181,0.266,0.266,0,0,0.0874,0,0,0,0.151,24.166666667,24.166666667
1,0.603,0.0652,0.127,0.127,0,0,0,0,0,0,0.0929,24.166666667,24.166666667
1,0.599,0.0204,0.0609,0.0609,0,0,0,0,0,0,0,24.166666667,24.166666667
1,0.599,0.0184,0.0577,0.0577,0,0,0,0,0,0,0,24.166666667,24.166666667
1,0.599,0.0184,0.0577,0.0577,0,0,0,0,0,0,0,17.777777778,23.888888889
1,0.599,0.0184,0.0577,0.0577,0,0,0,0,0,0,0,17.777777778,23.888888889
1,0.599,0.0184,0.0577,0.0577,0,0,0,0,0,0,0,17.777777778,23.888888889
1,0.599,0.0184,0.0577,0.0577,0,0,0,0,0,0,0,17.777777778,23.888888889
1,0.628,0.0251,0.111,0.111,0,0,0,0,0,0.917,0.0665,17.777777778,23.888888889
0.958,0.602,0.019,0.0626,0.0626,0,0,0,0,0,0.483,0,17.777777778,23.888888889
1,0.618,0.03,0.0917,0.0917,0,0,0,0,0,0,0.0333,17.777777778,23.888888889
0.847,0.671,0.0774,0.19,0.19,0,0,0,0,0,0.917,0.0665,17.777777778,23.888888889
0.681,0.694,0.112,0.228,0.228,0,0,0,0,0,1,0.166,17.777777778,23.888888889
0.667,0.732,0.165,0.285,0.285,0,0,0,0,0,0.617,0.133,24.166666667,24.166666667
0.667,0.777,0.23,0.353,0.353,0,0,0,0,0,0,0.266,24.166666667,24.166666667
0.847,0.83,0.344,0.436,0.436,0.199,0.167,0,0,0,0.417,0.447,24.166666667,24.166666667
1,0.872,0.46,0.515,0.515,0.62,0.367,0,0,0,0.983,0.361,24.166666667,24.166666667
0.861,0.866,0.439,0.505,0.505,0.917,0,0.914,0.917,0,0,0.333,24.166666667,24.166666667
0.819,0.904,0.442,0.609,0.609,0,0,0.641,0.0667,0.933,0,0.551,24.166666667,24.166666667
0.708,0.906,0.398,0.696,0.696,0,0,0.431,0,1,0,0.237,24.166666667,24.166666667
0.681,0.91,0.445,0.794,0.794,0,0,0,0,0.267,0.55,0.133,24.166666667,24.166666667
0.667,0.893,0.569,0.762,0.762,0.448,0.417,0,0,0,0,0.0998,24.166666667,24.166666667
0.736,0.894,0.742,0.68,0.68,0.656,0.95,0,0,0,0,0.14,24.166666667,24.166666667
0.903,0.858,0.762,0.564,0.564,0.452,0,0,0,0,0,0,24.166666667,24.166666667
1,0.758,0.418,0.413,0.413,0,0,0,0,0,0,0.0665,24.166666667,24.166666667
1,0.663,0.127,0.158,0.158,0,0,0,0,0,0,0.221,24.166666667,24.166666667
0.972,0.645,0.0521,0.0882,0.0882,0,0,0,0,0,0,0.241,24.166666667,24.166666667
0.903,0.617,0.024,0.0621,0.0621,0,0,0,0,0,0,0.121,24.166666667,24.166666667
1,0.624,0.0209,0.0581,0.0581,0,0,0,0,0,0,0.32,17.777777778,23.888888889
1,0.624,0.0189,0.0577,0.0577,0,0,0,0,0,0,0.373,17.777777778,23.888888889
1,0.601,0.0184,0.0577,0.0577,0,0,0,0,0,0,0,17.777777778,23.888888889
0.931,0.622,0.0211,0.0755,0.0755,0,0,0,0,0,0,0.197,17.777777778,23.888888889
0.833,0.63,0.0254,0.113,0.113,0,0,0,0,0,0,0.179,17.777777778,23.888888889
0.833,0.679,0.0477,0.203,0.203,0,0,0,0,0,0,0.137,17.777777778,23.888888889
0.764,0.731,0.0975,0.295,0.295,0,0,0,0,0,0,0.305,17.777777778,23.888888889
0.667,0.777,0.164,0.385,0.385,0,0,0,0,0,0.833,0.276,17.777777778,23.888888889
0.667,0.781,0.198,0.384,0.384,0,0,0,0,0,0,0.466,17.777777778,23.888888889
0.556,0.751,0.185,0.318,0.318,0,0,0,0,0,0,0.194,24.166666667,24.166666667
0.5,0.735,0.18,0.284,0.284,0,0,0,0,0,0,0.0998,24.166666667,24.166666667
0.528,0.743,0.221,0.293,0.293,0,0,0,0,0,0,0.133,24.166666667,24.166666667
0.806,0.819,0.375,0.426,0.426,0,0,0,0,0,0,0.234,24.166666667,24.166666667
0.819,0.853,0.419,0.483,0.483,0,0,0,0,0,0,0.466,24.166666667,24.166666667
0.597,0.821,0.327,0.457,0.457,0.745,0.917,0,0,0,0,0.0665,24.166666667,24.166666667
0.5,0.816,0.286,0.51,0.51,0.763,0.167,0,0,0,0,0.133,24.166666667,24.166666667
0.5,0.828,0.333,0.6,0.6,0.085,0,0,0,0,0,0.2,24.166666667,24.166666667
0.5,0.819,0.431,0.586,0.586,0,0,0,0,0,0,0.299,24.166666667,24.166666667
0.528,0.81,0.537,0.504,0.504,0,0,0,0,0,0,0.0915,24.166666667,24.166666667
0.819,0.861,0.773,0.569,0.569,0,0,0,0,0,0,0,24.166666667,24.166666667
0.861,0.769,0.447,0.436,0.436,0,0,0,0,0,0,0.0389,24.166666667,24.166666667
1,0.725,0.222,0.246,0.246,0,0,0,0,0,0,0,24.166666667,24.166666667
1,0.683,0.0704,0.114,0.114,0,0,0,0,0,0,0,24.166666667,24.166666667
1,0.628,0.0241,0.0657,0.0657,0,0,0,0,0,0,0.0665,24.166666667,24.166666667
1,0.624,0.0176,0.0581,0.0581,0,0,0,0,0,0,0.0665,17.777777778,23.888888889
1,0.624,0.0165,0.0577,0.0577,0,0,0,0,0,0,0.299,17.777777778,23.888888889
1,0.601,0.0161,0.0577,0.0577,0,0,0,0,0,0,0,17.777777778,23.888888889
0.931,0.611,0.0186,0.0674,0.0674,0,0,0,0,0,0,0.0998,17.777777778,23.888888889
0.833,0.599,0.0161,0.0577,0.0577,0,0,0,0,0,0,0,17.777777778,23.888888889
0.833,0.694,0.0492,0.23,0.23,0,0,0,0,0,0.417,0.313,17.777777778,23.888888889
0.764,0.735,0.071,0.302,0.302,0,0,0,0,0,0.7,0.133,17.777777778,23.888888889
0.514,0.735,0.0827,0.309,0.309,0,0,0,0,0,0,0.0333,17.777777778,23.888888889
0.5,0.735,0.0921,0.302,0.302,0,0,0,0,0,0,0.299,17.777777778,23.888888889
0.389,0.705,0.0821,0.24,0.24,0,0,0,0,0,0,0.133,24.166666667,24.166666667
0.139,0.637,0.0411,0.121,0.121,0,0,0,0,0,0,0,24.166666667,24.166666667
0.167,0.644,0.0504,0.132,0.132,0,0,0,0,0,0,0.133,24.166666667,24.166666667
0.194,0.652,0.0589,0.147,0.147,0,0,0,0,0,0,0.233,24.166666667,24.166666667
0.361,0.711,0.106,0.246,0.246,0,0,0,0,0,0,0.0998,24.166666667,24.166666667
0.611,0.827,0.206,0.469,0.469,0,0,0,0,0,0.167,0.324,24.166666667,24.166666667
0.792,0.943,0.321,0.776,0.776,0,0,0,0,0,0.667,0.16,24.166666667,24.166666667
0.639,0.892,0.348,0.751,0.751,0,0,0,0,0,0,0.107,24.166666667,24.166666667
0.5,0.819,0.383,0.586,0.586,0,0,0,0,0,0,0,24.166666667,24.166666667
0.611,0.816,0.513,0.516,0.516,0,0,0,0,0,0,0.0665,24.166666667,24.166666667
0.819,0.808,0.594,0.465,0.465,0,0,0,0,0,0,0.308,24.166666667,24.166666667
0.903,0.697,0.248,0.274,0.274,0,0,0,0,0,0,0.143,24.166666667,24.166666667
1,0.631,0.0641,0.108,0.108,0,0,0,0,0,0,0.0665,24.166666667,24.166666667
1,0.601,0.0191,0.0609,0.0609,0,0,0,0,0,0,0,24.166666667,24.166666667
1,0.599,0.0161,0.0577,0.0577,0,0,0,0,0,0,0,24.166666667,24.166666667
1,0.599,0.0161,0.0577,0.0577,0,0,0,0,0,0,0,17.777777778,23.888888889
1,0.609,0.0162,0.0577,0.0577,0,0,0,0,0,0,0.119,17.777777778,23.888888889
1,0.624,0.018,0.0586,0.0586,0,0,0,0,0,0,0.133,17.777777778,23.888888889
1,0.634,0.0231,0.0837,0.0837,0,0,0,0,0,0,0.293,17.777777778,23.888888889
0.694,0.629,0.0252,0.11,0.11,0,0,0,0,0,0.267,0.307,17.777777778,23.888888889
0.486,0.636,0.0288,0.125,0.125,0,0,0,0,0,0,0,17.777777778,23.888888889
0.333,0.641,0.0332,0.133,0.133,0,0,0,0,0,0,0.2,17.777777778,23.888888889
0.222,0.614,0.0233,0.0855,0.0855,0,0,0,0,0,0,0,17.777777778,23.888888889
0.167,0.641,0.0395,0.132,0.132,0,0,0,0,0,0.55,0.133,17.777777778,23.888888889
0.167,0.644,0.0445,0.136,0.136,0,0,0.517,0.917,0,0,0.0665,24.166666667,24.166666667
0.417,0.713,0.0919,0.246,0.246,0,0,0.725,0.0667,0.817,0.417,0.0333,24.166666667,24.166666667
0.514,0.739,0.122,0.287,0.287,0,0,0,0,0,1,0.0665,24.166666667,24.166666667
0.5,0.694,0.0924,0.216,0.216,0,0,0.642,0.917,0,0.55,0.171,24.166666667,24.166666667
0.5,0.703,0.0986,0.231,0.231,0,0,0.526,0.0667,0.267,0,0.138,24.166666667,24.166666667
0.431,0.697,0.0975,0.234,0.234,0,0,0.439,0,0,0,0.337,24.166666667,24.166666667
0.708,0.836,0.227,0.555,0.555,0,0,0.569,0,0,0,0.335,24.166666667,24.166666667
0.833,0.904,0.363,0.781,0.781,0,0,0.83,0,0,0,0.0998,24.166666667,24.166666667
0.833,0.893,0.505,0.762,0.762,0,0,0.526,0,0,0,0.0988,24.166666667,24.166666667
0.833,0.822,0.523,0.53,0.53,0,0,0,0,0,0.55,0.205,24.166666667,24.166666667
0.833,0.703,0.3,0.261,0.261,0,0,0,0,0,0,0.0333,24.166666667,24.166666667
0.833,0.639,0.109,0.146,0.146,0,0,0,0,0,0,0,24.166666667,24.166666667
0.903,0.628,0.0568,0.101,0.101,0,0,0,0,0,0,0,24.166666667,24.166666667
1,0.624,0.0314,0.0742,0.0742,0,0,0,0,0,0,0,24.166666667,24.166666667
1,0.613,0.0198,0.0613,0.0613,0,0,0,0,0,0,0,24.166666667,24.166666667
1,0.599,0.0161,0.0577,0.0577,0,0,0,0,0,0,0,17.777777778,23.888888889
1,0.599,0.0161,0.0577,0.0577,0,0,0,0,0,0,0,17.777777778,23.888888889
1,0.599,0.0161,0.0577,0.0577,0,0,0,0,0,0,0,17.777777778,23.888888889
1,0.62,0.0204,0.0739,0.0739,0,0,0,0,0,0,0.13,17.777777778,23.888888889
0.903,0.727,0.0558,0.291,0.291,0,0,0.105,0.167,0,0,0.765,17.777777778,23.888888889
0.444,0.708,0.0537,0.256,0.256,0,0,0.431,0.817,0.183,0,0.717,17.777777778,23.888888889
0.333,0.689,0.0527,0.22,0.22,0,0,0.374,0,1,0,0.297,17.777777778,23.888888889
0.361,0.697,0.0643,0.239,0.239,0,0,0.114,0,0.2,0.55,0.153,17.777777778,23.888888889
0.389,0.705,0.075,0.248,0.248,0,0,0.0509,0.667,0,0,0.164,17.777777778,23.888888889
0.181,0.648,0.0466,0.142,0.142,0,0,0,0.317,0.55,0,0.166,24.166666667,24.166666667
0.167,0.625,0.0336,0.102,0.102,0,0,0,0,0,0,0.0333,24.166666667,24.166666667
0.208,0.61,0.0247,0.0763,0.0763,0,0,0,0,0,0,0.0333,24.166666667,24.166666667
0.236,0.66,0.0653,0.16,0.16,0,0,0,0,0,0,0.0998,24.166666667,24.166666667
0.444,0.738,0.126,0.29,0.29,0,0,0,0,0,0.917,0.0998,24.166666667,24.166666667
0.653,0.842,0.219,0.497,0.497,0,0,0,0,0,0.483,0.166,24.166666667,24.166666667
0.542,0.833,0.224,0.545,0.545,0.17,0.167,0,0,0,0.667,0.201,24.166666667,24.166666667
0.778,0.955,0.422,0.903,0.903,0.642,0.367,0,0,0,0.45,0.217,24.166666667,24.166666667
0.681,0.899,0.512,0.777,0.777,0.528,0,0,0,0,0,0.0333,24.166666667,24.166666667
0.667,0.866,0.627,0.622,0.622,0,0,0,0,0,0,0.0333,24.166666667,24.166666667
0.597,0.783,0.521,0.417,0.417,0,0,0,0,0,0,0,24.166666667,24.166666667
0.611,0.643,0.121,0.155,0.155,0,0,0,0,0,0,0.133,24.166666667,24.166666667
0.694,0.633,0.0629,0.107,0.107,0,0,0,0,0,0,0.141,24.166666667,24.166666667
0.903,0.604,0.0221,0.0642,0.0642,0,0,0,0,0,0,0,24.166666667,24.166666667
1,0.599,0.0161,0.0577,0.0577,0,0,0,0,0,0,0,24.166666667,24.166666667
0.972,0.611,0.0167,0.0577,0.0577,0,0,0,0,0,0,0.346,17.777777778,23.888888889
0.833,0.605,0.0162,0.0577,0.0577,0,0,0,0,0,0,0.0998,17.777777778,23.888888889
0.986,0.599,0.0161,0.0577,0.0577,0,0,0,0,0,0,0,17.777777778,23.888888889
1,0.667,0.0302,0.111,0.111,0,0,0,0,0,0,0.666,17.777777778,23.888888889
0.861,0.724,0.0546,0.282,0.282,0,0,0,0,0,0.917,0.389,17.777777778,23.888888889
0.597,0.715,0.0566,0.271,0.271,0,0,0,0,0,0.9,0.219,17.777777778,23.888888889
0.347,0.689,0.0527,0.22,0.22,0,0,0,0,0,0.133,0.0998,17.777777778,23.888888889
0.333,0.69,0.0605,0.225,0.225,0,0,0,0,0,0,0.2,17.777777778,23.888888889
0.486,0.732,0.0902,0.295,0.295,0,0,0,0,0,0,0.324,17.777777778,23.888888889
0.5,0.735,0.101,0.292,0.292,0,0,0,0,0,0,0.202,24.166666667,24.166666667
0.5,0.735,0.107,0.284,0.284,0,0,0,0,0,0,0.244,24.166666667,24.166666667
0.472,0.728,0.113,0.269,0.269,0,0,0,0,0,0,0.357,24.166666667,24.166666667
0.333,0.69,0.0895,0.21,0.21,0,0,0,0,0,0,0.266,24.166666667,24.166666667
0.444,0.738,0.126,0.29,0.29,0,0,0,0,0,0,0.0998,24.166666667,24.166666667
0.444,0.764,0.154,0.355,0.355,0,0,0,0,0,0,0.18,24.166666667,24.166666667
0.792,0.876,0.262,0.635,0.635,0,0,0,0,0,0.833,0.426,24.166666667,24.166666667
0.667,0.828,0.276,0.6,0.6,0,0,0,0,0,0.267,0.384,24.166666667,24.166666667
0.514,0.819,0.383,0.586,0.586,0,0,0,0,0,0,0.218,24.166666667,24.166666667
0.611,0.844,0.578,0.573,0.573,0,0,0,0,0,0,0.0917,24.166666667,24.166666667
0.889,0.778,0.509,0.408,0.408,0,0,0,0,0,0,0.234,24.166666667,24.166666667
1,0.612,0.0528,0.0831,0.0831,0,0,0,0,0,0,0.244,24.166666667,24.166666667
1,0.599,0.0161,0.0577,0.0577,0,0,0,0,0,0,0,24.166666667,24.166666667
1,0.599,0.0161,0.0577,0.0577,0,0,0,0,0,0,0,24.166666667,24.166666667
1,0.599,0.0161,0.0577,0.0577,0,0,0,0,0,0,0,24.166666667,24.166666667
1,0.599,0.0161,0.0577,0.0577,0,0,0,0,0,0,0,17.777777778,23.888888889
1,0.599,0.0161,0.0577,0.0577,0,0,0,0,0,0,0,17.777777778,23.888888889
1,0.599,0.0161,0.0577,0.0577,0,0,0,0,0,0,0,17.777777778,23.888888889
0.958,0.638,0.0242,0.0885,0.0885,0,0,0,0,0,0,0.52,17.777777778,23.888888889
0.694,0.632,0.026,0.115,0.115,0,0,0,0,0,0,0.0999,17.777777778,23.888888889
0.597,0.623,0.0243,0.101,0.101,0,0,0,0,0,0,0.125,17.777777778,23.888888889
0.472,0.633,0.03,0.119,0.119,0,0,0,0,0,0,0.156,17.777777778,23.888888889
0.444,0.629,0.0311,0.114,0.114,0,0,0,0,0,0,0.338,17.777777778,23.888888889
0.5,0.644,0.0414,0.139,0.139,0,0,0,0,0,0,0.625,17.777777778,23.888888889
0.5,0.644,0.0445,0.136,0.136,0,0,0,0,0,0,0.488,24.166666667,24.166666667
0.389,0.614,0.026,0.083,0.083,0,0,0,0,0,0,0,24.166666667,24.166666667
0.181,0.618,0.0305,0.0887,0.0887,0,0,0,0,0,0,0.2,24.166666667,24.166666667
0.264,0.671,0.0743,0.179,0.179,0.184,0.167,0,0,0,0,0.484,24.166666667,24.166666667
0.611,0.789,0.168,0.376,0.376,0.723,1,0,0,0,0,0.282,24.166666667,24.166666667
0.667,0.847,0.223,0.504,0.504,0.895,0.2,0,0,0,0,0.182,24.166666667,24.166666667
0.667,0.888,0.273,0.66,0.66,0.351,0.417,0,0,0,0,0.0998,24.166666667,24.166666667
0.792,0.962,0.429,0.919,0.919,0.738,0.117,0,0,0,0,0.246,24.166666667,24.166666667
0.667,0.862,0.453,0.689,0.689,0.537,0,0,0,0,0,0.216,24.166666667,24.166666667
0.694,0.799,0.474,0.481,0.481,0.103,0,0,0,0,0,0.299,24.166666667,24.166666667
0.861,0.768,0.483,0.388,0.388,0,0,0,0,0,0,0.195,24.166666667,24.166666667
1,0.742,0.35,0.376,0.376,0,0,0,0,0,0,0.26,24.166666667,24.166666667
1,0.609,0.038,0.0796,0.0796,0,0,0,0,0,0,0.104,24.166666667,24.166666667
1,0.599,0.0182,0.0577,0.0577,0,0,0,0,0,0,0,24.166666667,24.166666667
1,0.599,0.0184,0.0577,0.0577,0,0,0,0,0,0,0,24.166666667,24.166666667
1,0.599,0.0184,0.0577,0.0577,0,0,0,0,0,0,0,17.777777778,23.888888889
1,0.599,0.0184,0.0577,0.0577,0,0,0,0,0,0,0,17.777777778,23.888888889
0.847,0.603,0.0187,0.0579,0.0579,0,0,0,0,0,0.167,0,17.777777778,23.888888889
0.681,0.601,0.0185,0.0578,0.0578,0,0,0,0,0,0.383,0,17.777777778,23.888888889
0.667,0.628,0.0251,0.111,0.111,0,0,0,0,0,0,0.266,17.777777778,23.888888889
0.667,0.64,0.0333,0.133,0.133,0,0,0,0,0,0,0.0665,17.777777778,23.888888889
0.569,0.701,0.0799,0.241,0.241,0,0,0,0,0,0,0.44,17.777777778,23.888888889
0.333,0.644,0.0554,0.141,0.141,0,0,0,0,0,0,0.166,17.777777778,23.888888889
0.264,0.625,0.0443,0.105,0.105,0,0,0,0,0,0,0.0665,17.777777778,23.888888889
0.236,0.618,0.0394,0.0901,0.0901,0,0,0,0,0,0,0,24.166666667,24.166666667
0.486,0.686,0.122,0.202,0.202,0,0,0,0,0,0,0.166,24.166666667,24.166666667
0.347,0.667,0.114,0.169,0.169,0,0,0,0,0,0,0.271,24.166666667,24.166666667
0.361,0.697,0.178,0.223,0.223,0,0,0,0,0,0.267,0.133,24.166666667,24.166666667
0.611,0.789,0.318,0.376,0.376,0,0,0.224,0.917,0,0,0.0665,24.166666667,24.166666667
0.486,0.779,0.269,0.381,0.381,0,0,0.68,0.0667,0.55,0,0.26,24.166666667,24.166666667
0.333,0.744,0.197,0.359,0.359,0,0,0.631,0,0,0,0.2,24.166666667,24.166666667
0.153,0.669,0.113,0.221,0.221,0,0,0.11,0,0,0,0.0665,24.166666667,24.166666667
0.139,0.66,0.135,0.204,0.204,0,0,0,0,0,0,0.402,24.166666667,24.166666667
0.444,0.777,0.456,0.432,0.432,0,0,0,0,0,0.55,0.0665,24.166666667,24.166666667
0.5,0.751,0.454,0.355,0.355,0,0,0,0,0,0,0,24.166666667,24.166666667
0.611,0.669,0.195,0.213,0.213,0,0,0,0,0,0,0,24.166666667,24.166666667
0.819,0.678,0.142,0.173,0.173,0,0,0,0,0,0,0.065,24.166666667,24.166666667
0.833,0.604,0.0253,0.0642,0.0642,0,0,0,0,0,0,0,24.166666667,24.166666667
0.833,0.599,0.0184,0.0577,0.0577,0,0,0,0,0,0,0,24.166666667,24.166666667
0.833,0.599,0.0184,0.0577,0.0577,0,0,0,0,0,0,0,17.777777778,23.888888889
0.833,0.599,0.0184,0.0577,0.0577,0,0,0,0,0,0,0,17.777777778,23.888888889
0.986,0.622,0.0199,0.0586,0.0586,0,0,0,0,0,0,0.352,17.777777778,23.888888889
1,0.624,0.0213,0.0756,0.0756,0,0,0,0,0,0,0.547,17.777777778,23.888888889
1,0.63,0.0254,0.113,0.113,0,0,0,0,0,0,0.245,17.777777778,23.888888889
1,0.668,0.0437,0.184,0.184,0,0,0,0,0,0,0.215,17.777777778,23.888888889
0.847,0.689,0.072,0.22,0.22,0,0,0,0,0,0,0.239,17.777777778,23.888888889
0.764,0.69,0.0923,0.225,0.225,0,0,0,0,0,0,0.305,17.777777778,23.888888889
0.667,0.648,0.0665,0.146,0.146,0,0,0,0,0,0.267,0.0998,17.777777778,23.888888889
0.694,0.682,0.11,0.2,0.2,0,0,0,0,0,0,0.166,24.166666667,24.166666667
0.833,0.819,0.28,0.421,0.421,0,0,0,0,0,0.917,0.0665,24.166666667,24.166666667
0.833,0.826,0.338,0.43,0.43,0,0,0,0,0,0.767,0.2,24.166666667,24.166666667
0.833,0.807,0.355,0.407,0.407,0,0,0,0,0,0,0.0998,24.166666667,24.166666667
0.833,0.841,0.399,0.463,0.463,0,0,0,0,0,0,0.231,24.166666667,24.166666667
0.806,0.898,0.435,0.597,0.597,0,0,0,0,0,0,0.218,24.166666667,24.166666667
0.736,0.919,0.413,0.725,0.725,0,0,0,0,0,0.917,0.384,24.166666667,24.166666667
0.681,0.91,0.445,0.794,0.794,0,0,0,0,0,0.9,0.0453,24.166666667,24.166666667
0.667,0.893,0.569,0.762,0.762,0,0,0,0,0,1,0.243,24.166666667,24.166666667
0.667,0.866,0.673,0.622,0.622,0,0,0,0,0,1,0,24.166666667,24.166666667
0.667,0.813,0.633,0.476,0.476,0,0,0,0,0,1,0.0665,24.166666667,24.166666667
0.667,0.758,0.418,0.413,0.413,0,0,0,0,0,0.25,0.152,24.166666667,24.166666667
0.819,0.64,0.0919,0.126,0.126,0,0,0,0,0,0,0.183,24.166666667,24.166666667
0.833,0.599,0.0163,0.0577,0.0577,0,0,0,0,0,0,0,24.166666667,24.166666667
0.833,0.599,0.0161,0.0577,0.0577,0,0,0,0,0,0,0,24.166666667,24.166666667
0.833,0.599,0.0161,0.0577,0.0577,0,0,0,0,0,0,0,17.777777778,23.888888889
0.986,0.599,0.0161,0.0577,0.0577,0,0,0,0,0,0,0,17.777777778,23.888888889
0.847,0.599,0.0161,0.0577,0.0577,0,0,0,0,0,0,0,17.777777778,23.888888889
0.833,0.609,0.0182,0.0658,0.0658,0,0,0,0,0,0,0.0665,17.777777778,23.888888889
0.708,0.627,0.0248,0.108,0.108,0,0,0,0,0,0,0.24,17.777777778,23.888888889
0.694,0.646,0.0324,0.144,0.144,0,0,0,0,0,0,0.561,17.777777778,23.888888889
0.5,0.641,0.0332,0.133,0.133,0,0,0,0,0,0,0.158,17.777777778,23.888888889
0.431,0.644,0.0383,0.141,0.141,0,0,0,0,0,0,0.266,17.777777778,23.888888889
0.333,0.667,0.0542,0.18,0.18,0,0,0,0,0,0,0.263,17.777777778,23.888888889
0.333,0.644,0.0445,0.136,0.136,0,0,0,0,0,0,0.257,24.166666667,24.166666667
0.333,0.644,0.0463,0.133,0.133,0,0,0,0,0,0,0.469,24.166666667,24.166666667
0.333,0.644,0.0504,0.132,0.132,0,0,0,0,0,0,0.166,24.166666667,24.166666667
0.181,0.603,0.019,0.0639,0.0639,0,0,0,0,0,0,0,24.166666667,24.166666667
0.375,0.686,0.0855,0.204,0.204,0,0,0.0954,0.167,0,0,0.133,24.166666667,24.166666667
0.667,0.847,0.223,0.504,0.504,0,0,0.588,0.817,0.183,0,0.166,24.166666667,24.166666667
0.694,0.9,0.283,0.686,0.686,0,0,0.39,0,1,0.267,0.2,24.166666667,24.166666667
0.833,0.981,0.45,0.962,0.962,0.474,0.667,0,0,0.2,0,0.233,24.166666667,24.166666667
0.722,0.918,0.543,0.821,0.821,0.351,0.7,0,0,0,0,0.0998,24.166666667,24.166666667
0.708,0.883,0.666,0.657,0.657,0,0,0,0,0,0,0.0924,24.166666667,24.166666667
0.667,0.813,0.607,0.476,0.476,0,0,0,0,0,0,0.134,24.166666667,24.166666667
0.667,0.706,0.27,0.296,0.296,0,0,0,0,0,0,0.0576,24.166666667,24.166666667
0.778,0.612,0.0398,0.082,0.082,0,0,0,0,0,0,0,24.166666667,24.166666667
0.833,0.599,0.0161,0.0577,0.0577,0,0,0,0,0,0,0,24.166666667,24.166666667
0.833,0.599,0.0161,0.0577,0.0577,0,0,0,0,0,0,0,24.166666667,24.166666667
0.833,0.599,0.0161,0.0577,0.0577,0,0,0,0,0,0,0,17.777777778,23.888888889
0.861,0.603,0.0161,0.0577,0.0577,0,0,0,0,0,0,0.161,17.777777778,23.888888889
1,0.624,0.018,0.0586,0.0586,0,0,0,0,0,0.833,0.2,17.777777778,23.888888889
1,0.628,0.0218,0.0788,0.0788,0,0,0,0,0,0,0.181,17.777777778,23.888888889
0.861,0.693,0.0451,0.227,0.227,0,0,0,0,0,0,0.361,17.777777778,23.888888889
0.444,0.702,0.0521,0.246,0.246,0,0,0,0,0,0.55,0.225,17.777777778,23.888888889
0.333,0.689,0.0527,0.22,0.22,0,0,0,0,0,0,0.142,17.777777778,23.888888889
0.306,0.682,0.0568,0.211,0.211,0,0,0,0,0,0,0.16,17.777777778,23.888888889
0.167,0.644,0.0414,0.139,0.139,0,0,0,0,0,0,0.146,17.777777778,23.888888889
0.167,0.644,0.0445,0.136,0.136,0,0,0,0,0,0,0.13,24.166666667,24.166666667
0.167,0.644,0.0463,0.133,0.133,0,0,0,0,0,0,0.214,24.166666667,24.166666667
0.167,0.644,0.0504,0.132,0.132,0,0,0,0,0,0,0.133,24.166666667,24.166666667
0.167,0.644,0.0528,0.134,0.134,0,0,0,0,0,0,0.333,24.166666667,24.166666667
0.278,0.686,0.0852,0.203,0.203,0,0,0,0,0,0.667,0.255,24.166666667,24.166666667
0.528,0.796,0.181,0.414,0.414,0,0,0,0,0,0.433,0.349,24.166666667,24.166666667
0.611,0.865,0.252,0.612,0.612,0,0,0,0,0,0,0.307,24.166666667,24.166666667
0.542,0.847,0.296,0.644,0.644,0.58,0.267,0,0,0,0.55,0.2,24.166666667,24.166666667
0.667,0.893,0.505,0.762,0.762,0.599,0,0,0,0,0,0.258,24.166666667,24.166666667
0.778,0.899,0.705,0.691,0.691,0,0,0,0,0,0,0,24.166666667,24.166666667
0.903,0.835,0.668,0.518,0.518,0,0,0,0,0,0,0.322,24.166666667,24.166666667
1,0.756,0.385,0.406,0.406,0,0,0,0,0,0,0.278,24.166666667,24.166666667
1,0.667,0.114,0.16,0.16,0,0,0,0,0,0,0.284,24.166666667,24.166666667
0.972,0.616,0.0289,0.0714,0.0714,0,0,0,0,0,0,0.116,24.166666667,24.166666667
0.833,0.599,0.0161,0.0577,0.0577,0,0,0,0,0,0,0.0814,24.166666667,24.166666667
0.986,0.622,0.0172,0.0577,0.0577,0,0,0,0,0,0,0.0998,17.777777778,23.888888889
1,0.624,0.0165,0.0577,0.0577,0,0,0,0,0,0,0.2,17.777777778,23.888888889
1,0.624,0.018,0.0586,0.0586,0,0,0,0,0,0,0.0998,17.777777778,23.888888889
1,0.624,0.021,0.0756,0.0756,0,0,0,0,0,0,0.0665,17.777777778,23.888888889
0.778,0.617,0.0215,0.0886,0.0886,0,0,0,0,0,0,0.183,17.777777778,23.888888889
0.639,0.669,0.0406,0.186,0.186,0,0,0,0,0,0,0.309,17.777777778,23.888888889
0.681,0.693,0.0546,0.227,0.227,0,0,0,0,0,0,0.427,17.777777778,23.888888889
0.569,0.663,0.047,0.176,0.176,0.711,0.917,0,0,0,0,0.256,17.777777778,23.888888889
0.347,0.644,0.0414,0.139,0.139,0,0.45,0,0,0,0,0.299,17.777777778,23.888888889
0.222,0.614,0.0254,0.0839,0.0839,0,0,0,0,0,0,0.0998,24.166666667,24.166666667
0.208,0.652,0.0515,0.145,0.145,0,0,0,0,0,0,0.341,24.166666667,24.166666667
0.319,0.675,0.0736,0.182,0.182,0,0,0,0,0,0.417,0.133,24.166666667,24.166666667
0.333,0.69,0.0895,0.21,0.21,0,0,0,0,0,1,0.333,24.166666667,24.166666667
0.292,0.689,0.0882,0.209,0.209,0,0,0,0,0,0.267,0.148,24.166666667,24.166666667
0.361,0.733,0.128,0.3,0.3,0,0,0,0,0,0,0.0758,24.166666667,24.166666667
0.569,0.846,0.236,0.574,0.574,0,0,0,0,0,0.267,0.166,24.166666667,24.166666667
0.667,0.904,0.363,0.781,0.781,0,0,0,0,0,0,0.2,24.166666667,24.166666667
0.667,0.893,0.505,0.762,0.762,0,0,0,0,0,0,0.133,24.166666667,24.166666667
0.694,0.866,0.627,0.622,0.622,0,0,0,0,0,0,0.0333,24.166666667,24.166666667
0.833,0.791,0.545,0.434,0.434,0,0,0,0,0,0,0,24.166666667,24.166666667
0.833,0.686,0.221,0.251,0.251,0,0,0,0,0,0,0,24.166666667,24.166666667
0.986,0.623,0.0507,0.0941,0.0941,0,0,0,0,0,0,0.14,24.166666667,24.166666667
1,0.599,0.0161,0.0577,0.0577,0,0,0,0,0,0,0,24.166666667,24.166666667
1,0.599,0.0161,0.0577,0.0577,0,0,0,0,0,0,0,24.166666667,24.166666667
1,0.599,0.0161,0.0577,0.0577,0,0,0,0,0,0,0,17.777777778,23.888888889
1,0.599,0.0161,0.0577,0.0577,0,0,0,0,0,0,0,17.777777778,23.888888889
0.847,0.599,0.0161,0.0577,0.0577,0,0,0,0,0,0,0,17.777777778,23.888888889
0.833,0.644,0.0255,0.0933,0.0933,0,0,0,0,0,0,0.81,17.777777778,23.888888889
0.833,0.687,0.0434,0.217,0.217,0,0,0,0,0,0,0.532,17.777777778,23.888888889
0.764,0.764,0.0734,0.359,0.359,0,0,0,0,0,0.167,0.4,17.777777778,23.888888889
0.514,0.738,0.0722,0.308,0.308,0,0,0,0,0,0.95,0.837,17.777777778,23.888888889
0.5,0.735,0.0827,0.309,0.309,0,0,0,0,0,0,0.411,17.777777778,23.888888889
0.319,0.686,0.0644,0.214,0.214,0,0,0,0,0,0,0.098,17.777777778,23.888888889
0.236,0.663,0.0564,0.168,0.168,0,0,0,0,0,0,0.2,24.166666667,24.166666667
0.403,0.709,0.0892,0.24,0.24,0,0,0,0,0,0,0.0998,24.166666667,24.166666667
0.5,0.735,0.119,0.281,0.281,0,0,0,0,0,0,0.233,24.166666667,24.166666667
0.347,0.694,0.0924,0.216,0.216,0,0,0,0,0,0,0.233,24.166666667,24.166666667
0.278,0.685,0.0848,0.202,0.202,0,0,0,0,0,0,0.0998,24.166666667,24.166666667
0.653,0.842,0.219,0.497,0.497,0,0,0,0,0,0.667,0.167,24.166666667,24.166666667
0.75,0.925,0.305,0.737,0.737,0,0,0,0,0,1,0.299,24.166666667,24.166666667
0.639,0.892,0.348,0.751,0.751,0,0,0,0,0,0.3,0.0656,24.166666667,24.166666667
0.5,0.819,0.383,0.586,0.586,0,0,0,0,0,0,0.0665,24.166666667,24.166666667
0.569,0.827,0.539,0.539,0.539,0,0,0,0,0,0,0.209,24.166666667,24.166666667
0.667,0.791,0.545,0.434,0.434,0,0,0,0,0,0,0.572,24.166666667,24.166666667
0.667,0.628,0.0894,0.12,0.12,0,0,0,0,0,0,0,24.166666667,24.166666667
0.667,0.602,0.0234,0.065,0.065,0,0,0,0,0,0,0,24.166666667,24.166666667
0.667,0.599,0.0161,0.0577,0.0577,0,0,0,0,0,0,0,24.166666667,24.166666667
0.889,0.632,0.0229,0.0641,0.0641,0,0,0,0,0,0.267,0.299,24.166666667,24.166666667
1,0.615,0.0175,0.0585,0.0585,0,0,0,0,0,0,0.0665,17.777777778,23.888888889
1,0.599,0.0161,0.0577,0.0577,0,0,0,0,0,0,0,17.777777778,23.888888889
1,0.622,0.018,0.0586,0.0586,0,0,0,0,0,0.917,0.2,17.777777778,23.888888889
0.972,0.642,0.0248,0.0902,0.0902,0,0,0,0,0,1,0.0941,17.777777778,23.888888889
0.764,0.646,0.0306,0.142,0.142,0,0,0,0,0,0.333,0.233,17.777777778,23.888888889
0.667,0.64,0.0304,0.133,0.133,0,0,0,0,0,0.55,0.0998,17.777777778,23.888888889
0.639,0.72,0.0654,0.275,0.275,0,0,0.385,0.667,0,0,0.266,17.777777778,23.888888889
0.5,0.69,0.0605,0.225,0.225,0,0,0.68,0.317,0.683,0,0.0665,17.777777778,23.888888889
0.5,0.69,0.0668,0.221,0.221,0,0,0.37,0,0.967,0,0.0665,17.777777778,23.888888889
0.5,0.732,0.0991,0.285,0.285,0,0,0.553,0,0,0.917,0.0998,24.166666667,24.166666667
0.5,0.735,0.107,0.284,0.284,0,0,0.485,0,0,0.483,0.136,24.166666667,24.166666667
0.5,0.735,0.119,0.281,0.281,0,0,0.749,0,0,0,0.318,24.166666667,24.166666667
0.5,0.735,0.126,0.287,0.287,0,0,0.409,0.167,0,0,0.527,24.166666667,24.166666667
0.472,0.746,0.133,0.303,0.303,0,0,0.499,0.817,0.183,0,0.252,24.166666667,24.166666667
0.361,0.733,0.128,0.3,0.3,0,0,0.925,0,0.367,0,0.181,24.166666667,24.166666667
0.611,0.865,0.252,0.612,0.612,0,0,0.38,0,0,0,0.0519,24.166666667,24.166666667
0.556,0.853,0.304,0.659,0.659,0,0,0.822,0,0,0,0.0998,24.166666667,24.166666667
0.611,0.868,0.466,0.703,0.703,0,0,0.482,0,0,0,0.266,24.166666667,24.166666667
0.778,0.872,0.64,0.634,0.634,0,0,0,0,0,0,0.0895,24.166666667,24.166666667
0.833,0.738,0.398,0.329,0.329,0,0,0,0,0,0,0.226,24.166666667,24.166666667
0.986,0.637,0.106,0.14,0.14,0,0,0,0,0,0,0.0252,24.166666667,24.166666667
1,0.599,0.0161,0.0577,0.0577,0,0,0,0,0,0,0,24.166666667,24.166666667
1,0.599,0.0182,0.0577,0.0577,0,0,0,0,0,0,0,24.166666667,24.166666667
1,0.599,0.0184,0.0577,0.0577,0,0,0,0,0,0,0,24.166666667,24.166666667
1,0.599,0.0184,0.0577,0.0577,0,0,0,0,0,0,0,17.777777778,23.888888889
1,0.599,0.0184,0.0577,0.0577,0,0,0,0,0,0,0,17.777777778,23.888888889
1,0.622,0.0199,0.0586,0.0586,0,0,0,0,0,0,0.158,17.777777778,23.888888889
1,0.624,0.0213,0.0756,0.0756,0,0,0,0,0,0,0.132,17.777777778,23.888888889
0.931,0.617,0.0223,0.0886,0.0886,0,0,0,0,0,0,0.253,17.777777778,23.888888889
0.833,0.616,0.0249,0.0897,0.0897,0,0,0,0,0,0,0.0665,17.777777778,23.888888889
0.806,0.655,0.0521,0.159,0.159,0,0,0,0,0,0.417,0.2,17.777777778,23.888888889
0.778,0.675,0.0806,0.197,0.197,0,0,0,0,0,0.133,0.0998,17.777777778,23.888888889
0.833,0.773,0.192,0.37,0.37,0,0,0,0,0,0.917,0.28,17.777777778,23.888888889
0.833,0.781,0.219,0.37,0.37,0,0,0,0,0,0.767,0.273,24.166666667,24.166666667
0.681,0.781,0.234,0.359,0.359,0,0,0,0,0,0,0.589,24.166666667,24.166666667
0.514,0.709,0.171,0.238,0.238,0,0,0,0,0,0.167,0.285,24.166666667,24.166666667
0.347,0.69,0.165,0.21,0.21,0,0,0,0,0,0.1,0.233,24.166666667,24.166666667
0.333,0.703,0.181,0.231,0.231,0,0,0,0,0,0,0.42,24.166666667,24.166666667
0.361,0.733,0.205,0.3,0.3,0,0,0,0,0,0,0.296,24.166666667,24.166666667
0.431,0.785,0.249,0.446,0.446,0,0,0,0,0,0.55,0.283,24.166666667,24.166666667
0.514,0.835,0.343,0.618,0.618,0,0,0,0,0,0,0.0881,24.166666667,24.166666667
0.778,0.942,0.662,0.879,0.879,0.165,0.167,0,0,0,0,0.238,24.166666667,24.166666667
0.903,0.961,0.905,0.821,0.821,0.304,0.367,0,0,0,0,0.25,24.166666667,24.166666667
0.847,0.872,0.801,0.592,0.592,0,0,0,0,0,0,0.0721,24.166666667,24.166666667
0.944,0.772,0.455,0.443,0.443,0,0,0,0,0,0,0.182,24.166666667,24.166666667
1,0.703,0.186,0.213,0.213,0,0,0,0,0,0,0.195,24.166666667,24.166666667
1,0.651,0.0583,0.0938,0.0938,0,0,0,0,0,0,0.0715,24.166666667,24.166666667
0.917,0.636,0.0297,0.0665,0.0665,0,0,0,0,0,0,0.321,24.166666667,24.166666667
1,0.626,0.0214,0.0585,0.0585,0,0,0,0,0,0,0.111,17.777777778,23.888888889
1,0.62,0.0189,0.0577,0.0577,0,0,0,0,0,0,0.0665,17.777777778,23.888888889
0.847,0.599,0.0184,0.0577,0.0577,0,0,0,0,0,0,0,17.777777778,23.888888889
0.833,0.609,0.0196,0.0658,0.0658,0,0,0,0,0,0,0.125,17.777777778,23.888888889
0.833,0.63,0.0254,0.113,0.113,0,0,0,0,0,0,0.351,17.777777778,23.888888889
0.833,0.64,0.0333,0.133,0.133,0,0,0,0,0,0,0.15,17.777777778,23.888888889
0.806,0.72,0.0915,0.275,0.275,0,0,0,0,0,0.55,0.317,17.777777778,23.888888889
0.819,0.69,0.0923,0.225,0.225,0,0,0,0,0,0,0.339,17.777777778,23.888888889
0.653,0.724,0.143,0.282,0.282,0,0,0,0,0,0,0.0553,17.777777778,23.888888889
0.611,0.72,0.152,0.265,0.265,0,0,0,0,0,0,0.295,24.166666667,24.166666667
0.514,0.694,0.131,0.215,0.215,0,0,0,0,0,0,0.327,24.166666667,24.166666667
0.5,0.69,0.146,0.207,0.207,0,0,0,0,0,0,0.0665,24.166666667,24.166666667
0.681,0.739,0.246,0.293,0.293,0.132,0.167,0,0,0,0,0.362,24.166666667,24.166666667
0.681,0.75,0.255,0.31,0.31,0.6,1,0,0,0,0,0.413,24.166666667,24.166666667
0.694,0.733,0.205,0.3,0.3,0,0.2,0.0191,0.167,0,0,0.166,24.166666667,24.166666667
0.764,0.785,0.249,0.446,0.446,0,0,0.453,0.817,0.183,0,0.166,24.166666667,24.166666667
0.583,0.713,0.175,0.328,0.328,0,0,0.577,0,0.0833,0,0,24.166666667,24.166666667
0.514,0.679,0.165,0.249,0.249,0,0,0.192,0,0,0,0,24.166666667,24.166666667
0.639,0.732,0.348,0.337,0.337,0.118,0.167,0,0,0,0.167,0.22,24.166666667,24.166666667
0.861,0.822,0.659,0.493,0.493,0.544,1,0,0,0,1,0,24.166666667,24.166666667
1,0.782,0.479,0.465,0.465,0.873,0.2,0,0,0,0.233,0.527,24.166666667,24.166666667
1,0.678,0.148,0.177,0.177,0,0,0,0,0,0,0.0998,24.166666667,24.166666667
1,0.626,0.0355,0.0774,0.0774,0,0,0,0,0,0,0.0333,24.166666667,24.166666667
1,0.601,0.0172,0.0589,0.0589,0,0,0,0,0,0,0,24.166666667,24.166666667
1,0.599,0.0161,0.0577,0.0577,0,0,0,0,0,0,0,17.777777778,23.888888889
1,0.599,0.0161,0.0577,0.0577,0,0,0,0,0,0,0,17.777777778,23.888888889
1,0.667,0.0219,0.0605,0.0605,0,0,0,0,0,0,0.654,17.777777778,23.888888889
1,0.696,0.0355,0.129,0.129,0,0,0,0,0,0,0.387,17.777777778,23.888888889
1,0.781,0.0724,0.387,0.387,0,0,0,0,0,0.417,0.562,17.777777778,23.888888889
0.806,0.797,0.0848,0.419,0.419,0,0,0,0,0,0.7,0.425,17.777777778,23.888888889
0.25,0.667,0.0434,0.179,0.179,0,0,0,0,0,0,0.171,17.777777778,23.888888889
0.181,0.648,0.0398,0.148,0.148,0,0,0,0,0,0,0.0998,17.777777778,23.888888889
0.167,0.644,0.0414,0.139,0.139,0,0,0,0,0,0,0.233,17.777777778,23.888888889
0.194,0.652,0.0492,0.149,0.149,0,0,0,0,0,0,0.288,24.166666667,24.166666667
0.361,0.69,0.0765,0.208,0.208,0.588,0.667,0,0,0,0,0.251,24.166666667,24.166666667
0.236,0.618,0.0298,0.0888,0.0888,0.26,0.417,0,0,0,0,0.0333,24.166666667,24.166666667
0.236,0.637,0.0468,0.121,0.121,0,0,0,0,0,0.167,0.0665,24.166666667,24.166666667
0.333,0.703,0.0986,0.231,0.231,0,0,0,0,0,0.667,0.366,24.166666667,24.166666667
0.486,0.78,0.168,0.385,0.385,0,0,0,0,0,0,0.499,24.166666667,24.166666667
0.653,0.883,0.268,0.651,0.651,0,0,0,0,0,0,0.0333,24.166666667,24.166666667
0.611,0.879,0.333,0.72,0.72,0,0,0,0,0,0,0.247,24.166666667,24.166666667
0.764,0.936,0.575,0.865,0.865,0.107,0.167,0,0,0,0,0.227,24.166666667,24.166666667
0.667,0.866,0.627,0.622,0.622,0.788,1,0,0,0,0,0,24.166666667,24.166666667
0.819,0.826,0.643,0.501,0.501,0,0.2,0,0,0,0,0.449,24.166666667,24.166666667
0.833,0.751,0.372,0.398,0.398,0,0,0,0,0,0,0,24.166666667,24.166666667
0.833,0.674,0.123,0.17,0.17,0,0,0,0,0,0,0,24.166666667,24.166666667
0.944,0.622,0.0322,0.075,0.075,0,0,0,0,0,0,0,24.166666667,24.166666667
1,0.599,0.0161,0.0577,0.0577,0,0,0,0,0,0,0,24.166666667,24.166666667
1,0.599,0.0161,0.0577,0.0577,0,0,0,0,0,0,0,17.777777778,23.888888889
0.972,0.599,0.0161,0.0577,0.0577,0,0,0,0,0,0,0,17.777777778,23.888888889
0.833,0.609,0.0169,0.0581,0.0581,0,0,0,0,0,0,0.211,17.777777778,23.888888889
0.764,0.636,0.0235,0.0853,0.0853,0,0,0,0,0,0.833,0.283,17.777777778,23.888888889
0.597,0.646,0.0306,0.142,0.142,0,0,0,0,0,0,0.325,17.777777778,23.888888889
0.278,0.623,0.0243,0.101,0.101,0,0,0,0,0,0,0.299,17.777777778,23.888888889
0.167,0.599,0.0161,0.0577,0.0577,0,0,0,0,0,0,0,17.777777778,23.888888889
0.167,0.599,0.0161,0.0577,0.0577,0,0,0,0,0,0,0,17.777777778,23.888888889
0.167,0.641,0.0395,0.132,0.132,0,0,0,0,0,0,0.0333,17.777777778,23.888888889
0.236,0.663,0.0564,0.168,0.168,0,0,0,0,0,0.417,0.0665,24.166666667,24.166666667
0.333,0.69,0.0765,0.208,0.208,0,0,0,0,0,0.133,0.0998,24.166666667,24.166666667
0.264,0.671,0.0703,0.176,0.176,0,0,0,0,0,0,0.166,24.166666667,24.166666667
0.194,0.652,0.0589,0.147,0.147,0,0,0,0,0,0,0.0998,24.166666667,24.166666667
0.403,0.724,0.116,0.268,0.268,0.749,0.817,0,0,0,0.417,0.466,24.166666667,24.166666667
0.5,0.785,0.171,0.393,0.393,0.241,0,0,0,0,1,0.166,24.166666667,24.166666667
0.5,0.816,0.208,0.51,0.51,0,0,0,0,0,0.55,0.133,24.166666667,24.166666667
0.611,0.879,0.335,0.722,0.722,0,0,0,0,0,0.667,0.185,24.166666667,24.166666667
0.667,0.893,0.505,0.762,0.762,0,0,0,0,0,1,0.233,24.166666667,24.166666667
0.694,0.877,0.653,0.645,0.645,0,0,0,0,0,0.867,0.159,24.166666667,24.166666667
0.833,0.771,0.485,0.395,0.395,0,0,0,0,0,0,0.0333,24.166666667,24.166666667
0.833,0.702,0.258,0.287,0.287,0,0,0,0,0,0,0.0665,24.166666667,24.166666667
0.833,0.638,0.0732,0.118,0.118,0,0,0,0,0,0,0,24.166666667,24.166666667
0.986,0.601,0.0191,0.0609,0.0609,0,0,0,0,0,0,0,24.166666667,24.166666667
1,0.599,0.0161,0.0577,0.0577,0,0,0,0,0,0,0,24.166666667,24.166666667
1,0.599,0.0161,0.0577,0.0577,0,0,0,0,0,0,0,17.777777778,23.888888889
1,0.599,0.0161,0.0577,0.0577,0,0,0,0,0,0,0,17.777777778,23.888888889
1,0.644,0.0199,0.0596,0.0596,0,0,0,0,0,0.55,0.528,17.777777778,23.888888889
0.972,0.655,0.0272,0.0984,0.0984,0,0,0,0,0,0,0.28,17.777777778,23.888888889
0.806,0.656,0.0335,0.159,0.159,0,0,0,0,0,0,0.192,17.777777778,23.888888889
0.514,0.64,0.0304,0.133,0.133,0,0,0,0,0,0.667,0.2,17.777777778,23.888888889
0.472,0.655,0.039,0.159,0.159,0,0,0,0,0,0.167,0.0333,17.777777778,23.888888889
0.181,0.603,0.0176,0.0645,0.0645,0,0,0,0,0,0,0,17.777777778,23.888888889
0.167,0.641,0.0395,0.132,0.132,0,0,0,0,0,0,0.133,17.777777778,23.888888889
0.167,0.644,0.0445,0.136,0.136,0,0,0,0,0,0,0.426,24.166666667,24.166666667
0.0139,0.603,0.0185,0.0642,0.0642,0,0,0,0,0,0,0,24.166666667,24.166666667
0.0556,0.606,0.0219,0.0701,0.0701,0,0,0,0,0,0,0.0665,24.166666667,24.166666667
0.403,0.663,0.0682,0.166,0.166,0,0,0,0,0,0,0.133,24.166666667,24.166666667
0.472,0.694,0.0917,0.216,0.216,0,0,0,0,0,0,0.133,24.166666667,24.166666667
0.361,0.671,0.0765,0.188,0.188,0,0,0,0,0,0,0.166,24.166666667,24.166666667
0.722,0.908,0.291,0.706,0.706,0,0,0,0,0,0.267,0.233,24.166666667,24.166666667
0.833,0.981,0.45,0.962,0.962,0.926,0.533,0,0,0,0,0.0998,24.166666667,24.166666667
0.764,0.936,0.575,0.865,0.865,0.181,0,0,0,0,0,0.366,24.166666667,24.166666667
0.667,0.806,0.485,0.496,0.496,0.302,0.417,0,0,0,0,0,24.166666667,24.166666667
0.667,0.76,0.459,0.371,0.371,0.609,0.667,0,0,0,0.917,0.138,24.166666667,24.166666667
0.819,0.676,0.199,0.229,0.229,0.857,0,0,0,0,0.767,0.0961,24.166666667,24.166666667
0.986,0.628,0.0568,0.101,0.101,0,0,0,0,0,0,0.141,24.166666667,24.166666667
1,0.601,0.0191,0.0609,0.0609,0,0,0,0,0,0,0,24.166666667,24.166666667
1,0.599,0.0161,0.0577,0.0577,0,0,0,0,0,0,0,24.166666667,24.166666667
1,0.599,0.0161,0.0577,0.0577,0,0,0,0,0,0,0,17.777777778,23.888888889
1,0.599,0.0161,0.0577,0.0577,0,0,0,0,0,0,0,17.777777778,23.888888889
1,0.599,0.0161,0.0577,0.0577,0,0,0,0,0,0,0,17.777777778,23.888888889
0.972,0.605,0.0174,0.0626,0.0626,0,0,0,0,0,0,0.177,17.777777778,23.888888889
0.694,0.689,0.0442,0.224,0.224,0,0,0,0,0,0,0.171,17.777777778,23.888888889
0.5,0.681,0.0447,0.208,0.208,0,0,0,0,0,0,0.3,17.777777778,23.888888889
0.472,0.682,0.0496,0.207,0.207,0,0,0,0,0,0,0.164,17.777777778,23.888888889
0.264,0.667,0.0496,0.183,0.183,0,0,0,0,0,0,0.252,17.777777778,23.888888889
0.167,0.644,0.0414,0.139,0.139,0,0,0,0,0,0,0.133,17.777777778,23.888888889
0.167,0.644,0.0445,0.136,0.136,0,0,0,0,0,0,0.0998,24.166666667,24.166666667
0.278,0.675,0.0666,0.183,0.183,0,0,0.407,0.917,0,0,0.133,24.166666667,24.166666667
0.25,0.648,0.053,0.138,0.138,0,0,0.846,0.0667,0.817,0,0.166,24.166666667,24.166666667
0.333,0.644,0.0528,0.134,0.134,0,0,0.404,0,0,0,0.0998,24.166666667,24.166666667
0.333,0.651,0.0574,0.144,0.144,0,0,0.369,0,0,0,0.2,24.166666667,24.166666667
0.403,0.687,0.0896,0.217,0.217,0,0,0.633,0,0,0,0.279,24.166666667,24.166666667
0.681,0.823,0.215,0.526,0.526,0,0,0.278,0,0,0,0.137,24.166666667,24.166666667
0.833,0.936,0.4,0.857,0.857,0,0,0,0,0,0,0.531,24.166666667,24.166666667
0.764,0.936,0.575,0.865,0.865,0.228,0.167,0,0,0,0,0.216,24.166666667,24.166666667
0.667,0.866,0.627,0.622,0.622,0.45,0.65,0,0,0,0,0.366,24.166666667,24.166666667
0.611,0.748,0.423,0.349,0.349,0,0,0,0,0,0,0,24.166666667,24.166666667
0.986,0.758,0.387,0.413,0.413,0,0,0,0,0,0,0,24.166666667,24.166666667
1,0.715,0.179,0.229,0.229,0,0,0,0,0,0,0.145,24.166666667,24.166666667
1,0.637,0.0439,0.0875,0.0875,0,0,0,0,0,0,0.142,24.166666667,24.166666667
1,0.601,0.0172,0.0589,0.0589,0,0,0,0,0,0,0,24.166666667,24.166666667
1,0.599,0.0161,0.0577,0.0577,0,0,0,0,0,0,0,17.777777778,23.888888889
1,0.599,0.0161,0.0577,0.0577,0,0,0,0,0,0,0,17.777777778,23.888888889
0.847,0.599,0.0161,0.0577,0.0577,0,0,0,0,0,0,0,17.777777778,23.888888889
0.833,0.655,0.0277,0.101,0.101,0,0,0,0,0,0.667,0.502,17.777777778,23.888888889
0.764,0.708,0.0496,0.253,0.253,0,0,0,0,0,0.733,0.345,17.777777778,23.888888889
0.514,0.684,0.0455,0.213,0.213,0,0,0,0,0,0,0.168,17.777777778,23.888888889
0.5,0.708,0.0605,0.254,0.254,0,0,0,0,0,0,0.388,17.777777778,23.888888889
0.278,0.675,0.0527,0.197,0.197,0,0,0,0,0,0.55,0.347,17.777777778,23.888888889
0.167,0.644,0.0414,0.139,0.139,0,0,0,0,0,0,0.266,17.777777778,23.888888889
0.167,0.644,0.0445,0.136,0.136,0,0,0,0,0,0,0.0998,24.166666667,24.166666667
0.167,0.644,0.0463,0.133,0.133,0,0,0,0,0,0,0.133,24.166666667,24.166666667
0.167,0.644,0.0504,0.132,0.132,0,0,0,0,0,0,0.2,24.166666667,24.166666667
0.319,0.686,0.0866,0.204,0.204,0,0,0,0,0,0,0.133,24.166666667,24.166666667
0.597,0.786,0.165,0.37,0.37,0,0,0,0,0,0,0.125,24.166666667,24.166666667
0.694,0.789,0.175,0.4,0.4,0,0,0,0,0,0,0.204,24.166666667,24.166666667
0.764,0.883,0.268,0.651,0.651,0,0,0,0,0,0,0.0998,24.166666667,24.166666667
0.778,0.955,0.422,0.903,0.903,0.526,0.667,0,0,0,0.55,0.233,24.166666667,24.166666667
0.722,0.918,0.543,0.821,0.821,0.644,0.7,0,0,0,0,0.198,24.166666667,24.166666667
0.667,0.866,0.627,0.622,0.622,0.658,0,0,0,0,0,0.259,24.166666667,24.166666667
0.667,0.813,0.607,0.476,0.476,0,0,0,0,0,0,0,24.166666667,24.166666667
0.667,0.706,0.27,0.296,0.296,0,0,0,0,0,0,0,24.166666667,24.166666667
0.819,0.671,0.116,0.163,0.163,0,0,0,0,0,0,0.0946,24.166666667,24.166666667
0.833,0.626,0.039,0.0774,0.0774,0,0,0,0,0,0,0.293,24.166666667,24.166666667
0.833,0.624,0.0257,0.0633,0.0633,0,0,0,0,0,0,0.187,24.166666667,24.166666667
0.833,0.601,0.0189,0.0581,0.0581,0,0,0,0,0,0,0,17.777777778,23.888888889
0.833,0.599,0.0184,0.0577,0.0577,0,0,0,0,0,0,0,17.777777778,23.888888889
0.833,0.599,0.0184,0.0577,0.0577,0,0,0,0,0,0,0,17.777777778,23.888888889
0.833,0.599,0.0184,0.0577,0.0577,0,0,0,0,0,0,0,17.777777778,23.888888889
0.833,0.599,0.0184,0.0577,0.0577,0,0,0,0,0,0,0,17.777777778,23.888888889
0.833,0.599,0.0184,0.0577,0.0577,0,0,0,0,0,0,0,17.777777778,23.888888889
0.833,0.618,0.03,0.0917,0.0917,0,0,0,0,0,0,0.0665,17.777777778,23.888888889
0.833,0.735,0.131,0.309,0.309,0,0,0,0,0,0.417,0.554,17.777777778,23.888888889
0.764,0.804,0.221,0.424,0.424,0,0,0,0,0,0.7,0.323,17.777777778,23.888888889
0.667,0.781,0.219,0.37,0.37,0,0,0,0,0,0,0.127,24.166666667,24.166666667
0.764,0.807,0.266,0.403,0.403,0.344,0.417,0,0,0,0,0.324,24.166666667,24.166666667
0.5,0.705,0.167,0.231,0.231,0.23,0.95,0,0,0,0,0.396,24.166666667,24.166666667
0.375,0.675,0.141,0.185,0.185,0,0,0,0,0,0,0.0998,24.166666667,24.166666667
0.347,0.706,0.188,0.237,0.237,0,0,0,0,0,0,0.166,24.166666667,24.166666667
0.361,0.723,0.191,0.281,0.281,0,0,0,0,0,0.833,0.0665,24.166666667,24.166666667
0.458,0.725,0.175,0.321,0.321,0,0,0,0,0,0,0.367,24.166666667,24.166666667
0.486,0.745,0.219,0.404,0.404,0,0,0,0,0,0,0.2,24.166666667,24.166666667
0.694,0.832,0.455,0.615,0.615,0,0,0,0,0,0,0.224,24.166666667,24.166666667
0.833,0.866,0.673,0.622,0.622,0,0,0,0,0,0,0.337,24.166666667,24.166666667
0.986,0.861,0.773,0.569,0.569,0,0,0,0,0,0,0.155,24.166666667,24.166666667
1,0.798,0.519,0.501,0.501,0,0,0,0,0,0,0.114,24.166666667,24.166666667
1,0.718,0.211,0.236,0.236,0,0,0,0,0,0,0.217,24.166666667,24.166666667
1,0.676,0.0765,0.11,0.11,0,0,0,0,0,0,0.217,24.166666667,24.166666667
0.847,0.628,0.0283,0.0657,0.0657,0.136,0.167,0,0,0,0,0.0333,24.166666667,24.166666667
0.833,0.624,0.0209,0.0581,0.0581,0.644,1,0,0,0,0,0.166,17.777777778,23.888888889
0.833,0.613,0.0188,0.0577,0.0577,0,0.2,0,0,0,0,0.0998,17.777777778,23.888888889
0.986,0.599,0.0184,0.0577,0.0577,0,0,0,0,0,0,0,17.777777778,23.888888889
1,0.599,0.0184,0.0577,0.0577,0,0,0,0,0,0,0,17.777777778,23.888888889
1,0.678,0.0368,0.204,0.204,0,0,0,0,0,0,0.343,17.777777778,23.888888889
0.931,0.684,0.0489,0.213,0.213,0,0,0,0,0,0,0.27,17.777777778,23.888888889
0.833,0.731,0.0975,0.295,0.295,0,0,0,0,0,0,0.401,17.777777778,23.888888889
0.764,0.758,0.148,0.351,0.351,0,0,0,0,0,0,0.323,17.777777778,23.888888889
0.556,0.747,0.165,0.322,0.322,0,0,0,0,0,0,0.344,17.777777778,23.888888889
0.681,0.785,0.223,0.376,0.376,0,0,0,0,0,0.833,0.281,24.166666667,24.166666667
0.833,0.826,0.289,0.434,0.434,0.696,0.917,0,0,0,0.167,0.405,24.166666667,24.166666667
0.833,0.792,0.289,0.374,0.374,0,0.717,0,0,0,1,0.357,24.166666667,24.166666667
0.806,0.789,0.324,0.375,0.375,0,0,0,0,0,0.233,0.414,24.166666667,24.166666667
0.667,0.754,0.263,0.318,0.318,0,0,0,0,0,0,0.467,24.166666667,24.166666667
0.819,0.9,0.436,0.602,0.602,0,0,0,0,0,0,0.247,24.166666667,24.166666667
0.833,0.961,0.465,0.811,0.811,0,0,0,0,0,0,0.501,24.166666667,24.166666667
0.806,0.898,0.427,0.763,0.763,0,0,0,0,0,0,0.255,24.166666667,24.166666667
0.667,0.832,0.455,0.615,0.615,0.163,0.167,0.458,0.417,0,0,0.0333,24.166666667,24.166666667
0.667,0.866,0.673,0.622,0.622,0.678,1,0.348,0.567,0.433,0,0.0333,24.166666667,24.166666667
0.667,0.813,0.633,0.476,0.476,0.801,0.467,0.758,0,1,0,0,24.166666667,24.166666667
0.667,0.758,0.418,0.413,0.413,0.501,0,0.887,0,0.217,0,0.0376,24.166666667,24.166666667
0.819,0.715,0.203,0.229,0.229,0,0,0.0954,0,0,0,0.398,24.166666667,24.166666667
0.833,0.65,0.0525,0.0947,0.0947,0,0,0,0,0,0,0.252,24.166666667,24.166666667
0.903,0.634,0.0241,0.0653,0.0653,0,0,0,0,0,0,0.14,24.166666667,24.166666667
1,0.632,0.0184,0.0585,0.0585,0,0,0,0,0,0,0.131,17.777777778,23.888888889
1,0.613,0.0164,0.0577,0.0577,0,0,0,0,0,0,0.133,17.777777778,23.888888889
0.972,0.617,0.0176,0.0585,0.0585,0,0,0,0,0,0,0.431,17.777777778,23.888888889
0.764,0.63,0.0225,0.082,0.082,0,0,0,0,0,0,0.759,17.777777778,23.888888889
0.611,0.682,0.0414,0.204,0.204,0,0,0,0,0,0,0.293,17.777777778,23.888888889
0.181,0.602,0.0169,0.0626,0.0626,0,0,0,0,0,0,0,17.777777778,23.888888889
0.167,0.641,0.0332,0.133,0.133,0,0,0,0,0,0,0.0977,17.777777778,23.888888889
0.167,0.644,0.0383,0.141,0.141,0,0,0,0,0,0,0.239,17.777777778,23.888888889
0.167,0.644,0.0414,0.139,0.139,0,0,0,0,0,0,0.488,17.777777778,23.888888889
0.167,0.644,0.0445,0.136,0.136,0,0,0,0,0,0,0.31,24.166666667,24.166666667
0.167,0.644,0.0463,0.133,0.133,0,0,0,0,0,0.917,0.0665,24.166666667,24.166666667
0.0833,0.622,0.0331,0.0949,0.0949,0,0,0,0,0,1,0,24.166666667,24.166666667
0.167,0.644,0.0528,0.134,0.134,0,0,0,0,0,0.333,0.266,24.166666667,24.166666667
0.167,0.651,0.0574,0.144,0.144,0,0,0,0,0,0,0.0998,24.166666667,24.166666667
0.278,0.703,0.103,0.245,0.245,0,0,0,0,0,0,0.166,24.166666667,24.166666667
0.556,0.841,0.231,0.564,0.564,0,0,0,0,0,0.833,0.194,24.166666667,24.166666667
0.667,0.904,0.363,0.781,0.781,0,0,0,0,0,0,0.25,24.166666667,24.166666667
0.667,0.893,0.505,0.762,0.762,0,0,0,0,0,0,0.268,24.166666667,24.166666667
0.778,0.883,0.666,0.657,0.657,0,0,0,0,0,0,0.18,24.166666667,24.166666667
0.833,0.778,0.509,0.408,0.408,0,0,0,0,0,0,0.163,24.166666667,24.166666667
0.833,0.66,0.163,0.193,0.193,0,0,0,0,0,0,0.0521,24.166666667,24.166666667
0.986,0.62,0.0434,0.0868,0.0868,0,0,0,0,0,0,0.166,24.166666667,24.166666667
1,0.599,0.0161,0.0577,0.0577,0,0,0,0,0,0,0,24.166666667,24.166666667
1,0.599,0.0161,0.0577,0.0577,0,0,0,0,0,0,0,24.166666667,24.166666667
1,0.599,0.0161,0.0577,0.0577,0,0,0,0,0,0,0,17.777777778,23.888888889
1,0.599,0.0161,0.0577,0.0577,0,0,0,0,0,0,0,17.777777778,23.888888889
1,0.599,0.0161,0.0577,0.0577,0,0,0,0,0,0,0,17.777777778,23.888888889
1,0.609,0.0182,0.0658,0.0658,0,0,0,0,0,0,0.0665,17.777777778,23.888888889
1,0.693,0.0455,0.23,0.23,0,0,0,0,0,0,0.352,17.777777778,23.888888889
0.931,0.746,0.0672,0.327,0.327,0,0,0,0,0,0,0.432,17.777777778,23.888888889
0.764,0.716,0.0632,0.268,0.268,0,0,0,0,0,0,0.258,17.777777778,23.888888889
0.542,0.69,0.0605,0.225,0.225,0,0,0,0,0,0,0.231,17.777777778,23.888888889
0.444,0.671,0.0561,0.187,0.187,0,0,0,0,0,0,0.0665,17.777777778,23.888888889
0.333,0.644,0.0445,0.136,0.136,0,0,0,0,0,0,0.0665,24.166666667,24.166666667
0.264,0.625,0.0336,0.102,0.102,0,0,0,0,0,0,0.0665,24.166666667,24.166666667
0.194,0.606,0.0219,0.0701,0.0701,0,0,0,0,0,0,0.0665,24.166666667,24.166666667
0.264,0.644,0.0528,0.134,0.134,0,0,0,0,0,0,0.466,24.166666667,24.166666667
0.167,0.651,0.0574,0.144,0.144,0,0,0,0,0,0,0.466,24.166666667,24.166666667
0.347,0.729,0.125,0.293,0.293,0,0,0,0,0,0,0.2,24.166666667,24.166666667
0.569,0.846,0.236,0.574,0.574,0,0,0,0,0,0.917,0.0998,24.166666667,24.166666667
0.667,0.904,0.363,0.781,0.781,0,0,0,0,0,1,0,24.166666667,24.166666667
0.708,0.911,0.536,0.806,0.806,0,0,0,0,0,0.783,0.101,24.166666667,24.166666667
0.708,0.839,0.562,0.565,0.565,0,0,0,0,0,0.667,0.166,24.166666667,24.166666667
0.653,0.725,0.361,0.304,0.304,0,0,0,0,0,0,0,24.166666667,24.166666667
0.861,0.678,0.202,0.235,0.235,0,0,0,0,0,0,0,24.166666667,24.166666667
1,0.605,0.0307,0.0723,0.0723,0,0,0,0,0,0,0,24.166666667,24.166666667
1,0.599,0.0161,0.0577,0.0577,0,0,0,0,0,0,0,24.166666667,24.166666667
1,0.599,0.0161,0.0577,0.0577,0,0,0,0,0,0,0,24.166666667,24.166666667
1,0.622,0.0172,0.0577,0.0577,0.664,0.267,0,0,0,0,0.0998,17.777777778,23.888888889
1,0.624,0.0165,0.0577,0.0577,0.765,0,0,0,0,0,0.166,17.777777778,23.888888889
1,0.601,0.0161,0.0577,0.0577,0.134,0,0,0,0,0,0,17.777777778,23.888888889
1,0.599,0.0161,0.0577,0.0577,0,0,0,0,0,0,0,17.777777778,23.888888889
0.931,0.641,0.0293,0.136,0.136,0,0,0,0,0,0,0.206,17.777777778,23.888888889
0.694,0.713,0.0558,0.266,0.266,0,0,0,0,0,0.55,0.17,17.777777778,23.888888889
0.5,0.689,0.0527,0.22,0.22,0,0,0,0,0,0,0.212,17.777777778,23.888888889
0.5,0.732,0.0812,0.302,0.302,0,0,0,0,0,0,0.193,17.777777778,23.888888889
0.361,0.697,0.0708,0.234,0.234,0,0,0,0,0,0,0.061,17.777777778,23.888888889
0.167,0.644,0.0445,0.136,0.136,0,0,0,0,0,0,0.233,24.166666667,24.166666667
0.208,0.656,0.0539,0.152,0.152,0,0,0,0,0,0,0.18,24.166666667,24.166666667
0.167,0.644,0.0504,0.132,0.132,0,0,0,0,0,0,0.0665,24.166666667,24.166666667
0.278,0.675,0.0774,0.185,0.185,0,0,0,0,0,0,0.133,24.166666667,24.166666667
0.333,0.703,0.0986,0.231,0.231,0,0,0,0,0,0,0.233,24.166666667,24.166666667
0.361,0.733,0.128,0.3,0.3,0,0,0,0,0,0.667,0.166,24.166666667,24.166666667
0.528,0.828,0.219,0.535,0.535,0.145,0.167,0,0,0,1,0.287,24.166666667,24.166666667
0.639,0.892,0.348,0.751,0.751,0.562,1,0,0,0,0.583,0.06,24.166666667,24.166666667
0.569,0.85,0.435,0.659,0.659,0,0.467,0,0,0,0,0.743,24.166666667,24.166666667
0.667,0.866,0.627,0.622,0.622,0,0,0,0,0,0,0.289,24.166666667,24.166666667
0.667,0.756,0.447,0.366,0.366,0,0,0,0,0,0,0,24.166666667,24.166666667
0.667,0.662,0.165,0.199,0.199,0,0,0,0,0,0,0,24.166666667,24.166666667
0.778,0.642,0.075,0.12,0.12,0,0,0,0,0,0,0,24.166666667,24.166666667
0.861,0.628,0.0336,0.0766,0.0766,0,0,0,0,0,0,0.211,24.166666667,24.166666667
1,0.622,0.0222,0.0637,0.0637,0,0,0,0,0,0,0.0333,24.166666667,24.166666667
1,0.599,0.0161,0.0577,0.0577,0,0,0,0,0,0,0,17.777777778,23.888888889
1,0.609,0.0162,0.0577,0.0577,0,0,0,0,0,0,0.174,17.777777778,23.888888889
1,0.601,0.0161,0.0577,0.0577,0,0,0,0,0,0,0,17.777777778,23.888888889
1,0.622,0.0208,0.0755,0.0755,0,0,0.307,0.917,0,0,0.133,17.777777778,23.888888889
0.972,0.643,0.0297,0.137,0.137,0,0,0.612,0.0667,0.933,0,0.279,17.777777778,23.888888889
0.722,0.692,0.0484,0.227,0.227,0,0,0.474,0,0.717,0,0.0665,17.777777778,23.888888889
0.667,0.689,0.0527,0.22,0.22,0,0,0.669,0,0,0,0,17.777777778,23.888888889
0.444,0.671,0.0511,0.19,0.19,0,0,0.137,0,0,0,0.0998,17.777777778,23.888888889
0.375,0.697,0.0713,0.234,0.234,0,0,0,0,0,0,0.239,17.777777778,23.888888889
0.181,0.648,0.0466,0.142,0.142,0,0,0,0,0,0,0.111,24.166666667,24.166666667
0.167,0.644,0.0463,0.133,0.133,0,0,0,0,0,0,0.0333,24.166666667,24.166666667
0.167,0.644,0.0504,0.132,0.132,0,0,0,0,0,0,0.233,24.166666667,24.166666667
0.167,0.644,0.0528,0.134,0.134,0,0,0,0,0,0,0.299,24.166666667,24.166666667
0.319,0.699,0.0956,0.225,0.225,0,0,0,0,0,0,0.341,24.166666667,24.166666667
0.361,0.733,0.128,0.3,0.3,0,0,0,0,0,0,0.179,24.166666667,24.166666667
0.528,0.828,0.219,0.535,0.535,0,0,0,0,0,0,0.248,24.166666667,24.166666667
0.514,0.834,0.282,0.613,0.613,0,0,0,0,0,0.833,0.166,24.166666667,24.166666667
0.5,0.819,0.383,0.586,0.586,0.157,0.167,0,0,0,0,0.266,24.166666667,24.166666667
0.375,0.739,0.332,0.355,0.355,0.49,0.367,0,0,0,0.267,0.133,24.166666667,24.166666667
0.722,0.732,0.385,0.318,0.318,0,0,0,0,0,0.417,0.0665,24.166666667,24.166666667
0.986,0.672,0.187,0.221,0.221,0,0,0,0,0,0.7,0.0917,24.166666667,24.166666667
1,0.609,0.0325,0.0747,0.0747,0,0,0,0,0,0,0.188,24.166666667,24.166666667
1,0.599,0.0161,0.0577,0.0577,0,0,0,0,0,0,0,24.166666667,24.166666667
1,0.599,0.0161,0.0577,0.0577,0,0,0,0,0,0,0,24.166666667,24.166666667
1,0.599,0.0161,0.0577,0.0577,0,0,0,0,0,0,0,17.777777778,23.888888889
1,0.599,0.0161,0.0577,0.0577,0,0,0,0,0,0,0,17.777777778,23.888888889
1,0.599,0.0161,0.0577,0.0577,0,0,0,0,0,0,0,17.777777778,23.888888889
1,0.599,0.0161,0.0577,0.0577,0,0,0,0,0,0,0,17.777777778,23.888888889
1,0.633,0.0268,0.121,0.121,0,0,0,0,0,0,0.41,17.777777778,23.888888889
0.708,0.723,0.0594,0.285,0.285,0,0,0,0,0,0,0.523,17.777777778,23.888888889
0.5,0.689,0.0527,0.22,0.22,0,0,0,0,0,0,0.107,17.777777778,23.888888889
0.5,0.69,0.0605,0.225,0.225,0,0,0,0,0,0,0.282,17.777777778,23.888888889
0.431,0.713,0.0795,0.261,0.261,0,0,0,0,0,0,0.213,17.777777778,23.888888889
0.236,0.663,0.0561,0.168,0.168,0,0,0,0,0,0,0.291,24.166666667,24.166666667
0.0694,0.599,0.0161,0.0577,0.0577,0,0,0,0,0,0,0.0624,24.166666667,24.166666667
0.236,0.618,0.0305,0.0887,0.0887,0,0,0,0,0,0.417,0.0998,24.166666667,24.166666667
0.333,0.644,0.0528,0.134,0.134,0,0,0,0,0,0.983,0.266,24.166666667,24.166666667
0.333,0.651,0.0574,0.144,0.144,0,0,0,0,0,0,0.166,24.166666667,24.166666667
0.556,0.745,0.138,0.321,0.321,0,0,0,0,0,0,0.371,24.166666667,24.166666667
0.667,0.816,0.208,0.51,0.51,0,0,0,0,0,0,0.166,24.166666667,24.166666667
0.778,0.949,0.417,0.89,0.89,0,0,0,0,0,0,0.22,24.166666667,24.166666667
0.764,0.936,0.575,0.865,0.865,0,0,0,0,0,0,0.224,24.166666667,24.166666667
0.667,0.866,0.627,0.622,0.622,0,0,0,0,0,0,0.0998,24.166666667,24.166666667
0.819,0.796,0.558,0.442,0.442,0,0,0,0,0,0,0,24.166666667,24.166666667
0.986,0.672,0.187,0.221,0.221,0.415,0.417,0,0,0,0,0.133,24.166666667,24.166666667
1,0.628,0.0568,0.101,0.101,0.822,0.95,0,0,0,0,0,24.166666667,24.166666667
1,0.624,0.0359,0.0742,0.0742,0.524,0,0,0,0,0,0.0955,24.166666667,24.166666667
1,0.624,0.0257,0.0633,0.0633,0.1,0,0,0,0,0,0.278,24.166666667,24.166666667
1,0.63,0.0214,0.0581,0.0581,0,0,0,0,0,0,0.17,17.777777778,23.888888889
1,0.624,0.0189,0.0577,0.0577,0,0,0,0,0,0,0.0333,17.777777778,23.888888889
1,0.601,0.0184,0.0577,0.0577,0,0,0,0,0,0,0,17.777777778,23.888888889
1,0.599,0.0184,0.0577,0.0577,0,0,0,0,0,0,0,17.777777778,23.888888889
0.931,0.599,0.0184,0.0577,0.0577,0,0,0,0,0,0,0,17.777777778,23.888888889
0.833,0.637,0.0327,0.128,0.128,0,0,0,0,0,0,0.349,17.777777778,23.888888889
0.653,0.637,0.0405,0.125,0.125,0,0,0,0,0,0,0.0333,17.777777778,23.888888889
0.569,0.679,0.0846,0.204,0.204,0,0,0,0,0,0,0.103,17.777777778,23.888888889
0.514,0.735,0.153,0.302,0.302,0,0,0,0,0,0.917,0.169,17.777777778,23.888888889
0.5,0.735,0.168,0.292,0.292,0,0,0,0,0,1,0.0665,24.166666667,24.166666667
0.417,0.713,0.153,0.246,0.246,0,0,0,0,0,0.05,0.215,24.166666667,24.166666667
0.5,0.735,0.21,0.281,0.281,0,0,0,0,0,0,0.133,24.166666667,24.166666667
0.5,0.735,0.239,0.287,0.287,0,0,0,0,0,0,0.166,24.166666667,24.166666667
0.611,0.789,0.318,0.376,0.376,0,0,0,0,0,0,0.233,24.166666667,24.166666667
0.361,0.732,0.204,0.296,0.296,0,0,0,0,0,0,0.466,24.166666667,24.166666667
0.333,0.744,0.197,0.359,0.359,0,0,0,0,0,0,0.2,24.166666667,24.166666667
0.333,0.752,0.228,0.419,0.419,0,0,0,0,0,0,0.351,24.166666667,24.166666667
0.333,0.746,0.294,0.41,0.41,0,0,0,0,0,0,0.222,24.166666667,24.166666667
0.486,0.793,0.497,0.467,0.467,0,0,0,0,0,0,0.11,24.166666667,24.166666667
0.653,0.808,0.62,0.465,0.465,0,0,0.323,0.417,0,0,0.07,24.166666667,24.166666667
0.819,0.758,0.418,0.413,0.413,0,0,0,0.817,0.183,0,0.0693,24.166666667,24.166666667
0.833,0.715,0.203,0.229,0.229,0,0,0.353,0,0.0833,0,0,24.166666667,24.166666667
0.833,0.676,0.0765,0.11,0.11,0,0,0.526,0,0,0,0.0998,24.166666667,24.166666667
0.986,0.686,0.0435,0.0769,0.0769,0,0,0.0954,0,0,0,0.0734,24.166666667,24.166666667
1,0.634,0.0225,0.0589,0.0589,0,0,0,0,0,0,0.366,17.777777778,23.888888889
1,0.624,0.0189,0.0577,0.0577,0,0,0,0,0,0,0.0998,17.777777778,23.888888889
1,0.601,0.0184,0.0577,0.0577,0,0,0,0,0,0,0,17.777777778,23.888888889
1,0.599,0.0184,0.0577,0.0577,0,0,0,0,0,0,0,17.777777778,23.888888889
1,0.599,0.0184,0.0577,0.0577,0,0,0,0,0,0,0,17.777777778,23.888888889
1,0.599,0.0184,0.0577,0.0577,0,0,0,0,0,0,0,17.777777778,23.888888889
1,0.724,0.0949,0.282,0.282,0,0,0,0,0,0,0.0333,17.777777778,23.888888889
0.847,0.735,0.129,0.309,0.309,0,0,0,0,0,0,0.529,17.777777778,23.888888889
0.764,0.716,0.134,0.268,0.268,0,0,0,0,0,0,0.0665,17.777777778,23.888888889
0.736,0.709,0.139,0.246,0.246,0,0,0,0,0,0,0.0665,24.166666667,24.166666667
0.833,0.796,0.253,0.384,0.384,0,0,0,0,0,0.417,0.414,24.166666667,24.166666667
0.833,0.826,0.338,0.43,0.43,0.418,0.417,0,0,0,0.133,0.279,24.166666667,24.166666667
0.806,0.819,0.374,0.426,0.426,0.309,0.4,0.614,0.917,0,0,0.251,24.166666667,24.166666667
0.75,0.776,0.297,0.353,0.353,0,0,0.736,0.0667,0.933,0,0.212,24.166666667,24.166666667
0.708,0.854,0.371,0.518,0.518,0,0,0.539,0,0.717,0,0.297,24.166666667,24.166666667
0.667,0.888,0.376,0.66,0.66,0,0,0.714,0,0,0.55,0.31,24.166666667,24.166666667
0.694,0.917,0.455,0.812,0.812,0,0,0.701,0,0,0,0.554,24.166666667,24.166666667
0.569,0.85,0.484,0.66,0.66,0,0,0.382,0,0,0,0.139,24.166666667,24.166666667
0.611,0.844,0.62,0.573,0.573,0,0,0.444,0,0,0,0.374,24.166666667,24.166666667
0.889,0.883,0.837,0.612,0.612,0,0,0,0,0,0,0,24.166666667,24.166666667
1,0.789,0.499,0.481,0.481,0,0,0,0,0,0,0.162,24.166666667,24.166666667
1,0.66,0.119,0.151,0.151,0,0,0,0,0,0,0,24.166666667,24.166666667
1,0.626,0.0355,0.0774,0.0774,0,0,0,0,0,0,0,24.166666667,24.166666667
1,0.624,0.0219,0.0633,0.0633,0,0,0,0,0,0,0.0333,24.166666667,24.166666667
1,0.624,0.0176,0.0581,0.0581,0,0,0,0,0,0,0.2,17.777777778,23.888888889
1,0.624,0.0165,0.0577,0.0577,0,0,0,0,0,0,0,17.777777778,23.888888889
1,0.624,0.018,0.0586,0.0586,0,0,0,0,0,0,0.391,17.777777778,23.888888889
0.861,0.63,0.0223,0.0805,0.0805,0,0,0,0,0,0.833,0.28,17.777777778,23.888888889
0.667,0.63,0.0256,0.113,0.113,0,0,0,0,0,0,0.237,17.777777778,23.888888889
0.667,0.696,0.05,0.235,0.235,0,0,0,0,0,0,0.344,17.777777778,23.888888889
0.667,0.735,0.071,0.302,0.302,0,0,0,0,0,0,0.604,17.777777778,23.888888889
0.667,0.754,0.0921,0.344,0.344,0,0,0,0,0,0,0.108,17.777777778,23.888888889
0.514,0.739,0.094,0.309,0.309,0,0,0,0,0,0,0.193,17.777777778,23.888888889
0.278,0.675,0.063,0.188,0.188,0,0,0,0,0,0,0.306,24.166666667,24.166666667
0.292,0.679,0.0691,0.189,0.189,0,0,0,0,0,0,0.107,24.166666667,24.166666667
0.167,0.644,0.0504,0.132,0.132,0,0,0,0,0,0,0.0998,24.166666667,24.166666667
0.167,0.644,0.0528,0.134,0.134,0,0,0,0,0,0,0.0998,24.166666667,24.166666667
0.167,0.651,0.0574,0.144,0.144,0,0,0,0,0,0.833,0.333,24.166666667,24.166666667
0.167,0.661,0.0677,0.169,0.169,0,0,0,0,0,0,0.299,24.166666667,24.166666667
0.417,0.781,0.178,0.439,0.439,0,0,0,0,0,0,0,24.166666667,24.166666667
0.667,0.904,0.363,0.781,0.781,0,0,0,0,0,0,0.0998,24.166666667,24.166666667
0.667,0.893,0.505,0.762,0.762,0.204,0.167,0,0,0,0,0.166,24.166666667,24.166666667
0.667,0.866,0.627,0.622,0.622,0.53,0.1,0,0,0,0.267,0.133,24.166666667,24.166666667
0.667,0.813,0.607,0.476,0.476,0,0,0,0,0,0,0.143,24.166666667,24.166666667
0.667,0.645,0.131,0.157,0.157,0,0,0,0,0,0,0.112,24.166666667,24.166666667
0.736,0.606,0.0252,0.0674,0.0674,0,0,0,0,0,0,0,24.166666667,24.166666667
