occupants,plug_loads_other,plug_loads_tv,ceiling_fan,lighting_interior,cooking_range,hot_water_fixtures,heating_setpoint,cooling_setpoint
1,0.611,0.0472,0.281,0.0829,0,0,20.0,22.222222222
1,0.61,0.028,0.281,0.0631,0,0,18.333333333,22.222222222
1,0.575,0.0175,0.386,0.0535,0,0.192,18.333333333,22.222222222
1,0.61,0.0171,0.281,0.0528,0,0.268,18.333333333,22.222222222
0.694,0.567,0.0163,0.409,0.0528,0,0,18.333333333,22.222222222
0.667,0.563,0.0162,0.421,0.0528,0,0,18.333333333,22.222222222
0.667,0.563,0.0162,0.421,0.0528,0,0,18.333333333,22.222222222
0.667,0.636,0.0434,0.292,0.183,0,0.0353,18.333333333,22.222222222
0.833,0.691,0.072,0.211,0.28,0,0.106,18.333333333,22.222222222
0.972,0.728,0.103,0.152,0.353,0,0.0353,18.333333333,22.222222222
0.611,0.656,0.0711,0.269,0.218,0,0,20.0,22.222222222
0.667,0.649,0.0735,0.281,0.199,0,0.141,20.0,22.222222222
0.667,0.649,0.0772,0.281,0.194,0,0.0707,20.0,22.222222222
0.667,0.649,0.0856,0.281,0.192,0,0.0353,20.0,22.222222222
0.667,0.685,0.121,0.222,0.254,0,0.0353,20.0,22.222222222
0.667,0.759,0.183,0.14,0.368,0,0.106,20.0,22.222222222
0.667,0.797,0.225,0.14,0.449,0,0.133,20.0,22.222222222
0.667,0.836,0.275,0.14,0.588,0,0.403,20.0,22.222222222
0.667,0.851,0.366,0.14,0.711,0,0.18,20.0,22.222222222
0.667,0.84,0.509,0.14,0.716,0,0.0353,20.0,22.222222222
0.667,0.815,0.633,0.14,0.599,0,0.253,20.0,22.222222222
0.667,0.749,0.563,0.164,0.427,0,0.14,20.0,22.222222222
0.972,0.638,0.203,0.281,0.224,0,0.332,20.0,22.222222222
1,0.618,0.0984,0.281,0.132,0,0,20.0,22.222222222
1,0.568,0.0223,0.409,0.0587,0,0,20.0,22.222222222
1,0.563,0.0162,0.421,0.0528,0,0,18.333333333,22.222222222
1,0.563,0.0162,0.421,0.0528,0,0,18.333333333,22.222222222
1,0.571,0.0163,0.398,0.0528,0,0,18.333333333,22.222222222
1,0.567,0.0163,0.409,0.0528,0,0,18.333333333,22.222222222
1,0.563,0.0162,0.421,0.0528,0,0,18.333333333,22.222222222
1,0.588,0.0246,0.363,0.098,0,0.182,18.333333333,22.222222222
0.944,0.661,0.0525,0.246,0.227,0.25,0.0353,18.333333333,22.222222222
0.667,0.648,0.0532,0.281,0.204,0,0.0353,18.333333333,22.222222222
0.528,0.692,0.0838,0.211,0.287,0,0.0707,18.333333333,22.222222222
0.389,0.663,0.076,0.257,0.23,0,0.0707,20.0,22.222222222
0.361,0.656,0.0778,0.269,0.211,0,0.411,20.0,22.222222222
0.556,0.706,0.118,0.187,0.288,0,0.123,20.0,22.222222222
0.667,0.735,0.155,0.14,0.332,0,0.283,20.0,22.222222222
0.667,0.735,0.164,0.14,0.337,0,0.177,20.0,22.222222222
0.667,0.759,0.183,0.14,0.368,0,0.0707,20.0,22.222222222
0.667,0.797,0.225,0.14,0.449,0,0.106,20.0,22.222222222
0.667,0.836,0.275,0.14,0.588,0,0.0707,20.0,22.222222222
0.667,0.851,0.366,0.14,0.711,0.517,0.212,20.0,22.222222222
0.667,0.84,0.509,0.14,0.716,0,0,20.0,22.222222222
0.667,0.815,0.633,0.14,0.599,0,0.106,20.0,22.222222222
0.667,0.699,0.414,0.234,0.328,0,0,20.0,22.222222222
0.972,0.705,0.366,0.152,0.379,0,0,20.0,22.222222222
1,0.576,0.0457,0.398,0.081,0,0,20.0,22.222222222
1,0.563,0.0162,0.421,0.0528,0,0,20.0,22.222222222
1,0.563,0.0162,0.421,0.0528,0,0,18.333333333,22.222222222
1,0.563,0.0162,0.421,0.0528,0,0,18.333333333,22.222222222
1,0.563,0.0162,0.421,0.0528,0,0,18.333333333,22.222222222
1,0.563,0.0162,0.421,0.0528,0,0,18.333333333,22.222222222
1,0.583,0.0205,0.363,0.0678,0.25,0,18.333333333,22.222222222
1,0.622,0.0355,0.281,0.155,0,0.0353,18.333333333,22.222222222
1,0.713,0.0724,0.152,0.322,0,0,18.333333333,22.222222222
0.944,0.719,0.0838,0.164,0.33,0,0.0353,18.333333333,22.222222222
0.889,0.742,0.11,0.129,0.379,0,0.164,18.333333333,22.222222222
1,0.82,0.17,0,0.51,0,0.0707,20.0,22.222222222
0.778,0.763,0.15,0.0936,0.394,0,0,20.0,22.222222222
0.667,0.735,0.138,0.14,0.335,0,0.431,20.0,22.222222222
0.444,0.678,0.108,0.234,0.239,0,0.177,20.0,22.222222222
0.528,0.699,0.134,0.199,0.278,0,0.169,20.0,22.222222222
1,0.856,0.266,0,0.526,0,0.181,20.0,22.222222222
0.694,0.805,0.232,0.129,0.463,0,0.283,20.0,22.222222222
0.667,0.836,0.275,0.14,0.588,0,0.283,20.0,22.222222222
0.667,0.851,0.366,0.14,0.711,0,0,20.0,22.222222222
0.667,0.84,0.509,0.14,0.716,0,0.2,20.0,22.222222222
0.667,0.701,0.345,0.269,0.353,0,0,20.0,22.222222222
0.972,0.755,0.586,0.152,0.437,0,0,20.0,22.222222222
1,0.713,0.39,0.14,0.396,0,0.0353,20.0,22.222222222
1,0.637,0.132,0.234,0.164,0,0.179,20.0,22.222222222
1,0.611,0.0472,0.281,0.0829,0,0.0707,20.0,22.222222222
1,0.61,0.028,0.281,0.0631,0,0,18.333333333,22.222222222
1,0.61,0.0194,0.281,0.0535,0,0.318,18.333333333,22.222222222
1,0.591,0.0168,0.339,0.0528,0,0,18.333333333,22.222222222
1,0.563,0.0162,0.421,0.0528,0,0,18.333333333,22.222222222
1,0.563,0.0162,0.421,0.0528,0,0,18.333333333,22.222222222
0.778,0.578,0.0212,0.386,0.0799,0,0.125,18.333333333,22.222222222
0.75,0.656,0.0509,0.257,0.218,0.167,0,18.333333333,22.222222222
0.667,0.648,0.0532,0.281,0.204,0.35,0.0707,18.333333333,22.222222222
0.667,0.728,0.103,0.152,0.353,0,0.303,18.333333333,22.222222222
0.667,0.735,0.119,0.14,0.357,0,0.272,20.0,22.222222222
0.667,0.735,0.131,0.14,0.345,0,0.0353,20.0,22.222222222
0.667,0.735,0.138,0.14,0.335,0,0,20.0,22.222222222
0.667,0.735,0.155,0.14,0.332,0,0.106,20.0,22.222222222
0.667,0.735,0.164,0.14,0.337,0,0.0707,20.0,22.222222222
0.667,0.668,0.106,0.269,0.222,0,0.0707,20.0,22.222222222
0.444,0.621,0.0674,0.351,0.15,0,0.0353,20.0,22.222222222
0.472,0.757,0.2,0.222,0.434,0.417,0,20.0,22.222222222
0.667,0.851,0.366,0.14,0.711,0.1,0,20.0,22.222222222
0.667,0.84,0.509,0.14,0.716,0,0.152,20.0,22.222222222
0.667,0.815,0.633,0.14,0.599,0,0.326,20.0,22.222222222
0.972,0.814,0.76,0.0702,0.558,0,0.518,20.0,22.222222222
1,0.713,0.39,0.14,0.396,0,0,20.0,22.222222222
1,0.673,0.181,0.14,0.211,0,0,20.0,22.222222222
1,0.65,0.0736,0.164,0.109,0,0.0981,20.0,22.222222222
1,0.567,0.0185,0.409,0.055,0,0,18.333333333,22.222222222
1,0.563,0.0162,0.421,0.0528,0,0,18.333333333,22.222222222
1,0.563,0.0162,0.421,0.0528,0,0,18.333333333,22.222222222
0.778,0.575,0.0173,0.386,0.0533,0,0.0863,18.333333333,22.222222222
0.667,0.563,0.0162,0.421,0.0528,0,0,18.333333333,22.222222222
0.667,0.588,0.0246,0.363,0.098,0,0.0707,18.333333333,22.222222222
0.972,0.713,0.0724,0.152,0.322,0,0.0707,18.333333333,22.222222222
0.861,0.698,0.0744,0.199,0.292,0,0.212,18.333333333,22.222222222
0.667,0.649,0.0611,0.281,0.209,0,0.0353,18.333333333,22.222222222
0.667,0.649,0.0674,0.281,0.205,0,0.141,20.0,22.222222222
0.417,0.649,0.0735,0.281,0.199,0.767,0.0707,20.0,22.222222222
0.667,0.728,0.133,0.152,0.323,0,0,20.0,22.222222222
0.667,0.735,0.155,0.14,0.332,0,0.0707,20.0,22.222222222
0.667,0.735,0.164,0.14,0.337,0,0.173,20.0,22.222222222
0.639,0.75,0.176,0.152,0.355,0,0.0937,20.0,22.222222222
1,0.913,0.329,0,0.648,0,0.188,20.0,22.222222222
0.944,0.949,0.383,0.0234,0.809,0,0.178,20.0,22.222222222
0.667,0.851,0.366,0.14,0.711,0.417,0.319,20.0,22.222222222
0.667,0.84,0.509,0.14,0.716,0.1,0.0353,20.0,22.222222222
0.667,0.815,0.633,0.14,0.599,0,0,20.0,22.222222222
0.667,0.765,0.612,0.14,0.459,0,0,20.0,22.222222222
0.806,0.743,0.464,0.0819,0.466,0,0.123,20.0,22.222222222
1,0.679,0.195,0.129,0.225,0,0.181,20.0,22.222222222
1,0.658,0.0901,0.14,0.113,0,0,20.0,22.222222222
1,0.606,0.0338,0.292,0.0638,0,0,18.333333333,22.222222222
1,0.563,0.0185,0.421,0.0528,0,0,18.333333333,22.222222222
1,0.563,0.0185,0.421,0.0528,0,0,18.333333333,22.222222222
1,0.606,0.0217,0.292,0.0546,0,0.141,18.333333333,22.222222222
1,0.61,0.0244,0.281,0.0861,0,0.42,18.333333333,22.222222222
1,0.622,0.0327,0.281,0.155,0,0.206,18.333333333,22.222222222
0.861,0.68,0.0645,0.211,0.263,0,0.379,18.333333333,22.222222222
0.528,0.691,0.101,0.211,0.28,0,0.339,18.333333333,22.222222222
0.25,0.628,0.0741,0.316,0.17,0,0.255,18.333333333,22.222222222
0.333,0.649,0.109,0.281,0.205,0,0.141,20.0,22.222222222
0.0278,0.571,0.0262,0.409,0.0655,0,0,20.0,22.222222222
0,0.563,0.0185,0.421,0.0528,0,0,20.0,22.222222222
0,0.563,0.0185,0.421,0.0528,0,0,20.0,22.222222222
0,0.563,0.0185,0.421,0.0528,0,0,20.0,22.222222222
0,0.563,0.0185,0.421,0.0528,0,0,20.0,22.222222222
0.0833,0.593,0.0622,0.386,0.103,0.667,0,20.0,22.222222222
0,0.563,0.0185,0.421,0.0528,0.1,0,20.0,22.222222222
0,0.563,0.0185,0.421,0.0528,0,0,20.0,22.222222222
0.444,0.747,0.397,0.234,0.494,0,0.0707,20.0,22.222222222
0.972,0.929,0.985,0.0117,0.844,0,0.145,20.0,22.222222222
1,0.866,0.949,0,0.663,0,0.106,20.0,22.222222222
1,0.655,0.272,0.257,0.257,0,0.0866,20.0,22.222222222
1,0.618,0.112,0.281,0.132,0,0.198,20.0,22.222222222
1,0.568,0.0255,0.409,0.0587,0,0,20.0,22.222222222
1,0.563,0.0185,0.421,0.0528,0,0,18.333333333,22.222222222
1,0.563,0.0185,0.421,0.0528,0,0,18.333333333,22.222222222
0.778,0.575,0.0187,0.386,0.0528,0,0.081,18.333333333,22.222222222
0.972,0.563,0.0185,0.421,0.0528,0,0,18.333333333,22.222222222
1,0.571,0.0195,0.398,0.0588,0,0.0841,18.333333333,22.222222222
1,0.622,0.0327,0.281,0.155,0,0.34,18.333333333,22.222222222
1,0.641,0.0487,0.281,0.192,0,0.249,18.333333333,22.222222222
1,0.727,0.124,0.152,0.343,0,0.266,18.333333333,22.222222222
0.944,0.799,0.225,0.0351,0.483,0,0.186,18.333333333,22.222222222
0.667,0.735,0.2,0.14,0.357,0,0.155,20.0,22.222222222
0.528,0.699,0.178,0.199,0.284,0,0.295,20.0,22.222222222
0.194,0.613,0.0819,0.339,0.135,0,0.0353,20.0,22.222222222
0.222,0.62,0.106,0.327,0.146,0,0.0707,20.0,22.222222222
0.333,0.592,0.0669,0.374,0.0999,0,0.177,20.0,22.222222222
0.333,0.563,0.0185,0.421,0.0528,0,0,20.0,22.222222222
0.472,0.721,0.251,0.234,0.322,0,0.106,20.0,22.222222222
0.667,0.836,0.379,0.14,0.588,0,0.247,20.0,22.222222222
0.611,0.827,0.406,0.164,0.655,0,0.321,20.0,22.222222222
0.639,0.828,0.556,0.152,0.688,0,0.194,20.0,22.222222222
0.667,0.815,0.679,0.14,0.599,0,0.0353,20.0,22.222222222
0.667,0.675,0.357,0.269,0.278,0,0,20.0,22.222222222
0.722,0.572,0.0442,0.409,0.0693,0,0,20.0,22.222222222
1,0.563,0.0185,0.421,0.0528,0,0,20.0,22.222222222
1,0.563,0.0164,0.421,0.0528,0,0,20.0,22.222222222
1,0.563,0.0162,0.421,0.0528,0,0,18.333333333,22.222222222
1,0.563,0.0162,0.421,0.0528,0,0,18.333333333,22.222222222
1,0.563,0.0162,0.421,0.0528,0,0,18.333333333,22.222222222
1,0.563,0.0162,0.421,0.0528,0,0,18.333333333,22.222222222
1,0.563,0.0162,0.421,0.0528,0,0,18.333333333,22.222222222
1,0.563,0.0162,0.421,0.0528,0,0,18.333333333,22.222222222
1,0.596,0.0286,0.363,0.112,0,0,18.333333333,22.222222222
1,0.648,0.0532,0.281,0.204,0,0.0353,18.333333333,22.222222222
1,0.728,0.103,0.152,0.353,0,0.177,18.333333333,22.222222222
1,0.813,0.166,0.0117,0.497,0,0.208,20.0,22.222222222
1,0.82,0.188,0,0.491,0,0.082,20.0,22.222222222
1,0.82,0.199,0,0.476,0.417,0.389,20.0,22.222222222
1,0.82,0.224,0,0.471,0.1,0.459,20.0,22.222222222
0.944,0.806,0.226,0.0234,0.455,0,0.379,20.0,22.222222222
0.667,0.759,0.183,0.14,0.368,0,0.0995,20.0,22.222222222
0.667,0.797,0.225,0.14,0.449,0,0.141,20.0,22.222222222
0.528,0.778,0.22,0.199,0.474,0,0.0707,20.0,22.222222222
0.556,0.803,0.311,0.187,0.604,0.25,0.0353,20.0,22.222222222
0.667,0.84,0.509,0.14,0.716,0,0.0353,20.0,22.222222222
0.667,0.815,0.633,0.14,0.599,0,0.131,20.0,22.222222222
0.667,0.765,0.612,0.14,0.459,0,0,20.0,22.222222222
0.667,0.665,0.272,0.234,0.283,0,0,20.0,22.222222222
0.667,0.583,0.0494,0.374,0.0847,0,0,20.0,22.222222222
0.667,0.563,0.0162,0.421,0.0528,0,0,20.0,22.222222222
0.806,0.575,0.0188,0.386,0.055,0,0.0858,18.333333333,22.222222222
1,0.563,0.0162,0.421,0.0528,0,0,18.333333333,22.222222222
1,0.563,0.0162,0.421,0.0528,0,0,18.333333333,22.222222222
1,0.606,0.0201,0.292,0.0546,0,0.273,18.333333333,22.222222222
1,0.61,0.0261,0.281,0.0861,0,0.33,18.333333333,22.222222222
0.944,0.612,0.0321,0.304,0.137,0,0.201,18.333333333,22.222222222
0.667,0.669,0.0558,0.234,0.242,0,0,18.333333333,22.222222222
0.667,0.734,0.0901,0.14,0.355,0,0.329,18.333333333,22.222222222
0.667,0.735,0.106,0.14,0.365,0,0.354,18.333333333,22.222222222
0.667,0.735,0.119,0.14,0.357,0,0.26,20.0,22.222222222
0.667,0.735,0.131,0.14,0.345,0,0.0353,20.0,22.222222222
0.667,0.735,0.138,0.14,0.335,0,0.399,20.0,22.222222222
0.528,0.699,0.126,0.199,0.273,0,0.247,20.0,22.222222222
0.694,0.685,0.121,0.222,0.254,0,0.106,20.0,22.222222222
1,0.759,0.183,0.14,0.368,0.517,0.0353,20.0,22.222222222
1,0.797,0.225,0.14,0.449,0,0.212,20.0,22.222222222
1,0.893,0.33,0.0819,0.701,0,0,20.0,22.222222222
0.861,0.934,0.467,0.0585,0.901,0,0,20.0,22.222222222
0.833,0.909,0.636,0.0702,0.881,0,0.163,20.0,22.222222222
0.667,0.815,0.633,0.14,0.599,0,0.247,20.0,22.222222222
0.667,0.765,0.612,0.14,0.459,0,0.196,20.0,22.222222222
0.722,0.713,0.39,0.14,0.396,0,0,20.0,22.222222222
1,0.651,0.15,0.199,0.182,0,0.235,20.0,22.222222222
1,0.568,0.0223,0.409,0.0587,0,0,20.0,22.222222222
1,0.563,0.0162,0.421,0.0528,0,0,18.333333333,22.222222222
1,0.563,0.0162,0.421,0.0528,0,0,18.333333333,22.222222222
1,0.563,0.0162,0.421,0.0528,0,0,18.333333333,22.222222222
1,0.563,0.0162,0.421,0.0528,0,0,18.333333333,22.222222222
1,0.563,0.0162,0.421,0.0528,0,0,18.333333333,22.222222222
1,0.563,0.0162,0.421,0.0528,0,0,18.333333333,22.222222222
1,0.636,0.0434,0.292,0.183,0,0.0353,18.333333333,22.222222222
0.861,0.691,0.072,0.211,0.28,0,0,18.333333333,22.222222222
0.667,0.728,0.103,0.152,0.353,0.517,0.0353,18.333333333,22.222222222
0.667,0.735,0.119,0.14,0.357,0,0.0707,20.0,22.222222222
0.528,0.699,0.107,0.199,0.284,0,0.106,20.0,22.222222222
0.639,0.728,0.133,0.152,0.323,0,0.0707,20.0,22.222222222
0.889,0.792,0.202,0.0468,0.424,0,0.141,20.0,22.222222222
0.861,0.785,0.208,0.0585,0.419,0,0.0353,20.0,22.222222222
0.667,0.759,0.183,0.14,0.368,0,0.0707,20.0,22.222222222
0.667,0.797,0.225,0.14,0.449,0,0.106,20.0,22.222222222
0.361,0.709,0.154,0.269,0.337,0,0.106,20.0,22.222222222
0.639,0.839,0.355,0.152,0.688,0,0,20.0,22.222222222
0.667,0.84,0.509,0.14,0.716,0,0.0707,20.0,22.222222222
0.667,0.815,0.633,0.14,0.599,0.517,0.0353,20.0,22.222222222
0.889,0.765,0.612,0.14,0.459,0,0,20.0,22.222222222
1,0.683,0.317,0.199,0.325,0,0.0353,20.0,22.222222222
1,0.618,0.0984,0.281,0.132,0,0,20.0,22.222222222
1,0.611,0.0472,0.281,0.0829,0,0,20.0,22.222222222
1,0.61,0.028,0.281,0.0631,0,0.0707,18.333333333,22.222222222
1,0.61,0.0194,0.281,0.0535,0,0.141,18.333333333,22.222222222
1,0.61,0.0171,0.281,0.0528,0,0,18.333333333,22.222222222
1,0.61,0.0202,0.281,0.0546,0,0.124,18.333333333,22.222222222
1,0.61,0.0261,0.281,0.0861,0.417,0,18.333333333,22.222222222
1,0.677,0.0538,0.152,0.255,0.1,0.295,18.333333333,22.222222222
1,0.791,0.101,0.0117,0.461,0.417,0.247,18.333333333,22.222222222
0.528,0.697,0.0738,0.199,0.291,0.35,0.351,18.333333333,22.222222222
0.444,0.678,0.0756,0.234,0.261,0.25,0.135,18.333333333,22.222222222
0.556,0.706,0.102,0.187,0.306,0,0.141,20.0,22.222222222
0.528,0.699,0.107,0.199,0.284,0,0.0707,20.0,22.222222222
0.333,0.649,0.0772,0.281,0.194,0,0,20.0,22.222222222
0.556,0.706,0.132,0.187,0.285,0,0.0353,20.0,22.222222222
0.667,0.735,0.164,0.14,0.337,0.517,0.141,20.0,22.222222222
0.667,0.759,0.183,0.14,0.368,0,0.0707,20.0,22.222222222
0.806,0.846,0.269,0.0819,0.533,0,0.0707,20.0,22.222222222
0.861,0.914,0.35,0.0585,0.741,0,0.0353,20.0,22.222222222
0.611,0.827,0.336,0.164,0.655,0.25,0,20.0,22.222222222
0.333,0.702,0.263,0.281,0.384,0,0,20.0,22.222222222
0.333,0.689,0.324,0.281,0.326,0,0,20.0,22.222222222
0.556,0.73,0.512,0.187,0.388,0,0,20.0,22.222222222
0.361,0.646,0.228,0.269,0.241,0,0.0707,20.0,22.222222222
0.639,0.596,0.0678,0.339,0.102,0,0,20.0,22.222222222
0.972,0.563,0.0162,0.421,0.0528,0,0,20.0,22.222222222
1,0.563,0.0162,0.421,0.0528,0,0,18.333333333,22.222222222
1,0.563,0.0162,0.421,0.0528,0,0,18.333333333,22.222222222
1,0.563,0.0162,0.421,0.0528,0,0,18.333333333,22.222222222
1,0.563,0.0162,0.421,0.0528,0,0,18.333333333,22.222222222
1,0.563,0.0162,0.421,0.0528,0,0,18.333333333,22.222222222
1,0.563,0.0162,0.421,0.0528,0,0,18.333333333,22.222222222
1,0.636,0.0434,0.292,0.183,0,0.24,18.333333333,22.222222222
1,0.691,0.072,0.211,0.28,0,0.212,18.333333333,22.222222222
1,0.649,0.0611,0.281,0.209,0,0.106,18.333333333,22.222222222
1,0.649,0.0674,0.281,0.205,0,0.0707,20.0,22.222222222
0.389,0.571,0.0205,0.409,0.0655,0,0,20.0,22.222222222
0.333,0.563,0.0162,0.421,0.0528,0,0,20.0,22.222222222
0.333,0.563,0.0162,0.421,0.0528,0,0,20.0,22.222222222
0.639,0.678,0.116,0.234,0.242,0,0.141,20.0,22.222222222
0.667,0.759,0.183,0.14,0.368,0,0.283,20.0,22.222222222
0.667,0.797,0.225,0.14,0.449,0,0.106,20.0,22.222222222
0.667,0.836,0.275,0.14,0.588,0,0.0707,20.0,22.222222222
0.667,0.851,0.366,0.14,0.711,0,0.141,20.0,22.222222222
0.667,0.84,0.509,0.14,0.716,0,0,20.0,22.222222222
0.583,0.784,0.554,0.175,0.532,0,0.241,20.0,22.222222222
0.667,0.765,0.612,0.14,0.459,0,0.243,20.0,22.222222222
0.667,0.683,0.317,0.199,0.325,0,0,20.0,22.222222222
0.972,0.618,0.0984,0.281,0.132,0,0.136,20.0,22.222222222
1,0.591,0.0407,0.339,0.0719,0,0,20.0,22.222222222
1,0.563,0.0185,0.421,0.0528,0,0,18.333333333,22.222222222
1,0.563,0.0185,0.421,0.0528,0,0,18.333333333,22.222222222
1,0.563,0.0185,0.421,0.0528,0,0,18.333333333,22.222222222
1,0.606,0.0217,0.292,0.0546,0,0.247,18.333333333,22.222222222
1,0.61,0.0244,0.281,0.0861,0,0.0707,18.333333333,22.222222222
1,0.622,0.0327,0.281,0.155,0,0.0707,18.333333333,22.222222222
1,0.641,0.0487,0.281,0.192,0,0.145,18.333333333,22.222222222
1,0.727,0.124,0.152,0.343,0,0.381,18.333333333,22.222222222
0.25,0.62,0.0661,0.327,0.156,0,0.167,18.333333333,22.222222222
0,0.563,0.0185,0.421,0.0528,0,0,20.0,22.222222222
0,0.563,0.0185,0.421,0.0528,0,0,20.0,22.222222222
0,0.563,0.0185,0.421,0.0528,0,0,20.0,22.222222222
0,0.563,0.0185,0.421,0.0528,0,0,20.0,22.222222222
0,0.563,0.0185,0.421,0.0528,0,0,20.0,22.222222222
0,0.563,0.0185,0.421,0.0528,0,0,20.0,22.222222222
0.0556,0.583,0.0476,0.398,0.0864,0.167,0.141,20.0,22.222222222
0.333,0.699,0.199,0.281,0.32,0.6,0.141,20.0,22.222222222
0.389,0.731,0.266,0.257,0.437,0,0.0353,20.0,22.222222222
0.667,0.84,0.574,0.14,0.716,0,0.0707,20.0,22.222222222
0.667,0.815,0.679,0.14,0.599,0,0.171,20.0,22.222222222
0.972,0.806,0.767,0.0819,0.542,0,0.336,20.0,22.222222222
1,0.588,0.0956,0.386,0.102,0,0.146,20.0,22.222222222
1,0.563,0.0185,0.421,0.0528,0,0,20.0,22.222222222
1,0.563,0.0185,0.421,0.0528,0,0,20.0,22.222222222
1,0.563,0.0185,0.421,0.0528,0,0,18.333333333,22.222222222
1,0.563,0.0185,0.421,0.0528,0,0,18.333333333,22.222222222
1,0.563,0.0185,0.421,0.0528,0,0,18.333333333,22.222222222
1,0.563,0.0185,0.421,0.0528,0,0,18.333333333,22.222222222
1,0.563,0.0185,0.421,0.0528,0,0,18.333333333,22.222222222
1,0.563,0.0185,0.421,0.0528,0,0,18.333333333,22.222222222
0.694,0.563,0.0185,0.421,0.0528,0,0,18.333333333,22.222222222
0.667,0.563,0.0185,0.421,0.0528,0,0,18.333333333,22.222222222
0.667,0.72,0.158,0.164,0.34,0,0.358,18.333333333,22.222222222
0.444,0.678,0.139,0.234,0.256,0,0.252,20.0,22.222222222
0.194,0.613,0.0771,0.339,0.138,0,0.0774,20.0,22.222222222
0,0.563,0.0185,0.421,0.0528,0,0,20.0,22.222222222
0,0.563,0.0185,0.421,0.0528,0,0,20.0,22.222222222
0.222,0.62,0.119,0.327,0.148,0,0.0707,20.0,22.222222222
0.472,0.702,0.252,0.222,0.277,0,0.0707,20.0,22.222222222
0.667,0.797,0.366,0.14,0.449,0,0.53,20.0,22.222222222
0.667,0.744,0.259,0.234,0.405,0,0.318,20.0,22.222222222
0.667,0.707,0.23,0.281,0.382,0,0.177,20.0,22.222222222
0.667,0.828,0.556,0.152,0.688,0,0.306,20.0,22.222222222
0.667,0.815,0.679,0.14,0.599,0,0.258,20.0,22.222222222
0.667,0.765,0.639,0.14,0.459,0,0.263,20.0,22.222222222
0.667,0.713,0.422,0.14,0.396,0,0.0731,20.0,22.222222222
0.667,0.651,0.17,0.199,0.182,0,0.0707,20.0,22.222222222
0.889,0.611,0.0482,0.281,0.0829,0,0,20.0,22.222222222
1,0.61,0.028,0.281,0.0631,0,0.369,18.333333333,22.222222222
1,0.579,0.0177,0.374,0.0535,0,0.0846,18.333333333,22.222222222
1,0.563,0.0162,0.421,0.0528,0,0,18.333333333,22.222222222
0.694,0.563,0.0162,0.421,0.0528,0,0,18.333333333,22.222222222
0.667,0.563,0.0162,0.421,0.0528,0,0,18.333333333,22.222222222
0.889,0.603,0.0296,0.327,0.125,0.417,0.106,18.333333333,22.222222222
1,0.713,0.0724,0.152,0.322,0.35,0.247,18.333333333,22.222222222
1,0.734,0.0901,0.14,0.355,0,0.0353,18.333333333,22.222222222
1,0.813,0.148,0.0117,0.509,0,0.335,18.333333333,22.222222222
1,0.82,0.17,0,0.51,0,0.402,20.0,22.222222222
0.833,0.777,0.159,0.0702,0.418,0,0.241,20.0,22.222222222
1,0.82,0.199,0,0.476,0.517,0.0353,20.0,22.222222222
1,0.82,0.224,0,0.471,0,0.0707,20.0,22.222222222
1,0.82,0.239,0,0.478,0,0.212,20.0,22.222222222
1,0.856,0.266,0,0.526,0,0.157,20.0,22.222222222
0.444,0.716,0.152,0.234,0.311,0,0.106,20.0,22.222222222
0.528,0.778,0.22,0.199,0.474,0,0,20.0,22.222222222
0.333,0.707,0.191,0.281,0.382,0,0.0353,20.0,22.222222222
0.639,0.828,0.494,0.152,0.688,0,0,20.0,22.222222222
0.667,0.815,0.633,0.14,0.599,0,0.0707,20.0,22.222222222
0.806,0.806,0.736,0.0819,0.542,0,0,20.0,22.222222222
1,0.758,0.504,0.0585,0.497,0,0,20.0,22.222222222
1,0.637,0.132,0.234,0.164,0,0,20.0,22.222222222
1,0.591,0.0359,0.339,0.0719,0,0,20.0,22.222222222
1,0.563,0.0162,0.421,0.0528,0,0,18.333333333,22.222222222
1,0.563,0.0162,0.421,0.0528,0,0,18.333333333,22.222222222
1,0.563,0.0162,0.421,0.0528,0,0,18.333333333,22.222222222
1,0.606,0.0201,0.292,0.0546,0.517,0.0353,18.333333333,22.222222222
1,0.618,0.0278,0.257,0.0921,0,0.0636,18.333333333,22.222222222
1,0.705,0.0631,0.0819,0.303,0,0.465,18.333333333,22.222222222
0.833,0.743,0.0831,0.0936,0.376,0,0.438,18.333333333,22.222222222
0.694,0.655,0.0556,0.269,0.216,0,0.0353,18.333333333,22.222222222
0.361,0.649,0.0611,0.281,0.209,0,0.283,18.333333333,22.222222222
0.472,0.685,0.0889,0.222,0.268,0,0.0353,20.0,22.222222222
0.806,0.77,0.155,0.0819,0.405,0,0.106,20.0,22.222222222
0.861,0.749,0.148,0.117,0.359,0,0.0707,20.0,22.222222222
0.667,0.649,0.0856,0.281,0.192,0,0.0353,20.0,22.222222222
0.667,0.649,0.0903,0.281,0.195,0,0.141,20.0,22.222222222
0.667,0.751,0.177,0.152,0.356,0,0.0353,20.0,22.222222222
0.361,0.688,0.127,0.269,0.264,0,0.0353,20.0,22.222222222
0.417,0.734,0.179,0.246,0.389,0,0.141,20.0,22.222222222
0.333,0.707,0.191,0.281,0.382,0,0.0707,20.0,22.222222222
0.389,0.725,0.305,0.257,0.439,0,0.177,20.0,22.222222222
0.667,0.815,0.633,0.14,0.599,0,0.0353,20.0,22.222222222
0.972,0.724,0.489,0.199,0.377,0,0,20.0,22.222222222
1,0.638,0.203,0.281,0.224,0,0,20.0,22.222222222
1,0.618,0.0984,0.281,0.132,0,0,20.0,22.222222222
1,0.568,0.0223,0.409,0.0587,0,0,20.0,22.222222222
1,0.563,0.0162,0.421,0.0528,0,0,18.333333333,22.222222222
1,0.563,0.0162,0.421,0.0528,0,0,18.333333333,22.222222222
1,0.563,0.0162,0.421,0.0528,0,0,18.333333333,22.222222222
1,0.563,0.0162,0.421,0.0528,0,0,18.333333333,22.222222222
1,0.606,0.0257,0.292,0.0859,0,0.219,18.333333333,22.222222222
1,0.622,0.0355,0.281,0.155,0,0.213,18.333333333,22.222222222
0.917,0.766,0.0922,0.0585,0.417,0.517,0.309,18.333333333,22.222222222
1,0.819,0.127,0,0.506,0,0.637,18.333333333,22.222222222
1,0.82,0.151,0,0.522,0,0.477,18.333333333,22.222222222
1,0.82,0.17,0,0.51,0,0.23,20.0,22.222222222
1,0.82,0.188,0,0.491,0,0.281,20.0,22.222222222
1,0.82,0.199,0,0.476,0,0.084,20.0,22.222222222
1,0.82,0.224,0,0.471,0,0.27,20.0,22.222222222
1,0.763,0.189,0.0936,0.384,0,0.458,20.0,22.222222222
1,0.759,0.183,0.14,0.368,0,0.212,20.0,22.222222222
1,0.797,0.225,0.14,0.449,0,0.0952,20.0,22.222222222
1,0.836,0.275,0.14,0.588,0,0.212,20.0,22.222222222
1,0.851,0.366,0.14,0.711,0,0.114,20.0,22.222222222
1,0.84,0.509,0.14,0.716,0,0.0353,20.0,22.222222222
1,0.763,0.502,0.199,0.487,0,0.0353,20.0,22.222222222
1,0.664,0.314,0.281,0.256,0,0,20.0,22.222222222
1,0.638,0.203,0.281,0.224,0,0,20.0,22.222222222
1,0.596,0.0678,0.339,0.102,0,0,20.0,22.222222222
1,0.563,0.0162,0.421,0.0528,0,0,20.0,22.222222222
1,0.563,0.0162,0.421,0.0528,0,0,18.333333333,22.222222222
1,0.563,0.0162,0.421,0.0528,0,0,18.333333333,22.222222222
1,0.563,0.0162,0.421,0.0528,0,0,18.333333333,22.222222222
1,0.563,0.0162,0.421,0.0528,0,0,18.333333333,22.222222222
1,0.563,0.0162,0.421,0.0528,0,0,18.333333333,22.222222222
1,0.573,0.0196,0.398,0.0709,0,0,18.333333333,22.222222222
0.778,0.674,0.0575,0.222,0.251,0,0.17,18.333333333,22.222222222
0.972,0.812,0.125,0.0117,0.494,0,0.336,18.333333333,22.222222222
1,0.82,0.151,0,0.522,0,0.177,18.333333333,22.222222222
1,0.82,0.17,0,0.51,0,0.281,20.0,22.222222222
1,0.82,0.188,0,0.491,0,0.254,20.0,22.222222222
1,0.82,0.199,0,0.476,0,0,20.0,22.222222222
1,0.82,0.224,0,0.471,0,0.516,20.0,22.222222222
1,0.82,0.239,0,0.478,0,0.309,20.0,22.222222222
1,0.856,0.266,0,0.526,0,0.207,20.0,22.222222222
0.778,0.834,0.258,0.0936,0.513,0.417,0.283,20.0,22.222222222
0.972,0.962,0.396,0.0117,0.838,1,0.141,20.0,22.222222222
0.694,0.862,0.377,0.129,0.734,0.65,0,20.0,22.222222222
0.667,0.84,0.509,0.14,0.716,0,0.0353,20.0,22.222222222
0.667,0.794,0.58,0.164,0.554,0,0.0353,20.0,22.222222222
0.667,0.689,0.388,0.246,0.306,0,0,20.0,22.222222222
0.667,0.638,0.203,0.281,0.224,0,0,20.0,22.222222222
0.667,0.618,0.0984,0.281,0.132,0,0.145,20.0,22.222222222
0.667,0.611,0.0472,0.281,0.0829,0,0,20.0,22.222222222
0.972,0.61,0.028,0.281,0.0631,0,0.0353,18.333333333,22.222222222
1,0.61,0.0194,0.281,0.0535,0,0.0707,18.333333333,22.222222222
1,0.61,0.0171,0.281,0.0528,0,0.0353,18.333333333,22.222222222
0.944,0.579,0.0173,0.374,0.0533,0,0,18.333333333,22.222222222
0.667,0.563,0.0162,0.421,0.0528,0,0,18.333333333,22.222222222
0.806,0.588,0.0246,0.363,0.098,0,0.0353,18.333333333,22.222222222
1,0.641,0.0451,0.281,0.192,0,0.161,18.333333333,22.222222222
1,0.648,0.0532,0.281,0.204,0,0.0353,18.333333333,22.222222222
1,0.649,0.0611,0.281,0.209,0,0.141,18.333333333,22.222222222
1,0.649,0.0674,0.281,0.205,0,0,20.0,22.222222222
1,0.706,0.112,0.187,0.296,0.25,0,20.0,22.222222222
0.556,0.642,0.0718,0.292,0.183,0,0,20.0,22.222222222
0.556,0.699,0.127,0.199,0.273,0,0.0707,20.0,22.222222222
0.667,0.735,0.164,0.14,0.337,0,0.0353,20.0,22.222222222
0.972,0.849,0.26,0.0117,0.514,0,0.324,20.0,22.222222222
0.639,0.785,0.214,0.152,0.429,0,0.198,20.0,22.222222222
0.556,0.791,0.233,0.187,0.502,0,0.185,20.0,22.222222222
0.667,0.851,0.366,0.14,0.711,0,0.212,20.0,22.222222222
0.889,0.932,0.678,0.0468,0.937,0,0.141,20.0,22.222222222
0.694,0.826,0.654,0.129,0.626,0,0.0353,20.0,22.222222222
0.806,0.806,0.736,0.0819,0.542,0.25,0,20.0,22.222222222
1,0.788,0.578,0,0.567,0,0.135,20.0,22.222222222
1,0.683,0.202,0.117,0.231,0,0,20.0,22.222222222
1,0.568,0.0245,0.409,0.0587,0,0,20.0,22.222222222
1,0.563,0.0185,0.421,0.0528,0,0,18.333333333,22.222222222
1,0.563,0.0185,0.421,0.0528,0,0,18.333333333,22.222222222
1,0.563,0.0185,0.421,0.0528,0,0,18.333333333,22.222222222
1,0.563,0.0185,0.421,0.0528,0,0,18.333333333,22.222222222
1,0.606,0.0241,0.292,0.0859,0,0.429,18.333333333,22.222222222
1,0.622,0.0327,0.281,0.155,0.417,0.283,18.333333333,22.222222222
1,0.713,0.0777,0.152,0.322,1,0.247,18.333333333,22.222222222
1,0.734,0.127,0.14,0.355,0.133,0.141,18.333333333,22.222222222
0.944,0.72,0.155,0.164,0.339,0,0,18.333333333,22.222222222
0.5,0.606,0.0633,0.351,0.129,0,0,20.0,22.222222222
0.694,0.692,0.17,0.211,0.271,0,0.318,20.0,22.222222222
0.333,0.649,0.128,0.281,0.194,0.517,0.0707,20.0,22.222222222
0.194,0.613,0.0931,0.339,0.134,0,0,20.0,22.222222222
0,0.563,0.0185,0.421,0.0528,0,0,20.0,22.222222222
0,0.563,0.0185,0.421,0.0528,0,0,20.0,22.222222222
0.306,0.672,0.179,0.292,0.238,0,0.0353,20.0,22.222222222
0.333,0.699,0.199,0.281,0.32,0,0.212,20.0,22.222222222
0.472,0.767,0.319,0.222,0.521,0.517,0.141,20.0,22.222222222
0.667,0.84,0.574,0.14,0.716,0,0,20.0,22.222222222
0.972,0.929,0.985,0.0117,0.844,0,0.275,20.0,22.222222222
1,0.825,0.821,0.0585,0.581,0,0.0304,20.0,22.222222222
1,0.646,0.246,0.269,0.241,0,0,20.0,22.222222222
1,0.618,0.112,0.281,0.132,0,0,20.0,22.222222222
1,0.591,0.0418,0.339,0.0719,0,0,20.0,22.222222222
1,0.563,0.0185,0.421,0.0528,0,0,18.333333333,22.222222222
1,0.563,0.0185,0.421,0.0528,0,0,18.333333333,22.222222222
1,0.563,0.0185,0.421,0.0528,0,0,18.333333333,22.222222222
1,0.563,0.0185,0.421,0.0528,0,0,18.333333333,22.222222222
1,0.563,0.0185,0.421,0.0528,0,0,18.333333333,22.222222222
1,0.563,0.0185,0.421,0.0528,0,0,18.333333333,22.222222222
1,0.563,0.0185,0.421,0.0528,0,0,18.333333333,22.222222222
1,0.642,0.07,0.292,0.192,0,0.452,18.333333333,22.222222222
1,0.728,0.163,0.152,0.353,0,0.351,18.333333333,22.222222222
0.694,0.656,0.116,0.269,0.218,0,0.164,20.0,22.222222222
0.667,0.649,0.12,0.281,0.199,0,0.368,20.0,22.222222222
0.667,0.649,0.128,0.281,0.194,0,0.294,20.0,22.222222222
0.306,0.592,0.0604,0.374,0.0993,0,0.0353,20.0,22.222222222
0,0.563,0.0185,0.421,0.0528,0,0,20.0,22.222222222
0.306,0.654,0.171,0.292,0.199,0.167,0.292,20.0,22.222222222
0.333,0.68,0.192,0.281,0.251,0.0833,0.106,20.0,22.222222222
0.333,0.699,0.199,0.281,0.32,0,0.0353,20.0,22.222222222
0.472,0.767,0.319,0.222,0.521,0,0.141,20.0,22.222222222
0.667,0.84,0.574,0.14,0.716,0,0,20.0,22.222222222
0.806,0.867,0.818,0.0819,0.71,0,0,20.0,22.222222222
1,0.866,0.949,0,0.663,0,0.128,20.0,22.222222222
1,0.643,0.24,0.281,0.229,0,0,20.0,22.222222222
1,0.563,0.0185,0.421,0.0528,0,0,20.0,22.222222222
1,0.563,0.0164,0.421,0.0528,0,0,20.0,22.222222222
1,0.563,0.0162,0.421,0.0528,0,0,18.333333333,22.222222222
1,0.563,0.0162,0.421,0.0528,0,0,18.333333333,22.222222222
1,0.563,0.0162,0.421,0.0528,0,0,18.333333333,22.222222222
1,0.563,0.0162,0.421,0.0528,0,0,18.333333333,22.222222222
1,0.563,0.0162,0.421,0.0528,0,0,18.333333333,22.222222222
1,0.618,0.0346,0.292,0.152,0.417,0.0564,18.333333333,22.222222222
0.917,0.766,0.0922,0.0585,0.417,0.1,0.0353,18.333333333,22.222222222
0.861,0.783,0.111,0.0585,0.443,0.517,0.336,18.333333333,22.222222222
0.667,0.735,0.106,0.14,0.365,0,0.0353,18.333333333,22.222222222
0.667,0.735,0.119,0.14,0.357,0,0.0353,20.0,22.222222222
0.667,0.735,0.131,0.14,0.345,0,0.106,20.0,22.222222222
0.667,0.735,0.138,0.14,0.335,0,0.106,20.0,22.222222222
0.722,0.749,0.167,0.117,0.355,0.517,0.0707,20.0,22.222222222
0.917,0.799,0.22,0.0351,0.443,0,0,20.0,22.222222222
1,0.856,0.266,0,0.526,0,0.141,20.0,22.222222222
0.778,0.834,0.258,0.0936,0.513,0,0.0353,20.0,22.222222222
0.667,0.836,0.275,0.14,0.588,0,0.0707,20.0,22.222222222
0.5,0.779,0.277,0.211,0.544,0,0.495,20.0,22.222222222
0.667,0.84,0.509,0.14,0.716,0,0.106,20.0,22.222222222
0.667,0.815,0.633,0.14,0.599,0,0,20.0,22.222222222
0.806,0.806,0.736,0.0819,0.542,0,0,20.0,22.222222222
1,0.776,0.548,0.0234,0.539,0,0.268,20.0,22.222222222
1,0.721,0.248,0.0117,0.276,0.517,0.141,20.0,22.222222222
1,0.697,0.105,0.0234,0.139,0,0.12,20.0,22.222222222
1,0.657,0.0398,0.14,0.0733,0,0,18.333333333,22.222222222
1,0.657,0.0225,0.14,0.0543,0,0.0353,18.333333333,22.222222222
1,0.614,0.0173,0.269,0.0528,0,0.0353,18.333333333,22.222222222
1,0.567,0.0163,0.409,0.0528,0,0,18.333333333,22.222222222
1,0.626,0.0301,0.234,0.101,0.417,0.285,18.333333333,22.222222222
1,0.68,0.0547,0.14,0.258,0.617,0.245,18.333333333,22.222222222
0.944,0.705,0.0691,0.164,0.307,0,0.379,18.333333333,22.222222222
0.361,0.648,0.0532,0.281,0.204,0,0.0353,18.333333333,22.222222222
0.333,0.649,0.0611,0.281,0.209,0,0.106,18.333333333,22.222222222
0.639,0.728,0.115,0.152,0.344,0,0.0353,20.0,22.222222222
0.667,0.735,0.131,0.14,0.345,0,0.282,20.0,22.222222222
0.806,0.77,0.164,0.0819,0.393,0.417,0.281,20.0,22.222222222
0.944,0.792,0.201,0.0468,0.424,0.1,0.0353,20.0,22.222222222
0.75,0.67,0.109,0.246,0.23,0,0.0353,20.0,22.222222222
0.889,0.727,0.156,0.187,0.316,0,0.0353,20.0,22.222222222
1,0.797,0.225,0.14,0.449,0,0.0353,20.0,22.222222222
0.639,0.686,0.133,0.292,0.291,0,0.106,20.0,22.222222222
0.333,0.563,0.0162,0.421,0.0528,0,0,20.0,22.222222222
0.389,0.586,0.0583,0.398,0.108,0,0.0353,20.0,22.222222222
0.667,0.689,0.324,0.281,0.326,0,0,20.0,22.222222222
0.667,0.664,0.314,0.281,0.256,0,0,20.0,22.222222222
0.889,0.687,0.321,0.187,0.337,0,0,20.0,22.222222222
1,0.624,0.113,0.269,0.146,0,0,20.0,22.222222222
1,0.611,0.0472,0.281,0.0829,0,0,20.0,22.222222222
1,0.602,0.0263,0.304,0.0616,0,0.0353,18.333333333,22.222222222
1,0.563,0.0162,0.421,0.0528,0,0,18.333333333,22.222222222
1,0.563,0.0162,0.421,0.0528,0,0,18.333333333,22.222222222
1,0.606,0.0201,0.292,0.0546,0,0,18.333333333,22.222222222
1,0.629,0.0304,0.222,0.101,0,0.149,18.333333333,22.222222222
1,0.68,0.0547,0.14,0.258,0,0.121,18.333333333,22.222222222
0.861,0.685,0.0616,0.199,0.272,0,0.396,18.333333333,22.222222222
0.667,0.648,0.0532,0.281,0.204,0,0.0379,18.333333333,22.222222222
0.667,0.685,0.08,0.222,0.274,0,0.2,18.333333333,22.222222222
0.667,0.735,0.119,0.14,0.357,0,0.259,20.0,22.222222222
0.667,0.735,0.131,0.14,0.345,0,0.0353,20.0,22.222222222
0.667,0.735,0.138,0.14,0.335,0.417,0.415,20.0,22.222222222
0.972,0.813,0.219,0.0117,0.459,0.35,0.306,20.0,22.222222222
1,0.82,0.239,0,0.478,0,0.271,20.0,22.222222222
1,0.856,0.266,0,0.526,0,0.341,20.0,22.222222222
0.694,0.805,0.232,0.129,0.463,0.517,0.289,20.0,22.222222222
0.667,0.836,0.275,0.14,0.588,0,0.152,20.0,22.222222222
0.667,0.851,0.366,0.14,0.711,0,0.141,20.0,22.222222222
0.667,0.84,0.509,0.14,0.716,0,0,20.0,22.222222222
0.5,0.753,0.476,0.211,0.465,0,0,20.0,22.222222222
0.667,0.765,0.612,0.14,0.459,0,0,20.0,22.222222222
0.889,0.701,0.361,0.164,0.368,0,0,20.0,22.222222222
1,0.618,0.0984,0.281,0.132,0,0,20.0,22.222222222
1,0.568,0.0223,0.409,0.0587,0,0,20.0,22.222222222
1,0.563,0.0162,0.421,0.0528,0,0,18.333333333,22.222222222
1,0.563,0.0162,0.421,0.0528,0,0,18.333333333,22.222222222
1,0.563,0.0162,0.421,0.0528,0,0,18.333333333,22.222222222
1,0.563,0.0162,0.421,0.0528,0,0,18.333333333,22.222222222
1,0.563,0.0162,0.421,0.0528,0,0,18.333333333,22.222222222
1,0.563,0.0162,0.421,0.0528,0,0,18.333333333,22.222222222
1,0.636,0.0434,0.292,0.183,0,0.297,18.333333333,22.222222222
0.778,0.591,0.0281,0.374,0.103,0,0.139,18.333333333,22.222222222
0.667,0.563,0.0162,0.421,0.0528,0,0,18.333333333,22.222222222
0.667,0.563,0.0162,0.421,0.0528,0,0,20.0,22.222222222
0.667,0.599,0.0403,0.363,0.113,0,0.35,20.0,22.222222222
0.667,0.663,0.0875,0.257,0.217,0,0.116,20.0,22.222222222
0.361,0.656,0.0907,0.269,0.204,0,0.0707,20.0,22.222222222
0.333,0.649,0.0903,0.281,0.195,0,0.106,20.0,22.222222222
0.333,0.661,0.0995,0.281,0.21,0,0.247,20.0,22.222222222
0.472,0.729,0.165,0.222,0.335,0,0.318,20.0,22.222222222
0.667,0.836,0.275,0.14,0.588,0,0.247,20.0,22.222222222
0.667,0.851,0.366,0.14,0.711,0,0.0353,20.0,22.222222222
0.667,0.84,0.509,0.14,0.716,0,0.177,20.0,22.222222222
0.611,0.794,0.58,0.164,0.554,0,0,20.0,22.222222222
0.639,0.755,0.586,0.152,0.437,0,0,20.0,22.222222222
0.667,0.713,0.39,0.14,0.396,0,0,20.0,22.222222222
0.667,0.651,0.15,0.199,0.182,0,0,20.0,22.222222222
0.667,0.611,0.0472,0.281,0.0829,0,0,20.0,22.222222222
0.667,0.567,0.0185,0.409,0.055,0,0,18.333333333,22.222222222
0.667,0.563,0.0162,0.421,0.0528,0,0,18.333333333,22.222222222
0.667,0.563,0.0162,0.421,0.0528,0,0,18.333333333,22.222222222
0.972,0.563,0.0162,0.421,0.0528,0,0,18.333333333,22.222222222
1,0.563,0.0162,0.421,0.0528,0,0,18.333333333,22.222222222
1,0.588,0.0246,0.363,0.098,0,0.247,18.333333333,22.222222222
1,0.674,0.0575,0.222,0.251,0.25,0.143,18.333333333,22.222222222
1,0.734,0.0901,0.14,0.355,0,0.246,18.333333333,22.222222222
1,0.735,0.106,0.14,0.365,0,0.229,18.333333333,22.222222222
1,0.735,0.119,0.14,0.357,0,0.0715,20.0,22.222222222
0.694,0.735,0.131,0.14,0.345,0,0.304,20.0,22.222222222
0.528,0.699,0.113,0.199,0.276,0,0.106,20.0,22.222222222
0.5,0.692,0.121,0.211,0.262,0,0.255,20.0,22.222222222
0.333,0.649,0.0903,0.281,0.195,0,0.0707,20.0,22.222222222
0.556,0.727,0.156,0.187,0.316,0,0.106,20.0,22.222222222
0.667,0.797,0.225,0.14,0.449,0,0,20.0,22.222222222
0.667,0.836,0.275,0.14,0.588,0.167,0.0353,20.0,22.222222222
0.667,0.851,0.366,0.14,0.711,0.0833,0.141,20.0,22.222222222
0.667,0.84,0.509,0.14,0.716,0,0,20.0,22.222222222
0.667,0.815,0.633,0.14,0.599,0,0.0353,20.0,22.222222222
0.722,0.765,0.612,0.14,0.459,0,0,20.0,22.222222222
1,0.713,0.39,0.14,0.396,0,0.0707,20.0,22.222222222
1,0.664,0.168,0.164,0.199,0,0,20.0,22.222222222
1,0.611,0.0542,0.281,0.0829,0,0,20.0,22.222222222
1,0.61,0.0333,0.281,0.0631,0,0.106,18.333333333,22.222222222
1,0.61,0.0236,0.281,0.0535,0,0.0353,18.333333333,22.222222222
1,0.61,0.0197,0.281,0.0528,0,0.0707,18.333333333,22.222222222
1,0.567,0.0186,0.409,0.0528,0,0,18.333333333,22.222222222
1,0.563,0.0185,0.421,0.0528,0,0,18.333333333,22.222222222
1,0.613,0.0309,0.304,0.143,0,0.179,18.333333333,22.222222222
0.694,0.646,0.05,0.269,0.201,0,0.281,18.333333333,22.222222222
0.528,0.613,0.0492,0.339,0.141,0,0.0991,18.333333333,22.222222222
0.333,0.599,0.0503,0.363,0.118,0,0.378,18.333333333,22.222222222
0.333,0.649,0.109,0.281,0.205,0,0.188,20.0,22.222222222
0.333,0.649,0.12,0.281,0.199,0,0.127,20.0,22.222222222
0.417,0.67,0.155,0.246,0.229,0,0.226,20.0,22.222222222
0.639,0.728,0.267,0.152,0.32,0,0.0579,20.0,22.222222222
0.306,0.642,0.153,0.292,0.183,0,0.0353,20.0,22.222222222
0.139,0.605,0.0876,0.363,0.119,0,0.237,20.0,22.222222222
0.639,0.788,0.353,0.152,0.436,0,0.424,20.0,22.222222222
0.667,0.836,0.379,0.14,0.588,0,0.233,20.0,22.222222222
0.75,0.887,0.495,0.105,0.794,0,0.054,20.0,22.222222222
0.667,0.84,0.574,0.14,0.716,0,0.43,20.0,22.222222222
0.667,0.815,0.679,0.14,0.599,0,0,20.0,22.222222222
0.722,0.765,0.639,0.14,0.459,0,0.0353,20.0,22.222222222
1,0.646,0.246,0.269,0.241,0,0.0707,20.0,22.222222222
1,0.569,0.0345,0.409,0.0669,0,0,20.0,22.222222222
1,0.563,0.0185,0.421,0.0528,0,0,20.0,22.222222222
1,0.563,0.0185,0.421,0.0528,0,0,18.333333333,22.222222222
1,0.563,0.0185,0.421,0.0528,0,0,18.333333333,22.222222222
1,0.563,0.0185,0.421,0.0528,0,0,18.333333333,22.222222222
1,0.606,0.0217,0.292,0.0546,0,0.328,18.333333333,22.222222222
1,0.61,0.0244,0.281,0.0861,0,0.424,18.333333333,22.222222222
1,0.622,0.0327,0.281,0.155,0,0.253,18.333333333,22.222222222
0.694,0.601,0.0329,0.351,0.121,0,0.376,18.333333333,22.222222222
0.667,0.648,0.0726,0.281,0.204,0,0.21,18.333333333,22.222222222
0.667,0.649,0.0932,0.281,0.209,0,0.106,18.333333333,22.222222222
0.667,0.649,0.109,0.281,0.205,0,0.177,20.0,22.222222222
0.528,0.613,0.0771,0.339,0.138,0,0.0707,20.0,22.222222222
0.194,0.606,0.0734,0.351,0.123,0,0.354,20.0,22.222222222
0,0.563,0.0185,0.421,0.0528,0,0,20.0,22.222222222
0.139,0.599,0.0811,0.363,0.112,0,0.0353,20.0,22.222222222
0.333,0.661,0.183,0.281,0.21,0,0,20.0,22.222222222
0.333,0.68,0.192,0.281,0.251,0,0.0353,20.0,22.222222222
0.333,0.699,0.199,0.281,0.32,0,0.0353,20.0,22.222222222
0.556,0.803,0.373,0.187,0.604,0,0.0707,20.0,22.222222222
0.667,0.84,0.574,0.14,0.716,0,0.106,20.0,22.222222222
0.806,0.867,0.818,0.0819,0.71,0,0.0353,20.0,22.222222222
1,0.866,0.949,0,0.663,0,0,20.0,22.222222222
1,0.758,0.544,0.0585,0.497,0,0,20.0,22.222222222
1,0.576,0.0506,0.398,0.081,0,0,20.0,22.222222222
1,0.563,0.0164,0.421,0.0528,0,0,20.0,22.222222222
1,0.563,0.0162,0.421,0.0528,0,0,18.333333333,22.222222222
1,0.563,0.0162,0.421,0.0528,0,0,18.333333333,22.222222222
1,0.583,0.0165,0.363,0.0528,0,0.114,18.333333333,22.222222222
1,0.598,0.0191,0.316,0.0541,0,0.131,18.333333333,22.222222222
1,0.61,0.0261,0.281,0.0861,0,0,18.333333333,22.222222222
1,0.647,0.0438,0.222,0.2,0.167,0.213,18.333333333,22.222222222
0.833,0.679,0.0592,0.211,0.26,0.35,0.141,18.333333333,22.222222222
1,0.812,0.125,0.0117,0.494,0,0,18.333333333,22.222222222
1,0.82,0.151,0,0.522,0,0.284,18.333333333,22.222222222
1,0.82,0.17,0,0.51,0,0.465,20.0,22.222222222
0.917,0.799,0.174,0.0351,0.454,0,0.16,20.0,22.222222222
1,0.82,0.199,0,0.476,0,0.246,20.0,22.222222222
1,0.82,0.224,0,0.471,0.417,0.246,20.0,22.222222222
0.778,0.763,0.189,0.0936,0.384,0.35,0.106,20.0,22.222222222
0.667,0.759,0.183,0.14,0.368,0,0.0353,20.0,22.222222222
0.361,0.688,0.127,0.269,0.264,0.25,0,20.0,22.222222222
0.389,0.722,0.168,0.257,0.366,0,0,20.0,22.222222222
0.667,0.851,0.366,0.14,0.711,0,0.0353,20.0,22.222222222
0.667,0.84,0.509,0.14,0.716,0,0.131,20.0,22.222222222
0.722,0.836,0.685,0.117,0.643,0,0,20.0,22.222222222
1,0.775,0.638,0.129,0.482,0,0.141,20.0,22.222222222
1,0.713,0.39,0.14,0.396,0,0,20.0,22.222222222
1,0.624,0.113,0.269,0.146,0,0,20.0,22.222222222
1,0.603,0.0427,0.304,0.0785,0,0.133,20.0,22.222222222
1,0.563,0.0162,0.421,0.0528,0,0,18.333333333,22.222222222
1,0.563,0.0162,0.421,0.0528,0,0,18.333333333,22.222222222
1,0.563,0.0162,0.421,0.0528,0,0,18.333333333,22.222222222
1,0.563,0.0162,0.421,0.0528,0,0,18.333333333,22.222222222
1,0.563,0.0162,0.421,0.0528,0,0,18.333333333,22.222222222
1,0.618,0.0346,0.292,0.152,0.25,0.0707,18.333333333,22.222222222
1,0.713,0.0724,0.152,0.322,0,0.212,18.333333333,22.222222222
1,0.734,0.0901,0.14,0.355,0,0.0353,18.333333333,22.222222222
1,0.813,0.148,0.0117,0.509,0,0,18.333333333,22.222222222
0.861,0.785,0.148,0.0585,0.446,0,0.0353,20.0,22.222222222
0.667,0.735,0.131,0.14,0.345,0,0,20.0,22.222222222
0.667,0.735,0.138,0.14,0.335,0,0.0353,20.0,22.222222222
0.667,0.656,0.0907,0.269,0.204,0,0.106,20.0,22.222222222
0.667,0.728,0.159,0.152,0.325,0.517,0.212,20.0,22.222222222
0.722,0.775,0.197,0.117,0.395,0,0.212,20.0,22.222222222
0.694,0.805,0.232,0.129,0.463,0,0.0353,20.0,22.222222222
0.667,0.836,0.275,0.14,0.588,0.417,0.0353,20.0,22.222222222
0.611,0.827,0.336,0.164,0.655,0.867,0.247,20.0,22.222222222
0.333,0.575,0.0311,0.409,0.0806,0,0,20.0,22.222222222
0.333,0.563,0.0162,0.421,0.0528,0,0,20.0,22.222222222
0.861,0.654,0.288,0.292,0.234,0,0.164,20.0,22.222222222
1,0.572,0.0409,0.409,0.0693,0,0,20.0,22.222222222
1,0.563,0.0162,0.421,0.0528,0,0,20.0,22.222222222
1,0.563,0.0162,0.421,0.0528,0,0,20.0,22.222222222
1,0.563,0.0162,0.421,0.0528,0,0,18.333333333,22.222222222
1,0.563,0.0162,0.421,0.0528,0,0,18.333333333,22.222222222
1,0.563,0.0162,0.421,0.0528,0,0,18.333333333,22.222222222
1,0.563,0.0162,0.421,0.0528,0,0,18.333333333,22.222222222
1,0.563,0.0162,0.421,0.0528,0,0,18.333333333,22.222222222
1,0.563,0.0162,0.421,0.0528,0,0,18.333333333,22.222222222
1,0.636,0.0434,0.292,0.183,0,0.318,18.333333333,22.222222222
1,0.648,0.0532,0.281,0.204,0,0.212,18.333333333,22.222222222
1,0.728,0.103,0.152,0.353,0,0.177,18.333333333,22.222222222
1,0.735,0.119,0.14,0.357,0,0,20.0,22.222222222
1,0.813,0.184,0.0117,0.478,0,0.106,20.0,22.222222222
0.861,0.785,0.174,0.0585,0.417,0,0.0353,20.0,22.222222222
0.667,0.735,0.155,0.14,0.332,0,0.0353,20.0,22.222222222
0.806,0.77,0.195,0.0819,0.396,0,0.247,20.0,22.222222222
1,0.856,0.266,0,0.526,0,0.0707,20.0,22.222222222
0.861,0.864,0.285,0.0585,0.564,0,0.143,20.0,22.222222222
0.667,0.836,0.275,0.14,0.588,0,0.322,20.0,22.222222222
0.361,0.719,0.202,0.269,0.405,0,0.141,20.0,22.222222222
0.389,0.725,0.305,0.257,0.439,0.167,0.0707,20.0,22.222222222
0.667,0.815,0.633,0.14,0.599,0.0833,0,20.0,22.222222222
0.889,0.79,0.686,0.105,0.509,0,0,20.0,22.222222222
1,0.701,0.361,0.164,0.368,0.167,0.0747,20.0,22.222222222
1,0.569,0.031,0.409,0.0669,0.35,0,20.0,22.222222222
1,0.563,0.0162,0.421,0.0528,0,0,20.0,22.222222222
1,0.563,0.0162,0.421,0.0528,0,0,18.333333333,22.222222222
1,0.563,0.0162,0.421,0.0528,0,0,18.333333333,22.222222222
1,0.563,0.0162,0.421,0.0528,0,0,18.333333333,22.222222222
1,0.563,0.0162,0.421,0.0528,0,0,18.333333333,22.222222222
1,0.574,0.0195,0.398,0.0707,0,0.0353,18.333333333,22.222222222
1,0.584,0.0228,0.374,0.0886,0,0,18.333333333,22.222222222
1,0.639,0.0445,0.292,0.183,0,0,18.333333333,22.222222222
1,0.666,0.0624,0.257,0.229,0,0.0353,18.333333333,22.222222222
1,0.753,0.117,0.117,0.383,0,0.0353,18.333333333,22.222222222
1,0.826,0.173,0,0.496,0,0,20.0,22.222222222
1,0.826,0.19,0,0.477,0.25,0.0707,20.0,22.222222222
0.944,0.753,0.149,0.117,0.351,0,0.106,20.0,22.222222222
0.667,0.666,0.0988,0.257,0.212,0,0.353,20.0,22.222222222
0.667,0.743,0.167,0.14,0.33,0.5,0.141,20.0,22.222222222
0.667,0.771,0.19,0.14,0.35,0,0.0707,20.0,22.222222222
0.667,0.811,0.235,0.14,0.407,0,0.0707,20.0,22.222222222
0.528,0.786,0.231,0.199,0.414,0,0,20.0,22.222222222
0.639,0.842,0.381,0.152,0.621,0,0.462,20.0,22.222222222
0.611,0.818,0.486,0.164,0.655,0,0.183,20.0,22.222222222
0.333,0.686,0.324,0.281,0.35,0,0.312,20.0,22.222222222
0.333,0.597,0.114,0.374,0.134,0,0,20.0,22.222222222
0.167,0.573,0.0284,0.398,0.0646,0,0,20.0,22.222222222
0.639,0.618,0.0893,0.281,0.124,0,0,20.0,22.222222222
0.667,0.563,0.0162,0.421,0.0528,0,0,20.0,22.222222222
0.667,0.563,0.0162,0.421,0.0528,0,0,18.333333333,22.222222222
0.667,0.563,0.0162,0.421,0.0528,0,0,18.333333333,22.222222222
0.722,0.571,0.0169,0.398,0.0531,0,0,18.333333333,22.222222222
1,0.62,0.0231,0.257,0.0662,0,0.104,18.333333333,22.222222222
1,0.664,0.04,0.14,0.148,0.167,0.447,18.333333333,22.222222222
1,0.693,0.0592,0.14,0.278,1,0.106,18.333333333,22.222222222
1,0.728,0.0778,0.14,0.337,0.1,0.211,18.333333333,22.222222222
0.861,0.702,0.0766,0.199,0.29,0,0.441,18.333333333,22.222222222
0.361,0.571,0.02,0.409,0.0656,0,0,18.333333333,22.222222222
0.333,0.563,0.0162,0.421,0.0528,0,0,20.0,22.222222222
0.333,0.563,0.0162,0.421,0.0528,0,0,20.0,22.222222222
0.333,0.622,0.0582,0.327,0.144,0,0.0353,20.0,22.222222222
0.333,0.651,0.0865,0.281,0.189,0,0.0353,20.0,22.222222222
0.333,0.653,0.0917,0.281,0.191,0,0,20.0,22.222222222
0.333,0.667,0.103,0.281,0.202,0,0.177,20.0,22.222222222
0.333,0.687,0.126,0.281,0.23,0.167,0.212,20.0,22.222222222
0.556,0.799,0.25,0.187,0.444,0.6,0.0707,20.0,22.222222222
0.667,0.744,0.263,0.246,0.428,0.167,0.106,20.0,22.222222222
0.667,0.839,0.538,0.14,0.706,0.333,0.212,20.0,22.222222222
0.667,0.809,0.633,0.14,0.647,0,0,20.0,22.222222222
0.667,0.756,0.566,0.14,0.527,0,0.106,20.0,22.222222222
0.722,0.631,0.158,0.281,0.217,0,0,20.0,22.222222222
0.917,0.614,0.0832,0.292,0.118,0,0,20.0,22.222222222
1,0.563,0.0185,0.421,0.0528,0,0,20.0,22.222222222
1,0.563,0.0185,0.421,0.0528,0,0,18.333333333,22.222222222
1,0.563,0.0185,0.421,0.0528,0,0,18.333333333,22.222222222
1,0.563,0.0185,0.421,0.0528,0,0,18.333333333,22.222222222
1,0.563,0.0185,0.421,0.0528,0,0,18.333333333,22.222222222
1,0.563,0.0185,0.421,0.0528,0,0,18.333333333,22.222222222
1,0.628,0.0389,0.292,0.165,0,0.435,18.333333333,22.222222222
1,0.647,0.06,0.281,0.197,0,0.177,18.333333333,22.222222222
1,0.724,0.146,0.164,0.332,0,0.218,18.333333333,22.222222222
1,0.826,0.265,0,0.507,0,0.523,18.333333333,22.222222222
0.694,0.746,0.217,0.129,0.357,0,0.289,20.0,22.222222222
0.222,0.622,0.0859,0.327,0.148,0,0,20.0,22.222222222
0,0.563,0.0185,0.421,0.0528,0,0,20.0,22.222222222
0,0.563,0.0185,0.421,0.0528,0,0,20.0,22.222222222
0,0.563,0.0185,0.421,0.0528,0,0,20.0,22.222222222
0.0556,0.583,0.0474,0.398,0.0809,0,0.0707,20.0,22.222222222
0.472,0.75,0.269,0.222,0.335,0,0.457,20.0,22.222222222
0.667,0.849,0.405,0.14,0.552,0,0.169,20.0,22.222222222
0.528,0.793,0.384,0.199,0.528,0,0.0707,20.0,22.222222222
0.389,0.719,0.376,0.257,0.425,0,0.0353,20.0,22.222222222
0.667,0.722,0.45,0.234,0.436,0,0.0707,20.0,22.222222222
0.889,0.628,0.2,0.316,0.222,0,0.19,20.0,22.222222222
1,0.57,0.0344,0.409,0.0704,0,0,20.0,22.222222222
1,0.568,0.0244,0.409,0.0587,0,0,20.0,22.222222222
1,0.563,0.0185,0.421,0.0528,0,0,20.0,22.222222222
1,0.563,0.0185,0.421,0.0528,0,0,18.333333333,22.222222222
1,0.563,0.0185,0.421,0.0528,0,0,18.333333333,22.222222222
1,0.563,0.0185,0.421,0.0528,0,0,18.333333333,22.222222222
1,0.584,0.021,0.363,0.0676,0.167,0,18.333333333,22.222222222
1,0.617,0.0282,0.281,0.118,0.6,0.0353,18.333333333,22.222222222
0.861,0.599,0.0271,0.339,0.115,0,0.0353,18.333333333,22.222222222
0.361,0.6,0.0417,0.363,0.115,0.25,0.141,18.333333333,22.222222222
0.333,0.651,0.0826,0.281,0.204,0,0.212,18.333333333,22.222222222
0.472,0.688,0.139,0.222,0.266,0,0.106,18.333333333,22.222222222
0.528,0.702,0.167,0.199,0.286,0,0.0926,20.0,22.222222222
0.194,0.615,0.0775,0.339,0.136,0,0.0353,20.0,22.222222222
0,0.563,0.0185,0.421,0.0528,0,0,20.0,22.222222222
0,0.563,0.0185,0.421,0.0528,0,0,20.0,22.222222222
0.444,0.691,0.23,0.234,0.242,0,0.212,20.0,22.222222222
0.889,0.857,0.469,0.0468,0.469,0,0.0707,20.0,22.222222222
1,0.949,0.546,0,0.624,0,0.0353,20.0,22.222222222
0.944,0.967,0.563,0.0234,0.753,0,0.0353,20.0,22.222222222
0.667,0.851,0.501,0.14,0.666,0,0.0707,20.0,22.222222222
0.667,0.833,0.624,0.14,0.695,0.25,0.212,20.0,22.222222222
0.667,0.795,0.661,0.14,0.615,0,0.0353,20.0,22.222222222
0.667,0.743,0.534,0.14,0.512,0,0,20.0,22.222222222
0.667,0.673,0.276,0.199,0.329,0,0,20.0,22.222222222
0.833,0.582,0.0464,0.374,0.0765,0,0,20.0,22.222222222
0.667,0.563,0.0162,0.421,0.0528,0,0,20.0,22.222222222
0.667,0.563,0.0162,0.421,0.0528,0,0,18.333333333,22.222222222
0.667,0.563,0.0162,0.421,0.0528,0,0,18.333333333,22.222222222
0.667,0.563,0.0162,0.421,0.0528,0,0,18.333333333,22.222222222
0.667,0.571,0.0179,0.398,0.0587,0,0.0353,18.333333333,22.222222222
0.611,0.604,0.0248,0.304,0.0825,0,0.0707,18.333333333,22.222222222
0.278,0.563,0.0162,0.421,0.0528,0,0,18.333333333,22.222222222
0,0.563,0.0162,0.421,0.0528,0,0,18.333333333,22.222222222
0.0556,0.578,0.0237,0.398,0.0784,0,0.0707,18.333333333,22.222222222
0.417,0.673,0.0737,0.246,0.244,0.917,0,18.333333333,22.222222222
0.417,0.673,0.0813,0.246,0.238,0.35,0.212,20.0,22.222222222
0.333,0.651,0.0742,0.281,0.194,0,0.0707,20.0,22.222222222
0.333,0.651,0.0785,0.281,0.19,0,0.177,20.0,22.222222222
0.333,0.651,0.0865,0.281,0.189,0,0.0707,20.0,22.222222222
0.333,0.653,0.0917,0.281,0.191,0,0.212,20.0,22.222222222
0.0833,0.592,0.0407,0.386,0.093,0,0.141,20.0,22.222222222
0.639,0.801,0.226,0.152,0.393,0,0.106,20.0,22.222222222
0.667,0.846,0.293,0.14,0.517,0,0.106,20.0,22.222222222
0.667,0.854,0.396,0.14,0.646,0,0.177,20.0,22.222222222
0.667,0.839,0.538,0.14,0.706,0,0.0707,20.0,22.222222222
0.667,0.809,0.633,0.14,0.647,0.25,0,20.0,22.222222222
0.889,0.769,0.61,0.129,0.553,0,0.0506,20.0,22.222222222
1,0.635,0.175,0.281,0.24,0,0.087,20.0,22.222222222
0.917,0.582,0.0408,0.374,0.0765,0,0.186,20.0,22.222222222
1,0.563,0.0162,0.421,0.0528,0,0,20.0,22.222222222
1,0.563,0.0162,0.421,0.0528,0,0,18.333333333,22.222222222
1,0.563,0.0162,0.421,0.0528,0,0,18.333333333,22.222222222
1,0.571,0.0169,0.398,0.0531,0,0,18.333333333,22.222222222
1,0.612,0.0214,0.281,0.0603,0,0,18.333333333,22.222222222
1,0.614,0.0281,0.281,0.1,0,0.141,18.333333333,22.222222222
1,0.628,0.0377,0.281,0.166,0.667,0.0353,18.333333333,22.222222222
1,0.701,0.0679,0.187,0.29,0.1,0.23,18.333333333,22.222222222
1,0.739,0.0934,0.14,0.353,0,0.246,18.333333333,22.222222222
1,0.739,0.109,0.14,0.358,0,0.415,18.333333333,22.222222222
1,0.739,0.121,0.14,0.348,0,0.177,20.0,22.222222222
1,0.739,0.132,0.14,0.336,0,0.0353,20.0,22.222222222
0.944,0.724,0.129,0.164,0.305,0,0.212,20.0,22.222222222
0.583,0.688,0.116,0.222,0.246,0,0.0353,20.0,22.222222222
0.667,0.743,0.167,0.14,0.33,0,0.0353,20.0,22.222222222
0.667,0.771,0.19,0.14,0.35,0.167,0,20.0,22.222222222
0.667,0.811,0.235,0.14,0.407,0.333,0.177,20.0,22.222222222
0.667,0.846,0.293,0.14,0.517,0,0.0353,20.0,22.222222222
0.972,0.988,0.571,0.0117,0.918,0,0,20.0,22.222222222
0.778,0.886,0.622,0.0936,0.817,0,0.247,20.0,22.222222222
0.722,0.825,0.682,0.117,0.688,0,0.102,20.0,22.222222222
1,0.79,0.664,0.0936,0.608,0,0,20.0,22.222222222
1,0.678,0.278,0.199,0.364,0,0.13,20.0,22.222222222
1,0.595,0.0588,0.339,0.0942,0,0.0718,20.0,22.222222222
1,0.563,0.0162,0.421,0.0528,0,0,20.0,22.222222222
1,0.563,0.0162,0.421,0.0528,0,0,18.333333333,22.222222222
1,0.563,0.0162,0.421,0.0528,0,0,18.333333333,22.222222222
1,0.563,0.0162,0.421,0.0528,0,0,18.333333333,22.222222222
1,0.571,0.0179,0.398,0.0587,0,0.115,18.333333333,22.222222222
1,0.614,0.0281,0.281,0.1,0,0.205,18.333333333,22.222222222
1,0.628,0.0377,0.281,0.166,0,0.115,18.333333333,22.222222222
0.861,0.666,0.0543,0.246,0.23,0.5,0,18.333333333,22.222222222
0.667,0.709,0.081,0.187,0.303,0.25,0.0707,18.333333333,22.222222222
0.667,0.739,0.109,0.14,0.358,0,0.0707,18.333333333,22.222222222
0.667,0.739,0.121,0.14,0.348,0,0.0353,20.0,22.222222222
0.667,0.739,0.132,0.14,0.336,0.25,0.141,20.0,22.222222222
0.667,0.739,0.141,0.14,0.327,0,0.212,20.0,22.222222222
0.667,0.739,0.157,0.14,0.325,0,0,20.0,22.222222222
0.667,0.743,0.167,0.14,0.33,0,0.0353,20.0,22.222222222
0.667,0.771,0.19,0.14,0.35,0.25,0,20.0,22.222222222
0.667,0.811,0.235,0.14,0.407,0,0.106,20.0,22.222222222
0.667,0.846,0.293,0.14,0.517,0,0.106,20.0,22.222222222
0.833,0.928,0.485,0.0702,0.79,0,0.0707,20.0,22.222222222
0.667,0.839,0.538,0.14,0.706,0,0.383,20.0,22.222222222
0.667,0.809,0.633,0.14,0.647,0,0.289,20.0,22.222222222
0.972,0.844,0.816,0.0117,0.745,0,0.362,20.0,22.222222222
1,0.731,0.392,0.0936,0.498,0,0.102,20.0,22.222222222
1,0.636,0.114,0.234,0.148,0,0.0887,20.0,22.222222222
1,0.612,0.0403,0.281,0.0763,0,0.118,20.0,22.222222222
1,0.567,0.0171,0.409,0.0535,0,0,18.333333333,22.222222222
1,0.563,0.0162,0.421,0.0528,0,0,18.333333333,22.222222222
1,0.563,0.0162,0.421,0.0528,0,0,18.333333333,22.222222222
1,0.571,0.0179,0.398,0.0587,0.167,0.0353,18.333333333,22.222222222
1,0.648,0.0366,0.187,0.136,0.0833,0.269,18.333333333,22.222222222
0.944,0.679,0.0542,0.164,0.255,0,0.429,18.333333333,22.222222222
0.361,0.57,0.0187,0.409,0.0645,0,0.0353,18.333333333,22.222222222
0.639,0.644,0.0517,0.292,0.191,0.25,0.0707,18.333333333,22.222222222
0.667,0.666,0.0709,0.257,0.23,0,0.0707,18.333333333,22.222222222
0.667,0.739,0.121,0.14,0.348,0,0,20.0,22.222222222
0.528,0.702,0.108,0.199,0.277,0,0.0707,20.0,22.222222222
0.333,0.651,0.0785,0.281,0.19,0,0.0707,20.0,22.222222222
0.556,0.709,0.134,0.187,0.28,0,0.106,20.0,22.222222222
0.667,0.743,0.167,0.14,0.33,0,0,20.0,22.222222222
0.667,0.771,0.19,0.14,0.35,0,0.389,20.0,22.222222222
0.667,0.811,0.235,0.14,0.407,0,0.0707,20.0,22.222222222
0.667,0.846,0.293,0.14,0.517,0,0.0707,20.0,22.222222222
0.667,0.854,0.396,0.14,0.646,0,0.106,20.0,22.222222222
0.667,0.839,0.538,0.14,0.706,0,0,20.0,22.222222222
0.667,0.809,0.633,0.14,0.647,0,0,20.0,22.222222222
0.722,0.693,0.389,0.234,0.371,0,0,20.0,22.222222222
1,0.625,0.163,0.304,0.229,0,0.082,20.0,22.222222222
1,0.576,0.0268,0.386,0.0631,0,0,20.0,22.222222222
1,0.563,0.0162,0.421,0.0528,0,0,20.0,22.222222222
1,0.563,0.0162,0.421,0.0528,0,0,18.333333333,22.222222222
1,0.563,0.0162,0.421,0.0528,0,0,18.333333333,22.222222222
1,0.563,0.0162,0.421,0.0528,0,0,18.333333333,22.222222222
1,0.563,0.0162,0.421,0.0528,0,0,18.333333333,22.222222222
1,0.563,0.0162,0.421,0.0528,0,0,18.333333333,22.222222222
1,0.563,0.0162,0.421,0.0528,0,0,18.333333333,22.222222222
1,0.578,0.0224,0.398,0.0777,0,0,18.333333333,22.222222222
1,0.709,0.081,0.187,0.303,0,0.215,18.333333333,22.222222222
1,0.739,0.109,0.14,0.358,0.167,0.146,18.333333333,22.222222222
0.944,0.724,0.111,0.164,0.324,0.85,0.195,20.0,22.222222222
0.611,0.651,0.0742,0.281,0.194,0,0.106,20.0,22.222222222
0.472,0.666,0.0901,0.257,0.213,0,0.106,20.0,22.222222222
0.667,0.739,0.157,0.14,0.325,0,0.141,20.0,22.222222222
0.972,0.825,0.237,0.0117,0.457,0.917,0.622,20.0,22.222222222
1,0.875,0.278,0,0.499,0.1,0.416,20.0,22.222222222
1,0.934,0.345,0,0.585,0.917,0.247,20.0,22.222222222
1,0.987,0.431,0,0.749,0.617,0.0424,20.0,22.222222222
1,1,0.586,0,0.942,0,0.177,20.0,22.222222222
0.778,0.886,0.622,0.0936,0.817,0,0.102,20.0,22.222222222
0.667,0.697,0.35,0.269,0.376,0,0.041,20.0,22.222222222
0.667,0.66,0.291,0.281,0.29,0,0,20.0,22.222222222
0.667,0.607,0.119,0.339,0.176,0,0,20.0,22.222222222
0.75,0.563,0.0162,0.421,0.0528,0,0,20.0,22.222222222
0.972,0.563,0.0185,0.421,0.0528,0,0,20.0,22.222222222
1,0.563,0.0185,0.421,0.0528,0,0,18.333333333,22.222222222
1,0.563,0.0185,0.421,0.0528,0,0,18.333333333,22.222222222
1,0.563,0.0185,0.421,0.0528,0,0,18.333333333,22.222222222
1,0.563,0.0185,0.421,0.0528,0,0,18.333333333,22.222222222
1,0.563,0.0185,0.421,0.0528,0,0,18.333333333,22.222222222
1,0.631,0.0446,0.304,0.17,0,0.252,18.333333333,22.222222222
1,0.767,0.125,0.0819,0.404,0.417,0.37,18.333333333,22.222222222
0.556,0.709,0.12,0.187,0.304,0.0833,0.301,18.333333333,22.222222222
0.556,0.709,0.158,0.187,0.305,0,0.228,18.333333333,22.222222222
0.667,0.739,0.209,0.14,0.345,0.417,0.442,20.0,22.222222222
0.361,0.658,0.131,0.269,0.205,0.0833,0.14,20.0,22.222222222
0.639,0.731,0.245,0.152,0.315,0,0.318,20.0,22.222222222
0.444,0.68,0.2,0.234,0.235,0,0.283,20.0,22.222222222
0.333,0.656,0.174,0.281,0.193,0,0.106,20.0,22.222222222
0.639,0.773,0.341,0.152,0.35,0.417,0.212,20.0,22.222222222
0.667,0.821,0.37,0.14,0.433,0.0833,0.106,20.0,22.222222222
0.528,0.788,0.317,0.199,0.431,0.167,0,20.0,22.222222222
0.639,0.839,0.483,0.152,0.642,0.0833,0.106,20.0,22.222222222
0.667,0.833,0.624,0.14,0.695,0,0,20.0,22.222222222
0.667,0.795,0.661,0.14,0.615,0,0,20.0,22.222222222
0.667,0.7,0.423,0.222,0.389,0,0,20.0,22.222222222
0.972,0.601,0.114,0.351,0.158,0,0,20.0,22.222222222
0.833,0.563,0.0183,0.421,0.0528,0,0,20.0,22.222222222
1,0.563,0.0185,0.421,0.0528,0,0,20.0,22.222222222
1,0.563,0.0185,0.421,0.0528,0,0,18.333333333,22.222222222
1,0.563,0.0185,0.421,0.0528,0,0,18.333333333,22.222222222
0.861,0.563,0.0185,0.421,0.0528,0,0,18.333333333,22.222222222
0.667,0.563,0.0185,0.421,0.0528,0,0,18.333333333,22.222222222
0.667,0.563,0.0185,0.421,0.0528,0,0,18.333333333,22.222222222
0.667,0.563,0.0185,0.421,0.0528,0,0,18.333333333,22.222222222
0.833,0.677,0.0806,0.234,0.248,0.417,0.459,18.333333333,22.222222222
0.667,0.739,0.147,0.14,0.355,0.35,0.164,18.333333333,22.222222222
0.528,0.702,0.145,0.199,0.294,0,0.229,18.333333333,22.222222222
0.333,0.651,0.114,0.281,0.199,0,0.337,20.0,22.222222222
0.278,0.636,0.105,0.304,0.17,0,0.254,20.0,22.222222222
0,0.563,0.0185,0.421,0.0528,0,0,20.0,22.222222222
0.306,0.644,0.146,0.292,0.178,0,0.0353,20.0,22.222222222
0.111,0.593,0.0682,0.374,0.0985,0,0,20.0,22.222222222
0,0.563,0.0185,0.421,0.0528,0,0,20.0,22.222222222
0.0556,0.587,0.0484,0.398,0.0896,0,0.235,20.0,22.222222222
0.556,0.802,0.345,0.187,0.478,0,0.155,20.0,22.222222222
0.667,0.851,0.501,0.14,0.666,0,0.288,20.0,22.222222222
0.667,0.833,0.624,0.14,0.695,0,0.0707,20.0,22.222222222
0.667,0.795,0.661,0.14,0.615,0,0,20.0,22.222222222
0.667,0.743,0.534,0.14,0.512,0.25,0.106,20.0,22.222222222
0.722,0.673,0.276,0.199,0.329,0,0.0353,20.0,22.222222222
1,0.591,0.0603,0.351,0.0883,0,0,20.0,22.222222222
1,0.612,0.0403,0.281,0.0763,0,0,20.0,22.222222222
1,0.612,0.0252,0.281,0.0601,0,0.0353,18.333333333,22.222222222
1,0.612,0.0184,0.281,0.0528,0,0.212,18.333333333,22.222222222
1,0.604,0.0168,0.304,0.0528,0,0.0353,18.333333333,22.222222222
1,0.563,0.0162,0.421,0.0528,0,0,18.333333333,22.222222222
1,0.574,0.0195,0.398,0.0707,0,0.114,18.333333333,22.222222222
1,0.672,0.0525,0.187,0.243,0.667,0.379,18.333333333,22.222222222
0.778,0.673,0.0568,0.234,0.242,0.1,0.118,18.333333333,22.222222222
0.667,0.666,0.0624,0.257,0.229,0,0,18.333333333,22.222222222
0.667,0.739,0.109,0.14,0.358,0,0.283,18.333333333,22.222222222
0.667,0.739,0.121,0.14,0.348,0,0,20.0,22.222222222
0.667,0.739,0.132,0.14,0.336,0.417,0,20.0,22.222222222
0.667,0.68,0.0988,0.234,0.236,0.0833,0.0353,20.0,22.222222222
0.667,0.615,0.0568,0.339,0.132,0,0,20.0,22.222222222
0.667,0.58,0.0301,0.398,0.0769,0,0,20.0,22.222222222
0.667,0.667,0.103,0.281,0.202,0.25,0.247,20.0,22.222222222
0.806,0.824,0.248,0.129,0.43,0,0.177,20.0,22.222222222
1,0.987,0.431,0,0.749,0,0.0353,20.0,22.222222222
1,1,0.586,0,0.942,0,0.0353,20.0,22.222222222
0.861,0.921,0.684,0.0585,0.899,0,0,20.0,22.222222222
0.667,0.809,0.633,0.14,0.647,0,0,20.0,22.222222222
0.667,0.744,0.536,0.164,0.492,0,0.165,20.0,22.222222222
0.806,0.635,0.175,0.281,0.24,0,0,20.0,22.222222222
1,0.617,0.0826,0.281,0.116,0,0,20.0,22.222222222
1,0.612,0.0403,0.281,0.0763,0,0,20.0,22.222222222
1,0.579,0.0196,0.374,0.0557,0,0,18.333333333,22.222222222
1,0.563,0.0162,0.421,0.0528,0,0,18.333333333,22.222222222
1,0.563,0.0162,0.421,0.0528,0,0,18.333333333,22.222222222
1,0.563,0.0162,0.421,0.0528,0,0,18.333333333,22.222222222
1,0.574,0.0195,0.398,0.0707,0,0,18.333333333,22.222222222
1,0.628,0.0377,0.281,0.166,0.917,0.0353,18.333333333,22.222222222
1,0.701,0.0679,0.187,0.29,0.617,0,18.333333333,22.222222222
1,0.739,0.0934,0.14,0.353,0,0.0353,18.333333333,22.222222222
1,0.753,0.117,0.117,0.383,0,0.248,18.333333333,22.222222222
1,0.812,0.163,0.0234,0.472,0,0.249,20.0,22.222222222
1,0.739,0.132,0.14,0.336,0,0,20.0,22.222222222
0.778,0.739,0.141,0.14,0.327,0,0.0353,20.0,22.222222222
0.667,0.739,0.157,0.14,0.325,0,0.0707,20.0,22.222222222
0.667,0.743,0.167,0.14,0.33,0,0.212,20.0,22.222222222
0.667,0.771,0.19,0.14,0.35,0,0.106,20.0,22.222222222
0.667,0.811,0.235,0.14,0.407,0,0.283,20.0,22.222222222
0.667,0.846,0.293,0.14,0.517,0,0.0353,20.0,22.222222222
0.667,0.854,0.396,0.14,0.646,0.167,0,20.0,22.222222222
0.667,0.839,0.538,0.14,0.706,0.333,0.0707,20.0,22.222222222
0.667,0.76,0.506,0.199,0.53,0,0.0707,20.0,22.222222222
0.722,0.672,0.32,0.257,0.325,0,0,20.0,22.222222222
1,0.706,0.334,0.14,0.428,0,0,20.0,22.222222222
1,0.635,0.106,0.234,0.14,0,0,20.0,22.222222222
0.694,0.563,0.0162,0.421,0.0528,0,0,20.0,22.222222222
0.667,0.563,0.0162,0.421,0.0528,0,0,18.333333333,22.222222222
0.972,0.6,0.018,0.316,0.0528,0,0.0353,18.333333333,22.222222222
0.944,0.563,0.0162,0.421,0.0528,0,0,18.333333333,22.222222222
0.667,0.571,0.0179,0.398,0.0587,0,0.201,18.333333333,22.222222222
0.722,0.624,0.0314,0.257,0.118,0,0.166,18.333333333,22.222222222
1,0.693,0.0592,0.14,0.278,0,0.224,18.333333333,22.222222222
0.861,0.693,0.0642,0.199,0.277,0,0.242,18.333333333,22.222222222
0.417,0.585,0.0268,0.386,0.0908,0,0.054,18.333333333,22.222222222
0.667,0.666,0.0709,0.257,0.23,0,0.0353,18.333333333,22.222222222
0.667,0.739,0.121,0.14,0.348,0,0.0353,20.0,22.222222222
0.667,0.739,0.132,0.14,0.336,0.25,0.0707,20.0,22.222222222
0.667,0.739,0.141,0.14,0.327,0,0.0353,20.0,22.222222222
0.667,0.739,0.157,0.14,0.325,0,0.212,20.0,22.222222222
0.444,0.682,0.116,0.234,0.237,0,0.313,20.0,22.222222222
0.0833,0.592,0.0407,0.386,0.093,0,0,20.0,22.222222222
0.639,0.801,0.226,0.152,0.393,0,0.177,20.0,22.222222222
0.667,0.846,0.293,0.14,0.517,0,0.0353,20.0,22.222222222
0.667,0.854,0.396,0.14,0.646,0,0.0707,20.0,22.222222222
0.667,0.839,0.538,0.14,0.706,0,0.0353,20.0,22.222222222
0.667,0.809,0.633,0.14,0.647,0,0.137,20.0,22.222222222
0.889,0.819,0.742,0.0468,0.684,0,0.0549,20.0,22.222222222
1,0.722,0.38,0.117,0.487,0,0,20.0,22.222222222
1,0.609,0.0771,0.304,0.112,0,0.0353,20.0,22.222222222
1,0.612,0.0403,0.281,0.0763,0,0,20.0,22.222222222
1,0.579,0.0196,0.374,0.0557,0,0,18.333333333,22.222222222
1,0.563,0.0162,0.421,0.0528,0,0,18.333333333,22.222222222
0.944,0.563,0.0162,0.421,0.0528,0,0,18.333333333,22.222222222
0.667,0.563,0.0162,0.421,0.0528,0,0,18.333333333,22.222222222
0.667,0.563,0.0162,0.421,0.0528,0,0,18.333333333,22.222222222
0.667,0.563,0.0162,0.421,0.0528,0,0,18.333333333,22.222222222
0.667,0.563,0.0162,0.421,0.0528,0,0,18.333333333,22.222222222
0.667,0.622,0.0424,0.327,0.153,0.5,0.106,18.333333333,22.222222222
0.667,0.651,0.0624,0.281,0.205,0,0.0353,18.333333333,22.222222222
0.667,0.666,0.078,0.257,0.224,0,0.2,20.0,22.222222222
0.667,0.739,0.132,0.14,0.336,0,0.185,20.0,22.222222222
0.583,0.717,0.126,0.175,0.293,0,0.0707,20.0,22.222222222
0.667,0.739,0.157,0.14,0.325,0,0.218,20.0,22.222222222
0.5,0.699,0.13,0.211,0.261,0.167,0.185,20.0,22.222222222
0.667,0.771,0.19,0.14,0.35,0.333,0.498,20.0,22.222222222
0.667,0.811,0.235,0.14,0.407,0,0.156,20.0,22.222222222
0.667,0.846,0.293,0.14,0.517,0,0.0353,20.0,22.222222222
0.667,0.854,0.396,0.14,0.646,0,0.141,20.0,22.222222222
0.417,0.734,0.35,0.246,0.459,0,0.0353,20.0,22.222222222
0.806,0.857,0.76,0.0819,0.765,0,0,20.0,22.222222222
1,0.79,0.664,0.0936,0.608,0,0,20.0,22.222222222
1,0.659,0.234,0.234,0.311,0,0.117,20.0,22.222222222
1,0.581,0.0329,0.374,0.069,0,0,20.0,22.222222222
1,0.563,0.0162,0.421,0.0528,0,0,20.0,22.222222222
1,0.563,0.0162,0.421,0.0528,0,0,18.333333333,22.222222222
1,0.563,0.0162,0.421,0.0528,0,0,18.333333333,22.222222222
1,0.563,0.0162,0.421,0.0528,0,0,18.333333333,22.222222222
1,0.563,0.0162,0.421,0.0528,0,0,18.333333333,22.222222222
1,0.563,0.0162,0.421,0.0528,0,0,18.333333333,22.222222222
1,0.608,0.0311,0.327,0.13,0.167,0.0353,18.333333333,22.222222222
1,0.721,0.0753,0.152,0.325,0.6,0.189,18.333333333,22.222222222
1,0.753,0.101,0.117,0.379,0.167,0.181,18.333333333,22.222222222
1,0.826,0.155,0,0.511,1,0.451,18.333333333,22.222222222
1,0.826,0.173,0,0.496,0.1,0.351,20.0,22.222222222
0.944,0.812,0.18,0.0234,0.454,0,0.106,20.0,22.222222222
0.667,0.739,0.141,0.14,0.327,0,0.106,20.0,22.222222222
0.444,0.658,0.0923,0.269,0.2,0,0.283,20.0,22.222222222
0.333,0.653,0.0917,0.281,0.191,0.167,0.106,20.0,22.222222222
0.556,0.738,0.163,0.187,0.302,0.333,0.106,20.0,22.222222222
0.583,0.781,0.209,0.175,0.365,0,0.141,20.0,22.222222222
0.917,0.951,0.391,0.0351,0.683,0.167,0.414,20.0,22.222222222
0.611,0.831,0.354,0.164,0.59,0.0833,0,20.0,22.222222222
0.333,0.68,0.225,0.304,0.328,0,0,20.0,22.222222222
0.333,0.563,0.0162,0.421,0.0528,0,0,20.0,22.222222222
0.583,0.639,0.237,0.316,0.235,0,0.139,20.0,22.222222222
0.556,0.601,0.104,0.351,0.158,0,0.177,20.0,22.222222222
0.972,0.577,0.0345,0.386,0.0706,0,0,20.0,22.222222222
1,0.563,0.0185,0.421,0.0528,0,0,20.0,22.222222222
1,0.563,0.0185,0.421,0.0528,0,0,18.333333333,22.222222222
1,0.563,0.0185,0.421,0.0528,0,0,18.333333333,22.222222222
1,0.563,0.0185,0.421,0.0528,0,0,18.333333333,22.222222222
1,0.563,0.0185,0.421,0.0528,0,0,18.333333333,22.222222222
1,0.563,0.0185,0.421,0.0528,0,0,18.333333333,22.222222222
1,0.692,0.0594,0.164,0.277,0,0.389,18.333333333,22.222222222
0.694,0.69,0.0858,0.211,0.271,0.5,0.212,18.333333333,22.222222222
0.667,0.739,0.147,0.14,0.355,0,0.485,18.333333333,22.222222222
0.306,0.644,0.088,0.292,0.193,0,0.0707,18.333333333,22.222222222
0,0.563,0.0185,0.421,0.0528,0,0,20.0,22.222222222
0,0.563,0.0185,0.421,0.0528,0,0,20.0,22.222222222
0,0.563,0.0185,0.421,0.0528,0,0,20.0,22.222222222
0,0.563,0.0185,0.421,0.0528,0,0,20.0,22.222222222
0.139,0.605,0.0871,0.363,0.113,0,0.0353,20.0,22.222222222
0.333,0.672,0.187,0.281,0.208,0,0.177,20.0,22.222222222
0.556,0.78,0.313,0.187,0.377,0.167,0.57,20.0,22.222222222
0.667,0.849,0.405,0.14,0.552,0.333,0.54,20.0,22.222222222
0.667,0.851,0.501,0.14,0.666,0,0.064,20.0,22.222222222
0.667,0.833,0.624,0.14,0.695,0,0,20.0,22.222222222
0.667,0.795,0.661,0.14,0.615,0,0,20.0,22.222222222
0.806,0.662,0.302,0.269,0.302,0,0,20.0,22.222222222
1,0.57,0.0344,0.409,0.0704,0,0,20.0,22.222222222
1,0.563,0.0183,0.421,0.0528,0,0,20.0,22.222222222
1,0.563,0.0185,0.421,0.0528,0,0,20.0,22.222222222
1,0.563,0.0185,0.421,0.0528,0,0,18.333333333,22.222222222
1,0.563,0.0185,0.421,0.0528,0,0,18.333333333,22.222222222
0.861,0.563,0.0185,0.421,0.0528,0,0,18.333333333,22.222222222
0.806,0.584,0.021,0.363,0.0676,0,0.266,18.333333333,22.222222222
0.861,0.592,0.022,0.339,0.0736,0,0.243,18.333333333,22.222222222
0.667,0.577,0.0237,0.398,0.0762,0,0.108,18.333333333,22.222222222
0.667,0.647,0.06,0.281,0.197,0,0.373,18.333333333,22.222222222
0.667,0.651,0.0826,0.281,0.204,0,0.175,18.333333333,22.222222222
0.389,0.593,0.0438,0.374,0.104,0,0.202,18.333333333,22.222222222
0,0.563,0.0185,0.421,0.0528,0,0,20.0,22.222222222
0.444,0.68,0.16,0.234,0.239,0,0.429,20.0,22.222222222
0.528,0.702,0.2,0.199,0.27,0.25,0.24,20.0,22.222222222
0.333,0.651,0.156,0.281,0.189,0,0.0353,20.0,22.222222222
0.194,0.615,0.105,0.339,0.133,0,0.0353,20.0,22.222222222
0.0556,0.583,0.0474,0.398,0.0809,0,0,20.0,22.222222222
0.639,0.811,0.356,0.152,0.419,0.5,0.0707,20.0,22.222222222
0.667,0.849,0.405,0.14,0.552,0,0.0353,20.0,22.222222222
0.667,0.851,0.501,0.14,0.666,0,0.247,20.0,22.222222222
0.667,0.833,0.624,0.14,0.695,0,0,20.0,22.222222222
0.667,0.795,0.661,0.14,0.615,0,0.0353,20.0,22.222222222
0.667,0.743,0.534,0.14,0.512,0,0,20.0,22.222222222
0.889,0.742,0.42,0.0468,0.475,0,0,20.0,22.222222222
1,0.646,0.144,0.211,0.159,0,0.0711,20.0,22.222222222
1,0.612,0.0403,0.281,0.0763,0,0,20.0,22.222222222
1,0.612,0.0252,0.281,0.0601,0,0,18.333333333,22.222222222
1,0.604,0.0182,0.304,0.0528,0,0.424,18.333333333,22.222222222
1,0.563,0.0162,0.421,0.0528,0,0,18.333333333,22.222222222
1,0.563,0.0162,0.421,0.0528,0,0,18.333333333,22.222222222
1,0.563,0.0162,0.421,0.0528,0,0,18.333333333,22.222222222
1,0.621,0.036,0.304,0.153,0.667,0.0707,18.333333333,22.222222222
1,0.728,0.0778,0.14,0.337,0.6,0.0916,18.333333333,22.222222222
1,0.739,0.0934,0.14,0.353,0,0.198,18.333333333,22.222222222
0.944,0.724,0.1,0.164,0.333,0.25,0,18.333333333,22.222222222
0.722,0.666,0.078,0.257,0.224,0,0.177,20.0,22.222222222
1,0.739,0.132,0.14,0.336,0.5,0.0425,20.0,22.222222222
1,0.739,0.141,0.14,0.327,0,0.353,20.0,22.222222222
1,0.739,0.157,0.14,0.325,0,0.106,20.0,22.222222222
0.944,0.743,0.167,0.14,0.33,0,0.177,20.0,22.222222222
0.722,0.791,0.208,0.117,0.378,0,0.177,20.0,22.222222222
1,0.934,0.345,0,0.585,0.667,0.177,20.0,22.222222222
1,0.987,0.431,0,0.749,1,0.134,20.0,22.222222222
0.944,0.977,0.544,0.0234,0.887,0.117,0.109,20.0,22.222222222
0.667,0.839,0.538,0.14,0.706,0,0.0353,20.0,22.222222222
0.667,0.809,0.633,0.14,0.647,0,0.0707,20.0,22.222222222
0.722,0.706,0.418,0.211,0.406,0,0.0704,20.0,22.222222222
1,0.659,0.234,0.234,0.311,0,0.0353,20.0,22.222222222
1,0.626,0.0966,0.257,0.128,0,0,20.0,22.222222222
1,0.567,0.0185,0.409,0.055,0,0,20.0,22.222222222
1,0.563,0.0162,0.421,0.0528,0,0,18.333333333,22.222222222
1,0.563,0.0162,0.421,0.0528,0,0,18.333333333,22.222222222
1,0.563,0.0162,0.421,0.0528,0,0,18.333333333,22.222222222
1,0.563,0.0162,0.421,0.0528,0,0,18.333333333,22.222222222
1,0.563,0.0162,0.421,0.0528,0,0,18.333333333,22.222222222
1,0.621,0.036,0.304,0.153,0,0.252,18.333333333,22.222222222
0.944,0.713,0.0715,0.164,0.312,0,0.557,18.333333333,22.222222222
0.667,0.651,0.0548,0.281,0.203,0,0,18.333333333,22.222222222
0.611,0.717,0.0962,0.175,0.32,0,0.141,18.333333333,22.222222222
0.639,0.731,0.116,0.152,0.336,0,0.379,20.0,22.222222222
0.667,0.739,0.132,0.14,0.336,0,0.167,20.0,22.222222222
0.75,0.746,0.144,0.129,0.339,0,0.0788,20.0,22.222222222
0.889,0.709,0.134,0.187,0.28,0,0.318,20.0,22.222222222
1,0.743,0.167,0.14,0.33,0.167,0.212,20.0,22.222222222
0.694,0.771,0.19,0.14,0.35,0.0833,0.0707,20.0,22.222222222
0.611,0.787,0.213,0.164,0.371,0,0.212,20.0,22.222222222
0.556,0.799,0.25,0.187,0.444,0.25,0.422,20.0,22.222222222
0.667,0.854,0.396,0.14,0.646,0,0.406,20.0,22.222222222
0.667,0.839,0.538,0.14,0.706,0,0.2,20.0,22.222222222
0.667,0.809,0.633,0.14,0.647,0,0,20.0,22.222222222
0.444,0.681,0.36,0.257,0.336,0,0,20.0,22.222222222
0.639,0.601,0.104,0.351,0.158,0,0,20.0,22.222222222
0.75,0.576,0.0268,0.386,0.0631,0,0,20.0,22.222222222
0.889,0.596,0.0314,0.327,0.0675,0,0,20.0,22.222222222
1,0.612,0.0252,0.281,0.0601,0,0.0991,18.333333333,22.222222222
1,0.567,0.0164,0.409,0.0528,0,0,18.333333333,22.222222222
1,0.563,0.0162,0.421,0.0528,0,0,18.333333333,22.222222222
1,0.563,0.0162,0.421,0.0528,0,0,18.333333333,22.222222222
1,0.563,0.0162,0.421,0.0528,0,0,18.333333333,22.222222222
1,0.563,0.0162,0.421,0.0528,0,0,18.333333333,22.222222222
0.833,0.578,0.0224,0.398,0.0777,0,0,18.333333333,22.222222222
1,0.709,0.081,0.187,0.303,0,0.0353,18.333333333,22.222222222
1,0.753,0.117,0.117,0.383,0,0.0353,18.333333333,22.222222222
0.944,0.812,0.163,0.0234,0.472,0,0.0353,20.0,22.222222222
0.667,0.739,0.132,0.14,0.336,0.5,0.0707,20.0,22.222222222
0.917,0.804,0.186,0.0351,0.431,0,0.0353,20.0,22.222222222
0.722,0.753,0.169,0.117,0.348,0,0.177,20.0,22.222222222
0.694,0.75,0.173,0.129,0.341,0,0.0707,20.0,22.222222222
0.611,0.751,0.173,0.164,0.322,0,0.353,20.0,22.222222222
0.333,0.687,0.126,0.281,0.23,0,0.0707,20.0,22.222222222
0.333,0.705,0.155,0.281,0.285,0,0.0353,20.0,22.222222222
0.333,0.709,0.206,0.281,0.349,0,0.0353,20.0,22.222222222
0.333,0.701,0.277,0.281,0.38,0,0.0707,20.0,22.222222222
0.333,0.686,0.324,0.281,0.35,0,0.177,20.0,22.222222222
0.472,0.685,0.365,0.246,0.351,0,0,20.0,22.222222222
0.667,0.635,0.175,0.281,0.24,0,0,20.0,22.222222222
0.667,0.595,0.0588,0.339,0.0942,0,0,20.0,22.222222222
0.667,0.563,0.0162,0.421,0.0528,0,0,20.0,22.222222222
0.722,0.563,0.0162,0.421,0.0528,0,0,18.333333333,22.222222222
1,0.563,0.0162,0.421,0.0528,0,0,18.333333333,22.222222222
1,0.563,0.0162,0.421,0.0528,0,0,18.333333333,22.222222222
1,0.563,0.0162,0.421,0.0528,0,0,18.333333333,22.222222222
1,0.563,0.0162,0.421,0.0528,0,0,18.333333333,22.222222222
1,0.623,0.036,0.292,0.157,0,0.106,18.333333333,22.222222222
0.944,0.646,0.047,0.281,0.195,0.5,0.119,18.333333333,22.222222222
0.583,0.644,0.053,0.292,0.191,0,0.21,18.333333333,22.222222222
0.361,0.658,0.0661,0.269,0.218,0,0,18.333333333,22.222222222
0.333,0.651,0.0685,0.281,0.2,0,0.0707,20.0,22.222222222
0.556,0.709,0.113,0.187,0.288,0,0,20.0,22.222222222
0.528,0.702,0.114,0.199,0.27,0,0.106,20.0,22.222222222
0.333,0.651,0.0865,0.281,0.189,0.5,0.0353,20.0,22.222222222
0.333,0.653,0.0917,0.281,0.191,0,0.177,20.0,22.222222222
0.556,0.738,0.163,0.187,0.302,0.25,0.0707,20.0,22.222222222
0.667,0.811,0.235,0.14,0.407,0,0.212,20.0,22.222222222
0.667,0.846,0.293,0.14,0.517,0,0.141,20.0,22.222222222
0.667,0.854,0.396,0.14,0.646,0,0.177,20.0,22.222222222
0.667,0.839,0.538,0.14,0.706,0,0.247,20.0,22.222222222
0.806,0.857,0.76,0.0819,0.765,0,0,20.0,22.222222222
1,0.815,0.737,0.0585,0.669,0,0.0353,20.0,22.222222222
1,0.678,0.278,0.199,0.364,0,0.219,20.0,22.222222222
0.917,0.605,0.071,0.316,0.106,0,0.0353,20.0,22.222222222
1,0.612,0.0403,0.281,0.0763,0,0,20.0,22.222222222
1,0.612,0.0252,0.281,0.0601,0,0,18.333333333,22.222222222
1,0.612,0.0184,0.281,0.0528,0,0,18.333333333,22.222222222
1,0.604,0.0168,0.304,0.0528,0,0.262,18.333333333,22.222222222
1,0.563,0.0162,0.421,0.0528,0,0,18.333333333,22.222222222
1,0.584,0.0228,0.374,0.0886,0,0.139,18.333333333,22.222222222
1,0.737,0.074,0.0468,0.355,0,0.233,18.333333333,22.222222222
0.917,0.79,0.101,0.0351,0.444,0,0.166,18.333333333,22.222222222
1,0.826,0.132,0,0.503,0,0.424,18.333333333,22.222222222
1,0.826,0.155,0,0.511,0,0.238,18.333333333,22.222222222
0.861,0.79,0.151,0.0585,0.435,0,0.0707,20.0,22.222222222
0.667,0.739,0.132,0.14,0.336,0,0.0353,20.0,22.222222222
0.722,0.753,0.152,0.117,0.35,0.167,0.0353,20.0,22.222222222
1,0.826,0.227,0,0.462,1,0.106,20.0,22.222222222
1,0.833,0.243,0,0.468,0.1,0,20.0,22.222222222
0.778,0.805,0.218,0.0936,0.399,0,0.0353,20.0,22.222222222
0.889,0.894,0.31,0.0468,0.529,0,0.106,20.0,22.222222222
1,0.987,0.431,0,0.749,0,0.141,20.0,22.222222222
0.778,0.903,0.455,0.0936,0.742,0,0.0353,20.0,22.222222222
0.667,0.839,0.538,0.14,0.706,0.5,0.177,20.0,22.222222222
0.667,0.809,0.633,0.14,0.647,0,0,20.0,22.222222222
0.667,0.656,0.286,0.292,0.275,0,0.162,20.0,22.222222222
0.889,0.563,0.0162,0.421,0.0528,0,0,20.0,22.222222222
1,0.576,0.0268,0.386,0.0631,0,0,20.0,22.222222222
1,0.563,0.0185,0.421,0.0528,0,0,20.0,22.222222222
1,0.563,0.0185,0.421,0.0528,0,0,18.333333333,22.222222222
1,0.563,0.0185,0.421,0.0528,0,0,18.333333333,22.222222222
1,0.563,0.0185,0.421,0.0528,0,0,18.333333333,22.222222222
1,0.563,0.0185,0.421,0.0528,0,0,18.333333333,22.222222222
1,0.563,0.0185,0.421,0.0528,0,0,18.333333333,22.222222222
1,0.597,0.0316,0.363,0.111,0,0,18.333333333,22.222222222
1,0.684,0.0832,0.222,0.259,0,0.0492,18.333333333,22.222222222
0.861,0.739,0.147,0.14,0.355,0,0.527,18.333333333,22.222222222
0.611,0.724,0.168,0.164,0.331,0,0.321,18.333333333,22.222222222
0.333,0.651,0.114,0.281,0.199,0,0.177,20.0,22.222222222
0.111,0.593,0.0522,0.374,0.1,0,0,20.0,22.222222222
0.0833,0.585,0.0458,0.386,0.0872,0,0.132,20.0,22.222222222
0,0.563,0.0185,0.421,0.0528,0,0,20.0,22.222222222
0,0.563,0.0185,0.421,0.0528,0,0,20.0,22.222222222
0.0556,0.583,0.0474,0.398,0.0809,0.167,0.0353,20.0,22.222222222
0.333,0.692,0.194,0.281,0.243,0.0833,0.318,20.0,22.222222222
0.333,0.706,0.212,0.281,0.302,0,0.0707,20.0,22.222222222
0.472,0.766,0.377,0.222,0.497,0,0.212,20.0,22.222222222
0.889,0.921,0.832,0.0468,0.906,0,0.141,20.0,22.222222222
1,0.806,0.688,0.129,0.64,0,0.0353,20.0,22.222222222
1,0.712,0.455,0.199,0.424,0,0,20.0,22.222222222
1,0.63,0.165,0.281,0.205,0,0,20.0,22.222222222
1,0.591,0.0601,0.351,0.0883,0,0,20.0,22.222222222
1,0.592,0.0373,0.339,0.0682,0,0,20.0,22.222222222
1,0.563,0.0185,0.421,0.0528,0,0,18.333333333,22.222222222
1,0.563,0.0185,0.421,0.0528,0,0,18.333333333,22.222222222
1,0.563,0.0185,0.421,0.0528,0,0,18.333333333,22.222222222
1,0.563,0.0185,0.421,0.0528,0,0,18.333333333,22.222222222
1,0.563,0.0185,0.421,0.0528,0,0,18.333333333,22.222222222
1,0.563,0.0185,0.421,0.0528,0,0,18.333333333,22.222222222
1,0.713,0.104,0.175,0.31,0.917,0.0353,18.333333333,22.222222222
1,0.826,0.211,0,0.506,0.1,0.168,18.333333333,22.222222222
0.861,0.79,0.227,0.0585,0.445,0,0.125,18.333333333,22.222222222
0.667,0.739,0.209,0.14,0.345,0,0.141,20.0,22.222222222
0.667,0.739,0.227,0.14,0.333,0.25,0.177,20.0,22.222222222
0.361,0.658,0.145,0.269,0.201,0,0.0707,20.0,22.222222222
0.278,0.636,0.131,0.304,0.167,0,0.106,20.0,22.222222222
0.0556,0.58,0.046,0.398,0.0769,0,0.133,20.0,22.222222222
0.417,0.698,0.228,0.246,0.244,0,0.433,20.0,22.222222222
0.389,0.715,0.224,0.257,0.28,0.167,0.106,20.0,22.222222222
0.667,0.849,0.405,0.14,0.552,0.6,0.141,20.0,22.222222222
0.667,0.851,0.501,0.14,0.666,0,0,20.0,22.222222222
0.667,0.833,0.624,0.14,0.695,0,0,20.0,22.222222222
0.667,0.795,0.661,0.14,0.615,0,0.0658,20.0,22.222222222
0.667,0.712,0.455,0.199,0.424,0,0,20.0,22.222222222
0.722,0.579,0.0484,0.386,0.0822,0,0,20.0,22.222222222
1,0.615,0.0807,0.281,0.105,0,0.212,20.0,22.222222222
1,0.604,0.0386,0.304,0.0748,0,0,20.0,22.222222222
1,0.563,0.0162,0.421,0.0528,0,0,18.333333333,22.222222222
1,0.563,0.0162,0.421,0.0528,0,0,18.333333333,22.222222222
1,0.563,0.0162,0.421,0.0528,0,0,18.333333333,22.222222222
1,0.563,0.0162,0.421,0.0528,0,0,18.333333333,22.222222222
1,0.563,0.0162,0.421,0.0528,0,0,18.333333333,22.222222222
1,0.563,0.0162,0.421,0.0528,0,0,18.333333333,22.222222222
0.861,0.584,0.0236,0.386,0.0879,0,0.0707,18.333333333,22.222222222
0.972,0.644,0.0517,0.292,0.191,0,0.106,18.333333333,22.222222222
0.917,0.644,0.0596,0.292,0.192,0,0.18,18.333333333,22.222222222
0.833,0.695,0.0951,0.211,0.274,0,0.461,20.0,22.222222222
1,0.739,0.132,0.14,0.336,0,0.105,20.0,22.222222222
0.944,0.739,0.141,0.14,0.327,0,0.0353,20.0,22.222222222
0.667,0.724,0.144,0.164,0.303,0,0.212,20.0,22.222222222
0.667,0.67,0.106,0.257,0.215,0,0,20.0,22.222222222
0.667,0.771,0.19,0.14,0.35,0,0.0707,20.0,22.222222222
0.667,0.811,0.235,0.14,0.407,0,0.106,20.0,22.222222222
0.667,0.846,0.293,0.14,0.517,0,0.106,20.0,22.222222222
0.667,0.854,0.396,0.14,0.646,0,0.0353,20.0,22.222222222
0.667,0.839,0.538,0.14,0.706,0,0.136,20.0,22.222222222
0.667,0.809,0.633,0.14,0.647,0,0.157,20.0,22.222222222
0.667,0.744,0.536,0.164,0.492,0,0.0957,20.0,22.222222222
0.667,0.635,0.175,0.281,0.24,0,0.196,20.0,22.222222222
0.75,0.617,0.0826,0.281,0.116,0,0,20.0,22.222222222
0.667,0.563,0.0162,0.421,0.0528,0,0,20.0,22.222222222
0.889,0.596,0.0218,0.327,0.0572,0,0,18.333333333,22.222222222
0.944,0.592,0.0176,0.339,0.0528,0,0.147,18.333333333,22.222222222
0.722,0.571,0.0169,0.398,0.0531,0,0.172,18.333333333,22.222222222
1,0.612,0.0214,0.281,0.0603,0.167,0.101,18.333333333,22.222222222
1,0.614,0.0281,0.281,0.1,0.0833,0.0707,18.333333333,22.222222222
0.694,0.596,0.0277,0.363,0.109,0,0,18.333333333,22.222222222
0.667,0.728,0.0778,0.14,0.337,0,0.177,18.333333333,22.222222222
0.667,0.739,0.0934,0.14,0.353,0,0.0707,18.333333333,22.222222222
0.444,0.68,0.0774,0.234,0.257,0,0.141,18.333333333,22.222222222
0.333,0.651,0.0685,0.281,0.2,0,0.141,20.0,22.222222222
0.472,0.673,0.0885,0.246,0.23,0,0.0707,20.0,22.222222222
0.667,0.666,0.0901,0.257,0.213,0.167,0,20.0,22.222222222
0.75,0.761,0.174,0.105,0.359,0.333,0.141,20.0,22.222222222
0.667,0.743,0.167,0.14,0.33,0,0.21,20.0,22.222222222
0.889,0.842,0.25,0.0468,0.451,0,0.0353,20.0,22.222222222
0.944,0.911,0.323,0.0234,0.548,0,0.106,20.0,22.222222222
0.667,0.846,0.293,0.14,0.517,0,0.141,20.0,22.222222222
0.667,0.854,0.396,0.14,0.646,0,0.0353,20.0,22.222222222
0.722,0.86,0.59,0.117,0.758,0,0.0353,20.0,22.222222222
1,0.931,0.941,0,0.945,0,0,20.0,22.222222222
1,0.777,0.634,0.117,0.573,0,0,20.0,22.222222222
1,0.635,0.175,0.281,0.24,0,0.0911,20.0,22.222222222
0.917,0.573,0.0284,0.398,0.0646,0,0,20.0,22.222222222
1,0.563,0.0162,0.421,0.0528,0,0,20.0,22.222222222
1,0.563,0.0162,0.421,0.0528,0,0,18.333333333,22.222222222
1,0.563,0.0162,0.421,0.0528,0,0,18.333333333,22.222222222
1,0.563,0.0162,0.421,0.0528,0,0,18.333333333,22.222222222
1,0.563,0.0162,0.421,0.0528,0,0,18.333333333,22.222222222
1,0.563,0.0162,0.421,0.0528,0,0,18.333333333,22.222222222
1,0.577,0.0211,0.398,0.0762,0,0,18.333333333,22.222222222
0.806,0.686,0.0617,0.211,0.265,0,0.0904,18.333333333,22.222222222
0.333,0.651,0.0548,0.281,0.203,0,0.219,18.333333333,22.222222222
0.639,0.731,0.105,0.152,0.345,0,0.156,18.333333333,22.222222222
0.667,0.739,0.121,0.14,0.348,0,0.106,20.0,22.222222222
0.667,0.739,0.132,0.14,0.336,0,0,20.0,22.222222222
0.667,0.739,0.141,0.14,0.327,0,0.106,20.0,22.222222222
0.667,0.739,0.157,0.14,0.325,0,0.0353,20.0,22.222222222
0.667,0.743,0.167,0.14,0.33,0,0.0707,20.0,22.222222222
0.667,0.771,0.19,0.14,0.35,0.667,0.177,20.0,22.222222222
0.667,0.811,0.235,0.14,0.407,0.867,0.353,20.0,22.222222222
0.667,0.846,0.293,0.14,0.517,0,0.283,20.0,22.222222222
0.667,0.854,0.396,0.14,0.646,0.667,0.177,20.0,22.222222222
0.667,0.839,0.538,0.14,0.706,0.1,0,20.0,22.222222222
0.667,0.809,0.633,0.14,0.647,0,0,20.0,22.222222222
0.806,0.781,0.639,0.105,0.588,0,0.215,20.0,22.222222222
1,0.659,0.234,0.234,0.311,0,0,20.0,22.222222222
1,0.605,0.071,0.316,0.106,0,0.141,20.0,22.222222222
1,0.567,0.0425,0.281,0.0829,0,0,20.0,22.222222222
1,0.563,0.0181,0.409,0.055,0,0,18.333333333,22.222222222
1,0.563,0.0162,0.421,0.0528,0,0,18.333333333,22.222222222
1,0.563,0.0162,0.421,0.0528,0,0,18.333333333,22.222222222
1,0.563,0.0162,0.421,0.0528,0,0,18.333333333,22.222222222
1,0.563,0.0162,0.421,0.0528,0,0,18.333333333,22.222222222
1,0.563,0.0162,0.421,0.0528,0,0,18.333333333,22.222222222
0.472,0.592,0.0445,0.257,0.212,0,0.461,18.333333333,22.222222222
0.556,0.613,0.0672,0.187,0.291,0,0.0707,18.333333333,22.222222222
0.667,0.623,0.0904,0.14,0.342,0,0,18.333333333,22.222222222
0.667,0.623,0.101,0.14,0.334,0,0,20.0,22.222222222
0.667,0.623,0.111,0.14,0.321,0,0.106,20.0,22.222222222
0.667,0.623,0.118,0.14,0.312,0,0.141,20.0,22.222222222
0.667,0.623,0.132,0.14,0.309,0.233,0.177,20.0,22.222222222
0.667,0.623,0.14,0.14,0.309,0,0.141,20.0,22.222222222
0.667,0.642,0.155,0.14,0.315,0,0.0353,20.0,22.222222222
0.361,0.621,0.109,0.269,0.206,0,0.0353,20.0,22.222222222
0.944,0.699,0.226,0.152,0.388,0.233,0.0353,20.0,22.222222222
1,0.715,0.31,0.14,0.51,0,0.0707,20.0,22.222222222
1,0.707,0.431,0.14,0.63,0,0.0353,20.0,22.222222222
1,0.687,0.536,0.14,0.679,0,0.212,20.0,22.222222222
1,0.647,0.518,0.14,0.617,0,0,20.0,22.222222222
1,0.585,0.17,0.292,0.224,0,0,20.0,22.222222222
1,0.563,0.0162,0.421,0.0528,0,0,20.0,22.222222222
1,0.563,0.0162,0.421,0.0528,0,0,20.0,22.222222222
1,0.563,0.0162,0.421,0.0528,0,0,18.333333333,22.222222222
1,0.563,0.0162,0.421,0.0528,0,0,18.333333333,22.222222222
1,0.563,0.0162,0.421,0.0528,0,0,18.333333333,22.222222222
1,0.563,0.0162,0.421,0.0528,0,0,18.333333333,22.222222222
1,0.563,0.0162,0.421,0.0528,0,0,18.333333333,22.222222222
0.861,0.572,0.031,0.292,0.148,0,0.416,18.333333333,22.222222222
0.667,0.587,0.0398,0.281,0.186,0,0.18,18.333333333,22.222222222
0.667,0.593,0.0466,0.281,0.195,0,0.241,18.333333333,22.222222222
0.667,0.593,0.0533,0.281,0.197,0,0.146,18.333333333,22.222222222
0.667,0.593,0.0586,0.281,0.193,0,0,20.0,22.222222222
0.667,0.62,0.108,0.152,0.31,0.483,0.0353,20.0,22.222222222
0.667,0.623,0.118,0.14,0.312,0,0.0353,20.0,22.222222222
0.667,0.623,0.132,0.14,0.309,0,0.141,20.0,22.222222222
0.667,0.603,0.0984,0.234,0.224,0,0.0353,20.0,22.222222222
0.667,0.603,0.0858,0.281,0.184,0,0.0353,20.0,22.222222222
0.667,0.669,0.185,0.152,0.327,0,0.283,20.0,22.222222222
0.667,0.703,0.233,0.14,0.4,0,0.225,20.0,22.222222222
0.667,0.715,0.31,0.14,0.51,0,0.242,20.0,22.222222222
0.667,0.707,0.431,0.14,0.63,0,0.177,20.0,22.222222222
0.667,0.687,0.536,0.14,0.679,0,0,20.0,22.222222222
0.667,0.647,0.518,0.14,0.617,0,0.134,20.0,22.222222222
0.972,0.606,0.331,0.14,0.403,0,0,20.0,22.222222222
1,0.574,0.154,0.14,0.211,0,0.199,20.0,22.222222222
1,0.561,0.0536,0.199,0.0873,0,0.0707,20.0,22.222222222
1,0.562,0.0256,0.281,0.0579,0,0.106,18.333333333,22.222222222
1,0.563,0.0201,0.339,0.0528,0,0.0353,18.333333333,22.222222222
1,0.563,0.0185,0.421,0.0528,0,0,18.333333333,22.222222222
1,0.563,0.0185,0.421,0.0528,0,0,18.333333333,22.222222222
0.861,0.563,0.0185,0.421,0.0528,0,0,18.333333333,22.222222222
0.528,0.563,0.0185,0.421,0.0528,0,0,18.333333333,22.222222222
0.333,0.588,0.0508,0.292,0.181,0,0.339,18.333333333,22.222222222
0.333,0.593,0.0721,0.281,0.197,0,0.228,18.333333333,22.222222222
0.333,0.593,0.0877,0.281,0.196,0,0,18.333333333,22.222222222
0.194,0.581,0.0634,0.339,0.135,0,0,20.0,22.222222222
0,0.563,0.0185,0.421,0.0528,0,0,20.0,22.222222222
0.389,0.598,0.133,0.257,0.203,0,0.0353,20.0,22.222222222
0.333,0.593,0.135,0.281,0.181,0,0.0353,20.0,22.222222222
0.472,0.614,0.208,0.222,0.237,0,0.247,20.0,22.222222222
0.667,0.657,0.303,0.14,0.326,0,0.415,20.0,22.222222222
0.667,0.688,0.316,0.14,0.367,0.483,0.318,20.0,22.222222222
0.667,0.71,0.346,0.14,0.453,0,0.0707,20.0,22.222222222
0.667,0.712,0.427,0.14,0.57,0,0,20.0,22.222222222
0.667,0.697,0.532,0.14,0.658,0.417,0.27,20.0,22.222222222
0.528,0.621,0.314,0.269,0.379,0.0667,0,20.0,22.222222222
0.472,0.603,0.304,0.222,0.354,0,0.0707,20.0,22.222222222
0.889,0.593,0.277,0.164,0.317,0,0,20.0,22.222222222
1,0.565,0.0857,0.211,0.122,0,0.141,20.0,22.222222222
1,0.563,0.0207,0.409,0.055,0,0,20.0,22.222222222
1,0.563,0.0185,0.421,0.0528,0,0,18.333333333,22.222222222
1,0.563,0.0185,0.421,0.0528,0,0,18.333333333,22.222222222
1,0.563,0.0185,0.421,0.0528,0,0,18.333333333,22.222222222
1,0.563,0.0185,0.421,0.0528,0,0,18.333333333,22.222222222
1,0.563,0.0185,0.421,0.0528,0,0,18.333333333,22.222222222
1,0.576,0.0322,0.327,0.136,0,0.0353,18.333333333,22.222222222
1,0.603,0.0723,0.222,0.252,0,0.35,18.333333333,22.222222222
0.611,0.615,0.11,0.175,0.304,0.233,0,18.333333333,22.222222222
0.667,0.623,0.157,0.14,0.338,0,0,18.333333333,22.222222222
0.667,0.623,0.179,0.14,0.328,0,0.335,20.0,22.222222222
0.722,0.623,0.194,0.14,0.317,0,0.141,20.0,22.222222222
0.861,0.611,0.171,0.199,0.257,0,0.422,20.0,22.222222222
0.528,0.593,0.135,0.281,0.181,0,0.317,20.0,22.222222222
0.333,0.597,0.15,0.281,0.182,0,0.0353,20.0,22.222222222
0.333,0.61,0.161,0.281,0.189,0,0.247,20.0,22.222222222
0.333,0.626,0.167,0.281,0.21,0,0.283,20.0,22.222222222
0.389,0.649,0.212,0.257,0.292,0,0.0353,20.0,22.222222222
0.667,0.712,0.427,0.14,0.57,0,0,20.0,22.222222222
0.722,0.707,0.579,0.117,0.71,0,0.179,20.0,22.222222222
0.778,0.688,0.657,0.0936,0.758,0,0.179,20.0,22.222222222
0.667,0.626,0.456,0.14,0.517,0,0,20.0,22.222222222
0.889,0.594,0.306,0.105,0.347,0,0.137,20.0,22.222222222
1,0.567,0.106,0.211,0.141,0,0.181,20.0,22.222222222
1,0.563,0.0447,0.292,0.0844,0,0.069,20.0,22.222222222
1,0.563,0.0162,0.421,0.0528,0,0.0427,18.333333333,22.222222222
1,0.563,0.0162,0.421,0.0528,0,0,18.333333333,22.222222222
1,0.563,0.0162,0.421,0.0528,0,0,18.333333333,22.222222222
1,0.563,0.0162,0.421,0.0528,0,0,18.333333333,22.222222222
1,0.562,0.0228,0.304,0.0813,0.417,0.0827,18.333333333,22.222222222
0.861,0.576,0.0404,0.199,0.206,0.0667,0.341,18.333333333,22.222222222
0.667,0.609,0.0621,0.152,0.311,0,0.22,18.333333333,22.222222222
0.611,0.617,0.0718,0.164,0.314,0,0.263,18.333333333,22.222222222
0.278,0.588,0.047,0.304,0.173,0,0,18.333333333,22.222222222
0.278,0.588,0.0519,0.304,0.17,0,0.0707,20.0,22.222222222
0.806,0.635,0.131,0.0819,0.377,0,0.0353,20.0,22.222222222
1,0.653,0.168,0,0.442,0,0.0353,20.0,22.222222222
0.667,0.623,0.131,0.14,0.309,0,0,20.0,22.222222222
0.861,0.64,0.176,0.0585,0.384,0,0.0353,20.0,22.222222222
0.667,0.642,0.155,0.14,0.315,0.917,0.141,20.0,22.222222222
0.667,0.672,0.191,0.14,0.338,0.05,0.177,20.0,22.222222222
0.667,0.703,0.233,0.14,0.4,0,0.106,20.0,22.222222222
0.667,0.715,0.31,0.14,0.51,0,0,20.0,22.222222222
0.667,0.707,0.431,0.14,0.63,0,0.0707,20.0,22.222222222
0.667,0.661,0.426,0.199,0.548,0,0.222,20.0,22.222222222
0.667,0.605,0.267,0.281,0.335,0,0.268,20.0,22.222222222
0.667,0.585,0.174,0.281,0.228,0,0,20.0,22.222222222
0.667,0.568,0.0747,0.304,0.12,0,0,20.0,22.222222222
0.667,0.563,0.0162,0.421,0.0528,0,0,20.0,22.222222222
0.667,0.563,0.0162,0.421,0.0528,0,0,18.333333333,22.222222222
0.889,0.563,0.0162,0.421,0.0528,0,0,18.333333333,22.222222222
1,0.563,0.0162,0.421,0.0528,0,0,18.333333333,22.222222222
1,0.563,0.0167,0.398,0.0531,0.167,0,18.333333333,22.222222222
1,0.562,0.0237,0.281,0.0843,0.317,0.247,18.333333333,22.222222222
0.861,0.576,0.0397,0.211,0.203,0,0.153,18.333333333,22.222222222
0.667,0.587,0.0398,0.281,0.186,0,0.141,18.333333333,22.222222222
0.667,0.593,0.0466,0.281,0.195,0,0.283,18.333333333,22.222222222
0.667,0.593,0.0533,0.281,0.197,0,0.0353,18.333333333,22.222222222
0.667,0.593,0.0586,0.281,0.193,0,0.212,20.0,22.222222222
0.667,0.593,0.0638,0.281,0.187,0,0.0353,20.0,22.222222222
0.667,0.62,0.114,0.152,0.301,0,0.0353,20.0,22.222222222
0.667,0.623,0.132,0.14,0.309,0,0.212,20.0,22.222222222
0.667,0.623,0.14,0.14,0.309,0,0.0707,20.0,22.222222222
0.667,0.642,0.155,0.14,0.315,0,0.0353,20.0,22.222222222
0.667,0.672,0.191,0.14,0.338,0.917,0.177,20.0,22.222222222
0.667,0.703,0.233,0.14,0.4,0.533,0.0353,20.0,22.222222222
0.667,0.715,0.31,0.14,0.51,0,0.106,20.0,22.222222222
0.667,0.707,0.431,0.14,0.63,0,0.134,20.0,22.222222222
0.667,0.687,0.536,0.14,0.679,0,0.243,20.0,22.222222222
0.889,0.657,0.581,0.105,0.687,0,0.122,20.0,22.222222222
1,0.606,0.331,0.14,0.403,0,0.154,20.0,22.222222222
1,0.57,0.0871,0.292,0.134,0,0,20.0,22.222222222
1,0.563,0.0162,0.421,0.0528,0,0,20.0,22.222222222
1,0.563,0.0162,0.421,0.0528,0,0,18.333333333,22.222222222
1,0.563,0.0162,0.421,0.0528,0,0,18.333333333,22.222222222
1,0.563,0.0162,0.421,0.0528,0,0,18.333333333,22.222222222
0.917,0.563,0.0176,0.351,0.0536,0,0,18.333333333,22.222222222
1,0.563,0.0162,0.421,0.0528,0,0,18.333333333,22.222222222
1,0.567,0.0229,0.363,0.0962,0,0.0353,18.333333333,22.222222222
1,0.587,0.0398,0.281,0.186,0,0.0707,18.333333333,22.222222222
1,0.62,0.075,0.152,0.326,0,0.141,18.333333333,22.222222222
1,0.623,0.0904,0.14,0.342,0,0.141,18.333333333,22.222222222
1,0.623,0.101,0.14,0.334,0,0.0353,20.0,22.222222222
1,0.65,0.155,0.0117,0.444,0.667,0.0353,20.0,22.222222222
1,0.653,0.168,0,0.442,0.05,0.141,20.0,22.222222222
0.694,0.625,0.136,0.129,0.319,0,0.247,20.0,22.222222222
0.889,0.643,0.181,0.0468,0.395,0,0.165,20.0,22.222222222
1,0.681,0.225,0,0.446,0,0.143,20.0,22.222222222
0.861,0.703,0.241,0.0585,0.421,0.417,0.212,20.0,22.222222222
0.667,0.703,0.233,0.14,0.4,0.0667,0.212,20.0,22.222222222
0.611,0.703,0.285,0.164,0.471,0,0.223,20.0,22.222222222
0.333,0.635,0.224,0.281,0.341,0,0,20.0,22.222222222
0.333,0.625,0.276,0.281,0.366,0,0,20.0,22.222222222
0.639,0.642,0.496,0.152,0.591,0.233,0,20.0,22.222222222
0.667,0.606,0.331,0.14,0.403,0,0,20.0,22.222222222
0.972,0.574,0.154,0.14,0.211,0,0.146,20.0,22.222222222
1,0.563,0.0375,0.327,0.0778,0,0.106,20.0,22.222222222
1,0.563,0.0162,0.421,0.0528,0,0,18.333333333,22.222222222
1,0.563,0.0162,0.421,0.0528,0,0,18.333333333,22.222222222
1,0.563,0.0162,0.421,0.0528,0,0,18.333333333,22.222222222
1,0.563,0.0162,0.421,0.0528,0,0,18.333333333,22.222222222
1,0.563,0.0162,0.421,0.0528,0,0,18.333333333,22.222222222
1,0.567,0.0229,0.363,0.0962,0,0.0605,18.333333333,22.222222222
0.694,0.587,0.0398,0.281,0.186,0,0,18.333333333,22.222222222
0.667,0.593,0.0466,0.281,0.195,0,0.332,18.333333333,22.222222222
0.667,0.62,0.0878,0.152,0.33,0,0.0707,18.333333333,22.222222222
0.667,0.611,0.0832,0.199,0.275,0,0.0707,20.0,22.222222222
0.667,0.593,0.0638,0.281,0.187,0,0.106,20.0,22.222222222
0.667,0.593,0.067,0.281,0.182,0,0.0353,20.0,22.222222222
0.667,0.593,0.074,0.281,0.181,0.233,0.141,20.0,22.222222222
0.667,0.62,0.135,0.152,0.298,0,0.2,20.0,22.222222222
0.667,0.642,0.155,0.14,0.315,0,0.0353,20.0,22.222222222
0.361,0.621,0.109,0.269,0.206,0,0.0353,20.0,22.222222222
0.389,0.645,0.143,0.257,0.256,0,0.0707,20.0,22.222222222
0.667,0.715,0.31,0.14,0.51,0,0.0353,20.0,22.222222222
0.444,0.659,0.289,0.234,0.434,0,0,20.0,22.222222222
0.333,0.625,0.276,0.281,0.366,0,0.0353,20.0,22.222222222
0.639,0.625,0.392,0.211,0.475,0,0,20.0,22.222222222
0.667,0.567,0.037,0.409,0.0761,0,0,20.0,22.222222222
0.667,0.563,0.0162,0.421,0.0528,0,0,20.0,22.222222222
0.667,0.563,0.0162,0.421,0.0528,0,0,20.0,22.222222222
0.667,0.563,0.0162,0.421,0.0528,0,0,18.333333333,22.222222222
0.667,0.563,0.0162,0.421,0.0528,0,0,18.333333333,22.222222222
0.889,0.563,0.0161,0.327,0.0528,0,0.13,18.333333333,22.222222222
1,0.563,0.0162,0.409,0.0528,0,0,18.333333333,22.222222222
1,0.563,0.0162,0.421,0.0528,0,0,18.333333333,22.222222222
1,0.563,0.0162,0.421,0.0528,0,0,18.333333333,22.222222222
0.944,0.57,0.0223,0.386,0.0869,0,0.0707,18.333333333,22.222222222
0.667,0.591,0.0446,0.292,0.184,0,0.0707,18.333333333,22.222222222
0.667,0.62,0.0878,0.152,0.33,0,0.247,18.333333333,22.222222222
0.667,0.623,0.101,0.14,0.334,0,0.0353,20.0,22.222222222
0.667,0.623,0.111,0.14,0.321,0,0,20.0,22.222222222
0.667,0.623,0.118,0.14,0.312,0,0.0707,20.0,22.222222222
0.667,0.623,0.132,0.14,0.309,0,0.212,20.0,22.222222222
0.667,0.623,0.14,0.14,0.309,0,0.106,20.0,22.222222222
0.667,0.642,0.155,0.14,0.315,0.233,0.0353,20.0,22.222222222
0.667,0.672,0.191,0.14,0.338,0,0.389,20.0,22.222222222
0.667,0.703,0.233,0.14,0.4,0,0,20.0,22.222222222
0.667,0.715,0.31,0.14,0.51,0,0.0353,20.0,22.222222222
0.667,0.707,0.431,0.14,0.63,0,0.141,20.0,22.222222222
0.667,0.687,0.536,0.14,0.679,0,0,20.0,22.222222222
0.667,0.647,0.518,0.14,0.617,0,0,20.0,22.222222222
0.806,0.611,0.368,0.105,0.444,0,0,20.0,22.222222222
1,0.571,0.113,0.234,0.163,0,0.2,20.0,22.222222222
1,0.563,0.0185,0.421,0.0528,0,0,20.0,22.222222222
1,0.563,0.0192,0.386,0.0528,0,0,18.333333333,22.222222222
1,0.563,0.0185,0.421,0.0528,0,0,18.333333333,22.222222222
1,0.563,0.0185,0.421,0.0528,0,0,18.333333333,22.222222222
1,0.563,0.0185,0.421,0.0528,0,0,18.333333333,22.222222222
1,0.563,0.0185,0.421,0.0528,0,0,18.333333333,22.222222222
1,0.574,0.0292,0.363,0.11,0.417,0,18.333333333,22.222222222
1,0.615,0.0852,0.152,0.32,0.0667,0.247,18.333333333,22.222222222
0.861,0.611,0.0993,0.199,0.28,0,0.0353,18.333333333,22.222222222
0.528,0.593,0.0877,0.281,0.196,0,0.247,18.333333333,22.222222222
0.278,0.588,0.0847,0.304,0.168,0,0.106,20.0,22.222222222
0,0.563,0.0185,0.421,0.0528,0,0,20.0,22.222222222
0,0.563,0.0185,0.421,0.0528,0,0,20.0,22.222222222
0,0.563,0.0185,0.421,0.0528,0,0,20.0,22.222222222
0.0556,0.57,0.0417,0.398,0.0747,0.167,0.0707,20.0,22.222222222
0.333,0.61,0.161,0.281,0.189,0.55,0.283,20.0,22.222222222
0.333,0.626,0.167,0.281,0.21,0,0.141,20.0,22.222222222
0.333,0.637,0.182,0.281,0.253,0,0.177,20.0,22.222222222
0.556,0.686,0.367,0.187,0.492,0,0.0707,20.0,22.222222222
0.667,0.697,0.532,0.14,0.658,0,0,20.0,22.222222222
0.667,0.668,0.563,0.14,0.653,0,0.0353,20.0,22.222222222
0.972,0.626,0.456,0.14,0.517,0,0,20.0,22.222222222
1,0.589,0.254,0.164,0.293,0,0.0353,20.0,22.222222222
1,0.566,0.0586,0.339,0.0942,0,0,20.0,22.222222222
1,0.562,0.0365,0.304,0.0704,0,0.0353,20.0,22.222222222
1,0.563,0.0185,0.421,0.0528,0,0,18.333333333,22.222222222
1,0.563,0.0185,0.421,0.0528,0,0,18.333333333,22.222222222
1,0.563,0.0185,0.421,0.0528,0,0,18.333333333,22.222222222
1,0.563,0.0185,0.421,0.0528,0,0,18.333333333,22.222222222
1,0.563,0.0185,0.421,0.0528,0,0,18.333333333,22.222222222
1,0.563,0.0185,0.421,0.0528,0,0,18.333333333,22.222222222
0.944,0.602,0.0753,0.234,0.242,0.417,0.254,18.333333333,22.222222222
0.667,0.623,0.126,0.14,0.34,0.3,0.354,18.333333333,22.222222222
0.667,0.623,0.157,0.14,0.338,0,0.506,18.333333333,22.222222222
0.417,0.601,0.119,0.246,0.224,0,0.264,20.0,22.222222222
0.611,0.618,0.179,0.164,0.295,0,0.311,20.0,22.222222222
0.278,0.588,0.0995,0.304,0.16,0,0.259,20.0,22.222222222
0,0.563,0.0185,0.421,0.0528,0,0,20.0,22.222222222
0.222,0.563,0.0185,0.421,0.0528,0,0,20.0,22.222222222
0.472,0.587,0.0796,0.363,0.113,0,0.177,20.0,22.222222222
0.667,0.626,0.167,0.281,0.21,0,0.212,20.0,22.222222222
0.667,0.637,0.182,0.281,0.253,0,0.0707,20.0,22.222222222
0.667,0.638,0.223,0.281,0.311,0,0.0353,20.0,22.222222222
0.667,0.605,0.158,0.339,0.224,0,0.0353,20.0,22.222222222
0.667,0.58,0.127,0.363,0.169,0,0,20.0,22.222222222
0.889,0.577,0.105,0.374,0.146,0,0.144,20.0,22.222222222
1,0.563,0.0185,0.421,0.0528,0,0,20.0,22.222222222
1,0.563,0.0354,0.351,0.0697,0,0,20.0,22.222222222
1,0.563,0.0164,0.421,0.0528,0,0,20.0,22.222222222
1,0.563,0.0162,0.421,0.0528,0,0,18.333333333,22.222222222
1,0.563,0.0162,0.421,0.0528,0,0,18.333333333,22.222222222
1,0.563,0.0162,0.421,0.0528,0,0,18.333333333,22.222222222
1,0.563,0.0162,0.421,0.0528,0,0,18.333333333,22.222222222
1,0.563,0.0162,0.421,0.0528,0,0,18.333333333,22.222222222
1,0.572,0.031,0.292,0.148,0,0.357,18.333333333,22.222222222
1,0.609,0.0621,0.152,0.311,0,0.277,18.333333333,22.222222222
0.861,0.61,0.0641,0.199,0.278,0,0.182,18.333333333,22.222222222
0.667,0.606,0.069,0.222,0.258,0,0.0353,18.333333333,22.222222222
0.361,0.596,0.0617,0.269,0.205,0,0.0353,20.0,22.222222222
0.389,0.598,0.0718,0.257,0.209,0,0.0353,20.0,22.222222222
0.667,0.623,0.118,0.14,0.312,0,0.177,20.0,22.222222222
0.667,0.623,0.132,0.14,0.309,0,0.178,20.0,22.222222222
0.667,0.623,0.14,0.14,0.309,0,0.247,20.0,22.222222222
0.667,0.642,0.155,0.14,0.315,0,0.151,20.0,22.222222222
0.583,0.658,0.169,0.175,0.302,0.233,0,20.0,22.222222222
0.667,0.703,0.233,0.14,0.4,0,0.0707,20.0,22.222222222
0.667,0.715,0.31,0.14,0.51,0,0.424,20.0,22.222222222
0.667,0.707,0.431,0.14,0.63,0,0,20.0,22.222222222
0.722,0.641,0.338,0.246,0.443,0.167,0,20.0,22.222222222
1,0.647,0.518,0.14,0.617,0.8,0.0945,20.0,22.222222222
1,0.593,0.232,0.234,0.293,0,0,20.0,22.222222222
1,0.565,0.0286,0.409,0.0666,0,0,20.0,22.222222222
1,0.563,0.0162,0.421,0.0528,0,0,20.0,22.222222222
1,0.563,0.0162,0.421,0.0528,0,0,18.333333333,22.222222222
1,0.563,0.0162,0.421,0.0528,0,0,18.333333333,22.222222222
1,0.563,0.0162,0.421,0.0528,0,0,18.333333333,22.222222222
1,0.563,0.0162,0.421,0.0528,0,0,18.333333333,22.222222222
1,0.563,0.0162,0.421,0.0528,0,0,18.333333333,22.222222222
1,0.563,0.0162,0.421,0.0528,0,0,18.333333333,22.222222222
1,0.586,0.0385,0.292,0.178,0,0,18.333333333,22.222222222
0.861,0.608,0.0621,0.211,0.267,0,0.307,18.333333333,22.222222222
0.667,0.593,0.0533,0.281,0.197,0,0.0353,18.333333333,22.222222222
0.667,0.593,0.0586,0.281,0.193,0,0.13,20.0,22.222222222
0.472,0.603,0.0798,0.234,0.232,0.167,0.332,20.0,22.222222222
1,0.64,0.147,0.0585,0.388,0.55,0.249,20.0,22.222222222
0.694,0.596,0.0782,0.269,0.192,0,0.476,20.0,22.222222222
0.667,0.62,0.135,0.152,0.298,0,0.44,20.0,22.222222222
0.667,0.642,0.155,0.14,0.315,0,0.467,20.0,22.222222222
0.667,0.672,0.191,0.14,0.338,0,0,20.0,22.222222222
0.667,0.703,0.233,0.14,0.4,0,0.141,20.0,22.222222222
0.444,0.664,0.21,0.234,0.354,0,0.0353,20.0,22.222222222
0.694,0.712,0.454,0.129,0.659,0,0.175,20.0,22.222222222
1,0.738,0.751,0.0234,0.939,0,0.205,20.0,22.222222222
1,0.647,0.518,0.14,0.617,0,0,20.0,22.222222222
1,0.606,0.331,0.14,0.403,0,0.184,20.0,22.222222222
1,0.567,0.041,0.398,0.0804,0,0.159,20.0,22.222222222
1,0.563,0.0162,0.421,0.0528,0,0,20.0,22.222222222
1,0.563,0.0162,0.421,0.0528,0,0,18.333333333,22.222222222
1,0.563,0.0162,0.421,0.0528,0,0,18.333333333,22.222222222
1,0.563,0.0162,0.421,0.0528,0,0,18.333333333,22.222222222
1,0.563,0.0162,0.421,0.0528,0,0,18.333333333,22.222222222
1,0.563,0.0162,0.421,0.0528,0,0,18.333333333,22.222222222
1,0.58,0.0458,0.164,0.244,0,0.527,18.333333333,22.222222222
1,0.61,0.0634,0.14,0.32,0,0.0802,18.333333333,22.222222222
1,0.622,0.077,0.14,0.338,0.667,0.214,18.333333333,22.222222222
1,0.65,0.125,0.0117,0.475,0.05,0.479,18.333333333,22.222222222
0.694,0.625,0.104,0.129,0.346,0.167,0.177,20.0,22.222222222
0.667,0.623,0.111,0.14,0.321,0.317,0.0353,20.0,22.222222222
0.667,0.623,0.118,0.14,0.312,0,0.0353,20.0,22.222222222
0.667,0.623,0.132,0.14,0.309,0,0,20.0,22.222222222
0.667,0.623,0.14,0.14,0.309,0,0.106,20.0,22.222222222
0.833,0.662,0.191,0.0702,0.381,0.167,0,20.0,22.222222222
0.667,0.672,0.191,0.14,0.338,0.0667,0.141,20.0,22.222222222
0.806,0.733,0.279,0.0819,0.473,0.233,0,20.0,22.222222222
1,0.791,0.457,0,0.738,0,0.314,20.0,22.222222222
0.694,0.713,0.444,0.129,0.649,0,0.0353,20.0,22.222222222
0.972,0.743,0.777,0.0117,0.967,0,0.204,20.0,22.222222222
1,0.652,0.54,0.129,0.644,0,0.0699,20.0,22.222222222
1,0.606,0.331,0.14,0.403,0,0.122,20.0,22.222222222
1,0.57,0.0973,0.269,0.146,0,0.0353,20.0,22.222222222
1,0.564,0.0213,0.409,0.0587,0,0,20.0,22.222222222
1,0.563,0.0162,0.421,0.0528,0,0,18.333333333,22.222222222
1,0.563,0.0162,0.421,0.0528,0,0,18.333333333,22.222222222
1,0.563,0.0162,0.421,0.0528,0,0,18.333333333,22.222222222
1,0.563,0.0162,0.421,0.0528,0,0,18.333333333,22.222222222
1,0.563,0.0195,0.363,0.0671,0,0.103,18.333333333,22.222222222
1,0.575,0.0384,0.222,0.194,0.233,0.272,18.333333333,22.222222222
0.694,0.587,0.0412,0.269,0.195,0,0.164,18.333333333,22.222222222
0.778,0.63,0.0853,0.105,0.374,0,0.381,18.333333333,22.222222222
0.639,0.62,0.0878,0.152,0.33,0,0.0353,18.333333333,22.222222222
0.667,0.623,0.101,0.14,0.334,0.917,0.0353,20.0,22.222222222
0.667,0.623,0.111,0.14,0.321,0.783,0,20.0,22.222222222
0.667,0.618,0.109,0.164,0.29,0,0.177,20.0,22.222222222
0.583,0.586,0.0594,0.316,0.149,0,0.247,20.0,22.222222222
0.667,0.606,0.104,0.222,0.234,0,0.212,20.0,22.222222222
0.528,0.625,0.126,0.199,0.26,0,0.4,20.0,22.222222222
0.639,0.669,0.185,0.152,0.327,0,0.258,20.0,22.222222222
0.528,0.674,0.187,0.199,0.326,0.233,0.137,20.0,22.222222222
0.556,0.69,0.264,0.187,0.437,0,0.0707,20.0,22.222222222
0.667,0.707,0.431,0.14,0.63,0,0,20.0,22.222222222
0.667,0.687,0.536,0.14,0.679,0,0,20.0,22.222222222
0.667,0.63,0.414,0.199,0.501,0,0,20.0,22.222222222
0.667,0.585,0.174,0.281,0.228,0,0,20.0,22.222222222
0.667,0.57,0.11,0.222,0.161,0,0,20.0,22.222222222
0.722,0.563,0.0411,0.304,0.0822,0,0.0707,20.0,22.222222222
1,0.563,0.0181,0.409,0.055,0,0,18.333333333,22.222222222
1,0.563,0.0162,0.421,0.0528,0,0,18.333333333,22.222222222
1,0.563,0.0162,0.421,0.0528,0,0,18.333333333,22.222222222
1,0.563,0.0162,0.421,0.0528,0,0,18.333333333,22.222222222
1,0.563,0.0162,0.421,0.0528,0,0,18.333333333,22.222222222
1,0.58,0.0458,0.164,0.244,0,0.518,18.333333333,22.222222222
0.861,0.622,0.0755,0.0702,0.388,0,0.25,18.333333333,22.222222222
0.667,0.622,0.077,0.14,0.338,0.233,0.106,18.333333333,22.222222222
0.667,0.623,0.0904,0.14,0.342,0,0,18.333333333,22.222222222
0.667,0.623,0.101,0.14,0.334,0,0.0353,20.0,22.222222222
0.667,0.623,0.111,0.14,0.321,0,0,20.0,22.222222222
0.667,0.623,0.118,0.14,0.312,0,0.0353,20.0,22.222222222
0.667,0.603,0.0928,0.234,0.223,0,0.0353,20.0,22.222222222
0.667,0.593,0.078,0.281,0.181,0,0.106,20.0,22.222222222
0.667,0.603,0.0858,0.281,0.184,0,0.353,20.0,22.222222222
0.667,0.618,0.103,0.281,0.195,0,0.141,20.0,22.222222222
0.444,0.651,0.152,0.246,0.27,0,0.211,20.0,22.222222222
0.639,0.709,0.301,0.152,0.495,0,0.199,20.0,22.222222222
0.667,0.707,0.431,0.14,0.63,0,0.141,20.0,22.222222222
0.667,0.687,0.536,0.14,0.679,0,0.0353,20.0,22.222222222
0.667,0.63,0.414,0.199,0.501,0,0,20.0,22.222222222
0.972,0.602,0.31,0.152,0.38,0,0,20.0,22.222222222
1,0.574,0.154,0.14,0.211,0,0.0707,20.0,22.222222222
1,0.563,0.0228,0.363,0.0565,0,0.212,20.0,22.222222222
1,0.562,0.0256,0.281,0.0579,0,0.141,18.333333333,22.222222222
1,0.563,0.0188,0.409,0.0528,0,0,18.333333333,22.222222222
1,0.563,0.0185,0.421,0.0528,0,0,18.333333333,22.222222222
1,0.563,0.0185,0.421,0.0528,0,0,18.333333333,22.222222222
1,0.563,0.0185,0.421,0.0528,0,0,18.333333333,22.222222222
1,0.563,0.0185,0.421,0.0528,0,0,18.333333333,22.222222222
0.861,0.563,0.0185,0.421,0.0528,0,0,18.333333333,22.222222222
0.667,0.563,0.0185,0.421,0.0528,0,0,18.333333333,22.222222222
0.667,0.576,0.0506,0.363,0.111,0,0.212,18.333333333,22.222222222
0.667,0.593,0.0989,0.281,0.19,0,0.141,20.0,22.222222222
0.528,0.593,0.106,0.281,0.185,0,0.0353,20.0,22.222222222
0.194,0.581,0.0721,0.339,0.128,0,0.0353,20.0,22.222222222
0,0.563,0.0185,0.421,0.0528,0,0,20.0,22.222222222
0,0.563,0.0185,0.421,0.0528,0,0,20.0,22.222222222
0,0.563,0.0185,0.421,0.0528,0,0,20.0,22.222222222
0,0.563,0.0185,0.421,0.0528,0,0,20.0,22.222222222
0.222,0.613,0.132,0.327,0.194,0,0.177,20.0,22.222222222
0.639,0.705,0.412,0.152,0.55,0.483,0.212,20.0,22.222222222
0.667,0.697,0.532,0.14,0.658,0,0.177,20.0,22.222222222
0.667,0.668,0.563,0.14,0.653,0,0.0353,20.0,22.222222222
0.667,0.626,0.456,0.14,0.517,0,0.148,20.0,22.222222222
0.972,0.599,0.346,0.0702,0.388,0,0.266,20.0,22.222222222
1,0.568,0.0988,0.257,0.136,0,0.0137,20.0,22.222222222
0.889,0.561,0.049,0.187,0.0821,0,0.132,20.0,22.222222222
1,0.561,0.0326,0.14,0.0631,0,0.126,18.333333333,22.222222222
1,0.562,0.0202,0.269,0.0528,0,0.297,18.333333333,22.222222222
0.833,0.563,0.0185,0.409,0.0528,0,0,18.333333333,22.222222222
1,0.563,0.0185,0.421,0.0528,0,0,18.333333333,22.222222222
1,0.563,0.0185,0.421,0.0528,0,0,18.333333333,22.222222222
1,0.563,0.0185,0.421,0.0528,0,0,18.333333333,22.222222222
1,0.588,0.0573,0.304,0.172,0,0.22,18.333333333,22.222222222
0.778,0.615,0.114,0.175,0.305,0,0.202,18.333333333,22.222222222
0.667,0.623,0.157,0.14,0.338,0,0.198,18.333333333,22.222222222
0.667,0.623,0.179,0.14,0.328,0,0.265,20.0,22.222222222
0.444,0.603,0.135,0.234,0.229,0,0,20.0,22.222222222
0.333,0.593,0.118,0.281,0.181,0,0.141,20.0,22.222222222
0.472,0.586,0.108,0.316,0.149,0,0.0707,20.0,22.222222222
0.667,0.604,0.173,0.257,0.204,0,0.0707,20.0,22.222222222
0.611,0.647,0.279,0.164,0.302,0,0.141,20.0,22.222222222
0.333,0.626,0.167,0.281,0.21,0,0.0707,20.0,22.222222222
0.333,0.637,0.182,0.281,0.253,0,0.0353,20.0,22.222222222
0.556,0.686,0.367,0.187,0.492,0,0.0353,20.0,22.222222222
0.667,0.697,0.532,0.14,0.658,0,0,20.0,22.222222222
0.972,0.715,0.812,0.0117,0.927,0.717,0.136,20.0,22.222222222
1,0.658,0.674,0,0.749,0,0.072,20.0,22.222222222
1,0.6,0.348,0.0819,0.39,0,0.133,20.0,22.222222222
0.861,0.565,0.0764,0.269,0.111,0,0.186,20.0,22.222222222
1,0.563,0.0425,0.281,0.0829,0,0,20.0,22.222222222
1,0.562,0.0253,0.281,0.0631,0,0,18.333333333,22.222222222
1,0.562,0.018,0.281,0.0535,0,0.177,18.333333333,22.222222222
0.778,0.563,0.0163,0.374,0.0528,0,0.0353,18.333333333,22.222222222
0.972,0.562,0.0187,0.292,0.0543,0,0.394,18.333333333,22.222222222
0.861,0.563,0.0204,0.339,0.07,0,0.185,18.333333333,22.222222222
0.722,0.573,0.0337,0.269,0.166,0,0.0353,18.333333333,22.222222222
1,0.633,0.0857,0.0117,0.445,0,0.474,18.333333333,22.222222222
1,0.651,0.107,0,0.48,0,0.204,18.333333333,22.222222222
1,0.653,0.127,0,0.486,0,0.0407,18.333333333,22.222222222
1,0.653,0.143,0,0.474,0,0.269,20.0,22.222222222
1,0.653,0.159,0,0.456,0,0.404,20.0,22.222222222
1,0.653,0.168,0,0.442,0,0,20.0,22.222222222
1,0.653,0.19,0,0.437,0,0.106,20.0,22.222222222
0.944,0.648,0.191,0.0234,0.416,0,0.106,20.0,22.222222222
0.972,0.679,0.22,0.0117,0.436,0,0.141,20.0,22.222222222
0.861,0.703,0.241,0.0585,0.421,0.417,0.0353,20.0,22.222222222
0.667,0.703,0.233,0.14,0.4,0.55,0,20.0,22.222222222
0.667,0.715,0.31,0.14,0.51,0,0.141,20.0,22.222222222
0.667,0.707,0.431,0.14,0.63,0,0,20.0,22.222222222
0.806,0.687,0.536,0.14,0.679,0,0.0353,20.0,22.222222222
1,0.647,0.518,0.14,0.617,0.717,0.139,20.0,22.222222222
1,0.588,0.194,0.269,0.251,0,0,20.0,22.222222222
1,0.567,0.0593,0.339,0.102,0,0,20.0,22.222222222
1,0.563,0.0162,0.421,0.0528,0,0,20.0,22.222222222
1,0.563,0.0162,0.421,0.0528,0,0,18.333333333,22.222222222
1,0.563,0.0162,0.421,0.0528,0,0,18.333333333,22.222222222
1,0.563,0.0162,0.421,0.0528,0,0,18.333333333,22.222222222
1,0.563,0.0162,0.421,0.0528,0,0,18.333333333,22.222222222
1,0.563,0.0162,0.421,0.0528,0,0,18.333333333,22.222222222
1,0.563,0.0162,0.421,0.0528,0,0,18.333333333,22.222222222
1,0.563,0.0162,0.421,0.0528,0,0,18.333333333,22.222222222
1,0.591,0.0446,0.292,0.184,0,0.434,18.333333333,22.222222222
0.694,0.593,0.0533,0.281,0.197,0,0.14,18.333333333,22.222222222
0.667,0.606,0.0764,0.222,0.252,0,0.137,20.0,22.222222222
0.889,0.643,0.143,0.0468,0.411,0.667,0.302,20.0,22.222222222
0.806,0.635,0.139,0.0819,0.366,1,0.244,20.0,22.222222222
0.472,0.606,0.0983,0.222,0.234,0.283,0.0353,20.0,22.222222222
0.667,0.623,0.14,0.14,0.309,0,0.247,20.0,22.222222222
0.667,0.642,0.155,0.14,0.315,0,0.247,20.0,22.222222222
0.889,0.709,0.25,0.0468,0.434,0.417,0.106,20.0,22.222222222
1,0.773,0.342,0,0.573,0.55,0.212,20.0,22.222222222
1,0.791,0.457,0,0.738,0,0.283,20.0,22.222222222
0.778,0.731,0.497,0.0936,0.723,0,0.108,20.0,22.222222222
0.722,0.697,0.58,0.117,0.731,0.233,0.135,20.0,22.222222222
0.833,0.625,0.374,0.222,0.457,0,0.209,20.0,22.222222222
1,0.585,0.174,0.281,0.228,0,0.0952,20.0,22.222222222
1,0.569,0.0849,0.281,0.132,0,0.116,20.0,22.222222222
1,0.563,0.0415,0.281,0.0829,0,0,20.0,22.222222222
1,0.563,0.0181,0.409,0.055,0,0,18.333333333,22.222222222
1,0.563,0.0162,0.421,0.0528,0,0,18.333333333,22.222222222
1,0.563,0.0162,0.421,0.0528,0,0,18.333333333,22.222222222
1,0.563,0.0162,0.421,0.0528,0,0,18.333333333,22.222222222
1,0.563,0.0162,0.421,0.0528,0,0,18.333333333,22.222222222
1,0.572,0.031,0.292,0.148,0,0.552,18.333333333,22.222222222
1,0.609,0.0621,0.152,0.311,0,0.125,18.333333333,22.222222222
1,0.622,0.077,0.14,0.338,0,0,18.333333333,22.222222222
1,0.65,0.125,0.0117,0.475,0,0.143,18.333333333,22.222222222
1,0.653,0.143,0,0.474,0,0.0993,20.0,22.222222222
0.639,0.62,0.107,0.152,0.311,0,0.0707,20.0,22.222222222
0.472,0.593,0.067,0.281,0.182,0,0.177,20.0,22.222222222
0.806,0.633,0.152,0.0936,0.351,0.417,0.0707,20.0,22.222222222
1,0.625,0.145,0.129,0.32,0.3,0,20.0,22.222222222
1,0.679,0.22,0.0117,0.436,0,0.177,20.0,22.222222222
1,0.727,0.278,0,0.481,0,0.0353,20.0,22.222222222
0.694,0.708,0.241,0.129,0.412,0,0.141,20.0,22.222222222
0.667,0.715,0.31,0.14,0.51,0,0.177,20.0,22.222222222
0.667,0.707,0.431,0.14,0.63,0.167,0.212,20.0,22.222222222
0.667,0.687,0.536,0.14,0.679,1,0,20.0,22.222222222
0.722,0.654,0.56,0.117,0.664,0.05,0,20.0,22.222222222
1,0.611,0.364,0.117,0.44,0,0.333,20.0,22.222222222
1,0.565,0.0286,0.409,0.0666,0,0,20.0,22.222222222
1,0.563,0.0162,0.421,0.0528,0,0,20.0,22.222222222
1,0.562,0.0235,0.292,0.0609,0,0.0353,18.333333333,22.222222222
1,0.563,0.0175,0.339,0.0535,0,0.247,18.333333333,22.222222222
1,0.563,0.0162,0.421,0.0528,0,0,18.333333333,22.222222222
0.944,0.563,0.0162,0.421,0.0528,0,0,18.333333333,22.222222222
0.667,0.563,0.0162,0.421,0.0528,0,0,18.333333333,22.222222222
0.667,0.563,0.0162,0.421,0.0528,0,0,18.333333333,22.222222222
0.583,0.568,0.0203,0.398,0.0755,0,0.0707,18.333333333,22.222222222
0.667,0.593,0.0466,0.281,0.195,0,0.0353,18.333333333,22.222222222
0.611,0.588,0.047,0.304,0.173,0,0.0353,18.333333333,22.222222222
0.333,0.563,0.0162,0.421,0.0528,0,0,20.0,22.222222222
0.333,0.563,0.0162,0.421,0.0528,0,0,20.0,22.222222222
0.556,0.611,0.0969,0.199,0.257,0,0.0707,20.0,22.222222222
0.611,0.618,0.122,0.164,0.287,0,0.318,20.0,22.222222222
0.333,0.593,0.078,0.281,0.181,0,0.149,20.0,22.222222222
0.472,0.619,0.115,0.222,0.239,0,0.361,20.0,22.222222222
0.972,0.723,0.272,0.0117,0.47,0.417,0.0986,20.0,22.222222222
1,0.773,0.342,0,0.573,0.0667,0.115,20.0,22.222222222
0.694,0.721,0.32,0.129,0.525,0,0.0353,20.0,22.222222222
0.667,0.707,0.431,0.14,0.63,0,0,20.0,22.222222222
0.667,0.687,0.536,0.14,0.679,0,0.0353,20.0,22.222222222
0.889,0.657,0.581,0.105,0.687,0,0.139,20.0,22.222222222
1,0.588,0.194,0.269,0.251,0,0.0799,20.0,22.222222222
1,0.569,0.0849,0.281,0.132,0,0,20.0,22.222222222
1,0.563,0.0324,0.339,0.0719,0,0,20.0,22.222222222
1,0.563,0.0162,0.421,0.0528,0,0,18.333333333,22.222222222
1,0.563,0.0162,0.421,0.0528,0,0,18.333333333,22.222222222
1,0.563,0.0162,0.421,0.0528,0,0,18.333333333,22.222222222
1,0.563,0.0162,0.421,0.0528,0,0,18.333333333,22.222222222
1,0.563,0.0162,0.421,0.0528,0,0,18.333333333,22.222222222
1,0.567,0.0229,0.363,0.0962,0,0.173,18.333333333,22.222222222
0.944,0.583,0.0358,0.304,0.164,0,0,18.333333333,22.222222222
0.889,0.611,0.0652,0.199,0.279,0,0.141,18.333333333,22.222222222
0.694,0.596,0.0559,0.269,0.209,0,0.106,18.333333333,22.222222222
0.667,0.593,0.0586,0.281,0.193,0,0.0353,20.0,22.222222222
0.667,0.593,0.0638,0.281,0.187,0,0.106,20.0,22.222222222
0.667,0.593,0.067,0.281,0.182,0,0,20.0,22.222222222
0.667,0.593,0.074,0.281,0.181,0,0.247,20.0,22.222222222
0.667,0.62,0.135,0.152,0.298,0,0.106,20.0,22.222222222
0.667,0.642,0.155,0.14,0.315,0.483,0.0353,20.0,22.222222222
0.667,0.672,0.191,0.14,0.338,0,0,20.0,22.222222222
0.667,0.703,0.233,0.14,0.4,0,0.106,20.0,22.222222222
0.611,0.703,0.285,0.164,0.471,0,0.0707,20.0,22.222222222
0.333,0.635,0.224,0.281,0.341,0,0,20.0,22.222222222
0.333,0.625,0.276,0.281,0.366,0,0.0353,20.0,22.222222222
0.694,0.622,0.371,0.222,0.452,0,0.132,20.0,22.222222222
1,0.606,0.331,0.14,0.403,0,0.219,20.0,22.222222222
1,0.571,0.113,0.234,0.163,0,0.133,20.0,22.222222222
1,0.563,0.0274,0.374,0.0616,0,0,20.0,22.222222222
1,0.563,0.0185,0.421,0.0528,0,0,18.333333333,22.222222222
1,0.563,0.0185,0.421,0.0528,0,0,18.333333333,22.222222222
1,0.563,0.0185,0.421,0.0528,0,0,18.333333333,22.222222222
1,0.563,0.0203,0.363,0.0671,0,0.446,18.333333333,22.222222222
0.861,0.563,0.021,0.339,0.0728,0,0.177,18.333333333,22.222222222
0.667,0.563,0.0185,0.421,0.0528,0,0,18.333333333,22.222222222
0.667,0.576,0.0379,0.363,0.112,0,0.0353,18.333333333,22.222222222
0.389,0.581,0.0457,0.339,0.136,0,0.141,18.333333333,22.222222222
0,0.563,0.0185,0.421,0.0528,0,0,18.333333333,22.222222222
0.306,0.591,0.0924,0.292,0.179,0,0.319,20.0,22.222222222
0.333,0.593,0.106,0.281,0.185,0,0.206,20.0,22.222222222
0.0278,0.566,0.0262,0.409,0.0636,0,0,20.0,22.222222222
0,0.563,0.0185,0.421,0.0528,0,0,20.0,22.222222222
0,0.563,0.0185,0.421,0.0528,0,0,20.0,22.222222222
0,0.563,0.0185,0.421,0.0528,0,0,20.0,22.222222222
0.222,0.607,0.118,0.327,0.162,0,0.106,20.0,22.222222222
0.333,0.637,0.182,0.281,0.253,0,0.106,20.0,22.222222222
0.333,0.638,0.223,0.281,0.311,0,0.0353,20.0,22.222222222
0.333,0.63,0.275,0.281,0.355,0,0.141,20.0,22.222222222
0.333,0.616,0.291,0.281,0.353,0,0.0353,20.0,22.222222222
0.639,0.623,0.434,0.152,0.493,0.483,0,20.0,22.222222222
0.667,0.589,0.265,0.14,0.305,0,0,20.0,22.222222222
0.833,0.566,0.093,0.234,0.129,0,0.0849,20.0,22.222222222
0.667,0.562,0.0382,0.281,0.0719,0,0.0353,20.0,22.222222222
0.667,0.562,0.0256,0.281,0.0579,0,0.106,18.333333333,22.222222222
0.806,0.563,0.0201,0.339,0.0528,0,0.0353,18.333333333,22.222222222
1,0.563,0.0185,0.421,0.0528,0,0,18.333333333,22.222222222
1,0.562,0.0213,0.292,0.0679,0,0.394,18.333333333,22.222222222
1,0.566,0.0258,0.281,0.116,0,0.19,18.333333333,22.222222222
0.694,0.564,0.0195,0.409,0.0615,0,0.148,18.333333333,22.222222222
0.667,0.576,0.0379,0.363,0.112,0.233,0,18.333333333,22.222222222
0.667,0.606,0.0986,0.222,0.257,0,0.0353,18.333333333,22.222222222
0.667,0.623,0.157,0.14,0.338,0,0,18.333333333,22.222222222
0.667,0.623,0.179,0.14,0.328,0,0.106,20.0,22.222222222
0.361,0.596,0.113,0.269,0.196,0,0.0353,20.0,22.222222222
0.0278,0.566,0.0262,0.409,0.0636,0,0,20.0,22.222222222
0.222,0.571,0.0459,0.386,0.0848,0,0,20.0,22.222222222
0.333,0.58,0.0765,0.363,0.108,0,0.0707,20.0,22.222222222
0.389,0.619,0.185,0.257,0.213,0,0.111,20.0,22.222222222
0.889,0.731,0.416,0.0468,0.476,0.483,0.0707,20.0,22.222222222
1,0.784,0.509,0,0.653,0,0.0707,20.0,22.222222222
1,0.786,0.632,0,0.828,0,0.0353,20.0,22.222222222
1,0.764,0.788,0,0.96,0,0.29,20.0,22.222222222
1,0.72,0.836,0,0.953,0,0.172,20.0,22.222222222
1,0.65,0.607,0.0585,0.68,0,0.0353,20.0,22.222222222
1,0.576,0.126,0.327,0.163,0,0,20.0,22.222222222
0.833,0.563,0.0354,0.351,0.0697,0,0,20.0,22.222222222
1,0.563,0.0164,0.421,0.0528,0,0,20.0,22.222222222
1,0.563,0.0162,0.421,0.0528,0,0,18.333333333,22.222222222
1,0.563,0.0162,0.421,0.0528,0,0,18.333333333,22.222222222
1,0.563,0.0162,0.421,0.0528,0,0,18.333333333,22.222222222
1,0.563,0.0162,0.421,0.0528,0,0,18.333333333,22.222222222
0.944,0.563,0.0202,0.351,0.0699,0.417,0.159,18.333333333,22.222222222
0.667,0.563,0.0162,0.421,0.0528,0.0667,0,18.333333333,22.222222222
0.667,0.563,0.0162,0.421,0.0528,0,0,18.333333333,22.222222222
0.667,0.591,0.0446,0.292,0.184,0,0.212,18.333333333,22.222222222
0.667,0.593,0.0533,0.281,0.197,0,0.22,18.333333333,22.222222222
0.667,0.62,0.0979,0.152,0.322,0,0.178,20.0,22.222222222
0.667,0.623,0.111,0.14,0.321,0,0.298,20.0,22.222222222
0.667,0.623,0.118,0.14,0.312,0.917,0.106,20.0,22.222222222
0.667,0.623,0.132,0.14,0.309,0.05,0.177,20.0,22.222222222
0.889,0.643,0.181,0.0468,0.395,0.483,0.0707,20.0,22.222222222
1,0.681,0.225,0,0.446,0,0.318,20.0,22.222222222
0.944,0.717,0.263,0.0234,0.457,0.483,0.138,20.0,22.222222222
0.667,0.703,0.233,0.14,0.4,0,0.0353,20.0,22.222222222
0.444,0.664,0.21,0.234,0.354,0,0.0353,20.0,22.222222222
0.472,0.665,0.312,0.222,0.464,0,0,20.0,22.222222222
0.667,0.661,0.426,0.199,0.548,0,0.125,20.0,22.222222222
0.667,0.605,0.267,0.281,0.335,0.167,0.12,20.0,22.222222222
0.806,0.581,0.149,0.304,0.2,1,0,20.0,22.222222222
1,0.563,0.0162,0.421,0.0528,0.05,0,20.0,22.222222222
1,0.563,0.0162,0.421,0.0528,0,0,20.0,22.222222222
1,0.563,0.0162,0.421,0.0528,0,0,18.333333333,22.222222222
1,0.563,0.0162,0.421,0.0528,0,0,18.333333333,22.222222222
1,0.563,0.0162,0.421,0.0528,0,0,18.333333333,22.222222222
1,0.563,0.0162,0.421,0.0528,0,0,18.333333333,22.222222222
1,0.563,0.0162,0.421,0.0528,0,0,18.333333333,22.222222222
1,0.567,0.0229,0.363,0.0962,0.417,0,18.333333333,22.222222222
1,0.597,0.0499,0.222,0.243,0.0667,0.188,18.333333333,22.222222222
1,0.649,0.105,0.0117,0.469,0,0.14,18.333333333,22.222222222
1,0.653,0.127,0,0.486,0,0.172,18.333333333,22.222222222
1,0.653,0.143,0,0.474,0,0.22,20.0,22.222222222
0.917,0.638,0.135,0.0702,0.389,0,0.352,20.0,22.222222222
1,0.64,0.147,0.0585,0.388,0.917,0.353,20.0,22.222222222
1,0.635,0.156,0.0819,0.362,0.533,0.383,20.0,22.222222222
1,0.645,0.186,0.0351,0.405,0,0.0222,20.0,22.222222222
1,0.681,0.225,0,0.446,0,0.141,20.0,22.222222222
1,0.689,0.219,0.0936,0.385,0.167,0.0353,20.0,22.222222222
0.861,0.703,0.233,0.14,0.4,0.0667,0.106,20.0,22.222222222
0.667,0.715,0.31,0.14,0.51,0,0.0353,20.0,22.222222222
0.667,0.707,0.431,0.14,0.63,0,0,20.0,22.222222222
0.667,0.631,0.294,0.269,0.39,0,0,20.0,22.222222222
0.667,0.605,0.267,0.281,0.335,0,0,20.0,22.222222222
0.667,0.585,0.174,0.281,0.228,0,0,20.0,22.222222222
0.667,0.565,0.0286,0.409,0.0666,0,0,20.0,22.222222222
0.806,0.563,0.0162,0.421,0.0528,0,0,20.0,22.222222222
1,0.563,0.0162,0.421,0.0528,0,0,18.333333333,22.222222222
1,0.563,0.0162,0.421,0.0528,0,0,18.333333333,22.222222222
1,0.563,0.0162,0.421,0.0528,0,0,18.333333333,22.222222222
1,0.563,0.0162,0.421,0.0528,0,0,18.333333333,22.222222222
1,0.563,0.0162,0.421,0.0528,0,0,18.333333333,22.222222222
1,0.563,0.0162,0.421,0.0528,0,0,18.333333333,22.222222222
1,0.584,0.0364,0.304,0.166,0,0.175,18.333333333,22.222222222
0.861,0.637,0.0925,0.0702,0.409,0,0.361,18.333333333,22.222222222
0.667,0.623,0.0904,0.14,0.342,0,0.0966,18.333333333,22.222222222
0.667,0.596,0.0617,0.269,0.205,0,0,20.0,22.222222222
0.667,0.62,0.108,0.152,0.31,0,0.153,20.0,22.222222222
0.667,0.623,0.118,0.14,0.312,0,0.283,20.0,22.222222222
0.528,0.611,0.107,0.199,0.255,0,0.177,20.0,22.222222222
0.778,0.633,0.161,0.0936,0.352,0,0.0957,20.0,22.222222222
1,0.681,0.225,0,0.446,0,0.276,20.0,22.222222222
0.861,0.703,0.241,0.0585,0.421,0,0.106,20.0,22.222222222
0.667,0.703,0.233,0.14,0.4,0,0.345,20.0,22.222222222
0.583,0.696,0.273,0.175,0.452,0,0.283,20.0,22.222222222
0.667,0.707,0.431,0.14,0.63,0,0,20.0,22.222222222
0.667,0.687,0.536,0.14,0.679,0,0,20.0,22.222222222
0.806,0.627,0.393,0.211,0.478,0,0,20.0,22.222222222
1,0.588,0.194,0.269,0.251,0,0.164,20.0,22.222222222
1,0.567,0.0593,0.339,0.102,0,0,20.0,22.222222222
1,0.563,0.0162,0.421,0.0528,0,0,20.0,22.222222222
1,0.563,0.0162,0.421,0.0528,0,0,18.333333333,22.222222222
1,0.563,0.0162,0.421,0.0528,0,0,18.333333333,22.222222222
1,0.563,0.0162,0.421,0.0528,0,0,18.333333333,22.222222222
1,0.563,0.0162,0.421,0.0528,0,0,18.333333333,22.222222222
1,0.563,0.0162,0.421,0.0528,0,0,18.333333333,22.222222222
0.861,0.563,0.0162,0.421,0.0528,0,0,18.333333333,22.222222222
0.667,0.574,0.0263,0.363,0.11,0.233,0,18.333333333,22.222222222
0.667,0.593,0.0466,0.281,0.195,0,0.247,18.333333333,22.222222222
0.667,0.593,0.0533,0.281,0.197,0,0.0353,18.333333333,22.222222222
0.667,0.593,0.0586,0.281,0.193,0,0,20.0,22.222222222
0.667,0.62,0.108,0.152,0.31,0,0.342,20.0,22.222222222
0.667,0.623,0.118,0.14,0.312,0.717,0.24,20.0,22.222222222
0.667,0.623,0.132,0.14,0.309,0,0.255,20.0,22.222222222
0.667,0.623,0.14,0.14,0.309,0,0.106,20.0,22.222222222
0.667,0.642,0.155,0.14,0.315,0,0,20.0,22.222222222
0.667,0.672,0.191,0.14,0.338,0,0.0353,20.0,22.222222222
0.667,0.703,0.233,0.14,0.4,0,0.141,20.0,22.222222222
0.417,0.658,0.198,0.246,0.335,0,0.141,20.0,22.222222222
0.667,0.707,0.431,0.14,0.63,0,0.106,20.0,22.222222222
0.667,0.687,0.536,0.14,0.679,0,0.192,20.0,22.222222222
0.667,0.61,0.289,0.269,0.361,0,0.1,20.0,22.222222222
0.667,0.567,0.037,0.409,0.0761,0,0,20.0,22.222222222
0.667,0.563,0.0162,0.421,0.0528,0,0,20.0,22.222222222
0.667,0.563,0.0162,0.421,0.0528,0,0,20.0,22.222222222
0.972,0.563,0.0162,0.421,0.0528,0,0,18.333333333,22.222222222
1,0.563,0.0162,0.421,0.0528,0,0,18.333333333,22.222222222
1,0.563,0.0162,0.421,0.0528,0,0,18.333333333,22.222222222
1,0.563,0.0162,0.421,0.0528,0,0,18.333333333,22.222222222
1,0.563,0.0162,0.421,0.0528,0,0,18.333333333,22.222222222
1,0.575,0.0377,0.234,0.192,0,0.309,18.333333333,22.222222222
0.861,0.622,0.0755,0.0702,0.388,0.233,0.223,18.333333333,22.222222222
0.722,0.627,0.0822,0.117,0.362,0,0.175,18.333333333,22.222222222
0.861,0.64,0.112,0.0585,0.426,0,0.385,18.333333333,22.222222222
0.667,0.623,0.101,0.14,0.334,0.483,0.0353,20.0,22.222222222
0.667,0.623,0.111,0.14,0.321,0,0.0707,20.0,22.222222222
0.528,0.611,0.0964,0.199,0.258,0,0.177,20.0,22.222222222
0.333,0.593,0.074,0.281,0.181,0,0.141,20.0,22.222222222
0.556,0.613,0.119,0.187,0.266,0.483,0.106,20.0,22.222222222
0.5,0.622,0.12,0.211,0.249,0,0.212,20.0,22.222222222
0.528,0.649,0.154,0.199,0.278,0,0.142,20.0,22.222222222
0.333,0.633,0.125,0.281,0.226,0,0.226,20.0,22.222222222
0.333,0.639,0.163,0.281,0.281,0,0.177,20.0,22.222222222
0.333,0.635,0.224,0.281,0.341,0,0,20.0,22.222222222
0.639,0.681,0.518,0.152,0.654,0,0.0353,20.0,22.222222222
0.806,0.664,0.622,0.0819,0.734,0,0,20.0,22.222222222
0.694,0.601,0.29,0.187,0.357,0,0,20.0,22.222222222
0.667,0.567,0.0593,0.339,0.102,0,0.0639,20.0,22.222222222
1,0.563,0.0207,0.409,0.055,0,0,20.0,22.222222222
1,0.563,0.0185,0.421,0.0528,0,0,18.333333333,22.222222222
1,0.563,0.0185,0.421,0.0528,0,0,18.333333333,22.222222222
1,0.563,0.0185,0.421,0.0528,0,0,18.333333333,22.222222222
1,0.563,0.0185,0.421,0.0528,0,0,18.333333333,22.222222222
1,0.563,0.0185,0.421,0.0528,0,0,18.333333333,22.222222222
0.861,0.568,0.0243,0.351,0.105,0,0.281,18.333333333,22.222222222
0.667,0.601,0.0701,0.234,0.24,0.417,0.143,18.333333333,22.222222222
0.667,0.623,0.126,0.14,0.34,0.0667,0.138,18.333333333,22.222222222
0.556,0.598,0.106,0.257,0.217,0,0.186,18.333333333,22.222222222
0.694,0.625,0.186,0.129,0.339,0,0.511,20.0,22.222222222
0.667,0.623,0.194,0.14,0.317,0,0.177,20.0,22.222222222
0.361,0.596,0.125,0.269,0.192,0,0.106,20.0,22.222222222
0.333,0.593,0.135,0.281,0.181,0,0.106,20.0,22.222222222
0.389,0.604,0.173,0.257,0.204,0,0.489,20.0,22.222222222
0.528,0.633,0.242,0.199,0.266,0,0.35,20.0,22.222222222
0.333,0.626,0.167,0.281,0.21,0,0.105,20.0,22.222222222
0.333,0.637,0.182,0.281,0.253,0,0,20.0,22.222222222
0.639,0.705,0.412,0.152,0.55,0,0,20.0,22.222222222
0.667,0.697,0.532,0.14,0.658,0,0.0707,20.0,22.222222222
0.667,0.621,0.314,0.269,0.379,0,0,20.0,22.222222222
0.972,0.587,0.17,0.339,0.216,0,0,20.0,22.222222222
1,0.563,0.0185,0.421,0.0528,0,0,20.0,22.222222222
0.972,0.563,0.0294,0.363,0.0638,0,0,20.0,22.222222222
1,0.563,0.0185,0.421,0.0528,0,0,20.0,22.222222222
1,0.563,0.0185,0.421,0.0528,0,0,18.333333333,22.222222222
1,0.563,0.0185,0.421,0.0528,0,0,18.333333333,22.222222222
1,0.563,0.0185,0.421,0.0528,0,0,18.333333333,22.222222222
1,0.563,0.0185,0.421,0.0528,0,0,18.333333333,22.222222222
1,0.564,0.0195,0.409,0.0611,0,0.0701,18.333333333,22.222222222
1,0.575,0.0337,0.269,0.166,0,0.107,18.333333333,22.222222222
0.806,0.612,0.074,0.14,0.315,0.233,0.311,18.333333333,22.222222222
0.667,0.621,0.115,0.14,0.321,0,0.142,18.333333333,22.222222222
0.694,0.624,0.156,0.129,0.329,0,0.279,18.333333333,22.222222222
1,0.65,0.253,0,0.437,0,0.219,20.0,22.222222222
0.806,0.633,0.227,0.0819,0.348,0,0.413,20.0,22.222222222
0.778,0.631,0.239,0.0936,0.328,0,0.707,20.0,22.222222222
0.694,0.624,0.25,0.129,0.296,0,0.193,20.0,22.222222222
0.333,0.59,0.135,0.292,0.16,0,0.0707,20.0,22.222222222
0.333,0.568,0.0309,0.409,0.0627,0.0833,0,20.0,22.222222222
0.333,0.619,0.167,0.281,0.172,0.15,0.247,20.0,22.222222222
0.333,0.634,0.174,0.281,0.179,0,0,20.0,22.222222222
0.333,0.638,0.205,0.281,0.2,0,0.106,20.0,22.222222222
0.361,0.638,0.287,0.269,0.263,0,0.0353,20.0,22.222222222
0.944,0.728,0.818,0.0234,0.753,0,0,20.0,22.222222222
1,0.653,0.621,0.0936,0.72,0,0,20.0,22.222222222
1,0.58,0.168,0.292,0.234,0,0,20.0,22.222222222
1,0.563,0.0185,0.421,0.0528,0,0,20.0,22.222222222
1,0.563,0.0164,0.421,0.0528,0,0,20.0,22.222222222
1,0.563,0.0162,0.421,0.0528,0,0,18.333333333,22.222222222
1,0.563,0.0162,0.421,0.0528,0,0,18.333333333,22.222222222
1,0.563,0.0162,0.421,0.0528,0,0,18.333333333,22.222222222
1,0.562,0.0188,0.292,0.0539,0,0.0707,18.333333333,22.222222222
1,0.561,0.0238,0.281,0.0826,0,0.141,18.333333333,22.222222222
0.944,0.577,0.044,0.175,0.222,0,0.0353,18.333333333,22.222222222
0.667,0.586,0.04,0.281,0.181,0,0.0707,18.333333333,22.222222222
0.667,0.592,0.0469,0.281,0.187,0,0,18.333333333,22.222222222
0.611,0.587,0.0473,0.304,0.164,0,0,18.333333333,22.222222222
0.556,0.583,0.045,0.327,0.139,0,0.177,20.0,22.222222222
0.667,0.619,0.109,0.152,0.288,0.917,0.0353,20.0,22.222222222
0.528,0.609,0.0972,0.199,0.241,0.5,0,20.0,22.222222222
0.639,0.619,0.129,0.152,0.277,0,0.177,20.0,22.222222222
0.361,0.595,0.0835,0.269,0.179,0.167,0.177,20.0,22.222222222
0.333,0.602,0.0864,0.281,0.17,0.0667,0,20.0,22.222222222
0.389,0.626,0.119,0.257,0.191,0,0.318,20.0,22.222222222
0.444,0.654,0.161,0.234,0.218,0,0.141,20.0,22.222222222
0.333,0.638,0.165,0.281,0.195,0,0.0353,20.0,22.222222222
0.333,0.634,0.226,0.281,0.235,0,0,20.0,22.222222222
0.333,0.624,0.278,0.281,0.291,0,0,20.0,22.222222222
0.778,0.657,0.605,0.0936,0.724,0,0,20.0,22.222222222
1,0.613,0.405,0.0819,0.554,0,0,20.0,22.222222222
1,0.568,0.0855,0.281,0.134,0,0,20.0,22.222222222
1,0.564,0.0214,0.409,0.0587,0,0,20.0,22.222222222
1,0.563,0.0162,0.421,0.0528,0,0,18.333333333,22.222222222
1,0.563,0.0162,0.421,0.0528,0,0,18.333333333,22.222222222
1,0.563,0.0162,0.421,0.0528,0,0,18.333333333,22.222222222
1,0.562,0.0188,0.292,0.0539,0,0,18.333333333,22.222222222
1,0.561,0.0238,0.281,0.0826,0,0.222,18.333333333,22.222222222
1,0.578,0.0468,0.152,0.238,0,0.427,18.333333333,22.222222222
0.639,0.583,0.0373,0.292,0.168,0,0.0702,18.333333333,22.222222222
0.333,0.563,0.0162,0.421,0.0528,0,0,18.333333333,22.222222222
0.333,0.563,0.0162,0.421,0.0528,0,0,18.333333333,22.222222222
0.639,0.59,0.0558,0.292,0.171,0,0.141,20.0,22.222222222
0.667,0.592,0.0642,0.281,0.176,0,0.0353,20.0,22.222222222
0.667,0.592,0.0674,0.281,0.171,0,0.0707,20.0,22.222222222
0.667,0.604,0.0991,0.222,0.219,0,0.177,20.0,22.222222222
0.667,0.621,0.141,0.14,0.286,0,0.247,20.0,22.222222222
0.361,0.604,0.0917,0.269,0.18,0,0.177,20.0,22.222222222
0.333,0.617,0.104,0.281,0.171,0,0.141,20.0,22.222222222
0.333,0.632,0.126,0.281,0.177,0,0.0353,20.0,22.222222222
0.417,0.657,0.202,0.246,0.231,0,0.149,20.0,22.222222222
0.389,0.646,0.261,0.257,0.265,0,0,20.0,22.222222222
0.722,0.695,0.584,0.117,0.57,0,0,20.0,22.222222222
1,0.686,0.776,0,0.909,0,0,20.0,22.222222222
1,0.607,0.355,0.129,0.488,0,0.555,20.0,22.222222222
1,0.57,0.113,0.234,0.169,0,0.159,20.0,22.222222222
1,0.563,0.0325,0.339,0.0719,0,0.0492,20.0,22.222222222
1,0.563,0.0162,0.421,0.0528,0,0,18.333333333,22.222222222
1,0.563,0.0162,0.421,0.0528,0,0,18.333333333,22.222222222
1,0.563,0.0162,0.421,0.0528,0,0,18.333333333,22.222222222
1,0.563,0.0162,0.421,0.0528,0,0,18.333333333,22.222222222
1,0.563,0.0162,0.421,0.0528,0,0,18.333333333,22.222222222
1,0.567,0.023,0.363,0.0943,0,0.24,18.333333333,22.222222222
0.917,0.58,0.0339,0.316,0.148,0,0.106,18.333333333,22.222222222
1,0.592,0.0469,0.281,0.187,0,0.106,18.333333333,22.222222222
0.861,0.592,0.0536,0.281,0.186,0,0,18.333333333,22.222222222
0.889,0.612,0.0878,0.187,0.268,0,0.0707,20.0,22.222222222
1,0.648,0.157,0.0117,0.411,0,0.193,20.0,22.222222222
1,0.65,0.17,0,0.408,0.417,0.0707,20.0,22.222222222
1,0.65,0.191,0,0.404,0.05,0.106,20.0,22.222222222
1,0.65,0.203,0,0.403,0,0.0707,20.0,22.222222222
1,0.678,0.227,0,0.404,0,0.177,20.0,22.222222222
1,0.724,0.28,0,0.408,0,0.0707,20.0,22.222222222
0.694,0.706,0.243,0.129,0.311,0,0.318,20.0,22.222222222
0.667,0.713,0.313,0.14,0.338,0.233,0.0353,20.0,22.222222222
0.417,0.652,0.274,0.246,0.277,0,0.0707,20.0,22.222222222
0.361,0.63,0.296,0.269,0.307,0,0.0353,20.0,22.222222222
0.639,0.64,0.5,0.152,0.603,0,0.0353,20.0,22.222222222
0.667,0.604,0.334,0.14,0.464,0,0,20.0,22.222222222
0.889,0.574,0.196,0.0468,0.263,0.667,0,20.0,22.222222222
1,0.563,0.0428,0.316,0.0838,0.0333,0,20.0,22.222222222
1,0.563,0.0162,0.421,0.0528,0,0,18.333333333,22.222222222
1,0.563,0.0162,0.421,0.0528,0,0,18.333333333,22.222222222
1,0.563,0.0162,0.421,0.0528,0,0,18.333333333,22.222222222
1,0.563,0.0162,0.421,0.0528,0,0,18.333333333,22.222222222
0.944,0.562,0.0223,0.316,0.0771,0,0.033,18.333333333,22.222222222
0.667,0.563,0.0162,0.421,0.0528,0,0,18.333333333,22.222222222
0.667,0.585,0.0387,0.292,0.173,0,0.285,18.333333333,22.222222222
0.667,0.604,0.0599,0.222,0.243,0,0.402,18.333333333,22.222222222
0.667,0.621,0.0911,0.14,0.319,0,0.183,18.333333333,22.222222222
0.667,0.621,0.102,0.14,0.311,0,0.0501,20.0,22.222222222
0.611,0.616,0.104,0.164,0.279,0,0.594,20.0,22.222222222
0.639,0.619,0.115,0.152,0.28,0,0.0707,20.0,22.222222222
0.667,0.621,0.133,0.14,0.287,0,0,20.0,22.222222222
0.667,0.621,0.141,0.14,0.286,0,0.353,20.0,22.222222222
0.667,0.604,0.0917,0.269,0.18,0,0.177,20.0,22.222222222
0.667,0.617,0.104,0.281,0.171,0,0.106,20.0,22.222222222
0.667,0.697,0.228,0.152,0.292,0,0.247,20.0,22.222222222
0.667,0.713,0.313,0.14,0.338,0,0.0707,20.0,22.222222222
0.667,0.705,0.435,0.14,0.416,0,0.0353,20.0,22.222222222
0.889,0.685,0.54,0.14,0.529,0,0.141,20.0,22.222222222
1,0.619,0.355,0.234,0.431,0,0,20.0,22.222222222
1,0.567,0.0372,0.409,0.0769,0,0,20.0,22.222222222
1,0.563,0.0162,0.421,0.0528,0,0,20.0,22.222222222
1,0.563,0.0162,0.421,0.0528,0,0,20.0,22.222222222
1,0.563,0.0162,0.421,0.0528,0,0,18.333333333,22.222222222
1,0.563,0.0162,0.421,0.0528,0,0,18.333333333,22.222222222
1,0.563,0.0162,0.421,0.0528,0,0,18.333333333,22.222222222
1,0.563,0.0162,0.421,0.0528,0,0,18.333333333,22.222222222
1,0.563,0.0162,0.421,0.0528,0,0,18.333333333,22.222222222
1,0.574,0.0379,0.234,0.186,0,0.216,18.333333333,22.222222222
1,0.608,0.0639,0.14,0.309,0.467,0.109,18.333333333,22.222222222
0.861,0.608,0.0646,0.199,0.265,0,0.17,18.333333333,22.222222222
0.667,0.592,0.0536,0.281,0.186,0,0.106,18.333333333,22.222222222
0.667,0.619,0.0986,0.152,0.3,0,0.671,20.0,22.222222222
0.667,0.621,0.112,0.14,0.299,0,0.233,20.0,22.222222222
0.667,0.621,0.119,0.14,0.29,0,0.0353,20.0,22.222222222
0.667,0.621,0.133,0.14,0.287,0,0.0707,20.0,22.222222222
0.667,0.621,0.141,0.14,0.286,0,0.212,20.0,22.222222222
0.667,0.64,0.157,0.14,0.287,0,0.0707,20.0,22.222222222
0.667,0.67,0.192,0.14,0.29,0,0.283,20.0,22.222222222
0.361,0.637,0.133,0.269,0.187,0,0.389,20.0,22.222222222
0.639,0.707,0.304,0.152,0.327,0.7,0.247,20.0,22.222222222
0.667,0.705,0.435,0.14,0.416,0,0,20.0,22.222222222
0.667,0.63,0.296,0.269,0.307,0,0,20.0,22.222222222
0.667,0.604,0.269,0.281,0.338,0,0,20.0,22.222222222
0.667,0.584,0.175,0.281,0.258,0,0,20.0,22.222222222
0.667,0.568,0.0855,0.281,0.134,0,0.0353,20.0,22.222222222
1,0.563,0.0297,0.363,0.0638,0,0,20.0,22.222222222
1,0.563,0.0185,0.421,0.0528,0,0,18.333333333,22.222222222
1,0.563,0.0185,0.421,0.0528,0,0,18.333333333,22.222222222
0.972,0.563,0.0185,0.421,0.0528,0,0,18.333333333,22.222222222
0.667,0.563,0.0185,0.421,0.0528,0,0,18.333333333,22.222222222
0.667,0.563,0.0185,0.421,0.0528,0,0,18.333333333,22.222222222
0.667,0.563,0.0185,0.421,0.0528,0,0,18.333333333,22.222222222
0.667,0.566,0.0224,0.409,0.064,0,0.143,18.333333333,22.222222222
0.667,0.592,0.0669,0.281,0.187,0,0.489,18.333333333,22.222222222
0.667,0.592,0.0838,0.281,0.186,0,0.31,18.333333333,22.222222222
0.667,0.592,0.0968,0.281,0.181,0,0.301,20.0,22.222222222
0.556,0.583,0.0758,0.327,0.135,0,0.247,20.0,22.222222222
0.333,0.563,0.0185,0.421,0.0528,0,0,20.0,22.222222222
0.333,0.563,0.0185,0.421,0.0528,0,0,20.0,22.222222222
0.333,0.563,0.0185,0.421,0.0528,0,0,20.0,22.222222222
0.333,0.563,0.0185,0.421,0.0528,0,0,20.0,22.222222222
0.333,0.563,0.0185,0.421,0.0528,0,0,20.0,22.222222222
0.861,0.681,0.279,0.187,0.264,0.233,0.0353,20.0,22.222222222
0.667,0.713,0.392,0.14,0.348,0,0.212,20.0,22.222222222
0.667,0.702,0.507,0.14,0.433,0,0.177,20.0,22.222222222
0.667,0.68,0.583,0.14,0.547,0,0.106,20.0,22.222222222
0.694,0.64,0.539,0.129,0.632,0,0.06,20.0,22.222222222
1,0.591,0.263,0.211,0.35,0,0,20.0,22.222222222
0.972,0.563,0.0257,0.398,0.0609,0,0,20.0,22.222222222
1,0.563,0.0185,0.421,0.0528,0,0,20.0,22.222222222
1,0.563,0.0185,0.421,0.0528,0,0,18.333333333,22.222222222
1,0.563,0.0185,0.421,0.0528,0,0,18.333333333,22.222222222
1,0.562,0.0184,0.351,0.0528,0,0.0353,18.333333333,22.222222222
1,0.563,0.0185,0.421,0.0528,0,0,18.333333333,22.222222222
1,0.563,0.0185,0.421,0.0528,0,0,18.333333333,22.222222222
1,0.567,0.0236,0.374,0.0886,0,0.067,18.333333333,22.222222222
1,0.588,0.0463,0.281,0.184,0.333,0.307,18.333333333,22.222222222
1,0.595,0.0723,0.269,0.198,0.133,0.106,18.333333333,22.222222222
0.694,0.612,0.127,0.187,0.274,0,0.306,18.333333333,22.222222222
0.333,0.592,0.0968,0.281,0.181,0,0.237,20.0,22.222222222
0.333,0.592,0.105,0.281,0.175,0.333,0.182,20.0,22.222222222
0.333,0.592,0.113,0.281,0.171,0.133,0.177,20.0,22.222222222
0.306,0.59,0.12,0.292,0.16,0,0,20.0,22.222222222
0.0278,0.567,0.0302,0.409,0.0626,0,0.2,20.0,22.222222222
0.417,0.614,0.195,0.246,0.199,0,0.357,20.0,22.222222222
0.333,0.619,0.167,0.281,0.172,0,0.0353,20.0,22.222222222
0.361,0.64,0.189,0.269,0.191,0,0.0353,20.0,22.222222222
0.417,0.657,0.255,0.246,0.24,0,0.106,20.0,22.222222222
0.667,0.702,0.507,0.14,0.433,0,0.247,20.0,22.222222222
0.667,0.68,0.583,0.14,0.547,0,0.0707,20.0,22.222222222
0.667,0.638,0.525,0.14,0.616,0,0.0353,20.0,22.222222222
0.694,0.588,0.236,0.234,0.317,0,0,20.0,22.222222222
1,0.563,0.0185,0.421,0.0528,0,0,20.0,22.222222222
1,0.563,0.0164,0.421,0.0528,0,0,20.0,22.222222222
1,0.563,0.0162,0.421,0.0528,0,0,18.333333333,22.222222222
1,0.563,0.0162,0.421,0.0528,0,0,18.333333333,22.222222222
1,0.563,0.0162,0.421,0.0528,0,0,18.333333333,22.222222222
0.861,0.563,0.0162,0.421,0.0528,0,0,18.333333333,22.222222222
0.667,0.563,0.0196,0.363,0.0663,0,0,18.333333333,22.222222222
0.583,0.565,0.021,0.374,0.0804,0,0.0353,18.333333333,22.222222222
0.667,0.585,0.0387,0.292,0.173,0,0.317,18.333333333,22.222222222
0.972,0.604,0.0599,0.222,0.243,0.417,0.119,18.333333333,22.222222222
1,0.633,0.107,0.0819,0.375,0.05,0.265,18.333333333,22.222222222
0.917,0.643,0.134,0.0351,0.408,0,0.242,20.0,22.222222222
1,0.65,0.16,0,0.422,0,0.212,20.0,22.222222222
0.861,0.638,0.148,0.0585,0.359,0,0.0975,20.0,22.222222222
0.667,0.621,0.133,0.14,0.287,0,0.0707,20.0,22.222222222
0.444,0.602,0.0992,0.234,0.209,0.7,0.318,20.0,22.222222222
0.333,0.602,0.0864,0.281,0.17,0,0.177,20.0,22.222222222
0.639,0.667,0.186,0.152,0.28,0,0.0707,20.0,22.222222222
0.528,0.672,0.189,0.199,0.249,0,0,20.0,22.222222222
0.472,0.67,0.228,0.222,0.255,0,0,20.0,22.222222222
0.667,0.705,0.435,0.14,0.416,0,0,20.0,22.222222222
0.667,0.685,0.54,0.14,0.529,0,0,20.0,22.222222222
0.667,0.629,0.418,0.199,0.503,0,0,20.0,22.222222222
0.667,0.584,0.175,0.281,0.258,0,0,20.0,22.222222222
0.722,0.568,0.0958,0.257,0.146,0,0,20.0,22.222222222
1,0.56,0.0674,0.14,0.113,0,0,20.0,22.222222222
1,0.561,0.0273,0.269,0.0653,0,0,18.333333333,22.222222222
1,0.561,0.0181,0.281,0.0535,0,0.0353,18.333333333,22.222222222
1,0.561,0.0162,0.281,0.0528,0,0.106,18.333333333,22.222222222
1,0.563,0.0162,0.409,0.0528,0,0,18.333333333,22.222222222
1,0.563,0.0162,0.421,0.0528,0,0,18.333333333,22.222222222
1,0.568,0.0257,0.339,0.111,0.167,0.261,18.333333333,22.222222222
1,0.618,0.0741,0.0819,0.364,0.0667,0.301,18.333333333,22.222222222
0.694,0.622,0.0796,0.129,0.332,0,0.308,18.333333333,22.222222222
0.667,0.616,0.0847,0.164,0.297,0,0.378,18.333333333,22.222222222
0.667,0.619,0.0986,0.152,0.3,0,0.141,20.0,22.222222222
0.667,0.621,0.112,0.14,0.299,0,0,20.0,22.222222222
0.667,0.621,0.119,0.14,0.29,0,0.196,20.0,22.222222222
0.667,0.621,0.133,0.14,0.287,0,0.187,20.0,22.222222222
0.667,0.621,0.141,0.14,0.286,0.417,0.247,20.0,22.222222222
0.806,0.63,0.139,0.175,0.258,0.75,0.0707,20.0,22.222222222
1,0.67,0.192,0.14,0.29,0,0,20.0,22.222222222
1,0.765,0.337,0.0117,0.416,0,0.11,20.0,22.222222222
0.694,0.719,0.322,0.129,0.348,0,0.177,20.0,22.222222222
0.361,0.64,0.238,0.269,0.247,0,0.113,20.0,22.222222222
0.333,0.624,0.278,0.281,0.291,0,0.164,20.0,22.222222222
0.472,0.621,0.374,0.222,0.459,0,0.212,20.0,22.222222222
0.667,0.596,0.271,0.199,0.382,0,0.0549,20.0,22.222222222
0.667,0.565,0.0287,0.409,0.0693,0,0,20.0,22.222222222
0.972,0.563,0.0162,0.421,0.0528,0,0,20.0,22.222222222
1,0.563,0.0196,0.363,0.0565,0,0.141,18.333333333,22.222222222
1,0.561,0.0181,0.281,0.0535,0,0.0707,18.333333333,22.222222222
1,0.561,0.0162,0.281,0.0528,0,0,18.333333333,22.222222222
1,0.563,0.0162,0.409,0.0528,0,0,18.333333333,22.222222222
1,0.563,0.0162,0.421,0.0528,0,0,18.333333333,22.222222222
1,0.571,0.0311,0.292,0.144,0,0.217,18.333333333,22.222222222
0.944,0.582,0.036,0.304,0.159,0,0.181,18.333333333,22.222222222
0.667,0.59,0.0449,0.292,0.176,0.233,0.141,18.333333333,22.222222222
0.667,0.592,0.0536,0.281,0.186,0.7,0,18.333333333,22.222222222
0.667,0.592,0.059,0.281,0.182,0,0,20.0,22.222222222
0.667,0.619,0.109,0.152,0.288,0,0.141,20.0,22.222222222
0.667,0.621,0.119,0.14,0.29,0,0.0353,20.0,22.222222222
0.667,0.621,0.133,0.14,0.287,0,0.247,20.0,22.222222222
0.667,0.621,0.141,0.14,0.286,0,0.0353,20.0,22.222222222
0.667,0.64,0.157,0.14,0.287,0,0.141,20.0,22.222222222
0.667,0.67,0.192,0.14,0.29,0,0.0353,20.0,22.222222222
0.667,0.701,0.235,0.14,0.301,0,0.177,20.0,22.222222222
0.667,0.713,0.313,0.14,0.338,0,0.0353,20.0,22.222222222
0.444,0.658,0.292,0.234,0.293,0,0.141,20.0,22.222222222
0.333,0.624,0.278,0.281,0.291,0,0.0353,20.0,22.222222222
0.639,0.64,0.5,0.152,0.603,0,0.141,20.0,22.222222222
0.667,0.604,0.334,0.14,0.464,0,0.176,20.0,22.222222222
0.667,0.572,0.155,0.14,0.216,0,0.0511,20.0,22.222222222
0.667,0.562,0.0525,0.234,0.0954,0,0.111,20.0,22.222222222
0.667,0.561,0.0255,0.281,0.0631,0,0,18.333333333,22.222222222
0.667,0.563,0.0169,0.409,0.0535,0,0,18.333333333,22.222222222
0.667,0.563,0.0162,0.421,0.0528,0,0,18.333333333,22.222222222
0.972,0.563,0.0162,0.421,0.0528,0,0,18.333333333,22.222222222
1,0.563,0.0162,0.421,0.0528,0,0,18.333333333,22.222222222
1,0.563,0.0162,0.421,0.0528,0,0,18.333333333,22.222222222
0.778,0.613,0.0673,0.129,0.325,0.467,0.17,18.333333333,22.222222222
0.583,0.613,0.0698,0.175,0.287,0,0,18.333333333,22.222222222
0.667,0.621,0.0911,0.14,0.319,0.233,0.353,18.333333333,22.222222222
0.667,0.621,0.102,0.14,0.311,0,0.141,20.0,22.222222222
0.667,0.621,0.112,0.14,0.299,0,0.0353,20.0,22.222222222
0.667,0.621,0.119,0.14,0.29,0,0.247,20.0,22.222222222
0.667,0.621,0.133,0.14,0.287,0,0.0707,20.0,22.222222222
0.667,0.621,0.141,0.14,0.286,0,0.212,20.0,22.222222222
0.667,0.64,0.157,0.14,0.287,0,0.247,20.0,22.222222222
0.75,0.684,0.215,0.105,0.319,0,0.268,20.0,22.222222222
0.667,0.701,0.235,0.14,0.301,0,0.0707,20.0,22.222222222
0.667,0.713,0.313,0.14,0.338,0.417,0,20.0,22.222222222
0.667,0.705,0.435,0.14,0.416,0.05,0,20.0,22.222222222
0.667,0.685,0.54,0.14,0.529,0,0,20.0,22.222222222
0.667,0.645,0.522,0.14,0.623,0,0,20.0,22.222222222
0.667,0.604,0.334,0.14,0.464,0,0.0579,20.0,22.222222222
0.667,0.566,0.0412,0.398,0.0858,0,0,20.0,22.222222222
0.667,0.563,0.0162,0.421,0.0528,0,0,20.0,22.222222222
0.722,0.563,0.0176,0.398,0.0543,0,0.116,18.333333333,22.222222222
1,0.563,0.0172,0.374,0.0535,0,0.112,18.333333333,22.222222222
1,0.563,0.0162,0.421,0.0528,0,0,18.333333333,22.222222222
1,0.563,0.0162,0.421,0.0528,0,0,18.333333333,22.222222222
1,0.562,0.0236,0.292,0.0825,0,0.513,18.333333333,22.222222222
1,0.571,0.0318,0.281,0.147,0,0.0137,18.333333333,22.222222222
0.694,0.564,0.0176,0.409,0.0611,0,0,18.333333333,22.222222222
0.972,0.616,0.0735,0.164,0.299,0,0.452,18.333333333,22.222222222
1,0.648,0.126,0.0117,0.441,0.467,0.208,18.333333333,22.222222222
1,0.65,0.145,0,0.44,0,0.2,20.0,22.222222222
0.778,0.631,0.128,0.0936,0.34,0,0.177,20.0,22.222222222
0.361,0.595,0.0715,0.269,0.182,0,0.212,20.0,22.222222222
0.639,0.619,0.129,0.152,0.277,0,0.238,20.0,22.222222222
0.583,0.614,0.125,0.175,0.257,0,0.389,20.0,22.222222222
0.222,0.588,0.0621,0.327,0.131,0,0.0707,20.0,22.222222222
0.222,0.6,0.076,0.327,0.132,0.167,0.0707,20.0,22.222222222
0.556,0.679,0.2,0.187,0.26,0.0667,0,20.0,22.222222222
0.361,0.644,0.174,0.269,0.206,0,0.0353,20.0,22.222222222
0.333,0.634,0.226,0.281,0.235,0,0.0353,20.0,22.222222222
0.472,0.624,0.278,0.281,0.291,0,0,20.0,22.222222222
0.889,0.63,0.437,0.187,0.531,0,0,20.0,22.222222222
1,0.596,0.271,0.199,0.382,0,0.235,20.0,22.222222222
1,0.565,0.0287,0.409,0.0693,0,0,20.0,22.222222222
1,0.563,0.0185,0.421,0.0528,0,0,20.0,22.222222222
1,0.563,0.0185,0.421,0.0528,0,0,18.333333333,22.222222222
1,0.563,0.0185,0.421,0.0528,0,0,18.333333333,22.222222222
1,0.563,0.0185,0.421,0.0528,0,0,18.333333333,22.222222222
1,0.563,0.0185,0.421,0.0528,0,0,18.333333333,22.222222222
1,0.563,0.0185,0.421,0.0528,0,0,18.333333333,22.222222222
1,0.565,0.0207,0.409,0.0637,0,0,18.333333333,22.222222222
1,0.59,0.0502,0.269,0.195,0,0.141,18.333333333,22.222222222
0.972,0.621,0.115,0.14,0.321,0.0833,0.0792,18.333333333,22.222222222
0.667,0.621,0.149,0.14,0.318,0.383,0.157,18.333333333,22.222222222
0.556,0.612,0.149,0.187,0.267,0,0.214,20.0,22.222222222
0.472,0.604,0.14,0.222,0.226,0,0.182,20.0,22.222222222
0,0.563,0.0185,0.421,0.0528,0,0,20.0,22.222222222
0,0.563,0.0185,0.421,0.0528,0,0,20.0,22.222222222
0.194,0.563,0.0185,0.421,0.0528,0,0,20.0,22.222222222
0.361,0.568,0.0309,0.409,0.0627,0,0.1,20.0,22.222222222
0.667,0.619,0.167,0.281,0.172,0,0.37,20.0,22.222222222
0.667,0.634,0.174,0.281,0.179,0,0.315,20.0,22.222222222
0.667,0.663,0.271,0.234,0.252,0,0.206,20.0,22.222222222
0.861,0.742,0.651,0.0585,0.546,0,0.277,20.0,22.222222222
1,0.735,0.843,0.0117,0.77,0,0.316,20.0,22.222222222
1,0.638,0.525,0.14,0.616,0,0.245,20.0,22.222222222
1,0.598,0.329,0.14,0.428,0,0.109,20.0,22.222222222
1,0.569,0.136,0.187,0.171,0,0.103,20.0,22.222222222
1,0.56,0.055,0.222,0.0887,0,0.142,20.0,22.222222222
1,0.562,0.028,0.292,0.0609,0,0.224,18.333333333,22.222222222
1,0.563,0.0185,0.421,0.0528,0,0,18.333333333,22.222222222
1,0.563,0.0185,0.421,0.0528,0,0,18.333333333,22.222222222
1,0.563,0.0185,0.421,0.0528,0,0,18.333333333,22.222222222
1,0.563,0.0185,0.421,0.0528,0,0,18.333333333,22.222222222
1,0.57,0.0266,0.339,0.114,0,0.106,18.333333333,22.222222222
1,0.602,0.0632,0.199,0.261,0,0.328,18.333333333,22.222222222
0.972,0.636,0.139,0.0702,0.389,0,0.443,18.333333333,22.222222222
0.611,0.616,0.136,0.164,0.297,0,0.262,18.333333333,22.222222222
0,0.563,0.0185,0.421,0.0528,0,0,20.0,22.222222222
0,0.563,0.0185,0.421,0.0528,0,0,20.0,22.222222222
0.0278,0.566,0.0277,0.409,0.0625,0,0,20.0,22.222222222
0.333,0.592,0.13,0.281,0.17,0.233,0.0707,20.0,22.222222222
0.333,0.593,0.147,0.281,0.17,0,0.141,20.0,22.222222222
0.333,0.599,0.147,0.292,0.16,0,0.106,20.0,22.222222222
0.333,0.583,0.0683,0.374,0.0928,0,0.0353,20.0,22.222222222
0.611,0.693,0.304,0.164,0.285,0,0.256,20.0,22.222222222
0.778,0.738,0.457,0.0936,0.399,0,0.141,20.0,22.222222222
0.722,0.714,0.547,0.117,0.464,0,0.212,20.0,22.222222222
0.861,0.713,0.747,0.0585,0.692,0,0.246,20.0,22.222222222
1,0.676,0.779,0,0.898,0,0.262,20.0,22.222222222
1,0.596,0.31,0.164,0.405,0,0.095,20.0,22.222222222
1,0.566,0.0939,0.257,0.128,0,0,20.0,22.222222222
1,0.564,0.0223,0.409,0.0587,0,0,20.0,22.222222222
1,0.563,0.0162,0.421,0.0528,0,0,18.333333333,22.222222222
1,0.563,0.0162,0.421,0.0528,0,0,18.333333333,22.222222222
1,0.563,0.0162,0.421,0.0528,0,0,18.333333333,22.222222222
1,0.563,0.0162,0.421,0.0528,0,0,18.333333333,22.222222222
1,0.563,0.0162,0.421,0.0528,0,0,18.333333333,22.222222222
1,0.574,0.0379,0.234,0.186,0.917,0.156,18.333333333,22.222222222
0.778,0.592,0.0475,0.234,0.222,0.0167,0.0707,18.333333333,22.222222222
0.667,0.592,0.0469,0.281,0.187,0,0.106,18.333333333,22.222222222
0.667,0.592,0.0536,0.281,0.186,0,0,18.333333333,22.222222222
0.667,0.592,0.059,0.281,0.182,0,0.0353,20.0,22.222222222
0.667,0.592,0.0642,0.281,0.176,0,0.177,20.0,22.222222222
0.667,0.592,0.0674,0.281,0.171,0,0.106,20.0,22.222222222
0.528,0.58,0.05,0.339,0.121,0,0.0707,20.0,22.222222222
0.472,0.575,0.0423,0.363,0.101,0,0.0353,20.0,22.222222222
0.417,0.572,0.0333,0.386,0.082,0,0,20.0,22.222222222
0.889,0.69,0.224,0.0936,0.329,0,0.37,20.0,22.222222222
1,0.77,0.345,0,0.426,0.167,0.177,20.0,22.222222222
0.694,0.719,0.322,0.129,0.348,0.533,0.242,20.0,22.222222222
0.667,0.705,0.435,0.14,0.416,0,0.11,20.0,22.222222222
0.667,0.685,0.54,0.14,0.529,0,0,20.0,22.222222222
0.667,0.629,0.418,0.199,0.503,0,0,20.0,22.222222222
0.667,0.584,0.175,0.281,0.258,0,0,20.0,22.222222222
0.722,0.565,0.0391,0.386,0.0811,0,0.138,20.0,22.222222222
1,0.562,0.0418,0.281,0.0829,0,0.0276,20.0,22.222222222
1,0.561,0.0255,0.281,0.0631,0,0.0353,18.333333333,22.222222222
1,0.563,0.0169,0.409,0.0535,0,0,18.333333333,22.222222222
1,0.563,0.0162,0.421,0.0528,0,0,18.333333333,22.222222222
1,0.563,0.0162,0.421,0.0528,0,0,18.333333333,22.222222222
1,0.563,0.0162,0.421,0.0528,0,0,18.333333333,22.222222222
1,0.574,0.0379,0.234,0.186,0.233,0.198,18.333333333,22.222222222
1,0.608,0.0639,0.14,0.309,0,0.415,18.333333333,22.222222222
1,0.647,0.106,0.0117,0.444,0.417,0.173,18.333333333,22.222222222
0.944,0.645,0.122,0.0234,0.43,0.05,0.163,18.333333333,22.222222222
0.667,0.621,0.102,0.14,0.311,0,0.178,20.0,22.222222222
0.667,0.621,0.112,0.14,0.299,0,0.0353,20.0,22.222222222
0.667,0.621,0.119,0.14,0.29,0,0.0707,20.0,22.222222222
0.667,0.621,0.133,0.14,0.287,0.467,0,20.0,22.222222222
0.667,0.621,0.141,0.14,0.286,0,0.177,20.0,22.222222222
0.667,0.64,0.157,0.14,0.287,0,0.0353,20.0,22.222222222
0.667,0.67,0.192,0.14,0.29,0,0.141,20.0,22.222222222
0.667,0.701,0.235,0.14,0.301,0,0,20.0,22.222222222
0.667,0.713,0.313,0.14,0.338,0,0.177,20.0,22.222222222
0.667,0.705,0.435,0.14,0.416,0,0.0707,20.0,22.222222222
0.667,0.685,0.54,0.14,0.529,0,0.177,20.0,22.222222222
0.667,0.645,0.522,0.14,0.623,0,0.0353,20.0,22.222222222
0.806,0.599,0.296,0.175,0.415,0,0.138,20.0,22.222222222
1,0.572,0.155,0.14,0.216,0,0.278,20.0,22.222222222
1,0.561,0.0544,0.222,0.0976,0,0.101,20.0,22.222222222
1,0.563,0.0162,0.421,0.0528,0,0,18.333333333,22.222222222
1,0.563,0.0162,0.421,0.0528,0,0,18.333333333,22.222222222
1,0.563,0.0162,0.421,0.0528,0,0,18.333333333,22.222222222
1,0.563,0.0162,0.421,0.0528,0,0,18.333333333,22.222222222
1,0.563,0.0162,0.421,0.0528,0,0,18.333333333,22.222222222
1,0.571,0.0311,0.292,0.144,0,0.459,18.333333333,22.222222222
0.861,0.598,0.0523,0.211,0.246,0,0.112,18.333333333,22.222222222
0.667,0.592,0.0469,0.281,0.187,0,0.309,18.333333333,22.222222222
0.611,0.587,0.0473,0.304,0.164,0,0.0353,18.333333333,22.222222222
0.639,0.616,0.0955,0.164,0.289,0.467,0.141,20.0,22.222222222
0.667,0.621,0.112,0.14,0.299,0,0.0353,20.0,22.222222222
0.667,0.621,0.119,0.14,0.29,0,0.0353,20.0,22.222222222
0.667,0.621,0.133,0.14,0.287,0,0,20.0,22.222222222
0.667,0.621,0.141,0.14,0.286,0,0.177,20.0,22.222222222
0.667,0.64,0.157,0.14,0.287,0,0.141,20.0,22.222222222
0.667,0.67,0.192,0.14,0.29,0,0.177,20.0,22.222222222
0.528,0.672,0.189,0.199,0.249,0,0.0707,20.0,22.222222222
0.333,0.638,0.165,0.281,0.195,0.417,0.106,20.0,22.222222222
0.472,0.663,0.315,0.222,0.312,0.05,0.0661,20.0,22.222222222
0.667,0.685,0.54,0.14,0.529,0,0.0868,20.0,22.222222222
0.667,0.622,0.376,0.222,0.455,0,0.0911,20.0,22.222222222
0.806,0.571,0.0788,0.363,0.135,0,0,20.0,22.222222222
1,0.566,0.0597,0.339,0.105,0,0.128,20.0,22.222222222
1,0.563,0.0162,0.421,0.0528,0,0,20.0,22.222222222
1,0.563,0.0162,0.421,0.0528,0,0,18.333333333,22.222222222
1,0.563,0.0162,0.421,0.0528,0,0,18.333333333,22.222222222
1,0.563,0.0162,0.421,0.0528,0,0,18.333333333,22.222222222
1,0.563,0.0162,0.421,0.0528,0,0,18.333333333,22.222222222
1,0.563,0.0176,0.398,0.0582,0,0.108,18.333333333,22.222222222
1,0.574,0.0386,0.222,0.188,0,0.219,18.333333333,22.222222222
0.694,0.608,0.0639,0.14,0.309,0,0.269,18.333333333,22.222222222
0.667,0.62,0.0776,0.14,0.321,0.233,0.18,18.333333333,22.222222222
0.667,0.621,0.0911,0.14,0.319,0,0.156,18.333333333,22.222222222
0.667,0.595,0.0622,0.269,0.193,0,0.223,20.0,22.222222222
0.667,0.592,0.0642,0.281,0.176,0,0.0353,20.0,22.222222222
0.667,0.619,0.115,0.152,0.28,0,0.193,20.0,22.222222222
0.417,0.6,0.0886,0.246,0.199,0,0.0353,20.0,22.222222222
0.667,0.621,0.141,0.14,0.286,0,0.106,20.0,22.222222222
0.528,0.624,0.127,0.199,0.238,0,0.212,20.0,22.222222222
0.333,0.617,0.104,0.281,0.171,0,0.0707,20.0,22.222222222
0.389,0.644,0.144,0.257,0.198,0,0.212,20.0,22.222222222
0.667,0.713,0.313,0.14,0.338,0,0,20.0,22.222222222
0.667,0.705,0.435,0.14,0.416,0,0.106,20.0,22.222222222
0.667,0.685,0.54,0.14,0.529,0,0,20.0,22.222222222
0.806,0.662,0.627,0.0819,0.744,0,0,20.0,22.222222222
1,0.624,0.492,0,0.67,0,0.138,20.0,22.222222222
1,0.574,0.183,0.0936,0.25,0,0.166,20.0,22.222222222
1,0.562,0.047,0.269,0.0888,0,0.162,20.0,22.222222222
1,0.563,0.0181,0.409,0.055,0,0,18.333333333,22.222222222
1,0.563,0.0162,0.421,0.0528,0,0,18.333333333,22.222222222
1,0.563,0.0162,0.421,0.0528,0,0,18.333333333,22.222222222
1,0.563,0.0162,0.421,0.0528,0,0,18.333333333,22.222222222
1,0.563,0.0162,0.421,0.0528,0,0,18.333333333,22.222222222
0.861,0.563,0.0162,0.421,0.0528,0,0,18.333333333,22.222222222
0.417,0.567,0.0203,0.398,0.0746,0,0,18.333333333,22.222222222
0.5,0.577,0.0313,0.351,0.12,0,0.106,18.333333333,22.222222222
0.667,0.592,0.0536,0.281,0.186,0,0.0353,18.333333333,22.222222222
0.667,0.619,0.0986,0.152,0.3,0.667,0.427,20.0,22.222222222
0.667,0.621,0.112,0.14,0.299,0.0333,0.158,20.0,22.222222222
0.611,0.616,0.11,0.164,0.27,0,0.308,20.0,22.222222222
0.556,0.612,0.114,0.187,0.248,0,0.332,20.0,22.222222222
0.444,0.602,0.0992,0.234,0.209,0,0.212,20.0,22.222222222
0.861,0.647,0.169,0.117,0.306,0,0.506,20.0,22.222222222
1,0.67,0.192,0.14,0.29,0,0.106,20.0,22.222222222
0.778,0.654,0.161,0.234,0.218,0,0,20.0,22.222222222
0.667,0.638,0.165,0.281,0.195,0,0.212,20.0,22.222222222
0.667,0.634,0.226,0.281,0.235,0,0.207,20.0,22.222222222
0.667,0.599,0.167,0.339,0.19,0,0.106,20.0,22.222222222
0.667,0.563,0.0162,0.421,0.0528,0,0,20.0,22.222222222
0.667,0.563,0.0162,0.421,0.0528,0,0,20.0,22.222222222
0.806,0.565,0.042,0.363,0.0824,0,0,20.0,22.222222222
1,0.562,0.0364,0.327,0.0704,0.383,0,20.0,22.222222222
1,0.563,0.0185,0.421,0.0528,0,0,18.333333333,22.222222222
1,0.563,0.0185,0.421,0.0528,0,0,18.333333333,22.222222222
1,0.563,0.0185,0.421,0.0528,0,0,18.333333333,22.222222222
1,0.563,0.0185,0.421,0.0528,0,0,18.333333333,22.222222222
1,0.563,0.0185,0.421,0.0528,0,0,18.333333333,22.222222222
1,0.565,0.0207,0.409,0.0637,0.0833,0,18.333333333,22.222222222
1,0.592,0.0541,0.257,0.206,1,0.212,18.333333333,22.222222222
1,0.65,0.164,0,0.456,0.333,0.0353,18.333333333,22.222222222
0.806,0.633,0.176,0.0819,0.374,0,0.0353,18.333333333,22.222222222
0.5,0.607,0.136,0.211,0.245,0,0.247,20.0,22.222222222
0.667,0.621,0.191,0.14,0.297,0,0.0353,20.0,22.222222222
0.667,0.621,0.207,0.14,0.289,0,0.332,20.0,22.222222222
0.389,0.597,0.149,0.257,0.189,0,0.0707,20.0,22.222222222
0.333,0.593,0.147,0.281,0.17,0,0.0353,20.0,22.222222222
0.333,0.604,0.16,0.281,0.17,0,0.106,20.0,22.222222222
0.444,0.639,0.217,0.234,0.212,0,0.106,20.0,22.222222222
0.667,0.705,0.33,0.14,0.306,0,0,20.0,22.222222222
0.667,0.713,0.392,0.14,0.348,0,0.0353,20.0,22.222222222
0.667,0.697,0.484,0.152,0.413,0,0.0353,20.0,22.222222222
0.667,0.622,0.301,0.281,0.3,0,0.0353,20.0,22.222222222
0.667,0.601,0.272,0.281,0.334,0,0,20.0,22.222222222
0.667,0.581,0.174,0.281,0.24,0,0,20.0,22.222222222
0.722,0.566,0.0848,0.281,0.12,0.0833,0,20.0,22.222222222
0.667,0.562,0.043,0.292,0.077,0,0.0353,20.0,22.222222222
0.667,0.563,0.0185,0.421,0.0528,0,0,18.333333333,22.222222222
0.694,0.563,0.0185,0.421,0.0528,0,0,18.333333333,22.222222222
1,0.563,0.0185,0.421,0.0528,0,0,18.333333333,22.222222222
1,0.563,0.0185,0.421,0.0528,0,0,18.333333333,22.222222222
1,0.564,0.0195,0.409,0.0611,0.0833,0,18.333333333,22.222222222
1,0.577,0.0358,0.257,0.177,0.617,0.177,18.333333333,22.222222222
0.972,0.633,0.0978,0.0117,0.435,0,0.206,18.333333333,22.222222222
0.694,0.624,0.121,0.129,0.332,0.7,0.106,18.333333333,22.222222222
1,0.65,0.214,0,0.451,0,0.23,18.333333333,22.222222222
0.972,0.648,0.246,0.0117,0.427,0,0.307,20.0,22.222222222
0.639,0.619,0.184,0.152,0.287,0,0.203,20.0,22.222222222
0.139,0.575,0.0571,0.363,0.102,0,0.29,20.0,22.222222222
0,0.563,0.0185,0.421,0.0528,0,0,20.0,22.222222222
0,0.563,0.0185,0.421,0.0528,0,0,20.0,22.222222222
0,0.563,0.0185,0.421,0.0528,0,0,20.0,22.222222222
0.111,0.583,0.0683,0.374,0.0928,0,0.106,20.0,22.222222222
0.444,0.658,0.228,0.234,0.222,0.333,0.318,20.0,22.222222222
0.667,0.713,0.392,0.14,0.348,0.367,0.247,20.0,22.222222222
0.667,0.702,0.507,0.14,0.433,0.0833,0,20.0,22.222222222
0.778,0.698,0.676,0.0936,0.632,0.15,0,20.0,22.222222222
1,0.655,0.634,0.0819,0.736,0,0,20.0,22.222222222
1,0.598,0.329,0.14,0.428,0.0833,0,20.0,22.222222222
0.944,0.567,0.103,0.246,0.138,0.383,0,20.0,22.222222222
1,0.563,0.0164,0.421,0.0528,0,0,20.0,22.222222222
1,0.563,0.0162,0.421,0.0528,0,0,18.333333333,22.222222222
1,0.563,0.0162,0.421,0.0528,0,0,18.333333333,22.222222222
1,0.563,0.0162,0.421,0.0528,0,0,18.333333333,22.222222222
1,0.562,0.0188,0.292,0.0539,0,0.0353,18.333333333,22.222222222
1,0.561,0.0238,0.281,0.0826,0,0.283,18.333333333,22.222222222
0.861,0.565,0.021,0.374,0.0804,0,0,18.333333333,22.222222222
0.528,0.563,0.0162,0.421,0.0528,0,0,18.333333333,22.222222222
0.389,0.568,0.0214,0.398,0.0752,0,0,18.333333333,22.222222222
0.667,0.592,0.0536,0.281,0.186,0,0.106,18.333333333,22.222222222
0.667,0.604,0.077,0.222,0.235,0,0.141,20.0,22.222222222
0.528,0.583,0.0476,0.327,0.136,0,0.0353,20.0,22.222222222
0.333,0.563,0.0162,0.421,0.0528,0,0,20.0,22.222222222
0.333,0.563,0.0162,0.421,0.0528,0,0,20.0,22.222222222
0.583,0.585,0.0632,0.316,0.14,0.233,0.106,20.0,22.222222222
0.333,0.599,0.0812,0.292,0.16,0,0.212,20.0,22.222222222
0.639,0.667,0.186,0.152,0.28,0,0.353,20.0,22.222222222
0.667,0.701,0.235,0.14,0.301,0,0.106,20.0,22.222222222
0.5,0.644,0.174,0.269,0.206,0,0.141,20.0,22.222222222
0.667,0.634,0.226,0.281,0.235,0,0.106,20.0,22.222222222
0.889,0.664,0.456,0.187,0.453,0.667,0,20.0,22.222222222
1,0.645,0.522,0.14,0.623,0.267,0,20.0,22.222222222
1,0.579,0.133,0.327,0.2,0,0,20.0,22.222222222
1,0.563,0.0162,0.421,0.0528,0,0,20.0,22.222222222
1,0.563,0.0162,0.421,0.0528,0,0,20.0,22.222222222
1,0.563,0.0162,0.421,0.0528,0,0,18.333333333,22.222222222
1,0.563,0.0162,0.421,0.0528,0,0,18.333333333,22.222222222
1,0.563,0.0162,0.421,0.0528,0,0,18.333333333,22.222222222
1,0.563,0.0162,0.421,0.0528,0,0,18.333333333,22.222222222
1,0.563,0.0162,0.421,0.0528,0,0,18.333333333,22.222222222
1,0.563,0.0162,0.421,0.0528,0,0,18.333333333,22.222222222
1,0.573,0.0264,0.363,0.107,0,0.0353,18.333333333,22.222222222
1,0.592,0.0469,0.281,0.187,0,0.0707,18.333333333,22.222222222
1,0.592,0.0536,0.281,0.186,0,0.177,18.333333333,22.222222222
1,0.619,0.0986,0.152,0.3,0,0.266,20.0,22.222222222
0.833,0.607,0.088,0.211,0.238,0.417,0.0772,20.0,22.222222222
0.778,0.628,0.131,0.105,0.319,0.05,0.202,20.0,22.222222222
0.667,0.621,0.133,0.14,0.287,0,0.283,20.0,22.222222222
0.667,0.621,0.141,0.14,0.286,0,0.106,20.0,22.222222222
0.667,0.64,0.157,0.14,0.287,0,0.216,20.0,22.222222222
0.667,0.67,0.192,0.14,0.29,0.7,0.0707,20.0,22.222222222
0.611,0.689,0.217,0.164,0.281,0,0.0353,20.0,22.222222222
0.528,0.682,0.253,0.199,0.279,0,0.177,20.0,22.222222222
1,0.775,0.644,0,0.598,0,0.197,20.0,22.222222222
0.778,0.706,0.624,0.0936,0.606,0,0.114,20.0,22.222222222
0.667,0.645,0.522,0.14,0.623,0,0,20.0,22.222222222
0.667,0.596,0.271,0.199,0.382,0,0,20.0,22.222222222
0.722,0.566,0.0545,0.351,0.0989,0,0.0555,20.0,22.222222222
1,0.562,0.0418,0.281,0.0829,0,0.0436,20.0,22.222222222
1,0.563,0.0201,0.374,0.0572,0,0,18.333333333,22.222222222
1,0.563,0.0162,0.421,0.0528,0,0,18.333333333,22.222222222
1,0.563,0.0162,0.421,0.0528,0,0,18.333333333,22.222222222
1,0.563,0.0162,0.421,0.0528,0,0,18.333333333,22.222222222
1,0.563,0.0196,0.363,0.0663,0,0.0353,18.333333333,22.222222222
1,0.571,0.0318,0.281,0.147,0,0.0707,18.333333333,22.222222222
0.778,0.57,0.0237,0.374,0.0938,0,0.0707,18.333333333,22.222222222
0.972,0.616,0.0735,0.164,0.299,0.233,0.0353,18.333333333,22.222222222
1,0.621,0.0911,0.14,0.319,0,0,18.333333333,22.222222222
1,0.648,0.141,0.0117,0.429,0.167,0.289,20.0,22.222222222
1,0.65,0.16,0,0.422,0.767,0.212,20.0,22.222222222
1,0.65,0.17,0,0.408,0,0.141,20.0,22.222222222
1,0.65,0.191,0,0.404,0,0.335,20.0,22.222222222
1,0.65,0.203,0,0.403,0,0.212,20.0,22.222222222
0.861,0.662,0.197,0.0585,0.355,0.917,0.141,20.0,22.222222222
0.667,0.67,0.192,0.14,0.29,0.0167,0.0353,20.0,22.222222222
0.667,0.701,0.235,0.14,0.301,0,0,20.0,22.222222222
0.667,0.713,0.313,0.14,0.338,0,0,20.0,22.222222222
0.667,0.705,0.435,0.14,0.416,0,0.0707,20.0,22.222222222
0.667,0.675,0.496,0.164,0.489,0,0.0353,20.0,22.222222222
0.667,0.604,0.269,0.281,0.338,0,0,20.0,22.222222222
0.667,0.576,0.112,0.339,0.176,0,0.0933,20.0,22.222222222
0.667,0.563,0.0162,0.421,0.0528,0,0,20.0,22.222222222
0.667,0.563,0.0162,0.421,0.0528,0,0,20.0,22.222222222
0.667,0.563,0.0162,0.421,0.0528,0,0,18.333333333,22.222222222
0.667,0.562,0.0174,0.292,0.0528,0,0,18.333333333,22.222222222
0.667,0.563,0.0163,0.409,0.0528,0,0,18.333333333,22.222222222
0.972,0.563,0.0162,0.421,0.0528,0,0,18.333333333,22.222222222
1,0.563,0.0162,0.421,0.0528,0,0,18.333333333,22.222222222
1,0.579,0.0461,0.164,0.236,0.467,0.59,18.333333333,22.222222222
1,0.63,0.0864,0.0117,0.429,0,0.388,18.333333333,22.222222222
1,0.649,0.108,0,0.455,0,0.598,18.333333333,22.222222222
1,0.65,0.128,0,0.452,0,0.429,18.333333333,22.222222222
1,0.65,0.145,0,0.44,0,0.0728,20.0,22.222222222
0.694,0.624,0.116,0.129,0.31,0,0.141,20.0,22.222222222
0.667,0.621,0.119,0.14,0.29,0.467,0.0353,20.0,22.222222222
0.361,0.595,0.0788,0.269,0.18,0,0.141,20.0,22.222222222
0.861,0.638,0.178,0.0585,0.355,0,0.177,20.0,22.222222222
1,0.678,0.227,0,0.404,0,0.0353,20.0,22.222222222
0.694,0.673,0.198,0.129,0.299,0,0.153,20.0,22.222222222
0.667,0.701,0.235,0.14,0.301,0,0.0873,20.0,22.222222222
0.5,0.676,0.237,0.211,0.266,0,0.15,20.0,22.222222222
0.667,0.705,0.435,0.14,0.416,0,0.0707,20.0,22.222222222
0.667,0.685,0.54,0.14,0.529,0,0,20.0,22.222222222
0.722,0.652,0.564,0.117,0.672,0,0.0353,20.0,22.222222222
0.694,0.607,0.355,0.129,0.488,0,0.344,20.0,22.222222222
0.667,0.568,0.0722,0.327,0.121,0,0.0707,20.0,22.222222222
0.889,0.563,0.0218,0.386,0.0594,0,0,20.0,22.222222222
1,0.563,0.0162,0.421,0.0528,0,0,18.333333333,22.222222222
1,0.563,0.0162,0.421,0.0528,0,0,18.333333333,22.222222222
1,0.563,0.0162,0.421,0.0528,0,0,18.333333333,22.222222222
1,0.563,0.0162,0.421,0.0528,0,0,18.333333333,22.222222222
1,0.562,0.0236,0.292,0.0825,0,0.161,18.333333333,22.222222222
0.778,0.573,0.0359,0.246,0.172,0.467,0.353,18.333333333,22.222222222
0.667,0.586,0.04,0.281,0.181,0,0.0353,18.333333333,22.222222222
0.611,0.614,0.0703,0.175,0.288,0,0.0974,18.333333333,22.222222222
0.333,0.585,0.0441,0.316,0.153,0,0,18.333333333,22.222222222
0.333,0.592,0.059,0.281,0.182,0,0.141,20.0,22.222222222
0.389,0.597,0.0723,0.257,0.196,0,0.212,20.0,22.222222222
0.667,0.621,0.119,0.14,0.29,0,0.212,20.0,22.222222222
0.667,0.621,0.133,0.14,0.287,0.233,0.106,20.0,22.222222222
0.667,0.621,0.141,0.14,0.286,0,0.141,20.0,22.222222222
0.667,0.604,0.0917,0.269,0.18,0,0.0707,20.0,22.222222222
0.667,0.617,0.104,0.281,0.171,0,0.106,20.0,22.222222222
0.75,0.662,0.172,0.222,0.229,0,0.253,20.0,22.222222222
0.667,0.713,0.313,0.14,0.338,0,0.189,20.0,22.222222222
0.806,0.734,0.524,0.0819,0.493,0.417,0.0844,20.0,22.222222222
1,0.746,0.802,0,0.768,0.45,0.1,20.0,22.222222222
1,0.686,0.776,0,0.909,0.0667,0.0353,20.0,22.222222222
1,0.607,0.355,0.129,0.488,0,0,20.0,22.222222222
1,0.571,0.129,0.199,0.186,0,0,20.0,22.222222222
1,0.562,0.043,0.292,0.077,0,0.0353,20.0,22.222222222
1,0.563,0.0185,0.421,0.0528,0,0,18.333333333,22.222222222
1,0.563,0.0185,0.421,0.0528,0,0,18.333333333,22.222222222
1,0.563,0.0185,0.421,0.0528,0,0,18.333333333,22.222222222
1,0.563,0.0185,0.421,0.0528,0,0,18.333333333,22.222222222
1,0.563,0.0185,0.421,0.0528,0,0,18.333333333,22.222222222
1,0.57,0.0266,0.339,0.114,0,0.141,18.333333333,22.222222222
1,0.602,0.0632,0.199,0.261,0,0.223,18.333333333,22.222222222
1,0.621,0.115,0.14,0.321,0,0.218,18.333333333,22.222222222
0.528,0.58,0.0559,0.339,0.13,0,0.203,18.333333333,22.222222222
0.361,0.566,0.0257,0.409,0.063,0,0.0353,20.0,22.222222222
0.444,0.575,0.0543,0.363,0.104,0,0.0353,20.0,22.222222222
0,0.563,0.0185,0.421,0.0528,0,0,20.0,22.222222222
0,0.563,0.0185,0.421,0.0528,0,0,20.0,22.222222222
0,0.563,0.0185,0.421,0.0528,0,0,20.0,22.222222222
0.278,0.597,0.136,0.304,0.15,0,0.267,20.0,22.222222222
0.528,0.653,0.254,0.199,0.242,0,0,20.0,22.222222222
0.667,0.705,0.33,0.14,0.306,0.0833,0.212,20.0,22.222222222
0.667,0.713,0.392,0.14,0.348,0.383,0.247,20.0,22.222222222
0.667,0.702,0.507,0.14,0.433,0,0.283,20.0,22.222222222
0.667,0.68,0.583,0.14,0.547,0,0.0353,20.0,22.222222222
0.667,0.638,0.525,0.14,0.616,0,0.0984,20.0,22.222222222
0.944,0.602,0.364,0.117,0.471,0,0.133,20.0,22.222222222
1,0.565,0.0553,0.339,0.0905,0,0,20.0,22.222222222
1,0.563,0.0185,0.421,0.0528,0,0,20.0,22.222222222
1,0.563,0.0185,0.421,0.0528,0,0,18.333333333,22.222222222
1,0.563,0.0185,0.421,0.0528,0,0,18.333333333,22.222222222
1,0.563,0.0185,0.421,0.0528,0,0,18.333333333,22.222222222
1,0.563,0.0185,0.421,0.0528,0,0,18.333333333,22.222222222
1,0.564,0.0195,0.409,0.0611,0.0833,0,18.333333333,22.222222222
1,0.577,0.0358,0.257,0.177,0.383,0.2,18.333333333,22.222222222
0.972,0.633,0.0978,0.0117,0.435,0,0.429,18.333333333,22.222222222
0.667,0.621,0.115,0.14,0.321,0,0.474,18.333333333,22.222222222
0.639,0.619,0.143,0.152,0.308,0,0.445,18.333333333,22.222222222
0.361,0.595,0.104,0.269,0.191,0,0.153,20.0,22.222222222
0.472,0.604,0.141,0.222,0.226,0,0.292,20.0,22.222222222
0.333,0.592,0.113,0.281,0.171,0,0.196,20.0,22.222222222
0.333,0.592,0.13,0.281,0.17,0,0.318,20.0,22.222222222
0.25,0.586,0.115,0.316,0.14,0,0,20.0,22.222222222
0.333,0.604,0.16,0.281,0.17,0,0.177,20.0,22.222222222
0.444,0.619,0.167,0.281,0.172,0,0.0353,20.0,22.222222222
0.667,0.634,0.174,0.281,0.179,0,0.177,20.0,22.222222222
0.667,0.638,0.205,0.281,0.2,0.467,0.106,20.0,22.222222222
0.667,0.673,0.407,0.199,0.356,0.467,0,20.0,22.222222222
0.667,0.661,0.49,0.187,0.462,0,0,20.0,22.222222222
0.667,0.601,0.272,0.281,0.334,0,0,20.0,22.222222222
0.667,0.571,0.0864,0.363,0.135,0,0,20.0,22.222222222
0.722,0.563,0.0185,0.421,0.0528,0,0,20.0,22.222222222
0.972,0.563,0.0164,0.421,0.0528,0,0,20.0,22.222222222
1,0.563,0.0162,0.421,0.0528,0,0,18.333333333,22.222222222
1,0.563,0.0162,0.421,0.0528,0,0,18.333333333,22.222222222
1,0.563,0.0162,0.421,0.0528,0,0,18.333333333,22.222222222
1,0.563,0.0162,0.421,0.0528,0,0,18.333333333,22.222222222
1,0.563,0.0162,0.421,0.0528,0,0,18.333333333,22.222222222
1,0.571,0.0311,0.292,0.144,0,0.403,18.333333333,22.222222222
0.778,0.58,0.0339,0.316,0.148,0,0.106,18.333333333,22.222222222
0.667,0.618,0.0756,0.152,0.31,0,0.214,18.333333333,22.222222222
0.667,0.621,0.0911,0.14,0.319,0,0.611,18.333333333,22.222222222
0.667,0.621,0.102,0.14,0.311,0,0.38,20.0,22.222222222
0.611,0.616,0.104,0.164,0.279,0,0.281,20.0,22.222222222
0.333,0.592,0.0674,0.281,0.171,0,0.383,20.0,22.222222222
0.333,0.592,0.0745,0.281,0.17,0,0.156,20.0,22.222222222
0.639,0.619,0.136,0.152,0.277,0,0.3,20.0,22.222222222
0.583,0.63,0.139,0.175,0.258,0,0.106,20.0,22.222222222
0.583,0.657,0.17,0.175,0.26,0.233,0.0353,20.0,22.222222222
0.528,0.672,0.189,0.199,0.249,0,0.0707,20.0,22.222222222
0.333,0.638,0.165,0.281,0.195,0,0.177,20.0,22.222222222
0.333,0.634,0.226,0.281,0.235,0,0,20.0,22.222222222
0.333,0.624,0.278,0.281,0.291,0,0.0707,20.0,22.222222222
0.333,0.604,0.269,0.281,0.338,0,0.0909,20.0,22.222222222
0.333,0.584,0.175,0.281,0.258,0,0.135,20.0,22.222222222
0.333,0.565,0.0287,0.409,0.0693,0,0,20.0,22.222222222
0.389,0.563,0.0199,0.398,0.0572,0,0.24,20.0,22.222222222
0.667,0.562,0.0253,0.281,0.0631,0,0.181,18.333333333,22.222222222
0.417,0.563,0.0171,0.386,0.0535,0,0,18.333333333,22.222222222
0.667,0.563,0.0163,0.409,0.0528,0,0,18.333333333,22.222222222
0.972,0.563,0.0162,0.421,0.0528,0,0,18.333333333,22.222222222
1,0.563,0.0175,0.398,0.0579,0,0.106,18.333333333,22.222222222
1,0.572,0.0316,0.281,0.143,0,0.177,18.333333333,22.222222222
1,0.587,0.0398,0.281,0.176,0,0,18.333333333,22.222222222
1,0.593,0.0466,0.281,0.179,0,0.0707,18.333333333,22.222222222
1,0.633,0.103,0.0936,0.338,0,0.234,18.333333333,22.222222222
1,0.653,0.143,0,0.407,0,0.219,20.0,22.222222222
1,0.653,0.159,0,0.39,0,0.207,20.0,22.222222222
1,0.653,0.168,0,0.377,0,0.127,20.0,22.222222222
1,0.653,0.19,0,0.372,0,0.293,20.0,22.222222222
0.861,0.64,0.176,0.0585,0.327,0,0.0707,20.0,22.222222222
0.667,0.642,0.155,0.14,0.266,0.167,0.106,20.0,22.222222222
0.667,0.672,0.191,0.14,0.267,0.3,0.106,20.0,22.222222222
0.667,0.703,0.233,0.14,0.273,0,0.106,20.0,22.222222222
0.833,0.754,0.386,0.0702,0.356,0,0.139,20.0,22.222222222
0.667,0.707,0.431,0.14,0.347,0,0.167,20.0,22.222222222
0.667,0.687,0.536,0.14,0.438,0.417,0.462,20.0,22.222222222
0.667,0.61,0.289,0.269,0.314,0.05,0.169,20.0,22.222222222
0.667,0.585,0.174,0.281,0.245,0,0,20.0,22.222222222
0.889,0.568,0.0695,0.316,0.116,0,0,20.0,22.222222222
1,0.564,0.0213,0.409,0.0587,0,0,20.0,22.222222222
1,0.563,0.0162,0.421,0.0528,0,0,18.333333333,22.222222222
1,0.563,0.0162,0.421,0.0528,0,0,18.333333333,22.222222222
1,0.563,0.0162,0.421,0.0528,0,0,18.333333333,22.222222222
1,0.563,0.0162,0.421,0.0528,0,0,18.333333333,22.222222222
1,0.563,0.0162,0.421,0.0528,0,0,18.333333333,22.222222222
1,0.572,0.031,0.292,0.14,0,0,18.333333333,22.222222222
1,0.609,0.0621,0.152,0.29,0,0.388,18.333333333,22.222222222
0.778,0.602,0.0564,0.234,0.221,0,0.093,18.333333333,22.222222222
0.667,0.598,0.0596,0.257,0.195,0.167,0,18.333333333,22.222222222
0.667,0.623,0.101,0.14,0.289,0.0667,0.247,20.0,22.222222222
0.667,0.623,0.111,0.14,0.277,0,0.283,20.0,22.222222222
0.667,0.623,0.118,0.14,0.269,0,0.106,20.0,22.222222222
0.667,0.623,0.132,0.14,0.266,0.467,0.106,20.0,22.222222222
0.972,0.65,0.197,0.0117,0.363,0,0.106,20.0,22.222222222
0.944,0.675,0.213,0.0234,0.354,0,0,20.0,22.222222222
0.806,0.695,0.228,0.0819,0.312,0,0.0353,20.0,22.222222222
0.556,0.678,0.195,0.187,0.236,0,0.0707,20.0,22.222222222
0.333,0.639,0.163,0.281,0.174,0.667,0.0707,20.0,22.222222222
0.556,0.683,0.366,0.187,0.299,0.533,0.177,20.0,22.222222222
0.667,0.687,0.536,0.14,0.438,0,0.141,20.0,22.222222222
0.667,0.647,0.518,0.14,0.542,0,0.178,20.0,22.222222222
0.417,0.583,0.157,0.304,0.219,0,0,20.0,22.222222222
0.667,0.569,0.0849,0.281,0.134,0,0,20.0,22.222222222
0.667,0.564,0.0213,0.409,0.0587,0,0,20.0,22.222222222
0.667,0.563,0.0162,0.421,0.0528,0,0,18.333333333,22.222222222
0.667,0.563,0.0162,0.421,0.0528,0,0,18.333333333,22.222222222
0.667,0.563,0.0162,0.421,0.0528,0,0,18.333333333,22.222222222
0.972,0.563,0.0162,0.421,0.0528,0,0,18.333333333,22.222222222
1,0.563,0.0162,0.421,0.0528,0,0,18.333333333,22.222222222
1,0.572,0.031,0.292,0.14,0,0.0353,18.333333333,22.222222222
1,0.626,0.0782,0.0585,0.374,0,0.25,18.333333333,22.222222222
0.944,0.646,0.102,0.0234,0.41,0,0.455,18.333333333,22.222222222
0.528,0.611,0.0747,0.199,0.247,0,0.0707,18.333333333,22.222222222
0.472,0.606,0.0764,0.222,0.22,0,0,20.0,22.222222222
0.667,0.623,0.111,0.14,0.277,0,0,20.0,22.222222222
0.444,0.603,0.0837,0.234,0.197,0,0.318,20.0,22.222222222
0.333,0.593,0.074,0.281,0.159,0,0.338,20.0,22.222222222
0.333,0.593,0.078,0.281,0.159,0,0.212,20.0,22.222222222
0.333,0.603,0.0858,0.281,0.159,0,0.106,20.0,22.222222222
0.333,0.618,0.103,0.281,0.16,0,0.0353,20.0,22.222222222
0.472,0.663,0.171,0.222,0.209,0,0,20.0,22.222222222
0.667,0.715,0.31,0.14,0.295,0,0.0707,20.0,22.222222222
0.667,0.707,0.431,0.14,0.347,0,0.0353,20.0,22.222222222
0.667,0.687,0.536,0.14,0.438,0,0,20.0,22.222222222
0.806,0.664,0.622,0.0819,0.646,0,0.383,20.0,22.222222222
1,0.609,0.352,0.129,0.459,0,0.0353,20.0,22.222222222
1,0.57,0.0973,0.269,0.149,0,0,20.0,22.222222222
1,0.564,0.0213,0.409,0.0587,0,0,20.0,22.222222222
1,0.563,0.0162,0.421,0.0528,0,0,18.333333333,22.222222222
1,0.563,0.0162,0.421,0.0528,0,0,18.333333333,22.222222222
1,0.563,0.0162,0.421,0.0528,0,0,18.333333333,22.222222222
0.694,0.563,0.0174,0.363,0.0532,0,0.0353,18.333333333,22.222222222
0.972,0.561,0.031,0.152,0.109,0.467,0.283,18.333333333,22.222222222
1,0.58,0.0471,0.14,0.233,0,0.584,18.333333333,22.222222222
1,0.61,0.0634,0.14,0.298,0,0.34,18.333333333,22.222222222
1,0.642,0.0976,0.0468,0.389,0,0.0353,18.333333333,22.222222222
1,0.653,0.127,0,0.42,0,0,18.333333333,22.222222222
1,0.653,0.143,0,0.407,0.467,0.106,20.0,22.222222222
0.694,0.625,0.115,0.129,0.287,0,0.0707,20.0,22.222222222
0.611,0.591,0.0625,0.292,0.152,0,0.0353,20.0,22.222222222
0.639,0.591,0.0698,0.292,0.15,0,0.212,20.0,22.222222222
0.667,0.593,0.078,0.281,0.159,0,0.148,20.0,22.222222222
0.667,0.619,0.115,0.222,0.203,0.233,0.247,20.0,22.222222222
0.667,0.672,0.191,0.14,0.267,0,0.0353,20.0,22.222222222
0.667,0.703,0.233,0.14,0.273,0,0,20.0,22.222222222
0.444,0.664,0.21,0.234,0.213,0,0.149,20.0,22.222222222
0.333,0.635,0.224,0.281,0.2,0,0,20.0,22.222222222
0.639,0.681,0.518,0.152,0.425,0,0.268,20.0,22.222222222
0.667,0.63,0.414,0.199,0.438,0,0.175,20.0,22.222222222
0.667,0.585,0.174,0.281,0.245,0,0.106,20.0,22.222222222
0.667,0.569,0.0849,0.281,0.134,0,0,20.0,22.222222222
0.667,0.563,0.0477,0.281,0.0829,0,0,20.0,22.222222222
0.667,0.563,0.0207,0.409,0.055,0,0,18.333333333,22.222222222
0.667,0.563,0.0185,0.421,0.0528,0,0,18.333333333,22.222222222
0.889,0.563,0.0184,0.327,0.0528,0,0.141,18.333333333,22.222222222
1,0.563,0.0185,0.409,0.0528,0,0,18.333333333,22.222222222
1,0.563,0.0203,0.363,0.0655,0,0.137,18.333333333,22.222222222
1,0.572,0.0295,0.281,0.143,0,0.346,18.333333333,22.222222222
1,0.587,0.0431,0.281,0.176,0,0.14,18.333333333,22.222222222
1,0.647,0.149,0.0234,0.41,0,0.433,18.333333333,22.222222222
1,0.653,0.205,0,0.42,0,0.477,18.333333333,22.222222222
0.639,0.62,0.163,0.152,0.28,0,0.106,20.0,22.222222222
0.194,0.581,0.0675,0.339,0.119,0,0.0353,20.0,22.222222222
0.0556,0.568,0.0338,0.398,0.0707,0,0,20.0,22.222222222
0.333,0.593,0.127,0.281,0.159,0,0.0353,20.0,22.222222222
0.333,0.593,0.143,0.281,0.159,0,0.141,20.0,22.222222222
0.167,0.583,0.087,0.351,0.106,0,0.0353,20.0,22.222222222
0.639,0.669,0.299,0.152,0.258,0,0.173,20.0,22.222222222
0.833,0.739,0.397,0.0702,0.329,0,0.335,20.0,22.222222222
0.667,0.703,0.344,0.164,0.274,0,0.141,20.0,22.222222222
0.667,0.635,0.252,0.281,0.2,0,0.0707,20.0,22.222222222
0.667,0.625,0.297,0.281,0.245,0,0,20.0,22.222222222
0.667,0.605,0.28,0.281,0.297,0,0,20.0,22.222222222
0.667,0.585,0.188,0.281,0.245,0,0.302,20.0,22.222222222
0.667,0.567,0.0671,0.339,0.104,0,0.196,20.0,22.222222222
0.889,0.563,0.0362,0.327,0.0704,0,0.192,20.0,22.222222222
1,0.563,0.0233,0.374,0.0572,0,0.171,18.333333333,22.222222222
1,0.563,0.0185,0.421,0.0528,0,0,18.333333333,22.222222222
1,0.563,0.0185,0.421,0.0528,0,0,18.333333333,22.222222222
1,0.563,0.0185,0.421,0.0528,0,0,18.333333333,22.222222222
1,0.563,0.0185,0.421,0.0528,0,0,18.333333333,22.222222222
1,0.563,0.0185,0.421,0.0528,0,0,18.333333333,22.222222222
1,0.586,0.0421,0.292,0.168,0,0.212,18.333333333,22.222222222
0.694,0.62,0.106,0.152,0.294,0,0.441,18.333333333,22.222222222
0.444,0.603,0.1,0.234,0.216,0,0.267,18.333333333,22.222222222
0.333,0.593,0.0943,0.281,0.171,0,0.523,20.0,22.222222222
0.194,0.581,0.0675,0.339,0.119,0,0,20.0,22.222222222
0,0.563,0.0185,0.421,0.0528,0,0,20.0,22.222222222
0,0.563,0.0185,0.421,0.0528,0,0,20.0,22.222222222
0,0.563,0.0185,0.421,0.0528,0,0,20.0,22.222222222
0,0.563,0.0185,0.421,0.0528,0,0,20.0,22.222222222
0,0.563,0.0185,0.421,0.0528,0,0,20.0,22.222222222
0.222,0.611,0.12,0.327,0.126,0,0.0353,20.0,22.222222222
0.333,0.639,0.196,0.281,0.174,0,0.0707,20.0,22.222222222
0.472,0.665,0.352,0.222,0.262,0,0.14,20.0,22.222222222
0.667,0.631,0.317,0.269,0.258,0,0.0707,20.0,22.222222222
0.667,0.605,0.28,0.281,0.297,0,0.0353,20.0,22.222222222
0.806,0.585,0.188,0.281,0.245,0,0.221,20.0,22.222222222
1,0.567,0.0671,0.339,0.104,0,0.0646,20.0,22.222222222
1,0.563,0.0164,0.421,0.0528,0,0,20.0,22.222222222
1,0.563,0.0162,0.421,0.0528,0,0,18.333333333,22.222222222
1,0.563,0.0162,0.421,0.0528,0,0,18.333333333,22.222222222
1,0.563,0.0162,0.421,0.0528,0,0,18.333333333,22.222222222
1,0.562,0.0187,0.292,0.0536,0,0.378,18.333333333,22.222222222
1,0.562,0.0237,0.281,0.0808,0,0.332,18.333333333,22.222222222
1,0.575,0.0384,0.222,0.182,0.467,0.0353,18.333333333,22.222222222
0.694,0.587,0.0412,0.269,0.183,0,0,18.333333333,22.222222222
0.667,0.605,0.0595,0.222,0.231,0,0,18.333333333,22.222222222
0.667,0.623,0.0904,0.14,0.297,0,0.0752,18.333333333,22.222222222
0.667,0.608,0.0796,0.211,0.23,0,0.0641,20.0,22.222222222
0.667,0.623,0.111,0.14,0.277,0,0.287,20.0,22.222222222
0.667,0.623,0.118,0.14,0.269,0,0.199,20.0,22.222222222
0.361,0.596,0.0782,0.269,0.168,0,0.212,20.0,22.222222222
0.389,0.583,0.0573,0.327,0.124,0.233,0,20.0,22.222222222
0.528,0.625,0.126,0.199,0.221,0,0.0353,20.0,22.222222222
0.333,0.618,0.103,0.281,0.16,0,0.106,20.0,22.222222222
0.417,0.651,0.152,0.246,0.191,0,0.141,20.0,22.222222222
0.333,0.639,0.163,0.281,0.174,0,0.283,20.0,22.222222222
0.556,0.683,0.366,0.187,0.299,0.467,0.259,20.0,22.222222222
0.667,0.687,0.536,0.14,0.438,0,0,20.0,22.222222222
0.667,0.647,0.518,0.14,0.542,0,0.141,20.0,22.222222222
0.972,0.594,0.244,0.222,0.329,0,0.116,20.0,22.222222222
1,0.563,0.0162,0.421,0.0528,0,0,20.0,22.222222222
1,0.563,0.0162,0.421,0.0528,0,0,20.0,22.222222222
1,0.563,0.0162,0.421,0.0528,0,0,18.333333333,22.222222222
1,0.563,0.0162,0.421,0.0528,0,0,18.333333333,22.222222222
1,0.562,0.016,0.292,0.0528,0,0,18.333333333,22.222222222
1,0.563,0.0173,0.351,0.0532,0,0.0353,18.333333333,22.222222222
1,0.562,0.0237,0.281,0.0808,0,0.177,18.333333333,22.222222222
1,0.575,0.0384,0.222,0.182,0,0.292,18.333333333,22.222222222
0.917,0.604,0.0573,0.175,0.267,0,0.166,18.333333333,22.222222222
1,0.649,0.105,0.0117,0.42,0,0.162,18.333333333,22.222222222
0.694,0.625,0.0929,0.129,0.308,0,0.353,18.333333333,22.222222222
0.528,0.611,0.0832,0.199,0.24,0,0.247,20.0,22.222222222
0.556,0.613,0.0958,0.187,0.24,0,0,20.0,22.222222222
0.667,0.623,0.118,0.14,0.269,0,0.0707,20.0,22.222222222
0.444,0.603,0.0928,0.234,0.195,0,0.283,20.0,22.222222222
0.333,0.593,0.078,0.281,0.159,0,0,20.0,22.222222222
0.556,0.629,0.133,0.187,0.23,0,0,20.0,22.222222222
0.361,0.621,0.109,0.269,0.169,0,0.141,20.0,22.222222222
0.333,0.633,0.125,0.281,0.163,0.467,0.0707,20.0,22.222222222
0.333,0.639,0.163,0.281,0.174,0,0.0353,20.0,22.222222222
0.333,0.635,0.224,0.281,0.2,0,0,20.0,22.222222222
0.167,0.595,0.144,0.351,0.147,0,0,20.0,22.222222222
0.556,0.632,0.434,0.187,0.463,0,0.274,20.0,22.222222222
0.667,0.598,0.269,0.199,0.36,0,0,20.0,22.222222222
0.889,0.57,0.1,0.246,0.151,0,0.114,20.0,22.222222222
1,0.563,0.0324,0.339,0.0719,0,0.109,20.0,22.222222222
1,0.563,0.0162,0.421,0.0528,0,0,18.333333333,22.222222222
1,0.563,0.0162,0.421,0.0528,0,0,18.333333333,22.222222222
1,0.563,0.0162,0.421,0.0528,0,0,18.333333333,22.222222222
1,0.563,0.0162,0.421,0.0528,0,0,18.333333333,22.222222222
1,0.563,0.0162,0.421,0.0528,0,0,18.333333333,22.222222222
1,0.572,0.031,0.292,0.14,0.717,0.0353,18.333333333,22.222222222
0.75,0.568,0.0216,0.386,0.0816,0,0.238,18.333333333,22.222222222
0.861,0.595,0.0492,0.269,0.189,0.417,0.213,18.333333333,22.222222222
0.667,0.591,0.0507,0.292,0.165,0.05,0.419,18.333333333,22.222222222
0.667,0.593,0.0586,0.281,0.171,0,0.0408,20.0,22.222222222
0.528,0.581,0.0438,0.339,0.119,0,0,20.0,22.222222222
0.389,0.568,0.0247,0.398,0.0707,0,0.0353,20.0,22.222222222
0.889,0.613,0.113,0.187,0.23,0,0.106,20.0,22.222222222
0.556,0.583,0.057,0.327,0.124,0,0.247,20.0,22.222222222
0.333,0.6,0.0806,0.292,0.15,0,0.0353,20.0,22.222222222
0.389,0.627,0.118,0.257,0.178,0,0.0353,20.0,22.222222222
0.667,0.703,0.233,0.14,0.273,0,0.0707,20.0,22.222222222
0.667,0.715,0.31,0.14,0.295,0.417,0.0707,20.0,22.222222222
0.667,0.707,0.431,0.14,0.347,0.3,0.0707,20.0,22.222222222
0.667,0.687,0.536,0.14,0.438,0,0.0707,20.0,22.222222222
0.806,0.664,0.622,0.0819,0.646,0,0.0663,20.0,22.222222222
1,0.619,0.426,0.0585,0.553,0,0.125,20.0,22.222222222
1,0.573,0.143,0.164,0.202,0,0.256,20.0,22.222222222
1,0.563,0.0268,0.374,0.0653,0,0,20.0,22.222222222
1,0.563,0.0162,0.421,0.0528,0,0,18.333333333,22.222222222
1,0.563,0.0162,0.421,0.0528,0,0,18.333333333,22.222222222
1,0.563,0.0162,0.421,0.0528,0,0,18.333333333,22.222222222
1,0.563,0.0162,0.421,0.0528,0,0,18.333333333,22.222222222
0.694,0.563,0.0162,0.421,0.0528,0,0,18.333333333,22.222222222
0.667,0.567,0.0229,0.363,0.0925,0,0.0996,18.333333333,22.222222222
0.972,0.632,0.0843,0.0234,0.405,0,0.252,18.333333333,22.222222222
0.694,0.624,0.079,0.129,0.315,0,0.0707,18.333333333,22.222222222
0.667,0.623,0.0904,0.14,0.297,0,0.212,18.333333333,22.222222222
0.667,0.623,0.101,0.14,0.289,0,0.176,20.0,22.222222222
0.611,0.618,0.103,0.164,0.259,0,0.19,20.0,22.222222222
0.333,0.593,0.067,0.281,0.161,0,0,20.0,22.222222222
0.333,0.593,0.074,0.281,0.159,0,0.212,20.0,22.222222222
0.333,0.593,0.078,0.281,0.159,0,0.141,20.0,22.222222222
0.333,0.603,0.0858,0.281,0.159,0,0,20.0,22.222222222
0.333,0.618,0.103,0.281,0.16,0,0.177,20.0,22.222222222
0.333,0.633,0.125,0.281,0.163,0,0.212,20.0,22.222222222
0.389,0.652,0.188,0.257,0.194,0,0.353,20.0,22.222222222
0.667,0.707,0.431,0.14,0.347,0,0.0353,20.0,22.222222222
0.667,0.687,0.536,0.14,0.438,0,0,20.0,22.222222222
0.667,0.647,0.518,0.14,0.542,0,0,20.0,22.222222222
0.667,0.598,0.269,0.199,0.36,0,0,20.0,22.222222222
0.972,0.565,0.0286,0.409,0.0684,0,0,20.0,22.222222222
1,0.563,0.0162,0.421,0.0528,0,0,20.0,22.222222222
1,0.563,0.0162,0.421,0.0528,0,0,18.333333333,22.222222222
1,0.563,0.0162,0.421,0.0528,0,0,18.333333333,22.222222222
1,0.563,0.0162,0.421,0.0528,0,0,18.333333333,22.222222222
1,0.563,0.0162,0.421,0.0528,0,0,18.333333333,22.222222222
1,0.563,0.0162,0.421,0.0528,0,0,18.333333333,22.222222222
1,0.563,0.0162,0.421,0.0528,0,0,18.333333333,22.222222222
1,0.586,0.0385,0.292,0.168,0,0,18.333333333,22.222222222
1,0.593,0.0466,0.281,0.179,0,0.0353,18.333333333,22.222222222
1,0.593,0.0533,0.281,0.175,0,0.353,18.333333333,22.222222222
0.778,0.628,0.109,0.117,0.308,0,0.361,20.0,22.222222222
0.667,0.623,0.111,0.14,0.277,0.233,0.106,20.0,22.222222222
0.667,0.623,0.118,0.14,0.269,0.417,0.141,20.0,22.222222222
0.667,0.623,0.132,0.14,0.266,0.05,0.247,20.0,22.222222222
0.583,0.615,0.124,0.175,0.239,0,0.212,20.0,22.222222222
0.361,0.605,0.091,0.269,0.168,0,0.177,20.0,22.222222222
0.611,0.664,0.178,0.164,0.249,0,0.112,20.0,22.222222222
0.694,0.708,0.241,0.129,0.282,0.233,0.0353,20.0,22.222222222
0.806,0.747,0.373,0.0819,0.345,0,0.0353,20.0,22.222222222
0.861,0.749,0.55,0.0585,0.432,0,0,20.0,22.222222222
0.667,0.687,0.536,0.14,0.438,0,0,20.0,22.222222222
0.667,0.647,0.518,0.14,0.542,0,0,20.0,22.222222222
0.667,0.606,0.331,0.14,0.438,0,0,20.0,22.222222222
0.806,0.57,0.0973,0.269,0.149,0,0,20.0,22.222222222
1,0.564,0.0235,0.409,0.0587,0,0,20.0,22.222222222
1,0.563,0.0185,0.421,0.0528,0,0,18.333333333,22.222222222
1,0.563,0.0185,0.421,0.0528,0,0,18.333333333,22.222222222
1,0.563,0.0185,0.421,0.0528,0,0,18.333333333,22.222222222
1,0.563,0.0185,0.421,0.0528,0,0,18.333333333,22.222222222
1,0.562,0.0224,0.292,0.0807,0,0.534,18.333333333,22.222222222
0.694,0.567,0.0237,0.351,0.095,0,0.141,18.333333333,22.222222222
0.667,0.587,0.0431,0.281,0.176,0,0.0353,18.333333333,22.222222222
0.667,0.62,0.106,0.152,0.294,0,0.352,18.333333333,22.222222222
0.361,0.596,0.0846,0.269,0.186,0,0,18.333333333,22.222222222
0.111,0.573,0.0431,0.374,0.0924,0,0.0353,20.0,22.222222222
0,0.563,0.0185,0.421,0.0528,0,0,20.0,22.222222222
0.222,0.583,0.0797,0.327,0.125,0,0.0707,20.0,22.222222222
0.0278,0.566,0.0262,0.409,0.0618,0,0,20.0,22.222222222
0.222,0.583,0.102,0.327,0.124,0,0.177,20.0,22.222222222
0.333,0.603,0.157,0.281,0.159,0,0.106,20.0,22.222222222
0.389,0.627,0.189,0.257,0.178,0,0.0707,20.0,22.222222222
0.361,0.638,0.182,0.269,0.172,0,0.283,20.0,22.222222222
0.389,0.582,0.0612,0.386,0.0823,0,0.173,20.0,22.222222222
0.667,0.635,0.252,0.281,0.2,0,0.282,20.0,22.222222222
0.667,0.625,0.297,0.281,0.245,0,0,20.0,22.222222222
0.667,0.642,0.518,0.152,0.526,0,0,20.0,22.222222222
0.667,0.588,0.21,0.269,0.266,0,0,20.0,22.222222222
0.667,0.569,0.0964,0.281,0.134,0,0,20.0,22.222222222
0.667,0.563,0.0376,0.339,0.0719,0,0.104,20.0,22.222222222
0.667,0.563,0.0185,0.421,0.0528,0,0,18.333333333,22.222222222
0.667,0.563,0.0185,0.421,0.0528,0,0,18.333333333,22.222222222
0.667,0.563,0.0185,0.421,0.0528,0,0,18.333333333,22.222222222
0.972,0.563,0.0185,0.421,0.0528,0,0,18.333333333,22.222222222
1,0.563,0.0185,0.421,0.0528,0,0,18.333333333,22.222222222
1,0.572,0.0292,0.292,0.14,0,0.177,18.333333333,22.222222222
0.694,0.564,0.0195,0.409,0.0607,0,0,18.333333333,22.222222222
0.667,0.563,0.0185,0.421,0.0528,0,0,18.333333333,22.222222222
0.361,0.591,0.0768,0.292,0.165,0.467,0.247,18.333333333,22.222222222
0.333,0.593,0.0943,0.281,0.171,0,0.27,20.0,22.222222222
0.556,0.593,0.103,0.281,0.165,0,0.139,20.0,22.222222222
0.667,0.613,0.171,0.187,0.233,0.233,0.308,20.0,22.222222222
0.528,0.611,0.189,0.199,0.221,0,0.324,20.0,22.222222222
0.333,0.566,0.0277,0.409,0.0617,0,0,20.0,22.222222222
0.333,0.6,0.146,0.292,0.15,0.667,0.177,20.0,22.222222222
0.472,0.641,0.226,0.222,0.205,0.283,0.0353,20.0,22.222222222
0.667,0.703,0.321,0.14,0.273,0,0.0353,20.0,22.222222222
0.667,0.715,0.374,0.14,0.295,0,0.177,20.0,22.222222222
0.667,0.707,0.486,0.14,0.347,0,0.247,20.0,22.222222222
0.667,0.687,0.575,0.14,0.438,0,0.103,20.0,22.222222222
0.667,0.62,0.368,0.234,0.376,0,0.208,20.0,22.222222222
0.667,0.585,0.188,0.281,0.245,0,0.141,20.0,22.222222222
0.667,0.566,0.0495,0.374,0.0862,0,0.0139,20.0,22.222222222
0.667,0.563,0.0164,0.421,0.0528,0,0,20.0,22.222222222
0.667,0.563,0.0162,0.421,0.0528,0,0,18.333333333,22.222222222
0.806,0.563,0.0162,0.421,0.0528,0,0,18.333333333,22.222222222
1,0.563,0.0162,0.421,0.0528,0,0,18.333333333,22.222222222
1,0.563,0.0162,0.421,0.0528,0,0,18.333333333,22.222222222
1,0.563,0.0175,0.398,0.0579,0,0.18,18.333333333,22.222222222
1,0.572,0.0316,0.281,0.143,0,0,18.333333333,22.222222222
1,0.587,0.0398,0.281,0.176,0,0.262,18.333333333,22.222222222
1,0.62,0.075,0.152,0.294,0,0.45,18.333333333,22.222222222
0.778,0.603,0.0653,0.234,0.216,0.917,0.27,18.333333333,22.222222222
0.972,0.648,0.137,0.0234,0.387,1,0.382,20.0,22.222222222
0.944,0.648,0.151,0.0234,0.371,0,0.171,20.0,22.222222222
0.667,0.623,0.118,0.14,0.269,0,0.209,20.0,22.222222222
0.667,0.623,0.132,0.14,0.266,0,0.326,20.0,22.222222222
0.667,0.623,0.14,0.14,0.265,0,0.444,20.0,22.222222222
0.889,0.669,0.202,0.0468,0.336,0,0.0707,20.0,22.222222222
1,0.727,0.278,0,0.374,0.233,0.0707,20.0,22.222222222
1,0.773,0.342,0,0.384,0,0.212,20.0,22.222222222
0.694,0.721,0.32,0.129,0.304,0,0,20.0,22.222222222
0.667,0.707,0.431,0.14,0.347,0,0.0353,20.0,22.222222222
0.667,0.687,0.536,0.14,0.438,0,0,20.0,22.222222222
0.722,0.647,0.518,0.14,0.542,0,0,20.0,22.222222222
1,0.606,0.331,0.14,0.438,0,0.252,20.0,22.222222222
1,0.569,0.0717,0.327,0.12,0,0.0728,20.0,22.222222222
1,0.563,0.0162,0.421,0.0528,0,0,20.0,22.222222222
1,0.563,0.0162,0.421,0.0528,0,0,18.333333333,22.222222222
1,0.563,0.0162,0.421,0.0528,0,0,18.333333333,22.222222222
1,0.563,0.0162,0.421,0.0528,0,0,18.333333333,22.222222222
1,0.563,0.0162,0.421,0.0528,0,0,18.333333333,22.222222222
1,0.563,0.0162,0.421,0.0528,0,0,18.333333333,22.222222222
0.944,0.568,0.0243,0.351,0.1,0,0.0714,18.333333333,22.222222222
0.667,0.586,0.0385,0.292,0.168,0,0.0707,18.333333333,22.222222222
0.667,0.62,0.075,0.152,0.294,0,0.212,18.333333333,22.222222222
0.667,0.623,0.0904,0.14,0.297,0.233,0.329,18.333333333,22.222222222
0.667,0.623,0.101,0.14,0.289,0,0.141,20.0,22.222222222
0.5,0.608,0.0874,0.211,0.222,0.233,0.212,20.0,22.222222222
0.528,0.611,0.0964,0.199,0.224,0,0.0353,20.0,22.222222222
0.389,0.598,0.0837,0.257,0.177,0.167,0.0353,20.0,22.222222222
0.722,0.628,0.15,0.117,0.283,0.55,0.273,20.0,22.222222222
0.861,0.664,0.196,0.0585,0.328,0,0.243,20.0,22.222222222
0.361,0.621,0.109,0.269,0.169,0,0,20.0,22.222222222
0.861,0.746,0.299,0.0585,0.338,0,0.124,20.0,22.222222222
0.861,0.759,0.395,0.0585,0.365,0,0,20.0,22.222222222
0.667,0.707,0.431,0.14,0.347,0,0.0353,20.0,22.222222222
0.667,0.687,0.536,0.14,0.438,0,0.0707,20.0,22.222222222
0.667,0.647,0.518,0.14,0.542,0,0,20.0,22.222222222
0.722,0.602,0.306,0.164,0.407,0,0.0465,20.0,22.222222222
1,0.567,0.0593,0.339,0.104,0,0,20.0,22.222222222
1,0.563,0.0162,0.421,0.0528,0,0,20.0,22.222222222
1,0.563,0.0162,0.421,0.0528,0,0,18.333333333,22.222222222
1,0.563,0.0162,0.421,0.0528,0,0,18.333333333,22.222222222
1,0.563,0.0161,0.363,0.0528,0,0,18.333333333,22.222222222
1,0.563,0.0162,0.409,0.0528,0,0,18.333333333,22.222222222
1,0.562,0.0228,0.304,0.0782,0,0.158,18.333333333,22.222222222
0.944,0.578,0.0444,0.164,0.217,0,0.332,18.333333333,22.222222222
0.833,0.599,0.0519,0.211,0.238,0,0.164,18.333333333,22.222222222
0.667,0.593,0.0466,0.281,0.179,0,0.293,18.333333333,22.222222222
0.667,0.593,0.0533,0.281,0.175,0.467,0.0353,18.333333333,22.222222222
0.667,0.62,0.0979,0.152,0.279,0,0.315,20.0,22.222222222
0.667,0.623,0.111,0.14,0.277,0,0.181,20.0,22.222222222
0.583,0.603,0.0837,0.234,0.197,0,0.106,20.0,22.222222222
0.667,0.593,0.074,0.281,0.159,0,0.0707,20.0,22.222222222
0.361,0.566,0.0211,0.409,0.0617,0,0,20.0,22.222222222
0.333,0.563,0.0162,0.421,0.0528,0,0,20.0,22.222222222
0.556,0.601,0.0754,0.327,0.124,0,0.141,20.0,22.222222222
0.667,0.699,0.226,0.152,0.264,0,0.106,20.0,22.222222222
0.667,0.715,0.31,0.14,0.295,0,0,20.0,22.222222222
0.667,0.707,0.431,0.14,0.347,0,0,20.0,22.222222222
0.667,0.687,0.536,0.14,0.438,0,0,20.0,22.222222222
0.667,0.647,0.518,0.14,0.542,0,0.106,20.0,22.222222222
0.972,0.611,0.368,0.105,0.485,0.233,0.316,20.0,22.222222222
1,0.574,0.154,0.14,0.214,0,0,20.0,22.222222222
1,0.563,0.0467,0.269,0.0888,0,0,20.0,22.222222222
1,0.562,0.0253,0.281,0.0631,0,0,18.333333333,22.222222222
1,0.563,0.0169,0.409,0.0535,0,0,18.333333333,22.222222222
1,0.563,0.0162,0.421,0.0528,0,0,18.333333333,22.222222222
1,0.563,0.0162,0.421,0.0528,0,0,18.333333333,22.222222222
1,0.563,0.0195,0.363,0.0655,0,0.0353,18.333333333,22.222222222
1,0.58,0.0464,0.152,0.23,0.717,0.233,18.333333333,22.222222222
0.778,0.594,0.0472,0.234,0.215,0,0.0707,18.333333333,22.222222222
0.917,0.615,0.0698,0.175,0.273,0.233,0.212,18.333333333,22.222222222
0.667,0.593,0.0533,0.281,0.175,0,0.267,18.333333333,22.222222222
0.667,0.593,0.0586,0.281,0.171,0,0.464,20.0,22.222222222
0.667,0.593,0.0638,0.281,0.165,0,0.393,20.0,22.222222222
0.667,0.593,0.067,0.281,0.161,0,0.281,20.0,22.222222222
0.667,0.593,0.074,0.281,0.159,0,0.168,20.0,22.222222222
0.361,0.593,0.078,0.281,0.159,0,0.286,20.0,22.222222222
0.333,0.603,0.0858,0.281,0.159,0,0,20.0,22.222222222
0.333,0.618,0.103,0.281,0.16,0,0,20.0,22.222222222
0.333,0.633,0.125,0.281,0.163,0,0.0707,20.0,22.222222222
0.333,0.639,0.163,0.281,0.174,0,0.0707,20.0,22.222222222
0.639,0.7,0.419,0.152,0.337,0,0,20.0,22.222222222
0.667,0.687,0.536,0.14,0.438,0,0,20.0,22.222222222
0.667,0.63,0.414,0.199,0.438,0,0,20.0,22.222222222
0.722,0.588,0.198,0.257,0.277,0,0,20.0,22.222222222
1,0.57,0.0973,0.269,0.149,0,0,20.0,22.222222222
1,0.564,0.0213,0.409,0.0587,0,0,20.0,22.222222222
1,0.563,0.0162,0.421,0.0528,0,0,18.333333333,22.222222222
1,0.562,0.0174,0.292,0.0528,0,0.0353,18.333333333,22.222222222
1,0.563,0.0162,0.339,0.0528,0,0,18.333333333,22.222222222
1,0.563,0.0162,0.421,0.0528,0,0,18.333333333,22.222222222
1,0.563,0.0162,0.421,0.0528,0,0,18.333333333,22.222222222
1,0.563,0.0162,0.421,0.0528,0,0,18.333333333,22.222222222
1,0.586,0.0385,0.292,0.168,0.467,0.0707,18.333333333,22.222222222
1,0.62,0.075,0.152,0.294,0.417,0.278,18.333333333,22.222222222
0.444,0.601,0.0621,0.246,0.206,0.05,0.141,18.333333333,22.222222222
0.667,0.623,0.101,0.14,0.289,0,0,20.0,22.222222222
0.611,0.606,0.0834,0.222,0.212,0,0.0353,20.0,22.222222222
0.333,0.591,0.0629,0.292,0.151,0.233,0,20.0,22.222222222
0.639,0.62,0.128,0.152,0.257,0,0.177,20.0,22.222222222
0.806,0.635,0.166,0.0819,0.31,0,0.247,20.0,22.222222222
0.694,0.644,0.161,0.129,0.274,0,0.106,20.0,22.222222222
0.667,0.672,0.191,0.14,0.267,0,0.0353,20.0,22.222222222
0.528,0.674,0.187,0.199,0.227,0,0.0353,20.0,22.222222222
0.417,0.658,0.201,0.246,0.204,0,0.322,20.0,22.222222222
0.333,0.635,0.224,0.281,0.2,0,0.106,20.0,22.222222222
0.639,0.681,0.518,0.152,0.425,0.667,0,20.0,22.222222222
0.667,0.647,0.518,0.14,0.542,0.05,0.0707,20.0,22.222222222
0.667,0.588,0.194,0.269,0.266,0,0,20.0,22.222222222
0.667,0.57,0.116,0.211,0.169,0,0.0353,20.0,22.222222222
0.667,0.564,0.0235,0.409,0.0587,0,0,20.0,22.222222222
0.806,0.563,0.0228,0.363,0.0565,0,0.146,18.333333333,22.222222222
1,0.563,0.0201,0.374,0.0535,0,0.106,18.333333333,22.222222222
1,0.563,0.0185,0.421,0.0528,0,0,18.333333333,22.222222222
0.694,0.563,0.0185,0.421,0.0528,0,0,18.333333333,22.222222222
0.667,0.563,0.0192,0.398,0.0579,0,0.212,18.333333333,22.222222222
0.889,0.586,0.048,0.0585,0.294,0,0.461,18.333333333,22.222222222
1,0.633,0.0922,0,0.421,0,0.548,18.333333333,22.222222222
0.861,0.639,0.133,0.0585,0.378,0,0.451,18.333333333,22.222222222
0.361,0.596,0.0846,0.269,0.186,0,0.142,18.333333333,22.222222222
0.278,0.588,0.0815,0.304,0.151,0,0.287,20.0,22.222222222
0,0.563,0.0185,0.421,0.0528,0,0,20.0,22.222222222
0,0.563,0.0185,0.421,0.0528,0,0,20.0,22.222222222
0,0.563,0.0185,0.421,0.0528,0,0,20.0,22.222222222
0,0.563,0.0185,0.421,0.0528,0,0,20.0,22.222222222
0.306,0.6,0.146,0.292,0.15,0.233,0.141,20.0,22.222222222
0.111,0.581,0.0668,0.374,0.0885,0,0,20.0,22.222222222
0.167,0.599,0.0945,0.351,0.108,0,0.0353,20.0,22.222222222
0,0.563,0.0185,0.421,0.0528,0,0,20.0,22.222222222
0.306,0.629,0.237,0.292,0.19,0,0.141,20.0,22.222222222
0.333,0.625,0.297,0.281,0.245,0,0,20.0,22.222222222
0.944,0.642,0.518,0.152,0.526,0,0.216,20.0,22.222222222
1,0.585,0.183,0.292,0.235,0,0,20.0,22.222222222
1,0.563,0.0185,0.421,0.0528,0,0,20.0,22.222222222
1,0.563,0.0185,0.421,0.0528,0,0,20.0,22.222222222
1,0.563,0.0185,0.421,0.0528,0,0,18.333333333,22.222222222
1,0.563,0.0185,0.421,0.0528,0,0,18.333333333,22.222222222
1,0.563,0.0185,0.421,0.0528,0,0,18.333333333,22.222222222
1,0.563,0.0185,0.421,0.0528,0,0,18.333333333,22.222222222
1,0.563,0.0185,0.421,0.0528,0,0,18.333333333,22.222222222
1,0.563,0.0185,0.421,0.0528,0,0,18.333333333,22.222222222
1,0.574,0.0292,0.363,0.105,0,0.0353,18.333333333,22.222222222
1,0.605,0.0827,0.222,0.231,0,0.536,18.333333333,22.222222222
0.639,0.618,0.132,0.164,0.277,0,0.248,18.333333333,22.222222222
0.639,0.62,0.165,0.152,0.279,0,0.249,20.0,22.222222222
0.222,0.583,0.0739,0.327,0.128,0,0,20.0,22.222222222
0,0.563,0.0185,0.421,0.0528,0,0,20.0,22.222222222
0.139,0.576,0.0642,0.363,0.0971,0.417,0.141,20.0,22.222222222
0.194,0.581,0.0906,0.339,0.115,0.05,0.0353,20.0,22.222222222
0.167,0.583,0.0882,0.351,0.106,0,0.0707,20.0,22.222222222
0.306,0.614,0.153,0.292,0.151,0,0.318,20.0,22.222222222
0.639,0.699,0.309,0.152,0.264,0,0.106,20.0,22.222222222
0.667,0.715,0.374,0.14,0.295,0,0.106,20.0,22.222222222
0.667,0.707,0.486,0.14,0.347,0,0.0353,20.0,22.222222222
0.667,0.687,0.575,0.14,0.438,0,0.0353,20.0,22.222222222
0.889,0.64,0.498,0.164,0.501,0,0.203,20.0,22.222222222
1,0.567,0.0402,0.409,0.0736,0,0,20.0,22.222222222
1,0.563,0.0185,0.421,0.0528,0,0,20.0,22.222222222
1,0.563,0.0164,0.421,0.0528,0,0,20.0,22.222222222
1,0.563,0.0162,0.421,0.0528,0,0,18.333333333,22.222222222
1,0.563,0.0162,0.421,0.0528,0,0,18.333333333,22.222222222
1,0.563,0.0162,0.421,0.0528,0,0,18.333333333,22.222222222
1,0.562,0.0187,0.292,0.0536,0.233,0.0707,18.333333333,22.222222222
1,0.562,0.0237,0.281,0.0808,0,0.106,18.333333333,22.222222222
1,0.572,0.0316,0.281,0.143,0.167,0.114,18.333333333,22.222222222
1,0.587,0.0398,0.281,0.176,0.0667,0,18.333333333,22.222222222
1,0.62,0.075,0.152,0.294,0,0.0707,18.333333333,22.222222222
1,0.65,0.125,0.0117,0.409,0,0,18.333333333,22.222222222
1,0.653,0.143,0,0.407,0,0.227,20.0,22.222222222
0.694,0.625,0.115,0.129,0.287,0,0.318,20.0,22.222222222
0.667,0.623,0.118,0.14,0.269,0,0.269,20.0,22.222222222
0.667,0.623,0.132,0.14,0.266,0,0.288,20.0,22.222222222
0.972,0.65,0.197,0.0117,0.363,0,0.546,20.0,22.222222222
0.861,0.664,0.196,0.0585,0.328,0,0.268,20.0,22.222222222
0.889,0.709,0.25,0.0468,0.338,0,0.133,20.0,22.222222222
0.694,0.708,0.241,0.129,0.282,0,0.12,20.0,22.222222222
0.667,0.715,0.31,0.14,0.295,0.233,0,20.0,22.222222222
0.667,0.707,0.431,0.14,0.347,0,0,20.0,22.222222222
0.667,0.687,0.536,0.14,0.438,0,0,20.0,22.222222222
0.667,0.647,0.518,0.14,0.542,0,0,20.0,22.222222222
0.722,0.591,0.219,0.246,0.297,0,0,20.0,22.222222222
1,0.571,0.102,0.257,0.155,0,0.0353,20.0,22.222222222
1,0.563,0.0162,0.421,0.0528,0,0,20.0,22.222222222
1,0.563,0.0162,0.421,0.0528,0,0,18.333333333,22.222222222
1,0.563,0.0162,0.421,0.0528,0,0,18.333333333,22.222222222
1,0.563,0.0162,0.421,0.0528,0,0,18.333333333,22.222222222
1,0.563,0.0162,0.421,0.0528,0,0,18.333333333,22.222222222
1,0.563,0.0162,0.421,0.0528,0,0,18.333333333,22.222222222
1,0.578,0.0417,0.199,0.204,0,0.176,18.333333333,22.222222222
0.528,0.585,0.0391,0.281,0.173,0,0.17,18.333333333,22.222222222
0.5,0.607,0.0615,0.211,0.242,0.917,0.0707,18.333333333,22.222222222
0.667,0.623,0.0904,0.14,0.297,0.517,0.141,18.333333333,22.222222222
0.667,0.623,0.101,0.14,0.289,0,0,20.0,22.222222222
0.5,0.608,0.0874,0.211,0.222,0,0.0353,20.0,22.222222222
0.667,0.623,0.118,0.14,0.269,0,0.0353,20.0,22.222222222
0.667,0.623,0.132,0.14,0.266,0,0.0353,20.0,22.222222222
0.722,0.628,0.15,0.117,0.283,0,0.141,20.0,22.222222222
0.861,0.664,0.196,0.0585,0.328,0,0,20.0,22.222222222
0.917,0.714,0.257,0.0351,0.347,0,0.0707,20.0,22.222222222
0.667,0.703,0.233,0.14,0.273,0,0.0707,20.0,22.222222222
0.667,0.715,0.31,0.14,0.295,0,0,20.0,22.222222222
0.667,0.707,0.431,0.14,0.347,0,0,20.0,22.222222222
0.667,0.687,0.536,0.14,0.438,0,0.298,20.0,22.222222222
0.889,0.667,0.643,0.0702,0.667,0,0.184,20.0,22.222222222
1,0.594,0.244,0.222,0.329,0,0.0707,20.0,22.222222222
1,0.563,0.0162,0.421,0.0528,0,0,20.0,22.222222222
1,0.563,0.0162,0.421,0.0528,0,0,20.0,22.222222222
1,0.563,0.0162,0.421,0.0528,0,0,18.333333333,22.222222222
1,0.563,0.0169,0.351,0.0528,0,0.106,18.333333333,22.222222222
1,0.563,0.0162,0.421,0.0528,0,0,18.333333333,22.222222222
1,0.563,0.0162,0.421,0.0528,0,0,18.333333333,22.222222222
1,0.563,0.0195,0.363,0.0655,0.417,0.247,18.333333333,22.222222222
1,0.572,0.0316,0.281,0.143,0.467,0.106,18.333333333,22.222222222
1,0.632,0.0843,0.0234,0.405,0.3,0.372,18.333333333,22.222222222
0.778,0.632,0.0868,0.0936,0.347,0.467,0.18,18.333333333,22.222222222
0.444,0.603,0.0653,0.234,0.216,0,0.213,18.333333333,22.222222222
0.389,0.598,0.0657,0.257,0.191,0,0.159,20.0,22.222222222
0.667,0.623,0.111,0.14,0.277,0,0.0353,20.0,22.222222222
0.667,0.623,0.118,0.14,0.269,0.233,0.0353,20.0,22.222222222
0.667,0.623,0.132,0.14,0.266,0,0.106,20.0,22.222222222
0.667,0.623,0.14,0.14,0.265,0,0.0707,20.0,22.222222222
0.667,0.642,0.155,0.14,0.266,0,0.106,20.0,22.222222222
0.667,0.672,0.191,0.14,0.267,0,0.212,20.0,22.222222222
0.889,0.751,0.307,0.0468,0.347,0.717,0.0353,20.0,22.222222222
0.944,0.779,0.432,0.0234,0.395,0,0.247,20.0,22.222222222
0.667,0.707,0.431,0.14,0.347,0,0.177,20.0,22.222222222
0.528,0.661,0.426,0.199,0.356,0,0,20.0,22.222222222
0.556,0.605,0.267,0.281,0.297,0,0,20.0,22.222222222
0.722,0.58,0.136,0.316,0.199,0,0,20.0,22.222222222
1,0.565,0.0286,0.409,0.0684,0,0,20.0,22.222222222
1,0.563,0.0162,0.421,0.0528,0,0,20.0,22.222222222
1,0.563,0.0162,0.421,0.0528,0,0,18.333333333,22.222222222
1,0.563,0.0162,0.421,0.0528,0,0,18.333333333,22.222222222
1,0.563,0.0162,0.421,0.0528,0,0,18.333333333,22.222222222
1,0.562,0.0187,0.292,0.0536,0,0.0353,18.333333333,22.222222222
1,0.562,0.0237,0.281,0.0808,0,0.212,18.333333333,22.222222222
1,0.58,0.0464,0.152,0.23,0,0.173,18.333333333,22.222222222
1,0.61,0.0634,0.14,0.298,0,0.0412,18.333333333,22.222222222
0.944,0.644,0.1,0.0351,0.399,0,0.0353,18.333333333,22.222222222
0.5,0.608,0.0715,0.211,0.236,0,0,18.333333333,22.222222222
0.667,0.623,0.101,0.14,0.289,0,0.0353,20.0,22.222222222
0.667,0.623,0.111,0.14,0.277,0,0.106,20.0,22.222222222
0.667,0.623,0.118,0.14,0.269,0,0.141,20.0,22.222222222
0.667,0.623,0.132,0.14,0.266,0,0.141,20.0,22.222222222
0.667,0.603,0.0984,0.234,0.194,0,0.0707,20.0,22.222222222
0.667,0.639,0.15,0.152,0.257,0,0,20.0,22.222222222
0.667,0.672,0.191,0.14,0.267,0.4,0.0707,20.0,22.222222222
0.667,0.638,0.132,0.269,0.172,0.0667,0.0353,20.0,22.222222222
0.667,0.639,0.163,0.281,0.174,0,0.141,20.0,22.222222222
0.667,0.635,0.224,0.281,0.2,0,0.0707,20.0,22.222222222
0.667,0.625,0.276,0.281,0.245,0,0,20.0,22.222222222
0.667,0.605,0.267,0.281,0.297,0,0,20.0,22.222222222
0.667,0.585,0.174,0.281,0.245,0,0,20.0,22.222222222
0.667,0.565,0.0286,0.409,0.0684,0,0,20.0,22.222222222
0.972,0.563,0.0162,0.421,0.0528,0,0,20.0,22.222222222
1,0.563,0.0162,0.421,0.0528,0,0,18.333333333,22.222222222
1,0.563,0.0162,0.421,0.0528,0,0,18.333333333,22.222222222
1,0.563,0.0162,0.421,0.0528,0,0,18.333333333,22.222222222
1,0.562,0.0187,0.292,0.0536,0,0.0707,18.333333333,22.222222222
1,0.562,0.0237,0.281,0.0808,0,0.141,18.333333333,22.222222222
1,0.572,0.0316,0.281,0.143,0,0.27,18.333333333,22.222222222
1,0.597,0.0499,0.222,0.228,0,0.446,18.333333333,22.222222222
0.861,0.622,0.077,0.14,0.305,0,0.0707,18.333333333,22.222222222
0.667,0.623,0.0904,0.14,0.297,0,0.0707,18.333333333,22.222222222
0.667,0.623,0.101,0.14,0.289,0,0.106,20.0,22.222222222
0.667,0.623,0.111,0.14,0.277,0,0,20.0,22.222222222
0.667,0.623,0.118,0.14,0.269,0.417,0.0353,20.0,22.222222222
0.667,0.623,0.132,0.14,0.266,0.05,0.106,20.0,22.222222222
0.667,0.623,0.14,0.14,0.265,0,0,20.0,22.222222222
0.722,0.632,0.138,0.175,0.239,0,0.0353,20.0,22.222222222
0.694,0.621,0.109,0.269,0.169,0,0.0353,20.0,22.222222222
0.528,0.604,0.0788,0.339,0.117,0,0.141,20.0,22.222222222
0.556,0.684,0.254,0.199,0.246,0,0.0353,20.0,22.222222222
0.667,0.707,0.431,0.14,0.347,0,0.213,20.0,22.222222222
0.611,0.677,0.492,0.164,0.405,0,0.282,20.0,22.222222222
0.333,0.605,0.267,0.281,0.297,0,0.0353,20.0,22.222222222
0.333,0.585,0.174,0.281,0.245,0,0,20.0,22.222222222
0.333,0.566,0.044,0.374,0.0862,0,0,20.0,22.222222222
0.528,0.563,0.0294,0.363,0.0638,0,0.133,20.0,22.222222222
0.694,0.563,0.0207,0.409,0.055,0,0,18.333333333,22.222222222
0.667,0.562,0.021,0.292,0.0528,0,0.0707,18.333333333,22.222222222
0.667,0.563,0.0188,0.409,0.0528,0,0,18.333333333,22.222222222
0.972,0.563,0.0185,0.421,0.0528,0,0,18.333333333,22.222222222
1,0.563,0.0185,0.421,0.0528,0,0,18.333333333,22.222222222
1,0.563,0.0185,0.421,0.0528,0,0,18.333333333,22.222222222
0.917,0.602,0.0593,0.199,0.251,0,0.398,18.333333333,22.222222222
0.778,0.63,0.12,0.105,0.336,0,0.389,18.333333333,22.222222222
0.722,0.628,0.153,0.117,0.318,0.167,0.381,18.333333333,22.222222222
0.944,0.648,0.233,0.0234,0.387,0.55,0.668,20.0,22.222222222
0.667,0.623,0.187,0.14,0.277,0,0.0957,20.0,22.222222222
0.667,0.623,0.201,0.14,0.269,0,0.181,20.0,22.222222222
0.722,0.628,0.253,0.117,0.283,0.167,0.126,20.0,22.222222222
0.556,0.606,0.193,0.222,0.203,0.55,0.0707,20.0,22.222222222
0.333,0.603,0.157,0.281,0.159,0,0.0353,20.0,22.222222222
0.333,0.618,0.165,0.281,0.16,0,0.247,20.0,22.222222222
0.556,0.633,0.17,0.281,0.163,0,0,20.0,22.222222222
0.667,0.639,0.196,0.281,0.174,0,0.0353,20.0,22.222222222
0.667,0.7,0.471,0.152,0.337,0,0,20.0,22.222222222
0.667,0.687,0.575,0.14,0.438,0,0,20.0,22.222222222
0.722,0.637,0.476,0.175,0.48,0,0.106,20.0,22.222222222
1,0.589,0.223,0.257,0.282,0,0,20.0,22.222222222
1,0.563,0.0185,0.421,0.0528,0,0,20.0,22.222222222
1,0.563,0.0185,0.421,0.0528,0,0,20.0,22.222222222
1,0.563,0.0185,0.421,0.0528,0,0,18.333333333,22.222222222
1,0.563,0.0185,0.421,0.0528,0,0,18.333333333,22.222222222
1,0.563,0.0185,0.421,0.0528,0,0,18.333333333,22.222222222
1,0.563,0.0185,0.421,0.0528,0,0,18.333333333,22.222222222
1,0.563,0.0185,0.421,0.0528,0,0,18.333333333,22.222222222
1,0.563,0.0185,0.421,0.0528,0,0,18.333333333,22.222222222
1,0.568,0.0228,0.398,0.0737,0,0.135,18.333333333,22.222222222
0.694,0.605,0.0827,0.222,0.231,0,0.255,18.333333333,22.222222222
0.667,0.623,0.143,0.14,0.297,0,0.709,18.333333333,22.222222222
0.667,0.623,0.17,0.14,0.289,0.417,0.209,20.0,22.222222222
0.361,0.596,0.109,0.269,0.175,0.3,0.0353,20.0,22.222222222
0.0278,0.566,0.0256,0.409,0.0621,0,0,20.0,22.222222222
0.306,0.563,0.0185,0.421,0.0528,0,0,20.0,22.222222222
0.333,0.568,0.0395,0.398,0.0705,0,0.106,20.0,22.222222222
0.333,0.603,0.157,0.281,0.159,0,0.177,20.0,22.222222222
0.639,0.669,0.299,0.152,0.258,0,0.247,20.0,22.222222222
0.667,0.703,0.321,0.14,0.273,0.467,0.459,20.0,22.222222222
0.667,0.715,0.374,0.14,0.295,0,0.141,20.0,22.222222222
0.667,0.707,0.486,0.14,0.347,0,0.0353,20.0,22.222222222
0.889,0.727,0.763,0.0468,0.569,0.667,0,20.0,22.222222222
1,0.689,0.802,0,0.787,0.283,0,20.0,22.222222222
1,0.606,0.353,0.152,0.428,0,0,20.0,22.222222222
1,0.569,0.0964,0.281,0.134,0,0,20.0,22.222222222
1,0.563,0.0333,0.339,0.0719,0,0,20.0,22.222222222
1,0.563,0.0162,0.421,0.0528,0,0,18.333333333,22.222222222
1,0.563,0.0162,0.421,0.0528,0,0,18.333333333,22.222222222
1,0.563,0.0162,0.421,0.0528,0,0,18.333333333,22.222222222
1,0.562,0.0187,0.292,0.0536,0.633,0.0353,18.333333333,22.222222222
1,0.562,0.0237,0.281,0.0808,0.0667,0.177,18.333333333,22.222222222
0.861,0.58,0.0464,0.152,0.23,0,0,18.333333333,22.222222222
0.667,0.61,0.0634,0.14,0.298,0,0.212,18.333333333,22.222222222
0.667,0.622,0.077,0.14,0.305,0,0.232,18.333333333,22.222222222
0.667,0.623,0.0904,0.14,0.297,0,0.0615,18.333333333,22.222222222
0.667,0.623,0.101,0.14,0.289,0,0.0353,20.0,22.222222222
0.667,0.623,0.111,0.14,0.277,0,0.0353,20.0,22.222222222
0.444,0.603,0.0837,0.234,0.197,0,0.247,20.0,22.222222222
0.333,0.593,0.074,0.281,0.159,0,0.0707,20.0,22.222222222
0.389,0.598,0.0884,0.257,0.177,0,0.181,20.0,22.222222222
0.528,0.625,0.126,0.199,0.221,0,0.0353,20.0,22.222222222
0.472,0.641,0.141,0.222,0.205,0,0.0353,20.0,22.222222222
0.667,0.703,0.233,0.14,0.273,0.167,0.0707,20.0,22.222222222
0.667,0.715,0.31,0.14,0.295,0.3,0.0353,20.0,22.222222222
0.667,0.707,0.431,0.14,0.347,0,0.0707,20.0,22.222222222
0.667,0.687,0.536,0.14,0.438,0,0,20.0,22.222222222
0.972,0.684,0.747,0.0117,0.77,0,0.2,20.0,22.222222222
1,0.596,0.252,0.222,0.334,0,0,20.0,22.222222222
1,0.567,0.0593,0.339,0.104,0,0,20.0,22.222222222
1,0.563,0.0162,0.421,0.0528,0,0,20.0,22.222222222
1,0.563,0.0162,0.421,0.0528,0,0,18.333333333,22.222222222
1,0.563,0.0162,0.421,0.0528,0,0,18.333333333,22.222222222
1,0.563,0.0162,0.421,0.0528,0,0,18.333333333,22.222222222
1,0.563,0.0162,0.421,0.0528,0,0,18.333333333,22.222222222
1,0.563,0.0162,0.421,0.0528,0,0,18.333333333,22.222222222
1,0.572,0.031,0.292,0.14,0,0.311,18.333333333,22.222222222
0.778,0.57,0.0236,0.374,0.0921,0,0,18.333333333,22.222222222
0.667,0.591,0.0446,0.292,0.168,0,0.0353,18.333333333,22.222222222
0.667,0.62,0.0878,0.152,0.287,0,0.106,18.333333333,22.222222222
0.444,0.603,0.0724,0.234,0.21,0,0.0707,20.0,22.222222222
0.639,0.62,0.108,0.152,0.268,0.467,0,20.0,22.222222222
0.667,0.623,0.118,0.14,0.269,0,0.135,20.0,22.222222222
0.667,0.623,0.132,0.14,0.266,0,0.315,20.0,22.222222222
0.667,0.623,0.14,0.14,0.265,0,0.36,20.0,22.222222222
0.667,0.642,0.155,0.14,0.266,0,0.266,20.0,22.222222222
0.972,0.723,0.272,0.0117,0.365,0,0.169,20.0,22.222222222
1,0.773,0.342,0,0.384,0,0.722,20.0,22.222222222
1,0.74,0.357,0.0936,0.334,0,0.247,20.0,22.222222222
0.778,0.659,0.289,0.234,0.247,0,0,20.0,22.222222222
0.667,0.625,0.276,0.281,0.245,0,0.176,20.0,22.222222222
0.667,0.622,0.371,0.222,0.401,0,0.131,20.0,22.222222222
0.667,0.593,0.232,0.234,0.313,0,0.141,20.0,22.222222222
0.972,0.572,0.141,0.152,0.199,0,0,20.0,22.222222222
1,0.562,0.0632,0.164,0.109,0,0.29,20.0,22.222222222
1,0.562,0.0253,0.281,0.0631,0,0.141,18.333333333,22.222222222
1,0.563,0.0175,0.339,0.0535,0,0.141,18.333333333,22.222222222
1,0.563,0.0162,0.421,0.0528,0,0,18.333333333,22.222222222
1,0.563,0.0162,0.421,0.0528,0,0,18.333333333,22.222222222
1,0.563,0.0162,0.421,0.0528,0,0,18.333333333,22.222222222
1,0.563,0.0162,0.421,0.0528,0,0,18.333333333,22.222222222
1,0.584,0.0364,0.304,0.157,0,0,18.333333333,22.222222222
1,0.642,0.0976,0.0468,0.389,0,0.211,18.333333333,22.222222222
1,0.653,0.127,0,0.42,0,0.222,18.333333333,22.222222222
1,0.653,0.143,0,0.407,0.167,0.0915,20.0,22.222222222
1,0.653,0.159,0,0.39,0.3,0.167,20.0,22.222222222
1,0.653,0.168,0,0.377,0,0.24,20.0,22.222222222
0.778,0.633,0.151,0.0936,0.301,0.467,0.141,20.0,22.222222222
0.361,0.596,0.0829,0.269,0.168,0,0.247,20.0,22.222222222
0.333,0.603,0.0858,0.281,0.159,0,0.0707,20.0,22.222222222
0.333,0.618,0.103,0.281,0.16,0,0.247,20.0,22.222222222
0.333,0.633,0.125,0.281,0.163,0,0.0353,20.0,22.222222222
0.472,0.671,0.226,0.222,0.225,0,0.0353,20.0,22.222222222
0.667,0.707,0.431,0.14,0.347,0,0,20.0,22.222222222
0.667,0.687,0.536,0.14,0.438,0,0.0353,20.0,22.222222222
0.667,0.647,0.518,0.14,0.542,0,0,20.0,22.222222222
0.889,0.58,0.132,0.327,0.188,0,0,20.0,22.222222222
1,0.563,0.0162,0.421,0.0528,0,0,20.0,22.222222222
1,0.563,0.0162,0.421,0.0528,0,0,20.0,22.222222222
1,0.563,0.0162,0.421,0.0528,0,0,18.333333333,22.222222222
1,0.563,0.0162,0.421,0.0528,0,0,18.333333333,22.222222222
1,0.563,0.0162,0.421,0.0528,0,0,18.333333333,22.222222222
1,0.563,0.0162,0.421,0.0528,0,0,18.333333333,22.222222222
1,0.562,0.0235,0.292,0.0807,0,0.106,18.333333333,22.222222222
1,0.572,0.0316,0.281,0.143,0,0,18.333333333,22.222222222
1,0.587,0.0398,0.281,0.176,0.917,0.0353,18.333333333,22.222222222
1,0.605,0.0595,0.222,0.231,0.283,0.436,18.333333333,22.222222222
0.861,0.611,0.0747,0.199,0.247,0,0.295,18.333333333,22.222222222
0.917,0.643,0.13,0.0468,0.367,0,0.3,20.0,22.222222222
0.667,0.623,0.111,0.14,0.277,0,0,20.0,22.222222222
0.667,0.623,0.118,0.14,0.269,0,0.0707,20.0,22.222222222
0.667,0.623,0.132,0.14,0.266,0,0.141,20.0,22.222222222
0.667,0.623,0.14,0.14,0.265,0,0.106,20.0,22.222222222
0.611,0.635,0.144,0.164,0.248,0,0.0707,20.0,22.222222222
0.333,0.618,0.103,0.281,0.16,0,0.247,20.0,22.222222222
0.333,0.633,0.125,0.281,0.163,0,0,20.0,22.222222222
0.639,0.709,0.301,0.152,0.285,0,0.158,20.0,22.222222222
0.667,0.707,0.431,0.14,0.347,0,0.0707,20.0,22.222222222
0.667,0.687,0.536,0.14,0.438,0,0,20.0,22.222222222
0.667,0.647,0.518,0.14,0.542,0,0,20.0,22.222222222
0.806,0.601,0.294,0.175,0.391,0,0,20.0,22.222222222
1,0.574,0.154,0.14,0.214,0,0,20.0,22.222222222
1,0.507,0.0956,0.751,0.143,0,0,20.0,22.222222222
1,0.517,0.0402,0.694,0.0799,0,0.177,18.333333333,22.222222222
1,0.558,0.0176,0.453,0.0543,0,0,18.333333333,22.222222222
1,0.563,0.0162,0.421,0.0528,0,0,18.333333333,22.222222222
1,0.561,0.0165,0.437,0.0529,0,0.0723,18.333333333,22.222222222
0.806,0.55,0.0175,0.501,0.053,0,0,18.333333333,22.222222222
0.833,0.535,0.0323,0.63,0.137,0,0.27,18.333333333,22.222222222
0.694,0.546,0.0401,0.501,0.172,0,0.147,18.333333333,22.222222222
0.806,0.547,0.0748,0.421,0.294,0,0.149,18.333333333,22.222222222
0.667,0.55,0.0886,0.421,0.286,0,0.177,18.333333333,22.222222222
0.667,0.55,0.101,0.421,0.276,0,0.177,20.0,22.222222222
0.667,0.55,0.111,0.421,0.266,0.0833,0,20.0,22.222222222
0.472,0.554,0.0885,0.421,0.198,0.15,0.0353,20.0,22.222222222
0.333,0.557,0.0735,0.421,0.152,0,0.0353,20.0,22.222222222
0.528,0.553,0.117,0.421,0.209,0,0.141,20.0,22.222222222
0.667,0.56,0.155,0.421,0.251,0,0.0353,20.0,22.222222222
0.667,0.583,0.184,0.421,0.251,0.233,0.141,20.0,22.222222222
0.667,0.608,0.226,0.421,0.255,0.0833,0.0707,20.0,22.222222222
0.667,0.624,0.293,0.612,0.266,0.617,0.141,20.0,22.222222222
0.667,0.623,0.403,0.783,0.297,0,0,20.0,22.222222222
0.667,0.609,0.518,0.807,0.359,0,0,20.0,22.222222222
0.667,0.582,0.545,0.807,0.447,0,0,20.0,22.222222222
0.667,0.547,0.411,0.807,0.438,0,0,20.0,22.222222222
0.944,0.518,0.219,0.807,0.281,0,0.14,20.0,22.222222222
1,0.542,0.0427,0.55,0.0778,0,0,20.0,22.222222222
1,0.563,0.0185,0.421,0.0528,0,0,18.333333333,22.222222222
1,0.534,0.0213,0.598,0.0528,0,0.106,18.333333333,22.222222222
1,0.561,0.0188,0.437,0.0528,0,0,18.333333333,22.222222222
1,0.563,0.0185,0.421,0.0528,0,0,18.333333333,22.222222222
1,0.563,0.0185,0.421,0.0528,0,0,18.333333333,22.222222222
1,0.559,0.0206,0.453,0.0681,0,0.244,18.333333333,22.222222222
1,0.551,0.0441,0.437,0.172,0,0.303,18.333333333,22.222222222
0.861,0.547,0.133,0.421,0.343,0,0.193,18.333333333,22.222222222
0.667,0.55,0.147,0.421,0.282,0.7,0.223,18.333333333,22.222222222
0.444,0.555,0.122,0.421,0.2,0,0.218,20.0,22.222222222
0.333,0.557,0.106,0.421,0.158,0,0.711,20.0,22.222222222
0.0278,0.563,0.0259,0.421,0.0615,0,0.123,20.0,22.222222222
0.0556,0.562,0.0374,0.421,0.0693,0,0.106,20.0,22.222222222
0.333,0.557,0.147,0.421,0.152,0,0.0353,20.0,22.222222222
0.333,0.565,0.161,0.421,0.152,0,0.141,20.0,22.222222222
0.389,0.58,0.195,0.421,0.169,0,0.0353,20.0,22.222222222
0.667,0.617,0.332,0.421,0.256,0,0.0353,20.0,22.222222222
0.667,0.627,0.386,0.721,0.272,0,0,20.0,22.222222222
0.667,0.62,0.502,0.802,0.311,0,0.0353,20.0,22.222222222
0.972,0.621,0.861,0.984,0.539,0,0.202,20.0,22.222222222
1,0.572,0.65,0.871,0.548,0,0.128,20.0,22.222222222
0.861,0.542,0.3,0.727,0.336,0,0,20.0,22.222222222
0.667,0.536,0.0992,0.614,0.132,0,0.457,20.0,22.222222222
0.667,0.537,0.0453,0.582,0.0785,0,0.162,20.0,22.222222222
0.972,0.534,0.0283,0.598,0.0609,0,0,18.333333333,22.222222222
1,0.531,0.0222,0.614,0.0535,0,0.0707,18.333333333,22.222222222
1,0.531,0.0187,0.614,0.0528,0,0.106,18.333333333,22.222222222
1,0.561,0.0185,0.437,0.0528,0,0,18.333333333,22.222222222
1,0.563,0.0185,0.421,0.0528,0,0,18.333333333,22.222222222
0.694,0.559,0.0206,0.453,0.0681,0,0.127,18.333333333,22.222222222
0.667,0.551,0.0441,0.437,0.172,0.917,0.305,18.333333333,22.222222222
0.611,0.551,0.101,0.421,0.263,0.267,0.177,18.333333333,22.222222222
0.194,0.56,0.0555,0.421,0.12,0,0,18.333333333,22.222222222
0,0.563,0.0185,0.421,0.0528,0,0,20.0,22.222222222
0.0556,0.562,0.0332,0.421,0.0702,0,0,20.0,22.222222222
0.0278,0.563,0.0259,0.421,0.0615,0,0,20.0,22.222222222
0,0.563,0.0185,0.421,0.0528,0,0,20.0,22.222222222
0,0.563,0.0185,0.421,0.0528,0,0,20.0,22.222222222
0.0556,0.564,0.0425,0.421,0.0693,0,0.146,20.0,22.222222222
0.0278,0.564,0.0305,0.421,0.061,0,0.0786,20.0,22.222222222
0.139,0.575,0.084,0.421,0.0953,0,0.0353,20.0,22.222222222
0.472,0.609,0.28,0.639,0.208,0.417,0.141,20.0,22.222222222
0.667,0.62,0.502,0.802,0.311,1,0.0707,20.0,22.222222222
0.667,0.595,0.472,0.727,0.314,0,0.0353,20.0,22.222222222
0.667,0.567,0.289,0.614,0.266,0,0,20.0,22.222222222
0.889,0.546,0.236,0.662,0.274,0,0,20.0,22.222222222
1,0.548,0.0688,0.534,0.103,0,0.0353,20.0,22.222222222
1,0.563,0.0164,0.421,0.0528,0,0,20.0,22.222222222
1,0.563,0.0162,0.421,0.0528,0,0,18.333333333,22.222222222
1,0.563,0.0162,0.421,0.0528,0,0,18.333333333,22.222222222
1,0.563,0.0162,0.421,0.0528,0,0,18.333333333,22.222222222
1,0.563,0.0162,0.421,0.0528,0,0,18.333333333,22.222222222
1,0.561,0.0169,0.437,0.0552,0,0,18.333333333,22.222222222
1,0.534,0.0309,0.63,0.126,0,0.067,18.333333333,22.222222222
0.972,0.519,0.0765,0.63,0.354,0,0.199,18.333333333,22.222222222
0.75,0.544,0.0811,0.421,0.324,0.233,0.151,18.333333333,22.222222222
0.667,0.55,0.0886,0.421,0.286,0,0.213,18.333333333,22.222222222
0.389,0.556,0.0649,0.421,0.184,0,0.0707,20.0,22.222222222
0.333,0.557,0.0638,0.421,0.159,0,0,20.0,22.222222222
0.528,0.553,0.0986,0.421,0.213,0,0.0707,20.0,22.222222222
0.667,0.55,0.131,0.421,0.252,0,0.0707,20.0,22.222222222
0.667,0.55,0.142,0.421,0.251,0,0.0707,20.0,22.222222222
0.556,0.56,0.131,0.421,0.218,0,0.0353,20.0,22.222222222
0.333,0.573,0.1,0.421,0.152,0,0.212,20.0,22.222222222
0.528,0.602,0.188,0.421,0.213,0,0.177,20.0,22.222222222
0.778,0.635,0.345,0.667,0.303,0,0.106,20.0,22.222222222
0.806,0.636,0.467,0.851,0.343,0,0.143,20.0,22.222222222
0.667,0.591,0.304,0.646,0.227,0,0.16,20.0,22.222222222
0.778,0.573,0.345,0.662,0.304,0,0,20.0,22.222222222
1,0.564,0.124,0.501,0.143,0,0,20.0,22.222222222
1,0.563,0.0162,0.421,0.0528,0,0,20.0,22.222222222
0.889,0.554,0.0374,0.485,0.0765,0,0,20.0,22.222222222
1,0.563,0.0162,0.421,0.0528,0,0,18.333333333,22.222222222
1,0.563,0.0162,0.421,0.0528,0,0,18.333333333,22.222222222
1,0.563,0.0162,0.421,0.0528,0,0,18.333333333,22.222222222
1,0.563,0.0162,0.421,0.0528,0,0,18.333333333,22.222222222
1,0.563,0.0162,0.421,0.0528,0,0,18.333333333,22.222222222
1,0.563,0.0162,0.421,0.0528,0,0,18.333333333,22.222222222
1,0.557,0.0309,0.421,0.123,0.233,0.106,18.333333333,22.222222222
0.722,0.562,0.0204,0.421,0.073,0,0,18.333333333,22.222222222
0.667,0.563,0.0162,0.421,0.0528,0,0,18.333333333,22.222222222
0.667,0.56,0.0421,0.421,0.117,0.233,0.0353,20.0,22.222222222
0.667,0.557,0.0638,0.421,0.159,0,0,20.0,22.222222222
0.667,0.557,0.0678,0.421,0.155,0,0.208,20.0,22.222222222
0.667,0.557,0.0735,0.421,0.152,0,0.243,20.0,22.222222222
0.667,0.557,0.079,0.421,0.152,0,0.177,20.0,22.222222222
0.667,0.563,0.11,0.421,0.185,0,0.318,20.0,22.222222222
0.694,0.584,0.192,0.421,0.26,0,0.177,20.0,22.222222222
0.972,0.629,0.321,0.421,0.347,0,0.0353,20.0,22.222222222
0.667,0.624,0.293,0.612,0.266,0,0.141,20.0,22.222222222
0.667,0.623,0.403,0.783,0.297,0,0,20.0,22.222222222
0.667,0.609,0.518,0.807,0.359,0,0.0707,20.0,22.222222222
0.667,0.582,0.545,0.807,0.447,0,0,20.0,22.222222222
0.667,0.556,0.321,0.694,0.336,0,0.177,20.0,22.222222222
0.667,0.541,0.118,0.614,0.167,0,0,20.0,22.222222222
0.667,0.526,0.0754,0.662,0.119,0,0.249,20.0,22.222222222
0.778,0.563,0.0162,0.421,0.0528,0,0,18.333333333,22.222222222
1,0.563,0.0162,0.421,0.0528,0,0,18.333333333,22.222222222
1,0.563,0.0162,0.421,0.0528,0,0,18.333333333,22.222222222
1,0.563,0.0162,0.421,0.0528,0,0,18.333333333,22.222222222
1,0.544,0.0211,0.534,0.0698,0.233,0.106,18.333333333,22.222222222
0.972,0.536,0.0295,0.614,0.119,0,0.177,18.333333333,22.222222222
0.583,0.543,0.0464,0.501,0.202,0,0.0707,18.333333333,22.222222222
0.667,0.547,0.0748,0.421,0.294,0,0.212,18.333333333,22.222222222
0.667,0.55,0.0886,0.421,0.286,0,0.0353,18.333333333,22.222222222
0.667,0.55,0.101,0.421,0.276,0,0.0707,20.0,22.222222222
0.667,0.55,0.111,0.421,0.266,0,0,20.0,22.222222222
0.667,0.554,0.0885,0.421,0.198,0,0.0353,20.0,22.222222222
0.667,0.557,0.0735,0.421,0.152,0,0,20.0,22.222222222
0.667,0.557,0.079,0.421,0.152,0,0,20.0,22.222222222
0.667,0.562,0.0916,0.421,0.16,0,0.106,20.0,22.222222222
0.667,0.583,0.184,0.421,0.251,0,0.0353,20.0,22.222222222
0.667,0.608,0.226,0.421,0.255,0,0.0353,20.0,22.222222222
0.667,0.624,0.293,0.612,0.266,0,0.0707,20.0,22.222222222
0.667,0.623,0.403,0.783,0.297,0,0.106,20.0,22.222222222
0.667,0.609,0.518,0.807,0.359,0,0,20.0,22.222222222
0.667,0.582,0.545,0.807,0.447,0,0,20.0,22.222222222
0.694,0.546,0.424,0.823,0.452,0,0,20.0,22.222222222
0.722,0.515,0.244,0.839,0.31,0,0,20.0,22.222222222
0.694,0.514,0.0729,0.727,0.117,0,0,20.0,22.222222222
1,0.531,0.0307,0.614,0.0689,0,0.283,18.333333333,22.222222222
1,0.55,0.0197,0.501,0.0565,0,0,18.333333333,22.222222222
1,0.563,0.0162,0.421,0.0528,0,0,18.333333333,22.222222222
1,0.563,0.0162,0.421,0.0528,0,0,18.333333333,22.222222222
1,0.561,0.0169,0.437,0.0552,0,0,18.333333333,22.222222222
1,0.536,0.0295,0.614,0.119,0,0.0707,18.333333333,22.222222222
1,0.547,0.038,0.501,0.162,0.467,0.0707,18.333333333,22.222222222
1,0.555,0.0455,0.421,0.173,0,0.141,18.333333333,22.222222222
1,0.557,0.0524,0.421,0.169,0,0.353,18.333333333,22.222222222
1,0.553,0.0843,0.421,0.229,0,0.0707,20.0,22.222222222
1,0.553,0.0864,0.421,0.214,0,0.106,20.0,22.222222222
1,0.546,0.15,0.421,0.315,0.233,0.0353,20.0,22.222222222
1,0.544,0.188,0.421,0.351,0,0.0707,20.0,22.222222222
0.806,0.547,0.167,0.421,0.292,0,0.141,20.0,22.222222222
0.667,0.56,0.155,0.421,0.251,0,0.0707,20.0,22.222222222
0.667,0.583,0.184,0.421,0.251,0,0.212,20.0,22.222222222
0.667,0.608,0.226,0.421,0.255,0,0.0707,20.0,22.222222222
0.667,0.624,0.293,0.612,0.266,0,0,20.0,22.222222222
0.667,0.623,0.403,0.783,0.297,0,0.106,20.0,22.222222222
0.667,0.609,0.518,0.807,0.359,0,0.141,20.0,22.222222222
0.667,0.582,0.523,0.791,0.429,0,0,20.0,22.222222222
0.667,0.555,0.214,0.614,0.245,0,0,20.0,22.222222222
0.667,0.541,0.118,0.614,0.167,0,0,20.0,22.222222222
0.861,0.533,0.0561,0.614,0.0978,0,0.177,20.0,22.222222222
1,0.531,0.0307,0.614,0.0689,0,0.0353,18.333333333,22.222222222
1,0.534,0.0205,0.598,0.0565,0,0.141,18.333333333,22.222222222
1,0.563,0.0162,0.421,0.0528,0,0,18.333333333,22.222222222
1,0.563,0.0162,0.421,0.0528,0,0,18.333333333,22.222222222
1,0.563,0.0162,0.421,0.0528,0,0,18.333333333,22.222222222
1,0.561,0.0176,0.437,0.0605,0,0.107,18.333333333,22.222222222
1,0.547,0.038,0.501,0.162,0,0.0988,18.333333333,22.222222222
1,0.555,0.0455,0.421,0.173,0,0.403,18.333333333,22.222222222
1,0.557,0.0524,0.421,0.169,0,0.132,18.333333333,22.222222222
1,0.561,0.0325,0.421,0.1,0,0,20.0,22.222222222
1,0.56,0.0453,0.421,0.114,0,0,20.0,22.222222222
0.889,0.555,0.081,0.421,0.18,0,0.268,20.0,22.222222222
0.667,0.557,0.0735,0.421,0.152,0,0.106,20.0,22.222222222
0.667,0.556,0.0843,0.421,0.16,0,0.247,20.0,22.222222222
0.667,0.56,0.155,0.421,0.251,0,0.141,20.0,22.222222222
0.667,0.583,0.184,0.421,0.251,0,0.141,20.0,22.222222222
0.667,0.608,0.226,0.421,0.255,0,0.0353,20.0,22.222222222
0.667,0.624,0.293,0.612,0.266,0,0.0353,20.0,22.222222222
0.667,0.623,0.403,0.783,0.297,0,0,20.0,22.222222222
0.667,0.609,0.518,0.807,0.359,0,0,20.0,22.222222222
0.667,0.582,0.545,0.807,0.447,0,0,20.0,22.222222222
0.667,0.547,0.411,0.807,0.438,0,0.457,20.0,22.222222222
0.667,0.534,0.182,0.694,0.24,0,0,20.0,22.222222222
0.806,0.518,0.0604,0.694,0.0939,0,0,20.0,22.222222222
1,0.515,0.0374,0.711,0.0689,0,0,18.333333333,22.222222222
1,0.528,0.0231,0.63,0.0543,0,0,18.333333333,22.222222222
1,0.561,0.0188,0.437,0.0528,0,0,18.333333333,22.222222222
1,0.558,0.0189,0.453,0.0529,0.167,0,18.333333333,22.222222222
1,0.531,0.0229,0.614,0.0795,0.0667,0,18.333333333,22.222222222
1,0.539,0.0301,0.614,0.14,0,0.337,18.333333333,22.222222222
1,0.551,0.0441,0.437,0.172,0,0.148,18.333333333,22.222222222
1,0.55,0.109,0.421,0.283,0.467,0.378,18.333333333,22.222222222
0.833,0.551,0.142,0.421,0.272,0,0.0781,18.333333333,22.222222222
1,0.544,0.254,0.421,0.384,0,0.189,20.0,22.222222222
1,0.544,0.281,0.421,0.367,0,0.295,20.0,22.222222222
0.778,0.548,0.239,0.421,0.287,0,0.206,20.0,22.222222222
0.667,0.55,0.242,0.421,0.251,0,0.176,20.0,22.222222222
0.667,0.556,0.157,0.421,0.16,0,0.271,20.0,22.222222222
0.528,0.564,0.125,0.421,0.127,0,0,20.0,22.222222222
0.389,0.58,0.195,0.421,0.169,0,0.0353,20.0,22.222222222
0.75,0.624,0.371,0.421,0.282,0,0.106,20.0,22.222222222
0.667,0.627,0.386,0.721,0.272,0,0.0981,20.0,22.222222222
0.833,0.634,0.625,0.899,0.376,0,0.49,20.0,22.222222222
0.806,0.611,0.715,0.887,0.454,0,0.139,20.0,22.222222222
1,0.574,0.829,1,0.693,0,0,20.0,22.222222222
1,0.542,0.322,0.743,0.354,0,0.415,20.0,22.222222222
1,0.562,0.0325,0.437,0.0673,0,0.0517,20.0,22.222222222
1,0.563,0.0185,0.421,0.0528,0,0,20.0,22.222222222
1,0.563,0.0185,0.421,0.0528,0,0,18.333333333,22.222222222
1,0.563,0.0185,0.421,0.0528,0,0,18.333333333,22.222222222
1,0.563,0.0185,0.421,0.0528,0,0,18.333333333,22.222222222
1,0.563,0.0185,0.421,0.0528,0,0,18.333333333,22.222222222
1,0.563,0.0185,0.421,0.0528,0,0,18.333333333,22.222222222
1,0.563,0.0185,0.421,0.0528,0,0,18.333333333,22.222222222
0.944,0.555,0.0386,0.421,0.144,0,0.212,18.333333333,22.222222222
0.667,0.563,0.0185,0.421,0.0528,0,0,18.333333333,22.222222222
0.361,0.563,0.0185,0.421,0.0528,0,0,18.333333333,22.222222222
0.333,0.563,0.0185,0.421,0.0528,0,0,20.0,22.222222222
0.333,0.563,0.0185,0.421,0.0528,0,0,20.0,22.222222222
0.417,0.562,0.0423,0.421,0.0778,0,0.141,20.0,22.222222222
0.556,0.563,0.0185,0.421,0.0528,0,0,20.0,22.222222222
0.528,0.563,0.0185,0.421,0.0528,0,0,20.0,22.222222222
0.333,0.563,0.0185,0.421,0.0528,0,0,20.0,22.222222222
0.333,0.577,0.158,0.421,0.144,0,0.212,20.0,22.222222222
0.639,0.616,0.319,0.421,0.248,0,0.212,20.0,22.222222222
0.667,0.627,0.386,0.721,0.272,0,0.283,20.0,22.222222222
0.667,0.62,0.502,0.802,0.311,0,0.389,20.0,22.222222222
0.667,0.603,0.594,0.807,0.384,0,0.0353,20.0,22.222222222
0.667,0.569,0.38,0.678,0.335,0,0.0353,20.0,22.222222222
0.667,0.556,0.124,0.534,0.158,0,0,20.0,22.222222222
0.667,0.563,0.0185,0.421,0.0528,0,0,20.0,22.222222222
0.778,0.559,0.027,0.453,0.0646,0,0,20.0,22.222222222
0.667,0.563,0.0162,0.421,0.0528,0,0,18.333333333,22.222222222
0.944,0.536,0.0192,0.582,0.055,0,0,18.333333333,22.222222222
1,0.531,0.0168,0.614,0.0528,0,0.167,18.333333333,22.222222222
1,0.55,0.0162,0.501,0.0528,0,0,18.333333333,22.222222222
1,0.563,0.0162,0.421,0.0528,0,0,18.333333333,22.222222222
1,0.549,0.026,0.534,0.107,0,0.273,18.333333333,22.222222222
1,0.547,0.038,0.501,0.162,0,0.19,18.333333333,22.222222222
1,0.551,0.0669,0.421,0.253,0.233,0.191,18.333333333,22.222222222
0.806,0.547,0.102,0.421,0.336,0,0.276,18.333333333,22.222222222
0.667,0.552,0.0858,0.421,0.24,0,0.27,20.0,22.222222222
0.667,0.553,0.0928,0.421,0.22,0,0,20.0,22.222222222
0.667,0.554,0.0885,0.421,0.198,0,0,20.0,22.222222222
0.667,0.553,0.109,0.421,0.21,0,0.0707,20.0,22.222222222
0.667,0.55,0.142,0.421,0.251,0,0.141,20.0,22.222222222
0.667,0.56,0.155,0.421,0.251,0,0.0353,20.0,22.222222222
0.389,0.573,0.112,0.421,0.169,0,0.106,20.0,22.222222222
0.444,0.595,0.159,0.421,0.188,0,0.318,20.0,22.222222222
0.639,0.622,0.28,0.598,0.257,0,0.0353,20.0,22.222222222
0.444,0.602,0.283,0.666,0.219,0,0.0353,20.0,22.222222222
0.667,0.609,0.518,0.807,0.359,0,0,20.0,22.222222222
0.667,0.581,0.394,0.694,0.32,0,0.0217,20.0,22.222222222
0.944,0.547,0.368,0.775,0.401,0,0,20.0,22.222222222
1,0.534,0.182,0.694,0.24,0,0,20.0,22.222222222
0.889,0.563,0.0162,0.421,0.0528,0,0,20.0,22.222222222
1,0.563,0.0162,0.421,0.0528,0,0,18.333333333,22.222222222
1,0.563,0.0162,0.421,0.0528,0,0,18.333333333,22.222222222
1,0.563,0.0162,0.421,0.0528,0,0,18.333333333,22.222222222
1,0.525,0.0197,0.646,0.0535,0,0.196,18.333333333,22.222222222
1,0.498,0.0285,0.807,0.0872,0,0.435,18.333333333,22.222222222
1,0.508,0.0428,0.807,0.184,0.0833,0.321,18.333333333,22.222222222
1,0.531,0.0597,0.582,0.271,0.383,0.457,18.333333333,22.222222222
1,0.543,0.0935,0.421,0.364,0,0.271,18.333333333,22.222222222
0.722,0.549,0.0939,0.421,0.306,0,0.12,18.333333333,22.222222222
0.667,0.55,0.101,0.421,0.276,0,0.196,20.0,22.222222222
0.667,0.55,0.111,0.421,0.266,0,0.155,20.0,22.222222222
0.667,0.55,0.119,0.421,0.257,0,0.188,20.0,22.222222222
0.667,0.55,0.131,0.421,0.252,0,0.212,20.0,22.222222222
0.667,0.55,0.142,0.421,0.251,0,0.0353,20.0,22.222222222
0.472,0.559,0.112,0.421,0.193,0,0.0353,20.0,22.222222222
0.333,0.573,0.1,0.421,0.152,0,0.0707,20.0,22.222222222
0.333,0.57,0.0545,0.421,0.0943,0,0,20.0,22.222222222
0.333,0.582,0.107,0.517,0.117,0.467,0.0353,20.0,22.222222222
0.611,0.617,0.377,0.755,0.279,0,0.0353,20.0,22.222222222
0.667,0.609,0.518,0.807,0.359,0,0,20.0,22.222222222
0.667,0.582,0.545,0.807,0.447,0,0,20.0,22.222222222
0.667,0.549,0.398,0.791,0.423,0,0,20.0,22.222222222
0.667,0.557,0.0804,0.501,0.125,0,0,20.0,22.222222222
0.889,0.546,0.0432,0.534,0.0831,0,0.222,20.0,22.222222222
1,0.563,0.0162,0.421,0.0528,0,0,18.333333333,22.222222222
1,0.563,0.0162,0.421,0.0528,0,0,18.333333333,22.222222222
1,0.563,0.0162,0.421,0.0528,0,0,18.333333333,22.222222222
1,0.563,0.0162,0.421,0.0528,0,0,18.333333333,22.222222222
1,0.561,0.0169,0.437,0.0552,0,0.102,18.333333333,22.222222222
0.972,0.538,0.0281,0.598,0.111,0,0.164,18.333333333,22.222222222
0.667,0.562,0.0183,0.421,0.0629,0,0.0708,18.333333333,22.222222222
0.667,0.551,0.0643,0.421,0.243,0.467,0.285,18.333333333,22.222222222
0.667,0.55,0.0886,0.421,0.286,0,0.209,18.333333333,22.222222222
0.667,0.55,0.101,0.421,0.276,0,0.0353,20.0,22.222222222
0.667,0.55,0.111,0.421,0.266,0,0.0353,20.0,22.222222222
0.667,0.55,0.119,0.421,0.257,0,0.106,20.0,22.222222222
0.667,0.55,0.131,0.421,0.252,0,0.0707,20.0,22.222222222
0.472,0.554,0.104,0.421,0.193,0,0.0707,20.0,22.222222222
0.333,0.562,0.0855,0.421,0.152,0,0.177,20.0,22.222222222
0.444,0.578,0.131,0.421,0.185,0,0.106,20.0,22.222222222
0.472,0.592,0.159,0.421,0.195,0,0.0707,20.0,22.222222222
0.333,0.594,0.155,0.517,0.16,0.0833,0,20.0,22.222222222
0.611,0.617,0.377,0.755,0.279,0.15,0.212,20.0,22.222222222
0.667,0.609,0.518,0.807,0.359,0,0.106,20.0,22.222222222
0.667,0.582,0.545,0.807,0.447,0,0,20.0,22.222222222
0.944,0.539,0.566,0.968,0.594,0,0.117,20.0,22.222222222
1,0.532,0.207,0.727,0.269,0,0.138,20.0,22.222222222
0.889,0.542,0.0349,0.55,0.0741,0,0,20.0,22.222222222
1,0.531,0.0307,0.614,0.0689,0,0,18.333333333,22.222222222
1,0.534,0.0205,0.598,0.0565,0,0,18.333333333,22.222222222
1,0.563,0.0162,0.421,0.0528,0,0,18.333333333,22.222222222
1,0.563,0.0162,0.421,0.0528,0,0,18.333333333,22.222222222
1,0.563,0.0162,0.421,0.0528,0,0,18.333333333,22.222222222
1,0.563,0.0162,0.421,0.0528,0,0,18.333333333,22.222222222
1,0.557,0.0309,0.421,0.123,0,0.141,18.333333333,22.222222222
1,0.551,0.0643,0.421,0.243,0,0.177,18.333333333,22.222222222
1,0.55,0.0886,0.421,0.286,0,0,18.333333333,22.222222222
1,0.55,0.101,0.421,0.276,0,0.106,20.0,22.222222222
1,0.55,0.111,0.421,0.266,0,0.106,20.0,22.222222222
1,0.55,0.119,0.421,0.257,0,0.0353,20.0,22.222222222
1,0.55,0.131,0.421,0.252,0,0.0707,20.0,22.222222222
0.806,0.553,0.11,0.421,0.201,0,0.212,20.0,22.222222222
0.667,0.56,0.155,0.421,0.251,0,0.141,20.0,22.222222222
0.667,0.583,0.184,0.421,0.251,0.333,0.141,20.0,22.222222222
0.472,0.592,0.159,0.421,0.195,0.133,0.141,20.0,22.222222222
0.333,0.594,0.155,0.517,0.16,0,0.0707,20.0,22.222222222
0.333,0.593,0.209,0.602,0.175,0,0,20.0,22.222222222
0.333,0.586,0.267,0.614,0.206,0,0.177,20.0,22.222222222
0.333,0.573,0.281,0.614,0.25,0,0.0707,20.0,22.222222222
0.528,0.549,0.278,0.694,0.318,0,0,20.0,22.222222222
0.667,0.563,0.0162,0.421,0.0528,0,0,20.0,22.222222222
0.778,0.554,0.0374,0.485,0.0765,0,0,20.0,22.222222222
0.861,0.561,0.0169,0.437,0.0535,0,0,18.333333333,22.222222222
1,0.55,0.0197,0.501,0.0565,0,0.0353,18.333333333,22.222222222
1,0.563,0.0162,0.421,0.0528,0,0,18.333333333,22.222222222
1,0.563,0.0162,0.421,0.0528,0,0,18.333333333,22.222222222
1,0.563,0.0162,0.421,0.0528,0,0,18.333333333,22.222222222
1,0.549,0.026,0.534,0.107,0.0833,0,18.333333333,22.222222222
0.972,0.548,0.0359,0.501,0.152,0.383,0,18.333333333,22.222222222
0.667,0.56,0.035,0.421,0.123,0.467,0.0707,18.333333333,22.222222222
0.667,0.553,0.0752,0.421,0.236,0,0.318,18.333333333,22.222222222
0.667,0.55,0.101,0.421,0.276,0,0.0353,20.0,22.222222222
0.667,0.55,0.111,0.421,0.266,0,0.247,20.0,22.222222222
0.639,0.555,0.0841,0.421,0.19,0,0.0353,20.0,22.222222222
0.611,0.554,0.1,0.421,0.193,0,0.305,20.0,22.222222222
0.917,0.545,0.189,0.421,0.325,0,0.186,20.0,22.222222222
0.667,0.56,0.155,0.421,0.251,0,0.348,20.0,22.222222222
0.556,0.578,0.154,0.421,0.218,0,0.194,20.0,22.222222222
0.5,0.597,0.173,0.421,0.204,0.467,0.231,20.0,22.222222222
0.361,0.597,0.168,0.53,0.169,0,0.0707,20.0,22.222222222
0.667,0.623,0.403,0.783,0.297,0,0.0707,20.0,22.222222222
0.667,0.609,0.518,0.807,0.359,0,0.0353,20.0,22.222222222
0.778,0.582,0.61,0.855,0.502,0,0,20.0,22.222222222
1,0.549,0.398,0.791,0.423,0,0,20.0,22.222222222
1,0.541,0.118,0.614,0.167,0,0,20.0,22.222222222
1,0.561,0.0236,0.437,0.0587,0,0,20.0,22.222222222
1,0.563,0.0185,0.421,0.0528,0,0,18.333333333,22.222222222
1,0.55,0.0198,0.501,0.0528,0,0.106,18.333333333,22.222222222
1,0.531,0.0187,0.614,0.0528,0,0.0707,18.333333333,22.222222222
1,0.561,0.0185,0.437,0.0528,0,0,18.333333333,22.222222222
1,0.563,0.0185,0.421,0.0528,0,0,18.333333333,22.222222222
1,0.559,0.0206,0.453,0.0681,0,0.0938,18.333333333,22.222222222
0.861,0.556,0.0329,0.437,0.121,0,0.172,18.333333333,22.222222222
0.667,0.563,0.0185,0.421,0.0528,0,0,18.333333333,22.222222222
0.361,0.563,0.0185,0.421,0.0528,0,0,18.333333333,22.222222222
0.333,0.563,0.0185,0.421,0.0528,0,0,20.0,22.222222222
0.0278,0.563,0.0185,0.421,0.0528,0,0,20.0,22.222222222
0,0.563,0.0185,0.421,0.0528,0,0,20.0,22.222222222
0,0.563,0.0185,0.421,0.0528,0,0,20.0,22.222222222
0,0.563,0.0185,0.421,0.0528,0,0,20.0,22.222222222
0.444,0.566,0.211,0.421,0.185,0,0.359,20.0,22.222222222
0.667,0.591,0.321,0.421,0.252,0,0.359,20.0,22.222222222
0.528,0.605,0.266,0.421,0.214,0,0.247,20.0,22.222222222
0.556,0.617,0.327,0.68,0.236,0,0.247,20.0,22.222222222
0.667,0.62,0.502,0.802,0.311,0,0.0707,20.0,22.222222222
0.667,0.603,0.594,0.807,0.384,0,0.116,20.0,22.222222222
0.667,0.569,0.38,0.678,0.335,0,0.0353,20.0,22.222222222
0.667,0.564,0.0409,0.437,0.0709,0,0,20.0,22.222222222
0.667,0.563,0.0185,0.421,0.0528,0,0,20.0,22.222222222
0.667,0.563,0.0185,0.421,0.0528,0,0,20.0,22.222222222
0.667,0.563,0.0185,0.421,0.0528,0,0,18.333333333,22.222222222
0.667,0.563,0.0185,0.421,0.0528,0,0,18.333333333,22.222222222
0.667,0.563,0.0185,0.421,0.0528,0,0,18.333333333,22.222222222
0.972,0.563,0.0185,0.421,0.0528,0,0,18.333333333,22.222222222
1,0.563,0.0185,0.421,0.0528,0,0,18.333333333,22.222222222
1,0.542,0.0297,0.598,0.137,0,0.445,18.333333333,22.222222222
0.861,0.551,0.0441,0.437,0.172,0,0.566,18.333333333,22.222222222
0.361,0.56,0.0409,0.421,0.113,0,0.148,18.333333333,22.222222222
0.111,0.561,0.039,0.421,0.0913,0,0,18.333333333,22.222222222
0,0.563,0.0185,0.421,0.0528,0,0,20.0,22.222222222
0,0.563,0.0185,0.421,0.0528,0,0,20.0,22.222222222
0,0.563,0.0185,0.421,0.0528,0,0,20.0,22.222222222
0,0.563,0.0185,0.421,0.0528,0,0,20.0,22.222222222
0.139,0.561,0.0728,0.421,0.094,0,0.177,20.0,22.222222222
0.333,0.563,0.0294,0.421,0.061,0,0,20.0,22.222222222
0.333,0.563,0.0185,0.421,0.0528,0,0,20.0,22.222222222
0.556,0.608,0.267,0.421,0.214,0.467,0.177,20.0,22.222222222
0.667,0.627,0.386,0.721,0.272,0,0.283,20.0,22.222222222
0.667,0.62,0.502,0.802,0.311,0,0.0707,20.0,22.222222222
0.667,0.603,0.594,0.807,0.384,0,0,20.0,22.222222222
0.667,0.57,0.559,0.807,0.48,0,0.206,20.0,22.222222222
0.972,0.55,0.216,0.63,0.249,0,0,20.0,22.222222222
1,0.562,0.0325,0.437,0.0673,0,0,20.0,22.222222222
1,0.563,0.0164,0.421,0.0528,0,0,20.0,22.222222222
1,0.563,0.0162,0.421,0.0528,0,0,18.333333333,22.222222222
1,0.563,0.0162,0.421,0.0528,0,0,18.333333333,22.222222222
1,0.563,0.0162,0.421,0.0528,0,0,18.333333333,22.222222222
1,0.544,0.018,0.534,0.0531,0,0.0707,18.333333333,22.222222222
1,0.528,0.0231,0.63,0.0724,0.467,0.106,18.333333333,22.222222222
0.972,0.533,0.0295,0.63,0.116,0,0.177,18.333333333,22.222222222
0.583,0.553,0.0394,0.421,0.164,0,0.0353,18.333333333,22.222222222
0.667,0.547,0.0748,0.421,0.294,0,0.128,18.333333333,22.222222222
0.667,0.55,0.0886,0.421,0.286,0,0.232,18.333333333,22.222222222
0.667,0.55,0.101,0.421,0.276,0.0833,0.293,20.0,22.222222222
0.389,0.556,0.0712,0.421,0.178,0.383,0.0353,20.0,22.222222222
0.611,0.551,0.111,0.421,0.239,0,0,20.0,22.222222222
0.667,0.55,0.131,0.421,0.252,0,0.353,20.0,22.222222222
0.778,0.55,0.142,0.421,0.251,0,0.106,20.0,22.222222222
1,0.56,0.213,0.421,0.333,0,0.0353,20.0,22.222222222
0.722,0.583,0.196,0.421,0.268,0,0.106,20.0,22.222222222
0.667,0.608,0.226,0.421,0.255,0,0.141,20.0,22.222222222
0.667,0.624,0.293,0.612,0.266,0,0,20.0,22.222222222
0.472,0.607,0.274,0.67,0.221,0,0.247,20.0,22.222222222
0.639,0.586,0.303,0.63,0.229,0,0.102,20.0,22.222222222
1,0.582,0.545,0.807,0.447,0,0.214,20.0,22.222222222
1,0.554,0.347,0.727,0.365,0,0,20.0,22.222222222
1,0.563,0.0162,0.421,0.0528,0,0,20.0,22.222222222
0.889,0.563,0.0162,0.421,0.0528,0,0,20.0,22.222222222
1,0.563,0.0162,0.421,0.0528,0,0,18.333333333,22.222222222
1,0.563,0.0162,0.421,0.0528,0,0,18.333333333,22.222222222
1,0.563,0.0162,0.421,0.0528,0,0,18.333333333,22.222222222
1,0.563,0.0162,0.421,0.0528,0,0,18.333333333,22.222222222
1,0.563,0.0162,0.421,0.0528,0,0,18.333333333,22.222222222
1,0.563,0.0162,0.421,0.0528,0,0,18.333333333,22.222222222
1,0.557,0.0309,0.421,0.123,0,0,18.333333333,22.222222222
1,0.554,0.0482,0.421,0.183,0,0.106,18.333333333,22.222222222
0.972,0.551,0.0853,0.421,0.276,0,0,18.333333333,22.222222222
0.667,0.557,0.0584,0.421,0.164,0.233,0.212,20.0,22.222222222
0.944,0.551,0.104,0.421,0.248,0,0.0707,20.0,22.222222222
1,0.55,0.119,0.421,0.257,0,0.177,20.0,22.222222222
1,0.546,0.166,0.421,0.309,0,0.106,20.0,22.222222222
1,0.544,0.205,0.421,0.349,0,0.141,20.0,22.222222222
0.806,0.558,0.182,0.421,0.292,0,0.0353,20.0,22.222222222
0.472,0.574,0.131,0.421,0.193,0,0,20.0,22.222222222
0.611,0.606,0.211,0.421,0.238,0,0.0353,20.0,22.222222222
0.667,0.624,0.293,0.612,0.266,0,0.542,20.0,22.222222222
0.667,0.623,0.403,0.783,0.297,0,0.177,20.0,22.222222222
0.667,0.609,0.518,0.807,0.359,0,0.0353,20.0,22.222222222
0.667,0.582,0.545,0.807,0.447,0,0,20.0,22.222222222
0.667,0.556,0.321,0.694,0.336,0,0.142,20.0,22.222222222
0.667,0.561,0.0419,0.453,0.0819,0,0,20.0,22.222222222
0.778,0.563,0.0162,0.421,0.0528,0,0,20.0,22.222222222
0.778,0.563,0.0162,0.421,0.0528,0,0,18.333333333,22.222222222
1,0.563,0.0162,0.421,0.0528,0,0,18.333333333,22.222222222
1,0.563,0.0162,0.421,0.0528,0,0,18.333333333,22.222222222
1,0.563,0.0162,0.421,0.0528,0,0,18.333333333,22.222222222
1,0.563,0.0162,0.421,0.0528,0,0,18.333333333,22.222222222
1,0.563,0.0162,0.421,0.0528,0,0,18.333333333,22.222222222
1,0.557,0.0309,0.421,0.123,0,0.0707,18.333333333,22.222222222
1,0.555,0.0455,0.421,0.173,0.0833,0.107,18.333333333,22.222222222
1,0.553,0.0752,0.421,0.236,0.617,0.0353,18.333333333,22.222222222
1,0.55,0.101,0.421,0.276,0,0.0707,20.0,22.222222222
0.972,0.547,0.136,0.421,0.318,0,0.177,20.0,22.222222222
0.667,0.55,0.119,0.421,0.257,0,0.53,20.0,22.222222222
0.667,0.55,0.131,0.421,0.252,0,0.283,20.0,22.222222222
0.667,0.55,0.142,0.421,0.251,0,0.141,20.0,22.222222222
0.667,0.56,0.155,0.421,0.251,0,0.212,20.0,22.222222222
0.667,0.583,0.184,0.421,0.251,0.233,0.141,20.0,22.222222222
0.667,0.608,0.226,0.421,0.255,0,0.106,20.0,22.222222222
0.667,0.624,0.293,0.612,0.266,0,0,20.0,22.222222222
0.667,0.623,0.403,0.783,0.297,0.333,0,20.0,22.222222222
0.667,0.609,0.518,0.807,0.359,0.133,0.141,20.0,22.222222222
0.667,0.582,0.545,0.807,0.447,0,0.21,20.0,22.222222222
0.667,0.55,0.386,0.775,0.409,0,0,20.0,22.222222222
0.861,0.549,0.048,0.518,0.0883,0,0.0873,20.0,22.222222222
1,0.563,0.0162,0.421,0.0528,0,0,20.0,22.222222222
1,0.563,0.0162,0.421,0.0528,0,0,18.333333333,22.222222222
1,0.563,0.0162,0.421,0.0528,0,0,18.333333333,22.222222222
1,0.563,0.0162,0.421,0.0528,0,0,18.333333333,22.222222222
0.972,0.547,0.0177,0.518,0.0531,0,0.132,18.333333333,22.222222222
0.667,0.563,0.0162,0.421,0.0528,0,0,18.333333333,22.222222222
0.667,0.563,0.0162,0.421,0.0528,0,0,18.333333333,22.222222222
0.667,0.563,0.0162,0.421,0.0528,0,0,18.333333333,22.222222222
0.667,0.56,0.035,0.421,0.123,0,0.169,18.333333333,22.222222222
0.667,0.557,0.0524,0.421,0.169,0,0.227,18.333333333,22.222222222
0.861,0.549,0.11,0.421,0.293,0,0.294,20.0,22.222222222
0.611,0.551,0.101,0.421,0.251,0,0.0707,20.0,22.222222222
0.333,0.557,0.0678,0.421,0.155,0,0.177,20.0,22.222222222
0.528,0.553,0.109,0.421,0.21,0,0.0707,20.0,22.222222222
0.667,0.55,0.142,0.421,0.251,0,0.177,20.0,22.222222222
0.944,0.56,0.213,0.421,0.333,0,0.164,20.0,22.222222222
1,0.592,0.268,0.421,0.351,0,0.461,20.0,22.222222222
0.722,0.611,0.241,0.421,0.271,0,0.0144,20.0,22.222222222
0.667,0.624,0.293,0.612,0.266,0,0.106,20.0,22.222222222
0.667,0.623,0.403,0.783,0.297,0.233,0.0353,20.0,22.222222222
0.667,0.609,0.518,0.807,0.359,0,0.0353,20.0,22.222222222
0.667,0.582,0.545,0.807,0.447,0,0.0707,20.0,22.222222222
0.944,0.549,0.463,0.839,0.477,0,0,20.0,22.222222222
1,0.561,0.0419,0.453,0.0819,0,0,20.0,22.222222222
0.889,0.563,0.0162,0.421,0.0528,0,0,20.0,22.222222222
1,0.563,0.0162,0.421,0.0528,0,0,18.333333333,22.222222222
1,0.563,0.0162,0.421,0.0528,0,0,18.333333333,22.222222222
1,0.563,0.0162,0.421,0.0528,0,0,18.333333333,22.222222222
1,0.563,0.0162,0.421,0.0528,0,0,18.333333333,22.222222222
1,0.563,0.0162,0.421,0.0528,0,0,18.333333333,22.222222222
1,0.563,0.0162,0.421,0.0528,0,0,18.333333333,22.222222222
1,0.563,0.0162,0.421,0.0528,0,0,18.333333333,22.222222222
1,0.56,0.035,0.421,0.123,0,0.0707,18.333333333,22.222222222
0.917,0.555,0.0654,0.421,0.207,0,0.177,18.333333333,22.222222222
0.917,0.552,0.0895,0.421,0.249,0,0.0353,20.0,22.222222222
1,0.55,0.115,0.421,0.275,0.0833,0.106,20.0,22.222222222
1,0.544,0.171,0.421,0.358,0.15,0.141,20.0,22.222222222
0.972,0.544,0.183,0.421,0.343,0,0.212,20.0,22.222222222
0.778,0.548,0.163,0.421,0.283,0,0.685,20.0,22.222222222
1,0.559,0.224,0.421,0.349,0,0.22,20.0,22.222222222
0.889,0.587,0.237,0.421,0.317,0,0.239,20.0,22.222222222
0.278,0.576,0.0928,0.421,0.136,0,0.133,20.0,22.222222222
0.0278,0.566,0.0292,0.435,0.062,0,0.0353,20.0,22.222222222
0.528,0.609,0.338,0.714,0.251,0,0.101,20.0,22.222222222
0.667,0.608,0.495,0.791,0.345,0,0.171,20.0,22.222222222
0.667,0.571,0.13,0.501,0.123,0,0,20.0,22.222222222
0.667,0.563,0.0162,0.421,0.0528,0,0,20.0,22.222222222
0.667,0.563,0.0162,0.421,0.0528,0,0,20.0,22.222222222
0.972,0.547,0.0321,0.518,0.066,0,0.123,20.0,22.222222222
1,0.563,0.0185,0.421,0.0528,0,0,18.333333333,22.222222222
1,0.563,0.0185,0.421,0.0528,0,0,18.333333333,22.222222222
1,0.55,0.0185,0.501,0.0528,0,0.344,18.333333333,22.222222222
1,0.561,0.0185,0.437,0.0528,0,0,18.333333333,22.222222222
1,0.55,0.0204,0.501,0.0649,0.233,0,18.333333333,22.222222222
1,0.539,0.0301,0.614,0.14,0,0.177,18.333333333,22.222222222
1,0.541,0.0687,0.437,0.283,0,0.233,18.333333333,22.222222222
1,0.549,0.111,0.421,0.293,0,0.141,18.333333333,22.222222222
0.861,0.553,0.12,0.421,0.234,0,0.247,18.333333333,22.222222222
0.528,0.56,0.0639,0.421,0.117,0,0.0707,20.0,22.222222222
0.333,0.563,0.0185,0.421,0.0528,0,0,20.0,22.222222222
0.333,0.563,0.0185,0.421,0.0528,0,0,20.0,22.222222222
0.333,0.563,0.0185,0.421,0.0528,0,0,20.0,22.222222222
0.333,0.563,0.0185,0.421,0.0528,0,0,20.0,22.222222222
0.333,0.563,0.0185,0.421,0.0528,0,0,20.0,22.222222222
0.556,0.58,0.183,0.421,0.161,0.233,0.233,20.0,22.222222222
0.361,0.591,0.188,0.421,0.163,0,0,20.0,22.222222222
0.639,0.625,0.373,0.721,0.263,0,0.177,20.0,22.222222222
0.667,0.601,0.338,0.673,0.224,0,0.141,20.0,22.222222222
0.667,0.569,0.0876,0.469,0.0918,0,0,20.0,22.222222222
0.667,0.567,0.289,0.614,0.266,0,0,20.0,22.222222222
0.889,0.539,0.305,0.743,0.347,0,0.142,20.0,22.222222222
1,0.514,0.168,0.775,0.2,0,0.0762,20.0,22.222222222
1,0.561,0.0246,0.437,0.0587,0,0,20.0,22.222222222
1,0.563,0.0185,0.421,0.0528,0,0,18.333333333,22.222222222
1,0.563,0.0185,0.421,0.0528,0,0,18.333333333,22.222222222
1,0.563,0.0185,0.421,0.0528,0,0,18.333333333,22.222222222
1,0.563,0.0185,0.421,0.0528,0,0,18.333333333,22.222222222
1,0.563,0.0185,0.421,0.0528,0,0,18.333333333,22.222222222
1,0.563,0.0185,0.421,0.0528,0,0,18.333333333,22.222222222
1,0.563,0.0185,0.421,0.0528,0,0,18.333333333,22.222222222
0.389,0.563,0.0185,0.421,0.0528,0,0,18.333333333,22.222222222
0.333,0.563,0.0185,0.421,0.0528,0,0,18.333333333,22.222222222
0.333,0.557,0.0916,0.421,0.154,0,0.106,20.0,22.222222222
0.111,0.561,0.0472,0.421,0.088,0,0,20.0,22.222222222
0.139,0.561,0.0581,0.421,0.0945,0,0.106,20.0,22.222222222
0.194,0.56,0.0832,0.421,0.111,0,0.0353,20.0,22.222222222
0,0.563,0.0185,0.421,0.0528,0,0,20.0,22.222222222
0,0.563,0.0185,0.421,0.0528,0,0,20.0,22.222222222
0.444,0.583,0.221,0.421,0.185,0.417,0.106,20.0,22.222222222
0.667,0.617,0.332,0.421,0.256,0.05,0.244,20.0,22.222222222
0.528,0.614,0.309,0.653,0.226,0,0.141,20.0,22.222222222
0.389,0.596,0.301,0.644,0.204,0,0.189,20.0,22.222222222
0.806,0.611,0.715,0.887,0.454,0,0.253,20.0,22.222222222
1,0.574,0.829,1,0.693,0,0.0972,20.0,22.222222222
1,0.528,0.475,0.92,0.514,0,0.371,20.0,22.222222222
1,0.535,0.113,0.63,0.147,0,0.141,20.0,22.222222222
0.944,0.552,0.0437,0.501,0.0824,0,0,20.0,22.222222222
1,0.563,0.0162,0.421,0.0528,0,0,18.333333333,22.222222222
1,0.563,0.0162,0.421,0.0528,0,0,18.333333333,22.222222222
1,0.563,0.0162,0.421,0.0528,0,0,18.333333333,22.222222222
1,0.563,0.0162,0.421,0.0528,0,0,18.333333333,22.222222222
1,0.563,0.0162,0.421,0.0528,0,0,18.333333333,22.222222222
1,0.563,0.0162,0.421,0.0528,0,0,18.333333333,22.222222222
1,0.557,0.0309,0.421,0.123,0,0.275,18.333333333,22.222222222
1,0.551,0.0669,0.421,0.253,0,0.374,18.333333333,22.222222222
0.694,0.55,0.089,0.421,0.298,0,0.171,18.333333333,22.222222222
0.333,0.557,0.0584,0.421,0.164,0,0.141,20.0,22.222222222
0.417,0.555,0.0749,0.421,0.187,0,0.212,20.0,22.222222222
0.333,0.557,0.0678,0.421,0.155,0.0833,0.141,20.0,22.222222222
0.528,0.553,0.109,0.421,0.21,0.617,0.106,20.0,22.222222222
0.694,0.55,0.147,0.421,0.259,0,0,20.0,22.222222222
1,0.559,0.224,0.421,0.349,0.233,0.0707,20.0,22.222222222
1,0.592,0.268,0.421,0.351,0.0833,0.0707,20.0,22.222222222
0.722,0.611,0.241,0.421,0.271,0.617,0.0707,20.0,22.222222222
0.389,0.598,0.174,0.517,0.177,0,0.0707,20.0,22.222222222
0.333,0.593,0.209,0.602,0.175,0,0,20.0,22.222222222
0.333,0.586,0.267,0.614,0.206,0,0.0707,20.0,22.222222222
0.444,0.573,0.367,0.678,0.323,0,0,20.0,22.222222222
0.667,0.549,0.398,0.791,0.423,0,0.0353,20.0,22.222222222
0.667,0.541,0.118,0.614,0.167,0,0,20.0,22.222222222
1,0.561,0.0215,0.437,0.0587,0,0,20.0,22.222222222
1,0.563,0.0162,0.421,0.0528,0,0,18.333333333,22.222222222
1,0.563,0.0162,0.421,0.0528,0,0,18.333333333,22.222222222
1,0.563,0.0162,0.421,0.0528,0,0,18.333333333,22.222222222
0.806,0.563,0.0162,0.421,0.0528,0,0,18.333333333,22.222222222
0.667,0.563,0.0162,0.421,0.0528,0,0,18.333333333,22.222222222
0.667,0.561,0.0176,0.437,0.0605,0.0833,0,18.333333333,22.222222222
0.667,0.541,0.0527,0.501,0.233,0.617,0.274,18.333333333,22.222222222
0.667,0.547,0.0748,0.421,0.294,0,0.266,18.333333333,22.222222222
0.667,0.55,0.0886,0.421,0.286,0,0.178,18.333333333,22.222222222
0.667,0.55,0.101,0.421,0.276,0,0.0353,20.0,22.222222222
0.667,0.55,0.111,0.421,0.266,0,0,20.0,22.222222222
0.667,0.55,0.119,0.421,0.257,0,0.0707,20.0,22.222222222
0.667,0.55,0.131,0.421,0.252,0,0.0353,20.0,22.222222222
0.667,0.55,0.142,0.421,0.251,0,0.339,20.0,22.222222222
0.667,0.56,0.155,0.421,0.251,0,0.334,20.0,22.222222222
0.667,0.583,0.184,0.421,0.251,0.0833,0.177,20.0,22.222222222
0.667,0.608,0.226,0.421,0.255,0.383,0.106,20.0,22.222222222
0.667,0.624,0.293,0.612,0.266,0,0.141,20.0,22.222222222
0.667,0.623,0.403,0.783,0.297,0,0.0707,20.0,22.222222222
0.667,0.609,0.518,0.807,0.359,0,0,20.0,22.222222222
0.694,0.582,0.567,0.823,0.465,0,0.0637,20.0,22.222222222
1,0.544,0.557,0.936,0.572,0,0.095,20.0,22.222222222
1,0.537,0.176,0.678,0.234,0,0.221,20.0,22.222222222
0.889,0.554,0.0374,0.485,0.0765,0,0.129,20.0,22.222222222
1,0.563,0.0162,0.421,0.0528,0,0,18.333333333,22.222222222
1,0.563,0.0162,0.421,0.0528,0,0,18.333333333,22.222222222
1,0.563,0.0162,0.421,0.0528,0,0,18.333333333,22.222222222
1,0.563,0.0162,0.421,0.0528,0,0,18.333333333,22.222222222
1,0.563,0.0162,0.421,0.0528,0,0,18.333333333,22.222222222
0.806,0.541,0.0281,0.582,0.114,0.0833,0.316,18.333333333,22.222222222
0.667,0.541,0.0527,0.501,0.233,0.383,0.373,18.333333333,22.222222222
0.639,0.547,0.0721,0.421,0.284,0,0.0808,18.333333333,22.222222222
0.333,0.557,0.0524,0.421,0.169,0,0.151,18.333333333,22.222222222
0.333,0.557,0.0584,0.421,0.164,0,0.185,20.0,22.222222222
0.333,0.557,0.0638,0.421,0.159,0,0.0137,20.0,22.222222222
0.333,0.557,0.0678,0.421,0.155,0,0.177,20.0,22.222222222
0.333,0.557,0.0735,0.421,0.152,0,0.283,20.0,22.222222222
0.611,0.551,0.132,0.421,0.234,0,0.106,20.0,22.222222222
0.667,0.56,0.155,0.421,0.251,0,0.212,20.0,22.222222222
0.667,0.583,0.184,0.421,0.251,0,0.0707,20.0,22.222222222
0.667,0.608,0.226,0.421,0.255,0,0,20.0,22.222222222
0.667,0.624,0.293,0.612,0.266,0,0.0353,20.0,22.222222222
0.667,0.623,0.403,0.783,0.297,0,0,20.0,22.222222222
0.667,0.609,0.518,0.807,0.359,0,0.0707,20.0,22.222222222
0.667,0.582,0.545,0.807,0.447,0,0,20.0,22.222222222
0.667,0.547,0.411,0.807,0.438,0,0.121,20.0,22.222222222
0.667,0.534,0.182,0.694,0.24,0,0.131,20.0,22.222222222
0.806,0.548,0.0379,0.518,0.0772,0,0.241,20.0,22.222222222
1,0.563,0.0162,0.421,0.0528,0,0.146,18.333333333,22.222222222
1,0.563,0.0162,0.421,0.0528,0,0,18.333333333,22.222222222
1,0.563,0.0162,0.421,0.0528,0,0,18.333333333,22.222222222
1,0.563,0.0162,0.421,0.0528,0,0,18.333333333,22.222222222
1,0.563,0.0162,0.421,0.0528,0,0,18.333333333,22.222222222
1,0.563,0.0162,0.421,0.0528,0,0,18.333333333,22.222222222
1,0.557,0.0309,0.421,0.123,0.583,0.318,18.333333333,22.222222222
1,0.551,0.0643,0.421,0.243,0.117,0.126,18.333333333,22.222222222
0.889,0.549,0.0984,0.421,0.314,0,0.216,18.333333333,22.222222222
0.778,0.548,0.115,0.421,0.313,0,0.271,20.0,22.222222222
0.806,0.547,0.13,0.421,0.312,0,0.0707,20.0,22.222222222
0.667,0.55,0.119,0.421,0.257,0,0,20.0,22.222222222
0.75,0.549,0.146,0.421,0.276,0,0.0353,20.0,22.222222222
0.583,0.552,0.127,0.421,0.226,0,0.0707,20.0,22.222222222
0.667,0.56,0.155,0.421,0.251,0,0.0707,20.0,22.222222222
0.917,0.591,0.248,0.421,0.326,0,0.0353,20.0,22.222222222
0.861,0.625,0.293,0.421,0.314,0.233,0.0353,20.0,22.222222222
0.806,0.636,0.34,0.612,0.309,0,0.177,20.0,22.222222222
0.667,0.623,0.403,0.783,0.297,0,0.0353,20.0,22.222222222
0.667,0.609,0.518,0.807,0.359,0,0.0353,20.0,22.222222222
0.667,0.582,0.545,0.807,0.447,0,0,20.0,22.222222222
0.778,0.551,0.373,0.759,0.394,0.333,0,20.0,22.222222222
1,0.534,0.182,0.694,0.24,0.6,0,20.0,22.222222222
1,0.563,0.0162,0.421,0.0528,0,0,20.0,22.222222222
1,0.563,0.0162,0.421,0.0528,0,0,18.333333333,22.222222222
1,0.563,0.0162,0.421,0.0528,0,0,18.333333333,22.222222222
1,0.563,0.0162,0.421,0.0528,0,0,18.333333333,22.222222222
1,0.563,0.0162,0.421,0.0528,0,0,18.333333333,22.222222222
1,0.544,0.0211,0.534,0.0698,0.583,0.0353,18.333333333,22.222222222
1,0.536,0.0295,0.614,0.119,0.117,0,18.333333333,22.222222222
1,0.547,0.038,0.501,0.162,0,0,18.333333333,22.222222222
1,0.555,0.0455,0.421,0.173,0,0,18.333333333,22.222222222
1,0.557,0.0524,0.421,0.169,0,0.132,18.333333333,22.222222222
1,0.557,0.0584,0.421,0.164,0,0.311,20.0,22.222222222
1,0.553,0.0928,0.421,0.22,0.0833,0.539,20.0,22.222222222
1,0.55,0.119,0.421,0.257,0.617,0.437,20.0,22.222222222
1,0.546,0.166,0.421,0.309,0,0.477,20.0,22.222222222
1,0.544,0.205,0.421,0.349,0,0.198,20.0,22.222222222
0.806,0.558,0.182,0.421,0.292,0.233,0.252,20.0,22.222222222
0.667,0.583,0.184,0.421,0.251,0,0.0353,20.0,22.222222222
0.694,0.611,0.236,0.421,0.263,0,0.0353,20.0,22.222222222
0.972,0.652,0.418,0.694,0.364,0,0.0353,20.0,22.222222222
0.778,0.63,0.458,0.831,0.33,0,0.0353,20.0,22.222222222
1,0.609,0.518,0.807,0.359,0,0.0353,20.0,22.222222222
0.833,0.581,0.394,0.694,0.32,0,0.0707,20.0,22.222222222
1,0.564,0.124,0.501,0.143,0,0.113,20.0,22.222222222
1,0.563,0.0162,0.421,0.0528,0,0,20.0,22.222222222
1,0.563,0.0183,0.421,0.0528,0,0,20.0,22.222222222
1,0.563,0.0185,0.421,0.0528,0,0,18.333333333,22.222222222
1,0.563,0.0185,0.421,0.0528,0,0,18.333333333,22.222222222
1,0.563,0.0185,0.421,0.0528,0,0,18.333333333,22.222222222
1,0.547,0.0197,0.518,0.0531,0,0.173,18.333333333,22.222222222
1,0.563,0.0185,0.421,0.0528,0,0,18.333333333,22.222222222
1,0.563,0.0185,0.421,0.0528,0,0,18.333333333,22.222222222
1,0.559,0.0297,0.421,0.103,0.417,0.0707,18.333333333,22.222222222
1,0.554,0.0851,0.421,0.223,0.767,0.106,18.333333333,22.222222222
0.694,0.556,0.087,0.421,0.177,0,0.0707,18.333333333,22.222222222
0.444,0.561,0.0439,0.421,0.0898,0,0.0707,20.0,22.222222222
0.333,0.557,0.0993,0.421,0.148,0,0.0353,20.0,22.222222222
0.333,0.557,0.113,0.421,0.153,0,0.0353,20.0,22.222222222
0.167,0.56,0.0737,0.421,0.102,0,0.472,20.0,22.222222222
0.333,0.557,0.147,0.421,0.152,0,0.245,20.0,22.222222222
0.278,0.564,0.137,0.421,0.135,0,0.106,20.0,22.222222222
0.0556,0.566,0.0438,0.421,0.0694,0,0.0707,20.0,22.222222222
0.333,0.59,0.175,0.421,0.155,0,0.0707,20.0,22.222222222
0.389,0.601,0.233,0.598,0.181,0.467,0.106,20.0,22.222222222
0.667,0.62,0.502,0.802,0.311,0,0.189,20.0,22.222222222
0.667,0.603,0.594,0.807,0.384,0,0.174,20.0,22.222222222
0.667,0.569,0.402,0.694,0.353,0,0.163,20.0,22.222222222
0.667,0.563,0.0185,0.421,0.0528,0,0,20.0,22.222222222
0.667,0.563,0.0185,0.421,0.0528,0,0,20.0,22.222222222
0.667,0.563,0.0185,0.421,0.0528,0,0,20.0,22.222222222
0.889,0.563,0.0185,0.421,0.0528,0,0,18.333333333,22.222222222
1,0.563,0.0185,0.421,0.0528,0,0,18.333333333,22.222222222
1,0.563,0.0185,0.421,0.0528,0,0,18.333333333,22.222222222
0.694,0.563,0.0185,0.421,0.0528,0,0,18.333333333,22.222222222
0.667,0.563,0.0185,0.421,0.0528,0,0,18.333333333,22.222222222
0.667,0.563,0.0185,0.421,0.0528,0,0,18.333333333,22.222222222
0.667,0.552,0.0432,0.421,0.163,0,0.357,18.333333333,22.222222222
0.667,0.554,0.0732,0.421,0.19,0,0.163,18.333333333,22.222222222
0.667,0.548,0.148,0.421,0.276,0,0.314,18.333333333,22.222222222
0.361,0.555,0.103,0.421,0.17,0,0.285,20.0,22.222222222
0.333,0.555,0.106,0.421,0.155,0,0.182,20.0,22.222222222
0.333,0.555,0.113,0.421,0.151,0,0.284,20.0,22.222222222
0.333,0.555,0.131,0.421,0.149,0,0.267,20.0,22.222222222
0.556,0.55,0.235,0.421,0.213,0,0.141,20.0,22.222222222
0.667,0.563,0.305,0.421,0.245,0,0.177,20.0,22.222222222
0.667,0.588,0.322,0.421,0.246,0,0.389,20.0,22.222222222
0.667,0.596,0.228,0.421,0.185,0,0.0707,20.0,22.222222222
0.667,0.606,0.281,0.639,0.205,0.417,0.0353,20.0,22.222222222
0.833,0.63,0.627,0.899,0.373,0.05,0,20.0,22.222222222
0.667,0.6,0.595,0.807,0.382,0,0,20.0,22.222222222
0.722,0.567,0.359,0.662,0.316,0,0,20.0,22.222222222
1,0.533,0.371,0.807,0.408,0,0,20.0,22.222222222
1,0.519,0.15,0.727,0.182,0,0,20.0,22.222222222
1,0.53,0.0436,0.614,0.0829,0,0,20.0,22.222222222
1,0.552,0.0202,0.485,0.0572,0,0,18.333333333,22.222222222
1,0.563,0.0162,0.421,0.0528,0,0,18.333333333,22.222222222
1,0.563,0.0162,0.421,0.0528,0,0,18.333333333,22.222222222
1,0.563,0.0162,0.421,0.0528,0,0,18.333333333,22.222222222
1,0.563,0.0162,0.421,0.0528,0,0,18.333333333,22.222222222
1,0.563,0.0162,0.421,0.0528,0,0,18.333333333,22.222222222
1,0.563,0.0162,0.421,0.0528,0,0,18.333333333,22.222222222
1,0.549,0.0754,0.421,0.269,0,0.318,18.333333333,22.222222222
1,0.548,0.0935,0.421,0.276,0,0.212,18.333333333,22.222222222
1,0.548,0.104,0.421,0.268,0,0.0353,20.0,22.222222222
0.861,0.544,0.14,0.421,0.308,0,0.0353,20.0,22.222222222
0.75,0.546,0.135,0.421,0.273,0,0,20.0,22.222222222
0.5,0.552,0.106,0.421,0.197,0,0.0707,20.0,22.222222222
0.667,0.551,0.118,0.421,0.205,0,0.283,20.0,22.222222222
0.667,0.563,0.0885,0.421,0.149,0,0.106,20.0,22.222222222
0.667,0.576,0.107,0.421,0.15,0,0.141,20.0,22.222222222
0.667,0.589,0.129,0.421,0.152,0,0.0353,20.0,22.222222222
0.667,0.594,0.169,0.571,0.16,0,0.0353,20.0,22.222222222
0.667,0.59,0.232,0.612,0.18,0,0.0353,20.0,22.222222222
0.667,0.582,0.286,0.614,0.218,0,0.0353,20.0,22.222222222
0.806,0.566,0.514,0.791,0.464,0,0,20.0,22.222222222
1,0.555,0.137,0.55,0.176,0,0,20.0,22.222222222
1,0.563,0.0162,0.421,0.0528,0,0,20.0,22.222222222
1,0.563,0.0162,0.421,0.0528,0,0,20.0,22.222222222
1,0.563,0.0162,0.421,0.0528,0,0,18.333333333,22.222222222
1,0.563,0.0162,0.421,0.0528,0,0,18.333333333,22.222222222
1,0.563,0.0162,0.421,0.0528,0,0,18.333333333,22.222222222
1,0.563,0.0162,0.421,0.0528,0,0,18.333333333,22.222222222
1,0.563,0.0162,0.421,0.0528,0,0,18.333333333,22.222222222
1,0.54,0.0317,0.598,0.136,0,0.141,18.333333333,22.222222222
1,0.561,0.0176,0.437,0.0604,0,0,18.333333333,22.222222222
1,0.56,0.0297,0.421,0.102,0,0.121,18.333333333,22.222222222
1,0.555,0.0548,0.421,0.165,0,0.357,18.333333333,22.222222222
0.694,0.555,0.0603,0.421,0.16,0.467,0.0945,20.0,22.222222222
0.667,0.555,0.0657,0.421,0.155,0,0,20.0,22.222222222
0.667,0.548,0.118,0.421,0.24,0,0.141,20.0,22.222222222
0.667,0.548,0.136,0.421,0.246,0.233,0.177,20.0,22.222222222
0.667,0.548,0.145,0.421,0.245,0,0.106,20.0,22.222222222
0.667,0.563,0.161,0.421,0.245,0,0.0707,20.0,22.222222222
0.611,0.586,0.182,0.421,0.23,0,0.0707,20.0,22.222222222
0.472,0.6,0.177,0.421,0.193,0,0.58,20.0,22.222222222
0.444,0.604,0.217,0.612,0.195,0,0,20.0,22.222222222
0.333,0.59,0.232,0.612,0.18,0.467,0,20.0,22.222222222
0.333,0.582,0.286,0.614,0.218,0,0.0353,20.0,22.222222222
0.333,0.565,0.277,0.614,0.266,0,0.0707,20.0,22.222222222
0.333,0.561,0.0636,0.469,0.0998,0,0.142,20.0,22.222222222
0.694,0.542,0.0716,0.566,0.115,0,0.0285,20.0,22.222222222
1,0.561,0.0215,0.437,0.0587,0,0,20.0,22.222222222
1,0.563,0.0162,0.421,0.0528,0,0,18.333333333,22.222222222
1,0.563,0.0162,0.421,0.0528,0,0,18.333333333,22.222222222
1,0.563,0.0162,0.421,0.0528,0,0,18.333333333,22.222222222
1,0.563,0.0162,0.421,0.0528,0,0,18.333333333,22.222222222
1,0.558,0.0176,0.453,0.0576,0,0.117,18.333333333,22.222222222
0.944,0.542,0.0296,0.582,0.123,0,0,18.333333333,22.222222222
0.806,0.547,0.05,0.421,0.212,0,0.172,18.333333333,22.222222222
1,0.54,0.109,0.421,0.397,0,0.271,18.333333333,22.222222222
0.694,0.547,0.0961,0.421,0.286,0,0.0353,18.333333333,22.222222222
0.667,0.548,0.104,0.421,0.268,0,0.106,20.0,22.222222222
0.667,0.548,0.115,0.421,0.257,0,0.177,20.0,22.222222222
0.667,0.548,0.122,0.421,0.248,0.233,0.0707,20.0,22.222222222
0.667,0.548,0.136,0.421,0.246,0,0.0707,20.0,22.222222222
0.667,0.548,0.145,0.421,0.245,0,0.0353,20.0,22.222222222
0.667,0.563,0.161,0.421,0.245,0,0.141,20.0,22.222222222
0.667,0.588,0.198,0.421,0.246,0.167,0.217,20.0,22.222222222
0.667,0.614,0.242,0.421,0.251,0.3,0.12,20.0,22.222222222
0.667,0.624,0.321,0.721,0.267,0,0.157,20.0,22.222222222
0.667,0.606,0.355,0.722,0.254,0,0,20.0,22.222222222
0.667,0.582,0.286,0.614,0.218,0,0.106,20.0,22.222222222
0.667,0.565,0.277,0.614,0.266,0,0.126,20.0,22.222222222
0.806,0.541,0.244,0.694,0.303,0.417,0.0668,20.0,22.222222222
1,0.534,0.1,0.63,0.147,0.283,0,20.0,22.222222222
1,0.544,0.0331,0.534,0.0719,0,0,20.0,22.222222222
1,0.563,0.0162,0.421,0.0528,0,0,18.333333333,22.222222222
1,0.563,0.0162,0.421,0.0528,0,0,18.333333333,22.222222222
1,0.563,0.0162,0.421,0.0528,0,0,18.333333333,22.222222222
1,0.563,0.0162,0.421,0.0528,0,0,18.333333333,22.222222222
1,0.563,0.0162,0.421,0.0528,0,0,18.333333333,22.222222222
1,0.563,0.0162,0.421,0.0528,0,0,18.333333333,22.222222222
1,0.541,0.0627,0.421,0.272,0.417,0.177,18.333333333,22.222222222
1,0.547,0.0796,0.421,0.289,0.05,0.106,18.333333333,22.222222222
1,0.54,0.129,0.421,0.378,0.233,0.185,18.333333333,22.222222222
1,0.54,0.149,0.421,0.375,0,0,20.0,22.222222222
1,0.54,0.165,0.421,0.359,0,0.191,20.0,22.222222222
0.556,0.55,0.104,0.421,0.216,0,0.101,20.0,22.222222222
0.333,0.555,0.0763,0.421,0.149,0,0.281,20.0,22.222222222
0.389,0.554,0.0912,0.421,0.165,0,0.412,20.0,22.222222222
0.972,0.564,0.228,0.421,0.334,0,0.194,20.0,22.222222222
1,0.601,0.288,0.421,0.343,0,0.158,20.0,22.222222222
0.778,0.622,0.278,0.421,0.284,0,0.368,20.0,22.222222222
0.444,0.604,0.217,0.612,0.195,0,0.409,20.0,22.222222222
0.333,0.586,0.195,0.579,0.159,0,0.203,20.0,22.222222222
0.333,0.58,0.267,0.598,0.207,0,0.177,20.0,22.222222222
0.472,0.566,0.385,0.694,0.356,0,0.249,20.0,22.222222222
0.667,0.533,0.343,0.807,0.408,0,0.139,20.0,22.222222222
0.972,0.507,0.159,0.807,0.212,0,0.326,20.0,22.222222222
1,0.497,0.0691,0.807,0.113,0,0.133,20.0,22.222222222
1,0.527,0.0278,0.63,0.0653,0,0,18.333333333,22.222222222
1,0.535,0.0181,0.582,0.0535,0,0,18.333333333,22.222222222
1,0.563,0.0162,0.421,0.0528,0,0,18.333333333,22.222222222
0.694,0.563,0.0162,0.421,0.0528,0,0,18.333333333,22.222222222
0.667,0.563,0.0162,0.421,0.0528,0,0,18.333333333,22.222222222
0.667,0.553,0.0233,0.501,0.0907,0,0.243,18.333333333,22.222222222
0.611,0.552,0.0366,0.437,0.15,0,0.0718,18.333333333,22.222222222
0.556,0.551,0.0673,0.421,0.239,0.667,0.177,18.333333333,22.222222222
0.667,0.548,0.0935,0.421,0.276,0.0333,0.177,18.333333333,22.222222222
0.667,0.548,0.104,0.421,0.268,0,0.141,20.0,22.222222222
0.667,0.548,0.115,0.421,0.257,0,0.0707,20.0,22.222222222
0.667,0.548,0.122,0.421,0.248,0,0,20.0,22.222222222
0.667,0.548,0.136,0.421,0.246,0,0.32,20.0,22.222222222
0.722,0.546,0.155,0.421,0.261,0,0.178,20.0,22.222222222
0.944,0.563,0.221,0.421,0.326,0,0.247,20.0,22.222222222
0.722,0.591,0.213,0.421,0.263,0.167,0,20.0,22.222222222
0.694,0.615,0.249,0.421,0.259,1,0.106,20.0,22.222222222
0.75,0.632,0.36,0.762,0.294,0,0,20.0,22.222222222
0.667,0.617,0.447,0.802,0.308,0,0.0353,20.0,22.222222222
0.667,0.6,0.555,0.807,0.382,0,0,20.0,22.222222222
0.667,0.568,0.537,0.807,0.478,0,0,20.0,22.222222222
0.806,0.526,0.407,0.887,0.48,0,0,20.0,22.222222222
1,0.491,0.204,0.92,0.262,0,0.106,20.0,22.222222222
1,0.542,0.0428,0.55,0.0778,0,0.0707,20.0,22.222222222
1,0.563,0.0185,0.421,0.0528,0,0,18.333333333,22.222222222
1,0.563,0.0185,0.421,0.0528,0,0,18.333333333,22.222222222
1,0.563,0.0185,0.421,0.0528,0,0,18.333333333,22.222222222
1,0.563,0.0185,0.421,0.0528,0,0,18.333333333,22.222222222
1,0.563,0.0185,0.421,0.0528,0,0,18.333333333,22.222222222
0.778,0.557,0.0216,0.469,0.0755,0,0.41,18.333333333,22.222222222
0.889,0.555,0.0365,0.421,0.133,0.467,0.189,18.333333333,22.222222222
1,0.555,0.0652,0.421,0.171,0,0.497,18.333333333,22.222222222
0.694,0.548,0.144,0.421,0.267,0,0.158,18.333333333,22.222222222
0.667,0.548,0.176,0.421,0.268,0,0.0933,20.0,22.222222222
0.139,0.56,0.054,0.421,0.0961,0,0.0707,20.0,22.222222222
0.0833,0.561,0.0424,0.421,0.0772,0,0,20.0,22.222222222
0,0.563,0.0185,0.421,0.0528,0,0,20.0,22.222222222
0,0.563,0.0185,0.421,0.0528,0,0,20.0,22.222222222
0,0.563,0.0185,0.421,0.0528,0,0,20.0,22.222222222
0.194,0.571,0.107,0.421,0.109,0,0.295,20.0,22.222222222
0.528,0.603,0.267,0.421,0.21,0,0.177,20.0,22.222222222
0.333,0.594,0.203,0.571,0.16,0,0.212,20.0,22.222222222
0.556,0.608,0.426,0.74,0.267,0,0.0353,20.0,22.222222222
0.722,0.603,0.644,0.839,0.41,0,0.354,20.0,22.222222222
1,0.57,0.832,1,0.691,0,0.0707,20.0,22.222222222
1,0.54,0.323,0.743,0.353,0,0.141,20.0,22.222222222
1,0.535,0.0994,0.614,0.132,0,0.312,20.0,22.222222222
1,0.553,0.0315,0.485,0.0653,0,0.167,20.0,22.222222222
1,0.563,0.0185,0.421,0.0528,0,0,18.333333333,22.222222222
1,0.563,0.0185,0.421,0.0528,0,0,18.333333333,22.222222222
1,0.563,0.0185,0.421,0.0528,0,0,18.333333333,22.222222222
1,0.563,0.0185,0.421,0.0528,0,0,18.333333333,22.222222222
1,0.558,0.0193,0.453,0.0576,0,0,18.333333333,22.222222222
0.694,0.561,0.0189,0.437,0.0552,0,0,18.333333333,22.222222222
0.667,0.563,0.0185,0.421,0.0528,0,0,18.333333333,22.222222222
0.667,0.562,0.0266,0.421,0.0724,0,0.0878,18.333333333,22.222222222
0.667,0.555,0.0832,0.421,0.165,0,0.361,18.333333333,22.222222222
0.667,0.554,0.117,0.421,0.187,0,0.0707,20.0,22.222222222
0.667,0.555,0.106,0.421,0.155,0,0.353,20.0,22.222222222
0.361,0.563,0.0259,0.421,0.0613,0,0,20.0,22.222222222
0.111,0.561,0.047,0.421,0.0769,0,0.211,20.0,22.222222222
0.306,0.556,0.138,0.421,0.141,0,0.397,20.0,22.222222222
0.333,0.563,0.162,0.421,0.149,0,0.309,20.0,22.222222222
0.611,0.587,0.297,0.421,0.23,0,0.296,20.0,22.222222222
0.694,0.615,0.346,0.421,0.259,0.167,0.279,20.0,22.222222222
0.667,0.624,0.387,0.721,0.267,1,0.247,20.0,22.222222222
0.667,0.617,0.504,0.802,0.308,0.233,0.177,20.0,22.222222222
0.889,0.612,0.79,0.936,0.494,0,0,20.0,22.222222222
1,0.57,0.832,1,0.691,0,0.129,20.0,22.222222222
1,0.525,0.477,0.92,0.513,0,0.123,20.0,22.222222222
1,0.561,0.0465,0.453,0.0818,0,0.0721,20.0,22.222222222
1,0.563,0.0164,0.421,0.0528,0,0,20.0,22.222222222
1,0.563,0.0162,0.421,0.0528,0,0,18.333333333,22.222222222
1,0.563,0.0162,0.421,0.0528,0,0,18.333333333,22.222222222
1,0.563,0.0162,0.421,0.0528,0,0,18.333333333,22.222222222
1,0.541,0.0182,0.55,0.0531,0,0.247,18.333333333,22.222222222
1,0.53,0.0242,0.614,0.0791,0,0.21,18.333333333,22.222222222
1,0.527,0.0394,0.694,0.176,0,0.26,18.333333333,22.222222222
0.944,0.539,0.0613,0.453,0.267,0,0.226,18.333333333,22.222222222
0.667,0.548,0.0775,0.421,0.279,0,0,18.333333333,22.222222222
0.667,0.548,0.0935,0.421,0.276,0.467,0.141,18.333333333,22.222222222
0.361,0.555,0.0636,0.421,0.17,0,0.0707,20.0,22.222222222
0.389,0.554,0.0741,0.421,0.172,0,0.0656,20.0,22.222222222
0.667,0.548,0.122,0.421,0.248,0,0,20.0,22.222222222
0.667,0.548,0.136,0.421,0.246,0,0.141,20.0,22.222222222
0.667,0.548,0.145,0.421,0.245,0,0.212,20.0,22.222222222
0.5,0.563,0.124,0.421,0.197,0,0,20.0,22.222222222
0.667,0.588,0.198,0.421,0.246,0,0.0353,20.0,22.222222222
0.667,0.614,0.242,0.421,0.251,0.233,0,20.0,22.222222222
0.667,0.624,0.321,0.721,0.267,0,0.0707,20.0,22.222222222
0.667,0.617,0.447,0.802,0.308,0,0,20.0,22.222222222
0.667,0.6,0.555,0.807,0.382,0,0.0629,20.0,22.222222222
0.667,0.567,0.429,0.727,0.388,0,0.53,20.0,22.222222222
0.972,0.536,0.295,0.759,0.361,0,0.139,20.0,22.222222222
1,0.535,0.0876,0.614,0.132,0,0.215,20.0,22.222222222
1,0.53,0.0427,0.614,0.0829,0,0.126,20.0,22.222222222
1,0.561,0.0181,0.437,0.055,0,0,18.333333333,22.222222222
1,0.563,0.0162,0.421,0.0528,0,0,18.333333333,22.222222222
1,0.563,0.0162,0.421,0.0528,0,0,18.333333333,22.222222222
1,0.563,0.0162,0.421,0.0528,0,0,18.333333333,22.222222222
1,0.563,0.0162,0.421,0.0528,0,0,18.333333333,22.222222222
1,0.54,0.0317,0.598,0.136,0,0.177,18.333333333,22.222222222
1,0.55,0.0409,0.437,0.17,0,0.106,18.333333333,22.222222222
1,0.552,0.0614,0.421,0.22,0.417,0.16,18.333333333,22.222222222
1,0.548,0.0935,0.421,0.276,0.283,0.185,18.333333333,22.222222222
0.556,0.551,0.0859,0.421,0.223,0,0.215,20.0,22.222222222
0.333,0.555,0.0657,0.421,0.155,0,0.318,20.0,22.222222222
0.333,0.555,0.069,0.421,0.151,0.7,0.0353,20.0,22.222222222
0.333,0.555,0.0763,0.421,0.149,0,0.141,20.0,22.222222222
0.639,0.555,0.0805,0.421,0.149,0,0,20.0,22.222222222
0.667,0.564,0.155,0.421,0.237,0,0.274,20.0,22.222222222
0.611,0.586,0.182,0.421,0.23,0,0.112,20.0,22.222222222
0.333,0.589,0.129,0.421,0.152,0,0,20.0,22.222222222
0.333,0.594,0.169,0.571,0.16,0,0.177,20.0,22.222222222
0.333,0.59,0.232,0.612,0.18,0,0.161,20.0,22.222222222
0.333,0.582,0.286,0.614,0.218,0,0.0803,20.0,22.222222222
0.556,0.566,0.341,0.662,0.32,0,0.209,20.0,22.222222222
0.806,0.559,0.0764,0.485,0.114,0,0.14,20.0,22.222222222
1,0.563,0.0162,0.421,0.0528,0,0,20.0,22.222222222
1,0.563,0.0162,0.421,0.0528,0,0,20.0,22.222222222
1,0.563,0.0162,0.421,0.0528,0,0,18.333333333,22.222222222
1,0.563,0.0162,0.421,0.0528,0,0,18.333333333,22.222222222
1,0.563,0.0162,0.421,0.0528,0,0,18.333333333,22.222222222
0.694,0.563,0.0162,0.421,0.0528,0,0,18.333333333,22.222222222
0.667,0.558,0.0176,0.453,0.0576,0,0.0841,18.333333333,22.222222222
0.722,0.51,0.0507,0.823,0.237,0,0.43,18.333333333,22.222222222
0.639,0.537,0.0627,0.469,0.275,0,0.138,18.333333333,22.222222222
0.333,0.555,0.0479,0.421,0.171,0,0.0911,18.333333333,22.222222222
0.556,0.55,0.081,0.421,0.239,0,0.106,18.333333333,22.222222222
0.667,0.553,0.0748,0.421,0.196,0,0.0707,20.0,22.222222222
0.667,0.555,0.0657,0.421,0.155,0,0.0353,20.0,22.222222222
0.667,0.548,0.118,0.421,0.24,0,0.0707,20.0,22.222222222
0.5,0.552,0.106,0.421,0.197,0,0.0353,20.0,22.222222222
0.667,0.548,0.145,0.421,0.245,0,0.0707,20.0,22.222222222
0.667,0.563,0.161,0.421,0.245,0,0.106,20.0,22.222222222
0.667,0.588,0.198,0.421,0.246,0.417,0.247,20.0,22.222222222
0.667,0.614,0.242,0.421,0.251,0.05,0.106,20.0,22.222222222
0.667,0.624,0.321,0.721,0.267,0,0.106,20.0,22.222222222
0.528,0.606,0.355,0.722,0.254,0,0.242,20.0,22.222222222
0.333,0.582,0.286,0.614,0.218,0.233,0,20.0,22.222222222
0.472,0.566,0.385,0.694,0.356,0,0,20.0,22.222222222
0.972,0.54,0.278,0.727,0.335,0,0,20.0,22.222222222
1,0.547,0.061,0.534,0.103,0,0,20.0,22.222222222
1,0.563,0.0162,0.421,0.0528,0,0,20.0,22.222222222
1,0.563,0.0162,0.421,0.0528,0,0,18.333333333,22.222222222
1,0.563,0.0162,0.421,0.0528,0,0,18.333333333,22.222222222
1,0.563,0.0162,0.421,0.0528,0,0,18.333333333,22.222222222
0.389,0.563,0.0162,0.421,0.0528,0,0,18.333333333,22.222222222
0.333,0.563,0.0162,0.421,0.0528,0,0,18.333333333,22.222222222
0.333,0.553,0.0233,0.501,0.0907,0.417,0,18.333333333,22.222222222
0.639,0.55,0.0409,0.437,0.17,0.05,0.247,18.333333333,22.222222222
0.972,0.548,0.0775,0.421,0.279,0,0.173,18.333333333,22.222222222
0.861,0.551,0.0771,0.421,0.23,0,0.137,18.333333333,22.222222222
0.667,0.555,0.0603,0.421,0.16,0,0.186,20.0,22.222222222
0.806,0.552,0.0865,0.421,0.197,0.417,0.0707,20.0,22.222222222
0.917,0.55,0.109,0.421,0.224,0.05,0,20.0,22.222222222
1,0.548,0.136,0.421,0.246,0,0.0353,20.0,22.222222222
1,0.548,0.145,0.421,0.245,0,0.177,20.0,22.222222222
1,0.563,0.161,0.421,0.245,0,0.141,20.0,22.222222222
0.861,0.583,0.159,0.421,0.206,0.667,0.212,20.0,22.222222222
0.889,0.606,0.205,0.421,0.218,0.5,0.141,20.0,22.222222222
0.861,0.624,0.321,0.721,0.267,0,0.318,20.0,22.222222222
0.667,0.617,0.447,0.802,0.308,0,0,20.0,22.222222222
0.667,0.6,0.555,0.807,0.382,0,0.141,20.0,22.222222222
0.667,0.568,0.537,0.807,0.478,0,0,20.0,22.222222222
0.583,0.537,0.304,0.759,0.364,0,0,20.0,22.222222222
0.667,0.534,0.1,0.63,0.147,0,0,20.0,22.222222222
0.667,0.561,0.0215,0.437,0.0587,0,0,20.0,22.222222222
0.667,0.563,0.0162,0.421,0.0528,0,0,18.333333333,22.222222222
0.667,0.563,0.0162,0.421,0.0528,0,0,18.333333333,22.222222222
0.667,0.563,0.0162,0.421,0.0528,0,0,18.333333333,22.222222222
0.972,0.563,0.0162,0.421,0.0528,0,0,18.333333333,22.222222222
1,0.519,0.0275,0.678,0.0909,0.467,0.115,18.333333333,22.222222222
1,0.489,0.0641,0.984,0.307,0,0.266,18.333333333,22.222222222
0.861,0.529,0.0796,0.469,0.355,0,0.124,18.333333333,22.222222222
0.667,0.547,0.0796,0.421,0.289,0,0.237,18.333333333,22.222222222
0.667,0.548,0.0935,0.421,0.276,0,0.309,18.333333333,22.222222222
0.667,0.548,0.104,0.421,0.268,0,0.202,20.0,22.222222222
0.667,0.548,0.115,0.421,0.257,0,0.268,20.0,22.222222222
0.361,0.555,0.0732,0.421,0.159,0,0,20.0,22.222222222
0.556,0.55,0.117,0.421,0.213,0,0.263,20.0,22.222222222
0.667,0.548,0.145,0.421,0.245,0,0.0353,20.0,22.222222222
0.667,0.563,0.161,0.421,0.245,0,0.0707,20.0,22.222222222
0.667,0.588,0.198,0.421,0.246,0,0.212,20.0,22.222222222
0.667,0.614,0.242,0.421,0.251,0,0.141,20.0,22.222222222
0.556,0.614,0.269,0.667,0.231,0,0.0353,20.0,22.222222222
0.611,0.612,0.421,0.775,0.29,0.7,0.212,20.0,22.222222222
0.667,0.6,0.555,0.807,0.382,0,0,20.0,22.222222222
0.667,0.568,0.537,0.807,0.478,0,0,20.0,22.222222222
0.889,0.548,0.201,0.63,0.248,0,0.0803,20.0,22.222222222
1,0.562,0.0291,0.437,0.0673,0,0,20.0,22.222222222
1,0.563,0.0183,0.421,0.0528,0,0,20.0,22.222222222
1,0.563,0.0185,0.421,0.0528,0,0,18.333333333,22.222222222
1,0.563,0.0185,0.421,0.0528,0,0,18.333333333,22.222222222
1,0.563,0.0185,0.421,0.0528,0,0,18.333333333,22.222222222
1,0.563,0.0185,0.421,0.0528,0,0,18.333333333,22.222222222
1,0.563,0.0185,0.421,0.0528,0,0,18.333333333,22.222222222
1,0.563,0.0185,0.421,0.0528,0,0,18.333333333,22.222222222
1,0.541,0.0678,0.421,0.272,0,0.194,18.333333333,22.222222222
1,0.547,0.112,0.421,0.289,0,0.211,18.333333333,22.222222222
1,0.548,0.148,0.421,0.276,0,0.298,18.333333333,22.222222222
0.694,0.555,0.103,0.421,0.17,0,0.225,20.0,22.222222222
0.556,0.555,0.114,0.421,0.163,0,0.135,20.0,22.222222222
0,0.563,0.0185,0.421,0.0528,0,0,20.0,22.222222222
0,0.563,0.0185,0.421,0.0528,0,0,20.0,22.222222222
0,0.563,0.0185,0.421,0.0528,0,0,20.0,22.222222222
0.0556,0.564,0.0426,0.421,0.0688,0,0.141,20.0,22.222222222
0.333,0.576,0.17,0.421,0.15,0.233,0.353,20.0,22.222222222
0.333,0.589,0.176,0.421,0.152,0,0.459,20.0,22.222222222
0.333,0.594,0.203,0.571,0.16,0,0.177,20.0,22.222222222
0.333,0.59,0.261,0.612,0.18,0,0.106,20.0,22.222222222
0.389,0.585,0.356,0.646,0.246,0,0.141,20.0,22.222222222
0.667,0.568,0.561,0.807,0.478,0,0.0353,20.0,22.222222222
0.667,0.564,0.0634,0.453,0.089,0,0,20.0,22.222222222
0.667,0.563,0.0185,0.421,0.0528,0,0,20.0,22.222222222
0.667,0.563,0.0185,0.421,0.0528,0,0,20.0,22.222222222
0.667,0.563,0.0185,0.421,0.0528,0,0,18.333333333,22.222222222
0.667,0.563,0.0185,0.421,0.0528,0,0,18.333333333,22.222222222
0.833,0.547,0.0185,0.518,0.0528,0,0.179,18.333333333,22.222222222
0.972,0.563,0.0185,0.421,0.0528,0,0,18.333333333,22.222222222
0.694,0.563,0.0185,0.421,0.0528,0,0,18.333333333,22.222222222
0.667,0.563,0.0185,0.421,0.0528,0,0,18.333333333,22.222222222
0.667,0.552,0.0432,0.421,0.163,0,0.353,18.333333333,22.222222222
0.528,0.558,0.045,0.421,0.122,0,0.205,18.333333333,22.222222222
0.333,0.563,0.0185,0.421,0.0528,0,0,18.333333333,22.222222222
0.278,0.557,0.0785,0.421,0.133,0,0.408,20.0,22.222222222
0,0.563,0.0185,0.421,0.0528,0,0,20.0,22.222222222
0,0.563,0.0185,0.421,0.0528,0,0,20.0,22.222222222
0,0.563,0.0185,0.421,0.0528,0,0,20.0,22.222222222
0,0.563,0.0185,0.421,0.0528,0,0,20.0,22.222222222
0,0.563,0.0185,0.421,0.0528,0,0,20.0,22.222222222
0.222,0.572,0.12,0.421,0.117,0,0.283,20.0,22.222222222
0.333,0.589,0.176,0.421,0.152,0,0.247,20.0,22.222222222
0.333,0.594,0.203,0.571,0.16,0,0.177,20.0,22.222222222
0.556,0.608,0.426,0.74,0.267,0,0.141,20.0,22.222222222
0.667,0.6,0.595,0.807,0.382,0,0.0353,20.0,22.222222222
0.667,0.567,0.448,0.727,0.388,0,0.0353,20.0,22.222222222
0.667,0.555,0.125,0.534,0.158,0,0,20.0,22.222222222
0.667,0.563,0.0185,0.421,0.0528,0,0,20.0,22.222222222
0.667,0.563,0.0164,0.421,0.0528,0,0,20.0,22.222222222
0.667,0.563,0.0162,0.421,0.0528,0,0,18.333333333,22.222222222
0.667,0.563,0.0162,0.421,0.0528,0,0,18.333333333,22.222222222
0.667,0.563,0.0162,0.421,0.0528,0,0,18.333333333,22.222222222
0.972,0.563,0.0162,0.421,0.0528,0,0,18.333333333,22.222222222
1,0.549,0.0197,0.501,0.0647,0,0.18,18.333333333,22.222222222
1,0.538,0.0324,0.614,0.138,0,0.529,18.333333333,22.222222222
0.944,0.53,0.0831,0.437,0.37,0,0.087,18.333333333,22.222222222
0.667,0.547,0.0796,0.421,0.289,0,0.323,18.333333333,22.222222222
0.722,0.546,0.1,0.421,0.295,0,0.254,18.333333333,22.222222222
1,0.54,0.149,0.421,0.375,0,0.355,20.0,22.222222222
1,0.54,0.165,0.421,0.359,0,0.289,20.0,22.222222222
1,0.54,0.175,0.421,0.346,0,0.299,20.0,22.222222222
1,0.54,0.196,0.421,0.342,0,0.182,20.0,22.222222222
0.806,0.544,0.171,0.421,0.285,0.233,0.271,20.0,22.222222222
0.556,0.564,0.137,0.421,0.213,0,0.12,20.0,22.222222222
0.667,0.588,0.198,0.421,0.246,0,0.212,20.0,22.222222222
0.139,0.572,0.0602,0.421,0.0938,0.233,0,20.0,22.222222222
0.306,0.591,0.159,0.571,0.152,0,0.0353,20.0,22.222222222
0.389,0.594,0.268,0.644,0.202,0,0.0353,20.0,22.222222222
0.667,0.6,0.555,0.807,0.382,0,0.236,20.0,22.222222222
0.667,0.568,0.537,0.807,0.478,0,0,20.0,22.222222222
0.667,0.533,0.343,0.807,0.408,0,0,20.0,22.222222222
0.667,0.507,0.159,0.807,0.212,0,0,20.0,22.222222222
0.667,0.533,0.0441,0.598,0.0844,0,0,20.0,22.222222222
0.667,0.563,0.0162,0.421,0.0528,0,0,18.333333333,22.222222222
0.667,0.563,0.0162,0.421,0.0528,0,0,18.333333333,22.222222222
0.667,0.563,0.0162,0.421,0.0528,0,0,18.333333333,22.222222222
0.972,0.563,0.0162,0.421,0.0528,0,0,18.333333333,22.222222222
1,0.563,0.0162,0.421,0.0528,0,0,18.333333333,22.222222222
1,0.563,0.0162,0.421,0.0528,0,0,18.333333333,22.222222222
1,0.563,0.0162,0.421,0.0528,0,0,18.333333333,22.222222222
1,0.563,0.0162,0.421,0.0528,0,0,18.333333333,22.222222222
1,0.556,0.0521,0.421,0.155,0,0.106,18.333333333,22.222222222
1,0.548,0.101,0.421,0.259,0,0.22,20.0,22.222222222
0.694,0.552,0.0903,0.421,0.206,0,0.148,20.0,22.222222222
0.667,0.548,0.122,0.421,0.248,0,0.108,20.0,22.222222222
0.444,0.555,0.0807,0.421,0.157,0.167,0.177,20.0,22.222222222
0.556,0.55,0.124,0.421,0.213,0.3,0.106,20.0,22.222222222
0.972,0.564,0.228,0.421,0.334,0,0.0353,20.0,22.222222222
0.778,0.592,0.227,0.421,0.279,0,0.283,20.0,22.222222222
0.667,0.614,0.242,0.421,0.251,0,0.212,20.0,22.222222222
0.667,0.624,0.321,0.721,0.267,0,0.0707,20.0,22.222222222
0.667,0.617,0.447,0.802,0.308,0,0.106,20.0,22.222222222
0.667,0.6,0.555,0.807,0.382,0,0,20.0,22.222222222
0.722,0.568,0.58,0.839,0.515,0,0.0767,20.0,22.222222222
1,0.518,0.506,1,0.585,0,0.36,20.0,22.222222222
1,0.491,0.204,0.92,0.262,0,0.0576,20.0,22.222222222
1,0.528,0.048,0.63,0.0888,0,0,20.0,22.222222222
1,0.53,0.0259,0.614,0.0631,0,0,18.333333333,22.222222222
1,0.53,0.0183,0.614,0.0535,0,0.125,18.333333333,22.222222222
1,0.53,0.0163,0.614,0.0528,0,0.477,18.333333333,22.222222222
1,0.561,0.0162,0.437,0.0528,0,0.101,18.333333333,22.222222222
1,0.549,0.0197,0.501,0.0647,0,0.133,18.333333333,22.222222222
1,0.538,0.0324,0.614,0.138,0,0.0707,18.333333333,22.222222222
1,0.539,0.0641,0.437,0.28,0,0.423,18.333333333,22.222222222
0.639,0.548,0.0742,0.421,0.269,0,0.576,18.333333333,22.222222222
0.5,0.552,0.0744,0.421,0.22,0,0.0728,18.333333333,22.222222222
0.25,0.557,0.0492,0.421,0.134,0,0.0353,20.0,22.222222222
0.389,0.554,0.0741,0.421,0.172,0.417,0.106,20.0,22.222222222
0.667,0.548,0.122,0.421,0.248,0.283,0.212,20.0,22.222222222
0.667,0.548,0.136,0.421,0.246,0.233,0,20.0,22.222222222
0.667,0.548,0.145,0.421,0.245,0,0.141,20.0,22.222222222
0.667,0.563,0.161,0.421,0.245,0,0.18,20.0,22.222222222
0.528,0.583,0.159,0.421,0.206,0,0.0353,20.0,22.222222222
0.472,0.589,0.129,0.421,0.152,0,0.0353,20.0,22.222222222
0.667,0.614,0.273,0.68,0.232,0,0.0707,20.0,22.222222222
0.667,0.617,0.447,0.802,0.308,0,0,20.0,22.222222222
0.667,0.6,0.555,0.807,0.382,0,0,20.0,22.222222222
0.667,0.567,0.429,0.727,0.388,0,0.107,20.0,22.222222222
0.889,0.537,0.283,0.743,0.346,0.233,0,20.0,22.222222222
1,0.531,0.106,0.646,0.153,0,0.118,20.0,22.222222222
1,0.563,0.0162,0.421,0.0528,0,0,20.0,22.222222222
1,0.563,0.0162,0.421,0.0528,0,0,18.333333333,22.222222222
1,0.563,0.0162,0.421,0.0528,0,0,18.333333333,22.222222222
1,0.563,0.0162,0.421,0.0528,0,0,18.333333333,22.222222222
1,0.563,0.0162,0.421,0.0528,0,0,18.333333333,22.222222222
1,0.549,0.0197,0.501,0.0647,0,0,18.333333333,22.222222222
1,0.538,0.0324,0.614,0.138,0,0.426,18.333333333,22.222222222
1,0.539,0.0641,0.437,0.28,0,0.228,18.333333333,22.222222222
0.861,0.55,0.0662,0.421,0.24,0,0.187,18.333333333,22.222222222
0.667,0.548,0.0908,0.421,0.267,0.233,0.106,18.333333333,22.222222222
0.667,0.548,0.104,0.421,0.268,0,0.0707,20.0,22.222222222
0.806,0.544,0.136,0.421,0.299,0,0.0353,20.0,22.222222222
0.861,0.543,0.152,0.421,0.306,0,0.0353,20.0,22.222222222
0.528,0.551,0.111,0.421,0.205,0,0.0353,20.0,22.222222222
0.556,0.55,0.124,0.421,0.213,0,0.283,20.0,22.222222222
0.583,0.563,0.143,0.421,0.221,0,0.177,20.0,22.222222222
0.667,0.588,0.198,0.421,0.246,0,0.0353,20.0,22.222222222
0.667,0.614,0.242,0.421,0.251,0,0.362,20.0,22.222222222
0.667,0.624,0.321,0.721,0.267,0,0.127,20.0,22.222222222
0.444,0.588,0.208,0.593,0.168,0,0.264,20.0,22.222222222
0.639,0.596,0.518,0.775,0.361,0,0.139,20.0,22.222222222
0.889,0.568,0.666,0.904,0.587,0,0.053,20.0,22.222222222
1,0.533,0.343,0.807,0.408,0,0,20.0,22.222222222
1,0.546,0.0739,0.55,0.117,0,0,20.0,22.222222222
1,0.563,0.0162,0.421,0.0528,0,0,20.0,22.222222222
1,0.563,0.0162,0.421,0.0528,0,0,18.333333333,22.222222222
1,0.563,0.0162,0.421,0.0528,0,0,18.333333333,22.222222222
1,0.533,0.0162,0.598,0.0528,0,0.0707,18.333333333,22.222222222
1,0.561,0.0162,0.437,0.0528,0,0,18.333333333,22.222222222
1,0.547,0.0204,0.518,0.0671,0.7,0.0707,18.333333333,22.222222222
1,0.563,0.0162,0.421,0.0528,0,0,18.333333333,22.222222222
1,0.563,0.0162,0.421,0.0528,0,0,18.333333333,22.222222222
1,0.563,0.0162,0.421,0.0528,0,0,18.333333333,22.222222222
1,0.556,0.0521,0.421,0.155,0,0.177,18.333333333,22.222222222
1,0.548,0.101,0.421,0.259,0,0,20.0,22.222222222
1,0.548,0.115,0.421,0.257,0.467,0.0707,20.0,22.222222222
1,0.542,0.157,0.421,0.313,0,0.247,20.0,22.222222222
1,0.54,0.196,0.421,0.342,0,0.424,20.0,22.222222222
1,0.54,0.209,0.421,0.341,0,0.106,20.0,22.222222222
1,0.563,0.233,0.421,0.342,0,0.106,20.0,22.222222222
0.694,0.588,0.204,0.421,0.254,0,0.212,20.0,22.222222222
0.889,0.632,0.318,0.421,0.318,0,0.0353,20.0,22.222222222
0.778,0.634,0.37,0.762,0.303,0,0.0353,20.0,22.222222222
0.139,0.575,0.0974,0.497,0.103,0,0,20.0,22.222222222
0.0556,0.566,0.0618,0.453,0.0808,0,0,20.0,22.222222222
0.611,0.566,0.385,0.694,0.356,0,0.137,20.0,22.222222222
1,0.547,0.214,0.646,0.263,0,0.149,20.0,22.222222222
1,0.563,0.0162,0.421,0.0528,0,0,20.0,22.222222222
1,0.563,0.0183,0.421,0.0528,0,0,20.0,22.222222222
1,0.563,0.0185,0.421,0.0528,0,0,18.333333333,22.222222222
1,0.563,0.0185,0.421,0.0528,0,0,18.333333333,22.222222222
1,0.563,0.0185,0.421,0.0528,0,0,18.333333333,22.222222222
1,0.563,0.0185,0.421,0.0528,0,0,18.333333333,22.222222222
1,0.563,0.0185,0.421,0.0528,0,0,18.333333333,22.222222222
1,0.553,0.0236,0.501,0.0907,0,0.3,18.333333333,22.222222222
1,0.55,0.0442,0.437,0.17,0,0.327,18.333333333,22.222222222
0.861,0.558,0.045,0.421,0.122,0,0.243,18.333333333,22.222222222
0.528,0.552,0.112,0.421,0.21,0,0.292,18.333333333,22.222222222
0.333,0.555,0.0973,0.421,0.16,0,0.432,20.0,22.222222222
0.333,0.555,0.106,0.421,0.155,0,0.0353,20.0,22.222222222
0.333,0.555,0.113,0.421,0.151,0,0.177,20.0,22.222222222
0.194,0.559,0.0834,0.421,0.109,0,0.0353,20.0,22.222222222
0,0.563,0.0185,0.421,0.0528,0,0,20.0,22.222222222
0,0.563,0.0185,0.421,0.0528,0,0,20.0,22.222222222
0,0.563,0.0185,0.421,0.0528,0,0,20.0,22.222222222
0.222,0.563,0.0185,0.421,0.0528,0,0,20.0,22.222222222
0.556,0.612,0.314,0.68,0.224,0.667,0.0353,20.0,22.222222222
0.667,0.617,0.504,0.802,0.308,0.0333,0.212,20.0,22.222222222
0.667,0.6,0.595,0.807,0.382,0,0,20.0,22.222222222
0.889,0.568,0.74,0.936,0.623,0,0.237,20.0,22.222222222
1,0.54,0.323,0.743,0.353,0,0.0875,20.0,22.222222222
1,0.535,0.0994,0.614,0.132,0,0,20.0,22.222222222
1,0.553,0.0315,0.485,0.0653,0,0,20.0,22.222222222
1,0.563,0.0185,0.421,0.0528,0,0,18.333333333,22.222222222
1,0.563,0.0185,0.421,0.0528,0,0,18.333333333,22.222222222
1,0.563,0.0185,0.421,0.0528,0,0,18.333333333,22.222222222
1,0.563,0.0185,0.421,0.0528,0,0,18.333333333,22.222222222
1,0.563,0.0185,0.421,0.0528,0,0,18.333333333,22.222222222
1,0.553,0.0236,0.501,0.0907,0,0.106,18.333333333,22.222222222
0.861,0.55,0.0442,0.437,0.17,0,0.0707,18.333333333,22.222222222
0.667,0.555,0.0652,0.421,0.171,0,0.0353,18.333333333,22.222222222
0.667,0.555,0.0832,0.421,0.165,0,0.248,18.333333333,22.222222222
0.528,0.559,0.064,0.421,0.116,0,0.249,20.0,22.222222222
0.194,0.559,0.0627,0.421,0.104,0,0.134,20.0,22.222222222
0.222,0.558,0.0821,0.421,0.118,0,0.146,20.0,22.222222222
0.556,0.55,0.207,0.421,0.213,0,0.497,20.0,22.222222222
0.444,0.553,0.19,0.421,0.181,0,0.371,20.0,22.222222222
0.472,0.564,0.222,0.421,0.189,0.417,0.0707,20.0,22.222222222
0.667,0.588,0.322,0.421,0.246,0.05,0.247,20.0,22.222222222
0.667,0.614,0.333,0.421,0.251,0,0.212,20.0,22.222222222
0.667,0.624,0.387,0.721,0.267,0,0.106,20.0,22.222222222
0.667,0.617,0.504,0.802,0.308,0,0,20.0,22.222222222
0.667,0.6,0.595,0.807,0.382,0,0.141,20.0,22.222222222
0.667,0.568,0.561,0.807,0.478,0,0.0353,20.0,22.222222222
0.667,0.548,0.217,0.63,0.248,0,0,20.0,22.222222222
0.667,0.547,0.069,0.534,0.103,0,0,20.0,22.222222222
0.972,0.563,0.0164,0.421,0.0528,0,0,20.0,22.222222222
1,0.563,0.0162,0.421,0.0528,0,0,18.333333333,22.222222222
1,0.563,0.0162,0.421,0.0528,0,0,18.333333333,22.222222222
1,0.563,0.0162,0.421,0.0528,0,0,18.333333333,22.222222222
1,0.563,0.0162,0.421,0.0528,0,0,18.333333333,22.222222222
1,0.563,0.0162,0.421,0.0528,0,0,18.333333333,22.222222222
1,0.563,0.0162,0.421,0.0528,0,0,18.333333333,22.222222222
1,0.563,0.0162,0.421,0.0528,0,0,18.333333333,22.222222222
1,0.556,0.0458,0.421,0.161,0,0.0707,18.333333333,22.222222222
1,0.545,0.107,0.421,0.313,0.467,0.177,18.333333333,22.222222222
0.861,0.543,0.13,0.421,0.331,0,0.0353,20.0,22.222222222
0.667,0.548,0.115,0.421,0.257,0,0.0707,20.0,22.222222222
0.667,0.548,0.122,0.421,0.248,0,0,20.0,22.222222222
0.972,0.54,0.192,0.421,0.334,0,0.27,20.0,22.222222222
0.861,0.543,0.182,0.421,0.301,0,0.0707,20.0,22.222222222
0.667,0.563,0.161,0.421,0.245,0,0.141,20.0,22.222222222
0.667,0.588,0.198,0.421,0.246,0,0.212,20.0,22.222222222
0.667,0.614,0.242,0.421,0.251,0.667,0.0353,20.0,22.222222222
0.667,0.624,0.321,0.721,0.267,0.0333,0.302,20.0,22.222222222
0.667,0.617,0.447,0.802,0.308,0,0.188,20.0,22.222222222
0.528,0.593,0.441,0.727,0.312,0,0.259,20.0,22.222222222
0.389,0.566,0.32,0.646,0.302,0,0.0709,20.0,22.222222222
0.667,0.54,0.278,0.727,0.335,0,0.286,20.0,22.222222222
0.722,0.535,0.0876,0.614,0.132,0,0.0827,20.0,22.222222222
1,0.553,0.0273,0.485,0.0653,0,0.15,20.0,22.222222222
1,0.563,0.0162,0.421,0.0528,0,0,18.333333333,22.222222222
1,0.563,0.0162,0.421,0.0528,0,0,18.333333333,22.222222222
1,0.563,0.0162,0.421,0.0528,0,0,18.333333333,22.222222222
1,0.563,0.0162,0.421,0.0528,0,0,18.333333333,22.222222222
1,0.533,0.0239,0.598,0.079,0.917,0,18.333333333,22.222222222
1,0.527,0.0394,0.694,0.176,0.0167,0.273,18.333333333,22.222222222
0.861,0.531,0.0782,0.453,0.347,0,0.226,18.333333333,22.222222222
0.806,0.547,0.0796,0.421,0.289,0,0.177,18.333333333,22.222222222
0.694,0.555,0.0575,0.421,0.174,0,0.141,18.333333333,22.222222222
0.667,0.555,0.0603,0.421,0.16,0,0.141,20.0,22.222222222
0.361,0.563,0.0199,0.421,0.0617,0,0,20.0,22.222222222
0.556,0.558,0.0516,0.421,0.118,0,0.141,20.0,22.222222222
0.972,0.546,0.147,0.421,0.261,0,0.158,20.0,22.222222222
0.861,0.544,0.177,0.421,0.293,0,0.185,20.0,22.222222222
0.667,0.563,0.161,0.421,0.245,0,0,20.0,22.222222222
0.528,0.583,0.159,0.421,0.206,0,0.0353,20.0,22.222222222
0.333,0.589,0.129,0.421,0.152,0,0.177,20.0,22.222222222
0.472,0.606,0.234,0.639,0.205,0,0.177,20.0,22.222222222
0.667,0.593,0.245,0.625,0.189,0,0.0353,20.0,22.222222222
0.667,0.582,0.286,0.614,0.218,0,0.0353,20.0,22.222222222
0.667,0.565,0.277,0.614,0.266,0,0,20.0,22.222222222
0.667,0.563,0.0378,0.437,0.0709,0,0,20.0,22.222222222
0.667,0.563,0.0162,0.421,0.0528,0,0,20.0,22.222222222
0.667,0.563,0.0162,0.421,0.0528,0,0,20.0,22.222222222
0.667,0.563,0.0162,0.421,0.0528,0,0,18.333333333,22.222222222
0.972,0.563,0.0162,0.421,0.0528,0,0,18.333333333,22.222222222
1,0.563,0.0162,0.421,0.0528,0,0,18.333333333,22.222222222
1,0.533,0.019,0.598,0.0532,0,0.0353,18.333333333,22.222222222
1,0.53,0.0242,0.614,0.0791,0,0.106,18.333333333,22.222222222
1,0.521,0.0437,0.743,0.199,0.467,0.0868,18.333333333,22.222222222
0.694,0.548,0.0423,0.453,0.178,0,0.398,18.333333333,22.222222222
0.722,0.551,0.0667,0.421,0.239,0,0.106,18.333333333,22.222222222
0.861,0.543,0.116,0.421,0.342,0.667,0,18.333333333,22.222222222
0.611,0.549,0.097,0.421,0.25,0.733,0,20.0,22.222222222
0.389,0.554,0.0741,0.421,0.172,0,0.212,20.0,22.222222222
0.667,0.548,0.122,0.421,0.248,0.917,0.141,20.0,22.222222222
0.667,0.548,0.136,0.421,0.246,0.0167,0.0353,20.0,22.222222222
0.667,0.548,0.145,0.421,0.245,0,0.106,20.0,22.222222222
0.361,0.563,0.0939,0.421,0.157,0,0.283,20.0,22.222222222
0.472,0.581,0.145,0.421,0.19,0,0.228,20.0,22.222222222
0.667,0.614,0.242,0.421,0.251,0,0.35,20.0,22.222222222
0.667,0.624,0.321,0.721,0.267,0,0.0353,20.0,22.222222222
0.667,0.617,0.447,0.802,0.308,0,0.141,20.0,22.222222222
0.667,0.6,0.555,0.807,0.382,0,0,20.0,22.222222222
0.667,0.568,0.537,0.807,0.478,0,0,20.0,22.222222222
0.889,0.551,0.175,0.598,0.219,0,0.0986,20.0,22.222222222
1,0.563,0.0162,0.421,0.0528,0,0,20.0,22.222222222
1,0.563,0.0162,0.421,0.0528,0,0,20.0,22.222222222
1,0.563,0.0162,0.421,0.0528,0,0,18.333333333,22.222222222
1,0.563,0.0162,0.421,0.0528,0,0,18.333333333,22.222222222
1,0.563,0.0162,0.421,0.0528,0,0,18.333333333,22.222222222
1,0.563,0.0162,0.421,0.0528,0,0,18.333333333,22.222222222
1,0.563,0.0162,0.421,0.0528,0,0,18.333333333,22.222222222
1,0.563,0.0162,0.421,0.0528,0,0,18.333333333,22.222222222
1,0.563,0.0162,0.421,0.0528,0,0,18.333333333,22.222222222
1,0.549,0.0754,0.421,0.269,0,0.226,18.333333333,22.222222222
0.694,0.548,0.0935,0.421,0.276,0,0.456,18.333333333,22.222222222
0.806,0.544,0.123,0.421,0.313,0,0.129,20.0,22.222222222
1,0.54,0.165,0.421,0.359,0,0.311,20.0,22.222222222
1,0.54,0.175,0.421,0.346,0,0.106,20.0,22.222222222
1,0.54,0.196,0.421,0.342,0,0.0707,20.0,22.222222222
1,0.54,0.209,0.421,0.341,0,0.0707,20.0,22.222222222
0.694,0.563,0.166,0.421,0.253,0,0.0707,20.0,22.222222222
0.667,0.588,0.198,0.421,0.246,0,0.106,20.0,22.222222222
0.972,0.638,0.347,0.421,0.342,0.233,0.218,20.0,22.222222222
0.639,0.621,0.305,0.694,0.258,0,0.2,20.0,22.222222222
0.333,0.59,0.232,0.612,0.18,0,0.141,20.0,22.222222222
0.333,0.582,0.286,0.614,0.218,0,0.106,20.0,22.222222222
0.333,0.565,0.277,0.614,0.266,0,0,20.0,22.222222222
0.861,0.522,0.424,0.92,0.505,0,0,20.0,22.222222222
1,0.506,0.172,0.823,0.226,0,0,20.0,22.222222222
1,0.559,0.0268,0.453,0.0646,0,0,20.0,22.222222222
1,0.563,0.0162,0.421,0.0528,0,0,18.333333333,22.222222222
1,0.563,0.0162,0.421,0.0528,0,0,18.333333333,22.222222222
1,0.563,0.0162,0.421,0.0528,0,0,18.333333333,22.222222222
1,0.563,0.0162,0.421,0.0528,0,0,18.333333333,22.222222222
1,0.533,0.0239,0.598,0.079,0,0.314,18.333333333,22.222222222
1,0.504,0.0549,0.871,0.26,0,0.245,18.333333333,22.222222222
1,0.524,0.0902,0.469,0.405,0.917,0.185,18.333333333,22.222222222
0.778,0.544,0.0898,0.421,0.328,0.0167,0.087,18.333333333,22.222222222
0.833,0.544,0.113,0.421,0.332,0,0.177,18.333333333,22.222222222
0.667,0.548,0.104,0.421,0.268,0,0.353,20.0,22.222222222
0.528,0.551,0.0944,0.421,0.215,0,0.283,20.0,22.222222222
0.333,0.555,0.069,0.421,0.151,0,0.177,20.0,22.222222222
0.333,0.555,0.0763,0.421,0.149,0,0.0353,20.0,22.222222222
0.333,0.555,0.0805,0.421,0.149,0,0.141,20.0,22.222222222
0.639,0.564,0.155,0.421,0.237,0,0.177,20.0,22.222222222
0.667,0.588,0.198,0.421,0.246,0,0.141,20.0,22.222222222
0.667,0.614,0.242,0.421,0.251,0,0,20.0,22.222222222
0.667,0.624,0.321,0.721,0.267,0,0.0707,20.0,22.222222222
0.667,0.617,0.447,0.802,0.308,0.233,0.141,20.0,22.222222222
0.667,0.6,0.555,0.807,0.382,0,0,20.0,22.222222222
0.667,0.568,0.537,0.807,0.478,0,0,20.0,22.222222222
0.667,0.543,0.253,0.694,0.306,0,0.081,20.0,22.222222222
0.806,0.551,0.0428,0.501,0.0824,0,0,20.0,22.222222222
1,0.553,0.0306,0.485,0.0653,0,0,20.0,22.222222222
1,0.563,0.0185,0.421,0.0528,0,0,18.333333333,22.222222222
1,0.563,0.0185,0.421,0.0528,0,0,18.333333333,22.222222222
1,0.563,0.0185,0.421,0.0528,0,0,18.333333333,22.222222222
1,0.563,0.0185,0.421,0.0528,0,0,18.333333333,22.222222222
1,0.533,0.0227,0.598,0.079,0,0.0353,18.333333333,22.222222222
0.694,0.561,0.0189,0.437,0.0552,0,0,18.333333333,22.222222222
0.889,0.555,0.0365,0.421,0.133,0.667,0.106,18.333333333,22.222222222
1,0.555,0.0652,0.421,0.171,0.0333,0.136,18.333333333,22.222222222
1,0.555,0.0832,0.421,0.165,0,0.134,18.333333333,22.222222222
0.472,0.561,0.044,0.421,0.0889,0,0,20.0,22.222222222
0.194,0.559,0.0627,0.421,0.104,0,0.0353,20.0,22.222222222
0,0.563,0.0185,0.421,0.0528,0,0,20.0,22.222222222
0.306,0.556,0.123,0.421,0.141,0,0.329,20.0,22.222222222
0.333,0.555,0.148,0.421,0.149,0,0.0707,20.0,22.222222222
0.167,0.563,0.0896,0.421,0.101,0.233,0,20.0,22.222222222
0.778,0.594,0.373,0.421,0.279,0,0.106,20.0,22.222222222
1,0.639,0.49,0.421,0.351,0,0.106,20.0,22.222222222
1,0.654,0.572,0.871,0.375,0,0.401,20.0,22.222222222
0.694,0.619,0.519,0.816,0.317,0,0.12,20.0,22.222222222
0.667,0.6,0.595,0.807,0.382,0,0.0353,20.0,22.222222222
0.722,0.568,0.605,0.839,0.515,0,0.252,20.0,22.222222222
0.917,0.522,0.505,0.952,0.541,0,0.425,20.0,22.222222222
1,0.506,0.194,0.823,0.226,0,0.218,20.0,22.222222222
1,0.528,0.0561,0.63,0.0888,0,0,20.0,22.222222222
1,0.53,0.0307,0.614,0.0631,0,0,18.333333333,22.222222222
1,0.53,0.0222,0.614,0.0535,0,0,18.333333333,22.222222222
1,0.53,0.0188,0.614,0.0528,0,0.0707,18.333333333,22.222222222
1,0.561,0.0185,0.437,0.0528,0,0,18.333333333,22.222222222
1,0.563,0.0185,0.421,0.0528,0,0,18.333333333,22.222222222
1,0.563,0.0185,0.421,0.0528,0,0,18.333333333,22.222222222
1,0.552,0.0432,0.421,0.163,0,0.263,18.333333333,22.222222222
1,0.548,0.11,0.421,0.279,0,0.254,18.333333333,22.222222222
1,0.542,0.197,0.421,0.36,0,0.271,18.333333333,22.222222222
1,0.54,0.249,0.421,0.366,0,0.21,20.0,22.222222222
0.389,0.554,0.12,0.421,0.173,0,0.363,20.0,22.222222222
0.333,0.555,0.113,0.421,0.151,0,0.412,20.0,22.222222222
0.389,0.554,0.15,0.421,0.165,0,0.635,20.0,22.222222222
0.583,0.55,0.244,0.421,0.221,0,0.487,20.0,22.222222222
0.222,0.562,0.113,0.421,0.117,0,0,20.0,22.222222222
0.528,0.585,0.26,0.421,0.206,0,0.106,20.0,22.222222222
0.667,0.614,0.333,0.421,0.251,0.233,0.0707,20.0,22.222222222
0.667,0.624,0.387,0.721,0.267,0,0.198,20.0,22.222222222
0.667,0.617,0.504,0.802,0.308,0,0.0822,20.0,22.222222222
0.667,0.6,0.595,0.807,0.382,0,0.129,20.0,22.222222222
0.667,0.567,0.516,0.775,0.442,0,0.181,20.0,22.222222222
0.667,0.548,0.195,0.614,0.23,0,0,20.0,22.222222222
0.806,0.523,0.13,0.694,0.162,0,0.101,20.0,22.222222222
1,0.502,0.067,0.775,0.109,0,0.0827,20.0,22.222222222
1,0.53,0.0259,0.614,0.0631,0,0,18.333333333,22.222222222
1,0.53,0.0183,0.614,0.0535,0,0.0353,18.333333333,22.222222222
1,0.53,0.0163,0.614,0.0528,0,0.141,18.333333333,22.222222222
1,0.561,0.0162,0.437,0.0528,0,0,18.333333333,22.222222222
1,0.563,0.0162,0.421,0.0528,0,0,18.333333333,22.222222222
1,0.563,0.0162,0.421,0.0528,0,0,18.333333333,22.222222222
1,0.563,0.0162,0.421,0.0528,0,0,18.333333333,22.222222222
0.861,0.559,0.0324,0.421,0.112,0,0.093,18.333333333,22.222222222
0.667,0.563,0.0162,0.421,0.0528,0,0,18.333333333,22.222222222
0.667,0.556,0.0571,0.421,0.151,0,0.0353,20.0,22.222222222
0.722,0.547,0.12,0.421,0.265,0.167,0.479,20.0,22.222222222
0.944,0.541,0.166,0.421,0.33,0.533,0.168,20.0,22.222222222
0.667,0.549,0.126,0.421,0.229,0,0.152,20.0,22.222222222
0.583,0.557,0.0643,0.421,0.125,0.633,0.0707,20.0,22.222222222
0.667,0.563,0.0885,0.421,0.149,0.533,0.389,20.0,22.222222222
0.722,0.578,0.122,0.421,0.166,0,0.0353,20.0,22.222222222
1,0.638,0.347,0.421,0.342,0,0.247,20.0,22.222222222
1,0.654,0.474,0.871,0.375,0,0,20.0,22.222222222
1,0.644,0.662,0.993,0.435,0,0.166,20.0,22.222222222
1,0.603,0.573,0.823,0.393,0,0,20.0,22.222222222
1,0.567,0.494,0.775,0.442,0,0,20.0,22.222222222
1,0.559,0.0764,0.485,0.114,0,0,20.0,22.222222222
1,0.563,0.0162,0.421,0.0528,0,0,20.0,22.222222222
1,0.563,0.0162,0.421,0.0528,0,0,20.0,22.222222222
1,0.563,0.0162,0.421,0.0528,0,0,18.333333333,22.222222222
1,0.563,0.0162,0.421,0.0528,0,0,18.333333333,22.222222222
1,0.563,0.0162,0.421,0.0528,0,0,18.333333333,22.222222222
1,0.563,0.0162,0.421,0.0528,0,0,18.333333333,22.222222222
1,0.533,0.0239,0.598,0.079,0,0.283,18.333333333,22.222222222
1,0.561,0.0169,0.437,0.0552,0,0,18.333333333,22.222222222
1,0.558,0.0268,0.421,0.103,0,0.0353,18.333333333,22.222222222
1,0.555,0.0479,0.421,0.171,0,0.498,18.333333333,22.222222222
1,0.541,0.127,0.421,0.369,0.7,0.351,18.333333333,22.222222222
0.694,0.547,0.108,0.421,0.277,0,0.181,20.0,22.222222222
0.667,0.548,0.115,0.421,0.257,0,0.088,20.0,22.222222222
0.667,0.548,0.122,0.421,0.248,0.233,0.0353,20.0,22.222222222
0.667,0.548,0.136,0.421,0.246,0,0.0353,20.0,22.222222222
0.889,0.548,0.145,0.421,0.245,0,0.247,20.0,22.222222222
1,0.564,0.191,0.421,0.285,0.417,0.443,20.0,22.222222222
0.778,0.592,0.227,0.421,0.279,0.05,0.374,20.0,22.222222222
0.556,0.594,0.156,0.421,0.177,0.167,0.0707,20.0,22.222222222
0.861,0.624,0.321,0.721,0.267,1,0.106,20.0,22.222222222
0.667,0.617,0.447,0.802,0.308,0,0.0353,20.0,22.222222222
0.667,0.6,0.555,0.807,0.382,0,0,20.0,22.222222222
0.667,0.568,0.537,0.807,0.478,0,0,20.0,22.222222222
0.972,0.521,0.459,0.952,0.538,0,0.139,20.0,22.222222222
1,0.524,0.122,0.694,0.171,0,0,20.0,22.222222222
1,0.563,0.0162,0.421,0.0528,0,0,20.0,22.222222222
1,0.563,0.0162,0.421,0.0528,0,0,18.333333333,22.222222222
1,0.555,0.0165,0.469,0.0528,0,0,18.333333333,22.222222222
1,0.563,0.0162,0.421,0.0528,0,0,18.333333333,22.222222222
1,0.563,0.0162,0.421,0.0528,0,0,18.333333333,22.222222222
1,0.563,0.0162,0.421,0.0528,0,0,18.333333333,22.222222222
1,0.54,0.031,0.598,0.137,0,0.0707,18.333333333,22.222222222
1,0.545,0.0499,0.437,0.222,0,0.12,18.333333333,22.222222222
1,0.547,0.0769,0.421,0.293,0,0.2,18.333333333,22.222222222
0.694,0.548,0.0903,0.421,0.282,0,0.148,18.333333333,22.222222222
0.667,0.548,0.101,0.421,0.273,0,0.0731,20.0,22.222222222
0.667,0.548,0.111,0.421,0.262,0,0.244,20.0,22.222222222
0.361,0.555,0.0709,0.421,0.162,0,0.099,20.0,22.222222222
0.472,0.555,0.0739,0.421,0.152,0,0.0707,20.0,22.222222222
0.667,0.555,0.0779,0.421,0.152,0,0.247,20.0,22.222222222
0.444,0.563,0.0857,0.421,0.152,0,0.141,20.0,22.222222222
0.333,0.576,0.103,0.421,0.153,0,0.106,20.0,22.222222222
0.333,0.589,0.125,0.421,0.157,0,0.0353,20.0,22.222222222
0.333,0.594,0.163,0.571,0.17,0,0.0353,20.0,22.222222222
0.333,0.59,0.224,0.612,0.2,0,0.247,20.0,22.222222222
0.111,0.57,0.0998,0.485,0.115,0,0,20.0,22.222222222
0.0556,0.564,0.0578,0.453,0.0944,0,0.108,20.0,22.222222222
0.694,0.548,0.173,0.614,0.243,0,0,20.0,22.222222222
1,0.555,0.0439,0.485,0.086,0,0,20.0,22.222222222
1,0.563,0.0162,0.421,0.0528,0,0,20.0,22.222222222
1,0.563,0.0162,0.421,0.0528,0,0,18.333333333,22.222222222
1,0.563,0.0162,0.421,0.0528,0,0,18.333333333,22.222222222
1,0.563,0.0162,0.421,0.0528,0,0,18.333333333,22.222222222
1,0.563,0.0162,0.421,0.0528,0,0,18.333333333,22.222222222
1,0.563,0.0162,0.421,0.0528,0,0,18.333333333,22.222222222
1,0.553,0.0229,0.501,0.0912,0,0,18.333333333,22.222222222
1,0.55,0.0398,0.437,0.172,0,0.106,18.333333333,22.222222222
1,0.548,0.0749,0.421,0.283,0,0.219,18.333333333,22.222222222
1,0.548,0.0903,0.421,0.282,0,0.0353,18.333333333,22.222222222
1,0.548,0.101,0.421,0.273,0,0.141,20.0,22.222222222
1,0.548,0.111,0.421,0.262,0,0.177,20.0,22.222222222
1,0.54,0.164,0.421,0.346,0,0.433,20.0,22.222222222
0.694,0.547,0.136,0.421,0.259,0,0.0353,20.0,22.222222222
0.611,0.549,0.129,0.421,0.234,0,0.177,20.0,22.222222222
0.389,0.563,0.0974,0.421,0.168,0,0.177,20.0,22.222222222
0.667,0.588,0.191,0.421,0.253,0,0.0353,20.0,22.222222222
0.528,0.603,0.187,0.421,0.217,0,0.0353,20.0,22.222222222
0.333,0.594,0.163,0.571,0.17,0,0,20.0,22.222222222
0.389,0.594,0.259,0.644,0.224,0,0.0707,20.0,22.222222222
0.5,0.591,0.403,0.711,0.343,0,0.239,20.0,22.222222222
0.667,0.568,0.518,0.807,0.544,0,0,20.0,22.222222222
0.806,0.529,0.368,0.855,0.48,0,0.168,20.0,22.222222222
1,0.553,0.0563,0.501,0.101,0,0.205,20.0,22.222222222
1,0.563,0.0162,0.421,0.0528,0,0,20.0,22.222222222
1,0.563,0.0162,0.421,0.0528,0,0,18.333333333,22.222222222
1,0.563,0.0162,0.421,0.0528,0,0,18.333333333,22.222222222
1,0.563,0.0162,0.421,0.0528,0,0,18.333333333,22.222222222
1,0.563,0.0162,0.421,0.0528,0,0,18.333333333,22.222222222
1,0.563,0.0162,0.421,0.0528,0,0,18.333333333,22.222222222
1,0.563,0.0162,0.421,0.0528,0,0,18.333333333,22.222222222
0.861,0.557,0.0283,0.421,0.113,0,0.215,18.333333333,22.222222222
0.667,0.556,0.0446,0.421,0.163,0.467,0.166,18.333333333,22.222222222
0.667,0.555,0.0532,0.421,0.167,0,0.0707,18.333333333,22.222222222
0.667,0.548,0.0978,0.421,0.264,0,0.0353,20.0,22.222222222
0.722,0.546,0.119,0.421,0.28,0,0.335,20.0,22.222222222
0.861,0.543,0.147,0.421,0.313,0.917,0.19,20.0,22.222222222
0.417,0.554,0.0879,0.421,0.177,0.517,0.133,20.0,22.222222222
0.667,0.548,0.14,0.421,0.25,0.417,0.177,20.0,22.222222222
0.889,0.564,0.202,0.421,0.317,0.3,0.57,20.0,22.222222222
0.944,0.598,0.263,0.421,0.336,0,0.547,20.0,22.222222222
0.972,0.638,0.334,0.421,0.356,0,0.25,20.0,22.222222222
1,0.654,0.457,0.871,0.404,0,0.292,20.0,22.222222222
0.944,0.639,0.603,0.961,0.468,0,0.217,20.0,22.222222222
0.667,0.6,0.535,0.807,0.443,0,0,20.0,22.222222222
0.667,0.567,0.414,0.727,0.44,0,0.106,20.0,22.222222222
0.889,0.548,0.173,0.614,0.243,0,0.175,20.0,22.222222222
1,0.535,0.0848,0.614,0.133,0,0,20.0,22.222222222
1,0.544,0.0367,0.534,0.0719,0,0,20.0,22.222222222
1,0.563,0.0185,0.421,0.0528,0,0,18.333333333,22.222222222
1,0.563,0.0185,0.421,0.0528,0,0,18.333333333,22.222222222
1,0.563,0.0185,0.421,0.0528,0,0,18.333333333,22.222222222
1,0.563,0.0185,0.421,0.0528,0,0,18.333333333,22.222222222
1,0.563,0.0185,0.421,0.0528,0,0,18.333333333,22.222222222
1,0.549,0.0253,0.534,0.107,0.417,0.0353,18.333333333,22.222222222
1,0.532,0.0783,0.453,0.341,0.783,0.337,18.333333333,22.222222222
1,0.539,0.153,0.421,0.413,0,0.541,18.333333333,22.222222222
1,0.54,0.205,0.421,0.397,0,0.368,18.333333333,22.222222222
1,0.54,0.246,0.421,0.384,0,0.487,20.0,22.222222222
1,0.54,0.271,0.421,0.367,0,0.217,20.0,22.222222222
0.556,0.55,0.17,0.421,0.221,0,0.132,20.0,22.222222222
0.25,0.557,0.0991,0.421,0.127,0.233,0.209,20.0,22.222222222
0.333,0.555,0.143,0.421,0.152,0,0.212,20.0,22.222222222
0.333,0.563,0.157,0.421,0.152,0,0.0353,20.0,22.222222222
0.333,0.576,0.164,0.421,0.153,0,0.0707,20.0,22.222222222
0.639,0.613,0.309,0.421,0.252,0,0.115,20.0,22.222222222
0.667,0.624,0.374,0.721,0.287,0.167,0.145,20.0,22.222222222
0.667,0.617,0.486,0.802,0.346,0.3,0.0707,20.0,22.222222222
0.972,0.597,0.527,0.775,0.409,0,0.141,20.0,22.222222222
1,0.565,0.28,0.614,0.298,0,0,20.0,22.222222222
1,0.563,0.0401,0.437,0.0736,0,0,20.0,22.222222222
1,0.563,0.0185,0.421,0.0528,0,0,20.0,22.222222222
1,0.563,0.0185,0.421,0.0528,0,0,20.0,22.222222222
1,0.563,0.0185,0.421,0.0528,0,0,18.333333333,22.222222222
1,0.563,0.0185,0.421,0.0528,0,0,18.333333333,22.222222222
1,0.563,0.0185,0.421,0.0528,0,0,18.333333333,22.222222222
1,0.563,0.0185,0.421,0.0528,0,0,18.333333333,22.222222222
1,0.563,0.0185,0.421,0.0528,0,0,18.333333333,22.222222222
1,0.553,0.0234,0.501,0.0912,0,0.106,18.333333333,22.222222222
1,0.55,0.0431,0.437,0.172,0,0.106,18.333333333,22.222222222
1,0.548,0.106,0.421,0.283,0,0,18.333333333,22.222222222
0.944,0.549,0.132,0.421,0.263,0,0.141,18.333333333,22.222222222
0.444,0.554,0.113,0.421,0.191,0,0,20.0,22.222222222
0.333,0.555,0.103,0.421,0.158,0,0.0707,20.0,22.222222222
0.333,0.555,0.11,0.421,0.153,0,0.0353,20.0,22.222222222
0.556,0.55,0.199,0.421,0.218,0,0.0707,20.0,22.222222222
0.444,0.56,0.0682,0.421,0.094,0,0.0707,20.0,22.222222222
0.333,0.564,0.146,0.421,0.144,0,0.306,20.0,22.222222222
0.333,0.576,0.164,0.421,0.153,0.417,0.212,20.0,22.222222222
0.333,0.589,0.17,0.421,0.157,0.3,0,20.0,22.222222222
0.333,0.594,0.196,0.571,0.17,0,0.106,20.0,22.222222222
0.639,0.614,0.471,0.788,0.336,0,0.0707,20.0,22.222222222
0.75,0.602,0.598,0.823,0.459,0,0,20.0,22.222222222
0.667,0.565,0.28,0.614,0.298,0,0.0615,20.0,22.222222222
0.667,0.555,0.121,0.534,0.166,0,0,20.0,22.222222222
0.667,0.563,0.0185,0.421,0.0528,0,0,20.0,22.222222222
0.667,0.563,0.0164,0.421,0.0528,0,0,20.0,22.222222222
0.972,0.533,0.0235,0.598,0.0609,0,0.241,18.333333333,22.222222222
1,0.53,0.018,0.614,0.0535,0,0.286,18.333333333,22.222222222
1,0.561,0.0163,0.437,0.0528,0,0,18.333333333,22.222222222
1,0.563,0.0162,0.421,0.0528,0,0,18.333333333,22.222222222
1,0.558,0.0175,0.453,0.0577,0,0,18.333333333,22.222222222
0.944,0.519,0.0437,0.759,0.209,0,0.362,18.333333333,22.222222222
0.833,0.544,0.0519,0.437,0.232,0,0.188,18.333333333,22.222222222
0.667,0.556,0.0414,0.421,0.153,0,0.283,18.333333333,22.222222222
0.667,0.556,0.0507,0.421,0.157,0,0.141,18.333333333,22.222222222
0.667,0.555,0.0586,0.421,0.163,0,0,20.0,22.222222222
0.667,0.555,0.0637,0.421,0.158,0,0.141,20.0,22.222222222
0.667,0.554,0.0754,0.421,0.17,0,0.0353,20.0,22.222222222
0.583,0.55,0.117,0.421,0.226,0,0,20.0,22.222222222
0.75,0.546,0.155,0.421,0.275,0,0.146,20.0,22.222222222
0.917,0.564,0.208,0.421,0.325,0.233,0.352,20.0,22.222222222
0.667,0.588,0.191,0.421,0.253,0,0.212,20.0,22.222222222
0.667,0.614,0.233,0.421,0.261,0,0,20.0,22.222222222
0.667,0.624,0.31,0.721,0.287,0,0.0707,20.0,22.222222222
0.889,0.634,0.573,0.931,0.446,0,0.0707,20.0,22.222222222
0.694,0.603,0.553,0.823,0.455,0,0,20.0,22.222222222
0.806,0.568,0.622,0.887,0.648,0,0,20.0,22.222222222
1,0.528,0.401,0.887,0.516,0,0.0817,20.0,22.222222222
1,0.535,0.0848,0.614,0.133,0,0,20.0,22.222222222
1,0.544,0.0323,0.534,0.0719,0,0,20.0,22.222222222
1,0.563,0.0162,0.421,0.0528,0,0,18.333333333,22.222222222
1,0.563,0.0162,0.421,0.0528,0,0,18.333333333,22.222222222
1,0.563,0.0162,0.421,0.0528,0,0,18.333333333,22.222222222
1,0.563,0.0162,0.421,0.0528,0,0,18.333333333,22.222222222
1,0.563,0.0162,0.421,0.0528,0,0,18.333333333,22.222222222
1,0.553,0.0229,0.501,0.0912,0,0.0353,18.333333333,22.222222222
0.778,0.553,0.0337,0.437,0.141,0,0.142,18.333333333,22.222222222
0.667,0.548,0.0749,0.421,0.283,0,0.246,18.333333333,22.222222222
0.361,0.555,0.0558,0.421,0.177,0.667,0.304,18.333333333,22.222222222
0.333,0.555,0.0586,0.421,0.163,0.05,0,20.0,22.222222222
0.333,0.555,0.0637,0.421,0.158,0,0.141,20.0,22.222222222
0.333,0.555,0.0669,0.421,0.153,0,0.0353,20.0,22.222222222
0.639,0.548,0.127,0.421,0.243,0,0.0353,20.0,22.222222222
0.667,0.548,0.14,0.421,0.25,0,0.424,20.0,22.222222222
0.667,0.563,0.155,0.421,0.251,0,0.0707,20.0,22.222222222
0.667,0.588,0.191,0.421,0.253,0.417,0.0707,20.0,22.222222222
0.667,0.614,0.233,0.421,0.261,0.3,0.106,20.0,22.222222222
0.667,0.624,0.31,0.721,0.287,0,0.0707,20.0,22.222222222
0.667,0.617,0.431,0.802,0.346,0,0,20.0,22.222222222
0.667,0.6,0.535,0.807,0.443,0,0,20.0,22.222222222
0.806,0.568,0.622,0.887,0.648,0,0,20.0,22.222222222
1,0.525,0.426,0.92,0.547,0,0.113,20.0,22.222222222
1,0.519,0.128,0.727,0.184,0,0,20.0,22.222222222
1,0.53,0.0415,0.614,0.0829,0,0,20.0,22.222222222
1,0.53,0.0253,0.614,0.0631,0,0,18.333333333,22.222222222
1,0.53,0.018,0.614,0.0535,0,0,18.333333333,22.222222222
1,0.53,0.0161,0.614,0.0528,0,0.222,18.333333333,22.222222222
1,0.561,0.0162,0.437,0.0528,0,0,18.333333333,22.222222222
1,0.549,0.0195,0.501,0.0649,0.417,0.106,18.333333333,22.222222222
0.611,0.544,0.0276,0.566,0.117,0.05,0,18.333333333,22.222222222
0.667,0.55,0.0398,0.437,0.172,0,0.247,18.333333333,22.222222222
0.667,0.555,0.0466,0.421,0.173,0,0.139,18.333333333,22.222222222
0.667,0.548,0.0877,0.421,0.272,0,0.191,18.333333333,22.222222222
0.667,0.548,0.101,0.421,0.273,0,0.387,20.0,22.222222222
0.667,0.548,0.111,0.421,0.262,0,0.117,20.0,22.222222222
0.611,0.549,0.109,0.421,0.237,0,0.473,20.0,22.222222222
0.639,0.55,0.118,0.421,0.226,0,0,20.0,22.222222222
0.667,0.555,0.0779,0.421,0.152,0,0,20.0,22.222222222
0.667,0.563,0.0857,0.421,0.152,0,0.106,20.0,22.222222222
0.667,0.576,0.103,0.421,0.153,0,0.141,20.0,22.222222222
0.667,0.593,0.143,0.421,0.174,0.167,0.0353,20.0,22.222222222
0.667,0.624,0.31,0.721,0.287,0.55,0.0353,20.0,22.222222222
0.917,0.637,0.59,0.947,0.458,0,0,20.0,22.222222222
0.667,0.6,0.535,0.807,0.443,0,0,20.0,22.222222222
0.667,0.568,0.518,0.807,0.544,0,0.106,20.0,22.222222222
0.667,0.555,0.132,0.55,0.187,0,0,20.0,22.222222222
0.667,0.563,0.0162,0.421,0.0528,0,0,20.0,22.222222222
0.667,0.563,0.0162,0.421,0.0528,0,0,20.0,22.222222222
0.972,0.533,0.0235,0.598,0.0609,0,0.302,18.333333333,22.222222222
1,0.53,0.018,0.614,0.0535,0,0,18.333333333,22.222222222
1,0.535,0.0162,0.582,0.0528,0,0.385,18.333333333,22.222222222
1,0.563,0.0162,0.421,0.0528,0,0,18.333333333,22.222222222
1,0.563,0.0162,0.421,0.0528,0,0,18.333333333,22.222222222
1,0.563,0.0162,0.421,0.0528,0,0,18.333333333,22.222222222
1,0.552,0.0384,0.421,0.164,0,0,18.333333333,22.222222222
1,0.552,0.0595,0.421,0.223,0,0.145,18.333333333,22.222222222
1,0.548,0.0903,0.421,0.282,0,0,18.333333333,22.222222222
0.389,0.555,0.0617,0.421,0.173,0,0.106,20.0,22.222222222
0.333,0.555,0.0637,0.421,0.158,0,0.141,20.0,22.222222222
0.333,0.555,0.0669,0.421,0.153,0.417,0.318,20.0,22.222222222
0.639,0.548,0.127,0.421,0.243,0.783,0.106,20.0,22.222222222
0.667,0.548,0.14,0.421,0.25,0,0.0707,20.0,22.222222222
0.806,0.564,0.184,0.421,0.292,0,0.443,20.0,22.222222222
1,0.601,0.278,0.421,0.353,0,0.264,20.0,22.222222222
0.861,0.628,0.296,0.421,0.321,0,0.306,20.0,22.222222222
0.667,0.624,0.31,0.721,0.287,0,0,20.0,22.222222222
0.667,0.617,0.431,0.802,0.346,0,0.0353,20.0,22.222222222
0.667,0.6,0.535,0.807,0.443,0,0,20.0,22.222222222
0.889,0.568,0.642,0.904,0.668,0,0,20.0,22.222222222
1,0.548,0.194,0.63,0.264,0,0.0353,20.0,22.222222222
1,0.562,0.0286,0.437,0.0682,0,0,20.0,22.222222222
1,0.563,0.0162,0.421,0.0528,0,0,20.0,22.222222222
1,0.533,0.0235,0.598,0.0609,0,0,18.333333333,22.222222222
1,0.561,0.0169,0.437,0.0535,0,0,18.333333333,22.222222222
1,0.563,0.0162,0.421,0.0528,0,0,18.333333333,22.222222222
0.694,0.563,0.0162,0.421,0.0528,0,0,18.333333333,22.222222222
0.667,0.533,0.0235,0.598,0.0795,0,0.305,18.333333333,22.222222222
0.361,0.561,0.0169,0.437,0.0552,0,0,18.333333333,22.222222222
0.556,0.555,0.0324,0.421,0.134,0,0,18.333333333,22.222222222
0.889,0.55,0.0672,0.421,0.253,0,0,18.333333333,22.222222222
1,0.54,0.125,0.421,0.387,0,0.0353,18.333333333,22.222222222
1,0.54,0.143,0.421,0.384,0,0.106,20.0,22.222222222
1,0.54,0.159,0.421,0.367,0,0.106,20.0,22.222222222
0.694,0.547,0.122,0.421,0.262,0,0.0707,20.0,22.222222222
0.444,0.553,0.0928,0.421,0.185,0,0,20.0,22.222222222
0.861,0.543,0.176,0.421,0.308,0,0.0353,20.0,22.222222222
0.556,0.562,0.131,0.421,0.218,0,0.106,20.0,22.222222222
0.333,0.576,0.103,0.421,0.153,0,0,20.0,22.222222222
0.333,0.589,0.125,0.421,0.157,0,0.212,20.0,22.222222222
0.556,0.614,0.263,0.68,0.248,0,0.353,20.0,22.222222222
0.361,0.593,0.236,0.625,0.209,0,0,20.0,22.222222222
0.333,0.582,0.276,0.614,0.248,0,0,20.0,22.222222222
0.333,0.565,0.267,0.614,0.298,0,0,20.0,22.222222222
0.389,0.546,0.198,0.646,0.274,0,0.0998,20.0,22.222222222
0.667,0.519,0.128,0.727,0.184,0,0.0721,20.0,22.222222222
0.889,0.53,0.0477,0.614,0.0829,0,0.132,20.0,22.222222222
1,0.53,0.03,0.614,0.0631,0,0.0833,18.333333333,22.222222222
1,0.561,0.0194,0.437,0.0535,0,0,18.333333333,22.222222222
1,0.563,0.0185,0.421,0.0528,0,0,18.333333333,22.222222222
1,0.563,0.0185,0.421,0.0528,0,0,18.333333333,22.222222222
1,0.533,0.0224,0.598,0.0795,0,0.184,18.333333333,22.222222222
0.778,0.554,0.0218,0.485,0.0782,0,0.106,18.333333333,22.222222222
0.667,0.552,0.0421,0.421,0.164,0,0.0353,18.333333333,22.222222222
0.833,0.551,0.0865,0.421,0.233,0,0.239,18.333333333,22.222222222
0.972,0.545,0.165,0.421,0.319,0,0.237,18.333333333,22.222222222
0.694,0.547,0.175,0.421,0.283,0,0.223,20.0,22.222222222
0.667,0.548,0.187,0.421,0.262,0,0.435,20.0,22.222222222
0.361,0.555,0.117,0.421,0.162,0,0.183,20.0,22.222222222
0.333,0.555,0.126,0.421,0.152,0,0.243,20.0,22.222222222
0.111,0.561,0.0591,0.421,0.0858,0,0.195,20.0,22.222222222
0,0.563,0.0185,0.421,0.0528,0,0,20.0,22.222222222
0.306,0.576,0.153,0.421,0.144,0,0.106,20.0,22.222222222
0.333,0.589,0.17,0.421,0.157,0,0.247,20.0,22.222222222
0.389,0.599,0.226,0.598,0.189,0,0,20.0,22.222222222
0.806,0.628,0.585,0.883,0.408,0.417,0.141,20.0,22.222222222
1,0.619,0.852,1,0.638,0.533,0.0976,20.0,22.222222222
1,0.569,0.521,0.791,0.519,0,0.141,20.0,22.222222222
1,0.548,0.188,0.614,0.243,0,0,20.0,22.222222222
1,0.535,0.0963,0.614,0.133,0,0,20.0,22.222222222
1,0.544,0.0376,0.534,0.0719,0,0,20.0,22.222222222
1,0.563,0.0185,0.421,0.0528,0,0,18.333333333,22.222222222
1,0.563,0.0185,0.421,0.0528,0,0,18.333333333,22.222222222
1,0.563,0.0185,0.421,0.0528,0,0,18.333333333,22.222222222
1,0.533,0.0203,0.598,0.0533,0,0.211,18.333333333,22.222222222
1,0.53,0.0225,0.614,0.0795,0,0.515,18.333333333,22.222222222
1,0.538,0.0295,0.614,0.14,0,0.357,18.333333333,22.222222222
1,0.55,0.0431,0.437,0.172,0,0.259,18.333333333,22.222222222
1,0.555,0.0632,0.421,0.173,0,0.246,18.333333333,22.222222222
1,0.548,0.139,0.421,0.272,0,0.382,18.333333333,22.222222222
0.694,0.548,0.17,0.421,0.273,0,0.155,20.0,22.222222222
0.556,0.55,0.159,0.421,0.228,0,0.309,20.0,22.222222222
0.139,0.56,0.0567,0.421,0.0945,0,0.177,20.0,22.222222222
0.333,0.555,0.126,0.421,0.152,0,0.0353,20.0,22.222222222
0.333,0.557,0.122,0.421,0.135,0,0.0353,20.0,22.222222222
0.111,0.564,0.0533,0.421,0.0776,0,0.142,20.0,22.222222222
0.0556,0.566,0.0429,0.421,0.0695,0,0.141,20.0,22.222222222
0.5,0.602,0.246,0.421,0.209,0,0.141,20.0,22.222222222
0.389,0.599,0.226,0.598,0.189,0,0.124,20.0,22.222222222
0.667,0.617,0.486,0.802,0.346,0.233,0.0928,20.0,22.222222222
0.667,0.6,0.574,0.807,0.443,0,0.0707,20.0,22.222222222
0.667,0.567,0.303,0.63,0.315,0,0,20.0,22.222222222
0.972,0.536,0.309,0.759,0.382,0,0.277,20.0,22.222222222
1,0.535,0.0963,0.614,0.133,0,0,20.0,22.222222222
1,0.53,0.0424,0.614,0.0829,0,0,20.0,22.222222222
1,0.535,0.024,0.582,0.0616,0,0.0353,18.333333333,22.222222222
1,0.563,0.0162,0.421,0.0528,0,0,18.333333333,22.222222222
1,0.563,0.0162,0.421,0.0528,0,0,18.333333333,22.222222222
1,0.563,0.0162,0.421,0.0528,0,0,18.333333333,22.222222222
1,0.549,0.0195,0.501,0.0649,0,0,18.333333333,22.222222222
1,0.538,0.0316,0.614,0.14,0.467,0.212,18.333333333,22.222222222
1,0.55,0.0398,0.437,0.172,0,0.106,18.333333333,22.222222222
1,0.548,0.0749,0.421,0.283,0,0.212,18.333333333,22.222222222
0.694,0.548,0.0903,0.421,0.282,0,0.106,18.333333333,22.222222222
0.667,0.548,0.101,0.421,0.273,0,0,20.0,22.222222222
0.667,0.548,0.111,0.421,0.262,0,0.0353,20.0,22.222222222
0.667,0.551,0.0964,0.421,0.212,0.467,0.0353,20.0,22.222222222
0.667,0.548,0.127,0.421,0.243,0.717,0.141,20.0,22.222222222
0.417,0.554,0.0932,0.421,0.176,0,0.0353,20.0,22.222222222
0.528,0.563,0.126,0.421,0.21,0,0.254,20.0,22.222222222
0.556,0.585,0.163,0.421,0.219,0,0.141,20.0,22.222222222
0.667,0.614,0.233,0.421,0.261,0,0.141,20.0,22.222222222
0.528,0.611,0.247,0.653,0.237,0,0.0353,20.0,22.222222222
0.333,0.59,0.224,0.612,0.2,0,0,20.0,22.222222222
0.333,0.582,0.276,0.614,0.248,0,0.141,20.0,22.222222222
0.472,0.565,0.267,0.614,0.298,0,0.122,20.0,22.222222222
0.667,0.555,0.111,0.534,0.166,0,0,20.0,22.222222222
0.667,0.563,0.0162,0.421,0.0528,0,0,20.0,22.222222222
0.667,0.563,0.0162,0.421,0.0528,0,0,20.0,22.222222222
0.806,0.555,0.0182,0.469,0.055,0,0.232,18.333333333,22.222222222
1,0.563,0.0162,0.421,0.0528,0,0.0494,18.333333333,22.222222222
1,0.563,0.0162,0.421,0.0528,0,0,18.333333333,22.222222222
1,0.563,0.0162,0.421,0.0528,0,0,18.333333333,22.222222222
1,0.563,0.0162,0.421,0.0528,0,0,18.333333333,22.222222222
1,0.54,0.031,0.598,0.137,0,0.377,18.333333333,22.222222222
1,0.542,0.0559,0.437,0.252,0,0.141,18.333333333,22.222222222
0.694,0.554,0.0486,0.421,0.183,0,0.299,18.333333333,22.222222222
0.667,0.555,0.0532,0.421,0.167,0,0.274,18.333333333,22.222222222
0.583,0.55,0.0871,0.421,0.236,0,0.0353,20.0,22.222222222
0.5,0.552,0.0873,0.421,0.21,0,0.106,20.0,22.222222222
0.667,0.548,0.118,0.421,0.254,0.467,0.177,20.0,22.222222222
0.667,0.548,0.132,0.421,0.251,0,0.0707,20.0,22.222222222
0.667,0.548,0.14,0.421,0.25,0,0.0353,20.0,22.222222222
0.667,0.563,0.155,0.421,0.251,0,0.283,20.0,22.222222222
0.667,0.588,0.191,0.421,0.253,0.467,0.0353,20.0,22.222222222
0.667,0.614,0.233,0.421,0.261,0,0.224,20.0,22.222222222
0.667,0.596,0.172,0.571,0.178,0,0,20.0,22.222222222
0.667,0.566,0.0287,0.435,0.0626,0,0,20.0,22.222222222
0.667,0.571,0.126,0.501,0.136,0,0,20.0,22.222222222
0.667,0.565,0.163,0.534,0.194,0,0.0707,20.0,22.222222222
0.667,0.563,0.0162,0.421,0.0528,0,0,20.0,22.222222222
0.667,0.563,0.0162,0.421,0.0528,0,0,20.0,22.222222222
0.972,0.533,0.0364,0.598,0.077,0,0.265,20.0,22.222222222
1,0.552,0.02,0.485,0.0572,0,0.0289,18.333333333,22.222222222
1,0.563,0.0162,0.421,0.0528,0,0,18.333333333,22.222222222
1,0.563,0.0162,0.421,0.0528,0,0,18.333333333,22.222222222
1,0.563,0.0162,0.421,0.0528,0,0,18.333333333,22.222222222
1,0.563,0.0162,0.421,0.0528,0,0,18.333333333,22.222222222
1,0.54,0.031,0.598,0.137,0,0.17,18.333333333,22.222222222
0.944,0.552,0.0357,0.437,0.151,0,0,18.333333333,22.222222222
0.667,0.563,0.0162,0.421,0.0528,0,0,18.333333333,22.222222222
0.667,0.56,0.0319,0.421,0.1,0,0.4,18.333333333,22.222222222
0.667,0.555,0.0586,0.421,0.163,0,0.294,20.0,22.222222222
0.417,0.554,0.0717,0.421,0.175,0.417,0,20.0,22.222222222
0.972,0.54,0.164,0.421,0.346,0.3,0.196,20.0,22.222222222
0.694,0.547,0.136,0.421,0.259,0,0.24,20.0,22.222222222
0.5,0.552,0.109,0.421,0.201,0,0.203,20.0,22.222222222
0.667,0.563,0.155,0.421,0.251,0,0.549,20.0,22.222222222
0.667,0.576,0.109,0.421,0.161,0,0.292,20.0,22.222222222
0.667,0.589,0.125,0.421,0.157,0,0.292,20.0,22.222222222
0.75,0.601,0.201,0.612,0.199,0.417,0.25,20.0,22.222222222
0.806,0.601,0.312,0.692,0.262,0.783,0.126,20.0,22.222222222
1,0.593,0.425,0.727,0.36,0,0.138,20.0,22.222222222
1,0.565,0.267,0.614,0.298,0,0,20.0,22.222222222
1,0.555,0.111,0.534,0.166,0,0,20.0,22.222222222
1,0.563,0.0162,0.421,0.0528,0,0,20.0,22.222222222
1,0.563,0.0162,0.421,0.0528,0,0,20.0,22.222222222
1,0.563,0.0162,0.421,0.0528,0,0,18.333333333,22.222222222
1,0.563,0.0162,0.421,0.0528,0,0,18.333333333,22.222222222
1,0.563,0.0162,0.421,0.0528,0,0,18.333333333,22.222222222
1,0.563,0.0162,0.421,0.0528,0,0,18.333333333,22.222222222
1,0.563,0.0162,0.421,0.0528,0,0,18.333333333,22.222222222
1,0.54,0.031,0.598,0.137,0,0.193,18.333333333,22.222222222
0.694,0.545,0.0499,0.437,0.222,0,0.0764,18.333333333,22.222222222
0.528,0.555,0.0434,0.421,0.163,0,0.193,18.333333333,22.222222222
0.639,0.556,0.0507,0.421,0.157,0,0,18.333333333,22.222222222
0.667,0.555,0.0586,0.421,0.163,0,0.0353,20.0,22.222222222
0.667,0.555,0.0637,0.421,0.158,0,0.0353,20.0,22.222222222
0.667,0.555,0.0669,0.421,0.153,0,0.0707,20.0,22.222222222
0.667,0.555,0.0739,0.421,0.152,0,0.0707,20.0,22.222222222
0.528,0.555,0.0779,0.421,0.152,0,0.141,20.0,22.222222222
0.639,0.564,0.15,0.421,0.243,0.167,0.566,20.0,22.222222222
0.667,0.588,0.191,0.421,0.253,0.3,0.0353,20.0,22.222222222
0.667,0.614,0.233,0.421,0.261,0.417,0.0707,20.0,22.222222222
0.667,0.624,0.31,0.721,0.287,0.05,0.0353,20.0,22.222222222
0.667,0.617,0.431,0.802,0.346,0,0.0707,20.0,22.222222222
0.667,0.6,0.535,0.807,0.443,0,0,20.0,22.222222222
0.972,0.568,0.518,0.807,0.544,0,0.189,20.0,22.222222222
1,0.533,0.331,0.807,0.434,0,0.169,20.0,22.222222222
1,0.526,0.113,0.678,0.167,0,0.154,20.0,22.222222222
1,0.53,0.0415,0.614,0.0829,0,0.0738,20.0,22.222222222
0.778,0.552,0.02,0.485,0.0572,0,0,18.333333333,22.222222222
0.667,0.563,0.0162,0.421,0.0528,0,0,18.333333333,22.222222222
0.972,0.563,0.0162,0.421,0.0528,0,0,18.333333333,22.222222222
1,0.563,0.0162,0.421,0.0528,0,0,18.333333333,22.222222222
1,0.563,0.0162,0.421,0.0528,0,0,18.333333333,22.222222222
0.861,0.551,0.0243,0.518,0.0988,0.667,0.0353,18.333333333,22.222222222
0.667,0.563,0.0162,0.421,0.0528,0.05,0,18.333333333,22.222222222
0.667,0.563,0.0162,0.421,0.0528,0,0,18.333333333,22.222222222
0.361,0.56,0.0319,0.421,0.1,0,0,18.333333333,22.222222222
0.333,0.555,0.0586,0.421,0.163,0,0.141,20.0,22.222222222
0.333,0.555,0.0637,0.421,0.158,0,0.0353,20.0,22.222222222
0.556,0.55,0.101,0.421,0.22,0,0.106,20.0,22.222222222
0.667,0.548,0.132,0.421,0.251,0,0.283,20.0,22.222222222
0.667,0.548,0.14,0.421,0.25,0,0.141,20.0,22.222222222
0.667,0.563,0.155,0.421,0.251,0,0.106,20.0,22.222222222
0.528,0.583,0.154,0.421,0.211,0,0.0353,20.0,22.222222222
0.333,0.589,0.125,0.421,0.157,0.167,0.0353,20.0,22.222222222
0.639,0.622,0.301,0.721,0.278,0.55,0.0707,20.0,22.222222222
0.667,0.617,0.431,0.802,0.346,0,0,20.0,22.222222222
0.667,0.597,0.491,0.775,0.409,0,0,20.0,22.222222222
0.889,0.566,0.433,0.743,0.465,0,0.177,20.0,22.222222222
1,0.533,0.331,0.807,0.434,0,0,20.0,22.222222222
1,0.512,0.143,0.775,0.202,0,0.208,20.0,22.222222222
1,0.561,0.0234,0.437,0.0587,0,0,20.0,22.222222222
1,0.563,0.0185,0.421,0.0528,0,0,18.333333333,22.222222222
1,0.563,0.0185,0.421,0.0528,0,0,18.333333333,22.222222222
1,0.563,0.0185,0.421,0.0528,0,0,18.333333333,22.222222222
1,0.563,0.0185,0.421,0.0528,0,0,18.333333333,22.222222222
1,0.563,0.0185,0.421,0.0528,0,0,18.333333333,22.222222222
1,0.553,0.0234,0.501,0.0912,0,0.14,18.333333333,22.222222222
0.694,0.556,0.0302,0.437,0.111,0,0.186,18.333333333,22.222222222
0.667,0.555,0.0632,0.421,0.173,0,0.399,18.333333333,22.222222222
0.667,0.555,0.0806,0.421,0.167,0,0.193,18.333333333,22.222222222
0.667,0.548,0.165,0.421,0.264,0.467,0.33,20.0,22.222222222
0.667,0.548,0.187,0.421,0.262,0,0.377,20.0,22.222222222
0.667,0.548,0.201,0.421,0.254,0,0.295,20.0,22.222222222
0.278,0.557,0.107,0.421,0.135,0,0.0353,20.0,22.222222222
0.472,0.552,0.195,0.421,0.193,0,0.141,20.0,22.222222222
0.361,0.563,0.167,0.421,0.16,0,0.249,20.0,22.222222222
0.806,0.583,0.238,0.421,0.203,0,0.165,20.0,22.222222222
0.667,0.589,0.17,0.421,0.157,0,0.143,20.0,22.222222222
0.667,0.594,0.196,0.571,0.17,0,0,20.0,22.222222222
0.583,0.608,0.411,0.74,0.299,0,0.0707,20.0,22.222222222
0.667,0.6,0.574,0.807,0.443,0,0.0707,20.0,22.222222222
0.667,0.567,0.325,0.646,0.336,0,0,20.0,22.222222222
0.667,0.563,0.0185,0.421,0.0528,0,0,20.0,22.222222222
0.722,0.559,0.0302,0.453,0.0646,0,0.141,20.0,22.222222222
1,0.561,0.0244,0.437,0.0587,0,0.0141,20.0,22.222222222
1,0.563,0.0185,0.421,0.0528,0,0,18.333333333,22.222222222
1,0.563,0.0185,0.421,0.0528,0,0,18.333333333,22.222222222
1,0.563,0.0185,0.421,0.0528,0,0,18.333333333,22.222222222
1,0.563,0.0185,0.421,0.0528,0,0,18.333333333,22.222222222
1,0.563,0.0185,0.421,0.0528,0,0,18.333333333,22.222222222
1,0.54,0.0292,0.598,0.137,0.467,0.318,18.333333333,22.222222222
0.694,0.55,0.0431,0.437,0.172,0,0.0707,18.333333333,22.222222222
0.667,0.548,0.106,0.421,0.283,0,0.342,18.333333333,22.222222222
0.667,0.548,0.143,0.421,0.282,0,0.267,18.333333333,22.222222222
0.306,0.556,0.0867,0.421,0.154,0,0.255,20.0,22.222222222
0,0.563,0.0185,0.421,0.0528,0,0,20.0,22.222222222
0,0.563,0.0185,0.421,0.0528,0,0,20.0,22.222222222
0.167,0.559,0.0733,0.421,0.102,0,0.177,20.0,22.222222222
0,0.563,0.0185,0.421,0.0528,0,0,20.0,22.222222222
0,0.563,0.0185,0.421,0.0528,0,0,20.0,22.222222222
0.0556,0.566,0.0429,0.421,0.0695,0,0.0707,20.0,22.222222222
0.333,0.589,0.17,0.421,0.157,0,0.283,20.0,22.222222222
0.556,0.614,0.316,0.68,0.248,0,0.201,20.0,22.222222222
0.667,0.617,0.486,0.802,0.346,0,0.22,20.0,22.222222222
0.667,0.6,0.574,0.807,0.443,0,0.212,20.0,22.222222222
0.806,0.567,0.411,0.711,0.419,0,0.0353,20.0,22.222222222
1,0.555,0.142,0.55,0.187,0,0,20.0,22.222222222
1,0.563,0.0185,0.421,0.0528,0,0,20.0,22.222222222
1,0.563,0.0164,0.421,0.0528,0,0,20.0,22.222222222
1,0.563,0.0162,0.421,0.0528,0,0,18.333333333,22.222222222
1,0.563,0.0162,0.421,0.0528,0,0,18.333333333,22.222222222
1,0.563,0.0162,0.421,0.0528,0,0,18.333333333,22.222222222
1,0.533,0.0187,0.598,0.0533,0,0.141,18.333333333,22.222222222
1,0.53,0.0237,0.614,0.0795,0.167,0.177,18.333333333,22.222222222
1,0.527,0.0383,0.694,0.178,0.3,0.212,18.333333333,22.222222222
1,0.537,0.0633,0.453,0.29,0,0.0353,18.333333333,22.222222222
1,0.547,0.0769,0.421,0.293,0,0.256,18.333333333,22.222222222
1,0.548,0.0903,0.421,0.282,0,0.33,18.333333333,22.222222222
0.778,0.553,0.0724,0.421,0.2,0,0.32,20.0,22.222222222
0.667,0.548,0.108,0.421,0.253,0,0.608,20.0,22.222222222
0.889,0.542,0.152,0.421,0.321,0,0.116,20.0,22.222222222
1,0.541,0.18,0.421,0.333,0,0,20.0,22.222222222
1,0.548,0.14,0.421,0.25,0,0.141,20.0,22.222222222
0.861,0.564,0.19,0.421,0.3,0.467,0.0353,20.0,22.222222222
0.667,0.588,0.191,0.421,0.253,0,0.0353,20.0,22.222222222
0.667,0.614,0.233,0.421,0.261,0.467,0.169,20.0,22.222222222
0.667,0.624,0.31,0.721,0.287,0,0.473,20.0,22.222222222
0.667,0.617,0.431,0.802,0.346,0,0.194,20.0,22.222222222
0.667,0.6,0.535,0.807,0.443,0,0,20.0,22.222222222
0.667,0.567,0.414,0.727,0.44,0,0.232,20.0,22.222222222
0.667,0.555,0.111,0.534,0.166,0,0,20.0,22.222222222
0.667,0.563,0.0162,0.421,0.0528,0,0,20.0,22.222222222
0.889,0.563,0.0162,0.421,0.0528,0,0,20.0,22.222222222
1,0.563,0.0162,0.421,0.0528,0,0,18.333333333,22.222222222
1,0.563,0.0162,0.421,0.0528,0,0,18.333333333,22.222222222
1,0.563,0.0162,0.421,0.0528,0,0,18.333333333,22.222222222
1,0.563,0.0162,0.421,0.0528,0,0,18.333333333,22.222222222
1,0.563,0.0162,0.421,0.0528,0,0,18.333333333,22.222222222
0.861,0.551,0.0243,0.518,0.0988,0,0.0707,18.333333333,22.222222222
0.667,0.563,0.0162,0.421,0.0528,0,0,18.333333333,22.222222222
0.667,0.563,0.0162,0.421,0.0528,0,0,18.333333333,22.222222222
0.667,0.563,0.0162,0.421,0.0528,0,0,18.333333333,22.222222222
0.667,0.553,0.0732,0.421,0.199,0.717,0.177,20.0,22.222222222
0.667,0.548,0.111,0.421,0.262,0,0.141,20.0,22.222222222
0.667,0.548,0.118,0.421,0.254,0,0.0707,20.0,22.222222222
0.667,0.548,0.132,0.421,0.251,0,0.106,20.0,22.222222222
0.667,0.548,0.14,0.421,0.25,0,0.106,20.0,22.222222222
0.972,0.564,0.22,0.421,0.342,0,0.544,20.0,22.222222222
1,0.601,0.278,0.421,0.353,0,0.219,20.0,22.222222222
0.778,0.622,0.268,0.421,0.295,0,0.106,20.0,22.222222222
0.75,0.632,0.348,0.762,0.316,0.167,0.132,20.0,22.222222222
0.667,0.617,0.431,0.802,0.346,0.3,0.0353,20.0,22.222222222
0.667,0.6,0.535,0.807,0.443,0,0.177,20.0,22.222222222
0.667,0.567,0.476,0.775,0.502,0,0,20.0,22.222222222
0.722,0.546,0.198,0.646,0.274,0,0,20.0,22.222222222
1,0.534,0.0972,0.63,0.149,0,0,20.0,22.222222222
1,0.561,0.0213,0.437,0.0587,0,0,20.0,22.222222222
1,0.563,0.0162,0.421,0.0528,0,0,18.333333333,22.222222222
1,0.538,0.0172,0.566,0.0528,0,0.45,18.333333333,22.222222222
1,0.563,0.0162,0.421,0.0528,0,0,18.333333333,22.222222222
1,0.563,0.0162,0.421,0.0528,0,0,18.333333333,22.222222222
1,0.563,0.0162,0.421,0.0528,0,0,18.333333333,22.222222222
1,0.54,0.031,0.598,0.137,0,0.274,18.333333333,22.222222222
1,0.55,0.0398,0.437,0.172,0,0.152,18.333333333,22.222222222
1,0.555,0.0466,0.421,0.173,0,0.261,18.333333333,22.222222222
1,0.555,0.0532,0.421,0.167,0,0.247,18.333333333,22.222222222
1,0.555,0.0586,0.421,0.163,0.467,0.17,20.0,22.222222222
0.833,0.552,0.0837,0.421,0.201,0.417,0.0353,20.0,22.222222222
1,0.54,0.164,0.421,0.346,0.05,0.317,20.0,22.222222222
1,0.54,0.189,0.421,0.35,0,0.146,20.0,22.222222222
1,0.54,0.201,0.421,0.349,0,0.283,20.0,22.222222222
1,0.563,0.225,0.421,0.35,0,0.106,20.0,22.222222222
0.861,0.583,0.159,0.421,0.219,0,0.0353,20.0,22.222222222
0.444,0.571,0.0512,0.421,0.0872,0,0,20.0,22.222222222
0.472,0.571,0.0538,0.462,0.0823,0,0,20.0,22.222222222
0.667,0.563,0.0162,0.421,0.0528,0,0,20.0,22.222222222
0.667,0.563,0.0162,0.421,0.0528,0,0,20.0,22.222222222
0.667,0.563,0.0162,0.421,0.0528,0,0,20.0,22.222222222
0.889,0.552,0.115,0.55,0.176,0,0.0475,20.0,22.222222222
1,0.535,0.0848,0.614,0.133,0,0.343,20.0,22.222222222
1,0.53,0.0415,0.614,0.0829,0,0,20.0,22.222222222
1,0.53,0.0253,0.614,0.0631,0,0,18.333333333,22.222222222
1,0.53,0.018,0.614,0.0535,0,0.0707,18.333333333,22.222222222
1,0.544,0.0162,0.534,0.0528,0,0,18.333333333,22.222222222
1,0.563,0.0162,0.421,0.0528,0,0,18.333333333,22.222222222
1,0.563,0.0162,0.421,0.0528,0,0,18.333333333,22.222222222
1,0.563,0.0162,0.421,0.0528,0,0,18.333333333,22.222222222
1,0.558,0.0263,0.421,0.103,0.417,0.141,18.333333333,22.222222222
0.778,0.557,0.0388,0.421,0.143,0.05,0.173,18.333333333,22.222222222
0.667,0.555,0.0532,0.421,0.167,0,0.353,18.333333333,22.222222222
0.667,0.559,0.0372,0.421,0.108,0,0.141,20.0,22.222222222
0.667,0.552,0.0837,0.421,0.201,0.417,0.0353,20.0,22.222222222
0.667,0.548,0.118,0.421,0.254,0.05,0,20.0,22.222222222
0.667,0.548,0.132,0.421,0.251,0,0.212,20.0,22.222222222
0.667,0.548,0.14,0.421,0.25,0.233,0.212,20.0,22.222222222
0.667,0.563,0.155,0.421,0.251,0,0.141,20.0,22.222222222
0.972,0.601,0.272,0.421,0.344,0,0.333,20.0,22.222222222
0.833,0.626,0.286,0.421,0.313,0.167,0.177,20.0,22.222222222
0.861,0.641,0.394,0.803,0.354,0.0667,0.0707,20.0,22.222222222
0.667,0.617,0.431,0.802,0.346,0,0.0353,20.0,22.222222222
0.667,0.584,0.293,0.63,0.26,0,0,20.0,22.222222222
0.722,0.566,0.309,0.646,0.34,0,0,20.0,22.222222222
1,0.54,0.269,0.727,0.357,0,0,20.0,22.222222222
1,0.535,0.0848,0.614,0.133,0,0,20.0,22.222222222
1,0.561,0.0213,0.437,0.0587,0,0,20.0,22.222222222
1,0.563,0.0162,0.421,0.0528,0,0,18.333333333,22.222222222
1,0.563,0.0162,0.421,0.0528,0,0,18.333333333,22.222222222
1,0.563,0.0162,0.421,0.0528,0,0,18.333333333,22.222222222
1,0.563,0.0162,0.421,0.0528,0,0,18.333333333,22.222222222
1,0.563,0.0162,0.421,0.0528,0,0,18.333333333,22.222222222
1,0.563,0.0162,0.421,0.0528,0,0,18.333333333,22.222222222
0.861,0.557,0.0283,0.421,0.113,0,0.0855,18.333333333,22.222222222
0.667,0.563,0.0162,0.421,0.0528,0,0,18.333333333,22.222222222
0.667,0.56,0.0319,0.421,0.1,0.417,0.0353,18.333333333,22.222222222
0.667,0.555,0.0586,0.421,0.163,0.3,0.106,20.0,22.222222222
0.667,0.555,0.0637,0.421,0.158,0,0.177,20.0,22.222222222
0.667,0.555,0.0669,0.421,0.153,0,0.177,20.0,22.222222222
0.667,0.555,0.0739,0.421,0.152,0,0.247,20.0,22.222222222
0.667,0.555,0.0779,0.421,0.152,0,0.177,20.0,22.222222222
0.667,0.563,0.0857,0.421,0.152,0,0.141,20.0,22.222222222
0.667,0.576,0.103,0.421,0.153,0,0.106,20.0,22.222222222
0.972,0.613,0.226,0.421,0.252,0,0.409,20.0,22.222222222
0.694,0.624,0.31,0.721,0.287,0,0,20.0,22.222222222
0.667,0.617,0.431,0.802,0.346,0,0.0353,20.0,22.222222222
0.722,0.603,0.579,0.839,0.476,0,0.0353,20.0,22.222222222
1,0.569,0.54,0.823,0.56,0,0.0962,20.0,22.222222222
1,0.54,0.269,0.727,0.357,0,0,20.0,22.222222222
1,0.54,0.0746,0.582,0.122,0,0.243,20.0,22.222222222
1,0.563,0.0183,0.421,0.0528,0,0,20.0,22.222222222
1,0.563,0.0185,0.421,0.0528,0,0,18.333333333,22.222222222
1,0.563,0.0185,0.421,0.0528,0,0,18.333333333,22.222222222
1,0.563,0.0185,0.421,0.0528,0,0,18.333333333,22.222222222
1,0.563,0.0185,0.421,0.0528,0,0,18.333333333,22.222222222
1,0.563,0.0185,0.421,0.0528,0,0,18.333333333,22.222222222
1,0.563,0.0185,0.421,0.0528,0,0,18.333333333,22.222222222
1,0.552,0.0421,0.421,0.164,0,0.612,18.333333333,22.222222222
1,0.548,0.106,0.421,0.283,0.917,0.419,18.333333333,22.222222222
0.417,0.554,0.0898,0.421,0.187,0.0333,0.247,18.333333333,22.222222222
0,0.563,0.0185,0.421,0.0528,0,0,20.0,22.222222222
0,0.563,0.0185,0.421,0.0528,0,0,20.0,22.222222222
0,0.563,0.0185,0.421,0.0528,0,0,20.0,22.222222222
0,0.563,0.0185,0.421,0.0528,0,0,20.0,22.222222222
0,0.563,0.0185,0.421,0.0528,0,0,20.0,22.222222222
0,0.563,0.0185,0.421,0.0528,0,0,20.0,22.222222222
0,0.563,0.0185,0.421,0.0528,0,0,20.0,22.222222222
0.222,0.581,0.12,0.421,0.122,0,0.318,20.0,22.222222222
0.333,0.594,0.196,0.571,0.17,0,0.318,20.0,22.222222222
0.639,0.603,0.371,0.708,0.274,0,0.212,20.0,22.222222222
0.667,0.582,0.296,0.614,0.248,0,0.0353,20.0,22.222222222
0.889,0.566,0.452,0.743,0.465,0,0.177,20.0,22.222222222
1,0.54,0.29,0.727,0.357,0,0.0588,20.0,22.222222222
1,0.535,0.0963,0.614,0.133,0,0,20.0,22.222222222
1,0.53,0.0486,0.614,0.0829,0,0.0707,20.0,22.222222222
1,0.544,0.0258,0.534,0.0594,0,0.0353,18.333333333,22.222222222
1,0.563,0.0185,0.421,0.0528,0,0,18.333333333,22.222222222
1,0.563,0.0185,0.421,0.0528,0,0,18.333333333,22.222222222
1,0.563,0.0185,0.421,0.0528,0,0,18.333333333,22.222222222
1,0.563,0.0185,0.421,0.0528,0,0,18.333333333,22.222222222
1,0.563,0.0185,0.421,0.0528,0,0,18.333333333,22.222222222
1,0.563,0.0185,0.421,0.0528,0,0,18.333333333,22.222222222
0.694,0.563,0.0185,0.421,0.0528,0,0,18.333333333,22.222222222
0.444,0.561,0.0344,0.421,0.0813,0,0.0353,18.333333333,22.222222222
0.0278,0.563,0.0185,0.421,0.0528,0,0,20.0,22.222222222
0,0.563,0.0185,0.421,0.0528,0,0,20.0,22.222222222
0,0.563,0.0185,0.421,0.0528,0,0,20.0,22.222222222
0,0.563,0.0185,0.421,0.0528,0,0,20.0,22.222222222
0,0.563,0.0185,0.421,0.0528,0,0,20.0,22.222222222
0,0.563,0.0185,0.421,0.0528,0,0,20.0,22.222222222
0.444,0.569,0.0796,0.421,0.0945,0,0.0707,20.0,22.222222222
0.5,0.576,0.0939,0.421,0.105,0,0.0707,20.0,22.222222222
0.667,0.622,0.361,0.721,0.278,0.467,0.283,20.0,22.222222222
0.667,0.617,0.486,0.802,0.346,0,0.318,20.0,22.222222222
0.667,0.6,0.574,0.807,0.443,0,0.177,20.0,22.222222222
0.667,0.568,0.541,0.807,0.544,0,0.106,20.0,22.222222222
0.667,0.533,0.358,0.807,0.434,0,0,20.0,22.222222222
0.667,0.534,0.11,0.63,0.149,0,0.109,20.0,22.222222222
0.667,0.553,0.0278,0.485,0.0653,0,0.103,20.0,22.222222222
0.667,0.563,0.0162,0.421,0.0528,0,0,18.333333333,22.222222222
0.667,0.563,0.0162,0.421,0.0528,0,0,18.333333333,22.222222222
0.972,0.563,0.0162,0.421,0.0528,0,0,18.333333333,22.222222222
1,0.563,0.0162,0.421,0.0528,0,0,18.333333333,22.222222222
1,0.563,0.0162,0.421,0.0528,0,0,18.333333333,22.222222222
1,0.563,0.0162,0.421,0.0528,0,0,18.333333333,22.222222222
1,0.552,0.0384,0.421,0.164,0,0.247,18.333333333,22.222222222
1,0.548,0.0749,0.421,0.283,0,0.544,18.333333333,22.222222222
1,0.548,0.0903,0.421,0.282,0,0.205,18.333333333,22.222222222
1,0.548,0.101,0.421,0.273,0,0.0881,20.0,22.222222222
1,0.548,0.111,0.421,0.262,0.417,0.116,20.0,22.222222222
0.694,0.555,0.0709,0.421,0.162,1,0.0707,20.0,22.222222222
0.667,0.555,0.0739,0.421,0.152,0.0167,0.141,20.0,22.222222222
0.667,0.555,0.0779,0.421,0.152,0,0.141,20.0,22.222222222
0.667,0.563,0.0857,0.421,0.152,0,0.106,20.0,22.222222222
0.667,0.588,0.185,0.421,0.244,0,0.141,20.0,22.222222222
0.806,0.625,0.279,0.421,0.304,0.417,0.109,20.0,22.222222222
0.694,0.626,0.319,0.721,0.295,0.05,0.0353,20.0,22.222222222
0.667,0.617,0.431,0.802,0.346,0,0,20.0,22.222222222
0.667,0.6,0.535,0.807,0.443,0,0,20.0,22.222222222
0.667,0.567,0.414,0.727,0.44,0,0.141,20.0,22.222222222
0.667,0.548,0.173,0.614,0.243,0,0,20.0,22.222222222
0.667,0.535,0.0848,0.614,0.133,0,0,20.0,22.222222222
0.667,0.53,0.0415,0.614,0.0829,0,0,20.0,22.222222222
0.667,0.561,0.018,0.437,0.055,0,0,18.333333333,22.222222222
0.667,0.563,0.0162,0.421,0.0528,0,0,18.333333333,22.222222222
0.667,0.563,0.0162,0.421,0.0528,0,0,18.333333333,22.222222222
0.972,0.563,0.0162,0.421,0.0528,0,0,18.333333333,22.222222222
0.778,0.563,0.0162,0.421,0.0528,0,0,18.333333333,22.222222222
0.667,0.54,0.031,0.598,0.137,0,0.141,18.333333333,22.222222222
0.528,0.555,0.0297,0.437,0.121,0,0.0707,18.333333333,22.222222222
0.472,0.563,0.0162,0.421,0.0528,0,0,18.333333333,22.222222222
0.528,0.559,0.035,0.421,0.11,0,0.202,18.333333333,22.222222222
0.639,0.556,0.0554,0.421,0.154,0,0.0707,20.0,22.222222222
0.528,0.552,0.0877,0.421,0.21,0,0.0353,20.0,22.222222222
0.639,0.548,0.114,0.421,0.245,0,0.0707,20.0,22.222222222
0.667,0.548,0.132,0.421,0.251,0,0.212,20.0,22.222222222
0.528,0.551,0.114,0.421,0.209,0,0.0353,20.0,22.222222222
0.5,0.564,0.121,0.421,0.201,0,0.283,20.0,22.222222222
0.333,0.576,0.103,0.421,0.153,0.233,0.106,20.0,22.222222222
0.556,0.606,0.198,0.421,0.226,0,0.0353,20.0,22.222222222
0.667,0.624,0.31,0.721,0.287,0,0.0353,20.0,22.222222222
0.667,0.617,0.431,0.802,0.346,0,0,20.0,22.222222222
0.667,0.6,0.535,0.807,0.443,0,0.0353,20.0,22.222222222
0.972,0.568,0.642,0.904,0.668,0,0.081,20.0,22.222222222
1,0.533,0.331,0.807,0.434,0,0.0353,20.0,22.222222222
1,0.534,0.0972,0.63,0.149,0,0,20.0,22.222222222
1,0.561,0.0213,0.437,0.0587,0,0,20.0,22.222222222
1,0.563,0.0162,0.421,0.0528,0,0,18.333333333,22.222222222
1,0.563,0.0162,0.421,0.0528,0,0,18.333333333,22.222222222
1,0.563,0.0162,0.421,0.0528,0,0,18.333333333,22.222222222
1,0.563,0.0162,0.421,0.0528,0,0,18.333333333,22.222222222
1,0.549,0.0195,0.501,0.0649,0,0.141,18.333333333,22.222222222
1,0.538,0.0316,0.614,0.14,0,0.0353,18.333333333,22.222222222
1,0.55,0.0398,0.437,0.172,0,0.0353,18.333333333,22.222222222
1,0.552,0.0595,0.421,0.223,0,0.285,18.333333333,22.222222222
0.778,0.553,0.0652,0.421,0.206,0,0.235,18.333333333,22.222222222
0.667,0.555,0.0586,0.421,0.163,0,0.238,20.0,22.222222222
0.667,0.548,0.108,0.421,0.253,0,0.18,20.0,22.222222222
0.667,0.548,0.118,0.421,0.254,0,0.209,20.0,22.222222222
0.528,0.552,0.0976,0.421,0.193,0,0.236,20.0,22.222222222
0.472,0.56,0.0421,0.421,0.094,0,0.0707,20.0,22.222222222
0.611,0.564,0.138,0.421,0.226,0.467,0.0707,20.0,22.222222222
0.333,0.576,0.103,0.421,0.153,0,0.247,20.0,22.222222222
0.333,0.589,0.125,0.421,0.157,0,0,20.0,22.222222222
0.556,0.614,0.263,0.68,0.248,0,0.251,20.0,22.222222222
0.667,0.617,0.431,0.802,0.346,0,0.111,20.0,22.222222222
0.667,0.6,0.535,0.807,0.443,0,0,20.0,22.222222222
0.667,0.568,0.518,0.807,0.544,0,0,20.0,22.222222222
0.667,0.551,0.169,0.598,0.233,0,0.0415,20.0,22.222222222
0.667,0.563,0.0162,0.421,0.0528,0,0,20.0,22.222222222
0.806,0.563,0.0162,0.421,0.0528,0,0,20.0,22.222222222
1,0.563,0.0162,0.421,0.0528,0,0,18.333333333,22.222222222
0.778,0.563,0.0162,0.421,0.0528,0,0,18.333333333,22.222222222
0.667,0.563,0.0162,0.421,0.0528,0,0,18.333333333,22.222222222
0.972,0.547,0.0176,0.518,0.0531,0,0.0707,18.333333333,22.222222222
1,0.563,0.0162,0.421,0.0528,0,0,18.333333333,22.222222222
1,0.553,0.0229,0.501,0.0912,0,0.0353,18.333333333,22.222222222
1,0.545,0.0499,0.437,0.222,0,0.336,18.333333333,22.222222222
0.778,0.545,0.0847,0.421,0.323,0,0.0353,18.333333333,22.222222222
0.667,0.548,0.0903,0.421,0.282,0,0.106,18.333333333,22.222222222
0.361,0.555,0.0617,0.421,0.173,0,0,20.0,22.222222222
0.333,0.555,0.0637,0.421,0.158,0,0.141,20.0,22.222222222
0.472,0.552,0.0881,0.421,0.195,0,0.0353,20.0,22.222222222
0.667,0.548,0.132,0.421,0.251,0,0,20.0,22.222222222
0.667,0.548,0.14,0.421,0.25,0,0.106,20.0,22.222222222
0.667,0.563,0.155,0.421,0.251,0,0.0353,20.0,22.222222222
0.667,0.588,0.191,0.421,0.253,0,0.177,20.0,22.222222222
0.667,0.614,0.233,0.421,0.261,0.233,0.141,20.0,22.222222222
0.667,0.624,0.31,0.721,0.287,0,0.0353,20.0,22.222222222
0.667,0.617,0.431,0.802,0.346,0,0,20.0,22.222222222
0.667,0.6,0.535,0.807,0.443,0,0,20.0,22.222222222
0.667,0.568,0.518,0.807,0.544,0,0,20.0,22.222222222
0.972,0.533,0.331,0.807,0.434,0,0.0868,20.0,22.222222222
1,0.534,0.0972,0.63,0.149,0,0,20.0,22.222222222
1,0.561,0.0213,0.437,0.0587,0,0,20.0,22.222222222
1,0.563,0.0162,0.421,0.0528,0,0,18.333333333,22.222222222
1,0.563,0.0162,0.421,0.0528,0,0,18.333333333,22.222222222
1,0.563,0.0162,0.421,0.0528,0,0,18.333333333,22.222222222
1,0.563,0.0162,0.421,0.0528,0,0,18.333333333,22.222222222
1,0.563,0.0162,0.421,0.0528,0,0,18.333333333,22.222222222
1,0.563,0.0162,0.421,0.0528,0,0,18.333333333,22.222222222
1,0.563,0.0162,0.421,0.0528,0,0,18.333333333,22.222222222
1,0.563,0.0162,0.421,0.0528,0,0,18.333333333,22.222222222
0.917,0.551,0.0757,0.421,0.233,0,0.318,18.333333333,22.222222222
1,0.548,0.101,0.421,0.273,0,0.321,20.0,22.222222222
1,0.548,0.111,0.421,0.262,0,0.327,20.0,22.222222222
1,0.548,0.118,0.421,0.254,0,0.177,20.0,22.222222222
1,0.551,0.107,0.421,0.21,0,0.212,20.0,22.222222222
1,0.55,0.119,0.421,0.218,0,0.0707,20.0,22.222222222
1,0.563,0.155,0.421,0.251,0,0.283,20.0,22.222222222
1,0.591,0.205,0.421,0.269,0.717,0.0353,20.0,22.222222222
1,0.639,0.342,0.421,0.365,0,0.332,20.0,22.222222222
0.861,0.641,0.394,0.803,0.354,0,0.392,20.0,22.222222222
0.667,0.617,0.431,0.802,0.346,0,0,20.0,22.222222222
0.667,0.6,0.535,0.807,0.443,0,0,20.0,22.222222222
0.667,0.567,0.289,0.63,0.315,0,0,20.0,22.222222222
0.667,0.548,0.173,0.614,0.243,0,0,20.0,22.222222222
0.806,0.528,0.1,0.662,0.151,0,0,20.0,22.222222222
1,0.563,0.0185,0.421,0.0528,0,0,20.0,22.222222222
1,0.563,0.0185,0.421,0.0528,0,0,18.333333333,22.222222222
1,0.563,0.0185,0.421,0.0528,0,0,18.333333333,22.222222222
1,0.563,0.0185,0.421,0.0528,0,0,18.333333333,22.222222222
0.944,0.555,0.0197,0.469,0.0604,0,0.142,18.333333333,22.222222222
0.667,0.563,0.0185,0.421,0.0528,0,0,18.333333333,22.222222222
0.667,0.563,0.0185,0.421,0.0528,0,0,18.333333333,22.222222222
0.667,0.561,0.0386,0.421,0.105,0,0.0707,18.333333333,22.222222222
0.667,0.554,0.102,0.421,0.228,0,0.209,18.333333333,22.222222222
0.528,0.553,0.129,0.421,0.244,0,0.166,18.333333333,22.222222222
0.333,0.557,0.102,0.421,0.168,0.667,0.189,20.0,22.222222222
0.333,0.557,0.11,0.421,0.163,0.05,0.0353,20.0,22.222222222
0.333,0.557,0.121,0.421,0.16,0,0.106,20.0,22.222222222
0.472,0.554,0.193,0.421,0.203,0,0.353,20.0,22.222222222
0.667,0.557,0.291,0.421,0.266,0,0.273,20.0,22.222222222
0.528,0.572,0.25,0.421,0.223,0,0.111,20.0,22.222222222
0.639,0.603,0.314,0.421,0.273,0,0.0707,20.0,22.222222222
0.667,0.623,0.357,0.558,0.319,0,0.106,20.0,22.222222222
0.667,0.624,0.442,0.773,0.396,0,0.0707,20.0,22.222222222
0.667,0.612,0.549,0.807,0.503,0,0.0353,20.0,22.222222222
0.667,0.588,0.582,0.807,0.593,0,0.141,20.0,22.222222222
0.667,0.556,0.443,0.775,0.511,0,0.0825,20.0,22.222222222
0.667,0.543,0.146,0.614,0.191,0,0,20.0,22.222222222
0.972,0.54,0.078,0.582,0.112,0,0,20.0,22.222222222
1,0.563,0.0185,0.421,0.0528,0,0,20.0,22.222222222
1,0.563,0.0185,0.421,0.0528,0,0,18.333333333,22.222222222
1,0.563,0.0185,0.421,0.0528,0,0,18.333333333,22.222222222
1,0.563,0.0185,0.421,0.0528,0,0,18.333333333,22.222222222
1,0.563,0.0185,0.421,0.0528,0,0,18.333333333,22.222222222
1,0.563,0.0185,0.421,0.0528,0,0,18.333333333,22.222222222
1,0.542,0.047,0.518,0.205,0,0.221,18.333333333,22.222222222
1,0.545,0.09,0.421,0.304,0,0.448,18.333333333,22.222222222
1,0.55,0.13,0.421,0.301,0,0.656,18.333333333,22.222222222
0.556,0.559,0.0625,0.421,0.134,0,0.254,18.333333333,22.222222222
0.333,0.563,0.0185,0.421,0.0528,0,0,20.0,22.222222222
0.0278,0.563,0.0185,0.421,0.0528,0,0,20.0,22.222222222
0.139,0.563,0.0185,0.421,0.0528,0,0,20.0,22.222222222
0.333,0.561,0.0728,0.421,0.0971,0,0.124,20.0,22.222222222
0.806,0.557,0.348,0.421,0.31,0,0.226,20.0,22.222222222
0.778,0.577,0.36,0.421,0.304,0,0.0707,20.0,22.222222222
0.333,0.584,0.173,0.421,0.167,0,0.0353,20.0,22.222222222
0.639,0.62,0.344,0.558,0.309,0,0,20.0,22.222222222
0.667,0.624,0.442,0.773,0.396,0,0.106,20.0,22.222222222
0.667,0.612,0.549,0.807,0.503,0,0.247,20.0,22.222222222
0.667,0.588,0.582,0.807,0.593,0,0.0707,20.0,22.222222222
0.5,0.556,0.362,0.711,0.424,0,0.0487,20.0,22.222222222
0.667,0.534,0.244,0.727,0.3,0,0,20.0,22.222222222
0.833,0.547,0.061,0.534,0.0942,0,0,20.0,22.222222222
0.756,0.556,0.0216,0.466,0.059,0,0,20.0,22.222222222
1,0.563,0.0162,0.421,0.0528,0,0,18.333333333,22.222222222
0.744,0.563,0.0162,0.421,0.0528,0,0,18.333333333,22.222222222
0.922,0.563,0.0162,0.421,0.0528,0,0,18.333333333,22.222222222
1,0.563,0.0162,0.421,0.0528,0,0,18.333333333,22.222222222
1,0.563,0.0162,0.421,0.0528,0,0,18.333333333,22.222222222
1,0.563,0.0162,0.421,0.0528,0,0,18.333333333,22.222222222
0.828,0.553,0.0437,0.421,0.18,0,0.67,18.333333333,22.222222222
0.667,0.557,0.0502,0.421,0.178,0,0.342,18.333333333,22.222222222
0.667,0.555,0.0686,0.421,0.205,0,0.185,18.333333333,22.222222222
0.667,0.55,0.108,0.421,0.285,0,0.42,20.0,22.222222222
0.578,0.552,0.103,0.421,0.246,0,0.157,20.0,22.222222222
0.333,0.557,0.0711,0.421,0.16,0,0,20.0,22.222222222
0.244,0.559,0.0606,0.421,0.131,0,0.147,20.0,22.222222222
0.00556,0.563,0.0174,0.421,0.0546,0,0.0353,20.0,22.222222222
0.506,0.573,0.137,0.421,0.217,0,0.247,20.0,22.222222222
0.667,0.6,0.212,0.421,0.279,0.267,0.212,20.0,22.222222222
0.756,0.629,0.298,0.511,0.344,1,0.138,20.0,22.222222222
0.744,0.633,0.398,0.802,0.416,0.183,0.141,20.0,22.222222222
0.667,0.615,0.484,0.807,0.486,0,0,20.0,22.222222222
0.667,0.593,0.554,0.807,0.584,0,0.0923,20.0,22.222222222
0.839,0.563,0.501,0.804,0.593,0,0,20.0,22.222222222
1,0.56,0.0522,0.466,0.0964,0,0,20.0,22.222222222
0.883,0.552,0.0286,0.489,0.0658,0,0.0353,20.0,22.222222222
1,0.563,0.0162,0.421,0.0528,0,0,20.0,22.222222222
1,0.563,0.0162,0.421,0.0528,0,0,18.333333333,22.222222222
1,0.563,0.0162,0.421,0.0528,0,0,18.333333333,22.222222222
0.911,0.555,0.017,0.473,0.053,0.267,0.0707,18.333333333,22.222222222
0.667,0.531,0.0207,0.614,0.0615,0.45,0.0353,18.333333333,22.222222222
0.667,0.533,0.0269,0.614,0.101,0,0.141,18.333333333,22.222222222
0.494,0.549,0.0311,0.514,0.132,0,0.205,18.333333333,22.222222222
0.428,0.552,0.0524,0.421,0.214,0,0.082,18.333333333,22.222222222
0.744,0.549,0.0917,0.421,0.332,0,0.264,18.333333333,22.222222222
0.578,0.552,0.0854,0.421,0.263,0,0.177,18.333333333,22.222222222
0.339,0.557,0.0629,0.421,0.171,0.0167,0.0353,20.0,22.222222222
0.583,0.552,0.105,0.421,0.246,0.7,0.106,20.0,22.222222222
0.667,0.55,0.126,0.421,0.267,0,0.0707,20.0,22.222222222
0.667,0.55,0.139,0.421,0.265,0,0.177,20.0,22.222222222
0.667,0.555,0.149,0.421,0.266,0,0.0707,20.0,22.222222222
0.667,0.574,0.172,0.421,0.268,0,0.231,20.0,22.222222222
0.839,0.611,0.265,0.421,0.339,0.233,0.284,20.0,22.222222222
0.744,0.628,0.293,0.508,0.339,0,0.0707,20.0,22.222222222
0.839,0.641,0.459,0.857,0.472,0,0.135,20.0,22.222222222
0.656,0.616,0.463,0.801,0.464,0,0.159,20.0,22.222222222
0.422,0.579,0.354,0.665,0.395,0,0,20.0,22.222222222
0.667,0.562,0.304,0.656,0.376,0,0.0897,20.0,22.222222222
0.667,0.563,0.0162,0.421,0.0528,0,0.128,20.0,22.222222222
0.783,0.563,0.0162,0.421,0.0528,0,0,20.0,22.222222222
0.667,0.563,0.0162,0.421,0.0528,0,0,20.0,22.222222222
0.667,0.563,0.0162,0.421,0.0528,0,0,18.333333333,22.222222222
0.756,0.555,0.0162,0.473,0.0528,0,0.0921,18.333333333,22.222222222
0.917,0.548,0.0162,0.514,0.0528,0,0,18.333333333,22.222222222
1,0.538,0.02,0.569,0.0614,0,0.262,18.333333333,22.222222222
0.744,0.549,0.0227,0.518,0.0853,0,0.182,18.333333333,22.222222222
0.667,0.543,0.0353,0.563,0.156,0,0.481,18.333333333,22.222222222
0.667,0.554,0.0433,0.421,0.178,0,0.289,18.333333333,22.222222222
0.667,0.557,0.0502,0.421,0.178,0,0.127,18.333333333,22.222222222
0.578,0.553,0.0762,0.421,0.235,0,0.181,18.333333333,22.222222222
0.25,0.558,0.0496,0.421,0.141,0,0.123,20.0,22.222222222
0.333,0.557,0.0668,0.421,0.164,0,0.199,20.0,22.222222222
0.339,0.557,0.0711,0.421,0.16,0,0.262,20.0,22.222222222
0.667,0.552,0.125,0.421,0.241,0,0.141,20.0,22.222222222
0.667,0.555,0.149,0.421,0.266,0,0.0353,20.0,22.222222222
0.667,0.574,0.172,0.421,0.268,0,0.141,20.0,22.222222222
0.667,0.6,0.212,0.421,0.279,0,0,20.0,22.222222222
0.667,0.622,0.267,0.508,0.311,0,0,20.0,22.222222222
0.839,0.641,0.459,0.857,0.472,0,0.0707,20.0,22.222222222
1,0.64,0.719,1,0.703,0,0.141,20.0,22.222222222
1,0.602,0.686,0.9,0.709,0,0.0353,20.0,22.222222222
1,0.558,0.477,0.807,0.572,0.267,0,20.0,22.222222222
1,0.526,0.276,0.807,0.365,0.45,0,20.0,22.222222222
0.883,0.527,0.0989,0.672,0.145,0,0.208,20.0,22.222222222
1,0.563,0.0162,0.421,0.0528,0,0.183,20.0,22.222222222
1,0.563,0.0162,0.421,0.0528,0,0,18.333333333,22.222222222
1,0.563,0.0162,0.421,0.0528,0,0,18.333333333,22.222222222
1,0.563,0.0162,0.421,0.0528,0,0,18.333333333,22.222222222
1,0.563,0.0162,0.421,0.0528,0,0,18.333333333,22.222222222
0.744,0.563,0.0162,0.421,0.0528,0,0,18.333333333,22.222222222
0.672,0.563,0.0166,0.421,0.0549,0,0,18.333333333,22.222222222
1,0.552,0.0519,0.421,0.212,0,0.177,18.333333333,22.222222222
0.911,0.552,0.0738,0.421,0.27,0,0.0353,18.333333333,22.222222222
0.667,0.557,0.0567,0.421,0.174,0,0.0707,18.333333333,22.222222222
0.667,0.557,0.0621,0.421,0.169,0,0.0707,20.0,22.222222222
0.667,0.557,0.0668,0.421,0.164,0,0.0707,20.0,22.222222222
0.667,0.557,0.0711,0.421,0.16,0,0.177,20.0,22.222222222
0.667,0.557,0.0778,0.421,0.159,0,0.247,20.0,22.222222222
0.494,0.559,0.0828,0.421,0.159,0,0.106,20.0,22.222222222
0.589,0.574,0.155,0.421,0.243,0,0.0707,20.0,22.222222222
0.672,0.601,0.214,0.421,0.281,0,0.0707,20.0,22.222222222
0.994,0.65,0.389,0.549,0.437,0,0.141,20.0,22.222222222
0.667,0.626,0.362,0.764,0.381,0,0.0353,20.0,22.222222222
0.667,0.615,0.484,0.807,0.486,0,0,20.0,22.222222222
0.667,0.593,0.554,0.807,0.584,0,0.0353,20.0,22.222222222
0.75,0.554,0.516,0.855,0.619,0,0.281,20.0,22.222222222
0.667,0.541,0.242,0.704,0.327,0,0.0858,20.0,22.222222222
0.783,0.551,0.0326,0.501,0.0712,0,0.0274,20.0,22.222222222
1,0.555,0.022,0.469,0.0594,0,0.101,20.0,22.222222222
1,0.563,0.0162,0.421,0.0528,0,0,18.333333333,22.222222222
1,0.563,0.0162,0.421,0.0528,0,0,18.333333333,22.222222222
1,0.563,0.0162,0.421,0.0528,0,0,18.333333333,22.222222222
1,0.563,0.0162,0.421,0.0528,0,0,18.333333333,22.222222222
1,0.541,0.0249,0.569,0.0934,0.233,0.0353,18.333333333,22.222222222
1,0.543,0.0353,0.563,0.156,0,0.224,18.333333333,22.222222222
1,0.55,0.0605,0.421,0.245,0,0.119,18.333333333,22.222222222
0.911,0.545,0.108,0.421,0.395,0,0.345,18.333333333,22.222222222
0.5,0.553,0.0777,0.421,0.233,0,0.258,18.333333333,22.222222222
0.672,0.55,0.109,0.421,0.287,0.0167,0.212,20.0,22.222222222
1,0.544,0.168,0.421,0.385,0.467,0,20.0,22.222222222
1,0.544,0.181,0.421,0.375,0,0,20.0,22.222222222
1,0.544,0.201,0.421,0.372,0,0.0707,20.0,22.222222222
0.744,0.553,0.164,0.421,0.291,0,0.141,20.0,22.222222222
0.667,0.574,0.172,0.421,0.268,0,0.0353,20.0,22.222222222
0.833,0.608,0.258,0.421,0.334,0,0.212,20.0,22.222222222
0.667,0.622,0.267,0.508,0.311,0,0.0353,20.0,22.222222222
0.411,0.602,0.225,0.631,0.252,0,0.106,20.0,22.222222222
0.589,0.608,0.433,0.762,0.439,0,0.106,20.0,22.222222222
0.667,0.593,0.554,0.807,0.584,0,0.0353,20.0,22.222222222
0.667,0.558,0.477,0.807,0.572,0,0,20.0,22.222222222
0.667,0.534,0.259,0.756,0.346,0,0,20.0,22.222222222
0.756,0.545,0.0576,0.546,0.099,0,0.0707,20.0,22.222222222
0.667,0.531,0.0391,0.614,0.0719,0,0.106,20.0,22.222222222
0.667,0.544,0.0248,0.534,0.0579,0,0.0353,18.333333333,22.222222222
0.667,0.563,0.0185,0.421,0.0528,0,0,18.333333333,22.222222222
0.806,0.563,0.0185,0.421,0.0528,0,0,18.333333333,22.222222222
1,0.563,0.0185,0.421,0.0528,0,0,18.333333333,22.222222222
1,0.537,0.0259,0.598,0.108,0,0.264,18.333333333,22.222222222
0.778,0.555,0.0226,0.485,0.0846,0,0,18.333333333,22.222222222
0.611,0.556,0.044,0.421,0.147,0,0,18.333333333,22.222222222
0.333,0.563,0.0185,0.421,0.0528,0,0,18.333333333,22.222222222
0.333,0.563,0.0185,0.421,0.0528,0,0,18.333333333,22.222222222
0.333,0.563,0.0185,0.421,0.0528,0,0,20.0,22.222222222
0.333,0.557,0.102,0.421,0.154,0,0.173,20.0,22.222222222
0.333,0.563,0.0264,0.421,0.0618,0,0,20.0,22.222222222
0.333,0.563,0.0185,0.421,0.0528,0,0,20.0,22.222222222
0.333,0.563,0.0185,0.421,0.0528,0,0,20.0,22.222222222
0.583,0.568,0.129,0.421,0.134,0,0.141,20.0,22.222222222
0.333,0.575,0.084,0.421,0.103,0,0.124,20.0,22.222222222
0.0278,0.566,0.0316,0.421,0.0629,0,0,20.0,22.222222222
0.444,0.603,0.317,0.664,0.296,0,0.0707,20.0,22.222222222
0.889,0.627,0.732,0.936,0.661,0,0.247,20.0,22.222222222
1,0.6,0.864,1,0.863,0,0.0353,20.0,22.222222222
1,0.548,0.697,1,0.787,0,0.0353,20.0,22.222222222
1,0.529,0.299,0.791,0.363,0,0,20.0,22.222222222
0.833,0.533,0.0715,0.614,0.105,0,0,20.0,22.222222222
1,0.544,0.0346,0.534,0.0682,0,0,20.0,22.222222222
1,0.563,0.0185,0.421,0.0528,0,0,18.333333333,22.222222222
1,0.563,0.0185,0.421,0.0528,0,0,18.333333333,22.222222222
1,0.563,0.0185,0.421,0.0528,0,0,18.333333333,22.222222222
1,0.563,0.0185,0.421,0.0528,0,0,18.333333333,22.222222222
0.861,0.563,0.0185,0.421,0.0528,0,0,18.333333333,22.222222222
0.667,0.559,0.0297,0.421,0.105,0,0.106,18.333333333,22.222222222
0.5,0.56,0.0409,0.421,0.116,0,0.233,18.333333333,22.222222222
0.667,0.557,0.0741,0.421,0.177,0,0,18.333333333,22.222222222
0.722,0.553,0.137,0.421,0.242,0.417,0,18.333333333,22.222222222
0.778,0.548,0.212,0.421,0.323,1,0.141,20.0,22.222222222
0.389,0.556,0.121,0.421,0.183,0.517,0.106,20.0,22.222222222
0.139,0.561,0.0658,0.421,0.0971,0,0.0353,20.0,22.222222222
0.0278,0.563,0.028,0.421,0.0617,0,0,20.0,22.222222222
0.278,0.563,0.111,0.421,0.124,0,0.157,20.0,22.222222222
0.667,0.571,0.166,0.421,0.161,0,1,20.0,22.222222222
0.5,0.584,0.173,0.421,0.167,0,0.389,20.0,22.222222222
0.667,0.593,0.188,0.489,0.186,0,0.106,20.0,22.222222222
0.667,0.605,0.333,0.677,0.308,0,0,20.0,22.222222222
0.667,0.612,0.549,0.807,0.503,0,0.0353,20.0,22.222222222
0.667,0.588,0.582,0.807,0.593,0,0,20.0,22.222222222
0.667,0.553,0.471,0.807,0.542,0,0.106,20.0,22.222222222
0.667,0.534,0.244,0.727,0.3,0,0,20.0,22.222222222
0.833,0.533,0.0725,0.614,0.105,0,0.0755,20.0,22.222222222
1,0.531,0.0353,0.614,0.0745,0,0.31,20.0,22.222222222
1,0.531,0.0228,0.614,0.0593,0,0.0353,18.333333333,22.222222222
1,0.531,0.0173,0.614,0.0528,0,0.141,18.333333333,22.222222222
1,0.54,0.0162,0.563,0.0528,0,0,18.333333333,22.222222222
1,0.563,0.0162,0.421,0.0528,0,0,18.333333333,22.222222222
1,0.563,0.0162,0.421,0.0528,0,0,18.333333333,22.222222222
0.911,0.549,0.0314,0.518,0.134,0,0.177,18.333333333,22.222222222
0.833,0.549,0.0577,0.421,0.241,0,0.53,18.333333333,22.222222222
0.667,0.557,0.0502,0.421,0.178,0,0.0353,18.333333333,22.222222222
0.667,0.555,0.0686,0.421,0.205,0,0.106,18.333333333,22.222222222
0.494,0.554,0.0849,0.421,0.224,0,0.141,20.0,22.222222222
0.506,0.553,0.0934,0.421,0.22,0,0,20.0,22.222222222
0.667,0.55,0.126,0.421,0.267,0.717,0.177,20.0,22.222222222
0.667,0.55,0.139,0.421,0.265,0,0.0353,20.0,22.222222222
0.667,0.555,0.149,0.421,0.266,0,0.177,20.0,22.222222222
0.667,0.574,0.172,0.421,0.268,0.233,0.177,20.0,22.222222222
0.667,0.6,0.212,0.421,0.279,0,0.0707,20.0,22.222222222
0.667,0.622,0.267,0.508,0.311,0,0,20.0,22.222222222
0.667,0.626,0.362,0.764,0.381,0,0.141,20.0,22.222222222
0.667,0.615,0.484,0.807,0.486,0,0.0707,20.0,22.222222222
0.667,0.592,0.485,0.756,0.508,0,0.0353,20.0,22.222222222
0.756,0.557,0.288,0.665,0.362,0,0.118,20.0,22.222222222
1,0.526,0.276,0.807,0.365,0,0.17,20.0,22.222222222
0.889,0.536,0.079,0.611,0.122,0,0.129,20.0,22.222222222
1,0.531,0.0353,0.614,0.0745,0,0.035,20.0,22.222222222
1,0.531,0.0228,0.614,0.0593,0,0.0992,18.333333333,22.222222222
1,0.556,0.0166,0.466,0.0528,0,0.0798,18.333333333,22.222222222
1,0.563,0.0162,0.421,0.0528,0,0,18.333333333,22.222222222
1,0.563,0.0162,0.421,0.0528,0,0,18.333333333,22.222222222
1,0.541,0.0249,0.569,0.0934,0.233,0.106,18.333333333,22.222222222
0.911,0.546,0.0286,0.563,0.123,0,0.106,18.333333333,22.222222222
0.667,0.562,0.0248,0.421,0.0864,0.267,0,18.333333333,22.222222222
0.667,0.555,0.0606,0.421,0.21,0.217,0.0353,18.333333333,22.222222222
0.494,0.554,0.0756,0.421,0.233,0,0.247,18.333333333,22.222222222
0.333,0.557,0.0621,0.421,0.169,0,0.141,20.0,22.222222222
0.333,0.557,0.0668,0.421,0.164,0,0.141,20.0,22.222222222
0.333,0.557,0.0711,0.421,0.16,0,0.106,20.0,22.222222222
0.339,0.557,0.0788,0.421,0.161,0.483,0.212,20.0,22.222222222
0.756,0.555,0.169,0.421,0.294,0,0.177,20.0,22.222222222
0.744,0.575,0.189,0.421,0.293,0.0167,0.106,20.0,22.222222222
0.667,0.6,0.212,0.421,0.279,0.7,0.177,20.0,22.222222222
0.578,0.613,0.225,0.465,0.271,0,0,20.0,22.222222222
0.589,0.618,0.325,0.726,0.346,0,0.0353,20.0,22.222222222
0.667,0.615,0.484,0.807,0.486,0,0.122,20.0,22.222222222
0.922,0.598,0.622,0.855,0.649,0,0,20.0,22.222222222
1,0.558,0.477,0.807,0.572,0,0,20.0,22.222222222
1,0.549,0.165,0.608,0.233,0,0.183,20.0,22.222222222
1,0.552,0.0276,0.489,0.0658,0,0,20.0,22.222222222
1,0.563,0.0162,0.421,0.0528,0,0,20.0,22.222222222
1,0.563,0.0162,0.421,0.0528,0,0,18.333333333,22.222222222
1,0.563,0.0162,0.421,0.0528,0,0,18.333333333,22.222222222
1,0.563,0.0162,0.421,0.0528,0,0,18.333333333,22.222222222
1,0.563,0.0162,0.421,0.0528,0,0,18.333333333,22.222222222
1,0.541,0.0249,0.569,0.0934,0,0.14,18.333333333,22.222222222
1,0.54,0.042,0.563,0.189,0,0.285,18.333333333,22.222222222
0.828,0.547,0.0641,0.421,0.272,0,0.113,18.333333333,22.222222222
0.667,0.55,0.0842,0.421,0.303,0,0.472,18.333333333,22.222222222
0.578,0.552,0.0854,0.421,0.263,0,0.247,18.333333333,22.222222222
0.333,0.557,0.0621,0.421,0.169,0,0.0353,20.0,22.222222222
0.422,0.555,0.0809,0.421,0.192,0.267,0,20.0,22.222222222
0.667,0.55,0.126,0.421,0.267,0.217,0.141,20.0,22.222222222
0.667,0.55,0.139,0.421,0.265,0,0.0707,20.0,22.222222222
0.667,0.555,0.149,0.421,0.266,0,0.0353,20.0,22.222222222
0.667,0.574,0.172,0.421,0.268,0,0.0707,20.0,22.222222222
0.667,0.6,0.212,0.421,0.279,0,0,20.0,22.222222222
0.667,0.622,0.267,0.508,0.311,0,0.0707,20.0,22.222222222
0.667,0.626,0.362,0.764,0.381,0,0.0707,20.0,22.222222222
0.667,0.596,0.302,0.659,0.316,0,0.0353,20.0,22.222222222
0.667,0.578,0.285,0.614,0.319,0,0.177,20.0,22.222222222
0.672,0.561,0.249,0.617,0.315,0,0,20.0,22.222222222
1,0.549,0.165,0.608,0.233,0,0,20.0,22.222222222
1,0.563,0.0162,0.421,0.0528,0,0,20.0,22.222222222
1,0.563,0.0162,0.421,0.0528,0,0,20.0,22.222222222
1,0.563,0.0162,0.421,0.0528,0,0,18.333333333,22.222222222
1,0.563,0.0162,0.421,0.0528,0,0,18.333333333,22.222222222
1,0.563,0.0162,0.421,0.0528,0,0,18.333333333,22.222222222
1,0.555,0.0185,0.473,0.0609,0,0.0846,18.333333333,22.222222222
1,0.533,0.0271,0.617,0.102,0,0.136,18.333333333,22.222222222
0.911,0.525,0.0476,0.704,0.226,0,0.106,18.333333333,22.222222222
0.667,0.554,0.0433,0.421,0.178,0.483,0.0353,18.333333333,22.222222222
0.667,0.555,0.0606,0.421,0.21,0,0.141,18.333333333,22.222222222
0.667,0.55,0.0972,0.421,0.294,0.233,0.0353,18.333333333,22.222222222
0.672,0.55,0.109,0.421,0.287,0,0.156,20.0,22.222222222
1,0.544,0.168,0.421,0.385,0,0.45,20.0,22.222222222
0.828,0.547,0.152,0.421,0.319,0,0.28,20.0,22.222222222
0.667,0.552,0.122,0.421,0.237,0,0.0707,20.0,22.222222222
0.667,0.56,0.102,0.421,0.188,0,0.141,20.0,22.222222222
0.839,0.574,0.172,0.421,0.268,0,0.219,20.0,22.222222222
0.911,0.608,0.258,0.421,0.334,0.483,0.126,20.0,22.222222222
0.756,0.63,0.308,0.552,0.351,0,0.173,20.0,22.222222222
0.828,0.641,0.437,0.843,0.453,0,0.216,20.0,22.222222222
0.667,0.615,0.484,0.807,0.486,0,0,20.0,22.222222222
0.667,0.593,0.554,0.807,0.584,0,0,20.0,22.222222222
0.667,0.562,0.436,0.756,0.522,0,0,20.0,22.222222222
0.922,0.53,0.239,0.759,0.32,0,0.0353,20.0,22.222222222
1,0.545,0.0576,0.546,0.099,0,0,20.0,22.222222222
1,0.563,0.0162,0.421,0.0528,0,0,20.0,22.222222222
1,0.563,0.0162,0.421,0.0528,0,0,18.333333333,22.222222222
1,0.563,0.0162,0.421,0.0528,0,0,18.333333333,22.222222222
1,0.563,0.0162,0.421,0.0528,0,0,18.333333333,22.222222222
1,0.563,0.0162,0.421,0.0528,0,0,18.333333333,22.222222222
1,0.549,0.0228,0.521,0.0858,0,0.0908,18.333333333,22.222222222
1,0.54,0.042,0.563,0.189,0.267,0.38,18.333333333,22.222222222
0.744,0.544,0.0704,0.421,0.304,0.7,0.259,18.333333333,22.222222222
0.667,0.55,0.0842,0.421,0.303,0,0.288,18.333333333,22.222222222
0.667,0.55,0.0972,0.421,0.294,0,0.165,18.333333333,22.222222222
0.667,0.55,0.108,0.421,0.285,0,0.185,20.0,22.222222222
0.667,0.55,0.117,0.421,0.274,0,0.0353,20.0,22.222222222
0.667,0.55,0.126,0.421,0.267,0,0.0353,20.0,22.222222222
0.922,0.545,0.187,0.421,0.347,0,0.106,20.0,22.222222222
0.917,0.552,0.2,0.421,0.346,0,0.102,20.0,22.222222222
0.828,0.575,0.207,0.421,0.32,0,0.225,20.0,22.222222222
0.667,0.6,0.212,0.421,0.279,0.517,0.0707,20.0,22.222222222
0.667,0.622,0.267,0.508,0.311,0.45,0.247,20.0,22.222222222
0.667,0.626,0.362,0.764,0.381,0,0.0353,20.0,22.222222222
0.672,0.615,0.489,0.81,0.49,0,0.0119,20.0,22.222222222
0.744,0.587,0.413,0.704,0.439,0,0.0358,20.0,22.222222222
0.667,0.561,0.247,0.614,0.312,0,0,20.0,22.222222222
0.667,0.552,0.129,0.563,0.19,0,0,20.0,22.222222222
0.783,0.561,0.0215,0.437,0.0587,0,0,20.0,22.222222222
0.972,0.563,0.0185,0.421,0.0528,0,0,20.0,22.222222222
1,0.563,0.0185,0.421,0.0528,0,0,18.333333333,22.222222222
1,0.563,0.0185,0.421,0.0528,0,0,18.333333333,22.222222222
1,0.55,0.0195,0.501,0.0532,0,0.164,18.333333333,22.222222222
1,0.531,0.0217,0.614,0.066,0,0.39,18.333333333,22.222222222
0.861,0.544,0.0212,0.534,0.0706,0,0.415,18.333333333,22.222222222
0.667,0.559,0.0297,0.421,0.105,0,0.238,18.333333333,22.222222222
0.667,0.554,0.0543,0.421,0.178,0,0.149,18.333333333,22.222222222
0.528,0.553,0.0983,0.421,0.24,0,0.158,18.333333333,22.222222222
0.333,0.557,0.0902,0.421,0.173,0,0.16,18.333333333,22.222222222
0.333,0.557,0.102,0.421,0.168,0,0.106,20.0,22.222222222
0.194,0.56,0.0699,0.421,0.118,0,0.0353,20.0,22.222222222
0.278,0.558,0.108,0.421,0.142,0,0.204,20.0,22.222222222
0.667,0.55,0.259,0.421,0.265,0,0.142,20.0,22.222222222
0.667,0.56,0.165,0.421,0.168,0,0.0733,20.0,22.222222222
0.667,0.571,0.166,0.421,0.161,0,0.321,20.0,22.222222222
0.528,0.591,0.248,0.421,0.222,0,0.209,20.0,22.222222222
0.389,0.598,0.219,0.517,0.211,0,0.0711,20.0,22.222222222
0.722,0.629,0.483,0.805,0.43,0,0.0353,20.0,22.222222222
0.917,0.613,0.51,0.791,0.463,0,0,20.0,22.222222222
1,0.575,0.188,0.534,0.204,0,0,20.0,22.222222222
1,0.561,0.0464,0.453,0.0839,0,0,20.0,22.222222222
1,0.562,0.0325,0.437,0.0684,0,0,20.0,22.222222222
0.833,0.563,0.0183,0.421,0.0528,0,0,20.0,22.222222222
1,0.563,0.0185,0.421,0.0528,0,0,20.0,22.222222222
1,0.563,0.0185,0.421,0.0528,0,0,18.333333333,22.222222222
1,0.563,0.0185,0.421,0.0528,0,0,18.333333333,22.222222222
1,0.563,0.0185,0.421,0.0528,0,0,18.333333333,22.222222222
1,0.563,0.0185,0.421,0.0528,0,0,18.333333333,22.222222222
1,0.563,0.0185,0.421,0.0528,0,0,18.333333333,22.222222222
1,0.554,0.0409,0.421,0.157,0,0.139,18.333333333,22.222222222
1,0.545,0.09,0.421,0.304,0,0.526,18.333333333,22.222222222
0.694,0.556,0.0782,0.421,0.188,0,0.141,18.333333333,22.222222222
0.444,0.561,0.0405,0.421,0.0935,0,0,18.333333333,22.222222222
0.556,0.559,0.0752,0.421,0.129,0,0.106,20.0,22.222222222
0.444,0.561,0.0479,0.421,0.0901,0,0.152,20.0,22.222222222
0.333,0.563,0.0185,0.421,0.0528,0,0,20.0,22.222222222
0.194,0.563,0.0185,0.421,0.0528,0,0,20.0,22.222222222
0,0.563,0.0185,0.421,0.0528,0,0,20.0,22.222222222
0,0.563,0.0185,0.421,0.0528,0,0,20.0,22.222222222
0.194,0.58,0.11,0.421,0.124,0,0.177,20.0,22.222222222
0.667,0.623,0.357,0.558,0.319,0.483,0.141,20.0,22.222222222
0.667,0.624,0.442,0.773,0.396,0,0.141,20.0,22.222222222
0.667,0.612,0.549,0.807,0.503,0,0,20.0,22.222222222
0.667,0.588,0.582,0.807,0.593,0,0.0707,20.0,22.222222222
0.722,0.562,0.225,0.582,0.275,0,0.123,20.0,22.222222222
1,0.562,0.0325,0.437,0.0684,0,0,20.0,22.222222222
1,0.563,0.0185,0.421,0.0528,0,0,20.0,22.222222222
1,0.563,0.0162,0.421,0.0528,0,0,20.0,22.222222222
1,0.563,0.0162,0.421,0.0528,0,0,18.333333333,22.222222222
1,0.555,0.0162,0.473,0.0528,0,0.243,18.333333333,22.222222222
1,0.54,0.0162,0.563,0.0528,0,0.208,18.333333333,22.222222222
1,0.563,0.0162,0.421,0.0528,0,0,18.333333333,22.222222222
1,0.563,0.0165,0.424,0.0544,0.0167,0,18.333333333,22.222222222
1,0.528,0.0504,0.659,0.237,0.467,0.212,18.333333333,22.222222222
1,0.544,0.0704,0.421,0.304,0,0.177,18.333333333,22.222222222
1,0.55,0.0842,0.421,0.303,0,0.0353,18.333333333,22.222222222
1,0.548,0.109,0.421,0.326,0,0.0353,18.333333333,22.222222222
1,0.544,0.154,0.421,0.401,0,0,20.0,22.222222222
1,0.545,0.154,0.421,0.356,0,0,20.0,22.222222222
1,0.55,0.126,0.421,0.267,0,0.0353,20.0,22.222222222
1,0.55,0.139,0.421,0.265,0.267,0.106,20.0,22.222222222
1,0.555,0.149,0.421,0.266,0.217,0.0353,20.0,22.222222222
1,0.578,0.197,0.421,0.298,0,0.202,20.0,22.222222222
1,0.619,0.31,0.421,0.392,0,0.312,20.0,22.222222222
0.744,0.628,0.293,0.508,0.339,0,0.424,20.0,22.222222222
0.411,0.602,0.225,0.631,0.252,0,0.0353,20.0,22.222222222
0.333,0.589,0.25,0.614,0.269,0,0.0353,20.0,22.222222222
0.506,0.578,0.285,0.614,0.319,0,0.0353,20.0,22.222222222
0.667,0.561,0.247,0.614,0.312,0,0,20.0,22.222222222
0.672,0.552,0.13,0.566,0.191,0,0.0141,20.0,22.222222222
1,0.545,0.0577,0.546,0.099,0,0.127,20.0,22.222222222
1,0.531,0.0353,0.614,0.0745,0,0,20.0,22.222222222
1,0.556,0.0182,0.466,0.0549,0,0,18.333333333,22.222222222
1,0.563,0.0162,0.421,0.0528,0,0,18.333333333,22.222222222
1,0.546,0.0178,0.524,0.0533,0,0.138,18.333333333,22.222222222
1,0.498,0.0251,0.807,0.0703,0,0.287,18.333333333,22.222222222
1,0.519,0.0333,0.711,0.133,0,0.0707,18.333333333,22.222222222
0.656,0.54,0.0325,0.608,0.145,0,0.0353,18.333333333,22.222222222
0.328,0.563,0.0162,0.421,0.0528,0,0,18.333333333,22.222222222
0,0.563,0.0162,0.421,0.0528,0,0,18.333333333,22.222222222
0,0.563,0.0162,0.421,0.0528,0,0,18.333333333,22.222222222
0.0889,0.562,0.0295,0.421,0.0826,0,0.0353,20.0,22.222222222
0.5,0.553,0.0925,0.421,0.218,0.233,0.177,20.0,22.222222222
0.333,0.562,0.0285,0.421,0.0779,0,0.0707,20.0,22.222222222
0.589,0.558,0.0636,0.421,0.134,0,0.0707,20.0,22.222222222
0.667,0.556,0.134,0.421,0.241,0,0.212,20.0,22.222222222
0.667,0.574,0.172,0.421,0.268,0,0.177,20.0,22.222222222
0.667,0.6,0.212,0.421,0.279,0.517,0.177,20.0,22.222222222
0.667,0.622,0.267,0.508,0.311,0.2,0.0353,20.0,22.222222222
0.667,0.626,0.362,0.764,0.381,0,0.212,20.0,22.222222222
0.667,0.615,0.484,0.807,0.486,0,0.215,20.0,22.222222222
0.667,0.583,0.349,0.659,0.379,0,0.0707,20.0,22.222222222
0.922,0.561,0.247,0.614,0.312,0.233,0,20.0,22.222222222
1,0.552,0.129,0.563,0.19,0,0,20.0,22.222222222
1,0.552,0.0276,0.489,0.0658,0,0,20.0,22.222222222
1,0.563,0.0162,0.421,0.0528,0,0,20.0,22.222222222
1,0.563,0.0162,0.421,0.0528,0,0,18.333333333,22.222222222
1,0.563,0.0162,0.421,0.0528,0,0,18.333333333,22.222222222
1,0.563,0.0162,0.421,0.0528,0,0,18.333333333,22.222222222
1,0.563,0.0162,0.421,0.0528,0,0,18.333333333,22.222222222
1,0.563,0.0162,0.421,0.0528,0,0,18.333333333,22.222222222
1,0.534,0.0465,0.614,0.215,0.483,0.0353,18.333333333,22.222222222
0.828,0.541,0.0767,0.421,0.335,0,0.106,18.333333333,22.222222222
0.583,0.552,0.0745,0.421,0.272,0,0.0353,18.333333333,22.222222222
0.667,0.55,0.0972,0.421,0.294,0,0.0353,18.333333333,22.222222222
0.667,0.55,0.108,0.421,0.285,0,0.166,20.0,22.222222222
0.667,0.55,0.117,0.421,0.274,0.267,0,20.0,22.222222222
0.667,0.55,0.126,0.421,0.267,0.217,0,20.0,22.222222222
0.667,0.55,0.139,0.421,0.265,0,0.0353,20.0,22.222222222
0.667,0.555,0.149,0.421,0.266,0,0.0353,20.0,22.222222222
0.667,0.574,0.172,0.421,0.268,0,0.141,20.0,22.222222222
0.667,0.6,0.212,0.421,0.279,0,0.0353,20.0,22.222222222
0.667,0.621,0.264,0.506,0.308,0,0.283,20.0,22.222222222
0.667,0.618,0.325,0.726,0.346,0,0.0707,20.0,22.222222222
0.667,0.615,0.484,0.807,0.486,0,0.106,20.0,22.222222222
0.922,0.593,0.554,0.807,0.584,0,0.0353,20.0,22.222222222
1,0.558,0.477,0.807,0.572,0,0.0353,20.0,22.222222222
1,0.526,0.276,0.807,0.365,0,0,20.0,22.222222222
1,0.539,0.0724,0.592,0.116,0,0.0353,20.0,22.222222222
1,0.563,0.0162,0.421,0.0528,0,0,20.0,22.222222222
1,0.563,0.0162,0.421,0.0528,0,0,18.333333333,22.222222222
1,0.563,0.0162,0.421,0.0528,0,0,18.333333333,22.222222222
1,0.563,0.0162,0.421,0.0528,0,0,18.333333333,22.222222222
1,0.563,0.0162,0.421,0.0528,0,0,18.333333333,22.222222222
1,0.563,0.0162,0.421,0.0528,0,0,18.333333333,22.222222222
0.994,0.558,0.0293,0.421,0.118,0,0.345,18.333333333,22.222222222
0.667,0.554,0.0433,0.421,0.178,0,0.282,18.333333333,22.222222222
0.667,0.557,0.0502,0.421,0.178,0,0.0353,18.333333333,22.222222222
0.661,0.552,0.0873,0.421,0.264,0,0,18.333333333,22.222222222
0.422,0.555,0.0754,0.421,0.199,0.267,0.106,20.0,22.222222222
0.667,0.55,0.117,0.421,0.274,0.717,0.277,20.0,22.222222222
0.922,0.545,0.169,0.421,0.35,0.217,0.441,20.0,22.222222222
1,0.544,0.201,0.421,0.372,0,0.275,20.0,22.222222222
0.911,0.55,0.197,0.421,0.344,0,0.363,20.0,22.222222222
0.661,0.574,0.17,0.421,0.266,0,0.106,20.0,22.222222222
0.422,0.589,0.145,0.421,0.198,0,0.289,20.0,22.222222222
0.667,0.622,0.267,0.508,0.311,0,0.271,20.0,22.222222222
0.667,0.626,0.362,0.764,0.381,0,0.0743,20.0,22.222222222
0.667,0.615,0.484,0.807,0.486,0,0.0414,20.0,22.222222222
0.667,0.593,0.554,0.807,0.584,0,0,20.0,22.222222222
0.922,0.555,0.648,0.955,0.765,0,0.136,20.0,22.222222222
1,0.519,0.351,0.9,0.455,0,0.285,20.0,22.222222222
1,0.524,0.104,0.688,0.151,0,0.0731,20.0,22.222222222
1,0.531,0.0353,0.614,0.0745,0,0.11,20.0,22.222222222
1,0.556,0.0182,0.466,0.0549,0,0.148,18.333333333,22.222222222
1,0.563,0.0162,0.421,0.0528,0,0,18.333333333,22.222222222
1,0.563,0.0162,0.421,0.0528,0,0,18.333333333,22.222222222
1,0.555,0.0185,0.473,0.0609,0.233,0.0353,18.333333333,22.222222222
1,0.527,0.0313,0.665,0.126,0,0.392,18.333333333,22.222222222
1,0.523,0.0544,0.704,0.259,0,0.222,18.333333333,22.222222222
1,0.545,0.0727,0.421,0.306,0,0.0968,18.333333333,22.222222222
1,0.544,0.118,0.421,0.427,0,0.177,18.333333333,22.222222222
0.911,0.545,0.126,0.421,0.384,0,0.0774,18.333333333,22.222222222
0.494,0.554,0.0835,0.421,0.226,0,0.168,20.0,22.222222222
0.333,0.557,0.0668,0.421,0.164,0,0.0353,20.0,22.222222222
0.506,0.553,0.1,0.421,0.215,0,0.106,20.0,22.222222222
0.667,0.55,0.139,0.421,0.265,0,0.0707,20.0,22.222222222
0.667,0.555,0.149,0.421,0.266,0,0.177,20.0,22.222222222
0.578,0.57,0.148,0.421,0.239,0,0,20.0,22.222222222
0.339,0.582,0.114,0.421,0.166,0,0.106,20.0,22.222222222
0.667,0.592,0.141,0.465,0.182,0,0.0353,20.0,22.222222222
0.667,0.594,0.189,0.593,0.217,0,0.0707,20.0,22.222222222
0.667,0.589,0.25,0.614,0.269,0,0,20.0,22.222222222
0.667,0.578,0.285,0.614,0.319,0,0.0353,20.0,22.222222222
0.667,0.561,0.244,0.611,0.309,0,0.0815,20.0,22.222222222
0.756,0.556,0.0332,0.473,0.0717,0,0,20.0,22.222222222
1,0.532,0.0743,0.63,0.118,0,0,20.0,22.222222222
1,0.563,0.0185,0.421,0.0528,0,0,20.0,22.222222222
1,0.563,0.0185,0.421,0.0528,0,0,18.333333333,22.222222222
1,0.55,0.0185,0.501,0.0528,0,0.0353,18.333333333,22.222222222
1,0.561,0.0185,0.437,0.0528,0,0,18.333333333,22.222222222
1,0.563,0.0185,0.421,0.0528,0,0,18.333333333,22.222222222
1,0.537,0.0259,0.598,0.108,0,0.485,18.333333333,22.222222222
1,0.528,0.0541,0.63,0.26,0.417,0.177,18.333333333,22.222222222
0.722,0.551,0.0498,0.421,0.199,0.0667,0.212,18.333333333,22.222222222
0.194,0.563,0.0185,0.421,0.0528,0,0,18.333333333,22.222222222
0,0.563,0.0185,0.421,0.0528,0,0,18.333333333,22.222222222
0,0.563,0.0185,0.421,0.0528,0,0,20.0,22.222222222
0,0.563,0.0185,0.421,0.0528,0,0,20.0,22.222222222
0,0.563,0.0185,0.421,0.0528,0,0,20.0,22.222222222
0.25,0.558,0.108,0.421,0.133,0,0.227,20.0,22.222222222
0,0.563,0.0185,0.421,0.0528,0,0,20.0,22.222222222
0,0.563,0.0185,0.421,0.0528,0,0,20.0,22.222222222
0.139,0.575,0.084,0.421,0.103,0,0.0353,20.0,22.222222222
0.333,0.593,0.188,0.489,0.186,0,0.0707,20.0,22.222222222
0.472,0.605,0.333,0.677,0.308,0,0.177,20.0,22.222222222
0.667,0.612,0.549,0.807,0.503,0,0.141,20.0,22.222222222
0.889,0.593,0.767,0.936,0.776,0,0.0353,20.0,22.222222222
1,0.554,0.627,0.92,0.709,0,0.285,20.0,22.222222222
1,0.538,0.202,0.678,0.254,0,0.162,20.0,22.222222222
1,0.552,0.0479,0.501,0.0824,0,0,20.0,22.222222222
1,0.563,0.0185,0.421,0.0528,0,0,20.0,22.222222222
1,0.563,0.0185,0.421,0.0528,0,0,18.333333333,22.222222222
1,0.563,0.0185,0.421,0.0528,0,0,18.333333333,22.222222222
1,0.563,0.0185,0.421,0.0528,0,0,18.333333333,22.222222222
1,0.563,0.0185,0.421,0.0528,0,0,18.333333333,22.222222222
1,0.563,0.0185,0.421,0.0528,0,0,18.333333333,22.222222222
1,0.554,0.0409,0.421,0.157,0.417,0.112,18.333333333,22.222222222
0.778,0.542,0.0967,0.421,0.335,0.783,0.354,18.333333333,22.222222222
0.583,0.552,0.118,0.421,0.27,0,0.342,18.333333333,22.222222222
0.444,0.555,0.112,0.421,0.214,0.483,0.351,18.333333333,22.222222222
0.361,0.556,0.105,0.421,0.18,0,0.154,20.0,22.222222222
0,0.563,0.0185,0.421,0.0528,0,0,20.0,22.222222222
0.222,0.563,0.0185,0.421,0.0528,0,0,20.0,22.222222222
0.5,0.56,0.0795,0.421,0.106,0,0,20.0,22.222222222
0.556,0.563,0.111,0.421,0.124,0,0.247,20.0,22.222222222
0.667,0.573,0.191,0.421,0.179,0,0.0707,20.0,22.222222222
0.667,0.604,0.327,0.421,0.282,0,0.212,20.0,22.222222222
0.583,0.616,0.318,0.558,0.289,0.483,0.106,20.0,22.222222222
0.667,0.624,0.442,0.773,0.396,0,0.0353,20.0,22.222222222
0.667,0.612,0.549,0.807,0.503,0,0.0707,20.0,22.222222222
0.667,0.588,0.582,0.807,0.593,0,0.0353,20.0,22.222222222
0.667,0.553,0.471,0.807,0.542,0,0,20.0,22.222222222
0.722,0.522,0.274,0.807,0.33,0,0.0707,20.0,22.222222222
1,0.535,0.0913,0.614,0.124,0,0.141,20.0,22.222222222
1,0.5,0.0541,0.801,0.0959,0,0.0511,20.0,22.222222222
1,0.563,0.0162,0.421,0.0528,0,0,18.333333333,22.222222222
1,0.563,0.0162,0.421,0.0528,0,0,18.333333333,22.222222222
1,0.547,0.0162,0.518,0.0528,0.483,0.0707,18.333333333,22.222222222
1,0.563,0.0162,0.421,0.0528,0,0,18.333333333,22.222222222
1,0.557,0.0207,0.473,0.0782,0.233,0.0353,18.333333333,22.222222222
0.744,0.549,0.0311,0.514,0.132,0.517,0.0707,18.333333333,22.222222222
0.922,0.554,0.0433,0.421,0.178,0.2,0.177,18.333333333,22.222222222
1,0.555,0.0606,0.421,0.21,0,0.406,18.333333333,22.222222222
1,0.55,0.0972,0.421,0.294,0,0.337,18.333333333,22.222222222
0.822,0.549,0.117,0.421,0.314,0,0.168,20.0,22.222222222
0.333,0.557,0.0668,0.421,0.164,0,0.316,20.0,22.222222222
0.333,0.557,0.0711,0.421,0.16,0,0.0353,20.0,22.222222222
0.506,0.553,0.11,0.421,0.214,0.267,0,20.0,22.222222222
0.667,0.555,0.149,0.421,0.266,0.45,0.0846,20.0,22.222222222
0.756,0.578,0.197,0.421,0.298,0,0.337,20.0,22.222222222
0.744,0.604,0.233,0.421,0.304,0,0.283,20.0,22.222222222
0.667,0.622,0.267,0.508,0.311,0,0.0707,20.0,22.222222222
0.667,0.626,0.362,0.764,0.381,0,0,20.0,22.222222222
0.667,0.615,0.484,0.807,0.486,0,0.0353,20.0,22.222222222
0.667,0.593,0.554,0.807,0.584,0,0,20.0,22.222222222
0.667,0.562,0.436,0.756,0.522,0,0,20.0,22.222222222
0.667,0.545,0.146,0.614,0.209,0,0,20.0,22.222222222
0.783,0.523,0.0821,0.682,0.125,0,0.0353,20.0,22.222222222
0.667,0.556,0.0216,0.466,0.059,0,0,20.0,22.222222222
0.922,0.563,0.0162,0.421,0.0528,0,0,18.333333333,22.222222222
1,0.563,0.0162,0.421,0.0528,0,0,18.333333333,22.222222222
1,0.563,0.0162,0.421,0.0528,0,0,18.333333333,22.222222222
1,0.563,0.0162,0.421,0.0528,0,0,18.333333333,22.222222222
1,0.541,0.0249,0.569,0.0934,0,0.296,18.333333333,22.222222222
1,0.543,0.0353,0.563,0.156,0,0.193,18.333333333,22.222222222
1,0.546,0.0645,0.421,0.274,0,0.231,18.333333333,22.222222222
0.828,0.554,0.0658,0.421,0.239,0,0.27,18.333333333,22.222222222
0.667,0.552,0.0881,0.421,0.266,0,0,18.333333333,22.222222222
0.667,0.55,0.108,0.421,0.285,0,0,20.0,22.222222222
0.411,0.555,0.0784,0.421,0.19,0,0.106,20.0,22.222222222
0.333,0.557,0.0711,0.421,0.16,0,0.318,20.0,22.222222222
0.422,0.555,0.0949,0.421,0.187,0,0.0353,20.0,22.222222222
0.667,0.555,0.149,0.421,0.266,0,0.177,20.0,22.222222222
0.494,0.57,0.129,0.421,0.212,0.483,0.177,20.0,22.222222222
0.333,0.582,0.114,0.421,0.166,0,0.106,20.0,22.222222222
0.333,0.592,0.141,0.465,0.182,0,0.0353,20.0,22.222222222
0.589,0.618,0.325,0.726,0.346,0,0,20.0,22.222222222
0.667,0.615,0.484,0.807,0.486,0,0,20.0,22.222222222
0.667,0.593,0.554,0.807,0.584,0,0,20.0,22.222222222
0.667,0.558,0.477,0.807,0.572,0,0,20.0,22.222222222
0.667,0.549,0.165,0.608,0.233,0,0,20.0,22.222222222
0.667,0.552,0.0276,0.489,0.0658,0,0,20.0,22.222222222
1,0.548,0.0273,0.514,0.0656,0,0.154,20.0,22.222222222
1,0.563,0.0162,0.421,0.0528,0,0,18.333333333,22.222222222
1,0.563,0.0162,0.421,0.0528,0,0,18.333333333,22.222222222
1,0.563,0.0162,0.421,0.0528,0,0,18.333333333,22.222222222
1,0.563,0.0162,0.421,0.0528,0,0,18.333333333,22.222222222
1,0.563,0.0162,0.421,0.0528,0,0,18.333333333,22.222222222
0.911,0.549,0.0314,0.518,0.134,0,0.278,18.333333333,22.222222222
0.667,0.546,0.0645,0.421,0.274,0,0.0353,18.333333333,22.222222222
0.667,0.55,0.0842,0.421,0.303,0,0.141,18.333333333,22.222222222
0.667,0.55,0.0972,0.421,0.294,0,0.106,18.333333333,22.222222222
0.667,0.55,0.108,0.421,0.285,0,0.141,20.0,22.222222222
0.667,0.55,0.117,0.421,0.274,0,0,20.0,22.222222222
0.667,0.55,0.126,0.421,0.267,0,0,20.0,22.222222222
0.667,0.552,0.122,0.421,0.237,0,0.337,20.0,22.222222222
0.667,0.559,0.0828,0.421,0.159,0,0.279,20.0,22.222222222
0.661,0.573,0.117,0.421,0.188,0,0.322,20.0,22.222222222
0.333,0.582,0.114,0.421,0.166,0.267,0.136,20.0,22.222222222
0.422,0.601,0.183,0.508,0.222,0.717,0,20.0,22.222222222
0.672,0.626,0.365,0.767,0.384,0.217,0.155,20.0,22.222222222
0.744,0.621,0.536,0.852,0.533,0,0.0791,20.0,22.222222222
0.667,0.593,0.554,0.807,0.584,0,0.0353,20.0,22.222222222
0.756,0.562,0.436,0.756,0.522,0,0,20.0,22.222222222
1,0.545,0.146,0.614,0.209,0,0,20.0,22.222222222
0.889,0.545,0.0579,0.55,0.0994,0,0.014,20.0,22.222222222
1,0.531,0.0353,0.614,0.0745,0,0.0353,20.0,22.222222222
1,0.531,0.0228,0.614,0.0593,0,0.181,18.333333333,22.222222222
1,0.531,0.0173,0.614,0.0528,0,0.3,18.333333333,22.222222222
0.917,0.548,0.0162,0.514,0.0528,0,0.15,18.333333333,22.222222222
1,0.563,0.0162,0.421,0.0528,0,0,18.333333333,22.222222222
1,0.551,0.0252,0.524,0.104,0,0.188,18.333333333,22.222222222
0.911,0.525,0.0476,0.704,0.226,0,0.0707,18.333333333,22.222222222
0.667,0.554,0.0433,0.421,0.178,0,0.0353,18.333333333,22.222222222
0.667,0.555,0.0606,0.421,0.21,0,0.149,18.333333333,22.222222222
0.667,0.55,0.0972,0.421,0.294,0,0.0353,18.333333333,22.222222222
0.667,0.55,0.108,0.421,0.285,0,0.0707,20.0,22.222222222
0.667,0.55,0.117,0.421,0.274,0,0,20.0,22.222222222
0.667,0.55,0.126,0.421,0.267,0,0,20.0,22.222222222
0.667,0.55,0.139,0.421,0.265,0,0.0707,20.0,22.222222222
0.667,0.555,0.149,0.421,0.266,0,0.247,20.0,22.222222222
0.667,0.574,0.172,0.421,0.268,0,0,20.0,22.222222222
0.667,0.6,0.212,0.421,0.279,0.233,0.0353,20.0,22.222222222
0.667,0.622,0.267,0.508,0.311,0,0,20.0,22.222222222
0.667,0.626,0.362,0.764,0.381,0,0,20.0,22.222222222
0.667,0.615,0.484,0.807,0.486,0,0,20.0,22.222222222
0.667,0.593,0.554,0.807,0.584,0,0.11,20.0,22.222222222
0.667,0.558,0.477,0.807,0.572,0,0.353,20.0,22.222222222
0.667,0.526,0.276,0.807,0.365,0,0.222,20.0,22.222222222
0.783,0.516,0.11,0.739,0.158,0,0.283,20.0,22.222222222
0.667,0.563,0.0162,0.421,0.0528,0,0,20.0,22.222222222
0.667,0.563,0.0162,0.421,0.0528,0,0,18.333333333,22.222222222
0.922,0.539,0.017,0.566,0.0528,0,0.245,18.333333333,22.222222222
1,0.563,0.0162,0.421,0.0528,0,0,18.333333333,22.222222222
1,0.563,0.0162,0.421,0.0528,0,0,18.333333333,22.222222222
1,0.541,0.0249,0.569,0.0934,0.483,0,18.333333333,22.222222222
1,0.54,0.042,0.563,0.189,0,0.246,18.333333333,22.222222222
0.828,0.548,0.0555,0.421,0.239,0,0.138,18.333333333,22.222222222
0.667,0.552,0.0767,0.421,0.273,0,0.183,18.333333333,22.222222222
0.583,0.552,0.0861,0.421,0.265,0,0.232,18.333333333,22.222222222
0.578,0.552,0.0947,0.421,0.255,0,0.335,20.0,22.222222222
0.506,0.553,0.0934,0.421,0.22,0.267,0.192,20.0,22.222222222
0.578,0.552,0.11,0.421,0.239,0.45,0.177,20.0,22.222222222
0.422,0.555,0.0949,0.421,0.187,0,0.0707,20.0,22.222222222
0.667,0.555,0.149,0.421,0.266,0,0.141,20.0,22.222222222
0.667,0.574,0.172,0.421,0.268,0,0.106,20.0,22.222222222
0.833,0.608,0.258,0.421,0.334,0,0.186,20.0,22.222222222
0.667,0.622,0.267,0.508,0.311,0.717,0.0839,20.0,22.222222222
0.5,0.609,0.284,0.682,0.305,0,0.207,20.0,22.222222222
0.672,0.615,0.489,0.81,0.49,0,0.0707,20.0,22.222222222
0.994,0.607,0.819,0.997,0.845,0,0,20.0,22.222222222
0.667,0.558,0.477,0.807,0.572,0,0,20.0,22.222222222
0.922,0.526,0.276,0.807,0.365,0,0,20.0,22.222222222
0.883,0.514,0.115,0.752,0.164,0,0.0141,20.0,22.222222222
1,0.542,0.0369,0.55,0.0704,0,0,20.0,22.222222222
1,0.563,0.0185,0.421,0.0528,0,0,18.333333333,22.222222222
1,0.563,0.0185,0.421,0.0528,0,0,18.333333333,22.222222222
1,0.563,0.0185,0.421,0.0528,0,0,18.333333333,22.222222222
1,0.563,0.0185,0.421,0.0528,0,0,18.333333333,22.222222222
1,0.563,0.0185,0.421,0.0528,0,0,18.333333333,22.222222222
1,0.547,0.0358,0.518,0.153,0,0.255,18.333333333,22.222222222
1,0.554,0.0543,0.421,0.178,0,0.3,18.333333333,22.222222222
1,0.557,0.0741,0.421,0.177,0,0.0353,18.333333333,22.222222222
0.694,0.563,0.024,0.421,0.063,0,0,18.333333333,22.222222222
0.611,0.556,0.117,0.421,0.186,0,0.198,20.0,22.222222222
0.333,0.557,0.11,0.421,0.163,0,0.0353,20.0,22.222222222
0.639,0.551,0.216,0.421,0.258,0,0.337,20.0,22.222222222
0.667,0.55,0.259,0.421,0.265,0,0.141,20.0,22.222222222
0.611,0.557,0.267,0.421,0.248,0,0.141,20.0,22.222222222
0.389,0.577,0.193,0.421,0.18,0,0.0707,20.0,22.222222222
0.667,0.604,0.327,0.421,0.282,0,0,20.0,22.222222222
0.667,0.623,0.357,0.558,0.319,0,0.0707,20.0,22.222222222
0.667,0.597,0.246,0.611,0.237,0,0.0707,20.0,22.222222222
0.667,0.588,0.284,0.614,0.278,0,0.0353,20.0,22.222222222
0.889,0.581,0.485,0.743,0.506,0,0.106,20.0,22.222222222
0.944,0.562,0.373,0.694,0.433,0,0,20.0,22.222222222
0.667,0.563,0.0185,0.421,0.0528,0,0,20.0,22.222222222
0.833,0.532,0.0519,0.614,0.0866,0,0,20.0,22.222222222
1,0.563,0.0185,0.421,0.0528,0,0,20.0,22.222222222
1,0.563,0.0185,0.421,0.0528,0,0,18.333333333,22.222222222
1,0.563,0.0185,0.421,0.0528,0,0,18.333333333,22.222222222
1,0.563,0.0185,0.421,0.0528,0,0,18.333333333,22.222222222
0.861,0.563,0.0185,0.421,0.0528,0,0,18.333333333,22.222222222
0.361,0.537,0.0259,0.598,0.108,0,0.294,18.333333333,22.222222222
0.556,0.534,0.051,0.582,0.237,0,0.218,18.333333333,22.222222222
0.667,0.545,0.09,0.421,0.304,0,0.273,18.333333333,22.222222222
0.444,0.555,0.0902,0.421,0.219,0,0.274,18.333333333,22.222222222
0.333,0.557,0.0902,0.421,0.173,0,0.153,18.333333333,22.222222222
0.194,0.56,0.065,0.421,0.121,0,0.0353,20.0,22.222222222
0,0.563,0.0185,0.421,0.0528,0,0,20.0,22.222222222
0.194,0.561,0.0658,0.421,0.0971,0,0,20.0,22.222222222
0.583,0.558,0.111,0.421,0.133,0.667,0.283,20.0,22.222222222
0.667,0.56,0.155,0.421,0.159,0.533,0.212,20.0,22.222222222
0.889,0.58,0.29,0.421,0.252,0,0.238,20.0,22.222222222
0.944,0.62,0.454,0.421,0.377,0.167,0.283,20.0,22.222222222
0.667,0.623,0.357,0.558,0.319,0.317,0.247,20.0,22.222222222
0.667,0.624,0.442,0.773,0.396,0,0,20.0,22.222222222
0.667,0.612,0.549,0.807,0.503,0,0.141,20.0,22.222222222
0.722,0.588,0.627,0.839,0.64,0,0,20.0,22.222222222
1,0.559,0.289,0.646,0.345,0,0,20.0,22.222222222
1,0.555,0.116,0.534,0.162,0,0,20.0,22.222222222
0.972,0.563,0.0185,0.421,0.0528,0,0,20.0,22.222222222
1,0.563,0.0164,0.421,0.0528,0,0,20.0,22.222222222
1,0.563,0.0162,0.421,0.0528,0,0,18.333333333,22.222222222
1,0.563,0.0162,0.421,0.0528,0,0,18.333333333,22.222222222
1,0.563,0.0162,0.421,0.0528,0,0,18.333333333,22.222222222
1,0.563,0.0162,0.421,0.0528,0,0,18.333333333,22.222222222
1,0.563,0.0162,0.421,0.0528,0,0,18.333333333,22.222222222
0.861,0.571,0.0291,0.292,0.144,0,0.218,18.333333333,22.222222222
0.667,0.586,0.037,0.281,0.181,0,0.184,18.333333333,22.222222222
0.667,0.592,0.0431,0.281,0.187,0,0.201,18.333333333,22.222222222
0.667,0.593,0.0491,0.281,0.186,0,0.192,18.333333333,22.222222222
0.667,0.619,0.0889,0.152,0.3,0,0.144,20.0,22.222222222
0.667,0.622,0.101,0.14,0.299,0,0.0707,20.0,22.222222222
0.667,0.622,0.107,0.14,0.29,0,0.212,20.0,22.222222222
0.667,0.622,0.119,0.14,0.287,0,0.141,20.0,22.222222222
0.667,0.622,0.127,0.14,0.287,0,0.106,20.0,22.222222222
0.806,0.657,0.167,0.0819,0.341,0,0.212,20.0,22.222222222
0.694,0.674,0.178,0.129,0.319,0,0.205,20.0,22.222222222
0.361,0.637,0.12,0.269,0.218,0,0.182,20.0,22.222222222
0.639,0.708,0.272,0.152,0.45,0.5,0,20.0,22.222222222
0.75,0.723,0.437,0.105,0.655,0,0.177,20.0,22.222222222
0.667,0.63,0.266,0.269,0.377,0,0,20.0,22.222222222
0.806,0.595,0.186,0.316,0.264,0,0,20.0,22.222222222
1,0.567,0.035,0.409,0.0761,0,0,20.0,22.222222222
1,0.563,0.0162,0.421,0.0528,0,0,20.0,22.222222222
1,0.563,0.0162,0.421,0.0528,0,0,20.0,22.222222222
1,0.563,0.0162,0.421,0.0528,0,0,18.333333333,22.222222222
1,0.563,0.0162,0.421,0.0528,0,0,18.333333333,22.222222222
1,0.563,0.0162,0.421,0.0528,0,0,18.333333333,22.222222222
1,0.563,0.0162,0.421,0.0528,0,0,18.333333333,22.222222222
1,0.563,0.019,0.363,0.0663,0,0.0841,18.333333333,22.222222222
1,0.571,0.0296,0.281,0.147,0,0.0944,18.333333333,22.222222222
1,0.608,0.0566,0.152,0.301,0.5,0.106,18.333333333,22.222222222
0.694,0.621,0.07,0.14,0.321,0,0.0353,18.333333333,22.222222222
0.667,0.622,0.082,0.14,0.319,0,0.0353,18.333333333,22.222222222
0.444,0.602,0.0662,0.234,0.225,0,0.194,20.0,22.222222222
0.472,0.605,0.0764,0.222,0.227,0,0.13,20.0,22.222222222
0.889,0.641,0.137,0.0468,0.369,0,0.547,20.0,22.222222222
0.778,0.631,0.136,0.0936,0.326,0,0.0707,20.0,22.222222222
0.583,0.614,0.113,0.175,0.258,0,0.141,20.0,22.222222222
0.889,0.667,0.183,0.0468,0.371,0,0.141,20.0,22.222222222
0.861,0.701,0.218,0.0585,0.384,0,0.106,20.0,22.222222222
0.667,0.702,0.211,0.14,0.361,0.25,0.106,20.0,22.222222222
0.667,0.714,0.281,0.14,0.463,0,0.106,20.0,22.222222222
0.667,0.705,0.39,0.14,0.587,0,0.0707,20.0,22.222222222
0.667,0.685,0.484,0.14,0.656,0,0,20.0,22.222222222
0.667,0.646,0.468,0.14,0.615,0,0,20.0,22.222222222
0.806,0.57,0.0537,0.398,0.0993,0,0,20.0,22.222222222
1,0.563,0.0162,0.421,0.0528,0,0,20.0,22.222222222
1,0.563,0.0162,0.421,0.0528,0,0,20.0,22.222222222
1,0.563,0.0162,0.421,0.0528,0,0,18.333333333,22.222222222
1,0.563,0.0162,0.421,0.0528,0,0,18.333333333,22.222222222
1,0.563,0.0162,0.421,0.0528,0,0,18.333333333,22.222222222
1,0.562,0.018,0.292,0.0539,0,0.283,18.333333333,22.222222222
1,0.562,0.0225,0.281,0.0826,0,0.0707,18.333333333,22.222222222
1,0.575,0.0354,0.222,0.188,0,0.231,18.333333333,22.222222222
0.611,0.603,0.0524,0.175,0.277,0,0.106,18.333333333,22.222222222
0.444,0.601,0.0517,0.234,0.231,0,0,18.333333333,22.222222222
0.639,0.619,0.0798,0.152,0.308,0,0.177,18.333333333,22.222222222
0.528,0.609,0.0758,0.199,0.257,0,0.0353,20.0,22.222222222
0.333,0.593,0.0586,0.281,0.176,0,0.0707,20.0,22.222222222
0.556,0.612,0.0918,0.187,0.25,0,0.0353,20.0,22.222222222
0.667,0.622,0.119,0.14,0.287,0,0.0353,20.0,22.222222222
0.667,0.622,0.127,0.14,0.287,0,0.283,20.0,22.222222222
0.667,0.641,0.141,0.14,0.291,0,0.141,20.0,22.222222222
0.667,0.671,0.173,0.14,0.309,0.667,0.0353,20.0,22.222222222
0.667,0.702,0.211,0.14,0.361,0.0833,0.0707,20.0,22.222222222
0.667,0.714,0.281,0.14,0.463,0,0.0353,20.0,22.222222222
0.667,0.705,0.39,0.14,0.587,0,0.0353,20.0,22.222222222
0.667,0.685,0.484,0.14,0.656,0,0.177,20.0,22.222222222
0.889,0.672,0.618,0.0468,0.801,0,0,20.0,22.222222222
1,0.625,0.44,0,0.581,0,0.109,20.0,22.222222222
1,0.571,0.0999,0.257,0.16,0,0,20.0,22.222222222
1,0.564,0.0208,0.409,0.0587,0,0,20.0,22.222222222
1,0.563,0.0162,0.421,0.0528,0,0,18.333333333,22.222222222
1,0.563,0.0162,0.421,0.0528,0,0,18.333333333,22.222222222
1,0.563,0.0162,0.421,0.0528,0,0,18.333333333,22.222222222
1,0.563,0.0162,0.421,0.0528,0,0,18.333333333,22.222222222
1,0.562,0.0223,0.292,0.0825,0,0.247,18.333333333,22.222222222
1,0.579,0.0424,0.152,0.238,0,0.361,18.333333333,22.222222222
1,0.609,0.0577,0.14,0.309,0.167,0.107,18.333333333,22.222222222
1,0.621,0.07,0.14,0.321,0.333,0.106,18.333333333,22.222222222
0.694,0.622,0.082,0.14,0.319,0,0.177,18.333333333,22.222222222
0.667,0.622,0.0916,0.14,0.311,0,0.0707,20.0,22.222222222
0.667,0.622,0.101,0.14,0.299,0,0,20.0,22.222222222
0.667,0.617,0.0991,0.164,0.27,0,0.0353,20.0,22.222222222
0.667,0.593,0.0678,0.281,0.17,0,0.318,20.0,22.222222222
0.667,0.593,0.0714,0.281,0.17,0,0.0707,20.0,22.222222222
0.667,0.602,0.0785,0.281,0.172,0,0.0707,20.0,22.222222222
0.667,0.667,0.167,0.152,0.299,0,0.0707,20.0,22.222222222
0.667,0.702,0.211,0.14,0.361,0,0.106,20.0,22.222222222
0.667,0.714,0.281,0.14,0.463,0,0,20.0,22.222222222
0.667,0.705,0.39,0.14,0.587,0,0.0353,20.0,22.222222222
0.667,0.685,0.484,0.14,0.656,0,0,20.0,22.222222222
0.722,0.58,0.0933,0.374,0.15,0,0,20.0,22.222222222
1,0.584,0.158,0.281,0.229,0,0.106,20.0,22.222222222
1,0.568,0.0776,0.281,0.132,0,0,20.0,22.222222222
1,0.563,0.0305,0.339,0.0719,0,0,20.0,22.222222222
1,0.563,0.0162,0.421,0.0528,0,0,18.333333333,22.222222222
1,0.563,0.0162,0.421,0.0528,0,0,18.333333333,22.222222222
1,0.562,0.0156,0.292,0.0528,0,0.0707,18.333333333,22.222222222
1,0.563,0.0162,0.409,0.0528,0,0,18.333333333,22.222222222
1,0.562,0.0223,0.292,0.0825,0,0.268,18.333333333,22.222222222
0.694,0.567,0.0226,0.351,0.097,0.417,0.0707,18.333333333,22.222222222
0.361,0.564,0.0174,0.409,0.0611,0.0833,0,18.333333333,22.222222222
0.639,0.617,0.0664,0.164,0.299,0,0.141,18.333333333,22.222222222
0.667,0.622,0.082,0.14,0.319,0,0.0353,18.333333333,22.222222222
0.667,0.622,0.0916,0.14,0.311,0,0,20.0,22.222222222
0.667,0.622,0.101,0.14,0.299,0,0.0353,20.0,22.222222222
0.667,0.622,0.107,0.14,0.29,0,0.141,20.0,22.222222222
0.667,0.622,0.119,0.14,0.287,0,0.212,20.0,22.222222222
0.667,0.622,0.127,0.14,0.287,0,0.106,20.0,22.222222222
0.667,0.641,0.141,0.14,0.291,0,0.106,20.0,22.222222222
0.833,0.698,0.212,0.0702,0.374,0.5,0,20.0,22.222222222
0.667,0.702,0.211,0.14,0.361,0,0.106,20.0,22.222222222
0.667,0.714,0.281,0.14,0.463,0,0.0353,20.0,22.222222222
0.667,0.705,0.39,0.14,0.587,0,0,20.0,22.222222222
0.667,0.685,0.484,0.14,0.656,0,0,20.0,22.222222222
0.667,0.646,0.468,0.14,0.615,0,0,20.0,22.222222222
0.667,0.587,0.176,0.269,0.252,0,0,20.0,22.222222222
0.667,0.565,0.0274,0.409,0.0667,0,0,20.0,22.222222222
0.806,0.563,0.028,0.363,0.0638,0,0.0707,20.0,22.222222222
1,0.563,0.0205,0.409,0.055,0,0,18.333333333,22.222222222
1,0.563,0.0185,0.421,0.0528,0,0,18.333333333,22.222222222
1,0.563,0.0182,0.363,0.0528,0,0,18.333333333,22.222222222
1,0.563,0.0185,0.409,0.0528,0,0,18.333333333,22.222222222
1,0.563,0.0199,0.363,0.0663,0.417,0.283,18.333333333,22.222222222
1,0.563,0.0188,0.409,0.0555,0.583,0.0707,18.333333333,22.222222222
1,0.563,0.0185,0.421,0.0528,0,0,18.333333333,22.222222222
1,0.59,0.0564,0.292,0.176,0,0.422,18.333333333,22.222222222
1,0.605,0.0976,0.222,0.241,0,0.324,18.333333333,22.222222222
1,0.622,0.154,0.14,0.311,0.167,0.144,20.0,22.222222222
0.694,0.595,0.0998,0.269,0.187,0.333,0.106,20.0,22.222222222
0.528,0.607,0.141,0.211,0.23,0,0,20.0,22.222222222
0.194,0.58,0.0745,0.339,0.121,0,0.177,20.0,22.222222222
0.222,0.583,0.0938,0.327,0.131,0,0.147,20.0,22.222222222
0.333,0.602,0.143,0.281,0.172,0,0.0707,20.0,22.222222222
0.556,0.654,0.238,0.187,0.267,0,0.226,20.0,22.222222222
0.667,0.702,0.291,0.14,0.361,0,0.143,20.0,22.222222222
0.667,0.714,0.338,0.14,0.463,0,0.0707,20.0,22.222222222
0.667,0.705,0.439,0.14,0.587,0,0.106,20.0,22.222222222
0.667,0.685,0.519,0.14,0.656,0,0,20.0,22.222222222
0.972,0.665,0.606,0.0702,0.755,0,0.0353,20.0,22.222222222
1,0.575,0.0937,0.363,0.141,0,0,20.0,22.222222222
1,0.563,0.0185,0.421,0.0528,0,0,20.0,22.222222222
1,0.563,0.0185,0.421,0.0528,0,0,20.0,22.222222222
1,0.563,0.0185,0.421,0.0528,0,0,18.333333333,22.222222222
1,0.563,0.0185,0.421,0.0528,0,0,18.333333333,22.222222222
1,0.563,0.0185,0.421,0.0528,0,0,18.333333333,22.222222222
1,0.563,0.0185,0.421,0.0528,0,0,18.333333333,22.222222222
1,0.563,0.0199,0.363,0.0663,0,0.0707,18.333333333,22.222222222
0.389,0.563,0.0188,0.409,0.0555,0,0,18.333333333,22.222222222
0.333,0.563,0.0185,0.421,0.0528,0,0,18.333333333,22.222222222
0.333,0.563,0.0185,0.421,0.0528,0,0,18.333333333,22.222222222
0.333,0.563,0.0185,0.421,0.0528,0,0,18.333333333,22.222222222
0.472,0.602,0.11,0.234,0.224,0.417,0.339,20.0,22.222222222
0.528,0.609,0.138,0.199,0.248,0.583,0.106,20.0,22.222222222
0.333,0.593,0.1,0.281,0.171,0,0.0353,20.0,22.222222222
0.639,0.619,0.205,0.152,0.277,0,0.212,20.0,22.222222222
0.611,0.617,0.223,0.164,0.267,0.25,0.177,20.0,22.222222222
0.333,0.602,0.143,0.281,0.172,0,0.212,20.0,22.222222222
0.333,0.617,0.15,0.281,0.181,0,0,20.0,22.222222222
0.556,0.679,0.245,0.187,0.311,0,0.0353,20.0,22.222222222
0.667,0.714,0.338,0.14,0.463,0,0.141,20.0,22.222222222
0.667,0.705,0.439,0.14,0.587,0,0.0353,20.0,22.222222222
0.806,0.7,0.583,0.105,0.732,0,0.0353,20.0,22.222222222
1,0.646,0.489,0.14,0.615,0,0,20.0,22.222222222
1,0.604,0.323,0.14,0.405,0,0,20.0,22.222222222
1,0.567,0.0427,0.398,0.0806,0,0,20.0,22.222222222
1,0.563,0.0164,0.421,0.0528,0,0,20.0,22.222222222
1,0.563,0.0162,0.421,0.0528,0,0,18.333333333,22.222222222
1,0.563,0.0162,0.421,0.0528,0,0,18.333333333,22.222222222
1,0.563,0.0162,0.421,0.0528,0,0,18.333333333,22.222222222
1,0.563,0.0162,0.421,0.0528,0,0,18.333333333,22.222222222
1,0.563,0.0162,0.421,0.0528,0,0,18.333333333,22.222222222
1,0.563,0.0162,0.421,0.0528,0,0,18.333333333,22.222222222
1,0.563,0.0162,0.421,0.0528,0,0,18.333333333,22.222222222
1,0.59,0.0413,0.292,0.176,0,0.0353,18.333333333,22.222222222
0.917,0.612,0.0714,0.187,0.275,0,0.212,18.333333333,22.222222222
1,0.634,0.108,0.0819,0.365,0,0.0707,20.0,22.222222222
1,0.651,0.143,0,0.422,0,0.0353,20.0,22.222222222
1,0.651,0.152,0,0.408,0.5,0.0707,20.0,22.222222222
1,0.651,0.171,0,0.404,0,0.374,20.0,22.222222222
1,0.651,0.182,0,0.404,0,0.16,20.0,22.222222222
0.694,0.643,0.145,0.129,0.301,0,0.0707,20.0,22.222222222
0.667,0.671,0.173,0.14,0.309,0,0.106,20.0,22.222222222
0.667,0.702,0.211,0.14,0.361,0,0.132,20.0,22.222222222
0.667,0.714,0.281,0.14,0.463,0,0.182,20.0,22.222222222
0.722,0.705,0.39,0.14,0.587,0,0.106,20.0,22.222222222
0.833,0.7,0.543,0.105,0.732,0,0.199,20.0,22.222222222
1,0.629,0.374,0.199,0.499,0,0.141,20.0,22.222222222
1,0.584,0.158,0.281,0.229,0,0.106,20.0,22.222222222
1,0.566,0.0411,0.374,0.0845,0,0,20.0,22.222222222
1,0.563,0.0162,0.421,0.0528,0,0,20.0,22.222222222
1,0.563,0.0162,0.421,0.0528,0,0,18.333333333,22.222222222
1,0.563,0.0162,0.421,0.0528,0,0,18.333333333,22.222222222
1,0.563,0.016,0.386,0.0528,0,0,18.333333333,22.222222222
0.75,0.563,0.0165,0.398,0.053,0,0.116,18.333333333,22.222222222
1,0.562,0.0225,0.281,0.0826,0,0.118,18.333333333,22.222222222
1,0.575,0.0354,0.222,0.188,0,0.118,18.333333333,22.222222222
1,0.587,0.0381,0.269,0.189,0,0.184,18.333333333,22.222222222
1,0.592,0.0431,0.281,0.187,0,0.177,18.333333333,22.222222222
1,0.607,0.0658,0.211,0.253,0,0.26,18.333333333,22.222222222
1,0.593,0.0539,0.281,0.182,0,0.141,20.0,22.222222222
0.861,0.607,0.08,0.211,0.237,0,0.128,20.0,22.222222222
0.972,0.593,0.0615,0.281,0.171,0,0.194,20.0,22.222222222
1,0.605,0.0896,0.222,0.219,0,0.294,20.0,22.222222222
1,0.626,0.136,0.117,0.306,0.167,0.165,20.0,22.222222222
0.944,0.673,0.193,0.0234,0.391,0.583,0.229,20.0,22.222222222
0.972,0.721,0.246,0.0117,0.428,0,0.106,20.0,22.222222222
0.694,0.706,0.218,0.129,0.372,0,0.255,20.0,22.222222222
0.667,0.714,0.281,0.14,0.463,0,0.0707,20.0,22.222222222
0.667,0.705,0.39,0.14,0.587,0,0.0844,20.0,22.222222222
0.667,0.685,0.484,0.14,0.656,0,0.149,20.0,22.222222222
0.667,0.61,0.262,0.269,0.359,0,0.0707,20.0,22.222222222
0.667,0.584,0.158,0.281,0.229,0,0.207,20.0,22.222222222
0.667,0.568,0.0776,0.281,0.132,0,0.0767,20.0,22.222222222
0.722,0.562,0.0337,0.316,0.0763,0,0.0776,20.0,22.222222222
1,0.562,0.0239,0.281,0.0631,0,0.0707,18.333333333,22.222222222
1,0.562,0.0173,0.281,0.0535,0,0.247,18.333333333,22.222222222
1,0.562,0.0156,0.281,0.0528,0,0.241,18.333333333,22.222222222
1,0.563,0.0162,0.409,0.0528,0,0,18.333333333,22.222222222
1,0.563,0.0162,0.421,0.0528,0,0,18.333333333,22.222222222
1,0.563,0.0162,0.421,0.0528,0,0,18.333333333,22.222222222
0.694,0.563,0.0162,0.421,0.0528,0,0,18.333333333,22.222222222
0.361,0.576,0.0276,0.363,0.109,0.417,0,18.333333333,22.222222222
0.333,0.593,0.0491,0.281,0.186,0.583,0.0353,18.333333333,22.222222222
0.472,0.605,0.0698,0.222,0.235,0,0.0353,20.0,22.222222222
0.667,0.622,0.101,0.14,0.299,0,0.106,20.0,22.222222222
0.667,0.622,0.107,0.14,0.29,0,0.0353,20.0,22.222222222
0.667,0.622,0.119,0.14,0.287,0,0,20.0,22.222222222
0.667,0.622,0.127,0.14,0.287,0,0.0707,20.0,22.222222222
0.667,0.641,0.141,0.14,0.291,0,0.106,20.0,22.222222222
0.889,0.707,0.226,0.0468,0.395,0,0.336,20.0,22.222222222
1,0.771,0.308,0,0.516,0,0.162,20.0,22.222222222
1,0.789,0.413,0,0.668,0.75,0.141,20.0,22.222222222
1,0.776,0.576,0,0.854,0,0,20.0,22.222222222
1,0.706,0.559,0.0936,0.755,0,0,20.0,22.222222222
1,0.61,0.262,0.269,0.359,0,0,20.0,22.222222222
1,0.576,0.102,0.339,0.159,0,0,20.0,22.222222222
1,0.563,0.0162,0.421,0.0528,0,0,20.0,22.222222222
1,0.563,0.0162,0.421,0.0528,0,0,20.0,22.222222222
1,0.563,0.0162,0.421,0.0528,0,0,18.333333333,22.222222222
1,0.563,0.0162,0.421,0.0528,0,0,18.333333333,22.222222222
1,0.563,0.0162,0.421,0.0528,0,0,18.333333333,22.222222222
1,0.563,0.0162,0.421,0.0528,0,0,18.333333333,22.222222222
1,0.563,0.0162,0.421,0.0528,0,0,18.333333333,22.222222222
1,0.567,0.0221,0.363,0.0943,0.25,0.283,18.333333333,22.222222222
0.944,0.592,0.0423,0.246,0.214,0,0.177,18.333333333,22.222222222
0.667,0.592,0.0431,0.281,0.187,0,0.141,18.333333333,22.222222222
0.667,0.593,0.0491,0.281,0.186,0,0.0707,18.333333333,22.222222222
0.528,0.58,0.0381,0.339,0.128,0,0.141,20.0,22.222222222
0.333,0.563,0.0162,0.421,0.0528,0,0,20.0,22.222222222
0.333,0.563,0.0162,0.421,0.0528,0,0,20.0,22.222222222
0.333,0.583,0.051,0.327,0.131,0,0.0353,20.0,22.222222222
0.333,0.593,0.0714,0.281,0.17,0,0.33,20.0,22.222222222
0.556,0.602,0.0785,0.281,0.172,0,0.464,20.0,22.222222222
0.667,0.667,0.167,0.152,0.299,0,0.452,20.0,22.222222222
0.667,0.702,0.211,0.14,0.361,0,0.329,20.0,22.222222222
0.583,0.695,0.247,0.175,0.411,0,0.197,20.0,22.222222222
0.667,0.705,0.39,0.14,0.587,0,0.187,20.0,22.222222222
0.667,0.685,0.484,0.14,0.656,0,0,20.0,22.222222222
0.889,0.672,0.618,0.0468,0.801,0,0.264,20.0,22.222222222
1,0.605,0.295,0.152,0.4,0,0.0923,20.0,22.222222222
1,0.567,0.0548,0.339,0.102,0,0.128,20.0,22.222222222
1,0.563,0.0162,0.421,0.0528,0,0,20.0,22.222222222
1,0.563,0.0162,0.421,0.0528,0,0,18.333333333,22.222222222
1,0.563,0.0162,0.421,0.0528,0,0,18.333333333,22.222222222
1,0.563,0.0162,0.421,0.0528,0,0,18.333333333,22.222222222
0.694,0.563,0.0162,0.421,0.0528,0,0,18.333333333,22.222222222
0.667,0.563,0.0162,0.421,0.0528,0,0,18.333333333,22.222222222
0.667,0.569,0.0256,0.327,0.119,0,0.247,18.333333333,22.222222222
0.889,0.602,0.0512,0.187,0.268,0,0.374,18.333333333,22.222222222
1,0.621,0.07,0.14,0.321,0,0.483,18.333333333,22.222222222
1,0.648,0.113,0.0117,0.441,0.75,0.38,18.333333333,22.222222222
0.694,0.624,0.0944,0.129,0.322,0,0,20.0,22.222222222
0.667,0.622,0.101,0.14,0.299,0.417,0.0707,20.0,22.222222222
0.667,0.622,0.107,0.14,0.29,0.583,0.0353,20.0,22.222222222
0.667,0.622,0.119,0.14,0.287,0,0.177,20.0,22.222222222
0.667,0.622,0.127,0.14,0.287,0.5,0.0353,20.0,22.222222222
0.667,0.641,0.141,0.14,0.291,0,0.0353,20.0,22.222222222
0.667,0.671,0.173,0.14,0.309,0,0.0353,20.0,22.222222222
0.667,0.702,0.211,0.14,0.361,0,0.0353,20.0,22.222222222
0.667,0.714,0.281,0.14,0.463,0,0.0353,20.0,22.222222222
0.667,0.705,0.39,0.14,0.587,0,0,20.0,22.222222222
0.528,0.66,0.385,0.199,0.529,0,0.175,20.0,22.222222222
0.639,0.624,0.355,0.211,0.473,0,0.141,20.0,22.222222222
0.722,0.57,0.0573,0.386,0.104,0,0,20.0,22.222222222
1,0.565,0.0274,0.409,0.0667,0,0,20.0,22.222222222
1,0.563,0.0183,0.421,0.0528,0,0,20.0,22.222222222
1,0.563,0.0185,0.421,0.0528,0,0,18.333333333,22.222222222
1,0.563,0.0185,0.421,0.0528,0,0,18.333333333,22.222222222
1,0.563,0.0185,0.421,0.0528,0,0,18.333333333,22.222222222
1,0.562,0.0196,0.292,0.0539,0,0.106,18.333333333,22.222222222
0.694,0.563,0.0186,0.409,0.0529,0,0,18.333333333,22.222222222
0.667,0.563,0.0185,0.421,0.0528,0,0,18.333333333,22.222222222
0.889,0.579,0.0336,0.327,0.14,0,0.159,18.333333333,22.222222222
0.694,0.592,0.0583,0.281,0.187,0,0.0567,18.333333333,22.222222222
0.667,0.597,0.0835,0.257,0.208,0,0.377,18.333333333,22.222222222
0.611,0.617,0.143,0.164,0.289,0,0.324,20.0,22.222222222
0.333,0.593,0.0941,0.281,0.176,0,0.188,20.0,22.222222222
0.0278,0.566,0.0249,0.409,0.063,0,0,20.0,22.222222222
0.139,0.576,0.0595,0.363,0.102,0,0.201,20.0,22.222222222
0.639,0.619,0.234,0.152,0.277,0,0.295,20.0,22.222222222
0.667,0.641,0.267,0.14,0.291,0,0.212,20.0,22.222222222
0.611,0.662,0.259,0.164,0.288,0,0.106,20.0,22.222222222
0.639,0.697,0.28,0.152,0.351,0.5,0.106,20.0,22.222222222
0.667,0.714,0.338,0.14,0.463,0,0.141,20.0,22.222222222
0.667,0.705,0.439,0.14,0.587,0,0,20.0,22.222222222
0.722,0.695,0.561,0.117,0.707,0,0.0353,20.0,22.222222222
1,0.654,0.529,0.117,0.664,0,0.108,20.0,22.222222222
1,0.584,0.171,0.281,0.229,0,0,20.0,22.222222222
1,0.568,0.0882,0.281,0.132,0,0.0353,20.0,22.222222222
1,0.564,0.0238,0.409,0.0587,0,0,20.0,22.222222222
1,0.563,0.0185,0.421,0.0528,0,0,18.333333333,22.222222222
1,0.563,0.0185,0.421,0.0528,0,0,18.333333333,22.222222222
1,0.563,0.0185,0.421,0.0528,0,0,18.333333333,22.222222222
1,0.563,0.0185,0.421,0.0528,0,0,18.333333333,22.222222222
1,0.563,0.0185,0.421,0.0528,0,0,18.333333333,22.222222222
1,0.563,0.0185,0.421,0.0528,0,0,18.333333333,22.222222222
1,0.607,0.06,0.164,0.293,0,0.193,18.333333333,22.222222222
0.806,0.63,0.112,0.0936,0.366,0,0.169,18.333333333,22.222222222
0.333,0.593,0.074,0.281,0.186,0,0.119,18.333333333,22.222222222
0.333,0.593,0.0863,0.281,0.182,0,0.6,20.0,22.222222222
0.333,0.593,0.0941,0.281,0.176,0,0.0759,20.0,22.222222222
0.194,0.58,0.066,0.339,0.122,0,0.149,20.0,22.222222222
0.306,0.59,0.109,0.292,0.16,0.5,0.177,20.0,22.222222222
0.333,0.593,0.13,0.281,0.17,0,0.353,20.0,22.222222222
0.167,0.582,0.08,0.351,0.112,0.417,0.0353,20.0,22.222222222
0.389,0.626,0.172,0.257,0.203,0.0833,0.141,20.0,22.222222222
0.667,0.702,0.291,0.14,0.361,0,0.212,20.0,22.222222222
0.833,0.752,0.419,0.0702,0.568,0,0.274,20.0,22.222222222
0.75,0.723,0.493,0.105,0.655,0,0.263,20.0,22.222222222
0.667,0.685,0.519,0.14,0.656,0,0.0353,20.0,22.222222222
0.667,0.646,0.489,0.14,0.615,0,0,20.0,22.222222222
0.5,0.57,0.0574,0.398,0.0993,0,0,20.0,22.222222222
0.667,0.563,0.0185,0.421,0.0528,0,0,20.0,22.222222222
0.667,0.563,0.0164,0.421,0.0528,0,0,20.0,22.222222222
0.806,0.563,0.0162,0.421,0.0528,0,0,18.333333333,22.222222222
1,0.563,0.0162,0.421,0.0528,0,0,18.333333333,22.222222222
1,0.563,0.0162,0.421,0.0528,0,0,18.333333333,22.222222222
0.694,0.563,0.0162,0.421,0.0528,0,0,18.333333333,22.222222222
0.667,0.563,0.0162,0.421,0.0528,0,0,18.333333333,22.222222222
0.667,0.571,0.0291,0.292,0.144,0,0.204,18.333333333,22.222222222
0.806,0.596,0.0459,0.222,0.236,0,0.111,18.333333333,22.222222222
0.861,0.635,0.0837,0.0702,0.388,0,0.137,18.333333333,22.222222222
0.667,0.622,0.082,0.14,0.319,0,0.177,18.333333333,22.222222222
0.667,0.622,0.0916,0.14,0.311,0,0.106,20.0,22.222222222
0.667,0.622,0.101,0.14,0.299,0,0,20.0,22.222222222
0.667,0.622,0.107,0.14,0.29,0,0.106,20.0,22.222222222
0.361,0.595,0.0716,0.269,0.18,0,0.141,20.0,22.222222222
0.333,0.593,0.0714,0.281,0.17,0,0.0707,20.0,22.222222222
0.556,0.628,0.12,0.187,0.252,0,0.318,20.0,22.222222222
0.667,0.671,0.173,0.14,0.309,0.25,0.0707,20.0,22.222222222
0.667,0.702,0.211,0.14,0.361,0,0,20.0,22.222222222
0.667,0.714,0.281,0.14,0.463,0,0.212,20.0,22.222222222
0.667,0.705,0.39,0.14,0.587,0,0.0707,20.0,22.222222222
0.667,0.685,0.484,0.14,0.656,0,0,20.0,22.222222222
0.667,0.593,0.168,0.327,0.243,0,0,20.0,22.222222222
0.667,0.563,0.0162,0.421,0.0528,0,0,20.0,22.222222222
0.667,0.563,0.0162,0.421,0.0528,0,0,20.0,22.222222222
0.667,0.563,0.0162,0.421,0.0528,0,0,20.0,22.222222222
0.667,0.563,0.0162,0.421,0.0528,0,0,18.333333333,22.222222222
0.972,0.562,0.0165,0.351,0.0528,0,0,18.333333333,22.222222222
1,0.563,0.0162,0.421,0.0528,0,0,18.333333333,22.222222222
1,0.563,0.0162,0.421,0.0528,0,0,18.333333333,22.222222222
1,0.563,0.0162,0.421,0.0528,0,0,18.333333333,22.222222222
1,0.571,0.0291,0.292,0.144,0,0.341,18.333333333,22.222222222
1,0.618,0.0655,0.0936,0.355,0.417,0.205,18.333333333,22.222222222
1,0.649,0.0969,0,0.455,0.0833,0.429,18.333333333,22.222222222
1,0.651,0.115,0,0.452,0,0.31,18.333333333,22.222222222
1,0.651,0.129,0,0.44,0.5,0.25,20.0,22.222222222
1,0.651,0.143,0,0.422,0,0.242,20.0,22.222222222
1,0.651,0.152,0,0.408,0,0.2,20.0,22.222222222
1,0.651,0.171,0,0.404,0,0.201,20.0,22.222222222
0.778,0.631,0.145,0.0936,0.326,0,0.212,20.0,22.222222222
0.667,0.641,0.141,0.14,0.291,0,0.247,20.0,22.222222222
0.667,0.671,0.173,0.14,0.309,0,0.212,20.0,22.222222222
0.667,0.702,0.211,0.14,0.361,0,0.0707,20.0,22.222222222
0.806,0.714,0.281,0.14,0.463,0,0,20.0,22.222222222
0.694,0.705,0.39,0.14,0.587,0,0.0353,20.0,22.222222222
0.667,0.685,0.484,0.14,0.656,0,0,20.0,22.222222222
0.667,0.646,0.468,0.14,0.615,0,0,20.0,22.222222222
0.667,0.579,0.121,0.327,0.183,0,0,20.0,22.222222222
0.667,0.563,0.0162,0.421,0.0528,0,0,20.0,22.222222222
0.667,0.563,0.0162,0.421,0.0528,0,0,20.0,22.222222222
0.667,0.563,0.0162,0.421,0.0528,0,0,18.333333333,22.222222222
0.972,0.563,0.0162,0.421,0.0528,0,0,18.333333333,22.222222222
1,0.563,0.0162,0.421,0.0528,0,0,18.333333333,22.222222222
0.694,0.563,0.0162,0.421,0.0528,0,0,18.333333333,22.222222222
0.667,0.563,0.0162,0.421,0.0528,0,0,18.333333333,22.222222222
0.667,0.563,0.0162,0.421,0.0528,0,0,18.333333333,22.222222222
0.667,0.585,0.0358,0.292,0.173,0,0.0353,18.333333333,22.222222222
0.667,0.619,0.0682,0.152,0.31,0,0.0353,18.333333333,22.222222222
0.667,0.622,0.082,0.14,0.319,0,0.247,18.333333333,22.222222222
0.667,0.622,0.0916,0.14,0.311,0,0.0707,20.0,22.222222222
0.361,0.595,0.0618,0.269,0.187,0,0.106,20.0,22.222222222
0.333,0.593,0.0615,0.281,0.171,0,0.106,20.0,22.222222222
0.333,0.593,0.0678,0.281,0.17,0,0,20.0,22.222222222
0.611,0.617,0.118,0.164,0.267,0,0.106,20.0,22.222222222
1,0.679,0.203,0,0.411,0,0.106,20.0,22.222222222
1,0.724,0.251,0,0.438,0,0,20.0,22.222222222
1,0.771,0.308,0,0.516,0,0,20.0,22.222222222
0.694,0.72,0.289,0.129,0.476,0,0.0353,20.0,22.222222222
0.611,0.693,0.358,0.164,0.542,0,0.177,20.0,22.222222222
0.556,0.664,0.408,0.187,0.557,0,0,20.0,22.222222222
0.667,0.646,0.468,0.14,0.615,0,0.247,20.0,22.222222222
0.667,0.604,0.299,0.14,0.405,0,0.0353,20.0,22.222222222
0.833,0.571,0.121,0.187,0.187,0,0,20.0,22.222222222
0.667,0.563,0.0162,0.421,0.0528,0,0,20.0,22.222222222
0.972,0.563,0.0162,0.421,0.0528,0,0,18.333333333,22.222222222
1,0.563,0.0162,0.421,0.0528,0,0,18.333333333,22.222222222
1,0.563,0.0162,0.421,0.0528,0,0,18.333333333,22.222222222
1,0.563,0.0162,0.421,0.0528,0,0,18.333333333,22.222222222
1,0.563,0.0162,0.421,0.0528,0,0,18.333333333,22.222222222
1,0.567,0.0221,0.363,0.0943,0,0.163,18.333333333,22.222222222
1,0.608,0.0566,0.152,0.301,0,0.363,18.333333333,22.222222222
1,0.647,0.0951,0.0117,0.444,0,0.291,18.333333333,22.222222222
0.778,0.631,0.0927,0.0936,0.364,0,0.0707,18.333333333,22.222222222
0.667,0.622,0.0916,0.14,0.311,0,0.141,20.0,22.222222222
0.667,0.622,0.101,0.14,0.299,0,0.177,20.0,22.222222222
0.806,0.634,0.126,0.0819,0.339,0,0.0353,20.0,22.222222222
1,0.651,0.171,0,0.404,0,0.0353,20.0,22.222222222
0.694,0.624,0.131,0.129,0.297,0,0.141,20.0,22.222222222
0.667,0.641,0.141,0.14,0.291,0,0.0353,20.0,22.222222222
0.667,0.671,0.173,0.14,0.309,0.5,0,20.0,22.222222222
0.583,0.684,0.186,0.175,0.322,0,0.13,20.0,22.222222222
0.667,0.714,0.281,0.14,0.463,0,0.333,20.0,22.222222222
0.667,0.705,0.39,0.14,0.587,0,0.212,20.0,22.222222222
0.667,0.685,0.484,0.14,0.656,0,0.0353,20.0,22.222222222
0.667,0.629,0.374,0.199,0.499,0,0,20.0,22.222222222
0.667,0.567,0.035,0.409,0.0761,0,0,20.0,22.222222222
0.889,0.565,0.0436,0.351,0.0883,0,0.0353,20.0,22.222222222
1,0.563,0.0162,0.421,0.0528,0,0,20.0,22.222222222
1,0.563,0.0162,0.421,0.0528,0,0,18.333333333,22.222222222
1,0.563,0.0162,0.421,0.0528,0,0,18.333333333,22.222222222
1,0.563,0.0162,0.421,0.0528,0,0,18.333333333,22.222222222
1,0.562,0.018,0.292,0.0539,0,0.212,18.333333333,22.222222222
1,0.562,0.0225,0.281,0.0826,0,0.141,18.333333333,22.222222222
1,0.571,0.0296,0.281,0.147,0,0.389,18.333333333,22.222222222
0.639,0.582,0.0334,0.304,0.159,0,0.0353,18.333333333,22.222222222
0.556,0.595,0.0459,0.269,0.198,0,0.154,18.333333333,22.222222222
0.972,0.648,0.113,0.0117,0.441,0,0.299,18.333333333,22.222222222
0.75,0.629,0.101,0.105,0.343,0,0.125,20.0,22.222222222
1,0.651,0.143,0,0.422,0.417,0,20.0,22.222222222
1,0.651,0.152,0,0.408,0.0833,0.0707,20.0,22.222222222
0.944,0.646,0.162,0.0234,0.384,0,0.0707,20.0,22.222222222
0.667,0.622,0.127,0.14,0.287,0.167,0.177,20.0,22.222222222
0.667,0.641,0.141,0.14,0.291,0.0833,0.177,20.0,22.222222222
0.667,0.671,0.173,0.14,0.309,0,0.0353,20.0,22.222222222
0.611,0.69,0.195,0.164,0.335,0,0.0707,20.0,22.222222222
0.333,0.639,0.148,0.281,0.258,0,0.0707,20.0,22.222222222
0.167,0.599,0.107,0.351,0.184,0,0,20.0,22.222222222
0.611,0.634,0.29,0.257,0.405,0,0.127,20.0,22.222222222
1,0.61,0.262,0.269,0.359,0,0.0353,20.0,22.222222222
1,0.575,0.0907,0.351,0.146,0,0,20.0,22.222222222
1,0.565,0.0274,0.409,0.0667,0,0,20.0,22.222222222
1,0.563,0.0183,0.421,0.0528,0,0,20.0,22.222222222
1,0.563,0.0185,0.421,0.0528,0,0,18.333333333,22.222222222
1,0.563,0.0185,0.421,0.0528,0,0,18.333333333,22.222222222
1,0.563,0.0185,0.421,0.0528,0,0,18.333333333,22.222222222
1,0.563,0.0185,0.421,0.0528,0,0,18.333333333,22.222222222
1,0.563,0.0185,0.421,0.0528,0,0,18.333333333,22.222222222
1,0.563,0.0185,0.421,0.0528,0,0,18.333333333,22.222222222
0.694,0.563,0.0185,0.421,0.0528,0,0,18.333333333,22.222222222
0.667,0.59,0.0564,0.292,0.176,0.5,0.106,18.333333333,22.222222222
0.667,0.593,0.074,0.281,0.186,0,0.0707,18.333333333,22.222222222
0.667,0.593,0.0863,0.281,0.182,0,0.258,20.0,22.222222222
0.361,0.566,0.0243,0.409,0.0635,0,0.0677,20.0,22.222222222
0.333,0.563,0.0185,0.421,0.0528,0,0,20.0,22.222222222
0.333,0.563,0.0185,0.421,0.0528,0,0,20.0,22.222222222
0.333,0.563,0.0185,0.421,0.0528,0,0,20.0,22.222222222
0.333,0.6,0.133,0.292,0.162,0,0.318,20.0,22.222222222
0.333,0.603,0.117,0.316,0.149,0,0.106,20.0,22.222222222
0.472,0.662,0.211,0.222,0.272,0.75,0.424,20.0,22.222222222
0.667,0.714,0.338,0.14,0.463,0.417,0.212,20.0,22.222222222
0.667,0.705,0.439,0.14,0.587,0.0833,0.0353,20.0,22.222222222
0.667,0.685,0.519,0.14,0.656,0,0.106,20.0,22.222222222
0.667,0.646,0.489,0.14,0.615,0,0,20.0,22.222222222
0.667,0.604,0.323,0.14,0.405,0,0.0485,20.0,22.222222222
0.722,0.57,0.111,0.246,0.158,0,0.113,20.0,22.222222222
1,0.564,0.029,0.398,0.0646,0,0,20.0,22.222222222
1,0.563,0.0185,0.421,0.0528,0,0,18.333333333,22.222222222
1,0.563,0.0185,0.421,0.0528,0,0,18.333333333,22.222222222
1,0.563,0.0185,0.421,0.0528,0,0,18.333333333,22.222222222
1,0.563,0.0185,0.421,0.0528,0,0,18.333333333,22.222222222
1,0.563,0.0185,0.421,0.0528,0,0,18.333333333,22.222222222
1,0.567,0.0227,0.363,0.0943,0,0.344,18.333333333,22.222222222
0.861,0.576,0.0307,0.339,0.127,0,0.0834,18.333333333,22.222222222
0.889,0.583,0.0461,0.327,0.142,0,0.0353,18.333333333,22.222222222
1,0.593,0.074,0.281,0.186,0,0.141,18.333333333,22.222222222
0.639,0.588,0.0749,0.304,0.16,0,0.141,20.0,22.222222222
0.333,0.563,0.0185,0.421,0.0528,0,0,20.0,22.222222222
0.0278,0.563,0.0185,0.421,0.0528,0,0,20.0,22.222222222
0,0.563,0.0185,0.421,0.0528,0,0,20.0,22.222222222
0,0.563,0.0185,0.421,0.0528,0,0,20.0,22.222222222
0,0.563,0.0185,0.421,0.0528,0,0,20.0,22.222222222
0.139,0.586,0.0734,0.363,0.107,0,0.106,20.0,22.222222222
0.556,0.679,0.245,0.187,0.311,0.667,0.177,20.0,22.222222222
0.722,0.726,0.365,0.117,0.498,0.0833,0.247,20.0,22.222222222
1,0.776,0.649,0,0.854,0,0.272,20.0,22.222222222
1,0.746,0.769,0,0.958,0,0.0353,20.0,22.222222222
1,0.687,0.724,0,0.896,0,0,20.0,22.222222222
1,0.608,0.343,0.129,0.428,0,0.0707,20.0,22.222222222
1,0.573,0.158,0.14,0.211,0,0.284,20.0,22.222222222
1,0.562,0.0446,0.269,0.0888,0,0,20.0,22.222222222
1,0.563,0.0178,0.409,0.055,0,0,18.333333333,22.222222222
1,0.563,0.0162,0.421,0.0528,0,0,18.333333333,22.222222222
1,0.563,0.0162,0.421,0.0528,0,0,18.333333333,22.222222222
1,0.563,0.0162,0.421,0.0528,0,0,18.333333333,22.222222222
1,0.563,0.0162,0.421,0.0528,0,0,18.333333333,22.222222222
1,0.567,0.0221,0.363,0.0943,0,0.246,18.333333333,22.222222222
1,0.586,0.037,0.281,0.181,0.25,0.216,18.333333333,22.222222222
0.694,0.592,0.0431,0.281,0.187,0,0.106,18.333333333,22.222222222
0.667,0.593,0.0491,0.281,0.186,0,0.0353,18.333333333,22.222222222
0.667,0.605,0.0698,0.222,0.235,0,0.177,20.0,22.222222222
0.667,0.622,0.101,0.14,0.299,0,0.0707,20.0,22.222222222
0.667,0.622,0.107,0.14,0.29,0,0.247,20.0,22.222222222
0.667,0.622,0.119,0.14,0.287,0,0.141,20.0,22.222222222
0.667,0.622,0.127,0.14,0.287,0,0.0707,20.0,22.222222222
0.667,0.641,0.141,0.14,0.291,0,0,20.0,22.222222222
0.667,0.671,0.173,0.14,0.309,0,0,20.0,22.222222222
0.667,0.702,0.211,0.14,0.361,0,0.106,20.0,22.222222222
0.667,0.714,0.281,0.14,0.463,0.917,0.0707,20.0,22.222222222
0.667,0.705,0.39,0.14,0.587,0.0833,0.0353,20.0,22.222222222
0.972,0.685,0.484,0.14,0.656,0,0.0353,20.0,22.222222222
1,0.646,0.468,0.14,0.615,0,0,20.0,22.222222222
1,0.604,0.299,0.14,0.405,0,0,20.0,22.222222222
1,0.568,0.0659,0.327,0.116,0,0,20.0,22.222222222
1,0.563,0.0162,0.421,0.0528,0,0,20.0,22.222222222
1,0.563,0.0162,0.421,0.0528,0,0,18.333333333,22.222222222
1,0.563,0.0162,0.421,0.0528,0,0,18.333333333,22.222222222
1,0.563,0.0162,0.421,0.0528,0,0,18.333333333,22.222222222
1,0.563,0.0162,0.421,0.0528,0,0,18.333333333,22.222222222
1,0.563,0.019,0.363,0.0663,0,0.226,18.333333333,22.222222222
0.861,0.571,0.0296,0.281,0.147,0,0.163,18.333333333,22.222222222
0.667,0.608,0.0566,0.152,0.301,0,0.0707,18.333333333,22.222222222
0.667,0.621,0.07,0.14,0.321,0,0.106,18.333333333,22.222222222
0.667,0.609,0.0681,0.199,0.264,0,0,18.333333333,22.222222222
0.667,0.593,0.0539,0.281,0.182,0,0.0353,20.0,22.222222222
0.75,0.612,0.0871,0.187,0.258,0,0.106,20.0,22.222222222
0.667,0.622,0.107,0.14,0.29,0.25,0.212,20.0,22.222222222
0.667,0.622,0.119,0.14,0.287,0,0.0707,20.0,22.222222222
0.722,0.626,0.136,0.117,0.306,0,0.141,20.0,22.222222222
0.778,0.653,0.161,0.0936,0.331,0,0.247,20.0,22.222222222
0.361,0.62,0.0997,0.269,0.191,0,0.0707,20.0,22.222222222
0.333,0.633,0.114,0.281,0.207,0,0.0707,20.0,22.222222222
0.472,0.67,0.205,0.222,0.345,0,0.106,20.0,22.222222222
0.667,0.705,0.39,0.14,0.587,0,0.212,20.0,22.222222222
0.667,0.685,0.484,0.14,0.656,0,0,20.0,22.222222222
0.667,0.646,0.468,0.14,0.615,0,0.089,20.0,22.222222222
0.889,0.587,0.176,0.269,0.252,0,0.23,20.0,22.222222222
1,0.566,0.0411,0.374,0.0845,0,0,20.0,22.222222222
1,0.563,0.0162,0.421,0.0528,0,0,20.0,22.222222222
1,0.563,0.0162,0.421,0.0528,0,0,18.333333333,22.222222222
1,0.563,0.0162,0.421,0.0528,0,0,18.333333333,22.222222222
1,0.563,0.0162,0.421,0.0528,0,0,18.333333333,22.222222222
0.694,0.563,0.0162,0.421,0.0528,0,0,18.333333333,22.222222222
0.667,0.563,0.019,0.363,0.0663,0,0.201,18.333333333,22.222222222
0.667,0.575,0.0354,0.222,0.188,0,0.0707,18.333333333,22.222222222
0.667,0.593,0.0435,0.234,0.222,0,0.0353,18.333333333,22.222222222
0.667,0.592,0.0431,0.281,0.187,0,0.0353,18.333333333,22.222222222
0.667,0.593,0.0491,0.281,0.186,0,0,18.333333333,22.222222222
0.667,0.593,0.0539,0.281,0.182,0,0.106,20.0,22.222222222
0.667,0.619,0.0978,0.152,0.288,0,0.0707,20.0,22.222222222
0.667,0.622,0.107,0.14,0.29,0,0.0353,20.0,22.222222222
0.667,0.622,0.119,0.14,0.287,0,0.222,20.0,22.222222222
0.611,0.617,0.117,0.164,0.267,0,0.336,20.0,22.222222222
0.333,0.586,0.0523,0.339,0.122,0,0.0707,20.0,22.222222222
0.333,0.563,0.0162,0.421,0.0528,0,0,20.0,22.222222222
0.639,0.675,0.173,0.199,0.301,0.75,0.0353,20.0,22.222222222
0.667,0.714,0.281,0.14,0.463,0,0.247,20.0,22.222222222
0.667,0.705,0.39,0.14,0.587,0,0,20.0,22.222222222
0.667,0.63,0.266,0.269,0.377,0,0.177,20.0,22.222222222
0.667,0.605,0.242,0.281,0.334,0,0,20.0,22.222222222
0.583,0.576,0.102,0.339,0.159,0,0.0738,20.0,22.222222222
0.806,0.565,0.0391,0.363,0.0824,0,0,20.0,22.222222222
1,0.562,0.0385,0.281,0.0829,0,0,20.0,22.222222222
1,0.563,0.0178,0.409,0.055,0,0,18.333333333,22.222222222
1,0.563,0.0162,0.421,0.0528,0,0,18.333333333,22.222222222
1,0.563,0.0162,0.421,0.0528,0,0,18.333333333,22.222222222
1,0.562,0.018,0.292,0.0539,0.917,0.0707,18.333333333,22.222222222
1,0.562,0.0225,0.281,0.0826,0.333,0.177,18.333333333,22.222222222
0.694,0.563,0.0168,0.409,0.0555,0,0,18.333333333,22.222222222
0.667,0.577,0.0287,0.339,0.129,0,0.137,18.333333333,22.222222222
0.528,0.609,0.0586,0.199,0.265,0,0.172,18.333333333,22.222222222
0.389,0.59,0.0463,0.292,0.175,0,0.214,18.333333333,22.222222222
0.667,0.622,0.0916,0.14,0.311,0,0,20.0,22.222222222
0.306,0.59,0.0547,0.292,0.166,0,0,20.0,22.222222222
0.306,0.59,0.0579,0.292,0.161,0,0,20.0,22.222222222
0.389,0.597,0.0765,0.257,0.189,0.167,0.141,20.0,22.222222222
0.667,0.622,0.127,0.14,0.287,0.333,0.0353,20.0,22.222222222
0.667,0.641,0.141,0.14,0.291,0,0.141,20.0,22.222222222
0.667,0.671,0.173,0.14,0.309,0,0.212,20.0,22.222222222
0.667,0.702,0.211,0.14,0.361,0,0.0707,20.0,22.222222222
0.667,0.714,0.281,0.14,0.463,0,0,20.0,22.222222222
0.833,0.74,0.485,0.0702,0.723,0,0.106,20.0,22.222222222
0.806,0.685,0.484,0.14,0.656,0,0.318,20.0,22.222222222
1,0.646,0.468,0.14,0.615,0,0,20.0,22.222222222
1,0.597,0.243,0.199,0.335,0,0,20.0,22.222222222
1,0.568,0.0776,0.281,0.132,0,0.116,20.0,22.222222222
1,0.562,0.0385,0.281,0.0829,0,0.135,20.0,22.222222222
1,0.562,0.0228,0.304,0.0616,0,0.0843,18.333333333,22.222222222
1,0.563,0.0165,0.363,0.0528,0,0.0353,18.333333333,22.222222222
1,0.563,0.0161,0.386,0.0528,0,0.0353,18.333333333,22.222222222
1,0.563,0.0162,0.409,0.0528,0,0,18.333333333,22.222222222
1,0.563,0.0162,0.421,0.0528,0,0,18.333333333,22.222222222
1,0.563,0.0162,0.421,0.0528,0,0,18.333333333,22.222222222
1,0.585,0.0358,0.292,0.173,0,0.23,18.333333333,22.222222222
1,0.619,0.0682,0.152,0.31,0,0.285,18.333333333,22.222222222
1,0.622,0.082,0.14,0.319,0,0.168,18.333333333,22.222222222
0.944,0.643,0.12,0.0351,0.407,0.5,0.222,20.0,22.222222222
0.528,0.583,0.044,0.327,0.136,0,0.0353,20.0,22.222222222
0.861,0.609,0.0882,0.199,0.24,0,0.106,20.0,22.222222222
1,0.648,0.167,0.0117,0.394,0.5,0.247,20.0,22.222222222
0.611,0.617,0.117,0.164,0.267,0,0.424,20.0,22.222222222
0.361,0.604,0.0831,0.269,0.182,0,0.424,20.0,22.222222222
0.333,0.617,0.0944,0.281,0.181,0.167,0.0353,20.0,22.222222222
0.333,0.633,0.114,0.281,0.207,0.583,0,20.0,22.222222222
0.333,0.639,0.148,0.281,0.258,0,0.0707,20.0,22.222222222
0.333,0.634,0.203,0.281,0.32,0,0.0353,20.0,22.222222222
0.556,0.664,0.408,0.187,0.557,0,0.212,20.0,22.222222222
0.889,0.636,0.412,0.175,0.545,0,0.133,20.0,22.222222222
1,0.597,0.243,0.199,0.335,0,0.06,20.0,22.222222222
1,0.568,0.0776,0.281,0.132,0,0,20.0,22.222222222
1,0.563,0.0345,0.339,0.0719,0,0.0353,20.0,22.222222222
1,0.563,0.0185,0.421,0.0528,0,0,18.333333333,22.222222222
1,0.563,0.0185,0.421,0.0528,0,0,18.333333333,22.222222222
1,0.563,0.0185,0.421,0.0528,0,0,18.333333333,22.222222222
1,0.563,0.0185,0.421,0.0528,0,0,18.333333333,22.222222222
0.861,0.563,0.0185,0.421,0.0528,0,0,18.333333333,22.222222222
0.667,0.563,0.0185,0.421,0.0528,0,0,18.333333333,22.222222222
0.222,0.563,0.0185,0.421,0.0528,0,0,18.333333333,22.222222222
0,0.563,0.0185,0.421,0.0528,0,0,18.333333333,22.222222222
0,0.563,0.0185,0.421,0.0528,0,0,18.333333333,22.222222222
0,0.563,0.0185,0.421,0.0528,0,0,20.0,22.222222222
0.167,0.578,0.0566,0.351,0.114,0,0.247,20.0,22.222222222
0,0.563,0.0185,0.421,0.0528,0,0,20.0,22.222222222
0,0.563,0.0185,0.421,0.0528,0,0,20.0,22.222222222
0,0.563,0.0185,0.421,0.0528,0,0,20.0,22.222222222
0,0.563,0.0185,0.421,0.0528,0,0,20.0,22.222222222
0.306,0.614,0.139,0.292,0.171,0,0.459,20.0,22.222222222
0.333,0.633,0.155,0.281,0.207,0,0.141,20.0,22.222222222
0.556,0.689,0.286,0.187,0.398,0,0.141,20.0,22.222222222
0.667,0.705,0.439,0.14,0.587,0.5,0,20.0,22.222222222
0.667,0.685,0.519,0.14,0.656,0,0.177,20.0,22.222222222
0.667,0.629,0.392,0.199,0.499,0,0,20.0,22.222222222
0.667,0.584,0.171,0.281,0.229,0,0,20.0,22.222222222
0.667,0.568,0.0882,0.281,0.132,0,0.106,20.0,22.222222222
0.667,0.562,0.0451,0.281,0.0829,0,0,20.0,22.222222222
0.806,0.562,0.024,0.351,0.0587,0,0.096,18.333333333,22.222222222
1,0.563,0.0192,0.409,0.0535,0,0,18.333333333,22.222222222
1,0.563,0.0185,0.421,0.0528,0,0,18.333333333,22.222222222
1,0.563,0.0185,0.421,0.0528,0,0,18.333333333,22.222222222
1,0.563,0.0185,0.421,0.0528,0,0,18.333333333,22.222222222
1,0.563,0.0185,0.421,0.0528,0,0,18.333333333,22.222222222
1,0.573,0.0279,0.363,0.107,0,0.0904,18.333333333,22.222222222
0.861,0.607,0.079,0.211,0.254,0,0.271,18.333333333,22.222222222
0.667,0.593,0.074,0.281,0.186,0,0.177,18.333333333,22.222222222
0.361,0.566,0.0233,0.409,0.0639,0,0,20.0,22.222222222
0.333,0.563,0.0185,0.421,0.0528,0,0,20.0,22.222222222
0.333,0.563,0.0185,0.421,0.0528,0,0,20.0,22.222222222
0.333,0.563,0.0185,0.421,0.0528,0,0,20.0,22.222222222
0.472,0.576,0.0656,0.363,0.102,0,0.124,20.0,22.222222222
0.667,0.602,0.143,0.281,0.172,0,0.523,20.0,22.222222222
0.917,0.658,0.248,0.175,0.278,0,0.218,20.0,22.222222222
0.667,0.633,0.155,0.281,0.207,0,0.283,20.0,22.222222222
0.667,0.67,0.246,0.222,0.345,0.417,0.106,20.0,22.222222222
0.667,0.705,0.439,0.14,0.587,0.0833,0.283,20.0,22.222222222
0.667,0.685,0.519,0.14,0.656,0,0,20.0,22.222222222
0.667,0.619,0.333,0.234,0.429,0,0.177,20.0,22.222222222
0.889,0.576,0.111,0.339,0.159,0,0,20.0,22.222222222
1,0.563,0.0185,0.421,0.0528,0,0,20.0,22.222222222
1,0.563,0.0164,0.421,0.0528,0,0,20.0,22.222222222
1,0.563,0.0162,0.421,0.0528,0,0,18.333333333,22.222222222
1,0.563,0.0162,0.421,0.0528,0,0,18.333333333,22.222222222
1,0.563,0.0162,0.421,0.0528,0,0,18.333333333,22.222222222
1,0.563,0.0162,0.421,0.0528,0,0,18.333333333,22.222222222
1,0.563,0.0162,0.421,0.0528,0,0,18.333333333,22.222222222
0.861,0.568,0.0232,0.351,0.103,0,0.0707,18.333333333,22.222222222
0.667,0.563,0.0162,0.421,0.0528,0,0,18.333333333,22.222222222
0.667,0.617,0.0664,0.164,0.299,0,0.246,18.333333333,22.222222222
0.667,0.622,0.082,0.14,0.319,0,0.225,18.333333333,22.222222222
0.667,0.622,0.0916,0.14,0.311,0,0.24,20.0,22.222222222
0.667,0.622,0.101,0.14,0.299,0,0.141,20.0,22.222222222
0.528,0.609,0.0878,0.199,0.241,0,0.283,20.0,22.222222222
0.556,0.612,0.103,0.187,0.248,0,0.0353,20.0,22.222222222
0.667,0.622,0.127,0.14,0.287,0,0,20.0,22.222222222
0.667,0.641,0.141,0.14,0.291,0,0.0707,20.0,22.222222222
0.889,0.707,0.226,0.0468,0.395,0,0.106,20.0,22.222222222
0.75,0.718,0.234,0.105,0.398,0.25,0.0353,20.0,22.222222222
0.639,0.707,0.266,0.152,0.441,0,0.177,20.0,22.222222222
0.389,0.646,0.235,0.257,0.365,0,0,20.0,22.222222222
0.667,0.685,0.484,0.14,0.656,0,0.0353,20.0,22.222222222
0.667,0.646,0.468,0.14,0.615,0,0,20.0,22.222222222
0.806,0.612,0.355,0.0819,0.474,0,0.142,20.0,22.222222222
1,0.571,0.0999,0.257,0.16,0,0.24,20.0,22.222222222
1,0.563,0.0305,0.339,0.0719,0,0,20.0,22.222222222
1,0.563,0.0162,0.421,0.0528,0,0,18.333333333,22.222222222
1,0.563,0.0162,0.421,0.0528,0,0,18.333333333,22.222222222
1,0.563,0.0162,0.421,0.0528,0,0,18.333333333,22.222222222
1,0.563,0.0162,0.421,0.0528,0,0,18.333333333,22.222222222
1,0.563,0.0162,0.421,0.0528,0,0,18.333333333,22.222222222
0.694,0.567,0.0221,0.363,0.0943,0.25,0.0353,18.333333333,22.222222222
0.667,0.608,0.0566,0.152,0.301,0,0.341,18.333333333,22.222222222
0.528,0.609,0.0586,0.199,0.265,0,0.309,18.333333333,22.222222222
0.556,0.612,0.0714,0.187,0.275,0,0.136,18.333333333,22.222222222
0.667,0.622,0.0916,0.14,0.311,0,0.454,20.0,22.222222222
0.667,0.622,0.101,0.14,0.299,0,0.0707,20.0,22.222222222
0.667,0.622,0.107,0.14,0.29,0,0,20.0,22.222222222
0.667,0.622,0.119,0.14,0.287,0,0.212,20.0,22.222222222
0.667,0.622,0.127,0.14,0.287,0,0.106,20.0,22.222222222
0.667,0.641,0.141,0.14,0.291,0,0.141,20.0,22.222222222
0.667,0.671,0.173,0.14,0.309,0.25,0.177,20.0,22.222222222
0.667,0.702,0.211,0.14,0.361,0,0,20.0,22.222222222
0.667,0.714,0.281,0.14,0.463,0.417,0.0353,20.0,22.222222222
0.667,0.705,0.39,0.14,0.587,0.0833,0.0353,20.0,22.222222222
0.667,0.685,0.484,0.14,0.656,0,0.0707,20.0,22.222222222
0.667,0.646,0.468,0.14,0.615,0,0,20.0,22.222222222
0.667,0.592,0.21,0.234,0.294,0,0,20.0,22.222222222
0.667,0.566,0.0411,0.374,0.0845,0,0,20.0,22.222222222
0.889,0.563,0.0211,0.386,0.0594,0,0,20.0,22.222222222
1,0.563,0.0162,0.421,0.0528,0,0,18.333333333,22.222222222
1,0.563,0.0162,0.421,0.0528,0,0,18.333333333,22.222222222
1,0.563,0.0162,0.421,0.0528,0,0,18.333333333,22.222222222
1,0.563,0.0162,0.421,0.0528,0,0,18.333333333,22.222222222
1,0.563,0.0162,0.421,0.0528,0,0,18.333333333,22.222222222
1,0.585,0.0512,0.0702,0.302,0.417,0.148,18.333333333,22.222222222
1,0.631,0.0785,0,0.437,0.0833,0.371,18.333333333,22.222222222
1,0.649,0.0969,0,0.455,0,0.183,18.333333333,22.222222222
0.778,0.631,0.0927,0.0936,0.364,0,0.258,18.333333333,22.222222222
0.972,0.648,0.127,0.0117,0.429,0,0.387,20.0,22.222222222
1,0.651,0.143,0,0.422,0,0.293,20.0,22.222222222
1,0.651,0.152,0,0.408,0,0.288,20.0,22.222222222
1,0.651,0.171,0,0.404,0,0.284,20.0,22.222222222
1,0.651,0.182,0,0.404,0,0.459,20.0,22.222222222
0.861,0.663,0.177,0.0585,0.361,0,0.162,20.0,22.222222222
0.667,0.671,0.173,0.14,0.309,0.167,0.0353,20.0,22.222222222
0.667,0.702,0.211,0.14,0.361,0.0833,0.0707,20.0,22.222222222
0.667,0.714,0.281,0.14,0.463,0,0.247,20.0,22.222222222
0.833,0.74,0.485,0.0702,0.723,0,0.0707,20.0,22.222222222
0.667,0.685,0.484,0.14,0.656,0,0,20.0,22.222222222
0.972,0.639,0.431,0.164,0.569,0,0,20.0,22.222222222
1,0.581,0.135,0.304,0.201,0,0,20.0,22.222222222
1,0.563,0.0162,0.421,0.0528,0,0,20.0,22.222222222
1,0.563,0.0162,0.421,0.0528,0,0,20.0,22.222222222
1,0.563,0.0162,0.421,0.0528,0,0,18.333333333,22.222222222
1,0.563,0.0162,0.421,0.0528,0,0,18.333333333,22.222222222
1,0.563,0.0161,0.398,0.0528,0,0.141,18.333333333,22.222222222
0.694,0.563,0.0162,0.409,0.0528,0,0,18.333333333,22.222222222
0.722,0.563,0.0173,0.398,0.0585,0,0,18.333333333,22.222222222
1,0.57,0.0295,0.281,0.151,0,0.0353,18.333333333,22.222222222
1,0.585,0.0368,0.281,0.186,0,0.0353,18.333333333,22.222222222
0.778,0.599,0.0496,0.246,0.231,0,0.0353,18.333333333,22.222222222
0.667,0.592,0.0488,0.281,0.197,0,0.0353,18.333333333,22.222222222
0.667,0.592,0.0536,0.281,0.193,0,0.106,20.0,22.222222222
0.583,0.611,0.0865,0.187,0.276,0,0.318,20.0,22.222222222
0.667,0.62,0.106,0.14,0.312,0,0.212,20.0,22.222222222
0.667,0.62,0.119,0.14,0.309,0,0.177,20.0,22.222222222
0.667,0.62,0.126,0.14,0.317,0.167,0.0353,20.0,22.222222222
0.667,0.639,0.14,0.14,0.359,0.1,0,20.0,22.222222222
0.667,0.669,0.171,0.14,0.45,0,0.0353,20.0,22.222222222
0.722,0.712,0.226,0.117,0.629,0,0.177,20.0,22.222222222
0.944,0.774,0.387,0.0234,0.947,0,0.16,20.0,22.222222222
0.667,0.704,0.387,0.14,0.669,0,0.191,20.0,22.222222222
0.667,0.684,0.48,0.14,0.553,0,0.149,20.0,22.222222222
0.667,0.628,0.371,0.199,0.35,0.533,0,20.0,22.222222222
0.667,0.583,0.156,0.281,0.211,0,0,20.0,22.222222222
0.667,0.567,0.0771,0.281,0.131,0,0,20.0,22.222222222
0.667,0.561,0.0383,0.281,0.0829,0,0.146,20.0,22.222222222
0.667,0.563,0.0178,0.409,0.055,0,0,18.333333333,22.222222222
0.667,0.563,0.0162,0.421,0.0528,0,0,18.333333333,22.222222222
0.667,0.563,0.0162,0.421,0.0528,0,0,18.333333333,22.222222222
0.972,0.563,0.0162,0.421,0.0528,0,0,18.333333333,22.222222222
1,0.563,0.0162,0.421,0.0528,0,0,18.333333333,22.222222222
1,0.563,0.0162,0.421,0.0528,0,0,18.333333333,22.222222222
1,0.563,0.0162,0.421,0.0528,0,0,18.333333333,22.222222222
1,0.642,0.0908,0.0351,0.446,0,0.281,18.333333333,22.222222222
1,0.649,0.114,0,0.486,0,0.269,18.333333333,22.222222222
0.694,0.623,0.0937,0.129,0.346,0,0.212,20.0,22.222222222
0.972,0.646,0.139,0.0117,0.444,0,0.177,20.0,22.222222222
1,0.649,0.151,0,0.442,0.267,0.0353,20.0,22.222222222
1,0.649,0.17,0,0.437,0,0.141,20.0,22.222222222
1,0.649,0.18,0,0.449,0.817,0.0707,20.0,22.222222222
1,0.677,0.201,0,0.513,0,0.0353,20.0,22.222222222
0.917,0.709,0.229,0.0351,0.599,0,0.309,20.0,22.222222222
1,0.768,0.306,0,0.85,0.267,0.231,20.0,22.222222222
1,0.786,0.409,0,1,0,0.0353,20.0,22.222222222
0.694,0.71,0.398,0.129,0.696,0,0,20.0,22.222222222
0.667,0.684,0.48,0.14,0.553,0,0,20.0,22.222222222
0.667,0.644,0.464,0.14,0.426,0,0.0986,20.0,22.222222222
0.667,0.596,0.241,0.199,0.304,0,0,20.0,22.222222222
0.806,0.567,0.0635,0.316,0.113,0,0.0791,20.0,22.222222222
1,0.562,0.032,0.339,0.0682,0,0,20.0,22.222222222
1,0.563,0.0185,0.421,0.0528,0,0,18.333333333,22.222222222
1,0.563,0.0185,0.421,0.0528,0,0,18.333333333,22.222222222
1,0.563,0.0185,0.421,0.0528,0,0,18.333333333,22.222222222
1,0.563,0.0185,0.421,0.0528,0,0,18.333333333,22.222222222
0.944,0.565,0.0202,0.398,0.0702,0,0.17,18.333333333,22.222222222
0.667,0.574,0.0304,0.281,0.162,0,0.335,18.333333333,22.222222222
0.667,0.588,0.044,0.281,0.19,0,0.411,18.333333333,22.222222222
0.528,0.58,0.0424,0.339,0.136,0,0.147,18.333333333,22.222222222
0.333,0.563,0.0185,0.421,0.0528,0,0,18.333333333,22.222222222
0.278,0.563,0.0185,0.421,0.0528,0,0,20.0,22.222222222
0,0.563,0.0185,0.421,0.0528,0,0,20.0,22.222222222
0.0833,0.571,0.0389,0.386,0.0851,0,0.177,20.0,22.222222222
0,0.563,0.0185,0.421,0.0528,0,0,20.0,22.222222222
0,0.563,0.0185,0.421,0.0528,0,0,20.0,22.222222222
0,0.563,0.0185,0.421,0.0528,0,0,20.0,22.222222222
0.0556,0.575,0.0411,0.398,0.098,0,0.0353,20.0,22.222222222
0.333,0.604,0.0974,0.339,0.211,0,0.106,20.0,22.222222222
0.639,0.631,0.174,0.292,0.344,0,0.141,20.0,22.222222222
0.667,0.631,0.238,0.281,0.35,0,0.177,20.0,22.222222222
0.667,0.619,0.267,0.281,0.287,0,0,20.0,22.222222222
0.667,0.596,0.211,0.304,0.204,0,0,20.0,22.222222222
0.972,0.577,0.137,0.292,0.182,0,0.169,20.0,22.222222222
1,0.565,0.0734,0.281,0.116,0,0.106,20.0,22.222222222
1,0.561,0.0391,0.281,0.0763,0,0,20.0,22.222222222
1,0.561,0.0256,0.304,0.0601,0,0.0353,18.333333333,22.222222222
1,0.563,0.0185,0.421,0.0528,0,0,18.333333333,22.222222222
1,0.563,0.0185,0.421,0.0528,0,0,18.333333333,22.222222222
1,0.563,0.0185,0.421,0.0528,0,0,18.333333333,22.222222222
1,0.563,0.0185,0.421,0.0528,0,0,18.333333333,22.222222222
0.944,0.567,0.0223,0.398,0.0755,0,0.0353,18.333333333,22.222222222
0.667,0.592,0.0508,0.257,0.214,0.167,0.0353,18.333333333,22.222222222
0.972,0.646,0.146,0.0117,0.471,0.367,0.177,18.333333333,22.222222222
0.944,0.644,0.182,0.0234,0.461,0,0.0707,18.333333333,22.222222222
0.667,0.62,0.157,0.14,0.331,0,0.0707,20.0,22.222222222
0.667,0.62,0.172,0.14,0.319,0,0.106,20.0,22.222222222
0.611,0.616,0.171,0.164,0.289,0,0,20.0,22.222222222
0.333,0.592,0.118,0.281,0.181,0,0.106,20.0,22.222222222
0.556,0.614,0.209,0.187,0.281,0,0.315,20.0,22.222222222
0.361,0.608,0.154,0.269,0.229,0,0.084,20.0,22.222222222
0.556,0.659,0.238,0.187,0.414,0,0.0353,20.0,22.222222222
0.667,0.704,0.297,0.14,0.612,0,0.0353,20.0,22.222222222
0.667,0.711,0.357,0.14,0.688,0,0,20.0,22.222222222
0.75,0.655,0.309,0.234,0.452,0,0.0707,20.0,22.222222222
0.667,0.613,0.228,0.304,0.257,0,0,20.0,22.222222222
0.667,0.563,0.0185,0.421,0.0528,0,0,20.0,22.222222222
0.972,0.577,0.137,0.292,0.182,0,0.247,20.0,22.222222222
1,0.564,0.0483,0.339,0.0868,0,0,20.0,22.222222222
1,0.563,0.0164,0.421,0.0528,0,0,20.0,22.222222222
1,0.563,0.0162,0.421,0.0528,0,0,18.333333333,22.222222222
1,0.563,0.0162,0.421,0.0528,0,0,18.333333333,22.222222222
1,0.563,0.0162,0.421,0.0528,0,0,18.333333333,22.222222222
1,0.563,0.0162,0.421,0.0528,0,0,18.333333333,22.222222222
1,0.563,0.0162,0.421,0.0528,0,0,18.333333333,22.222222222
1,0.563,0.0162,0.421,0.0528,0,0,18.333333333,22.222222222
1,0.589,0.0391,0.269,0.201,0.417,0.24,18.333333333,22.222222222
0.861,0.608,0.0582,0.199,0.278,0.4,0.236,18.333333333,22.222222222
0.667,0.592,0.0488,0.281,0.197,0,0.0707,18.333333333,22.222222222
0.667,0.604,0.0693,0.222,0.252,0,0.166,20.0,22.222222222
0.528,0.608,0.0826,0.199,0.266,0,0.261,20.0,22.222222222
0.333,0.592,0.0611,0.281,0.182,0,0,20.0,22.222222222
0.472,0.604,0.0889,0.222,0.234,0,0.0707,20.0,22.222222222
0.361,0.594,0.0753,0.269,0.196,0,0.141,20.0,22.222222222
0.333,0.601,0.0779,0.281,0.206,0,0.141,20.0,22.222222222
0.639,0.666,0.166,0.152,0.438,0,0,20.0,22.222222222
0.667,0.7,0.209,0.14,0.584,0.533,0.318,20.0,22.222222222
0.667,0.712,0.278,0.14,0.684,0,0.212,20.0,22.222222222
0.361,0.64,0.213,0.269,0.388,0,0.0707,20.0,22.222222222
0.333,0.624,0.248,0.281,0.303,0,0,20.0,22.222222222
0.389,0.61,0.277,0.257,0.27,0,0,20.0,22.222222222
0.667,0.587,0.175,0.269,0.226,0,0.247,20.0,22.222222222
0.972,0.566,0.0544,0.339,0.101,0,0,20.0,22.222222222
1,0.563,0.0162,0.421,0.0528,0,0,20.0,22.222222222
1,0.563,0.0162,0.421,0.0528,0,0,18.333333333,22.222222222
1,0.563,0.0162,0.421,0.0528,0,0,18.333333333,22.222222222
1,0.563,0.0162,0.421,0.0528,0,0,18.333333333,22.222222222
1,0.563,0.0162,0.421,0.0528,0,0,18.333333333,22.222222222
1,0.563,0.0162,0.421,0.0528,0,0,18.333333333,22.222222222
0.861,0.567,0.0231,0.351,0.105,0,0.111,18.333333333,22.222222222
0.667,0.563,0.0162,0.421,0.0528,0,0,18.333333333,22.222222222
0.667,0.601,0.0524,0.234,0.244,0,0.212,18.333333333,22.222222222
0.667,0.62,0.0814,0.14,0.342,0,0.247,18.333333333,22.222222222
0.667,0.62,0.0909,0.14,0.334,0,0.247,20.0,22.222222222
0.667,0.62,0.1,0.14,0.321,0,0.0707,20.0,22.222222222
0.667,0.62,0.106,0.14,0.312,0,0.141,20.0,22.222222222
0.667,0.62,0.119,0.14,0.309,0,0,20.0,22.222222222
0.667,0.62,0.126,0.14,0.317,0,0.0707,20.0,22.222222222
0.667,0.639,0.14,0.14,0.359,0.533,0,20.0,22.222222222
0.667,0.669,0.171,0.14,0.45,0,0.283,20.0,22.222222222
0.722,0.712,0.226,0.117,0.629,0,0,20.0,22.222222222
0.722,0.724,0.298,0.117,0.734,0,0.0353,20.0,22.222222222
0.333,0.633,0.201,0.281,0.361,0,0.106,20.0,22.222222222
0.333,0.624,0.248,0.281,0.303,0,0.0353,20.0,22.222222222
0.472,0.62,0.333,0.222,0.315,0,0,20.0,22.222222222
0.667,0.603,0.297,0.14,0.369,0,0,20.0,22.222222222
0.889,0.573,0.174,0.0468,0.256,0,0,20.0,22.222222222
1,0.56,0.0649,0.129,0.119,0,0,20.0,22.222222222
1,0.561,0.0243,0.292,0.0638,0,0.096,18.333333333,22.222222222
1,0.563,0.0162,0.421,0.0528,0,0,18.333333333,22.222222222
1,0.563,0.0162,0.421,0.0528,0,0,18.333333333,22.222222222
1,0.563,0.0162,0.421,0.0528,0,0,18.333333333,22.222222222
1,0.563,0.0162,0.421,0.0528,0,0,18.333333333,22.222222222
0.694,0.563,0.0162,0.421,0.0528,0,0,18.333333333,22.222222222
0.667,0.585,0.0356,0.292,0.178,0.167,0.211,18.333333333,22.222222222
0.889,0.61,0.0609,0.187,0.291,0.65,0.141,18.333333333,22.222222222
1,0.62,0.0814,0.14,0.342,0,0.0353,18.333333333,22.222222222
1,0.62,0.0909,0.14,0.334,0,0.283,20.0,22.222222222
1,0.62,0.1,0.14,0.321,0,0.177,20.0,22.222222222
1,0.646,0.147,0.0117,0.43,0,0.295,20.0,22.222222222
1,0.649,0.17,0,0.437,0,0.0759,20.0,22.222222222
1,0.649,0.18,0,0.449,0,0,20.0,22.222222222
0.694,0.642,0.144,0.129,0.37,0,0.0707,20.0,22.222222222
0.667,0.669,0.171,0.14,0.45,0,0,20.0,22.222222222
0.667,0.7,0.209,0.14,0.584,0,0,20.0,22.222222222
0.417,0.656,0.178,0.246,0.444,0,0.141,20.0,22.222222222
0.667,0.704,0.387,0.14,0.669,0,0.224,20.0,22.222222222
0.667,0.684,0.48,0.14,0.553,0,0,20.0,22.222222222
0.667,0.609,0.26,0.269,0.26,0,0,20.0,22.222222222
0.972,0.576,0.101,0.339,0.146,0,0,20.0,22.222222222
1,0.563,0.0162,0.421,0.0528,0,0,20.0,22.222222222
1,0.563,0.0162,0.421,0.0528,0,0,20.0,22.222222222
1,0.563,0.0162,0.421,0.0528,0,0,18.333333333,22.222222222
1,0.563,0.0162,0.421,0.0528,0,0,18.333333333,22.222222222
1,0.563,0.0162,0.421,0.0528,0,0,18.333333333,22.222222222
1,0.563,0.0162,0.421,0.0528,0,0,18.333333333,22.222222222
1,0.561,0.0222,0.292,0.0842,0,0.128,18.333333333,22.222222222
1,0.579,0.0445,0.129,0.264,0,0.301,18.333333333,22.222222222
0.694,0.608,0.0585,0.129,0.329,0,0.374,18.333333333,22.222222222
0.667,0.619,0.0695,0.14,0.338,0,0.282,18.333333333,22.222222222
0.667,0.62,0.0814,0.14,0.342,0,0.237,18.333333333,22.222222222
0.667,0.62,0.0909,0.14,0.334,0,0.143,20.0,22.222222222
0.417,0.599,0.0684,0.246,0.221,0.167,0.295,20.0,22.222222222
0.667,0.62,0.106,0.14,0.312,0.1,0.166,20.0,22.222222222
0.667,0.62,0.119,0.14,0.309,0,0.319,20.0,22.222222222
0.667,0.606,0.0982,0.211,0.251,0,0.416,20.0,22.222222222
0.667,0.639,0.14,0.14,0.359,0.417,0.389,20.0,22.222222222
0.667,0.669,0.171,0.14,0.45,0.117,0.141,20.0,22.222222222
0.667,0.7,0.209,0.14,0.584,0,0,20.0,22.222222222
0.667,0.712,0.278,0.14,0.684,0,0.0353,20.0,22.222222222
0.75,0.721,0.434,0.105,0.746,0,0.0624,20.0,22.222222222
0.667,0.684,0.48,0.14,0.553,0,0.271,20.0,22.222222222
0.667,0.602,0.223,0.292,0.23,0,0.0145,20.0,22.222222222
0.806,0.568,0.0494,0.386,0.0918,0,0,20.0,22.222222222
1,0.563,0.0162,0.421,0.0528,0,0,20.0,22.222222222
1,0.563,0.0162,0.421,0.0528,0,0,20.0,22.222222222
1,0.563,0.0162,0.421,0.0528,0,0,18.333333333,22.222222222
1,0.563,0.0162,0.421,0.0528,0,0,18.333333333,22.222222222
1,0.563,0.0162,0.421,0.0528,0,0,18.333333333,22.222222222
1,0.563,0.0162,0.421,0.0528,0,0,18.333333333,22.222222222
1,0.562,0.0206,0.327,0.0756,0.267,0.0707,18.333333333,22.222222222
1,0.57,0.0295,0.281,0.151,0,0.106,18.333333333,22.222222222
1,0.628,0.0755,0.0234,0.436,0,0.435,18.333333333,22.222222222
0.861,0.636,0.0848,0.0585,0.421,0,0.276,18.333333333,22.222222222
0.667,0.62,0.0814,0.14,0.342,0,0.199,18.333333333,22.222222222
0.667,0.62,0.0909,0.14,0.334,0,0.0616,20.0,22.222222222
0.667,0.62,0.1,0.14,0.321,0,0.13,20.0,22.222222222
0.667,0.62,0.106,0.14,0.312,0.817,0.102,20.0,22.222222222
0.667,0.62,0.119,0.14,0.309,0,0,20.0,22.222222222
0.972,0.62,0.126,0.14,0.317,0,0.141,20.0,22.222222222
1,0.675,0.197,0.0117,0.502,0,0.141,20.0,22.222222222
0.75,0.681,0.19,0.105,0.497,0,0.0742,20.0,22.222222222
1,0.768,0.306,0,0.85,0,0.196,20.0,22.222222222
1,0.786,0.409,0,1,0,0.128,20.0,22.222222222
0.694,0.71,0.398,0.129,0.696,0,0.346,20.0,22.222222222
0.667,0.684,0.48,0.14,0.553,0,0.0658,20.0,22.222222222
0.806,0.66,0.557,0.0819,0.501,0,0.159,20.0,22.222222222
1,0.615,0.382,0.0585,0.462,0,0.21,20.0,22.222222222
1,0.569,0.0882,0.269,0.144,0,0.108,20.0,22.222222222
1,0.561,0.0391,0.281,0.0763,0,0,20.0,22.222222222
1,0.561,0.0259,0.281,0.0601,0,0.106,18.333333333,22.222222222
1,0.561,0.02,0.304,0.0528,0,0.177,18.333333333,22.222222222
1,0.563,0.0187,0.398,0.0531,0,0.0353,18.333333333,22.222222222
1,0.563,0.0186,0.409,0.0529,0,0,18.333333333,22.222222222
1,0.563,0.0185,0.421,0.0528,0,0,18.333333333,22.222222222
1,0.571,0.0271,0.327,0.128,0,0,18.333333333,22.222222222
1,0.592,0.0508,0.257,0.214,0,0.169,18.333333333,22.222222222
0.944,0.62,0.106,0.14,0.339,0,0.33,18.333333333,22.222222222
0.444,0.601,0.0955,0.234,0.245,0,0.244,18.333333333,22.222222222
0.333,0.592,0.0879,0.281,0.192,0,0.255,20.0,22.222222222
0.417,0.599,0.114,0.246,0.219,0,0.0707,20.0,22.222222222
0.0278,0.566,0.0253,0.409,0.0636,0,0,20.0,22.222222222
0,0.563,0.0185,0.421,0.0528,0,0,20.0,22.222222222
0,0.563,0.0185,0.421,0.0528,0,0,20.0,22.222222222
0.0556,0.572,0.0403,0.398,0.0866,0,0.164,20.0,22.222222222
0.722,0.686,0.303,0.117,0.515,0,0.206,20.0,22.222222222
0.667,0.704,0.297,0.14,0.612,0,0.214,20.0,22.222222222
0.667,0.711,0.357,0.14,0.688,0,0.177,20.0,22.222222222
0.667,0.699,0.457,0.14,0.646,0,0,20.0,22.222222222
0.972,0.675,0.515,0.14,0.521,0,0.14,20.0,22.222222222
1,0.602,0.255,0.269,0.245,0,0.22,20.0,22.222222222
1,0.579,0.149,0.281,0.195,0,0,20.0,22.222222222
1,0.565,0.0734,0.281,0.116,0,0,20.0,22.222222222
1,0.563,0.0185,0.421,0.0528,0,0,20.0,22.222222222
1,0.563,0.0185,0.421,0.0528,0,0,18.333333333,22.222222222
1,0.563,0.0185,0.421,0.0528,0,0,18.333333333,22.222222222
1,0.563,0.0185,0.421,0.0528,0,0,18.333333333,22.222222222
1,0.563,0.0185,0.421,0.0528,0,0,18.333333333,22.222222222
1,0.563,0.0185,0.421,0.0528,0,0,18.333333333,22.222222222
1,0.575,0.0309,0.304,0.15,0,0.302,18.333333333,22.222222222
1,0.616,0.0763,0.117,0.352,0,0.264,18.333333333,22.222222222
1,0.649,0.149,0,0.483,0.167,0.624,18.333333333,22.222222222
1,0.649,0.193,0,0.485,0.1,0.343,18.333333333,22.222222222
1,0.649,0.227,0,0.47,0,0.143,20.0,22.222222222
1,0.649,0.248,0,0.452,0,0.189,20.0,22.222222222
0.944,0.644,0.255,0.0234,0.418,0,0.206,20.0,22.222222222
0.722,0.62,0.218,0.14,0.31,0,0.139,20.0,22.222222222
1,0.596,0.142,0.269,0.2,0,0.106,20.0,22.222222222
0.778,0.614,0.165,0.257,0.25,0,0.106,20.0,22.222222222
0.667,0.677,0.281,0.14,0.481,0,0.177,20.0,22.222222222
0.667,0.704,0.297,0.14,0.612,0,0.0353,20.0,22.222222222
0.667,0.711,0.357,0.14,0.688,0,0,20.0,22.222222222
0.667,0.689,0.415,0.164,0.606,0,0.0353,20.0,22.222222222
0.889,0.655,0.431,0.187,0.44,0,0.106,20.0,22.222222222
1,0.634,0.452,0.14,0.407,0,0.124,20.0,22.222222222
1,0.576,0.114,0.327,0.157,0,0,20.0,22.222222222
1,0.564,0.0237,0.409,0.0587,0,0,20.0,22.222222222
1,0.563,0.0164,0.421,0.0528,0,0,20.0,22.222222222
1,0.563,0.0162,0.421,0.0528,0,0,18.333333333,22.222222222
1,0.563,0.0162,0.421,0.0528,0,0,18.333333333,22.222222222
1,0.562,0.0158,0.351,0.0528,0,0.247,18.333333333,22.222222222
1,0.563,0.0162,0.421,0.0528,0,0,18.333333333,22.222222222
1,0.562,0.0189,0.363,0.0671,0,0,18.333333333,22.222222222
1,0.578,0.0422,0.152,0.246,0,0.258,18.333333333,22.222222222
0.556,0.576,0.0291,0.327,0.138,0,0,18.333333333,22.222222222
0.389,0.594,0.0456,0.269,0.208,0,0.0707,18.333333333,22.222222222
0.667,0.62,0.0814,0.14,0.342,0,0.0353,18.333333333,22.222222222
0.667,0.62,0.0909,0.14,0.334,0,0,20.0,22.222222222
0.667,0.62,0.1,0.14,0.321,0,0.0353,20.0,22.222222222
0.667,0.62,0.106,0.14,0.312,0.167,0.0353,20.0,22.222222222
0.667,0.62,0.119,0.14,0.309,0.65,0.141,20.0,22.222222222
0.667,0.62,0.126,0.14,0.317,0,0.0707,20.0,22.222222222
0.667,0.639,0.14,0.14,0.359,0,0.0707,20.0,22.222222222
0.667,0.669,0.171,0.14,0.45,0,0.0353,20.0,22.222222222
0.667,0.7,0.209,0.14,0.584,0,0.141,20.0,22.222222222
0.972,0.781,0.401,0.0117,0.977,0,0,20.0,22.222222222
1,0.774,0.572,0,0.977,0,0.0353,20.0,22.222222222
0.694,0.69,0.496,0.129,0.579,0,0.0707,20.0,22.222222222
0.667,0.644,0.464,0.14,0.426,0,0.0353,20.0,22.222222222
0.972,0.603,0.297,0.14,0.369,0,0,20.0,22.222222222
1,0.57,0.115,0.199,0.179,0,0,20.0,22.222222222
1,0.561,0.0383,0.281,0.0829,0,0,20.0,22.222222222
1,0.56,0.0254,0.246,0.0653,0,0,18.333333333,22.222222222
1,0.563,0.0168,0.409,0.0535,0,0,18.333333333,22.222222222
1,0.563,0.0162,0.421,0.0528,0,0,18.333333333,22.222222222
1,0.563,0.0162,0.421,0.0528,0,0,18.333333333,22.222222222
1,0.563,0.0162,0.421,0.0528,0,0,18.333333333,22.222222222
1,0.574,0.0347,0.234,0.192,0,0.634,18.333333333,22.222222222
1,0.607,0.0573,0.14,0.32,0,0.125,18.333333333,22.222222222
1,0.619,0.0695,0.14,0.338,0,0.421,18.333333333,22.222222222
1,0.646,0.112,0.0117,0.475,0,0.158,18.333333333,22.222222222
0.861,0.637,0.113,0.0585,0.416,0,0.16,20.0,22.222222222
0.528,0.608,0.0826,0.199,0.266,0,0.366,20.0,22.222222222
0.472,0.592,0.0611,0.281,0.182,0,0.333,20.0,22.222222222
0.528,0.58,0.0458,0.339,0.127,0,0.0353,20.0,22.222222222
0.333,0.563,0.0162,0.421,0.0528,0,0,20.0,22.222222222
0.333,0.599,0.0733,0.292,0.195,0,0.212,20.0,22.222222222
0.333,0.616,0.0938,0.281,0.252,0,0.106,20.0,22.222222222
0.333,0.632,0.113,0.281,0.318,0,0.106,20.0,22.222222222
0.333,0.638,0.147,0.281,0.369,0,0.106,20.0,22.222222222
0.472,0.662,0.28,0.222,0.489,0,0.247,20.0,22.222222222
0.667,0.684,0.48,0.14,0.553,0,0,20.0,22.222222222
0.667,0.609,0.26,0.269,0.26,0,0,20.0,22.222222222
0.667,0.567,0.0348,0.409,0.0679,0,0,20.0,22.222222222
0.667,0.563,0.0162,0.421,0.0528,0,0,20.0,22.222222222
0.667,0.563,0.0162,0.421,0.0528,0,0,20.0,22.222222222
0.667,0.563,0.0162,0.421,0.0528,0,0,18.333333333,22.222222222
0.667,0.563,0.0162,0.421,0.0528,0,0,18.333333333,22.222222222
0.667,0.563,0.0162,0.421,0.0528,0,0,18.333333333,22.222222222
0.972,0.563,0.0162,0.421,0.0528,0,0,18.333333333,22.222222222
1,0.563,0.0162,0.421,0.0528,0,0,18.333333333,22.222222222
1,0.571,0.0289,0.292,0.148,0,0.177,18.333333333,22.222222222
1,0.607,0.0562,0.152,0.311,0,0.491,18.333333333,22.222222222
1,0.646,0.0943,0.0117,0.469,0,0.363,18.333333333,22.222222222
1,0.649,0.114,0,0.486,0,0.31,18.333333333,22.222222222
0.694,0.623,0.0937,0.129,0.346,0,0.296,20.0,22.222222222
0.667,0.62,0.1,0.14,0.321,0,0,20.0,22.222222222
0.667,0.62,0.106,0.14,0.312,0.417,0.0353,20.0,22.222222222
0.667,0.62,0.119,0.14,0.309,0.4,0.212,20.0,22.222222222
0.583,0.613,0.112,0.175,0.284,0.167,0.141,20.0,22.222222222
0.667,0.639,0.14,0.14,0.359,0.1,0.106,20.0,22.222222222
0.667,0.669,0.171,0.14,0.45,0,0.141,20.0,22.222222222
0.667,0.7,0.209,0.14,0.584,0,0.0353,20.0,22.222222222
0.667,0.712,0.278,0.14,0.684,0,0.353,20.0,22.222222222
0.667,0.704,0.387,0.14,0.669,0,0.106,20.0,22.222222222
0.806,0.699,0.539,0.105,0.614,0,0.134,20.0,22.222222222
1,0.644,0.464,0.14,0.426,0,0,20.0,22.222222222
1,0.587,0.175,0.269,0.226,0,0,20.0,22.222222222
1,0.567,0.0771,0.281,0.131,0,0,20.0,22.222222222
1,0.561,0.0383,0.281,0.0829,0,0,20.0,22.222222222
1,0.563,0.0178,0.409,0.055,0,0,18.333333333,22.222222222
1,0.563,0.0162,0.421,0.0528,0,0,18.333333333,22.222222222
1,0.563,0.0162,0.421,0.0528,0,0,18.333333333,22.222222222
1,0.563,0.0162,0.421,0.0528,0,0,18.333333333,22.222222222
1,0.561,0.0233,0.269,0.0899,0,0.635,18.333333333,22.222222222
1,0.577,0.0427,0.14,0.249,0,0.341,18.333333333,22.222222222
1,0.607,0.0573,0.14,0.32,0,0.0952,18.333333333,22.222222222
0.861,0.634,0.083,0.0702,0.409,0,0.141,18.333333333,22.222222222
0.667,0.62,0.0814,0.14,0.342,0.667,0.283,18.333333333,22.222222222
0.667,0.62,0.0909,0.14,0.334,0.15,0,20.0,22.222222222
0.667,0.62,0.1,0.14,0.321,0,0.459,20.0,22.222222222
0.667,0.62,0.106,0.14,0.312,0,0.0353,20.0,22.222222222
0.528,0.608,0.097,0.199,0.255,0,0.0353,20.0,22.222222222
0.0278,0.566,0.0205,0.409,0.0635,0,0,20.0,22.222222222
0.222,0.583,0.0474,0.351,0.13,0,0.0707,20.0,22.222222222
0.944,0.685,0.194,0.105,0.509,0,0,20.0,22.222222222
1,0.768,0.306,0,0.85,0.267,0.0353,20.0,22.222222222
1,0.786,0.409,0,1,0,0.247,20.0,22.222222222
0.694,0.71,0.398,0.129,0.696,0,0.0353,20.0,22.222222222
0.667,0.684,0.48,0.14,0.553,0,0.124,20.0,22.222222222
0.667,0.602,0.223,0.292,0.23,0,0,20.0,22.222222222
0.889,0.568,0.0494,0.386,0.0918,0,0,20.0,22.222222222
1,0.563,0.0162,0.421,0.0528,0,0,20.0,22.222222222
1,0.563,0.0162,0.421,0.0528,0,0,20.0,22.222222222
1,0.563,0.0162,0.421,0.0528,0,0,18.333333333,22.222222222
1,0.563,0.0162,0.421,0.0528,0,0,18.333333333,22.222222222
1,0.563,0.0162,0.421,0.0528,0,0,18.333333333,22.222222222
0.778,0.563,0.0167,0.386,0.0532,0,0.301,18.333333333,22.222222222
0.667,0.563,0.0162,0.421,0.0528,0,0,18.333333333,22.222222222
0.667,0.571,0.0289,0.292,0.148,0,0,18.333333333,22.222222222
0.667,0.607,0.0562,0.152,0.311,0,0,18.333333333,22.222222222
0.667,0.619,0.0695,0.14,0.338,0,0.0353,18.333333333,22.222222222
0.667,0.62,0.0814,0.14,0.342,0,0.0353,18.333333333,22.222222222
0.667,0.62,0.0909,0.14,0.334,0,0.141,20.0,22.222222222
0.667,0.62,0.1,0.14,0.321,0,0.0707,20.0,22.222222222
0.667,0.62,0.106,0.14,0.312,0,0.0707,20.0,22.222222222
0.667,0.62,0.119,0.14,0.309,0,0.106,20.0,22.222222222
0.667,0.62,0.126,0.14,0.317,0,0.0707,20.0,22.222222222
0.667,0.639,0.14,0.14,0.359,0,0.0353,20.0,22.222222222
0.667,0.669,0.171,0.14,0.45,0,0.106,20.0,22.222222222
0.667,0.7,0.209,0.14,0.584,0.817,0.212,20.0,22.222222222
0.667,0.712,0.278,0.14,0.684,0,0.106,20.0,22.222222222
0.667,0.704,0.387,0.14,0.669,0,0,20.0,22.222222222
0.667,0.684,0.48,0.14,0.553,0,0,20.0,22.222222222
0.667,0.644,0.464,0.14,0.426,0,0.0353,20.0,22.222222222
0.972,0.62,0.418,0.0117,0.512,0,0,20.0,22.222222222
1,0.571,0.113,0.222,0.175,0,0,20.0,22.222222222
1,0.561,0.0391,0.281,0.0763,0,0.449,20.0,22.222222222
1,0.561,0.0256,0.304,0.0601,0,0.0353,18.333333333,22.222222222
1,0.563,0.0185,0.421,0.0528,0,0,18.333333333,22.222222222
1,0.563,0.0185,0.421,0.0528,0,0,18.333333333,22.222222222
1,0.563,0.0185,0.421,0.0528,0,0,18.333333333,22.222222222
1,0.565,0.0202,0.398,0.0702,0,0,18.333333333,22.222222222
1,0.589,0.0476,0.0936,0.312,0,0.109,18.333333333,22.222222222
1,0.636,0.0949,0,0.465,0,0.54,18.333333333,22.222222222
0.944,0.644,0.14,0.0234,0.459,0,0.164,18.333333333,22.222222222
0.222,0.582,0.056,0.327,0.149,0,0.0707,18.333333333,22.222222222
0,0.563,0.0185,0.421,0.0528,0,0,20.0,22.222222222
0,0.563,0.0185,0.421,0.0528,0,0,20.0,22.222222222
0,0.563,0.0185,0.421,0.0528,0,0,20.0,22.222222222
0,0.563,0.0185,0.421,0.0528,0,0,20.0,22.222222222
0.389,0.598,0.151,0.257,0.211,0,0.394,20.0,22.222222222
0.333,0.605,0.144,0.281,0.216,0,0.312,20.0,22.222222222
0.333,0.62,0.15,0.281,0.267,0,0.212,20.0,22.222222222
0.639,0.699,0.286,0.152,0.589,0.267,0,20.0,22.222222222
0.667,0.711,0.357,0.14,0.688,0,0.106,20.0,22.222222222
0.722,0.709,0.499,0.117,0.687,0,0.0353,20.0,22.222222222
1,0.731,0.763,0,0.756,0,0.134,20.0,22.222222222
1,0.647,0.53,0.0936,0.467,0,0.128,20.0,22.222222222
1,0.585,0.186,0.257,0.235,0,0.0774,20.0,22.222222222
1,0.563,0.0267,0.386,0.0631,0,0.14,20.0,22.222222222
1,0.563,0.0185,0.421,0.0528,0,0,20.0,22.222222222
1,0.563,0.0185,0.421,0.0528,0,0,18.333333333,22.222222222
1,0.563,0.0185,0.421,0.0528,0,0,18.333333333,22.222222222
1,0.563,0.0185,0.421,0.0528,0,0,18.333333333,22.222222222
1,0.563,0.0185,0.421,0.0528,0,0,18.333333333,22.222222222
1,0.563,0.0185,0.421,0.0528,0,0,18.333333333,22.222222222
1,0.567,0.0223,0.398,0.0755,0.167,0.0707,18.333333333,22.222222222
1,0.592,0.0508,0.257,0.214,0.367,0.417,18.333333333,22.222222222
0.889,0.616,0.0962,0.164,0.315,0,0.479,18.333333333,22.222222222
0.333,0.592,0.0768,0.281,0.197,0,0.214,18.333333333,22.222222222
0.333,0.592,0.0879,0.281,0.192,0,0.369,20.0,22.222222222
0.0278,0.566,0.0248,0.409,0.064,0,0,20.0,22.222222222
0.0556,0.568,0.0348,0.398,0.0741,0,0.138,20.0,22.222222222
0.111,0.573,0.051,0.374,0.0954,0,0.0276,20.0,22.222222222
0.306,0.563,0.0185,0.421,0.0528,0,0,20.0,22.222222222
0.333,0.601,0.133,0.292,0.203,0,0.0707,20.0,22.222222222
0.333,0.62,0.15,0.281,0.267,0,0.0707,20.0,22.222222222
0.389,0.646,0.185,0.257,0.386,0.167,0,20.0,22.222222222
0.667,0.711,0.357,0.14,0.688,1,0.0707,20.0,22.222222222
0.667,0.699,0.457,0.14,0.646,0.467,0.177,20.0,22.222222222
0.667,0.675,0.515,0.14,0.521,0,0.0707,20.0,22.222222222
0.667,0.631,0.428,0.164,0.381,0,0,20.0,22.222222222
0.889,0.589,0.231,0.187,0.285,0,0,20.0,22.222222222
1,0.566,0.0859,0.269,0.13,0,0.0353,20.0,22.222222222
1,0.563,0.0264,0.374,0.0653,0,0,20.0,22.222222222
1,0.563,0.0162,0.421,0.0528,0,0,18.333333333,22.222222222
1,0.563,0.0162,0.421,0.0528,0,0,18.333333333,22.222222222
1,0.563,0.0162,0.421,0.0528,0,0,18.333333333,22.222222222
0.861,0.563,0.0162,0.421,0.0528,0,0,18.333333333,22.222222222
0.667,0.563,0.0162,0.421,0.0528,0,0,18.333333333,22.222222222
0.806,0.567,0.022,0.363,0.0962,0,0.0353,18.333333333,22.222222222
1,0.585,0.0368,0.281,0.186,0,0.0707,18.333333333,22.222222222
1,0.591,0.0428,0.281,0.195,0,0.141,18.333333333,22.222222222
1,0.597,0.0543,0.257,0.221,0,0.104,18.333333333,22.222222222
0.694,0.606,0.0721,0.211,0.264,0,0.169,20.0,22.222222222
0.667,0.62,0.1,0.14,0.321,0,0.0707,20.0,22.222222222
0.667,0.62,0.106,0.14,0.312,0,0.0707,20.0,22.222222222
0.611,0.616,0.11,0.164,0.287,0,0.177,20.0,22.222222222
0.389,0.597,0.0801,0.257,0.207,0,0,20.0,22.222222222
0.667,0.639,0.14,0.14,0.359,0,0.247,20.0,22.222222222
0.667,0.669,0.171,0.14,0.45,0,0.0707,20.0,22.222222222
0.972,0.764,0.299,0.0117,0.833,0,0.0353,20.0,22.222222222
0.778,0.737,0.32,0.0936,0.787,0,0,20.0,22.222222222
0.889,0.75,0.513,0.0468,0.874,0,0.151,20.0,22.222222222
1,0.744,0.712,0,0.803,0,0.236,20.0,22.222222222
0.639,0.643,0.447,0.152,0.416,0,0.121,20.0,22.222222222
0.556,0.595,0.245,0.187,0.315,0,0,20.0,22.222222222
0.667,0.569,0.0882,0.269,0.144,0,0.0707,20.0,22.222222222
0.667,0.561,0.0383,0.281,0.0829,0,0,20.0,22.222222222
0.667,0.562,0.0211,0.339,0.0594,0,0.0353,18.333333333,22.222222222
0.972,0.562,0.0165,0.351,0.0528,0,0.0353,18.333333333,22.222222222
1,0.563,0.0162,0.421,0.0528,0,0,18.333333333,22.222222222
0.694,0.563,0.0162,0.421,0.0528,0,0,18.333333333,22.222222222
0.667,0.563,0.0162,0.421,0.0528,0,0,18.333333333,22.222222222
0.667,0.565,0.0185,0.398,0.0702,0,0.0745,18.333333333,22.222222222
0.667,0.585,0.0368,0.281,0.186,0,0.397,18.333333333,22.222222222
0.667,0.591,0.0428,0.281,0.195,0,0.177,18.333333333,22.222222222
0.667,0.604,0.0626,0.222,0.258,0,0.0353,18.333333333,22.222222222
0.667,0.62,0.0909,0.14,0.334,0,0.247,20.0,22.222222222
0.667,0.62,0.1,0.14,0.321,0,0,20.0,22.222222222
0.667,0.62,0.106,0.14,0.312,0,0.0707,20.0,22.222222222
0.361,0.594,0.0711,0.269,0.192,0,0.0353,20.0,22.222222222
0.333,0.592,0.071,0.281,0.185,0,0.212,20.0,22.222222222
0.0278,0.566,0.0208,0.409,0.0638,0,0,20.0,22.222222222
0.139,0.586,0.0491,0.363,0.137,0,0.0353,20.0,22.222222222
0.472,0.661,0.154,0.222,0.432,0.417,0.0707,20.0,22.222222222
0.667,0.712,0.278,0.14,0.684,0.117,0.177,20.0,22.222222222
0.667,0.704,0.387,0.14,0.669,0,0,20.0,22.222222222
0.667,0.684,0.48,0.14,0.553,0,0,20.0,22.222222222
0.667,0.628,0.371,0.199,0.35,0,0,20.0,22.222222222
0.667,0.583,0.156,0.281,0.211,0,0.0707,20.0,22.222222222
0.972,0.566,0.0544,0.339,0.101,0,0.15,20.0,22.222222222
1,0.563,0.0162,0.421,0.0528,0,0,20.0,22.222222222
1,0.563,0.0162,0.421,0.0528,0,0,18.333333333,22.222222222
1,0.563,0.0162,0.421,0.0528,0,0,18.333333333,22.222222222
1,0.563,0.0162,0.421,0.0528,0,0,18.333333333,22.222222222
1,0.563,0.0162,0.421,0.0528,0,0,18.333333333,22.222222222
1,0.563,0.0162,0.421,0.0528,0,0,18.333333333,22.222222222
1,0.563,0.0162,0.421,0.0528,0,0,18.333333333,22.222222222
0.694,0.563,0.0162,0.421,0.0528,0,0,18.333333333,22.222222222
0.917,0.597,0.0479,0.257,0.22,0,0.141,18.333333333,22.222222222
0.667,0.618,0.0792,0.152,0.33,0,0.106,18.333333333,22.222222222
0.667,0.62,0.0909,0.14,0.334,0,0.106,20.0,22.222222222
0.667,0.62,0.1,0.14,0.321,0,0.0707,20.0,22.222222222
0.667,0.62,0.106,0.14,0.312,0,0.106,20.0,22.222222222
0.417,0.599,0.0797,0.246,0.213,0,0.141,20.0,22.222222222
0.444,0.601,0.089,0.234,0.229,0,0.177,20.0,22.222222222
0.472,0.617,0.104,0.222,0.271,0,0.0353,20.0,22.222222222
0.667,0.669,0.171,0.14,0.45,0,0.0353,20.0,22.222222222
0.722,0.712,0.226,0.117,0.629,0.533,0.177,20.0,22.222222222
1,0.786,0.409,0,1,0,0.0933,20.0,22.222222222
0.694,0.71,0.398,0.129,0.696,0,0.106,20.0,22.222222222
0.667,0.684,0.48,0.14,0.553,0,0.0353,20.0,22.222222222
0.806,0.625,0.353,0.211,0.335,0.267,0.212,20.0,22.222222222
1,0.603,0.297,0.14,0.369,0,0,20.0,22.222222222
1,0.571,0.138,0.14,0.209,0,0,20.0,22.222222222
1,0.56,0.0524,0.199,0.102,0,0.268,20.0,22.222222222
1,0.562,0.0211,0.339,0.0594,0,0,18.333333333,22.222222222
1,0.563,0.0162,0.421,0.0528,0,0,18.333333333,22.222222222
1,0.563,0.0162,0.421,0.0528,0,0,18.333333333,22.222222222
1,0.563,0.0162,0.421,0.0528,0,0,18.333333333,22.222222222
1,0.563,0.0162,0.421,0.0528,0,0,18.333333333,22.222222222
1,0.567,0.022,0.363,0.0962,0,0.0583,18.333333333,22.222222222
1,0.585,0.0368,0.281,0.186,0,0.284,18.333333333,22.222222222
1,0.618,0.0677,0.152,0.326,0.533,0.293,18.333333333,22.222222222
0.861,0.608,0.0676,0.199,0.282,0,0.453,18.333333333,22.222222222
0.667,0.592,0.0536,0.281,0.193,0,0,20.0,22.222222222
0.667,0.592,0.0582,0.281,0.187,0,0,20.0,22.222222222
0.667,0.592,0.0611,0.281,0.182,0,0,20.0,22.222222222
0.667,0.592,0.0674,0.281,0.181,0,0.318,20.0,22.222222222
0.667,0.618,0.121,0.152,0.306,0,0.416,20.0,22.222222222
0.667,0.639,0.14,0.14,0.359,0,0.41,20.0,22.222222222
0.361,0.62,0.0989,0.269,0.265,0,0.264,20.0,22.222222222
0.333,0.632,0.113,0.281,0.318,0,0.0353,20.0,22.222222222
0.639,0.706,0.27,0.152,0.662,0,0.212,20.0,22.222222222
0.667,0.704,0.387,0.14,0.669,0,0.0353,20.0,22.222222222
0.667,0.684,0.48,0.14,0.553,0,0.0494,20.0,22.222222222
0.667,0.644,0.464,0.14,0.426,0,0,20.0,22.222222222
0.972,0.596,0.241,0.199,0.304,0,0,20.0,22.222222222
1,0.566,0.0544,0.339,0.101,0,0,20.0,22.222222222
1,0.563,0.0162,0.421,0.0528,0,0,20.0,22.222222222
1,0.563,0.0162,0.421,0.0528,0,0,18.333333333,22.222222222
1,0.563,0.0162,0.421,0.0528,0,0,18.333333333,22.222222222
1,0.563,0.0162,0.421,0.0528,0,0,18.333333333,22.222222222
1,0.563,0.0162,0.421,0.0528,0,0,18.333333333,22.222222222
1,0.563,0.0162,0.421,0.0528,0,0,18.333333333,22.222222222
1,0.567,0.022,0.363,0.0962,0,0.106,18.333333333,22.222222222
1,0.595,0.0456,0.222,0.243,0.267,0.0353,18.333333333,22.222222222
1,0.646,0.0943,0.0117,0.469,0,0.363,18.333333333,22.222222222
1,0.649,0.114,0,0.486,0.167,0.18,18.333333333,22.222222222
1,0.649,0.128,0,0.474,0.367,0.101,20.0,22.222222222
1,0.649,0.142,0,0.456,0,0.258,20.0,22.222222222
0.694,0.623,0.109,0.129,0.323,0,0.0638,20.0,22.222222222
0.361,0.594,0.0711,0.269,0.192,0,0.247,20.0,22.222222222
0.333,0.592,0.071,0.281,0.185,0,0.106,20.0,22.222222222
0.472,0.617,0.104,0.222,0.271,0,0,20.0,22.222222222
0.361,0.62,0.0989,0.269,0.265,0,0.212,20.0,22.222222222
0.444,0.655,0.146,0.234,0.409,0,0.52,20.0,22.222222222
0.778,0.737,0.32,0.0936,0.787,0,0.383,20.0,22.222222222
0.667,0.704,0.387,0.14,0.669,0,0.324,20.0,22.222222222
0.667,0.684,0.48,0.14,0.553,0,0.261,20.0,22.222222222
0.667,0.628,0.371,0.199,0.35,0,0,20.0,22.222222222
0.667,0.571,0.068,0.374,0.107,0,0,20.0,22.222222222
0.667,0.563,0.0162,0.421,0.0528,0,0,20.0,22.222222222
0.667,0.563,0.0185,0.421,0.0528,0,0,20.0,22.222222222
0.806,0.562,0.0212,0.339,0.055,0,0.131,18.333333333,22.222222222
1,0.559,0.0212,0.14,0.0528,0,0.141,18.333333333,22.222222222
1,0.559,0.0171,0.187,0.0528,0,0.283,18.333333333,22.222222222
1,0.563,0.0185,0.421,0.0528,0,0,18.333333333,22.222222222
1,0.563,0.0185,0.421,0.0528,0,0,18.333333333,22.222222222
1,0.563,0.0185,0.421,0.0528,0,0,18.333333333,22.222222222
0.944,0.591,0.0477,0.257,0.213,0.533,0.259,18.333333333,22.222222222
0.611,0.592,0.062,0.281,0.196,0,0.144,18.333333333,22.222222222
0.278,0.587,0.0654,0.304,0.173,0,0.426,18.333333333,22.222222222
0,0.563,0.0185,0.421,0.0528,0,0,20.0,22.222222222
0.0556,0.568,0.0321,0.398,0.0743,0,0.106,20.0,22.222222222
0.333,0.592,0.103,0.281,0.182,0,0,20.0,22.222222222
0.111,0.573,0.051,0.374,0.0954,0,0,20.0,22.222222222
0.444,0.605,0.172,0.234,0.237,0,0.0707,20.0,22.222222222
0.667,0.646,0.269,0.14,0.379,0,0.141,20.0,22.222222222
0.667,0.677,0.281,0.14,0.481,0,0.141,20.0,22.222222222
0.667,0.704,0.297,0.14,0.612,0,0,20.0,22.222222222
0.667,0.711,0.357,0.14,0.688,0,0,20.0,22.222222222
0.667,0.699,0.457,0.14,0.646,0,0,20.0,22.222222222
0.667,0.675,0.515,0.14,0.521,0,0.141,20.0,22.222222222
0.667,0.621,0.371,0.199,0.336,0,0,20.0,22.222222222
0.889,0.579,0.138,0.304,0.183,0,0.18,20.0,22.222222222
0.917,0.563,0.0183,0.421,0.0528,0,0,20.0,22.222222222
1,0.563,0.0185,0.421,0.0528,0,0,20.0,22.222222222
1,0.563,0.0188,0.398,0.0528,0,0.0747,18.333333333,22.222222222
1,0.561,0.02,0.304,0.0528,0,0.0707,18.333333333,22.222222222
1,0.563,0.0185,0.421,0.0528,0,0,18.333333333,22.222222222
1,0.563,0.0185,0.421,0.0528,0,0,18.333333333,22.222222222
1,0.563,0.0217,0.327,0.0873,0,0.243,18.333333333,22.222222222
1,0.574,0.0304,0.281,0.162,0,0,18.333333333,22.222222222
0.694,0.565,0.0204,0.409,0.0642,0,0,18.333333333,22.222222222
0.972,0.594,0.068,0.269,0.208,0,0,18.333333333,22.222222222
0.778,0.606,0.107,0.211,0.268,0,0.247,18.333333333,22.222222222
0.667,0.62,0.157,0.14,0.331,0,0.242,20.0,22.222222222
0.611,0.616,0.158,0.164,0.297,0,0.301,20.0,22.222222222
0.278,0.587,0.0864,0.304,0.16,0,0,20.0,22.222222222
0.222,0.582,0.0859,0.327,0.139,0.667,0.0353,20.0,22.222222222
0.333,0.594,0.133,0.281,0.189,1,0.0353,20.0,22.222222222
0.333,0.605,0.144,0.281,0.216,0.25,0.0707,20.0,22.222222222
0.333,0.62,0.15,0.281,0.267,0,0.212,20.0,22.222222222
0.639,0.699,0.286,0.152,0.589,0,0.0353,20.0,22.222222222
0.611,0.7,0.321,0.164,0.637,0,0.283,20.0,22.222222222
0.333,0.631,0.238,0.281,0.35,0,0.0707,20.0,22.222222222
0.25,0.583,0.102,0.374,0.134,0,0,20.0,22.222222222
0.556,0.586,0.158,0.327,0.169,0,0,20.0,22.222222222
0.667,0.579,0.138,0.304,0.183,0,0,20.0,22.222222222
0.75,0.563,0.0185,0.421,0.0528,0,0,20.0,22.222222222
0.889,0.562,0.0292,0.327,0.0704,0,0.248,20.0,22.222222222
1,0.563,0.0178,0.409,0.055,0,0,18.333333333,22.222222222
1,0.563,0.0162,0.421,0.0528,0,0,18.333333333,22.222222222
1,0.563,0.0162,0.421,0.0528,0,0,18.333333333,22.222222222
0.944,0.559,0.0194,0.187,0.0555,0.817,0.106,18.333333333,22.222222222
0.667,0.561,0.0224,0.281,0.0843,0,0.0353,18.333333333,22.222222222
0.667,0.578,0.0422,0.152,0.246,0,0.247,18.333333333,22.222222222
0.361,0.586,0.0379,0.269,0.195,0,0.141,18.333333333,22.222222222
0.639,0.618,0.0677,0.152,0.326,0,0.304,18.333333333,22.222222222
0.667,0.62,0.0814,0.14,0.342,0,0.102,18.333333333,22.222222222
0.667,0.62,0.0909,0.14,0.334,0.533,0,20.0,22.222222222
0.667,0.62,0.1,0.14,0.321,0,0.141,20.0,22.222222222
0.667,0.62,0.106,0.14,0.312,0,0.0353,20.0,22.222222222
0.667,0.613,0.106,0.175,0.277,0,0.0353,20.0,22.222222222
0.667,0.62,0.126,0.14,0.317,0,0,20.0,22.222222222
0.667,0.639,0.14,0.14,0.359,0,0.106,20.0,22.222222222
0.667,0.669,0.171,0.14,0.45,0,0.106,20.0,22.222222222
0.667,0.7,0.209,0.14,0.584,0,0.106,20.0,22.222222222
0.667,0.712,0.278,0.14,0.684,0,0.106,20.0,22.222222222
0.667,0.704,0.387,0.14,0.669,0,0.0707,20.0,22.222222222
0.667,0.684,0.48,0.14,0.553,0,0,20.0,22.222222222
0.667,0.644,0.464,0.14,0.426,0,0.212,20.0,22.222222222
0.806,0.587,0.175,0.269,0.226,0,0.0692,20.0,22.222222222
1,0.567,0.0771,0.281,0.131,0,0,20.0,22.222222222
1,0.564,0.0207,0.409,0.0587,0,0,20.0,22.222222222
1,0.563,0.0162,0.421,0.0528,0,0,18.333333333,22.222222222
1,0.563,0.0162,0.421,0.0528,0,0,18.333333333,22.222222222
1,0.563,0.0162,0.421,0.0528,0,0,18.333333333,22.222222222
1,0.563,0.0162,0.421,0.0528,0,0,18.333333333,22.222222222
1,0.563,0.0162,0.421,0.0528,0,0,18.333333333,22.222222222
1,0.563,0.0162,0.421,0.0528,0,0,18.333333333,22.222222222
1,0.606,0.055,0.164,0.303,0,0.092,18.333333333,22.222222222
0.694,0.593,0.0446,0.269,0.207,0,0.353,18.333333333,22.222222222
0.667,0.592,0.0488,0.281,0.197,0,0.141,18.333333333,22.222222222
0.972,0.618,0.0882,0.152,0.322,0,0.212,20.0,22.222222222
0.694,0.62,0.1,0.14,0.321,0,0.0707,20.0,22.222222222
0.667,0.62,0.106,0.14,0.312,0,0.141,20.0,22.222222222
0.667,0.62,0.119,0.14,0.309,0,0.141,20.0,22.222222222
0.667,0.62,0.126,0.14,0.317,0,0.106,20.0,22.222222222
0.667,0.639,0.14,0.14,0.359,0,0.0707,20.0,22.222222222
0.667,0.669,0.171,0.14,0.45,0,0.153,20.0,22.222222222
0.667,0.7,0.209,0.14,0.584,0,0.0891,20.0,22.222222222
0.667,0.712,0.278,0.14,0.684,0,0.18,20.0,22.222222222
0.361,0.64,0.213,0.269,0.388,0,0.0707,20.0,22.222222222
0.333,0.624,0.248,0.281,0.303,0,0,20.0,22.222222222
0.389,0.61,0.277,0.257,0.27,0,0.212,20.0,22.222222222
0.667,0.603,0.297,0.14,0.369,0,0.17,20.0,22.222222222
0.667,0.571,0.138,0.14,0.209,0,0.0892,20.0,22.222222222
0.528,0.561,0.0444,0.257,0.091,0,0.0752,20.0,22.222222222
0.333,0.563,0.0162,0.421,0.0528,0,0,18.333333333,22.222222222
0.333,0.563,0.0162,0.421,0.0528,0,0,18.333333333,22.222222222
0.333,0.563,0.0162,0.421,0.0528,0,0,18.333333333,22.222222222
0.944,0.563,0.0162,0.421,0.0528,0,0,18.333333333,22.222222222
1,0.561,0.0222,0.292,0.0842,0,0.465,18.333333333,22.222222222
1,0.574,0.0352,0.222,0.194,0,0.364,18.333333333,22.222222222
0.694,0.607,0.0573,0.14,0.32,0.917,0.203,18.333333333,22.222222222
0.667,0.619,0.0695,0.14,0.338,0.583,0.0353,18.333333333,22.222222222
0.667,0.62,0.0814,0.14,0.342,0.4,0.212,18.333333333,22.222222222
0.667,0.62,0.0909,0.14,0.334,0,0,20.0,22.222222222
0.667,0.62,0.1,0.14,0.321,0,0.141,20.0,22.222222222
0.667,0.62,0.106,0.14,0.312,0,0.0707,20.0,22.222222222
0.667,0.62,0.119,0.14,0.309,0,0.0353,20.0,22.222222222
0.361,0.594,0.0753,0.269,0.196,0,0,20.0,22.222222222
0.333,0.601,0.0779,0.281,0.206,0,0.424,20.0,22.222222222
0.333,0.616,0.0938,0.281,0.252,0.417,0.141,20.0,22.222222222
0.639,0.696,0.203,0.152,0.567,0.817,0.0353,20.0,22.222222222
0.667,0.712,0.278,0.14,0.684,0.4,0.0353,20.0,22.222222222
0.667,0.704,0.387,0.14,0.669,0,0,20.0,22.222222222
0.667,0.684,0.48,0.14,0.553,0,0.141,20.0,22.222222222
0.667,0.609,0.26,0.269,0.26,0,0,20.0,22.222222222
0.722,0.579,0.123,0.316,0.172,0,0,20.0,22.222222222
1,0.566,0.0544,0.339,0.101,0,0.281,20.0,22.222222222
1,0.563,0.0162,0.421,0.0528,0,0,20.0,22.222222222
1,0.563,0.0162,0.421,0.0528,0,0,18.333333333,22.222222222
1,0.563,0.0162,0.421,0.0528,0,0,18.333333333,22.222222222
1,0.563,0.0162,0.421,0.0528,0,0,18.333333333,22.222222222
1,0.563,0.0162,0.421,0.0528,0,0,18.333333333,22.222222222
1,0.563,0.0162,0.421,0.0528,0,0,18.333333333,22.222222222
1,0.563,0.0162,0.421,0.0528,0,0,18.333333333,22.222222222
1,0.585,0.0356,0.292,0.178,0,0.177,18.333333333,22.222222222
1,0.629,0.079,0.0936,0.386,0,0.28,18.333333333,22.222222222
0.861,0.637,0.1,0.0585,0.426,0,0,18.333333333,22.222222222
0.667,0.62,0.0909,0.14,0.334,0.417,0.212,20.0,22.222222222
0.583,0.613,0.0896,0.175,0.288,0.4,0.205,20.0,22.222222222
0.667,0.62,0.106,0.14,0.312,0,0.396,20.0,22.222222222
0.667,0.62,0.119,0.14,0.309,0,0,20.0,22.222222222
0.667,0.62,0.126,0.14,0.317,0,0.353,20.0,22.222222222
0.667,0.639,0.14,0.14,0.359,0,0.141,20.0,22.222222222
0.667,0.669,0.171,0.14,0.45,0,0.0707,20.0,22.222222222
0.667,0.7,0.209,0.14,0.584,0,0,20.0,22.222222222
0.667,0.712,0.278,0.14,0.684,0,0.283,20.0,22.222222222
0.667,0.704,0.387,0.14,0.669,0,0.0707,20.0,22.222222222
0.667,0.659,0.382,0.199,0.451,0,0,20.0,22.222222222
0.722,0.594,0.185,0.316,0.194,0,0,20.0,22.222222222
1,0.576,0.101,0.339,0.146,0,0,20.0,22.222222222
1,0.563,0.0162,0.421,0.0528,0,0,20.0,22.222222222
1,0.563,0.0162,0.421,0.0528,0,0,20.0,22.222222222
1,0.563,0.0162,0.421,0.0528,0,0,18.333333333,22.222222222
1,0.563,0.0162,0.421,0.0528,0,0,18.333333333,22.222222222
1,0.563,0.0162,0.421,0.0528,0,0,18.333333333,22.222222222
1,0.561,0.018,0.292,0.0543,0,0.0911,18.333333333,22.222222222
1,0.561,0.0224,0.281,0.0843,0,0.0353,18.333333333,22.222222222
1,0.57,0.0295,0.281,0.151,0,0,18.333333333,22.222222222
1,0.595,0.0456,0.222,0.243,0.417,0.0865,18.333333333,22.222222222
1,0.646,0.0943,0.0117,0.469,0.117,0.38,18.333333333,22.222222222
1,0.649,0.114,0,0.486,0.667,0.0353,18.333333333,22.222222222
0.694,0.623,0.0937,0.129,0.346,0.15,0.106,20.0,22.222222222
0.667,0.62,0.1,0.14,0.321,0,0.283,20.0,22.222222222
0.667,0.62,0.106,0.14,0.312,0,0.283,20.0,22.222222222
0.667,0.62,0.119,0.14,0.309,0,0.0353,20.0,22.222222222
0.667,0.62,0.126,0.14,0.317,0,0.141,20.0,22.222222222
0.667,0.639,0.14,0.14,0.359,0,0.0353,20.0,22.222222222
0.667,0.669,0.171,0.14,0.45,0,0,20.0,22.222222222
0.972,0.764,0.299,0.0117,0.833,0.267,0.311,20.0,22.222222222
0.833,0.749,0.342,0.0702,0.84,0,0.0707,20.0,22.222222222
0.694,0.71,0.398,0.129,0.696,0,0.177,20.0,22.222222222
0.667,0.684,0.48,0.14,0.553,0,0.0707,20.0,22.222222222
0.667,0.644,0.464,0.14,0.426,0,0.143,20.0,22.222222222
0.667,0.603,0.297,0.14,0.369,0,0.232,20.0,22.222222222
0.667,0.57,0.102,0.234,0.162,0,0.155,20.0,22.222222222
0.667,0.564,0.0211,0.414,0.0564,0,0,20.0,22.222222222
0.667,0.563,0.0185,0.421,0.0528,0,0,18.333333333,22.222222222
0.667,0.563,0.0185,0.421,0.0528,0,0,18.333333333,22.222222222
0.667,0.563,0.0185,0.421,0.0528,0,0,18.333333333,22.222222222
0.983,0.563,0.0185,0.421,0.0528,0,0,18.333333333,22.222222222
1,0.563,0.0185,0.421,0.0528,0,0,18.333333333,22.222222222
1,0.563,0.0185,0.421,0.0528,0,0,18.333333333,22.222222222
1,0.714,0.0785,0.154,0.32,0,0.455,18.333333333,22.222222222
0.917,0.713,0.114,0.175,0.314,0,0.424,18.333333333,22.222222222
0.767,0.756,0.188,0.105,0.398,0.267,0.42,18.333333333,22.222222222
0.6,0.718,0.183,0.168,0.321,0,0.195,20.0,22.222222222
0.0167,0.568,0.0231,0.414,0.0602,0,0,20.0,22.222222222
0,0.563,0.0185,0.421,0.0528,0,0,20.0,22.222222222
0,0.563,0.0185,0.421,0.0528,0,0,20.0,22.222222222
0,0.563,0.0185,0.421,0.0528,0,0,20.0,22.222222222
0.317,0.563,0.0185,0.421,0.0528,0,0,20.0,22.222222222
0.333,0.563,0.0185,0.421,0.0528,0,0,20.0,22.222222222
0.717,0.722,0.226,0.26,0.398,0.2,0.212,20.0,22.222222222
1,0.786,0.347,0.204,0.575,0.917,0.106,20.0,22.222222222
0.767,0.701,0.299,0.281,0.361,0,0.302,20.0,22.222222222
0.667,0.689,0.35,0.281,0.289,0,0.0861,20.0,22.222222222
0.9,0.732,0.544,0.182,0.351,0,0.0856,20.0,22.222222222
1,0.679,0.328,0.204,0.291,0,0,20.0,22.222222222
0.989,0.616,0.107,0.281,0.128,0,0,20.0,22.222222222
1,0.61,0.0536,0.281,0.0814,0,0,20.0,22.222222222
1,0.589,0.0267,0.344,0.0585,0,0,18.333333333,22.222222222
1,0.563,0.0185,0.421,0.0528,0,0,18.333333333,22.222222222
1,0.563,0.0185,0.421,0.0528,0,0,18.333333333,22.222222222
1,0.563,0.0185,0.421,0.0528,0,0,18.333333333,22.222222222
1,0.563,0.0185,0.421,0.0528,0,0,18.333333333,22.222222222
1,0.689,0.0498,0.126,0.278,0.833,0.407,18.333333333,22.222222222
1,0.798,0.111,0,0.469,0.45,0.575,18.333333333,22.222222222
0.683,0.738,0.13,0.133,0.358,0.1,0.438,18.333333333,22.222222222
0.283,0.636,0.0814,0.302,0.183,0,0.166,18.333333333,22.222222222
0,0.563,0.0185,0.421,0.0528,0,0,20.0,22.222222222
0.317,0.645,0.115,0.288,0.188,0.95,0.141,20.0,22.222222222
0.1,0.589,0.051,0.379,0.0943,0.45,0.0353,20.0,22.222222222
0,0.563,0.0185,0.421,0.0528,0,0,20.0,22.222222222
0,0.563,0.0185,0.421,0.0528,0,0,20.0,22.222222222
0,0.563,0.0185,0.421,0.0528,0,0,20.0,22.222222222
0.233,0.646,0.141,0.323,0.211,0,0.0353,20.0,22.222222222
0.333,0.7,0.199,0.281,0.349,0,0.0353,20.0,22.222222222
0.65,0.844,0.434,0.147,0.712,0,0.283,20.0,22.222222222
0.667,0.839,0.579,0.14,0.669,0,0.295,20.0,22.222222222
0.667,0.789,0.615,0.168,0.48,0,0.0434,20.0,22.222222222
0.667,0.619,0.189,0.344,0.151,0,0.136,20.0,22.222222222
0.817,0.563,0.0185,0.421,0.0528,0,0,20.0,22.222222222
1,0.565,0.0213,0.416,0.0552,0,0,20.0,22.222222222
1,0.563,0.0164,0.421,0.0528,0,0,20.0,22.222222222
1,0.563,0.0162,0.421,0.0528,0,0,18.333333333,22.222222222
1,0.563,0.0162,0.421,0.0528,0,0,18.333333333,22.222222222
1,0.563,0.0162,0.421,0.0528,0,0,18.333333333,22.222222222
1,0.563,0.0162,0.421,0.0528,0,0,18.333333333,22.222222222
1,0.563,0.0162,0.421,0.0528,0,0,18.333333333,22.222222222
0.472,0.563,0.0162,0.421,0.0528,0,0,18.333333333,22.222222222
0.333,0.563,0.0162,0.421,0.0528,0,0,18.333333333,22.222222222
0.333,0.563,0.0162,0.421,0.0528,0,0,18.333333333,22.222222222
0.389,0.578,0.0238,0.398,0.0784,0,0,18.333333333,22.222222222
0.361,0.571,0.02,0.409,0.0656,0,0,20.0,22.222222222
0.111,0.585,0.0307,0.386,0.0884,0,0.104,20.0,22.222222222
0,0.563,0.0162,0.421,0.0528,0,0,20.0,22.222222222
0.222,0.62,0.0629,0.327,0.144,0,0.106,20.0,22.222222222
0.556,0.706,0.14,0.187,0.289,0,0.247,20.0,22.222222222
0.667,0.759,0.183,0.14,0.388,0.167,0.0707,20.0,22.222222222
0.667,0.797,0.225,0.14,0.496,0.383,0.0353,20.0,22.222222222
0.667,0.836,0.275,0.14,0.641,0,0.247,20.0,22.222222222
0.667,0.851,0.366,0.14,0.725,0,0.106,20.0,22.222222222
0.444,0.748,0.341,0.234,0.467,0,0.318,20.0,22.222222222
0.556,0.772,0.533,0.187,0.447,0,0.0353,20.0,22.222222222
0.667,0.765,0.612,0.14,0.41,0,0,20.0,22.222222222
0.667,0.713,0.39,0.14,0.361,0,0,20.0,22.222222222
0.972,0.651,0.15,0.199,0.179,0,0,20.0,22.222222222
1,0.611,0.0472,0.281,0.0829,0,0,20.0,22.222222222
1,0.579,0.0211,0.374,0.0572,0,0,18.333333333,22.222222222
1,0.563,0.0162,0.421,0.0528,0,0,18.333333333,22.222222222
1,0.563,0.0162,0.421,0.0528,0,0,18.333333333,22.222222222
1,0.563,0.0162,0.421,0.0528,0,0,18.333333333,22.222222222
1,0.563,0.0162,0.421,0.0528,0,0,18.333333333,22.222222222
1,0.563,0.0162,0.421,0.0528,0,0,18.333333333,22.222222222
1,0.669,0.0558,0.234,0.24,0,0.106,18.333333333,22.222222222
0.694,0.691,0.0713,0.211,0.276,0,0.186,18.333333333,22.222222222
0.667,0.735,0.106,0.14,0.359,0,0.395,18.333333333,22.222222222
0.667,0.735,0.119,0.14,0.351,0.417,0.177,20.0,22.222222222
0.667,0.735,0.131,0.14,0.338,0.133,0.0353,20.0,22.222222222
0.667,0.735,0.138,0.14,0.329,0,0.285,20.0,22.222222222
0.667,0.735,0.155,0.14,0.325,0,0.216,20.0,22.222222222
0.667,0.735,0.164,0.14,0.336,0,0.0707,20.0,22.222222222
0.667,0.759,0.183,0.14,0.388,0,0.364,20.0,22.222222222
0.667,0.797,0.225,0.14,0.496,0.267,0.45,20.0,22.222222222
0.444,0.744,0.187,0.234,0.441,0,0.32,20.0,22.222222222
0.639,0.839,0.355,0.152,0.7,0.267,0.318,20.0,22.222222222
0.667,0.84,0.509,0.14,0.671,0,0,20.0,22.222222222
0.667,0.815,0.633,0.14,0.531,0,0,20.0,22.222222222
0.667,0.765,0.612,0.14,0.41,0,0.16,20.0,22.222222222
0.722,0.713,0.39,0.14,0.361,0,0.14,20.0,22.222222222
1,0.637,0.132,0.234,0.161,0,0.014,20.0,22.222222222
1,0.568,0.0223,0.409,0.0587,0,0,20.0,22.222222222
1,0.571,0.0179,0.398,0.0543,0,0,18.333333333,22.222222222
1,0.567,0.0171,0.409,0.0535,0,0,18.333333333,22.222222222
1,0.563,0.0162,0.421,0.0528,0,0,18.333333333,22.222222222
1,0.563,0.0162,0.421,0.0528,0,0,18.333333333,22.222222222
1,0.563,0.0162,0.421,0.0528,0,0,18.333333333,22.222222222
0.778,0.578,0.0212,0.386,0.0796,0,0.0353,18.333333333,22.222222222
0.667,0.563,0.0162,0.421,0.0528,0,0,18.333333333,22.222222222
0.667,0.642,0.0507,0.292,0.19,0,0.155,18.333333333,22.222222222
0.667,0.649,0.0611,0.281,0.206,0,0.0353,18.333333333,22.222222222
0.667,0.728,0.115,0.152,0.338,0,0.359,20.0,22.222222222
0.667,0.735,0.131,0.14,0.338,0,0.294,20.0,22.222222222
0.444,0.678,0.0974,0.234,0.237,0.667,0.106,20.0,22.222222222
0.333,0.649,0.0856,0.281,0.189,0.45,0.233,20.0,22.222222222
0.306,0.642,0.0841,0.292,0.182,0.55,0.245,20.0,22.222222222
0.667,0.759,0.183,0.14,0.388,0,0.0353,20.0,22.222222222
0.667,0.797,0.225,0.14,0.496,0,0.141,20.0,22.222222222
0.75,0.87,0.308,0.105,0.716,0,0.124,20.0,22.222222222
0.667,0.851,0.366,0.14,0.725,0,0.0353,20.0,22.222222222
0.667,0.84,0.509,0.14,0.671,0,0.0353,20.0,22.222222222
0.667,0.815,0.633,0.14,0.531,0,0.0707,20.0,22.222222222
0.722,0.699,0.414,0.234,0.294,0,0,20.0,22.222222222
1,0.572,0.0409,0.409,0.0673,0,0,20.0,22.222222222
1,0.563,0.0162,0.421,0.0528,0,0,20.0,22.222222222
1,0.606,0.041,0.292,0.077,0,0.162,20.0,22.222222222
1,0.567,0.0185,0.409,0.055,0,0.116,18.333333333,22.222222222
1,0.563,0.0162,0.421,0.0528,0,0,18.333333333,22.222222222
1,0.563,0.0162,0.421,0.0528,0,0,18.333333333,22.222222222
1,0.563,0.0162,0.421,0.0528,0,0,18.333333333,22.222222222
1,0.563,0.0162,0.421,0.0528,0,0,18.333333333,22.222222222
1,0.563,0.0162,0.421,0.0528,0,0,18.333333333,22.222222222
1,0.636,0.0434,0.292,0.182,0,0.0707,18.333333333,22.222222222
1,0.648,0.0532,0.281,0.202,0,0,18.333333333,22.222222222
1,0.728,0.103,0.152,0.347,0,0.106,18.333333333,22.222222222
1,0.735,0.119,0.14,0.351,0,0.106,20.0,22.222222222
0.694,0.656,0.0778,0.269,0.208,0,0.106,20.0,22.222222222
0.722,0.663,0.0875,0.257,0.214,0,0,20.0,22.222222222
1,0.699,0.126,0.199,0.269,0,0.283,20.0,22.222222222
1,0.763,0.19,0.0936,0.383,0,0.377,20.0,22.222222222
1,0.856,0.266,0,0.555,0,0.15,20.0,22.222222222
1,0.913,0.329,0,0.718,0,0.44,20.0,22.222222222
0.694,0.845,0.284,0.129,0.66,0,0.322,20.0,22.222222222
0.667,0.851,0.366,0.14,0.725,0,0.141,20.0,22.222222222
0.667,0.84,0.509,0.14,0.671,0,0.0707,20.0,22.222222222
0.972,0.929,0.92,0.0117,0.745,0,0.164,20.0,22.222222222
1,0.849,0.861,0.0234,0.559,0,0.311,20.0,22.222222222
1,0.713,0.39,0.14,0.361,0,0.201,20.0,22.222222222
1,0.642,0.138,0.222,0.167,0,0.157,20.0,22.222222222
1,0.563,0.0162,0.421,0.0528,0,0,20.0,22.222222222
1,0.563,0.0162,0.421,0.0528,0,0,18.333333333,22.222222222
1,0.563,0.0162,0.421,0.0528,0,0,18.333333333,22.222222222
1,0.563,0.0162,0.421,0.0528,0,0,18.333333333,22.222222222
1,0.563,0.0162,0.421,0.0528,0,0,18.333333333,22.222222222
1,0.563,0.0162,0.421,0.0528,0,0,18.333333333,22.222222222
1,0.618,0.0346,0.292,0.151,0,0.0353,18.333333333,22.222222222
1,0.713,0.0724,0.152,0.319,0,0.142,18.333333333,22.222222222
0.694,0.655,0.0556,0.269,0.213,0,0.248,18.333333333,22.222222222
0.444,0.67,0.0724,0.246,0.244,0,0.49,18.333333333,22.222222222
0.639,0.728,0.115,0.152,0.338,0,0.106,20.0,22.222222222
0.611,0.72,0.121,0.164,0.315,0,0.447,20.0,22.222222222
0.472,0.685,0.103,0.222,0.248,0,0.12,20.0,22.222222222
0.667,0.735,0.155,0.14,0.325,0,0,20.0,22.222222222
0.667,0.735,0.164,0.14,0.336,0,0.0353,20.0,22.222222222
0.667,0.759,0.183,0.14,0.388,0,0.0353,20.0,22.222222222
0.667,0.797,0.225,0.14,0.496,0,0.0353,20.0,22.222222222
0.667,0.836,0.275,0.14,0.641,0.267,0.283,20.0,22.222222222
0.667,0.851,0.366,0.14,0.725,0,0.0707,20.0,22.222222222
0.667,0.737,0.32,0.246,0.441,0.167,0.0353,20.0,22.222222222
0.667,0.815,0.633,0.14,0.531,0.383,0,20.0,22.222222222
0.667,0.765,0.612,0.14,0.41,0,0,20.0,22.222222222
0.722,0.61,0.139,0.339,0.145,0,0,20.0,22.222222222
1,0.618,0.0984,0.281,0.131,0,0.0952,20.0,22.222222222
1,0.566,0.0221,0.414,0.0564,0,0,20.0,22.222222222
1,0.563,0.0185,0.421,0.0528,0,0,18.333333333,22.222222222
1,0.563,0.0185,0.421,0.0528,0,0,18.333333333,22.222222222
1,0.563,0.0185,0.421,0.0528,0,0,18.333333333,22.222222222
1,0.563,0.0185,0.421,0.0528,0,0,18.333333333,22.222222222
1,0.563,0.0185,0.421,0.0528,0,0,18.333333333,22.222222222
1,0.563,0.0185,0.421,0.0528,0,0,18.333333333,22.222222222
1,0.599,0.0327,0.358,0.116,0,0.195,18.333333333,22.222222222
0.85,0.692,0.102,0.211,0.277,0,0.106,18.333333333,22.222222222
0.35,0.568,0.0213,0.414,0.0603,0,0,18.333333333,22.222222222
0.333,0.645,0.106,0.288,0.194,0,0.212,20.0,22.222222222
0.267,0.632,0.0995,0.309,0.167,0,0.0353,20.0,22.222222222
0,0.563,0.0185,0.421,0.0528,0,0,20.0,22.222222222
0,0.563,0.0185,0.421,0.0528,0,0,20.0,22.222222222
0.15,0.602,0.0861,0.358,0.117,0,0.251,20.0,22.222222222
0.1,0.592,0.0675,0.379,0.102,0,0.0707,20.0,22.222222222
0,0.563,0.0185,0.421,0.0528,0,0,20.0,22.222222222
0.15,0.625,0.0999,0.358,0.188,0.267,0.0353,20.0,22.222222222
0.567,0.808,0.381,0.182,0.627,0,0.106,20.0,22.222222222
0.667,0.839,0.579,0.14,0.669,0,0.106,20.0,22.222222222
0.667,0.814,0.682,0.14,0.526,0,0,20.0,22.222222222
0.667,0.763,0.637,0.14,0.406,0,0.141,20.0,22.222222222
0.667,0.697,0.376,0.168,0.33,0,0,20.0,22.222222222
0.678,0.617,0.108,0.281,0.128,0,0.0353,20.0,22.222222222
0.983,0.589,0.039,0.344,0.0696,0,0.0353,20.0,22.222222222
1,0.563,0.0185,0.421,0.0528,0,0,18.333333333,22.222222222
1,0.563,0.0185,0.421,0.0528,0,0,18.333333333,22.222222222
1,0.563,0.0185,0.421,0.0528,0,0,18.333333333,22.222222222
1,0.563,0.0185,0.421,0.0528,0,0,18.333333333,22.222222222
1,0.563,0.0185,0.421,0.0528,0,0,18.333333333,22.222222222
1,0.59,0.0252,0.358,0.101,0,0.131,18.333333333,22.222222222
1,0.677,0.0635,0.218,0.255,0.45,0.428,18.333333333,22.222222222
0.783,0.678,0.0919,0.232,0.254,0.383,0.31,18.333333333,22.222222222
0.333,0.563,0.0185,0.421,0.0528,0,0,18.333333333,22.222222222
0.333,0.563,0.0185,0.421,0.0528,0,0,20.0,22.222222222
0.333,0.563,0.0185,0.421,0.0528,0,0,20.0,22.222222222
0.1,0.585,0.046,0.386,0.0872,0,0.0353,20.0,22.222222222
0,0.563,0.0185,0.421,0.0528,0,0,20.0,22.222222222
0,0.563,0.0185,0.421,0.0528,0,0,20.0,22.222222222
0.0667,0.583,0.0517,0.393,0.0867,0,0,20.0,22.222222222
0.483,0.734,0.271,0.218,0.378,0,0.283,20.0,22.222222222
0.667,0.837,0.38,0.14,0.646,0,0.106,20.0,22.222222222
0.667,0.851,0.444,0.14,0.727,0,0.0707,20.0,22.222222222
0.667,0.839,0.579,0.14,0.669,0,0.0353,20.0,22.222222222
0.667,0.814,0.682,0.14,0.526,0,0.245,20.0,22.222222222
0.667,0.763,0.637,0.14,0.406,0,0.325,20.0,22.222222222
0.667,0.642,0.232,0.274,0.215,0,0.181,20.0,22.222222222
0.667,0.617,0.108,0.281,0.128,0,0,20.0,22.222222222
0.667,0.568,0.0234,0.409,0.0587,0,0,20.0,22.222222222
0.667,0.563,0.0162,0.421,0.0528,0,0,18.333333333,22.222222222
0.722,0.563,0.0162,0.421,0.0528,0,0,18.333333333,22.222222222
1,0.563,0.0162,0.421,0.0528,0,0,18.333333333,22.222222222
1,0.563,0.0162,0.421,0.0528,0,0,18.333333333,22.222222222
1,0.563,0.0162,0.421,0.0528,0,0,18.333333333,22.222222222
1,0.563,0.0162,0.421,0.0528,0,0,18.333333333,22.222222222
1,0.708,0.0707,0.164,0.31,0,0.236,18.333333333,22.222222222
0.861,0.698,0.0744,0.199,0.288,0,0.371,18.333333333,22.222222222
0.5,0.685,0.08,0.222,0.27,0,0,18.333333333,22.222222222
0.667,0.735,0.119,0.14,0.351,0,0.0353,20.0,22.222222222
0.667,0.735,0.131,0.14,0.338,0,0,20.0,22.222222222
0.667,0.735,0.138,0.14,0.329,0,0.389,20.0,22.222222222
0.667,0.735,0.155,0.14,0.325,0,0.212,20.0,22.222222222
0.667,0.735,0.164,0.14,0.336,0,0.106,20.0,22.222222222
0.667,0.759,0.183,0.14,0.388,0.267,0.141,20.0,22.222222222
0.667,0.797,0.225,0.14,0.496,0,0.106,20.0,22.222222222
0.667,0.836,0.275,0.14,0.641,0,0.0353,20.0,22.222222222
0.361,0.719,0.202,0.269,0.414,0,0.247,20.0,22.222222222
0.639,0.828,0.494,0.152,0.643,0,0.0353,20.0,22.222222222
0.667,0.794,0.58,0.164,0.492,0,0.179,20.0,22.222222222
0.667,0.664,0.314,0.281,0.231,0,0,20.0,22.222222222
0.889,0.687,0.321,0.187,0.309,0,0.0788,20.0,22.222222222
1,0.624,0.113,0.269,0.143,0,0,20.0,22.222222222
1,0.579,0.0291,0.374,0.0653,0,0,20.0,22.222222222
1,0.563,0.0162,0.421,0.0528,0,0,18.333333333,22.222222222
1,0.563,0.0162,0.421,0.0528,0,0,18.333333333,22.222222222
1,0.563,0.0162,0.421,0.0528,0,0,18.333333333,22.222222222
1,0.563,0.0162,0.421,0.0528,0,0,18.333333333,22.222222222
1,0.594,0.0231,0.327,0.0765,0,0.142,18.333333333,22.222222222
1,0.622,0.0355,0.281,0.154,0,0.253,18.333333333,22.222222222
1,0.713,0.0724,0.152,0.319,0,0.0981,18.333333333,22.222222222
0.944,0.719,0.0838,0.164,0.325,0,0.462,18.333333333,22.222222222
0.667,0.649,0.0611,0.281,0.206,0,0.244,18.333333333,22.222222222
0.667,0.728,0.115,0.152,0.338,0,0.122,20.0,22.222222222
0.667,0.735,0.131,0.14,0.338,0,0.0707,20.0,22.222222222
0.444,0.678,0.0974,0.234,0.237,0,0.106,20.0,22.222222222
0.639,0.728,0.15,0.152,0.314,0.55,0.163,20.0,22.222222222
0.444,0.678,0.115,0.234,0.241,0,0.0707,20.0,22.222222222
0.333,0.661,0.0995,0.281,0.22,0,0.106,20.0,22.222222222
0.333,0.68,0.12,0.281,0.274,0,0.106,20.0,22.222222222
0.639,0.826,0.266,0.152,0.622,0,0.331,20.0,22.222222222
0.528,0.791,0.292,0.199,0.583,0,0.339,20.0,22.222222222
0.333,0.702,0.263,0.281,0.362,0,0.209,20.0,22.222222222
0.556,0.752,0.481,0.211,0.408,0,0.0707,20.0,22.222222222
0.889,0.73,0.512,0.187,0.347,0,0.133,20.0,22.222222222
1,0.598,0.11,0.363,0.12,0,0.0524,20.0,22.222222222
1,0.563,0.0162,0.421,0.0528,0,0,20.0,22.222222222
1,0.563,0.0162,0.421,0.0528,0,0,20.0,22.222222222
1,0.563,0.0162,0.421,0.0528,0,0,18.333333333,22.222222222
1,0.563,0.0162,0.421,0.0528,0,0,18.333333333,22.222222222
1,0.563,0.0162,0.421,0.0528,0,0,18.333333333,22.222222222
1,0.563,0.0162,0.421,0.0528,0,0,18.333333333,22.222222222
1,0.563,0.0162,0.421,0.0528,0,0,18.333333333,22.222222222
1,0.563,0.0162,0.421,0.0528,0,0,18.333333333,22.222222222
1,0.636,0.0434,0.292,0.182,0,0.281,18.333333333,22.222222222
1,0.727,0.0876,0.152,0.339,0,0.202,18.333333333,22.222222222
1,0.735,0.106,0.14,0.359,0,0.0954,18.333333333,22.222222222
1,0.735,0.119,0.14,0.351,0,0.313,20.0,22.222222222
1,0.813,0.184,0.0117,0.469,0,0.244,20.0,22.222222222
0.944,0.806,0.189,0.0234,0.444,0,0.0353,20.0,22.222222222
0.583,0.713,0.137,0.175,0.291,0.55,0.177,20.0,22.222222222
0.667,0.735,0.164,0.14,0.336,0,0.106,20.0,22.222222222
0.667,0.759,0.183,0.14,0.388,0,0.0707,20.0,22.222222222
0.667,0.797,0.225,0.14,0.496,0,0.141,20.0,22.222222222
0.528,0.778,0.22,0.199,0.516,0.667,0,20.0,22.222222222
0.333,0.707,0.191,0.281,0.389,1,0.0707,20.0,22.222222222
0.778,0.885,0.6,0.0936,0.77,0.583,0,20.0,22.222222222
0.778,0.858,0.732,0.0936,0.615,0,0.177,20.0,22.222222222
0.667,0.765,0.612,0.14,0.41,0,0,20.0,22.222222222
0.972,0.701,0.361,0.164,0.336,0,0.0593,20.0,22.222222222
1,0.583,0.0494,0.374,0.0833,0,0.264,20.0,22.222222222
1,0.563,0.0162,0.421,0.0528,0,0,20.0,22.222222222
1,0.563,0.0162,0.421,0.0528,0,0,18.333333333,22.222222222
1,0.563,0.0162,0.421,0.0528,0,0,18.333333333,22.222222222
1,0.563,0.0162,0.421,0.0528,0,0,18.333333333,22.222222222
1,0.563,0.0162,0.421,0.0528,0,0,18.333333333,22.222222222
1,0.563,0.0162,0.421,0.0528,0,0,18.333333333,22.222222222
1,0.588,0.0246,0.363,0.0975,0,0.0699,18.333333333,22.222222222
1,0.641,0.0451,0.281,0.19,0,0.572,18.333333333,22.222222222
0.861,0.77,0.106,0.0819,0.413,0.55,0.0963,18.333333333,22.222222222
0.444,0.678,0.0756,0.234,0.257,0,0.177,18.333333333,22.222222222
0.472,0.685,0.0889,0.222,0.264,0,0.106,20.0,22.222222222
0.667,0.735,0.131,0.14,0.338,0,0.0353,20.0,22.222222222
0.667,0.735,0.138,0.14,0.329,0.267,0.141,20.0,22.222222222
0.611,0.72,0.143,0.164,0.303,0,0.212,20.0,22.222222222
0.389,0.663,0.103,0.257,0.218,0,0.0353,20.0,22.222222222
0.583,0.734,0.162,0.175,0.345,0,0.212,20.0,22.222222222
0.667,0.797,0.225,0.14,0.496,0,0,20.0,22.222222222
0.667,0.836,0.275,0.14,0.641,0,0.0353,20.0,22.222222222
0.667,0.851,0.366,0.14,0.725,0,0,20.0,22.222222222
0.667,0.84,0.509,0.14,0.671,0,0.0353,20.0,22.222222222
0.667,0.815,0.633,0.14,0.531,0,0,20.0,22.222222222
0.667,0.716,0.464,0.211,0.323,0,0.179,20.0,22.222222222
0.667,0.713,0.39,0.14,0.361,0,0,20.0,22.222222222
0.667,0.624,0.113,0.269,0.143,0,0,20.0,22.222222222
0.667,0.611,0.0472,0.281,0.0829,0,0.106,20.0,22.222222222
0.667,0.567,0.0185,0.409,0.055,0,0,18.333333333,22.222222222
0.972,0.606,0.0185,0.292,0.0528,0,0.0707,18.333333333,22.222222222
1,0.591,0.0168,0.339,0.0528,0,0,18.333333333,22.222222222
1,0.563,0.0162,0.421,0.0528,0,0,18.333333333,22.222222222
1,0.563,0.0162,0.421,0.0528,0,0,18.333333333,22.222222222
1,0.643,0.043,0.234,0.196,0,0.266,18.333333333,22.222222222
0.694,0.646,0.0468,0.269,0.199,0,0.0916,18.333333333,22.222222222
0.583,0.627,0.0438,0.316,0.164,0,0,18.333333333,22.222222222
0.667,0.649,0.0611,0.281,0.206,0,0.177,18.333333333,22.222222222
0.528,0.613,0.0458,0.339,0.14,0,0.177,20.0,22.222222222
0.333,0.642,0.0692,0.292,0.183,0,0.0353,20.0,22.222222222
0.5,0.692,0.108,0.211,0.259,0.833,0.0353,20.0,22.222222222
0.333,0.649,0.0856,0.281,0.189,0,0.177,20.0,22.222222222
0.472,0.685,0.121,0.222,0.253,0,0.212,20.0,22.222222222
0.667,0.759,0.183,0.14,0.388,0.167,0,20.0,22.222222222
0.722,0.816,0.242,0.117,0.534,0.383,0.172,20.0,22.222222222
1,0.972,0.404,0,0.935,0,0.23,20.0,22.222222222
0.778,0.898,0.422,0.0936,0.834,0,0.182,20.0,22.222222222
0.667,0.84,0.509,0.14,0.671,0,0.141,20.0,22.222222222
0.972,0.929,0.92,0.0117,0.745,0,0.342,20.0,22.222222222
0.917,0.841,0.836,0.0351,0.545,0,0.445,20.0,22.222222222
1,0.788,0.578,0,0.516,0,0.0711,20.0,22.222222222
1,0.67,0.183,0.152,0.209,0,0,20.0,22.222222222
1,0.601,0.0464,0.309,0.0762,0,0,20.0,22.222222222
1,0.563,0.0185,0.421,0.0528,0,0,18.333333333,22.222222222
1,0.563,0.0185,0.421,0.0528,0,0,18.333333333,22.222222222
1,0.563,0.0185,0.421,0.0528,0,0,18.333333333,22.222222222
1,0.563,0.0185,0.421,0.0528,0,0,18.333333333,22.222222222
0.85,0.563,0.0185,0.421,0.0528,0,0,18.333333333,22.222222222
0.9,0.605,0.029,0.323,0.128,0,0.0353,18.333333333,22.222222222
1,0.642,0.0493,0.281,0.192,0,0.247,18.333333333,22.222222222
0.933,0.67,0.0875,0.246,0.239,0,0.504,18.333333333,22.222222222
0.517,0.611,0.0595,0.344,0.137,0,0,18.333333333,22.222222222
0.333,0.563,0.0185,0.421,0.0528,0,0,20.0,22.222222222
0.0167,0.563,0.0185,0.421,0.0528,0,0,20.0,22.222222222
0,0.563,0.0185,0.421,0.0528,0,0,20.0,22.222222222
0.0667,0.581,0.0447,0.393,0.08,0,0.122,20.0,22.222222222
0.333,0.649,0.168,0.281,0.194,0,0.212,20.0,22.222222222
0.333,0.661,0.184,0.281,0.221,0,0.162,20.0,22.222222222
0.333,0.681,0.193,0.281,0.276,0,0.141,20.0,22.222222222
0.567,0.797,0.326,0.182,0.56,0,0.141,20.0,22.222222222
0.667,0.851,0.444,0.14,0.727,0,0.0707,20.0,22.222222222
0.667,0.839,0.579,0.14,0.669,0,0,20.0,22.222222222
0.667,0.814,0.682,0.14,0.526,0,0,20.0,22.222222222
0.667,0.719,0.499,0.204,0.328,0,0.0353,20.0,22.222222222
0.983,0.706,0.399,0.147,0.351,0,0.379,20.0,22.222222222
1,0.621,0.117,0.274,0.136,0,0,20.0,22.222222222
1,0.566,0.0227,0.414,0.0564,0,0,20.0,22.222222222
1,0.563,0.0185,0.421,0.0528,0,0,18.333333333,22.222222222
1,0.563,0.0185,0.421,0.0528,0,0,18.333333333,22.222222222
1,0.563,0.0185,0.421,0.0528,0,0,18.333333333,22.222222222
1,0.563,0.0185,0.421,0.0528,0,0,18.333333333,22.222222222
1,0.563,0.0185,0.421,0.0528,0,0,18.333333333,22.222222222
1,0.563,0.0185,0.421,0.0528,0,0,18.333333333,22.222222222
1,0.599,0.0327,0.358,0.116,0,0.165,18.333333333,22.222222222
0.933,0.713,0.116,0.175,0.314,0,0.28,18.333333333,22.222222222
0.35,0.568,0.0213,0.414,0.0603,0,0,18.333333333,22.222222222
0.333,0.563,0.0185,0.421,0.0528,0,0,20.0,22.222222222
0.333,0.563,0.0185,0.421,0.0528,0,0,20.0,22.222222222
0.333,0.563,0.0185,0.421,0.0528,0,0,20.0,22.222222222
0.333,0.563,0.0185,0.421,0.0528,0,0,20.0,22.222222222
0.333,0.563,0.0185,0.421,0.0528,0,0,20.0,22.222222222
0.417,0.657,0.176,0.288,0.214,0,0.106,20.0,22.222222222
0.333,0.681,0.193,0.281,0.276,0,0.247,20.0,22.222222222
0.583,0.803,0.335,0.175,0.575,0,0.283,20.0,22.222222222
0.567,0.808,0.381,0.182,0.627,0,0,20.0,22.222222222
0.667,0.839,0.579,0.14,0.669,0,0.0707,20.0,22.222222222
0.9,0.901,0.916,0.0421,0.689,0,0.0707,20.0,22.222222222
1,0.863,0.947,0,0.582,0,0.362,20.0,22.222222222
1,0.683,0.343,0.196,0.3,0,0.114,20.0,22.222222222
1,0.595,0.0731,0.339,0.0983,0,0,20.0,22.222222222
1,0.563,0.0164,0.421,0.0528,0,0,20.0,22.222222222
1,0.563,0.0162,0.421,0.0528,0,0,18.333333333,22.222222222
1,0.563,0.0162,0.421,0.0528,0,0,18.333333333,22.222222222
1,0.563,0.0162,0.421,0.0528,0,0,18.333333333,22.222222222
1,0.563,0.0162,0.421,0.0528,0,0,18.333333333,22.222222222
1,0.563,0.0162,0.421,0.0528,0,0,18.333333333,22.222222222
1,0.563,0.0162,0.421,0.0528,0,0,18.333333333,22.222222222
1,0.596,0.0286,0.363,0.111,0,0,18.333333333,22.222222222
1,0.648,0.0532,0.281,0.202,0,0.353,18.333333333,22.222222222
0.861,0.77,0.126,0.0819,0.423,0,0.328,18.333333333,22.222222222
0.611,0.72,0.11,0.164,0.326,0,0.247,20.0,22.222222222
0.861,0.785,0.165,0.0585,0.421,0.55,0.337,20.0,22.222222222
1,0.82,0.199,0,0.467,0,0.0353,20.0,22.222222222
0.694,0.742,0.16,0.129,0.337,0,0.106,20.0,22.222222222
0.667,0.735,0.164,0.14,0.336,0.833,0.141,20.0,22.222222222
0.667,0.759,0.183,0.14,0.388,0,0.0353,20.0,22.222222222
0.667,0.797,0.225,0.14,0.496,0,0.106,20.0,22.222222222
0.528,0.778,0.22,0.199,0.516,0,0.141,20.0,22.222222222
0.639,0.839,0.355,0.152,0.7,0,0,20.0,22.222222222
0.667,0.84,0.509,0.14,0.671,0,0.141,20.0,22.222222222
0.667,0.815,0.633,0.14,0.531,0,0,20.0,22.222222222
0.667,0.765,0.612,0.14,0.41,0,0,20.0,22.222222222
0.667,0.713,0.39,0.14,0.361,0,0,20.0,22.222222222
0.722,0.624,0.113,0.269,0.143,0,0.0955,20.0,22.222222222
1,0.611,0.0472,0.281,0.0829,0,0.155,20.0,22.222222222
1,0.567,0.0185,0.409,0.055,0,0,18.333333333,22.222222222
1,0.571,0.0166,0.398,0.0528,0,0.0931,18.333333333,22.222222222
1,0.591,0.0168,0.339,0.0528,0,0.177,18.333333333,22.222222222
1,0.563,0.0162,0.421,0.0528,0,0,18.333333333,22.222222222
1,0.606,0.0257,0.292,0.0854,0,0.448,18.333333333,22.222222222
0.861,0.597,0.0271,0.339,0.109,0,0.114,18.333333333,22.222222222
0.528,0.675,0.0583,0.222,0.252,0,0.0353,18.333333333,22.222222222
0.389,0.663,0.0594,0.257,0.227,0,0.0707,18.333333333,22.222222222
0.667,0.735,0.106,0.14,0.359,0,0.245,18.333333333,22.222222222
0.667,0.735,0.119,0.14,0.351,0,0.122,20.0,22.222222222
0.667,0.735,0.131,0.14,0.338,0,0.229,20.0,22.222222222
0.528,0.699,0.113,0.199,0.271,0,0.272,20.0,22.222222222
0.333,0.649,0.0856,0.281,0.189,0,0,20.0,22.222222222
0.333,0.649,0.0903,0.281,0.194,0,0.0707,20.0,22.222222222
0.333,0.661,0.0995,0.281,0.22,0,0.0353,20.0,22.222222222
0.389,0.7,0.138,0.257,0.312,0,0.0707,20.0,22.222222222
0.667,0.836,0.275,0.14,0.641,0,0.177,20.0,22.222222222
0.667,0.851,0.366,0.14,0.725,0,0.355,20.0,22.222222222
0.667,0.84,0.509,0.14,0.671,0,0.15,20.0,22.222222222
0.361,0.701,0.345,0.269,0.317,0,0,20.0,22.222222222
0.389,0.681,0.364,0.257,0.26,0,0,20.0,22.222222222
0.972,0.737,0.45,0.0936,0.412,0,0.18,20.0,22.222222222
1,0.618,0.0984,0.281,0.131,0,0,20.0,22.222222222
1,0.568,0.0223,0.409,0.0587,0,0,20.0,22.222222222
1,0.563,0.0162,0.421,0.0528,0,0,18.333333333,22.222222222
1,0.563,0.0162,0.421,0.0528,0,0,18.333333333,22.222222222
1,0.563,0.0162,0.421,0.0528,0,0,18.333333333,22.222222222
0.694,0.563,0.0162,0.421,0.0528,0,0,18.333333333,22.222222222
0.667,0.563,0.0162,0.421,0.0528,0,0,18.333333333,22.222222222
0.889,0.603,0.0296,0.327,0.124,0.55,0.106,18.333333333,22.222222222
1,0.641,0.0451,0.281,0.19,0,0.106,18.333333333,22.222222222
1,0.648,0.0532,0.281,0.202,0,0.247,18.333333333,22.222222222
1,0.806,0.145,0.0234,0.487,0.267,0.141,18.333333333,22.222222222
0.833,0.777,0.144,0.0702,0.426,0,0,20.0,22.222222222
1,0.82,0.188,0,0.481,0,0.141,20.0,22.222222222
0.861,0.785,0.174,0.0585,0.409,0,0.106,20.0,22.222222222
0.667,0.735,0.155,0.14,0.325,0,0,20.0,22.222222222
0.667,0.735,0.164,0.14,0.336,0,0,20.0,22.222222222
0.75,0.783,0.204,0.105,0.43,0,0.177,20.0,22.222222222
0.667,0.797,0.225,0.14,0.496,0,0.106,20.0,22.222222222
0.667,0.836,0.275,0.14,0.641,0,0.0353,20.0,22.222222222
0.667,0.851,0.366,0.14,0.725,0,0,20.0,22.222222222
0.667,0.84,0.509,0.14,0.671,0,0.106,20.0,22.222222222
0.667,0.815,0.633,0.14,0.531,0,0,20.0,22.222222222
0.667,0.765,0.612,0.14,0.41,0,0,20.0,22.222222222
0.667,0.634,0.199,0.292,0.196,0,0.205,20.0,22.222222222
0.667,0.563,0.0162,0.421,0.0528,0,0,20.0,22.222222222
0.889,0.587,0.0298,0.351,0.066,0,0,20.0,22.222222222
1,0.563,0.0162,0.421,0.0528,0,0,18.333333333,22.222222222
1,0.563,0.0162,0.421,0.0528,0,0,18.333333333,22.222222222
1,0.563,0.0162,0.421,0.0528,0,0,18.333333333,22.222222222
0.917,0.587,0.0183,0.351,0.0537,0,0.0353,18.333333333,22.222222222
1,0.563,0.0162,0.421,0.0528,0,0,18.333333333,22.222222222
1,0.563,0.0162,0.421,0.0528,0,0,18.333333333,22.222222222
0.75,0.59,0.0261,0.374,0.0996,0.167,0.0353,18.333333333,22.222222222
1,0.769,0.106,0.0819,0.413,0.1,0.141,18.333333333,22.222222222
0.861,0.785,0.132,0.0585,0.448,0,0.212,18.333333333,22.222222222
0.667,0.735,0.119,0.14,0.351,0,0.247,20.0,22.222222222
0.667,0.735,0.131,0.14,0.338,0,0.0707,20.0,22.222222222
0.444,0.678,0.0974,0.234,0.237,0,0.0353,20.0,22.222222222
0.472,0.628,0.068,0.316,0.155,0,0.0707,20.0,22.222222222
0.667,0.585,0.0345,0.386,0.0878,0,0.0353,20.0,22.222222222
0.667,0.751,0.177,0.152,0.376,0,0.247,20.0,22.222222222
0.889,0.797,0.225,0.14,0.496,0.55,0.313,20.0,22.222222222
1,0.962,0.396,0.0117,0.917,0,0.203,20.0,22.222222222
0.694,0.862,0.377,0.129,0.75,0,0.0707,20.0,22.222222222
0.667,0.84,0.509,0.14,0.671,0,0.212,20.0,22.222222222
0.667,0.815,0.633,0.14,0.531,0,0,20.0,22.222222222
0.667,0.765,0.612,0.14,0.41,0,0,20.0,22.222222222
0.806,0.743,0.464,0.0819,0.425,0,0,20.0,22.222222222
1,0.63,0.128,0.257,0.156,0,0,20.0,22.222222222
1,0.568,0.0223,0.409,0.0587,0,0,20.0,22.222222222
1,0.563,0.0162,0.421,0.0528,0,0,18.333333333,22.222222222
1,0.563,0.0162,0.421,0.0528,0,0,18.333333333,22.222222222
1,0.563,0.0162,0.421,0.0528,0,0,18.333333333,22.222222222
1,0.563,0.0162,0.421,0.0528,0,0,18.333333333,22.222222222
1,0.563,0.0162,0.421,0.0528,0,0,18.333333333,22.222222222
0.75,0.563,0.0162,0.421,0.0528,0,0,18.333333333,22.222222222
1,0.596,0.0286,0.363,0.111,0,0,18.333333333,22.222222222
1,0.684,0.0688,0.222,0.264,0.267,0,18.333333333,22.222222222
0.861,0.735,0.106,0.14,0.359,0,0.0707,18.333333333,22.222222222
0.667,0.735,0.119,0.14,0.351,0.167,0.353,20.0,22.222222222
0.806,0.77,0.155,0.0819,0.398,1,0.353,20.0,22.222222222
0.778,0.763,0.158,0.0936,0.375,0.233,0.351,20.0,22.222222222
0.889,0.792,0.202,0.0468,0.416,0,0.424,20.0,22.222222222
0.556,0.706,0.139,0.187,0.288,0,0.274,20.0,22.222222222
0.556,0.686,0.121,0.246,0.263,0.917,0.0707,20.0,22.222222222
0.667,0.68,0.12,0.281,0.274,0.483,0.177,20.0,22.222222222
0.667,0.699,0.146,0.281,0.347,0,0.0353,20.0,22.222222222
0.667,0.707,0.191,0.281,0.389,0,0.0707,20.0,22.222222222
0.667,0.702,0.263,0.281,0.362,0,0.0353,20.0,22.222222222
0.806,0.741,0.455,0.222,0.389,0,0.315,20.0,22.222222222
1,0.584,0.0684,0.398,0.0916,0,0.0133,20.0,22.222222222
1,0.563,0.0162,0.421,0.0528,0,0,20.0,22.222222222
1,0.563,0.0162,0.421,0.0528,0,0,20.0,22.222222222
1,0.563,0.0184,0.421,0.0528,0,0,20.0,22.222222222
1,0.563,0.0185,0.421,0.0528,0,0,18.333333333,22.222222222
1,0.563,0.0185,0.421,0.0528,0,0,18.333333333,22.222222222
1,0.563,0.0185,0.421,0.0528,0,0,18.333333333,22.222222222
0.683,0.563,0.0185,0.421,0.0528,0,0,18.333333333,22.222222222
0.667,0.563,0.0185,0.421,0.0528,0,0,18.333333333,22.222222222
0.667,0.563,0.0185,0.421,0.0528,0,0,18.333333333,22.222222222
0.667,0.599,0.0327,0.358,0.116,0.267,0.0707,18.333333333,22.222222222
0.6,0.649,0.0735,0.281,0.202,0,0.318,18.333333333,22.222222222
0.333,0.649,0.0939,0.281,0.206,0,0.297,18.333333333,22.222222222
0.333,0.649,0.11,0.281,0.202,0,0.329,20.0,22.222222222
0.25,0.628,0.0944,0.316,0.16,0,0.0535,20.0,22.222222222
0.333,0.649,0.128,0.281,0.191,0,0.353,20.0,22.222222222
0.0167,0.568,0.024,0.414,0.0597,0,0,20.0,22.222222222
0,0.563,0.0185,0.421,0.0528,0,0,20.0,22.222222222
0,0.563,0.0185,0.421,0.0528,0,0,20.0,22.222222222
0.15,0.617,0.0971,0.358,0.155,0,0.0353,20.0,22.222222222
0.333,0.7,0.199,0.281,0.349,0.45,0.106,20.0,22.222222222
0.65,0.844,0.434,0.147,0.712,0.383,0.212,20.0,22.222222222
0.667,0.839,0.579,0.14,0.669,0,0.177,20.0,22.222222222
0.983,0.933,1,0.00702,0.747,0,0.495,20.0,22.222222222
1,0.77,0.654,0.133,0.417,0,0,20.0,22.222222222
1,0.711,0.415,0.14,0.36,0,0.303,20.0,22.222222222
1,0.619,0.115,0.278,0.133,0,0.11,20.0,22.222222222
1,0.61,0.0536,0.281,0.0814,0,0,20.0,22.222222222
0.767,0.577,0.0234,0.379,0.0563,0,0,18.333333333,22.222222222
0.667,0.608,0.0227,0.288,0.0528,0.267,0.247,18.333333333,22.222222222
0.667,0.566,0.0187,0.414,0.0528,0,0,18.333333333,22.222222222
0.983,0.563,0.0185,0.421,0.0528,0,0,18.333333333,22.222222222
1,0.563,0.0185,0.421,0.0528,0,0,18.333333333,22.222222222
1,0.59,0.0252,0.358,0.101,0,0.221,18.333333333,22.222222222
1,0.717,0.0793,0.147,0.325,0,0.0353,18.333333333,22.222222222
1,0.734,0.128,0.14,0.351,0,0.318,18.333333333,22.222222222
0.683,0.67,0.112,0.246,0.244,0,0.194,18.333333333,22.222222222
0.667,0.735,0.201,0.14,0.351,0.45,0.149,20.0,22.222222222
0.433,0.675,0.15,0.239,0.238,0.1,0.212,20.0,22.222222222
0.267,0.632,0.106,0.309,0.163,0,0.177,20.0,22.222222222
0.233,0.623,0.11,0.323,0.148,0,0.348,20.0,22.222222222
0.0167,0.568,0.0251,0.414,0.0596,0,0,20.0,22.222222222
0.167,0.613,0.101,0.351,0.138,0,0.0707,20.0,22.222222222
0,0.563,0.0185,0.421,0.0528,0,0,20.0,22.222222222
0.15,0.625,0.0999,0.358,0.188,0,0.141,20.0,22.222222222
0.567,0.808,0.381,0.182,0.627,0,0.106,20.0,22.222222222
0.667,0.839,0.579,0.14,0.669,0,0,20.0,22.222222222
0.667,0.814,0.682,0.14,0.526,0,0.154,20.0,22.222222222
0.667,0.67,0.345,0.274,0.241,0,0.0353,20.0,22.222222222
0.667,0.605,0.13,0.344,0.138,0,0,20.0,22.222222222
0.678,0.565,0.0213,0.416,0.0552,0,0,20.0,22.222222222
0.667,0.563,0.0164,0.421,0.0528,0,0,20.0,22.222222222
0.972,0.571,0.0179,0.398,0.0543,0,0.133,18.333333333,22.222222222
1,0.61,0.0194,0.281,0.0535,0,0.19,18.333333333,22.222222222
1,0.567,0.0164,0.409,0.0528,0,0,18.333333333,22.222222222
1,0.563,0.0162,0.421,0.0528,0,0,18.333333333,22.222222222
1,0.606,0.0257,0.292,0.0854,0,0.292,18.333333333,22.222222222
1,0.677,0.0538,0.152,0.252,0,0.163,18.333333333,22.222222222
1,0.718,0.074,0.14,0.328,0.667,0.492,18.333333333,22.222222222
0.861,0.698,0.0744,0.199,0.288,0.45,0.418,18.333333333,22.222222222
0.667,0.649,0.0611,0.281,0.206,0,0.106,18.333333333,22.222222222
0.667,0.706,0.102,0.187,0.301,0,0.106,20.0,22.222222222
0.667,0.735,0.131,0.14,0.338,0,0.0353,20.0,22.222222222
0.417,0.67,0.0923,0.246,0.225,0,0.0707,20.0,22.222222222
0.667,0.735,0.155,0.14,0.325,0,0.0707,20.0,22.222222222
0.667,0.735,0.164,0.14,0.336,0,0.177,20.0,22.222222222
0.667,0.759,0.183,0.14,0.388,0,0.0353,20.0,22.222222222
0.667,0.797,0.225,0.14,0.496,0,0.177,20.0,22.222222222
0.722,0.859,0.297,0.117,0.691,0,0,20.0,22.222222222
1,0.862,0.377,0.129,0.75,0,0,20.0,22.222222222
1,0.84,0.509,0.14,0.671,0,0,20.0,22.222222222
1,0.815,0.633,0.14,0.531,0,0.0707,20.0,22.222222222
1,0.765,0.612,0.14,0.41,0,0.139,20.0,22.222222222
0.833,0.61,0.139,0.339,0.145,0,0.0278,20.0,22.222222222
1,0.618,0.0984,0.281,0.131,0,0.177,20.0,22.222222222
1,0.568,0.0223,0.409,0.0587,0,0,20.0,22.222222222
1,0.563,0.0162,0.421,0.0528,0,0,18.333333333,22.222222222
1,0.563,0.0162,0.421,0.0528,0,0,18.333333333,22.222222222
1,0.563,0.0162,0.421,0.0528,0,0,18.333333333,22.222222222
1,0.563,0.0162,0.421,0.0528,0,0,18.333333333,22.222222222
1,0.606,0.0257,0.292,0.0854,0,0,18.333333333,22.222222222
0.944,0.637,0.0405,0.246,0.181,0,0.35,18.333333333,22.222222222
0.667,0.713,0.0724,0.152,0.319,0,0.409,18.333333333,22.222222222
0.667,0.734,0.0901,0.14,0.35,0,0.353,18.333333333,22.222222222
0.667,0.735,0.106,0.14,0.359,0,0,18.333333333,22.222222222
0.667,0.735,0.119,0.14,0.351,0,0,20.0,22.222222222
0.667,0.735,0.131,0.14,0.338,0,0.0707,20.0,22.222222222
0.667,0.735,0.138,0.14,0.329,0,0.106,20.0,22.222222222
0.667,0.735,0.155,0.14,0.325,0,0.141,20.0,22.222222222
0.667,0.735,0.164,0.14,0.336,0,0.0353,20.0,22.222222222
0.667,0.759,0.183,0.14,0.388,0.267,0.0353,20.0,22.222222222
0.667,0.797,0.225,0.14,0.496,0,0.141,20.0,22.222222222
0.667,0.836,0.275,0.14,0.641,0,0.212,20.0,22.222222222
0.306,0.695,0.172,0.292,0.357,0,0.0353,20.0,22.222222222
0,0.563,0.0162,0.421,0.0528,0,0,20.0,22.222222222
0.139,0.615,0.147,0.363,0.15,0,0,20.0,22.222222222
0.639,0.755,0.586,0.152,0.39,0,0,20.0,22.222222222
0.806,0.646,0.228,0.269,0.222,0,0,20.0,22.222222222
1,0.618,0.0984,0.281,0.131,0,0,20.0,22.222222222
1,0.591,0.0359,0.339,0.0719,0,0,20.0,22.222222222
1,0.563,0.0162,0.421,0.0528,0,0,18.333333333,22.222222222
1,0.563,0.0162,0.421,0.0528,0,0,18.333333333,22.222222222
1,0.563,0.0162,0.421,0.0528,0,0,18.333333333,22.222222222
1,0.583,0.018,0.363,0.0536,0,0,18.333333333,22.222222222
1,0.587,0.0209,0.351,0.0678,0,0.183,18.333333333,22.222222222
1,0.622,0.0355,0.281,0.154,0,0.177,18.333333333,22.222222222
0.694,0.641,0.0451,0.281,0.19,0,0.0353,18.333333333,22.222222222
0.667,0.648,0.0532,0.281,0.202,0,0.285,18.333333333,22.222222222
0.667,0.728,0.103,0.152,0.347,0,0.0709,18.333333333,22.222222222
0.667,0.735,0.119,0.14,0.351,0,0.407,20.0,22.222222222
0.667,0.735,0.131,0.14,0.338,0,0.13,20.0,22.222222222
0.667,0.735,0.138,0.14,0.329,0.55,0.17,20.0,22.222222222
0.667,0.735,0.155,0.14,0.325,0,0.317,20.0,22.222222222
0.361,0.656,0.0962,0.269,0.206,0,0.265,20.0,22.222222222
0.472,0.702,0.135,0.222,0.291,0,0.345,20.0,22.222222222
0.667,0.797,0.225,0.14,0.496,0,0.106,20.0,22.222222222
0.75,0.87,0.308,0.105,0.716,0,0,20.0,22.222222222
0.667,0.851,0.366,0.14,0.725,0,0,20.0,22.222222222
0.667,0.84,0.509,0.14,0.671,0,0,20.0,22.222222222
0.667,0.815,0.633,0.14,0.531,0,0.0901,20.0,22.222222222
0.667,0.749,0.563,0.164,0.381,0,0.0497,20.0,22.222222222
0.667,0.638,0.203,0.281,0.207,0,0,20.0,22.222222222
0.889,0.645,0.135,0.211,0.166,0,0.128,20.0,22.222222222
1,0.568,0.0223,0.409,0.0587,0,0,20.0,22.222222222
1,0.563,0.0162,0.421,0.0528,0,0,18.333333333,22.222222222
1,0.563,0.0162,0.421,0.0528,0,0,18.333333333,22.222222222
1,0.563,0.0162,0.421,0.0528,0,0,18.333333333,22.222222222
1,0.563,0.0162,0.421,0.0528,0,0,18.333333333,22.222222222
1,0.602,0.0249,0.304,0.0825,0,0.106,18.333333333,22.222222222
0.694,0.626,0.0363,0.269,0.157,0,0,18.333333333,22.222222222
0.667,0.641,0.0451,0.281,0.19,0,0,18.333333333,22.222222222
0.361,0.57,0.0187,0.409,0.0645,0,0,18.333333333,22.222222222
0.333,0.642,0.0579,0.292,0.193,0,0.212,18.333333333,22.222222222
0.333,0.649,0.0674,0.281,0.202,0,0.283,20.0,22.222222222
0.556,0.706,0.112,0.187,0.29,0,0.177,20.0,22.222222222
0.667,0.735,0.138,0.14,0.329,0.55,0.0707,20.0,22.222222222
0.667,0.735,0.155,0.14,0.325,0,0,20.0,22.222222222
0.667,0.735,0.164,0.14,0.336,0,0.141,20.0,22.222222222
0.667,0.759,0.183,0.14,0.388,0,0.589,20.0,22.222222222
0.667,0.797,0.225,0.14,0.496,0,0.247,20.0,22.222222222
0.667,0.836,0.275,0.14,0.641,0,0.177,20.0,22.222222222
0.667,0.851,0.366,0.14,0.725,0,0.247,20.0,22.222222222
0.361,0.714,0.278,0.269,0.39,0,0.106,20.0,22.222222222
0.333,0.689,0.324,0.281,0.292,0,0,20.0,22.222222222
0.611,0.746,0.561,0.164,0.376,0,0.278,20.0,22.222222222
1,0.758,0.504,0.0585,0.452,0,0,20.0,22.222222222
1,0.576,0.0457,0.398,0.0782,0,0,20.0,22.222222222
1,0.563,0.0162,0.421,0.0528,0,0,20.0,22.222222222
1,0.563,0.0162,0.421,0.0528,0,0,18.333333333,22.222222222
1,0.563,0.0162,0.421,0.0528,0,0,18.333333333,22.222222222
1,0.563,0.0162,0.421,0.0528,0,0,18.333333333,22.222222222
1,0.606,0.0201,0.292,0.0545,0,0,18.333333333,22.222222222
1,0.61,0.0261,0.281,0.0856,0,0.318,18.333333333,22.222222222
1,0.662,0.0488,0.187,0.226,0,0,18.333333333,22.222222222
1,0.718,0.074,0.14,0.328,0,0.106,18.333333333,22.222222222
1,0.734,0.0901,0.14,0.35,0,0.177,18.333333333,22.222222222
1,0.735,0.106,0.14,0.359,0,0.141,18.333333333,22.222222222
1,0.735,0.119,0.14,0.351,0,0.0353,20.0,22.222222222
0.861,0.699,0.107,0.199,0.279,0,0.0707,20.0,22.222222222
0.667,0.649,0.0772,0.281,0.191,0,0.0353,20.0,22.222222222
0.75,0.749,0.167,0.117,0.348,0,0.445,20.0,22.222222222
0.528,0.699,0.133,0.199,0.277,0,0.178,20.0,22.222222222
0.333,0.661,0.0995,0.281,0.22,0,0.212,20.0,22.222222222
0.472,0.729,0.165,0.222,0.369,0.417,0.0707,20.0,22.222222222
0.667,0.836,0.275,0.14,0.641,0.133,0.0353,20.0,22.222222222
0.667,0.851,0.366,0.14,0.725,0,0,20.0,22.222222222
0.667,0.84,0.509,0.14,0.671,0,0,20.0,22.222222222
0.667,0.815,0.633,0.14,0.531,0,0,20.0,22.222222222
0.972,0.749,0.563,0.164,0.381,0,0,20.0,22.222222222
1,0.638,0.203,0.281,0.207,0,0,20.0,22.222222222
1,0.569,0.031,0.409,0.0655,0,0,20.0,22.222222222
1,0.563,0.0184,0.421,0.0528,0,0,20.0,22.222222222
1,0.563,0.0185,0.421,0.0528,0,0,18.333333333,22.222222222
1,0.563,0.0185,0.421,0.0528,0,0,18.333333333,22.222222222
1,0.563,0.0185,0.421,0.0528,0,0,18.333333333,22.222222222
1,0.563,0.0185,0.421,0.0528,0,0,18.333333333,22.222222222
1,0.563,0.0185,0.421,0.0528,0,0,18.333333333,22.222222222
0.933,0.635,0.0364,0.253,0.182,0.55,0.0707,18.333333333,22.222222222
0.667,0.717,0.0793,0.147,0.325,0,0.0707,18.333333333,22.222222222
0.667,0.734,0.128,0.14,0.351,0,0.643,18.333333333,22.222222222
0.35,0.653,0.0967,0.274,0.214,0.55,0.247,18.333333333,22.222222222
0.333,0.649,0.11,0.281,0.202,0,0.177,20.0,22.222222222
0.183,0.611,0.074,0.344,0.131,0,0,20.0,22.222222222
0.317,0.645,0.123,0.288,0.183,0,0.177,20.0,22.222222222
0.333,0.649,0.148,0.281,0.189,0,0.212,20.0,22.222222222
0.183,0.611,0.1,0.344,0.131,0,0.0353,20.0,22.222222222
0,0.563,0.0185,0.421,0.0528,0,0,20.0,22.222222222
0.133,0.611,0.0884,0.365,0.143,0,0.0353,20.0,22.222222222
0.667,0.837,0.38,0.14,0.646,0,0.0353,20.0,22.222222222
0.517,0.786,0.347,0.204,0.575,0,0.106,20.0,22.222222222
0.717,0.86,0.625,0.119,0.713,0.267,0.0353,20.0,22.222222222
0.833,0.877,0.847,0.0702,0.646,0,0.321,20.0,22.222222222
1,0.75,0.592,0.161,0.383,0,0.128,20.0,22.222222222
1,0.637,0.217,0.281,0.206,0,0,20.0,22.222222222
1,0.616,0.105,0.285,0.126,0,0,20.0,22.222222222
1,0.566,0.0227,0.414,0.0564,0,0,20.0,22.222222222
1,0.563,0.0185,0.421,0.0528,0,0,18.333333333,22.222222222
1,0.563,0.0185,0.421,0.0528,0,0,18.333333333,22.222222222
1,0.563,0.0185,0.421,0.0528,0,0,18.333333333,22.222222222
1,0.563,0.0185,0.421,0.0528,0,0,18.333333333,22.222222222
1,0.563,0.0185,0.421,0.0528,0,0,18.333333333,22.222222222
1,0.62,0.0327,0.288,0.155,0,0.323,18.333333333,22.222222222
1,0.642,0.0493,0.281,0.192,0,0.423,18.333333333,22.222222222
1,0.811,0.18,0.014,0.486,0.45,0.387,18.333333333,22.222222222
0.683,0.739,0.172,0.133,0.367,0.1,0.366,18.333333333,22.222222222
0.517,0.696,0.16,0.204,0.284,0,0.225,20.0,22.222222222
0.333,0.649,0.12,0.281,0.195,0,0.241,20.0,22.222222222
0.333,0.649,0.128,0.281,0.191,0,0.0353,20.0,22.222222222
0.0167,0.568,0.024,0.414,0.0597,0,0,20.0,22.222222222
0,0.563,0.0185,0.421,0.0528,0,0,20.0,22.222222222
0.233,0.632,0.135,0.323,0.172,0,0,20.0,22.222222222
0.567,0.763,0.315,0.182,0.435,0.45,0.0353,20.0,22.222222222
0.667,0.837,0.38,0.14,0.646,0.1,0.177,20.0,22.222222222
0.667,0.851,0.444,0.14,0.727,0,0.106,20.0,22.222222222
0.667,0.839,0.579,0.14,0.669,0,0.0353,20.0,22.222222222
0.667,0.814,0.682,0.14,0.526,0,0.0353,20.0,22.222222222
0.667,0.763,0.637,0.14,0.406,0,0.0984,20.0,22.222222222
0.733,0.624,0.184,0.309,0.177,0,0,20.0,22.222222222
1,0.569,0.0309,0.409,0.0628,0,0,20.0,22.222222222
1,0.563,0.0164,0.421,0.0528,0,0,20.0,22.222222222
1,0.563,0.0162,0.421,0.0528,0,0,18.333333333,22.222222222
1,0.563,0.0162,0.421,0.0528,0,0,18.333333333,22.222222222
1,0.563,0.0162,0.421,0.0528,0,0,18.333333333,22.222222222
1,0.583,0.018,0.363,0.0536,0,0.22,18.333333333,22.222222222
0.861,0.653,0.0356,0.152,0.118,0.417,0.478,18.333333333,22.222222222
0.667,0.68,0.0547,0.14,0.255,0.417,0.226,18.333333333,22.222222222
0.806,0.751,0.0864,0.0819,0.387,0,0.352,18.333333333,22.222222222
1,0.819,0.127,0,0.499,0,0.135,18.333333333,22.222222222
1,0.82,0.151,0,0.512,0,0.132,18.333333333,22.222222222
1,0.82,0.17,0,0.5,0,0.0353,20.0,22.222222222
0.861,0.785,0.164,0.0585,0.422,0,0.141,20.0,22.222222222
0.667,0.699,0.113,0.199,0.271,0,0.247,20.0,22.222222222
0.722,0.663,0.0973,0.257,0.212,0,0.0353,20.0,22.222222222
1,0.735,0.164,0.14,0.336,0,0,20.0,22.222222222
0.694,0.759,0.183,0.14,0.388,0,0.0353,20.0,22.222222222
0.667,0.797,0.225,0.14,0.496,0.417,0.389,20.0,22.222222222
0.667,0.836,0.275,0.14,0.641,0.417,0.353,20.0,22.222222222
0.667,0.851,0.366,0.14,0.725,0,0,20.0,22.222222222
0.667,0.84,0.509,0.14,0.671,0.55,0,20.0,22.222222222
0.722,0.836,0.685,0.117,0.57,0,0.228,20.0,22.222222222
1,0.775,0.638,0.129,0.429,0,0,20.0,22.222222222
1,0.713,0.39,0.14,0.361,0,0,20.0,22.222222222
1,0.624,0.113,0.269,0.143,0,0,20.0,22.222222222
