occupants,plug_loads_other,plug_loads_tv,lighting_interior,cooking_range,hot_water_fixtures,heating_setpoint,cooling_setpoint
1,0.565,0.016,0.0493,0,0,21.388888889,21.388888889
1,0.565,0.016,0.0493,0,0,21.388888889,21.388888889
1,0.565,0.016,0.0493,0,0,21.388888889,21.388888889
1,0.565,0.016,0.0493,0,0,22.222222222,22.222222222
1,0.565,0.016,0.0493,0,0,23.888888889,25.555555556
1,0.65,0.0363,0.125,0,0.352,23.888888889,25.555555556
1,0.749,0.0776,0.361,0,0.0587,23.888888889,30.555555556
1,0.804,0.106,0.449,0,0.61,23.888888889,30.555555556
0.667,0.736,0.0901,0.333,0,0.923,23.888888889,30.555555556
0,0.565,0.016,0.0493,0,0,23.888888889,30.555555556
0,0.565,0.016,0.0493,0,0,23.888888889,30.555555556
0.583,0.715,0.116,0.286,0.0833,0.0871,23.888888889,30.555555556
0.75,0.758,0.154,0.344,0.683,0.0871,23.888888889,30.555555556
1,0.672,0.102,0.212,0,0.218,23.888888889,30.555555556
1,0.565,0.016,0.0493,0,0,23.888888889,25.555555556
1,0.817,0.229,0.401,0,0.174,23.888888889,25.555555556
1,0.925,0.336,0.552,0,0.0435,23.888888889,25.555555556
0.667,0.841,0.275,0.484,0,0,23.888888889,25.555555556
0,0.565,0.016,0.0493,0,0,22.222222222,25.555555556
0,0.565,0.016,0.0493,0,0,21.388888889,21.388888889
0,0.565,0.016,0.0493,0,0,21.388888889,21.388888889
0,0.565,0.016,0.0493,0,0,21.388888889,21.388888889
0,0.565,0.016,0.0493,0,0,21.388888889,21.388888889
0,0.565,0.016,0.0493,0,0,21.388888889,21.388888889
0.583,0.565,0.016,0.0493,0,0,21.388888889,21.388888889
1,0.565,0.016,0.0493,0,0,21.388888889,21.388888889
1,0.565,0.016,0.0493,0,0,21.388888889,21.388888889
1,0.565,0.016,0.0493,0,0,22.222222222,22.222222222
1,0.565,0.016,0.0493,0,0,23.888888889,25.555555556
1,0.565,0.016,0.0493,0,0,23.888888889,25.555555556
1,0.565,0.016,0.0493,0,0,23.888888889,30.555555556
1,0.586,0.0252,0.0848,0,0,23.888888889,30.555555556
1,0.822,0.129,0.476,0,0.131,23.888888889,30.555555556
1,0.822,0.152,0.487,0,0.0871,23.888888889,30.555555556
1,0.822,0.17,0.473,0,0.174,23.888888889,30.555555556
1,0.822,0.188,0.455,0,0.0871,23.888888889,30.555555556
1,0.822,0.199,0.443,0.25,0,23.888888889,30.555555556
1,0.822,0.224,0.44,0,0.131,23.888888889,30.555555556
1,0.825,0.238,0.444,0,0,23.888888889,25.555555556
1,0.866,0.27,0.471,0,0,23.888888889,25.555555556
1,0.925,0.336,0.552,0,0,23.888888889,25.555555556
1,0.98,0.416,0.718,0,0.131,23.888888889,25.555555556
1,0.997,0.563,0.916,0,0,22.222222222,25.555555556
1,0.976,0.778,1,0,0.141,21.388888889,21.388888889
1,0.933,0.938,0.892,0,0.114,21.388888889,21.388888889
1,0.855,0.863,0.694,0,0.0871,21.388888889,21.388888889
1,0.778,0.514,0.574,0,0,21.388888889,21.388888889
1,0.723,0.222,0.238,0,0,21.388888889,21.388888889
1,0.693,0.0893,0.117,0,0,21.388888889,21.388888889
1,0.565,0.016,0.0493,0,0,21.388888889,21.388888889
1,0.565,0.016,0.0493,0,0,21.388888889,21.388888889
1,0.565,0.016,0.0493,0,0,22.222222222,22.222222222
1,0.565,0.016,0.0493,0,0,23.888888889,25.555555556
1,0.58,0.0209,0.0746,0.0833,0.0871,23.888888889,25.555555556
1,0.749,0.0776,0.361,0.167,0,23.888888889,30.555555556
1,0.804,0.106,0.449,0,0,23.888888889,30.555555556
1,0.822,0.129,0.476,0,0.0435,23.888888889,30.555555556
1,0.801,0.139,0.452,0,0,23.888888889,30.555555556
1,0.715,0.107,0.296,0.517,0,23.888888889,30.555555556
1,0.822,0.188,0.455,0,0.0871,23.888888889,30.555555556
1,0.822,0.199,0.443,0,0,23.888888889,30.555555556
1,0.822,0.224,0.44,0,0.0871,23.888888889,30.555555556
1,0.825,0.238,0.444,0,0.435,23.888888889,25.555555556
0.75,0.792,0.208,0.367,0,0,23.888888889,25.555555556
1,0.925,0.336,0.552,0.25,0,23.888888889,25.555555556
1,0.98,0.416,0.718,0,0.261,23.888888889,25.555555556
1,0.997,0.563,0.916,0,0.0871,22.222222222,25.555555556
1,0.976,0.778,1,0,0.0871,21.388888889,21.388888889
1,0.933,0.938,0.892,0,0,21.388888889,21.388888889
1,0.855,0.863,0.694,0,0,21.388888889,21.388888889
1,0.778,0.514,0.574,0,0.264,21.388888889,21.388888889
1,0.723,0.222,0.238,0,0.36,21.388888889,21.388888889
1,0.623,0.0493,0.0801,0,0,21.388888889,21.388888889
1,0.565,0.016,0.0493,0,0,21.388888889,21.388888889
1,0.565,0.016,0.0493,0,0,21.388888889,21.388888889
1,0.565,0.016,0.0493,0,0,22.222222222,22.222222222
1,0.565,0.016,0.0493,0,0,23.888888889,25.555555556
1,0.65,0.0363,0.125,0,0.0435,23.888888889,25.555555556
1,0.749,0.0776,0.361,0,0,23.888888889,30.555555556
1,0.804,0.106,0.449,0,0.131,23.888888889,30.555555556
1,0.822,0.129,0.476,0,0.131,23.888888889,30.555555556
1,0.822,0.152,0.487,0,0,23.888888889,30.555555556
0.167,0.608,0.0414,0.12,0,0,23.888888889,30.555555556
0,0.565,0.016,0.0493,0,0,23.888888889,30.555555556
0,0.565,0.016,0.0493,0,0,23.888888889,30.555555556
0,0.565,0.016,0.0493,0,0,23.888888889,30.555555556
0,0.565,0.016,0.0493,0,0,23.888888889,25.555555556
0,0.565,0.016,0.0493,0,0,23.888888889,25.555555556
0.0833,0.599,0.0484,0.104,0,0,23.888888889,25.555555556
1,0.98,0.416,0.718,0,0.0435,23.888888889,25.555555556
1,0.997,0.563,0.916,0,0.131,22.222222222,25.555555556
1,0.976,0.778,1,0,0.0929,21.388888889,21.388888889
1,0.933,0.938,0.892,0,0.232,21.388888889,21.388888889
1,0.688,0.381,0.321,0,0,21.388888889,21.388888889
1,0.565,0.016,0.0493,0,0,21.388888889,21.388888889
1,0.565,0.016,0.0493,0,0,21.388888889,21.388888889
1,0.565,0.016,0.0493,0,0,21.388888889,21.388888889
1,0.565,0.016,0.0493,0,0,21.388888889,21.388888889
1,0.565,0.016,0.0493,0,0,21.388888889,21.388888889
1,0.565,0.016,0.0493,0,0,22.222222222,22.222222222
1,0.565,0.016,0.0493,0,0,23.888888889,25.555555556
1,0.565,0.016,0.0493,0,0,23.888888889,25.555555556
1,0.565,0.016,0.0493,0,0,23.888888889,30.555555556
1,0.586,0.0252,0.0848,0,0.0888,23.888888889,30.555555556
1,0.822,0.129,0.476,0,0.262,23.888888889,30.555555556
1,0.822,0.152,0.487,0,0.0435,23.888888889,30.555555556
0.917,0.801,0.156,0.44,0,0.261,23.888888889,30.555555556
0,0.565,0.016,0.0493,0,0,23.888888889,30.555555556
0.583,0.715,0.124,0.279,0,0,23.888888889,30.555555556
1,0.822,0.224,0.44,0,0.0871,23.888888889,30.555555556
1,0.825,0.238,0.444,0,0,23.888888889,25.555555556
1,0.866,0.27,0.471,0,0.261,23.888888889,25.555555556
1,0.925,0.336,0.552,0,0,23.888888889,25.555555556
1,0.98,0.416,0.718,0,0,23.888888889,25.555555556
1,0.997,0.563,0.916,0,0.0871,22.222222222,25.555555556
1,0.976,0.778,1,0,0,21.388888889,21.388888889
1,0.933,0.938,0.892,0,0.174,21.388888889,21.388888889
1,0.855,0.863,0.694,0,0,21.388888889,21.388888889
1,0.778,0.514,0.574,0,0,21.388888889,21.388888889
1,0.723,0.224,0.238,0,0,21.388888889,21.388888889
1,0.705,0.109,0.119,0,0,21.388888889,21.388888889
1,0.705,0.0549,0.0719,0,0.0435,21.388888889,21.388888889
1,0.623,0.0236,0.0493,0,0,21.388888889,21.388888889
1,0.565,0.0183,0.0493,0,0,22.222222222,22.222222222
1,0.565,0.0183,0.0493,0,0,23.888888889,25.555555556
1,0.565,0.0183,0.0493,0,0,23.888888889,25.555555556
1,0.565,0.0183,0.0493,0,0,23.888888889,25.555555556
1,0.586,0.0321,0.0848,0,0,23.888888889,25.555555556
0.167,0.608,0.0459,0.12,0,0,23.888888889,25.555555556
0,0.565,0.0183,0.0493,0,0,23.888888889,25.555555556
0.0833,0.586,0.0433,0.0833,0,0.0898,23.888888889,25.555555556
1,0.822,0.321,0.455,0,0.237,23.888888889,25.555555556
1,0.822,0.348,0.443,0,0.263,23.888888889,25.555555556
0.417,0.672,0.179,0.212,0,0.196,23.888888889,25.555555556
0.583,0.565,0.0183,0.0493,0,0,23.888888889,25.555555556
1,0.594,0.0613,0.0901,0,0,23.888888889,25.555555556
1,0.925,0.536,0.552,0,0.0871,23.888888889,25.555555556
1,0.98,0.561,0.718,0,0.174,23.888888889,25.555555556
1,0.997,0.668,0.916,0,0.261,22.222222222,25.555555556
1,0.976,0.869,1,0,0,21.388888889,21.388888889
1,0.933,1,0.892,0,0,21.388888889,21.388888889
1,0.855,0.9,0.694,0,0,21.388888889,21.388888889
1,0.656,0.255,0.28,0,0,21.388888889,21.388888889
1,0.565,0.0183,0.0493,0,0,21.388888889,21.388888889
1,0.565,0.0183,0.0493,0,0,21.388888889,21.388888889
1,0.565,0.0183,0.0493,0,0,21.388888889,21.388888889
1,0.565,0.0183,0.0493,0,0,21.388888889,21.388888889
1,0.565,0.0183,0.0493,0,0,22.222222222,22.222222222
1,0.565,0.0183,0.0493,0,0,23.888888889,25.555555556
1,0.565,0.0183,0.0493,0,0,23.888888889,25.555555556
1,0.565,0.0183,0.0493,0,0,23.888888889,25.555555556
1,0.586,0.0321,0.0848,0,0.13,23.888888889,25.555555556
1,0.822,0.189,0.476,0,0.349,23.888888889,25.555555556
0.417,0.672,0.112,0.232,0,0,23.888888889,25.555555556
0,0.565,0.0183,0.0493,0,0,23.888888889,25.555555556
0,0.565,0.0183,0.0493,0,0,23.888888889,25.555555556
0,0.565,0.0183,0.0493,0,0,23.888888889,25.555555556
0,0.565,0.0183,0.0493,0,0,23.888888889,25.555555556
0,0.565,0.0183,0.0493,0,0,23.888888889,25.555555556
0,0.565,0.0183,0.0493,0,0,23.888888889,25.555555556
0.0833,0.599,0.0628,0.104,0,0.0435,23.888888889,25.555555556
1,0.98,0.561,0.718,0,0.0871,23.888888889,25.555555556
1,0.997,0.668,0.916,0.25,0.0435,22.222222222,25.555555556
1,0.976,0.869,1,0,0.169,21.388888889,21.388888889
1,0.933,1,0.892,0,0,21.388888889,21.388888889
1,0.837,0.853,0.648,0,0.131,21.388888889,21.388888889
1,0.565,0.0183,0.0493,0,0,21.388888889,21.388888889
1,0.565,0.0181,0.0493,0,0,21.388888889,21.388888889
1,0.565,0.016,0.0493,0,0,21.388888889,21.388888889
1,0.565,0.016,0.0493,0,0,21.388888889,21.388888889
1,0.565,0.016,0.0493,0,0,21.388888889,21.388888889
1,0.565,0.016,0.0493,0,0,22.222222222,22.222222222
1,0.576,0.0185,0.0577,0,0,23.888888889,25.555555556
1,0.708,0.0491,0.167,0,0,23.888888889,25.555555556
1,0.749,0.0776,0.361,0,0.305,23.888888889,30.555555556
1,0.804,0.106,0.449,0.517,0,23.888888889,30.555555556
0.667,0.736,0.0901,0.333,0,0.131,23.888888889,30.555555556
0.0833,0.586,0.0287,0.0848,0,0,23.888888889,30.555555556
1,0.822,0.17,0.473,0,0.131,23.888888889,30.555555556
1,0.822,0.188,0.455,0,0.0871,23.888888889,30.555555556
1,0.822,0.199,0.443,0,0.0435,23.888888889,30.555555556
1,0.822,0.224,0.44,0,0,23.888888889,30.555555556
1,0.825,0.238,0.444,0,0.0871,23.888888889,25.555555556
1,0.866,0.27,0.471,0,0,23.888888889,25.555555556
1,0.925,0.336,0.552,0,0,23.888888889,25.555555556
1,0.98,0.416,0.718,0,0.0435,23.888888889,25.555555556
1,0.997,0.563,0.916,0,0,22.222222222,25.555555556
1,0.976,0.778,1,0,0,21.388888889,21.388888889
1,0.933,0.938,0.892,0,0,21.388888889,21.388888889
1,0.855,0.863,0.694,0,0,21.388888889,21.388888889
0.667,0.71,0.365,0.419,0,0,21.388888889,21.388888889
0.833,0.696,0.186,0.205,0,0,21.388888889,21.388888889
1,0.705,0.0919,0.119,0,0,21.388888889,21.388888889
1,0.658,0.0365,0.0658,0,0.0871,21.388888889,21.388888889
1,0.565,0.016,0.0493,0,0,21.388888889,21.388888889
1,0.565,0.016,0.0493,0,0,22.222222222,22.222222222
1,0.565,0.016,0.0493,0,0,23.888888889,25.555555556
1,0.565,0.016,0.0493,0,0,23.888888889,25.555555556
1,0.565,0.016,0.0493,0,0,23.888888889,30.555555556
1,0.565,0.016,0.0493,0,0,23.888888889,30.555555556
1,0.565,0.016,0.0493,0,0,23.888888889,30.555555556
1,0.565,0.016,0.0493,0,0,23.888888889,30.555555556
1,0.565,0.016,0.0493,0,0,23.888888889,30.555555556
1,0.565,0.016,0.0493,0,0,23.888888889,30.555555556
1,0.565,0.016,0.0493,0,0,23.888888889,30.555555556
1,0.715,0.138,0.277,0,0.131,23.888888889,30.555555556
1,0.825,0.238,0.444,0,0.348,23.888888889,25.555555556
1,0.866,0.27,0.471,0,0.13,23.888888889,25.555555556
0.75,0.836,0.257,0.429,0,0.156,23.888888889,25.555555556
1,0.98,0.416,0.718,0,0.0871,23.888888889,25.555555556
1,0.997,0.563,0.916,0,0.174,22.222222222,25.555555556
1,0.737,0.327,0.449,0,0,21.388888889,21.388888889
1,0.565,0.016,0.0493,0,0,21.388888889,21.388888889
1,0.583,0.0596,0.0955,0,0.0913,21.388888889,21.388888889
1,0.656,0.234,0.28,0,0.0365,21.388888889,21.388888889
1,0.565,0.016,0.0493,0,0,21.388888889,21.388888889
1,0.565,0.016,0.0493,0,0,21.388888889,21.388888889
1,0.565,0.016,0.0493,0,0,21.388888889,21.388888889
1,0.565,0.016,0.0493,0,0,21.388888889,21.388888889
1,0.565,0.016,0.0493,0,0,22.222222222,22.222222222
1,0.565,0.016,0.0493,0,0,23.888888889,25.555555556
1,0.565,0.016,0.0493,0,0,23.888888889,25.555555556
1,0.565,0.016,0.0493,0,0,23.888888889,30.555555556
1,0.565,0.016,0.0493,0,0,23.888888889,30.555555556
1,0.586,0.0272,0.0859,0,0,23.888888889,30.555555556
1,0.822,0.152,0.487,0,0,23.888888889,30.555555556
1,0.822,0.17,0.473,0,0.0871,23.888888889,30.555555556
1,0.822,0.188,0.455,0,0.0435,23.888888889,30.555555556
1,0.822,0.199,0.443,0,0,23.888888889,30.555555556
1,0.822,0.224,0.44,0.333,0.131,23.888888889,30.555555556
1,0.825,0.238,0.444,0.183,0.131,23.888888889,25.555555556
1,0.866,0.27,0.471,0,0.174,23.888888889,25.555555556
1,0.925,0.336,0.552,0,0.0871,23.888888889,25.555555556
1,0.98,0.416,0.718,0,0,23.888888889,25.555555556
1,0.997,0.563,0.916,0.0833,0.0435,22.222222222,25.555555556
1,0.976,0.778,1,0.683,0,21.388888889,21.388888889
1,0.933,0.938,0.892,0,0,21.388888889,21.388888889
1,0.855,0.863,0.694,0,0,21.388888889,21.388888889
1,0.778,0.514,0.574,0,0,21.388888889,21.388888889
1,0.631,0.107,0.132,0,0,21.388888889,21.388888889
1,0.565,0.016,0.0493,0,0,21.388888889,21.388888889
1,0.565,0.016,0.0493,0,0,21.388888889,21.388888889
1,0.565,0.016,0.0493,0,0,21.388888889,21.388888889
1,0.576,0.017,0.0498,0,0.0761,22.222222222,22.222222222
1,0.705,0.03,0.0628,0,0.105,23.888888889,25.555555556
1,0.708,0.0491,0.167,0,0.156,23.888888889,25.555555556
1,0.684,0.0555,0.252,0,0.402,23.888888889,30.555555556
1,0.565,0.016,0.0493,0,0,23.888888889,30.555555556
1,0.715,0.0827,0.299,0,0.0871,23.888888889,30.555555556
1,0.822,0.152,0.487,0,0,23.888888889,30.555555556
1,0.822,0.17,0.473,0,0.0435,23.888888889,30.555555556
1,0.822,0.188,0.455,0,0.0871,23.888888889,30.555555556
0.417,0.672,0.0915,0.213,0,0,23.888888889,30.555555556
0,0.565,0.016,0.0493,0,0,23.888888889,30.555555556
0.833,0.783,0.202,0.379,0,0.0435,23.888888889,25.555555556
1,0.866,0.27,0.471,0,0.131,23.888888889,25.555555556
1,0.925,0.336,0.552,0,0.0871,23.888888889,25.555555556
1,0.98,0.416,0.718,0,0.174,23.888888889,25.555555556
0.417,0.745,0.236,0.407,0,0,22.222222222,25.555555556
0.0833,0.596,0.0931,0.121,0,0,21.388888889,21.388888889
1,0.933,0.938,0.892,0,0,21.388888889,21.388888889
1,0.855,0.863,0.694,0,0,21.388888889,21.388888889
1,0.778,0.514,0.574,0,0,21.388888889,21.388888889
1,0.591,0.0522,0.0825,0,0,21.388888889,21.388888889
1,0.565,0.016,0.0493,0,0,21.388888889,21.388888889
1,0.565,0.016,0.0493,0,0,21.388888889,21.388888889
1,0.565,0.016,0.0493,0,0,21.388888889,21.388888889
1,0.565,0.016,0.0493,0,0,22.222222222,22.222222222
1,0.565,0.016,0.0493,0,0,23.888888889,25.555555556
1,0.565,0.016,0.0493,0,0,23.888888889,25.555555556
1,0.565,0.016,0.0493,0,0,23.888888889,30.555555556
1,0.705,0.0691,0.284,0,0.305,23.888888889,30.555555556
1,0.822,0.129,0.476,0,0.0435,23.888888889,30.555555556
1,0.822,0.152,0.487,0,0.0435,23.888888889,30.555555556
1,0.822,0.17,0.473,0,0,23.888888889,30.555555556
1,0.822,0.188,0.455,0.517,0.0435,23.888888889,30.555555556
1,0.822,0.199,0.443,0,0.0435,23.888888889,30.555555556
1,0.822,0.224,0.44,0,0.0435,23.888888889,30.555555556
1,0.825,0.238,0.444,0,0,23.888888889,25.555555556
1,0.866,0.27,0.471,0,0.218,23.888888889,25.555555556
1,0.925,0.336,0.552,0,0.0871,23.888888889,25.555555556
1,0.98,0.416,0.718,0,0,23.888888889,25.555555556
1,0.997,0.563,0.916,0,0.0435,22.222222222,25.555555556
1,0.976,0.778,1,0,0,21.388888889,21.388888889
1,0.933,0.938,0.892,0,0,21.388888889,21.388888889
1,0.855,0.863,0.694,0,0,21.388888889,21.388888889
1,0.778,0.514,0.574,0,0.0907,21.388888889,21.388888889
1,0.591,0.0524,0.0825,0,0.0726,21.388888889,21.388888889
1,0.565,0.0183,0.0493,0,0,21.388888889,21.388888889
1,0.565,0.0183,0.0493,0,0,21.388888889,21.388888889
1,0.565,0.0183,0.0493,0,0,21.388888889,21.388888889
1,0.565,0.0183,0.0493,0,0,22.222222222,22.222222222
1,0.565,0.0183,0.0493,0,0,23.888888889,25.555555556
1,0.565,0.0183,0.0493,0,0,23.888888889,25.555555556
1,0.674,0.048,0.234,0.25,0.131,23.888888889,25.555555556
1,0.804,0.118,0.449,0,0.218,23.888888889,25.555555556
0.167,0.608,0.0459,0.12,0,0.131,23.888888889,25.555555556
0,0.565,0.0183,0.0493,0,0,23.888888889,25.555555556
0,0.565,0.0183,0.0493,0,0,23.888888889,25.555555556
0,0.565,0.0183,0.0493,0,0,23.888888889,25.555555556
0.5,0.693,0.18,0.246,0,0.369,23.888888889,25.555555556
0,0.565,0.0183,0.0493,0,0,23.888888889,25.555555556
0,0.565,0.0183,0.0493,0,0,23.888888889,25.555555556
0,0.565,0.0183,0.0493,0,0,23.888888889,25.555555556
0,0.565,0.0183,0.0493,0,0,23.888888889,25.555555556
0.333,0.704,0.205,0.284,0,0.455,23.888888889,25.555555556
0.667,0.854,0.44,0.621,0,0.204,22.222222222,25.555555556
0.833,0.907,0.729,0.84,0,0.174,21.388888889,21.388888889
1,0.933,1,0.892,0,0.267,21.388888889,21.388888889
0.917,0.837,0.853,0.648,0,0.189,21.388888889,21.388888889
0,0.565,0.0183,0.0493,0,0,21.388888889,21.388888889
0,0.565,0.0183,0.0493,0,0,21.388888889,21.388888889
0,0.565,0.0183,0.0493,0,0,21.388888889,21.388888889
0,0.565,0.0183,0.0493,0,0,21.388888889,21.388888889
0,0.565,0.0183,0.0493,0,0,21.388888889,21.388888889
0.0833,0.565,0.0183,0.0493,0,0,22.222222222,22.222222222
1,0.565,0.0183,0.0493,0,0,23.888888889,25.555555556
1,0.565,0.0183,0.0493,0,0,23.888888889,25.555555556
1,0.585,0.026,0.0825,0,0,23.888888889,25.555555556
1,0.804,0.118,0.449,0.25,0.0435,23.888888889,25.555555556
1,0.822,0.189,0.476,0,0.0555,23.888888889,25.555555556
1,0.822,0.248,0.487,0,0.11,23.888888889,25.555555556
1,0.822,0.293,0.473,0,0.195,23.888888889,25.555555556
1,0.822,0.321,0.455,0,0.2,23.888888889,25.555555556
1,0.822,0.348,0.443,0,0.243,23.888888889,25.555555556
1,0.822,0.409,0.44,0,0.292,23.888888889,25.555555556
0.167,0.608,0.0922,0.115,0,0.0435,23.888888889,25.555555556
0,0.565,0.0183,0.0493,0,0,23.888888889,25.555555556
0.583,0.777,0.321,0.348,0,0,23.888888889,25.555555556
1,0.98,0.561,0.718,0,0.0871,23.888888889,25.555555556
1,0.997,0.668,0.916,0,0.0871,22.222222222,25.555555556
1,0.976,0.869,1,0,0,21.388888889,21.388888889
1,0.908,0.924,0.837,0,0.0435,21.388888889,21.388888889
1,0.565,0.0183,0.0493,0,0,21.388888889,21.388888889
1,0.565,0.0183,0.0493,0,0,21.388888889,21.388888889
1,0.565,0.0181,0.0493,0,0,21.388888889,21.388888889
1,0.565,0.016,0.0493,0,0,21.388888889,21.388888889
1,0.565,0.016,0.0493,0,0,21.388888889,21.388888889
1,0.565,0.016,0.0493,0,0,21.388888889,21.388888889
1,0.565,0.016,0.0493,0,0,22.222222222,22.222222222
1,0.565,0.016,0.0493,0,0,23.888888889,25.555555556
1,0.58,0.0209,0.0746,0,0,23.888888889,25.555555556
1,0.749,0.0776,0.361,0,0,23.888888889,30.555555556
1,0.804,0.106,0.449,0,0.261,23.888888889,30.555555556
1,0.822,0.129,0.476,0,0,23.888888889,30.555555556
1,0.822,0.152,0.487,0,0,23.888888889,30.555555556
1,0.822,0.17,0.473,0,0.0871,23.888888889,30.555555556
0.417,0.672,0.0871,0.219,0,0,23.888888889,30.555555556
0,0.565,0.016,0.0493,0,0,23.888888889,30.555555556
0.333,0.651,0.0861,0.18,0,0.131,23.888888889,30.555555556
1,0.825,0.238,0.444,0,0.218,23.888888889,25.555555556
0.667,0.762,0.182,0.326,0,0,23.888888889,25.555555556
0.333,0.688,0.127,0.226,0,0.0871,23.888888889,25.555555556
1,0.98,0.416,0.718,0,0.131,23.888888889,25.555555556
1,0.997,0.563,0.916,0,0.218,22.222222222,25.555555556
1,0.976,0.778,1,0,0,21.388888889,21.388888889
1,0.933,0.938,0.892,0,0,21.388888889,21.388888889
1,0.855,0.863,0.694,0,0,21.388888889,21.388888889
1,0.656,0.234,0.28,0,0,21.388888889,21.388888889
1,0.565,0.016,0.0493,0,0,21.388888889,21.388888889
1,0.565,0.016,0.0493,0,0,21.388888889,21.388888889
1,0.565,0.016,0.0493,0,0,21.388888889,21.388888889
1,0.565,0.016,0.0493,0,0,21.388888889,21.388888889
1,0.565,0.016,0.0493,0,0,22.222222222,22.222222222
1,0.565,0.016,0.0493,0,0,23.888888889,25.555555556
1,0.565,0.016,0.0493,0,0,23.888888889,25.555555556
1,0.629,0.0381,0.158,0,0.186,23.888888889,30.555555556
1,0.804,0.106,0.449,0,0.116,23.888888889,30.555555556
1,0.822,0.129,0.476,0,0.339,23.888888889,30.555555556
1,0.822,0.152,0.487,0,0.168,23.888888889,30.555555556
1,0.822,0.17,0.473,0,0.181,23.888888889,30.555555556
1,0.822,0.188,0.455,0,0.333,23.888888889,30.555555556
1,0.822,0.199,0.443,0,0.23,23.888888889,30.555555556
1,0.822,0.224,0.44,0,0.0871,23.888888889,30.555555556
1,0.825,0.238,0.444,0,0.218,23.888888889,25.555555556
1,0.866,0.27,0.471,0,0,23.888888889,25.555555556
1,0.925,0.336,0.552,0,0.0435,23.888888889,25.555555556
1,0.98,0.416,0.718,0.25,0,23.888888889,25.555555556
1,0.997,0.563,0.916,0,0.0435,22.222222222,25.555555556
1,0.976,0.778,1,0,0.0865,21.388888889,21.388888889
1,0.933,0.938,0.892,0,0.0692,21.388888889,21.388888889
1,0.855,0.863,0.694,0,0,21.388888889,21.388888889
1,0.778,0.514,0.574,0,0,21.388888889,21.388888889
1,0.591,0.0522,0.0825,0,0,21.388888889,21.388888889
1,0.565,0.016,0.0493,0,0,21.388888889,21.388888889
1,0.565,0.016,0.0493,0,0,21.388888889,21.388888889
1,0.565,0.016,0.0493,0,0,21.388888889,21.388888889
1,0.565,0.016,0.0493,0,0,22.222222222,22.222222222
1,0.565,0.016,0.0493,0,0,23.888888889,25.555555556
1,0.565,0.016,0.0493,0,0,23.888888889,25.555555556
1,0.565,0.016,0.0493,0,0,23.888888889,30.555555556
1,0.705,0.0691,0.284,0,0.181,23.888888889,30.555555556
1,0.822,0.129,0.476,0,0.217,23.888888889,30.555555556
1,0.822,0.152,0.487,0.0833,0,23.888888889,30.555555556
1,0.822,0.17,0.473,0.433,0.0871,23.888888889,30.555555556
1,0.822,0.188,0.455,0,0.0871,23.888888889,30.555555556
1,0.822,0.199,0.443,0,0.0871,23.888888889,30.555555556
1,0.822,0.224,0.44,0.0833,0.0871,23.888888889,30.555555556
1,0.825,0.238,0.444,0.167,0,23.888888889,25.555555556
1,0.866,0.27,0.471,0,0.174,23.888888889,25.555555556
0.75,0.836,0.257,0.429,0,0.0435,23.888888889,25.555555556
1,0.98,0.416,0.718,0.0833,0.0435,23.888888889,25.555555556
1,0.997,0.563,0.916,0.433,0.0435,22.222222222,25.555555556
1,0.976,0.778,1,0,0,21.388888889,21.388888889
1,0.933,0.938,0.892,0.333,0,21.388888889,21.388888889
1,0.855,0.863,0.694,0.95,0.0435,21.388888889,21.388888889
1,0.778,0.514,0.574,0,0,21.388888889,21.388888889
1,0.723,0.222,0.238,0,0,21.388888889,21.388888889
1,0.705,0.0919,0.119,0,0.0435,21.388888889,21.388888889
1,0.705,0.0447,0.0719,0,0,21.388888889,21.388888889
1,0.693,0.0227,0.0493,0,0.218,21.388888889,21.388888889
1,0.565,0.016,0.0493,0,0,22.222222222,22.222222222
1,0.565,0.016,0.0493,0,0,23.888888889,25.555555556
1,0.565,0.016,0.0493,0,0,23.888888889,25.555555556
1,0.585,0.0233,0.0825,0,0.0913,23.888888889,30.555555556
1,0.804,0.106,0.449,0,0.235,23.888888889,30.555555556
0.417,0.672,0.0623,0.227,0,0,23.888888889,30.555555556
0.333,0.651,0.0623,0.195,0,0,23.888888889,30.555555556
1,0.822,0.17,0.473,0,0.0871,23.888888889,30.555555556
1,0.822,0.188,0.455,0,0,23.888888889,30.555555556
1,0.822,0.199,0.443,0,0,23.888888889,30.555555556
1,0.822,0.224,0.44,0,0.0435,23.888888889,30.555555556
1,0.825,0.238,0.444,0,0.261,23.888888889,25.555555556
1,0.866,0.27,0.471,0,0.0435,23.888888889,25.555555556
1,0.925,0.336,0.552,0,0,23.888888889,25.555555556
1,0.98,0.416,0.718,0,0.0435,23.888888889,25.555555556
1,0.997,0.563,0.916,0,0.131,22.222222222,25.555555556
1,0.976,0.778,1,0,0.0435,21.388888889,21.388888889
0.917,0.908,0.864,0.837,0,0,21.388888889,21.388888889
0,0.565,0.016,0.0493,0,0,21.388888889,21.388888889
0,0.565,0.016,0.0493,0,0,21.388888889,21.388888889
0,0.565,0.016,0.0493,0,0,21.388888889,21.388888889
0,0.565,0.016,0.0493,0,0,21.388888889,21.388888889
0,0.565,0.016,0.0493,0,0,21.388888889,21.388888889
0,0.565,0.016,0.0493,0,0,21.388888889,21.388888889
0.0833,0.565,0.016,0.0493,0,0,22.222222222,22.222222222
1,0.565,0.016,0.0493,0,0,23.888888889,25.555555556
1,0.565,0.016,0.0493,0,0,23.888888889,25.555555556
1,0.565,0.016,0.0493,0,0,23.888888889,30.555555556
1,0.586,0.0252,0.0848,0.0833,0.174,23.888888889,30.555555556
1,0.822,0.129,0.476,0.167,0.174,23.888888889,30.555555556
1,0.822,0.152,0.487,0,0,23.888888889,30.555555556
1,0.822,0.17,0.473,0,0,23.888888889,30.555555556
1,0.822,0.188,0.455,0.25,0.131,23.888888889,30.555555556
1,0.822,0.199,0.443,0,0,23.888888889,30.555555556
1,0.822,0.224,0.44,0,0,23.888888889,30.555555556
1,0.825,0.238,0.444,0,0.351,23.888888889,25.555555556
1,0.866,0.27,0.471,0,0.459,23.888888889,25.555555556
1,0.925,0.336,0.552,0,0.468,23.888888889,25.555555556
1,0.98,0.416,0.718,0,0.132,23.888888889,25.555555556
1,0.997,0.563,0.916,0,0,22.222222222,25.555555556
1,0.976,0.778,1,0,0.0435,21.388888889,21.388888889
1,0.908,0.864,0.837,0,0,21.388888889,21.388888889
1,0.565,0.016,0.0493,0,0,21.388888889,21.388888889
1,0.565,0.016,0.0493,0,0,21.388888889,21.388888889
1,0.565,0.0162,0.0493,0,0,21.388888889,21.388888889
1,0.565,0.0183,0.0493,0,0,21.388888889,21.388888889
1,0.565,0.0183,0.0493,0,0,21.388888889,21.388888889
1,0.565,0.0183,0.0493,0,0,21.388888889,21.388888889
1,0.565,0.0183,0.0493,0,0,22.222222222,22.222222222
1,0.565,0.0183,0.0493,0,0,23.888888889,25.555555556
0.667,0.6,0.0228,0.0746,0,0.0435,23.888888889,25.555555556
0,0.565,0.0183,0.0493,0,0,23.888888889,25.555555556
0,0.565,0.0183,0.0493,0,0,23.888888889,25.555555556
0,0.565,0.0183,0.0493,0,0,23.888888889,25.555555556
0,0.565,0.0183,0.0493,0,0,23.888888889,25.555555556
0,0.565,0.0183,0.0493,0,0,23.888888889,25.555555556
0,0.565,0.0183,0.0493,0,0,23.888888889,25.555555556
0,0.565,0.0183,0.0493,0,0,23.888888889,25.555555556
0,0.565,0.0183,0.0493,0,0,23.888888889,25.555555556
0.0833,0.589,0.0591,0.0839,0,0.0856,23.888888889,25.555555556
1,0.866,0.511,0.471,0,0.412,23.888888889,25.555555556
1,0.925,0.536,0.552,0,0.401,23.888888889,25.555555556
1,0.98,0.561,0.718,0.0833,0.0871,23.888888889,25.555555556
1,0.997,0.668,0.916,0.95,0.0435,22.222222222,25.555555556
1,0.976,0.869,1,0,0.0435,21.388888889,21.388888889
1,0.933,1,0.892,0,0,21.388888889,21.388888889
1,0.855,0.9,0.694,0,0,21.388888889,21.388888889
1,0.778,0.56,0.574,0,0,21.388888889,21.388888889
1,0.723,0.254,0.238,0,0,21.388888889,21.388888889
1,0.705,0.109,0.119,0,0.0435,21.388888889,21.388888889
1,0.623,0.0344,0.0596,0,0,21.388888889,21.388888889
1,0.565,0.0183,0.0493,0,0,21.388888889,21.388888889
1,0.565,0.0183,0.0493,0,0,22.222222222,22.222222222
1,0.565,0.0183,0.0493,0,0,23.888888889,25.555555556
1,0.565,0.0183,0.0493,0,0,23.888888889,25.555555556
1,0.674,0.048,0.234,0,0.213,23.888888889,25.555555556
0.167,0.604,0.0338,0.116,0,0,23.888888889,25.555555556
0,0.565,0.0183,0.0493,0,0,23.888888889,25.555555556
0,0.565,0.0183,0.0493,0,0,23.888888889,25.555555556
0,0.565,0.0183,0.0493,0,0,23.888888889,25.555555556
0,0.565,0.0183,0.0493,0,0,23.888888889,25.555555556
0,0.565,0.0183,0.0493,0,0,23.888888889,25.555555556
0,0.565,0.0183,0.0493,0,0,23.888888889,25.555555556
0,0.565,0.0183,0.0493,0,0,23.888888889,25.555555556
0.333,0.668,0.184,0.194,0,0.131,23.888888889,25.555555556
1,0.925,0.536,0.552,0,0.0435,23.888888889,25.555555556
1,0.98,0.561,0.718,0,0.0871,23.888888889,25.555555556
1,0.997,0.668,0.916,0,0.0435,22.222222222,25.555555556
1,0.976,0.869,1,0,0.0871,21.388888889,21.388888889
1,0.933,1,0.892,0,0.0871,21.388888889,21.388888889
1,0.855,0.9,0.694,0,0,21.388888889,21.388888889
1,0.656,0.255,0.28,0,0,21.388888889,21.388888889
1,0.565,0.0181,0.0493,0,0,21.388888889,21.388888889
1,0.565,0.016,0.0493,0,0,21.388888889,21.388888889
1,0.565,0.016,0.0493,0,0,21.388888889,21.388888889
1,0.565,0.016,0.0493,0,0,21.388888889,21.388888889
1,0.565,0.016,0.0493,0,0,22.222222222,22.222222222
1,0.565,0.016,0.0493,0,0,23.888888889,25.555555556
1,0.565,0.016,0.0493,0,0,23.888888889,25.555555556
1,0.674,0.0529,0.234,0,0.303,23.888888889,30.555555556
1,0.804,0.106,0.449,0,0.0871,23.888888889,30.555555556
1,0.822,0.129,0.476,0,0.114,23.888888889,30.555555556
1,0.822,0.152,0.487,0.0833,0.0871,23.888888889,30.555555556
1,0.822,0.17,0.473,0.25,0.0871,23.888888889,30.555555556
1,0.822,0.188,0.455,0.167,0,23.888888889,30.555555556
1,0.822,0.199,0.443,0,0.0435,23.888888889,30.555555556
1,0.822,0.224,0.44,0,0,23.888888889,30.555555556
1,0.825,0.238,0.444,0,0.0871,23.888888889,25.555555556
1,0.866,0.27,0.471,0,0,23.888888889,25.555555556
1,0.925,0.336,0.552,0,0,23.888888889,25.555555556
1,0.98,0.416,0.718,0,0.138,23.888888889,25.555555556
1,0.997,0.563,0.916,0,0.441,22.222222222,25.555555556
1,0.976,0.778,1,0,0.0435,21.388888889,21.388888889
1,0.933,0.938,0.892,0,0,21.388888889,21.388888889
1,0.855,0.863,0.694,0,0,21.388888889,21.388888889
1,0.765,0.496,0.557,0,0,21.388888889,21.388888889
1,0.565,0.016,0.0493,0,0,21.388888889,21.388888889
1,0.565,0.016,0.0493,0,0,21.388888889,21.388888889
1,0.565,0.016,0.0493,0,0,21.388888889,21.388888889
1,0.565,0.016,0.0493,0,0,21.388888889,21.388888889
1,0.565,0.016,0.0493,0,0,22.222222222,22.222222222
1,0.565,0.016,0.0493,0,0,23.888888889,25.555555556
1,0.565,0.016,0.0493,0,0,23.888888889,25.555555556
1,0.565,0.016,0.0493,0,0,23.888888889,30.555555556
1,0.565,0.016,0.0493,0,0,23.888888889,30.555555556
1,0.565,0.016,0.0493,0,0,23.888888889,30.555555556
1,0.565,0.016,0.0493,0,0,23.888888889,30.555555556
1,0.586,0.0302,0.0833,0,0,23.888888889,30.555555556
1,0.822,0.188,0.455,0,0.218,23.888888889,30.555555556
1,0.608,0.0462,0.115,0,0,23.888888889,30.555555556
1,0.565,0.016,0.0493,0,0,23.888888889,30.555555556
1,0.565,0.016,0.0493,0,0,23.888888889,25.555555556
1,0.565,0.016,0.0493,0,0,23.888888889,25.555555556
1,0.866,0.283,0.47,0,0.305,23.888888889,25.555555556
1,0.98,0.416,0.718,0,0.0435,23.888888889,25.555555556
1,0.997,0.563,0.916,0,0.0871,22.222222222,25.555555556
1,0.976,0.778,1,0,0,21.388888889,21.388888889
1,0.933,0.938,0.892,0,0,21.388888889,21.388888889
1,0.855,0.863,0.694,0,0.305,21.388888889,21.388888889
1,0.71,0.365,0.419,0,0.211,21.388888889,21.388888889
1,0.565,0.016,0.0493,0,0.122,21.388888889,21.388888889
1,0.565,0.016,0.0493,0,0,21.388888889,21.388888889
1,0.565,0.016,0.0493,0,0,21.388888889,21.388888889
1,0.565,0.016,0.0493,0,0,21.388888889,21.388888889
1,0.565,0.016,0.0493,0,0,22.222222222,22.222222222
1,0.565,0.016,0.0493,0,0,23.888888889,25.555555556
1,0.565,0.016,0.0493,0,0,23.888888889,25.555555556
1,0.565,0.016,0.0493,0,0,23.888888889,30.555555556
1,0.565,0.016,0.0493,0,0,23.888888889,30.555555556
1,0.565,0.016,0.0493,0,0,23.888888889,30.555555556
1,0.715,0.0959,0.304,0,0.116,23.888888889,30.555555556
1,0.822,0.17,0.473,0,0.29,23.888888889,30.555555556
1,0.822,0.188,0.455,0,0.0435,23.888888889,30.555555556
1,0.822,0.199,0.443,0,0.174,23.888888889,30.555555556
1,0.822,0.224,0.44,0,0.392,23.888888889,30.555555556
1,0.825,0.238,0.444,0,0.0435,23.888888889,25.555555556
1,0.866,0.27,0.471,0,0,23.888888889,25.555555556
1,0.925,0.336,0.552,0,0,23.888888889,25.555555556
1,0.98,0.416,0.718,0,0.0435,23.888888889,25.555555556
1,0.997,0.563,0.916,0,0,22.222222222,25.555555556
1,0.976,0.778,1,0,0,21.388888889,21.388888889
1,0.933,0.938,0.892,0,0.218,21.388888889,21.388888889
1,0.837,0.819,0.648,0,0,21.388888889,21.388888889
1,0.565,0.016,0.0493,0,0,21.388888889,21.388888889
1,0.565,0.016,0.0493,0,0,21.388888889,21.388888889
1,0.565,0.016,0.0493,0,0,21.388888889,21.388888889
1,0.565,0.016,0.0493,0,0,21.388888889,21.388888889
1,0.565,0.016,0.0493,0,0,21.388888889,21.388888889
1,0.565,0.016,0.0493,0,0,22.222222222,22.222222222
1,0.565,0.016,0.0493,0,0,23.888888889,25.555555556
1,0.565,0.016,0.0493,0,0,23.888888889,25.555555556
1,0.585,0.0233,0.0825,0,0,23.888888889,30.555555556
1,0.804,0.106,0.449,0,0.0435,23.888888889,30.555555556
1,0.822,0.129,0.476,0,0.0435,23.888888889,30.555555556
1,0.822,0.152,0.487,0,0.218,23.888888889,30.555555556
1,0.822,0.17,0.473,0,0.218,23.888888889,30.555555556
1,0.822,0.188,0.455,0,0.0435,23.888888889,30.555555556
1,0.822,0.199,0.443,0,0.0435,23.888888889,30.555555556
1,0.822,0.224,0.44,0,0.0435,23.888888889,30.555555556
1,0.825,0.238,0.444,0,0,23.888888889,25.555555556
1,0.866,0.27,0.471,0,0.131,23.888888889,25.555555556
1,0.925,0.336,0.552,0,0.0871,23.888888889,25.555555556
1,0.98,0.416,0.718,0,0,23.888888889,25.555555556
1,0.997,0.563,0.916,0,0,22.222222222,25.555555556
1,0.976,0.778,1,0,0,21.388888889,21.388888889
1,0.933,0.938,0.892,0,0,21.388888889,21.388888889
1,0.688,0.381,0.321,0,0,21.388888889,21.388888889
1,0.565,0.016,0.0493,0,0,21.388888889,21.388888889
1,0.576,0.0226,0.0555,0,0,21.388888889,21.388888889
1,0.705,0.0919,0.119,0,0,21.388888889,21.388888889
1,0.705,0.0447,0.0719,0,0,21.388888889,21.388888889
1,0.705,0.0229,0.0493,0,0,21.388888889,21.388888889
1,0.693,0.018,0.0493,0,0.131,22.222222222,22.222222222
1,0.565,0.016,0.0493,0,0,23.888888889,25.555555556
1,0.65,0.0363,0.125,0.25,0,23.888888889,25.555555556
1,0.749,0.0776,0.361,0,0.0871,23.888888889,30.555555556
1,0.804,0.106,0.449,0,0,23.888888889,30.555555556
1,0.822,0.129,0.476,0,0,23.888888889,30.555555556
1,0.822,0.152,0.487,0,0,23.888888889,30.555555556
1,0.822,0.17,0.473,0,0.0435,23.888888889,30.555555556
1,0.822,0.188,0.455,0,0,23.888888889,30.555555556
1,0.822,0.199,0.443,0,0.22,23.888888889,30.555555556
1,0.801,0.206,0.407,0,0.348,23.888888889,30.555555556
1,0.589,0.0367,0.0839,0,0,23.888888889,25.555555556
1,0.866,0.27,0.471,0,0.0871,23.888888889,25.555555556
1,0.925,0.336,0.552,0,0,23.888888889,25.555555556
0.75,0.877,0.319,0.555,0.0833,0,23.888888889,25.555555556
1,0.997,0.563,0.916,0.167,0.362,22.222222222,25.555555556
1,0.976,0.778,1,0,0,21.388888889,21.388888889
1,0.933,0.938,0.892,0,0,21.388888889,21.388888889
1,0.855,0.863,0.694,0,0,21.388888889,21.388888889
1,0.778,0.514,0.574,0,0,21.388888889,21.388888889
1,0.671,0.161,0.182,0,0,21.388888889,21.388888889
1,0.565,0.0183,0.0493,0,0,21.388888889,21.388888889
1,0.565,0.0183,0.0493,0,0,21.388888889,21.388888889
1,0.565,0.0183,0.0493,0,0,21.388888889,21.388888889
1,0.565,0.0183,0.0493,0,0,22.222222222,22.222222222
1,0.565,0.0183,0.0493,0,0,23.888888889,25.555555556
1,0.565,0.0183,0.0493,0,0,23.888888889,25.555555556
1,0.565,0.0183,0.0493,0,0,23.888888889,25.555555556
1,0.586,0.0321,0.0848,0.0833,0,23.888888889,25.555555556
1,0.822,0.189,0.476,0.433,0.218,23.888888889,25.555555556
1,0.822,0.248,0.487,0,0.305,23.888888889,25.555555556
0.917,0.801,0.268,0.44,0,0.0871,23.888888889,25.555555556
0,0.565,0.0183,0.0493,0,0,23.888888889,25.555555556
0,0.565,0.0183,0.0493,0,0,23.888888889,25.555555556
0,0.565,0.0183,0.0493,0,0,23.888888889,25.555555556
0,0.565,0.0183,0.0493,0,0,23.888888889,25.555555556
0,0.565,0.0183,0.0493,0,0,23.888888889,25.555555556
0,0.565,0.0183,0.0493,0,0,23.888888889,25.555555556
0.333,0.704,0.205,0.284,0,0.0435,23.888888889,25.555555556
1,0.997,0.668,0.916,0,0.0435,22.222222222,25.555555556
1,0.976,0.869,1,0,0.218,21.388888889,21.388888889
1,0.933,1,0.892,0,0.131,21.388888889,21.388888889
1,0.855,0.9,0.694,0,0,21.388888889,21.388888889
1,0.778,0.56,0.574,0,0,21.388888889,21.388888889
1,0.591,0.0597,0.0825,0,0,21.388888889,21.388888889
1,0.565,0.0183,0.0493,0,0,21.388888889,21.388888889
1,0.565,0.0183,0.0493,0,0,21.388888889,21.388888889
1,0.565,0.0183,0.0493,0,0,21.388888889,21.388888889
1,0.565,0.0183,0.0493,0,0,22.222222222,22.222222222
1,0.565,0.0183,0.0493,0,0,23.888888889,25.555555556
1,0.565,0.0183,0.0493,0,0,23.888888889,25.555555556
1,0.565,0.0183,0.0493,0,0,23.888888889,25.555555556
1,0.586,0.0321,0.0848,0,0.182,23.888888889,25.555555556
0.917,0.801,0.17,0.44,0,0.076,23.888888889,25.555555556
0,0.565,0.0183,0.0493,0,0,23.888888889,25.555555556
0,0.565,0.0183,0.0493,0,0,23.888888889,25.555555556
0,0.565,0.0183,0.0493,0,0,23.888888889,25.555555556
0,0.565,0.0183,0.0493,0,0,23.888888889,25.555555556
0,0.565,0.0183,0.0493,0,0,23.888888889,25.555555556
0,0.565,0.0183,0.0493,0,0,23.888888889,25.555555556
0,0.565,0.0183,0.0493,0,0,23.888888889,25.555555556
0.583,0.777,0.321,0.348,0,0.0871,23.888888889,25.555555556
1,0.98,0.561,0.718,0,0.0871,23.888888889,25.555555556
1,0.997,0.668,0.916,0,0.174,22.222222222,25.555555556
1,0.976,0.869,1,0,0.174,21.388888889,21.388888889
1,0.933,1,0.892,0,0.572,21.388888889,21.388888889
1,0.855,0.9,0.694,0,0.249,21.388888889,21.388888889
1,0.601,0.113,0.142,0,0,21.388888889,21.388888889
1,0.565,0.0181,0.0493,0,0,21.388888889,21.388888889
1,0.565,0.016,0.0493,0,0,21.388888889,21.388888889
1,0.565,0.016,0.0493,0,0,21.388888889,21.388888889
1,0.565,0.016,0.0493,0,0,21.388888889,21.388888889
1,0.565,0.016,0.0493,0,0,22.222222222,22.222222222
1,0.565,0.016,0.0493,0,0,23.888888889,25.555555556
1,0.565,0.016,0.0493,0,0,23.888888889,25.555555556
1,0.565,0.016,0.0493,0,0,23.888888889,30.555555556
1,0.586,0.0252,0.0848,0,0,23.888888889,30.555555556
1,0.822,0.129,0.476,0,0.0435,23.888888889,30.555555556
1,0.822,0.152,0.487,0,0.0435,23.888888889,30.555555556
1,0.822,0.17,0.473,0,0,23.888888889,30.555555556
1,0.822,0.188,0.455,0,0.174,23.888888889,30.555555556
1,0.822,0.199,0.443,0.25,0,23.888888889,30.555555556
1,0.822,0.224,0.44,0,0.0435,23.888888889,30.555555556
1,0.825,0.238,0.444,0,0.0435,23.888888889,25.555555556
1,0.866,0.27,0.471,0,0.0871,23.888888889,25.555555556
1,0.925,0.336,0.552,0,0,23.888888889,25.555555556
1,0.98,0.416,0.718,0,0.174,23.888888889,25.555555556
1,0.997,0.563,0.916,0,0,22.222222222,25.555555556
1,0.976,0.778,1,0,0,21.388888889,21.388888889
1,0.933,0.938,0.892,0,0.0435,21.388888889,21.388888889
1,0.855,0.863,0.694,0,0,21.388888889,21.388888889
1,0.778,0.514,0.574,0,0,21.388888889,21.388888889
1,0.723,0.222,0.238,0,0,21.388888889,21.388888889
1,0.658,0.0693,0.0986,0,0,21.388888889,21.388888889
1,0.565,0.016,0.0493,0,0,21.388888889,21.388888889
1,0.565,0.016,0.0493,0,0,21.388888889,21.388888889
1,0.565,0.016,0.0493,0,0,22.222222222,22.222222222
1,0.565,0.016,0.0493,0,0,23.888888889,25.555555556
1,0.565,0.016,0.0493,0,0,23.888888889,25.555555556
1,0.565,0.016,0.0493,0,0,23.888888889,30.555555556
1,0.565,0.016,0.0493,0,0,23.888888889,30.555555556
1,0.565,0.016,0.0493,0,0,23.888888889,30.555555556
1,0.586,0.0287,0.0848,0,0.0435,23.888888889,30.555555556
1,0.822,0.17,0.473,0,0,23.888888889,30.555555556
0.917,0.801,0.173,0.423,0,0.0435,23.888888889,30.555555556
0,0.565,0.016,0.0493,0,0,23.888888889,30.555555556
0,0.565,0.016,0.0493,0,0,23.888888889,30.555555556
0.833,0.783,0.202,0.379,0.0833,0.305,23.888888889,25.555555556
1,0.866,0.27,0.471,0.433,0.174,23.888888889,25.555555556
1,0.925,0.336,0.552,0,0.0871,23.888888889,25.555555556
1,0.98,0.416,0.718,0,0,23.888888889,25.555555556
1,0.997,0.563,0.916,0,0.0871,22.222222222,25.555555556
1,0.976,0.778,1,0,0,21.388888889,21.388888889
1,0.815,0.633,0.622,0,0,21.388888889,21.388888889
1,0.565,0.016,0.0493,0,0,21.388888889,21.388888889
1,0.565,0.016,0.0493,0,0,21.388888889,21.388888889
1,0.565,0.016,0.0493,0,0,21.388888889,21.388888889
1,0.565,0.016,0.0493,0,0,21.388888889,21.388888889
1,0.565,0.016,0.0493,0,0,21.388888889,21.388888889
1,0.565,0.016,0.0493,0,0,21.388888889,21.388888889
1,0.565,0.016,0.0493,0,0,22.222222222,22.222222222
1,0.565,0.016,0.0493,0,0,23.888888889,25.555555556
1,0.565,0.016,0.0493,0,0,23.888888889,25.555555556
1,0.565,0.016,0.0493,0,0,23.888888889,30.555555556
1,0.565,0.016,0.0493,0,0,23.888888889,30.555555556
1,0.565,0.016,0.0493,0,0,23.888888889,30.555555556
1,0.586,0.0287,0.0848,0.0833,0,23.888888889,30.555555556
1,0.822,0.17,0.473,0.167,0,23.888888889,30.555555556
1,0.822,0.188,0.455,0,0.0435,23.888888889,30.555555556
1,0.822,0.199,0.443,0,0.174,23.888888889,30.555555556
1,0.822,0.224,0.44,0,0.522,23.888888889,30.555555556
1,0.825,0.238,0.444,0.25,0,23.888888889,25.555555556
1,0.866,0.27,0.471,0,0.261,23.888888889,25.555555556
1,0.925,0.336,0.552,0,0.0435,23.888888889,25.555555556
1,0.98,0.416,0.718,0,0,23.888888889,25.555555556
0.75,0.888,0.431,0.701,0,0.0435,22.222222222,25.555555556
1,0.737,0.327,0.449,0,0,21.388888889,21.388888889
1,0.565,0.016,0.0493,0,0,21.388888889,21.388888889
1,0.565,0.016,0.0493,0,0,21.388888889,21.388888889
1,0.565,0.016,0.0493,0,0,21.388888889,21.388888889
1,0.565,0.016,0.0493,0,0,21.388888889,21.388888889
1,0.565,0.016,0.0493,0,0,21.388888889,21.388888889
1,0.565,0.016,0.0493,0,0,21.388888889,21.388888889
1,0.565,0.016,0.0493,0,0,21.388888889,21.388888889
1,0.565,0.016,0.0493,0,0,22.222222222,22.222222222
1,0.565,0.016,0.0493,0,0,23.888888889,25.555555556
1,0.565,0.016,0.0493,0,0,23.888888889,25.555555556
1,0.738,0.0744,0.331,0,0.35,23.888888889,30.555555556
1,0.815,0.111,0.451,0,0.0435,23.888888889,30.555555556
1,0.828,0.134,0.472,0,0.0435,23.888888889,30.555555556
1,0.828,0.155,0.475,0,0.218,23.888888889,30.555555556
1,0.828,0.173,0.46,0,0,23.888888889,30.555555556
1,0.828,0.189,0.443,0,0.0871,23.888888889,30.555555556
0.167,0.609,0.0459,0.114,0,0.174,23.888888889,30.555555556
0,0.565,0.016,0.0493,0,0,23.888888889,30.555555556
0,0.565,0.016,0.0493,0,0,23.888888889,25.555555556
0.583,0.761,0.181,0.294,0,0.555,23.888888889,25.555555556
0.917,0.911,0.32,0.481,0,0.19,23.888888889,25.555555556
0,0.565,0.016,0.0493,0,0,23.888888889,25.555555556
0.0833,0.6,0.0777,0.124,0,0,22.222222222,25.555555556
1,0.635,0.14,0.2,0,0,21.388888889,21.388888889
1,0.565,0.016,0.0493,0,0,21.388888889,21.388888889
1,0.565,0.016,0.0493,0,0,21.388888889,21.388888889
1,0.565,0.016,0.0493,0,0,21.388888889,21.388888889
1,0.565,0.016,0.0493,0,0,21.388888889,21.388888889
1,0.565,0.016,0.0493,0,0,21.388888889,21.388888889
1,0.565,0.016,0.0493,0,0,21.388888889,21.388888889
1,0.565,0.016,0.0493,0,0,21.388888889,21.388888889
1,0.565,0.016,0.0493,0,0,22.222222222,22.222222222
1,0.565,0.016,0.0493,0,0,23.888888889,25.555555556
1,0.565,0.016,0.0493,0,0,23.888888889,25.555555556
1,0.565,0.016,0.0493,0,0,23.888888889,30.555555556
1,0.565,0.016,0.0493,0,0,23.888888889,30.555555556
0.667,0.565,0.016,0.0493,0,0,23.888888889,30.555555556
0.333,0.653,0.0665,0.188,0,0,23.888888889,30.555555556
1,0.828,0.173,0.46,0,0.0435,23.888888889,30.555555556
1,0.828,0.189,0.443,0,0.0435,23.888888889,30.555555556
1,0.828,0.204,0.433,0.333,0.0871,23.888888889,30.555555556
1,0.828,0.226,0.431,0.933,0.131,23.888888889,30.555555556
1,0.841,0.244,0.436,0,0.0435,23.888888889,25.555555556
1,0.887,0.284,0.459,0,0,23.888888889,25.555555556
1,0.946,0.352,0.527,0,0.174,23.888888889,25.555555556
1,0.992,0.448,0.665,0,0.131,23.888888889,25.555555556
1,0.999,0.613,0.843,0,0,22.222222222,25.555555556
1,0.973,0.817,0.953,0,0.0435,21.388888889,21.388888889
1,0.92,0.919,0.906,0,0.206,21.388888889,21.388888889
1,0.841,0.769,0.699,0,0.233,21.388888889,21.388888889
1,0.714,0.362,0.344,0,0,21.388888889,21.388888889
1,0.565,0.0162,0.0493,0,0,21.388888889,21.388888889
1,0.565,0.0183,0.0493,0,0,21.388888889,21.388888889
1,0.565,0.0183,0.0493,0,0,21.388888889,21.388888889
1,0.565,0.0183,0.0493,0,0,21.388888889,21.388888889
1,0.565,0.0183,0.0493,0,0,22.222222222,22.222222222
1,0.565,0.0183,0.0493,0,0,23.888888889,25.555555556
1,0.565,0.0183,0.0493,0,0,23.888888889,25.555555556
0.967,0.718,0.0632,0.298,0,0.369,23.888888889,25.555555556
0,0.565,0.0183,0.0493,0,0,23.888888889,25.555555556
0,0.565,0.0183,0.0493,0,0,23.888888889,25.555555556
0,0.565,0.0183,0.0493,0,0,23.888888889,25.555555556
0,0.565,0.0183,0.0493,0,0,23.888888889,25.555555556
0,0.565,0.0183,0.0493,0,0,23.888888889,25.555555556
0,0.565,0.0183,0.0493,0,0,23.888888889,25.555555556
0,0.565,0.0183,0.0493,0,0,23.888888889,25.555555556
0,0.565,0.0183,0.0493,0,0,23.888888889,25.555555556
0,0.565,0.0183,0.0493,0,0,23.888888889,25.555555556
0.533,0.775,0.297,0.316,0,0.131,23.888888889,25.555555556
1,0.991,0.576,0.656,0.25,0,23.888888889,25.555555556
1,1,0.704,0.835,0,0.261,22.222222222,25.555555556
1,0.975,0.892,0.952,0,0.0871,21.388888889,21.388888889
1,0.924,0.978,0.913,0,0.157,21.388888889,21.388888889
1,0.782,0.666,0.59,0,0.115,21.388888889,21.388888889
1,0.565,0.0183,0.0493,0,0,21.388888889,21.388888889
1,0.565,0.0183,0.0493,0,0,21.388888889,21.388888889
1,0.565,0.0183,0.0493,0,0,21.388888889,21.388888889
1,0.565,0.0183,0.0493,0,0,21.388888889,21.388888889
1,0.565,0.0183,0.0493,0,0,21.388888889,21.388888889
1,0.565,0.0183,0.0493,0,0,22.222222222,22.222222222
1,0.565,0.0183,0.0493,0,0,23.888888889,25.555555556
1,0.565,0.0183,0.0493,0,0,23.888888889,25.555555556
1,0.565,0.0183,0.0493,0,0,23.888888889,25.555555556
1,0.565,0.0183,0.0493,0,0,23.888888889,25.555555556
1,0.639,0.0817,0.171,0,0,23.888888889,25.555555556
1,0.828,0.255,0.475,0,0.0871,23.888888889,25.555555556
1,0.828,0.297,0.461,0,0.131,23.888888889,25.555555556
1,0.828,0.323,0.444,0,0.218,23.888888889,25.555555556
1,0.828,0.358,0.434,0,0.0435,23.888888889,25.555555556
1,0.622,0.101,0.132,0,0,23.888888889,25.555555556
1,0.565,0.0183,0.0493,0,0,23.888888889,25.555555556
1,0.565,0.0183,0.0493,0,0,23.888888889,25.555555556
1,0.565,0.0183,0.0493,0,0,23.888888889,25.555555556
0.5,0.69,0.196,0.259,0,0.0435,23.888888889,25.555555556
1,1,0.704,0.835,0,0.174,22.222222222,25.555555556
1,0.975,0.892,0.952,0,0,21.388888889,21.388888889
1,0.924,0.978,0.913,0,0.0435,21.388888889,21.388888889
1,0.845,0.826,0.715,0,0,21.388888889,21.388888889
1,0.766,0.484,0.416,0,0,21.388888889,21.388888889
1,0.565,0.0181,0.0493,0,0,21.388888889,21.388888889
1,0.565,0.016,0.0493,0,0,21.388888889,21.388888889
1,0.565,0.016,0.0493,0,0,21.388888889,21.388888889
1,0.565,0.016,0.0493,0,0,21.388888889,21.388888889
1,0.565,0.016,0.0493,0,0,22.222222222,22.222222222
1,0.565,0.016,0.0493,0,0,23.888888889,25.555555556
1,0.565,0.016,0.0493,0,0,23.888888889,25.555555556
1,0.738,0.0744,0.331,0.25,0,23.888888889,30.555555556
1,0.815,0.111,0.451,0,0.0435,23.888888889,30.555555556
1,0.828,0.134,0.472,0,0.0871,23.888888889,30.555555556
1,0.828,0.155,0.475,0,0.131,23.888888889,30.555555556
1,0.828,0.173,0.46,0,0,23.888888889,30.555555556
1,0.828,0.189,0.443,0,0.218,23.888888889,30.555555556
1,0.828,0.204,0.433,0,0.0435,23.888888889,30.555555556
1,0.828,0.226,0.431,0,0.0435,23.888888889,30.555555556
1,0.841,0.244,0.436,0,0.0435,23.888888889,25.555555556
1,0.887,0.284,0.459,0,0.0435,23.888888889,25.555555556
1,0.946,0.352,0.527,0.333,0,23.888888889,25.555555556
0.667,0.845,0.273,0.419,0.933,0.135,23.888888889,25.555555556
0,0.565,0.016,0.0493,0,0,22.222222222,25.555555556
0,0.565,0.016,0.0493,0,0,21.388888889,21.388888889
0,0.565,0.016,0.0493,0,0,21.388888889,21.388888889
0,0.565,0.016,0.0493,0,0,21.388888889,21.388888889
0.583,0.662,0.2,0.21,0,0,21.388888889,21.388888889
1,0.565,0.016,0.0493,0,0,21.388888889,21.388888889
1,0.565,0.016,0.0493,0,0,21.388888889,21.388888889
1,0.565,0.016,0.0493,0,0,21.388888889,21.388888889
1,0.565,0.016,0.0493,0,0,21.388888889,21.388888889
1,0.613,0.0201,0.0511,0,0,22.222222222,22.222222222
1,0.71,0.0343,0.086,0,0,23.888888889,25.555555556
1,0.723,0.0558,0.216,0,0.299,23.888888889,25.555555556
1,0.769,0.0841,0.381,0,0.389,23.888888889,30.555555556
1,0.815,0.111,0.451,0,0.25,23.888888889,30.555555556
1,0.828,0.134,0.472,0,0.0755,23.888888889,30.555555556
1,0.828,0.155,0.475,0,0.161,23.888888889,30.555555556
0.75,0.762,0.131,0.36,0,0.174,23.888888889,30.555555556
1,0.828,0.189,0.443,0,0,23.888888889,30.555555556
1,0.828,0.204,0.433,0,0,23.888888889,30.555555556
1,0.828,0.226,0.431,0.25,0.131,23.888888889,30.555555556
1,0.841,0.244,0.436,0,0.0435,23.888888889,25.555555556
1,0.887,0.284,0.459,0,0,23.888888889,25.555555556
1,0.946,0.352,0.527,0,0.0435,23.888888889,25.555555556
1,0.992,0.448,0.665,0.833,0.0871,23.888888889,25.555555556
1,0.999,0.613,0.843,0.433,0.0435,22.222222222,25.555555556
1,0.973,0.817,0.953,0,0.158,21.388888889,21.388888889
1,0.92,0.919,0.906,0,0.228,21.388888889,21.388888889
1,0.767,0.596,0.552,0,0,21.388888889,21.388888889
1,0.565,0.016,0.0493,0,0,21.388888889,21.388888889
1,0.565,0.016,0.0493,0,0,21.388888889,21.388888889
1,0.565,0.016,0.0493,0,0,21.388888889,21.388888889
1,0.565,0.016,0.0493,0,0,21.388888889,21.388888889
1,0.565,0.016,0.0493,0,0,21.388888889,21.388888889
1,0.565,0.016,0.0493,0,0,22.222222222,22.222222222
1,0.613,0.0261,0.0826,0,0,23.888888889,25.555555556
1,0.723,0.0558,0.216,0,0,23.888888889,25.555555556
1,0.769,0.0841,0.381,0.583,0.131,23.888888889,30.555555556
1,0.815,0.111,0.451,0.95,0.0435,23.888888889,30.555555556
0.667,0.74,0.0895,0.329,0,0.0435,23.888888889,30.555555556
0,0.565,0.016,0.0493,0,0,23.888888889,30.555555556
0,0.565,0.016,0.0493,0,0,23.888888889,30.555555556
0,0.565,0.016,0.0493,0,0,23.888888889,30.555555556
0,0.565,0.016,0.0493,0,0,23.888888889,30.555555556
0.0833,0.587,0.0342,0.0812,0,0.0871,23.888888889,30.555555556
1,0.841,0.244,0.436,0,0.305,23.888888889,25.555555556
0.667,0.767,0.18,0.312,0,0.0435,23.888888889,25.555555556
0.0833,0.6,0.0481,0.0955,0,0,23.888888889,25.555555556
0.167,0.635,0.0803,0.142,0,0,23.888888889,25.555555556
0,0.565,0.016,0.0493,0,0,22.222222222,25.555555556
0,0.565,0.016,0.0493,0,0,21.388888889,21.388888889
0.583,0.761,0.536,0.528,0,0.129,21.388888889,21.388888889
1,0.767,0.596,0.552,0,0.252,21.388888889,21.388888889
1,0.565,0.016,0.0493,0,0,21.388888889,21.388888889
1,0.565,0.016,0.0493,0,0,21.388888889,21.388888889
1,0.565,0.016,0.0493,0,0,21.388888889,21.388888889
1,0.565,0.016,0.0493,0,0,21.388888889,21.388888889
1,0.565,0.016,0.0493,0,0,21.388888889,21.388888889
1,0.565,0.016,0.0493,0,0,22.222222222,22.222222222
1,0.565,0.016,0.0493,0,0,23.888888889,25.555555556
1,0.565,0.016,0.0493,0,0,23.888888889,25.555555556
1,0.565,0.016,0.0493,0,0,23.888888889,30.555555556
1,0.565,0.016,0.0493,0,0,23.888888889,30.555555556
1,0.565,0.016,0.0493,0,0,23.888888889,30.555555556
1,0.565,0.016,0.0493,0,0,23.888888889,30.555555556
1,0.565,0.016,0.0493,0,0,23.888888889,30.555555556
1,0.784,0.161,0.377,0.333,0.0435,23.888888889,30.555555556
0.917,0.806,0.187,0.402,0.683,0.0435,23.888888889,30.555555556
0.583,0.718,0.14,0.272,0,0.131,23.888888889,30.555555556
1,0.841,0.244,0.436,0,0.435,23.888888889,25.555555556
1,0.887,0.284,0.459,0,0,23.888888889,25.555555556
1,0.946,0.352,0.527,0.25,0.218,23.888888889,25.555555556
1,0.992,0.448,0.665,0,0.0435,23.888888889,25.555555556
0.417,0.748,0.235,0.358,0,0,22.222222222,25.555555556
0,0.565,0.016,0.0493,0,0,21.388888889,21.388888889
0,0.565,0.016,0.0493,0,0,21.388888889,21.388888889
0.833,0.716,0.451,0.426,0,0,21.388888889,21.388888889
1,0.565,0.016,0.0493,0,0,21.388888889,21.388888889
1,0.565,0.016,0.0493,0,0,21.388888889,21.388888889
1,0.565,0.016,0.0493,0,0,21.388888889,21.388888889
1,0.565,0.016,0.0493,0,0,21.388888889,21.388888889
1,0.565,0.016,0.0493,0,0,21.388888889,21.388888889
1,0.565,0.016,0.0493,0,0,22.222222222,22.222222222
1,0.565,0.016,0.0493,0,0,23.888888889,25.555555556
1,0.626,0.0355,0.15,0,0,23.888888889,25.555555556
1,0.769,0.0841,0.381,0,0,23.888888889,30.555555556
1,0.815,0.111,0.451,0,0.0435,23.888888889,30.555555556
1,0.828,0.134,0.472,0,0.0871,23.888888889,30.555555556
1,0.828,0.155,0.475,0,0.0871,23.888888889,30.555555556
1,0.828,0.173,0.46,0,0,23.888888889,30.555555556
1,0.828,0.189,0.443,0,0,23.888888889,30.555555556
1,0.828,0.204,0.433,0,0,23.888888889,30.555555556
1,0.828,0.226,0.431,0,0.0435,23.888888889,30.555555556
1,0.841,0.244,0.436,0,0.174,23.888888889,25.555555556
1,0.887,0.284,0.459,0,0.218,23.888888889,25.555555556
1,0.946,0.352,0.527,0.25,0.0435,23.888888889,25.555555556
1,0.992,0.448,0.665,0,0,23.888888889,25.555555556
1,0.999,0.613,0.843,0,0,22.222222222,25.555555556
1,0.973,0.817,0.953,0,0,21.388888889,21.388888889
1,0.92,0.919,0.906,0,0,21.388888889,21.388888889
1,0.841,0.769,0.699,0,0,21.388888889,21.388888889
1,0.714,0.362,0.344,0,0.138,21.388888889,21.388888889
1,0.565,0.0162,0.0493,0,0,21.388888889,21.388888889
1,0.565,0.0183,0.0493,0,0,21.388888889,21.388888889
1,0.565,0.0183,0.0493,0,0,21.388888889,21.388888889
1,0.565,0.0183,0.0493,0,0,21.388888889,21.388888889
1,0.565,0.0183,0.0493,0,0,22.222222222,22.222222222
1,0.565,0.0183,0.0493,0,0,23.888888889,25.555555556
1,0.565,0.0183,0.0493,0,0,23.888888889,25.555555556
1,0.634,0.0445,0.161,0,0.0435,23.888888889,25.555555556
1,0.814,0.131,0.45,0,0.131,23.888888889,25.555555556
0.967,0.819,0.192,0.457,0,0.261,23.888888889,25.555555556
0,0.565,0.0183,0.0493,0,0,23.888888889,25.555555556
0,0.565,0.0183,0.0493,0,0,23.888888889,25.555555556
0,0.565,0.0183,0.0493,0,0,23.888888889,25.555555556
0,0.565,0.0183,0.0493,0,0,23.888888889,25.555555556
0,0.565,0.0183,0.0493,0,0,23.888888889,25.555555556
0,0.565,0.0183,0.0493,0,0,23.888888889,25.555555556
0,0.565,0.0183,0.0493,0,0,23.888888889,25.555555556
0,0.565,0.0183,0.0493,0,0,23.888888889,25.555555556
0,0.565,0.0183,0.0493,0,0,23.888888889,25.555555556
0.533,0.794,0.411,0.49,0,0.131,22.222222222,25.555555556
1,0.975,0.892,0.952,0,0.0871,21.388888889,21.388888889
1,0.924,0.978,0.913,0,0.0871,21.388888889,21.388888889
1,0.845,0.826,0.715,0,0,21.388888889,21.388888889
1,0.725,0.422,0.366,0,0,21.388888889,21.388888889
1,0.565,0.0183,0.0493,0,0,21.388888889,21.388888889
1,0.565,0.0183,0.0493,0,0,21.388888889,21.388888889
1,0.565,0.0183,0.0493,0,0,21.388888889,21.388888889
1,0.565,0.0183,0.0493,0,0,21.388888889,21.388888889
1,0.565,0.0183,0.0493,0,0,22.222222222,22.222222222
1,0.565,0.0183,0.0493,0,0,23.888888889,25.555555556
1,0.565,0.0183,0.0493,0,0,23.888888889,25.555555556
1,0.634,0.0445,0.161,0.25,0.0435,23.888888889,25.555555556
1,0.814,0.131,0.45,0,0.0871,23.888888889,25.555555556
1,0.828,0.2,0.471,0.25,0.261,23.888888889,25.555555556
1,0.828,0.255,0.475,0,0.0435,23.888888889,25.555555556
1,0.828,0.297,0.461,0,0.0803,23.888888889,25.555555556
0.717,0.753,0.232,0.335,0.25,0.0368,23.888888889,25.555555556
0,0.565,0.0183,0.0493,0,0,23.888888889,25.555555556
0,0.565,0.0183,0.0493,0,0,23.888888889,25.555555556
0,0.565,0.0183,0.0493,0,0,23.888888889,25.555555556
0,0.565,0.0183,0.0493,0,0,23.888888889,25.555555556
0,0.565,0.0183,0.0493,0,0,23.888888889,25.555555556
0.283,0.69,0.196,0.259,0,0.0871,23.888888889,25.555555556
1,1,0.704,0.835,0,0.174,22.222222222,25.555555556
1,0.975,0.892,0.952,0,0.0435,21.388888889,21.388888889
1,0.924,0.978,0.913,0,0.0871,21.388888889,21.388888889
1,0.845,0.826,0.715,0,0.431,21.388888889,21.388888889
1,0.613,0.14,0.145,0,0.082,21.388888889,21.388888889
1,0.565,0.0181,0.0493,0,0,21.388888889,21.388888889
1,0.565,0.016,0.0493,0,0,21.388888889,21.388888889
1,0.565,0.016,0.0493,0,0,21.388888889,21.388888889
1,0.565,0.016,0.0493,0,0,21.388888889,21.388888889
1,0.565,0.016,0.0493,0,0,22.222222222,22.222222222
1,0.686,0.0323,0.0852,0,0.131,23.888888889,25.555555556
1,0.723,0.0558,0.216,0,0,23.888888889,25.555555556
1,0.769,0.0841,0.381,0,0,23.888888889,30.555555556
1,0.793,0.102,0.416,0,0.0871,23.888888889,30.555555556
1,0.565,0.016,0.0493,0,0,23.888888889,30.555555556
1,0.784,0.133,0.403,0,0.131,23.888888889,30.555555556
1,0.828,0.173,0.46,0,0,23.888888889,30.555555556
1,0.828,0.189,0.443,0,0.0871,23.888888889,30.555555556
1,0.828,0.204,0.433,0,0.174,23.888888889,30.555555556
1,0.828,0.226,0.431,0,0.435,23.888888889,30.555555556
0.417,0.674,0.107,0.209,0,0,23.888888889,25.555555556
0,0.565,0.016,0.0493,0,0,23.888888889,25.555555556
0,0.565,0.016,0.0493,0,0,23.888888889,25.555555556
0,0.565,0.016,0.0493,0,0,23.888888889,25.555555556
0.833,0.926,0.526,0.72,0,0,22.222222222,25.555555556
1,0.973,0.817,0.953,0,0,21.388888889,21.388888889
0.667,0.819,0.629,0.654,0,0,21.388888889,21.388888889
0,0.565,0.016,0.0493,0,0,21.388888889,21.388888889
0,0.565,0.016,0.0493,0,0,21.388888889,21.388888889
0.25,0.565,0.016,0.0493,0,0,21.388888889,21.388888889
0,0.565,0.016,0.0493,0,0,21.388888889,21.388888889
0,0.565,0.016,0.0493,0,0,21.388888889,21.388888889
0.833,0.637,0.0196,0.0493,0,0.226,21.388888889,21.388888889
1,0.565,0.016,0.0493,0,0,22.222222222,22.222222222
1,0.565,0.016,0.0493,0,0,23.888888889,25.555555556
1,0.565,0.016,0.0493,0,0,23.888888889,25.555555556
1,0.565,0.016,0.0493,0,0,23.888888889,30.555555556
1,0.565,0.016,0.0493,0,0,23.888888889,30.555555556
1,0.653,0.0604,0.193,0,0.168,23.888888889,30.555555556
1,0.828,0.155,0.475,0,0.194,23.888888889,30.555555556
1,0.828,0.173,0.46,0,0.285,23.888888889,30.555555556
1,0.828,0.189,0.443,0,0.0871,23.888888889,30.555555556
1,0.828,0.204,0.433,0,0,23.888888889,30.555555556
1,0.828,0.226,0.431,0,0.0871,23.888888889,30.555555556
1,0.841,0.244,0.436,0,0.566,23.888888889,25.555555556
1,0.887,0.284,0.459,0,0.0435,23.888888889,25.555555556
1,0.946,0.352,0.527,0,0.0435,23.888888889,25.555555556
1,0.992,0.448,0.665,0,0,23.888888889,25.555555556
1,0.999,0.613,0.843,0,0.0435,22.222222222,25.555555556
1,0.973,0.817,0.953,0,0,21.388888889,21.388888889
1,0.92,0.919,0.906,0,0.127,21.388888889,21.388888889
1,0.823,0.726,0.662,0,0.108,21.388888889,21.388888889
1,0.565,0.016,0.0493,0,0,21.388888889,21.388888889
0.75,0.565,0.016,0.0493,0,0,21.388888889,21.388888889
1,0.565,0.016,0.0493,0,0,21.388888889,21.388888889
1,0.565,0.016,0.0493,0,0,21.388888889,21.388888889
1,0.565,0.016,0.0493,0,0,21.388888889,21.388888889
1,0.565,0.016,0.0493,0,0,22.222222222,22.222222222
1,0.565,0.016,0.0493,0,0,23.888888889,25.555555556
1,0.565,0.016,0.0493,0,0,23.888888889,25.555555556
1,0.565,0.016,0.0493,0,0,23.888888889,30.555555556
1,0.565,0.016,0.0493,0,0,23.888888889,30.555555556
1,0.565,0.016,0.0493,0,0,23.888888889,30.555555556
1,0.565,0.016,0.0493,0,0,23.888888889,30.555555556
1,0.653,0.0725,0.182,0.25,0.131,23.888888889,30.555555556
1,0.828,0.189,0.443,0,0.131,23.888888889,30.555555556
1,0.674,0.0909,0.21,0,0.131,23.888888889,30.555555556
1,0.565,0.016,0.0493,0,0,23.888888889,30.555555556
0.167,0.565,0.016,0.0493,0,0,23.888888889,25.555555556
0.333,0.685,0.12,0.196,0,0.0871,23.888888889,25.555555556
1,0.946,0.352,0.527,0,0.131,23.888888889,25.555555556
1,0.992,0.448,0.665,0,0.131,23.888888889,25.555555556
1,0.999,0.613,0.843,0,0.0871,22.222222222,25.555555556
1,0.973,0.817,0.953,0,0,21.388888889,21.388888889
1,0.92,0.919,0.906,0,0,21.388888889,21.388888889
1,0.767,0.596,0.552,0,0,21.388888889,21.388888889
1,0.565,0.016,0.0493,0,0,21.388888889,21.388888889
1,0.565,0.016,0.0493,0,0,21.388888889,21.388888889
1,0.565,0.016,0.0493,0,0,21.388888889,21.388888889
1,0.565,0.016,0.0493,0,0,21.388888889,21.388888889
1,0.565,0.016,0.0493,0,0,21.388888889,21.388888889
1,0.565,0.016,0.0493,0,0,22.222222222,22.222222222
1,0.565,0.016,0.0493,0,0,23.888888889,25.555555556
1,0.565,0.016,0.0493,0,0,23.888888889,25.555555556
1,0.565,0.016,0.0493,0,0,23.888888889,30.555555556
1,0.565,0.016,0.0493,0,0,23.888888889,30.555555556
1,0.565,0.016,0.0493,0,0,23.888888889,30.555555556
1,0.784,0.133,0.403,0,0.225,23.888888889,30.555555556
1,0.828,0.173,0.46,0.25,0.0871,23.888888889,30.555555556
1,0.828,0.189,0.443,0,0.0871,23.888888889,30.555555556
1,0.762,0.153,0.338,0.0833,0.131,23.888888889,30.555555556
1,0.828,0.226,0.431,0.167,0.0435,23.888888889,30.555555556
1,0.841,0.244,0.436,0,0.0435,23.888888889,25.555555556
1,0.887,0.284,0.459,0,0,23.888888889,25.555555556
1,0.946,0.352,0.527,0.333,0.0435,23.888888889,25.555555556
1,0.992,0.448,0.665,0.167,0.0435,23.888888889,25.555555556
1,0.999,0.613,0.843,0,0,22.222222222,25.555555556
1,0.973,0.817,0.953,0,0,21.388888889,21.388888889
1,0.92,0.919,0.906,0,0.0871,21.388888889,21.388888889
1,0.841,0.769,0.699,0,0,21.388888889,21.388888889
1,0.769,0.434,0.411,0,0,21.388888889,21.388888889
1,0.687,0.166,0.188,0,0.135,21.388888889,21.388888889
1,0.698,0.0765,0.105,0,0.183,21.388888889,21.388888889
1,0.565,0.016,0.0493,0,0,21.388888889,21.388888889
1,0.565,0.016,0.0493,0,0,21.388888889,21.388888889
1,0.613,0.0201,0.0511,0,0,22.222222222,22.222222222
1,0.71,0.0343,0.086,0,0,23.888888889,25.555555556
1,0.723,0.0558,0.216,0,0,23.888888889,25.555555556
0.667,0.688,0.0551,0.25,0,0,23.888888889,30.555555556
0.0833,0.587,0.0252,0.0842,0,0.0933,23.888888889,30.555555556
1,0.828,0.134,0.472,0.0833,0.245,23.888888889,30.555555556
1,0.828,0.155,0.475,0.167,0.0435,23.888888889,30.555555556
1,0.828,0.173,0.46,0,0.0871,23.888888889,30.555555556
1,0.828,0.189,0.443,0,0,23.888888889,30.555555556
1,0.828,0.204,0.433,0,0,23.888888889,30.555555556
1,0.828,0.226,0.431,0,0.131,23.888888889,30.555555556
1,0.841,0.244,0.436,0,0.0871,23.888888889,25.555555556
1,0.887,0.284,0.459,0,0.131,23.888888889,25.555555556
1,0.946,0.352,0.527,0.0833,0.131,23.888888889,25.555555556
1,0.992,0.448,0.665,1,0.0435,23.888888889,25.555555556
1,0.999,0.613,0.843,0.45,0,22.222222222,25.555555556
1,0.973,0.817,0.953,0,0.131,21.388888889,21.388888889
1,0.92,0.919,0.906,0,0.0871,21.388888889,21.388888889
1,0.841,0.769,0.699,0,0,21.388888889,21.388888889
1,0.658,0.233,0.234,0,0,21.388888889,21.388888889
1,0.601,0.036,0.0678,0,0,21.388888889,21.388888889
1,0.565,0.0183,0.0493,0,0,21.388888889,21.388888889
1,0.637,0.0375,0.0616,0,0.0871,21.388888889,21.388888889
1,0.565,0.0183,0.0493,0,0,21.388888889,21.388888889
1,0.565,0.0183,0.0493,0,0,22.222222222,22.222222222
0.717,0.565,0.0183,0.0493,0,0,23.888888889,25.555555556
0,0.565,0.0183,0.0493,0,0,23.888888889,25.555555556
0,0.565,0.0183,0.0493,0,0,23.888888889,25.555555556
0,0.565,0.0183,0.0493,0,0,23.888888889,25.555555556
0,0.565,0.0183,0.0493,0,0,23.888888889,25.555555556
0,0.565,0.0183,0.0493,0,0,23.888888889,25.555555556
0,0.565,0.0183,0.0493,0,0,23.888888889,25.555555556
0,0.565,0.0183,0.0493,0,0,23.888888889,25.555555556
0,0.565,0.0183,0.0493,0,0,23.888888889,25.555555556
0,0.565,0.0183,0.0493,0,0,23.888888889,25.555555556
0,0.565,0.0183,0.0493,0,0,23.888888889,25.555555556
0,0.565,0.0183,0.0493,0,0,23.888888889,25.555555556
0.0333,0.579,0.0359,0.0678,0,0.0435,23.888888889,25.555555556
0.217,0.656,0.133,0.169,0,0,23.888888889,25.555555556
0,0.565,0.0183,0.0493,0,0,22.222222222,25.555555556
0.0333,0.577,0.051,0.0796,0,0.0435,21.388888889,21.388888889
1,0.924,0.978,0.913,0,0.348,21.388888889,21.388888889
1,0.845,0.826,0.715,0,0.261,21.388888889,21.388888889
1,0.725,0.422,0.366,0,0,21.388888889,21.388888889
1,0.565,0.0183,0.0493,0,0,21.388888889,21.388888889
1,0.565,0.0183,0.0493,0,0,21.388888889,21.388888889
1,0.565,0.0183,0.0493,0,0,21.388888889,21.388888889
1,0.565,0.0183,0.0493,0,0,21.388888889,21.388888889
1,0.565,0.0183,0.0493,0,0,22.222222222,22.222222222
1,0.565,0.0183,0.0493,0,0,23.888888889,25.555555556
1,0.617,0.0306,0.134,0.25,0.0871,23.888888889,25.555555556
1,0.766,0.0757,0.376,0,0.0435,23.888888889,25.555555556
1,0.814,0.131,0.45,0,0.0871,23.888888889,25.555555556
0.717,0.753,0.136,0.35,0,0.297,23.888888889,25.555555556
0,0.565,0.0183,0.0493,0,0,23.888888889,25.555555556
0,0.565,0.0183,0.0493,0,0,23.888888889,25.555555556
0,0.565,0.0183,0.0493,0,0,23.888888889,25.555555556
0,0.565,0.0183,0.0493,0,0,23.888888889,25.555555556
0,0.565,0.0183,0.0493,0,0,23.888888889,25.555555556
0,0.565,0.0183,0.0493,0,0,23.888888889,25.555555556
0,0.565,0.0183,0.0493,0,0,23.888888889,25.555555556
0,0.565,0.0183,0.0493,0,0,23.888888889,25.555555556
0,0.565,0.0183,0.0493,0,0,23.888888889,25.555555556
0.283,0.684,0.254,0.305,0,0.0871,22.222222222,25.555555556
1,0.975,0.892,0.952,0,0.392,21.388888889,21.388888889
1,0.924,0.978,0.913,0,0.293,21.388888889,21.388888889
1,0.838,0.807,0.7,0,0.208,21.388888889,21.388888889
1,0.565,0.0183,0.0493,0,0,21.388888889,21.388888889
1,0.565,0.0181,0.0493,0,0,21.388888889,21.388888889
1,0.565,0.016,0.0493,0,0,21.388888889,21.388888889
1,0.565,0.016,0.0493,0,0,21.388888889,21.388888889
1,0.565,0.016,0.0493,0,0,21.388888889,21.388888889
1,0.565,0.016,0.0493,0,0,22.222222222,22.222222222
1,0.565,0.016,0.0493,0,0,23.888888889,25.555555556
1,0.626,0.0355,0.15,0,0.347,23.888888889,25.555555556
1,0.769,0.0841,0.381,0,0.162,23.888888889,30.555555556
0.667,0.727,0.074,0.312,0,0,23.888888889,30.555555556
0.833,0.784,0.116,0.402,0,0.566,23.888888889,30.555555556
1,0.828,0.155,0.475,0,0.0435,23.888888889,30.555555556
1,0.828,0.173,0.46,0,0.0435,23.888888889,30.555555556
1,0.828,0.189,0.443,0,0,23.888888889,30.555555556
1,0.828,0.204,0.433,0,0.0871,23.888888889,30.555555556
1,0.828,0.226,0.431,0,0.0435,23.888888889,30.555555556
1,0.841,0.244,0.436,0,0.0435,23.888888889,25.555555556
1,0.887,0.284,0.459,0,0.0435,23.888888889,25.555555556
1,0.946,0.352,0.527,0,0,23.888888889,25.555555556
1,0.992,0.448,0.665,0,0,23.888888889,25.555555556
1,0.999,0.613,0.843,0,0.0871,22.222222222,25.555555556
1,0.973,0.817,0.953,0,0.0435,21.388888889,21.388888889
1,0.92,0.919,0.906,0,0,21.388888889,21.388888889
1,0.841,0.769,0.699,0,0,21.388888889,21.388888889
1,0.769,0.434,0.411,0,0,21.388888889,21.388888889
1,0.687,0.166,0.188,0,0,21.388888889,21.388888889
1,0.71,0.079,0.107,0,0,21.388888889,21.388888889
1,0.625,0.0286,0.0596,0,0,21.388888889,21.388888889
1,0.565,0.016,0.0493,0,0,21.388888889,21.388888889
1,0.565,0.016,0.0493,0,0,22.222222222,22.222222222
1,0.565,0.016,0.0493,0,0,23.888888889,25.555555556
1,0.699,0.0507,0.199,0.0833,0.325,23.888888889,25.555555556
1,0.769,0.0841,0.381,0.167,0.0871,23.888888889,30.555555556
0.167,0.605,0.0305,0.115,0,0.131,23.888888889,30.555555556
0,0.565,0.016,0.0493,0,0,23.888888889,30.555555556
0.833,0.784,0.133,0.403,0,0,23.888888889,30.555555556
1,0.828,0.173,0.46,0,0.131,23.888888889,30.555555556
1,0.828,0.189,0.443,0,0.174,23.888888889,30.555555556
1,0.828,0.204,0.433,0,0.0435,23.888888889,30.555555556
1,0.828,0.226,0.431,0,0.0435,23.888888889,30.555555556
1,0.841,0.244,0.436,0,0.131,23.888888889,25.555555556
1,0.887,0.284,0.459,0.25,0.0435,23.888888889,25.555555556
1,0.946,0.352,0.527,0,0.0871,23.888888889,25.555555556
1,0.992,0.448,0.665,0,0.131,23.888888889,25.555555556
1,0.999,0.613,0.843,0,0,22.222222222,25.555555556
1,0.973,0.817,0.953,0,0,21.388888889,21.388888889
1,0.92,0.919,0.906,0,0,21.388888889,21.388888889
1,0.767,0.596,0.552,0,0,21.388888889,21.388888889
1,0.565,0.016,0.0493,0,0,21.388888889,21.388888889
1,0.601,0.0358,0.0678,0,0,21.388888889,21.388888889
1,0.565,0.016,0.0493,0,0,21.388888889,21.388888889
1,0.565,0.016,0.0493,0,0,21.388888889,21.388888889
1,0.565,0.016,0.0493,0,0,21.388888889,21.388888889
1,0.565,0.016,0.0493,0,0,22.222222222,22.222222222
1,0.565,0.016,0.0493,0,0,23.888888889,25.555555556
1,0.565,0.016,0.0493,0,0,23.888888889,25.555555556
1,0.646,0.045,0.18,0,0.0435,23.888888889,30.555555556
1,0.815,0.111,0.451,0,0.0871,23.888888889,30.555555556
0.5,0.696,0.0788,0.262,0,0,23.888888889,30.555555556
1,0.828,0.155,0.475,0,0,23.888888889,30.555555556
1,0.828,0.173,0.46,0,0,23.888888889,30.555555556
1,0.828,0.189,0.443,0,0,23.888888889,30.555555556
1,0.828,0.204,0.433,0,0.0871,23.888888889,30.555555556
1,0.828,0.226,0.431,0,0.242,23.888888889,30.555555556
1,0.841,0.244,0.436,0,0.428,23.888888889,25.555555556
1,0.887,0.284,0.459,0,0.39,23.888888889,25.555555556
1,0.946,0.352,0.527,0,0.377,23.888888889,25.555555556
1,0.992,0.448,0.665,0,0.212,23.888888889,25.555555556
0.167,0.638,0.103,0.173,0,0,22.222222222,25.555555556
0.0833,0.597,0.0926,0.125,0,0,21.388888889,21.388888889
1,0.92,0.919,0.906,0,0,21.388888889,21.388888889
1,0.691,0.379,0.363,0,0.152,21.388888889,21.388888889
1,0.565,0.016,0.0493,0,0,21.388888889,21.388888889
1,0.565,0.016,0.0493,0,0,21.388888889,21.388888889
1,0.565,0.016,0.0493,0,0,21.388888889,21.388888889
1,0.565,0.016,0.0493,0,0,21.388888889,21.388888889
1,0.565,0.016,0.0493,0,0,21.388888889,21.388888889
1,0.565,0.016,0.0493,0,0,22.222222222,22.222222222
1,0.565,0.016,0.0493,0,0,23.888888889,25.555555556
1,0.565,0.016,0.0493,0,0,23.888888889,25.555555556
1,0.565,0.016,0.0493,0,0,23.888888889,30.555555556
1,0.565,0.016,0.0493,0,0,23.888888889,30.555555556
1,0.565,0.016,0.0493,0,0,23.888888889,30.555555556
1,0.565,0.016,0.0493,0,0,23.888888889,30.555555556
1,0.653,0.0725,0.182,0,0,23.888888889,30.555555556
1,0.828,0.189,0.443,0,0.0871,23.888888889,30.555555556
1,0.828,0.204,0.433,0,0.131,23.888888889,30.555555556
1,0.828,0.226,0.431,0,0.305,23.888888889,30.555555556
1,0.841,0.244,0.436,0,0.174,23.888888889,25.555555556
1,0.887,0.284,0.459,0,0.174,23.888888889,25.555555556
1,0.946,0.352,0.527,0,0,23.888888889,25.555555556
1,0.992,0.448,0.665,0,0,23.888888889,25.555555556
1,0.999,0.613,0.843,0,0,22.222222222,25.555555556
1,0.973,0.817,0.953,0,0.0871,21.388888889,21.388888889
1,0.92,0.919,0.906,0,0.131,21.388888889,21.388888889
1,0.841,0.769,0.699,0,0,21.388888889,21.388888889
1,0.769,0.434,0.411,0,0,21.388888889,21.388888889
1,0.675,0.16,0.182,0,0,21.388888889,21.388888889
1,0.565,0.016,0.0493,0,0,21.388888889,21.388888889
1,0.565,0.016,0.0493,0,0,21.388888889,21.388888889
1,0.565,0.016,0.0493,0,0,21.388888889,21.388888889
1,0.565,0.016,0.0493,0,0,22.222222222,22.222222222
1,0.565,0.016,0.0493,0,0,23.888888889,25.555555556
1,0.565,0.016,0.0493,0,0,23.888888889,25.555555556
1,0.738,0.0744,0.331,0,0,23.888888889,30.555555556
1,0.815,0.111,0.451,0,0,23.888888889,30.555555556
1,0.828,0.134,0.472,0,0.305,23.888888889,30.555555556
1,0.828,0.155,0.475,0.0833,0.0435,23.888888889,30.555555556
1,0.828,0.173,0.46,0.167,0,23.888888889,30.555555556
1,0.828,0.189,0.443,0,0,23.888888889,30.555555556
1,0.828,0.204,0.433,0,0.131,23.888888889,30.555555556
1,0.828,0.226,0.431,0,0.0435,23.888888889,30.555555556
1,0.841,0.244,0.436,0,0.165,23.888888889,25.555555556
0.25,0.645,0.083,0.152,0,0.0435,23.888888889,25.555555556
1,0.946,0.352,0.527,0,0.174,23.888888889,25.555555556
1,0.992,0.448,0.665,0,0,23.888888889,25.555555556
1,0.999,0.613,0.843,0,0,22.222222222,25.555555556
1,0.973,0.817,0.953,0,0.0435,21.388888889,21.388888889
1,0.92,0.919,0.906,0,0,21.388888889,21.388888889
1,0.841,0.769,0.699,0,0,21.388888889,21.388888889
1,0.769,0.434,0.411,0,0,21.388888889,21.388888889
1,0.687,0.168,0.188,0,0,21.388888889,21.388888889
1,0.71,0.0973,0.109,0,0,21.388888889,21.388888889
1,0.71,0.0494,0.067,0,0,21.388888889,21.388888889
1,0.669,0.0273,0.0493,0,0.0435,21.388888889,21.388888889
1,0.565,0.0183,0.0493,0,0,22.222222222,22.222222222
1,0.565,0.0183,0.0493,0,0,23.888888889,25.555555556
1,0.565,0.0183,0.0493,0,0,23.888888889,25.555555556
1,0.565,0.0183,0.0493,0,0,23.888888889,25.555555556
1,0.639,0.0649,0.168,0,0.0945,23.888888889,25.555555556
1,0.828,0.2,0.471,0,0.434,23.888888889,25.555555556
0.717,0.753,0.179,0.357,0,0.106,23.888888889,25.555555556
0,0.565,0.0183,0.0493,0,0,23.888888889,25.555555556
0,0.565,0.0183,0.0493,0,0,23.888888889,25.555555556
0.533,0.705,0.207,0.254,0,0.0435,23.888888889,25.555555556
0.967,0.819,0.403,0.418,0,0.0871,23.888888889,25.555555556
0,0.565,0.0183,0.0493,0,0,23.888888889,25.555555556
0,0.565,0.0183,0.0493,0,0,23.888888889,25.555555556
0,0.565,0.0183,0.0493,0,0,23.888888889,25.555555556
0.0333,0.579,0.0392,0.074,0,0,23.888888889,25.555555556
1,1,0.704,0.835,0,0.174,22.222222222,25.555555556
1,0.975,0.892,0.952,0,0.261,21.388888889,21.388888889
1,0.924,0.978,0.913,0,0,21.388888889,21.388888889
1,0.838,0.807,0.7,0,0.131,21.388888889,21.388888889
1,0.565,0.0183,0.0493,0,0,21.388888889,21.388888889
1,0.594,0.0373,0.0641,0,0,21.388888889,21.388888889
1,0.565,0.0183,0.0493,0,0,21.388888889,21.388888889
1,0.565,0.0183,0.0493,0,0,21.388888889,21.388888889
1,0.565,0.0183,0.0493,0,0,21.388888889,21.388888889
1,0.565,0.0183,0.0493,0,0,22.222222222,22.222222222
1,0.565,0.0183,0.0493,0,0,23.888888889,25.555555556
1,0.565,0.0183,0.0493,0,0,23.888888889,25.555555556
1,0.565,0.0183,0.0493,0,0,23.888888889,25.555555556
1,0.565,0.0183,0.0493,0,0,23.888888889,25.555555556
1,0.565,0.0183,0.0493,0,0,23.888888889,25.555555556
1,0.639,0.0948,0.167,0,0.193,23.888888889,25.555555556
1,0.828,0.297,0.461,0,0.287,23.888888889,25.555555556
0.467,0.688,0.158,0.235,0,0.174,23.888888889,25.555555556
0,0.565,0.0183,0.0493,0,0,23.888888889,25.555555556
0,0.565,0.0183,0.0493,0,0,23.888888889,25.555555556
0,0.565,0.0183,0.0493,0,0,23.888888889,25.555555556
0,0.565,0.0183,0.0493,0,0,23.888888889,25.555555556
0.283,0.684,0.169,0.206,0,0.0871,23.888888889,25.555555556
1,0.991,0.576,0.656,0,0.174,23.888888889,25.555555556
1,1,0.704,0.835,0,0.0435,22.222222222,25.555555556
1,0.975,0.892,0.952,0,0.0871,21.388888889,21.388888889
1,0.924,0.978,0.913,0,0,21.388888889,21.388888889
1,0.845,0.826,0.715,0,0,21.388888889,21.388888889
1,0.725,0.422,0.366,0,0,21.388888889,21.388888889
1,0.565,0.0181,0.0493,0,0,21.388888889,21.388888889
1,0.565,0.016,0.0493,0,0,21.388888889,21.388888889
1,0.565,0.016,0.0493,0,0,21.388888889,21.388888889
1,0.565,0.016,0.0493,0,0,21.388888889,21.388888889
1,0.565,0.016,0.0493,0,0,22.222222222,22.222222222
1,0.565,0.016,0.0493,0,0,23.888888889,25.555555556
1,0.565,0.016,0.0493,0,0,23.888888889,25.555555556
1,0.565,0.016,0.0493,0,0,23.888888889,30.555555556
1,0.565,0.016,0.0493,0,0,23.888888889,30.555555556
1,0.653,0.0604,0.193,0.25,0.0435,23.888888889,30.555555556
1,0.828,0.155,0.475,0,0.0435,23.888888889,30.555555556
1,0.828,0.173,0.46,0,0.131,23.888888889,30.555555556
1,0.828,0.189,0.443,0,0,23.888888889,30.555555556
1,0.828,0.204,0.433,0,0.131,23.888888889,30.555555556
0.417,0.674,0.102,0.208,0,0,23.888888889,30.555555556
0,0.565,0.016,0.0493,0,0,23.888888889,25.555555556
0.333,0.685,0.12,0.196,0.333,0,23.888888889,25.555555556
1,0.946,0.352,0.527,0.167,0.218,23.888888889,25.555555556
1,0.992,0.448,0.665,0,0.0435,23.888888889,25.555555556
1,0.999,0.613,0.843,0,0.131,22.222222222,25.555555556
1,0.973,0.817,0.953,0,0.0435,21.388888889,21.388888889
1,0.895,0.846,0.843,0,0.0698,21.388888889,21.388888889
1,0.565,0.016,0.0493,0,0,21.388888889,21.388888889
1,0.565,0.016,0.0493,0,0,21.388888889,21.388888889
1,0.565,0.016,0.0493,0,0,21.388888889,21.388888889
1,0.565,0.016,0.0493,0,0,21.388888889,21.388888889
1,0.565,0.016,0.0493,0,0,21.388888889,21.388888889
1,0.565,0.016,0.0493,0,0,21.388888889,21.388888889
1,0.565,0.016,0.0493,0,0,22.222222222,22.222222222
1,0.565,0.016,0.0493,0,0,23.888888889,25.555555556
1,0.626,0.0355,0.15,0,0,23.888888889,25.555555556
1,0.769,0.0841,0.381,0,0.0435,23.888888889,30.555555556
1,0.815,0.111,0.451,0,0.0871,23.888888889,30.555555556
1,0.828,0.134,0.472,0,0.0435,23.888888889,30.555555556
0.917,0.806,0.143,0.44,0,0.0435,23.888888889,30.555555556
0.0833,0.587,0.0301,0.0825,0,0,23.888888889,30.555555556
1,0.828,0.189,0.443,0,0.0435,23.888888889,30.555555556
1,0.828,0.204,0.433,0,0,23.888888889,30.555555556
1,0.828,0.226,0.431,0,0.218,23.888888889,30.555555556
1,0.841,0.244,0.436,0,0.381,23.888888889,25.555555556
1,0.887,0.284,0.459,0,0.213,23.888888889,25.555555556
1,0.946,0.352,0.527,0,0.155,23.888888889,25.555555556
1,0.992,0.448,0.665,0,0.456,23.888888889,25.555555556
1,0.999,0.613,0.843,0,0.194,22.222222222,25.555555556
1,0.973,0.817,0.953,0,0.0361,21.388888889,21.388888889
1,0.92,0.919,0.906,0,0.218,21.388888889,21.388888889
1,0.841,0.769,0.699,0,0,21.388888889,21.388888889
1,0.602,0.103,0.123,0,0,21.388888889,21.388888889
1,0.565,0.016,0.0493,0,0,21.388888889,21.388888889
1,0.565,0.016,0.0493,0,0,21.388888889,21.388888889
1,0.565,0.016,0.0493,0,0,21.388888889,21.388888889
1,0.565,0.016,0.0493,0,0,21.388888889,21.388888889
1,0.565,0.016,0.0493,0,0,22.222222222,22.222222222
1,0.565,0.016,0.0493,0,0,23.888888889,25.555555556
1,0.565,0.016,0.0493,0,0,23.888888889,25.555555556
1,0.646,0.045,0.18,0,0,23.888888889,30.555555556
1,0.815,0.111,0.451,0,0.0435,23.888888889,30.555555556
1,0.828,0.134,0.472,0,0.131,23.888888889,30.555555556
0.417,0.674,0.0716,0.228,0,0,23.888888889,30.555555556
0,0.565,0.016,0.0493,0,0,23.888888889,30.555555556
0.833,0.784,0.161,0.377,0,0.0871,23.888888889,30.555555556
1,0.828,0.204,0.433,0,0.0871,23.888888889,30.555555556
1,0.828,0.226,0.431,0,0.0871,23.888888889,30.555555556
1,0.841,0.244,0.436,0,0,23.888888889,25.555555556
1,0.887,0.284,0.459,0,0,23.888888889,25.555555556
1,0.946,0.352,0.527,0.333,0.0871,23.888888889,25.555555556
1,0.992,0.448,0.665,0.433,0.131,23.888888889,25.555555556
1,0.999,0.613,0.843,0,0,22.222222222,25.555555556
1,0.973,0.817,0.953,0,0,21.388888889,21.388888889
1,0.92,0.919,0.906,0,0,21.388888889,21.388888889
1,0.767,0.596,0.552,0,0,21.388888889,21.388888889
1,0.565,0.016,0.0493,0,0,21.388888889,21.388888889
1,0.565,0.016,0.0493,0,0,21.388888889,21.388888889
1,0.565,0.016,0.0493,0,0,21.388888889,21.388888889
1,0.565,0.016,0.0493,0,0,21.388888889,21.388888889
1,0.565,0.016,0.0493,0,0,21.388888889,21.388888889
1,0.565,0.016,0.0493,0,0,22.222222222,22.222222222
1,0.565,0.016,0.0493,0,0,23.888888889,25.555555556
1,0.564,0.0218,0.0733,0,0,23.888888889,25.555555556
1,0.565,0.016,0.0493,0,0,23.888888889,30.555555556
1,0.565,0.016,0.0493,0,0,23.888888889,30.555555556
1,0.565,0.016,0.0493,0,0,23.888888889,30.555555556
1,0.565,0.016,0.0493,0,0,23.888888889,30.555555556
1,0.592,0.0585,0.162,0.233,0.0435,23.888888889,30.555555556
1,0.654,0.16,0.42,0,0.218,23.888888889,30.555555556
1,0.654,0.173,0.41,0,0.0435,23.888888889,30.555555556
1,0.654,0.192,0.408,0,0.0871,23.888888889,30.555555556
1,0.664,0.207,0.41,0,0.0871,23.888888889,25.555555556
1,0.699,0.24,0.423,0,0.0871,23.888888889,25.555555556
1,0.746,0.298,0.467,0,0.261,23.888888889,25.555555556
1,0.783,0.378,0.567,0,0.0435,23.888888889,25.555555556
1,0.79,0.516,0.725,0,0,22.222222222,25.555555556
1,0.769,0.69,0.873,0,0,21.388888889,21.388888889
1,0.729,0.783,0.91,0,0.0435,21.388888889,21.388888889
1,0.667,0.665,0.759,0,0,21.388888889,21.388888889
1,0.606,0.324,0.385,0,0.339,21.388888889,21.388888889
1,0.565,0.016,0.0493,0,0,21.388888889,21.388888889
1,0.565,0.016,0.0493,0,0,21.388888889,21.388888889
1,0.565,0.016,0.0493,0,0,21.388888889,21.388888889
1,0.565,0.016,0.0493,0,0,21.388888889,21.388888889
1,0.565,0.016,0.0493,0,0,22.222222222,22.222222222
1,0.565,0.016,0.0493,0,0,23.888888889,25.555555556
1,0.573,0.0303,0.137,0,0,23.888888889,25.555555556
1,0.606,0.0708,0.368,0,0.174,23.888888889,30.555555556
1,0.643,0.0936,0.437,0,0.101,23.888888889,30.555555556
1,0.654,0.113,0.452,0,0.204,23.888888889,30.555555556
1,0.654,0.132,0.451,0,0.154,23.888888889,30.555555556
0.45,0.605,0.0729,0.226,0,0,23.888888889,30.555555556
0.3,0.592,0.0612,0.158,0,0,23.888888889,30.555555556
1,0.654,0.173,0.41,0,0.0871,23.888888889,30.555555556
1,0.654,0.192,0.408,0,0.305,23.888888889,30.555555556
0.7,0.627,0.144,0.3,0,0.174,23.888888889,25.555555556
0,0.565,0.016,0.0493,0,0,23.888888889,25.555555556
0.8,0.713,0.245,0.388,0,0,23.888888889,25.555555556
1,0.783,0.378,0.567,0,0.0435,23.888888889,25.555555556
1,0.79,0.516,0.725,0,0.0871,22.222222222,25.555555556
1,0.769,0.69,0.873,0,0.0435,21.388888889,21.388888889
1,0.729,0.783,0.91,0,0,21.388888889,21.388888889
1,0.667,0.665,0.759,0,0,21.388888889,21.388888889
1,0.608,0.369,0.435,0,0,21.388888889,21.388888889
1,0.565,0.0162,0.0493,0,0,21.388888889,21.388888889
1,0.565,0.0183,0.0493,0,0,21.388888889,21.388888889
1,0.565,0.0183,0.0493,0,0,21.388888889,21.388888889
1,0.565,0.0183,0.0493,0,0,21.388888889,21.388888889
1,0.565,0.0183,0.0493,0,0,22.222222222,22.222222222
1,0.565,0.0183,0.0493,0,0,23.888888889,25.555555556
1,0.565,0.0183,0.0493,0,0,23.888888889,25.555555556
1,0.565,0.0183,0.0493,0,0,23.888888889,25.555555556
1,0.565,0.0183,0.0493,0,0,23.888888889,25.555555556
1,0.602,0.0965,0.218,0,0.209,23.888888889,25.555555556
1,0.654,0.223,0.449,0,0.603,23.888888889,25.555555556
1,0.654,0.256,0.434,0,0.325,23.888888889,25.555555556
0.333,0.595,0.102,0.174,0,0.0793,23.888888889,25.555555556
0,0.565,0.0183,0.0493,0,0,23.888888889,25.555555556
0,0.565,0.0183,0.0493,0,0,23.888888889,25.555555556
0,0.565,0.0183,0.0493,0,0,23.888888889,25.555555556
0.167,0.593,0.0905,0.115,0,0.0435,23.888888889,25.555555556
1,0.752,0.458,0.476,0.483,0,23.888888889,25.555555556
1,0.785,0.502,0.585,0,0.261,23.888888889,25.555555556
0.333,0.641,0.196,0.257,0,0,22.222222222,25.555555556
0.917,0.748,0.718,0.816,0.233,0.0435,21.388888889,21.388888889
1,0.722,0.823,0.902,0,0,21.388888889,21.388888889
1,0.575,0.0821,0.117,0,0,21.388888889,21.388888889
1,0.565,0.0183,0.0493,0,0,21.388888889,21.388888889
1,0.565,0.0183,0.0493,0,0,21.388888889,21.388888889
1,0.565,0.0183,0.0493,0,0,21.388888889,21.388888889
1,0.565,0.0183,0.0493,0,0,21.388888889,21.388888889
1,0.565,0.0183,0.0493,0,0,21.388888889,21.388888889
1,0.565,0.0183,0.0493,0,0,22.222222222,22.222222222
1,0.565,0.0183,0.0493,0,0,23.888888889,25.555555556
1,0.565,0.0183,0.0493,0,0,23.888888889,25.555555556
1,0.609,0.0671,0.354,0,0.259,23.888888889,25.555555556
1,0.645,0.12,0.439,0,0.265,23.888888889,25.555555556
1,0.654,0.177,0.452,0,0.665,23.888888889,25.555555556
1,0.654,0.223,0.449,0,0.213,23.888888889,25.555555556
0.333,0.595,0.094,0.18,0,0.198,23.888888889,25.555555556
0,0.565,0.0183,0.0493,0,0,23.888888889,25.555555556
0,0.565,0.0183,0.0493,0,0,23.888888889,25.555555556
0,0.565,0.0183,0.0493,0,0,23.888888889,25.555555556
0,0.565,0.0183,0.0493,0,0,23.888888889,25.555555556
0,0.565,0.0183,0.0493,0,0,23.888888889,25.555555556
0,0.565,0.0183,0.0493,0,0,23.888888889,25.555555556
0.917,0.767,0.464,0.545,0.233,0.0435,23.888888889,25.555555556
1,0.788,0.622,0.745,0,0.0435,22.222222222,25.555555556
1,0.766,0.777,0.883,0,0.0435,21.388888889,21.388888889
1,0.626,0.296,0.344,0,0.0435,21.388888889,21.388888889
1,0.565,0.0183,0.0493,0,0,21.388888889,21.388888889
1,0.565,0.0183,0.0493,0,0,21.388888889,21.388888889
1,0.565,0.0181,0.0493,0,0,21.388888889,21.388888889
1,0.565,0.016,0.0493,0,0,21.388888889,21.388888889
1,0.565,0.016,0.0493,0,0,21.388888889,21.388888889
1,0.565,0.016,0.0493,0,0,21.388888889,21.388888889
1,0.565,0.016,0.0493,0,0,22.222222222,22.222222222
1,0.565,0.016,0.0493,0,0,23.888888889,25.555555556
1,0.565,0.016,0.0493,0,0,23.888888889,25.555555556
1,0.565,0.016,0.0493,0,0,23.888888889,30.555555556
1,0.565,0.016,0.0493,0,0,23.888888889,30.555555556
1,0.565,0.016,0.0493,0,0,23.888888889,30.555555556
1,0.592,0.0539,0.167,0,0.0435,23.888888889,30.555555556
1,0.654,0.147,0.437,0,0.0435,23.888888889,30.555555556
1,0.654,0.16,0.42,0,0.0435,23.888888889,30.555555556
1,0.654,0.173,0.41,0,0.0871,23.888888889,30.555555556
1,0.654,0.192,0.408,0,0.0871,23.888888889,30.555555556
1,0.664,0.207,0.41,0,0.305,23.888888889,25.555555556
0.95,0.691,0.227,0.404,0,0.0871,23.888888889,25.555555556
0.05,0.575,0.0323,0.0729,0,0,23.888888889,25.555555556
1,0.783,0.378,0.567,0,0.131,23.888888889,25.555555556
1,0.79,0.516,0.725,0,0,22.222222222,25.555555556
1,0.769,0.69,0.873,0,0,21.388888889,21.388888889
1,0.693,0.562,0.668,0,0,21.388888889,21.388888889
1,0.565,0.016,0.0493,0,0,21.388888889,21.388888889
1,0.565,0.016,0.0493,0,0,21.388888889,21.388888889
1,0.565,0.016,0.0493,0,0,21.388888889,21.388888889
1,0.565,0.016,0.0493,0,0,21.388888889,21.388888889
1,0.565,0.016,0.0493,0,0,21.388888889,21.388888889
1,0.565,0.016,0.0493,0,0,21.388888889,21.388888889
1,0.565,0.016,0.0493,0,0,22.222222222,22.222222222
1,0.565,0.016,0.0493,0,0,23.888888889,25.555555556
1,0.565,0.016,0.0493,0,0,23.888888889,25.555555556
1,0.565,0.016,0.0493,0,0,23.888888889,30.555555556
1,0.565,0.016,0.0493,0,0,23.888888889,30.555555556
1,0.565,0.016,0.0493,0,0,23.888888889,30.555555556
1,0.565,0.016,0.0493,0,0,23.888888889,30.555555556
1,0.565,0.016,0.0493,0,0,23.888888889,30.555555556
1,0.565,0.016,0.0493,0,0,23.888888889,30.555555556
1,0.636,0.143,0.338,0,0.0435,23.888888889,30.555555556
1,0.654,0.192,0.408,0,0.261,23.888888889,30.555555556
1,0.664,0.207,0.41,0,0.174,23.888888889,25.555555556
1,0.699,0.24,0.423,0,0.0435,23.888888889,25.555555556
1,0.746,0.298,0.467,0,0.261,23.888888889,25.555555556
1,0.783,0.378,0.567,0,0.218,23.888888889,25.555555556
1,0.79,0.516,0.725,0,0.0435,22.222222222,25.555555556
0.2,0.608,0.142,0.209,0,0,21.388888889,21.388888889
0.55,0.647,0.432,0.513,0,0.174,21.388888889,21.388888889
1,0.667,0.665,0.759,0,0,21.388888889,21.388888889
1,0.609,0.378,0.445,0,0.19,21.388888889,21.388888889
1,0.573,0.148,0.195,0,0.0945,21.388888889,21.388888889
1,0.564,0.029,0.0641,0,0.0533,21.388888889,21.388888889
1,0.565,0.016,0.0493,0,0,21.388888889,21.388888889
1,0.565,0.016,0.0493,0,0,21.388888889,21.388888889
1,0.565,0.016,0.0493,0,0,22.222222222,22.222222222
1,0.565,0.016,0.0493,0,0,23.888888889,25.555555556
1,0.565,0.016,0.0493,0,0,23.888888889,25.555555556
1,0.565,0.016,0.0493,0,0,23.888888889,30.555555556
1,0.565,0.016,0.0493,0,0,23.888888889,30.555555556
1,0.569,0.0215,0.0696,0,0.0965,23.888888889,30.555555556
1,0.654,0.132,0.451,0,0.359,23.888888889,30.555555556
1,0.654,0.147,0.437,0,0.0435,23.888888889,30.555555556
1,0.654,0.16,0.42,0,0.0435,23.888888889,30.555555556
1,0.654,0.173,0.41,0,0,23.888888889,30.555555556
1,0.654,0.192,0.408,0,0.0871,23.888888889,30.555555556
1,0.664,0.207,0.41,0,0.0871,23.888888889,25.555555556
1,0.699,0.24,0.423,0,0.0435,23.888888889,25.555555556
1,0.746,0.298,0.467,0,0.0435,23.888888889,25.555555556
0.45,0.661,0.163,0.262,0,0.0871,23.888888889,25.555555556
0,0.565,0.016,0.0493,0,0,22.222222222,25.555555556
0,0.565,0.016,0.0493,0,0,21.388888889,21.388888889
0.8,0.656,0.406,0.491,0,0,21.388888889,21.388888889
1,0.565,0.016,0.0493,0,0,21.388888889,21.388888889
1,0.565,0.016,0.0493,0,0,21.388888889,21.388888889
1,0.564,0.0301,0.0653,0,0,21.388888889,21.388888889
1,0.565,0.016,0.0493,0,0,21.388888889,21.388888889
1,0.565,0.016,0.0493,0,0,21.388888889,21.388888889
1,0.565,0.016,0.0493,0,0,21.388888889,21.388888889
1,0.565,0.016,0.0493,0,0,22.222222222,22.222222222
1,0.565,0.016,0.0493,0,0,23.888888889,25.555555556
1,0.565,0.016,0.0493,0,0,23.888888889,25.555555556
1,0.587,0.0375,0.164,0,0.0871,23.888888889,30.555555556
1,0.643,0.0936,0.437,0,0,23.888888889,30.555555556
1,0.654,0.113,0.452,0,0.0871,23.888888889,30.555555556
1,0.654,0.132,0.451,0,0.0435,23.888888889,30.555555556
1,0.654,0.147,0.437,0,0.131,23.888888889,30.555555556
1,0.654,0.16,0.42,0,0,23.888888889,30.555555556
1,0.654,0.173,0.41,0,0.218,23.888888889,30.555555556
1,0.654,0.192,0.408,0,0.0435,23.888888889,30.555555556
1,0.664,0.207,0.41,0,0.305,23.888888889,25.555555556
0.7,0.649,0.161,0.305,0,0.0435,23.888888889,25.555555556
0.05,0.575,0.0323,0.0729,0,0,23.888888889,25.555555556
1,0.783,0.378,0.567,0.233,0.218,23.888888889,25.555555556
1,0.79,0.516,0.725,0,0.0435,22.222222222,25.555555556
1,0.769,0.69,0.873,0,0,21.388888889,21.388888889
1,0.729,0.783,0.91,0,0,21.388888889,21.388888889
1,0.667,0.665,0.759,0,0,21.388888889,21.388888889
1,0.609,0.378,0.445,0,0,21.388888889,21.388888889
1,0.573,0.148,0.195,0,0,21.388888889,21.388888889
1,0.561,0.0686,0.108,0,0.341,21.388888889,21.388888889
1,0.561,0.0335,0.0666,0,0,21.388888889,21.388888889
1,0.561,0.0184,0.0493,0,0,21.388888889,21.388888889
1,0.563,0.0157,0.0493,0,0,22.222222222,22.222222222
1,0.565,0.016,0.0493,0,0,23.888888889,25.555555556
1,0.566,0.0184,0.0639,0.05,0,23.888888889,25.555555556
0.5,0.592,0.047,0.222,0.183,0.305,23.888888889,30.555555556
1,0.643,0.0936,0.437,0,0,23.888888889,30.555555556
1,0.654,0.113,0.452,0,0.0871,23.888888889,30.555555556
1,0.654,0.132,0.451,0,0,23.888888889,30.555555556
1,0.654,0.147,0.437,0,0.0435,23.888888889,30.555555556
1,0.654,0.16,0.42,0,0.218,23.888888889,30.555555556
1,0.654,0.173,0.41,0,0,23.888888889,30.555555556
1,0.654,0.192,0.408,0.233,0.0435,23.888888889,30.555555556
1,0.664,0.207,0.41,0,0.131,23.888888889,25.555555556
1,0.699,0.24,0.423,0,0,23.888888889,25.555555556
1,0.746,0.298,0.467,0,0.0435,23.888888889,25.555555556
1,0.783,0.378,0.567,0,0.0435,23.888888889,25.555555556
1,0.79,0.516,0.725,0,0,22.222222222,25.555555556
1,0.769,0.69,0.873,0,0,21.388888889,21.388888889
1,0.729,0.783,0.91,0,0,21.388888889,21.388888889
1,0.667,0.665,0.759,0,0,21.388888889,21.388888889
1,0.609,0.378,0.445,0,0,21.388888889,21.388888889
1,0.572,0.164,0.211,0,0,21.388888889,21.388888889
1,0.565,0.0183,0.0493,0,0,21.388888889,21.388888889
1,0.565,0.0183,0.0493,0,0,21.388888889,21.388888889
1,0.565,0.0183,0.0493,0,0,21.388888889,21.388888889
1,0.565,0.0183,0.0493,0,0,22.222222222,22.222222222
1,0.565,0.0183,0.0493,0,0,23.888888889,25.555555556
1,0.565,0.0183,0.0493,0,0,23.888888889,25.555555556
1,0.565,0.0183,0.0493,0,0,23.888888889,25.555555556
1,0.565,0.0183,0.0493,0,0,23.888888889,25.555555556
1,0.602,0.0965,0.218,0,0.0435,23.888888889,25.555555556
1,0.654,0.223,0.449,0,0.174,23.888888889,25.555555556
0.0833,0.572,0.0372,0.082,0,0,23.888888889,25.555555556
0,0.565,0.0183,0.0493,0,0,23.888888889,25.555555556
0.417,0.602,0.153,0.199,0,0.144,23.888888889,25.555555556
1,0.654,0.362,0.408,0,0.0871,23.888888889,25.555555556
0.583,0.617,0.235,0.259,0,0,23.888888889,25.555555556
0.667,0.665,0.302,0.305,0,0.174,23.888888889,25.555555556
1,0.752,0.458,0.476,0,0.392,23.888888889,25.555555556
1,0.785,0.502,0.585,0,0,23.888888889,25.555555556
1,0.788,0.622,0.745,0,0.0871,22.222222222,25.555555556
1,0.766,0.777,0.883,0,0.103,21.388888889,21.388888889
1,0.722,0.823,0.902,0,0,21.388888889,21.388888889
1,0.65,0.585,0.641,0,0,21.388888889,21.388888889
1,0.565,0.0183,0.0493,0,0,21.388888889,21.388888889
1,0.564,0.0313,0.0616,0,0,21.388888889,21.388888889
1,0.565,0.0183,0.0493,0,0,21.388888889,21.388888889
1,0.565,0.0183,0.0493,0,0,21.388888889,21.388888889
1,0.565,0.0183,0.0493,0,0,21.388888889,21.388888889
1,0.565,0.0183,0.0493,0,0,22.222222222,22.222222222
1,0.565,0.0183,0.0493,0,0,23.888888889,25.555555556
1,0.565,0.0183,0.0493,0,0,23.888888889,25.555555556
1,0.565,0.0183,0.0493,0,0,23.888888889,25.555555556
1,0.565,0.0183,0.0493,0,0,23.888888889,25.555555556
1,0.602,0.0965,0.218,0,0.626,23.888888889,25.555555556
1,0.654,0.223,0.449,0,0.235,23.888888889,25.555555556
1,0.654,0.256,0.434,0,0.481,23.888888889,25.555555556
1,0.654,0.278,0.419,0,0.534,23.888888889,25.555555556
0.583,0.617,0.176,0.26,0,0.153,23.888888889,25.555555556
0,0.565,0.0183,0.0493,0,0,23.888888889,25.555555556
0,0.565,0.0183,0.0493,0,0,23.888888889,25.555555556
0,0.565,0.0183,0.0493,0,0,23.888888889,25.555555556
0,0.565,0.0183,0.0493,0,0,23.888888889,25.555555556
0.917,0.767,0.464,0.545,0.233,0.174,23.888888889,25.555555556
1,0.788,0.622,0.745,0,0.628,22.222222222,25.555555556
1,0.766,0.777,0.883,0,0.248,21.388888889,21.388888889
1,0.671,0.504,0.565,0,0.382,21.388888889,21.388888889
1,0.565,0.0183,0.0493,0,0.365,21.388888889,21.388888889
1,0.565,0.0183,0.0493,0,0,21.388888889,21.388888889
1,0.565,0.0181,0.0493,0,0,21.388888889,21.388888889
1,0.565,0.016,0.0493,0,0,21.388888889,21.388888889
1,0.565,0.016,0.0493,0,0,21.388888889,21.388888889
1,0.565,0.016,0.0493,0,0,21.388888889,21.388888889
1,0.565,0.016,0.0493,0,0,22.222222222,22.222222222
1,0.565,0.016,0.0493,0,0,23.888888889,25.555555556
1,0.565,0.016,0.0493,0,0,23.888888889,25.555555556
1,0.565,0.016,0.0493,0,0,23.888888889,30.555555556
1,0.565,0.016,0.0493,0,0,23.888888889,30.555555556
1,0.565,0.016,0.0493,0,0,23.888888889,30.555555556
1,0.565,0.016,0.0493,0,0,23.888888889,30.555555556
1,0.565,0.016,0.0493,0,0,23.888888889,30.555555556
1,0.592,0.0612,0.158,0,0.131,23.888888889,30.555555556
1,0.654,0.173,0.41,0,0.522,23.888888889,30.555555556
1,0.654,0.192,0.408,0,0.0435,23.888888889,30.555555556
0.2,0.583,0.0527,0.121,0,0,23.888888889,25.555555556
0,0.565,0.016,0.0493,0,0,23.888888889,25.555555556
0.05,0.575,0.0323,0.0729,0,0.0435,23.888888889,25.555555556
1,0.783,0.378,0.567,0,0.131,23.888888889,25.555555556
1,0.79,0.516,0.725,0,0.0435,22.222222222,25.555555556
1,0.769,0.69,0.873,0,0.0871,21.388888889,21.388888889
1,0.729,0.783,0.91,0,0,21.388888889,21.388888889
1,0.667,0.665,0.759,0,0,21.388888889,21.388888889
0.25,0.577,0.113,0.155,0,0,21.388888889,21.388888889
1,0.567,0.0522,0.0891,0,0,21.388888889,21.388888889
1,0.565,0.016,0.0493,0,0,21.388888889,21.388888889
1,0.565,0.016,0.0493,0,0,21.388888889,21.388888889
1,0.565,0.016,0.0493,0,0,21.388888889,21.388888889
1,0.563,0.0157,0.0493,0,0.12,22.222222222,22.222222222
1,0.565,0.016,0.0493,0,0,23.888888889,25.555555556
1,0.565,0.016,0.0493,0,0,23.888888889,25.555555556
1,0.565,0.016,0.0493,0,0,23.888888889,30.555555556
1,0.629,0.0793,0.361,0,0.131,23.888888889,30.555555556
1,0.654,0.113,0.452,0,0.237,23.888888889,30.555555556
1,0.654,0.132,0.451,0,0.352,23.888888889,30.555555556
1,0.654,0.147,0.437,0,0.348,23.888888889,30.555555556
1,0.654,0.16,0.42,0,0.0435,23.888888889,30.555555556
1,0.654,0.173,0.41,0,0,23.888888889,30.555555556
1,0.654,0.192,0.408,0,0.0435,23.888888889,30.555555556
1,0.664,0.207,0.41,0,0.0435,23.888888889,25.555555556
1,0.699,0.24,0.423,0,0.131,23.888888889,25.555555556
1,0.746,0.298,0.467,0,0.0871,23.888888889,25.555555556
1,0.715,0.244,0.38,0,0,23.888888889,25.555555556
1,0.565,0.016,0.0493,0,0,22.222222222,25.555555556
1,0.565,0.016,0.0493,0,0,21.388888889,21.388888889
1,0.565,0.016,0.0493,0,0,21.388888889,21.388888889
1,0.565,0.016,0.0493,0,0,21.388888889,21.388888889
1,0.565,0.016,0.0493,0,0,21.388888889,21.388888889
1,0.565,0.016,0.0493,0,0,21.388888889,21.388888889
1,0.565,0.016,0.0493,0,0,21.388888889,21.388888889
1,0.565,0.016,0.0493,0,0,21.388888889,21.388888889
1,0.562,0.0177,0.0493,0,0,21.388888889,21.388888889
1,0.562,0.0155,0.0493,0,0,22.222222222,22.222222222
1,0.565,0.016,0.0493,0,0,23.888888889,25.555555556
1,0.573,0.0303,0.137,0,0.125,23.888888889,25.555555556
1,0.606,0.0708,0.368,0,0.102,23.888888889,30.555555556
1,0.643,0.0936,0.437,0,0.242,23.888888889,30.555555556
0.7,0.627,0.08,0.33,0,0.0923,23.888888889,30.555555556
0,0.565,0.016,0.0493,0,0,23.888888889,30.555555556
0,0.565,0.016,0.0493,0,0,23.888888889,30.555555556
0.8,0.636,0.132,0.345,0,0.0435,23.888888889,30.555555556
1,0.654,0.173,0.41,0,0.0435,23.888888889,30.555555556
1,0.654,0.192,0.408,0,0.174,23.888888889,30.555555556
1,0.664,0.207,0.41,0,0,23.888888889,25.555555556
1,0.699,0.24,0.423,0.233,0.0435,23.888888889,25.555555556
1,0.746,0.298,0.467,0,0,23.888888889,25.555555556
1,0.783,0.378,0.567,0.233,0.0435,23.888888889,25.555555556
1,0.79,0.516,0.725,0,0,22.222222222,25.555555556
1,0.769,0.69,0.873,0,0.174,21.388888889,21.388888889
1,0.729,0.783,0.91,0,0,21.388888889,21.388888889
0.75,0.636,0.48,0.557,0,0,21.388888889,21.388888889
1,0.606,0.324,0.385,0,0,21.388888889,21.388888889
1,0.565,0.016,0.0493,0,0,21.388888889,21.388888889
1,0.565,0.016,0.0493,0,0,21.388888889,21.388888889
1,0.565,0.016,0.0493,0,0,21.388888889,21.388888889
1,0.565,0.016,0.0493,0,0,21.388888889,21.388888889
1,0.565,0.016,0.0493,0,0,22.222222222,22.222222222
1,0.565,0.016,0.0493,0,0,23.888888889,25.555555556
1,0.573,0.0303,0.137,0,0,23.888888889,25.555555556
1,0.584,0.0493,0.253,0,0,23.888888889,30.555555556
1,0.592,0.0434,0.17,0,0,23.888888889,30.555555556
1,0.654,0.113,0.452,0,0,23.888888889,30.555555556
1,0.654,0.132,0.451,0,0,23.888888889,30.555555556
1,0.654,0.147,0.437,0,0.218,23.888888889,30.555555556
1,0.654,0.16,0.42,0,0,23.888888889,30.555555556
1,0.654,0.173,0.41,0,0.174,23.888888889,30.555555556
1,0.654,0.192,0.408,0,0.174,23.888888889,30.555555556
1,0.664,0.207,0.41,0,0.0435,23.888888889,25.555555556
1,0.699,0.24,0.423,0,0,23.888888889,25.555555556
1,0.746,0.298,0.467,0,0.174,23.888888889,25.555555556
1,0.783,0.378,0.567,0,0.0435,23.888888889,25.555555556
1,0.79,0.516,0.725,0,0,22.222222222,25.555555556
1,0.769,0.69,0.873,0,0,21.388888889,21.388888889
1,0.693,0.562,0.668,0,0,21.388888889,21.388888889
1,0.565,0.016,0.0493,0,0,21.388888889,21.388888889
1,0.565,0.016,0.0493,0,0,21.388888889,21.388888889
1,0.565,0.016,0.0493,0,0,21.388888889,21.388888889
1,0.565,0.016,0.0493,0,0,21.388888889,21.388888889
1,0.564,0.0169,0.0493,0,0,21.388888889,21.388888889
1,0.565,0.016,0.0493,0,0,21.388888889,21.388888889
1,0.565,0.016,0.0493,0,0,22.222222222,22.222222222
1,0.565,0.016,0.0493,0,0,23.888888889,25.555555556
1,0.565,0.016,0.0493,0,0,23.888888889,25.555555556
1,0.565,0.016,0.0493,0,0,23.888888889,30.555555556
1,0.592,0.0434,0.17,0,0.197,23.888888889,30.555555556
1,0.654,0.113,0.452,0,0.451,23.888888889,30.555555556
1,0.654,0.132,0.451,0,0.308,23.888888889,30.555555556
1,0.654,0.147,0.437,0.05,0.31,23.888888889,30.555555556
1,0.654,0.16,0.42,0.233,0.13,23.888888889,30.555555556
1,0.654,0.173,0.41,0.183,0.131,23.888888889,30.555555556
1,0.654,0.192,0.408,0,0,23.888888889,30.555555556
1,0.664,0.207,0.41,0,0,23.888888889,25.555555556
1,0.699,0.24,0.423,0,0.261,23.888888889,25.555555556
1,0.746,0.298,0.467,0,0,23.888888889,25.555555556
1,0.783,0.378,0.567,0,0.0435,23.888888889,25.555555556
1,0.79,0.516,0.725,0,0.0435,22.222222222,25.555555556
1,0.769,0.69,0.873,0,0.0435,21.388888889,21.388888889
1,0.729,0.783,0.91,0,0,21.388888889,21.388888889
1,0.664,0.643,0.735,0,0.221,21.388888889,21.388888889
1,0.565,0.016,0.0493,0,0,21.388888889,21.388888889
1,0.565,0.0162,0.0493,0,0,21.388888889,21.388888889
1,0.565,0.0183,0.0493,0,0,21.388888889,21.388888889
1,0.565,0.0183,0.0493,0,0,21.388888889,21.388888889
1,0.565,0.0183,0.0493,0,0,21.388888889,21.388888889
1,0.565,0.0183,0.0493,0,0,22.222222222,22.222222222
1,0.565,0.0183,0.0493,0,0,23.888888889,25.555555556
1,0.565,0.0183,0.0493,0,0,23.888888889,25.555555556
1,0.565,0.0183,0.0493,0,0,23.888888889,25.555555556
1,0.565,0.0183,0.0493,0,0,23.888888889,25.555555556
1,0.565,0.0183,0.0493,0,0,23.888888889,25.555555556
1,0.602,0.113,0.213,0,0,23.888888889,25.555555556
1,0.654,0.256,0.434,0,0.0435,23.888888889,25.555555556
0.583,0.617,0.165,0.268,0,0.174,23.888888889,25.555555556
0,0.565,0.0183,0.0493,0,0,23.888888889,25.555555556
0,0.565,0.0183,0.0493,0,0,23.888888889,25.555555556
0.917,0.66,0.376,0.381,0,0.0871,23.888888889,25.555555556
1,0.605,0.155,0.171,0,0,23.888888889,25.555555556
1,0.696,0.314,0.345,0,0.131,23.888888889,25.555555556
1,0.785,0.502,0.585,0,0,23.888888889,25.555555556
1,0.788,0.622,0.745,0,0.0435,22.222222222,25.555555556
1,0.766,0.777,0.883,0,0.131,21.388888889,21.388888889
1,0.722,0.823,0.902,0,0.0435,21.388888889,21.388888889
1,0.659,0.664,0.721,0,0,21.388888889,21.388888889
1,0.602,0.349,0.379,0,0.261,21.388888889,21.388888889
1,0.565,0.0183,0.0493,0,0,21.388888889,21.388888889
1,0.565,0.0183,0.0493,0,0,21.388888889,21.388888889
1,0.565,0.0183,0.0493,0,0,21.388888889,21.388888889
1,0.565,0.0183,0.0493,0,0,21.388888889,21.388888889
1,0.563,0.0207,0.0512,0,0,22.222222222,22.222222222
1,0.561,0.0269,0.0919,0.233,0.131,23.888888889,25.555555556
1,0.574,0.0398,0.227,0,0.0435,23.888888889,25.555555556
1,0.598,0.0528,0.233,0.417,0,23.888888889,25.555555556
1,0.645,0.12,0.439,0.0667,0.264,23.888888889,25.555555556
0.583,0.617,0.0984,0.283,0,0.44,23.888888889,25.555555556
0,0.565,0.0183,0.0493,0,0,23.888888889,25.555555556
0,0.565,0.0183,0.0493,0,0,23.888888889,25.555555556
0,0.565,0.0183,0.0493,0,0,23.888888889,25.555555556
0,0.565,0.0183,0.0493,0,0,23.888888889,25.555555556
0.917,0.565,0.0183,0.0493,0,0,23.888888889,25.555555556
1,0.565,0.0183,0.0493,0,0,23.888888889,25.555555556
1,0.565,0.0183,0.0493,0,0,23.888888889,25.555555556
0.583,0.565,0.0183,0.0493,0,0,23.888888889,25.555555556
0,0.565,0.0183,0.0493,0,0,23.888888889,25.555555556
0.917,0.769,0.578,0.693,0,0.0435,22.222222222,25.555555556
1,0.766,0.777,0.883,0,0.417,21.388888889,21.388888889
1,0.722,0.823,0.902,0,0,21.388888889,21.388888889
1,0.659,0.664,0.721,0,0,21.388888889,21.388888889
1,0.604,0.383,0.412,0,0.138,21.388888889,21.388888889
1,0.566,0.0354,0.0659,0,0,21.388888889,21.388888889
1,0.565,0.016,0.0493,0,0,21.388888889,21.388888889
1,0.565,0.016,0.0493,0,0,21.388888889,21.388888889
1,0.565,0.016,0.0493,0,0,21.388888889,21.388888889
1,0.565,0.016,0.0493,0,0,22.222222222,22.222222222
1,0.565,0.016,0.0493,0,0,23.888888889,25.555555556
1,0.565,0.016,0.0493,0,0,23.888888889,25.555555556
1,0.565,0.016,0.0493,0,0,23.888888889,30.555555556
1,0.565,0.016,0.0493,0,0,23.888888889,30.555555556
1,0.565,0.016,0.0493,0,0,23.888888889,30.555555556
1,0.565,0.016,0.0493,0,0,23.888888889,30.555555556
1,0.565,0.016,0.0493,0,0,23.888888889,30.555555556
1,0.565,0.016,0.0493,0,0,23.888888889,30.555555556
1,0.636,0.143,0.338,0,0.0435,23.888888889,30.555555556
1,0.654,0.192,0.408,0,0.0435,23.888888889,30.555555556
0.7,0.627,0.144,0.3,0,0.0435,23.888888889,25.555555556
0.8,0.675,0.199,0.35,0,0.218,23.888888889,25.555555556
1,0.746,0.298,0.467,0,0,23.888888889,25.555555556
1,0.783,0.378,0.567,0,0.131,23.888888889,25.555555556
1,0.79,0.516,0.725,0,0.0435,22.222222222,25.555555556
0.2,0.608,0.142,0.209,0,0,21.388888889,21.388888889
0,0.565,0.016,0.0493,0,0,21.388888889,21.388888889
0.05,0.568,0.038,0.0733,0,0.0539,21.388888889,21.388888889
1,0.591,0.214,0.265,0,0.0719,21.388888889,21.388888889
1,0.565,0.016,0.0493,0,0,21.388888889,21.388888889
1,0.565,0.016,0.0493,0,0,21.388888889,21.388888889
1,0.565,0.016,0.0493,0,0,21.388888889,21.388888889
1,0.565,0.016,0.0493,0,0,21.388888889,21.388888889
1,0.565,0.016,0.0493,0,0,22.222222222,22.222222222
1,0.565,0.016,0.0493,0,0,23.888888889,25.555555556
1,0.565,0.016,0.0493,0,0,23.888888889,25.555555556
1,0.6,0.0613,0.31,0,0.0871,23.888888889,30.555555556
1,0.643,0.0936,0.437,0,0.0435,23.888888889,30.555555556
1,0.654,0.113,0.452,0,0.0871,23.888888889,30.555555556
1,0.654,0.132,0.451,0,0,23.888888889,30.555555556
1,0.654,0.147,0.437,0,0,23.888888889,30.555555556
1,0.654,0.16,0.42,0.3,0.218,23.888888889,30.555555556
1,0.654,0.173,0.41,0.183,0,23.888888889,30.555555556
1,0.654,0.192,0.408,0,0,23.888888889,30.555555556
1,0.664,0.207,0.41,0,0.0871,23.888888889,25.555555556
1,0.699,0.24,0.423,0,0.261,23.888888889,25.555555556
1,0.746,0.298,0.467,0,0.0871,23.888888889,25.555555556
1,0.783,0.378,0.567,0,0,23.888888889,25.555555556
1,0.79,0.516,0.725,0,0,22.222222222,25.555555556
1,0.769,0.69,0.873,0,0,21.388888889,21.388888889
1,0.729,0.783,0.91,0,0.174,21.388888889,21.388888889
1,0.667,0.665,0.759,0,0.0435,21.388888889,21.388888889
1,0.606,0.324,0.385,0,0,21.388888889,21.388888889
1,0.565,0.016,0.0493,0,0,21.388888889,21.388888889
1,0.565,0.016,0.0493,0,0,21.388888889,21.388888889
1,0.565,0.016,0.0493,0,0,21.388888889,21.388888889
1,0.565,0.016,0.0493,0,0,21.388888889,21.388888889
1,0.565,0.016,0.0493,0,0,22.222222222,22.222222222
1,0.565,0.0171,0.0541,0.05,0,23.888888889,25.555555556
1,0.57,0.0467,0.204,1,0,23.888888889,25.555555556
1,0.606,0.0708,0.368,0.4,0.0435,23.888888889,30.555555556
1,0.643,0.0936,0.437,0,0.0435,23.888888889,30.555555556
1,0.654,0.113,0.452,0,0.257,23.888888889,30.555555556
1,0.654,0.132,0.451,0,0.117,23.888888889,30.555555556
1,0.654,0.147,0.437,0,0.332,23.888888889,30.555555556
1,0.654,0.16,0.42,0,0.305,23.888888889,30.555555556
1,0.654,0.173,0.41,0.233,0.163,23.888888889,30.555555556
1,0.654,0.192,0.408,0,0.295,23.888888889,30.555555556
1,0.664,0.207,0.41,0,0.241,23.888888889,25.555555556
1,0.699,0.24,0.423,0,0.111,23.888888889,25.555555556
1,0.746,0.298,0.467,0,0.355,23.888888889,25.555555556
0.25,0.619,0.103,0.175,0,0.0518,23.888888889,25.555555556
1,0.79,0.516,0.725,0,0.248,22.222222222,25.555555556
1,0.769,0.69,0.873,0,0.084,21.388888889,21.388888889
1,0.729,0.783,0.91,0,0.0777,21.388888889,21.388888889
1,0.667,0.665,0.759,0,0,21.388888889,21.388888889
1,0.609,0.378,0.445,0,0,21.388888889,21.388888889
1,0.573,0.143,0.189,0,0,21.388888889,21.388888889
1,0.565,0.016,0.0493,0,0,21.388888889,21.388888889
1,0.565,0.016,0.0493,0,0,21.388888889,21.388888889
1,0.565,0.016,0.0493,0,0,21.388888889,21.388888889
1,0.565,0.016,0.0493,0,0,22.222222222,22.222222222
1,0.565,0.016,0.0493,0,0,23.888888889,25.555555556
1,0.565,0.016,0.0493,0,0,23.888888889,25.555555556
1,0.587,0.0375,0.164,0,0,23.888888889,30.555555556
1,0.643,0.0936,0.437,0,0.0871,23.888888889,30.555555556
0.7,0.627,0.08,0.33,0,0,23.888888889,30.555555556
0.05,0.569,0.0223,0.0689,0,0,23.888888889,30.555555556
1,0.654,0.147,0.437,0,0.131,23.888888889,30.555555556
1,0.654,0.16,0.42,0,0,23.888888889,30.555555556
1,0.654,0.173,0.41,0,0,23.888888889,30.555555556
1,0.654,0.192,0.408,0,0,23.888888889,30.555555556
1,0.664,0.207,0.41,0,0.0435,23.888888889,25.555555556
1,0.699,0.24,0.423,0,0.131,23.888888889,25.555555556
1,0.746,0.298,0.467,0,0.0435,23.888888889,25.555555556
0.7,0.715,0.244,0.38,0,0,23.888888889,25.555555556
0.8,0.744,0.427,0.6,0,0.0435,22.222222222,25.555555556
1,0.769,0.69,0.873,0,0,21.388888889,21.388888889
1,0.693,0.562,0.668,0,0,21.388888889,21.388888889
1,0.565,0.016,0.0493,0,0,21.388888889,21.388888889
1,0.565,0.016,0.0493,0,0,21.388888889,21.388888889
1,0.565,0.016,0.0493,0,0,21.388888889,21.388888889
1,0.565,0.016,0.0493,0,0,21.388888889,21.388888889
1,0.565,0.016,0.0493,0,0,21.388888889,21.388888889
1,0.565,0.016,0.0493,0,0,21.388888889,21.388888889
1,0.564,0.0184,0.0507,0,0.0435,22.222222222,22.222222222
1,0.561,0.0287,0.0812,0,0.218,23.888888889,25.555555556
0.7,0.562,0.0324,0.116,0,0.0435,23.888888889,25.555555556
0,0.565,0.016,0.0493,0,0,23.888888889,30.555555556
0.05,0.569,0.0205,0.0694,0,0,23.888888889,30.555555556
1,0.654,0.113,0.452,0,0,23.888888889,30.555555556
1,0.654,0.132,0.451,0,0.0871,23.888888889,30.555555556
1,0.654,0.147,0.437,0,0,23.888888889,30.555555556
1,0.654,0.16,0.42,0,0.131,23.888888889,30.555555556
1,0.654,0.173,0.41,0,0,23.888888889,30.555555556
1,0.583,0.0505,0.121,0,0,23.888888889,30.555555556
1,0.571,0.0264,0.0676,0,0,23.888888889,25.555555556
1,0.699,0.24,0.423,0,0,23.888888889,25.555555556
0.7,0.682,0.2,0.325,0,0.0435,23.888888889,25.555555556
0,0.565,0.016,0.0493,0,0,23.888888889,25.555555556
0,0.565,0.016,0.0493,0,0,22.222222222,25.555555556
0,0.565,0.016,0.0493,0,0,21.388888889,21.388888889
0.8,0.692,0.627,0.734,0,0,21.388888889,21.388888889
1,0.619,0.348,0.413,0,0.0871,21.388888889,21.388888889
1,0.565,0.016,0.0493,0,0,21.388888889,21.388888889
1,0.565,0.0162,0.0493,0,0,21.388888889,21.388888889
1,0.565,0.0183,0.0493,0,0,21.388888889,21.388888889
1,0.565,0.0183,0.0493,0,0,21.388888889,21.388888889
1,0.565,0.0183,0.0493,0,0,21.388888889,21.388888889
1,0.565,0.0183,0.0493,0,0,22.222222222,22.222222222
1,0.565,0.0183,0.0493,0,0,23.888888889,25.555555556
1,0.565,0.0183,0.0493,0,0,23.888888889,25.555555556
1,0.565,0.0183,0.0493,0,0,23.888888889,25.555555556
1,0.602,0.0755,0.216,0,0.195,23.888888889,25.555555556
1,0.654,0.177,0.452,0,0.335,23.888888889,25.555555556
1,0.654,0.223,0.449,0,0.627,23.888888889,25.555555556
1,0.654,0.256,0.434,0,0.294,23.888888889,25.555555556
0.333,0.595,0.102,0.174,0,0,23.888888889,25.555555556
0,0.565,0.0183,0.0493,0,0,23.888888889,25.555555556
0.917,0.565,0.0183,0.0493,0,0,23.888888889,25.555555556
1,0.565,0.0183,0.0493,0,0,23.888888889,25.555555556
1,0.565,0.0183,0.0493,0,0,23.888888889,25.555555556
1,0.654,0.205,0.246,0.233,0.0435,23.888888889,25.555555556
0.75,0.728,0.369,0.429,0,0.0871,23.888888889,25.555555556
1,0.788,0.622,0.745,0,0.254,22.222222222,25.555555556
1,0.766,0.777,0.883,0,0.259,21.388888889,21.388888889
1,0.722,0.823,0.902,0,0.0435,21.388888889,21.388888889
0.583,0.635,0.465,0.521,0,0,21.388888889,21.388888889
0.417,0.57,0.105,0.132,0,0.153,21.388888889,21.388888889
1,0.571,0.146,0.172,0,0.0761,21.388888889,21.388888889
1,0.565,0.0183,0.0493,0,0,21.388888889,21.388888889
1,0.565,0.0183,0.0493,0,0,21.388888889,21.388888889
1,0.565,0.0183,0.0493,0,0,21.388888889,21.388888889
1,0.565,0.0183,0.0493,0,0,22.222222222,22.222222222
1,0.565,0.0183,0.0493,0,0,23.888888889,25.555555556
1,0.576,0.0326,0.171,0,0.0435,23.888888889,25.555555556
1,0.611,0.07,0.379,0.483,0.305,23.888888889,25.555555556
1,0.645,0.12,0.439,0,0.0435,23.888888889,25.555555556
1,0.654,0.177,0.452,0,0.0435,23.888888889,25.555555556
0.75,0.632,0.176,0.348,0,0,23.888888889,25.555555556
1,0.654,0.256,0.434,0,0.0435,23.888888889,25.555555556
1,0.654,0.278,0.419,0,0.131,23.888888889,25.555555556
1,0.572,0.0408,0.0795,0,0,23.888888889,25.555555556
1,0.565,0.0183,0.0493,0,0,23.888888889,25.555555556
1,0.565,0.0183,0.0493,0,0,23.888888889,25.555555556
1,0.565,0.0183,0.0493,0,0,23.888888889,25.555555556
1,0.565,0.0183,0.0493,0,0,23.888888889,25.555555556
1,0.565,0.0183,0.0493,0,0,23.888888889,25.555555556
1,0.565,0.0183,0.0493,0,0,22.222222222,25.555555556
1,0.565,0.0183,0.0493,0,0,21.388888889,21.388888889
1,0.565,0.0183,0.0493,0,0,21.388888889,21.388888889
1,0.565,0.0183,0.0493,0,0,21.388888889,21.388888889
1,0.565,0.0183,0.0493,0,0,21.388888889,21.388888889
1,0.564,0.0311,0.0616,0,0,21.388888889,21.388888889
1,0.565,0.016,0.0493,0,0,21.388888889,21.388888889
1,0.565,0.016,0.0493,0,0,21.388888889,21.388888889
1,0.565,0.016,0.0493,0,0,21.388888889,21.388888889
1,0.565,0.016,0.0493,0,0,22.222222222,22.222222222
1,0.565,0.016,0.0493,0,0,23.888888889,25.555555556
1,0.573,0.0303,0.137,0.233,0,23.888888889,25.555555556
1,0.606,0.0708,0.368,0,0.0435,23.888888889,30.555555556
1,0.643,0.0936,0.437,0,0.0435,23.888888889,30.555555556
1,0.654,0.113,0.452,0,0,23.888888889,30.555555556
1,0.654,0.132,0.451,0,0.174,23.888888889,30.555555556
1,0.654,0.147,0.437,0,0.0871,23.888888889,30.555555556
1,0.654,0.16,0.42,0,0,23.888888889,30.555555556
1,0.654,0.173,0.41,0.233,0,23.888888889,30.555555556
1,0.654,0.192,0.408,0,0.0435,23.888888889,30.555555556
1,0.664,0.207,0.41,0,0.0871,23.888888889,25.555555556
1,0.699,0.24,0.423,0,0,23.888888889,25.555555556
1,0.746,0.298,0.467,0,0,23.888888889,25.555555556
1,0.783,0.378,0.567,0,0.0871,23.888888889,25.555555556
1,0.79,0.516,0.725,0,0,22.222222222,25.555555556
1,0.769,0.69,0.873,0,0,21.388888889,21.388888889
1,0.723,0.746,0.87,0,0,21.388888889,21.388888889
1,0.565,0.016,0.0493,0,0,21.388888889,21.388888889
1,0.565,0.016,0.0493,0,0,21.388888889,21.388888889
1,0.565,0.016,0.0493,0,0,21.388888889,21.388888889
1,0.565,0.016,0.0493,0,0,21.388888889,21.388888889
1,0.565,0.016,0.0493,0,0,21.388888889,21.388888889
1,0.565,0.016,0.0493,0,0,21.388888889,21.388888889
1,0.565,0.016,0.0493,0,0,22.222222222,22.222222222
1,0.565,0.016,0.0493,0,0,23.888888889,25.555555556
1,0.565,0.016,0.0493,0,0,23.888888889,25.555555556
1,0.565,0.016,0.0493,0,0,23.888888889,30.555555556
1,0.629,0.0793,0.361,0,0.0871,23.888888889,30.555555556
1,0.654,0.113,0.452,0,0.0871,23.888888889,30.555555556
1,0.654,0.132,0.451,0,0.0435,23.888888889,30.555555556
1,0.654,0.147,0.437,0,0.0435,23.888888889,30.555555556
1,0.654,0.16,0.42,0,0.0435,23.888888889,30.555555556
1,0.654,0.173,0.41,0,0.0871,23.888888889,30.555555556
1,0.583,0.0505,0.121,0,0,23.888888889,30.555555556
1,0.565,0.016,0.0493,0,0,23.888888889,25.555555556
1,0.565,0.016,0.0493,0,0,23.888888889,25.555555556
1,0.629,0.114,0.191,0,0.115,23.888888889,25.555555556
1,0.783,0.378,0.567,0,0.331,23.888888889,25.555555556
1,0.79,0.516,0.725,0,0.35,22.222222222,25.555555556
1,0.769,0.69,0.873,0,0.218,21.388888889,21.388888889
1,0.729,0.783,0.91,0,0.184,21.388888889,21.388888889
1,0.667,0.665,0.759,0.233,0.324,21.388888889,21.388888889
1,0.591,0.214,0.265,0,0.0939,21.388888889,21.388888889
1,0.565,0.016,0.0493,0,0,21.388888889,21.388888889
1,0.565,0.016,0.0493,0,0,21.388888889,21.388888889
1,0.565,0.016,0.0493,0,0,21.388888889,21.388888889
1,0.565,0.016,0.0493,0,0,21.388888889,21.388888889
1,0.565,0.016,0.0493,0,0,22.222222222,22.222222222
1,0.565,0.016,0.0493,0,0,23.888888889,25.555555556
1,0.565,0.016,0.0493,0,0,23.888888889,25.555555556
1,0.587,0.0375,0.164,0,0,23.888888889,30.555555556
1,0.616,0.0662,0.317,0,0,23.888888889,30.555555556
0.7,0.565,0.016,0.0493,0,0,23.888888889,30.555555556
0.05,0.569,0.0223,0.0689,0,0,23.888888889,30.555555556
1,0.654,0.147,0.437,0,0,23.888888889,30.555555556
1,0.654,0.16,0.42,0,0.131,23.888888889,30.555555556
1,0.654,0.173,0.41,0,0,23.888888889,30.555555556
1,0.654,0.192,0.408,0,0.0871,23.888888889,30.555555556
1,0.664,0.207,0.41,0,0,23.888888889,25.555555556
1,0.699,0.24,0.423,0,0.0435,23.888888889,25.555555556
1,0.746,0.298,0.467,0,0.261,23.888888889,25.555555556
1,0.783,0.378,0.567,0,0.174,23.888888889,25.555555556
1,0.79,0.516,0.725,0,0.131,22.222222222,25.555555556
1,0.769,0.69,0.873,0,0.218,21.388888889,21.388888889
1,0.729,0.783,0.91,0,0,21.388888889,21.388888889
1,0.667,0.665,0.759,0,0,21.388888889,21.388888889
1,0.609,0.378,0.445,0,0.159,21.388888889,21.388888889
1,0.573,0.143,0.189,0,0.105,21.388888889,21.388888889
1,0.565,0.016,0.0493,0,0,21.388888889,21.388888889
1,0.565,0.016,0.0493,0,0,21.388888889,21.388888889
1,0.565,0.016,0.0493,0,0,21.388888889,21.388888889
1,0.565,0.016,0.0493,0,0,22.222222222,22.222222222
1,0.564,0.023,0.0781,0.233,0.174,23.888888889,25.555555556
1,0.57,0.0467,0.204,0,0.0435,23.888888889,25.555555556
1,0.606,0.0708,0.368,0,0.0435,23.888888889,30.555555556
1,0.643,0.0936,0.437,0,0,23.888888889,30.555555556
1,0.654,0.113,0.452,0,0.131,23.888888889,30.555555556
1,0.654,0.132,0.451,0,0.174,23.888888889,30.555555556
1,0.654,0.147,0.437,0,0,23.888888889,30.555555556
1,0.654,0.16,0.42,0,0.0435,23.888888889,30.555555556
1,0.654,0.173,0.41,0,0.0435,23.888888889,30.555555556
1,0.654,0.192,0.408,0,0.0435,23.888888889,30.555555556
1,0.664,0.207,0.41,0,0,23.888888889,25.555555556
1,0.699,0.24,0.423,0.233,0,23.888888889,25.555555556
1,0.746,0.298,0.467,0,0,23.888888889,25.555555556
1,0.783,0.378,0.567,0,0.0871,23.888888889,25.555555556
1,0.79,0.516,0.725,0,0.0435,22.222222222,25.555555556
1,0.769,0.69,0.873,0,0,21.388888889,21.388888889
1,0.729,0.783,0.91,0,0,21.388888889,21.388888889
1,0.667,0.665,0.759,0,0,21.388888889,21.388888889
1,0.576,0.104,0.145,0,0,21.388888889,21.388888889
1,0.565,0.016,0.0493,0,0,21.388888889,21.388888889
1,0.565,0.016,0.0493,0,0,21.388888889,21.388888889
1,0.565,0.016,0.0493,0,0,21.388888889,21.388888889
1,0.565,0.016,0.0493,0,0,21.388888889,21.388888889
1,0.565,0.016,0.0493,0,0,22.222222222,22.222222222
1,0.565,0.016,0.0493,0,0,23.888888889,25.555555556
1,0.565,0.016,0.0493,0,0,23.888888889,25.555555556
1,0.565,0.016,0.0493,0,0,23.888888889,30.555555556
1,0.565,0.016,0.0493,0,0,23.888888889,30.555555556
1,0.565,0.016,0.0493,0,0,23.888888889,30.555555556
1,0.592,0.0539,0.167,0,0,23.888888889,30.555555556
1,0.654,0.147,0.437,0,0.218,23.888888889,30.555555556
0.7,0.627,0.115,0.312,0,0.0871,23.888888889,30.555555556
0,0.565,0.016,0.0493,0,0,23.888888889,30.555555556
0,0.565,0.016,0.0493,0,0,23.888888889,30.555555556
0,0.565,0.016,0.0493,0,0,23.888888889,25.555555556
0.3,0.615,0.0947,0.167,0.233,0.0871,23.888888889,25.555555556
1,0.746,0.298,0.467,0,0.0871,23.888888889,25.555555556
1,0.783,0.378,0.567,0,0.0871,23.888888889,25.555555556
1,0.79,0.516,0.725,0,0.131,22.222222222,25.555555556
1,0.769,0.69,0.873,0,0,21.388888889,21.388888889
1,0.729,0.783,0.91,0,0.152,21.388888889,21.388888889
1,0.649,0.533,0.615,0,0.0705,21.388888889,21.388888889
1,0.565,0.016,0.0493,0,0,21.388888889,21.388888889
1,0.565,0.0162,0.0493,0,0,21.388888889,21.388888889
1,0.565,0.0183,0.0493,0,0,21.388888889,21.388888889
1,0.565,0.0183,0.0493,0,0,21.388888889,21.388888889
1,0.565,0.0183,0.0493,0,0,21.388888889,21.388888889
1,0.565,0.0183,0.0493,0,0,22.222222222,22.222222222
1,0.565,0.0183,0.0493,0,0,23.888888889,25.555555556
1,0.565,0.0183,0.0493,0,0,23.888888889,25.555555556
1,0.565,0.0183,0.0493,0,0,23.888888889,25.555555556
1,0.565,0.0183,0.0493,0,0,23.888888889,25.555555556
1,0.565,0.0183,0.0493,0,0,23.888888889,25.555555556
0.583,0.565,0.0183,0.0493,0,0,23.888888889,25.555555556
0,0.565,0.0183,0.0493,0,0,23.888888889,25.555555556
0,0.565,0.0183,0.0493,0,0,23.888888889,25.555555556
0,0.565,0.0183,0.0493,0,0,23.888888889,25.555555556
0,0.565,0.0183,0.0493,0,0,23.888888889,25.555555556
0,0.565,0.0183,0.0493,0,0,23.888888889,25.555555556
0.667,0.665,0.302,0.305,0,0.131,23.888888889,25.555555556
1,0.752,0.458,0.476,0.233,0.566,23.888888889,25.555555556
1,0.785,0.502,0.585,0,0.305,23.888888889,25.555555556
1,0.584,0.0626,0.101,0,0.0435,22.222222222,25.555555556
1,0.565,0.0183,0.0493,0,0,21.388888889,21.388888889
1,0.565,0.0183,0.0493,0,0,21.388888889,21.388888889
1,0.565,0.0183,0.0493,0,0,21.388888889,21.388888889
1,0.565,0.0183,0.0493,0,0,21.388888889,21.388888889
1,0.565,0.0183,0.0493,0,0,21.388888889,21.388888889
1,0.565,0.0183,0.0493,0,0,21.388888889,21.388888889
1,0.565,0.0183,0.0493,0,0,21.388888889,21.388888889
1,0.565,0.0183,0.0493,0,0,21.388888889,21.388888889
1,0.565,0.0183,0.0493,0,0,22.222222222,22.222222222
1,0.565,0.0183,0.0493,0,0,23.888888889,25.555555556
1,0.565,0.0183,0.0493,0,0,23.888888889,25.555555556
0.75,0.565,0.0183,0.0493,0,0,23.888888889,25.555555556
0,0.565,0.0183,0.0493,0,0,23.888888889,25.555555556
0,0.565,0.0183,0.0493,0,0,23.888888889,25.555555556
0,0.565,0.0183,0.0493,0,0,23.888888889,25.555555556
0,0.565,0.0183,0.0493,0,0,23.888888889,25.555555556
0,0.565,0.0183,0.0493,0,0,23.888888889,25.555555556
0,0.565,0.0183,0.0493,0,0,23.888888889,25.555555556
0,0.565,0.0183,0.0493,0,0,23.888888889,25.555555556
0,0.565,0.0183,0.0493,0,0,23.888888889,25.555555556
0,0.565,0.0183,0.0493,0,0,23.888888889,25.555555556
0,0.565,0.0183,0.0493,0,0,23.888888889,25.555555556
0.5,0.67,0.245,0.225,0,0.261,23.888888889,25.555555556
0.75,0.731,0.464,0.384,0,0.348,22.222222222,25.555555556
1,0.662,0.406,0.352,0,0.0435,21.388888889,21.388888889
1,0.729,0.841,0.768,0,0.131,21.388888889,21.388888889
1,0.667,0.718,0.798,0,0.0871,21.388888889,21.388888889
1,0.579,0.139,0.188,0,0.0871,21.388888889,21.388888889
1,0.565,0.0181,0.0493,0,0,21.388888889,21.388888889
1,0.565,0.016,0.0493,0,0,21.388888889,21.388888889
1,0.565,0.016,0.0493,0,0,21.388888889,21.388888889
1,0.565,0.016,0.0493,0,0,21.388888889,21.388888889
1,0.565,0.016,0.0493,0,0,22.222222222,22.222222222
1,0.565,0.016,0.0493,0,0,23.888888889,25.555555556
1,0.565,0.016,0.0493,0,0,23.888888889,25.555555556
1,0.565,0.016,0.0493,0,0,23.888888889,30.555555556
1,0.565,0.016,0.0493,0,0,23.888888889,30.555555556
1,0.615,0.0715,0.269,0.233,0.0435,23.888888889,30.555555556
0.917,0.644,0.119,0.391,0,0.156,23.888888889,30.555555556
0,0.565,0.016,0.0493,0,0,23.888888889,30.555555556
0,0.565,0.016,0.0493,0,0,23.888888889,30.555555556
0.833,0.637,0.145,0.325,0,0,23.888888889,30.555555556
1,0.652,0.191,0.377,0,0.174,23.888888889,30.555555556
0.417,0.601,0.0931,0.186,0,0.0435,23.888888889,25.555555556
0,0.565,0.016,0.0493,0,0,23.888888889,25.555555556
0.833,0.706,0.242,0.328,0,0.174,23.888888889,25.555555556
1,0.777,0.355,0.405,0,0.0435,23.888888889,25.555555556
1,0.79,0.48,0.466,0,0,22.222222222,25.555555556
1,0.773,0.663,0.587,0,0.0435,21.388888889,21.388888889
1,0.739,0.799,0.747,0,0,21.388888889,21.388888889
1,0.677,0.735,0.841,0,0.0435,21.388888889,21.388888889
1,0.617,0.438,0.574,0,0.314,21.388888889,21.388888889
1,0.571,0.138,0.182,0,0.15,21.388888889,21.388888889
1,0.565,0.016,0.0493,0,0,21.388888889,21.388888889
1,0.565,0.016,0.0493,0,0,21.388888889,21.388888889
1,0.565,0.016,0.0493,0,0,21.388888889,21.388888889
1,0.565,0.016,0.0493,0,0,22.222222222,22.222222222
1,0.565,0.016,0.0493,0,0,23.888888889,25.555555556
1,0.565,0.016,0.0493,0,0,23.888888889,25.555555556
1,0.565,0.016,0.0493,0,0,23.888888889,30.555555556
1,0.565,0.016,0.0493,0,0,23.888888889,30.555555556
1,0.565,0.016,0.0493,0,0,23.888888889,30.555555556
1,0.565,0.016,0.0493,0,0,23.888888889,30.555555556
1,0.565,0.016,0.0493,0,0,23.888888889,30.555555556
1,0.565,0.016,0.0493,0,0,23.888888889,30.555555556
1,0.565,0.016,0.0493,0,0,23.888888889,30.555555556
1,0.572,0.0314,0.0766,0,0.0871,23.888888889,30.555555556
0.917,0.644,0.186,0.349,0,0.435,23.888888889,25.555555556
0,0.565,0.016,0.0493,0,0,23.888888889,25.555555556
0.333,0.623,0.11,0.162,0.233,0.0871,23.888888889,25.555555556
1,0.777,0.355,0.405,0,0.305,23.888888889,25.555555556
1,0.716,0.315,0.321,0,0.131,22.222222222,25.555555556
1,0.565,0.016,0.0493,0,0,21.388888889,21.388888889
1,0.565,0.016,0.0493,0,0,21.388888889,21.388888889
1,0.565,0.016,0.0493,0,0,21.388888889,21.388888889
1,0.565,0.016,0.0493,0,0,21.388888889,21.388888889
1,0.565,0.016,0.0493,0,0,21.388888889,21.388888889
1,0.565,0.016,0.0493,0,0,21.388888889,21.388888889
1,0.565,0.016,0.0493,0,0,21.388888889,21.388888889
1,0.565,0.016,0.0493,0,0,21.388888889,21.388888889
1,0.565,0.016,0.0493,0,0,22.222222222,22.222222222
1,0.565,0.016,0.0493,0,0,23.888888889,25.555555556
1,0.565,0.016,0.0493,0,0,23.888888889,25.555555556
1,0.583,0.0461,0.219,0,0.257,23.888888889,30.555555556
1,0.637,0.0901,0.417,0,0.233,23.888888889,30.555555556
1,0.652,0.11,0.426,0,0.246,23.888888889,30.555555556
1,0.652,0.13,0.421,0,0.0871,23.888888889,30.555555556
1,0.652,0.145,0.408,0,0.261,23.888888889,30.555555556
1,0.652,0.16,0.392,0,0,23.888888889,30.555555556
1,0.652,0.17,0.38,0,0,23.888888889,30.555555556
1,0.652,0.191,0.377,0,0.0871,23.888888889,30.555555556
1,0.644,0.186,0.349,0,0,23.888888889,25.555555556
1,0.578,0.038,0.077,0,0,23.888888889,25.555555556
1,0.733,0.286,0.383,0,0.174,23.888888889,25.555555556
1,0.777,0.355,0.405,0,0.0871,23.888888889,25.555555556
1,0.79,0.48,0.466,0,0,22.222222222,25.555555556
1,0.773,0.663,0.587,0,0,21.388888889,21.388888889
1,0.739,0.799,0.747,0,0,21.388888889,21.388888889
1,0.677,0.735,0.841,0,0,21.388888889,21.388888889
1,0.616,0.423,0.557,0,0,21.388888889,21.388888889
1,0.565,0.016,0.0493,0,0,21.388888889,21.388888889
1,0.565,0.016,0.0493,0,0,21.388888889,21.388888889
1,0.565,0.016,0.0493,0,0,21.388888889,21.388888889
1,0.565,0.016,0.0493,0,0,21.388888889,21.388888889
1,0.565,0.016,0.0493,0,0,22.222222222,22.222222222
1,0.565,0.016,0.0493,0,0,23.888888889,25.555555556
1,0.565,0.016,0.0493,0,0,23.888888889,25.555555556
1,0.565,0.016,0.0493,0,0,23.888888889,30.555555556
1,0.565,0.016,0.0493,0,0,23.888888889,30.555555556
1,0.565,0.016,0.0493,0,0,23.888888889,30.555555556
1,0.615,0.0827,0.266,0,0.56,23.888888889,30.555555556
1,0.652,0.145,0.408,0,0.871,23.888888889,30.555555556
1,0.652,0.16,0.392,0,0.0507,23.888888889,30.555555556
1,0.652,0.17,0.38,0,0.0435,23.888888889,30.555555556
1,0.652,0.191,0.377,0,0,23.888888889,30.555555556
1,0.654,0.203,0.377,0,0.174,23.888888889,25.555555556
1,0.686,0.23,0.378,0,0.218,23.888888889,25.555555556
1,0.733,0.286,0.383,0,0.165,23.888888889,25.555555556
1,0.777,0.355,0.405,0,0.279,23.888888889,25.555555556
1,0.79,0.48,0.466,0,0.299,22.222222222,25.555555556
1,0.773,0.663,0.587,0,0.789,21.388888889,21.388888889
1,0.739,0.799,0.747,0,0.134,21.388888889,21.388888889
1,0.673,0.698,0.795,0,0,21.388888889,21.388888889
1,0.565,0.016,0.0493,0,0,21.388888889,21.388888889
1,0.565,0.016,0.0493,0,0,21.388888889,21.388888889
1,0.565,0.016,0.0493,0,0,21.388888889,21.388888889
1,0.565,0.016,0.0493,0,0,21.388888889,21.388888889
1,0.565,0.016,0.0493,0,0,21.388888889,21.388888889
1,0.565,0.016,0.0493,0,0,22.222222222,22.222222222
1,0.565,0.016,0.0493,0,0,23.888888889,25.555555556
1,0.565,0.016,0.0493,0,0,23.888888889,25.555555556
0.917,0.565,0.016,0.0493,0,0,23.888888889,30.555555556
0.0833,0.572,0.0237,0.0807,0,0,23.888888889,30.555555556
1,0.652,0.11,0.426,0,0.0435,23.888888889,30.555555556
1,0.652,0.13,0.421,0,0.0435,23.888888889,30.555555556
1,0.652,0.145,0.408,0,0.0871,23.888888889,30.555555556
1,0.652,0.16,0.392,0,0.131,23.888888889,30.555555556
1,0.652,0.17,0.38,0,0,23.888888889,30.555555556
1,0.652,0.191,0.377,0,0.0871,23.888888889,30.555555556
0.917,0.644,0.186,0.349,0,0,23.888888889,25.555555556
0,0.565,0.016,0.0493,0,0,23.888888889,25.555555556
0.583,0.664,0.176,0.245,0,0.131,23.888888889,25.555555556
1,0.777,0.355,0.405,0,0.348,23.888888889,25.555555556
1,0.79,0.48,0.466,0,0.33,22.222222222,25.555555556
1,0.773,0.663,0.587,0,0.333,21.388888889,21.388888889
1,0.739,0.799,0.747,0,0.196,21.388888889,21.388888889
1,0.677,0.735,0.841,0,0,21.388888889,21.388888889
1,0.588,0.201,0.28,0,0,21.388888889,21.388888889
1,0.565,0.0162,0.0493,0,0,21.388888889,21.388888889
1,0.565,0.0183,0.0493,0,0,21.388888889,21.388888889
1,0.565,0.0183,0.0493,0,0,21.388888889,21.388888889
1,0.565,0.0183,0.0493,0,0,21.388888889,21.388888889
1,0.565,0.0183,0.0493,0,0,22.222222222,22.222222222
1,0.565,0.0183,0.0493,0,0,23.888888889,25.555555556
1,0.565,0.0183,0.0493,0,0,23.888888889,25.555555556
1,0.565,0.0183,0.0493,0,0,23.888888889,25.555555556
1,0.586,0.0529,0.143,0,0.118,23.888888889,25.555555556
1,0.652,0.17,0.425,0.467,0.0435,23.888888889,25.555555556
1,0.652,0.218,0.419,0,0,23.888888889,25.555555556
0.5,0.608,0.133,0.23,0,0.261,23.888888889,25.555555556
0,0.565,0.0183,0.0493,0,0,23.888888889,25.555555556
0,0.565,0.0183,0.0493,0,0,23.888888889,25.555555556
1,0.565,0.0183,0.0493,0,0,23.888888889,25.555555556
0.75,0.565,0.0183,0.0493,0,0,23.888888889,25.555555556
0,0.565,0.0183,0.0493,0,0,23.888888889,25.555555556
0,0.565,0.0183,0.0493,0,0,23.888888889,25.555555556
0.75,0.727,0.379,0.327,0,0.348,23.888888889,25.555555556
1,0.787,0.599,0.486,0,0.174,22.222222222,25.555555556
1,0.768,0.762,0.615,0,0.0871,21.388888889,21.388888889
1,0.729,0.841,0.768,0,0,21.388888889,21.388888889
1,0.667,0.718,0.798,0,0,21.388888889,21.388888889
1,0.609,0.432,0.515,0,0,21.388888889,21.388888889
1,0.571,0.182,0.205,0,0,21.388888889,21.388888889
1,0.56,0.0775,0.105,0,0,21.388888889,21.388888889
1,0.565,0.0183,0.0493,0,0,21.388888889,21.388888889
1,0.565,0.0183,0.0493,0,0,21.388888889,21.388888889
1,0.565,0.0183,0.0493,0,0,22.222222222,22.222222222
1,0.565,0.0183,0.0493,0,0,23.888888889,25.555555556
1,0.571,0.027,0.119,0,0.0435,23.888888889,25.555555556
1,0.601,0.0636,0.35,0,0.261,23.888888889,25.555555556
1,0.64,0.111,0.418,0,0.174,23.888888889,25.555555556
0,0.565,0.0183,0.0493,0,0,23.888888889,25.555555556
0,0.565,0.0183,0.0493,0,0,23.888888889,25.555555556
0,0.565,0.0183,0.0493,0,0,23.888888889,25.555555556
0,0.565,0.0183,0.0493,0,0,23.888888889,25.555555556
0,0.565,0.0183,0.0493,0,0,23.888888889,25.555555556
0,0.565,0.0183,0.0493,0,0,23.888888889,25.555555556
0,0.565,0.0183,0.0493,0,0,23.888888889,25.555555556
0,0.565,0.0183,0.0493,0,0,23.888888889,25.555555556
0,0.565,0.0183,0.0493,0,0,23.888888889,25.555555556
0,0.565,0.0183,0.0493,0,0,23.888888889,25.555555556
0.5,0.674,0.33,0.282,0,0,22.222222222,25.555555556
1,0.768,0.762,0.615,0,0.0435,21.388888889,21.388888889
1,0.729,0.841,0.768,0,0.0435,21.388888889,21.388888889
1,0.667,0.718,0.798,0,0.261,21.388888889,21.388888889
1,0.593,0.259,0.326,0,0.523,21.388888889,21.388888889
1,0.564,0.0312,0.0616,0,0,21.388888889,21.388888889
1,0.564,0.018,0.0514,0,0,21.388888889,21.388888889
1,0.558,0.0381,0.0719,0,0,21.388888889,21.388888889
1,0.558,0.0195,0.0493,0,0,21.388888889,21.388888889
0.5,0.562,0.0158,0.0493,0,0,22.222222222,22.222222222
1,0.565,0.016,0.0493,0,0,23.888888889,25.555555556
1,0.565,0.016,0.0493,0,0,23.888888889,25.555555556
1,0.565,0.016,0.0493,0,0,23.888888889,30.555555556
1,0.608,0.0599,0.264,0,0.0435,23.888888889,30.555555556
1,0.652,0.11,0.426,0,0.293,23.888888889,30.555555556
1,0.652,0.13,0.421,0,0.621,23.888888889,30.555555556
0.917,0.644,0.133,0.38,0,0.0375,23.888888889,30.555555556
0.0833,0.572,0.0286,0.0769,0.0833,0,23.888888889,30.555555556
1,0.652,0.17,0.38,0.15,0,23.888888889,30.555555556
1,0.652,0.191,0.377,0,0,23.888888889,30.555555556
1,0.654,0.203,0.377,0,0.0435,23.888888889,25.555555556
1,0.686,0.23,0.378,0,0.261,23.888888889,25.555555556
1,0.733,0.286,0.383,0,0.305,23.888888889,25.555555556
1,0.777,0.355,0.405,0,0.0435,23.888888889,25.555555556
1,0.79,0.48,0.466,0,0.0435,22.222222222,25.555555556
1,0.773,0.663,0.587,0,0,21.388888889,21.388888889
1,0.739,0.799,0.747,0,0,21.388888889,21.388888889
1,0.614,0.326,0.388,0,0,21.388888889,21.388888889
1,0.565,0.016,0.0493,0,0,21.388888889,21.388888889
1,0.565,0.016,0.0493,0,0,21.388888889,21.388888889
1,0.565,0.016,0.0493,0,0,21.388888889,21.388888889
1,0.565,0.016,0.0493,0,0,21.388888889,21.388888889
1,0.565,0.016,0.0493,0,0,21.388888889,21.388888889
1,0.564,0.0167,0.0496,0,0,22.222222222,22.222222222
1,0.558,0.0256,0.06,0,0.0435,23.888888889,25.555555556
1,0.561,0.0418,0.156,0,0,23.888888889,25.555555556
1,0.593,0.0661,0.336,0,0,23.888888889,30.555555556
1,0.637,0.0901,0.417,0,0.0435,23.888888889,30.555555556
1,0.652,0.11,0.426,0.0833,0.0435,23.888888889,30.555555556
0.167,0.579,0.0347,0.111,0.15,0,23.888888889,30.555555556
0,0.565,0.016,0.0493,0,0,23.888888889,30.555555556
0.583,0.615,0.1,0.249,0,0,23.888888889,30.555555556
1,0.652,0.17,0.38,0,0.131,23.888888889,30.555555556
0.417,0.601,0.0885,0.186,0,0.0435,23.888888889,30.555555556
0.583,0.618,0.126,0.24,0,0.348,23.888888889,25.555555556
1,0.686,0.23,0.378,0,0.218,23.888888889,25.555555556
1,0.733,0.286,0.383,0,0,23.888888889,25.555555556
1,0.777,0.355,0.405,0,0,23.888888889,25.555555556
1,0.79,0.48,0.466,0,0,22.222222222,25.555555556
1,0.773,0.663,0.587,0,0,21.388888889,21.388888889
1,0.739,0.799,0.747,0,0.0435,21.388888889,21.388888889
1,0.614,0.326,0.388,0,0,21.388888889,21.388888889
1,0.565,0.016,0.0493,0,0,21.388888889,21.388888889
1,0.565,0.016,0.0493,0,0,21.388888889,21.388888889
1,0.565,0.016,0.0493,0,0,21.388888889,21.388888889
1,0.565,0.016,0.0493,0,0,21.388888889,21.388888889
1,0.565,0.016,0.0493,0,0,21.388888889,21.388888889
1,0.565,0.016,0.0493,0,0,22.222222222,22.222222222
1,0.565,0.016,0.0493,0,0,23.888888889,25.555555556
1,0.565,0.016,0.0493,0,0,23.888888889,25.555555556
1,0.565,0.016,0.0493,0,0,23.888888889,30.555555556
1,0.565,0.016,0.0493,0,0,23.888888889,30.555555556
1,0.572,0.0253,0.0804,0.0833,0.0871,23.888888889,30.555555556
1,0.652,0.13,0.421,0.15,0.131,23.888888889,30.555555556
1,0.652,0.145,0.408,0,0,23.888888889,30.555555556
0.667,0.623,0.111,0.278,0,0.0435,23.888888889,30.555555556
0,0.565,0.016,0.0493,0,0,23.888888889,30.555555556
0.333,0.594,0.0749,0.158,0,0,23.888888889,30.555555556
1,0.654,0.203,0.377,0,0.261,23.888888889,25.555555556
1,0.686,0.23,0.378,0,0.261,23.888888889,25.555555556
1,0.733,0.286,0.383,0,0,23.888888889,25.555555556
1,0.777,0.355,0.405,0,0.0871,23.888888889,25.555555556
1,0.79,0.48,0.466,0,0.148,22.222222222,25.555555556
1,0.773,0.663,0.587,0,0.18,21.388888889,21.388888889
1,0.739,0.799,0.747,0,0,21.388888889,21.388888889
1,0.677,0.735,0.841,0,0,21.388888889,21.388888889
1,0.616,0.423,0.557,0,0,21.388888889,21.388888889
1,0.565,0.016,0.0493,0,0,21.388888889,21.388888889
1,0.565,0.016,0.0493,0,0,21.388888889,21.388888889
1,0.565,0.016,0.0493,0,0,21.388888889,21.388888889
1,0.565,0.016,0.0493,0,0,21.388888889,21.388888889
1,0.565,0.016,0.0493,0,0,22.222222222,22.222222222
1,0.565,0.016,0.0493,0,0,23.888888889,25.555555556
1,0.565,0.016,0.0493,0,0,23.888888889,25.555555556
1,0.565,0.016,0.0493,0,0,23.888888889,30.555555556
1,0.608,0.0599,0.264,0,0,23.888888889,30.555555556
1,0.652,0.11,0.426,0,0.131,23.888888889,30.555555556
0.167,0.579,0.0347,0.111,0,0.131,23.888888889,30.555555556
0.583,0.615,0.0918,0.258,0,0,23.888888889,30.555555556
1,0.652,0.16,0.392,0,0.0435,23.888888889,30.555555556
1,0.652,0.17,0.38,0,0.0871,23.888888889,30.555555556
1,0.652,0.191,0.377,0,0,23.888888889,30.555555556
1,0.654,0.203,0.377,0,0.174,23.888888889,25.555555556
1,0.686,0.23,0.378,0.333,0,23.888888889,25.555555556
1,0.733,0.286,0.383,0.133,0.0871,23.888888889,25.555555556
1,0.777,0.355,0.405,0,0,23.888888889,25.555555556
1,0.79,0.48,0.466,0.233,0,22.222222222,25.555555556
1,0.773,0.663,0.587,0,0.0435,21.388888889,21.388888889
1,0.739,0.799,0.747,0,0,21.388888889,21.388888889
1,0.677,0.735,0.841,0,0,21.388888889,21.388888889
1,0.617,0.438,0.574,0,0.0926,21.388888889,21.388888889
0.417,0.569,0.0922,0.132,0,0.0371,21.388888889,21.388888889
0,0.565,0.016,0.0493,0,0,21.388888889,21.388888889
0.833,0.56,0.0342,0.0678,0,0,21.388888889,21.388888889
1,0.558,0.0195,0.0493,0,0.174,21.388888889,21.388888889
1,0.559,0.0155,0.0493,0,0.0435,22.222222222,22.222222222
1,0.565,0.016,0.0493,0,0,23.888888889,25.555555556
1,0.565,0.016,0.0493,0,0,23.888888889,25.555555556
1,0.565,0.016,0.0493,0,0,23.888888889,30.555555556
1,0.565,0.016,0.0493,0,0,23.888888889,30.555555556
1,0.572,0.0253,0.0804,0,0,23.888888889,30.555555556
1,0.652,0.13,0.421,0,0,23.888888889,30.555555556
1,0.652,0.145,0.408,0,0.261,23.888888889,30.555555556
0.417,0.601,0.0756,0.192,0,0,23.888888889,30.555555556
0,0.565,0.016,0.0493,0,0,23.888888889,30.555555556
0,0.565,0.016,0.0493,0,0,23.888888889,30.555555556
0,0.565,0.016,0.0493,0,0,23.888888889,25.555555556
0.833,0.667,0.195,0.323,0,0,23.888888889,25.555555556
1,0.733,0.286,0.383,0,0.174,23.888888889,25.555555556
1,0.777,0.355,0.405,0,0.0871,23.888888889,25.555555556
1,0.79,0.48,0.466,0,0.0435,22.222222222,25.555555556
1,0.773,0.663,0.587,0,0,21.388888889,21.388888889
1,0.739,0.799,0.747,0,0,21.388888889,21.388888889
1,0.677,0.735,0.841,0,0,21.388888889,21.388888889
1,0.617,0.438,0.574,0,0,21.388888889,21.388888889
1,0.573,0.19,0.238,0,0,21.388888889,21.388888889
1,0.558,0.0851,0.111,0,0,21.388888889,21.388888889
1,0.558,0.0431,0.0678,0,0.0435,21.388888889,21.388888889
1,0.56,0.0245,0.0493,0,0.218,21.388888889,21.388888889
1,0.565,0.0183,0.0493,0,0,22.222222222,22.222222222
1,0.565,0.0183,0.0493,0,0,23.888888889,25.555555556
1,0.565,0.0183,0.0493,0,0,23.888888889,25.555555556
1,0.583,0.0375,0.141,0,0.217,23.888888889,25.555555556
1,0.64,0.111,0.418,0,0.131,23.888888889,25.555555556
1,0.652,0.17,0.425,0,0.348,23.888888889,25.555555556
1,0.652,0.218,0.419,0,0.177,23.888888889,25.555555556
0,0.565,0.0183,0.0493,0,0,23.888888889,25.555555556
0,0.565,0.0183,0.0493,0,0,23.888888889,25.555555556
0,0.565,0.0183,0.0493,0,0,23.888888889,25.555555556
0,0.565,0.0183,0.0493,0,0,23.888888889,25.555555556
0,0.565,0.0183,0.0493,0,0,23.888888889,25.555555556
0.75,0.665,0.335,0.296,0,0.0435,23.888888889,25.555555556
1,0.741,0.459,0.386,0,0.218,23.888888889,25.555555556
1,0.78,0.492,0.414,0,0.0435,23.888888889,25.555555556
1,0.787,0.599,0.486,0,0,22.222222222,25.555555556
1,0.768,0.762,0.615,0,0,21.388888889,21.388888889
1,0.729,0.841,0.768,0,0,21.388888889,21.388888889
1,0.653,0.598,0.659,0,0,21.388888889,21.388888889
1,0.565,0.0183,0.0493,0,0,21.388888889,21.388888889
1,0.564,0.0314,0.0616,0,0,21.388888889,21.388888889
1,0.565,0.0183,0.0493,0,0,21.388888889,21.388888889
1,0.565,0.0183,0.0493,0,0,21.388888889,21.388888889
1,0.565,0.0183,0.0493,0,0,21.388888889,21.388888889
1,0.565,0.0183,0.0493,0,0,22.222222222,22.222222222
1,0.565,0.0183,0.0493,0,0,23.888888889,25.555555556
1,0.565,0.0183,0.0493,0,0,23.888888889,25.555555556
1,0.565,0.0183,0.0493,0,0,23.888888889,25.555555556
1,0.586,0.0529,0.143,0,0.0871,23.888888889,25.555555556
1,0.652,0.17,0.425,0,0.144,23.888888889,25.555555556
1,0.652,0.218,0.419,0,0.384,23.888888889,25.555555556
0.75,0.63,0.19,0.32,0,0.217,23.888888889,25.555555556
1,0.586,0.0866,0.132,0,0.137,23.888888889,25.555555556
0.25,0.586,0.0866,0.132,0,0,23.888888889,25.555555556
0,0.565,0.0183,0.0493,0,0,23.888888889,25.555555556
0.5,0.616,0.216,0.213,0,0.131,23.888888889,25.555555556
1,0.694,0.439,0.378,0,0,23.888888889,25.555555556
1,0.741,0.459,0.386,0,0.0435,23.888888889,25.555555556
1,0.78,0.492,0.414,0,0.0435,23.888888889,25.555555556
1,0.787,0.599,0.486,0,0,22.222222222,25.555555556
1,0.768,0.762,0.615,0,0.131,21.388888889,21.388888889
1,0.729,0.841,0.768,0,0.0435,21.388888889,21.388888889
1,0.667,0.718,0.798,0,0,21.388888889,21.388888889
1,0.609,0.432,0.515,0,0,21.388888889,21.388888889
1,0.569,0.123,0.149,0,0.0904,21.388888889,21.388888889
1,0.565,0.016,0.0493,0,0,21.388888889,21.388888889
1,0.565,0.016,0.0493,0,0,21.388888889,21.388888889
1,0.565,0.016,0.0493,0,0,21.388888889,21.388888889
1,0.565,0.016,0.0493,0,0,22.222222222,22.222222222
1,0.565,0.016,0.0493,0,0,23.888888889,25.555555556
1,0.565,0.016,0.0493,0,0,23.888888889,25.555555556
1,0.565,0.016,0.0493,0,0,23.888888889,30.555555556
1,0.565,0.016,0.0493,0,0,23.888888889,30.555555556
1,0.572,0.0253,0.0804,0,0.0871,23.888888889,30.555555556
1,0.652,0.13,0.421,0,0.131,23.888888889,30.555555556
1,0.652,0.145,0.408,0,0.0435,23.888888889,30.555555556
1,0.652,0.16,0.392,0,0.0871,23.888888889,30.555555556
1,0.652,0.17,0.38,0,0.0871,23.888888889,30.555555556
1,0.652,0.191,0.377,0,0,23.888888889,30.555555556
1,0.654,0.203,0.377,0,0,23.888888889,25.555555556
0.917,0.673,0.208,0.35,0,0.131,23.888888889,25.555555556
0.583,0.664,0.176,0.245,0,0.205,23.888888889,25.555555556
1,0.777,0.355,0.405,0,0.405,23.888888889,25.555555556
1,0.79,0.48,0.466,0,0.418,22.222222222,25.555555556
1,0.773,0.663,0.587,0,0,21.388888889,21.388888889
1,0.739,0.799,0.747,0,0.131,21.388888889,21.388888889
1,0.677,0.735,0.841,0,0,21.388888889,21.388888889
1,0.617,0.438,0.574,0,0,21.388888889,21.388888889
1,0.573,0.189,0.238,0,0,21.388888889,21.388888889
1,0.559,0.0763,0.117,0,0,21.388888889,21.388888889
1,0.565,0.016,0.0493,0,0,21.388888889,21.388888889
1,0.565,0.016,0.0493,0,0,21.388888889,21.388888889
1,0.565,0.016,0.0493,0,0,22.222222222,22.222222222
1,0.565,0.016,0.0493,0,0,23.888888889,25.555555556
1,0.567,0.02,0.0726,0,0,23.888888889,25.555555556
1,0.593,0.0661,0.336,0,0.0435,23.888888889,30.555555556
1,0.637,0.0901,0.417,0,0.0871,23.888888889,30.555555556
1,0.652,0.11,0.426,0,0,23.888888889,30.555555556
1,0.652,0.13,0.421,0,0,23.888888889,30.555555556
1,0.652,0.145,0.408,0,0,23.888888889,30.555555556
1,0.652,0.16,0.392,0,0,23.888888889,30.555555556
1,0.652,0.17,0.38,0,0.0871,23.888888889,30.555555556
1,0.652,0.191,0.377,0,0.218,23.888888889,30.555555556
1,0.654,0.203,0.377,0,0.435,23.888888889,25.555555556
1,0.686,0.23,0.378,0,0.0871,23.888888889,25.555555556
1,0.733,0.286,0.383,0,0.0435,23.888888889,25.555555556
1,0.777,0.355,0.405,0,0,23.888888889,25.555555556
1,0.79,0.48,0.466,0,0,22.222222222,25.555555556
1,0.773,0.663,0.587,0,0,21.388888889,21.388888889
1,0.739,0.799,0.747,0,0,21.388888889,21.388888889
1,0.677,0.735,0.841,0,0,21.388888889,21.388888889
1,0.617,0.438,0.574,0,0,21.388888889,21.388888889
1,0.573,0.189,0.238,0,0,21.388888889,21.388888889
1,0.562,0.0434,0.0801,0,0,21.388888889,21.388888889
1,0.565,0.016,0.0493,0,0,21.388888889,21.388888889
1,0.565,0.016,0.0493,0,0,21.388888889,21.388888889
1,0.565,0.016,0.0493,0,0,22.222222222,22.222222222
1,0.565,0.016,0.0493,0,0,23.888888889,25.555555556
1,0.565,0.016,0.0493,0,0,23.888888889,25.555555556
1,0.565,0.016,0.0493,0,0,23.888888889,30.555555556
1,0.565,0.016,0.0493,0,0,23.888888889,30.555555556
1,0.572,0.0253,0.0804,0.0833,0.131,23.888888889,30.555555556
1,0.652,0.13,0.421,0.383,0.131,23.888888889,30.555555556
1,0.652,0.145,0.408,0,0,23.888888889,30.555555556
1,0.652,0.16,0.392,0,0.392,23.888888889,30.555555556
0.917,0.644,0.155,0.353,0,0.0435,23.888888889,30.555555556
0.583,0.615,0.118,0.24,0,0.131,23.888888889,30.555555556
0.667,0.623,0.139,0.267,0,0.0871,23.888888889,25.555555556
0,0.565,0.016,0.0493,0,0,23.888888889,25.555555556
0,0.565,0.016,0.0493,0,0,23.888888889,25.555555556
0,0.565,0.016,0.0493,0,0,23.888888889,25.555555556
0,0.565,0.016,0.0493,0,0,22.222222222,25.555555556
0.833,0.738,0.557,0.5,0,0,21.388888889,21.388888889
1,0.739,0.799,0.747,0,0.0663,21.388888889,21.388888889
1,0.677,0.735,0.841,0,0.15,21.388888889,21.388888889
1,0.616,0.423,0.557,0,0.091,21.388888889,21.388888889
1,0.565,0.016,0.0493,0,0,21.388888889,21.388888889
1,0.565,0.016,0.0493,0,0,21.388888889,21.388888889
1,0.565,0.016,0.0493,0,0,21.388888889,21.388888889
1,0.565,0.016,0.0493,0,0,21.388888889,21.388888889
1,0.565,0.016,0.0493,0,0,22.222222222,22.222222222
1,0.565,0.016,0.0493,0,0,23.888888889,25.555555556
1,0.565,0.016,0.0493,0,0,23.888888889,25.555555556
1,0.583,0.0461,0.219,0,0.395,23.888888889,30.555555556
1,0.637,0.0901,0.417,0,0,23.888888889,30.555555556
1,0.652,0.11,0.426,0,0.179,23.888888889,30.555555556
1,0.652,0.13,0.421,0,0.185,23.888888889,30.555555556
1,0.652,0.145,0.408,0,0.0435,23.888888889,30.555555556
1,0.652,0.16,0.392,0,0.0435,23.888888889,30.555555556
1,0.652,0.17,0.38,0,0.0435,23.888888889,30.555555556
1,0.652,0.191,0.377,0,0.0871,23.888888889,30.555555556
0.5,0.611,0.111,0.213,0.0833,0,23.888888889,25.555555556
1,0.686,0.23,0.378,0.15,0,23.888888889,25.555555556
1,0.733,0.286,0.383,0,0,23.888888889,25.555555556
1,0.777,0.355,0.405,0,0,23.888888889,25.555555556
1,0.79,0.48,0.466,0,0,22.222222222,25.555555556
1,0.773,0.663,0.587,0,0.131,21.388888889,21.388888889
1,0.739,0.799,0.747,0,0.0435,21.388888889,21.388888889
1,0.677,0.735,0.841,0,0.0842,21.388888889,21.388888889
1,0.574,0.0899,0.142,0,0.0337,21.388888889,21.388888889
1,0.565,0.016,0.0493,0,0,21.388888889,21.388888889
1,0.565,0.016,0.0493,0,0,21.388888889,21.388888889
1,0.565,0.016,0.0493,0,0,21.388888889,21.388888889
1,0.565,0.016,0.0493,0,0,21.388888889,21.388888889
1,0.565,0.016,0.0493,0,0,22.222222222,22.222222222
1,0.565,0.016,0.0493,0,0,23.888888889,25.555555556
1,0.565,0.016,0.0493,0,0,23.888888889,25.555555556
1,0.571,0.022,0.0799,0,0,23.888888889,30.555555556
1,0.637,0.0901,0.417,0,0.0435,23.888888889,30.555555556
0.167,0.579,0.0314,0.112,0,0,23.888888889,30.555555556
0,0.565,0.016,0.0493,0,0,23.888888889,30.555555556
0,0.565,0.016,0.0493,0,0,23.888888889,30.555555556
0.333,0.594,0.0644,0.163,0,0.0435,23.888888889,30.555555556
1,0.652,0.17,0.38,0,0.0435,23.888888889,30.555555556
1,0.652,0.191,0.377,0,0.392,23.888888889,30.555555556
0.917,0.579,0.0468,0.104,0,0.131,23.888888889,25.555555556
0,0.565,0.016,0.0493,0,0,23.888888889,25.555555556
0,0.565,0.016,0.0493,0,0,23.888888889,25.555555556
0.583,0.689,0.218,0.259,0,0,23.888888889,25.555555556
1,0.79,0.48,0.466,0,0.0435,22.222222222,25.555555556
1,0.773,0.663,0.587,0,0.0435,21.388888889,21.388888889
1,0.739,0.799,0.747,0,0.131,21.388888889,21.388888889
1,0.677,0.735,0.841,0,0,21.388888889,21.388888889
1,0.617,0.438,0.574,0,0.0871,21.388888889,21.388888889
1,0.573,0.19,0.238,0,0.14,21.388888889,21.388888889
1,0.56,0.0775,0.105,0,0.281,21.388888889,21.388888889
1,0.565,0.0183,0.0493,0,0,21.388888889,21.388888889
1,0.565,0.0183,0.0493,0,0,21.388888889,21.388888889
1,0.565,0.0183,0.0493,0,0,22.222222222,22.222222222
1,0.565,0.0183,0.0493,0,0,23.888888889,25.555555556
1,0.565,0.0183,0.0493,0,0,23.888888889,25.555555556
1,0.565,0.0183,0.0493,0,0,23.888888889,25.555555556
1,0.586,0.0529,0.143,0,0,23.888888889,25.555555556
0.75,0.63,0.122,0.332,0,0,23.888888889,25.555555556
0,0.565,0.0183,0.0493,0,0,23.888888889,25.555555556
0,0.565,0.0183,0.0493,0,0,23.888888889,25.555555556
0,0.565,0.0183,0.0493,0,0,23.888888889,25.555555556
0,0.565,0.0183,0.0493,0,0,23.888888889,25.555555556
0,0.565,0.0183,0.0493,0,0,23.888888889,25.555555556
0.75,0.638,0.31,0.295,0,0.261,23.888888889,25.555555556
1,0.694,0.439,0.378,0,0.174,23.888888889,25.555555556
1,0.741,0.459,0.386,0,0,23.888888889,25.555555556
1,0.78,0.492,0.414,0,0.348,23.888888889,25.555555556
1,0.787,0.599,0.486,0,0,22.222222222,25.555555556
1,0.768,0.762,0.615,0,0.0435,21.388888889,21.388888889
1,0.729,0.841,0.768,0,0.0871,21.388888889,21.388888889
1,0.594,0.212,0.253,0,0,21.388888889,21.388888889
1,0.565,0.0183,0.0493,0,0,21.388888889,21.388888889
1,0.564,0.0314,0.0616,0,0,21.388888889,21.388888889
1,0.565,0.0183,0.0493,0,0,21.388888889,21.388888889
1,0.565,0.0183,0.0493,0,0,21.388888889,21.388888889
1,0.565,0.0183,0.0493,0,0,21.388888889,21.388888889
0.75,0.565,0.0183,0.0493,0,0,22.222222222,22.222222222
0,0.565,0.0183,0.0493,0,0,23.888888889,25.555555556
0,0.565,0.0183,0.0493,0,0,23.888888889,25.555555556
0,0.565,0.0183,0.0493,0,0,23.888888889,25.555555556
0,0.565,0.0183,0.0493,0,0,23.888888889,25.555555556
0,0.565,0.0183,0.0493,0,0,23.888888889,25.555555556
0,0.565,0.0183,0.0493,0,0,23.888888889,25.555555556
0,0.565,0.0183,0.0493,0,0,23.888888889,25.555555556
0,0.565,0.0183,0.0493,0,0,23.888888889,25.555555556
0,0.565,0.0183,0.0493,0,0,23.888888889,25.555555556
0,0.565,0.0183,0.0493,0,0,23.888888889,25.555555556
0,0.565,0.0183,0.0493,0,0,23.888888889,25.555555556
0.5,0.624,0.226,0.213,0,0.305,23.888888889,25.555555556
0.5,0.659,0.241,0.22,0,0,23.888888889,25.555555556
1,0.78,0.492,0.414,0.233,0.131,23.888888889,25.555555556
1,0.787,0.599,0.486,0,0.131,22.222222222,25.555555556
1,0.768,0.762,0.615,0,0.174,21.388888889,21.388888889
0.75,0.7,0.648,0.565,0,0.0435,21.388888889,21.388888889
1,0.624,0.405,0.456,0,0.253,21.388888889,21.388888889
1,0.565,0.0183,0.0493,0,0,21.388888889,21.388888889
1,0.565,0.0181,0.0493,0,0,21.388888889,21.388888889
1,0.565,0.016,0.0493,0,0,21.388888889,21.388888889
1,0.565,0.016,0.0493,0,0,21.388888889,21.388888889
1,0.565,0.016,0.0493,0,0,21.388888889,21.388888889
1,0.564,0.0167,0.0496,0,0.0435,22.222222222,22.222222222
1,0.558,0.0256,0.06,0,0.182,23.888888889,25.555555556
1,0.561,0.0418,0.156,0,0.697,23.888888889,25.555555556
1,0.593,0.0661,0.336,0,0.396,23.888888889,30.555555556
1,0.584,0.0357,0.142,0,0,23.888888889,30.555555556
0.417,0.601,0.0545,0.206,0,0,23.888888889,30.555555556
0.833,0.637,0.111,0.359,0,0.0435,23.888888889,30.555555556
1,0.652,0.145,0.408,0,0,23.888888889,30.555555556
1,0.652,0.16,0.392,0.233,0.131,23.888888889,30.555555556
0.917,0.644,0.155,0.353,0,0,23.888888889,30.555555556
0,0.565,0.016,0.0493,0,0,23.888888889,30.555555556
0.0833,0.575,0.0334,0.0766,0.0833,0,23.888888889,25.555555556
1,0.686,0.23,0.378,1,0,23.888888889,25.555555556
1,0.733,0.286,0.383,0.0833,0.0435,23.888888889,25.555555556
1,0.777,0.355,0.405,0,0,23.888888889,25.555555556
1,0.79,0.48,0.466,0,0.0435,22.222222222,25.555555556
1,0.773,0.663,0.587,0,0,21.388888889,21.388888889
1,0.739,0.799,0.747,0,0,21.388888889,21.388888889
1,0.677,0.735,0.841,0,0.0871,21.388888889,21.388888889
1,0.616,0.423,0.557,0,0.0871,21.388888889,21.388888889
1,0.565,0.016,0.0493,0,0,21.388888889,21.388888889
1,0.565,0.016,0.0493,0,0,21.388888889,21.388888889
1,0.565,0.016,0.0493,0,0,21.388888889,21.388888889
1,0.565,0.016,0.0493,0,0,21.388888889,21.388888889
1,0.565,0.016,0.0493,0,0,22.222222222,22.222222222
1,0.564,0.018,0.0569,0,0,23.888888889,25.555555556
1,0.561,0.0418,0.156,0,0.0435,23.888888889,25.555555556
1,0.593,0.0661,0.336,0,0.0691,23.888888889,30.555555556
1,0.637,0.0901,0.417,0,0.0751,23.888888889,30.555555556
1,0.652,0.11,0.426,0,0,23.888888889,30.555555556
1,0.652,0.13,0.421,0,0.131,23.888888889,30.555555556
1,0.652,0.145,0.408,0,0.0435,23.888888889,30.555555556
1,0.652,0.16,0.392,0,0,23.888888889,30.555555556
1,0.652,0.17,0.38,0,0,23.888888889,30.555555556
1,0.652,0.191,0.377,0,0.0435,23.888888889,30.555555556
1,0.654,0.203,0.377,0,0.0435,23.888888889,25.555555556
1,0.686,0.23,0.378,0,0.0435,23.888888889,25.555555556
1,0.733,0.286,0.383,0,0,23.888888889,25.555555556
1,0.777,0.355,0.405,0,0.0871,23.888888889,25.555555556
1,0.79,0.48,0.466,0,0.0871,22.222222222,25.555555556
1,0.773,0.663,0.587,0,0,21.388888889,21.388888889
1,0.739,0.799,0.747,0,0,21.388888889,21.388888889
1,0.677,0.735,0.841,0,0,21.388888889,21.388888889
1,0.617,0.438,0.574,0,0,21.388888889,21.388888889
1,0.569,0.0922,0.132,0,0,21.388888889,21.388888889
1,0.565,0.016,0.0493,0,0,21.388888889,21.388888889
1,0.565,0.016,0.0493,0,0,21.388888889,21.388888889
1,0.565,0.016,0.0493,0,0,21.388888889,21.388888889
1,0.564,0.0167,0.0496,0,0.0435,22.222222222,22.222222222
1,0.558,0.0256,0.06,0,0.0435,23.888888889,25.555555556
1,0.561,0.0418,0.156,0.0833,0.0435,23.888888889,25.555555556
1,0.593,0.0661,0.336,0.15,0.131,23.888888889,30.555555556
1,0.637,0.0901,0.417,0,0.0435,23.888888889,30.555555556
1,0.652,0.11,0.426,0,0.36,23.888888889,30.555555556
1,0.652,0.13,0.421,0,0.217,23.888888889,30.555555556
1,0.652,0.145,0.408,0.233,0.0435,23.888888889,30.555555556
0.667,0.623,0.111,0.278,0,0,23.888888889,30.555555556
0,0.565,0.016,0.0493,0,0,23.888888889,30.555555556
0.333,0.594,0.0749,0.158,0,0.0435,23.888888889,30.555555556
1,0.654,0.203,0.377,0,0,23.888888889,25.555555556
1,0.686,0.23,0.378,0,0,23.888888889,25.555555556
1,0.733,0.286,0.383,0,0.0435,23.888888889,25.555555556
1,0.777,0.355,0.405,0,0.174,23.888888889,25.555555556
1,0.79,0.48,0.466,0,0,22.222222222,25.555555556
1,0.773,0.663,0.587,0,0,21.388888889,21.388888889
1,0.739,0.799,0.747,0,0.218,21.388888889,21.388888889
1,0.677,0.735,0.841,0,0.091,21.388888889,21.388888889
1,0.617,0.438,0.574,0,0,21.388888889,21.388888889
1,0.569,0.0922,0.132,0,0,21.388888889,21.388888889
1,0.565,0.016,0.0493,0,0,21.388888889,21.388888889
1,0.565,0.016,0.0493,0,0,21.388888889,21.388888889
1,0.565,0.016,0.0493,0,0,21.388888889,21.388888889
1,0.565,0.016,0.0493,0,0,22.222222222,22.222222222
1,0.565,0.016,0.0493,0,0,23.888888889,25.555555556
1,0.565,0.016,0.0493,0,0,23.888888889,25.555555556
1,0.571,0.022,0.0799,0,0,23.888888889,30.555555556
1,0.637,0.0901,0.417,0,0.0806,23.888888889,30.555555556
0.917,0.644,0.101,0.395,0,0.145,23.888888889,30.555555556
0,0.565,0.016,0.0493,0,0,23.888888889,30.555555556
0,0.565,0.016,0.0493,0,0,23.888888889,30.555555556
0.583,0.615,0.1,0.249,0,0.0871,23.888888889,30.555555556
1,0.652,0.17,0.38,0,0.0435,23.888888889,30.555555556
1,0.652,0.191,0.377,0,0.174,23.888888889,30.555555556
1,0.654,0.203,0.377,0,0.174,23.888888889,25.555555556
1,0.686,0.23,0.378,0.467,0,23.888888889,25.555555556
1,0.733,0.286,0.383,0,0.0435,23.888888889,25.555555556
1,0.777,0.355,0.405,0,0,23.888888889,25.555555556
1,0.79,0.48,0.466,0,0,22.222222222,25.555555556
1,0.773,0.663,0.587,0,0.0435,21.388888889,21.388888889
1,0.739,0.799,0.747,0,0,21.388888889,21.388888889
1,0.677,0.735,0.841,0,0.0871,21.388888889,21.388888889
1,0.617,0.438,0.574,0,0,21.388888889,21.388888889
1,0.566,0.0465,0.0825,0,0,21.388888889,21.388888889
1,0.565,0.016,0.0493,0,0,21.388888889,21.388888889
1,0.565,0.016,0.0493,0,0,21.388888889,21.388888889
1,0.565,0.016,0.0493,0,0,21.388888889,21.388888889
1,0.565,0.016,0.0493,0,0,22.222222222,22.222222222
1,0.565,0.016,0.0493,0,0,23.888888889,25.555555556
1,0.565,0.016,0.0493,0,0,23.888888889,25.555555556
0.75,0.577,0.034,0.15,0,0.0435,23.888888889,30.555555556
1,0.637,0.0901,0.417,0,0,23.888888889,30.555555556
1,0.652,0.11,0.426,0,0.0871,23.888888889,30.555555556
0.917,0.644,0.119,0.391,0,0.174,23.888888889,30.555555556
0,0.565,0.016,0.0493,0,0,23.888888889,30.555555556
0,0.565,0.016,0.0493,0,0,23.888888889,30.555555556
0.833,0.637,0.145,0.325,0.233,0,23.888888889,30.555555556
1,0.652,0.191,0.377,0,0.174,23.888888889,30.555555556
1,0.654,0.203,0.377,0,0.131,23.888888889,25.555555556
1,0.686,0.23,0.378,0,0.0435,23.888888889,25.555555556
1,0.733,0.286,0.383,0,0.0435,23.888888889,25.555555556
1,0.777,0.355,0.405,0,0,23.888888889,25.555555556
1,0.79,0.48,0.466,0,0,22.222222222,25.555555556
1,0.773,0.663,0.587,0,0,21.388888889,21.388888889
1,0.739,0.799,0.747,0,0,21.388888889,21.388888889
1,0.677,0.735,0.841,0,0,21.388888889,21.388888889
1,0.617,0.438,0.574,0,0,21.388888889,21.388888889
1,0.573,0.184,0.232,0,0,21.388888889,21.388888889
1,0.565,0.0183,0.0493,0,0,21.388888889,21.388888889
1,0.565,0.0183,0.0493,0,0,21.388888889,21.388888889
1,0.565,0.0183,0.0493,0,0,21.388888889,21.388888889
1,0.565,0.0183,0.0493,0,0,22.222222222,22.222222222
1,0.565,0.0183,0.0493,0,0,23.888888889,25.555555556
1,0.565,0.0183,0.0493,0,0,23.888888889,25.555555556
1,0.565,0.0183,0.0493,0,0,23.888888889,25.555555556
0.5,0.586,0.0529,0.143,0,0.391,23.888888889,25.555555556
1,0.652,0.17,0.425,0,0.312,23.888888889,25.555555556
0.25,0.586,0.0656,0.143,0,0.188,23.888888889,25.555555556
0,0.565,0.0183,0.0493,0,0,23.888888889,25.555555556
1,0.652,0.277,0.39,0,0.0435,23.888888889,25.555555556
1,0.652,0.305,0.38,0,0.261,23.888888889,25.555555556
0,0.565,0.0183,0.0493,0,0,23.888888889,25.555555556
0,0.565,0.0183,0.0493,0,0,23.888888889,25.555555556
0.5,0.635,0.231,0.214,0.233,0,23.888888889,25.555555556
1,0.741,0.459,0.386,0,0.0871,23.888888889,25.555555556
1,0.78,0.492,0.414,0,0.0435,23.888888889,25.555555556
1,0.787,0.599,0.486,0,0.0435,22.222222222,25.555555556
1,0.768,0.762,0.615,0,0.0435,21.388888889,21.388888889
1,0.729,0.841,0.768,0,0.0435,21.388888889,21.388888889
1,0.594,0.212,0.253,0,0,21.388888889,21.388888889
1,0.565,0.0183,0.0493,0,0,21.388888889,21.388888889
1,0.565,0.0183,0.0493,0,0,21.388888889,21.388888889
1,0.565,0.0183,0.0493,0,0,21.388888889,21.388888889
1,0.565,0.0183,0.0493,0,0,21.388888889,21.388888889
1,0.565,0.0183,0.0493,0,0,21.388888889,21.388888889
1,0.565,0.0183,0.0493,0,0,22.222222222,22.222222222
1,0.565,0.0183,0.0493,0,0,23.888888889,25.555555556
1,0.565,0.0183,0.0493,0,0,23.888888889,25.555555556
1,0.565,0.0183,0.0493,0,0,23.888888889,25.555555556
1,0.565,0.0183,0.0493,0,0,23.888888889,25.555555556
1,0.63,0.135,0.331,0,0.475,23.888888889,25.555555556
0.5,0.608,0.113,0.236,0,0.147,23.888888889,25.555555556
0,0.565,0.0183,0.0493,0,0,23.888888889,25.555555556
0,0.565,0.0183,0.0493,0,0,23.888888889,25.555555556
0,0.565,0.0183,0.0493,0,0,23.888888889,25.555555556
0,0.565,0.0183,0.0493,0,0,23.888888889,25.555555556
0,0.565,0.0183,0.0493,0,0,23.888888889,25.555555556
0.75,0.665,0.335,0.296,0,0.305,23.888888889,25.555555556
1,0.741,0.459,0.386,0,0,23.888888889,25.555555556
1,0.78,0.492,0.414,0,0.358,23.888888889,25.555555556
1,0.787,0.599,0.486,0,0.642,22.222222222,25.555555556
1,0.715,0.584,0.483,0,0.3,21.388888889,21.388888889
1,0.729,0.841,0.768,0,0.241,21.388888889,21.388888889
1,0.594,0.212,0.253,0,0,21.388888889,21.388888889
1,0.565,0.0183,0.0493,0,0,21.388888889,21.388888889
1,0.565,0.0181,0.0493,0,0,21.388888889,21.388888889
1,0.565,0.016,0.0493,0,0,21.388888889,21.388888889
1,0.565,0.016,0.0493,0,0,21.388888889,21.388888889
1,0.565,0.016,0.0493,0,0,21.388888889,21.388888889
1,0.565,0.016,0.0493,0,0,22.222222222,22.222222222
1,0.565,0.016,0.0493,0,0,23.888888889,25.555555556
1,0.564,0.0319,0.118,0,0.31,23.888888889,25.555555556
1,0.593,0.0661,0.336,0,0.301,23.888888889,30.555555556
1,0.637,0.0901,0.417,0,0,23.888888889,30.555555556
1,0.652,0.11,0.426,0,0,23.888888889,30.555555556
1,0.652,0.13,0.421,0,0.0435,23.888888889,30.555555556
1,0.652,0.145,0.408,0,0,23.888888889,30.555555556
1,0.652,0.16,0.392,0,0,23.888888889,30.555555556
1,0.652,0.17,0.38,0,0.0435,23.888888889,30.555555556
1,0.652,0.191,0.377,0,0.0871,23.888888889,30.555555556
1,0.654,0.203,0.377,0,0.174,23.888888889,25.555555556
1,0.686,0.23,0.378,0,0,23.888888889,25.555555556
1,0.733,0.286,0.383,0,0.174,23.888888889,25.555555556
1,0.777,0.355,0.405,0,0,23.888888889,25.555555556
1,0.79,0.48,0.466,0,0,22.222222222,25.555555556
1,0.773,0.663,0.587,0,0,21.388888889,21.388888889
1,0.739,0.799,0.747,0,0.0901,21.388888889,21.388888889
1,0.677,0.735,0.841,0,0.108,21.388888889,21.388888889
1,0.588,0.201,0.28,0,0,21.388888889,21.388888889
1,0.565,0.016,0.0493,0,0,21.388888889,21.388888889
1,0.565,0.016,0.0493,0,0,21.388888889,21.388888889
1,0.565,0.016,0.0493,0,0,21.388888889,21.388888889
1,0.565,0.016,0.0493,0,0,21.388888889,21.388888889
1,0.565,0.016,0.0493,0,0,22.222222222,22.222222222
1,0.565,0.016,0.0493,0,0,23.888888889,25.555555556
1,0.565,0.016,0.0493,0,0,23.888888889,25.555555556
1,0.571,0.0219,0.0786,0,0,23.888888889,30.555555556
1,0.64,0.0893,0.4,0.0833,0.316,23.888888889,30.555555556
1,0.654,0.109,0.401,0.15,0,23.888888889,30.555555556
1,0.654,0.128,0.39,0,0.0435,23.888888889,30.555555556
1,0.654,0.144,0.378,0,0.131,23.888888889,30.555555556
1,0.654,0.159,0.362,0,0.0871,23.888888889,30.555555556
0.417,0.602,0.0787,0.175,0,0,23.888888889,30.555555556
0,0.565,0.016,0.0493,0,0,23.888888889,30.555555556
0,0.565,0.016,0.0493,0,0,23.888888889,25.555555556
0.583,0.639,0.142,0.224,0,0,23.888888889,25.555555556
1,0.736,0.284,0.352,0,0.131,23.888888889,25.555555556
1,0.78,0.352,0.367,0,0.0435,23.888888889,25.555555556
1,0.793,0.476,0.411,0,0,22.222222222,25.555555556
1,0.776,0.657,0.505,0,0,21.388888889,21.388888889
1,0.742,0.792,0.646,0,0.0435,21.388888889,21.388888889
1,0.68,0.729,0.758,0,0,21.388888889,21.388888889
1,0.619,0.434,0.552,0,0,21.388888889,21.388888889
1,0.567,0.0462,0.0825,0,0,21.388888889,21.388888889
1,0.565,0.016,0.0493,0,0,21.388888889,21.388888889
1,0.565,0.016,0.0493,0,0,21.388888889,21.388888889
1,0.565,0.016,0.0493,0,0,21.388888889,21.388888889
1,0.565,0.016,0.0493,0,0,22.222222222,22.222222222
1,0.565,0.016,0.0493,0,0,23.888888889,25.555555556
1,0.565,0.016,0.0493,0,0,23.888888889,25.555555556
1,0.565,0.016,0.0493,0,0,23.888888889,30.555555556
1,0.565,0.016,0.0493,0,0,23.888888889,30.555555556
1,0.565,0.016,0.0493,0,0,23.888888889,30.555555556
1,0.565,0.016,0.0493,0,0,23.888888889,30.555555556
1,0.617,0.0911,0.24,0,0.22,23.888888889,30.555555556
0.417,0.602,0.0751,0.18,0,0.14,23.888888889,30.555555556
0,0.565,0.016,0.0493,0,0,23.888888889,30.555555556
0,0.565,0.016,0.0493,0,0,23.888888889,30.555555556
0,0.565,0.016,0.0493,0,0,23.888888889,25.555555556
0,0.565,0.016,0.0493,0,0,23.888888889,25.555555556
0.833,0.708,0.24,0.301,0,0.0435,23.888888889,25.555555556
1,0.78,0.352,0.367,0,0.131,23.888888889,25.555555556
1,0.793,0.476,0.411,0,0.261,22.222222222,25.555555556
1,0.776,0.657,0.505,0,0.218,21.388888889,21.388888889
1,0.732,0.731,0.586,0,0.0435,21.388888889,21.388888889
1,0.565,0.016,0.0493,0,0,21.388888889,21.388888889
1,0.565,0.016,0.0493,0,0,21.388888889,21.388888889
1,0.565,0.016,0.0493,0,0,21.388888889,21.388888889
1,0.565,0.016,0.0493,0,0,21.388888889,21.388888889
1,0.565,0.016,0.0493,0,0,21.388888889,21.388888889
1,0.565,0.016,0.0493,0,0,21.388888889,21.388888889
1,0.565,0.016,0.0493,0,0,22.222222222,22.222222222
1,0.565,0.016,0.0493,0,0,23.888888889,25.555555556
1,0.565,0.016,0.0493,0,0,23.888888889,25.555555556
0.917,0.565,0.016,0.0493,0,0,23.888888889,30.555555556
0.333,0.591,0.0415,0.166,0.233,0.0435,23.888888889,30.555555556
1,0.654,0.109,0.401,0,0.131,23.888888889,30.555555556
1,0.654,0.128,0.39,0,0,23.888888889,30.555555556
1,0.654,0.144,0.378,0,0,23.888888889,30.555555556
1,0.654,0.159,0.362,0,0.0871,23.888888889,30.555555556
1,0.654,0.168,0.351,0,0,23.888888889,30.555555556
1,0.654,0.189,0.347,0,0.0435,23.888888889,30.555555556
1,0.657,0.202,0.347,0,0,23.888888889,25.555555556
1,0.689,0.228,0.348,0,0,23.888888889,25.555555556
1,0.736,0.284,0.352,0,0.0435,23.888888889,25.555555556
1,0.78,0.352,0.367,0,0.0871,23.888888889,25.555555556
0.75,0.736,0.365,0.322,0.0833,0.131,22.222222222,25.555555556
1,0.776,0.657,0.505,0.383,0.0435,21.388888889,21.388888889
1,0.742,0.792,0.646,0,0.0435,21.388888889,21.388888889
1,0.615,0.324,0.351,0,0,21.388888889,21.388888889
1,0.565,0.016,0.0493,0,0,21.388888889,21.388888889
1,0.565,0.016,0.0493,0,0,21.388888889,21.388888889
1,0.565,0.016,0.0493,0,0,21.388888889,21.388888889
1,0.565,0.016,0.0493,0,0,21.388888889,21.388888889
1,0.565,0.016,0.0493,0,0,21.388888889,21.388888889
1,0.565,0.016,0.0493,0,0,22.222222222,22.222222222
1,0.565,0.016,0.0493,0,0,23.888888889,25.555555556
1,0.565,0.016,0.0493,0,0,23.888888889,25.555555556
1,0.571,0.0219,0.0786,0,0,23.888888889,30.555555556
1,0.64,0.0893,0.4,0,0,23.888888889,30.555555556
1,0.654,0.109,0.401,0,0,23.888888889,30.555555556
1,0.654,0.128,0.39,0,0,23.888888889,30.555555556
1,0.654,0.144,0.378,0,0.0435,23.888888889,30.555555556
1,0.654,0.159,0.362,0,0.261,23.888888889,30.555555556
1,0.654,0.168,0.351,0,0.0435,23.888888889,30.555555556
1,0.654,0.189,0.347,0.0833,0.0435,23.888888889,30.555555556
1,0.657,0.202,0.347,0.15,0,23.888888889,25.555555556
1,0.689,0.228,0.348,0,0.261,23.888888889,25.555555556
1,0.736,0.284,0.352,0,0,23.888888889,25.555555556
1,0.78,0.352,0.367,0,0.411,23.888888889,25.555555556
1,0.793,0.476,0.411,0,0.264,22.222222222,25.555555556
1,0.776,0.657,0.505,0,0.131,21.388888889,21.388888889
1,0.742,0.792,0.646,0,0.0435,21.388888889,21.388888889
1,0.68,0.729,0.758,0,0,21.388888889,21.388888889
1,0.604,0.309,0.403,0,0,21.388888889,21.388888889
1,0.565,0.0162,0.0493,0,0,21.388888889,21.388888889
1,0.565,0.0183,0.0493,0,0,21.388888889,21.388888889
1,0.565,0.0183,0.0493,0,0,21.388888889,21.388888889
1,0.565,0.0183,0.0493,0,0,21.388888889,21.388888889
1,0.565,0.0183,0.0493,0,0,22.222222222,22.222222222
1,0.565,0.0183,0.0493,0,0,23.888888889,25.555555556
1,0.565,0.0183,0.0493,0,0,23.888888889,25.555555556
1,0.565,0.0183,0.0493,0,0,23.888888889,25.555555556
1,0.643,0.12,0.389,0.233,0.0435,23.888888889,25.555555556
1,0.654,0.179,0.397,0,0.0871,23.888888889,25.555555556
1,0.654,0.225,0.385,0,0.218,23.888888889,25.555555556
0.783,0.635,0.202,0.304,0,0.131,23.888888889,25.555555556
0,0.565,0.0183,0.0493,0,0,23.888888889,25.555555556
0,0.565,0.0183,0.0493,0,0,23.888888889,25.555555556
0,0.565,0.0183,0.0493,0,0,23.888888889,25.555555556
0.467,0.621,0.21,0.189,0,0.0871,23.888888889,25.555555556
1,0.599,0.135,0.134,0,0.0435,23.888888889,25.555555556
1,0.565,0.0183,0.0493,0,0,23.888888889,25.555555556
1,0.565,0.0183,0.0493,0,0,23.888888889,25.555555556
1,0.665,0.347,0.257,0,0,22.222222222,25.555555556
1,0.764,0.783,0.559,0,0,21.388888889,21.388888889
1,0.719,0.82,0.7,0,0,21.388888889,21.388888889
1,0.656,0.65,0.683,0,0.522,21.388888889,21.388888889
1,0.599,0.325,0.382,0,0.064,21.388888889,21.388888889
1,0.565,0.0183,0.0493,0,0.106,21.388888889,21.388888889
1,0.565,0.0183,0.0493,0,0,21.388888889,21.388888889
1,0.565,0.0183,0.0493,0,0,21.388888889,21.388888889
1,0.565,0.0183,0.0493,0,0,21.388888889,21.388888889
1,0.565,0.0183,0.0493,0,0,22.222222222,22.222222222
1,0.565,0.0183,0.0493,0,0,23.888888889,25.555555556
1,0.565,0.0183,0.0493,0,0,23.888888889,25.555555556
1,0.565,0.0183,0.0493,0,0,23.888888889,25.555555556
1,0.625,0.101,0.302,0,0.167,23.888888889,25.555555556
1,0.654,0.179,0.397,0,0.385,23.888888889,25.555555556
0.533,0.612,0.118,0.232,0,0.0871,23.888888889,25.555555556
0.217,0.584,0.0727,0.117,0,0.0435,23.888888889,25.555555556
0.283,0.59,0.0895,0.138,0,0,23.888888889,25.555555556
0,0.565,0.0183,0.0493,0,0,23.888888889,25.555555556
0,0.565,0.0183,0.0493,0,0,23.888888889,25.555555556
0,0.565,0.0183,0.0493,0,0,23.888888889,25.555555556
0,0.565,0.0183,0.0493,0,0,23.888888889,25.555555556
0,0.565,0.0183,0.0493,0,0,23.888888889,25.555555556
0,0.565,0.0183,0.0493,0,0,23.888888889,25.555555556
0,0.565,0.0183,0.0493,0,0,22.222222222,25.555555556
0.967,0.757,0.759,0.544,0,0.261,21.388888889,21.388888889
1,0.719,0.82,0.7,0,0.393,21.388888889,21.388888889
1,0.629,0.427,0.436,0,0.0435,21.388888889,21.388888889
1,0.565,0.0183,0.0493,0,0,21.388888889,21.388888889
1,0.565,0.0181,0.0493,0,0,21.388888889,21.388888889
1,0.565,0.016,0.0493,0,0,21.388888889,21.388888889
1,0.565,0.016,0.0493,0,0,21.388888889,21.388888889
1,0.565,0.016,0.0493,0,0,21.388888889,21.388888889
1,0.565,0.016,0.0493,0,0,22.222222222,22.222222222
1,0.565,0.016,0.0493,0,0,23.888888889,25.555555556
1,0.565,0.016,0.0493,0,0,23.888888889,25.555555556
1,0.565,0.016,0.0493,0,0,23.888888889,30.555555556
1,0.565,0.016,0.0493,0,0,23.888888889,30.555555556
1,0.572,0.0252,0.0778,0,0.0435,23.888888889,30.555555556
0.75,0.632,0.101,0.305,0,0.0435,23.888888889,30.555555556
1,0.654,0.144,0.378,0,0,23.888888889,30.555555556
1,0.654,0.159,0.362,0,0.131,23.888888889,30.555555556
1,0.654,0.168,0.351,0,0.218,23.888888889,30.555555556
1,0.654,0.189,0.347,0,0.218,23.888888889,30.555555556
1,0.657,0.202,0.347,0,0.261,23.888888889,25.555555556
0.917,0.675,0.206,0.323,0,0,23.888888889,25.555555556
0,0.565,0.016,0.0493,0,0,23.888888889,25.555555556
0.583,0.691,0.216,0.236,0.233,0,23.888888889,25.555555556
1,0.793,0.476,0.411,0,0,22.222222222,25.555555556
1,0.776,0.657,0.505,0,0.0435,21.388888889,21.388888889
1,0.742,0.792,0.646,0,0.0435,21.388888889,21.388888889
1,0.675,0.693,0.714,0,0,21.388888889,21.388888889
1,0.565,0.016,0.0493,0,0,21.388888889,21.388888889
1,0.565,0.016,0.0493,0,0,21.388888889,21.388888889
1,0.565,0.016,0.0493,0,0,21.388888889,21.388888889
1,0.565,0.016,0.0493,0,0,21.388888889,21.388888889
1,0.565,0.016,0.0493,0,0,21.388888889,21.388888889
1,0.565,0.016,0.0493,0,0,22.222222222,22.222222222
1,0.565,0.016,0.0493,0,0,23.888888889,25.555555556
1,0.567,0.0199,0.0716,0,0.0435,23.888888889,25.555555556
1,0.596,0.0656,0.323,0,0.261,23.888888889,30.555555556
1,0.64,0.0893,0.4,0,0,23.888888889,30.555555556
1,0.654,0.109,0.401,0,0.0435,23.888888889,30.555555556
0.917,0.647,0.118,0.363,0,0.218,23.888888889,30.555555556
0,0.565,0.016,0.0493,0,0,23.888888889,30.555555556
0.583,0.617,0.0995,0.231,0,0,23.888888889,30.555555556
0.5,0.609,0.0931,0.2,0,0.0871,23.888888889,30.555555556
1,0.654,0.189,0.347,0,0.0871,23.888888889,30.555555556
1,0.657,0.202,0.347,0,0.0435,23.888888889,25.555555556
1,0.689,0.228,0.348,0,0,23.888888889,25.555555556
1,0.736,0.284,0.352,0,0.0435,23.888888889,25.555555556
1,0.78,0.352,0.367,0,0,23.888888889,25.555555556
1,0.793,0.476,0.411,0,0,22.222222222,25.555555556
0.417,0.654,0.278,0.234,0,0.0435,21.388888889,21.388888889
0.833,0.712,0.662,0.548,0,0.324,21.388888889,21.388888889
1,0.68,0.729,0.758,0,0,21.388888889,21.388888889
1,0.618,0.419,0.535,0,0,21.388888889,21.388888889
1,0.565,0.016,0.0493,0,0,21.388888889,21.388888889
1,0.565,0.016,0.0493,0,0,21.388888889,21.388888889
1,0.565,0.016,0.0493,0,0,21.388888889,21.388888889
1,0.565,0.016,0.0493,0,0,21.388888889,21.388888889
1,0.565,0.016,0.0493,0,0,22.222222222,22.222222222
1,0.565,0.016,0.0493,0,0,23.888888889,25.555555556
1,0.565,0.016,0.0493,0,0,23.888888889,25.555555556
1,0.565,0.016,0.0493,0,0,23.888888889,30.555555556
1,0.565,0.016,0.0493,0,0,23.888888889,30.555555556
1,0.572,0.0252,0.0778,0,0.091,23.888888889,30.555555556
1,0.654,0.128,0.39,0,0,23.888888889,30.555555556
1,0.654,0.144,0.378,0,0.0435,23.888888889,30.555555556
1,0.654,0.159,0.362,0,0.0871,23.888888889,30.555555556
1,0.654,0.168,0.351,0,0,23.888888889,30.555555556
1,0.654,0.189,0.347,0,0.0435,23.888888889,30.555555556
1,0.657,0.202,0.347,0,0.218,23.888888889,25.555555556
1,0.689,0.228,0.348,0,0.131,23.888888889,25.555555556
1,0.736,0.284,0.352,0,0.0435,23.888888889,25.555555556
1,0.78,0.352,0.367,0.0833,0,23.888888889,25.555555556
1,0.793,0.476,0.411,0.15,0,22.222222222,25.555555556
1,0.776,0.657,0.505,0,0,21.388888889,21.388888889
1,0.742,0.792,0.646,0,0,21.388888889,21.388888889
1,0.68,0.729,0.758,0,0.0871,21.388888889,21.388888889
1,0.619,0.434,0.552,0,0.325,21.388888889,21.388888889
1,0.57,0.0915,0.132,0,0,21.388888889,21.388888889
1,0.565,0.016,0.0493,0,0,21.388888889,21.388888889
1,0.565,0.016,0.0493,0,0,21.388888889,21.388888889
1,0.565,0.016,0.0493,0,0,21.388888889,21.388888889
1,0.565,0.016,0.0493,0,0,22.222222222,22.222222222
1,0.565,0.016,0.0493,0,0,23.888888889,25.555555556
1,0.565,0.016,0.0493,0,0,23.888888889,25.555555556
1,0.565,0.016,0.0493,0,0,23.888888889,30.555555556
1,0.572,0.0236,0.0787,0,0.0935,23.888888889,30.555555556
1,0.654,0.109,0.401,0,0.264,23.888888889,30.555555556
0.75,0.632,0.101,0.305,0,0.0871,23.888888889,30.555555556
1,0.654,0.144,0.378,0,0.122,23.888888889,30.555555556
1,0.654,0.159,0.362,0,0.486,23.888888889,30.555555556
0.417,0.602,0.0787,0.175,0,0.264,23.888888889,30.555555556
0,0.565,0.016,0.0493,0,0,23.888888889,30.555555556
0,0.565,0.016,0.0493,0,0,23.888888889,25.555555556
0.583,0.639,0.142,0.224,0,0.0435,23.888888889,25.555555556
1,0.736,0.284,0.352,0,0.0871,23.888888889,25.555555556
1,0.78,0.352,0.367,0,0.218,23.888888889,25.555555556
1,0.793,0.476,0.411,0,0.174,22.222222222,25.555555556
1,0.776,0.657,0.505,0,0,21.388888889,21.388888889
1,0.742,0.792,0.646,0,0,21.388888889,21.388888889
1,0.615,0.324,0.351,0,0,21.388888889,21.388888889
1,0.565,0.016,0.0493,0,0,21.388888889,21.388888889
1,0.565,0.016,0.0493,0,0,21.388888889,21.388888889
1,0.565,0.016,0.0493,0,0,21.388888889,21.388888889
1,0.565,0.016,0.0493,0,0,21.388888889,21.388888889
1,0.565,0.016,0.0493,0,0,21.388888889,21.388888889
1,0.565,0.016,0.0493,0,0,22.222222222,22.222222222
1,0.565,0.016,0.0493,0,0,23.888888889,25.555555556
1,0.565,0.016,0.0493,0,0,23.888888889,25.555555556
1,0.571,0.0219,0.0786,0,0.0905,23.888888889,30.555555556
1,0.64,0.0893,0.4,0,0,23.888888889,30.555555556
1,0.654,0.109,0.401,0,0,23.888888889,30.555555556
1,0.654,0.128,0.39,0,0.0435,23.888888889,30.555555556
1,0.654,0.144,0.378,0,0.174,23.888888889,30.555555556
1,0.654,0.159,0.362,0,0.0871,23.888888889,30.555555556
1,0.654,0.168,0.351,0,0.0871,23.888888889,30.555555556
1,0.654,0.189,0.347,0,0.174,23.888888889,30.555555556
1,0.657,0.202,0.347,0,0.0435,23.888888889,25.555555556
0.417,0.615,0.102,0.174,0,0,23.888888889,25.555555556
0,0.565,0.016,0.0493,0,0,23.888888889,25.555555556
0,0.565,0.016,0.0493,0,0,23.888888889,25.555555556
0,0.565,0.016,0.0493,0,0,22.222222222,25.555555556
0.0833,0.58,0.081,0.0981,0,0,21.388888889,21.388888889
1,0.732,0.731,0.586,0,0,21.388888889,21.388888889
1,0.565,0.016,0.0493,0,0,21.388888889,21.388888889
1,0.565,0.016,0.0493,0,0,21.388888889,21.388888889
1,0.565,0.0162,0.0493,0,0,21.388888889,21.388888889
1,0.565,0.0183,0.0493,0,0,21.388888889,21.388888889
1,0.565,0.0183,0.0493,0,0,21.388888889,21.388888889
1,0.565,0.0183,0.0493,0,0,21.388888889,21.388888889
1,0.565,0.0183,0.0493,0,0,22.222222222,22.222222222
1,0.565,0.0183,0.0493,0,0,23.888888889,25.555555556
1,0.565,0.0183,0.0493,0,0,23.888888889,25.555555556
1,0.565,0.0183,0.0493,0,0,23.888888889,25.555555556
1,0.565,0.0183,0.0493,0,0,23.888888889,25.555555556
1,0.606,0.106,0.209,0,0.211,23.888888889,25.555555556
0.5,0.609,0.131,0.215,0,0.433,23.888888889,25.555555556
1,0.654,0.257,0.371,0,0.396,23.888888889,25.555555556
0.283,0.59,0.0895,0.138,0,0.0435,23.888888889,25.555555556
0,0.565,0.0183,0.0493,0,0,23.888888889,25.555555556
0,0.565,0.0183,0.0493,0,0,23.888888889,25.555555556
0,0.565,0.0183,0.0493,0,0,23.888888889,25.555555556
0,0.565,0.0183,0.0493,0,0,23.888888889,25.555555556
0,0.565,0.0183,0.0493,0,0,23.888888889,25.555555556
0.717,0.565,0.0183,0.0493,0,0,23.888888889,25.555555556
1,0.565,0.0183,0.0493,0,0,22.222222222,25.555555556
1,0.565,0.0183,0.0493,0,0,21.388888889,21.388888889
1,0.565,0.0183,0.0493,0,0,21.388888889,21.388888889
1,0.565,0.0183,0.0493,0,0,21.388888889,21.388888889
1,0.565,0.0183,0.0493,0,0,21.388888889,21.388888889
1,0.565,0.0183,0.0493,0,0,21.388888889,21.388888889
1,0.565,0.0183,0.0493,0,0,21.388888889,21.388888889
1,0.565,0.0183,0.0493,0,0,21.388888889,21.388888889
1,0.565,0.0183,0.0493,0,0,21.388888889,21.388888889
1,0.565,0.0183,0.0493,0,0,22.222222222,22.222222222
1,0.565,0.0183,0.0493,0,0,23.888888889,25.555555556
1,0.565,0.0183,0.0493,0,0,23.888888889,25.555555556
1,0.599,0.0537,0.213,0.217,0,23.888888889,25.555555556
1,0.646,0.123,0.401,0.0167,0.0435,23.888888889,25.555555556
1,0.654,0.179,0.397,0,0,23.888888889,25.555555556
1,0.654,0.225,0.385,0,0.409,23.888888889,25.555555556
1,0.654,0.257,0.371,0,0.405,23.888888889,25.555555556
1,0.654,0.279,0.357,0,0.166,23.888888889,25.555555556
1,0.568,0.0273,0.0594,0,0,23.888888889,25.555555556
0.533,0.609,0.18,0.198,0,0,23.888888889,25.555555556
0,0.565,0.0183,0.0493,0,0,23.888888889,25.555555556
0.467,0.643,0.221,0.19,0,0.131,23.888888889,25.555555556
1,0.754,0.459,0.357,0,0.0435,23.888888889,25.555555556
1,0.786,0.506,0.382,0,0.373,23.888888889,25.555555556
1,0.787,0.631,0.445,0,0.0435,22.222222222,25.555555556
1,0.764,0.783,0.559,0,0,21.388888889,21.388888889
1,0.719,0.82,0.7,0,0.306,21.388888889,21.388888889
1,0.629,0.427,0.436,0,0.226,21.388888889,21.388888889
1,0.565,0.0183,0.0493,0,0.0888,21.388888889,21.388888889
1,0.565,0.0181,0.0493,0,0,21.388888889,21.388888889
1,0.565,0.016,0.0493,0,0,21.388888889,21.388888889
1,0.565,0.016,0.0493,0,0,21.388888889,21.388888889
1,0.565,0.016,0.0493,0,0,21.388888889,21.388888889
1,0.565,0.016,0.0493,0,0,22.222222222,22.222222222
1,0.565,0.016,0.0493,0,0,23.888888889,25.555555556
1,0.565,0.016,0.0493,0,0,23.888888889,25.555555556
1,0.571,0.0219,0.0786,0,0.0435,23.888888889,30.555555556
1,0.64,0.0893,0.4,0,0,23.888888889,30.555555556
1,0.654,0.109,0.401,0,0.0435,23.888888889,30.555555556
1,0.654,0.128,0.39,0,0.174,23.888888889,30.555555556
1,0.654,0.144,0.378,0,0,23.888888889,30.555555556
1,0.654,0.159,0.362,0,0.129,23.888888889,30.555555556
0.917,0.647,0.154,0.326,0,0.202,23.888888889,30.555555556
0,0.565,0.016,0.0493,0,0,23.888888889,30.555555556
0.333,0.597,0.0792,0.149,0,0,23.888888889,25.555555556
1,0.689,0.228,0.348,0,0.261,23.888888889,25.555555556
1,0.736,0.284,0.352,0,0,23.888888889,25.555555556
1,0.78,0.352,0.367,0,0,23.888888889,25.555555556
1,0.793,0.476,0.411,0,0.0435,22.222222222,25.555555556
1,0.776,0.657,0.505,0,0.131,21.388888889,21.388888889
1,0.732,0.731,0.586,0,0,21.388888889,21.388888889
1,0.565,0.016,0.0493,0,0,21.388888889,21.388888889
1,0.565,0.016,0.0493,0,0,21.388888889,21.388888889
1,0.565,0.016,0.0493,0,0,21.388888889,21.388888889
1,0.565,0.016,0.0493,0,0,21.388888889,21.388888889
1,0.565,0.016,0.0493,0,0,21.388888889,21.388888889
1,0.565,0.016,0.0493,0,0,21.388888889,21.388888889
1,0.565,0.016,0.0493,0,0,22.222222222,22.222222222
1,0.565,0.016,0.0493,0,0,23.888888889,25.555555556
1,0.565,0.016,0.0493,0,0,23.888888889,25.555555556
1,0.565,0.016,0.0493,0,0,23.888888889,30.555555556
1,0.572,0.0236,0.0787,0,0,23.888888889,30.555555556
1,0.654,0.109,0.401,0,0,23.888888889,30.555555556
1,0.654,0.128,0.39,0,0.131,23.888888889,30.555555556
0.917,0.647,0.132,0.352,0,0.0435,23.888888889,30.555555556
0.583,0.617,0.0995,0.231,0,0.0435,23.888888889,30.555555556
1,0.654,0.168,0.351,0,0.218,23.888888889,30.555555556
1,0.654,0.189,0.347,0,0.0871,23.888888889,30.555555556
1,0.657,0.202,0.347,0,0,23.888888889,25.555555556
1,0.689,0.228,0.348,0,0.261,23.888888889,25.555555556
0.667,0.676,0.191,0.25,0,0,23.888888889,25.555555556
0,0.565,0.016,0.0493,0,0,23.888888889,25.555555556
0.0833,0.583,0.0684,0.0863,0,0.0871,22.222222222,25.555555556
1,0.776,0.657,0.505,0,0,21.388888889,21.388888889
1,0.742,0.792,0.646,0,0.0435,21.388888889,21.388888889
1,0.615,0.324,0.351,0,0,21.388888889,21.388888889
1,0.565,0.016,0.0493,0,0,21.388888889,21.388888889
1,0.565,0.016,0.0493,0,0,21.388888889,21.388888889
1,0.565,0.016,0.0493,0,0,21.388888889,21.388888889
1,0.565,0.016,0.0493,0,0,21.388888889,21.388888889
1,0.565,0.016,0.0493,0,0,21.388888889,21.388888889
1,0.565,0.016,0.0493,0,0,22.222222222,22.222222222
1,0.565,0.016,0.0493,0,0,23.888888889,25.555555556
1,0.565,0.016,0.0493,0,0,23.888888889,25.555555556
1,0.565,0.016,0.0493,0,0,23.888888889,30.555555556
1,0.565,0.016,0.0493,0,0,23.888888889,30.555555556
1,0.565,0.016,0.0493,0,0,23.888888889,30.555555556
1,0.565,0.016,0.0493,0,0,23.888888889,30.555555556
1,0.617,0.0911,0.24,0,0,23.888888889,30.555555556
1,0.654,0.159,0.362,0,0,23.888888889,30.555555556
0.417,0.602,0.0787,0.175,0,0.131,23.888888889,30.555555556
0.0833,0.572,0.0313,0.0741,0,0,23.888888889,30.555555556
1,0.657,0.202,0.347,0,0.348,23.888888889,25.555555556
1,0.689,0.228,0.348,0,0.131,23.888888889,25.555555556
1,0.736,0.284,0.352,0,0,23.888888889,25.555555556
1,0.78,0.352,0.367,0,0.0871,23.888888889,25.555555556
1,0.793,0.476,0.411,0,0.174,22.222222222,25.555555556
1,0.776,0.657,0.505,0,0,21.388888889,21.388888889
1,0.742,0.792,0.646,0,0,21.388888889,21.388888889
1,0.68,0.729,0.758,0,0,21.388888889,21.388888889
1,0.619,0.434,0.552,0,0,21.388888889,21.388888889
1,0.575,0.188,0.238,0,0,21.388888889,21.388888889
1,0.561,0.0757,0.117,0,0,21.388888889,21.388888889
1,0.565,0.016,0.0493,0,0,21.388888889,21.388888889
1,0.565,0.016,0.0493,0,0,21.388888889,21.388888889
1,0.562,0.0155,0.0493,0,0,22.222222222,22.222222222
1,0.565,0.016,0.0493,0,0,23.888888889,25.555555556
1,0.565,0.016,0.0493,0,0,23.888888889,25.555555556
1,0.565,0.016,0.0493,0,0,23.888888889,30.555555556
1,0.565,0.016,0.0493,0,0,23.888888889,30.555555556
1,0.565,0.016,0.0493,0,0,23.888888889,30.555555556
1,0.617,0.0821,0.248,0,0,23.888888889,30.555555556
1,0.654,0.144,0.378,0,0.0435,23.888888889,30.555555556
1,0.654,0.159,0.362,0,0,23.888888889,30.555555556
1,0.654,0.168,0.351,0,0.131,23.888888889,30.555555556
1,0.654,0.189,0.347,0,0.0435,23.888888889,30.555555556
1,0.657,0.202,0.347,0,0.174,23.888888889,25.555555556
1,0.689,0.228,0.348,0.233,0.0435,23.888888889,25.555555556
1,0.736,0.284,0.352,0,0,23.888888889,25.555555556
1,0.78,0.352,0.367,0,0.218,23.888888889,25.555555556
1,0.793,0.476,0.411,0,0.282,22.222222222,25.555555556
1,0.776,0.657,0.505,0,0,21.388888889,21.388888889
1,0.742,0.792,0.646,0,0.0845,21.388888889,21.388888889
1,0.68,0.729,0.758,0,0.272,21.388888889,21.388888889
1,0.618,0.419,0.535,0,0,21.388888889,21.388888889
1,0.565,0.016,0.0493,0,0,21.388888889,21.388888889
1,0.565,0.016,0.0493,0,0,21.388888889,21.388888889
1,0.565,0.016,0.0493,0,0,21.388888889,21.388888889
1,0.565,0.016,0.0493,0,0,21.388888889,21.388888889
1,0.565,0.016,0.0493,0,0,22.222222222,22.222222222
1,0.565,0.016,0.0493,0,0,23.888888889,25.555555556
1,0.565,0.016,0.0493,0,0,23.888888889,25.555555556
1,0.565,0.016,0.0493,0,0,23.888888889,30.555555556
1,0.591,0.0415,0.166,0,0,23.888888889,30.555555556
1,0.654,0.109,0.401,0,0,23.888888889,30.555555556
1,0.654,0.128,0.39,0,0.0435,23.888888889,30.555555556
1,0.654,0.144,0.378,0,0.218,23.888888889,30.555555556
1,0.654,0.159,0.362,0,0.0435,23.888888889,30.555555556
0.167,0.58,0.0411,0.0996,0,0,23.888888889,30.555555556
0,0.565,0.016,0.0493,0,0,23.888888889,30.555555556
0.583,0.62,0.125,0.223,0,0.131,23.888888889,25.555555556
1,0.689,0.228,0.348,0,0.348,23.888888889,25.555555556
0.917,0.718,0.257,0.326,0,0,23.888888889,25.555555556
0,0.565,0.016,0.0493,0,0,23.888888889,25.555555556
0,0.565,0.016,0.0493,0,0,22.222222222,25.555555556
0.833,0.741,0.552,0.431,0,0.0435,21.388888889,21.388888889
1,0.742,0.792,0.646,0,0.131,21.388888889,21.388888889
1,0.68,0.729,0.758,0,0.0476,21.388888889,21.388888889
1,0.618,0.419,0.535,0,0.104,21.388888889,21.388888889
1,0.565,0.0162,0.0493,0,0.0694,21.388888889,21.388888889
1,0.565,0.0183,0.0493,0,0,21.388888889,21.388888889
1,0.565,0.0183,0.0493,0,0,21.388888889,21.388888889
1,0.565,0.0183,0.0493,0,0,21.388888889,21.388888889
1,0.565,0.0183,0.0493,0,0,22.222222222,22.222222222
1,0.565,0.0183,0.0493,0,0,23.888888889,25.555555556
1,0.577,0.0343,0.174,0,0.187,23.888888889,25.555555556
0.0333,0.566,0.0194,0.0582,0,0,23.888888889,25.555555556
0,0.565,0.0183,0.0493,0,0,23.888888889,25.555555556
0,0.565,0.0183,0.0493,0,0,23.888888889,25.555555556
0,0.565,0.0183,0.0493,0,0,23.888888889,25.555555556
0,0.565,0.0183,0.0493,0,0,23.888888889,25.555555556
0.25,0.587,0.0811,0.128,0,0.0435,23.888888889,25.555555556
0,0.565,0.0183,0.0493,0,0,23.888888889,25.555555556
0,0.565,0.0183,0.0493,0,0,23.888888889,25.555555556
0,0.565,0.0183,0.0493,0,0,23.888888889,25.555555556
0,0.565,0.0183,0.0493,0,0,23.888888889,25.555555556
0,0.565,0.0183,0.0493,0,0,23.888888889,25.555555556
0.217,0.614,0.134,0.126,0,0,23.888888889,25.555555556
1,0.787,0.631,0.445,0,0.0871,22.222222222,25.555555556
1,0.764,0.783,0.559,0,0.261,21.388888889,21.388888889
1,0.719,0.82,0.7,0,0.0871,21.388888889,21.388888889
1,0.629,0.427,0.436,0,0.0435,21.388888889,21.388888889
1,0.565,0.0183,0.0493,0,0,21.388888889,21.388888889
1,0.565,0.0183,0.0493,0,0,21.388888889,21.388888889
1,0.565,0.0183,0.0493,0,0,21.388888889,21.388888889
1,0.565,0.0183,0.0493,0,0,21.388888889,21.388888889
1,0.565,0.0183,0.0493,0,0,21.388888889,21.388888889
1,0.565,0.0183,0.0493,0,0,22.222222222,22.222222222
1,0.565,0.0183,0.0493,0,0,23.888888889,25.555555556
1,0.565,0.0183,0.0493,0,0,23.888888889,25.555555556
1,0.565,0.0183,0.0493,0,0,23.888888889,25.555555556
1,0.565,0.0183,0.0493,0,0,23.888888889,25.555555556
1,0.651,0.175,0.385,0,0.611,23.888888889,25.555555556
1,0.654,0.225,0.385,0,0.263,23.888888889,25.555555556
1,0.654,0.257,0.371,0,0.172,23.888888889,25.555555556
1,0.654,0.279,0.357,0,0.691,23.888888889,25.555555556
1,0.654,0.314,0.349,0,0.115,23.888888889,25.555555556
1,0.654,0.365,0.347,0,0,23.888888889,25.555555556
1,0.669,0.409,0.347,0,0.0871,23.888888889,25.555555556
1,0.707,0.44,0.349,0,0.131,23.888888889,25.555555556
1,0.754,0.459,0.357,0,0.0871,23.888888889,25.555555556
1,0.786,0.506,0.382,0,0.0435,23.888888889,25.555555556
1,0.787,0.631,0.445,0,0,22.222222222,25.555555556
1,0.764,0.783,0.559,0,0,21.388888889,21.388888889
1,0.719,0.82,0.7,0,0,21.388888889,21.388888889
1,0.656,0.65,0.683,0,0.09,21.388888889,21.388888889
1,0.601,0.37,0.425,0,0.214,21.388888889,21.388888889
1,0.571,0.134,0.162,0,0.089,21.388888889,21.388888889
1,0.563,0.0431,0.0801,0,0.125,21.388888889,21.388888889
1,0.565,0.016,0.0493,0,0,21.388888889,21.388888889
1,0.565,0.016,0.0493,0,0,21.388888889,21.388888889
1,0.565,0.016,0.0493,0,0,22.222222222,22.222222222
1,0.565,0.016,0.0493,0,0,23.888888889,25.555555556
1,0.565,0.016,0.0493,0,0,23.888888889,25.555555556
1,0.584,0.0458,0.212,0,0,23.888888889,30.555555556
1,0.64,0.0893,0.4,0,0.0435,23.888888889,30.555555556
1,0.654,0.109,0.401,0,0,23.888888889,30.555555556
1,0.654,0.128,0.39,0.233,0.0871,23.888888889,30.555555556
1,0.654,0.144,0.378,0,0,23.888888889,30.555555556
1,0.654,0.159,0.362,0,0,23.888888889,30.555555556
1,0.654,0.168,0.351,0,0.174,23.888888889,30.555555556
1,0.654,0.189,0.347,0,0.174,23.888888889,30.555555556
1,0.657,0.202,0.347,0,0.283,23.888888889,25.555555556
0.167,0.585,0.0506,0.099,0,0.0547,23.888888889,25.555555556
0.583,0.666,0.174,0.226,0,0.0871,23.888888889,25.555555556
1,0.78,0.352,0.367,0,0.0871,23.888888889,25.555555556
1,0.793,0.476,0.411,0,0.0871,22.222222222,25.555555556
1,0.776,0.657,0.505,0,0.0435,21.388888889,21.388888889
1,0.742,0.792,0.646,0,0,21.388888889,21.388888889
1,0.68,0.729,0.758,0,0,21.388888889,21.388888889
1,0.619,0.434,0.552,0,0,21.388888889,21.388888889
1,0.575,0.188,0.238,0.0833,0,21.388888889,21.388888889
1,0.561,0.0777,0.119,1,0,21.388888889,21.388888889
1,0.561,0.0375,0.0719,0.117,0,21.388888889,21.388888889
1,0.565,0.016,0.0493,0,0,21.388888889,21.388888889
1,0.565,0.016,0.0493,0,0,22.222222222,22.222222222
1,0.565,0.016,0.0493,0,0,23.888888889,25.555555556
1,0.565,0.016,0.0493,0,0,23.888888889,25.555555556
1,0.565,0.016,0.0493,0,0,23.888888889,30.555555556
1,0.565,0.016,0.0493,0,0,23.888888889,30.555555556
1,0.572,0.0252,0.0778,0,0,23.888888889,30.555555556
1,0.654,0.128,0.39,0,0.0435,23.888888889,30.555555556
1,0.654,0.144,0.378,0,0.174,23.888888889,30.555555556
1,0.654,0.159,0.362,0,0,23.888888889,30.555555556
1,0.654,0.168,0.351,0,0,23.888888889,30.555555556
1,0.654,0.189,0.347,0,0,23.888888889,30.555555556
1,0.657,0.202,0.347,0,0.0435,23.888888889,25.555555556
1,0.689,0.228,0.348,0,0.218,23.888888889,25.555555556
1,0.736,0.284,0.352,0,0.218,23.888888889,25.555555556
1,0.78,0.352,0.367,0.233,0.0871,23.888888889,25.555555556
1,0.793,0.476,0.411,0,0.131,22.222222222,25.555555556
1,0.776,0.657,0.505,0,0,21.388888889,21.388888889
1,0.742,0.792,0.646,0,0,21.388888889,21.388888889
1,0.68,0.729,0.758,0,0,21.388888889,21.388888889
1,0.619,0.434,0.552,0,0,21.388888889,21.388888889
1,0.575,0.188,0.238,0,0,21.388888889,21.388888889
1,0.561,0.0757,0.117,0,0,21.388888889,21.388888889
1,0.565,0.016,0.0493,0,0,21.388888889,21.388888889
1,0.565,0.016,0.0493,0,0,21.388888889,21.388888889
1,0.565,0.016,0.0493,0,0,22.222222222,22.222222222
1,0.565,0.016,0.0493,0,0,23.888888889,25.555555556
1,0.565,0.016,0.0493,0,0,23.888888889,25.555555556
1,0.571,0.0219,0.0786,0.0833,0,23.888888889,30.555555556
1,0.64,0.0893,0.4,0.15,0,23.888888889,30.555555556
1,0.654,0.109,0.401,0,0,23.888888889,30.555555556
1,0.654,0.128,0.39,0,0.0435,23.888888889,30.555555556
1,0.654,0.144,0.378,0,0.0871,23.888888889,30.555555556
1,0.654,0.159,0.362,0,0.0435,23.888888889,30.555555556
1,0.654,0.168,0.351,0,0.0871,23.888888889,30.555555556
1,0.654,0.189,0.347,0,0.0871,23.888888889,30.555555556
1,0.657,0.202,0.347,0,0.174,23.888888889,25.555555556
0.917,0.675,0.206,0.323,0,0.0435,23.888888889,25.555555556
0.0833,0.583,0.0431,0.0755,0.0833,0.0871,23.888888889,25.555555556
1,0.78,0.352,0.367,0.15,0.0435,23.888888889,25.555555556
1,0.793,0.476,0.411,0,0.0435,22.222222222,25.555555556
1,0.776,0.657,0.505,0,0,21.388888889,21.388888889
1,0.742,0.792,0.646,0,0,21.388888889,21.388888889
1,0.615,0.324,0.351,0,0,21.388888889,21.388888889
1,0.565,0.016,0.0493,0,0,21.388888889,21.388888889
1,0.565,0.016,0.0493,0,0,21.388888889,21.388888889
1,0.565,0.016,0.0493,0,0,21.388888889,21.388888889
1,0.565,0.016,0.0493,0,0,21.388888889,21.388888889
1,0.565,0.016,0.0493,0,0,21.388888889,21.388888889
1,0.565,0.016,0.0493,0,0,22.222222222,22.222222222
1,0.565,0.016,0.0493,0,0,23.888888889,25.555555556
1,0.565,0.016,0.0493,0,0,23.888888889,25.555555556
1,0.565,0.016,0.0493,0,0,23.888888889,30.555555556
1,0.565,0.016,0.0493,0,0,23.888888889,30.555555556
1,0.565,0.016,0.0493,0,0,23.888888889,30.555555556
1,0.617,0.0821,0.248,0,0,23.888888889,30.555555556
1,0.654,0.144,0.378,0,0.0871,23.888888889,30.555555556
1,0.632,0.123,0.283,0,0,23.888888889,30.555555556
0.417,0.602,0.0787,0.175,0,0,23.888888889,30.555555556
0,0.565,0.016,0.0493,0,0,23.888888889,30.555555556
0,0.565,0.016,0.0493,0,0,23.888888889,25.555555556
0.833,0.669,0.194,0.298,0,0.348,23.888888889,25.555555556
1,0.736,0.284,0.352,0,0.0435,23.888888889,25.555555556
1,0.78,0.352,0.367,0,0.218,23.888888889,25.555555556
1,0.793,0.476,0.411,0,0.0435,22.222222222,25.555555556
1,0.776,0.657,0.505,0,0,21.388888889,21.388888889
1,0.732,0.731,0.586,0,0,21.388888889,21.388888889
1,0.565,0.016,0.0493,0,0,21.388888889,21.388888889
1,0.565,0.016,0.0493,0,0,21.388888889,21.388888889
1,0.565,0.016,0.0493,0,0,21.388888889,21.388888889
1,0.565,0.016,0.0493,0,0,21.388888889,21.388888889
1,0.565,0.016,0.0493,0,0,21.388888889,21.388888889
1,0.565,0.016,0.0493,0,0,21.388888889,21.388888889
1,0.565,0.016,0.0493,0,0,22.222222222,22.222222222
1,0.565,0.016,0.0493,0,0,23.888888889,25.555555556
1,0.565,0.016,0.0493,0,0,23.888888889,25.555555556
1,0.565,0.016,0.0493,0,0,23.888888889,30.555555556
1,0.565,0.016,0.0493,0,0,23.888888889,30.555555556
1,0.565,0.016,0.0493,0,0,23.888888889,30.555555556
1,0.572,0.0265,0.0768,0,0.0869,23.888888889,30.555555556
0.917,0.647,0.132,0.352,0,0.137,23.888888889,30.555555556
0.583,0.617,0.0995,0.231,0.233,0.234,23.888888889,30.555555556
1,0.654,0.168,0.351,0,0.104,23.888888889,30.555555556
1,0.654,0.189,0.347,0,0.131,23.888888889,30.555555556
1,0.657,0.202,0.347,0,0.218,23.888888889,25.555555556
1,0.689,0.228,0.348,0,0.131,23.888888889,25.555555556
1,0.736,0.284,0.352,0,0.305,23.888888889,25.555555556
1,0.78,0.352,0.367,0,0.174,23.888888889,25.555555556
1,0.793,0.476,0.411,0,0,22.222222222,25.555555556
1,0.776,0.657,0.505,0.233,0.0435,21.388888889,21.388888889
1,0.742,0.792,0.646,0,0,21.388888889,21.388888889
1,0.615,0.324,0.351,0,0,21.388888889,21.388888889
1,0.565,0.016,0.0493,0,0,21.388888889,21.388888889
1,0.565,0.0162,0.0493,0,0,21.388888889,21.388888889
1,0.565,0.0183,0.0493,0,0,21.388888889,21.388888889
1,0.565,0.0183,0.0493,0,0,21.388888889,21.388888889
1,0.565,0.0183,0.0493,0,0,21.388888889,21.388888889
1,0.565,0.0183,0.0493,0,0,22.222222222,22.222222222
1,0.565,0.0183,0.0493,0,0,23.888888889,25.555555556
1,0.565,0.0183,0.0493,0,0,23.888888889,25.555555556
1,0.565,0.0183,0.0493,0,0,23.888888889,25.555555556
1,0.643,0.12,0.389,0,0.45,23.888888889,25.555555556
0.533,0.612,0.0915,0.238,0,0.0435,23.888888889,25.555555556
0,0.565,0.0183,0.0493,0,0,23.888888889,25.555555556
0,0.565,0.0183,0.0493,0,0,23.888888889,25.555555556
0,0.565,0.0183,0.0493,0,0,23.888888889,25.555555556
0,0.565,0.0183,0.0493,0,0,23.888888889,25.555555556
0,0.565,0.0183,0.0493,0,0,23.888888889,25.555555556
0.717,0.587,0.111,0.124,0,0,23.888888889,25.555555556
1,0.703,0.426,0.339,0,0.218,23.888888889,25.555555556
1,0.754,0.459,0.357,0,0,23.888888889,25.555555556
1,0.786,0.506,0.382,0,0.0871,23.888888889,25.555555556
1,0.787,0.631,0.445,0.233,0.0435,22.222222222,25.555555556
1,0.764,0.783,0.559,0,0.0871,21.388888889,21.388888889
1,0.719,0.82,0.7,0,0.0435,21.388888889,21.388888889
1,0.629,0.427,0.436,0,0,21.388888889,21.388888889
1,0.565,0.0183,0.0493,0,0,21.388888889,21.388888889
1,0.565,0.0183,0.0493,0,0,21.388888889,21.388888889
1,0.565,0.0183,0.0493,0,0,21.388888889,21.388888889
1,0.565,0.0183,0.0493,0,0,21.388888889,21.388888889
1,0.565,0.0183,0.0493,0,0,21.388888889,21.388888889
0.533,0.565,0.0183,0.0493,0,0,22.222222222,22.222222222
0.967,0.565,0.0183,0.0493,0,0,23.888888889,25.555555556
1,0.565,0.0183,0.0493,0,0,23.888888889,25.555555556
1,0.599,0.0537,0.213,0,0.358,23.888888889,25.555555556
0.533,0.604,0.0588,0.236,0,0.0435,23.888888889,25.555555556
0,0.565,0.0183,0.0493,0,0,23.888888889,25.555555556
0,0.565,0.0183,0.0493,0,0,23.888888889,25.555555556
0,0.565,0.0183,0.0493,0,0,23.888888889,25.555555556
0.5,0.609,0.149,0.203,0,0.0435,23.888888889,25.555555556
0,0.565,0.0183,0.0493,0,0,23.888888889,25.555555556
0,0.565,0.0183,0.0493,0,0,23.888888889,25.555555556
0,0.565,0.0183,0.0493,0,0,23.888888889,25.555555556
0,0.565,0.0183,0.0493,0,0,23.888888889,25.555555556
0,0.565,0.0183,0.0493,0,0,23.888888889,25.555555556
0.967,0.779,0.491,0.372,0,0.131,23.888888889,25.555555556
1,0.787,0.631,0.445,0,0.218,22.222222222,25.555555556
1,0.764,0.783,0.559,0,0,21.388888889,21.388888889
1,0.719,0.82,0.7,0,0.0435,21.388888889,21.388888889
1,0.656,0.65,0.683,0,0.0435,21.388888889,21.388888889
1,0.581,0.153,0.199,0,0.15,21.388888889,21.388888889
1,0.565,0.0181,0.0493,0,0,21.388888889,21.388888889
1,0.565,0.016,0.0493,0,0,21.388888889,21.388888889
1,0.565,0.016,0.0493,0,0,21.388888889,21.388888889
1,0.565,0.016,0.0493,0,0,21.388888889,21.388888889
1,0.565,0.016,0.0493,0,0,22.222222222,22.222222222
1,0.565,0.016,0.0493,0,0,23.888888889,25.555555556
1,0.565,0.016,0.0493,0,0,23.888888889,25.555555556
1,0.565,0.016,0.0493,0,0,23.888888889,30.555555556
1,0.565,0.016,0.0493,0,0,23.888888889,30.555555556
1,0.617,0.071,0.254,0,0,23.888888889,30.555555556
1,0.654,0.128,0.39,0,0.218,23.888888889,30.555555556
1,0.654,0.144,0.378,0,0.174,23.888888889,30.555555556
1,0.654,0.159,0.362,0,0,23.888888889,30.555555556
1,0.654,0.168,0.351,0,0.0435,23.888888889,30.555555556
1,0.654,0.189,0.347,0,0.149,23.888888889,30.555555556
1,0.657,0.202,0.347,0,0.269,23.888888889,25.555555556
1,0.689,0.228,0.348,0,0.0871,23.888888889,25.555555556
1,0.736,0.284,0.352,0,0.174,23.888888889,25.555555556
1,0.78,0.352,0.367,0,0,23.888888889,25.555555556
1,0.793,0.476,0.411,0,0,22.222222222,25.555555556
1,0.776,0.657,0.505,0,0,21.388888889,21.388888889
1,0.742,0.792,0.646,0,0,21.388888889,21.388888889
1,0.68,0.729,0.758,0,0,21.388888889,21.388888889
1,0.619,0.434,0.552,0,0,21.388888889,21.388888889
1,0.575,0.182,0.232,0,0,21.388888889,21.388888889
1,0.565,0.016,0.0493,0,0,21.388888889,21.388888889
1,0.565,0.016,0.0493,0,0,21.388888889,21.388888889
1,0.565,0.016,0.0493,0,0,21.388888889,21.388888889
1,0.565,0.016,0.0493,0,0,22.222222222,22.222222222
1,0.565,0.016,0.0493,0,0,23.888888889,25.555555556
1,0.567,0.0199,0.0716,0.0833,0,23.888888889,25.555555556
1,0.596,0.0656,0.323,0.15,0,23.888888889,30.555555556
1,0.64,0.0893,0.4,0,0.0435,23.888888889,30.555555556
1,0.654,0.109,0.401,0,0,23.888888889,30.555555556
1,0.654,0.128,0.39,0,0.0435,23.888888889,30.555555556
1,0.654,0.144,0.378,0,0.0871,23.888888889,30.555555556
1,0.654,0.159,0.362,0,0.0435,23.888888889,30.555555556
1,0.654,0.168,0.351,0,0.0435,23.888888889,30.555555556
1,0.654,0.189,0.347,0,0.261,23.888888889,30.555555556
1,0.657,0.202,0.347,0,0.0435,23.888888889,25.555555556
1,0.689,0.228,0.348,0,0,23.888888889,25.555555556
1,0.736,0.284,0.352,0,0,23.888888889,25.555555556
1,0.6,0.0703,0.102,0,0,23.888888889,25.555555556
1,0.64,0.179,0.175,0,0.0871,22.222222222,25.555555556
1,0.776,0.657,0.505,0,0,21.388888889,21.388888889
1,0.742,0.792,0.646,0,0,21.388888889,21.388888889
1,0.68,0.729,0.758,0,0,21.388888889,21.388888889
1,0.589,0.199,0.27,0,0,21.388888889,21.388888889
1,0.565,0.016,0.0493,0,0,21.388888889,21.388888889
1,0.565,0.016,0.0493,0,0,21.388888889,21.388888889
1,0.565,0.016,0.0493,0,0,21.388888889,21.388888889
1,0.565,0.016,0.0493,0,0,21.388888889,21.388888889
1,0.565,0.016,0.0493,0,0,22.222222222,22.222222222
1,0.565,0.016,0.0493,0,0,23.888888889,25.555555556
1,0.565,0.016,0.0493,0,0,23.888888889,25.555555556
1,0.565,0.016,0.0493,0,0,23.888888889,30.555555556
1,0.572,0.0236,0.0787,0,0,23.888888889,30.555555556
1,0.654,0.109,0.401,0,0.0435,23.888888889,30.555555556
1,0.654,0.128,0.39,0,0.0435,23.888888889,30.555555556
0.667,0.624,0.1,0.269,0,0,23.888888889,30.555555556
0.833,0.639,0.135,0.309,0,0.0435,23.888888889,30.555555556
1,0.654,0.168,0.351,0,0.0871,23.888888889,30.555555556
1,0.654,0.189,0.347,0,0.131,23.888888889,30.555555556
1,0.657,0.202,0.347,0,0.131,23.888888889,25.555555556
1,0.689,0.228,0.348,0,0.305,23.888888889,25.555555556
1,0.736,0.284,0.352,0,0,23.888888889,25.555555556
0.167,0.6,0.0703,0.102,0,0,23.888888889,25.555555556
0.833,0.755,0.402,0.352,0.233,0,22.222222222,25.555555556
1,0.776,0.657,0.505,0,0,21.388888889,21.388888889
1,0.742,0.792,0.646,0,0,21.388888889,21.388888889
1,0.675,0.693,0.714,0,0,21.388888889,21.388888889
1,0.565,0.016,0.0493,0,0,21.388888889,21.388888889
1,0.565,0.016,0.0493,0,0,21.388888889,21.388888889
1,0.565,0.016,0.0493,0,0,21.388888889,21.388888889
1,0.565,0.016,0.0493,0,0,21.388888889,21.388888889
1,0.565,0.016,0.0493,0,0,21.388888889,21.388888889
1,0.565,0.016,0.0493,0,0,22.222222222,22.222222222
1,0.565,0.016,0.0493,0,0,23.888888889,25.555555556
1,0.565,0.016,0.0493,0,0,23.888888889,25.555555556
0.667,0.571,0.0279,0.116,0,0,23.888888889,30.555555556
0.333,0.591,0.0415,0.166,0,0,23.888888889,30.555555556
1,0.654,0.109,0.401,0,0,23.888888889,30.555555556
1,0.654,0.128,0.39,0,0.0871,23.888888889,30.555555556
1,0.654,0.144,0.378,0,0,23.888888889,30.555555556
1,0.654,0.159,0.362,0,0,23.888888889,30.555555556
1,0.654,0.168,0.351,0,0,23.888888889,30.555555556
1,0.654,0.189,0.347,0,0.174,23.888888889,30.555555556
1,0.657,0.202,0.347,0,0.305,23.888888889,25.555555556
1,0.689,0.228,0.348,0,0.0435,23.888888889,25.555555556
1,0.736,0.284,0.352,0,0.0435,23.888888889,25.555555556
1,0.78,0.352,0.367,0,0,23.888888889,25.555555556
1,0.793,0.476,0.411,0,0.131,22.222222222,25.555555556
1,0.776,0.657,0.505,0,0,21.388888889,21.388888889
1,0.742,0.792,0.646,0,0,21.388888889,21.388888889
1,0.68,0.729,0.758,0,0,21.388888889,21.388888889
1,0.619,0.434,0.552,0,0,21.388888889,21.388888889
1,0.575,0.182,0.232,0,0,21.388888889,21.388888889
1,0.565,0.016,0.0493,0,0,21.388888889,21.388888889
1,0.565,0.016,0.0493,0,0,21.388888889,21.388888889
1,0.565,0.016,0.0493,0,0,21.388888889,21.388888889
1,0.557,0.0167,0.0494,0,0.0889,22.222222222,22.222222222
1,0.467,0.0262,0.0576,0,0.481,23.888888889,25.555555556
1,0.469,0.0429,0.146,0,0.253,23.888888889,25.555555556
1,0.496,0.0678,0.314,0,0.253,23.888888889,30.555555556
1,0.533,0.0923,0.388,0,0.0794,23.888888889,30.555555556
1,0.545,0.113,0.384,0,0.0435,23.888888889,30.555555556
1,0.545,0.133,0.368,0,0.218,23.888888889,30.555555556
1,0.545,0.149,0.356,0,0.0871,23.888888889,30.555555556
1,0.545,0.164,0.34,0,0.0435,23.888888889,30.555555556
1,0.545,0.174,0.33,0.233,0,23.888888889,30.555555556
1,0.545,0.196,0.326,0,0.0435,23.888888889,30.555555556
1,0.547,0.208,0.326,0,0,23.888888889,25.555555556
1,0.574,0.236,0.327,0.0833,0,23.888888889,25.555555556
1,0.613,0.293,0.33,0.15,0,23.888888889,25.555555556
1,0.65,0.364,0.343,0,0.0435,23.888888889,25.555555556
1,0.636,0.377,0.298,0,0,22.222222222,25.555555556
1,0.646,0.679,0.456,0,0,21.388888889,21.388888889
1,0.618,0.819,0.578,0,0,21.388888889,21.388888889
1,0.57,0.716,0.647,0,0,21.388888889,21.388888889
1,0.565,0.016,0.0493,0,0,21.388888889,21.388888889
1,0.565,0.0162,0.0493,0,0,21.388888889,21.388888889
1,0.565,0.0183,0.0493,0,0,21.388888889,21.388888889
1,0.565,0.0183,0.0493,0,0,21.388888889,21.388888889
1,0.565,0.0183,0.0493,0,0,21.388888889,21.388888889
1,0.565,0.0183,0.0493,0,0,22.222222222,22.222222222
1,0.565,0.0183,0.0493,0,0,23.888888889,25.555555556
1,0.565,0.0183,0.0493,0,0,23.888888889,25.555555556
1,0.565,0.0183,0.0493,0,0,23.888888889,25.555555556
1,0.565,0.0183,0.0493,0,0,23.888888889,25.555555556
1,0.563,0.0345,0.076,0,0,23.888888889,25.555555556
1,0.545,0.216,0.368,0,0.0871,23.888888889,25.555555556
0.417,0.556,0.116,0.178,0,0,23.888888889,25.555555556
0,0.565,0.0183,0.0493,0,0,23.888888889,25.555555556
0,0.565,0.0183,0.0493,0,0,23.888888889,25.555555556
0.0833,0.563,0.0503,0.0724,0,0.0435,23.888888889,25.555555556
1,0.547,0.407,0.326,0,0.0871,23.888888889,25.555555556
1,0.574,0.446,0.327,0,0.131,23.888888889,25.555555556
1,0.613,0.468,0.33,0,0.131,23.888888889,25.555555556
0.75,0.629,0.374,0.27,0,0.218,23.888888889,25.555555556
1,0.661,0.584,0.378,0,0.0435,22.222222222,25.555555556
1,0.646,0.759,0.456,0,0,21.388888889,21.388888889
1,0.618,0.873,0.578,0,0,21.388888889,21.388888889
1,0.566,0.786,0.689,0,0,21.388888889,21.388888889
1,0.523,0.471,0.509,0,0,21.388888889,21.388888889
1,0.565,0.0183,0.0493,0,0,21.388888889,21.388888889
1,0.565,0.0183,0.0493,0,0,21.388888889,21.388888889
1,0.565,0.0183,0.0493,0,0,21.388888889,21.388888889
1,0.565,0.0183,0.0493,0,0,21.388888889,21.388888889
1,0.565,0.0183,0.0493,0,0,22.222222222,22.222222222
1,0.565,0.0183,0.0493,0,0,23.888888889,25.555555556
1,0.51,0.028,0.112,0,0.335,23.888888889,25.555555556
0.417,0.535,0.0333,0.157,0,0.408,23.888888889,25.555555556
0,0.565,0.0183,0.0493,0,0.0748,23.888888889,25.555555556
0,0.565,0.0183,0.0493,0,0,23.888888889,25.555555556
0,0.565,0.0183,0.0493,0,0,23.888888889,25.555555556
0,0.565,0.0183,0.0493,0,0,23.888888889,25.555555556
0,0.565,0.0183,0.0493,0,0,23.888888889,25.555555556
0,0.565,0.0183,0.0493,0,0,23.888888889,25.555555556
0,0.565,0.0183,0.0493,0,0,23.888888889,25.555555556
0,0.565,0.0183,0.0493,0,0,23.888888889,25.555555556
0.583,0.571,0.269,0.211,0,0.131,23.888888889,25.555555556
1,0.613,0.468,0.33,0,0.305,23.888888889,25.555555556
1,0.65,0.49,0.343,0,0,23.888888889,25.555555556
1,0.661,0.584,0.378,0,0.305,22.222222222,25.555555556
1,0.646,0.759,0.456,0,0.0871,21.388888889,21.388888889
1,0.618,0.873,0.578,0,0.105,21.388888889,21.388888889
1,0.566,0.786,0.689,0,0,21.388888889,21.388888889
1,0.557,0.101,0.133,0,0,21.388888889,21.388888889
1,0.565,0.0181,0.0493,0,0,21.388888889,21.388888889
1,0.565,0.016,0.0493,0,0,21.388888889,21.388888889
1,0.565,0.016,0.0493,0,0,21.388888889,21.388888889
1,0.565,0.016,0.0493,0,0,21.388888889,21.388888889
1,0.557,0.0167,0.0494,0,0,22.222222222,22.222222222
1,0.467,0.0262,0.0576,0,0,23.888888889,25.555555556
1,0.469,0.0429,0.146,0.233,0,23.888888889,25.555555556
1,0.496,0.0678,0.314,0,0,23.888888889,30.555555556
1,0.533,0.0923,0.388,0,0.0871,23.888888889,30.555555556
1,0.545,0.113,0.384,0,0,23.888888889,30.555555556
1,0.545,0.133,0.368,0,0.0871,23.888888889,30.555555556
1,0.545,0.149,0.356,0,0.218,23.888888889,30.555555556
1,0.545,0.164,0.34,0,0,23.888888889,30.555555556
1,0.545,0.174,0.33,0,0.182,23.888888889,30.555555556
1,0.545,0.196,0.326,0,0.304,23.888888889,30.555555556
1,0.547,0.208,0.326,0,0.197,23.888888889,25.555555556
1,0.574,0.236,0.327,0,0.292,23.888888889,25.555555556
1,0.613,0.293,0.33,0,0.187,23.888888889,25.555555556
1,0.65,0.364,0.343,0.0833,0.242,23.888888889,25.555555556
1,0.661,0.492,0.378,0.15,0,22.222222222,25.555555556
1,0.646,0.679,0.456,0,0,21.388888889,21.388888889
1,0.618,0.819,0.578,0,0,21.388888889,21.388888889
1,0.566,0.754,0.689,0,0,21.388888889,21.388888889
1,0.516,0.449,0.526,0,0,21.388888889,21.388888889
1,0.479,0.194,0.238,0,0,21.388888889,21.388888889
1,0.475,0.0782,0.117,0,0,21.388888889,21.388888889
1,0.565,0.016,0.0493,0,0,21.388888889,21.388888889
1,0.565,0.016,0.0493,0,0,21.388888889,21.388888889
1,0.557,0.0167,0.0494,0,0,22.222222222,22.222222222
1,0.467,0.0262,0.0576,0,0.0435,23.888888889,25.555555556
1,0.469,0.0429,0.146,0.317,0.0435,23.888888889,25.555555556
1,0.496,0.0678,0.314,0.15,0,23.888888889,30.555555556
1,0.533,0.0923,0.388,0,0.219,23.888888889,30.555555556
1,0.545,0.113,0.384,0,0.0871,23.888888889,30.555555556
1,0.545,0.133,0.368,0,0,23.888888889,30.555555556
1,0.545,0.149,0.356,0,0,23.888888889,30.555555556
1,0.545,0.164,0.34,0,0.0871,23.888888889,30.555555556
1,0.545,0.174,0.33,0,0.174,23.888888889,30.555555556
1,0.545,0.196,0.326,0,0.131,23.888888889,30.555555556
1,0.547,0.208,0.326,0,0.261,23.888888889,25.555555556
1,0.574,0.236,0.327,0,0.0435,23.888888889,25.555555556
1,0.613,0.293,0.33,0.333,0,23.888888889,25.555555556
1,0.65,0.364,0.343,0.133,0,23.888888889,25.555555556
1,0.661,0.492,0.378,0,0,22.222222222,25.555555556
1,0.646,0.679,0.456,0,0,21.388888889,21.388888889
1,0.618,0.819,0.578,0,0,21.388888889,21.388888889
1,0.569,0.525,0.484,0,0,21.388888889,21.388888889
1,0.565,0.016,0.0493,0,0,21.388888889,21.388888889
1,0.565,0.016,0.0493,0,0,21.388888889,21.388888889
1,0.565,0.016,0.0493,0,0,21.388888889,21.388888889
1,0.565,0.016,0.0493,0,0,21.388888889,21.388888889
1,0.565,0.016,0.0493,0,0,21.388888889,21.388888889
1,0.565,0.016,0.0493,0,0,22.222222222,22.222222222
1,0.565,0.016,0.0493,0,0,23.888888889,25.555555556
1,0.565,0.016,0.0493,0,0,23.888888889,25.555555556
1,0.565,0.016,0.0493,0,0,23.888888889,30.555555556
1,0.547,0.0612,0.247,0,0.0435,23.888888889,30.555555556
1,0.545,0.113,0.384,0,0,23.888888889,30.555555556
1,0.545,0.133,0.368,0,0.261,23.888888889,30.555555556
0.75,0.55,0.116,0.279,0,0.0435,23.888888889,30.555555556
1,0.545,0.164,0.34,0,0,23.888888889,30.555555556
1,0.545,0.174,0.33,0,0,23.888888889,30.555555556
1,0.545,0.196,0.326,0.0833,0,23.888888889,30.555555556
1,0.547,0.208,0.326,0.15,0.218,23.888888889,25.555555556
1,0.574,0.236,0.327,0,0,23.888888889,25.555555556
1,0.613,0.293,0.33,0,0.0435,23.888888889,25.555555556
1,0.65,0.364,0.343,0,0.305,23.888888889,25.555555556
1,0.661,0.492,0.378,0,0.261,22.222222222,25.555555556
1,0.646,0.679,0.456,0,0,21.388888889,21.388888889
1,0.589,0.352,0.265,0,0,21.388888889,21.388888889
1,0.565,0.016,0.0493,0,0,21.388888889,21.388888889
1,0.565,0.016,0.0493,0,0,21.388888889,21.388888889
1,0.565,0.016,0.0493,0,0,21.388888889,21.388888889
1,0.565,0.016,0.0493,0,0,21.388888889,21.388888889
1,0.565,0.016,0.0493,0,0,21.388888889,21.388888889
1,0.565,0.016,0.0493,0,0,21.388888889,21.388888889
1,0.565,0.016,0.0493,0,0,22.222222222,22.222222222
1,0.565,0.016,0.0493,0,0,23.888888889,25.555555556
1,0.565,0.016,0.0493,0,0,23.888888889,25.555555556
1,0.562,0.0222,0.0776,0,0.0435,23.888888889,30.555555556
0.917,0.535,0.0844,0.36,0,0.174,23.888888889,30.555555556
0.583,0.553,0.0731,0.244,0,0,23.888888889,30.555555556
1,0.545,0.133,0.368,0,0.0435,23.888888889,30.555555556
1,0.545,0.149,0.356,0,0.0435,23.888888889,30.555555556
0.917,0.546,0.151,0.317,0,0,23.888888889,30.555555556
0,0.565,0.016,0.0493,0,0,23.888888889,30.555555556
0.833,0.548,0.166,0.28,0.7,0.131,23.888888889,30.555555556
0.167,0.561,0.0477,0.0955,0,0,23.888888889,25.555555556
0,0.565,0.016,0.0493,0,0,23.888888889,25.555555556
0,0.565,0.016,0.0493,0,0,23.888888889,25.555555556
0.583,0.573,0.0543,0.0762,0,0,23.888888889,25.555555556
1,0.661,0.492,0.378,0,0,22.222222222,25.555555556
1,0.646,0.679,0.456,0,0.305,21.388888889,21.388888889
1,0.618,0.819,0.578,0,0.0435,21.388888889,21.388888889
1,0.566,0.754,0.689,0,0,21.388888889,21.388888889
1,0.546,0.206,0.258,0,0,21.388888889,21.388888889
1,0.565,0.016,0.0493,0,0,21.388888889,21.388888889
1,0.565,0.016,0.0493,0,0,21.388888889,21.388888889
1,0.565,0.016,0.0493,0,0,21.388888889,21.388888889
1,0.565,0.016,0.0493,0,0,21.388888889,21.388888889
1,0.565,0.016,0.0493,0,0,22.222222222,22.222222222
1,0.565,0.016,0.0493,0,0,23.888888889,25.555555556
1,0.559,0.0201,0.0708,0,0.0435,23.888888889,25.555555556
1,0.496,0.0678,0.314,0,0.0435,23.888888889,30.555555556
1,0.533,0.0923,0.388,0,0.0435,23.888888889,30.555555556
1,0.545,0.113,0.384,0,0,23.888888889,30.555555556
1,0.545,0.133,0.368,0,0,23.888888889,30.555555556
1,0.545,0.149,0.356,0,0.261,23.888888889,30.555555556
1,0.545,0.164,0.34,0,0.0871,23.888888889,30.555555556
1,0.546,0.159,0.306,0,0.0435,23.888888889,30.555555556
1,0.558,0.0765,0.142,0,0.0435,23.888888889,30.555555556
1,0.547,0.208,0.326,0,0.0871,23.888888889,25.555555556
1,0.574,0.236,0.327,0,0,23.888888889,25.555555556
1,0.613,0.293,0.33,0,0,23.888888889,25.555555556
1,0.65,0.364,0.343,0,0,23.888888889,25.555555556
1,0.661,0.492,0.378,0,0,22.222222222,25.555555556
1,0.646,0.679,0.456,0,0,21.388888889,21.388888889
1,0.618,0.819,0.578,0,0,21.388888889,21.388888889
1,0.566,0.754,0.689,0,0,21.388888889,21.388888889
1,0.516,0.449,0.526,0,0,21.388888889,21.388888889
1,0.479,0.195,0.238,0,0,21.388888889,21.388888889
1,0.475,0.0929,0.117,0,0,21.388888889,21.388888889
1,0.565,0.0183,0.0493,0,0,21.388888889,21.388888889
1,0.565,0.0183,0.0493,0,0,21.388888889,21.388888889
1,0.565,0.0183,0.0493,0,0,22.222222222,22.222222222
1,0.565,0.0183,0.0493,0,0,23.888888889,25.555555556
1,0.565,0.0183,0.0493,0,0,23.888888889,25.555555556
1,0.565,0.0183,0.0493,0,0,23.888888889,25.555555556
0.917,0.565,0.0183,0.0493,0,0,23.888888889,25.555555556
0,0.565,0.0183,0.0493,0,0,23.888888889,25.555555556
0,0.565,0.0183,0.0493,0,0,23.888888889,25.555555556
0.333,0.558,0.0988,0.151,0,0.236,23.888888889,25.555555556
1,0.545,0.28,0.34,0,0.237,23.888888889,25.555555556
1,0.545,0.304,0.33,0,0.314,23.888888889,25.555555556
0.167,0.561,0.0741,0.0955,0,0.17,23.888888889,25.555555556
0,0.565,0.0183,0.0493,0,0,23.888888889,25.555555556
0,0.565,0.0183,0.0493,0,0,23.888888889,25.555555556
0,0.565,0.0183,0.0493,0,0,23.888888889,25.555555556
0,0.565,0.0183,0.0493,0,0,23.888888889,25.555555556
0.583,0.62,0.354,0.244,0.233,0.0871,22.222222222,25.555555556
1,0.646,0.759,0.456,0,0.131,21.388888889,21.388888889
1,0.618,0.873,0.578,0,0.174,21.388888889,21.388888889
1,0.566,0.786,0.689,0,0,21.388888889,21.388888889
1,0.516,0.489,0.526,0,0,21.388888889,21.388888889
1,0.479,0.222,0.238,0,0,21.388888889,21.388888889
1,0.524,0.0522,0.0801,0,0.0929,21.388888889,21.388888889
1,0.565,0.0183,0.0493,0,0,21.388888889,21.388888889
1,0.565,0.0183,0.0493,0,0,21.388888889,21.388888889
1,0.565,0.0183,0.0493,0,0,22.222222222,22.222222222
1,0.565,0.0183,0.0493,0,0,23.888888889,25.555555556
1,0.565,0.0183,0.0493,0,0,23.888888889,25.555555556
1,0.565,0.0183,0.0493,0,0,23.888888889,25.555555556
1,0.565,0.0183,0.0493,0,0,23.888888889,25.555555556
1,0.553,0.106,0.244,0,0,23.888888889,25.555555556
0.417,0.556,0.0994,0.183,0,0,23.888888889,25.555555556
0,0.565,0.0183,0.0493,0,0,23.888888889,25.555555556
0,0.565,0.0183,0.0493,0,0,23.888888889,25.555555556
0,0.565,0.0183,0.0493,0,0,23.888888889,25.555555556
0,0.565,0.0183,0.0493,0,0,23.888888889,25.555555556
0,0.565,0.0183,0.0493,0,0,23.888888889,25.555555556
0,0.565,0.0183,0.0493,0,0,23.888888889,25.555555556
0.583,0.594,0.281,0.214,0.233,0.131,23.888888889,25.555555556
0.917,0.642,0.444,0.316,0,0.261,23.888888889,25.555555556
0.833,0.644,0.492,0.325,0.233,0.305,22.222222222,25.555555556
1,0.646,0.759,0.456,0,0.0435,21.388888889,21.388888889
1,0.618,0.873,0.578,0,0,21.388888889,21.388888889
1,0.566,0.786,0.689,0,0.0435,21.388888889,21.388888889
1,0.516,0.489,0.526,0,0,21.388888889,21.388888889
1,0.529,0.108,0.132,0,0,21.388888889,21.388888889
1,0.565,0.016,0.0493,0,0,21.388888889,21.388888889
1,0.565,0.016,0.0493,0,0,21.388888889,21.388888889
1,0.565,0.016,0.0493,0,0,21.388888889,21.388888889
1,0.565,0.016,0.0493,0,0,22.222222222,22.222222222
1,0.565,0.016,0.0493,0,0,23.888888889,25.555555556
1,0.559,0.0201,0.0708,0,0,23.888888889,25.555555556
1,0.496,0.0678,0.314,0,0,23.888888889,30.555555556
1,0.533,0.0923,0.388,0,0.0435,23.888888889,30.555555556
1,0.545,0.113,0.384,0,0,23.888888889,30.555555556
0.417,0.556,0.0641,0.183,0,0,23.888888889,30.555555556
0.0833,0.563,0.0282,0.0737,0,0,23.888888889,30.555555556
1,0.545,0.164,0.34,0,0.0435,23.888888889,30.555555556
1,0.545,0.174,0.33,0,0,23.888888889,30.555555556
1,0.545,0.196,0.326,0,0,23.888888889,30.555555556
1,0.557,0.113,0.188,0.0833,0.0435,23.888888889,25.555555556
1,0.574,0.236,0.327,0.383,0.0871,23.888888889,25.555555556
1,0.613,0.293,0.33,0,0.131,23.888888889,25.555555556
1,0.65,0.364,0.343,0,0.0435,23.888888889,25.555555556
1,0.661,0.492,0.378,0,0,22.222222222,25.555555556
1,0.646,0.679,0.456,0,0.0435,21.388888889,21.388888889
1,0.618,0.819,0.578,0,0,21.388888889,21.388888889
1,0.566,0.754,0.689,0,0,21.388888889,21.388888889
1,0.516,0.449,0.526,0,0,21.388888889,21.388888889
1,0.508,0.141,0.182,0,0,21.388888889,21.388888889
1,0.565,0.016,0.0493,0,0,21.388888889,21.388888889
1,0.565,0.016,0.0493,0,0,21.388888889,21.388888889
1,0.565,0.016,0.0493,0,0,21.388888889,21.388888889
1,0.565,0.016,0.0493,0,0,22.222222222,22.222222222
1,0.565,0.016,0.0493,0,0,23.888888889,25.555555556
1,0.559,0.0201,0.0708,0.0833,0,23.888888889,25.555555556
1,0.496,0.0678,0.314,0.15,0,23.888888889,30.555555556
1,0.533,0.0923,0.388,0,0,23.888888889,30.555555556
1,0.545,0.113,0.384,0,0,23.888888889,30.555555556
1,0.545,0.133,0.368,0,0,23.888888889,30.555555556
1,0.545,0.149,0.356,0,0.0871,23.888888889,30.555555556
1,0.545,0.164,0.34,0,0,23.888888889,30.555555556
1,0.545,0.174,0.33,0,0.218,23.888888889,30.555555556
1,0.545,0.196,0.326,0,0,23.888888889,30.555555556
1,0.547,0.208,0.326,0,0.0871,23.888888889,25.555555556
1,0.574,0.236,0.327,0,0.0435,23.888888889,25.555555556
1,0.613,0.293,0.33,0,0.0435,23.888888889,25.555555556
1,0.65,0.364,0.343,0,0.0435,23.888888889,25.555555556
1,0.661,0.492,0.378,0,0.174,22.222222222,25.555555556
1,0.6,0.287,0.215,0,0,21.388888889,21.388888889
1,0.565,0.0796,0.104,0,0.0801,21.388888889,21.388888889
1,0.566,0.754,0.689,0,0.161,21.388888889,21.388888889
1,0.516,0.449,0.526,0,0.0859,21.388888889,21.388888889
1,0.551,0.0473,0.0825,0,0.202,21.388888889,21.388888889
1,0.565,0.016,0.0493,0,0,21.388888889,21.388888889
1,0.565,0.016,0.0493,0,0,21.388888889,21.388888889
1,0.565,0.016,0.0493,0,0,21.388888889,21.388888889
1,0.565,0.016,0.0493,0,0,22.222222222,22.222222222
1,0.557,0.018,0.0561,0,0,23.888888889,25.555555556
1,0.469,0.0429,0.146,0,0.174,23.888888889,25.555555556
1,0.496,0.0678,0.314,0,0.0871,23.888888889,30.555555556
1,0.533,0.0923,0.388,0,0,23.888888889,30.555555556
1,0.545,0.113,0.384,0,0,23.888888889,30.555555556
1,0.545,0.133,0.368,0,0.0435,23.888888889,30.555555556
1,0.545,0.149,0.356,0,0.0435,23.888888889,30.555555556
1,0.545,0.164,0.34,0,0,23.888888889,30.555555556
1,0.545,0.174,0.33,0,0,23.888888889,30.555555556
1,0.545,0.196,0.326,0,0.174,23.888888889,30.555555556
1,0.547,0.208,0.326,0,0,23.888888889,25.555555556
1,0.574,0.236,0.327,0,0.0871,23.888888889,25.555555556
1,0.613,0.293,0.33,0,0.0871,23.888888889,25.555555556
1,0.65,0.364,0.343,0,0.218,23.888888889,25.555555556
1,0.661,0.492,0.378,0,0,22.222222222,25.555555556
1,0.646,0.679,0.456,0,0,21.388888889,21.388888889
1,0.618,0.819,0.578,0,0,21.388888889,21.388888889
1,0.566,0.754,0.689,0,0,21.388888889,21.388888889
1,0.516,0.449,0.526,0,0,21.388888889,21.388888889
1,0.529,0.0943,0.132,0,0,21.388888889,21.388888889
1,0.557,0.018,0.0514,0,0,21.388888889,21.388888889
1,0.475,0.0387,0.0719,0,0,21.388888889,21.388888889
1,0.565,0.016,0.0493,0,0,21.388888889,21.388888889
1,0.565,0.016,0.0493,0,0,22.222222222,22.222222222
1,0.565,0.016,0.0493,0,0,23.888888889,25.555555556
1,0.565,0.016,0.0493,0,0,23.888888889,25.555555556
1,0.565,0.016,0.0493,0,0,23.888888889,30.555555556
1,0.565,0.016,0.0493,0,0,23.888888889,30.555555556
1,0.565,0.016,0.0493,0,0,23.888888889,30.555555556
1,0.563,0.0269,0.075,0,0.0871,23.888888889,30.555555556
1,0.545,0.149,0.356,0,0.0435,23.888888889,30.555555556
1,0.561,0.0405,0.098,0,0,23.888888889,30.555555556
1,0.563,0.0309,0.0724,0,0.0435,23.888888889,30.555555556
1,0.545,0.196,0.326,0,0.174,23.888888889,30.555555556
1,0.547,0.208,0.326,0,0,23.888888889,25.555555556
1,0.574,0.236,0.327,0,0.348,23.888888889,25.555555556
1,0.613,0.293,0.33,0,0.261,23.888888889,25.555555556
1,0.65,0.364,0.343,0,0.0435,23.888888889,25.555555556
1,0.661,0.492,0.378,0,0.0435,22.222222222,25.555555556
1,0.646,0.679,0.456,0,0,21.388888889,21.388888889
1,0.618,0.819,0.578,0,0,21.388888889,21.388888889
1,0.566,0.754,0.689,0,0,21.388888889,21.388888889
1,0.516,0.449,0.526,0,0,21.388888889,21.388888889
1,0.479,0.194,0.238,0,0,21.388888889,21.388888889
1,0.548,0.0273,0.0616,0,0,21.388888889,21.388888889
1,0.565,0.016,0.0493,0,0,21.388888889,21.388888889
1,0.565,0.016,0.0493,0,0,21.388888889,21.388888889
1,0.565,0.016,0.0493,0,0,22.222222222,22.222222222
1,0.565,0.016,0.0493,0,0,23.888888889,25.555555556
1,0.565,0.016,0.0493,0,0,23.888888889,25.555555556
1,0.526,0.0471,0.207,0,0.0435,23.888888889,30.555555556
1,0.533,0.0923,0.388,0,0.131,23.888888889,30.555555556
0.5,0.555,0.0652,0.216,0,0.131,23.888888889,30.555555556
1,0.545,0.133,0.368,0,0.0435,23.888888889,30.555555556
1,0.545,0.149,0.356,0,0.0871,23.888888889,30.555555556
0.417,0.556,0.0773,0.171,0,0,23.888888889,30.555555556
0,0.565,0.016,0.0493,0,0,23.888888889,30.555555556
0,0.565,0.016,0.0493,0,0,23.888888889,30.555555556
0,0.565,0.016,0.0493,0,0,23.888888889,25.555555556
0,0.565,0.016,0.0493,0,0,23.888888889,25.555555556
0,0.565,0.016,0.0493,0,0,23.888888889,25.555555556
0.333,0.594,0.139,0.149,0,0,23.888888889,25.555555556
1,0.661,0.492,0.378,0,0.0435,22.222222222,25.555555556
1,0.646,0.679,0.456,0,0.0435,21.388888889,21.388888889
1,0.618,0.819,0.578,0,0.0871,21.388888889,21.388888889
1,0.566,0.754,0.689,0,0,21.388888889,21.388888889
1,0.516,0.449,0.526,0,0,21.388888889,21.388888889
1,0.479,0.195,0.238,0,0.573,21.388888889,21.388888889
1,0.467,0.0955,0.119,0,0.419,21.388888889,21.388888889
1,0.475,0.0472,0.0719,0,0.231,21.388888889,21.388888889
1,0.565,0.0183,0.0493,0,0,21.388888889,21.388888889
1,0.565,0.0183,0.0493,0,0,22.222222222,22.222222222
1,0.565,0.0183,0.0493,0,0,23.888888889,25.555555556
1,0.565,0.0183,0.0493,0,0,23.888888889,25.555555556
1,0.562,0.0248,0.0776,0.0833,0.0435,23.888888889,25.555555556
1,0.533,0.103,0.388,0.15,0,23.888888889,25.555555556
1,0.545,0.165,0.384,0,0.305,23.888888889,25.555555556
0.917,0.546,0.197,0.342,0,0.218,23.888888889,25.555555556
0,0.565,0.0183,0.0493,0,0,23.888888889,25.555555556
0,0.565,0.0183,0.0493,0,0,23.888888889,25.555555556
0,0.565,0.0183,0.0493,0,0,23.888888889,25.555555556
0,0.565,0.0183,0.0493,0,0,23.888888889,25.555555556
0,0.565,0.0183,0.0493,0,0,23.888888889,25.555555556
0,0.565,0.0183,0.0493,0,0,23.888888889,25.555555556
0,0.565,0.0183,0.0493,0,0,23.888888889,25.555555556
0,0.565,0.0183,0.0493,0,0,23.888888889,25.555555556
0.583,0.62,0.354,0.244,0,0.0435,22.222222222,25.555555556
1,0.646,0.759,0.456,0,0.0435,21.388888889,21.388888889
1,0.618,0.873,0.578,0,0,21.388888889,21.388888889
1,0.566,0.786,0.689,0,0,21.388888889,21.388888889
1,0.546,0.224,0.258,0,0.131,21.388888889,21.388888889
1,0.565,0.0183,0.0493,0,0,21.388888889,21.388888889
1,0.565,0.0183,0.0493,0,0,21.388888889,21.388888889
1,0.565,0.0183,0.0493,0,0,21.388888889,21.388888889
1,0.565,0.0183,0.0493,0,0,21.388888889,21.388888889
1,0.565,0.0183,0.0493,0,0,22.222222222,22.222222222
1,0.565,0.0183,0.0493,0,0,23.888888889,25.555555556
1,0.565,0.0183,0.0493,0,0,23.888888889,25.555555556
1,0.565,0.0183,0.0493,0,0,23.888888889,25.555555556
1,0.563,0.0301,0.0773,0,0,23.888888889,25.555555556
1,0.545,0.165,0.384,0,0.0435,23.888888889,25.555555556
1,0.545,0.216,0.368,0,0.304,23.888888889,25.555555556
1,0.545,0.256,0.356,0,0.34,23.888888889,25.555555556
1,0.545,0.28,0.34,0,0.0623,23.888888889,25.555555556
1,0.545,0.304,0.33,0,0.0871,23.888888889,25.555555556
1,0.545,0.358,0.326,0,0.0871,23.888888889,25.555555556
1,0.546,0.371,0.303,0,0.0435,23.888888889,25.555555556
1,0.565,0.0183,0.0493,0,0,23.888888889,25.555555556
1,0.572,0.0569,0.0735,0,0,23.888888889,25.555555556
1,0.65,0.49,0.343,0,0,23.888888889,25.555555556
1,0.661,0.584,0.378,0,0.0871,22.222222222,25.555555556
1,0.646,0.759,0.456,0.233,0.218,21.388888889,21.388888889
1,0.618,0.873,0.578,0,0,21.388888889,21.388888889
1,0.566,0.786,0.689,0,0,21.388888889,21.388888889
0.417,0.546,0.224,0.258,0,0,21.388888889,21.388888889
0,0.565,0.0181,0.0493,0,0,21.388888889,21.388888889
0,0.565,0.016,0.0493,0,0,21.388888889,21.388888889
0.833,0.565,0.016,0.0493,0,0,21.388888889,21.388888889
1,0.565,0.016,0.0493,0,0,21.388888889,21.388888889
1,0.565,0.016,0.0493,0,0,22.222222222,22.222222222
1,0.565,0.016,0.0493,0,0,23.888888889,25.555555556
1,0.565,0.016,0.0493,0,0,23.888888889,25.555555556
1,0.565,0.016,0.0493,0,0,23.888888889,30.555555556
1,0.565,0.016,0.0493,0,0,23.888888889,30.555555556
1,0.565,0.016,0.0493,0,0,23.888888889,30.555555556
1,0.563,0.0269,0.075,0,0,23.888888889,30.555555556
1,0.545,0.149,0.356,0,0,23.888888889,30.555555556
1,0.545,0.164,0.34,0,0.261,23.888888889,30.555555556
1,0.545,0.174,0.33,0,0,23.888888889,30.555555556
1,0.545,0.196,0.326,0,0.131,23.888888889,30.555555556
1,0.547,0.208,0.326,0,0.131,23.888888889,25.555555556
1,0.574,0.236,0.327,0,0.131,23.888888889,25.555555556
1,0.613,0.293,0.33,0,0.0435,23.888888889,25.555555556
1,0.65,0.364,0.343,0,0,23.888888889,25.555555556
1,0.661,0.492,0.378,0,0,22.222222222,25.555555556
1,0.646,0.679,0.456,0,0.131,21.388888889,21.388888889
1,0.618,0.819,0.578,0,0.0871,21.388888889,21.388888889
1,0.566,0.754,0.689,0,0,21.388888889,21.388888889
1,0.546,0.206,0.258,0,0.266,21.388888889,21.388888889
1,0.565,0.016,0.0493,0,0,21.388888889,21.388888889
1,0.565,0.016,0.0493,0,0,21.388888889,21.388888889
1,0.565,0.016,0.0493,0,0,21.388888889,21.388888889
1,0.565,0.016,0.0493,0,0,21.388888889,21.388888889
1,0.565,0.016,0.0493,0,0,22.222222222,22.222222222
1,0.565,0.016,0.0493,0,0,23.888888889,25.555555556
1,0.565,0.016,0.0493,0,0,23.888888889,25.555555556
1,0.508,0.0595,0.271,0,0.0435,23.888888889,30.555555556
1,0.541,0.0737,0.304,0,0,23.888888889,30.555555556
1,0.545,0.113,0.384,0.583,0.0435,23.888888889,30.555555556
1,0.545,0.133,0.368,0.6,0.0435,23.888888889,30.555555556
1,0.545,0.149,0.356,0.233,0.131,23.888888889,30.555555556
1,0.545,0.164,0.34,0,0.131,23.888888889,30.555555556
1,0.545,0.174,0.33,0,0.0435,23.888888889,30.555555556
1,0.545,0.196,0.326,0,0.0871,23.888888889,30.555555556
1,0.547,0.208,0.326,0,0.0871,23.888888889,25.555555556
1,0.574,0.236,0.327,0,0.138,23.888888889,25.555555556
1,0.613,0.293,0.33,0,0.245,23.888888889,25.555555556
1,0.65,0.364,0.343,0.233,0,23.888888889,25.555555556
1,0.661,0.492,0.378,0,0,22.222222222,25.555555556
1,0.646,0.679,0.456,0,0.153,21.388888889,21.388888889
1,0.618,0.755,0.524,0,0.198,21.388888889,21.388888889
1,0.565,0.016,0.0493,0,0,21.388888889,21.388888889
1,0.565,0.016,0.0493,0,0,21.388888889,21.388888889
1,0.565,0.016,0.0493,0,0,21.388888889,21.388888889
1,0.565,0.016,0.0493,0,0,21.388888889,21.388888889
1,0.565,0.016,0.0493,0,0,21.388888889,21.388888889
1,0.565,0.016,0.0493,0,0,21.388888889,21.388888889
1,0.565,0.016,0.0493,0,0,22.222222222,22.222222222
1,0.565,0.016,0.0493,0,0,23.888888889,25.555555556
1,0.565,0.016,0.0493,0,0,23.888888889,25.555555556
1,0.565,0.016,0.0493,0,0,23.888888889,30.555555556
1,0.565,0.016,0.0493,0,0,23.888888889,30.555555556
1,0.565,0.016,0.0493,0,0,23.888888889,30.555555556
1,0.565,0.016,0.0493,0,0,23.888888889,30.555555556
1,0.563,0.0282,0.0737,0,0.0435,23.888888889,30.555555556
1,0.545,0.164,0.34,0,0.0435,23.888888889,30.555555556
1,0.545,0.174,0.33,0,0,23.888888889,30.555555556
1,0.545,0.196,0.326,0,0.174,23.888888889,30.555555556
1,0.547,0.208,0.326,0,0.174,23.888888889,25.555555556
1,0.574,0.236,0.327,0,0.218,23.888888889,25.555555556
1,0.613,0.293,0.33,0,0.0435,23.888888889,25.555555556
1,0.65,0.364,0.343,0,0,23.888888889,25.555555556
1,0.661,0.492,0.378,0,0,22.222222222,25.555555556
1,0.646,0.679,0.456,0,0.131,21.388888889,21.388888889
1,0.618,0.819,0.578,0,0,21.388888889,21.388888889
1,0.569,0.525,0.484,0,0,21.388888889,21.388888889
1,0.565,0.016,0.0493,0,0,21.388888889,21.388888889
1,0.565,0.016,0.0493,0,0,21.388888889,21.388888889
1,0.565,0.016,0.0493,0,0,21.388888889,21.388888889
1,0.565,0.016,0.0493,0,0,21.388888889,21.388888889
1,0.565,0.016,0.0493,0,0,21.388888889,21.388888889
0.917,0.565,0.016,0.0493,0,0,22.222222222,22.222222222
0,0.565,0.016,0.0493,0,0,23.888888889,25.555555556
0,0.565,0.016,0.0493,0,0,23.888888889,25.555555556
0.333,0.562,0.0222,0.0776,0,0,23.888888889,30.555555556
1,0.533,0.0923,0.388,0,0.0871,23.888888889,30.555555556
1,0.545,0.113,0.384,0.233,0.0435,23.888888889,30.555555556
1,0.545,0.133,0.368,0,0,23.888888889,30.555555556
0.917,0.546,0.136,0.332,0,0.0435,23.888888889,30.555555556
0,0.565,0.016,0.0493,0,0,23.888888889,30.555555556
0,0.565,0.016,0.0493,0,0,23.888888889,30.555555556
0.0833,0.563,0.0318,0.0724,0,0,23.888888889,30.555555556
1,0.547,0.208,0.326,0,0,23.888888889,25.555555556
1,0.574,0.236,0.327,0,0.305,23.888888889,25.555555556
1,0.613,0.293,0.33,0.233,0.0435,23.888888889,25.555555556
1,0.65,0.364,0.343,0,0.0435,23.888888889,25.555555556
1,0.661,0.492,0.378,0,0.261,22.222222222,25.555555556
1,0.646,0.679,0.456,0,0,21.388888889,21.388888889
1,0.618,0.819,0.578,0,0.0871,21.388888889,21.388888889
1,0.566,0.754,0.689,0,0,21.388888889,21.388888889
1,0.516,0.449,0.526,0,0,21.388888889,21.388888889
1,0.479,0.194,0.238,0,0.0435,21.388888889,21.388888889
1,0.467,0.0802,0.119,0,0,21.388888889,21.388888889
1,0.467,0.0391,0.0719,0,0.0435,21.388888889,21.388888889
1,0.467,0.02,0.0493,0,0,21.388888889,21.388888889
1,0.5,0.0159,0.0493,0,0,22.222222222,22.222222222
1,0.565,0.016,0.0493,0,0,23.888888889,25.555555556
1,0.559,0.0201,0.0708,0.0833,0,23.888888889,25.555555556
1,0.496,0.0678,0.314,0.15,0.131,23.888888889,30.555555556
1,0.533,0.0923,0.388,0,0.0871,23.888888889,30.555555556
1,0.545,0.113,0.384,0.333,0.264,23.888888889,30.555555556
1,0.545,0.133,0.368,0.85,0,23.888888889,30.555555556
1,0.545,0.149,0.356,0,0,23.888888889,30.555555556
1,0.545,0.164,0.34,0,0.0871,23.888888889,30.555555556
1,0.545,0.174,0.33,0,0,23.888888889,30.555555556
1,0.545,0.196,0.326,0,0,23.888888889,30.555555556
0.917,0.546,0.19,0.303,0,0.0435,23.888888889,25.555555556
0.583,0.571,0.146,0.211,0,0,23.888888889,25.555555556
0.917,0.606,0.265,0.306,0,0,23.888888889,25.555555556
0.333,0.594,0.139,0.149,0,0.0435,23.888888889,25.555555556
1,0.661,0.492,0.378,0,0,22.222222222,25.555555556
1,0.646,0.679,0.456,0,0,21.388888889,21.388888889
1,0.618,0.819,0.578,0,0,21.388888889,21.388888889
1,0.566,0.754,0.689,0,0.116,21.388888889,21.388888889
1,0.557,0.0918,0.133,0,0,21.388888889,21.388888889
1,0.565,0.0162,0.0493,0,0,21.388888889,21.388888889
1,0.565,0.0183,0.0493,0,0,21.388888889,21.388888889
1,0.565,0.0183,0.0493,0,0,21.388888889,21.388888889
1,0.565,0.0183,0.0493,0,0,21.388888889,21.388888889
1,0.565,0.0183,0.0493,0,0,22.222222222,22.222222222
1,0.557,0.0194,0.0561,0,0,23.888888889,25.555555556
1,0.469,0.0336,0.146,0,0.174,23.888888889,25.555555556
1,0.496,0.058,0.314,0,0.0435,23.888888889,25.555555556
1,0.533,0.103,0.388,0,0.131,23.888888889,25.555555556
1,0.545,0.165,0.384,0,0.261,23.888888889,25.555555556
1,0.545,0.216,0.368,0,0.0871,23.888888889,25.555555556
1,0.545,0.256,0.356,0,0.0435,23.888888889,25.555555556
1,0.545,0.28,0.34,0,0,23.888888889,25.555555556
1,0.545,0.304,0.33,0,0,23.888888889,25.555555556
1,0.545,0.358,0.326,0,0.0435,23.888888889,25.555555556
1,0.547,0.407,0.326,0,0.0435,23.888888889,25.555555556
0.417,0.567,0.196,0.165,0,0,23.888888889,25.555555556
0,0.565,0.0183,0.0493,0,0,23.888888889,25.555555556
0,0.565,0.0183,0.0493,0,0,23.888888889,25.555555556
0.583,0.62,0.354,0.244,0,0,22.222222222,25.555555556
1,0.646,0.759,0.456,0,0.131,21.388888889,21.388888889
1,0.618,0.807,0.524,0,0,21.388888889,21.388888889
1,0.565,0.0183,0.0493,0,0,21.388888889,21.388888889
1,0.565,0.0183,0.0493,0,0,21.388888889,21.388888889
1,0.565,0.0183,0.0493,0,0,21.388888889,21.388888889
1,0.565,0.0183,0.0493,0,0,21.388888889,21.388888889
1,0.565,0.0183,0.0493,0,0,21.388888889,21.388888889
1,0.565,0.0183,0.0493,0,0,21.388888889,21.388888889
1,0.565,0.0183,0.0493,0,0,22.222222222,22.222222222
1,0.565,0.0183,0.0493,0,0,23.888888889,25.555555556
1,0.565,0.0183,0.0493,0,0,23.888888889,25.555555556
1,0.565,0.0183,0.0493,0,0,23.888888889,25.555555556
1,0.563,0.0301,0.0773,0,0,23.888888889,25.555555556
1,0.545,0.165,0.384,0,0,23.888888889,25.555555556
0.167,0.561,0.0507,0.103,0,0,23.888888889,25.555555556
0,0.565,0.0183,0.0493,0,0,23.888888889,25.555555556
0,0.565,0.0183,0.0493,0,0,23.888888889,25.555555556
0,0.565,0.0183,0.0493,0,0,23.888888889,25.555555556
0.0833,0.563,0.0503,0.0724,0,0.0435,23.888888889,25.555555556
1,0.547,0.407,0.326,0,0.305,23.888888889,25.555555556
1,0.574,0.446,0.327,0,0.392,23.888888889,25.555555556
0.917,0.606,0.429,0.306,0,0,23.888888889,25.555555556
0.0833,0.573,0.0641,0.0762,0,0.0871,23.888888889,25.555555556
0.417,0.605,0.248,0.184,0,0,22.222222222,25.555555556
0.833,0.632,0.637,0.39,0,0.0435,21.388888889,21.388888889
1,0.618,0.873,0.578,0,0.0435,21.388888889,21.388888889
1,0.566,0.786,0.689,0,0,21.388888889,21.388888889
1,0.516,0.489,0.526,0,0,21.388888889,21.388888889
1,0.487,0.215,0.232,0,0,21.388888889,21.388888889
1,0.565,0.016,0.0493,0,0,21.388888889,21.388888889
1,0.565,0.016,0.0493,0,0,21.388888889,21.388888889
1,0.565,0.016,0.0493,0,0,21.388888889,21.388888889
1,0.565,0.016,0.0493,0,0,22.222222222,22.222222222
1,0.565,0.016,0.0493,0,0,23.888888889,25.555555556
1,0.565,0.016,0.0493,0,0,23.888888889,25.555555556
1,0.565,0.016,0.0493,0,0,23.888888889,30.555555556
1,0.538,0.0799,0.332,0,0.0435,23.888888889,30.555555556
1,0.545,0.113,0.384,0,0,23.888888889,30.555555556
1,0.545,0.133,0.368,0,0,23.888888889,30.555555556
1,0.545,0.149,0.356,0,0.0435,23.888888889,30.555555556
1,0.545,0.164,0.34,0,0.0435,23.888888889,30.555555556
0.917,0.546,0.159,0.306,0,0.0435,23.888888889,30.555555556
0,0.565,0.016,0.0493,0,0,23.888888889,30.555555556
0,0.565,0.016,0.0493,0,0,23.888888889,25.555555556
0,0.565,0.016,0.0493,0,0,23.888888889,25.555555556
0.333,0.583,0.112,0.144,0,0.174,23.888888889,25.555555556
1,0.65,0.364,0.343,0,0.131,23.888888889,25.555555556
1,0.661,0.492,0.378,0,0.0435,22.222222222,25.555555556
1,0.646,0.679,0.456,0.467,0.348,21.388888889,21.388888889
1,0.618,0.755,0.524,0,0,21.388888889,21.388888889
1,0.565,0.016,0.0493,0,0,21.388888889,21.388888889
1,0.565,0.016,0.0493,0,0,21.388888889,21.388888889
1,0.565,0.016,0.0493,0,0,21.388888889,21.388888889
1,0.565,0.016,0.0493,0,0,21.388888889,21.388888889
1,0.565,0.016,0.0493,0,0,21.388888889,21.388888889
1,0.565,0.016,0.0493,0,0,21.388888889,21.388888889
1,0.565,0.016,0.0493,0,0,22.222222222,22.222222222
1,0.565,0.016,0.0493,0,0,23.888888889,25.555555556
1,0.565,0.016,0.0493,0,0,23.888888889,25.555555556
1,0.544,0.0346,0.142,0.233,0,23.888888889,30.555555556
1,0.533,0.0923,0.388,0,0,23.888888889,30.555555556
1,0.545,0.113,0.384,0,0.0871,23.888888889,30.555555556
1,0.545,0.133,0.368,0,0,23.888888889,30.555555556
1,0.545,0.149,0.356,0,0,23.888888889,30.555555556
1,0.545,0.164,0.34,0,0.0435,23.888888889,30.555555556
1,0.545,0.174,0.33,0,0,23.888888889,30.555555556
1,0.545,0.196,0.326,0,0.131,23.888888889,30.555555556
1,0.547,0.208,0.326,0,0.0435,23.888888889,25.555555556
1,0.574,0.236,0.327,0,0.261,23.888888889,25.555555556
0.917,0.606,0.265,0.306,0,0,23.888888889,25.555555556
0,0.565,0.016,0.0493,0,0,23.888888889,25.555555556
0.833,0.644,0.415,0.325,0,0,22.222222222,25.555555556
1,0.646,0.679,0.456,0,0.0435,21.388888889,21.388888889
1,0.618,0.819,0.578,0,0.305,21.388888889,21.388888889
1,0.566,0.754,0.689,0,0,21.388888889,21.388888889
1,0.523,0.433,0.509,0,0.0871,21.388888889,21.388888889
1,0.565,0.016,0.0493,0,0,21.388888889,21.388888889
1,0.565,0.016,0.0493,0,0,21.388888889,21.388888889
1,0.565,0.016,0.0493,0,0,21.388888889,21.388888889
1,0.565,0.016,0.0493,0,0,21.388888889,21.388888889
1,0.565,0.016,0.0493,0,0,22.222222222,22.222222222
0.917,0.565,0.016,0.0493,0,0,23.888888889,25.555555556
0,0.565,0.016,0.0493,0,0,23.888888889,25.555555556
0.833,0.508,0.0595,0.271,0,0.0943,23.888888889,30.555555556
1,0.533,0.0923,0.388,0,0.344,23.888888889,30.555555556
1,0.545,0.113,0.384,0,0,23.888888889,30.555555556
1,0.545,0.133,0.368,0.0833,0,23.888888889,30.555555556
0.917,0.546,0.136,0.332,1,0,23.888888889,30.555555556
0.333,0.558,0.0658,0.146,0.333,0.392,23.888888889,30.555555556
1,0.545,0.174,0.33,0,0.131,23.888888889,30.555555556
1,0.545,0.196,0.326,0.0833,0.0435,23.888888889,30.555555556
1,0.547,0.208,0.326,0.15,0.131,23.888888889,25.555555556
1,0.574,0.236,0.327,0,0,23.888888889,25.555555556
1,0.613,0.293,0.33,0,0.0435,23.888888889,25.555555556
1,0.65,0.364,0.343,0,0,23.888888889,25.555555556
1,0.661,0.492,0.378,0,0.0435,22.222222222,25.555555556
1,0.646,0.679,0.456,0,0,21.388888889,21.388888889
1,0.618,0.819,0.578,0,0,21.388888889,21.388888889
1,0.566,0.754,0.689,0,0.0435,21.388888889,21.388888889
1,0.516,0.449,0.526,0,0,21.388888889,21.388888889
1,0.529,0.0943,0.132,0,0,21.388888889,21.388888889
1,0.565,0.016,0.0493,0,0,21.388888889,21.388888889
1,0.565,0.016,0.0493,0,0,21.388888889,21.388888889
1,0.565,0.016,0.0493,0,0,21.388888889,21.388888889
1,0.565,0.016,0.0493,0,0,22.222222222,22.222222222
1,0.565,0.016,0.0493,0,0,23.888888889,25.555555556
1,0.565,0.016,0.0493,0,0,23.888888889,25.555555556
1,0.565,0.016,0.0493,0,0,23.888888889,30.555555556
0.917,0.565,0.016,0.0493,0,0,23.888888889,30.555555556
0,0.565,0.016,0.0493,0,0,23.888888889,30.555555556
0,0.565,0.016,0.0493,0,0,23.888888889,30.555555556
0.0833,0.563,0.0282,0.0737,0,0.0871,23.888888889,30.555555556
1,0.545,0.164,0.34,0,0.261,23.888888889,30.555555556
1,0.545,0.174,0.33,0,0,23.888888889,30.555555556
1,0.545,0.196,0.326,0,0.131,23.888888889,30.555555556
1,0.547,0.208,0.326,0,0.0435,23.888888889,25.555555556
1,0.574,0.236,0.327,0,0.174,23.888888889,25.555555556
1,0.613,0.293,0.33,0,0.261,23.888888889,25.555555556
1,0.65,0.364,0.343,0.0833,0.0435,23.888888889,25.555555556
1,0.661,0.492,0.378,0.383,0,22.222222222,25.555555556
1,0.646,0.679,0.456,0,0,21.388888889,21.388888889
1,0.618,0.819,0.578,0,0.0824,21.388888889,21.388888889
1,0.565,0.563,0.526,0,0.318,21.388888889,21.388888889
1,0.546,0.206,0.258,0,0,21.388888889,21.388888889
1,0.565,0.016,0.0493,0,0,21.388888889,21.388888889
1,0.565,0.016,0.0493,0,0,21.388888889,21.388888889
1,0.565,0.016,0.0493,0,0,21.388888889,21.388888889
1,0.565,0.016,0.0493,0,0,21.388888889,21.388888889
1,0.565,0.016,0.0493,0,0,22.222222222,22.222222222
1,0.565,0.016,0.0493,0,0,23.888888889,25.555555556
1,0.565,0.016,0.0493,0,0,23.888888889,25.555555556
1,0.562,0.0222,0.0776,0,0.0435,23.888888889,30.555555556
1,0.533,0.0923,0.388,0,0,23.888888889,30.555555556
1,0.545,0.113,0.384,0,0,23.888888889,30.555555556
1,0.545,0.133,0.368,0,0.131,23.888888889,30.555555556
1,0.545,0.149,0.356,0,0,23.888888889,30.555555556
1,0.545,0.164,0.34,0,0,23.888888889,30.555555556
1,0.545,0.174,0.33,0,0.0871,23.888888889,30.555555556
1,0.545,0.196,0.326,0,0,23.888888889,30.555555556
1,0.547,0.208,0.326,0,0.305,23.888888889,25.555555556
1,0.574,0.236,0.327,0,0.0871,23.888888889,25.555555556
1,0.613,0.293,0.33,0.0833,0.0435,23.888888889,25.555555556
1,0.65,0.364,0.343,1,0.174,23.888888889,25.555555556
1,0.661,0.492,0.378,0.1,0,22.222222222,25.555555556
1,0.646,0.679,0.456,0,0,21.388888889,21.388888889
1,0.618,0.819,0.578,0,0.0861,21.388888889,21.388888889
1,0.566,0.754,0.689,0,0.0344,21.388888889,21.388888889
1,0.516,0.449,0.526,0,0,21.388888889,21.388888889
1,0.479,0.195,0.238,0,0,21.388888889,21.388888889
1,0.475,0.0929,0.117,0,0.0435,21.388888889,21.388888889
1,0.565,0.0183,0.0493,0,0,21.388888889,21.388888889
1,0.565,0.0183,0.0493,0,0,21.388888889,21.388888889
1,0.565,0.0183,0.0493,0,0,22.222222222,22.222222222
1,0.565,0.0183,0.0493,0,0,23.888888889,25.555555556
1,0.565,0.0183,0.0493,0,0,23.888888889,25.555555556
1,0.562,0.0248,0.0776,0.0833,0,23.888888889,25.555555556
1,0.533,0.103,0.388,0.15,0.0871,23.888888889,25.555555556
1,0.545,0.165,0.384,0,0.0871,23.888888889,25.555555556
1,0.545,0.216,0.368,0,0.174,23.888888889,25.555555556
1,0.545,0.256,0.356,0,0.332,23.888888889,25.555555556
1,0.545,0.28,0.34,0,0.286,23.888888889,25.555555556
0.167,0.561,0.0651,0.0961,0,0,23.888888889,25.555555556
0,0.565,0.0183,0.0493,0,0,23.888888889,25.555555556
0,0.565,0.0183,0.0493,0,0,23.888888889,25.555555556
0,0.565,0.0183,0.0493,0,0,23.888888889,25.555555556
0,0.565,0.0183,0.0493,0,0,23.888888889,25.555555556
0,0.565,0.0183,0.0493,0,0,23.888888889,25.555555556
0.583,0.62,0.354,0.244,0,0,22.222222222,25.555555556
1,0.646,0.759,0.456,0,0.131,21.388888889,21.388888889
1,0.618,0.873,0.578,0,0,21.388888889,21.388888889
1,0.566,0.15,0.158,0,0,21.388888889,21.388888889
1,0.565,0.0183,0.0493,0,0,21.388888889,21.388888889
1,0.565,0.0183,0.0493,0,0,21.388888889,21.388888889
1,0.565,0.0183,0.0493,0,0,21.388888889,21.388888889
1,0.565,0.0183,0.0493,0,0,21.388888889,21.388888889
1,0.565,0.0183,0.0493,0,0,21.388888889,21.388888889
1,0.565,0.0183,0.0493,0,0,22.222222222,22.222222222
1,0.565,0.0183,0.0493,0,0,23.888888889,25.555555556
1,0.565,0.0183,0.0493,0,0,23.888888889,25.555555556
1,0.543,0.0339,0.141,0,0.14,23.888888889,25.555555556
1,0.529,0.103,0.384,0,0.315,23.888888889,25.555555556
1,0.541,0.166,0.378,0,0.255,23.888888889,25.555555556
0.417,0.555,0.0996,0.179,0,0.0435,23.888888889,25.555555556
0,0.565,0.0183,0.0493,0,0,23.888888889,25.555555556
0,0.565,0.0183,0.0493,0,0,23.888888889,25.555555556
0,0.565,0.0183,0.0493,0,0,23.888888889,25.555555556
0.0833,0.565,0.0183,0.0493,0,0,23.888888889,25.555555556
1,0.565,0.0183,0.0493,0,0,23.888888889,25.555555556
0.5,0.568,0.0557,0.072,0.0833,0.0435,23.888888889,25.555555556
1,0.608,0.469,0.323,0.15,0.0871,23.888888889,25.555555556
1,0.645,0.491,0.335,0,0.305,23.888888889,25.555555556
1,0.656,0.585,0.371,0,0.218,22.222222222,25.555555556
1,0.622,0.578,0.351,0,0.131,21.388888889,21.388888889
1,0.614,0.876,0.571,0,0,21.388888889,21.388888889
1,0.566,0.747,0.641,0,0,21.388888889,21.388888889
1,0.565,0.0183,0.0493,0,0,21.388888889,21.388888889
1,0.565,0.0181,0.0493,0,0,21.388888889,21.388888889
1,0.565,0.016,0.0493,0,0,21.388888889,21.388888889
1,0.565,0.016,0.0493,0,0,21.388888889,21.388888889
1,0.565,0.016,0.0493,0,0,21.388888889,21.388888889
1,0.565,0.016,0.0493,0,0,22.222222222,22.222222222
1,0.565,0.016,0.0493,0,0,23.888888889,25.555555556
1,0.558,0.0201,0.0705,0,0.0435,23.888888889,25.555555556
1,0.493,0.068,0.311,0,0,23.888888889,30.555555556
1,0.529,0.0926,0.384,0,0,23.888888889,30.555555556
1,0.541,0.113,0.378,0,0,23.888888889,30.555555556
1,0.541,0.133,0.36,0,0.0871,23.888888889,30.555555556
1,0.541,0.149,0.348,0,0.0871,23.888888889,30.555555556
1,0.541,0.164,0.333,0.0833,0.0871,23.888888889,30.555555556
1,0.541,0.175,0.322,0.15,0,23.888888889,30.555555556
1,0.541,0.196,0.319,0,0.0435,23.888888889,30.555555556
1,0.543,0.209,0.319,0,0.131,23.888888889,25.555555556
1,0.57,0.237,0.319,0,0.0871,23.888888889,25.555555556
1,0.608,0.294,0.323,0,0.131,23.888888889,25.555555556
1,0.645,0.365,0.335,0,0,23.888888889,25.555555556
1,0.656,0.493,0.371,0,0,22.222222222,25.555555556
1,0.642,0.681,0.449,0,0,21.388888889,21.388888889
1,0.614,0.821,0.571,0,0,21.388888889,21.388888889
1,0.562,0.756,0.682,0,0.0435,21.388888889,21.388888889
1,0.512,0.45,0.522,0,0,21.388888889,21.388888889
1,0.484,0.189,0.232,0,0,21.388888889,21.388888889
1,0.565,0.016,0.0493,0,0,21.388888889,21.388888889
1,0.565,0.016,0.0493,0,0,21.388888889,21.388888889
1,0.565,0.016,0.0493,0,0,21.388888889,21.388888889
1,0.565,0.016,0.0493,0,0,22.222222222,22.222222222
1,0.565,0.016,0.0493,0,0,23.888888889,25.555555556
1,0.565,0.016,0.0493,0,0,23.888888889,25.555555556
1,0.562,0.0222,0.0773,0,0.0435,23.888888889,30.555555556
1,0.529,0.0926,0.384,0,0.0435,23.888888889,30.555555556
1,0.541,0.113,0.378,0.0833,0.0435,23.888888889,30.555555556
1,0.541,0.133,0.36,0.15,0.174,23.888888889,30.555555556
1,0.541,0.149,0.348,0,0.174,23.888888889,30.555555556
1,0.541,0.164,0.333,0,0.131,23.888888889,30.555555556
1,0.541,0.175,0.322,0,0.0871,23.888888889,30.555555556
1,0.541,0.196,0.319,0.0833,0,23.888888889,30.555555556
1,0.543,0.209,0.319,0.15,0.0871,23.888888889,25.555555556
1,0.57,0.237,0.319,0,0.0871,23.888888889,25.555555556
1,0.608,0.294,0.323,0,0,23.888888889,25.555555556
1,0.645,0.365,0.335,0,0,23.888888889,25.555555556
0.417,0.603,0.208,0.181,0,0,22.222222222,25.555555556
0,0.565,0.016,0.0493,0,0,21.388888889,21.388888889
0.583,0.592,0.484,0.358,0,0.0842,21.388888889,21.388888889
1,0.566,0.718,0.641,0,0.236,21.388888889,21.388888889
1,0.565,0.016,0.0493,0,0,21.388888889,21.388888889
1,0.565,0.016,0.0493,0,0,21.388888889,21.388888889
1,0.565,0.016,0.0493,0,0,21.388888889,21.388888889
1,0.565,0.016,0.0493,0,0,21.388888889,21.388888889
1,0.565,0.016,0.0493,0,0,21.388888889,21.388888889
1,0.565,0.016,0.0493,0,0,22.222222222,22.222222222
1,0.565,0.016,0.0493,0,0,23.888888889,25.555555556
1,0.565,0.016,0.0493,0,0,23.888888889,25.555555556
1,0.565,0.016,0.0493,0,0,23.888888889,30.555555556
1,0.563,0.0239,0.0768,0,0,23.888888889,30.555555556
1,0.541,0.113,0.378,0,0.0871,23.888888889,30.555555556
1,0.541,0.133,0.36,0,0.174,23.888888889,30.555555556
1,0.541,0.149,0.348,0,0.131,23.888888889,30.555555556
1,0.541,0.164,0.333,0,0.0871,23.888888889,30.555555556
1,0.541,0.175,0.322,0,0.131,23.888888889,30.555555556
0.417,0.555,0.0907,0.162,0,0,23.888888889,30.555555556
0,0.565,0.016,0.0493,0,0,23.888888889,25.555555556
0.0833,0.568,0.0387,0.072,0,0,23.888888889,25.555555556
1,0.608,0.294,0.323,0,0.218,23.888888889,25.555555556
1,0.645,0.365,0.335,0,0,23.888888889,25.555555556
1,0.656,0.493,0.371,0,0.0871,22.222222222,25.555555556
1,0.642,0.681,0.449,0,0.0435,21.388888889,21.388888889
1,0.614,0.821,0.571,0,0,21.388888889,21.388888889
1,0.562,0.756,0.682,0,0,21.388888889,21.388888889
0.917,0.519,0.435,0.506,0,0,21.388888889,21.388888889
0,0.565,0.016,0.0493,0,0,21.388888889,21.388888889
0,0.565,0.016,0.0493,0,0,21.388888889,21.388888889
0,0.565,0.016,0.0493,0,0,21.388888889,21.388888889
0.833,0.48,0.0193,0.0493,0.0833,0,21.388888889,21.388888889
0.25,0.548,0.016,0.0493,1,0,22.222222222,22.222222222
1,0.565,0.016,0.0493,0.783,0,23.888888889,25.555555556
1,0.565,0.016,0.0493,0,0,23.888888889,25.555555556
1,0.565,0.016,0.0493,0,0,23.888888889,30.555555556
1,0.565,0.016,0.0493,0,0,23.888888889,30.555555556
1,0.565,0.016,0.0493,0,0,23.888888889,30.555555556
1,0.563,0.0269,0.0743,0.0833,0,23.888888889,30.555555556
1,0.541,0.149,0.348,0.383,0.131,23.888888889,30.555555556
1,0.541,0.164,0.333,0,0.522,23.888888889,30.555555556
1,0.541,0.175,0.322,0,0.0871,23.888888889,30.555555556
1,0.541,0.196,0.319,0,0,23.888888889,30.555555556
1,0.543,0.209,0.319,0,0.0435,23.888888889,25.555555556
0.667,0.566,0.16,0.229,0,0.0435,23.888888889,25.555555556
0,0.565,0.016,0.0493,0,0,23.888888889,25.555555556
0,0.565,0.016,0.0493,0,0,23.888888889,25.555555556
0,0.565,0.016,0.0493,0,0,22.222222222,25.555555556
0,0.565,0.016,0.0493,0,0,21.388888889,21.388888889
0.333,0.578,0.282,0.231,0,0.0871,21.388888889,21.388888889
1,0.562,0.756,0.682,0,0.273,21.388888889,21.388888889
1,0.519,0.435,0.506,0,0.103,21.388888889,21.388888889
1,0.565,0.016,0.0493,0,0,21.388888889,21.388888889
1,0.565,0.016,0.0493,0,0,21.388888889,21.388888889
1,0.565,0.016,0.0493,0,0,21.388888889,21.388888889
1,0.565,0.016,0.0493,0,0,21.388888889,21.388888889
1,0.565,0.016,0.0493,0,0,22.222222222,22.222222222
1,0.565,0.016,0.0493,0,0,23.888888889,25.555555556
1,0.565,0.016,0.0493,0,0,23.888888889,25.555555556
1,0.505,0.0597,0.268,0.467,0.131,23.888888889,30.555555556
1,0.529,0.0926,0.384,0,0,23.888888889,30.555555556
1,0.541,0.113,0.378,0,0.131,23.888888889,30.555555556
1,0.541,0.133,0.36,0,0,23.888888889,30.555555556
1,0.541,0.149,0.348,0,0,23.888888889,30.555555556
1,0.541,0.164,0.333,0,0.0435,23.888888889,30.555555556
1,0.541,0.175,0.322,0,0.0435,23.888888889,30.555555556
1,0.541,0.196,0.319,0,0.131,23.888888889,30.555555556
1,0.543,0.209,0.319,0,0.131,23.888888889,25.555555556
1,0.57,0.237,0.319,0,0,23.888888889,25.555555556
1,0.608,0.294,0.323,0,0.0871,23.888888889,25.555555556
1,0.645,0.365,0.335,0,0,23.888888889,25.555555556
1,0.656,0.493,0.371,0,0,22.222222222,25.555555556
1,0.642,0.681,0.449,0,0,21.388888889,21.388888889
1,0.614,0.821,0.571,0,0,21.388888889,21.388888889
1,0.562,0.756,0.682,0,0,21.388888889,21.388888889
1,0.512,0.45,0.522,0,0,21.388888889,21.388888889
1,0.475,0.196,0.238,0,0,21.388888889,21.388888889
1,0.464,0.0958,0.119,0,0,21.388888889,21.388888889
1,0.464,0.0481,0.0719,0,0,21.388888889,21.388888889
1,0.464,0.0265,0.0493,0,0,21.388888889,21.388888889
1,0.472,0.0182,0.0493,0,0.305,22.222222222,22.222222222
1,0.565,0.0183,0.0493,0,0,23.888888889,25.555555556
1,0.565,0.0183,0.0493,0,0,23.888888889,25.555555556
1,0.562,0.0249,0.0773,0.0833,0,23.888888889,25.555555556
1,0.529,0.103,0.384,0.617,0,23.888888889,25.555555556
1,0.541,0.166,0.378,0,0.0435,23.888888889,25.555555556
1,0.541,0.217,0.36,0,0.228,23.888888889,25.555555556
1,0.541,0.257,0.348,0,0.319,23.888888889,25.555555556
1,0.541,0.281,0.333,0,0.172,23.888888889,25.555555556
0.167,0.561,0.0652,0.0948,0,0,23.888888889,25.555555556
0.333,0.557,0.134,0.139,0,0,23.888888889,25.555555556
1,0.543,0.408,0.319,0,0.392,23.888888889,25.555555556
1,0.57,0.447,0.319,0,0,23.888888889,25.555555556
1,0.608,0.469,0.323,0.0833,0,23.888888889,25.555555556
1,0.645,0.491,0.335,0.383,0.174,23.888888889,25.555555556
1,0.656,0.585,0.371,0,0.174,22.222222222,25.555555556
1,0.642,0.761,0.449,0,0,21.388888889,21.388888889
1,0.614,0.876,0.571,0,0,21.388888889,21.388888889
1,0.562,0.789,0.682,0,0.0435,21.388888889,21.388888889
1,0.556,0.101,0.132,0,0,21.388888889,21.388888889
1,0.565,0.0183,0.0493,0,0,21.388888889,21.388888889
1,0.565,0.0183,0.0493,0,0,21.388888889,21.388888889
1,0.565,0.0183,0.0493,0,0,21.388888889,21.388888889
1,0.565,0.0183,0.0493,0,0,21.388888889,21.388888889
1,0.565,0.0183,0.0493,0,0,22.222222222,22.222222222
1,0.565,0.0183,0.0493,0,0,23.888888889,25.555555556
1,0.565,0.0183,0.0493,0,0,23.888888889,25.555555556
1,0.565,0.0183,0.0493,0,0,23.888888889,25.555555556
1,0.565,0.0183,0.0493,0,0,23.888888889,25.555555556
0.417,0.565,0.0183,0.0493,0,0,23.888888889,25.555555556
0.833,0.545,0.184,0.308,0,0.4,23.888888889,25.555555556
1,0.541,0.257,0.348,0,0.267,23.888888889,25.555555556
1,0.541,0.281,0.333,0,0.139,23.888888889,25.555555556
1,0.541,0.304,0.322,0,0.352,23.888888889,25.555555556
0.417,0.555,0.158,0.162,0,0.0345,23.888888889,25.555555556
0.5,0.553,0.211,0.184,0,0.131,23.888888889,25.555555556
0,0.565,0.0183,0.0493,0,0,23.888888889,25.555555556
0.0833,0.571,0.0571,0.0729,0,0,23.888888889,25.555555556
1,0.645,0.491,0.335,0,0.261,23.888888889,25.555555556
1,0.656,0.585,0.371,0,0.0435,22.222222222,25.555555556
1,0.642,0.761,0.449,0,0.0435,21.388888889,21.388888889
1,0.614,0.876,0.571,0,0.218,21.388888889,21.388888889
1,0.566,0.747,0.641,0,0,21.388888889,21.388888889
1,0.565,0.0183,0.0493,0,0,21.388888889,21.388888889
1,0.565,0.0181,0.0493,0,0,21.388888889,21.388888889
1,0.565,0.016,0.0493,0,0,21.388888889,21.388888889
1,0.565,0.016,0.0493,0,0,21.388888889,21.388888889
1,0.565,0.016,0.0493,0,0,21.388888889,21.388888889
1,0.565,0.016,0.0493,0,0,22.222222222,22.222222222
1,0.565,0.016,0.0493,0,0,23.888888889,25.555555556
1,0.565,0.016,0.0493,0,0,23.888888889,25.555555556
1,0.565,0.016,0.0493,0,0,23.888888889,30.555555556
1,0.563,0.0239,0.0768,0,0,23.888888889,30.555555556
1,0.541,0.113,0.378,0,0.131,23.888888889,30.555555556
0.75,0.547,0.104,0.282,0,0,23.888888889,30.555555556
1,0.541,0.149,0.348,0,0.0875,23.888888889,30.555555556
1,0.541,0.164,0.333,0,0.152,23.888888889,30.555555556
0.25,0.559,0.057,0.117,0,0.0435,23.888888889,30.555555556
1,0.541,0.196,0.319,0,0.392,23.888888889,30.555555556
0.917,0.543,0.191,0.296,0,0,23.888888889,25.555555556
0.583,0.569,0.147,0.207,0,0.0871,23.888888889,25.555555556
1,0.608,0.294,0.323,0,0.0871,23.888888889,25.555555556
1,0.645,0.365,0.335,0,0,23.888888889,25.555555556
1,0.656,0.493,0.371,0,0,22.222222222,25.555555556
1,0.642,0.681,0.449,0,0.0435,21.388888889,21.388888889
1,0.614,0.821,0.571,0,0,21.388888889,21.388888889
1,0.562,0.756,0.682,0,0,21.388888889,21.388888889
1,0.512,0.45,0.522,0,0,21.388888889,21.388888889
1,0.475,0.194,0.238,0,0.0435,21.388888889,21.388888889
1,0.472,0.0784,0.117,0,0,21.388888889,21.388888889
1,0.565,0.016,0.0493,0,0,21.388888889,21.388888889
1,0.565,0.016,0.0493,0,0,21.388888889,21.388888889
1,0.565,0.016,0.0493,0,0,22.222222222,22.222222222
1,0.565,0.016,0.0493,0,0,23.888888889,25.555555556
1,0.565,0.016,0.0493,0,0,23.888888889,25.555555556
1,0.565,0.016,0.0493,0,0,23.888888889,30.555555556
1,0.565,0.016,0.0493,0,0,23.888888889,30.555555556
1,0.563,0.0256,0.0753,0,0,23.888888889,30.555555556
1,0.541,0.133,0.36,0,0.0871,23.888888889,30.555555556
1,0.541,0.149,0.348,0,0,23.888888889,30.555555556
1,0.541,0.164,0.333,0,0,23.888888889,30.555555556
1,0.541,0.175,0.322,0,0.0435,23.888888889,30.555555556
1,0.541,0.196,0.319,0,0.0871,23.888888889,30.555555556
1,0.543,0.209,0.319,0,0.0871,23.888888889,25.555555556
1,0.57,0.237,0.319,0,0.0435,23.888888889,25.555555556
1,0.608,0.294,0.323,0,0.0435,23.888888889,25.555555556
1,0.645,0.365,0.335,0,0,23.888888889,25.555555556
1,0.656,0.493,0.371,0,0,22.222222222,25.555555556
1,0.642,0.681,0.449,0,0,21.388888889,21.388888889
1,0.614,0.821,0.571,0,0.0435,21.388888889,21.388888889
1,0.562,0.756,0.682,0,0.0435,21.388888889,21.388888889
1,0.512,0.45,0.522,0,0.0435,21.388888889,21.388888889
1,0.55,0.0474,0.0825,0,0,21.388888889,21.388888889
1,0.565,0.016,0.0493,0,0,21.388888889,21.388888889
1,0.565,0.016,0.0493,0,0,21.388888889,21.388888889
1,0.565,0.016,0.0493,0,0,21.388888889,21.388888889
1,0.565,0.016,0.0493,0,0,22.222222222,22.222222222
1,0.565,0.016,0.0493,0,0,23.888888889,25.555555556
1,0.565,0.016,0.0493,0,0,23.888888889,25.555555556
1,0.562,0.0222,0.0773,0,0,23.888888889,30.555555556
1,0.529,0.0926,0.384,0,0.0435,23.888888889,30.555555556
1,0.541,0.113,0.378,0,0.0435,23.888888889,30.555555556
1,0.541,0.133,0.36,0,0,23.888888889,30.555555556
1,0.541,0.149,0.348,0,0,23.888888889,30.555555556
1,0.541,0.164,0.333,0,0.218,23.888888889,30.555555556
1,0.541,0.175,0.322,0,0.0435,23.888888889,30.555555556
1,0.541,0.196,0.319,0,0.131,23.888888889,30.555555556
1,0.543,0.209,0.319,0,0,23.888888889,25.555555556
1,0.57,0.237,0.319,0,0.131,23.888888889,25.555555556
1,0.608,0.294,0.323,0.0833,0,23.888888889,25.555555556
1,0.645,0.365,0.335,1,0.348,23.888888889,25.555555556
1,0.656,0.493,0.371,0.0833,0,22.222222222,25.555555556
1,0.642,0.681,0.449,0,0.0435,21.388888889,21.388888889
1,0.614,0.821,0.571,0,0,21.388888889,21.388888889
1,0.566,0.718,0.641,0,0,21.388888889,21.388888889
1,0.565,0.016,0.0493,0,0,21.388888889,21.388888889
1,0.565,0.016,0.0493,0,0,21.388888889,21.388888889
1,0.565,0.016,0.0493,0,0,21.388888889,21.388888889
1,0.565,0.016,0.0493,0,0,21.388888889,21.388888889
1,0.565,0.016,0.0493,0,0,21.388888889,21.388888889
1,0.565,0.016,0.0493,0,0,22.222222222,22.222222222
1,0.565,0.016,0.0493,0,0,23.888888889,25.555555556
1,0.558,0.0201,0.0705,0,0,23.888888889,25.555555556
1,0.493,0.068,0.311,0,0.271,23.888888889,30.555555556
1,0.529,0.0926,0.384,0,0.281,23.888888889,30.555555556
1,0.541,0.113,0.378,0,0.504,23.888888889,30.555555556
1,0.541,0.133,0.36,0,0.21,23.888888889,30.555555556
1,0.541,0.149,0.348,0,0.0435,23.888888889,30.555555556
1,0.541,0.164,0.333,0,0,23.888888889,30.555555556
1,0.541,0.175,0.322,0,0.131,23.888888889,30.555555556
1,0.541,0.196,0.319,0.0833,0.0435,23.888888889,30.555555556
1,0.543,0.209,0.319,0.383,0,23.888888889,25.555555556
1,0.57,0.237,0.319,0,0.0871,23.888888889,25.555555556
1,0.608,0.294,0.323,0.0833,0.0871,23.888888889,25.555555556
1,0.645,0.365,0.335,0.15,0,23.888888889,25.555555556
1,0.656,0.493,0.371,0,0,22.222222222,25.555555556
1,0.642,0.681,0.449,0,0,21.388888889,21.388888889
1,0.614,0.821,0.571,0,0.0435,21.388888889,21.388888889
1,0.566,0.718,0.641,0,0,21.388888889,21.388888889
1,0.565,0.016,0.0493,0,0,21.388888889,21.388888889
1,0.565,0.016,0.0493,0,0,21.388888889,21.388888889
1,0.565,0.016,0.0493,0,0,21.388888889,21.388888889
1,0.565,0.016,0.0493,0,0,21.388888889,21.388888889
1,0.565,0.016,0.0493,0,0,21.388888889,21.388888889
1,0.565,0.016,0.0493,0,0,22.222222222,22.222222222
1,0.565,0.016,0.0493,0,0,23.888888889,25.555555556
1,0.565,0.016,0.0493,0,0,23.888888889,25.555555556
1,0.565,0.016,0.0493,0,0,23.888888889,30.555555556
1,0.565,0.016,0.0493,0,0,23.888888889,30.555555556
1,0.565,0.016,0.0493,0,0,23.888888889,30.555555556
1,0.563,0.0269,0.0743,0,0,23.888888889,30.555555556
1,0.541,0.149,0.348,0,0.174,23.888888889,30.555555556
1,0.541,0.164,0.333,0,0.176,23.888888889,30.555555556
1,0.541,0.175,0.322,0,0.218,23.888888889,30.555555556
0.667,0.549,0.136,0.229,0,0.143,23.888888889,30.555555556
0,0.565,0.016,0.0493,0,0,23.888888889,25.555555556
0.833,0.57,0.201,0.274,0,0.174,23.888888889,25.555555556
1,0.602,0.266,0.299,0,0.174,23.888888889,25.555555556
1,0.565,0.016,0.0493,0,0,23.888888889,25.555555556
1,0.565,0.016,0.0493,0,0,22.222222222,25.555555556
1,0.565,0.016,0.0493,0,0,21.388888889,21.388888889
1,0.565,0.016,0.0493,0,0,21.388888889,21.388888889
1,0.565,0.016,0.0493,0,0,21.388888889,21.388888889
1,0.565,0.016,0.0493,0,0,21.388888889,21.388888889
1,0.565,0.0162,0.0493,0,0,21.388888889,21.388888889
1,0.565,0.0183,0.0493,0,0,21.388888889,21.388888889
1,0.565,0.0183,0.0493,0,0,21.388888889,21.388888889
1,0.565,0.0183,0.0493,0,0,21.388888889,21.388888889
1,0.565,0.0183,0.0493,0,0,22.222222222,22.222222222
1,0.565,0.0183,0.0493,0,0,23.888888889,25.555555556
1,0.565,0.0183,0.0493,0,0,23.888888889,25.555555556
1,0.565,0.0183,0.0493,0,0,23.888888889,25.555555556
1,0.544,0.0699,0.244,0,0.244,23.888888889,25.555555556
1,0.541,0.166,0.378,0,0.265,23.888888889,25.555555556
1,0.541,0.217,0.36,0,0.189,23.888888889,25.555555556
1,0.541,0.257,0.348,0,0.364,23.888888889,25.555555556
0.417,0.555,0.127,0.168,0,0,23.888888889,25.555555556
0,0.565,0.0183,0.0493,0,0,23.888888889,25.555555556
0,0.565,0.0183,0.0493,0,0,23.888888889,25.555555556
0,0.565,0.0183,0.0493,0,0,23.888888889,25.555555556
0,0.565,0.0183,0.0493,0,0,23.888888889,25.555555556
0.0833,0.571,0.0571,0.0729,0,0.0871,23.888888889,25.555555556
1,0.645,0.491,0.335,0,0.305,23.888888889,25.555555556
1,0.656,0.585,0.371,0,0,22.222222222,25.555555556
1,0.642,0.761,0.449,0,0,21.388888889,21.388888889
1,0.614,0.876,0.571,0,0,21.388888889,21.388888889
1,0.566,0.747,0.641,0,0.222,21.388888889,21.388888889
1,0.565,0.0183,0.0493,0,0,21.388888889,21.388888889
1,0.565,0.0183,0.0493,0,0,21.388888889,21.388888889
1,0.565,0.0183,0.0493,0,0,21.388888889,21.388888889
1,0.565,0.0183,0.0493,0,0,21.388888889,21.388888889
1,0.565,0.0183,0.0493,0,0,21.388888889,21.388888889
1,0.565,0.0183,0.0493,0,0,22.222222222,22.222222222
1,0.565,0.0183,0.0493,0,0,23.888888889,25.555555556
1,0.565,0.0183,0.0493,0,0,23.888888889,25.555555556
1,0.562,0.0249,0.0773,0,0.0935,23.888888889,25.555555556
1,0.529,0.103,0.384,0,0.155,23.888888889,25.555555556
1,0.541,0.166,0.378,0,0.256,23.888888889,25.555555556
1,0.541,0.217,0.36,0,0.342,23.888888889,25.555555556
0.917,0.543,0.235,0.325,0,0.225,23.888888889,25.555555556
0,0.565,0.0183,0.0493,0,0,23.888888889,25.555555556
0,0.565,0.0183,0.0493,0,0,23.888888889,25.555555556
0,0.565,0.0183,0.0493,0,0,23.888888889,25.555555556
0.583,0.553,0.247,0.207,0,0.0871,23.888888889,25.555555556
1,0.569,0.234,0.185,0,0,23.888888889,25.555555556
1,0.571,0.0932,0.0947,0,0,23.888888889,25.555555556
1,0.565,0.0183,0.0493,0,0,23.888888889,25.555555556
1,0.617,0.355,0.24,0,0.174,22.222222222,25.555555556
1,0.642,0.761,0.449,0,0.0871,21.388888889,21.388888889
1,0.614,0.876,0.571,0,0.131,21.388888889,21.388888889
1,0.566,0.747,0.641,0,0,21.388888889,21.388888889
1,0.565,0.0183,0.0493,0,0,21.388888889,21.388888889
1,0.565,0.0181,0.0493,0,0,21.388888889,21.388888889
1,0.565,0.016,0.0493,0,0,21.388888889,21.388888889
1,0.565,0.016,0.0493,0,0,21.388888889,21.388888889
1,0.565,0.016,0.0493,0,0,21.388888889,21.388888889
1,0.565,0.016,0.0493,0,0,22.222222222,22.222222222
1,0.565,0.016,0.0493,0,0,23.888888889,25.555555556
1,0.565,0.016,0.0493,0,0,23.888888889,25.555555556
1,0.565,0.016,0.0493,0,0,23.888888889,30.555555556
1,0.563,0.0239,0.0768,0,0.0871,23.888888889,30.555555556
1,0.541,0.113,0.378,0,0.174,23.888888889,30.555555556
1,0.541,0.133,0.36,0,0.0435,23.888888889,30.555555556
1,0.541,0.149,0.348,0,0.0435,23.888888889,30.555555556
1,0.543,0.151,0.31,0,0,23.888888889,30.555555556
1,0.565,0.016,0.0493,0,0,23.888888889,30.555555556
1,0.557,0.0767,0.139,0,0.486,23.888888889,30.555555556
1,0.543,0.209,0.319,0,0.379,23.888888889,25.555555556
1,0.57,0.237,0.319,0,0.283,23.888888889,25.555555556
1,0.588,0.158,0.187,0.0833,0.271,23.888888889,25.555555556
1,0.645,0.365,0.335,0.15,0,23.888888889,25.555555556
1,0.656,0.493,0.371,0,0.131,22.222222222,25.555555556
1,0.642,0.681,0.449,0,0,21.388888889,21.388888889
1,0.614,0.821,0.571,0,0.0435,21.388888889,21.388888889
1,0.562,0.756,0.682,0,0,21.388888889,21.388888889
1,0.544,0.206,0.257,0,0,21.388888889,21.388888889
1,0.565,0.016,0.0493,0,0,21.388888889,21.388888889
1,0.565,0.016,0.0493,0,0,21.388888889,21.388888889
1,0.565,0.016,0.0493,0,0,21.388888889,21.388888889
1,0.565,0.016,0.0493,0,0,21.388888889,21.388888889
1,0.565,0.016,0.0493,0,0,22.222222222,22.222222222
1,0.565,0.016,0.0493,0,0,23.888888889,25.555555556
1,0.565,0.016,0.0493,0,0,23.888888889,25.555555556
1,0.565,0.016,0.0493,0,0,23.888888889,30.555555556
1,0.565,0.016,0.0493,0,0,23.888888889,30.555555556
1,0.563,0.0256,0.0753,0,0,23.888888889,30.555555556
1,0.541,0.133,0.36,0,0.0435,23.888888889,30.555555556
0.667,0.549,0.104,0.25,0,0.0435,23.888888889,30.555555556
0,0.565,0.016,0.0493,0,0,23.888888889,30.555555556
0,0.565,0.016,0.0493,0,0,23.888888889,30.555555556
0,0.565,0.016,0.0493,0,0,23.888888889,30.555555556
0.583,0.553,0.129,0.207,0,0.0871,23.888888889,25.555555556
1,0.569,0.183,0.252,0,0.0435,23.888888889,25.555555556
0.417,0.582,0.13,0.163,0,0,23.888888889,25.555555556
0,0.565,0.016,0.0493,0,0,23.888888889,25.555555556
0.833,0.64,0.416,0.319,0,0.218,22.222222222,25.555555556
1,0.642,0.681,0.449,0,0.0435,21.388888889,21.388888889
1,0.614,0.821,0.571,0,0,21.388888889,21.388888889
1,0.562,0.756,0.682,0,0,21.388888889,21.388888889
1,0.512,0.45,0.522,0,0,21.388888889,21.388888889
1,0.475,0.194,0.238,0,0,21.388888889,21.388888889
1,0.523,0.0443,0.0801,0,0,21.388888889,21.388888889
1,0.565,0.016,0.0493,0,0,21.388888889,21.388888889
1,0.565,0.016,0.0493,0,0,21.388888889,21.388888889
1,0.565,0.016,0.0493,0,0,22.222222222,22.222222222
1,0.565,0.016,0.0493,0,0,23.888888889,25.555555556
1,0.565,0.016,0.0493,0,0,23.888888889,25.555555556
1,0.565,0.016,0.0493,0,0,23.888888889,30.555555556
1,0.565,0.016,0.0493,0,0,23.888888889,30.555555556
1,0.563,0.0256,0.0753,0,0,23.888888889,30.555555556
1,0.541,0.133,0.36,0,0,23.888888889,30.555555556
1,0.541,0.149,0.348,0,0,23.888888889,30.555555556
1,0.541,0.164,0.333,0,0.131,23.888888889,30.555555556
1,0.541,0.175,0.322,0,0,23.888888889,30.555555556
1,0.541,0.196,0.319,0,0.0435,23.888888889,30.555555556
1,0.543,0.209,0.319,0,0.0435,23.888888889,25.555555556
1,0.57,0.237,0.319,0,0,23.888888889,25.555555556
1,0.608,0.294,0.323,0.233,0.174,23.888888889,25.555555556
1,0.645,0.365,0.335,0,0,23.888888889,25.555555556
1,0.656,0.493,0.371,0,0.131,22.222222222,25.555555556
1,0.642,0.681,0.449,0,0.174,21.388888889,21.388888889
1,0.614,0.821,0.571,0,0,21.388888889,21.388888889
1,0.562,0.756,0.682,0,0,21.388888889,21.388888889
1,0.519,0.435,0.506,0,0,21.388888889,21.388888889
1,0.565,0.016,0.0493,0,0,21.388888889,21.388888889
1,0.565,0.016,0.0493,0,0,21.388888889,21.388888889
1,0.565,0.016,0.0493,0,0,21.388888889,21.388888889
1,0.565,0.016,0.0493,0,0,21.388888889,21.388888889
1,0.565,0.016,0.0493,0,0,22.222222222,22.222222222
1,0.565,0.016,0.0493,0,0,23.888888889,25.555555556
1,0.565,0.016,0.0493,0,0,23.888888889,25.555555556
1,0.565,0.016,0.0493,0,0,23.888888889,30.555555556
1,0.565,0.016,0.0493,0,0,23.888888889,30.555555556
1,0.565,0.016,0.0493,0,0,23.888888889,30.555555556
1,0.563,0.0269,0.0743,0.0833,0.0435,23.888888889,30.555555556
1,0.541,0.149,0.348,0.15,0.305,23.888888889,30.555555556
1,0.541,0.164,0.333,0,0.218,23.888888889,30.555555556
0.917,0.543,0.16,0.3,0,0,23.888888889,30.555555556
0,0.565,0.016,0.0493,0,0,23.888888889,30.555555556
0.833,0.547,0.177,0.274,0,0.0435,23.888888889,25.555555556
1,0.57,0.237,0.319,0,0,23.888888889,25.555555556
1,0.608,0.294,0.323,0.0833,0.0871,23.888888889,25.555555556
1,0.645,0.365,0.335,0.15,0.0435,23.888888889,25.555555556
1,0.656,0.493,0.371,0,0.0832,22.222222222,25.555555556
1,0.642,0.681,0.449,0,0.555,21.388888889,21.388888889
1,0.614,0.757,0.517,0,0.154,21.388888889,21.388888889
1,0.565,0.016,0.0493,0,0,21.388888889,21.388888889
1,0.565,0.016,0.0493,0,0,21.388888889,21.388888889
1,0.565,0.016,0.0493,0,0,21.388888889,21.388888889
1,0.565,0.016,0.0493,0,0,21.388888889,21.388888889
1,0.565,0.016,0.0493,0,0,21.388888889,21.388888889
1,0.565,0.016,0.0493,0,0,21.388888889,21.388888889
1,0.565,0.016,0.0493,0,0,22.222222222,22.222222222
1,0.565,0.016,0.0493,0,0,23.888888889,25.555555556
1,0.565,0.016,0.0493,0,0,23.888888889,25.555555556
1,0.565,0.016,0.0493,0,0,23.888888889,30.555555556
1,0.565,0.016,0.0493,0,0,23.888888889,30.555555556
1,0.565,0.016,0.0493,0,0,23.888888889,30.555555556
1,0.551,0.0849,0.23,0,0,23.888888889,30.555555556
1,0.541,0.149,0.348,0,0.131,23.888888889,30.555555556
1,0.541,0.164,0.333,0,0.0871,23.888888889,30.555555556
1,0.541,0.175,0.322,0,0.305,23.888888889,30.555555556
1,0.541,0.196,0.319,0,0.131,23.888888889,30.555555556
0.917,0.543,0.191,0.296,0,0.174,23.888888889,25.555555556
0.583,0.569,0.147,0.207,0.233,0,23.888888889,25.555555556
1,0.608,0.294,0.323,0,0,23.888888889,25.555555556
1,0.645,0.365,0.335,0,0.131,23.888888889,25.555555556
1,0.656,0.493,0.371,0,0.0435,22.222222222,25.555555556
1,0.637,0.614,0.406,0,0.216,21.388888889,21.388888889
1,0.565,0.016,0.0493,0,0.0631,21.388888889,21.388888889
1,0.565,0.016,0.0493,0,0,21.388888889,21.388888889
1,0.565,0.016,0.0493,0,0,21.388888889,21.388888889
1,0.565,0.0162,0.0493,0,0,21.388888889,21.388888889
1,0.565,0.0183,0.0493,0,0,21.388888889,21.388888889
1,0.565,0.0183,0.0493,0,0,21.388888889,21.388888889
1,0.565,0.0183,0.0493,0,0,21.388888889,21.388888889
1,0.565,0.0183,0.0493,0,0,22.222222222,22.222222222
1,0.565,0.0183,0.0493,0,0,23.888888889,25.555555556
1,0.565,0.0183,0.0493,0,0,23.888888889,25.555555556
1,0.565,0.0183,0.0493,0,0,23.888888889,25.555555556
1,0.565,0.0183,0.0493,0,0,23.888888889,25.555555556
0.917,0.565,0.0183,0.0493,0,0,23.888888889,25.555555556
0,0.565,0.0183,0.0493,0,0,23.888888889,25.555555556
0,0.565,0.0183,0.0493,0,0,23.888888889,25.555555556
0,0.565,0.0183,0.0493,0,0,23.888888889,25.555555556
0,0.565,0.0183,0.0493,0,0,23.888888889,25.555555556
0,0.565,0.0183,0.0493,0,0,23.888888889,25.555555556
0.833,0.547,0.344,0.274,0,0.0871,23.888888889,25.555555556
1,0.57,0.447,0.319,0,0.131,23.888888889,25.555555556
1,0.608,0.469,0.323,0,0.261,23.888888889,25.555555556
1,0.645,0.491,0.335,0,0,23.888888889,25.555555556
1,0.656,0.585,0.371,0,0.0435,22.222222222,25.555555556
1,0.642,0.761,0.449,0,0.0435,21.388888889,21.388888889
1,0.614,0.876,0.571,0,0.305,21.388888889,21.388888889
1,0.566,0.35,0.318,0,0,21.388888889,21.388888889
1,0.565,0.0183,0.0493,0,0,21.388888889,21.388888889
1,0.565,0.0183,0.0493,0,0,21.388888889,21.388888889
1,0.565,0.0183,0.0493,0,0,21.388888889,21.388888889
1,0.565,0.0183,0.0493,0,0,21.388888889,21.388888889
1,0.565,0.0183,0.0493,0,0,21.388888889,21.388888889
1,0.565,0.0183,0.0493,0,0,22.222222222,22.222222222
1,0.565,0.0183,0.0493,0,0,23.888888889,25.555555556
1,0.565,0.0183,0.0493,0,0,23.888888889,25.555555556
1,0.565,0.0183,0.0493,0,0,23.888888889,25.555555556
1,0.565,0.0183,0.0493,0,0,23.888888889,25.555555556
0.917,0.565,0.0183,0.0493,0,0,23.888888889,25.555555556
0,0.565,0.0183,0.0493,0,0,23.888888889,25.555555556
0,0.565,0.0183,0.0493,0,0,23.888888889,25.555555556
0,0.565,0.0183,0.0493,0,0,23.888888889,25.555555556
0,0.565,0.0183,0.0493,0,0,23.888888889,25.555555556
0,0.565,0.0183,0.0493,0,0,23.888888889,25.555555556
0,0.565,0.0183,0.0493,0,0,23.888888889,25.555555556
0,0.565,0.0183,0.0493,0,0,23.888888889,25.555555556
0,0.565,0.0183,0.0493,0,0,23.888888889,25.555555556
0,0.565,0.0183,0.0493,0,0,23.888888889,25.555555556
0.333,0.594,0.217,0.161,0,0.174,22.222222222,25.555555556
1,0.642,0.761,0.449,0,0.174,21.388888889,21.388888889
1,0.614,0.876,0.571,0,0.348,21.388888889,21.388888889
1,0.566,0.35,0.318,0,0.0435,21.388888889,21.388888889
1,0.565,0.0183,0.0493,0,0,21.388888889,21.388888889
1,0.565,0.0181,0.0493,0,0,21.388888889,21.388888889
1,0.565,0.016,0.0493,0,0,21.388888889,21.388888889
1,0.556,0.0163,0.0493,0,0.091,21.388888889,21.388888889
1,0.464,0.0201,0.0493,0,0.355,21.388888889,21.388888889
1,0.548,0.016,0.0493,0,0.189,22.222222222,22.222222222
1,0.565,0.016,0.0493,0,0,23.888888889,25.555555556
1,0.565,0.016,0.0493,0,0,23.888888889,25.555555556
1,0.565,0.016,0.0493,0,0,23.888888889,30.555555556
1,0.544,0.0614,0.244,0,0.348,23.888888889,30.555555556
1,0.541,0.113,0.378,0,0.0435,23.888888889,30.555555556
1,0.541,0.133,0.36,0,0.0435,23.888888889,30.555555556
1,0.541,0.149,0.348,0,0.0435,23.888888889,30.555555556
1,0.541,0.164,0.333,0,0.179,23.888888889,30.555555556
1,0.541,0.175,0.322,0,0.241,23.888888889,30.555555556
0.917,0.543,0.18,0.297,0,0.126,23.888888889,30.555555556
0,0.565,0.016,0.0493,0,0,23.888888889,25.555555556
0,0.565,0.016,0.0493,0,0,23.888888889,25.555555556
0,0.565,0.016,0.0493,0,0,23.888888889,25.555555556
0,0.565,0.016,0.0493,0,0,23.888888889,25.555555556
0,0.565,0.016,0.0493,0,0,22.222222222,25.555555556
0.833,0.629,0.572,0.384,0,0,21.388888889,21.388888889
1,0.614,0.821,0.571,0,0.135,21.388888889,21.388888889
1,0.562,0.756,0.682,0,0,21.388888889,21.388888889
1,0.512,0.45,0.522,0,0,21.388888889,21.388888889
1,0.528,0.0945,0.132,0,0,21.388888889,21.388888889
1,0.565,0.016,0.0493,0,0,21.388888889,21.388888889
1,0.565,0.016,0.0493,0,0,21.388888889,21.388888889
1,0.565,0.016,0.0493,0,0,21.388888889,21.388888889
1,0.565,0.016,0.0493,0,0,22.222222222,22.222222222
1,0.565,0.016,0.0493,0,0,23.888888889,25.555555556
1,0.565,0.016,0.0493,0,0,23.888888889,25.555555556
1,0.565,0.016,0.0493,0,0,23.888888889,30.555555556
1,0.565,0.016,0.0493,0,0,23.888888889,30.555555556
1,0.565,0.016,0.0493,0,0,23.888888889,30.555555556
1,0.565,0.016,0.0493,0,0,23.888888889,30.555555556
1,0.565,0.016,0.0493,0,0,23.888888889,30.555555556
1,0.565,0.016,0.0493,0,0,23.888888889,30.555555556
1,0.565,0.016,0.0493,0,0,23.888888889,30.555555556
1,0.565,0.016,0.0493,0,0,23.888888889,30.555555556
1,0.565,0.016,0.0493,0,0,23.888888889,25.555555556
1,0.568,0.0387,0.072,0,0.0871,23.888888889,25.555555556
1,0.608,0.294,0.323,0,0.174,23.888888889,25.555555556
1,0.645,0.365,0.335,0,0.131,23.888888889,25.555555556
1,0.656,0.493,0.371,0,0.0871,22.222222222,25.555555556
1,0.642,0.681,0.449,0,0.131,21.388888889,21.388888889
1,0.587,0.353,0.262,0,0.0871,21.388888889,21.388888889
1,0.565,0.016,0.0493,0,0,21.388888889,21.388888889
1,0.565,0.016,0.0493,0,0,21.388888889,21.388888889
1,0.565,0.016,0.0493,0,0,21.388888889,21.388888889
1,0.565,0.016,0.0493,0,0,21.388888889,21.388888889
1,0.565,0.016,0.0493,0,0,21.388888889,21.388888889
1,0.565,0.016,0.0493,0,0,21.388888889,21.388888889
1,0.565,0.016,0.0493,0,0,22.222222222,22.222222222
1,0.565,0.016,0.0493,0,0,23.888888889,25.555555556
1,0.558,0.0201,0.0705,0,0.0892,23.888888889,25.555555556
0.917,0.496,0.0617,0.283,0,0.351,23.888888889,30.555555556
0.333,0.554,0.0426,0.161,0,0,23.888888889,30.555555556
1,0.541,0.113,0.378,0,0,23.888888889,30.555555556
1,0.541,0.133,0.36,0,0.0435,23.888888889,30.555555556
0.5,0.553,0.0832,0.198,0,0,23.888888889,30.555555556
1,0.541,0.164,0.333,0,0.0435,23.888888889,30.555555556
1,0.541,0.175,0.322,0,0,23.888888889,30.555555556
1,0.541,0.196,0.319,0,0.265,23.888888889,30.555555556
0.667,0.549,0.143,0.229,0,0.097,23.888888889,25.555555556
0.333,0.569,0.0926,0.14,0,0,23.888888889,25.555555556
1,0.608,0.294,0.323,0,0.0435,23.888888889,25.555555556
1,0.645,0.365,0.335,0,0,23.888888889,25.555555556
1,0.656,0.493,0.371,0,0,22.222222222,25.555555556
1,0.642,0.681,0.449,0,0.174,21.388888889,21.388888889
1,0.614,0.821,0.571,0,0.131,21.388888889,21.388888889
1,0.562,0.756,0.682,0,0,21.388888889,21.388888889
1,0.512,0.45,0.522,0,0,21.388888889,21.388888889
1,0.484,0.189,0.232,0,0,21.388888889,21.388888889
1,0.565,0.016,0.0493,0,0,21.388888889,21.388888889
1,0.565,0.016,0.0493,0,0,21.388888889,21.388888889
1,0.565,0.016,0.0493,0,0,21.388888889,21.388888889
1,0.565,0.016,0.0493,0,0,22.222222222,22.222222222
1,0.506,0.0226,0.0566,0,0.0435,23.888888889,25.555555556
1,0.466,0.043,0.144,0,0.0435,23.888888889,25.555555556
1,0.493,0.068,0.311,0,0.261,23.888888889,30.555555556
0.917,0.549,0.0472,0.189,0,0,23.888888889,30.555555556
0.583,0.551,0.0733,0.24,0,0,23.888888889,30.555555556
1,0.541,0.133,0.36,0,0,23.888888889,30.555555556
1,0.541,0.149,0.348,0,0,23.888888889,30.555555556
0.667,0.549,0.114,0.239,0,0.281,23.888888889,30.555555556
0.833,0.545,0.148,0.277,0,0,23.888888889,30.555555556
1,0.541,0.196,0.319,0,0.0871,23.888888889,30.555555556
1,0.543,0.209,0.319,0,0.264,23.888888889,25.555555556
1,0.57,0.237,0.319,0,0.214,23.888888889,25.555555556
0.417,0.582,0.13,0.163,0,0.0435,23.888888889,25.555555556
0,0.565,0.016,0.0493,0,0,23.888888889,25.555555556
0.583,0.617,0.301,0.24,0,0.0435,22.222222222,25.555555556
1,0.642,0.681,0.449,0,0,21.388888889,21.388888889
1,0.614,0.821,0.571,0,0,21.388888889,21.388888889
1,0.562,0.756,0.682,0,0,21.388888889,21.388888889
1,0.544,0.206,0.257,0,0,21.388888889,21.388888889
1,0.565,0.016,0.0493,0,0,21.388888889,21.388888889
1,0.565,0.016,0.0493,0,0,21.388888889,21.388888889
1,0.565,0.016,0.0493,0,0,21.388888889,21.388888889
1,0.565,0.016,0.0493,0,0,21.388888889,21.388888889
1,0.565,0.016,0.0493,0,0,22.222222222,22.222222222
1,0.565,0.016,0.0493,0,0,23.888888889,25.555555556
1,0.558,0.0201,0.0705,0,0,23.888888889,25.555555556
1,0.493,0.068,0.311,0,0.185,23.888888889,30.555555556
1,0.529,0.0926,0.384,0,0.184,23.888888889,30.555555556
1,0.541,0.113,0.378,0,0.206,23.888888889,30.555555556
1,0.541,0.133,0.36,0,0,23.888888889,30.555555556
1,0.541,0.149,0.348,0,0.0871,23.888888889,30.555555556
1,0.541,0.164,0.333,0,0.218,23.888888889,30.555555556
1,0.541,0.175,0.322,0,0.131,23.888888889,30.555555556
0.917,0.543,0.18,0.297,0,0,23.888888889,30.555555556
0.583,0.553,0.129,0.207,0,0,23.888888889,25.555555556
1,0.566,0.16,0.229,0,0.0435,23.888888889,25.555555556
1,0.565,0.016,0.0493,0,0,23.888888889,25.555555556
1,0.612,0.224,0.217,0,0.174,23.888888889,25.555555556
1,0.656,0.493,0.371,0,0.305,22.222222222,25.555555556
1,0.642,0.681,0.449,0,0,21.388888889,21.388888889
1,0.614,0.757,0.517,0,0,21.388888889,21.388888889
1,0.565,0.016,0.0493,0,0,21.388888889,21.388888889
1,0.565,0.016,0.0493,0,0,21.388888889,21.388888889
1,0.565,0.0162,0.0493,0,0,21.388888889,21.388888889
1,0.565,0.0183,0.0493,0,0,21.388888889,21.388888889
1,0.565,0.0183,0.0493,0,0,21.388888889,21.388888889
1,0.565,0.0183,0.0493,0,0,21.388888889,21.388888889
1,0.565,0.0183,0.0493,0,0,22.222222222,22.222222222
1,0.565,0.0183,0.0493,0,0,23.888888889,25.555555556
1,0.508,0.0281,0.111,0,0,23.888888889,25.555555556
1,0.493,0.0581,0.311,0,0.131,23.888888889,25.555555556
1,0.529,0.103,0.384,0,0.218,23.888888889,25.555555556
0.167,0.561,0.0421,0.104,0,0,23.888888889,25.555555556
0,0.565,0.0183,0.0493,0,0,23.888888889,25.555555556
0.333,0.557,0.0991,0.148,0,0.358,23.888888889,25.555555556
1,0.541,0.281,0.333,0,0.154,23.888888889,25.555555556
0.417,0.555,0.136,0.163,0,0.717,23.888888889,25.555555556
0,0.565,0.0183,0.0493,0,0,23.888888889,25.555555556
0,0.565,0.0183,0.0493,0,0,23.888888889,25.555555556
0,0.565,0.0183,0.0493,0,0,23.888888889,25.555555556
0,0.565,0.0183,0.0493,0,0,23.888888889,25.555555556
0.0833,0.572,0.0643,0.0756,0,0,23.888888889,25.555555556
1,0.656,0.585,0.371,0,0.0435,22.222222222,25.555555556
1,0.642,0.761,0.449,0,0.0871,21.388888889,21.388888889
1,0.614,0.876,0.571,0,0,21.388888889,21.388888889
1,0.565,0.151,0.157,0,0,21.388888889,21.388888889
1,0.565,0.0183,0.0493,0,0,21.388888889,21.388888889
1,0.565,0.0183,0.0493,0,0,21.388888889,21.388888889
1,0.565,0.0183,0.0493,0,0,21.388888889,21.388888889
1,0.565,0.0183,0.0493,0,0,21.388888889,21.388888889
1,0.565,0.0183,0.0493,0,0,21.388888889,21.388888889
1,0.565,0.0183,0.0493,0,0,22.222222222,22.222222222
1,0.565,0.0183,0.0493,0,0,23.888888889,25.555555556
1,0.565,0.0183,0.0493,0,0,23.888888889,25.555555556
1,0.524,0.043,0.205,0,1,23.888888889,25.555555556
1,0.529,0.103,0.384,0,0.561,23.888888889,25.555555556
1,0.541,0.166,0.378,0,0.713,23.888888889,25.555555556
1,0.541,0.217,0.36,0,0.15,23.888888889,25.555555556
1,0.541,0.257,0.348,0,0.519,23.888888889,25.555555556
1,0.541,0.281,0.333,0,0.288,23.888888889,25.555555556
0.917,0.543,0.276,0.3,0,0.0189,23.888888889,25.555555556
0,0.565,0.0183,0.0493,0,0,23.888888889,25.555555556
0,0.565,0.0183,0.0493,0,0,23.888888889,25.555555556
0,0.565,0.0183,0.0493,0,0,23.888888889,25.555555556
0,0.565,0.0183,0.0493,0,0,23.888888889,25.555555556
0.0833,0.572,0.0643,0.0756,0,0.0871,23.888888889,25.555555556
1,0.656,0.585,0.371,0,0.261,22.222222222,25.555555556
1,0.642,0.761,0.449,0,0,21.388888889,21.388888889
1,0.614,0.876,0.571,0,0.0435,21.388888889,21.388888889
1,0.562,0.789,0.682,0,0,21.388888889,21.388888889
1,0.519,0.472,0.506,0,0,21.388888889,21.388888889
1,0.565,0.0181,0.0493,0,0,21.388888889,21.388888889
1,0.565,0.016,0.0493,0,0,21.388888889,21.388888889
1,0.565,0.016,0.0493,0,0,21.388888889,21.388888889
1,0.565,0.016,0.0493,0,0,21.388888889,21.388888889
1,0.565,0.016,0.0493,0,0,22.222222222,22.222222222
1,0.565,0.016,0.0493,0,0,23.888888889,25.555555556
1,0.558,0.0201,0.0705,0,0,23.888888889,25.555555556
1,0.493,0.068,0.311,0,0.0948,23.888888889,30.555555556
1,0.529,0.0926,0.384,0,0.417,23.888888889,30.555555556
1,0.541,0.113,0.378,0,0.0815,23.888888889,30.555555556
1,0.541,0.133,0.36,0,0.329,23.888888889,30.555555556
1,0.541,0.149,0.348,0.0833,0.247,23.888888889,30.555555556
1,0.541,0.164,0.333,0.15,0.131,23.888888889,30.555555556
1,0.541,0.175,0.322,0,0.174,23.888888889,30.555555556
1,0.561,0.0459,0.0943,0,0,23.888888889,30.555555556
1,0.565,0.034,0.0718,0,0,23.888888889,25.555555556
1,0.57,0.237,0.319,0,0.131,23.888888889,25.555555556
1,0.608,0.294,0.323,0,0.0871,23.888888889,25.555555556
1,0.645,0.365,0.335,0,0,23.888888889,25.555555556
1,0.656,0.493,0.371,0,0.139,22.222222222,25.555555556
1,0.642,0.681,0.449,0,0.252,21.388888889,21.388888889
1,0.614,0.757,0.517,0,0.106,21.388888889,21.388888889
1,0.565,0.016,0.0493,0,0,21.388888889,21.388888889
1,0.565,0.016,0.0493,0,0,21.388888889,21.388888889
1,0.565,0.016,0.0493,0,0,21.388888889,21.388888889
1,0.565,0.016,0.0493,0,0,21.388888889,21.388888889
1,0.565,0.016,0.0493,0,0,21.388888889,21.388888889
1,0.565,0.016,0.0493,0,0,21.388888889,21.388888889
1,0.565,0.016,0.0493,0,0,22.222222222,22.222222222
1,0.565,0.016,0.0493,0,0,23.888888889,25.555555556
1,0.565,0.016,0.0493,0,0,23.888888889,25.555555556
1,0.562,0.0222,0.0773,0.0833,0,23.888888889,30.555555556
1,0.529,0.0926,0.384,0.383,0,23.888888889,30.555555556
1,0.541,0.113,0.378,0,0,23.888888889,30.555555556
1,0.541,0.133,0.36,0,0,23.888888889,30.555555556
1,0.541,0.149,0.348,0,0,23.888888889,30.555555556
1,0.541,0.164,0.333,0,0.131,23.888888889,30.555555556
1,0.541,0.175,0.322,0,0.131,23.888888889,30.555555556
1,0.541,0.196,0.319,0,0.131,23.888888889,30.555555556
1,0.543,0.209,0.319,0,0.348,23.888888889,25.555555556
1,0.57,0.237,0.319,0,0.403,23.888888889,25.555555556
1,0.608,0.294,0.323,0,0,23.888888889,25.555555556
0.917,0.637,0.326,0.309,0,0,23.888888889,25.555555556
0.833,0.64,0.416,0.319,0,0.0435,22.222222222,25.555555556
1,0.642,0.681,0.449,0,0.0435,21.388888889,21.388888889
1,0.614,0.821,0.571,0,0,21.388888889,21.388888889
1,0.562,0.756,0.682,0,0,21.388888889,21.388888889
1,0.512,0.45,0.522,0,0,21.388888889,21.388888889
1,0.475,0.194,0.238,0,0,21.388888889,21.388888889
1,0.464,0.0776,0.119,0,0,21.388888889,21.388888889
1,0.464,0.0378,0.0719,0,0,21.388888889,21.388888889
1,0.548,0.0166,0.0493,0,0,21.388888889,21.388888889
1,0.565,0.016,0.0493,0,0,22.222222222,22.222222222
1,0.565,0.016,0.0493,0,0,23.888888889,25.555555556
1,0.558,0.0199,0.0708,0.0833,0,23.888888889,25.555555556
1,0.493,0.0655,0.314,0.15,0,23.888888889,30.555555556
1,0.529,0.0893,0.388,0,0,23.888888889,30.555555556
1,0.541,0.109,0.384,0,0,23.888888889,30.555555556
1,0.541,0.128,0.368,0,0.0871,23.888888889,30.555555556
1,0.541,0.144,0.356,0,0.0435,23.888888889,30.555555556
1,0.541,0.158,0.34,0,0.0435,23.888888889,30.555555556
1,0.541,0.168,0.33,0.0833,0,23.888888889,30.555555556
1,0.541,0.189,0.326,0.15,0,23.888888889,30.555555556
1,0.543,0.201,0.326,0,0,23.888888889,25.555555556
1,0.57,0.228,0.327,0,0.174,23.888888889,25.555555556
1,0.608,0.283,0.332,0,0.218,23.888888889,25.555555556
1,0.645,0.352,0.349,0,0.0435,23.888888889,25.555555556
1,0.656,0.475,0.397,0,0,22.222222222,25.555555556
1,0.642,0.657,0.496,0,0,21.388888889,21.388888889
1,0.614,0.792,0.639,0,0,21.388888889,21.388888889
1,0.562,0.729,0.747,0,0.0871,21.388888889,21.388888889
1,0.512,0.434,0.543,0,0,21.388888889,21.388888889
1,0.528,0.0914,0.132,0,0,21.388888889,21.388888889
1,0.565,0.016,0.0493,0,0,21.388888889,21.388888889
1,0.565,0.016,0.0493,0,0,21.388888889,21.388888889
1,0.565,0.016,0.0493,0,0,21.388888889,21.388888889
1,0.565,0.016,0.0493,0,0,22.222222222,22.222222222
1,0.565,0.016,0.0493,0,0,23.888888889,25.555555556
1,0.565,0.016,0.0493,0,0,23.888888889,25.555555556
1,0.565,0.016,0.0493,0,0,23.888888889,30.555555556
1,0.565,0.016,0.0493,0,0,23.888888889,30.555555556
1,0.565,0.016,0.0493,0,0,23.888888889,30.555555556
1,0.563,0.0265,0.075,0,0.247,23.888888889,30.555555556
1,0.541,0.144,0.356,0,0.234,23.888888889,30.555555556
1,0.541,0.158,0.34,0,0.131,23.888888889,30.555555556
1,0.541,0.168,0.33,0,0.174,23.888888889,30.555555556
1,0.541,0.189,0.326,0,0.348,23.888888889,30.555555556
1,0.543,0.201,0.326,0,0.0435,23.888888889,25.555555556
1,0.57,0.228,0.327,0,0,23.888888889,25.555555556
1,0.608,0.283,0.332,0,0,23.888888889,25.555555556
1,0.645,0.352,0.349,0,0.0435,23.888888889,25.555555556
1,0.656,0.475,0.397,0,0.348,22.222222222,25.555555556
1,0.642,0.657,0.496,0,0.0871,21.388888889,21.388888889
1,0.614,0.792,0.639,0,0,21.388888889,21.388888889
1,0.562,0.729,0.747,0,0,21.388888889,21.388888889
1,0.544,0.199,0.266,0,0,21.388888889,21.388888889
1,0.565,0.016,0.0493,0,0,21.388888889,21.388888889
1,0.565,0.016,0.0493,0,0,21.388888889,21.388888889
1,0.565,0.016,0.0493,0,0,21.388888889,21.388888889
1,0.565,0.016,0.0493,0,0,21.388888889,21.388888889
1,0.565,0.016,0.0493,0,0,22.222222222,22.222222222
1,0.565,0.016,0.0493,0,0,23.888888889,25.555555556
1,0.558,0.0199,0.0708,0,0.0877,23.888888889,25.555555556
1,0.493,0.0655,0.314,0,0.585,23.888888889,30.555555556
1,0.529,0.0893,0.388,0,0.307,23.888888889,30.555555556
1,0.541,0.109,0.384,0,0.594,23.888888889,30.555555556
1,0.541,0.128,0.368,0,0.37,23.888888889,30.555555556
1,0.541,0.144,0.356,0,0,23.888888889,30.555555556
1,0.541,0.158,0.34,0,0.131,23.888888889,30.555555556
1,0.541,0.168,0.33,0,0.0435,23.888888889,30.555555556
1,0.541,0.189,0.326,0,0,23.888888889,30.555555556
1,0.543,0.201,0.326,0,0.0435,23.888888889,25.555555556
1,0.57,0.228,0.327,0,0,23.888888889,25.555555556
1,0.608,0.283,0.332,0,0.287,23.888888889,25.555555556
1,0.645,0.352,0.349,0,0.306,23.888888889,25.555555556
1,0.656,0.475,0.397,0,0,22.222222222,25.555555556
1,0.642,0.657,0.496,0,0,21.388888889,21.388888889
1,0.614,0.73,0.58,0,0,21.388888889,21.388888889
1,0.565,0.016,0.0493,0,0,21.388888889,21.388888889
1,0.565,0.016,0.0493,0,0,21.388888889,21.388888889
1,0.565,0.0162,0.0493,0,0,21.388888889,21.388888889
1,0.565,0.0183,0.0493,0,0,21.388888889,21.388888889
1,0.565,0.0183,0.0493,0,0,21.388888889,21.388888889
1,0.565,0.0183,0.0493,0,0,21.388888889,21.388888889
1,0.565,0.0183,0.0493,0,0,22.222222222,22.222222222
1,0.565,0.0183,0.0493,0,0,23.888888889,25.555555556
1,0.565,0.0183,0.0493,0,0,23.888888889,25.555555556
1,0.524,0.0417,0.207,0.467,0.0871,23.888888889,25.555555556
1,0.529,0.0993,0.388,0,0.218,23.888888889,25.555555556
1,0.541,0.16,0.384,0,0.0435,23.888888889,25.555555556
1,0.541,0.209,0.368,0,0,23.888888889,25.555555556
1,0.541,0.247,0.356,0,0,23.888888889,25.555555556
0.417,0.555,0.123,0.171,0,0,23.888888889,25.555555556
0,0.565,0.0183,0.0493,0,0,23.888888889,25.555555556
0,0.565,0.0183,0.0493,0,0,23.888888889,25.555555556
0.583,0.553,0.238,0.211,0.233,0.0435,23.888888889,25.555555556
1,0.57,0.431,0.327,0,0.0435,23.888888889,25.555555556
1,0.608,0.452,0.332,0,0.0871,23.888888889,25.555555556
1,0.645,0.473,0.349,0,0.0435,23.888888889,25.555555556
1,0.656,0.564,0.397,0,0,22.222222222,25.555555556
1,0.642,0.733,0.496,0,0.174,21.388888889,21.388888889
0.917,0.614,0.781,0.58,0,0,21.388888889,21.388888889
0,0.565,0.0183,0.0493,0,0,21.388888889,21.388888889
0.0833,0.557,0.0355,0.0659,0,0.0949,21.388888889,21.388888889
1,0.506,0.156,0.182,0,0.076,21.388888889,21.388888889
1,0.565,0.0183,0.0493,0,0,21.388888889,21.388888889
1,0.565,0.0183,0.0493,0,0,21.388888889,21.388888889
1,0.565,0.0183,0.0493,0,0,21.388888889,21.388888889
1,0.565,0.0183,0.0493,0,0,22.222222222,22.222222222
1,0.565,0.0183,0.0493,0,0,23.888888889,25.555555556
1,0.565,0.0183,0.0493,0,0,23.888888889,25.555555556
1,0.565,0.0183,0.0493,0,0,23.888888889,25.555555556
1,0.565,0.0183,0.0493,0,0,23.888888889,25.555555556
1,0.551,0.103,0.244,0,0.0435,23.888888889,25.555555556
1,0.541,0.209,0.368,0,0.266,23.888888889,25.555555556
1,0.541,0.247,0.356,0,0.176,23.888888889,25.555555556
1,0.541,0.271,0.34,0,0.184,23.888888889,25.555555556
0.667,0.549,0.199,0.236,0,0.233,23.888888889,25.555555556
0.833,0.545,0.292,0.28,0.467,0.142,23.888888889,25.555555556
1,0.543,0.393,0.326,0,0.218,23.888888889,25.555555556
1,0.57,0.431,0.327,0,0.0871,23.888888889,25.555555556
1,0.608,0.452,0.332,0,0,23.888888889,25.555555556
1,0.645,0.473,0.349,0.233,0.131,23.888888889,25.555555556
1,0.656,0.564,0.397,0,0.0871,22.222222222,25.555555556
1,0.642,0.733,0.496,0,0,21.388888889,21.388888889
1,0.614,0.844,0.639,0,0.0881,21.388888889,21.388888889
1,0.562,0.76,0.747,0,0.283,21.388888889,21.388888889
1,0.512,0.473,0.543,0,0.102,21.388888889,21.388888889
1,0.528,0.104,0.132,0,0,21.388888889,21.388888889
1,0.565,0.016,0.0493,0,0,21.388888889,21.388888889
1,0.565,0.016,0.0493,0,0,21.388888889,21.388888889
1,0.565,0.016,0.0493,0,0,21.388888889,21.388888889
1,0.565,0.016,0.0493,0,0,22.222222222,22.222222222
1,0.556,0.0179,0.0561,0.0833,0,23.888888889,25.555555556
1,0.466,0.0414,0.146,0.15,0.218,23.888888889,25.555555556
1,0.493,0.0655,0.314,0,0.131,23.888888889,30.555555556
1,0.529,0.0893,0.388,0,0.0871,23.888888889,30.555555556
1,0.541,0.109,0.384,0.0833,0.305,23.888888889,30.555555556
1,0.541,0.128,0.368,0.15,0,23.888888889,30.555555556
0.417,0.555,0.0686,0.178,0,0,23.888888889,30.555555556
0,0.565,0.016,0.0493,0,0,23.888888889,30.555555556
0,0.565,0.016,0.0493,0,0,23.888888889,30.555555556
0.583,0.551,0.117,0.211,0,0.0435,23.888888889,30.555555556
1,0.543,0.201,0.326,0,0.0435,23.888888889,25.555555556
1,0.57,0.228,0.327,0,0,23.888888889,25.555555556
1,0.608,0.283,0.332,0,0,23.888888889,25.555555556
0.417,0.598,0.152,0.172,0,0,23.888888889,25.555555556
0,0.565,0.016,0.0493,0,0,22.222222222,25.555555556
0,0.565,0.016,0.0493,0,0,21.388888889,21.388888889
0.583,0.592,0.467,0.398,0,0,21.388888889,21.388888889
1,0.562,0.729,0.747,0,0,21.388888889,21.388888889
1,0.544,0.199,0.266,0,0,21.388888889,21.388888889
1,0.565,0.016,0.0493,0,0,21.388888889,21.388888889
1,0.565,0.016,0.0493,0,0,21.388888889,21.388888889
1,0.565,0.016,0.0493,0,0,21.388888889,21.388888889
1,0.565,0.016,0.0493,0,0,21.388888889,21.388888889
1,0.565,0.016,0.0493,0,0,22.222222222,22.222222222
1,0.565,0.016,0.0493,0,0,23.888888889,25.555555556
1,0.508,0.0317,0.112,0.467,0,23.888888889,25.555555556
1,0.493,0.0655,0.314,0.233,0.0435,23.888888889,30.555555556
1,0.529,0.0893,0.388,0,0,23.888888889,30.555555556
1,0.541,0.109,0.384,0,0.131,23.888888889,30.555555556
1,0.541,0.128,0.368,0,0,23.888888889,30.555555556
1,0.541,0.144,0.356,0,0,23.888888889,30.555555556
0.417,0.555,0.075,0.171,0,0,23.888888889,30.555555556
0.583,0.551,0.106,0.213,0,0,23.888888889,30.555555556
1,0.541,0.189,0.326,0,0.361,23.888888889,30.555555556
1,0.543,0.201,0.326,0,0.122,23.888888889,25.555555556
1,0.57,0.228,0.327,0,0.458,23.888888889,25.555555556
0.917,0.602,0.256,0.307,0,0.174,23.888888889,25.555555556
0.333,0.592,0.134,0.151,0.233,0.0871,23.888888889,25.555555556
1,0.656,0.475,0.397,0,0.0435,22.222222222,25.555555556
1,0.642,0.657,0.496,0,0,21.388888889,21.388888889
1,0.614,0.792,0.639,0,0,21.388888889,21.388888889
1,0.562,0.729,0.747,0,0,21.388888889,21.388888889
1,0.519,0.419,0.526,0,0,21.388888889,21.388888889
1,0.556,0.0214,0.0555,0,0,21.388888889,21.388888889
1,0.523,0.0431,0.0801,0,0,21.388888889,21.388888889
1,0.565,0.016,0.0493,0,0,21.388888889,21.388888889
1,0.565,0.016,0.0493,0,0,21.388888889,21.388888889
1,0.565,0.016,0.0493,0,0,22.222222222,22.222222222
1,0.565,0.016,0.0493,0,0,23.888888889,25.555555556
0.917,0.565,0.016,0.0493,0,0,23.888888889,25.555555556
0.333,0.543,0.0338,0.142,0,0,23.888888889,30.555555556
1,0.529,0.0893,0.388,0,0.0871,23.888888889,30.555555556
1,0.541,0.109,0.384,0,0.0871,23.888888889,30.555555556
1,0.541,0.128,0.368,0,0.131,23.888888889,30.555555556
1,0.541,0.144,0.356,0,0,23.888888889,30.555555556
1,0.541,0.158,0.34,0,0,23.888888889,30.555555556
1,0.541,0.168,0.33,0,0.0435,23.888888889,30.555555556
1,0.541,0.189,0.326,0,0.0435,23.888888889,30.555555556
1,0.543,0.201,0.326,0,0.305,23.888888889,25.555555556
1,0.57,0.228,0.327,0,0.226,23.888888889,25.555555556
1,0.608,0.283,0.332,0,0.285,23.888888889,25.555555556
1,0.645,0.352,0.349,0,0.188,23.888888889,25.555555556
1,0.656,0.475,0.397,0,0.303,22.222222222,25.555555556
1,0.642,0.657,0.496,0,0.138,21.388888889,21.388888889
1,0.614,0.792,0.639,0,0.122,21.388888889,21.388888889
1,0.562,0.729,0.747,0,0,21.388888889,21.388888889
1,0.512,0.434,0.543,0,0,21.388888889,21.388888889
1,0.475,0.187,0.238,0,0,21.388888889,21.388888889
1,0.464,0.0776,0.119,0,0,21.388888889,21.388888889
1,0.472,0.0375,0.0719,0,0,21.388888889,21.388888889
1,0.565,0.016,0.0493,0,0,21.388888889,21.388888889
1,0.565,0.016,0.0493,0,0,22.222222222,22.222222222
1,0.565,0.016,0.0493,0,0,23.888888889,25.555555556
1,0.565,0.016,0.0493,0,0,23.888888889,25.555555556
1,0.505,0.0576,0.271,0.0833,0,23.888888889,30.555555556
1,0.529,0.0893,0.388,0.15,0.0871,23.888888889,30.555555556
1,0.541,0.109,0.384,0,0.0871,23.888888889,30.555555556
1,0.541,0.128,0.368,0,0,23.888888889,30.555555556
1,0.541,0.144,0.356,0,0,23.888888889,30.555555556
1,0.541,0.158,0.34,0,0,23.888888889,30.555555556
1,0.541,0.168,0.33,0,0.0871,23.888888889,30.555555556
1,0.541,0.189,0.326,0,0.0871,23.888888889,30.555555556
1,0.543,0.201,0.326,0,0,23.888888889,25.555555556
1,0.57,0.228,0.327,0,0,23.888888889,25.555555556
1,0.608,0.283,0.332,0,0.0435,23.888888889,25.555555556
0.75,0.625,0.27,0.275,0,0.218,23.888888889,25.555555556
1,0.656,0.475,0.397,0,0,22.222222222,25.555555556
1,0.642,0.657,0.496,0,0.0435,21.388888889,21.388888889
1,0.614,0.792,0.639,0,0,21.388888889,21.388888889
0.917,0.566,0.692,0.704,0,0,21.388888889,21.388888889
0,0.565,0.016,0.0493,0,0,21.388888889,21.388888889
0,0.565,0.016,0.0493,0,0,21.388888889,21.388888889
0,0.565,0.016,0.0493,0,0,21.388888889,21.388888889
0.0833,0.565,0.016,0.0493,0,0,21.388888889,21.388888889
1,0.565,0.016,0.0493,0,0,21.388888889,21.388888889
1,0.565,0.016,0.0493,0,0,22.222222222,22.222222222
1,0.565,0.016,0.0493,0,0,23.888888889,25.555555556
1,0.565,0.016,0.0493,0,0,23.888888889,25.555555556
1,0.565,0.016,0.0493,0,0,23.888888889,30.555555556
1,0.544,0.0594,0.247,0,0.0435,23.888888889,30.555555556
1,0.541,0.109,0.384,0,0,23.888888889,30.555555556
1,0.541,0.128,0.368,0,0.0435,23.888888889,30.555555556
1,0.541,0.144,0.356,0,0.131,23.888888889,30.555555556
1,0.541,0.158,0.34,0,0.218,23.888888889,30.555555556
1,0.541,0.168,0.33,0,0.305,23.888888889,30.555555556
0.917,0.543,0.174,0.303,0,0,23.888888889,30.555555556
0,0.565,0.016,0.0493,0,0,23.888888889,25.555555556
0,0.565,0.016,0.0493,0,0,23.888888889,25.555555556
0,0.565,0.016,0.0493,0,0,23.888888889,25.555555556
0,0.565,0.016,0.0493,0,0,23.888888889,25.555555556
0,0.565,0.016,0.0493,0,0,22.222222222,25.555555556
0.833,0.629,0.552,0.423,0,0,21.388888889,21.388888889
1,0.614,0.73,0.58,0,0,21.388888889,21.388888889
1,0.565,0.016,0.0493,0,0,21.388888889,21.388888889
1,0.565,0.016,0.0493,0,0,21.388888889,21.388888889
1,0.565,0.0162,0.0493,0,0,21.388888889,21.388888889
1,0.565,0.0183,0.0493,0,0,21.388888889,21.388888889
1,0.565,0.0183,0.0493,0,0,21.388888889,21.388888889
1,0.565,0.0183,0.0493,0,0,21.388888889,21.388888889
1,0.565,0.0183,0.0493,0,0,22.222222222,22.222222222
1,0.565,0.0183,0.0493,0,0,23.888888889,25.555555556
1,0.565,0.0183,0.0493,0,0,23.888888889,25.555555556
1,0.524,0.0417,0.207,0,0.0764,23.888888889,25.555555556
1,0.529,0.0993,0.388,0,0.327,23.888888889,25.555555556
1,0.541,0.16,0.384,0,0.205,23.888888889,25.555555556
1,0.541,0.209,0.368,0,0.16,23.888888889,25.555555556
1,0.541,0.247,0.356,0,0.164,23.888888889,25.555555556
0.417,0.555,0.123,0.171,0,0,23.888888889,25.555555556
0,0.565,0.0183,0.0493,0,0,23.888888889,25.555555556
0,0.565,0.0183,0.0493,0,0,23.888888889,25.555555556
0,0.565,0.0183,0.0493,0,0,23.888888889,25.555555556
0.0833,0.568,0.0543,0.0727,0,0.0435,23.888888889,25.555555556
1,0.608,0.452,0.332,0,0,23.888888889,25.555555556
1,0.645,0.473,0.349,0,0.305,23.888888889,25.555555556
1,0.656,0.564,0.397,0,0.0435,22.222222222,25.555555556
1,0.642,0.733,0.496,0,0,21.388888889,21.388888889
1,0.614,0.844,0.639,0,0,21.388888889,21.388888889
1,0.566,0.529,0.525,0,0.0871,21.388888889,21.388888889
1,0.565,0.0183,0.0493,0,0,21.388888889,21.388888889
1,0.565,0.0183,0.0493,0,0,21.388888889,21.388888889
1,0.565,0.0183,0.0493,0,0,21.388888889,21.388888889
1,0.565,0.0183,0.0493,0,0,21.388888889,21.388888889
1,0.565,0.0183,0.0493,0,0,21.388888889,21.388888889
1,0.565,0.0183,0.0493,0,0,22.222222222,22.222222222
1,0.565,0.0183,0.0493,0,0,23.888888889,25.555555556
1,0.508,0.0273,0.112,0.233,0,23.888888889,25.555555556
1,0.493,0.056,0.314,0,0.218,23.888888889,25.555555556
1,0.529,0.0993,0.388,0,0.197,23.888888889,25.555555556
0.917,0.543,0.144,0.357,0,0.166,23.888888889,25.555555556
0,0.565,0.0183,0.0493,0,0,23.888888889,25.555555556
0,0.565,0.0183,0.0493,0,0,23.888888889,25.555555556
0,0.565,0.0183,0.0493,0,0,23.888888889,25.555555556
0,0.565,0.0183,0.0493,0,0,23.888888889,25.555555556
0,0.565,0.0183,0.0493,0,0,23.888888889,25.555555556
0,0.565,0.0183,0.0493,0,0,23.888888889,25.555555556
0.333,0.569,0.157,0.142,0.233,0.131,23.888888889,25.555555556
1,0.608,0.452,0.332,0,0.174,23.888888889,25.555555556
1,0.645,0.473,0.349,0,0,23.888888889,25.555555556
1,0.656,0.564,0.397,0,0.131,22.222222222,25.555555556
1,0.642,0.733,0.496,0,0,21.388888889,21.388888889
1,0.614,0.844,0.639,0,0,21.388888889,21.388888889
1,0.562,0.76,0.747,0,0,21.388888889,21.388888889
1,0.544,0.217,0.266,0,0,21.388888889,21.388888889
1,0.565,0.0181,0.0493,0,0,21.388888889,21.388888889
1,0.565,0.016,0.0493,0,0,21.388888889,21.388888889
1,0.565,0.016,0.0493,0,0,21.388888889,21.388888889
1,0.565,0.016,0.0493,0,0,21.388888889,21.388888889
1,0.565,0.016,0.0493,0,0,22.222222222,22.222222222
1,0.565,0.016,0.0493,0,0,23.888888889,25.555555556
1,0.565,0.016,0.0493,0,0,23.888888889,25.555555556
1,0.562,0.0219,0.0776,0,0,23.888888889,30.555555556
1,0.529,0.0893,0.388,0.233,0,23.888888889,30.555555556
1,0.541,0.109,0.384,0,0.174,23.888888889,30.555555556
1,0.541,0.128,0.368,0,0,23.888888889,30.555555556
1,0.541,0.144,0.356,0,0.0871,23.888888889,30.555555556
1,0.541,0.158,0.34,0.233,0,23.888888889,30.555555556
1,0.541,0.168,0.33,0,0.0435,23.888888889,30.555555556
1,0.541,0.189,0.326,0,0.0435,23.888888889,30.555555556
1,0.543,0.201,0.326,0,0.131,23.888888889,25.555555556
1,0.566,0.206,0.304,0,0.0435,23.888888889,25.555555556
1,0.571,0.0431,0.0739,0,0,23.888888889,25.555555556
1,0.645,0.352,0.349,0,0.0435,23.888888889,25.555555556
1,0.656,0.475,0.397,0,0,22.222222222,25.555555556
1,0.642,0.657,0.496,0,0,21.388888889,21.388888889
1,0.614,0.792,0.639,0,0,21.388888889,21.388888889
1,0.562,0.729,0.747,0,0.093,21.388888889,21.388888889
1,0.556,0.0892,0.136,0,0.0186,21.388888889,21.388888889
1,0.565,0.016,0.0493,0,0,21.388888889,21.388888889
1,0.556,0.0179,0.0514,0,0,21.388888889,21.388888889
1,0.464,0.0378,0.0719,0,0,21.388888889,21.388888889
1,0.472,0.0194,0.0493,0,0,21.388888889,21.388888889
1,0.565,0.016,0.0493,0,0,22.222222222,22.222222222
1,0.565,0.016,0.0493,0,0,23.888888889,25.555555556
1,0.565,0.016,0.0493,0,0,23.888888889,25.555555556
1,0.565,0.016,0.0493,0,0,23.888888889,30.555555556
1,0.565,0.016,0.0493,0,0,23.888888889,30.555555556
1,0.565,0.016,0.0493,0,0,23.888888889,30.555555556
1,0.563,0.0265,0.075,0,0,23.888888889,30.555555556
1,0.541,0.144,0.356,0,0.0435,23.888888889,30.555555556
1,0.541,0.158,0.34,0,0.0871,23.888888889,30.555555556
1,0.541,0.168,0.33,0,0.261,23.888888889,30.555555556
1,0.541,0.189,0.326,0,0.0435,23.888888889,30.555555556
1,0.543,0.201,0.326,0,0,23.888888889,25.555555556
1,0.57,0.228,0.327,0,0.218,23.888888889,25.555555556
1,0.608,0.283,0.332,0,0,23.888888889,25.555555556
1,0.645,0.352,0.349,0,0.218,23.888888889,25.555555556
1,0.656,0.475,0.397,0,0.0871,22.222222222,25.555555556
1,0.642,0.657,0.496,0,0.0435,21.388888889,21.388888889
1,0.614,0.792,0.639,0,0,21.388888889,21.388888889
1,0.562,0.729,0.747,0,0,21.388888889,21.388888889
1,0.532,0.309,0.396,0,0,21.388888889,21.388888889
1,0.565,0.016,0.0493,0,0,21.388888889,21.388888889
1,0.565,0.016,0.0493,0,0,21.388888889,21.388888889
1,0.565,0.016,0.0493,0,0,21.388888889,21.388888889
1,0.565,0.016,0.0493,0,0,21.388888889,21.388888889
1,0.565,0.016,0.0493,0,0,22.222222222,22.222222222
1,0.565,0.016,0.0493,0,0,23.888888889,25.555555556
1,0.565,0.016,0.0493,0,0,23.888888889,25.555555556
1,0.565,0.016,0.0493,0,0,23.888888889,30.555555556
1,0.565,0.016,0.0493,0,0,23.888888889,30.555555556
1,0.551,0.0709,0.244,0,0.193,23.888888889,30.555555556
1,0.541,0.128,0.368,0.467,0.328,23.888888889,30.555555556
1,0.541,0.144,0.356,0,0,23.888888889,30.555555556
1,0.541,0.158,0.34,0,0.0435,23.888888889,30.555555556
1,0.541,0.168,0.33,0,0.0435,23.888888889,30.555555556
1,0.541,0.189,0.326,0,0,23.888888889,30.555555556
1,0.543,0.201,0.326,0,0.0435,23.888888889,25.555555556
1,0.57,0.228,0.327,0,0,23.888888889,25.555555556
1,0.608,0.283,0.332,0,0.174,23.888888889,25.555555556
1,0.645,0.352,0.349,0,0.218,23.888888889,25.555555556
1,0.656,0.475,0.397,0,0,22.222222222,25.555555556
1,0.642,0.657,0.496,0,0.0435,21.388888889,21.388888889
0.417,0.587,0.341,0.29,0,0,21.388888889,21.388888889
0.333,0.565,0.2,0.228,0,0,21.388888889,21.388888889
1,0.565,0.016,0.0493,0,0,21.388888889,21.388888889
1,0.565,0.016,0.0493,0,0,21.388888889,21.388888889
1,0.565,0.016,0.0493,0,0,21.388888889,21.388888889
1,0.565,0.016,0.0493,0,0,21.388888889,21.388888889
1,0.565,0.016,0.0493,0,0,21.388888889,21.388888889
1,0.565,0.016,0.0493,0,0,22.222222222,22.222222222
1,0.565,0.016,0.0493,0,0,23.888888889,25.555555556
1,0.565,0.016,0.0493,0,0,23.888888889,25.555555556
1,0.565,0.016,0.0493,0,0,23.888888889,30.555555556
1,0.565,0.016,0.0493,0,0,23.888888889,30.555555556
1,0.565,0.016,0.0493,0,0,23.888888889,30.555555556
1,0.565,0.016,0.0493,0,0,23.888888889,30.555555556
1,0.565,0.016,0.0493,0,0,23.888888889,30.555555556
1,0.565,0.016,0.0493,0,0,23.888888889,30.555555556
1,0.565,0.016,0.0493,0,0,23.888888889,30.555555556
1,0.565,0.016,0.0493,0,0,23.888888889,30.555555556
1,0.565,0.016,0.0493,0,0,23.888888889,25.555555556
1,0.568,0.0378,0.0727,0,0,23.888888889,25.555555556
1,0.608,0.283,0.332,0,0.261,23.888888889,25.555555556
1,0.645,0.352,0.349,0,0.348,23.888888889,25.555555556
1,0.656,0.475,0.397,0,0.174,22.222222222,25.555555556
1,0.642,0.657,0.496,0,0.0871,21.388888889,21.388888889
1,0.614,0.792,0.639,0,0,21.388888889,21.388888889
1,0.562,0.729,0.747,0,0.218,21.388888889,21.388888889
1,0.512,0.434,0.543,0,0,21.388888889,21.388888889
1,0.484,0.182,0.232,0,0,21.388888889,21.388888889
1,0.565,0.016,0.0493,0,0,21.388888889,21.388888889
1,0.565,0.016,0.0493,0,0,21.388888889,21.388888889
1,0.565,0.016,0.0493,0,0,21.388888889,21.388888889
1,0.565,0.016,0.0493,0,0,22.222222222,22.222222222
1,0.565,0.016,0.0493,0,0,23.888888889,25.555555556
1,0.558,0.0199,0.0708,0,0,23.888888889,25.555555556
1,0.493,0.0655,0.314,0,0.131,23.888888889,30.555555556
1,0.529,0.0893,0.388,0,0.36,23.888888889,30.555555556
1,0.541,0.109,0.384,0,0.0435,23.888888889,30.555555556
1,0.541,0.128,0.368,0,0.0871,23.888888889,30.555555556
1,0.541,0.144,0.356,0,0,23.888888889,30.555555556
1,0.541,0.158,0.34,0,0.0435,23.888888889,30.555555556
1,0.541,0.168,0.33,0,0,23.888888889,30.555555556
1,0.541,0.189,0.326,0,0.0435,23.888888889,30.555555556
1,0.543,0.184,0.303,0,0.0435,23.888888889,25.555555556
1,0.565,0.016,0.0493,0,0,23.888888889,25.555555556
1,0.592,0.174,0.214,0,0,23.888888889,25.555555556
1,0.645,0.352,0.349,0,0.0435,23.888888889,25.555555556
1,0.656,0.475,0.397,0,0.0435,22.222222222,25.555555556
1,0.642,0.657,0.496,0,0,21.388888889,21.388888889
1,0.614,0.792,0.639,0,0,21.388888889,21.388888889
1,0.562,0.729,0.747,0,0.0435,21.388888889,21.388888889
1,0.519,0.419,0.526,0,0,21.388888889,21.388888889
1,0.565,0.0162,0.0493,0,0,21.388888889,21.388888889
1,0.565,0.0183,0.0493,0,0,21.388888889,21.388888889
1,0.565,0.0183,0.0493,0,0,21.388888889,21.388888889
1,0.565,0.0183,0.0493,0,0,21.388888889,21.388888889
1,0.565,0.0183,0.0493,0,0,22.222222222,22.222222222
1,0.565,0.0183,0.0493,0,0,23.888888889,25.555555556
1,0.565,0.0183,0.0493,0,0,23.888888889,25.555555556
1,0.524,0.0417,0.207,0,0.0435,23.888888889,25.555555556
0.917,0.531,0.0879,0.36,0,0.0435,23.888888889,25.555555556
0,0.565,0.0183,0.0493,0,0,23.888888889,25.555555556
0.333,0.557,0.0841,0.155,0,0.0871,23.888888889,25.555555556
1,0.541,0.247,0.356,0,0,23.888888889,25.555555556
1,0.541,0.271,0.34,0,0.0435,23.888888889,25.555555556
0.917,0.543,0.267,0.306,0,0.0435,23.888888889,25.555555556
0,0.565,0.0183,0.0493,0,0,23.888888889,25.555555556
0,0.565,0.0183,0.0493,0,0,23.888888889,25.555555556
0,0.565,0.0183,0.0493,0,0,23.888888889,25.555555556
0.0833,0.571,0.0556,0.0739,0.0833,0,23.888888889,25.555555556
1,0.645,0.473,0.349,0.867,0,23.888888889,25.555555556
1,0.656,0.564,0.397,0,0.174,22.222222222,25.555555556
1,0.642,0.733,0.496,0.233,0.0871,21.388888889,21.388888889
1,0.614,0.844,0.639,0,0.0871,21.388888889,21.388888889
1,0.562,0.76,0.747,0,0.0504,21.388888889,21.388888889
1,0.512,0.473,0.543,0,0.138,21.388888889,21.388888889
1,0.475,0.215,0.238,0,0.0871,21.388888889,21.388888889
1,0.464,0.0924,0.119,0,0.131,21.388888889,21.388888889
1,0.464,0.0464,0.0719,0,0.131,21.388888889,21.388888889
0.667,0.497,0.0236,0.0493,0,0,21.388888889,21.388888889
0.0833,0.565,0.0183,0.0493,0,0,22.222222222,22.222222222
1,0.565,0.0183,0.0493,0,0,23.888888889,25.555555556
1,0.565,0.0183,0.0493,0,0,23.888888889,25.555555556
1,0.565,0.0183,0.0493,0,0,23.888888889,25.555555556
1,0.563,0.0297,0.0773,0,0.11,23.888888889,25.555555556
0.417,0.555,0.0754,0.189,0,0,23.888888889,25.555555556
0,0.565,0.0183,0.0493,0,0,23.888888889,25.555555556
0,0.565,0.0183,0.0493,0,0,23.888888889,25.555555556
0,0.565,0.0183,0.0493,0,0,23.888888889,25.555555556
0,0.565,0.0183,0.0493,0,0,23.888888889,25.555555556
0,0.565,0.0183,0.0493,0,0,23.888888889,25.555555556
0,0.565,0.0183,0.0493,0,0,23.888888889,25.555555556
0,0.565,0.0183,0.0493,0,0,23.888888889,25.555555556
0,0.565,0.0183,0.0493,0,0,23.888888889,25.555555556
0.0833,0.572,0.0625,0.0776,0,0.0871,23.888888889,25.555555556
1,0.656,0.564,0.397,0,0.392,22.222222222,25.555555556
1,0.642,0.733,0.496,0,0.127,21.388888889,21.388888889
1,0.614,0.844,0.639,0,0.0603,21.388888889,21.388888889
1,0.566,0.337,0.347,0,0.115,21.388888889,21.388888889
1,0.565,0.0183,0.0493,0,0,21.388888889,21.388888889
1,0.565,0.0181,0.0493,0,0,21.388888889,21.388888889
1,0.565,0.016,0.0493,0,0,21.388888889,21.388888889
1,0.556,0.0163,0.0493,0,0.0871,21.388888889,21.388888889
1,0.472,0.0194,0.0493,0,0.261,21.388888889,21.388888889
1,0.565,0.016,0.0493,0,0,22.222222222,22.222222222
1,0.565,0.016,0.0493,0,0,23.888888889,25.555555556
1,0.565,0.016,0.0493,0,0,23.888888889,25.555555556
1,0.562,0.0219,0.0776,0,0,23.888888889,30.555555556
1,0.529,0.0893,0.388,0.233,0.197,23.888888889,30.555555556
1,0.555,0.054,0.189,0,0.0435,23.888888889,30.555555556
1,0.563,0.0265,0.075,0.0833,0,23.888888889,30.555555556
1,0.541,0.144,0.356,1,0.0435,23.888888889,30.555555556
1,0.541,0.158,0.34,0.117,0.0435,23.888888889,30.555555556
0.917,0.543,0.154,0.306,0,0.0871,23.888888889,30.555555556
0,0.565,0.016,0.0493,0,0,23.888888889,30.555555556
0,0.565,0.016,0.0493,0,0,23.888888889,25.555555556
0.0833,0.568,0.0378,0.0727,0,0.0774,23.888888889,25.555555556
0.5,0.588,0.152,0.191,0,0,23.888888889,25.555555556
1,0.645,0.352,0.349,0,0.0435,23.888888889,25.555555556
1,0.656,0.475,0.397,0,0.131,22.222222222,25.555555556
1,0.642,0.657,0.496,0,0,21.388888889,21.388888889
1,0.614,0.792,0.639,0,0,21.388888889,21.388888889
1,0.562,0.729,0.747,0,0,21.388888889,21.388888889
1,0.512,0.434,0.543,0,0,21.388888889,21.388888889
1,0.528,0.0914,0.132,0,0,21.388888889,21.388888889
1,0.565,0.016,0.0493,0,0,21.388888889,21.388888889
1,0.565,0.016,0.0493,0,0,21.388888889,21.388888889
1,0.565,0.016,0.0493,0,0,21.388888889,21.388888889
1,0.565,0.016,0.0493,0,0,22.222222222,22.222222222
1,0.565,0.016,0.0493,0,0,23.888888889,25.555555556
1,0.565,0.016,0.0493,0,0,23.888888889,25.555555556
1,0.565,0.016,0.0493,0,0,23.888888889,30.555555556
1,0.565,0.016,0.0493,0,0,23.888888889,30.555555556
1,0.563,0.0252,0.076,0,0,23.888888889,30.555555556
1,0.541,0.128,0.368,0,0,23.888888889,30.555555556
1,0.541,0.144,0.356,0,0,23.888888889,30.555555556
1,0.541,0.158,0.34,0,0.0871,23.888888889,30.555555556
1,0.541,0.168,0.33,0,0.0871,23.888888889,30.555555556
1,0.541,0.189,0.326,0,0.0435,23.888888889,30.555555556
1,0.543,0.201,0.326,0,0.0871,23.888888889,25.555555556
1,0.57,0.228,0.327,0,0.218,23.888888889,25.555555556
1,0.608,0.283,0.332,0,0.0435,23.888888889,25.555555556
1,0.645,0.352,0.349,0,0,23.888888889,25.555555556
1,0.656,0.475,0.397,0,0,22.222222222,25.555555556
1,0.642,0.657,0.496,0,0,21.388888889,21.388888889
1,0.614,0.792,0.639,0,0,21.388888889,21.388888889
1,0.562,0.729,0.747,0,0,21.388888889,21.388888889
1,0.512,0.434,0.543,0,0.0435,21.388888889,21.388888889
1,0.475,0.187,0.238,0,0,21.388888889,21.388888889
1,0.464,0.0776,0.119,0,0,21.388888889,21.388888889
1,0.464,0.0378,0.0719,0,0,21.388888889,21.388888889
1,0.464,0.0193,0.0493,0,0.0435,21.388888889,21.388888889
1,0.472,0.0154,0.0493,0,0,22.222222222,22.222222222
1,0.565,0.016,0.0493,0,0,23.888888889,25.555555556
1,0.565,0.016,0.0493,0,0,23.888888889,25.555555556
1,0.565,0.016,0.0493,0,0,23.888888889,30.555555556
1,0.563,0.0236,0.0773,0.0833,0,23.888888889,30.555555556
1,0.541,0.109,0.384,0.15,0.0871,23.888888889,30.555555556
1,0.541,0.128,0.368,0,0,23.888888889,30.555555556
1,0.541,0.144,0.356,0,0.0871,23.888888889,30.555555556
1,0.541,0.158,0.34,0,0.174,23.888888889,30.555555556
0.417,0.555,0.0787,0.166,0,0,23.888888889,30.555555556
0.333,0.557,0.0743,0.142,0,0.0435,23.888888889,30.555555556
1,0.543,0.201,0.326,0,0.218,23.888888889,25.555555556
0.917,0.566,0.206,0.304,0,0,23.888888889,25.555555556
0.333,0.581,0.109,0.144,0,0,23.888888889,25.555555556
1,0.645,0.352,0.349,0,0.131,23.888888889,25.555555556
1,0.656,0.475,0.397,0,0.131,22.222222222,25.555555556
1,0.642,0.657,0.496,0,0.348,21.388888889,21.388888889
1,0.574,0.146,0.146,0,0,21.388888889,21.388888889
1,0.565,0.016,0.0493,0,0,21.388888889,21.388888889
1,0.565,0.016,0.0493,0,0,21.388888889,21.388888889
1,0.565,0.016,0.0493,0,0,21.388888889,21.388888889
1,0.565,0.016,0.0493,0,0,21.388888889,21.388888889
1,0.565,0.016,0.0493,0,0,21.388888889,21.388888889
1,0.565,0.016,0.0493,0,0,21.388888889,21.388888889
1,0.565,0.016,0.0493,0,0,22.222222222,22.222222222
1,0.565,0.016,0.0493,0,0,23.888888889,25.555555556
1,0.565,0.016,0.0493,0,0,23.888888889,25.555555556
1,0.565,0.016,0.0493,0,0,23.888888889,30.555555556
1,0.563,0.0236,0.0773,0,0.0851,23.888888889,30.555555556
0.167,0.561,0.0312,0.105,0,0.017,23.888888889,30.555555556
0,0.565,0.016,0.0493,0,0,23.888888889,30.555555556
0,0.565,0.016,0.0493,0,0,23.888888889,30.555555556
0,0.565,0.016,0.0493,0,0,23.888888889,30.555555556
0,0.565,0.016,0.0493,0,0,23.888888889,30.555555556
0.583,0.551,0.117,0.211,0,0.0871,23.888888889,30.555555556
1,0.543,0.201,0.326,0,0.0435,23.888888889,25.555555556
0.917,0.566,0.206,0.304,0,0.0435,23.888888889,25.555555556
0.333,0.581,0.109,0.144,0.233,0.0871,23.888888889,25.555555556
1,0.645,0.352,0.349,0,0.305,23.888888889,25.555555556
1,0.656,0.475,0.397,0,0.261,22.222222222,25.555555556
1,0.642,0.657,0.496,0,0.261,21.388888889,21.388888889
1,0.614,0.73,0.58,0,0.0435,21.388888889,21.388888889
1,0.565,0.016,0.0493,0,0,21.388888889,21.388888889
1,0.565,0.016,0.0493,0,0,21.388888889,21.388888889
1,0.565,0.016,0.0493,0,0,21.388888889,21.388888889
1,0.565,0.016,0.0493,0,0,21.388888889,21.388888889
1,0.565,0.016,0.0493,0,0,21.388888889,21.388888889
1,0.565,0.016,0.0493,0,0,21.388888889,21.388888889
1,0.565,0.016,0.0493,0,0,22.222222222,22.222222222
1,0.565,0.016,0.0493,0,0,23.888888889,25.555555556
1,0.565,0.016,0.0493,0,0,23.888888889,25.555555556
1,0.565,0.016,0.0493,0,0,23.888888889,30.555555556
1,0.563,0.0236,0.0773,0,0,23.888888889,30.555555556
1,0.541,0.109,0.384,0,0,23.888888889,30.555555556
1,0.541,0.128,0.368,0,0,23.888888889,30.555555556
1,0.541,0.144,0.356,0,0.281,23.888888889,30.555555556
0.75,0.547,0.123,0.267,0,0,23.888888889,30.555555556
1,0.541,0.168,0.33,0,0.0435,23.888888889,30.555555556
0.167,0.561,0.0447,0.0955,0,0,23.888888889,30.555555556
0.583,0.553,0.108,0.188,0,0,23.888888889,25.555555556
1,0.569,0.142,0.212,0,0.0435,23.888888889,25.555555556
1,0.608,0.283,0.332,0,0.0871,23.888888889,25.555555556
1,0.645,0.352,0.349,0,0.218,23.888888889,25.555555556
1,0.656,0.475,0.397,0,0.0435,22.222222222,25.555555556
1,0.642,0.657,0.496,0,0,21.388888889,21.388888889
1,0.574,0.146,0.146,0,0,21.388888889,21.388888889
1,0.565,0.016,0.0493,0,0,21.388888889,21.388888889
1,0.565,0.016,0.0493,0,0,21.388888889,21.388888889
1,0.565,0.0162,0.0493,0,0,21.388888889,21.388888889
1,0.565,0.0183,0.0493,0,0,21.388888889,21.388888889
1,0.565,0.0183,0.0493,0,0,21.388888889,21.388888889
1,0.565,0.0183,0.0493,0,0,21.388888889,21.388888889
1,0.565,0.0183,0.0493,0,0,22.222222222,22.222222222
1,0.565,0.0183,0.0493,0,0,23.888888889,25.555555556
1,0.565,0.0183,0.0493,0,0,23.888888889,25.555555556
1,0.565,0.0183,0.0493,0,0,23.888888889,25.555555556
1,0.563,0.0297,0.0773,0.0833,0,23.888888889,25.555555556
1,0.541,0.16,0.384,0.15,0.348,23.888888889,25.555555556
0.917,0.543,0.19,0.342,0,0.305,23.888888889,25.555555556
0,0.565,0.0183,0.0493,0,0,23.888888889,25.555555556
0,0.565,0.0183,0.0493,0,0,23.888888889,25.555555556
0,0.565,0.0183,0.0493,0,0,23.888888889,25.555555556
0,0.565,0.0183,0.0493,0,0,23.888888889,25.555555556
0,0.565,0.0183,0.0493,0,0,23.888888889,25.555555556
0,0.565,0.0183,0.0493,0,0,23.888888889,25.555555556
0,0.565,0.0183,0.0493,0,0,23.888888889,25.555555556
0,0.565,0.0183,0.0493,0,0,23.888888889,25.555555556
0.583,0.617,0.343,0.255,0,0.0435,22.222222222,25.555555556
1,0.642,0.733,0.496,0,0.0435,21.388888889,21.388888889
1,0.614,0.844,0.639,0,0.0435,21.388888889,21.388888889
1,0.566,0.337,0.347,0,0.0435,21.388888889,21.388888889
1,0.565,0.0183,0.0493,0,0,21.388888889,21.388888889
1,0.565,0.0183,0.0493,0,0,21.388888889,21.388888889
1,0.565,0.0183,0.0493,0,0,21.388888889,21.388888889
1,0.565,0.0183,0.0493,0,0,21.388888889,21.388888889
1,0.565,0.0183,0.0493,0,0,21.388888889,21.388888889
1,0.565,0.0183,0.0493,0,0,22.222222222,22.222222222
1,0.565,0.0183,0.0493,0,0,23.888888889,25.555555556
1,0.565,0.0183,0.0493,0,0,23.888888889,25.555555556
1,0.565,0.0183,0.0493,0,0,23.888888889,25.555555556
1,0.565,0.0183,0.0493,0,0,23.888888889,25.555555556
1,0.563,0.0339,0.076,0,0.0871,23.888888889,25.555555556
0.417,0.555,0.0964,0.183,0,0.218,23.888888889,25.555555556
0,0.565,0.0183,0.0493,0,0,23.888888889,25.555555556
0,0.565,0.0183,0.0493,0,0,23.888888889,25.555555556
0,0.565,0.0183,0.0493,0,0,23.888888889,25.555555556
0.0833,0.563,0.0492,0.0724,0,0,23.888888889,25.555555556
1,0.543,0.393,0.326,0,0.0435,23.888888889,25.555555556
1,0.57,0.431,0.327,0,0.348,23.888888889,25.555555556
1,0.608,0.452,0.332,0,0.261,23.888888889,25.555555556
1,0.645,0.473,0.349,0.233,0.0435,23.888888889,25.555555556
1,0.656,0.564,0.397,0,0,22.222222222,25.555555556
1,0.637,0.664,0.448,0,0.0871,21.388888889,21.388888889
1,0.565,0.0183,0.0493,0,0,21.388888889,21.388888889
1,0.562,0.441,0.45,0,0,21.388888889,21.388888889
1,0.512,0.473,0.543,0,0,21.388888889,21.388888889
1,0.55,0.0526,0.0825,0,0,21.388888889,21.388888889
1,0.565,0.016,0.0493,0,0,21.388888889,21.388888889
1,0.565,0.016,0.0493,0,0,21.388888889,21.388888889
1,0.565,0.016,0.0493,0,0,21.388888889,21.388888889
1,0.565,0.016,0.0493,0,0,22.222222222,22.222222222
1,0.565,0.016,0.0493,0,0,23.888888889,25.555555556
1,0.565,0.016,0.0493,0,0,23.888888889,25.555555556
1,0.562,0.0219,0.0776,0,0.131,23.888888889,30.555555556
1,0.529,0.0893,0.388,0,0.261,23.888888889,30.555555556
1,0.541,0.109,0.384,0,0.131,23.888888889,30.555555556
1,0.541,0.128,0.368,0,0.305,23.888888889,30.555555556
1,0.541,0.144,0.356,0,0,23.888888889,30.555555556
1,0.541,0.158,0.34,0.0833,0,23.888888889,30.555555556
1,0.541,0.168,0.33,0.15,0,23.888888889,30.555555556
1,0.541,0.189,0.326,0,0.131,23.888888889,30.555555556
0.167,0.561,0.0465,0.0955,0,0.0435,23.888888889,25.555555556
0,0.565,0.016,0.0493,0,0,23.888888889,25.555555556
0,0.565,0.016,0.0493,0,0,23.888888889,25.555555556
0.833,0.632,0.297,0.299,0.233,0,23.888888889,25.555555556
1,0.656,0.475,0.397,0,0.131,22.222222222,25.555555556
1,0.642,0.657,0.496,0,0.0435,21.388888889,21.388888889
1,0.614,0.792,0.639,0,0.174,21.388888889,21.388888889
1,0.566,0.508,0.525,0,0.216,21.388888889,21.388888889
1,0.565,0.016,0.0493,0,0.135,21.388888889,21.388888889
1,0.565,0.016,0.0493,0,0,21.388888889,21.388888889
1,0.565,0.016,0.0493,0,0,21.388888889,21.388888889
1,0.565,0.016,0.0493,0,0,21.388888889,21.388888889
1,0.565,0.016,0.0493,0,0,21.388888889,21.388888889
1,0.565,0.016,0.0493,0,0,22.222222222,22.222222222
1,0.565,0.016,0.0493,0,0,23.888888889,25.555555556
1,0.565,0.016,0.0493,0,0,23.888888889,25.555555556
1,0.565,0.016,0.0493,0,0,23.888888889,30.555555556
1,0.565,0.016,0.0493,0,0,23.888888889,30.555555556
1,0.563,0.0252,0.076,0.0833,0,23.888888889,30.555555556
1,0.541,0.128,0.368,0.15,0.0871,23.888888889,30.555555556
1,0.541,0.144,0.356,0,0,23.888888889,30.555555556
1,0.541,0.158,0.34,0,0,23.888888889,30.555555556
1,0.541,0.168,0.33,0,0.131,23.888888889,30.555555556
1,0.541,0.189,0.326,0,0,23.888888889,30.555555556
0.917,0.543,0.184,0.303,0,0.305,23.888888889,25.555555556
0,0.565,0.016,0.0493,0,0,23.888888889,25.555555556
0.0833,0.571,0.0431,0.0739,0,0.0435,23.888888889,25.555555556
1,0.645,0.352,0.349,0,0.0435,23.888888889,25.555555556
1,0.656,0.475,0.397,0,0,22.222222222,25.555555556
1,0.642,0.657,0.496,0,0.0871,21.388888889,21.388888889
1,0.614,0.792,0.639,0,0,21.388888889,21.388888889
1,0.562,0.729,0.747,0,0.0871,21.388888889,21.388888889
1,0.556,0.0892,0.136,0,0,21.388888889,21.388888889
1,0.565,0.016,0.0493,0,0,21.388888889,21.388888889
1,0.565,0.016,0.0493,0,0,21.388888889,21.388888889
1,0.565,0.016,0.0493,0,0,21.388888889,21.388888889
1,0.565,0.016,0.0493,0,0,21.388888889,21.388888889
1,0.565,0.016,0.0493,0,0,22.222222222,22.222222222
1,0.565,0.016,0.0493,0,0,23.888888889,25.555555556
1,0.565,0.016,0.0493,0,0,23.888888889,25.555555556
1,0.565,0.016,0.0493,0,0,23.888888889,30.555555556
1,0.563,0.0236,0.0773,0,0.0853,23.888888889,30.555555556
1,0.541,0.109,0.384,0,0.229,23.888888889,30.555555556
1,0.541,0.128,0.368,0,0.44,23.888888889,30.555555556
1,0.541,0.144,0.356,0,0.215,23.888888889,30.555555556
1,0.541,0.158,0.34,0,0.0435,23.888888889,30.555555556
1,0.541,0.168,0.33,0,0.0871,23.888888889,30.555555556
1,0.541,0.189,0.326,0,0.0871,23.888888889,30.555555556
1,0.543,0.201,0.326,0.233,0.174,23.888888889,25.555555556
1,0.57,0.228,0.327,0,0.131,23.888888889,25.555555556
1,0.608,0.283,0.332,0,0.0435,23.888888889,25.555555556
1,0.645,0.352,0.349,0,0.0871,23.888888889,25.555555556
1,0.603,0.201,0.191,0,0,22.222222222,25.555555556
1,0.565,0.016,0.0493,0,0,21.388888889,21.388888889
1,0.565,0.016,0.0493,0,0,21.388888889,21.388888889
1,0.565,0.016,0.0493,0,0,21.388888889,21.388888889
1,0.565,0.016,0.0493,0,0,21.388888889,21.388888889
1,0.565,0.016,0.0493,0,0,21.388888889,21.388888889
1,0.565,0.016,0.0493,0,0,21.388888889,21.388888889
1,0.556,0.0163,0.0493,0,0,21.388888889,21.388888889
1,0.497,0.0185,0.0493,0,0,21.388888889,21.388888889
1,0.565,0.016,0.0493,0,0,22.222222222,22.222222222
1,0.565,0.016,0.0493,0,0,23.888888889,25.555555556
1,0.565,0.016,0.0493,0,0,23.888888889,25.555555556
1,0.562,0.0219,0.0776,0.0833,0,23.888888889,30.555555556
1,0.529,0.0893,0.388,0.15,0,23.888888889,30.555555556
1,0.541,0.109,0.384,0,0,23.888888889,30.555555556
1,0.541,0.128,0.368,0,0,23.888888889,30.555555556
1,0.541,0.144,0.356,0,0,23.888888889,30.555555556
1,0.541,0.158,0.34,0,0.0871,23.888888889,30.555555556
1,0.541,0.168,0.33,0,0,23.888888889,30.555555556
1,0.541,0.189,0.326,0,0.131,23.888888889,30.555555556
1,0.543,0.201,0.326,0,0.0435,23.888888889,25.555555556
1,0.57,0.228,0.327,0,0.131,23.888888889,25.555555556
1,0.608,0.283,0.332,0,0.174,23.888888889,25.555555556
1,0.645,0.352,0.349,0,0.0435,23.888888889,25.555555556
1,0.656,0.475,0.397,0,0,22.222222222,25.555555556
1,0.642,0.657,0.496,0,0,21.388888889,21.388888889
1,0.614,0.73,0.58,0,0.0435,21.388888889,21.388888889
1,0.565,0.016,0.0493,0,0,21.388888889,21.388888889
1,0.565,0.016,0.0493,0,0,21.388888889,21.388888889
1,0.565,0.016,0.0493,0,0,21.388888889,21.388888889
1,0.565,0.016,0.0493,0,0,21.388888889,21.388888889
1,0.565,0.016,0.0493,0,0,21.388888889,21.388888889
1,0.565,0.016,0.0493,0,0,21.388888889,21.388888889
1,0.565,0.016,0.0493,0,0,22.222222222,22.222222222
1,0.565,0.016,0.0493,0,0,23.888888889,25.555555556
1,0.565,0.016,0.0493,0,0,23.888888889,25.555555556
1,0.524,0.0457,0.207,0.233,0.174,23.888888889,30.555555556
1,0.529,0.0893,0.388,0,0.174,23.888888889,30.555555556
1,0.541,0.109,0.384,0,0,23.888888889,30.555555556
1,0.541,0.128,0.368,0,0.174,23.888888889,30.555555556
1,0.541,0.144,0.356,0,0,23.888888889,30.555555556
1,0.541,0.158,0.34,0.0833,0.131,23.888888889,30.555555556
1,0.541,0.168,0.33,0.15,0.0871,23.888888889,30.555555556
1,0.543,0.174,0.303,0,0.218,23.888888889,30.555555556
1,0.565,0.016,0.0493,0,0,23.888888889,25.555555556
1,0.565,0.016,0.0493,0,0,23.888888889,25.555555556
1,0.565,0.016,0.0493,0,0,23.888888889,25.555555556
1,0.632,0.297,0.299,0.233,0,23.888888889,25.555555556
1,0.656,0.475,0.397,0,0.0435,22.222222222,25.555555556
1,0.642,0.657,0.496,0,0,21.388888889,21.388888889
1,0.614,0.792,0.639,0,0,21.388888889,21.388888889
1,0.562,0.729,0.747,0,0,21.388888889,21.388888889
1,0.512,0.434,0.543,0,0,21.388888889,21.388888889
1,0.484,0.182,0.232,0,0,21.388888889,21.388888889
1,0.565,0.0183,0.0493,0,0,21.388888889,21.388888889
1,0.565,0.0183,0.0493,0,0,21.388888889,21.388888889
1,0.565,0.0183,0.0493,0,0,21.388888889,21.388888889
1,0.565,0.0183,0.0493,0,0,22.222222222,22.222222222
1,0.565,0.0183,0.0493,0,0,23.888888889,25.555555556
1,0.529,0.0363,0.183,0,0,23.888888889,25.555555556
1,0.512,0.0759,0.358,0,0.481,23.888888889,25.555555556
0,0.565,0.0183,0.0493,0,0,23.888888889,25.555555556
0,0.565,0.0183,0.0493,0,0,23.888888889,25.555555556
0,0.565,0.0183,0.0493,0,0,23.888888889,25.555555556
0,0.565,0.0183,0.0493,0,0,23.888888889,25.555555556
0,0.565,0.0183,0.0493,0,0,23.888888889,25.555555556
0,0.565,0.0183,0.0493,0,0,23.888888889,25.555555556
0,0.565,0.0183,0.0493,0,0,23.888888889,25.555555556
0,0.565,0.0183,0.0493,0,0,23.888888889,25.555555556
0,0.565,0.0183,0.0493,0,0,23.888888889,25.555555556
0.75,0.618,0.363,0.294,0,0.0871,23.888888889,25.555555556
1,0.655,0.526,0.424,0,0.131,23.888888889,25.555555556
1,0.655,0.658,0.532,0,0.195,22.222222222,25.555555556
1,0.636,0.813,0.683,0,0.26,21.388888889,21.388888889
1,0.579,0.233,0.228,0,0.208,21.388888889,21.388888889
1,0.565,0.0183,0.0493,0,0,21.388888889,21.388888889
1,0.565,0.0183,0.0493,0,0,21.388888889,21.388888889
1,0.565,0.0183,0.0493,0,0,21.388888889,21.388888889
1,0.565,0.0183,0.0493,0,0,21.388888889,21.388888889
1,0.565,0.0183,0.0493,0,0,21.388888889,21.388888889
1,0.565,0.0183,0.0493,0,0,21.388888889,21.388888889
1,0.565,0.0183,0.0493,0,0,22.222222222,22.222222222
1,0.565,0.0183,0.0493,0,0,23.888888889,25.555555556
1,0.565,0.0183,0.0493,0,0,23.888888889,25.555555556
1,0.565,0.0183,0.0493,0,0,23.888888889,25.555555556
1,0.555,0.0896,0.226,0.233,0,23.888888889,25.555555556
1,0.545,0.187,0.397,0,0.592,23.888888889,25.555555556
0.25,0.56,0.0669,0.135,0,0.127,23.888888889,25.555555556
0,0.565,0.0183,0.0493,0,0,23.888888889,25.555555556
0,0.565,0.0183,0.0493,0,0,23.888888889,25.555555556
0,0.565,0.0183,0.0493,0,0,23.888888889,25.555555556
0,0.565,0.0183,0.0493,0,0,23.888888889,25.555555556
0.25,0.566,0.125,0.124,0,0.0435,23.888888889,25.555555556
1,0.59,0.455,0.353,0,0.261,23.888888889,25.555555556
1,0.629,0.475,0.371,0,0.0871,23.888888889,25.555555556
1,0.655,0.526,0.424,0,0.131,23.888888889,25.555555556
1,0.655,0.658,0.532,0,0.0435,22.222222222,25.555555556
1,0.636,0.813,0.683,0,0.0871,21.388888889,21.388888889
1,0.597,0.845,0.807,0,0,21.388888889,21.388888889
1,0.556,0.538,0.581,0,0,21.388888889,21.388888889
1,0.565,0.0183,0.0493,0,0,21.388888889,21.388888889
1,0.565,0.0181,0.0493,0,0,21.388888889,21.388888889
1,0.565,0.016,0.0493,0,0,21.388888889,21.388888889
1,0.565,0.016,0.0493,0,0,21.388888889,21.388888889
1,0.565,0.016,0.0493,0,0,21.388888889,21.388888889
1,0.565,0.016,0.0493,0,0,22.222222222,22.222222222
1,0.565,0.016,0.0493,0,0,23.888888889,25.555555556
1,0.565,0.016,0.0493,0,0,23.888888889,25.555555556
1,0.565,0.016,0.0493,0,0,23.888888889,30.555555556
1,0.565,0.016,0.0493,0,0,23.888888889,30.555555556
1,0.549,0.0943,0.317,0.483,0.0435,23.888888889,30.555555556
1,0.545,0.136,0.388,0,0.29,23.888888889,30.555555556
1,0.545,0.151,0.375,0,0.415,23.888888889,30.555555556
1,0.545,0.166,0.36,0.233,0,23.888888889,30.555555556
1,0.545,0.178,0.35,0,0.261,23.888888889,30.555555556
1,0.545,0.198,0.347,0,0.0435,23.888888889,30.555555556
1,0.552,0.213,0.348,0,0.174,23.888888889,25.555555556
1,0.581,0.246,0.351,0.0167,0.0435,23.888888889,25.555555556
1,0.62,0.305,0.364,0.7,0.174,23.888888889,25.555555556
1,0.652,0.386,0.406,0,0,23.888888889,25.555555556
1,0.658,0.527,0.5,0,0.0435,22.222222222,25.555555556
1,0.642,0.708,0.646,0,0,21.388888889,21.388888889
1,0.609,0.811,0.787,0,0,21.388888889,21.388888889
1,0.557,0.697,0.777,0,0,21.388888889,21.388888889
1,0.509,0.4,0.489,0,0,21.388888889,21.388888889
1,0.494,0.159,0.201,0,0,21.388888889,21.388888889
1,0.467,0.0723,0.11,0,0,21.388888889,21.388888889
1,0.467,0.0353,0.0674,0,0,21.388888889,21.388888889
1,0.467,0.0192,0.0493,0,0.131,21.388888889,21.388888889
1,0.493,0.0159,0.0493,0,0.435,22.222222222,22.222222222
1,0.565,0.016,0.0493,0,0,23.888888889,25.555555556
1,0.565,0.016,0.0493,0,0,23.888888889,25.555555556
1,0.565,0.016,0.0493,0,0,23.888888889,30.555555556
1,0.565,0.016,0.0493,0,0,23.888888889,30.555555556
1,0.565,0.016,0.0493,0,0,23.888888889,30.555555556
1,0.559,0.051,0.137,0,0.0435,23.888888889,30.555555556
1,0.545,0.151,0.375,0,0.261,23.888888889,30.555555556
1,0.545,0.166,0.36,0,0.174,23.888888889,30.555555556
1,0.545,0.178,0.35,0.233,0.0435,23.888888889,30.555555556
0.75,0.55,0.153,0.273,0,0.0435,23.888888889,30.555555556
1,0.552,0.213,0.348,0,0.566,23.888888889,25.555555556
1,0.569,0.174,0.269,0,0,23.888888889,25.555555556
1,0.565,0.016,0.0493,0,0,23.888888889,25.555555556
1,0.565,0.016,0.0493,0,0,23.888888889,25.555555556
1,0.565,0.016,0.0493,0,0,22.222222222,25.555555556
1,0.565,0.016,0.0493,0,0,21.388888889,21.388888889
1,0.565,0.016,0.0493,0,0,21.388888889,21.388888889
1,0.565,0.016,0.0493,0,0,21.388888889,21.388888889
1,0.565,0.016,0.0493,0,0,21.388888889,21.388888889
1,0.547,0.0284,0.0629,0,0,21.388888889,21.388888889
1,0.565,0.016,0.0493,0,0,21.388888889,21.388888889
1,0.539,0.0171,0.0493,0,0,21.388888889,21.388888889
1,0.467,0.0192,0.0493,0,0.131,21.388888889,21.388888889
1,0.493,0.0159,0.0493,0,0.393,22.222222222,22.222222222
1,0.565,0.016,0.0493,0,0,23.888888889,25.555555556
1,0.565,0.016,0.0493,0,0,23.888888889,25.555555556
1,0.556,0.0359,0.143,0.233,0,23.888888889,30.555555556
0.983,0.536,0.0945,0.395,0,0,23.888888889,30.555555556
0,0.565,0.016,0.0493,0,0,23.888888889,30.555555556
0,0.565,0.016,0.0493,0,0,23.888888889,30.555555556
0.517,0.554,0.088,0.215,0,0,23.888888889,30.555555556
0.733,0.55,0.124,0.279,0,0,23.888888889,30.555555556
0,0.565,0.016,0.0493,0,0,23.888888889,30.555555556
0,0.565,0.016,0.0493,0,0,23.888888889,30.555555556
0,0.565,0.016,0.0493,0,0,23.888888889,25.555555556
0.75,0.579,0.191,0.276,0,0.0435,23.888888889,25.555555556
0.767,0.61,0.242,0.293,0.233,0.0871,23.888888889,25.555555556
1,0.652,0.386,0.406,0,0.218,23.888888889,25.555555556
1,0.636,0.353,0.352,0,0.131,22.222222222,25.555555556
1,0.58,0.231,0.24,0,0.0435,21.388888889,21.388888889
1,0.609,0.811,0.787,0,0,21.388888889,21.388888889
1,0.557,0.697,0.777,0,0,21.388888889,21.388888889
1,0.509,0.4,0.489,0,0,21.388888889,21.388888889
1,0.494,0.159,0.201,0,0,21.388888889,21.388888889
1,0.467,0.0723,0.11,0,0,21.388888889,21.388888889
1,0.467,0.0353,0.0674,0,0.103,21.388888889,21.388888889
1,0.517,0.0181,0.0493,0,0.286,21.388888889,21.388888889
1,0.565,0.016,0.0493,0,0,22.222222222,22.222222222
0.733,0.565,0.016,0.0493,0,0,23.888888889,25.555555556
0.267,0.565,0.016,0.0493,0,0,23.888888889,25.555555556
1,0.538,0.0483,0.21,0,0.401,23.888888889,30.555555556
0.483,0.549,0.0521,0.219,0,0.118,23.888888889,30.555555556
0,0.565,0.016,0.0493,0,0,23.888888889,30.555555556
0,0.565,0.016,0.0493,0,0,23.888888889,30.555555556
0.767,0.549,0.121,0.298,0,0.131,23.888888889,30.555555556
1,0.545,0.166,0.36,0,0.0435,23.888888889,30.555555556
1,0.545,0.178,0.35,0,0,23.888888889,30.555555556
1,0.545,0.198,0.347,0,0.0615,23.888888889,30.555555556
0.233,0.56,0.0603,0.119,0,0.364,23.888888889,25.555555556
0,0.565,0.016,0.0493,0,0,23.888888889,25.555555556
0.267,0.587,0.106,0.139,0,0,23.888888889,25.555555556
1,0.652,0.386,0.406,0,0.0435,23.888888889,25.555555556
1,0.658,0.527,0.5,0,0.131,22.222222222,25.555555556
1,0.642,0.708,0.646,0,0,21.388888889,21.388888889
1,0.607,0.607,0.573,0,0,21.388888889,21.388888889
1,0.565,0.016,0.0493,0,0,21.388888889,21.388888889
1,0.565,0.016,0.0493,0,0,21.388888889,21.388888889
1,0.547,0.0284,0.0629,0,0,21.388888889,21.388888889
1,0.565,0.016,0.0493,0,0,21.388888889,21.388888889
1,0.565,0.016,0.0493,0,0,21.388888889,21.388888889
1,0.565,0.016,0.0493,0,0,21.388888889,21.388888889
1,0.565,0.016,0.0493,0,0,22.222222222,22.222222222
1,0.565,0.016,0.0493,0,0,23.888888889,25.555555556
1,0.565,0.016,0.0493,0,0,23.888888889,25.555555556
1,0.565,0.016,0.0493,0,0,23.888888889,30.555555556
1,0.565,0.016,0.0493,0,0,23.888888889,30.555555556
1,0.549,0.0943,0.317,0.233,0,23.888888889,30.555555556
1,0.545,0.136,0.388,0.0167,0,23.888888889,30.555555556
1,0.545,0.151,0.375,0.217,0.131,23.888888889,30.555555556
1,0.545,0.166,0.36,0,0.392,23.888888889,30.555555556
1,0.545,0.178,0.35,0,0.218,23.888888889,30.555555556
1,0.545,0.198,0.347,0,0.131,23.888888889,30.555555556
1,0.552,0.213,0.348,0,0.131,23.888888889,25.555555556
0.233,0.566,0.0662,0.119,0,0,23.888888889,25.555555556
0,0.565,0.016,0.0493,0,0,23.888888889,25.555555556
0,0.565,0.016,0.0493,0,0,23.888888889,25.555555556
0,0.565,0.016,0.0493,0,0,22.222222222,25.555555556
0,0.565,0.016,0.0493,0,0,21.388888889,21.388888889
0.0167,0.565,0.0287,0.0627,0,0,21.388888889,21.388888889
1,0.557,0.697,0.777,0,0.0435,21.388888889,21.388888889
1,0.531,0.35,0.436,0,0,21.388888889,21.388888889
1,0.565,0.0162,0.0493,0,0,21.388888889,21.388888889
1,0.565,0.0183,0.0493,0,0,21.388888889,21.388888889
1,0.565,0.0183,0.0493,0,0,21.388888889,21.388888889
1,0.565,0.0183,0.0493,0,0,21.388888889,21.388888889
1,0.516,0.0216,0.0505,0,0.0755,22.222222222,22.222222222
0.25,0.54,0.0199,0.0499,0,0.0435,23.888888889,25.555555556
0,0.565,0.0183,0.0493,0,0,23.888888889,25.555555556
1,0.512,0.0759,0.358,0,0.784,23.888888889,25.555555556
1,0.538,0.129,0.401,0,0.261,23.888888889,25.555555556
1,0.545,0.187,0.397,0.233,0.0435,23.888888889,25.555555556
0.5,0.555,0.116,0.22,0,0.174,23.888888889,25.555555556
0,0.565,0.0183,0.0493,0,0,23.888888889,25.555555556
0,0.565,0.0183,0.0493,0,0,23.888888889,25.555555556
0,0.565,0.0183,0.0493,0,0,23.888888889,25.555555556
0,0.565,0.0183,0.0493,0,0,23.888888889,25.555555556
0,0.565,0.0183,0.0493,0,0,23.888888889,25.555555556
0.5,0.587,0.242,0.203,0,0.261,23.888888889,25.555555556
1,0.629,0.475,0.371,0,0,23.888888889,25.555555556
1,0.655,0.526,0.424,0,0.218,23.888888889,25.555555556
1,0.655,0.658,0.532,0,0,22.222222222,25.555555556
1,0.636,0.813,0.683,0,0,21.388888889,21.388888889
1,0.597,0.845,0.807,0,0,21.388888889,21.388888889
1,0.545,0.662,0.713,0,0,21.388888889,21.388888889
1,0.542,0.265,0.313,0,0,21.388888889,21.388888889
1,0.565,0.0183,0.0493,0,0,21.388888889,21.388888889
1,0.565,0.0183,0.0493,0,0,21.388888889,21.388888889
1,0.565,0.0183,0.0493,0,0,21.388888889,21.388888889
1,0.565,0.0183,0.0493,0,0,21.388888889,21.388888889
1,0.565,0.0183,0.0493,0,0,22.222222222,22.222222222
1,0.565,0.0183,0.0493,0,0,23.888888889,25.555555556
1,0.565,0.0183,0.0493,0,0,23.888888889,25.555555556
1,0.565,0.0183,0.0493,0,0,23.888888889,25.555555556
1,0.565,0.0183,0.0493,0,0,23.888888889,25.555555556
1,0.565,0.0183,0.0493,0,0,23.888888889,25.555555556
1,0.555,0.136,0.214,0.233,0.0435,23.888888889,25.555555556
1,0.545,0.266,0.371,0,0.218,23.888888889,25.555555556
0.5,0.555,0.148,0.206,0,0.174,23.888888889,25.555555556
0,0.565,0.0183,0.0493,0,0,23.888888889,25.555555556
0,0.565,0.0183,0.0493,0,0,23.888888889,25.555555556
0,0.565,0.0183,0.0493,0,0,23.888888889,25.555555556
0,0.565,0.0183,0.0493,0,0,23.888888889,25.555555556
0,0.565,0.0183,0.0493,0,0,23.888888889,25.555555556
0,0.565,0.0183,0.0493,0,0,23.888888889,25.555555556
0,0.565,0.0183,0.0493,0,0,22.222222222,25.555555556
0.75,0.615,0.631,0.545,0,0.0871,21.388888889,21.388888889
1,0.597,0.845,0.807,0,0.0871,21.388888889,21.388888889
1,0.545,0.662,0.713,0,0.0435,21.388888889,21.388888889
1,0.565,0.0183,0.0493,0,0,21.388888889,21.388888889
1,0.565,0.0181,0.0493,0,0,21.388888889,21.388888889
1,0.565,0.016,0.0493,0,0,21.388888889,21.388888889
1,0.565,0.016,0.0493,0,0,21.388888889,21.388888889
1,0.565,0.016,0.0493,0,0,21.388888889,21.388888889
1,0.565,0.016,0.0493,0,0,22.222222222,22.222222222
1,0.565,0.016,0.0493,0,0,23.888888889,25.555555556
1,0.565,0.016,0.0493,0,0,23.888888889,25.555555556
1,0.565,0.016,0.0493,0,0,23.888888889,30.555555556
1,0.565,0.016,0.0493,0,0,23.888888889,30.555555556
1,0.549,0.0943,0.317,0,0,23.888888889,30.555555556
1,0.545,0.136,0.388,0,0.0871,23.888888889,30.555555556
1,0.545,0.151,0.375,0,0,23.888888889,30.555555556
1,0.545,0.166,0.36,0,0,23.888888889,30.555555556
1,0.545,0.178,0.35,0,0.174,23.888888889,30.555555556
1,0.545,0.198,0.347,0.0167,0.261,23.888888889,30.555555556
1,0.552,0.213,0.348,0.217,0.0871,23.888888889,25.555555556
1,0.581,0.246,0.351,0,0.131,23.888888889,25.555555556
1,0.62,0.305,0.364,0,0.0871,23.888888889,25.555555556
1,0.652,0.386,0.406,0,0,23.888888889,25.555555556
1,0.658,0.527,0.5,0,0,22.222222222,25.555555556
1,0.642,0.708,0.646,0,0,21.388888889,21.388888889
1,0.609,0.811,0.787,0,0.0871,21.388888889,21.388888889
1,0.557,0.697,0.777,0,0,21.388888889,21.388888889
1,0.509,0.4,0.489,0,0,21.388888889,21.388888889
1,0.524,0.107,0.145,0,0,21.388888889,21.388888889
1,0.565,0.016,0.0493,0,0,21.388888889,21.388888889
1,0.565,0.016,0.0493,0,0,21.388888889,21.388888889
1,0.565,0.016,0.0493,0,0,21.388888889,21.388888889
1,0.565,0.016,0.0493,0,0,22.222222222,22.222222222
1,0.565,0.016,0.0493,0,0,23.888888889,25.555555556
1,0.565,0.016,0.0493,0,0,23.888888889,25.555555556
1,0.565,0.016,0.0493,0,0,23.888888889,30.555555556
1,0.565,0.016,0.0493,0,0,23.888888889,30.555555556
1,0.565,0.016,0.0493,0,0,23.888888889,30.555555556
1,0.559,0.051,0.137,0,0.301,23.888888889,30.555555556
1,0.545,0.151,0.375,0,0.256,23.888888889,30.555555556
1,0.545,0.166,0.36,0,0.326,23.888888889,30.555555556
1,0.545,0.178,0.35,0,0.0871,23.888888889,30.555555556
1,0.545,0.198,0.347,0,0.174,23.888888889,30.555555556
1,0.552,0.213,0.348,0.267,0.0871,23.888888889,25.555555556
1,0.581,0.246,0.351,0.933,0,23.888888889,25.555555556
1,0.62,0.305,0.364,0,0.0435,23.888888889,25.555555556
1,0.652,0.386,0.406,0,0,23.888888889,25.555555556
1,0.658,0.527,0.5,0,0,22.222222222,25.555555556
1,0.642,0.708,0.646,0,0.218,21.388888889,21.388888889
1,0.609,0.811,0.787,0,0.0435,21.388888889,21.388888889
1,0.557,0.697,0.777,0,0,21.388888889,21.388888889
1,0.554,0.122,0.172,0,0,21.388888889,21.388888889
1,0.565,0.016,0.0493,0,0,21.388888889,21.388888889
1,0.565,0.016,0.0493,0,0,21.388888889,21.388888889
1,0.565,0.016,0.0493,0,0,21.388888889,21.388888889
1,0.565,0.016,0.0493,0,0,21.388888889,21.388888889
1,0.565,0.016,0.0493,0,0,22.222222222,22.222222222
1,0.565,0.016,0.0493,0,0,23.888888889,25.555555556
1,0.565,0.016,0.0493,0,0,23.888888889,25.555555556
1,0.565,0.016,0.0493,0,0,23.888888889,30.555555556
1,0.565,0.016,0.0493,0,0,23.888888889,30.555555556
1,0.565,0.016,0.0493,0,0,23.888888889,30.555555556
0.75,0.564,0.0182,0.0548,0,0.0435,23.888888889,30.555555556
1,0.545,0.151,0.375,0,0.0435,23.888888889,30.555555556
1,0.545,0.166,0.36,0,0,23.888888889,30.555555556
1,0.545,0.178,0.35,0,0,23.888888889,30.555555556
1,0.545,0.198,0.347,0,0.174,23.888888889,30.555555556
1,0.552,0.213,0.348,0,0,23.888888889,25.555555556
1,0.581,0.246,0.351,0,0.218,23.888888889,25.555555556
1,0.62,0.305,0.364,0,0.0435,23.888888889,25.555555556
1,0.652,0.386,0.406,0,0,23.888888889,25.555555556
1,0.658,0.527,0.5,0,0.0871,22.222222222,25.555555556
1,0.642,0.708,0.646,0,0,21.388888889,21.388888889
1,0.607,0.607,0.573,0,0.267,21.388888889,21.388888889
1,0.565,0.016,0.0493,0,0,21.388888889,21.388888889
1,0.565,0.016,0.0493,0,0,21.388888889,21.388888889
1,0.565,0.016,0.0493,0,0,21.388888889,21.388888889
1,0.565,0.016,0.0493,0,0,21.388888889,21.388888889
1,0.565,0.016,0.0493,0,0,21.388888889,21.388888889
1,0.565,0.016,0.0493,0,0,21.388888889,21.388888889
1,0.565,0.016,0.0493,0,0,22.222222222,22.222222222
1,0.565,0.016,0.0493,0,0,23.888888889,25.555555556
1,0.565,0.016,0.0493,0,0,23.888888889,25.555555556
1,0.565,0.016,0.0493,0,0,23.888888889,30.555555556
1,0.559,0.0413,0.143,0,0.24,23.888888889,30.555555556
1,0.545,0.116,0.399,0,0.282,23.888888889,30.555555556
1,0.545,0.136,0.388,0,0.0435,23.888888889,30.555555556
1,0.545,0.151,0.375,0,0.0871,23.888888889,30.555555556
1,0.545,0.166,0.36,0,0.174,23.888888889,30.555555556
1,0.545,0.178,0.35,0,0.0871,23.888888889,30.555555556
1,0.545,0.198,0.347,0,0.218,23.888888889,30.555555556
1,0.552,0.213,0.348,0,0.0871,23.888888889,25.555555556
1,0.581,0.246,0.351,0,0,23.888888889,25.555555556
1,0.62,0.305,0.364,0,0.131,23.888888889,25.555555556
1,0.652,0.386,0.406,0,0.243,23.888888889,25.555555556
1,0.658,0.527,0.5,0,0.0533,22.222222222,25.555555556
1,0.642,0.708,0.646,0,0.19,21.388888889,21.388888889
1,0.609,0.811,0.787,0,0.0881,21.388888889,21.388888889
1,0.557,0.697,0.777,0,0.279,21.388888889,21.388888889
1,0.51,0.397,0.485,0,0.0967,21.388888889,21.388888889
1,0.565,0.016,0.0493,0,0,21.388888889,21.388888889
1,0.565,0.016,0.0493,0,0,21.388888889,21.388888889
1,0.565,0.016,0.0493,0,0,21.388888889,21.388888889
1,0.565,0.016,0.0493,0,0,21.388888889,21.388888889
1,0.565,0.016,0.0493,0,0,22.222222222,22.222222222
1,0.565,0.016,0.0493,0,0,23.888888889,25.555555556
1,0.565,0.016,0.0493,0,0,23.888888889,25.555555556
1,0.565,0.016,0.0493,0,0,23.888888889,30.555555556
1,0.565,0.016,0.0493,0,0,23.888888889,30.555555556
1,0.549,0.0943,0.317,0,0.305,23.888888889,30.555555556
1,0.545,0.136,0.388,0,0.0435,23.888888889,30.555555556
1,0.545,0.151,0.375,0,0.174,23.888888889,30.555555556
1,0.545,0.166,0.36,0,0.0435,23.888888889,30.555555556
0.733,0.55,0.131,0.27,0,0.174,23.888888889,30.555555556
0,0.565,0.016,0.0493,0,0,23.888888889,30.555555556
0,0.565,0.016,0.0493,0,0,23.888888889,25.555555556
0,0.565,0.016,0.0493,0,0,23.888888889,25.555555556
0,0.565,0.016,0.0493,0,0,23.888888889,25.555555556
0,0.565,0.016,0.0493,0,0,23.888888889,25.555555556
0,0.565,0.016,0.0493,0,0,22.222222222,25.555555556
0,0.565,0.016,0.0493,0,0,21.388888889,21.388888889
0.767,0.595,0.623,0.62,0,0,21.388888889,21.388888889
1,0.557,0.697,0.777,0,0.133,21.388888889,21.388888889
1,0.509,0.4,0.489,0,0.0435,21.388888889,21.388888889
1,0.494,0.161,0.201,0,0.0871,21.388888889,21.388888889
1,0.467,0.0748,0.0986,0,0.0435,21.388888889,21.388888889
1,0.467,0.0385,0.0616,0,0.0871,21.388888889,21.388888889
1,0.54,0.0205,0.0493,0,0.305,21.388888889,21.388888889
1,0.565,0.0183,0.0493,0,0,22.222222222,22.222222222
1,0.565,0.0183,0.0493,0,0,23.888888889,25.555555556
1,0.565,0.0183,0.0493,0,0,23.888888889,25.555555556
1,0.548,0.0578,0.225,0,0.193,23.888888889,25.555555556
0.75,0.543,0.0935,0.313,0,0.215,23.888888889,25.555555556
0,0.565,0.0183,0.0493,0,0,23.888888889,25.555555556
0,0.565,0.0183,0.0493,0,0,23.888888889,25.555555556
0,0.565,0.0183,0.0493,0,0,23.888888889,25.555555556
0,0.565,0.0183,0.0493,0,0,23.888888889,25.555555556
1,0.565,0.0183,0.0493,0,0,23.888888889,25.555555556
0.5,0.565,0.0183,0.0493,0,0,23.888888889,25.555555556
0,0.565,0.0183,0.0493,0,0,23.888888889,25.555555556
0.25,0.576,0.13,0.126,0.233,0,23.888888889,25.555555556
1,0.629,0.475,0.371,0,0.0435,23.888888889,25.555555556
1,0.655,0.526,0.424,0,0,23.888888889,25.555555556
1,0.655,0.658,0.532,0,0.131,22.222222222,25.555555556
1,0.636,0.813,0.683,0,0,21.388888889,21.388888889
1,0.597,0.845,0.807,0,0.131,21.388888889,21.388888889
1,0.565,0.0183,0.0493,0,0,21.388888889,21.388888889
1,0.565,0.0183,0.0493,0,0,21.388888889,21.388888889
1,0.524,0.0522,0.0801,0,0,21.388888889,21.388888889
1,0.565,0.0183,0.0493,0,0,21.388888889,21.388888889
1,0.565,0.0183,0.0493,0,0,21.388888889,21.388888889
1,0.565,0.0183,0.0493,0,0,21.388888889,21.388888889
1,0.565,0.0183,0.0493,0,0,22.222222222,22.222222222
1,0.565,0.0183,0.0493,0,0,23.888888889,25.555555556
1,0.565,0.0183,0.0493,0,0,23.888888889,25.555555556
1,0.512,0.0759,0.358,0,0,23.888888889,25.555555556
0.5,0.548,0.0578,0.225,0,0.134,23.888888889,25.555555556
0,0.565,0.0183,0.0493,0,0,23.888888889,25.555555556
0,0.565,0.0183,0.0493,0,0,23.888888889,25.555555556
0,0.565,0.0183,0.0493,0,0,23.888888889,25.555555556
0,0.565,0.0183,0.0493,0,0,23.888888889,25.555555556
0,0.565,0.0183,0.0493,0,0,23.888888889,25.555555556
0.75,0.55,0.295,0.273,0,0.0435,23.888888889,25.555555556
1,0.558,0.424,0.348,0,0.218,23.888888889,25.555555556
1,0.59,0.455,0.353,0,0.261,23.888888889,25.555555556
1,0.629,0.475,0.371,0,0.174,23.888888889,25.555555556
1,0.655,0.526,0.424,0.967,0.0435,23.888888889,25.555555556
1,0.655,0.658,0.532,0,0.321,22.222222222,25.555555556
1,0.636,0.813,0.683,0,0.184,21.388888889,21.388888889
1,0.597,0.845,0.807,0,0.0587,21.388888889,21.388888889
1,0.565,0.0183,0.0493,0,0,21.388888889,21.388888889
1,0.565,0.0183,0.0493,0,0,21.388888889,21.388888889
1,0.565,0.0181,0.0493,0,0,21.388888889,21.388888889
1,0.565,0.016,0.0493,0,0,21.388888889,21.388888889
1,0.565,0.016,0.0493,0,0,21.388888889,21.388888889
1,0.565,0.016,0.0493,0,0,21.388888889,21.388888889
1,0.565,0.016,0.0493,0,0,22.222222222,22.222222222
1,0.565,0.016,0.0493,0,0,23.888888889,25.555555556
1,0.546,0.0292,0.12,0,0,23.888888889,25.555555556
1,0.503,0.0723,0.339,0,0.0435,23.888888889,30.555555556
1,0.535,0.0961,0.401,0,0.174,23.888888889,30.555555556
0.733,0.55,0.0857,0.308,0,0.0871,23.888888889,30.555555556
0,0.565,0.016,0.0493,0,0,23.888888889,30.555555556
0.0167,0.564,0.0184,0.0545,0,0,23.888888889,30.555555556
1,0.545,0.166,0.36,0,0.0435,23.888888889,30.555555556
0.233,0.56,0.0524,0.12,0,0,23.888888889,30.555555556
0,0.565,0.016,0.0493,0,0,23.888888889,30.555555556
0,0.565,0.016,0.0493,0,0,23.888888889,25.555555556
0,0.565,0.016,0.0493,0,0,23.888888889,25.555555556
0.517,0.598,0.174,0.216,0,0.174,23.888888889,25.555555556
1,0.652,0.386,0.406,0,0.0871,23.888888889,25.555555556
1,0.658,0.527,0.5,0.767,0.0871,22.222222222,25.555555556
1,0.642,0.708,0.646,0.2,0,21.388888889,21.388888889
1,0.609,0.811,0.787,0,0,21.388888889,21.388888889
1,0.557,0.697,0.777,0,0,21.388888889,21.388888889
1,0.509,0.4,0.489,0,0.138,21.388888889,21.388888889
1,0.494,0.159,0.201,0,0,21.388888889,21.388888889
1,0.467,0.0723,0.11,0,0,21.388888889,21.388888889
1,0.467,0.0353,0.0674,0,0,21.388888889,21.388888889
1,0.467,0.0192,0.0493,0,0,21.388888889,21.388888889
1,0.467,0.0183,0.0499,0,0.261,22.222222222,22.222222222
1,0.467,0.0291,0.0738,0,0.0435,23.888888889,25.555555556
1,0.474,0.0474,0.183,0,0,23.888888889,25.555555556
1,0.503,0.0723,0.339,0,0,23.888888889,30.555555556
1,0.535,0.0961,0.401,0,0,23.888888889,30.555555556
1,0.545,0.116,0.399,0,0.131,23.888888889,30.555555556
1,0.545,0.136,0.388,0,0,23.888888889,30.555555556
1,0.545,0.151,0.375,0,0,23.888888889,30.555555556
1,0.545,0.166,0.36,0,0.131,23.888888889,30.555555556
1,0.545,0.178,0.35,0,0,23.888888889,30.555555556
1,0.545,0.198,0.347,0,0,23.888888889,30.555555556
1,0.552,0.213,0.348,0,0.0871,23.888888889,25.555555556
1,0.581,0.246,0.351,0,0,23.888888889,25.555555556
1,0.62,0.305,0.364,0,0.0435,23.888888889,25.555555556
1,0.652,0.386,0.406,0,0.0435,23.888888889,25.555555556
1,0.658,0.527,0.5,0,0,22.222222222,25.555555556
1,0.642,0.708,0.646,0,0,21.388888889,21.388888889
1,0.609,0.811,0.787,0,0,21.388888889,21.388888889
1,0.557,0.697,0.777,0,0,21.388888889,21.388888889
1,0.531,0.172,0.225,0,0,21.388888889,21.388888889
1,0.477,0.172,0.215,0,0,21.388888889,21.388888889
1,0.542,0.0318,0.0666,0,0,21.388888889,21.388888889
1,0.565,0.016,0.0493,0,0,21.388888889,21.388888889
1,0.565,0.016,0.0493,0,0,21.388888889,21.388888889
1,0.565,0.016,0.0493,0,0,22.222222222,22.222222222
1,0.565,0.016,0.0493,0,0,23.888888889,25.555555556
1,0.565,0.016,0.0493,0,0,23.888888889,25.555555556
1,0.565,0.016,0.0493,0,0,23.888888889,30.555555556
1,0.543,0.0786,0.319,0.233,0.0435,23.888888889,30.555555556
1,0.545,0.116,0.399,0,0.171,23.888888889,30.555555556
1,0.545,0.136,0.388,0,0.718,23.888888889,30.555555556
1,0.545,0.151,0.375,0,0.589,23.888888889,30.555555556
1,0.545,0.166,0.36,0,0.483,23.888888889,30.555555556
1,0.545,0.178,0.35,0,0,23.888888889,30.555555556
1,0.545,0.198,0.347,0,0.0871,23.888888889,30.555555556
1,0.552,0.213,0.348,0,0.218,23.888888889,25.555555556
1,0.581,0.246,0.351,0,0.0871,23.888888889,25.555555556
1,0.62,0.305,0.364,0,0,23.888888889,25.555555556
1,0.652,0.386,0.406,0,0,23.888888889,25.555555556
1,0.658,0.527,0.5,0,0,22.222222222,25.555555556
1,0.642,0.708,0.646,0,0,21.388888889,21.388888889
1,0.609,0.811,0.787,0,0,21.388888889,21.388888889
1,0.557,0.697,0.777,0,0.104,21.388888889,21.388888889
1,0.531,0.35,0.436,0,0.134,21.388888889,21.388888889
1,0.547,0.0284,0.0629,0,0,21.388888889,21.388888889
1,0.565,0.016,0.0493,0,0,21.388888889,21.388888889
1,0.565,0.016,0.0493,0,0,21.388888889,21.388888889
1,0.565,0.016,0.0493,0,0,21.388888889,21.388888889
1,0.565,0.016,0.0493,0,0,22.222222222,22.222222222
1,0.565,0.016,0.0493,0,0,23.888888889,25.555555556
1,0.565,0.016,0.0493,0,0,23.888888889,25.555555556
1,0.565,0.016,0.0493,0,0,23.888888889,30.555555556
1,0.565,0.016,0.0493,0,0,23.888888889,30.555555556
1,0.565,0.016,0.0493,0,0,23.888888889,30.555555556
1,0.565,0.016,0.0493,0,0,23.888888889,30.555555556
1,0.565,0.016,0.0493,0,0,23.888888889,30.555555556
1,0.565,0.016,0.0493,0,0,23.888888889,30.555555556
1,0.559,0.0637,0.129,0,0,23.888888889,30.555555556
1,0.545,0.198,0.347,0,0,23.888888889,30.555555556
1,0.552,0.213,0.348,0,0.131,23.888888889,25.555555556
1,0.581,0.246,0.351,0,0.174,23.888888889,25.555555556
1,0.62,0.305,0.364,0.233,0.415,23.888888889,25.555555556
1,0.652,0.386,0.406,0,0.511,23.888888889,25.555555556
1,0.658,0.527,0.5,0,0.153,22.222222222,25.555555556
1,0.642,0.708,0.646,0,0.331,21.388888889,21.388888889
1,0.609,0.811,0.787,0.233,0.0185,21.388888889,21.388888889
1,0.569,0.576,0.636,0,0,21.388888889,21.388888889
1,0.565,0.016,0.0493,0,0,21.388888889,21.388888889
1,0.565,0.016,0.0493,0,0,21.388888889,21.388888889
1,0.565,0.016,0.0493,0,0,21.388888889,21.388888889
1,0.565,0.016,0.0493,0,0,21.388888889,21.388888889
1,0.565,0.016,0.0493,0,0,21.388888889,21.388888889
1,0.565,0.016,0.0493,0,0,22.222222222,22.222222222
1,0.565,0.016,0.0493,0,0,23.888888889,25.555555556
1,0.565,0.016,0.0493,0,0,23.888888889,25.555555556
1,0.565,0.016,0.0493,0,0,23.888888889,30.555555556
1,0.565,0.016,0.0493,0,0,23.888888889,30.555555556
1,0.565,0.016,0.0493,0,0,23.888888889,30.555555556
1,0.559,0.051,0.137,0,0.103,23.888888889,30.555555556
1,0.545,0.151,0.375,0,0.362,23.888888889,30.555555556
1,0.545,0.166,0.36,0,0.0435,23.888888889,30.555555556
1,0.545,0.178,0.35,0,0.174,23.888888889,30.555555556
1,0.545,0.198,0.347,0,0.0871,23.888888889,30.555555556
1,0.552,0.213,0.348,0,0,23.888888889,25.555555556
1,0.581,0.246,0.351,0,0,23.888888889,25.555555556
1,0.62,0.305,0.364,0,0.131,23.888888889,25.555555556
1,0.652,0.386,0.406,0,0.305,23.888888889,25.555555556
1,0.658,0.527,0.5,0,0,22.222222222,25.555555556
1,0.642,0.708,0.646,0,0.0435,21.388888889,21.388888889
1,0.609,0.811,0.787,0,0.0435,21.388888889,21.388888889
1,0.557,0.697,0.777,0,0,21.388888889,21.388888889
1,0.509,0.4,0.489,0,0,21.388888889,21.388888889
1,0.503,0.154,0.195,0,0,21.388888889,21.388888889
1,0.565,0.0183,0.0493,0,0,21.388888889,21.388888889
1,0.565,0.0183,0.0493,0,0,21.388888889,21.388888889
1,0.565,0.0183,0.0493,0,0,21.388888889,21.388888889
1,0.565,0.0183,0.0493,0,0,22.222222222,22.222222222
1,0.516,0.025,0.092,0,0.134,23.888888889,25.555555556
1,0.48,0.043,0.225,0,0.389,23.888888889,25.555555556
1,0.512,0.0759,0.358,0,0.187,23.888888889,25.555555556
1,0.538,0.129,0.401,0,0.218,23.888888889,25.555555556
1,0.545,0.187,0.397,0,0.174,23.888888889,25.555555556
1,0.555,0.116,0.22,0,0,23.888888889,25.555555556
0.5,0.565,0.0183,0.0493,0,0,23.888888889,25.555555556
0,0.565,0.0183,0.0493,0,0,23.888888889,25.555555556
0,0.565,0.0183,0.0493,0,0,23.888888889,25.555555556
0,0.565,0.0183,0.0493,0,0,23.888888889,25.555555556
0,0.565,0.0183,0.0493,0,0,23.888888889,25.555555556
0,0.565,0.0183,0.0493,0,0,23.888888889,25.555555556
0,0.565,0.0183,0.0493,0,0,23.888888889,25.555555556
1,0.655,0.526,0.424,0,0.0871,23.888888889,25.555555556
1,0.655,0.658,0.532,0,0,22.222222222,25.555555556
1,0.636,0.813,0.683,0,0.0871,21.388888889,21.388888889
1,0.597,0.845,0.807,0,0,21.388888889,21.388888889
1,0.568,0.415,0.449,0,0,21.388888889,21.388888889
1,0.565,0.0183,0.0493,0,0,21.388888889,21.388888889
1,0.565,0.0183,0.0493,0,0,21.388888889,21.388888889
1,0.565,0.0183,0.0493,0,0,21.388888889,21.388888889
1,0.565,0.0183,0.0493,0,0,21.388888889,21.388888889
1,0.565,0.0183,0.0493,0,0,21.388888889,21.388888889
1,0.565,0.0183,0.0493,0,0,22.222222222,22.222222222
1,0.565,0.0183,0.0493,0,0,23.888888889,25.555555556
1,0.565,0.0183,0.0493,0,0,23.888888889,25.555555556
1,0.565,0.0183,0.0493,0,0,23.888888889,25.555555556
1,0.565,0.0183,0.0493,0,0,23.888888889,25.555555556
1,0.565,0.0183,0.0493,0,0,23.888888889,25.555555556
1,0.555,0.136,0.214,0,0.131,23.888888889,25.555555556
1,0.545,0.266,0.371,0,0.0871,23.888888889,25.555555556
0.25,0.56,0.0834,0.128,0,0,23.888888889,25.555555556
0,0.565,0.0183,0.0493,0,0,23.888888889,25.555555556
0,0.565,0.0183,0.0493,0,0,23.888888889,25.555555556
0,0.565,0.0183,0.0493,0,0,23.888888889,25.555555556
0,0.565,0.0183,0.0493,0,0,23.888888889,25.555555556
0,0.565,0.0183,0.0493,0,0,23.888888889,25.555555556
1,0.655,0.526,0.424,0,0.174,23.888888889,25.555555556
1,0.655,0.658,0.532,0,0.0435,22.222222222,25.555555556
1,0.636,0.813,0.683,0,0.218,21.388888889,21.388888889
1,0.597,0.845,0.807,0,0.174,21.388888889,21.388888889
1,0.545,0.662,0.713,0,0,21.388888889,21.388888889
1,0.565,0.0183,0.0493,0,0,21.388888889,21.388888889
1,0.565,0.0181,0.0493,0,0,21.388888889,21.388888889
1,0.565,0.016,0.0493,0,0,21.388888889,21.388888889
1,0.565,0.016,0.0493,0,0,21.388888889,21.388888889
1,0.565,0.016,0.0493,0,0,21.388888889,21.388888889
1,0.565,0.016,0.0493,0,0,22.222222222,22.222222222
1,0.565,0.016,0.0493,0,0,23.888888889,25.555555556
1,0.565,0.016,0.0493,0,0,23.888888889,25.555555556
1,0.565,0.016,0.0493,0,0,23.888888889,30.555555556
1,0.565,0.016,0.0493,0,0,23.888888889,30.555555556
1,0.565,0.016,0.0493,0,0,23.888888889,30.555555556
1,0.559,0.051,0.137,0,0,23.888888889,30.555555556
1,0.545,0.151,0.375,0,0,23.888888889,30.555555556
1,0.545,0.166,0.36,0,0.0435,23.888888889,30.555555556
1,0.545,0.178,0.35,0,0.174,23.888888889,30.555555556
1,0.545,0.198,0.347,0,0.131,23.888888889,30.555555556
1,0.552,0.213,0.348,0,0.0871,23.888888889,25.555555556
1,0.581,0.246,0.351,0,0,23.888888889,25.555555556
1,0.62,0.305,0.364,0,0.174,23.888888889,25.555555556
1,0.652,0.386,0.406,0.233,0,23.888888889,25.555555556
1,0.658,0.527,0.5,0,0,22.222222222,25.555555556
1,0.642,0.708,0.646,0,0.0435,21.388888889,21.388888889
1,0.609,0.811,0.787,0,0.0435,21.388888889,21.388888889
1,0.569,0.576,0.636,0,0.218,21.388888889,21.388888889
1,0.565,0.016,0.0493,0,0,21.388888889,21.388888889
1,0.565,0.016,0.0493,0,0,21.388888889,21.388888889
1,0.565,0.016,0.0493,0,0,21.388888889,21.388888889
1,0.565,0.016,0.0493,0,0,21.388888889,21.388888889
1,0.565,0.016,0.0493,0,0,21.388888889,21.388888889
1,0.565,0.016,0.0493,0,0,22.222222222,22.222222222
1,0.565,0.016,0.0493,0,0,23.888888889,25.555555556
1,0.565,0.016,0.0493,0,0,23.888888889,25.555555556
1,0.565,0.016,0.0493,0,0,23.888888889,30.555555556
1,0.565,0.016,0.0493,0,0,23.888888889,30.555555556
1,0.559,0.0468,0.14,0,0,23.888888889,30.555555556
1,0.545,0.136,0.388,0,0.0435,23.888888889,30.555555556
1,0.545,0.151,0.375,0,0.131,23.888888889,30.555555556
1,0.545,0.166,0.36,0,0.0435,23.888888889,30.555555556
1,0.545,0.178,0.35,0,0,23.888888889,30.555555556
1,0.545,0.198,0.347,0,0.131,23.888888889,30.555555556
1,0.552,0.213,0.348,0,0.0435,23.888888889,25.555555556
1,0.581,0.246,0.351,0,0.261,23.888888889,25.555555556
1,0.62,0.305,0.364,0,0.0435,23.888888889,25.555555556
1,0.652,0.386,0.406,0,0,23.888888889,25.555555556
1,0.658,0.527,0.5,0,0.0435,22.222222222,25.555555556
1,0.642,0.708,0.646,0,0,21.388888889,21.388888889
1,0.609,0.811,0.787,0,0,21.388888889,21.388888889
1,0.557,0.697,0.777,0,0,21.388888889,21.388888889
1,0.509,0.4,0.489,0,0.215,21.388888889,21.388888889
1,0.494,0.159,0.201,0,0.195,21.388888889,21.388888889
1,0.565,0.016,0.0493,0,0.189,21.388888889,21.388888889
1,0.565,0.016,0.0493,0,0,21.388888889,21.388888889
1,0.565,0.016,0.0493,0,0,21.388888889,21.388888889
1,0.565,0.016,0.0493,0,0,22.222222222,22.222222222
1,0.565,0.016,0.0493,0,0,23.888888889,25.555555556
1,0.565,0.016,0.0493,0,0,23.888888889,25.555555556
1,0.565,0.016,0.0493,0,0,23.888888889,30.555555556
1,0.559,0.0413,0.143,0,0,23.888888889,30.555555556
1,0.545,0.116,0.399,0,0.0435,23.888888889,30.555555556
1,0.545,0.136,0.388,0,0.174,23.888888889,30.555555556
1,0.545,0.151,0.375,0,0,23.888888889,30.555555556
1,0.545,0.166,0.36,0,0.131,23.888888889,30.555555556
1,0.545,0.178,0.35,0,0,23.888888889,30.555555556
1,0.545,0.198,0.347,0,0,23.888888889,30.555555556
1,0.552,0.213,0.348,0,0.0435,23.888888889,25.555555556
1,0.581,0.246,0.351,0.267,0.261,23.888888889,25.555555556
1,0.62,0.305,0.364,0.217,0.261,23.888888889,25.555555556
1,0.652,0.386,0.406,0,0.0871,23.888888889,25.555555556
1,0.658,0.527,0.5,0,0.261,22.222222222,25.555555556
1,0.642,0.708,0.646,0,0.329,21.388888889,21.388888889
1,0.609,0.811,0.787,0,0.404,21.388888889,21.388888889
1,0.569,0.576,0.636,0,0,21.388888889,21.388888889
1,0.565,0.016,0.0493,0,0,21.388888889,21.388888889
1,0.548,0.0273,0.0616,0,0.0882,21.388888889,21.388888889
1,0.565,0.016,0.0493,0,0,21.388888889,21.388888889
1,0.565,0.016,0.0493,0,0,21.388888889,21.388888889
1,0.565,0.016,0.0493,0,0,21.388888889,21.388888889
1,0.565,0.016,0.0493,0,0,22.222222222,22.222222222
1,0.565,0.016,0.0493,0,0,23.888888889,25.555555556
1,0.565,0.016,0.0493,0,0,23.888888889,25.555555556
1,0.565,0.016,0.0493,0,0,23.888888889,30.555555556
1,0.565,0.016,0.0493,0,0,23.888888889,30.555555556
1,0.565,0.016,0.0493,0,0,23.888888889,30.555555556
1,0.559,0.051,0.137,0.233,0,23.888888889,30.555555556
1,0.545,0.151,0.375,0,0.0435,23.888888889,30.555555556
1,0.545,0.166,0.36,0,0,23.888888889,30.555555556
1,0.545,0.178,0.35,0,0.0435,23.888888889,30.555555556
1,0.545,0.198,0.347,0,0.0435,23.888888889,30.555555556
1,0.552,0.213,0.348,0,0.174,23.888888889,25.555555556
1,0.581,0.246,0.351,0.0167,0.218,23.888888889,25.555555556
1,0.62,0.305,0.364,0.95,0.0435,23.888888889,25.555555556
1,0.652,0.386,0.406,0,0.0871,23.888888889,25.555555556
1,0.658,0.527,0.5,0,0.174,22.222222222,25.555555556
1,0.642,0.708,0.646,0,0,21.388888889,21.388888889
1,0.609,0.798,0.773,0,0,21.388888889,21.388888889
1,0.565,0.016,0.0493,0,0,21.388888889,21.388888889
1,0.565,0.016,0.0493,0,0,21.388888889,21.388888889
1,0.565,0.016,0.0493,0,0,21.388888889,21.388888889
1,0.565,0.016,0.0493,0,0,21.388888889,21.388888889
1,0.565,0.016,0.0493,0,0,21.388888889,21.388888889
1,0.565,0.016,0.0493,0,0,21.388888889,21.388888889
1,0.539,0.0184,0.0499,0,0.0435,22.222222222,22.222222222
1,0.467,0.0291,0.0738,0,0.305,23.888888889,25.555555556
1,0.493,0.0342,0.112,0,0,23.888888889,25.555555556
1,0.565,0.016,0.0493,0,0,23.888888889,30.555555556
1,0.565,0.016,0.0493,0,0,23.888888889,30.555555556
1,0.565,0.016,0.0493,0,0,23.888888889,30.555555556
1,0.559,0.051,0.137,0,0.411,23.888888889,30.555555556
1,0.545,0.151,0.375,0,0.352,23.888888889,30.555555556
0.233,0.56,0.0503,0.122,0,0.157,23.888888889,30.555555556
0.767,0.549,0.142,0.28,0.483,0.0435,23.888888889,30.555555556
1,0.545,0.198,0.347,0,0.0435,23.888888889,30.555555556
1,0.552,0.213,0.348,0,0.261,23.888888889,25.555555556
1,0.581,0.246,0.351,0.0167,0.0871,23.888888889,25.555555556
1,0.62,0.305,0.364,0.217,0.0435,23.888888889,25.555555556
1,0.652,0.386,0.406,0,0,23.888888889,25.555555556
0.733,0.636,0.353,0.352,0,0,22.222222222,25.555555556
0.0167,0.566,0.0294,0.0612,0,0,21.388888889,21.388888889
1,0.609,0.811,0.787,0,0,21.388888889,21.388888889
1,0.557,0.697,0.777,0,0.061,21.388888889,21.388888889
1,0.509,0.4,0.489,0,0.456,21.388888889,21.388888889
1,0.494,0.161,0.201,0,0.0951,21.388888889,21.388888889
1,0.516,0.059,0.0863,0,0.134,21.388888889,21.388888889
1,0.565,0.0183,0.0493,0,0,21.388888889,21.388888889
1,0.565,0.0183,0.0493,0,0,21.388888889,21.388888889
1,0.516,0.0216,0.0505,0,0.0871,22.222222222,22.222222222
1,0.516,0.0216,0.0505,0,0.0435,23.888888889,25.555555556
1,0.565,0.0183,0.0493,0,0,23.888888889,25.555555556
0.5,0.529,0.0363,0.183,0,0.319,23.888888889,25.555555556
0,0.565,0.0183,0.0493,0,0,23.888888889,25.555555556
0,0.565,0.0183,0.0493,0,0,23.888888889,25.555555556
0,0.565,0.0183,0.0493,0,0,23.888888889,25.555555556
0,0.565,0.0183,0.0493,0,0,23.888888889,25.555555556
0,0.565,0.0183,0.0493,0,0,23.888888889,25.555555556
0,0.565,0.0183,0.0493,0,0,23.888888889,25.555555556
0,0.565,0.0183,0.0493,0,0,23.888888889,25.555555556
0,0.565,0.0183,0.0493,0,0,23.888888889,25.555555556
1,0.59,0.455,0.353,0.967,0,23.888888889,25.555555556
1,0.629,0.475,0.371,0,0.305,23.888888889,25.555555556
1,0.655,0.526,0.424,0,0.218,23.888888889,25.555555556
1,0.655,0.658,0.532,0,0.0871,22.222222222,25.555555556
1,0.636,0.813,0.683,0,0.0435,21.388888889,21.388888889
1,0.597,0.845,0.807,0,0,21.388888889,21.388888889
1,0.565,0.0183,0.0493,0,0,21.388888889,21.388888889
1,0.565,0.0183,0.0493,0,0,21.388888889,21.388888889
1,0.524,0.0522,0.0801,0,0,21.388888889,21.388888889
1,0.565,0.0183,0.0493,0,0,21.388888889,21.388888889
1,0.565,0.0183,0.0493,0,0,21.388888889,21.388888889
1,0.565,0.0183,0.0493,0,0,21.388888889,21.388888889
1,0.565,0.0183,0.0493,0,0,22.222222222,22.222222222
1,0.565,0.0183,0.0493,0,0,23.888888889,25.555555556
1,0.565,0.0183,0.0493,0,0,23.888888889,25.555555556
1,0.565,0.0183,0.0493,0,0,23.888888889,25.555555556
1,0.565,0.0183,0.0493,0,0,23.888888889,25.555555556
1,0.555,0.116,0.22,0,0.244,23.888888889,25.555555556
0.75,0.55,0.174,0.303,0,0.334,23.888888889,25.555555556
0,0.565,0.0183,0.0493,0,0,23.888888889,25.555555556
0,0.565,0.0183,0.0493,0,0,23.888888889,25.555555556
0,0.565,0.0183,0.0493,0,0,23.888888889,25.555555556
0,0.565,0.0183,0.0493,0,0,23.888888889,25.555555556
0,0.565,0.0183,0.0493,0,0,23.888888889,25.555555556
0,0.565,0.0183,0.0493,0,0,23.888888889,25.555555556
0,0.565,0.0183,0.0493,0,0,23.888888889,25.555555556
0,0.565,0.0183,0.0493,0,0,23.888888889,25.555555556
0,0.565,0.0183,0.0493,0,0,22.222222222,25.555555556
0,0.565,0.0183,0.0493,0,0,21.388888889,21.388888889
0.75,0.582,0.63,0.628,0,0.231,21.388888889,21.388888889
1,0.545,0.662,0.713,0,0.417,21.388888889,21.388888889
1,0.565,0.0183,0.0493,0,0,21.388888889,21.388888889
1,0.565,0.0181,0.0493,0,0,21.388888889,21.388888889
1,0.565,0.016,0.0493,0,0,21.388888889,21.388888889
1,0.565,0.016,0.0493,0,0,21.388888889,21.388888889
1,0.565,0.016,0.0493,0,0,21.388888889,21.388888889
1,0.565,0.016,0.0493,0,0,22.222222222,22.222222222
1,0.565,0.016,0.0493,0,0,23.888888889,25.555555556
1,0.565,0.016,0.0493,0,0,23.888888889,25.555555556
1,0.565,0.016,0.0493,0,0,23.888888889,30.555555556
0.917,0.619,0.0633,0.324,0.25,0,23.888888889,30.555555556
0,0.565,0.016,0.0493,0,0,23.888888889,30.555555556
0,0.565,0.016,0.0493,0,0,23.888888889,30.555555556
0,0.565,0.016,0.0493,0,0,23.888888889,30.555555556
0.333,0.594,0.0588,0.163,0.0833,0.0871,23.888888889,30.555555556
1,0.652,0.152,0.38,0.167,0,23.888888889,30.555555556
1,0.652,0.171,0.377,0,0.174,23.888888889,30.555555556
1,0.655,0.182,0.377,0,0.0871,23.888888889,25.555555556
1,0.687,0.206,0.383,0,0.131,23.888888889,25.555555556
1,0.734,0.256,0.405,0,0.174,23.888888889,25.555555556
1,0.778,0.317,0.47,0,0,23.888888889,25.555555556
0.5,0.677,0.23,0.334,0,0.0435,22.222222222,25.555555556
1,0.774,0.593,0.777,0,0.131,21.388888889,21.388888889
0.917,0.73,0.66,0.822,0,0,21.388888889,21.388888889
0,0.565,0.016,0.0493,0,0,21.388888889,21.388888889
0,0.565,0.016,0.0493,0,0,21.388888889,21.388888889
0,0.565,0.016,0.0493,0,0,21.388888889,21.388888889
0,0.565,0.016,0.0493,0,0,21.388888889,21.388888889
0,0.565,0.016,0.0493,0,0,21.388888889,21.388888889
0,0.565,0.016,0.0493,0,0,21.388888889,21.388888889
0.0833,0.565,0.016,0.0493,0,0,22.222222222,22.222222222
1,0.565,0.016,0.0493,0,0,23.888888889,25.555555556
1,0.565,0.016,0.0493,0,0,23.888888889,25.555555556
1,0.565,0.016,0.0493,0,0,23.888888889,30.555555556
1,0.565,0.016,0.0493,0,0,23.888888889,30.555555556
1,0.616,0.0647,0.269,0,0.131,23.888888889,30.555555556
1,0.652,0.116,0.421,0,0.0435,23.888888889,30.555555556
1,0.652,0.13,0.408,0,0.0435,23.888888889,30.555555556
1,0.652,0.143,0.392,0,0.383,23.888888889,30.555555556
1,0.652,0.152,0.38,0,0.261,23.888888889,30.555555556
1,0.652,0.171,0.377,0,0.0871,23.888888889,30.555555556
0.417,0.601,0.0843,0.186,0,0.0435,23.888888889,25.555555556
0,0.565,0.016,0.0493,0,0,23.888888889,25.555555556
0,0.565,0.016,0.0493,0,0,23.888888889,25.555555556
0.333,0.637,0.122,0.197,0,0,23.888888889,25.555555556
1,0.791,0.429,0.604,0,0,22.222222222,25.555555556
1,0.774,0.593,0.777,0,0,21.388888889,21.388888889
1,0.74,0.715,0.89,0,0.135,21.388888889,21.388888889
1,0.678,0.658,0.839,0,0,21.388888889,21.388888889
1,0.617,0.392,0.518,0,0,21.388888889,21.388888889
1,0.573,0.169,0.238,0,0,21.388888889,21.388888889
1,0.56,0.0684,0.117,0,0.0435,21.388888889,21.388888889
1,0.565,0.016,0.0493,0,0,21.388888889,21.388888889
1,0.565,0.016,0.0493,0,0,21.388888889,21.388888889
1,0.565,0.016,0.0493,0,0,22.222222222,22.222222222
1,0.565,0.016,0.0493,0,0,23.888888889,25.555555556
1,0.567,0.0194,0.0726,0,0.0822,23.888888889,25.555555556
1,0.594,0.0592,0.336,0,0.138,23.888888889,30.555555556
1,0.638,0.0806,0.417,0.75,0.131,23.888888889,30.555555556
1,0.645,0.0902,0.395,0,0.0435,23.888888889,30.555555556
1,0.616,0.0747,0.266,0,0,23.888888889,30.555555556
1,0.652,0.13,0.408,0,0.0435,23.888888889,30.555555556
1,0.652,0.143,0.392,0,0.0435,23.888888889,30.555555556
1,0.652,0.152,0.38,0,0.218,23.888888889,30.555555556
1,0.652,0.171,0.377,0,0.0435,23.888888889,30.555555556
0.917,0.645,0.166,0.35,0,0,23.888888889,25.555555556
0.583,0.638,0.128,0.244,0,0.0435,23.888888889,25.555555556
1,0.734,0.256,0.405,0,0.0435,23.888888889,25.555555556
1,0.778,0.317,0.47,0,0,23.888888889,25.555555556
1,0.791,0.429,0.604,0,0.0435,22.222222222,25.555555556
1,0.774,0.593,0.777,0,0,21.388888889,21.388888889
1,0.74,0.715,0.89,0,0,21.388888889,21.388888889
1,0.678,0.658,0.839,0,0,21.388888889,21.388888889
1,0.574,0.0819,0.131,0,0,21.388888889,21.388888889
1,0.565,0.016,0.0493,0,0,21.388888889,21.388888889
1,0.565,0.016,0.0493,0,0,21.388888889,21.388888889
1,0.565,0.016,0.0493,0,0,21.388888889,21.388888889
1,0.565,0.016,0.0493,0,0,21.388888889,21.388888889
1,0.565,0.016,0.0493,0,0,22.222222222,22.222222222
1,0.565,0.016,0.0493,0,0,23.888888889,25.555555556
1,0.565,0.016,0.0493,0,0,23.888888889,25.555555556
1,0.571,0.0212,0.0799,0,0.0871,23.888888889,30.555555556
1,0.638,0.0806,0.417,0,0.131,23.888888889,30.555555556
1,0.652,0.0984,0.426,0,0.0435,23.888888889,30.555555556
1,0.652,0.116,0.421,0,0.218,23.888888889,30.555555556
1,0.652,0.13,0.408,0,0.0888,23.888888889,30.555555556
1,0.652,0.143,0.392,0,0.413,23.888888889,30.555555556
0.667,0.623,0.106,0.27,0,0.174,23.888888889,30.555555556
0.833,0.608,0.093,0.213,0,0.0435,23.888888889,30.555555556
1,0.565,0.016,0.0493,0,0,23.888888889,25.555555556
1,0.565,0.016,0.0493,0,0,23.888888889,25.555555556
0.917,0.565,0.016,0.0493,0,0,23.888888889,25.555555556
0.833,0.742,0.269,0.402,0,0,23.888888889,25.555555556
1,0.791,0.429,0.604,0,0.308,22.222222222,25.555555556
1,0.774,0.593,0.777,0,0.13,21.388888889,21.388888889
1,0.74,0.715,0.89,0,0,21.388888889,21.388888889
1,0.678,0.658,0.839,0,0.0644,21.388888889,21.388888889
1,0.617,0.392,0.518,0,0,21.388888889,21.388888889
1,0.573,0.169,0.238,0,0,21.388888889,21.388888889
1,0.56,0.0684,0.117,0,0.0435,21.388888889,21.388888889
1,0.565,0.016,0.0493,0,0,21.388888889,21.388888889
1,0.565,0.016,0.0493,0,0,21.388888889,21.388888889
1,0.565,0.016,0.0493,0,0,22.222222222,22.222222222
1,0.565,0.016,0.0493,0,0,23.888888889,25.555555556
1,0.565,0.016,0.0493,0,0,23.888888889,25.555555556
1,0.565,0.016,0.0493,0,0,23.888888889,30.555555556
1,0.565,0.016,0.0493,0,0,23.888888889,30.555555556
1,0.565,0.016,0.0493,0,0,23.888888889,30.555555556
1,0.572,0.0254,0.0794,0,0.0906,23.888888889,30.555555556
1,0.652,0.13,0.408,0,0.167,23.888888889,30.555555556
1,0.652,0.143,0.392,0,0.239,23.888888889,30.555555556
1,0.652,0.152,0.38,0,0.546,23.888888889,30.555555556
1,0.652,0.171,0.377,0,0.131,23.888888889,30.555555556
1,0.655,0.182,0.377,0,0.348,23.888888889,25.555555556
0.167,0.584,0.0469,0.105,0,0,23.888888889,25.555555556
0.5,0.647,0.134,0.225,0,0.254,23.888888889,25.555555556
0.25,0.618,0.0891,0.152,0,0,23.888888889,25.555555556
0,0.565,0.016,0.0493,0,0,22.222222222,25.555555556
0,0.565,0.016,0.0493,0,0,21.388888889,21.388888889
0.583,0.665,0.422,0.539,0,0,21.388888889,21.388888889
1,0.678,0.658,0.839,0,0,21.388888889,21.388888889
1,0.616,0.378,0.501,0,0,21.388888889,21.388888889
1,0.565,0.0162,0.0493,0,0,21.388888889,21.388888889
1,0.565,0.0183,0.0493,0,0,21.388888889,21.388888889
1,0.565,0.0183,0.0493,0,0,21.388888889,21.388888889
1,0.565,0.0183,0.0493,0,0,21.388888889,21.388888889
1,0.565,0.0183,0.0493,0,0,22.222222222,22.222222222
1,0.565,0.0183,0.0493,0,0,23.888888889,25.555555556
1,0.565,0.0183,0.0493,0,0,23.888888889,25.555555556
1,0.565,0.0183,0.0493,0,0,23.888888889,25.555555556
1,0.594,0.059,0.175,0,0.248,23.888888889,25.555555556
1,0.652,0.156,0.425,0,0.418,23.888888889,25.555555556
0.417,0.601,0.0881,0.205,0,0.214,23.888888889,25.555555556
0,0.565,0.0183,0.0493,0,0,23.888888889,25.555555556
0,0.565,0.0183,0.0493,0,0,23.888888889,25.555555556
0,0.565,0.0183,0.0493,0,0,23.888888889,25.555555556
0,0.565,0.0183,0.0493,0,0,23.888888889,25.555555556
0,0.565,0.0183,0.0493,0,0,23.888888889,25.555555556
0,0.565,0.0183,0.0493,0,0,23.888888889,25.555555556
0,0.565,0.0183,0.0493,0,0,23.888888889,25.555555556
0.0833,0.584,0.0581,0.0943,0.0833,0,23.888888889,25.555555556
1,0.787,0.549,0.648,0.167,0.261,22.222222222,25.555555556
1,0.653,0.283,0.348,0,0.0435,21.388888889,21.388888889
1,0.565,0.0183,0.0493,0,0,21.388888889,21.388888889
1,0.565,0.0183,0.0493,0,0,21.388888889,21.388888889
1,0.565,0.0183,0.0493,0,0,21.388888889,21.388888889
1,0.565,0.0183,0.0493,0,0,21.388888889,21.388888889
1,0.565,0.0183,0.0493,0,0,21.388888889,21.388888889
1,0.563,0.0201,0.0493,0,0.158,21.388888889,21.388888889
1,0.559,0.0211,0.0493,0,0.214,21.388888889,21.388888889
1,0.561,0.0166,0.0493,0.5,0.344,22.222222222,22.222222222
1,0.565,0.0183,0.0493,0,0,23.888888889,25.555555556
1,0.565,0.0183,0.0493,0,0,23.888888889,25.555555556
1,0.601,0.0551,0.311,0,0,23.888888889,25.555555556
1,0.642,0.104,0.419,0,0,23.888888889,25.555555556
1,0.652,0.156,0.425,0,0.0435,23.888888889,25.555555556
1,0.652,0.198,0.418,0,0.218,23.888888889,25.555555556
1,0.652,0.229,0.404,0,0.174,23.888888889,25.555555556
0.667,0.623,0.168,0.278,0,0,23.888888889,25.555555556
0,0.565,0.0183,0.0493,0,0,23.888888889,25.555555556
0,0.565,0.0183,0.0493,0,0,23.888888889,25.555555556
0,0.565,0.0183,0.0493,0,0,23.888888889,25.555555556
0,0.565,0.0183,0.0493,0,0,23.888888889,25.555555556
0.583,0.677,0.25,0.274,0,0.0435,23.888888889,25.555555556
1,0.782,0.446,0.503,0.25,0.0871,23.888888889,25.555555556
1,0.787,0.549,0.648,0,0,22.222222222,25.555555556
1,0.766,0.691,0.809,0,0,21.388888889,21.388888889
1,0.725,0.748,0.883,0,0.131,21.388888889,21.388888889
1,0.584,0.133,0.185,0,0.131,21.388888889,21.388888889
1,0.565,0.0183,0.0493,0,0,21.388888889,21.388888889
1,0.565,0.0181,0.0493,0,0,21.388888889,21.388888889
1,0.565,0.016,0.0493,0,0,21.388888889,21.388888889
1,0.565,0.016,0.0493,0,0,21.388888889,21.388888889
1,0.565,0.016,0.0493,0,0,21.388888889,21.388888889
1,0.565,0.016,0.0493,0,0,22.222222222,22.222222222
1,0.565,0.016,0.0493,0,0,23.888888889,25.555555556
1,0.565,0.016,0.0493,0,0,23.888888889,25.555555556
1,0.565,0.016,0.0493,0,0,23.888888889,30.555555556
1,0.572,0.0227,0.0807,0,0,23.888888889,30.555555556
0.167,0.579,0.0295,0.112,0,0,23.888888889,30.555555556
0,0.565,0.016,0.0493,0,0,23.888888889,30.555555556
0.333,0.594,0.0547,0.168,0,0.0871,23.888888889,30.555555556
1,0.652,0.143,0.392,0,0,23.888888889,30.555555556
1,0.652,0.152,0.38,0,0,23.888888889,30.555555556
1,0.652,0.171,0.377,0,0.261,23.888888889,30.555555556
1,0.655,0.182,0.377,0,0.348,23.888888889,25.555555556
0.417,0.614,0.0934,0.188,0,0,23.888888889,25.555555556
0.0833,0.582,0.0404,0.0835,0,0,23.888888889,25.555555556
1,0.778,0.317,0.47,0,0,23.888888889,25.555555556
1,0.791,0.429,0.604,0,0.131,22.222222222,25.555555556
1,0.774,0.593,0.777,0,0,21.388888889,21.388888889
1,0.74,0.715,0.89,0,0,21.388888889,21.388888889
1,0.678,0.658,0.839,0,0.0625,21.388888889,21.388888889
1,0.617,0.392,0.518,0,0.252,21.388888889,21.388888889
1,0.571,0.124,0.182,0,0.208,21.388888889,21.388888889
1,0.565,0.016,0.0493,0,0,21.388888889,21.388888889
1,0.565,0.016,0.0493,0,0,21.388888889,21.388888889
1,0.565,0.016,0.0493,0,0,21.388888889,21.388888889
1,0.565,0.016,0.0493,0,0,22.222222222,22.222222222
1,0.565,0.016,0.0493,0,0,23.888888889,25.555555556
1,0.565,0.016,0.0493,0,0,23.888888889,25.555555556
1,0.565,0.016,0.0493,0,0,23.888888889,30.555555556
1,0.565,0.016,0.0493,0,0,23.888888889,30.555555556
1,0.565,0.016,0.0493,0,0,23.888888889,30.555555556
1,0.572,0.0254,0.0794,0.0833,0,23.888888889,30.555555556
1,0.652,0.13,0.408,0.167,0,23.888888889,30.555555556
1,0.652,0.143,0.392,0,0.0435,23.888888889,30.555555556
1,0.652,0.152,0.38,0,0,23.888888889,30.555555556
1,0.652,0.171,0.377,0,0,23.888888889,30.555555556
1,0.655,0.182,0.377,0,0.218,23.888888889,25.555555556
1,0.687,0.206,0.383,0,0.174,23.888888889,25.555555556
1,0.734,0.256,0.405,0,0.0435,23.888888889,25.555555556
1,0.778,0.317,0.47,0,0.0435,23.888888889,25.555555556
1,0.791,0.429,0.604,0,0.131,22.222222222,25.555555556
1,0.774,0.593,0.777,0,0.174,21.388888889,21.388888889
1,0.74,0.715,0.89,0,0,21.388888889,21.388888889
1,0.584,0.127,0.185,0,0,21.388888889,21.388888889
1,0.565,0.016,0.0493,0,0,21.388888889,21.388888889
1,0.565,0.016,0.0493,0,0,21.388888889,21.388888889
1,0.565,0.016,0.0493,0,0,21.388888889,21.388888889
1,0.565,0.016,0.0493,0,0,21.388888889,21.388888889
1,0.565,0.016,0.0493,0,0,21.388888889,21.388888889
1,0.565,0.016,0.0493,0,0,22.222222222,22.222222222
1,0.565,0.016,0.0493,0,0,23.888888889,25.555555556
1,0.565,0.016,0.0493,0,0,23.888888889,25.555555556
1,0.565,0.016,0.0493,0,0,23.888888889,30.555555556
1,0.572,0.0227,0.0807,0.0833,0,23.888888889,30.555555556
1,0.652,0.0984,0.426,0.667,0.225,23.888888889,30.555555556
1,0.652,0.116,0.421,0,0.501,23.888888889,30.555555556
1,0.652,0.13,0.408,0,0.133,23.888888889,30.555555556
1,0.652,0.143,0.392,0,0.269,23.888888889,30.555555556
1,0.652,0.152,0.38,0,0,23.888888889,30.555555556
0.917,0.645,0.157,0.35,0,0.145,23.888888889,30.555555556
0.833,0.64,0.154,0.323,0,0.305,23.888888889,25.555555556
1,0.687,0.206,0.383,0,0.0435,23.888888889,25.555555556
1,0.734,0.256,0.405,0,0.0435,23.888888889,25.555555556
1,0.778,0.317,0.47,0,0.0435,23.888888889,25.555555556
1,0.791,0.429,0.604,0,0.218,22.222222222,25.555555556
1,0.774,0.593,0.777,0,0,21.388888889,21.388888889
1,0.74,0.715,0.89,0.25,0.219,21.388888889,21.388888889
1,0.614,0.293,0.389,0,0.0178,21.388888889,21.388888889
1,0.565,0.016,0.0493,0,0,21.388888889,21.388888889
1,0.565,0.016,0.0493,0,0,21.388888889,21.388888889
1,0.565,0.016,0.0493,0,0,21.388888889,21.388888889
1,0.565,0.016,0.0493,0,0,21.388888889,21.388888889
1,0.565,0.016,0.0493,0,0,21.388888889,21.388888889
1,0.565,0.016,0.0493,0,0,22.222222222,22.222222222
1,0.565,0.016,0.0493,0,0,23.888888889,25.555555556
1,0.565,0.016,0.0493,0,0,23.888888889,25.555555556
1,0.565,0.016,0.0493,0,0,23.888888889,30.555555556
1,0.565,0.016,0.0493,0,0,23.888888889,30.555555556
1,0.565,0.016,0.0493,0,0,23.888888889,30.555555556
1,0.572,0.0254,0.0794,0,0,23.888888889,30.555555556
1,0.652,0.13,0.408,0,0.0435,23.888888889,30.555555556
1,0.652,0.143,0.392,0,0.131,23.888888889,30.555555556
1,0.652,0.152,0.38,0,0.0435,23.888888889,30.555555556
1,0.652,0.171,0.377,0,0.0435,23.888888889,30.555555556
1,0.655,0.182,0.377,0,0.0435,23.888888889,25.555555556
1,0.687,0.206,0.383,0,0.131,23.888888889,25.555555556
1,0.734,0.256,0.405,0,0,23.888888889,25.555555556
1,0.778,0.317,0.47,0,0,23.888888889,25.555555556
1,0.791,0.429,0.604,0,0,22.222222222,25.555555556
1,0.774,0.593,0.777,0,0.0871,21.388888889,21.388888889
1,0.74,0.715,0.89,0,0,21.388888889,21.388888889
1,0.614,0.293,0.389,0,0,21.388888889,21.388888889
1,0.565,0.016,0.0493,0,0,21.388888889,21.388888889
1,0.565,0.016,0.0493,0,0,21.388888889,21.388888889
1,0.565,0.016,0.0493,0,0,21.388888889,21.388888889
1,0.565,0.016,0.0493,0,0,21.388888889,21.388888889
1,0.565,0.016,0.0493,0,0,21.388888889,21.388888889
1,0.565,0.016,0.0493,0,0,22.222222222,22.222222222
1,0.565,0.016,0.0493,0,0,23.888888889,25.555555556
1,0.565,0.016,0.0493,0,0,23.888888889,25.555555556
1,0.571,0.0212,0.0799,0,0.0435,23.888888889,30.555555556
1,0.638,0.0806,0.417,0,0,23.888888889,30.555555556
1,0.652,0.0984,0.426,0,0.0435,23.888888889,30.555555556
1,0.652,0.116,0.421,0,0,23.888888889,30.555555556
1,0.652,0.13,0.408,0,0,23.888888889,30.555555556
1,0.652,0.143,0.392,0,0.0871,23.888888889,30.555555556
1,0.652,0.152,0.38,0,0.0435,23.888888889,30.555555556
1,0.652,0.171,0.377,0,0.0871,23.888888889,30.555555556
1,0.655,0.182,0.377,0,0.0435,23.888888889,25.555555556
1,0.687,0.206,0.383,0.0833,0.0871,23.888888889,25.555555556
1,0.734,0.256,0.405,0.917,0.0435,23.888888889,25.555555556
0.917,0.759,0.284,0.425,0,0.174,23.888888889,25.555555556
0.333,0.639,0.163,0.244,0,0,22.222222222,25.555555556
1,0.774,0.593,0.777,0,0,21.388888889,21.388888889
1,0.74,0.715,0.89,0,0,21.388888889,21.388888889
1,0.678,0.658,0.839,0,0,21.388888889,21.388888889
1,0.617,0.392,0.518,0,0,21.388888889,21.388888889
1,0.571,0.124,0.182,0,0,21.388888889,21.388888889
1,0.565,0.0183,0.0493,0,0,21.388888889,21.388888889
1,0.565,0.0183,0.0493,0,0,21.388888889,21.388888889
1,0.565,0.0183,0.0493,0,0,21.388888889,21.388888889
1,0.565,0.0183,0.0493,0,0,22.222222222,22.222222222
1,0.565,0.0183,0.0493,0,0,23.888888889,25.555555556
1,0.565,0.0183,0.0493,0,0,23.888888889,25.555555556
1,0.565,0.0183,0.0493,0,0,23.888888889,25.555555556
1,0.565,0.0183,0.0493,0,0,23.888888889,25.555555556
1,0.638,0.135,0.362,0,0.239,23.888888889,25.555555556
0.417,0.601,0.0881,0.205,0,0.133,23.888888889,25.555555556
0,0.565,0.0183,0.0493,0,0,23.888888889,25.555555556
0.75,0.63,0.191,0.304,0.25,0.0871,23.888888889,25.555555556
0,0.565,0.0183,0.0493,0,0,23.888888889,25.555555556
0.25,0.565,0.0183,0.0493,0,0,23.888888889,25.555555556
0,0.565,0.0183,0.0493,0,0,23.888888889,25.555555556
0,0.565,0.0183,0.0493,0,0,23.888888889,25.555555556
0.333,0.635,0.153,0.186,0,0.0871,23.888888889,25.555555556
1,0.782,0.446,0.503,0,0.174,23.888888889,25.555555556
1,0.787,0.549,0.648,0,0.0435,22.222222222,25.555555556
1,0.766,0.691,0.809,0,0,21.388888889,21.388888889
1,0.725,0.748,0.883,0,0.129,21.388888889,21.388888889
1,0.663,0.621,0.758,0,0.213,21.388888889,21.388888889
1,0.602,0.304,0.378,0,0.128,21.388888889,21.388888889
1,0.565,0.0183,0.0493,0,0,21.388888889,21.388888889
1,0.565,0.0183,0.0493,0,0,21.388888889,21.388888889
1,0.565,0.0183,0.0493,0,0,21.388888889,21.388888889
1,0.565,0.0183,0.0493,0,0,21.388888889,21.388888889
1,0.565,0.0183,0.0493,0,0,22.222222222,22.222222222
1,0.565,0.0183,0.0493,0,0,23.888888889,25.555555556
1,0.565,0.0183,0.0493,0,0,23.888888889,25.555555556
1,0.565,0.0183,0.0493,0,0,23.888888889,25.555555556
1,0.63,0.0924,0.358,0,0.348,23.888888889,25.555555556
0.667,0.623,0.0997,0.3,0,0.322,23.888888889,25.555555556
0,0.565,0.0183,0.0493,0,0,23.888888889,25.555555556
0,0.565,0.0183,0.0493,0,0,23.888888889,25.555555556
0.0833,0.572,0.0385,0.0769,0,0.131,23.888888889,25.555555556
0.167,0.579,0.0587,0.105,0,0.131,23.888888889,25.555555556
0,0.565,0.0183,0.0493,0,0,23.888888889,25.555555556
0,0.565,0.0183,0.0493,0,0,23.888888889,25.555555556
0,0.565,0.0183,0.0493,0,0,23.888888889,25.555555556
0,0.565,0.0183,0.0493,0,0,23.888888889,25.555555556
0,0.565,0.0183,0.0493,0,0,23.888888889,25.555555556
0.833,0.749,0.469,0.558,0,0.218,22.222222222,25.555555556
1,0.766,0.691,0.809,0,0.131,21.388888889,21.388888889
1,0.725,0.748,0.883,0,0.131,21.388888889,21.388888889
1,0.644,0.478,0.594,0,0,21.388888889,21.388888889
1,0.565,0.0183,0.0493,0,0,21.388888889,21.388888889
1,0.565,0.0181,0.0493,0,0,21.388888889,21.388888889
1,0.565,0.016,0.0493,0,0,21.388888889,21.388888889
1,0.565,0.016,0.0493,0,0,21.388888889,21.388888889
1,0.565,0.016,0.0493,0,0,21.388888889,21.388888889
1,0.565,0.016,0.0493,0,0,22.222222222,22.222222222
1,0.565,0.016,0.0493,0,0,23.888888889,25.555555556
1,0.565,0.016,0.0493,0,0,23.888888889,25.555555556
1,0.565,0.016,0.0493,0,0,23.888888889,30.555555556
1,0.565,0.016,0.0493,0,0,23.888888889,30.555555556
1,0.572,0.0242,0.0804,0,0,23.888888889,30.555555556
1,0.652,0.116,0.421,0,0.0435,23.888888889,30.555555556
1,0.652,0.13,0.408,0,0.218,23.888888889,30.555555556
1,0.652,0.143,0.392,0,0,23.888888889,30.555555556
0.417,0.601,0.072,0.187,0,0,23.888888889,30.555555556
0,0.565,0.016,0.0493,0,0,23.888888889,30.555555556
0,0.565,0.016,0.0493,0,0,23.888888889,25.555555556
0,0.565,0.016,0.0493,0,0,23.888888889,25.555555556
0.833,0.706,0.217,0.346,0,0.0871,23.888888889,25.555555556
1,0.778,0.317,0.47,0,0.131,23.888888889,25.555555556
1,0.791,0.429,0.604,0,0.0871,22.222222222,25.555555556
1,0.774,0.593,0.777,0,0,21.388888889,21.388888889
1,0.74,0.715,0.89,0,0,21.388888889,21.388888889
1,0.644,0.459,0.594,0,0,21.388888889,21.388888889
1,0.565,0.016,0.0493,0,0,21.388888889,21.388888889
1,0.565,0.016,0.0493,0,0,21.388888889,21.388888889
1,0.565,0.016,0.0493,0,0,21.388888889,21.388888889
1,0.565,0.016,0.0493,0,0,21.388888889,21.388888889
1,0.565,0.016,0.0493,0,0,21.388888889,21.388888889
1,0.565,0.016,0.0493,0,0,22.222222222,22.222222222
1,0.564,0.0176,0.0569,0,0.0435,23.888888889,25.555555556
1,0.562,0.0374,0.156,0,0,23.888888889,25.555555556
1,0.594,0.0592,0.336,0,0,23.888888889,30.555555556
1,0.638,0.0806,0.417,0,0.0435,23.888888889,30.555555556
1,0.601,0.0497,0.206,0,0.0435,23.888888889,30.555555556
1,0.572,0.0254,0.0794,0,0,23.888888889,30.555555556
1,0.652,0.13,0.408,0,0,23.888888889,30.555555556
1,0.652,0.143,0.392,0,0,23.888888889,30.555555556
1,0.652,0.152,0.38,0,0.131,23.888888889,30.555555556
1,0.652,0.171,0.377,0,0.0871,23.888888889,30.555555556
1,0.655,0.182,0.377,0,0.218,23.888888889,25.555555556
1,0.687,0.206,0.383,0,0.0435,23.888888889,25.555555556
1,0.734,0.256,0.405,0,0.0871,23.888888889,25.555555556
0.417,0.653,0.138,0.22,0,0,23.888888889,25.555555556
0,0.565,0.016,0.0493,0,0,22.222222222,25.555555556
0.333,0.633,0.216,0.299,0,0,21.388888889,21.388888889
1,0.74,0.715,0.89,0,0,21.388888889,21.388888889
1,0.673,0.625,0.798,0,0,21.388888889,21.388888889
1,0.565,0.016,0.0493,0,0,21.388888889,21.388888889
1,0.565,0.016,0.0493,0,0,21.388888889,21.388888889
1,0.565,0.016,0.0493,0,0,21.388888889,21.388888889
1,0.565,0.016,0.0493,0,0,21.388888889,21.388888889
1,0.565,0.016,0.0493,0,0,21.388888889,21.388888889
1,0.565,0.016,0.0493,0,0,22.222222222,22.222222222
1,0.565,0.016,0.0493,0,0,23.888888889,25.555555556
1,0.565,0.016,0.0493,0,0,23.888888889,25.555555556
1,0.571,0.0212,0.0799,0,0,23.888888889,30.555555556
1,0.638,0.0806,0.417,0,0.174,23.888888889,30.555555556
1,0.652,0.0984,0.426,0,0.174,23.888888889,30.555555556
1,0.652,0.116,0.421,0,0.0435,23.888888889,30.555555556
1,0.652,0.13,0.408,0,0,23.888888889,30.555555556
0.25,0.587,0.0482,0.134,0.0833,0,23.888888889,30.555555556
1,0.652,0.152,0.38,0.167,0,23.888888889,30.555555556
1,0.652,0.171,0.377,0,0.261,23.888888889,30.555555556
1,0.655,0.182,0.377,0,0.174,23.888888889,25.555555556
1,0.687,0.206,0.383,0,0,23.888888889,25.555555556
1,0.734,0.256,0.405,0,0.131,23.888888889,25.555555556
1,0.778,0.317,0.47,0,0.218,23.888888889,25.555555556
1,0.791,0.429,0.604,0,0,22.222222222,25.555555556
1,0.774,0.593,0.777,0,0.0435,21.388888889,21.388888889
1,0.74,0.715,0.89,0,0,21.388888889,21.388888889
1,0.678,0.658,0.839,0,0,21.388888889,21.388888889
1,0.617,0.392,0.518,0,0.0871,21.388888889,21.388888889
1,0.573,0.169,0.238,0,0.637,21.388888889,21.388888889
1,0.559,0.0701,0.119,0,0.0717,21.388888889,21.388888889
1,0.56,0.034,0.0719,0,0.236,21.388888889,21.388888889
1,0.565,0.016,0.0493,0,0,21.388888889,21.388888889
1,0.565,0.016,0.0493,0,0,22.222222222,22.222222222
1,0.565,0.016,0.0493,0,0,23.888888889,25.555555556
1,0.565,0.016,0.0493,0,0,23.888888889,25.555555556
1,0.565,0.016,0.0493,0,0,23.888888889,30.555555556
1,0.572,0.0227,0.0807,0,0.0435,23.888888889,30.555555556
0.667,0.623,0.0699,0.3,0,0.218,23.888888889,30.555555556
0.833,0.638,0.0994,0.359,0,0.0871,23.888888889,30.555555556
1,0.652,0.13,0.408,0,0,23.888888889,30.555555556
1,0.652,0.143,0.392,0,0,23.888888889,30.555555556
1,0.652,0.152,0.38,0,0,23.888888889,30.555555556
1,0.652,0.171,0.377,0,0,23.888888889,30.555555556
1,0.655,0.182,0.377,0,0.435,23.888888889,25.555555556
1,0.687,0.206,0.383,0.0833,0.0871,23.888888889,25.555555556
1,0.734,0.256,0.405,0.167,0,23.888888889,25.555555556
0.917,0.759,0.284,0.425,0,0,23.888888889,25.555555556
0,0.565,0.016,0.0493,0,0,22.222222222,25.555555556
0.833,0.739,0.499,0.658,0,0,21.388888889,21.388888889
1,0.74,0.715,0.89,0,0,21.388888889,21.388888889
1,0.673,0.625,0.798,0,0,21.388888889,21.388888889
1,0.565,0.016,0.0493,0,0,21.388888889,21.388888889
1,0.565,0.016,0.0493,0,0,21.388888889,21.388888889
1,0.565,0.016,0.0493,0,0,21.388888889,21.388888889
1,0.565,0.016,0.0493,0,0,21.388888889,21.388888889
1,0.565,0.016,0.0493,0,0,21.388888889,21.388888889
1,0.565,0.016,0.0493,0,0,22.222222222,22.222222222
1,0.565,0.016,0.0493,0,0,23.888888889,25.555555556
1,0.567,0.0194,0.0726,0,0.138,23.888888889,25.555555556
1,0.594,0.0592,0.336,0,0.316,23.888888889,30.555555556
1,0.638,0.0806,0.417,0,0.12,23.888888889,30.555555556
0.75,0.623,0.0699,0.3,0,0.367,23.888888889,30.555555556
1,0.572,0.0254,0.0794,0.0833,0.195,23.888888889,30.555555556
1,0.652,0.13,0.408,0.167,0,23.888888889,30.555555556
1,0.652,0.143,0.392,0,0,23.888888889,30.555555556
1,0.652,0.152,0.38,0,0,23.888888889,30.555555556
1,0.652,0.171,0.377,0,0.0871,23.888888889,30.555555556
1,0.655,0.182,0.377,0,0.0871,23.888888889,25.555555556
1,0.687,0.206,0.383,0,0,23.888888889,25.555555556
1,0.734,0.256,0.405,0,0.253,23.888888889,25.555555556
1,0.778,0.317,0.47,0,0.201,23.888888889,25.555555556
1,0.659,0.182,0.274,0,0.0173,22.222222222,25.555555556
1,0.565,0.016,0.0493,0,0,21.388888889,21.388888889
1,0.565,0.016,0.0493,0,0,21.388888889,21.388888889
1,0.565,0.016,0.0493,0,0,21.388888889,21.388888889
1,0.565,0.016,0.0493,0,0,21.388888889,21.388888889
1,0.564,0.0219,0.0555,0,0,21.388888889,21.388888889
1,0.559,0.0725,0.107,0,0.0435,21.388888889,21.388888889
1,0.561,0.0351,0.0658,0,0,21.388888889,21.388888889
1,0.565,0.0183,0.0493,0,0,21.388888889,21.388888889
1,0.565,0.0183,0.0493,0,0,22.222222222,22.222222222
1,0.565,0.0183,0.0493,0,0,23.888888889,25.555555556
1,0.565,0.0183,0.0493,0,0,23.888888889,25.555555556
1,0.565,0.0183,0.0493,0,0,23.888888889,25.555555556
1,0.601,0.0517,0.233,0,0.0435,23.888888889,25.555555556
1,0.565,0.0183,0.0493,0,0,23.888888889,25.555555556
1,0.594,0.086,0.17,0,0.0755,23.888888889,25.555555556
1,0.652,0.229,0.404,0,0.415,23.888888889,25.555555556
1,0.652,0.249,0.389,0,0.457,23.888888889,25.555555556
0.417,0.601,0.119,0.187,0,0.0179,23.888888889,25.555555556
0,0.565,0.0183,0.0493,0,0,23.888888889,25.555555556
0.333,0.604,0.141,0.16,0,0.0871,23.888888889,25.555555556
1,0.699,0.394,0.387,0,0,23.888888889,25.555555556
1,0.745,0.412,0.42,0,0.0435,23.888888889,25.555555556
1,0.782,0.446,0.503,0,0.0871,23.888888889,25.555555556
1,0.787,0.549,0.648,0,0.117,22.222222222,25.555555556
1,0.766,0.691,0.809,0,0.151,21.388888889,21.388888889
1,0.725,0.748,0.883,0,0.207,21.388888889,21.388888889
1,0.663,0.621,0.758,0,0.193,21.388888889,21.388888889
1,0.605,0.35,0.428,0,0.185,21.388888889,21.388888889
1,0.563,0.0354,0.0678,0,0,21.388888889,21.388888889
1,0.565,0.0183,0.0493,0,0,21.388888889,21.388888889
1,0.565,0.0183,0.0493,0,0,21.388888889,21.388888889
1,0.565,0.0183,0.0493,0,0,21.388888889,21.388888889
1,0.565,0.0183,0.0493,0,0,22.222222222,22.222222222
1,0.565,0.0183,0.0493,0,0,23.888888889,25.555555556
1,0.565,0.0183,0.0493,0,0,23.888888889,25.555555556
1,0.565,0.0183,0.0493,0,0,23.888888889,25.555555556
1,0.565,0.0183,0.0493,0,0,23.888888889,25.555555556
1,0.565,0.0183,0.0493,0,0,23.888888889,25.555555556
1,0.638,0.17,0.356,0,0.45,23.888888889,25.555555556
1,0.652,0.229,0.404,0,0.502,23.888888889,25.555555556
0.917,0.645,0.229,0.361,0,0.305,23.888888889,25.555555556
0,0.565,0.0183,0.0493,0,0,23.888888889,25.555555556
0.25,0.587,0.0908,0.131,0,0.0435,23.888888889,25.555555556
0,0.565,0.0183,0.0493,0,0,23.888888889,25.555555556
0,0.565,0.0183,0.0493,0,0,23.888888889,25.555555556
0,0.565,0.0183,0.0493,0,0,23.888888889,25.555555556
0,0.565,0.0183,0.0493,0,0,23.888888889,25.555555556
0,0.565,0.0183,0.0493,0,0,22.222222222,25.555555556
0.333,0.625,0.268,0.33,0,0.171,21.388888889,21.388888889
1,0.715,0.69,0.815,0,0.124,21.388888889,21.388888889
1,0.565,0.0183,0.0493,0,0,21.388888889,21.388888889
1,0.565,0.0183,0.0493,0,0,21.388888889,21.388888889
1,0.565,0.0181,0.0493,0,0,21.388888889,21.388888889
1,0.565,0.016,0.0493,0,0,21.388888889,21.388888889
1,0.565,0.016,0.0493,0,0,21.388888889,21.388888889
1,0.565,0.016,0.0493,0,0,21.388888889,21.388888889
1,0.565,0.016,0.0493,0,0,22.222222222,22.222222222
1,0.565,0.016,0.0493,0,0,23.888888889,25.555555556
1,0.565,0.016,0.0493,0,0,23.888888889,25.555555556
1,0.565,0.016,0.0493,0,0,23.888888889,30.555555556
1,0.565,0.016,0.0493,0,0,23.888888889,30.555555556
1,0.565,0.016,0.0493,0,0,23.888888889,30.555555556
1,0.565,0.016,0.0493,0,0,23.888888889,30.555555556
1,0.572,0.0265,0.0779,0,0,23.888888889,30.555555556
1,0.652,0.143,0.392,0,0.0435,23.888888889,30.555555556
1,0.652,0.152,0.38,0,0.0435,23.888888889,30.555555556
1,0.652,0.171,0.377,0,0.0871,23.888888889,30.555555556
1,0.655,0.182,0.377,0,0.218,23.888888889,25.555555556
1,0.687,0.206,0.383,0,0.131,23.888888889,25.555555556
1,0.734,0.256,0.405,0,0.0871,23.888888889,25.555555556
1,0.778,0.317,0.47,0,0,23.888888889,25.555555556
1,0.791,0.429,0.604,0,0.0871,22.222222222,25.555555556
1,0.774,0.593,0.777,0,0,21.388888889,21.388888889
1,0.74,0.715,0.89,0,0.0435,21.388888889,21.388888889
1,0.678,0.658,0.839,0,0,21.388888889,21.388888889
1,0.574,0.0819,0.131,0,0,21.388888889,21.388888889
1,0.565,0.016,0.0493,0,0,21.388888889,21.388888889
1,0.565,0.016,0.0493,0,0,21.388888889,21.388888889
1,0.565,0.016,0.0493,0,0,21.388888889,21.388888889
1,0.565,0.016,0.0493,0,0,21.388888889,21.388888889
1,0.565,0.016,0.0493,0,0,22.222222222,22.222222222
1,0.565,0.016,0.0493,0,0,23.888888889,25.555555556
1,0.567,0.0194,0.0726,0,0,23.888888889,25.555555556
1,0.594,0.0592,0.336,0,0,23.888888889,30.555555556
1,0.638,0.0806,0.417,0,0.0435,23.888888889,30.555555556
1,0.652,0.0984,0.426,0,0.0871,23.888888889,30.555555556
1,0.652,0.116,0.421,0,0,23.888888889,30.555555556
1,0.652,0.13,0.408,0,0.218,23.888888889,30.555555556
1,0.652,0.143,0.392,0,0,23.888888889,30.555555556
0.667,0.623,0.106,0.27,0,0,23.888888889,30.555555556
0.333,0.594,0.0682,0.158,0,0,23.888888889,30.555555556
0.167,0.579,0.0433,0.104,0,0,23.888888889,25.555555556
0.5,0.624,0.109,0.215,0,0.0435,23.888888889,25.555555556
0.833,0.706,0.217,0.346,0,0.218,23.888888889,25.555555556
1,0.778,0.317,0.47,0,0.218,23.888888889,25.555555556
1,0.791,0.429,0.604,0,0.0871,22.222222222,25.555555556
1,0.774,0.593,0.777,0,0,21.388888889,21.388888889
1,0.74,0.715,0.89,0,0,21.388888889,21.388888889
1,0.678,0.658,0.839,0,0,21.388888889,21.388888889
1,0.617,0.392,0.518,0,0,21.388888889,21.388888889
1,0.566,0.043,0.0825,0,0,21.388888889,21.388888889
1,0.565,0.016,0.0493,0,0,21.388888889,21.388888889
1,0.565,0.016,0.0493,0,0,21.388888889,21.388888889
1,0.565,0.016,0.0493,0,0,21.388888889,21.388888889
1,0.565,0.016,0.0493,0,0,22.222222222,22.222222222
1,0.565,0.016,0.0493,0,0,23.888888889,25.555555556
1,0.565,0.016,0.0493,0,0,23.888888889,25.555555556
1,0.565,0.016,0.0493,0,0,23.888888889,30.555555556
1,0.608,0.0543,0.264,0,0,23.888888889,30.555555556
1,0.652,0.0984,0.426,0,0.0435,23.888888889,30.555555556
1,0.652,0.116,0.421,0,0,23.888888889,30.555555556
1,0.652,0.13,0.408,0,0.0435,23.888888889,30.555555556
1,0.652,0.143,0.392,0,0.0435,23.888888889,30.555555556
1,0.652,0.152,0.38,0,0.261,23.888888889,30.555555556
1,0.652,0.171,0.377,0,0.0871,23.888888889,30.555555556
1,0.655,0.182,0.377,0,0.0435,23.888888889,25.555555556
1,0.687,0.206,0.383,0.0833,0.0871,23.888888889,25.555555556
1,0.734,0.256,0.405,0.917,0.261,23.888888889,25.555555556
1,0.778,0.317,0.47,0,0.261,23.888888889,25.555555556
1,0.791,0.429,0.604,0,0.0435,22.222222222,25.555555556
1,0.774,0.593,0.777,0,0,21.388888889,21.388888889
1,0.74,0.715,0.89,0,0,21.388888889,21.388888889
1,0.673,0.625,0.798,0,0.177,21.388888889,21.388888889
1,0.565,0.016,0.0493,0,0,21.388888889,21.388888889
1,0.565,0.016,0.0493,0,0,21.388888889,21.388888889
1,0.565,0.016,0.0493,0,0,21.388888889,21.388888889
1,0.565,0.016,0.0493,0,0,21.388888889,21.388888889
1,0.565,0.016,0.0493,0,0,21.388888889,21.388888889
1,0.565,0.016,0.0493,0,0,22.222222222,22.222222222
1,0.565,0.016,0.0493,0,0,23.888888889,25.555555556
1,0.565,0.016,0.0493,0,0,23.888888889,25.555555556
1,0.565,0.016,0.0493,0,0,23.888888889,30.555555556
1,0.565,0.016,0.0493,0,0,23.888888889,30.555555556
1,0.572,0.0242,0.0804,0,0.0871,23.888888889,30.555555556
1,0.652,0.116,0.421,0,0.305,23.888888889,30.555555556
1,0.652,0.13,0.408,0,0,23.888888889,30.555555556
1,0.652,0.143,0.392,0,0,23.888888889,30.555555556
1,0.652,0.152,0.38,0,0,23.888888889,30.555555556
1,0.652,0.171,0.377,0,0.174,23.888888889,30.555555556
1,0.655,0.182,0.377,0,0.0435,23.888888889,25.555555556
1,0.687,0.206,0.383,0,0.0435,23.888888889,25.555555556
1,0.734,0.256,0.405,0,0.305,23.888888889,25.555555556
1,0.778,0.317,0.47,0.25,0.0435,23.888888889,25.555555556
1,0.791,0.429,0.604,0,0.261,22.222222222,25.555555556
1,0.774,0.593,0.777,0,0,21.388888889,21.388888889
1,0.74,0.715,0.89,0,0,21.388888889,21.388888889
1,0.678,0.658,0.839,0,0,21.388888889,21.388888889
1,0.616,0.378,0.501,0,0,21.388888889,21.388888889
1,0.565,0.016,0.0493,0,0,21.388888889,21.388888889
1,0.565,0.016,0.0493,0,0,21.388888889,21.388888889
1,0.565,0.016,0.0493,0,0,21.388888889,21.388888889
1,0.565,0.016,0.0493,0,0,21.388888889,21.388888889
1,0.565,0.016,0.0493,0,0,22.222222222,22.222222222
1,0.565,0.016,0.0493,0,0,23.888888889,25.555555556
1,0.565,0.016,0.0493,0,0,23.888888889,25.555555556
1,0.565,0.016,0.0493,0,0,23.888888889,30.555555556
1,0.608,0.0543,0.264,0,0,23.888888889,30.555555556
1,0.652,0.0984,0.426,0,0.0435,23.888888889,30.555555556
1,0.652,0.116,0.421,0,0.0871,23.888888889,30.555555556
1,0.652,0.13,0.408,0,0,23.888888889,30.555555556
1,0.652,0.143,0.392,0,0.0435,23.888888889,30.555555556
1,0.652,0.152,0.38,0,0.0435,23.888888889,30.555555556
1,0.652,0.171,0.377,0,0,23.888888889,30.555555556
1,0.655,0.182,0.377,0,0.131,23.888888889,25.555555556
1,0.687,0.206,0.383,0,0.0871,23.888888889,25.555555556
1,0.734,0.256,0.405,0,0.0871,23.888888889,25.555555556
0.917,0.759,0.284,0.425,0,0.131,23.888888889,25.555555556
0.333,0.639,0.163,0.244,0,0,22.222222222,25.555555556
1,0.774,0.593,0.777,0,0,21.388888889,21.388888889
1,0.74,0.715,0.89,0,0.0871,21.388888889,21.388888889
1,0.678,0.658,0.839,0,0,21.388888889,21.388888889
1,0.616,0.378,0.501,0,0,21.388888889,21.388888889
1,0.565,0.0162,0.0493,0,0,21.388888889,21.388888889
1,0.565,0.0183,0.0493,0,0,21.388888889,21.388888889
1,0.565,0.0183,0.0493,0,0,21.388888889,21.388888889
1,0.565,0.0183,0.0493,0,0,21.388888889,21.388888889
1,0.565,0.0183,0.0493,0,0,22.222222222,22.222222222
1,0.565,0.0183,0.0493,0,0,23.888888889,25.555555556
1,0.565,0.0183,0.0493,0,0,23.888888889,25.555555556
1,0.589,0.0405,0.171,0,0,23.888888889,25.555555556
0.417,0.595,0.0461,0.202,0,0,23.888888889,25.555555556
0,0.565,0.0183,0.0493,0,0,23.888888889,25.555555556
0,0.565,0.0183,0.0493,0,0,23.888888889,25.555555556
0,0.565,0.0183,0.0493,0,0,23.888888889,25.555555556
0,0.565,0.0183,0.0493,0,0,23.888888889,25.555555556
0,0.565,0.0183,0.0493,0,0,23.888888889,25.555555556
0,0.565,0.0183,0.0493,0,0,23.888888889,25.555555556
0,0.565,0.0183,0.0493,0,0,23.888888889,25.555555556
0.833,0.679,0.333,0.332,0,0.218,23.888888889,25.555555556
1,0.745,0.412,0.42,0,0.225,23.888888889,25.555555556
1,0.782,0.446,0.503,0,0.54,23.888888889,25.555555556
1,0.787,0.549,0.648,0,0,22.222222222,25.555555556
1,0.766,0.691,0.809,0,0.0871,21.388888889,21.388888889
1,0.725,0.748,0.883,0,0,21.388888889,21.388888889
1,0.663,0.621,0.758,0,0,21.388888889,21.388888889
1,0.574,0.0897,0.131,0,0,21.388888889,21.388888889
1,0.565,0.0183,0.0493,0,0,21.388888889,21.388888889
1,0.565,0.0183,0.0493,0,0,21.388888889,21.388888889
1,0.565,0.0183,0.0493,0,0,21.388888889,21.388888889
1,0.565,0.0183,0.0493,0,0,21.388888889,21.388888889
1,0.565,0.0183,0.0493,0,0,22.222222222,22.222222222
1,0.565,0.0183,0.0493,0,0,23.888888889,25.555555556
1,0.565,0.0183,0.0493,0,0,23.888888889,25.555555556
1,0.565,0.0183,0.0493,0,0,23.888888889,25.555555556
1,0.565,0.0183,0.0493,0,0,23.888888889,25.555555556
1,0.638,0.135,0.362,0,0.221,23.888888889,25.555555556
1,0.652,0.198,0.418,0,0.304,23.888888889,25.555555556
0.167,0.579,0.0521,0.109,0,0,23.888888889,25.555555556
0,0.565,0.0183,0.0493,0,0,23.888888889,25.555555556
0,0.565,0.0183,0.0493,0,0,23.888888889,25.555555556
0,0.565,0.0183,0.0493,0,0,23.888888889,25.555555556
0,0.565,0.0183,0.0493,0,0,23.888888889,25.555555556
0,0.565,0.0183,0.0493,0,0,23.888888889,25.555555556
0,0.565,0.0183,0.0493,0,0,23.888888889,25.555555556
0,0.565,0.0183,0.0493,0,0,23.888888889,25.555555556
0.583,0.692,0.349,0.423,0,0.0871,22.222222222,25.555555556
1,0.766,0.691,0.809,0,0.0871,21.388888889,21.388888889
1,0.725,0.748,0.883,0,0.0871,21.388888889,21.388888889
1,0.584,0.133,0.185,0,0,21.388888889,21.388888889
1,0.565,0.0183,0.0493,0,0,21.388888889,21.388888889
1,0.565,0.0181,0.0493,0,0,21.388888889,21.388888889
1,0.565,0.016,0.0493,0,0,21.388888889,21.388888889
1,0.565,0.016,0.0493,0,0,21.388888889,21.388888889
1,0.565,0.016,0.0493,0,0,21.388888889,21.388888889
1,0.565,0.016,0.0493,0,0,22.222222222,22.222222222
1,0.564,0.0176,0.0569,0,0.0851,23.888888889,25.555555556
1,0.562,0.0374,0.156,0,0.255,23.888888889,25.555555556
1,0.594,0.0592,0.336,0,0.0856,23.888888889,30.555555556
1,0.638,0.0806,0.417,0,0.28,23.888888889,30.555555556
1,0.652,0.0984,0.426,0.0833,0.422,23.888888889,30.555555556
1,0.652,0.116,0.421,0.167,0,23.888888889,30.555555556
1,0.652,0.13,0.408,0,0.0435,23.888888889,30.555555556
1,0.652,0.143,0.392,0,0,23.888888889,30.555555556
1,0.652,0.152,0.38,0,0.0435,23.888888889,30.555555556
1,0.652,0.171,0.377,0,0,23.888888889,30.555555556
1,0.655,0.182,0.377,0,0.0435,23.888888889,25.555555556
1,0.687,0.206,0.383,0,0.0435,23.888888889,25.555555556
1,0.734,0.256,0.405,0,0,23.888888889,25.555555556
1,0.778,0.317,0.47,0,0.131,23.888888889,25.555555556
1,0.659,0.182,0.274,0,0,22.222222222,25.555555556
1,0.565,0.016,0.0493,0,0,21.388888889,21.388888889
1,0.565,0.016,0.0493,0,0,21.388888889,21.388888889
1,0.565,0.016,0.0493,0,0,21.388888889,21.388888889
1,0.565,0.016,0.0493,0,0,21.388888889,21.388888889
1,0.565,0.016,0.0493,0,0,21.388888889,21.388888889
1,0.565,0.016,0.0493,0,0,21.388888889,21.388888889
1,0.565,0.016,0.0493,0,0,21.388888889,21.388888889
1,0.565,0.016,0.0493,0,0,21.388888889,21.388888889
1,0.565,0.016,0.0493,0,0,22.222222222,22.222222222
1,0.565,0.016,0.0493,0,0,23.888888889,25.555555556
1,0.565,0.016,0.0493,0,0,23.888888889,25.555555556
1,0.571,0.0212,0.0799,0,0.0883,23.888888889,30.555555556
1,0.638,0.0806,0.417,0,0.274,23.888888889,30.555555556
1,0.652,0.0984,0.426,0,0.208,23.888888889,30.555555556
0.417,0.601,0.0571,0.205,0,0,23.888888889,30.555555556
0.333,0.594,0.0547,0.168,0,0,23.888888889,30.555555556
1,0.652,0.143,0.392,0,0.0435,23.888888889,30.555555556
1,0.652,0.152,0.38,0,0.0435,23.888888889,30.555555556
1,0.652,0.171,0.377,0,0,23.888888889,30.555555556
1,0.655,0.182,0.377,0,0.0871,23.888888889,25.555555556
1,0.687,0.206,0.383,0.0833,0.261,23.888888889,25.555555556
1,0.734,0.256,0.405,0.917,0.0871,23.888888889,25.555555556
1,0.778,0.317,0.47,0,0,23.888888889,25.555555556
1,0.791,0.429,0.604,0,0.0871,22.222222222,25.555555556
1,0.774,0.593,0.777,0,0.0435,21.388888889,21.388888889
1,0.74,0.715,0.89,0,0,21.388888889,21.388888889
1,0.678,0.658,0.839,0,0.174,21.388888889,21.388888889
1,0.602,0.28,0.378,0,0.101,21.388888889,21.388888889
1,0.565,0.016,0.0493,0,0,21.388888889,21.388888889
1,0.565,0.016,0.0493,0,0,21.388888889,21.388888889
1,0.565,0.016,0.0493,0,0,21.388888889,21.388888889
1,0.565,0.016,0.0493,0,0,21.388888889,21.388888889
1,0.565,0.016,0.0493,0,0,22.222222222,22.222222222
1,0.565,0.016,0.0493,0,0,23.888888889,25.555555556
1,0.565,0.016,0.0493,0,0,23.888888889,25.555555556
1,0.571,0.0212,0.0799,0,0.0435,23.888888889,30.555555556
1,0.638,0.0806,0.417,0,0,23.888888889,30.555555556
1,0.645,0.0902,0.395,0,0,23.888888889,30.555555556
1,0.565,0.016,0.0493,0,0,23.888888889,30.555555556
1,0.565,0.016,0.0493,0,0,23.888888889,30.555555556
1,0.565,0.016,0.0493,0,0,23.888888889,30.555555556
1,0.565,0.016,0.0493,0,0,23.888888889,30.555555556
1,0.565,0.016,0.0493,0,0,23.888888889,30.555555556
1,0.64,0.154,0.323,0,0.261,23.888888889,25.555555556
1,0.687,0.206,0.383,0,0.0871,23.888888889,25.555555556
1,0.734,0.256,0.405,0.0833,0.0871,23.888888889,25.555555556
1,0.778,0.317,0.47,0.167,0.261,23.888888889,25.555555556
1,0.791,0.429,0.604,0,0.0871,22.222222222,25.555555556
1,0.774,0.593,0.777,0,0.0871,21.388888889,21.388888889
1,0.74,0.715,0.89,0,0.146,21.388888889,21.388888889
1,0.584,0.127,0.185,0,0,21.388888889,21.388888889
1,0.565,0.016,0.0493,0,0,21.388888889,21.388888889
1,0.565,0.016,0.0493,0,0,21.388888889,21.388888889
1,0.565,0.016,0.0493,0,0,21.388888889,21.388888889
1,0.565,0.016,0.0493,0,0,21.388888889,21.388888889
1,0.565,0.016,0.0493,0,0,21.388888889,21.388888889
1,0.565,0.016,0.0493,0,0,22.222222222,22.222222222
1,0.565,0.016,0.0493,0,0,23.888888889,25.555555556
1,0.565,0.016,0.0493,0,0,23.888888889,25.555555556
1,0.606,0.0524,0.272,0,0.131,23.888888889,30.555555556
1,0.644,0.0888,0.442,0,0.0871,23.888888889,30.555555556
1,0.65,0.106,0.453,0,0.218,23.888888889,30.555555556
1,0.65,0.122,0.447,0,0.131,23.888888889,30.555555556
1,0.65,0.136,0.431,0,0.0577,23.888888889,30.555555556
1,0.65,0.146,0.417,0,0.0871,23.888888889,30.555555556
0.417,0.6,0.0714,0.2,0,0,23.888888889,30.555555556
0,0.565,0.016,0.0493,0,0,23.888888889,30.555555556
0.0833,0.574,0.0313,0.0827,0,0,23.888888889,25.555555556
1,0.708,0.229,0.505,0,0.155,23.888888889,25.555555556
0.417,0.633,0.113,0.256,0,0.19,23.888888889,25.555555556
0,0.565,0.016,0.0493,0,0,23.888888889,25.555555556
0,0.565,0.016,0.0493,0,0,22.222222222,25.555555556
0,0.565,0.016,0.0493,0,0,21.388888889,21.388888889
0,0.565,0.016,0.0493,0,0,21.388888889,21.388888889
0.583,0.592,0.212,0.298,0,0,21.388888889,21.388888889
1,0.565,0.016,0.0493,0,0,21.388888889,21.388888889
1,0.565,0.016,0.0493,0,0,21.388888889,21.388888889
1,0.565,0.016,0.0493,0,0,21.388888889,21.388888889
1,0.565,0.016,0.0493,0,0,21.388888889,21.388888889
1,0.565,0.016,0.0493,0,0,21.388888889,21.388888889
1,0.56,0.0192,0.0519,0,0.0871,22.222222222,22.222222222
1,0.557,0.0296,0.107,0,0,23.888888889,25.555555556
1,0.575,0.0479,0.259,0,0.218,23.888888889,25.555555556
1,0.615,0.0695,0.394,0,0.0871,23.888888889,30.555555556
1,0.644,0.0888,0.442,0,0.126,23.888888889,30.555555556
1,0.65,0.106,0.453,0,0.0767,23.888888889,30.555555556
1,0.65,0.122,0.447,0,0,23.888888889,30.555555556
1,0.65,0.136,0.431,0,0.0435,23.888888889,30.555555556
1,0.65,0.146,0.417,0,0,23.888888889,30.555555556
0.167,0.579,0.0382,0.11,0,0,23.888888889,30.555555556
0,0.565,0.016,0.0493,0,0,23.888888889,30.555555556
0.583,0.633,0.123,0.283,0,0.0435,23.888888889,25.555555556
1,0.708,0.229,0.505,0,0,23.888888889,25.555555556
1,0.755,0.282,0.645,0,0,23.888888889,25.555555556
1,0.783,0.368,0.823,0,0.0435,23.888888889,25.555555556
1,0.781,0.508,0.928,0,0.0435,22.222222222,25.555555556
1,0.652,0.25,0.425,0,0,21.388888889,21.388888889
1,0.565,0.016,0.0493,0,0,21.388888889,21.388888889
1,0.565,0.016,0.0493,0,0,21.388888889,21.388888889
1,0.565,0.016,0.0493,0,0,21.388888889,21.388888889
1,0.565,0.0162,0.0493,0,0,21.388888889,21.388888889
1,0.565,0.0183,0.0493,0,0,21.388888889,21.388888889
1,0.565,0.0183,0.0493,0,0,21.388888889,21.388888889
1,0.565,0.0183,0.0493,0,0,21.388888889,21.388888889
1,0.565,0.0183,0.0493,0,0,22.222222222,22.222222222
1,0.565,0.0183,0.0493,0,0,23.888888889,25.555555556
1,0.565,0.0183,0.0493,0,0,23.888888889,25.555555556
1,0.606,0.0568,0.272,0,0,23.888888889,25.555555556
1,0.644,0.116,0.442,0.0833,0.433,23.888888889,25.555555556
1,0.65,0.166,0.453,0.183,0.0435,23.888888889,25.555555556
1,0.65,0.205,0.447,0,0,23.888888889,25.555555556
1,0.65,0.232,0.431,0,0.218,23.888888889,25.555555556
1,0.65,0.252,0.417,0,0.174,23.888888889,25.555555556
0.167,0.579,0.0584,0.11,0,0,23.888888889,25.555555556
0,0.565,0.0183,0.0493,0,0,23.888888889,25.555555556
0,0.565,0.0183,0.0493,0,0,23.888888889,25.555555556
0,0.565,0.0183,0.0493,0,0,23.888888889,25.555555556
0,0.565,0.0183,0.0493,0,0,23.888888889,25.555555556
0.583,0.696,0.295,0.544,0,0.0435,23.888888889,25.555555556
1,0.781,0.583,0.928,0,0.131,22.222222222,25.555555556
1,0.756,0.714,0.878,0,0.174,21.388888889,21.388888889
1,0.707,0.727,0.714,0,0.232,21.388888889,21.388888889
1,0.613,0.303,0.293,0,0.0164,21.388888889,21.388888889
1,0.565,0.0183,0.0493,0,0,21.388888889,21.388888889
1,0.565,0.0183,0.0493,0,0,21.388888889,21.388888889
1,0.565,0.0183,0.0493,0,0,21.388888889,21.388888889
1,0.565,0.0183,0.0493,0,0,21.388888889,21.388888889
1,0.565,0.0183,0.0493,0,0,21.388888889,21.388888889
1,0.565,0.0183,0.0493,0,0,22.222222222,22.222222222
1,0.564,0.019,0.0573,0,0.0858,23.888888889,25.555555556
1,0.575,0.0389,0.259,0,0.354,23.888888889,25.555555556
1,0.615,0.0688,0.394,0.0833,0.0871,23.888888889,25.555555556
1,0.644,0.116,0.442,0.183,0.0435,23.888888889,25.555555556
0.917,0.643,0.152,0.419,0,0.319,23.888888889,25.555555556
0,0.565,0.0183,0.0493,0,0,23.888888889,25.555555556
0,0.565,0.0183,0.0493,0,0,23.888888889,25.555555556
0,0.565,0.0183,0.0493,0,0,23.888888889,25.555555556
0,0.565,0.0183,0.0493,0,0,23.888888889,25.555555556
0,0.565,0.0183,0.0493,0,0,23.888888889,25.555555556
0,0.565,0.0183,0.0493,0,0,23.888888889,25.555555556
0,0.565,0.0183,0.0493,0,0,23.888888889,25.555555556
0,0.565,0.0183,0.0493,0,0,23.888888889,25.555555556
0.833,0.748,0.395,0.711,0,0,23.888888889,25.555555556
1,0.781,0.583,0.928,0,0.0435,22.222222222,25.555555556
1,0.756,0.714,0.878,0,0.0871,21.388888889,21.388888889
1,0.707,0.727,0.714,0,0.131,21.388888889,21.388888889
1,0.627,0.41,0.417,0,0.194,21.388888889,21.388888889
1,0.565,0.0183,0.0493,0,0,21.388888889,21.388888889
1,0.565,0.0181,0.0493,0,0,21.388888889,21.388888889
1,0.565,0.016,0.0493,0,0,21.388888889,21.388888889
1,0.565,0.016,0.0493,0,0,21.388888889,21.388888889
1,0.565,0.016,0.0493,0,0,21.388888889,21.388888889
1,0.565,0.016,0.0493,0,0,22.222222222,22.222222222
1,0.565,0.016,0.0493,0,0,23.888888889,25.555555556
1,0.565,0.016,0.0493,0,0,23.888888889,25.555555556
1,0.565,0.016,0.0493,0,0,23.888888889,30.555555556
1,0.565,0.016,0.0493,0,0,23.888888889,30.555555556
1,0.565,0.016,0.0493,0,0,23.888888889,30.555555556
1,0.572,0.0253,0.082,0,0,23.888888889,30.555555556
0.417,0.6,0.0625,0.213,0,0,23.888888889,30.555555556
0,0.565,0.016,0.0493,0,0,23.888888889,30.555555556
0,0.565,0.016,0.0493,0,0,23.888888889,30.555555556
0.333,0.593,0.0702,0.171,0,0.131,23.888888889,30.555555556
1,0.668,0.191,0.434,0,0.174,23.888888889,25.555555556
1,0.708,0.229,0.505,0,0.0871,23.888888889,25.555555556
1,0.755,0.282,0.645,0,0.321,23.888888889,25.555555556
1,0.783,0.368,0.823,0,0.163,23.888888889,25.555555556
1,0.711,0.321,0.628,0,0.124,22.222222222,25.555555556
1,0.565,0.016,0.0493,0,0,21.388888889,21.388888889
1,0.565,0.016,0.0493,0,0,21.388888889,21.388888889
1,0.565,0.016,0.0493,0,0,21.388888889,21.388888889
1,0.565,0.016,0.0493,0,0,21.388888889,21.388888889
1,0.565,0.016,0.0493,0,0,21.388888889,21.388888889
1,0.565,0.016,0.0493,0,0,21.388888889,21.388888889
1,0.565,0.016,0.0493,0,0,21.388888889,21.388888889
1,0.565,0.016,0.0493,0,0,21.388888889,21.388888889
1,0.565,0.016,0.0493,0,0,22.222222222,22.222222222
1,0.565,0.016,0.0493,0,0,23.888888889,25.555555556
1,0.565,0.016,0.0493,0,0,23.888888889,25.555555556
1,0.565,0.016,0.0493,0,0,23.888888889,30.555555556
1,0.565,0.016,0.0493,0,0,23.888888889,30.555555556
1,0.615,0.073,0.286,0,0,23.888888889,30.555555556
1,0.65,0.122,0.447,0,0,23.888888889,30.555555556
0.167,0.579,0.0346,0.115,0,0,23.888888889,30.555555556
0,0.565,0.016,0.0493,0,0,23.888888889,30.555555556
0,0.565,0.016,0.0493,0,0,23.888888889,30.555555556
0,0.565,0.016,0.0493,0,0,23.888888889,30.555555556
0,0.565,0.016,0.0493,0,0,23.888888889,25.555555556
0.833,0.689,0.198,0.438,0,0.0871,23.888888889,25.555555556
1,0.755,0.282,0.645,0,0.0871,23.888888889,25.555555556
1,0.783,0.368,0.823,0,0.218,23.888888889,25.555555556
1,0.781,0.508,0.928,0,0.218,22.222222222,25.555555556
1,0.756,0.656,0.878,0,0.0871,21.388888889,21.388888889
1,0.707,0.69,0.714,0,0,21.388888889,21.388888889
1,0.645,0.519,0.583,0,0.132,21.388888889,21.388888889
1,0.589,0.22,0.307,0,0.0796,21.388888889,21.388888889
1,0.565,0.016,0.0493,0,0,21.388888889,21.388888889
1,0.565,0.016,0.0493,0,0,21.388888889,21.388888889
1,0.565,0.016,0.0493,0,0,21.388888889,21.388888889
1,0.565,0.016,0.0493,0,0,21.388888889,21.388888889
1,0.565,0.016,0.0493,0,0,22.222222222,22.222222222
1,0.565,0.016,0.0493,0,0,23.888888889,25.555555556
1,0.565,0.016,0.0493,0,0,23.888888889,25.555555556
1,0.571,0.0212,0.0812,0,0,23.888888889,30.555555556
1,0.644,0.0888,0.442,0,0,23.888888889,30.555555556
1,0.65,0.106,0.453,0,0.0871,23.888888889,30.555555556
1,0.65,0.122,0.447,0,0.0871,23.888888889,30.555555556
0.75,0.629,0.104,0.338,0.267,0.305,23.888888889,30.555555556
1,0.65,0.146,0.417,0,0,23.888888889,30.555555556
1,0.65,0.161,0.409,0,0.0871,23.888888889,30.555555556
1,0.65,0.174,0.411,0,0.131,23.888888889,30.555555556
1,0.668,0.191,0.434,0,0.174,23.888888889,25.555555556
1,0.708,0.229,0.505,0,0.0435,23.888888889,25.555555556
1,0.685,0.186,0.423,0,0.261,23.888888889,25.555555556
1,0.565,0.016,0.0493,0,0,23.888888889,25.555555556
1,0.565,0.016,0.0493,0,0,22.222222222,25.555555556
1,0.669,0.422,0.503,0,0,21.388888889,21.388888889
1,0.707,0.69,0.714,0,0,21.388888889,21.388888889
1,0.641,0.487,0.542,0,0,21.388888889,21.388888889
1,0.565,0.016,0.0493,0,0,21.388888889,21.388888889
1,0.565,0.016,0.0493,0,0,21.388888889,21.388888889
1,0.565,0.016,0.0493,0,0,21.388888889,21.388888889
1,0.565,0.016,0.0493,0,0,21.388888889,21.388888889
1,0.565,0.016,0.0493,0,0,21.388888889,21.388888889
1,0.565,0.016,0.0493,0,0,22.222222222,22.222222222
1,0.565,0.016,0.0493,0,0,23.888888889,25.555555556
1,0.565,0.016,0.0493,0,0,23.888888889,25.555555556
1,0.606,0.0524,0.272,0,0.131,23.888888889,30.555555556
1,0.644,0.0888,0.442,0,0.0871,23.888888889,30.555555556
1,0.65,0.106,0.453,0,0,23.888888889,30.555555556
1,0.607,0.066,0.251,0,0.0909,23.888888889,30.555555556
1,0.65,0.136,0.431,0,0.193,23.888888889,30.555555556
1,0.65,0.146,0.417,0,0.432,23.888888889,30.555555556
1,0.65,0.161,0.409,0,0.282,23.888888889,30.555555556
1,0.65,0.174,0.411,0,0.237,23.888888889,30.555555556
1,0.668,0.191,0.434,0,0.3,23.888888889,25.555555556
1,0.708,0.229,0.505,0,0,23.888888889,25.555555556
1,0.755,0.282,0.645,0,0,23.888888889,25.555555556
1,0.783,0.368,0.823,0,0.218,23.888888889,25.555555556
1,0.781,0.508,0.928,0,0,22.222222222,25.555555556
1,0.756,0.656,0.878,0,0,21.388888889,21.388888889
1,0.707,0.69,0.714,0,0,21.388888889,21.388888889
1,0.645,0.519,0.583,0,0,21.388888889,21.388888889
1,0.592,0.273,0.373,0,0,21.388888889,21.388888889
1,0.568,0.0829,0.132,0,0,21.388888889,21.388888889
1,0.565,0.016,0.0493,0,0,21.388888889,21.388888889
1,0.565,0.016,0.0493,0,0,21.388888889,21.388888889
1,0.565,0.016,0.0493,0,0,21.388888889,21.388888889
1,0.565,0.016,0.0493,0,0,22.222222222,22.222222222
1,0.565,0.016,0.0493,0,0,23.888888889,25.555555556
1,0.565,0.016,0.0493,0,0,23.888888889,25.555555556
1,0.565,0.016,0.0493,0,0,23.888888889,30.555555556
1,0.615,0.0627,0.283,0,0.174,23.888888889,30.555555556
0.417,0.6,0.0494,0.216,0,0,23.888888889,30.555555556
0.0833,0.572,0.0253,0.082,0.0833,0,23.888888889,30.555555556
1,0.65,0.136,0.431,0.183,0.218,23.888888889,30.555555556
1,0.65,0.146,0.417,0.267,0.0435,23.888888889,30.555555556
1,0.65,0.161,0.409,0,0,23.888888889,30.555555556
1,0.65,0.174,0.411,0.0833,0.131,23.888888889,30.555555556
1,0.668,0.191,0.434,0.183,0.0871,23.888888889,25.555555556
1,0.708,0.229,0.505,0,0.0871,23.888888889,25.555555556
1,0.755,0.282,0.645,0,0.368,23.888888889,25.555555556
0.167,0.6,0.0643,0.161,0,0.115,23.888888889,25.555555556
0.833,0.743,0.442,0.787,0,0.0435,22.222222222,25.555555556
1,0.741,0.598,0.813,0,0,21.388888889,21.388888889
1,0.565,0.016,0.0493,0,0,21.388888889,21.388888889
1,0.565,0.016,0.0493,0,0,21.388888889,21.388888889
1,0.565,0.016,0.0493,0,0,21.388888889,21.388888889
1,0.565,0.0162,0.0493,0,0,21.388888889,21.388888889
1,0.565,0.0183,0.0493,0,0,21.388888889,21.388888889
1,0.565,0.0183,0.0493,0,0,21.388888889,21.388888889
1,0.565,0.0183,0.0493,0,0,21.388888889,21.388888889
1,0.565,0.0183,0.0493,0,0,22.222222222,22.222222222
1,0.565,0.0183,0.0493,0,0,23.888888889,25.555555556
1,0.565,0.0183,0.0493,0,0,23.888888889,25.555555556
1,0.565,0.0183,0.0493,0,0,23.888888889,25.555555556
1,0.615,0.0889,0.283,0,0.401,23.888888889,25.555555556
1,0.65,0.166,0.453,0,0.632,23.888888889,25.555555556
1,0.65,0.205,0.447,0,0.228,23.888888889,25.555555556
1,0.65,0.232,0.431,0,0.223,23.888888889,25.555555556
1,0.65,0.252,0.417,0,0.258,23.888888889,25.555555556
0.917,0.643,0.262,0.379,0,0.161,23.888888889,25.555555556
0,0.565,0.0183,0.0493,0,0.132,23.888888889,25.555555556
0,0.565,0.0183,0.0493,0,0,23.888888889,25.555555556
0.583,0.66,0.243,0.338,0,0.174,23.888888889,25.555555556
1,0.755,0.412,0.645,0,0,23.888888889,25.555555556
1,0.783,0.461,0.823,0,0.131,23.888888889,25.555555556
1,0.781,0.583,0.928,0,0,22.222222222,25.555555556
1,0.756,0.714,0.878,0,0,21.388888889,21.388888889
1,0.707,0.727,0.714,0,0,21.388888889,21.388888889
1,0.613,0.303,0.293,0,0,21.388888889,21.388888889
1,0.565,0.0183,0.0493,0,0,21.388888889,21.388888889
1,0.565,0.0183,0.0493,0,0,21.388888889,21.388888889
1,0.565,0.0183,0.0493,0,0,21.388888889,21.388888889
1,0.565,0.0183,0.0493,0,0,21.388888889,21.388888889
1,0.565,0.0183,0.0493,0,0,21.388888889,21.388888889
1,0.565,0.0183,0.0493,0,0,22.222222222,22.222222222
1,0.565,0.0183,0.0493,0,0,23.888888889,25.555555556
1,0.565,0.0183,0.0493,0,0,23.888888889,25.555555556
1,0.565,0.0183,0.0493,0,0,23.888888889,25.555555556
1,0.565,0.0183,0.0493,0,0,23.888888889,25.555555556
1,0.565,0.0183,0.0493,0,0,23.888888889,25.555555556
1,0.615,0.136,0.278,0,0.131,23.888888889,25.555555556
0.917,0.643,0.214,0.4,0,0.348,23.888888889,25.555555556
0,0.565,0.0183,0.0493,0,0,23.888888889,25.555555556
0,0.565,0.0183,0.0493,0,0,23.888888889,25.555555556
0,0.565,0.0183,0.0493,0,0,23.888888889,25.555555556
0,0.565,0.0183,0.0493,0,0,23.888888889,25.555555556
0,0.565,0.0183,0.0493,0,0,23.888888889,25.555555556
0.333,0.635,0.151,0.272,0,0,23.888888889,25.555555556
1,0.783,0.461,0.823,0,0.305,23.888888889,25.555555556
1,0.781,0.583,0.928,0,0.305,22.222222222,25.555555556
1,0.756,0.714,0.878,0,0,21.388888889,21.388888889
1,0.707,0.727,0.714,0,0.174,21.388888889,21.388888889
1,0.613,0.303,0.293,0,0,21.388888889,21.388888889
1,0.565,0.0183,0.0493,0,0,21.388888889,21.388888889
1,0.565,0.0181,0.0493,0,0,21.388888889,21.388888889
1,0.565,0.016,0.0493,0,0,21.388888889,21.388888889
1,0.565,0.016,0.0493,0,0,21.388888889,21.388888889
1,0.565,0.016,0.0493,0,0,21.388888889,21.388888889
1,0.565,0.016,0.0493,0,0,22.222222222,22.222222222
1,0.565,0.016,0.0493,0,0,23.888888889,25.555555556
1,0.565,0.016,0.0493,0,0,23.888888889,25.555555556
1,0.565,0.016,0.0493,0,0,23.888888889,30.555555556
1,0.565,0.016,0.0493,0,0,23.888888889,30.555555556
1,0.565,0.016,0.0493,0,0,23.888888889,30.555555556
1,0.565,0.016,0.0493,0,0,23.888888889,30.555555556
1,0.565,0.016,0.0493,0,0,23.888888889,30.555555556
1,0.565,0.016,0.0493,0,0,23.888888889,30.555555556
1,0.565,0.016,0.0493,0,0,23.888888889,30.555555556
1,0.565,0.016,0.0493,0,0,23.888888889,30.555555556
1,0.565,0.016,0.0493,0,0,23.888888889,25.555555556
1,0.565,0.016,0.0493,0,0,23.888888889,25.555555556
1,0.565,0.016,0.0493,0,0,23.888888889,25.555555556
0.417,0.565,0.016,0.0493,0,0,23.888888889,25.555555556
0.333,0.635,0.203,0.35,0,0.0871,22.222222222,25.555555556
1,0.756,0.656,0.878,0,0.131,21.388888889,21.388888889
1,0.707,0.69,0.714,0,0.421,21.388888889,21.388888889
1,0.645,0.519,0.583,0,0.271,21.388888889,21.388888889
1,0.592,0.273,0.373,0,0.0435,21.388888889,21.388888889
1,0.567,0.0876,0.138,0,0,21.388888889,21.388888889
1,0.557,0.0509,0.0945,0,0,21.388888889,21.388888889
1,0.56,0.0245,0.0596,0,0,21.388888889,21.388888889
1,0.565,0.016,0.0493,0,0,21.388888889,21.388888889
1,0.56,0.0192,0.0519,0,0,22.222222222,22.222222222
1,0.557,0.0296,0.107,0,0.0871,23.888888889,25.555555556
1,0.575,0.0479,0.259,0,0.218,23.888888889,25.555555556
1,0.615,0.0695,0.394,0,0.0871,23.888888889,30.555555556
1,0.644,0.0888,0.442,0,0,23.888888889,30.555555556
1,0.65,0.106,0.453,0,0,23.888888889,30.555555556
1,0.65,0.122,0.447,0.0833,0,23.888888889,30.555555556
1,0.65,0.136,0.431,1,0,23.888888889,30.555555556
1,0.65,0.146,0.417,0.55,0,23.888888889,30.555555556
1,0.65,0.161,0.409,0,0,23.888888889,30.555555556
1,0.65,0.174,0.411,0,0.0871,23.888888889,30.555555556
1,0.668,0.191,0.434,0,0.174,23.888888889,25.555555556
1,0.708,0.229,0.505,0,0,23.888888889,25.555555556
1,0.755,0.282,0.645,0.267,0,23.888888889,25.555555556
1,0.783,0.368,0.823,0,0.131,23.888888889,25.555555556
1,0.781,0.508,0.928,0,0.174,22.222222222,25.555555556
1,0.756,0.656,0.878,0,0.0435,21.388888889,21.388888889
1,0.707,0.69,0.714,0,0,21.388888889,21.388888889
1,0.584,0.126,0.147,0,0,21.388888889,21.388888889
1,0.565,0.016,0.0493,0,0,21.388888889,21.388888889
1,0.561,0.0443,0.0863,0,0,21.388888889,21.388888889
1,0.565,0.016,0.0493,0,0,21.388888889,21.388888889
1,0.565,0.016,0.0493,0,0,21.388888889,21.388888889
1,0.565,0.016,0.0493,0,0,21.388888889,21.388888889
1,0.565,0.016,0.0493,0,0,22.222222222,22.222222222
1,0.565,0.016,0.0493,0,0,23.888888889,25.555555556
1,0.565,0.016,0.0493,0,0,23.888888889,25.555555556
1,0.606,0.0524,0.272,0.267,0.0435,23.888888889,30.555555556
1,0.644,0.0888,0.442,0,0.422,23.888888889,30.555555556
1,0.65,0.106,0.453,0,0.174,23.888888889,30.555555556
1,0.65,0.122,0.447,0,0.208,23.888888889,30.555555556
1,0.65,0.136,0.431,0,0,23.888888889,30.555555556
1,0.65,0.146,0.417,0,0,23.888888889,30.555555556
1,0.65,0.161,0.409,0,0,23.888888889,30.555555556
1,0.65,0.174,0.411,0,0,23.888888889,30.555555556
1,0.668,0.191,0.434,0,0.392,23.888888889,25.555555556
1,0.708,0.229,0.505,0,0.261,23.888888889,25.555555556
1,0.755,0.282,0.645,0.333,0,23.888888889,25.555555556
1,0.783,0.368,0.823,0.2,0.0435,23.888888889,25.555555556
1,0.781,0.508,0.928,0,0,22.222222222,25.555555556
1,0.756,0.656,0.878,0,0,21.388888889,21.388888889
1,0.707,0.69,0.714,0,0,21.388888889,21.388888889
1,0.641,0.487,0.542,0,0,21.388888889,21.388888889
1,0.565,0.016,0.0493,0,0,21.388888889,21.388888889
1,0.565,0.016,0.0493,0,0,21.388888889,21.388888889
1,0.565,0.016,0.0493,0,0,21.388888889,21.388888889
1,0.565,0.016,0.0493,0,0,21.388888889,21.388888889
1,0.565,0.016,0.0493,0,0,21.388888889,21.388888889
1,0.565,0.016,0.0493,0,0,22.222222222,22.222222222
1,0.565,0.016,0.0493,0,0,23.888888889,25.555555556
0.917,0.565,0.016,0.0493,0,0,23.888888889,25.555555556
0.833,0.611,0.0627,0.345,0,0.218,23.888888889,30.555555556
1,0.644,0.0888,0.442,0,0.131,23.888888889,30.555555556
1,0.65,0.106,0.453,0,0.192,23.888888889,30.555555556
1,0.65,0.122,0.447,0,0.238,23.888888889,30.555555556
1,0.65,0.136,0.431,0,0.236,23.888888889,30.555555556
1,0.65,0.146,0.417,0,0.0387,23.888888889,30.555555556
1,0.65,0.161,0.409,0,0.131,23.888888889,30.555555556
1,0.65,0.174,0.411,0,0.131,23.888888889,30.555555556
1,0.668,0.191,0.434,0,0.0435,23.888888889,25.555555556
1,0.708,0.229,0.505,0,0,23.888888889,25.555555556
1,0.755,0.282,0.645,0,0.0435,23.888888889,25.555555556
1,0.783,0.368,0.823,0.267,0,23.888888889,25.555555556
1,0.781,0.508,0.928,0,0.0871,22.222222222,25.555555556
1,0.756,0.656,0.878,0,0,21.388888889,21.388888889
1,0.707,0.69,0.714,0,0,21.388888889,21.388888889
1,0.645,0.519,0.583,0,0,21.388888889,21.388888889
1,0.587,0.179,0.257,0,0,21.388888889,21.388888889
1,0.565,0.016,0.0493,0,0,21.388888889,21.388888889
1,0.565,0.016,0.0493,0,0,21.388888889,21.388888889
1,0.565,0.016,0.0493,0,0,21.388888889,21.388888889
1,0.565,0.016,0.0493,0,0,21.388888889,21.388888889
1,0.565,0.016,0.0493,0,0,22.222222222,22.222222222
1,0.565,0.016,0.0493,0,0,23.888888889,25.555555556
1,0.565,0.016,0.0493,0,0,23.888888889,25.555555556
1,0.565,0.016,0.0493,0,0,23.888888889,30.555555556
1,0.615,0.0627,0.283,0,0.159,23.888888889,30.555555556
1,0.65,0.106,0.453,0,0.601,23.888888889,30.555555556
0.417,0.6,0.0567,0.218,0,0.481,23.888888889,30.555555556
0,0.565,0.016,0.0493,0,0,23.888888889,30.555555556
0.833,0.636,0.125,0.354,0,0.218,23.888888889,30.555555556
1,0.65,0.161,0.409,0.0833,0,23.888888889,30.555555556
1,0.65,0.174,0.411,0.183,0.0435,23.888888889,30.555555556
1,0.668,0.191,0.434,0,0.174,23.888888889,25.555555556
1,0.708,0.229,0.505,0,0,23.888888889,25.555555556
1,0.755,0.282,0.645,0,0.0435,23.888888889,25.555555556
1,0.783,0.368,0.823,0,0,23.888888889,25.555555556
1,0.781,0.508,0.928,0,0,22.222222222,25.555555556
1,0.756,0.656,0.878,0,0,21.388888889,21.388888889
1,0.707,0.69,0.714,0,0.131,21.388888889,21.388888889
1,0.645,0.519,0.583,0,0,21.388888889,21.388888889
1,0.587,0.179,0.257,0,0,21.388888889,21.388888889
1,0.565,0.0162,0.0493,0,0,21.388888889,21.388888889
1,0.565,0.0183,0.0493,0,0,21.388888889,21.388888889
1,0.565,0.0183,0.0493,0,0,21.388888889,21.388888889
1,0.565,0.0183,0.0493,0,0,21.388888889,21.388888889
1,0.565,0.0183,0.0493,0,0,22.222222222,22.222222222
1,0.565,0.0183,0.0493,0,0,23.888888889,25.555555556
1,0.565,0.0183,0.0493,0,0,23.888888889,25.555555556
1,0.565,0.0183,0.0493,0,0,23.888888889,25.555555556
1,0.615,0.0889,0.283,0,0.281,23.888888889,25.555555556
0.417,0.6,0.0687,0.216,0,0.383,23.888888889,25.555555556
0,0.565,0.0183,0.0493,0,0,23.888888889,25.555555556
0,0.565,0.0183,0.0493,0,0,23.888888889,25.555555556
0.833,0.636,0.214,0.354,0,0.305,23.888888889,25.555555556
1,0.65,0.286,0.409,0,0.0871,23.888888889,25.555555556
0.167,0.579,0.0662,0.109,0,0.218,23.888888889,25.555555556
0,0.565,0.0183,0.0493,0,0,23.888888889,25.555555556
0,0.565,0.0183,0.0493,0,0,23.888888889,25.555555556
0,0.565,0.0183,0.0493,0,0,23.888888889,25.555555556
0.583,0.696,0.295,0.544,0.267,0.0435,23.888888889,25.555555556
1,0.781,0.583,0.928,0,0.348,22.222222222,25.555555556
1,0.756,0.714,0.878,0,0.0871,21.388888889,21.388888889
1,0.697,0.67,0.665,0,0,21.388888889,21.388888889
1,0.565,0.0183,0.0493,0,0,21.388888889,21.388888889
1,0.565,0.0183,0.0493,0,0,21.388888889,21.388888889
1,0.565,0.0183,0.0493,0,0,21.388888889,21.388888889
1,0.565,0.0183,0.0493,0,0,21.388888889,21.388888889
1,0.565,0.0183,0.0493,0,0,21.388888889,21.388888889
1,0.559,0.0181,0.0493,0,0.487,21.388888889,21.388888889
1,0.562,0.0172,0.0493,0,0.261,22.222222222,22.222222222
1,0.565,0.0183,0.0493,0,0,23.888888889,25.555555556
1,0.565,0.0183,0.0493,0,0,23.888888889,25.555555556
1,0.565,0.0183,0.0493,0,0,23.888888889,25.555555556
1,0.565,0.0183,0.0493,0,0,23.888888889,25.555555556
1,0.565,0.0183,0.0493,0,0,23.888888889,25.555555556
1,0.615,0.136,0.278,0,0.0871,23.888888889,25.555555556
0.167,0.579,0.0518,0.115,0,0,23.888888889,25.555555556
0,0.565,0.0183,0.0493,0,0,23.888888889,25.555555556
0,0.565,0.0183,0.0493,0,0,23.888888889,25.555555556
0,0.565,0.0183,0.0493,0,0,23.888888889,25.555555556
0,0.565,0.0183,0.0493,0,0,23.888888889,25.555555556
0,0.565,0.0183,0.0493,0,0,23.888888889,25.555555556
0,0.565,0.0183,0.0493,0,0,23.888888889,25.555555556
0.25,0.621,0.137,0.262,0,0.0435,23.888888889,25.555555556
0,0.565,0.0183,0.0493,0,0,22.222222222,25.555555556
0,0.565,0.0183,0.0493,0,0,21.388888889,21.388888889
0.833,0.677,0.603,0.584,0,0.0871,21.388888889,21.388888889
1,0.645,0.551,0.583,0,0,21.388888889,21.388888889
1,0.592,0.303,0.373,0,0,21.388888889,21.388888889
1,0.567,0.0994,0.138,0,0,21.388888889,21.388888889
1,0.565,0.016,0.0493,0,0,21.388888889,21.388888889
1,0.565,0.016,0.0493,0,0,21.388888889,21.388888889
1,0.565,0.016,0.0493,0,0,21.388888889,21.388888889
1,0.565,0.016,0.0493,0,0,22.222222222,22.222222222
1,0.565,0.016,0.0493,0,0,23.888888889,25.555555556
1,0.578,0.0398,0.219,0.267,0.0435,23.888888889,25.555555556
1,0.615,0.0695,0.394,0,0.0871,23.888888889,30.555555556
1,0.644,0.0888,0.442,0,0.174,23.888888889,30.555555556
1,0.65,0.106,0.453,0,0,23.888888889,30.555555556
1,0.65,0.122,0.447,0,0.0435,23.888888889,30.555555556
1,0.65,0.136,0.431,0,0.0871,23.888888889,30.555555556
1,0.65,0.146,0.417,0,0,23.888888889,30.555555556
1,0.65,0.161,0.409,0,0,23.888888889,30.555555556
1,0.65,0.174,0.411,0,0.0435,23.888888889,30.555555556
1,0.668,0.191,0.434,0,0,23.888888889,25.555555556
1,0.708,0.229,0.505,0,0,23.888888889,25.555555556
1,0.755,0.282,0.645,0.267,0.174,23.888888889,25.555555556
1,0.783,0.368,0.823,0,0.0871,23.888888889,25.555555556
1,0.781,0.508,0.928,0,0,22.222222222,25.555555556
1,0.756,0.656,0.878,0,0.0871,21.388888889,21.388888889
1,0.707,0.69,0.714,0,0,21.388888889,21.388888889
1,0.641,0.487,0.542,0,0,21.388888889,21.388888889
1,0.565,0.016,0.0493,0,0,21.388888889,21.388888889
1,0.562,0.0396,0.0801,0,0,21.388888889,21.388888889
1,0.565,0.016,0.0493,0,0,21.388888889,21.388888889
1,0.565,0.016,0.0493,0,0,21.388888889,21.388888889
1,0.565,0.016,0.0493,0,0,21.388888889,21.388888889
1,0.565,0.016,0.0493,0,0,22.222222222,22.222222222
1,0.565,0.016,0.0493,0,0,23.888888889,25.555555556
1,0.565,0.016,0.0493,0,0,23.888888889,25.555555556
1,0.565,0.016,0.0493,0,0,23.888888889,30.555555556
1,0.615,0.0627,0.283,0,0,23.888888889,30.555555556
1,0.65,0.106,0.453,0,0,23.888888889,30.555555556
1,0.65,0.122,0.447,0,0.218,23.888888889,30.555555556
1,0.65,0.136,0.431,0,0.131,23.888888889,30.555555556
1,0.65,0.146,0.417,0,0.174,23.888888889,30.555555556
1,0.65,0.161,0.409,0,0.143,23.888888889,30.555555556
1,0.65,0.174,0.411,0,0,23.888888889,30.555555556
1,0.668,0.191,0.434,0,0.0435,23.888888889,25.555555556
0.667,0.654,0.151,0.34,0,0,23.888888889,25.555555556
0.5,0.669,0.161,0.383,0,0.218,23.888888889,25.555555556
0,0.565,0.016,0.0493,0,0,23.888888889,25.555555556
0,0.565,0.016,0.0493,0,0,22.222222222,25.555555556
0.583,0.669,0.422,0.503,0,0.14,21.388888889,21.388888889
1,0.707,0.69,0.714,0,0.472,21.388888889,21.388888889
1,0.645,0.519,0.583,0,0.0871,21.388888889,21.388888889
1,0.592,0.26,0.356,0,0,21.388888889,21.388888889
1,0.565,0.016,0.0493,0,0,21.388888889,21.388888889
1,0.565,0.016,0.0493,0,0,21.388888889,21.388888889
1,0.565,0.016,0.0493,0,0,21.388888889,21.388888889
1,0.565,0.016,0.0493,0,0,21.388888889,21.388888889
1,0.56,0.0192,0.0519,0.267,0,22.222222222,22.222222222
1,0.557,0.0296,0.107,0,0.131,23.888888889,25.555555556
1,0.575,0.0479,0.259,0,0.268,23.888888889,25.555555556
1,0.615,0.0695,0.394,0,0.27,23.888888889,30.555555556
1,0.644,0.0888,0.442,0,0.0599,23.888888889,30.555555556
1,0.65,0.106,0.453,0,0,23.888888889,30.555555556
1,0.65,0.122,0.447,0,0,23.888888889,30.555555556
1,0.65,0.136,0.431,0,0.0435,23.888888889,30.555555556
1,0.65,0.146,0.417,0,0.0435,23.888888889,30.555555556
1,0.607,0.0842,0.23,0,0.0871,23.888888889,30.555555556
0.417,0.6,0.0796,0.199,0,0.0435,23.888888889,30.555555556
0,0.565,0.016,0.0493,0,0,23.888888889,25.555555556
0,0.565,0.016,0.0493,0,0,23.888888889,25.555555556
0,0.565,0.016,0.0493,0,0,23.888888889,25.555555556
0,0.565,0.016,0.0493,0,0,23.888888889,25.555555556
0.583,0.687,0.343,0.575,0,0.0435,22.222222222,25.555555556
1,0.756,0.656,0.878,0,0.0435,21.388888889,21.388888889
1,0.707,0.69,0.714,0,0,21.388888889,21.388888889
1,0.645,0.519,0.583,0,0.0871,21.388888889,21.388888889
1,0.592,0.273,0.373,0,0,21.388888889,21.388888889
1,0.567,0.0876,0.138,0,0.261,21.388888889,21.388888889
1,0.562,0.0396,0.0801,0,0,21.388888889,21.388888889
1,0.565,0.016,0.0493,0,0,21.388888889,21.388888889
1,0.565,0.016,0.0493,0,0,21.388888889,21.388888889
1,0.565,0.016,0.0493,0,0,22.222222222,22.222222222
1,0.565,0.016,0.0493,0,0,23.888888889,25.555555556
0.917,0.565,0.016,0.0493,0,0,23.888888889,25.555555556
0,0.565,0.016,0.0493,0,0,23.888888889,30.555555556
0,0.565,0.016,0.0493,0,0,23.888888889,30.555555556
0.0833,0.572,0.0241,0.0831,0,0,23.888888889,30.555555556
1,0.65,0.122,0.447,0,0.0871,23.888888889,30.555555556
1,0.65,0.136,0.431,0,0.218,23.888888889,30.555555556
1,0.65,0.146,0.417,0,0.0871,23.888888889,30.555555556
1,0.65,0.161,0.409,0,0.174,23.888888889,30.555555556
0.667,0.622,0.12,0.29,0,0.174,23.888888889,30.555555556
0,0.565,0.016,0.0493,0,0,23.888888889,25.555555556
0,0.565,0.016,0.0493,0,0,23.888888889,25.555555556
0,0.565,0.016,0.0493,0,0,23.888888889,25.555555556
0.0833,0.583,0.049,0.12,0,0.0435,23.888888889,25.555555556
1,0.781,0.508,0.928,0,0.0871,22.222222222,25.555555556
1,0.756,0.656,0.878,0,0.261,21.388888889,21.388888889
1,0.707,0.69,0.714,0,0,21.388888889,21.388888889
1,0.645,0.519,0.583,0,0.0615,21.388888889,21.388888889
1,0.587,0.179,0.257,0,0.13,21.388888889,21.388888889
1,0.561,0.0443,0.0863,0,0,21.388888889,21.388888889
1,0.565,0.016,0.0493,0,0,21.388888889,21.388888889
1,0.565,0.016,0.0493,0,0,21.388888889,21.388888889
1,0.565,0.016,0.0493,0,0,21.388888889,21.388888889
1,0.565,0.016,0.0493,0,0,22.222222222,22.222222222
1,0.565,0.016,0.0493,0,0,23.888888889,25.555555556
1,0.565,0.016,0.0493,0,0,23.888888889,25.555555556
1,0.606,0.0524,0.272,0.267,0,23.888888889,30.555555556
0.917,0.637,0.0821,0.409,0,0.174,23.888888889,30.555555556
0,0.565,0.016,0.0493,0,0,23.888888889,30.555555556
0,0.565,0.016,0.0493,0,0,23.888888889,30.555555556
0,0.565,0.016,0.0493,0,0,23.888888889,30.555555556
0.333,0.593,0.0604,0.17,0,0.0435,23.888888889,30.555555556
1,0.65,0.161,0.409,0,0.174,23.888888889,30.555555556
1,0.65,0.174,0.411,0,0.178,23.888888889,30.555555556
0.417,0.6,0.0837,0.201,0,0.213,23.888888889,25.555555556
0.25,0.594,0.062,0.149,0,0.0871,23.888888889,25.555555556
0.583,0.687,0.185,0.439,0.533,0.0435,23.888888889,25.555555556
1,0.783,0.368,0.823,0,0,23.888888889,25.555555556
1,0.781,0.508,0.928,0,0.0871,22.222222222,25.555555556
1,0.756,0.656,0.878,0,0,21.388888889,21.388888889
1,0.707,0.69,0.714,0,0,21.388888889,21.388888889
1,0.627,0.389,0.417,0,0,21.388888889,21.388888889
1,0.565,0.016,0.0493,0,0,21.388888889,21.388888889
1,0.565,0.0162,0.0493,0,0,21.388888889,21.388888889
1,0.565,0.0183,0.0493,0,0,21.388888889,21.388888889
1,0.565,0.0183,0.0493,0,0,21.388888889,21.388888889
1,0.565,0.0183,0.0493,0,0,21.388888889,21.388888889
1,0.565,0.0183,0.0493,0,0,22.222222222,22.222222222
1,0.565,0.0183,0.0493,0,0,23.888888889,25.555555556
0.417,0.565,0.0183,0.0493,0,0,23.888888889,25.555555556
0,0.565,0.0183,0.0493,0,0,23.888888889,25.555555556
0,0.565,0.0183,0.0493,0,0,23.888888889,25.555555556
0,0.565,0.0183,0.0493,0,0,23.888888889,25.555555556
0,0.565,0.0183,0.0493,0,0,23.888888889,25.555555556
0,0.565,0.0183,0.0493,0,0,23.888888889,25.555555556
0,0.565,0.0183,0.0493,0,0,23.888888889,25.555555556
0.333,0.593,0.114,0.169,0,0,23.888888889,25.555555556
1,0.65,0.331,0.411,0,0.218,23.888888889,25.555555556
1,0.668,0.37,0.434,0,0.0871,23.888888889,25.555555556
0.667,0.654,0.267,0.34,0,0.131,23.888888889,25.555555556
0,0.565,0.0183,0.0493,0,0,23.888888889,25.555555556
0,0.565,0.0183,0.0493,0,0,23.888888889,25.555555556
0.583,0.687,0.385,0.575,0.267,0.305,22.222222222,25.555555556
1,0.756,0.714,0.878,0,0.0435,21.388888889,21.388888889
1,0.707,0.727,0.714,0,0,21.388888889,21.388888889
1,0.645,0.551,0.583,0,0,21.388888889,21.388888889
1,0.587,0.195,0.257,0,0,21.388888889,21.388888889
1,0.565,0.0183,0.0493,0,0,21.388888889,21.388888889
1,0.565,0.0183,0.0493,0,0,21.388888889,21.388888889
1,0.565,0.0183,0.0493,0,0,21.388888889,21.388888889
1,0.565,0.0183,0.0493,0,0,21.388888889,21.388888889
1,0.565,0.0183,0.0493,0,0,22.222222222,22.222222222
1,0.565,0.0183,0.0493,0,0,23.888888889,25.555555556
1,0.565,0.0183,0.0493,0,0,23.888888889,25.555555556
1,0.571,0.0238,0.0812,0,0.0848,23.888888889,25.555555556
1,0.644,0.116,0.442,0.267,0.16,23.888888889,25.555555556
1,0.65,0.166,0.453,0,0.246,23.888888889,25.555555556
1,0.65,0.205,0.447,0,0.316,23.888888889,25.555555556
1,0.65,0.232,0.431,0,0.426,23.888888889,25.555555556
1,0.65,0.252,0.417,0,0.38,23.888888889,25.555555556
1,0.65,0.286,0.409,0,0.223,23.888888889,25.555555556
0.417,0.6,0.138,0.199,0,0,23.888888889,25.555555556
0,0.565,0.0183,0.0493,0,0,23.888888889,25.555555556
0,0.565,0.0183,0.0493,0,0,23.888888889,25.555555556
0,0.565,0.0183,0.0493,0,0,23.888888889,25.555555556
0,0.565,0.0183,0.0493,0,0,23.888888889,25.555555556
0.333,0.635,0.228,0.35,0,0,22.222222222,25.555555556
1,0.756,0.714,0.878,0,0.261,21.388888889,21.388888889
1,0.707,0.727,0.714,0,0,21.388888889,21.388888889
1,0.645,0.551,0.583,0,0.089,21.388888889,21.388888889
1,0.592,0.303,0.373,0,0.0178,21.388888889,21.388888889
1,0.566,0.0487,0.0825,0,0,21.388888889,21.388888889
1,0.565,0.016,0.0493,0,0,21.388888889,21.388888889
1,0.565,0.016,0.0493,0,0,21.388888889,21.388888889
1,0.565,0.016,0.0493,0,0,21.388888889,21.388888889
1,0.565,0.016,0.0493,0,0,22.222222222,22.222222222
1,0.564,0.0176,0.0573,0,0.0861,23.888888889,25.555555556
1,0.575,0.0479,0.259,0.0833,0.113,23.888888889,25.555555556
1,0.615,0.0695,0.394,0.533,0,23.888888889,30.555555556
1,0.644,0.0888,0.442,0.183,0.305,23.888888889,30.555555556
1,0.65,0.106,0.453,0,0.0435,23.888888889,30.555555556
1,0.65,0.122,0.447,0,0.218,23.888888889,30.555555556
1,0.65,0.136,0.431,0,0.261,23.888888889,30.555555556
1,0.65,0.146,0.417,0,0,23.888888889,30.555555556
0.417,0.6,0.0714,0.2,0,0,23.888888889,30.555555556
0,0.565,0.016,0.0493,0,0,23.888888889,30.555555556
0.583,0.633,0.123,0.283,0,0.174,23.888888889,25.555555556
1,0.708,0.229,0.505,0,0,23.888888889,25.555555556
1,0.755,0.282,0.645,0,0,23.888888889,25.555555556
1,0.783,0.368,0.823,0,0.0435,23.888888889,25.555555556
1,0.781,0.508,0.928,0,0,22.222222222,25.555555556
0.417,0.652,0.25,0.425,0,0,21.388888889,21.388888889
0.833,0.677,0.574,0.584,0,0,21.388888889,21.388888889
1,0.645,0.519,0.583,0,0,21.388888889,21.388888889
1,0.592,0.273,0.373,0,0.0951,21.388888889,21.388888889
1,0.566,0.0427,0.0825,0,0,21.388888889,21.388888889
1,0.565,0.016,0.0493,0,0,21.388888889,21.388888889
1,0.565,0.016,0.0493,0,0,21.388888889,21.388888889
1,0.565,0.016,0.0493,0,0,21.388888889,21.388888889
1,0.565,0.016,0.0493,0,0,22.222222222,22.222222222
1,0.565,0.016,0.0493,0,0,23.888888889,25.555555556
1,0.565,0.016,0.0493,0,0,23.888888889,25.555555556
1,0.611,0.0627,0.345,0,0.345,23.888888889,30.555555556
1,0.644,0.0888,0.442,0,0.124,23.888888889,30.555555556
1,0.65,0.106,0.453,0,0.317,23.888888889,30.555555556
1,0.65,0.122,0.447,0,0.372,23.888888889,30.555555556
1,0.65,0.136,0.431,0,0,23.888888889,30.555555556
1,0.643,0.135,0.386,0,0,23.888888889,30.555555556
1,0.565,0.016,0.0493,0,0,23.888888889,30.555555556
1,0.565,0.016,0.0493,0,0,23.888888889,30.555555556
1,0.633,0.123,0.283,0,0.174,23.888888889,25.555555556
1,0.708,0.229,0.505,0,0.261,23.888888889,25.555555556
1,0.755,0.282,0.645,0,0.0435,23.888888889,25.555555556
1,0.783,0.368,0.823,0,0.0435,23.888888889,25.555555556
1,0.781,0.508,0.928,0,0,22.222222222,25.555555556
1,0.756,0.656,0.878,0,0.0435,21.388888889,21.388888889
1,0.707,0.69,0.714,0,0,21.388888889,21.388888889
1,0.641,0.487,0.542,0,0,21.388888889,21.388888889
1,0.565,0.016,0.0493,0,0,21.388888889,21.388888889
1,0.565,0.016,0.0493,0,0,21.388888889,21.388888889
1,0.565,0.016,0.0493,0,0,21.388888889,21.388888889
1,0.565,0.016,0.0493,0,0,21.388888889,21.388888889
1,0.565,0.016,0.0493,0,0,21.388888889,21.388888889
1,0.565,0.016,0.0493,0,0,22.222222222,22.222222222
1,0.565,0.016,0.0493,0,0,23.888888889,25.555555556
1,0.565,0.016,0.0493,0,0,23.888888889,25.555555556
1,0.565,0.016,0.0493,0,0,23.888888889,30.555555556
1,0.615,0.0627,0.283,0,0,23.888888889,30.555555556
1,0.65,0.106,0.453,0,0.45,23.888888889,30.555555556
1,0.65,0.122,0.447,0,0,23.888888889,30.555555556
1,0.65,0.136,0.431,0,0,23.888888889,30.555555556
1,0.65,0.146,0.417,0.267,0.0871,23.888888889,30.555555556
1,0.65,0.161,0.409,0,0.0435,23.888888889,30.555555556
1,0.65,0.174,0.411,0,0.0435,23.888888889,30.555555556
1,0.668,0.191,0.434,0,0,23.888888889,25.555555556
1,0.708,0.229,0.505,0,0.0435,23.888888889,25.555555556
1,0.755,0.282,0.645,0,0.131,23.888888889,25.555555556
1,0.783,0.368,0.823,0,0,23.888888889,25.555555556
1,0.781,0.508,0.928,0,0,22.222222222,25.555555556
1,0.756,0.656,0.878,0,0.0871,21.388888889,21.388888889
1,0.639,0.306,0.373,0,0,21.388888889,21.388888889
1,0.565,0.016,0.0493,0,0,21.388888889,21.388888889
1,0.565,0.016,0.0493,0,0,21.388888889,21.388888889
1,0.565,0.016,0.0493,0,0,21.388888889,21.388888889
1,0.565,0.016,0.0493,0,0,21.388888889,21.388888889
1,0.565,0.016,0.0493,0,0,21.388888889,21.388888889
1,0.565,0.016,0.0493,0,0,21.388888889,21.388888889
1,0.565,0.016,0.0493,0,0,22.222222222,22.222222222
1,0.565,0.016,0.0493,0,0,23.888888889,25.555555556
1,0.565,0.016,0.0493,0,0,23.888888889,25.555555556
1,0.565,0.016,0.0493,0,0,23.888888889,30.555555556
1,0.615,0.0627,0.283,0,0,23.888888889,30.555555556
1,0.65,0.106,0.453,0,0.174,23.888888889,30.555555556
1,0.65,0.122,0.447,0,0.245,23.888888889,30.555555556
1,0.65,0.136,0.431,0,0.155,23.888888889,30.555555556
0.167,0.579,0.0369,0.112,0,0,23.888888889,30.555555556
0.333,0.593,0.0669,0.169,0,0,23.888888889,30.555555556
1,0.65,0.174,0.411,0,0.218,23.888888889,30.555555556
0.917,0.659,0.176,0.401,0,0.0435,23.888888889,25.555555556
0,0.565,0.016,0.0493,0,0,23.888888889,25.555555556
0,0.565,0.016,0.0493,0,0,23.888888889,25.555555556
0,0.565,0.016,0.0493,0,0,23.888888889,25.555555556
0.333,0.635,0.203,0.35,0,0.0871,22.222222222,25.555555556
1,0.756,0.656,0.878,0,0,21.388888889,21.388888889
1,0.707,0.69,0.714,0,0.0435,21.388888889,21.388888889
1,0.641,0.487,0.542,0,0,21.388888889,21.388888889
1,0.565,0.016,0.0493,0,0,21.388888889,21.388888889
1,0.565,0.016,0.0493,0,0,21.388888889,21.388888889
1,0.565,0.016,0.0493,0,0,21.388888889,21.388888889
1,0.565,0.016,0.0493,0,0,21.388888889,21.388888889
1,0.565,0.016,0.0493,0,0,21.388888889,21.388888889
1,0.565,0.016,0.0493,0,0,22.222222222,22.222222222
1,0.565,0.016,0.0493,0,0,23.888888889,25.555555556
1,0.567,0.0194,0.0736,0.0833,0,23.888888889,25.555555556
1,0.615,0.0695,0.394,0.45,0,23.888888889,30.555555556
1,0.644,0.0888,0.442,0,0,23.888888889,30.555555556
1,0.65,0.106,0.453,0,0.0871,23.888888889,30.555555556
1,0.65,0.122,0.447,0,0.0435,23.888888889,30.555555556
1,0.65,0.136,0.431,0,0.131,23.888888889,30.555555556
1,0.65,0.146,0.417,0,0,23.888888889,30.555555556
1,0.65,0.161,0.409,0,0,23.888888889,30.555555556
1,0.65,0.174,0.411,0,0.0435,23.888888889,30.555555556
1,0.668,0.191,0.434,0,0.0435,23.888888889,25.555555556
1,0.708,0.229,0.505,0.333,0.218,23.888888889,25.555555556
1,0.755,0.282,0.645,0.2,0,23.888888889,25.555555556
1,0.783,0.368,0.823,0.267,0.131,23.888888889,25.555555556
1,0.781,0.508,0.928,0,0,22.222222222,25.555555556
1,0.756,0.656,0.878,0,0,21.388888889,21.388888889
1,0.707,0.69,0.714,0,0,21.388888889,21.388888889
1,0.641,0.487,0.542,0,0,21.388888889,21.388888889
1,0.565,0.016,0.0493,0,0,21.388888889,21.388888889
1,0.576,0.0242,0.0555,0,0,21.388888889,21.388888889
1,0.623,0.0582,0.0801,0,0,21.388888889,21.388888889
1,0.565,0.0183,0.0493,0,0,21.388888889,21.388888889
1,0.565,0.0183,0.0493,0,0,21.388888889,21.388888889
1,0.565,0.0183,0.0493,0,0,22.222222222,22.222222222
1,0.565,0.0183,0.0493,0,0,23.888888889,25.555555556
1,0.565,0.0183,0.0493,0,0,23.888888889,25.555555556
1,0.565,0.0183,0.0493,0,0,23.888888889,25.555555556
0.917,0.684,0.0649,0.246,0,0.0871,23.888888889,25.555555556
0,0.565,0.0183,0.0493,0,0,23.888888889,25.555555556
0,0.565,0.0183,0.0493,0,0,23.888888889,25.555555556
0.333,0.651,0.111,0.187,0.267,0.0871,23.888888889,25.555555556
1,0.822,0.321,0.447,0,0,23.888888889,25.555555556
1,0.822,0.348,0.434,0,0,23.888888889,25.555555556
1,0.822,0.409,0.431,0,0.0435,23.888888889,25.555555556
1,0.825,0.466,0.44,0,0,23.888888889,25.555555556
1,0.866,0.511,0.483,0,0.131,23.888888889,25.555555556
0.25,0.658,0.149,0.198,0,0,23.888888889,25.555555556
1,0.98,0.561,0.785,0,0.0871,23.888888889,25.555555556
1,0.997,0.668,0.959,0,0.131,22.222222222,25.555555556
0.417,0.737,0.367,0.439,0,0.174,21.388888889,21.388888889
0.0833,0.589,0.0941,0.0971,0,0.0818,21.388888889,21.388888889
1,0.855,0.9,0.616,0,0.169,21.388888889,21.388888889
1,0.765,0.539,0.495,0,0,21.388888889,21.388888889
1,0.565,0.0183,0.0493,0,0,21.388888889,21.388888889
1,0.565,0.0183,0.0493,0,0,21.388888889,21.388888889
1,0.565,0.0183,0.0493,0,0,21.388888889,21.388888889
1,0.565,0.0183,0.0493,0,0,21.388888889,21.388888889
1,0.565,0.0183,0.0493,0,0,22.222222222,22.222222222
1,0.565,0.0183,0.0493,0,0,23.888888889,25.555555556
1,0.565,0.0183,0.0493,0,0,23.888888889,25.555555556
1,0.565,0.0183,0.0493,0,0,23.888888889,25.555555556
1,0.565,0.0183,0.0493,0,0,23.888888889,25.555555556
1,0.565,0.0183,0.0493,0,0,23.888888889,25.555555556
1,0.565,0.0183,0.0493,0,0,23.888888889,25.555555556
1,0.586,0.0433,0.0825,0.0833,0,23.888888889,25.555555556
1,0.822,0.321,0.447,0.183,0,23.888888889,25.555555556
0.917,0.801,0.315,0.403,0,0.131,23.888888889,25.555555556
0.5,0.693,0.211,0.24,0,0.399,23.888888889,25.555555556
0,0.565,0.0183,0.0493,0,0,23.888888889,25.555555556
0,0.565,0.0183,0.0493,0,0,23.888888889,25.555555556
0.833,0.866,0.45,0.507,0.267,0,23.888888889,25.555555556
1,0.98,0.561,0.785,0,0.261,23.888888889,25.555555556
1,0.997,0.668,0.959,0,0.261,22.222222222,25.555555556
1,0.976,0.869,0.972,0,0,21.388888889,21.388888889
1,0.933,1,0.81,0,0.131,21.388888889,21.388888889
1,0.855,0.9,0.616,0,0,21.388888889,21.388888889
1,0.656,0.255,0.252,0,0,21.388888889,21.388888889
1,0.565,0.0181,0.0493,0,0,21.388888889,21.388888889
1,0.565,0.016,0.0493,0,0,21.388888889,21.388888889
1,0.565,0.016,0.0493,0,0,21.388888889,21.388888889
1,0.565,0.016,0.0493,0,0,21.388888889,21.388888889
1,0.565,0.016,0.0493,0,0,22.222222222,22.222222222
1,0.565,0.016,0.0493,0,0,23.888888889,25.555555556
1,0.565,0.016,0.0493,0,0,23.888888889,25.555555556
1,0.565,0.016,0.0493,0,0,23.888888889,30.555555556
1,0.565,0.016,0.0493,0,0,23.888888889,30.555555556
1,0.586,0.0272,0.0851,0,0,23.888888889,30.555555556
1,0.822,0.152,0.478,0,0,23.888888889,30.555555556
1,0.822,0.17,0.464,0.267,0.0871,23.888888889,30.555555556
1,0.822,0.188,0.447,0,0.0435,23.888888889,30.555555556
1,0.822,0.199,0.434,0,0,23.888888889,30.555555556
1,0.822,0.224,0.431,0,0.0435,23.888888889,30.555555556
1,0.825,0.238,0.44,0,0.131,23.888888889,25.555555556
1,0.866,0.27,0.483,0,0.0435,23.888888889,25.555555556
1,0.925,0.336,0.595,0,0.174,23.888888889,25.555555556
1,0.98,0.416,0.785,0.0833,0.0871,23.888888889,25.555555556
1,0.997,0.563,0.959,1,0.0871,22.222222222,25.555555556
1,0.976,0.778,0.972,0.6,0,21.388888889,21.388888889
1,0.933,0.938,0.81,0,0,21.388888889,21.388888889
1,0.855,0.863,0.616,0,0,21.388888889,21.388888889
1,0.656,0.234,0.252,0,0,21.388888889,21.388888889
1,0.565,0.016,0.0493,0,0,21.388888889,21.388888889
1,0.565,0.016,0.0493,0,0,21.388888889,21.388888889
1,0.565,0.016,0.0493,0,0,21.388888889,21.388888889
1,0.565,0.016,0.0493,0,0,21.388888889,21.388888889
1,0.565,0.016,0.0493,0,0,22.222222222,22.222222222
1,0.565,0.016,0.0493,0,0,23.888888889,25.555555556
1,0.565,0.016,0.0493,0,0,23.888888889,25.555555556
1,0.565,0.016,0.0493,0,0,23.888888889,30.555555556
0.417,0.565,0.016,0.0493,0,0,23.888888889,30.555555556
0.583,0.693,0.0715,0.259,0,0.131,23.888888889,30.555555556
1,0.565,0.016,0.0493,0,0,23.888888889,30.555555556
1,0.586,0.0302,0.0825,0,0,23.888888889,30.555555556
1,0.822,0.188,0.447,0,0.348,23.888888889,30.555555556
0.417,0.672,0.0915,0.21,0,0,23.888888889,30.555555556
0,0.565,0.016,0.0493,0,0,23.888888889,30.555555556
0,0.565,0.016,0.0493,0,0,23.888888889,25.555555556
0,0.565,0.016,0.0493,0,0,23.888888889,25.555555556
0,0.565,0.016,0.0493,0,0,23.888888889,25.555555556
0,0.565,0.016,0.0493,0,0,23.888888889,25.555555556
0,0.565,0.016,0.0493,0,0,22.222222222,25.555555556
0.333,0.699,0.28,0.348,0,0.0435,21.388888889,21.388888889
1,0.933,0.938,0.81,0,0.131,21.388888889,21.388888889
1,0.855,0.863,0.616,0,0.107,21.388888889,21.388888889
1,0.778,0.514,0.512,0,0.261,21.388888889,21.388888889
1,0.631,0.107,0.132,0,0,21.388888889,21.388888889
1,0.565,0.016,0.0493,0,0,21.388888889,21.388888889
1,0.565,0.016,0.0493,0,0,21.388888889,21.388888889
1,0.565,0.016,0.0493,0,0,21.388888889,21.388888889
1,0.565,0.016,0.0493,0,0,22.222222222,22.222222222
1,0.565,0.016,0.0493,0,0,23.888888889,25.555555556
1,0.565,0.016,0.0493,0,0,23.888888889,25.555555556
1,0.585,0.0233,0.0821,0,0,23.888888889,30.555555556
1,0.804,0.106,0.445,0,0,23.888888889,30.555555556
1,0.822,0.129,0.469,0,0.0871,23.888888889,30.555555556
1,0.822,0.152,0.478,0,0.218,23.888888889,30.555555556
1,0.822,0.17,0.464,0,0.0871,23.888888889,30.555555556
1,0.822,0.188,0.447,0,0.0435,23.888888889,30.555555556
1,0.822,0.199,0.434,0,0.0435,23.888888889,30.555555556
1,0.736,0.154,0.304,0,0.0435,23.888888889,30.555555556
1,0.565,0.016,0.0493,0,0,23.888888889,25.555555556
1,0.594,0.0421,0.0935,0,0,23.888888889,25.555555556
1,0.925,0.336,0.595,0,0.0435,23.888888889,25.555555556
1,0.98,0.416,0.785,0,0.0435,23.888888889,25.555555556
1,0.997,0.563,0.959,0,0.0435,22.222222222,25.555555556
1,0.976,0.778,0.972,0,0.0871,21.388888889,21.388888889
1,0.933,0.938,0.81,0,0,21.388888889,21.388888889
1,0.855,0.863,0.616,0,0,21.388888889,21.388888889
1,0.778,0.514,0.512,0,0,21.388888889,21.388888889
1,0.591,0.0522,0.0825,0,0,21.388888889,21.388888889
1,0.565,0.016,0.0493,0,0,21.388888889,21.388888889
1,0.565,0.016,0.0493,0,0,21.388888889,21.388888889
1,0.565,0.016,0.0493,0,0,21.388888889,21.388888889
1,0.565,0.016,0.0493,0,0,22.222222222,22.222222222
1,0.565,0.016,0.0493,0,0,23.888888889,25.555555556
1,0.565,0.016,0.0493,0,0,23.888888889,25.555555556
1,0.565,0.016,0.0493,0,0,23.888888889,30.555555556
1,0.586,0.0252,0.0842,0,0.0871,23.888888889,30.555555556
1,0.822,0.129,0.469,0,0.131,23.888888889,30.555555556
1,0.822,0.152,0.478,0,0,23.888888889,30.555555556
1,0.822,0.17,0.464,0,0,23.888888889,30.555555556
1,0.822,0.188,0.447,0,0,23.888888889,30.555555556
1,0.822,0.199,0.434,0,0.0435,23.888888889,30.555555556
1,0.822,0.224,0.431,0,0.131,23.888888889,30.555555556
1,0.825,0.238,0.44,0,0.131,23.888888889,25.555555556
1,0.866,0.27,0.483,0,0.218,23.888888889,25.555555556
1,0.925,0.336,0.595,0.267,0.131,23.888888889,25.555555556
1,0.98,0.416,0.785,0,0.174,23.888888889,25.555555556
1,0.997,0.563,0.959,0,0,22.222222222,25.555555556
1,0.976,0.778,0.972,0,0,21.388888889,21.388888889
1,0.933,0.938,0.81,0,0,21.388888889,21.388888889
1,0.837,0.819,0.575,0,0,21.388888889,21.388888889
1,0.565,0.016,0.0493,0,0,21.388888889,21.388888889
1,0.565,0.016,0.0493,0,0,21.388888889,21.388888889
1,0.565,0.016,0.0493,0,0,21.388888889,21.388888889
1,0.565,0.016,0.0493,0,0,21.388888889,21.388888889
1,0.565,0.016,0.0493,0,0,21.388888889,21.388888889
1,0.565,0.016,0.0493,0,0,22.222222222,22.222222222
1,0.565,0.016,0.0493,0,0,23.888888889,25.555555556
1,0.565,0.016,0.0493,0,0,23.888888889,25.555555556
1,0.565,0.016,0.0493,0,0,23.888888889,30.555555556
1,0.565,0.016,0.0493,0,0,23.888888889,30.555555556
1,0.565,0.016,0.0493,0,0,23.888888889,30.555555556
1,0.565,0.016,0.0493,0,0,23.888888889,30.555555556
1,0.586,0.0302,0.0825,0,0,23.888888889,30.555555556
1,0.822,0.188,0.447,0,0.0435,23.888888889,30.555555556
1,0.822,0.199,0.434,0,0.131,23.888888889,30.555555556
1,0.822,0.224,0.431,0,0.218,23.888888889,30.555555556
1,0.825,0.238,0.44,0,0.392,23.888888889,25.555555556
1,0.866,0.27,0.483,0,0,23.888888889,25.555555556
1,0.925,0.336,0.595,0,0,23.888888889,25.555555556
1,0.98,0.416,0.785,0,0.305,23.888888889,25.555555556
1,0.997,0.563,0.959,0,0,22.222222222,25.555555556
1,0.976,0.778,0.972,0,0,21.388888889,21.388888889
1,0.933,0.938,0.81,0,0,21.388888889,21.388888889
1,0.855,0.863,0.616,0,0,21.388888889,21.388888889
1,0.765,0.496,0.495,0,0,21.388888889,21.388888889
1,0.565,0.0162,0.0493,0,0,21.388888889,21.388888889
1,0.565,0.0183,0.0493,0,0,21.388888889,21.388888889
1,0.565,0.0183,0.0493,0,0,21.388888889,21.388888889
1,0.565,0.0183,0.0493,0,0,21.388888889,21.388888889
1,0.565,0.0183,0.0493,0,0,22.222222222,22.222222222
0.917,0.635,0.0234,0.0519,0,0.363,23.888888889,25.555555556
0,0.565,0.0183,0.0493,0,0,23.888888889,25.555555556
0,0.565,0.0183,0.0493,0,0,23.888888889,25.555555556
0,0.565,0.0183,0.0493,0,0,23.888888889,25.555555556
0,0.565,0.0183,0.0493,0,0,23.888888889,25.555555556
0,0.565,0.0183,0.0493,0,0,23.888888889,25.555555556
0,0.565,0.0183,0.0493,0,0,23.888888889,25.555555556
0,0.565,0.0183,0.0493,0,0,23.888888889,25.555555556
0,0.565,0.0183,0.0493,0,0,23.888888889,25.555555556
0,0.565,0.0183,0.0493,0,0,23.888888889,25.555555556
0,0.565,0.0183,0.0493,0,0,23.888888889,25.555555556
0.583,0.743,0.306,0.306,0,0.0871,23.888888889,25.555555556
1,0.925,0.536,0.595,0,0.261,23.888888889,25.555555556
1,0.98,0.561,0.785,0,0.0871,23.888888889,25.555555556
0.667,0.854,0.44,0.654,0,0.131,22.222222222,25.555555556
0.583,0.803,0.519,0.582,0,0,21.388888889,21.388888889
1,0.908,0.924,0.762,0,0,21.388888889,21.388888889
1,0.565,0.0183,0.0493,0,0,21.388888889,21.388888889
1,0.565,0.0183,0.0493,0,0,21.388888889,21.388888889
1,0.565,0.0183,0.0493,0,0,21.388888889,21.388888889
1,0.565,0.0183,0.0493,0,0,21.388888889,21.388888889
1,0.565,0.0183,0.0493,0,0,21.388888889,21.388888889
1,0.565,0.0183,0.0493,0,0,21.388888889,21.388888889
1,0.565,0.0183,0.0493,0,0,22.222222222,22.222222222
1,0.565,0.0183,0.0493,0,0,23.888888889,25.555555556
1,0.565,0.0183,0.0493,0,0,23.888888889,25.555555556
1,0.565,0.0183,0.0493,0,0,23.888888889,25.555555556
1,0.586,0.0321,0.0842,0,0.0941,23.888888889,25.555555556
1,0.822,0.189,0.469,0,0.441,23.888888889,25.555555556
0.667,0.736,0.169,0.336,0,0.274,23.888888889,25.555555556
0,0.565,0.0183,0.0493,0,0,23.888888889,25.555555556
0,0.565,0.0183,0.0493,0,0,23.888888889,25.555555556
0,0.565,0.0183,0.0493,0,0,23.888888889,25.555555556
0,0.565,0.0183,0.0493,0,0,23.888888889,25.555555556
0,0.565,0.0183,0.0493,0,0,23.888888889,25.555555556
0,0.565,0.0183,0.0493,0,0,23.888888889,25.555555556
0.583,0.777,0.321,0.374,0,0.174,23.888888889,25.555555556
1,0.98,0.561,0.785,0,0.0871,23.888888889,25.555555556
1,0.997,0.668,0.959,0,0.174,22.222222222,25.555555556
1,0.976,0.869,0.972,0,0.0435,21.388888889,21.388888889
1,0.933,1,0.81,0,0.131,21.388888889,21.388888889
1,0.837,0.853,0.575,0,0,21.388888889,21.388888889
1,0.565,0.0183,0.0493,0,0,21.388888889,21.388888889
1,0.565,0.0181,0.0493,0,0,21.388888889,21.388888889
1,0.565,0.016,0.0493,0,0,21.388888889,21.388888889
1,0.565,0.016,0.0493,0,0,21.388888889,21.388888889
1,0.565,0.016,0.0493,0,0,21.388888889,21.388888889
1,0.565,0.016,0.0493,0,0,22.222222222,22.222222222
1,0.565,0.016,0.0493,0,0,23.888888889,25.555555556
1,0.565,0.016,0.0493,0,0,23.888888889,25.555555556
1,0.565,0.016,0.0493,0,0,23.888888889,30.555555556
1,0.586,0.0252,0.0842,0,0,23.888888889,30.555555556
1,0.822,0.129,0.469,0,0.218,23.888888889,30.555555556
1,0.822,0.152,0.478,0,0.37,23.888888889,30.555555556
1,0.822,0.17,0.464,0,0.131,23.888888889,30.555555556
1,0.822,0.188,0.447,0,0,23.888888889,30.555555556
1,0.822,0.199,0.434,0,0.0435,23.888888889,30.555555556
1,0.822,0.224,0.431,0,0,23.888888889,30.555555556
1,0.825,0.238,0.44,0,0,23.888888889,25.555555556
1,0.866,0.27,0.483,0,0.218,23.888888889,25.555555556
1,0.925,0.336,0.595,0,0,23.888888889,25.555555556
1,0.98,0.416,0.785,0,0,23.888888889,25.555555556
1,0.997,0.563,0.959,0,0,22.222222222,25.555555556
1,0.976,0.778,0.972,0,0.0435,21.388888889,21.388888889
1,0.933,0.938,0.81,0,0,21.388888889,21.388888889
1,0.855,0.863,0.616,0,0.131,21.388888889,21.388888889
1,0.656,0.234,0.252,0,0,21.388888889,21.388888889
1,0.565,0.016,0.0493,0,0,21.388888889,21.388888889
1,0.565,0.016,0.0493,0,0,21.388888889,21.388888889
1,0.565,0.016,0.0493,0,0,21.388888889,21.388888889
1,0.565,0.016,0.0493,0,0,21.388888889,21.388888889
1,0.565,0.016,0.0493,0,0,22.222222222,22.222222222
1,0.565,0.016,0.0493,0,0,23.888888889,25.555555556
1,0.565,0.016,0.0493,0,0,23.888888889,25.555555556
1,0.565,0.016,0.0493,0,0,23.888888889,30.555555556
1,0.565,0.016,0.0493,0,0,23.888888889,30.555555556
0.917,0.565,0.016,0.0493,0,0,23.888888889,30.555555556
0,0.565,0.016,0.0493,0,0,23.888888889,30.555555556
0.833,0.779,0.145,0.395,0,0.0435,23.888888889,30.555555556
1,0.822,0.188,0.447,0,0.218,23.888888889,30.555555556
1,0.822,0.199,0.434,0,0.0435,23.888888889,30.555555556
1,0.822,0.224,0.431,0,0.131,23.888888889,30.555555556
0.917,0.801,0.218,0.404,0,0.0435,23.888888889,25.555555556
0.5,0.713,0.14,0.262,0,0.0435,23.888888889,25.555555556
0,0.565,0.016,0.0493,0,0,23.888888889,25.555555556
0.333,0.704,0.157,0.305,0.267,0.0435,23.888888889,25.555555556
1,0.997,0.563,0.959,0,0,22.222222222,25.555555556
1,0.976,0.778,0.972,0,0.0435,21.388888889,21.388888889
1,0.933,0.938,0.81,0.0833,0,21.388888889,21.388888889
1,0.837,0.819,0.575,0.467,0.101,21.388888889,21.388888889
1,0.565,0.016,0.0493,0,0,21.388888889,21.388888889
1,0.565,0.016,0.0493,0,0,21.388888889,21.388888889
1,0.565,0.016,0.0493,0,0,21.388888889,21.388888889
1,0.565,0.016,0.0493,0,0,21.388888889,21.388888889
1,0.565,0.016,0.0493,0,0,21.388888889,21.388888889
1,0.565,0.016,0.0493,0,0,22.222222222,22.222222222
1,0.565,0.016,0.0493,0,0,23.888888889,25.555555556
1,0.565,0.016,0.0493,0,0,23.888888889,25.555555556
1,0.585,0.0233,0.0821,0,0.0847,23.888888889,30.555555556
1,0.804,0.106,0.445,0,0.303,23.888888889,30.555555556
1,0.822,0.129,0.469,0,0,23.888888889,30.555555556
1,0.822,0.152,0.478,0,0,23.888888889,30.555555556
1,0.822,0.17,0.464,0,0,23.888888889,30.555555556
1,0.822,0.188,0.447,0,0,23.888888889,30.555555556
1,0.822,0.199,0.434,0.0833,0,23.888888889,30.555555556
1,0.822,0.224,0.431,0.183,0.0871,23.888888889,30.555555556
1,0.825,0.238,0.44,0,0,23.888888889,25.555555556
1,0.866,0.27,0.483,0,0.479,23.888888889,25.555555556
0.917,0.89,0.303,0.535,0,0.0871,23.888888889,25.555555556
0.0833,0.601,0.06,0.125,0,0,23.888888889,25.555555556
1,0.997,0.563,0.959,0.267,0,22.222222222,25.555555556
1,0.976,0.778,0.972,0,0,21.388888889,21.388888889
1,0.933,0.938,0.81,0,0.0871,21.388888889,21.388888889
1,0.837,0.819,0.575,0,0.131,21.388888889,21.388888889
1,0.565,0.016,0.0493,0,0,21.388888889,21.388888889
1,0.565,0.016,0.0493,0,0,21.388888889,21.388888889
1,0.565,0.016,0.0493,0,0,21.388888889,21.388888889
1,0.565,0.016,0.0493,0,0,21.388888889,21.388888889
1,0.565,0.016,0.0493,0,0,21.388888889,21.388888889
1,0.565,0.016,0.0493,0,0,22.222222222,22.222222222
1,0.565,0.016,0.0493,0,0,23.888888889,25.555555556
1,0.565,0.016,0.0493,0,0,23.888888889,25.555555556
1,0.565,0.016,0.0493,0,0,23.888888889,30.555555556
1,0.565,0.016,0.0493,0,0,23.888888889,30.555555556
1,0.565,0.016,0.0493,0,0,23.888888889,30.555555556
1,0.565,0.016,0.0493,0,0,23.888888889,30.555555556
1,0.565,0.016,0.0493,0,0,23.888888889,30.555555556
1,0.586,0.0311,0.0814,0,0.0871,23.888888889,30.555555556
1,0.822,0.199,0.434,0,0.305,23.888888889,30.555555556
1,0.822,0.224,0.431,0,0.0871,23.888888889,30.555555556
1,0.825,0.238,0.44,0,0.174,23.888888889,25.555555556
1,0.866,0.27,0.483,0,0.131,23.888888889,25.555555556
1,0.802,0.225,0.402,0,0,23.888888889,25.555555556
1,0.565,0.016,0.0493,0,0,23.888888889,25.555555556
1,0.599,0.0782,0.127,0,0.0435,22.222222222,25.555555556
1,0.976,0.778,0.972,0,0,21.388888889,21.388888889
1,0.933,0.938,0.81,0,0.0435,21.388888889,21.388888889
1,0.837,0.819,0.575,0,0,21.388888889,21.388888889
1,0.565,0.016,0.0493,0,0,21.388888889,21.388888889
1,0.565,0.016,0.0493,0,0,21.388888889,21.388888889
1,0.565,0.016,0.0493,0,0,21.388888889,21.388888889
1,0.565,0.016,0.0493,0,0,21.388888889,21.388888889
1,0.565,0.016,0.0493,0,0,21.388888889,21.388888889
1,0.565,0.016,0.0493,0,0,22.222222222,22.222222222
1,0.565,0.016,0.0493,0,0,23.888888889,25.555555556
1,0.565,0.016,0.0493,0,0,23.888888889,25.555555556
1,0.565,0.016,0.0493,0,0,23.888888889,30.555555556
1,0.565,0.016,0.0493,0,0,23.888888889,30.555555556
1,0.565,0.016,0.0493,0,0,23.888888889,30.555555556
1,0.565,0.016,0.0493,0,0,23.888888889,30.555555556
1,0.586,0.0302,0.0825,0,0.0435,23.888888889,30.555555556
1,0.822,0.188,0.447,0,0.348,23.888888889,30.555555556
1,0.822,0.199,0.434,0,0.305,23.888888889,30.555555556
0.667,0.736,0.154,0.304,0,0.0871,23.888888889,30.555555556
0,0.565,0.016,0.0493,0,0,23.888888889,25.555555556
0,0.565,0.016,0.0493,0,0,23.888888889,25.555555556
0,0.565,0.016,0.0493,0,0,23.888888889,25.555555556
0,0.565,0.016,0.0493,0,0,23.888888889,25.555555556
0,0.565,0.016,0.0493,0,0,22.222222222,25.555555556
0.0833,0.596,0.0931,0.114,0,0,21.388888889,21.388888889
1,0.933,0.938,0.81,0,0,21.388888889,21.388888889
1,0.855,0.863,0.616,0,0.174,21.388888889,21.388888889
1,0.778,0.514,0.512,0,0.0941,21.388888889,21.388888889
1,0.591,0.0524,0.0825,0,0.0752,21.388888889,21.388888889
1,0.565,0.0183,0.0493,0,0,21.388888889,21.388888889
1,0.565,0.0183,0.0493,0,0,21.388888889,21.388888889
1,0.565,0.0183,0.0493,0,0,21.388888889,21.388888889
1,0.565,0.0183,0.0493,0,0,22.222222222,22.222222222
1,0.576,0.0198,0.0576,0,0.178,23.888888889,25.555555556
1,0.708,0.0385,0.166,0,0.446,23.888888889,25.555555556
1,0.749,0.0664,0.358,0,0.189,23.888888889,25.555555556
1,0.804,0.118,0.445,0,0.465,23.888888889,25.555555556
1,0.822,0.189,0.469,0,0.456,23.888888889,25.555555556
1,0.822,0.248,0.478,0,0.169,23.888888889,25.555555556
1,0.822,0.293,0.464,0,0.142,23.888888889,25.555555556
0.917,0.801,0.294,0.415,0,0,23.888888889,25.555555556
0,0.565,0.0183,0.0493,0,0,23.888888889,25.555555556
0,0.565,0.0183,0.0493,0,0,23.888888889,25.555555556
0,0.565,0.0183,0.0493,0,0,23.888888889,25.555555556
0,0.565,0.0183,0.0493,0,0,23.888888889,25.555555556
0.833,0.866,0.45,0.507,0,0.0435,23.888888889,25.555555556
1,0.98,0.561,0.785,0,0.0871,23.888888889,25.555555556
1,0.997,0.668,0.959,0,0.0435,22.222222222,25.555555556
1,0.976,0.869,0.972,0.267,0.0871,21.388888889,21.388888889
1,0.933,1,0.81,0,0.131,21.388888889,21.388888889
1,0.837,0.853,0.575,0,0.0871,21.388888889,21.388888889
1,0.565,0.0183,0.0493,0,0,21.388888889,21.388888889
1,0.565,0.0183,0.0493,0,0,21.388888889,21.388888889
1,0.565,0.0183,0.0493,0,0,21.388888889,21.388888889
1,0.565,0.0183,0.0493,0,0,21.388888889,21.388888889
1,0.565,0.0183,0.0493,0,0,21.388888889,21.388888889
1,0.565,0.0183,0.0493,0,0,22.222222222,22.222222222
1,0.565,0.0183,0.0493,0,0,23.888888889,25.555555556
1,0.565,0.0183,0.0493,0,0,23.888888889,25.555555556
1,0.565,0.0183,0.0493,0,0,23.888888889,25.555555556
1,0.565,0.0183,0.0493,0,0,23.888888889,25.555555556
1,0.715,0.12,0.295,0,0.362,23.888888889,25.555555556
0.417,0.672,0.112,0.228,0,0.0871,23.888888889,25.555555556
0,0.565,0.0183,0.0493,0,0,23.888888889,25.555555556
0,0.565,0.0183,0.0493,0,0,23.888888889,25.555555556
0,0.565,0.0183,0.0493,0,0,23.888888889,25.555555556
0,0.565,0.0183,0.0493,0,0,23.888888889,25.555555556
0,0.565,0.0183,0.0493,0,0,23.888888889,25.555555556
0,0.565,0.0183,0.0493,0,0,23.888888889,25.555555556
0.333,0.565,0.0183,0.0493,0,0,23.888888889,25.555555556
1,0.565,0.0183,0.0493,0,0,23.888888889,25.555555556
1,0.565,0.0183,0.0493,0,0,22.222222222,25.555555556
1,0.565,0.0183,0.0493,0,0,21.388888889,21.388888889
1,0.565,0.0183,0.0493,0,0,21.388888889,21.388888889
1,0.565,0.0183,0.0493,0,0,21.388888889,21.388888889
1,0.565,0.0183,0.0493,0,0,21.388888889,21.388888889
1,0.565,0.0181,0.0493,0,0,21.388888889,21.388888889
1,0.565,0.016,0.0493,0,0,21.388888889,21.388888889
1,0.565,0.016,0.0493,0,0,21.388888889,21.388888889
1,0.565,0.016,0.0493,0,0,21.388888889,21.388888889
1,0.565,0.016,0.0493,0,0,22.222222222,22.222222222
1,0.565,0.016,0.0493,0,0,23.888888889,25.555555556
1,0.565,0.016,0.0493,0,0,23.888888889,25.555555556
1,0.565,0.016,0.0493,0,0,23.888888889,30.555555556
1,0.705,0.0691,0.281,0,0.147,23.888888889,30.555555556
1,0.822,0.129,0.469,0,0.172,23.888888889,30.555555556
1,0.822,0.152,0.478,0,0.153,23.888888889,30.555555556
1,0.822,0.17,0.464,0,0.0871,23.888888889,30.555555556
1,0.822,0.188,0.447,0,0.0871,23.888888889,30.555555556
1,0.822,0.199,0.434,0.267,0.0435,23.888888889,30.555555556
1,0.822,0.224,0.431,0,0.0871,23.888888889,30.555555556
1,0.825,0.238,0.44,0,0,23.888888889,25.555555556
1,0.866,0.27,0.483,0,0,23.888888889,25.555555556
1,0.925,0.336,0.595,0,0.0435,23.888888889,25.555555556
1,0.98,0.416,0.785,0,0.0435,23.888888889,25.555555556
1,0.997,0.563,0.959,0,0,22.222222222,25.555555556
1,0.976,0.778,0.972,0,0,21.388888889,21.388888889
1,0.933,0.938,0.81,0,0,21.388888889,21.388888889
1,0.855,0.863,0.616,0,0,21.388888889,21.388888889
1,0.656,0.234,0.252,0,0,21.388888889,21.388888889
1,0.565,0.016,0.0493,0,0,21.388888889,21.388888889
1,0.565,0.016,0.0493,0,0,21.388888889,21.388888889
1,0.565,0.016,0.0493,0,0,21.388888889,21.388888889
1,0.565,0.016,0.0493,0,0,21.388888889,21.388888889
1,0.565,0.016,0.0493,0,0,22.222222222,22.222222222
1,0.565,0.016,0.0493,0,0,23.888888889,25.555555556
1,0.565,0.016,0.0493,0,0,23.888888889,25.555555556
1,0.674,0.0529,0.232,0,0.261,23.888888889,30.555555556
0.75,0.745,0.0838,0.347,0,0.219,23.888888889,30.555555556
1,0.822,0.129,0.469,0,0.298,23.888888889,30.555555556
1,0.822,0.152,0.478,0,0.364,23.888888889,30.555555556
1,0.822,0.17,0.464,0,0.311,23.888888889,30.555555556
1,0.822,0.188,0.447,0,0.327,23.888888889,30.555555556
1,0.822,0.199,0.434,0,0.32,23.888888889,30.555555556
1,0.822,0.224,0.431,0,0.198,23.888888889,30.555555556
0.417,0.672,0.108,0.211,0,0.367,23.888888889,25.555555556
0,0.565,0.016,0.0493,0,0,23.888888889,25.555555556
0,0.565,0.016,0.0493,0,0,23.888888889,25.555555556
0,0.565,0.016,0.0493,0,0,23.888888889,25.555555556
0,0.565,0.016,0.0493,0,0,22.222222222,25.555555556
0,0.565,0.016,0.0493,0,0,21.388888889,21.388888889
0.833,0.658,0.247,0.244,0,0.23,21.388888889,21.388888889
1,0.565,0.016,0.0493,0,0,21.388888889,21.388888889
1,0.565,0.016,0.0493,0,0,21.388888889,21.388888889
1,0.565,0.016,0.0493,0,0,21.388888889,21.388888889
1,0.565,0.016,0.0493,0,0,21.388888889,21.388888889
1,0.565,0.016,0.0493,0,0,21.388888889,21.388888889
1,0.565,0.016,0.0493,0,0,21.388888889,21.388888889
1,0.565,0.016,0.0493,0,0,22.222222222,22.222222222
1,0.565,0.016,0.0493,0,0,23.888888889,25.555555556
1,0.565,0.016,0.0493,0,0,23.888888889,25.555555556
1,0.654,0.0456,0.2,0,0.0435,23.888888889,30.555555556
1,0.565,0.016,0.0493,0,0,23.888888889,30.555555556
1,0.586,0.0272,0.0851,0,0,23.888888889,30.555555556
1,0.822,0.152,0.478,0,0.0871,23.888888889,30.555555556
1,0.822,0.17,0.464,0,0.131,23.888888889,30.555555556
1,0.822,0.188,0.447,0.0833,0.0435,23.888888889,30.555555556
1,0.822,0.199,0.434,0.183,0.0435,23.888888889,30.555555556
1,0.822,0.224,0.431,0,0.131,23.888888889,30.555555556
1,0.825,0.238,0.44,0,0.218,23.888888889,25.555555556
1,0.688,0.12,0.226,0,0.174,23.888888889,25.555555556
1,0.565,0.016,0.0493,0,0,23.888888889,25.555555556
1,0.565,0.016,0.0493,0,0,23.888888889,25.555555556
1,0.565,0.016,0.0493,0,0,22.222222222,25.555555556
1,0.565,0.016,0.0493,0,0,21.388888889,21.388888889
1,0.565,0.016,0.0493,0,0,21.388888889,21.388888889
1,0.565,0.016,0.0493,0,0,21.388888889,21.388888889
1,0.565,0.016,0.0493,0,0,21.388888889,21.388888889
1,0.565,0.016,0.0493,0,0,21.388888889,21.388888889
1,0.565,0.016,0.0493,0,0,21.388888889,21.388888889
1,0.565,0.016,0.0493,0,0,21.388888889,21.388888889
1,0.565,0.016,0.0493,0,0,21.388888889,21.388888889
1,0.565,0.016,0.0493,0,0,22.222222222,22.222222222
1,0.565,0.016,0.0493,0,0,23.888888889,25.555555556
1,0.565,0.016,0.0493,0,0,23.888888889,25.555555556
1,0.565,0.016,0.0493,0,0,23.888888889,30.555555556
1,0.705,0.0691,0.281,0,0.0871,23.888888889,30.555555556
1,0.822,0.129,0.469,0,0.305,23.888888889,30.555555556
1,0.822,0.152,0.478,0,0,23.888888889,30.555555556
1,0.822,0.17,0.464,0,0,23.888888889,30.555555556
1,0.822,0.188,0.447,0,0.609,23.888888889,30.555555556
1,0.822,0.199,0.434,0,0.131,23.888888889,30.555555556
1,0.822,0.224,0.431,0,0.174,23.888888889,30.555555556
1,0.825,0.238,0.44,0,0,23.888888889,25.555555556
1,0.866,0.27,0.483,0,0,23.888888889,25.555555556
1,0.925,0.336,0.595,0,0.0435,23.888888889,25.555555556
1,0.98,0.416,0.785,0,0.131,23.888888889,25.555555556
1,0.997,0.563,0.959,0,0.0435,22.222222222,25.555555556
1,0.976,0.778,0.972,0,0,21.388888889,21.388888889
1,0.933,0.938,0.81,0,0.0871,21.388888889,21.388888889
1,0.855,0.863,0.616,0,0,21.388888889,21.388888889
1,0.778,0.514,0.512,0,0.0435,21.388888889,21.388888889
1,0.711,0.215,0.232,0,0,21.388888889,21.388888889
1,0.565,0.016,0.0493,0,0,21.388888889,21.388888889
1,0.565,0.016,0.0493,0,0,21.388888889,21.388888889
1,0.565,0.016,0.0493,0,0,21.388888889,21.388888889
1,0.565,0.016,0.0493,0,0,22.222222222,22.222222222
1,0.565,0.016,0.0493,0,0,23.888888889,25.555555556
1,0.565,0.016,0.0493,0,0,23.888888889,25.555555556
1,0.565,0.016,0.0493,0,0,23.888888889,30.555555556
1,0.565,0.016,0.0493,0,0,23.888888889,30.555555556
1,0.715,0.0827,0.295,0,0,23.888888889,30.555555556
1,0.822,0.152,0.478,0,0.131,23.888888889,30.555555556
1,0.822,0.17,0.464,0,0,23.888888889,30.555555556
1,0.822,0.188,0.447,0,0.131,23.888888889,30.555555556
1,0.822,0.199,0.434,0,0,23.888888889,30.555555556
1,0.822,0.224,0.431,0,0.218,23.888888889,30.555555556
1,0.825,0.238,0.44,0,0,23.888888889,25.555555556
1,0.866,0.27,0.483,0,0.0435,23.888888889,25.555555556
1,0.925,0.336,0.595,0,0.0435,23.888888889,25.555555556
1,0.98,0.416,0.785,0,0,23.888888889,25.555555556
1,0.997,0.563,0.959,0,0,22.222222222,25.555555556
1,0.976,0.778,0.972,0,0.174,21.388888889,21.388888889
1,0.933,0.938,0.81,0,0,21.388888889,21.388888889
1,0.855,0.863,0.616,0,0,21.388888889,21.388888889
1,0.778,0.514,0.512,0,0,21.388888889,21.388888889
1,0.631,0.107,0.132,0,0,21.388888889,21.388888889
1,0.565,0.0183,0.0493,0,0,21.388888889,21.388888889
1,0.565,0.0183,0.0493,0,0,21.388888889,21.388888889
1,0.565,0.0183,0.0493,0,0,21.388888889,21.388888889
1,0.565,0.0183,0.0493,0,0,22.222222222,22.222222222
1,0.565,0.0183,0.0493,0,0,23.888888889,25.555555556
1,0.65,0.031,0.124,0,0.288,23.888888889,25.555555556
1,0.749,0.0664,0.358,0.0833,0.174,23.888888889,25.555555556
1,0.804,0.118,0.445,0.183,0,23.888888889,25.555555556
1,0.822,0.189,0.469,0,0.16,23.888888889,25.555555556
0.417,0.672,0.112,0.228,0,0.186,23.888888889,25.555555556
0.583,0.715,0.179,0.291,0,0.174,23.888888889,25.555555556
0.167,0.608,0.0684,0.116,0,0,23.888888889,25.555555556
0,0.565,0.0183,0.0493,0,0,23.888888889,25.555555556
0.333,0.651,0.152,0.177,0.267,0.0435,23.888888889,25.555555556
1,0.825,0.466,0.44,0,0.0435,23.888888889,25.555555556
1,0.866,0.511,0.483,0,0.131,23.888888889,25.555555556
1,0.925,0.536,0.595,0,0,23.888888889,25.555555556
1,0.98,0.561,0.785,0,0,23.888888889,25.555555556
1,0.997,0.668,0.959,0,0.131,22.222222222,25.555555556
1,0.976,0.869,0.972,0,0,21.388888889,21.388888889
1,0.933,1,0.81,0,0.332,21.388888889,21.388888889
1,0.855,0.9,0.616,0,0.151,21.388888889,21.388888889
1,0.778,0.56,0.512,0,0,21.388888889,21.388888889
1,0.631,0.122,0.132,0,0,21.388888889,21.388888889
1,0.565,0.0183,0.0493,0,0,21.388888889,21.388888889
1,0.565,0.0183,0.0493,0,0,21.388888889,21.388888889
1,0.565,0.0183,0.0493,0,0,21.388888889,21.388888889
1,0.565,0.0183,0.0493,0,0,22.222222222,22.222222222
1,0.565,0.0183,0.0493,0,0,23.888888889,25.555555556
1,0.565,0.0183,0.0493,0,0,23.888888889,25.555555556
1,0.585,0.026,0.0821,0,0.0948,23.888888889,25.555555556
0.917,0.783,0.104,0.41,0,0.212,23.888888889,25.555555556
0,0.565,0.0183,0.0493,0,0,23.888888889,25.555555556
0,0.565,0.0183,0.0493,0,0,23.888888889,25.555555556
0,0.565,0.0183,0.0493,0,0,23.888888889,25.555555556
0.833,0.779,0.271,0.38,0.833,0.131,23.888888889,25.555555556
1,0.822,0.348,0.434,0,0.131,23.888888889,25.555555556
1,0.822,0.409,0.431,0,0.0435,23.888888889,25.555555556
1,0.825,0.466,0.44,0,0.131,23.888888889,25.555555556
1,0.866,0.511,0.483,0,0.0871,23.888888889,25.555555556
1,0.925,0.536,0.595,0,0.174,23.888888889,25.555555556
1,0.98,0.561,0.785,0,0.0871,23.888888889,25.555555556
1,0.997,0.668,0.959,0,0.0435,22.222222222,25.555555556
1,0.976,0.869,0.972,0,0.0435,21.388888889,21.388888889
1,0.933,1,0.81,0,0,21.388888889,21.388888889
1,0.688,0.398,0.288,0,0,21.388888889,21.388888889
1,0.565,0.0183,0.0493,0,0,21.388888889,21.388888889
1,0.565,0.0181,0.0493,0,0,21.388888889,21.388888889
1,0.565,0.016,0.0493,0,0,21.388888889,21.388888889
1,0.565,0.016,0.0493,0,0,21.388888889,21.388888889
1,0.565,0.016,0.0493,0,0,21.388888889,21.388888889
1,0.565,0.016,0.0493,0,0,22.222222222,22.222222222
1,0.565,0.016,0.0493,0,0,23.888888889,25.555555556
1,0.565,0.016,0.0493,0,0,23.888888889,25.555555556
1,0.565,0.016,0.0493,0,0,23.888888889,30.555555556
1,0.705,0.0691,0.281,0.267,0.13,23.888888889,30.555555556
1,0.822,0.129,0.469,0,0.0871,23.888888889,30.555555556
0.917,0.801,0.139,0.443,0,0.0871,23.888888889,30.555555556
0,0.565,0.016,0.0493,0,0,23.888888889,30.555555556
0,0.565,0.016,0.0493,0,0,23.888888889,30.555555556
0,0.565,0.016,0.0493,0,0,23.888888889,30.555555556
0,0.565,0.016,0.0493,0,0,23.888888889,30.555555556
0.333,0.654,0.0917,0.182,0,0,23.888888889,25.555555556
1,0.866,0.27,0.483,0,0.372,23.888888889,25.555555556
1,0.925,0.336,0.595,0,0.397,23.888888889,25.555555556
0.917,0.944,0.372,0.71,0,0.166,23.888888889,25.555555556
0.0833,0.599,0.0782,0.127,0,0.0435,22.222222222,25.555555556
1,0.976,0.778,0.972,0,0,21.388888889,21.388888889
1,0.908,0.864,0.762,0,0.0435,21.388888889,21.388888889
1,0.565,0.016,0.0493,0,0,21.388888889,21.388888889
1,0.565,0.016,0.0493,0,0,21.388888889,21.388888889
1,0.565,0.016,0.0493,0,0,21.388888889,21.388888889
1,0.565,0.016,0.0493,0,0,21.388888889,21.388888889
1,0.565,0.016,0.0493,0,0,21.388888889,21.388888889
1,0.565,0.016,0.0493,0,0,21.388888889,21.388888889
1,0.635,0.0171,0.0493,0,0.251,22.222222222,22.222222222
1,0.565,0.016,0.0493,0,0,23.888888889,25.555555556
1,0.565,0.016,0.0493,0,0,23.888888889,25.555555556
1,0.565,0.016,0.0493,0,0,23.888888889,30.555555556
1,0.565,0.016,0.0493,0,0,23.888888889,30.555555556
1,0.715,0.0827,0.295,0.267,0,23.888888889,30.555555556
1,0.822,0.152,0.478,0,0.0871,23.888888889,30.555555556
1,0.822,0.17,0.464,0,0.131,23.888888889,30.555555556
1,0.822,0.188,0.447,0,0.0871,23.888888889,30.555555556
1,0.822,0.199,0.434,0,0.0435,23.888888889,30.555555556
0.917,0.801,0.206,0.399,0,0,23.888888889,30.555555556
0,0.565,0.016,0.0493,0,0,23.888888889,25.555555556
0.583,0.743,0.166,0.306,0,0,23.888888889,25.555555556
1,0.925,0.336,0.595,0,0.249,23.888888889,25.555555556
0.917,0.944,0.372,0.71,0,0.215,23.888888889,25.555555556
0,0.565,0.016,0.0493,0,0,22.222222222,25.555555556
0.0833,0.596,0.0931,0.114,0,0,21.388888889,21.388888889
1,0.933,0.938,0.81,0,0,21.388888889,21.388888889
1,0.855,0.863,0.616,0,0,21.388888889,21.388888889
1,0.765,0.496,0.495,0,0.084,21.388888889,21.388888889
1,0.565,0.016,0.0493,0,0,21.388888889,21.388888889
1,0.565,0.016,0.0493,0,0,21.388888889,21.388888889
1,0.565,0.016,0.0493,0,0,21.388888889,21.388888889
1,0.565,0.016,0.0493,0,0,21.388888889,21.388888889
1,0.565,0.016,0.0493,0,0,22.222222222,22.222222222
1,0.565,0.016,0.0493,0,0,23.888888889,25.555555556
1,0.565,0.016,0.0493,0,0,23.888888889,25.555555556
1,0.565,0.016,0.0493,0,0,23.888888889,30.555555556
1,0.586,0.0252,0.0842,0,0,23.888888889,30.555555556
1,0.822,0.129,0.469,0,0.0871,23.888888889,30.555555556
1,0.822,0.152,0.478,0,0,23.888888889,30.555555556
1,0.822,0.17,0.464,0.0833,0,23.888888889,30.555555556
1,0.822,0.188,0.447,0.183,0.0435,23.888888889,30.555555556
0.5,0.693,0.109,0.242,0,0.0435,23.888888889,30.555555556
1,0.822,0.224,0.431,0,0.0435,23.888888889,30.555555556
1,0.825,0.238,0.44,0,0.0871,23.888888889,25.555555556
1,0.866,0.27,0.483,0,0.174,23.888888889,25.555555556
1,0.925,0.336,0.595,0,0.0435,23.888888889,25.555555556
1,0.98,0.416,0.785,0,0.0435,23.888888889,25.555555556
1,0.997,0.563,0.959,0.0833,0,22.222222222,25.555555556
1,0.976,0.778,0.972,0.183,0,21.388888889,21.388888889
1,0.933,0.938,0.81,0,0,21.388888889,21.388888889
1,0.855,0.863,0.616,0,0,21.388888889,21.388888889
1,0.778,0.514,0.512,0,0,21.388888889,21.388888889
1,0.631,0.107,0.132,0,0,21.388888889,21.388888889
1,0.565,0.016,0.0493,0,0,21.388888889,21.388888889
1,0.565,0.016,0.0493,0,0,21.388888889,21.388888889
1,0.565,0.016,0.0493,0,0,21.388888889,21.388888889
1,0.565,0.016,0.0493,0,0,22.222222222,22.222222222
1,0.565,0.016,0.0493,0,0,23.888888889,25.555555556
1,0.565,0.016,0.0493,0,0,23.888888889,25.555555556
1,0.565,0.016,0.0493,0,0,23.888888889,30.555555556
1,0.565,0.016,0.0493,0,0,23.888888889,30.555555556
1,0.565,0.016,0.0493,0,0,23.888888889,30.555555556
1,0.565,0.016,0.0493,0,0,23.888888889,30.555555556
1,0.565,0.016,0.0493,0,0,23.888888889,30.555555556
1,0.586,0.0311,0.0814,0,0,23.888888889,30.555555556
1,0.822,0.199,0.434,0,0,23.888888889,30.555555556
1,0.822,0.224,0.431,0,0.0871,23.888888889,30.555555556
1,0.825,0.238,0.44,0,0.0435,23.888888889,25.555555556
1,0.866,0.27,0.483,0,0.305,23.888888889,25.555555556
1,0.925,0.336,0.595,0,0.305,23.888888889,25.555555556
1,0.98,0.416,0.785,0,0,23.888888889,25.555555556
1,0.962,0.501,0.881,0,0.0435,22.222222222,25.555555556
1,0.565,0.016,0.0493,0,0,21.388888889,21.388888889
1,0.565,0.016,0.0493,0,0,21.388888889,21.388888889
1,0.565,0.016,0.0493,0,0,21.388888889,21.388888889
1,0.578,0.0341,0.0659,0,0.0904,21.388888889,21.388888889
1,0.711,0.215,0.232,0,0.28,21.388888889,21.388888889
1,0.565,0.016,0.0493,0,0,21.388888889,21.388888889
1,0.565,0.016,0.0493,0,0,21.388888889,21.388888889
1,0.565,0.016,0.0493,0,0,21.388888889,21.388888889
1,0.565,0.016,0.0493,0,0,22.222222222,22.222222222
1,0.565,0.016,0.0493,0,0,23.888888889,25.555555556
1,0.565,0.016,0.0493,0,0,23.888888889,25.555555556
1,0.565,0.016,0.0493,0,0,23.888888889,30.555555556
1,0.565,0.016,0.0493,0,0,23.888888889,30.555555556
1,0.715,0.0827,0.295,0.267,0,23.888888889,30.555555556
1,0.822,0.152,0.478,0,0.0435,23.888888889,30.555555556
1,0.822,0.17,0.464,0,0,23.888888889,30.555555556
1,0.822,0.188,0.447,0,0,23.888888889,30.555555556
1,0.822,0.199,0.434,0,0,23.888888889,30.555555556
1,0.822,0.224,0.431,0,0.0871,23.888888889,30.555555556
1,0.825,0.238,0.44,0,0.131,23.888888889,25.555555556
1,0.866,0.27,0.483,0,0,23.888888889,25.555555556
1,0.925,0.336,0.595,0,0.0871,23.888888889,25.555555556
1,0.98,0.416,0.785,0,0.0435,23.888888889,25.555555556
1,0.997,0.563,0.959,0,0.305,22.222222222,25.555555556
1,0.872,0.591,0.738,0,0,21.388888889,21.388888889
1,0.933,0.938,0.81,0,0.145,21.388888889,21.388888889
1,0.688,0.381,0.288,0,0,21.388888889,21.388888889
1,0.565,0.016,0.0493,0,0,21.388888889,21.388888889
1,0.565,0.0162,0.0493,0,0,21.388888889,21.388888889
1,0.565,0.0183,0.0493,0,0,21.388888889,21.388888889
1,0.565,0.0183,0.0493,0,0,21.388888889,21.388888889
1,0.565,0.0183,0.0493,0,0,21.388888889,21.388888889
1,0.565,0.0183,0.0493,0,0,22.222222222,22.222222222
1,0.565,0.0183,0.0493,0,0,23.888888889,25.555555556
1,0.565,0.0183,0.0493,0,0,23.888888889,25.555555556
1,0.565,0.0183,0.0493,0,0,23.888888889,25.555555556
1,0.586,0.0321,0.0842,0.0833,0.0435,23.888888889,25.555555556
1,0.822,0.189,0.469,1,0,23.888888889,25.555555556
0.417,0.672,0.112,0.228,0.317,0.231,23.888888889,25.555555556
0,0.565,0.0183,0.0493,0,0,23.888888889,25.555555556
0,0.565,0.0183,0.0493,0,0,23.888888889,25.555555556
0,0.565,0.0183,0.0493,0,0,23.888888889,25.555555556
0.833,0.779,0.345,0.368,0,0.261,23.888888889,25.555555556
1,0.825,0.466,0.44,0,0.0871,23.888888889,25.555555556
1,0.866,0.511,0.483,0,0.0871,23.888888889,25.555555556
1,0.925,0.536,0.595,0,0.131,23.888888889,25.555555556
1,0.98,0.561,0.785,0,0.0871,23.888888889,25.555555556
1,0.997,0.668,0.959,0,0.261,22.222222222,25.555555556
1,0.976,0.869,0.972,0,0,21.388888889,21.388888889
1,0.933,1,0.81,0.0833,0,21.388888889,21.388888889
1,0.688,0.398,0.288,1,0,21.388888889,21.388888889
1,0.565,0.0183,0.0493,0.0333,0,21.388888889,21.388888889
1,0.565,0.0183,0.0493,0,0,21.388888889,21.388888889
1,0.565,0.0183,0.0493,0,0,21.388888889,21.388888889
1,0.565,0.0183,0.0493,0,0,21.388888889,21.388888889
1,0.565,0.0183,0.0493,0,0,21.388888889,21.388888889
1,0.565,0.0183,0.0493,0,0,22.222222222,22.222222222
1,0.565,0.0183,0.0493,0,0,23.888888889,25.555555556
1,0.565,0.0183,0.0493,0,0,23.888888889,25.555555556
1,0.565,0.0183,0.0493,0,0,23.888888889,25.555555556
1,0.565,0.0183,0.0493,0,0,23.888888889,25.555555556
1,0.586,0.0371,0.0851,0,0.0941,23.888888889,25.555555556
1,0.822,0.248,0.478,0,0.262,23.888888889,25.555555556
1,0.822,0.293,0.464,0,0.366,23.888888889,25.555555556
1,0.822,0.321,0.447,0,0.347,23.888888889,25.555555556
0.667,0.736,0.234,0.306,0,0,23.888888889,25.555555556
0,0.565,0.0183,0.0493,0,0,23.888888889,25.555555556
0,0.565,0.0183,0.0493,0,0,23.888888889,25.555555556
0.333,0.668,0.184,0.2,0,0,23.888888889,25.555555556
1,0.925,0.536,0.595,0,0.0435,23.888888889,25.555555556
1,0.98,0.561,0.785,0,0.174,23.888888889,25.555555556
1,0.997,0.668,0.959,0,0.218,22.222222222,25.555555556
1,0.976,0.869,0.972,0,0.0435,21.388888889,21.388888889
1,0.933,1,0.81,0,0,21.388888889,21.388888889
1,0.837,0.853,0.575,0,0,21.388888889,21.388888889
1,0.565,0.0183,0.0493,0,0,21.388888889,21.388888889
1,0.565,0.0181,0.0493,0,0,21.388888889,21.388888889
1,0.565,0.016,0.0493,0,0,21.388888889,21.388888889
1,0.565,0.016,0.0493,0,0,21.388888889,21.388888889
1,0.565,0.016,0.0493,0,0,21.388888889,21.388888889
1,0.565,0.016,0.0493,0,0,22.222222222,22.222222222
1,0.576,0.0185,0.0576,0,0.0925,23.888888889,25.555555556
1,0.708,0.0491,0.166,0,0.228,23.888888889,25.555555556
1,0.749,0.0776,0.358,0,0.132,23.888888889,30.555555556
0.667,0.723,0.0745,0.312,0,0.233,23.888888889,30.555555556
0,0.565,0.016,0.0493,0,0,23.888888889,30.555555556
0,0.565,0.016,0.0493,0,0,23.888888889,30.555555556
0,0.565,0.016,0.0493,0,0,23.888888889,30.555555556
0.0833,0.586,0.0311,0.0814,0,0,23.888888889,30.555555556
1,0.822,0.199,0.434,0,0.0435,23.888888889,30.555555556
1,0.822,0.224,0.431,0,0.0871,23.888888889,30.555555556
1,0.825,0.238,0.44,0,0.0435,23.888888889,25.555555556
1,0.866,0.27,0.483,0,0.131,23.888888889,25.555555556
1,0.925,0.336,0.595,0,0.233,23.888888889,25.555555556
1,0.98,0.416,0.785,0,0.156,23.888888889,25.555555556
1,0.997,0.563,0.959,0,0,22.222222222,25.555555556
1,0.976,0.778,0.972,0,0.0871,21.388888889,21.388888889
1,0.933,0.938,0.81,0,0,21.388888889,21.388888889
1,0.855,0.863,0.616,0,0,21.388888889,21.388888889
1,0.656,0.234,0.252,0,0,21.388888889,21.388888889
1,0.565,0.016,0.0493,0,0,21.388888889,21.388888889
