occupants,plug_loads_other,plug_loads_tv,lighting_interior,hot_water_clothes_washer,clothes_washer,clothes_dryer,cooking_range,hot_water_fixtures,heating_setpoint,cooling_setpoint
1,0.565,0.0166,0.0505,0,0,0,0,0,17.777777778,26.111111111
1,0.565,0.0166,0.0505,0,0,0,0,0,17.777777778,26.111111111
1,0.565,0.0166,0.0505,0,0,0,0,0,21.111111111,26.111111111
1,0.565,0.0166,0.0505,0,0,0,0,0,21.111111111,21.111111111
1,0.573,0.0173,0.0508,0,0,0,0,0.177,21.111111111,21.111111111
1,0.612,0.0251,0.0742,0,0,0,0,0.321,21.111111111,26.111111111
1,0.7,0.0611,0.27,0,0,0,0.667,0.742,21.111111111,26.111111111
0.778,0.731,0.0776,0.335,0,0,0,0.1,0,21.111111111,26.111111111
0.667,0.733,0.0881,0.335,0,0,0,0,0.14,21.111111111,26.111111111
0.667,0.737,0.104,0.347,0,0,0,0,0.36,21.111111111,26.111111111
0.611,0.723,0.109,0.32,0,0,0,0,0.16,21.111111111,26.111111111
0.333,0.608,0.044,0.122,0,0,0,0,0.337,21.111111111,26.111111111
0.333,0.651,0.078,0.187,0,0,0,0,0.0836,21.111111111,26.111111111
0.333,0.651,0.0852,0.184,0,0,0,0,0.209,21.111111111,21.111111111
0.333,0.594,0.0405,0.0949,0,0,0,0,0,21.111111111,21.111111111
0.333,0.653,0.0929,0.178,0,0,0,0,0.209,21.111111111,21.111111111
0.333,0.677,0.118,0.207,0,0,0,0,0.125,21.111111111,21.111111111
0.25,0.662,0.109,0.196,0,0,0,0,0.0418,17.777777778,21.111111111
0.528,0.792,0.29,0.484,0,0,0,0.417,0.25,17.777777778,26.111111111
0.694,0.858,0.498,0.704,0,0,0,1,0.0553,17.777777778,26.111111111
0.667,0.824,0.616,0.666,0,0,0,0.133,0.0418,17.777777778,26.111111111
0.806,0.822,0.761,0.648,0,0,0,0,0.257,17.777777778,26.111111111
1,0.713,0.44,0.407,0.555,0.917,0,0,0,17.777777778,26.111111111
1,0.625,0.127,0.16,0.379,0.533,0.467,0,0,17.777777778,26.111111111
1,0.606,0.0555,0.0858,0,0,1,0,0,17.777777778,26.111111111
1,0.565,0.0166,0.0505,0,0,1,0,0,17.777777778,26.111111111
1,0.565,0.0166,0.0505,0,0,0.25,0,0,21.111111111,26.111111111
1,0.565,0.0166,0.0505,0,0,0,0,0,21.111111111,21.111111111
1,0.573,0.0173,0.0508,0,0,0,0,0.195,21.111111111,21.111111111
1,0.612,0.0251,0.0742,0,0,0,0,0.306,21.111111111,26.111111111
0.944,0.621,0.0338,0.131,0,0,0,0,0.225,21.111111111,26.111111111
0.667,0.638,0.0436,0.176,0,0,0,0,0.419,21.111111111,26.111111111
0.667,0.649,0.0523,0.193,0,0,0,0,0.138,21.111111111,26.111111111
0.667,0.665,0.0682,0.224,0,0,0,0,0.273,21.111111111,26.111111111
0.667,0.737,0.118,0.344,0,0,0,0.417,0.212,21.111111111,26.111111111
0.361,0.658,0.078,0.204,0,0,0,0.35,0.253,21.111111111,26.111111111
0.333,0.651,0.078,0.187,0,0,0,0,0,21.111111111,26.111111111
0.25,0.63,0.0673,0.151,0,0,0,0.167,0,21.111111111,21.111111111
0.333,0.651,0.0912,0.184,0,0,0,0.6,0.0418,21.111111111,21.111111111
0.333,0.66,0.0993,0.189,0,0,0,0,0.251,21.111111111,21.111111111
0.333,0.677,0.118,0.207,0,0,0,0,0.543,21.111111111,21.111111111
0.333,0.697,0.142,0.251,0,0,0,0,0.167,17.777777778,21.111111111
0.333,0.684,0.153,0.268,0,0,0,0,0.0836,17.777777778,26.111111111
0.333,0.657,0.189,0.269,0,0,0,0,0.0836,17.777777778,26.111111111
0.389,0.716,0.369,0.408,0,0,0,0,0,17.777777778,26.111111111
0.722,0.797,0.685,0.591,0,0,0,0,0.152,17.777777778,26.111111111
1,0.81,0.682,0.666,0,0,0,0,0.132,17.777777778,26.111111111
1,0.709,0.298,0.335,0,0,0,0,0.185,17.777777778,26.111111111
1,0.574,0.0291,0.0619,0,0,0,0,0,17.777777778,26.111111111
1,0.565,0.0166,0.0505,0,0,0,0,0,17.777777778,26.111111111
1,0.565,0.0166,0.0505,0,0,0,0,0,21.111111111,26.111111111
1,0.565,0.0166,0.0505,0,0,0,0,0,21.111111111,21.111111111
1,0.596,0.0195,0.0518,0.365,0.167,0,0,0.47,21.111111111,21.111111111
1,0.612,0.0251,0.0742,0.436,0.55,0.45,0,0.125,21.111111111,26.111111111
0.944,0.611,0.0304,0.114,0,0,0.367,0,0.292,21.111111111,26.111111111
0.389,0.62,0.0369,0.144,0,0,0,0,0.249,21.111111111,26.111111111
0.306,0.642,0.0498,0.181,0,0,0,0,0.167,21.111111111,26.111111111
0.333,0.572,0.0198,0.0626,0,0,0,0,0,21.111111111,26.111111111
0.333,0.565,0.0166,0.0505,0,0,0,0,0,21.111111111,26.111111111
0.333,0.565,0.0166,0.0505,0,0,0,0,0,21.111111111,26.111111111
0.333,0.644,0.0731,0.175,0,0,0,0,0.249,21.111111111,26.111111111
0.333,0.651,0.0852,0.184,0,0,0,0,0.0418,21.111111111,21.111111111
0.333,0.651,0.0912,0.184,0,0,0,0,0.209,21.111111111,21.111111111
0.278,0.643,0.0849,0.166,0,0,0,0,0.0418,21.111111111,21.111111111
0,0.565,0.0166,0.0505,0,0,0,0,0,21.111111111,21.111111111
0.222,0.657,0.106,0.196,0,0,0,0,0.203,17.777777778,21.111111111
0.556,0.804,0.305,0.508,0,0,0,0,0.308,17.777777778,26.111111111
0.667,0.846,0.483,0.68,0,0,0,0,0,17.777777778,26.111111111
0.667,0.824,0.616,0.666,0,0,0,0,0,17.777777778,26.111111111
0.667,0.715,0.432,0.401,0,0,0,0,0.407,17.777777778,26.111111111
0.667,0.647,0.238,0.256,0,0,0,0,0.156,17.777777778,26.111111111
0.972,0.625,0.127,0.16,0,0,0,0,0.0135,17.777777778,26.111111111
1,0.583,0.0416,0.0732,0,0,0,0,0,17.777777778,26.111111111
1,0.565,0.0166,0.0505,0,0,0,0,0,17.777777778,26.111111111
1,0.565,0.0166,0.0505,0,0,0,0,0,21.111111111,26.111111111
1,0.596,0.0171,0.0505,0,0,0,0,0.0836,21.111111111,21.111111111
1,0.581,0.0168,0.0505,0,0,0,0,0,21.111111111,21.111111111
1,0.565,0.0166,0.0505,0,0,0,0,0,21.111111111,26.111111111
1,0.605,0.0302,0.12,0,0,0,0,0.255,21.111111111,26.111111111
0.944,0.693,0.064,0.27,0,0,0,0,0.349,21.111111111,26.111111111
0.667,0.663,0.0587,0.217,0,0,0,0,0.304,21.111111111,26.111111111
0.361,0.658,0.0636,0.211,0,0,0,0,0.21,21.111111111,26.111111111
0.333,0.651,0.0673,0.197,0,0,0,0,0.269,21.111111111,26.111111111
0.333,0.651,0.0736,0.192,0,0,0,0,0.314,21.111111111,26.111111111
0.25,0.63,0.0624,0.153,0,0,0,0,0.167,21.111111111,26.111111111
0.333,0.651,0.0852,0.184,0,0,0,0,0.125,21.111111111,21.111111111
0.472,0.687,0.123,0.24,0,0,0,0,0.251,21.111111111,21.111111111
0.361,0.667,0.106,0.2,0,0,0,0,0,21.111111111,21.111111111
0.333,0.677,0.118,0.207,0,0,0,0,0.125,21.111111111,21.111111111
0.333,0.697,0.142,0.251,0,0,0,0,0,17.777777778,21.111111111
0.0278,0.577,0.0278,0.0687,0,0,0,0,0,17.777777778,26.111111111
0.611,0.822,0.452,0.631,0,0,0,0.917,0.167,17.777777778,26.111111111
0.667,0.824,0.616,0.666,0,0,0,0.367,0,17.777777778,26.111111111
0.889,0.781,0.634,0.553,0,0,0,0,0,17.777777778,26.111111111
1,0.716,0.43,0.428,0,0,0,0,0.0748,17.777777778,26.111111111
1,0.625,0.127,0.16,0,0,0,0,0.0822,17.777777778,26.111111111
1,0.595,0.0486,0.0795,0,0,0,0,0.31,17.777777778,26.111111111
1,0.565,0.0166,0.0505,0,0,0,0,0,17.777777778,26.111111111
1,0.565,0.0166,0.0505,0,0,0,0,0,21.111111111,26.111111111
1,0.565,0.0166,0.0505,0,0,0,0,0,21.111111111,21.111111111
1,0.565,0.0166,0.0505,0,0,0,0,0,21.111111111,21.111111111
1,0.565,0.0166,0.0505,0,0,0,0,0,21.111111111,26.111111111
1,0.615,0.0337,0.137,0.0927,0.167,0,0,0.114,21.111111111,26.111111111
1,0.724,0.0758,0.323,0.915,0.55,0.267,0,0.438,21.111111111,26.111111111
0.778,0.759,0.0982,0.38,0.563,0,0,0,0.134,21.111111111,26.111111111
0.361,0.658,0.0636,0.211,0.267,0,0,0,0.274,21.111111111,26.111111111
0.333,0.651,0.0673,0.197,0.502,0,0,0,0,21.111111111,26.111111111
0.333,0.651,0.0736,0.192,0.614,0,0,0,0.125,21.111111111,26.111111111
0.639,0.73,0.135,0.311,0.522,0,0,0.917,0.0418,21.111111111,26.111111111
0.667,0.737,0.154,0.318,0.365,0,0,0.367,0.0418,21.111111111,21.111111111
0.667,0.737,0.166,0.318,0.487,0,0,0,0.0418,21.111111111,21.111111111
0.528,0.713,0.146,0.269,0.331,0,0,0,0.167,21.111111111,21.111111111
0.333,0.677,0.118,0.207,0,0,0,0,0.125,21.111111111,21.111111111
0.389,0.72,0.165,0.287,0,0,0,0,0.0418,17.777777778,21.111111111
0.667,0.85,0.35,0.581,0,0,0,0,0.209,17.777777778,26.111111111
0.667,0.846,0.483,0.68,0,0,0,0,0,17.777777778,26.111111111
0.639,0.814,0.589,0.641,0,0,0,0,0.139,17.777777778,26.111111111
1,0.888,0.943,0.804,0,0,0,0,0.217,17.777777778,26.111111111
0.833,0.713,0.44,0.407,0,0,0,0,0.181,17.777777778,26.111111111
1,0.59,0.0769,0.115,0,0,0,0,0,17.777777778,26.111111111
1,0.578,0.0382,0.0664,0,0,0,0,0,17.777777778,26.111111111
1,0.565,0.0189,0.0505,0,0,0,0,0,17.777777778,26.111111111
1,0.565,0.0189,0.0505,0,0,0,0,0,21.111111111,26.111111111
1,0.565,0.0189,0.0505,0,0,0,0,0,21.111111111,21.111111111
1,0.591,0.0209,0.0516,0,0,0,0,0.167,21.111111111,21.111111111
1,0.612,0.024,0.0704,0,0,0,0,0.0418,21.111111111,21.111111111
1,0.619,0.0301,0.123,0,0,0,0,0.0418,21.111111111,21.111111111
1,0.679,0.0613,0.247,0,0,0,0,0.0418,21.111111111,21.111111111
1,0.731,0.111,0.333,0,0,0,0,0.0527,21.111111111,21.111111111
1,0.784,0.199,0.429,0,0,0,0,0.706,21.111111111,21.111111111
1,0.823,0.28,0.493,0,0,0,0,0.469,21.111111111,21.111111111
0.817,0.776,0.261,0.4,0,0,0,0.55,0.537,21.111111111,21.111111111
0.667,0.737,0.236,0.324,0,0,0,0.483,0.374,21.111111111,21.111111111
0.483,0.69,0.193,0.245,0,0,0,0,0,21.111111111,21.111111111
0.517,0.698,0.248,0.258,0,0,0,0.55,0.0836,21.111111111,21.111111111
0.767,0.781,0.394,0.369,0,0,0,0.733,0.167,21.111111111,21.111111111
1,0.859,0.489,0.463,0,0,0,0,0.0418,21.111111111,21.111111111
0.817,0.824,0.383,0.438,0,0,0,0.55,0.125,17.777777778,21.111111111
0.85,0.928,0.546,0.723,0,0,0,1,0.0836,17.777777778,26.111111111
1,0.989,0.793,0.981,0.249,0.55,0,0.25,0.0836,17.777777778,26.111111111
1,0.921,0.872,0.894,0.411,0.167,0.833,0.8,0.0418,17.777777778,26.111111111
1,0.787,0.673,0.569,0.708,0,0.25,0.75,0,17.777777778,26.111111111
1,0.734,0.518,0.469,0.666,0,0,0,0,17.777777778,26.111111111
1,0.689,0.29,0.3,0.343,0,0,0,0.184,17.777777778,26.111111111
1,0.658,0.123,0.132,0.196,0,0,0,0.37,17.777777778,26.111111111
1,0.659,0.0636,0.0825,0,0,0,0,0,17.777777778,26.111111111
1,0.659,0.0359,0.0581,0,0,0,0,0,21.111111111,26.111111111
1,0.607,0.0229,0.0505,0,0,0,0,0,21.111111111,21.111111111
1,0.565,0.0189,0.0505,0,0,0,0,0,21.111111111,21.111111111
1,0.565,0.0189,0.0505,0,0,0,0,0,21.111111111,21.111111111
1,0.565,0.0189,0.0505,0,0,0,0,0,21.111111111,21.111111111
1,0.565,0.0189,0.0505,0,0,0,0,0,21.111111111,21.111111111
1,0.66,0.0821,0.21,0,0,0,0,0.093,21.111111111,21.111111111
1,0.784,0.199,0.429,0,0,0,0,0.22,21.111111111,21.111111111
1,0.823,0.28,0.493,0,0,0,0.55,0.292,21.111111111,21.111111111
0.733,0.754,0.237,0.363,0,0,0,1,0.299,21.111111111,21.111111111
0.667,0.737,0.236,0.324,0,0,0,0,0.292,21.111111111,21.111111111
0.667,0.737,0.267,0.318,0,0,0,0,0.0418,21.111111111,21.111111111
0.667,0.737,0.308,0.318,0,0,0,0,0.0418,21.111111111,21.111111111
0.667,0.751,0.344,0.326,0,0,0,0.55,0.469,21.111111111,21.111111111
0.75,0.814,0.413,0.399,0,0,0,1,0.419,21.111111111,21.111111111
0.667,0.824,0.383,0.438,0,0,0,0.25,0.237,17.777777778,21.111111111
0.667,0.849,0.426,0.564,0,0,0,0,0.459,17.777777778,26.111111111
0.667,0.847,0.535,0.671,0,0,0,0,0.22,17.777777778,26.111111111
0.933,0.931,0.916,0.918,0,0,0,0,0,17.777777778,26.111111111
1,0.843,0.827,0.703,0,0,0,0,0.0418,17.777777778,26.111111111
1,0.694,0.41,0.362,0,0,0,0,0,17.777777778,26.111111111
1,0.627,0.155,0.175,0,0,0,0,0,17.777777778,26.111111111
1,0.614,0.0645,0.09,0,0,0,0,0,17.777777778,26.111111111
1,0.612,0.0329,0.0646,0,0,0,0,0,17.777777778,26.111111111
1,0.593,0.0208,0.0533,0,0,0,0,0,21.111111111,26.111111111
1,0.565,0.0166,0.0505,0,0,0,0,0,21.111111111,21.111111111
1,0.565,0.0166,0.0505,0,0,0,0,0,21.111111111,21.111111111
1,0.565,0.0166,0.0505,0,0,0,0,0,21.111111111,26.111111111
1,0.565,0.0166,0.0505,0,0,0,0,0,21.111111111,26.111111111
0.861,0.638,0.0444,0.175,0,0,0,0,0.327,21.111111111,26.111111111
0.667,0.649,0.0523,0.193,0,0,0,0,0.467,21.111111111,26.111111111
0.528,0.63,0.0488,0.161,0,0,0,0,0.209,21.111111111,26.111111111
0.111,0.594,0.0321,0.101,0,0,0,0,0,21.111111111,26.111111111
0,0.565,0.0166,0.0505,0,0,0,0,0,21.111111111,26.111111111
0,0.565,0.0166,0.0505,0,0,0,0,0,21.111111111,26.111111111
0,0.565,0.0166,0.0505,0,0,0,0,0,21.111111111,21.111111111
0.139,0.601,0.0483,0.106,0,0,0,0,0.334,21.111111111,21.111111111
0.333,0.66,0.0993,0.189,0,0,0,0,0.251,21.111111111,21.111111111
0.333,0.677,0.118,0.207,0,0,0,0,0.543,21.111111111,21.111111111
0.333,0.697,0.142,0.251,0,0,0,0,0,17.777777778,21.111111111
0.639,0.839,0.339,0.563,0,0,0,0.667,0.125,17.777777778,26.111111111
0.806,0.904,0.59,0.816,0,0,0,0.617,0.167,17.777777778,26.111111111
1,0.87,0.702,0.775,0,0,0,0,0.251,17.777777778,26.111111111
1,0.715,0.432,0.401,0,0,0,0,0,17.777777778,26.111111111
1,0.635,0.208,0.223,0,0,0,0,0,17.777777778,26.111111111
1,0.565,0.0166,0.0505,0,0,0,0,0,17.777777778,26.111111111
1,0.565,0.0166,0.0505,0,0,0,0,0,17.777777778,26.111111111
1,0.565,0.0166,0.0505,0,0,0,0,0,17.777777778,26.111111111
1,0.565,0.0166,0.0505,0,0,0,0,0,21.111111111,26.111111111
1,0.565,0.0166,0.0505,0,0,0,0,0,21.111111111,21.111111111
1,0.596,0.0195,0.0518,0,0,0,0,0.167,21.111111111,21.111111111
0.694,0.569,0.0169,0.0507,0,0,0,0,0,21.111111111,26.111111111
0.667,0.605,0.0302,0.12,0,0,0,0,0.251,21.111111111,26.111111111
0.667,0.671,0.0563,0.232,0,0,0,0,0.207,21.111111111,26.111111111
0.667,0.733,0.0881,0.335,0,0,0,0,0.2,21.111111111,26.111111111
0.611,0.723,0.0965,0.322,0,0,0,0,0.418,21.111111111,26.111111111
0.333,0.651,0.0673,0.197,0,0,0,0,0.132,21.111111111,26.111111111
0.333,0.651,0.0736,0.192,0,0,0,0,0.167,21.111111111,26.111111111
0.333,0.651,0.078,0.187,0,0,0,0,0.167,21.111111111,26.111111111
0.333,0.651,0.0852,0.184,0,0,0,0,0.209,21.111111111,21.111111111
0.333,0.651,0.0912,0.184,0,0,0,0,0,21.111111111,21.111111111
0.333,0.66,0.0993,0.189,0,0,0,0,0.304,21.111111111,21.111111111
0.389,0.697,0.136,0.234,0,0,0,0.25,0.602,21.111111111,21.111111111
0.667,0.829,0.268,0.45,0,0,0,0.667,0.0836,17.777777778,21.111111111
0.667,0.85,0.35,0.581,0,0,0,0.1,0,17.777777778,26.111111111
0.972,0.974,0.701,0.97,0,0,0,0,0.344,17.777777778,26.111111111
1,0.933,0.862,0.924,0,0,0,0,0.134,17.777777778,26.111111111
1,0.764,0.584,0.515,0.298,0.417,0,0,0.145,17.777777778,26.111111111
1,0.647,0.238,0.256,0,0.3,0.7,0,0,17.777777778,26.111111111
1,0.625,0.127,0.16,0,0,1,0,0,17.777777778,26.111111111
1,0.614,0.0601,0.09,0,0,0.467,0,0,17.777777778,26.111111111
1,0.612,0.0329,0.0646,0,0,0,0,0,17.777777778,26.111111111
1,0.604,0.0214,0.0533,0,0,0,0,0.0658,21.111111111,26.111111111
1,0.565,0.0166,0.0505,0,0,0,0,0,21.111111111,21.111111111
1,0.596,0.0195,0.0518,0,0,0,0,0.195,21.111111111,21.111111111
1,0.62,0.0269,0.0799,0,0,0,0,0.248,21.111111111,26.111111111
0.694,0.625,0.0347,0.134,0,0,0,0,0.0418,21.111111111,26.111111111
0.667,0.638,0.0436,0.176,0,0,0,0,0.456,21.111111111,26.111111111
0.667,0.706,0.078,0.29,0,0,0,0,0.638,21.111111111,26.111111111
0.667,0.737,0.104,0.347,0,0,0,0,0.174,21.111111111,26.111111111
0.667,0.701,0.096,0.284,0.196,0.717,0.2,0,0.125,21.111111111,26.111111111
0.667,0.708,0.113,0.284,0,0,0.883,0.667,0,21.111111111,26.111111111
0.667,0.737,0.14,0.323,0,0,0,0.617,0.0418,21.111111111,26.111111111
0.667,0.737,0.154,0.318,0,0,0,0,0.339,21.111111111,21.111111111
0.361,0.658,0.0972,0.195,0,0,0,0,0.357,21.111111111,21.111111111
0.333,0.66,0.0993,0.189,0,0,0,0,0.0836,21.111111111,21.111111111
0.333,0.677,0.118,0.207,0,0,0,0,0.209,21.111111111,21.111111111
0.333,0.697,0.142,0.251,0,0,0,0,0.0836,17.777777778,21.111111111
0.333,0.708,0.183,0.316,0,0,0,0,0.0418,17.777777778,26.111111111
0.611,0.821,0.465,0.638,0,0,0,0,0.174,17.777777778,26.111111111
1,0.954,0.915,0.973,0,0,0,0,0.185,17.777777778,26.111111111
0.917,0.798,0.665,0.595,0,0,0,0,0.135,17.777777778,26.111111111
1,0.716,0.43,0.428,0,0,0,0,0.204,17.777777778,26.111111111
1,0.59,0.0769,0.115,0,0,0,0,0,17.777777778,26.111111111
1,0.565,0.0166,0.0505,0,0,0,0,0,17.777777778,26.111111111
1,0.565,0.0166,0.0505,0,0,0,0,0,17.777777778,26.111111111
1,0.565,0.0166,0.0505,0,0,0,0,0,21.111111111,26.111111111
1,0.565,0.0166,0.0505,0,0,0,0,0,21.111111111,21.111111111
1,0.565,0.0166,0.0505,0,0,0,0,0,21.111111111,21.111111111
1,0.565,0.0166,0.0505,0,0,0,0,0,21.111111111,26.111111111
1,0.585,0.0234,0.0851,0,0,0,0,0.274,21.111111111,26.111111111
1,0.711,0.0707,0.301,0,0,0,0,0.307,21.111111111,26.111111111
0.944,0.733,0.0881,0.335,0,0,0,0,0.848,21.111111111,26.111111111
0.667,0.737,0.104,0.347,0,0,0,0,0.461,21.111111111,26.111111111
0.444,0.68,0.0828,0.247,0,0,0,0,0.231,21.111111111,26.111111111
0.333,0.651,0.0736,0.192,0,0,0,0,0.217,21.111111111,26.111111111
0.111,0.594,0.0363,0.0969,0,0,0,0,0.183,21.111111111,26.111111111
0.139,0.601,0.0464,0.106,0,0,0,0,0,21.111111111,21.111111111
0.333,0.651,0.0912,0.184,0,0,0,0,0.167,21.111111111,21.111111111
0.472,0.701,0.135,0.248,0,0,0,0,0.474,21.111111111,21.111111111
0.667,0.789,0.218,0.364,0,0,0,0,0.37,21.111111111,21.111111111
0.667,0.829,0.268,0.45,0,0,0,0,0.0836,17.777777778,21.111111111
0.972,0.981,0.506,0.828,0,0,0,0.917,0.167,17.777777778,26.111111111
0.75,0.881,0.541,0.758,0,0,0,0.883,0.167,17.777777778,26.111111111
0.778,0.87,0.702,0.775,0,0,0,0,0,17.777777778,26.111111111
0.889,0.83,0.786,0.666,0,0,0,0,0,17.777777778,26.111111111
1,0.728,0.46,0.461,0,0,0,0,0,17.777777778,26.111111111
1,0.622,0.13,0.165,0,0,0,0,0.164,17.777777778,26.111111111
1,0.565,0.0166,0.0505,0,0,0,0,0,17.777777778,26.111111111
1,0.565,0.0166,0.0505,0,0,0,0,0,17.777777778,26.111111111
1,0.565,0.0166,0.0505,0,0,0,0,0,21.111111111,26.111111111
1,0.565,0.0166,0.0505,0,0,0,0,0,21.111111111,21.111111111
1,0.565,0.0166,0.0505,0,0,0,0,0,21.111111111,21.111111111
1,0.573,0.0183,0.0563,0,0,0,0,0.177,21.111111111,26.111111111
0.944,0.611,0.0304,0.114,0,0,0,0,0,21.111111111,26.111111111
0.667,0.578,0.0216,0.0732,0,0,0,0,0.0418,21.111111111,26.111111111
0.667,0.649,0.0523,0.193,0,0,0,0,0.0418,21.111111111,26.111111111
0.667,0.651,0.0604,0.199,0,0,0,0,0.0418,21.111111111,26.111111111
0.667,0.708,0.102,0.294,0,0,0,0,0.0836,21.111111111,26.111111111
0.611,0.723,0.121,0.31,0,0,0,0,0,21.111111111,26.111111111
0.194,0.615,0.0519,0.131,0,0,0,0,0.0418,21.111111111,26.111111111
0.306,0.587,0.0322,0.0842,0,0,0,0,0.0836,21.111111111,21.111111111
0.333,0.58,0.0293,0.0729,0,0,0,0.167,0.0418,21.111111111,21.111111111
0.333,0.66,0.0993,0.189,0,0,0,0.6,0.209,21.111111111,21.111111111
0.333,0.677,0.118,0.207,0,0,0,0,0.376,21.111111111,21.111111111
0.333,0.697,0.142,0.251,0,0,0,0,0.167,17.777777778,21.111111111
0.444,0.756,0.244,0.412,0,0,0,0,0.333,17.777777778,26.111111111
1,0.986,0.716,0.994,0,0,0,0,0.339,17.777777778,26.111111111
1,0.954,0.915,0.973,0,0,0,0,0,17.777777778,26.111111111
1,0.888,0.943,0.804,0,0,0,0,0,17.777777778,26.111111111
1,0.719,0.456,0.424,0,0,0,0,0,17.777777778,26.111111111
1,0.565,0.0166,0.0505,0,0,0,0,0,17.777777778,26.111111111
1,0.571,0.0282,0.0585,0,0,0,0,0,17.777777778,26.111111111
1,0.565,0.0189,0.0505,0,0,0,0,0,17.777777778,26.111111111
1,0.565,0.0189,0.0505,0,0,0,0,0,21.111111111,26.111111111
1,0.565,0.0189,0.0505,0,0,0,0,0,21.111111111,21.111111111
1,0.565,0.0189,0.0505,0,0,0,0,0,21.111111111,21.111111111
1,0.565,0.0189,0.0505,0,0,0,0,0,21.111111111,21.111111111
1,0.568,0.0197,0.0557,0,0,0,0,0.0418,21.111111111,21.111111111
0.917,0.675,0.057,0.239,0,0,0,0,0,21.111111111,21.111111111
0.983,0.727,0.108,0.325,0,0,0,0,0.125,21.111111111,21.111111111
0.667,0.651,0.0877,0.198,0,0,0,0,0.167,21.111111111,21.111111111
0.667,0.651,0.106,0.198,0,0,0,0,0.0836,21.111111111,21.111111111
0.667,0.698,0.176,0.269,0,0,0,0.05,0.125,21.111111111,21.111111111
0.667,0.737,0.236,0.324,0,0,0,1,0.0836,21.111111111,21.111111111
0.667,0.737,0.267,0.318,0,0,0,0.233,0.251,21.111111111,21.111111111
0.667,0.737,0.308,0.318,0,0,0,0,0.0418,21.111111111,21.111111111
0.4,0.676,0.212,0.215,0,0,0,0,0.334,21.111111111,21.111111111
0.0667,0.585,0.0528,0.0787,0,0,0,0,0,21.111111111,21.111111111
0.1,0.607,0.0744,0.116,0,0,0,0,0.0836,17.777777778,21.111111111
0.333,0.707,0.222,0.307,0,0,0,0,0.125,17.777777778,26.111111111
0.35,0.713,0.291,0.377,0,0,0,0,0.167,17.777777778,26.111111111
0.933,0.931,0.916,0.918,0,0,0,0,0,17.777777778,26.111111111
1,0.782,0.647,0.56,0,0,0,0,0.0418,17.777777778,26.111111111
0.817,0.61,0.161,0.153,0,0,0,0,0,17.777777778,26.111111111
0.933,0.613,0.115,0.136,0,0,0,0,0,17.777777778,26.111111111
1,0.606,0.0642,0.0858,0,0,0,0,0,17.777777778,26.111111111
1,0.565,0.0189,0.0505,0,0,0,0,0,17.777777778,26.111111111
1,0.565,0.0189,0.0505,0,0,0,0,0,21.111111111,26.111111111
1,0.565,0.0189,0.0505,0,0,0,0,0,21.111111111,21.111111111
1,0.565,0.0189,0.0505,0,0,0,0,0,21.111111111,21.111111111
1,0.565,0.0189,0.0505,0,0,0,0,0,21.111111111,21.111111111
1,0.565,0.0189,0.0505,0,0,0,0,0,21.111111111,21.111111111
1,0.565,0.0189,0.0505,0,0,0,0,0,21.111111111,21.111111111
0.983,0.608,0.0476,0.123,0,0,0,0,0.0418,21.111111111,21.111111111
0.667,0.613,0.0619,0.133,0,0,0,0.55,0.0836,21.111111111,21.111111111
0.667,0.651,0.106,0.198,0,0,0,0.767,0.0836,21.111111111,21.111111111
0.667,0.651,0.119,0.192,0,0,0,1,0.167,21.111111111,21.111111111
0.683,0.681,0.167,0.234,0.111,0.05,0,0.25,0.251,21.111111111,21.111111111
1,0.823,0.391,0.452,0.13,0.667,0.333,0,0,21.111111111,21.111111111
1,0.823,0.452,0.452,0,0,0.2,0,0.167,21.111111111,21.111111111
1,0.845,0.506,0.464,0,0,0,0,0.209,21.111111111,21.111111111
0.817,0.829,0.444,0.422,0,0,0,0,0.292,21.111111111,21.111111111
0.683,0.831,0.392,0.449,0,0,0,0,0.597,17.777777778,21.111111111
1,0.991,0.63,0.821,0,0,0,0,0.268,17.777777778,26.111111111
0.817,0.913,0.633,0.8,0.0618,0.05,0,0,0.087,17.777777778,26.111111111
0.667,0.827,0.656,0.673,0.366,0.667,0.267,0,0.113,17.777777778,26.111111111
0.767,0.807,0.736,0.614,0,0,0,0,0.347,17.777777778,26.111111111
1,0.628,0.21,0.201,0,0,0,0,0.177,17.777777778,26.111111111
1,0.565,0.0189,0.0505,0,0,0,0,0.148,17.777777778,26.111111111
1,0.565,0.0174,0.0505,0,0,0,0,0,17.777777778,26.111111111
1,0.565,0.0166,0.0505,0,0,0,0,0,17.777777778,26.111111111
1,0.565,0.0166,0.0505,0,0,0,0,0,21.111111111,26.111111111
1,0.565,0.0166,0.0505,0,0,0,0,0,21.111111111,21.111111111
1,0.565,0.0166,0.0505,0,0,0,0,0,21.111111111,21.111111111
1,0.565,0.0166,0.0505,0,0,0,0,0,21.111111111,26.111111111
1,0.575,0.02,0.0678,0,0,0,0,0,21.111111111,26.111111111
0.694,0.57,0.0183,0.0592,0,0,0,0,0,21.111111111,26.111111111
0.667,0.637,0.0486,0.172,0,0,0,0.667,0.167,21.111111111,26.111111111
0.306,0.644,0.0558,0.186,0,0,0,0.367,0.0418,21.111111111,26.111111111
0,0.565,0.0166,0.0505,0,0,0,0,0,21.111111111,26.111111111
0.222,0.623,0.056,0.143,0,0,0,0,0.251,21.111111111,26.111111111
0.333,0.651,0.078,0.187,0,0,0,0,0.209,21.111111111,26.111111111
0.333,0.651,0.0852,0.184,0,0,0,0,0.167,21.111111111,21.111111111
0.333,0.651,0.0912,0.184,0,0,0,0,0.251,21.111111111,21.111111111
0.111,0.594,0.0419,0.0952,0,0,0,0,0.0418,21.111111111,21.111111111
0.278,0.664,0.107,0.188,0,0,0,0,0.125,21.111111111,21.111111111
0.667,0.829,0.268,0.45,0,0,0,0.417,0,17.777777778,21.111111111
0.667,0.85,0.35,0.581,0,0,0,0.35,0.0836,17.777777778,26.111111111
0.667,0.846,0.483,0.68,0,0,0,0,0.292,17.777777778,26.111111111
0.972,0.942,0.894,0.946,0,0,0,0,0.209,17.777777778,26.111111111
1,0.888,0.943,0.804,0,0,0,0,0,17.777777778,26.111111111
1,0.676,0.334,0.318,0.0634,0.917,0,0,0,17.777777778,26.111111111
1,0.565,0.0166,0.0505,0,0.533,0.467,0,0,17.777777778,26.111111111
1,0.565,0.0166,0.0505,0,0,0.883,0,0,17.777777778,26.111111111
1,0.565,0.0166,0.0505,0,0,0,0,0,17.777777778,26.111111111
1,0.565,0.0166,0.0505,0,0,0,0,0,21.111111111,26.111111111
1,0.565,0.0166,0.0505,0,0,0,0,0,21.111111111,21.111111111
1,0.577,0.0177,0.051,0,0,0,0.667,0,21.111111111,21.111111111
1,0.565,0.0166,0.0505,0,0,0,0.617,0,21.111111111,26.111111111
1,0.565,0.0166,0.0505,0,0,0,0,0,21.111111111,26.111111111
1,0.651,0.0495,0.198,0,0,0,0,0.139,21.111111111,26.111111111
0.639,0.64,0.0464,0.177,0,0,0,0,0.0836,21.111111111,26.111111111
0.333,0.565,0.0166,0.0505,0,0,0,0,0,21.111111111,26.111111111
0.333,0.565,0.0166,0.0505,0,0,0,0,0,21.111111111,26.111111111
0.333,0.58,0.0264,0.0737,0,0,0,0,0,21.111111111,26.111111111
0.333,0.651,0.078,0.187,0,0,0,0,0.0836,21.111111111,26.111111111
0.5,0.694,0.121,0.251,0,0,0,0,0.334,21.111111111,21.111111111
0.389,0.665,0.104,0.207,0,0,0,0,0.0836,21.111111111,21.111111111
0.444,0.689,0.125,0.234,0,0,0,0.667,0.501,21.111111111,21.111111111
0.417,0.707,0.145,0.248,0,0,0,0.267,0.0836,21.111111111,21.111111111
0.333,0.697,0.142,0.251,0,0,0,0.35,0.125,17.777777778,21.111111111
0.472,0.768,0.26,0.436,0,0,0,0.417,0,17.777777778,26.111111111
0.667,0.846,0.483,0.68,0,0,0,0.617,0.0418,17.777777778,26.111111111
0.889,0.908,0.829,0.864,0,0,0,0,0.167,17.777777778,26.111111111
1,0.888,0.943,0.804,0,0,0,0,0.214,17.777777778,26.111111111
1,0.78,0.606,0.585,0,0,0,0,0.778,17.777777778,26.111111111
1,0.596,0.092,0.131,0,0,0,0,0.103,17.777777778,26.111111111
1,0.565,0.0166,0.0505,0,0,0,0,0,17.777777778,26.111111111
1,0.565,0.0166,0.0505,0,0,0,0,0,17.777777778,26.111111111
1,0.565,0.0166,0.0505,0,0,0,0,0,21.111111111,26.111111111
1,0.565,0.0166,0.0505,0,0,0,0,0,21.111111111,21.111111111
1,0.565,0.0166,0.0505,0,0,0,0,0,21.111111111,21.111111111
1,0.573,0.0183,0.0563,0,0,0,0,0.209,21.111111111,26.111111111
1,0.621,0.0338,0.131,0,0,0,0,0.336,21.111111111,26.111111111
1,0.638,0.0436,0.176,0,0,0,0,0.285,21.111111111,26.111111111
1,0.706,0.078,0.29,0,0,0,0,0.28,21.111111111,26.111111111
0.722,0.665,0.0655,0.222,0,0,0,0,0.328,21.111111111,26.111111111
0.333,0.565,0.0166,0.0505,0,0,0,0,0,21.111111111,26.111111111
0.333,0.623,0.056,0.143,0,0,0,0,0.0418,21.111111111,26.111111111
0.472,0.687,0.104,0.243,0,0,0,0.167,0.333,21.111111111,26.111111111
0.667,0.737,0.154,0.318,0,0,0,0.6,0.125,21.111111111,21.111111111
0.444,0.601,0.0464,0.106,0,0,0,0,0,21.111111111,21.111111111
0.167,0.582,0.0309,0.074,0,0,0,0.167,0,21.111111111,21.111111111
0.333,0.677,0.118,0.207,0,0,0,1,0.292,21.111111111,21.111111111
0.333,0.697,0.142,0.251,0,0,0,0.383,0.292,17.777777778,21.111111111
0.389,0.732,0.214,0.364,0,0,0,0.667,0.0418,17.777777778,26.111111111
0.667,0.846,0.483,0.68,0,0,0,0.1,0.222,17.777777778,26.111111111
0.667,0.824,0.616,0.666,0,0,0,0,0.577,17.777777778,26.111111111
0.667,0.781,0.634,0.553,0,0,0,0,0,17.777777778,26.111111111
0.667,0.649,0.264,0.251,0,0,0,0,0.168,17.777777778,26.111111111
0.667,0.565,0.0166,0.0505,0,0,0,0,0.268,17.777777778,26.111111111
0.667,0.565,0.0166,0.0505,0,0,0,0,0.096,17.777777778,26.111111111
0.806,0.565,0.0166,0.0505,0,0,0,0,0,17.777777778,26.111111111
1,0.565,0.0166,0.0505,0,0,0,0,0,21.111111111,26.111111111
1,0.565,0.0166,0.0505,0,0,0,0,0,21.111111111,21.111111111
1,0.565,0.0166,0.0505,0,0,0,0,0,21.111111111,21.111111111
1,0.565,0.0166,0.0505,0,0,0,0,0,21.111111111,26.111111111
0.778,0.565,0.0166,0.0505,0,0,0,0,0,21.111111111,26.111111111
0.667,0.631,0.0419,0.164,0,0,0,0,0.251,21.111111111,26.111111111
0.667,0.733,0.0881,0.335,0,0,0,0,0.787,21.111111111,26.111111111
0.528,0.701,0.0848,0.285,0,0,0,0,0.371,21.111111111,26.111111111
0.194,0.615,0.0453,0.137,0,0,0,0,0.0418,21.111111111,26.111111111
0,0.565,0.0166,0.0505,0,0,0,0,0,21.111111111,26.111111111
0.139,0.601,0.0427,0.107,0,0,0,0,0,21.111111111,26.111111111
0.333,0.651,0.0852,0.184,0,0,0,0,0.0836,21.111111111,21.111111111
0.333,0.637,0.0785,0.162,0,0,0,0,0.0418,21.111111111,21.111111111
0.639,0.653,0.0929,0.178,0,0,0,0,0.376,21.111111111,21.111111111
0.667,0.677,0.118,0.207,0,0,0,0,0.0836,21.111111111,21.111111111
0.667,0.789,0.232,0.396,0,0,0,0.667,0.0418,17.777777778,21.111111111
0.889,0.947,0.472,0.773,0,0,0,0.617,0.33,17.777777778,26.111111111
0.917,0.95,0.67,0.922,0,0,0,0,0.119,17.777777778,26.111111111
1,0.954,0.915,0.973,0,0,0,0,0,17.777777778,26.111111111
1,0.888,0.943,0.804,0,0,0,0,0,17.777777778,26.111111111
1,0.713,0.44,0.407,0,0,0,0,0,17.777777778,26.111111111
1,0.603,0.0957,0.132,0,0,0,0,0.182,17.777777778,26.111111111
1,0.565,0.0166,0.0505,0,0,0,0,0,17.777777778,26.111111111
1,0.565,0.0166,0.0505,0,0,0,0,0,17.777777778,26.111111111
1,0.565,0.0166,0.0505,0,0,0,0,0,21.111111111,26.111111111
1,0.565,0.0166,0.0505,0,0,0,0,0,21.111111111,21.111111111
0.778,0.565,0.0166,0.0505,0,0,0,0,0,21.111111111,21.111111111
0.667,0.565,0.0166,0.0505,0,0,0,0,0,21.111111111,26.111111111
0.667,0.605,0.0302,0.12,0,0,0,0,0.0418,21.111111111,26.111111111
0.667,0.691,0.0639,0.266,0,0,0,0,0.264,21.111111111,26.111111111
0.361,0.656,0.0549,0.204,0,0,0,0,0.167,21.111111111,26.111111111
0.639,0.73,0.101,0.335,0,0,0,0,0.167,21.111111111,26.111111111
0.583,0.716,0.106,0.307,0,0,0,0,0.176,21.111111111,26.111111111
0.667,0.737,0.131,0.333,0,0,0,0,0.371,21.111111111,26.111111111
0.667,0.737,0.14,0.323,0,0,0,0,0.326,21.111111111,26.111111111
0.444,0.68,0.106,0.229,0,0,0,0,0.484,21.111111111,21.111111111
0.333,0.651,0.0912,0.184,0,0,0,0,0.0418,21.111111111,21.111111111
0.333,0.66,0.0993,0.189,0,0,0,0,0.0418,21.111111111,21.111111111
0.0278,0.574,0.0237,0.0623,0,0,0,0,0,21.111111111,21.111111111
0.75,0.871,0.313,0.527,0,0,0,0.917,0.129,17.777777778,21.111111111
0.917,0.957,0.471,0.774,0,0,0,0.367,0.654,17.777777778,26.111111111
0.75,0.881,0.541,0.758,0,0,0,0,0.0836,17.777777778,26.111111111
1,0.933,0.862,0.924,0.445,0.717,0.2,0,0.0418,17.777777778,26.111111111
1,0.781,0.634,0.553,0.0495,0,1,0,0,17.777777778,26.111111111
1,0.68,0.339,0.332,0,0,1,0,0,17.777777778,26.111111111
1,0.625,0.127,0.16,0,0,0.25,0,0,17.777777778,26.111111111
1,0.615,0.0715,0.095,0,0,0,0,0,17.777777778,26.111111111
1,0.612,0.0412,0.0665,0,0,0,0,0.211,17.777777778,26.111111111
1,0.575,0.0216,0.0522,0,0,0,0,0,21.111111111,26.111111111
1,0.565,0.0189,0.0505,0,0,0,0,0,21.111111111,21.111111111
1,0.565,0.0189,0.0505,0,0,0,0,0,21.111111111,21.111111111
1,0.565,0.0189,0.0505,0,0,0,0,0,21.111111111,21.111111111
1,0.568,0.0197,0.0557,0,0,0,0.05,0,21.111111111,21.111111111
1,0.679,0.0613,0.247,0,0,0,0.467,0.137,21.111111111,21.111111111
1,0.731,0.111,0.333,0,0,0,0,0.359,21.111111111,21.111111111
0.817,0.69,0.114,0.264,0,0,0,0,0.291,21.111111111,21.111111111
0.667,0.651,0.106,0.198,0,0,0,0,0.376,21.111111111,21.111111111
0.667,0.651,0.119,0.192,0,0,0,0,0,21.111111111,21.111111111
0.65,0.647,0.122,0.18,0,0,0,0,0.513,21.111111111,21.111111111
0.333,0.565,0.0189,0.0505,0,0,0,0,0,21.111111111,21.111111111
0.433,0.565,0.0189,0.0505,0,0,0,0,0,21.111111111,21.111111111
0.667,0.62,0.112,0.128,0,0,0,0,0,21.111111111,21.111111111
0.85,0.74,0.292,0.295,0,0,0,0,0.0836,21.111111111,21.111111111
1,0.824,0.383,0.438,0,0,0,0,0.0836,17.777777778,21.111111111
1,0.813,0.371,0.492,0,0,0,0,0.0836,17.777777778,26.111111111
1,0.847,0.535,0.671,0,0,0,0,0.125,17.777777778,26.111111111
1,0.827,0.656,0.673,0,0,0,0,0.0418,17.777777778,26.111111111
1,0.787,0.673,0.569,0,0,0,0,0.167,17.777777778,26.111111111
1,0.734,0.518,0.469,0,0,0,0,0,17.777777778,26.111111111
1,0.642,0.194,0.214,0,0,0,0,0.103,17.777777778,26.111111111
1,0.583,0.0476,0.0732,0,0,0,0,0,17.777777778,26.111111111
1,0.565,0.0189,0.0505,0,0,0,0,0,17.777777778,26.111111111
1,0.565,0.0189,0.0505,0,0,0,0,0,21.111111111,26.111111111
1,0.565,0.0189,0.0505,0,0,0,0,0,21.111111111,21.111111111
1,0.565,0.0189,0.0505,0,0,0,0,0,21.111111111,21.111111111
1,0.565,0.0189,0.0505,0,0,0,0,0,21.111111111,21.111111111
1,0.565,0.0189,0.0505,0,0,0,0,0,21.111111111,21.111111111
1,0.609,0.0367,0.125,0,0,0,0,0.0418,21.111111111,21.111111111
1,0.648,0.065,0.192,0,0,0,0,0.46,21.111111111,21.111111111
1,0.698,0.131,0.281,0,0,0,0.05,0.411,21.111111111,21.111111111
1,0.784,0.245,0.425,0,0,0,0.467,0.0418,21.111111111,21.111111111
1,0.823,0.318,0.476,0,0,0,0,0.0751,21.111111111,21.111111111
0.817,0.776,0.283,0.386,0,0,0,0,0.477,21.111111111,21.111111111
0.667,0.737,0.267,0.318,0,0,0,0,0.426,21.111111111,21.111111111
0.9,0.733,0.3,0.311,0,0,0,0.05,0.566,21.111111111,21.111111111
0.333,0.658,0.181,0.188,0,0,0,0.717,0.0768,21.111111111,21.111111111
0.5,0.734,0.283,0.287,0,0,0,0,0,21.111111111,21.111111111
0.517,0.771,0.303,0.364,0,0,0,0.517,0.125,17.777777778,21.111111111
0.667,0.849,0.426,0.564,0,0,0,0,0.0418,17.777777778,26.111111111
0.667,0.847,0.535,0.671,0,0,0,0,0.209,17.777777778,26.111111111
0.683,0.833,0.673,0.687,0,0,0,0,0.0916,17.777777778,26.111111111
1,0.843,0.827,0.703,0,0,0,0,0.283,17.777777778,26.111111111
1,0.67,0.332,0.305,0,0,0,0,0.0418,17.777777778,26.111111111
1,0.58,0.0582,0.0893,0,0,0,0,0,17.777777778,26.111111111
1,0.565,0.0174,0.0505,0,0,0,0,0,17.777777778,26.111111111
1,0.565,0.0166,0.0505,0,0,0,0,0,17.777777778,26.111111111
1,0.565,0.0166,0.0505,0,0,0,0,0,21.111111111,26.111111111
1,0.565,0.0166,0.0505,0,0,0,0,0,21.111111111,21.111111111
1,0.565,0.0166,0.0505,0,0,0,0,0,21.111111111,21.111111111
1,0.573,0.0183,0.0563,0,0,0,0,0.0873,21.111111111,26.111111111
1,0.661,0.0474,0.2,0,0,0,0,0.519,21.111111111,26.111111111
1,0.764,0.091,0.391,0,0,0,0,0.478,21.111111111,26.111111111
0.722,0.745,0.0918,0.356,0,0,0,0,0.539,21.111111111,26.111111111
0.583,0.716,0.0933,0.31,0,0,0,0,0.283,21.111111111,26.111111111
0.333,0.651,0.0673,0.197,0,0,0,0,0.166,21.111111111,26.111111111
0.0278,0.572,0.021,0.0626,0,0,0,0,0,21.111111111,26.111111111
0,0.565,0.0166,0.0505,0,0,0,0,0,21.111111111,26.111111111
0,0.565,0.0166,0.0505,0,0,0,0,0,21.111111111,21.111111111
0,0.565,0.0166,0.0505,0,0,0,0,0,21.111111111,21.111111111
0.222,0.631,0.0739,0.144,0,0,0,0,0.251,21.111111111,21.111111111
0.639,0.781,0.211,0.352,0,0,0,0.917,0.376,21.111111111,21.111111111
0.667,0.829,0.268,0.45,0,0,0,0.117,0.125,17.777777778,21.111111111
0.722,0.874,0.381,0.629,0,0,0,0,0.251,17.777777778,26.111111111
1,0.986,0.716,0.994,0.121,0.667,0,0,0,17.777777778,26.111111111
1,0.954,0.915,0.973,0.526,0.05,0.267,0,0.0418,17.777777778,26.111111111
1,0.864,0.867,0.747,0.529,0,0,0,0,17.777777778,26.111111111
1,0.81,0.682,0.666,0.657,0,0,0,0,17.777777778,26.111111111
1,0.745,0.348,0.38,0.484,0,0,0,0,17.777777778,26.111111111
1,0.704,0.143,0.165,0.396,0,0,0,0.0975,17.777777778,26.111111111
1,0.659,0.0492,0.0786,0,0,0,0,0.0628,17.777777778,26.111111111
1,0.635,0.0258,0.0561,0,0,0,0,0.221,21.111111111,26.111111111
1,0.62,0.0187,0.0505,0,0,0,0,0.124,21.111111111,21.111111111
1,0.565,0.0166,0.0505,0,0,0,0,0,21.111111111,21.111111111
1,0.565,0.0166,0.0505,0,0,0,0,0,21.111111111,26.111111111
1,0.575,0.02,0.0678,0,0,0,0,0.157,21.111111111,26.111111111
1,0.638,0.0436,0.176,0,0,0,0,0.178,21.111111111,26.111111111
0.778,0.592,0.0267,0.0958,0,0,0,0,0,21.111111111,26.111111111
0.667,0.637,0.0553,0.175,0,0,0,0,0.39,21.111111111,26.111111111
0.667,0.737,0.118,0.344,0,0,0,0.167,0.285,21.111111111,26.111111111
0.444,0.68,0.0912,0.24,0,0,0,1,0.0418,21.111111111,26.111111111
0.333,0.651,0.078,0.187,0,0,0,0.117,0.0836,21.111111111,26.111111111
0.333,0.651,0.0852,0.184,0,0,0,0,0.209,21.111111111,21.111111111
0.333,0.651,0.0912,0.184,0,0,0,0,0.0418,21.111111111,21.111111111
0.333,0.66,0.0993,0.189,0,0,0,0,0.0836,21.111111111,21.111111111
0.333,0.677,0.118,0.207,0,0,0,0.667,0.209,21.111111111,21.111111111
0.389,0.72,0.165,0.287,0,0,0,0.883,0.373,17.777777778,21.111111111
0.972,0.981,0.506,0.828,0,0,0,0,0.0581,17.777777778,26.111111111
1,0.929,0.608,0.858,0,0,0,0,0.0418,17.777777778,26.111111111
1,0.824,0.616,0.666,0,0,0,0,0,17.777777778,26.111111111
1,0.781,0.634,0.553,0,0,0,0,0,17.777777778,26.111111111
1,0.728,0.46,0.461,0,0,0,0,0,17.777777778,26.111111111
1,0.663,0.206,0.242,0,0,0,0,0.115,17.777777778,26.111111111
1,0.614,0.0601,0.09,0,0,0,0,0.0418,17.777777778,26.111111111
1,0.593,0.0285,0.0611,0,0,0,0,0,17.777777778,26.111111111
1,0.565,0.0166,0.0505,0,0,0,0,0,21.111111111,26.111111111
1,0.565,0.0166,0.0505,0,0,0,0,0,21.111111111,21.111111111
1,0.565,0.0166,0.0505,0,0,0,0,0,21.111111111,21.111111111
1,0.604,0.0254,0.0793,0,0,0,0.167,0.383,21.111111111,26.111111111
0.778,0.636,0.0373,0.143,0,0,0,0.6,0.18,21.111111111,26.111111111
0.667,0.691,0.0639,0.266,0,0,0,0,0.296,21.111111111,26.111111111
0.667,0.733,0.0881,0.335,0,0,0,0,0.269,21.111111111,26.111111111
0.222,0.623,0.0422,0.147,0,0,0,0,0.228,21.111111111,26.111111111
0,0.565,0.0166,0.0505,0,0,0,0,0,21.111111111,26.111111111
0.0833,0.587,0.0298,0.0869,0,0,0,0,0,21.111111111,26.111111111
0,0.565,0.0166,0.0505,0,0,0,0,0,21.111111111,26.111111111
0,0.565,0.0166,0.0505,0,0,0,0,0,21.111111111,21.111111111
0,0.565,0.0166,0.0505,0,0,0,0,0,21.111111111,21.111111111
0.194,0.623,0.0667,0.133,0,0,0,0,0.169,21.111111111,21.111111111
0.667,0.789,0.218,0.364,0,0,0,0,0.0781,21.111111111,21.111111111
0.667,0.829,0.268,0.45,0,0,0,0,0.342,17.777777778,21.111111111
0.361,0.719,0.195,0.334,0,0,0,0,0.325,17.777777778,26.111111111
0.556,0.798,0.422,0.583,0,0,0,0,0.0836,17.777777778,26.111111111
0.667,0.824,0.616,0.666,0,0,0,0.667,0.198,17.777777778,26.111111111
0.889,0.847,0.836,0.704,0,0,0,0.1,0.0418,17.777777778,26.111111111
1,0.786,0.622,0.601,0,0,0,0,0,17.777777778,26.111111111
1,0.59,0.0769,0.115,0,0,0,0,0,17.777777778,26.111111111
1,0.565,0.0166,0.0505,0,0,0,0,0,17.777777778,26.111111111
1,0.565,0.0166,0.0505,0,0,0,0,0,17.777777778,26.111111111
1,0.565,0.0166,0.0505,0,0,0,0,0,21.111111111,26.111111111
1,0.565,0.0166,0.0505,0,0,0,0,0,21.111111111,21.111111111
1,0.565,0.0166,0.0505,0,0,0,0,0,21.111111111,21.111111111
1,0.604,0.0254,0.0793,0,0,0,0,0.231,21.111111111,26.111111111
1,0.676,0.051,0.212,0,0,0,0.667,0.341,21.111111111,26.111111111
0.889,0.737,0.0808,0.346,0,0,0,0.1,0.468,21.111111111,26.111111111
0.333,0.649,0.0523,0.193,0,0,0,0,0,21.111111111,26.111111111
0.333,0.651,0.0604,0.199,0,0,0,0,0.0418,21.111111111,26.111111111
0.333,0.651,0.0673,0.197,0,0,0,0,0,21.111111111,26.111111111
0.333,0.651,0.0736,0.192,0,0,0,0,0.167,21.111111111,26.111111111
0.333,0.651,0.078,0.187,0,0,0,0,0,21.111111111,26.111111111
0.333,0.651,0.0852,0.184,0,0,0,0,0.0836,21.111111111,21.111111111
0.333,0.651,0.0912,0.184,0,0,0,0,0.0836,21.111111111,21.111111111
0.639,0.726,0.157,0.283,0,0,0,0,0.0836,21.111111111,21.111111111
0.972,0.824,0.249,0.413,0,0,0,0,0.167,21.111111111,21.111111111
1,0.789,0.232,0.396,0,0,0,0.417,0.0418,17.777777778,21.111111111
1,0.85,0.35,0.581,0,0,0,0.35,0,17.777777778,26.111111111
1,0.846,0.483,0.68,0,0,0,0,0.0836,17.777777778,26.111111111
1,0.908,0.829,0.864,0,0,0,0,0.292,17.777777778,26.111111111
1,0.888,0.943,0.804,0,0,0,0,0,17.777777778,26.111111111
1,0.81,0.682,0.666,0,0,0,0,0.127,17.777777778,26.111111111
1,0.736,0.336,0.369,0,0,0,0,0.261,17.777777778,26.111111111
1,0.644,0.0921,0.119,0,0,0,0,0,17.777777778,26.111111111
1,0.612,0.0329,0.0646,0,0,0,0,0,17.777777778,26.111111111
1,0.581,0.0201,0.0533,0,0,0,0,0,21.111111111,26.111111111
1,0.565,0.0166,0.0505,0,0,0,0,0,21.111111111,21.111111111
1,0.565,0.0166,0.0505,0,0,0,0,0,21.111111111,21.111111111
1,0.565,0.0166,0.0505,0,0,0,0,0,21.111111111,26.111111111
1,0.565,0.0166,0.0505,0,0,0,0,0,21.111111111,26.111111111
1,0.598,0.0292,0.107,0,0,0,0,0.107,21.111111111,26.111111111
0.778,0.706,0.078,0.29,0,0,0,0,0.606,21.111111111,26.111111111
0.528,0.701,0.0848,0.285,0,0,0,0,0.125,21.111111111,26.111111111
0.333,0.651,0.0673,0.197,0,0,0,0,0.0418,21.111111111,26.111111111
0.25,0.63,0.0604,0.155,0,0,0,0,0.0836,21.111111111,26.111111111
0.333,0.651,0.078,0.187,0,0,0,0,0,21.111111111,26.111111111
0.333,0.651,0.0852,0.184,0,0,0,0,0.0418,21.111111111,21.111111111
0.472,0.687,0.123,0.24,0,0,0,0,0.334,21.111111111,21.111111111
0.667,0.755,0.182,0.328,0,0,0,0.25,0.0836,21.111111111,21.111111111
0.667,0.789,0.218,0.364,0,0,0,0,0.125,21.111111111,21.111111111
0.667,0.829,0.268,0.45,0,0,0,0,0.0418,17.777777778,21.111111111
0.667,0.85,0.35,0.581,0,0,0,0,0.471,17.777777778,26.111111111
0.722,0.869,0.526,0.734,0,0,0,0.167,0.125,17.777777778,26.111111111
1,0.933,0.862,0.924,0,0,0,1,0.0418,17.777777778,26.111111111
1,0.781,0.634,0.553,0.218,0.233,0.183,1,0,17.777777778,26.111111111
1,0.686,0.354,0.348,0.298,0,0.0833,0.167,0,17.777777778,26.111111111
1,0.565,0.0166,0.0505,0,0,0,0,0,17.777777778,26.111111111
1,0.571,0.0282,0.0585,0,0.117,0,0,0,17.777777778,26.111111111
1,0.565,0.0189,0.0505,0,0,0,0,0,17.777777778,26.111111111
1,0.565,0.0189,0.0505,0,0,0,0,0,21.111111111,26.111111111
1,0.565,0.0189,0.0505,0,0,0,0,0,21.111111111,21.111111111
1,0.565,0.0189,0.0505,0,0,0,0,0,21.111111111,21.111111111
1,0.565,0.0189,0.0505,0,0,0,0,0,21.111111111,21.111111111
1,0.583,0.0235,0.0817,0,0,0,0,0.282,21.111111111,21.111111111
1,0.64,0.0452,0.179,0,0,0,0,0.177,21.111111111,21.111111111
1,0.731,0.111,0.333,0,0,0,0,0.222,21.111111111,21.111111111
0.983,0.733,0.153,0.339,0,0,0,0,0.28,21.111111111,21.111111111
0.667,0.651,0.106,0.198,0,0,0,0,0.334,21.111111111,21.111111111
0.667,0.651,0.119,0.192,0,0,0,0,0.0836,21.111111111,21.111111111
0.667,0.651,0.127,0.187,0,0,0,0,0,21.111111111,21.111111111
0.667,0.651,0.143,0.184,0,0,0,0,0.209,21.111111111,21.111111111
0.667,0.651,0.163,0.184,0,0,0,0,0,21.111111111,21.111111111
0.483,0.68,0.22,0.222,0,0,0,0,0.0418,21.111111111,21.111111111
0.333,0.675,0.193,0.204,0,0,0,0,0.125,21.111111111,21.111111111
0.517,0.771,0.303,0.364,0,0,0,0.55,0.251,17.777777778,21.111111111
0.767,0.892,0.492,0.651,0,0,0,0.217,0.292,17.777777778,26.111111111
1,0.989,0.793,0.981,0,0,0,0,0,17.777777778,26.111111111
1,0.958,0.974,0.984,0,0,0,0,0,17.777777778,26.111111111
1,0.843,0.827,0.703,0,0,0,0,0,17.777777778,26.111111111
1,0.731,0.509,0.459,0,0,0,0,0,17.777777778,26.111111111
1,0.627,0.155,0.175,0.289,0.55,0,0,0,17.777777778,26.111111111
1,0.615,0.0759,0.095,0.406,0.05,0.833,0,0,17.777777778,26.111111111
1,0.612,0.0412,0.0665,0.519,0,0.517,0,0.184,17.777777778,26.111111111
1,0.612,0.0274,0.0543,0,0,0,0,0.218,21.111111111,26.111111111
1,0.575,0.0198,0.0505,0,0,0,0,0.0825,21.111111111,21.111111111
1,0.565,0.0189,0.0505,0,0,0,0,0,21.111111111,21.111111111
1,0.591,0.0224,0.0695,0,0,0,0.55,0.125,21.111111111,21.111111111
1,0.619,0.0301,0.123,0,0,0,0.217,0.209,21.111111111,21.111111111
1,0.636,0.0435,0.172,0,0,0,0.3,0.167,21.111111111,21.111111111
1,0.695,0.0966,0.272,0,0,0,0.467,0.0505,21.111111111,21.111111111
0.733,0.673,0.103,0.235,0,0,0,0,0.21,21.111111111,21.111111111
0.933,0.806,0.264,0.463,0,0,0,0.517,0.346,21.111111111,21.111111111
0.9,0.797,0.287,0.435,0,0,0,0,0.369,21.111111111,21.111111111
0.667,0.737,0.236,0.324,0,0,0,0,0.136,21.111111111,21.111111111
0.583,0.716,0.239,0.285,0.0448,0.55,0,0,0.145,21.111111111,21.111111111
0.667,0.737,0.308,0.318,0,0.9,0.1,0,0.0418,21.111111111,21.111111111
0.667,0.751,0.344,0.326,0,0,0.717,0,0.0418,21.111111111,21.111111111
0.85,0.785,0.368,0.358,0.0757,0.717,0.0833,0,0.0418,21.111111111,21.111111111
1,0.824,0.383,0.438,0,0,1,0,0.125,17.777777778,21.111111111
1,0.928,0.546,0.723,0,0,0,0.55,0.125,17.777777778,26.111111111
1,0.989,0.793,0.981,0,0,0,0.217,0,17.777777778,26.111111111
1,0.958,0.974,0.984,0,0,0,0,0,17.777777778,26.111111111
1,0.897,1,0.828,0.34,0.3,0,0,0,17.777777778,26.111111111
1,0.797,0.709,0.62,0.178,0.417,0.583,0,0.125,17.777777778,26.111111111
1,0.673,0.265,0.279,0,0,0.233,0,0,17.777777778,26.111111111
1,0.614,0.0645,0.09,0,0,0,0,0,17.777777778,26.111111111
1,0.612,0.0329,0.0646,0,0,0,0,0.125,17.777777778,26.111111111
1,0.612,0.0218,0.0533,0,0,0,0,0,21.111111111,26.111111111
1,0.604,0.0178,0.0505,0,0,0,0,0.292,21.111111111,21.111111111
1,0.565,0.0166,0.0505,0,0,0,0,0,21.111111111,21.111111111
1,0.596,0.0237,0.0736,0,0,0,0.667,0,21.111111111,26.111111111
1,0.661,0.0474,0.2,0,0,0,0.1,0.382,21.111111111,26.111111111
0.722,0.698,0.0657,0.278,0,0,0,0,0.193,21.111111111,26.111111111
0.333,0.649,0.0523,0.193,0,0,0,0,0.167,21.111111111,26.111111111
0.333,0.651,0.0604,0.199,0,0,0,0,0.0418,21.111111111,26.111111111
0.333,0.651,0.0673,0.197,0,0,0,0,0.0418,21.111111111,26.111111111
0.556,0.708,0.113,0.284,0,0,0,0,0,21.111111111,26.111111111
0.444,0.68,0.0977,0.233,0,0,0,0,0.0418,21.111111111,26.111111111
0.333,0.651,0.0852,0.184,0,0,0,0,0.125,21.111111111,21.111111111
0.417,0.673,0.11,0.218,0,0,0,0,0.209,21.111111111,21.111111111
0.333,0.66,0.0993,0.189,0,0,0,0,0.0418,21.111111111,21.111111111
0.389,0.697,0.136,0.234,0,0,0,0,0,21.111111111,21.111111111
0.806,0.829,0.268,0.45,0,0,0,0.517,0.418,17.777777778,21.111111111
1,0.886,0.396,0.653,0,0,0,0,0.146,17.777777778,26.111111111
1,0.869,0.526,0.734,0,0,0,0,0.327,17.777777778,26.111111111
1,0.954,0.915,0.973,0,0,0,0,0.364,17.777777778,26.111111111
1,0.822,0.741,0.652,0,0,0,0,0.127,17.777777778,26.111111111
1,0.716,0.43,0.428,0,0,0,0,0,17.777777778,26.111111111
1,0.571,0.0317,0.0667,0,0,0,0,0,17.777777778,26.111111111
1,0.565,0.0166,0.0505,0,0,0,0,0,17.777777778,26.111111111
1,0.565,0.0166,0.0505,0,0,0,0,0,17.777777778,26.111111111
1,0.565,0.0166,0.0505,0,0,0,0,0,21.111111111,26.111111111
1,0.573,0.0167,0.0505,0,0,0,0,0.0894,21.111111111,21.111111111
1,0.589,0.0175,0.0508,0,0,0,0,0.0418,21.111111111,21.111111111
0.778,0.589,0.0198,0.0569,0,0,0,0.167,0.0418,21.111111111,26.111111111
0.667,0.621,0.0338,0.131,0,0,0,0.6,0.425,21.111111111,26.111111111
0.667,0.638,0.0436,0.176,0,0,0,0,0.169,21.111111111,26.111111111
0.667,0.649,0.0523,0.193,0,0,0,0,0.341,21.111111111,26.111111111
0.611,0.694,0.0837,0.274,0,0,0,0,0.152,21.111111111,26.111111111
0.333,0.651,0.0673,0.197,0,0,0,0,0.0418,21.111111111,26.111111111
0.333,0.651,0.0736,0.192,0,0,0,0,0.0418,21.111111111,26.111111111
0.417,0.673,0.0937,0.22,0,0,0,0,0.189,21.111111111,26.111111111
0.333,0.651,0.0852,0.184,0,0,0,0,0.0418,21.111111111,21.111111111
0.5,0.694,0.129,0.251,0,0,0,0,0.0418,21.111111111,21.111111111
0.333,0.66,0.0993,0.189,0,0,0,0,0.0418,21.111111111,21.111111111
0.333,0.677,0.118,0.207,0,0,0,0.417,0.0836,21.111111111,21.111111111
0.472,0.754,0.198,0.341,0,0,0,0.35,0,17.777777778,21.111111111
0.667,0.85,0.35,0.581,0,0,0,0,0.292,17.777777778,26.111111111
0.667,0.846,0.483,0.68,0,0,0,0,0.0418,17.777777778,26.111111111
0.75,0.855,0.696,0.74,0,0,0,0,0.125,17.777777778,26.111111111
0.889,0.847,0.836,0.704,0,0,0,0,0,17.777777778,26.111111111
1,0.761,0.561,0.537,0,0,0,0,0.103,17.777777778,26.111111111
1,0.676,0.225,0.259,0,0,0,0,0.178,17.777777778,26.111111111
1,0.57,0.0228,0.0562,0,0,0,0,0,17.777777778,26.111111111
1,0.565,0.0166,0.0505,0,0,0,0,0,17.777777778,26.111111111
1,0.565,0.0166,0.0505,0,0,0,0,0,21.111111111,26.111111111
1,0.565,0.0166,0.0505,0,0,0,0,0,21.111111111,21.111111111
1,0.565,0.0166,0.0505,0,0,0,0,0,21.111111111,21.111111111
1,0.565,0.0166,0.0505,0,0,0,0,0,21.111111111,26.111111111
1,0.605,0.0302,0.12,0,0,0,0,0.242,21.111111111,26.111111111
1,0.744,0.0841,0.357,0,0,0,0,0.536,21.111111111,26.111111111
0.861,0.781,0.108,0.417,0,0,0,0.667,0.32,21.111111111,26.111111111
0.444,0.68,0.0732,0.247,0,0,0,0.1,0,21.111111111,26.111111111
0.333,0.651,0.0673,0.197,0,0,0,0,0,21.111111111,26.111111111
0.333,0.651,0.0736,0.192,0,0,0,0,0,21.111111111,26.111111111
0.333,0.651,0.078,0.187,0,0,0,0.667,0.209,21.111111111,26.111111111
0.333,0.651,0.0852,0.184,0,0,0,0.1,0.292,21.111111111,21.111111111
0.333,0.651,0.0912,0.184,0,0,0,0,0.209,21.111111111,21.111111111
0.333,0.66,0.0993,0.189,0,0,0,0,0.167,21.111111111,21.111111111
0.5,0.732,0.166,0.283,0,0,0,0,0.411,21.111111111,21.111111111
0.333,0.697,0.142,0.251,0,0,0,0,0.125,17.777777778,21.111111111
0.556,0.804,0.305,0.508,0,0,0,0,0.0418,17.777777778,26.111111111
0.667,0.846,0.483,0.68,0,0,0,0,0.0418,17.777777778,26.111111111
0.722,0.845,0.669,0.715,0,0,0,0,0.125,17.777777778,26.111111111
1,0.872,0.893,0.766,0,0,0,0.667,0.0418,17.777777778,26.111111111
1,0.728,0.46,0.461,0,0,0,0.617,0,17.777777778,26.111111111
0.944,0.64,0.175,0.214,0,0,0,0,0,17.777777778,26.111111111
0.667,0.565,0.0166,0.0505,0,0,0,0,0,17.777777778,26.111111111
0.667,0.565,0.0166,0.0505,0,0,0,0,0,17.777777778,26.111111111
0.806,0.585,0.0176,0.0505,0,0,0,0,0.167,21.111111111,26.111111111
1,0.581,0.0174,0.0505,0,0,0,0,0,21.111111111,21.111111111
1,0.598,0.0194,0.0517,0,0,0,0,0.125,21.111111111,21.111111111
0.944,0.606,0.0233,0.0682,0,0,0,0,0.209,21.111111111,26.111111111
0.806,0.576,0.02,0.0676,0,0,0,0,0.0418,21.111111111,26.111111111
1,0.64,0.0434,0.174,0,0,0,0,0.0418,21.111111111,26.111111111
1,0.651,0.052,0.191,0,0,0,0,0.251,21.111111111,26.111111111
0.944,0.697,0.0831,0.27,0,0,0,0,0,21.111111111,26.111111111
0.667,0.653,0.0669,0.194,0,0,0,0,0,21.111111111,26.111111111
0.667,0.712,0.112,0.279,0,0,0,0.417,0.217,21.111111111,26.111111111
0.361,0.66,0.0825,0.195,0,0,0,0.35,0.125,21.111111111,26.111111111
0.333,0.653,0.0847,0.181,0,0,0,0,0,21.111111111,21.111111111
0.333,0.653,0.0906,0.181,0,0,0,0,0.292,21.111111111,21.111111111
0.333,0.662,0.0987,0.183,0,0,0,0,0,21.111111111,21.111111111
0.5,0.74,0.171,0.266,0,0,0,0,0,21.111111111,21.111111111
0.639,0.823,0.257,0.378,0,0,0,0,0.0418,17.777777778,21.111111111
0.667,0.855,0.348,0.495,0,0,0,0,0.0836,17.777777778,26.111111111
0.528,0.792,0.373,0.489,0,0,0,0,0.161,17.777777778,26.111111111
0.333,0.697,0.314,0.36,0,0,0,0,0.125,17.777777778,26.111111111
0.778,0.816,0.729,0.702,0,0,0,0,0,17.777777778,26.111111111
1,0.766,0.557,0.526,0,0,0,0,0,17.777777778,26.111111111
1,0.596,0.0915,0.115,0,0,0,0,0,17.777777778,26.111111111
1,0.565,0.0166,0.0505,0,0,0,0,0,17.777777778,26.111111111
1,0.565,0.0166,0.0505,0,0,0,0,0,17.777777778,26.111111111
1,0.565,0.0166,0.0505,0,0,0,0,0,21.111111111,26.111111111
1,0.565,0.0166,0.0505,0,0,0,0,0,21.111111111,21.111111111
1,0.565,0.0166,0.0505,0,0,0,0,0,21.111111111,21.111111111
1,0.598,0.0236,0.0732,0,0,0,0,0.211,21.111111111,26.111111111
1,0.664,0.0472,0.199,0,0,0,0,0.36,21.111111111,26.111111111
1,0.694,0.0627,0.265,0,0,0,0,0.425,21.111111111,26.111111111
1,0.795,0.113,0.426,0,0,0,0.667,0.296,21.111111111,26.111111111
0.722,0.756,0.109,0.365,0,0,0,0.1,0.225,21.111111111,26.111111111
0.333,0.653,0.0669,0.194,0,0,0,0,0.0418,21.111111111,26.111111111
0.333,0.653,0.0731,0.189,0,0,0,0.417,0.0418,21.111111111,26.111111111
0.333,0.653,0.0776,0.184,0.352,0.25,0.417,1,0.125,21.111111111,26.111111111
0.333,0.653,0.0847,0.181,0.535,0,0.633,0.117,0.167,21.111111111,21.111111111
0.333,0.653,0.0906,0.181,0,0,0,0,0.0836,21.111111111,21.111111111
0.389,0.679,0.113,0.206,0,0,0,0,0.0418,21.111111111,21.111111111
0.972,0.899,0.31,0.466,0,0,0,0.667,0.425,21.111111111,21.111111111
0.944,0.944,0.369,0.53,0,0,0,0.1,0.093,17.777777778,21.111111111
0.667,0.855,0.348,0.495,0,0,0,0,0.0418,17.777777778,26.111111111
0.889,0.946,0.632,0.801,0,0,0,0,0,17.777777778,26.111111111
1,0.961,0.909,0.98,0,0,0,0,0.0418,17.777777778,26.111111111
1,0.895,0.936,0.899,0,0,0,0,0.0418,17.777777778,26.111111111
1,0.754,0.527,0.5,0,0,0,0,0,17.777777778,26.111111111
1,0.604,0.0952,0.119,0,0,0,0,0,17.777777778,26.111111111
1,0.565,0.0182,0.0505,0,0,0,0,0,17.777777778,26.111111111
1,0.565,0.0189,0.0505,0,0,0,0,0,17.777777778,26.111111111
1,0.565,0.0189,0.0505,0,0,0,0,0,21.111111111,26.111111111
1,0.565,0.0189,0.0505,0,0,0,0,0,21.111111111,21.111111111
1,0.565,0.0189,0.0505,0,0,0,0,0,21.111111111,21.111111111
1,0.565,0.0189,0.0505,0,0,0,0,0,21.111111111,21.111111111
1,0.565,0.0189,0.0505,0,0,0,0,0,21.111111111,21.111111111
0.944,0.606,0.0349,0.118,0,0,0,0,0.417,21.111111111,21.111111111
0.667,0.639,0.0664,0.17,0,0,0,0.417,0.237,21.111111111,21.111111111
0.667,0.741,0.16,0.342,0,0,0,0.85,0.319,21.111111111,21.111111111
0.667,0.741,0.195,0.338,0,0,0,0,0.0927,21.111111111,21.111111111
0.611,0.726,0.202,0.304,0,0,0,0,0.329,21.111111111,21.111111111
0.556,0.712,0.202,0.271,0,0,0,0.167,0,21.111111111,21.111111111
0.667,0.741,0.27,0.312,0,0,0,0.0833,0.125,21.111111111,21.111111111
0.667,0.741,0.31,0.311,0,0,0,0,0.251,21.111111111,21.111111111
0.667,0.759,0.345,0.316,0,0,0,0,0.292,21.111111111,21.111111111
0.667,0.794,0.367,0.335,0,0,0,0,0.125,21.111111111,21.111111111
0.75,0.868,0.428,0.436,0,0,0,0,0.0418,17.777777778,21.111111111
0.667,0.855,0.431,0.495,0,0,0,0,0.213,17.777777778,26.111111111
0.667,0.851,0.547,0.615,0,0,0,0,0.558,17.777777778,26.111111111
0.667,0.829,0.663,0.67,0,0,0,0,0.211,17.777777778,26.111111111
0.972,0.884,0.955,0.873,0,0,0,0,0.0861,17.777777778,26.111111111
0.778,0.735,0.51,0.461,0,0,0,0,0.124,17.777777778,26.111111111
0.667,0.627,0.141,0.148,0,0,0,0,0,17.777777778,26.111111111
0.667,0.616,0.0694,0.09,0,0,0,0,0.0418,17.777777778,26.111111111
0.667,0.569,0.0217,0.0526,0,0,0,0,0,17.777777778,26.111111111
0.667,0.565,0.0189,0.0505,0,0,0,0,0,21.111111111,26.111111111
0.889,0.565,0.0189,0.0505,0,0,0,0,0,21.111111111,21.111111111
1,0.565,0.0189,0.0505,0,0,0,0,0,21.111111111,21.111111111
1,0.565,0.0189,0.0505,0,0,0,0,0,21.111111111,21.111111111
1,0.565,0.0189,0.0505,0,0,0,0,0,21.111111111,21.111111111
1,0.619,0.0403,0.14,0,0,0,0,0.391,21.111111111,21.111111111
1,0.724,0.115,0.31,0,0,0,0,0.107,21.111111111,21.111111111
0.556,0.712,0.128,0.292,0,0,0,0,0.0418,21.111111111,21.111111111
0.333,0.653,0.107,0.194,0,0,0,0,0.209,21.111111111,21.111111111
0.333,0.653,0.119,0.189,0,0,0,0,0.0418,21.111111111,21.111111111
0.556,0.712,0.202,0.271,0.318,0.667,0,0,0.292,21.111111111,21.111111111
0.667,0.741,0.27,0.312,0.722,0.85,0.15,0,0.125,21.111111111,21.111111111
0.667,0.741,0.31,0.311,0.0804,0,0.9,0,0.418,21.111111111,21.111111111
0.667,0.759,0.345,0.316,0,0,0,0,0.125,21.111111111,21.111111111
0.611,0.774,0.338,0.311,0,0,0,0,0.242,21.111111111,21.111111111
0.389,0.723,0.231,0.251,0,0,0,0,0.268,17.777777778,21.111111111
0.639,0.844,0.421,0.49,0,0,0,0,0.132,17.777777778,26.111111111
0.861,0.935,0.692,0.771,0,0,0,0,0.43,17.777777778,26.111111111
0.889,0.914,0.889,0.88,0,0,0,0.667,0.0765,17.777777778,26.111111111
1,0.895,0.984,0.899,0,0,0,1,0.116,17.777777778,26.111111111
1,0.728,0.481,0.433,0,0,0,0.633,0,17.777777778,26.111111111
1,0.627,0.141,0.148,0,0,0,0,0,17.777777778,26.111111111
1,0.616,0.0641,0.09,0,0,0,0,0,17.777777778,26.111111111
1,0.594,0.0283,0.0611,0,0,0,0,0.125,17.777777778,26.111111111
1,0.565,0.0166,0.0505,0,0,0,0,0,21.111111111,26.111111111
1,0.565,0.0166,0.0505,0,0,0,0,0,21.111111111,21.111111111
1,0.565,0.0166,0.0505,0,0,0,0,0,21.111111111,21.111111111
1,0.565,0.0166,0.0505,0,0,0,0,0,21.111111111,26.111111111
1,0.576,0.02,0.0676,0,0,0,0,0.0418,21.111111111,26.111111111
0.861,0.674,0.056,0.23,0,0,0,0.167,0.188,21.111111111,26.111111111
0.972,0.816,0.12,0.46,0,0,0,0.0833,0.408,21.111111111,26.111111111
0.861,0.792,0.128,0.426,0,0,0,0,0.343,21.111111111,26.111111111
0.667,0.741,0.117,0.338,0,0,0,0,0.209,21.111111111,26.111111111
0.361,0.66,0.0775,0.201,0,0,0,0,0.0836,21.111111111,26.111111111
0.333,0.595,0.0361,0.0959,0,0,0,0,0.125,21.111111111,26.111111111
0.333,0.565,0.0166,0.0505,0,0,0,0,0,21.111111111,21.111111111
0.333,0.58,0.0292,0.0723,0,0,0,0,0.336,21.111111111,21.111111111
0.111,0.595,0.0418,0.0941,0,0,0,0,0.209,21.111111111,21.111111111
0.111,0.606,0.0524,0.0994,0,0,0,0,0,21.111111111,21.111111111
0.667,0.833,0.266,0.39,0,0,0,0,0.0836,17.777777778,21.111111111
0.667,0.855,0.348,0.495,0,0,0,0,0.167,17.777777778,26.111111111
0.667,0.851,0.48,0.615,0,0,0,0.917,0.0418,17.777777778,26.111111111
0.972,0.949,0.887,0.955,0,0,0,0.35,0,17.777777778,26.111111111
1,0.895,0.936,0.899,0,0,0,0,0,17.777777778,26.111111111
1,0.754,0.527,0.5,0,0,0,0,0.182,17.777777778,26.111111111
1,0.627,0.126,0.148,0,0,0,0,0,17.777777778,26.111111111
1,0.608,0.0552,0.0858,0,0,0,0,0,17.777777778,26.111111111
1,0.565,0.0166,0.0505,0,0,0,0,0,17.777777778,26.111111111
1,0.565,0.0166,0.0505,0,0,0,0,0,21.111111111,26.111111111
1,0.565,0.0166,0.0505,0,0,0,0,0,21.111111111,21.111111111
1,0.565,0.0166,0.0505,0,0,0,0,0,21.111111111,21.111111111
1,0.594,0.0227,0.0704,0,0,0,0,0.0825,21.111111111,26.111111111
1,0.69,0.0541,0.227,0,0,0,0,0.687,21.111111111,26.111111111
0.944,0.776,0.0921,0.4,0,0,0,0,0.285,21.111111111,26.111111111
0.444,0.678,0.0621,0.236,0,0,0,0,0,21.111111111,26.111111111
0.333,0.653,0.0601,0.196,0.0896,0.167,0,0,0.0836,21.111111111,26.111111111
0.333,0.653,0.0669,0.194,0.493,0.583,0.417,0,0,21.111111111,26.111111111
0.333,0.653,0.0731,0.189,0.0541,0,0.367,0,0.0418,21.111111111,26.111111111
0.333,0.653,0.0776,0.184,0,0,0,0,0.334,21.111111111,26.111111111
0.333,0.653,0.0847,0.181,0,0,0,0,0.0836,21.111111111,21.111111111
0.333,0.653,0.0906,0.181,0,0,0,0,0.167,21.111111111,21.111111111
0.333,0.662,0.0987,0.183,0,0,0,0,0.435,21.111111111,21.111111111
0.333,0.679,0.117,0.193,0,0,0,0.417,0.0891,21.111111111,21.111111111
0.333,0.699,0.141,0.22,0,0,0,0.6,0.292,17.777777778,21.111111111
0.556,0.808,0.303,0.434,0,0,0,0,0.0418,17.777777778,26.111111111
0.667,0.851,0.48,0.615,0,0,0,0,0,17.777777778,26.111111111
0.889,0.914,0.823,0.88,0,0,0,0,0.0418,17.777777778,26.111111111
1,0.895,0.936,0.899,0,0,0,0,0,17.777777778,26.111111111
1,0.754,0.527,0.5,0,0,0,0,0,17.777777778,26.111111111
1,0.604,0.0952,0.119,0,0,0,0,0,17.777777778,26.111111111
1,0.565,0.0166,0.0505,0,0,0,0,0,17.777777778,26.111111111
1,0.565,0.0166,0.0505,0,0,0,0,0,17.777777778,26.111111111
1,0.565,0.0166,0.0505,0,0,0,0,0,21.111111111,26.111111111
1,0.565,0.0166,0.0505,0,0,0,0,0,21.111111111,21.111111111
1,0.565,0.0166,0.0505,0,0,0,0,0,21.111111111,21.111111111
1,0.565,0.0166,0.0505,0,0,0,0,0,21.111111111,26.111111111
0.861,0.663,0.0487,0.213,0.156,0.167,0,0,0.259,21.111111111,26.111111111
0.667,0.715,0.0703,0.298,0.663,1,0,0,0,21.111111111,26.111111111
0.667,0.737,0.0875,0.331,0.49,0.35,0.65,0,0.0836,21.111111111,26.111111111
0.667,0.741,0.104,0.342,0.536,0,0.133,0,0.209,21.111111111,26.111111111
0.667,0.741,0.117,0.338,0.457,0,0,0,0,21.111111111,26.111111111
0.667,0.741,0.13,0.327,0.538,0,0,0.167,0.0836,21.111111111,26.111111111
0.528,0.704,0.113,0.262,0,0,0,0.333,0.387,21.111111111,26.111111111
0.333,0.653,0.0847,0.181,0,0,0,0,0.0418,21.111111111,21.111111111
0.333,0.609,0.0529,0.116,0,0,0,0,0.0836,21.111111111,21.111111111
0.333,0.662,0.0987,0.183,0,0,0,0,0.125,21.111111111,21.111111111
0.389,0.7,0.135,0.217,0,0,0,0.917,0.209,21.111111111,21.111111111
0.667,0.833,0.266,0.39,0,0,0,0.35,0.0418,17.777777778,21.111111111
0.667,0.855,0.348,0.495,0,0,0,0.417,0.0418,17.777777778,26.111111111
0.667,0.851,0.48,0.615,0,0,0,0.35,0.119,17.777777778,26.111111111
0.667,0.829,0.611,0.67,0,0,0,0,0.286,17.777777778,26.111111111
0.972,0.842,0.784,0.762,0,0,0,0,0.187,17.777777778,26.111111111
1,0.732,0.457,0.437,0,0,0,0,0.345,17.777777778,26.111111111
1,0.633,0.141,0.161,0,0,0,0,0.136,17.777777778,26.111111111
1,0.584,0.0415,0.0732,0,0,0,0,0,17.777777778,26.111111111
1,0.565,0.0166,0.0505,0,0,0,0,0,17.777777778,26.111111111
1,0.565,0.0166,0.0505,0,0,0,0,0,21.111111111,26.111111111
1,0.598,0.017,0.0505,0,0,0,0,0.0418,21.111111111,21.111111111
0.833,0.589,0.0175,0.0508,0,0,0,0,0.0418,21.111111111,21.111111111
1,0.658,0.0331,0.097,0,0,0,0,0.343,21.111111111,26.111111111
1,0.68,0.0507,0.21,0,0,0,0,0.583,21.111111111,26.111111111
0.694,0.699,0.0652,0.273,0,0,0,0,0.195,21.111111111,26.111111111
0.444,0.678,0.0621,0.236,0,0,0,0,0.11,21.111111111,26.111111111
0.333,0.653,0.0601,0.196,0,0,0,0,0.155,21.111111111,26.111111111
0.333,0.653,0.0669,0.194,0,0,0,0,0.387,21.111111111,26.111111111
0.333,0.653,0.0731,0.189,0,0,0,0.167,0.153,21.111111111,26.111111111
0.333,0.653,0.0776,0.184,0,0,0,1,0.167,21.111111111,26.111111111
0.333,0.653,0.0847,0.181,0,0,0,0.367,0.125,21.111111111,21.111111111
0.333,0.653,0.0906,0.181,0,0,0,0,0.0836,21.111111111,21.111111111
0.333,0.662,0.0987,0.183,0,0,0,0,0.0418,21.111111111,21.111111111
0.333,0.679,0.117,0.193,0,0,0,0,0.125,21.111111111,21.111111111
0.472,0.758,0.197,0.296,0.405,0.417,0,0,0,17.777777778,21.111111111
0.667,0.855,0.348,0.495,0.484,0.333,0.667,0,0.292,17.777777778,26.111111111
0.833,0.923,0.589,0.751,0.522,0,0.383,0,0.0418,17.777777778,26.111111111
0.667,0.829,0.611,0.67,0.111,0,0,0,0.0418,17.777777778,26.111111111
0.667,0.785,0.63,0.616,0,0,0,0,0,17.777777778,26.111111111
0.667,0.732,0.457,0.437,0,0,0,0,0,17.777777778,26.111111111
0.972,0.67,0.231,0.239,0,0,0,0,0,17.777777778,26.111111111
1,0.616,0.0598,0.09,0,0,0,0,0.424,17.777777778,26.111111111
1,0.614,0.0327,0.0646,0,0,0,0,0.305,17.777777778,26.111111111
1,0.594,0.0207,0.0533,0,0,0,0,0,21.111111111,26.111111111
1,0.565,0.0166,0.0505,0,0,0,0,0,21.111111111,21.111111111
0.778,0.565,0.0166,0.0505,0,0,0,0,0,21.111111111,21.111111111
0.667,0.573,0.0183,0.0562,0,0,0,0,0.108,21.111111111,26.111111111
0.667,0.648,0.0421,0.173,0,0,0,0.917,0.581,21.111111111,26.111111111
0.444,0.661,0.0502,0.209,0,0,0,1,0.356,21.111111111,26.111111111
0.472,0.673,0.0616,0.227,0,0,0,0.383,0.334,21.111111111,26.111111111
0.667,0.653,0.0601,0.196,0,0,0,0,0.28,21.111111111,26.111111111
0.611,0.653,0.0669,0.194,0,0,0,0,0.364,21.111111111,26.111111111
0.333,0.653,0.0731,0.189,0,0,0,0,0,21.111111111,26.111111111
0.556,0.712,0.119,0.271,0,0,0,0,0.0836,21.111111111,26.111111111
0.444,0.682,0.105,0.225,0,0,0,0,0.251,21.111111111,21.111111111
0.333,0.653,0.0906,0.181,0,0,0,0,0,21.111111111,21.111111111
0.333,0.662,0.0987,0.183,0,0,0,0,0.209,21.111111111,21.111111111
0.333,0.679,0.117,0.193,0,0,0,0,0.0418,21.111111111,21.111111111
0.472,0.758,0.197,0.296,0,0,0,0.167,0.232,17.777777778,21.111111111
0.667,0.855,0.348,0.495,0,0,0,0.6,0.263,17.777777778,26.111111111
0.722,0.874,0.522,0.665,0,0,0,0,0.0418,17.777777778,26.111111111
1,0.961,0.909,0.98,0,0,0,0,0,17.777777778,26.111111111
1,0.853,0.811,0.788,0,0,0,0,0.0836,17.777777778,26.111111111
1,0.67,0.307,0.307,0,0,0,0,0,17.777777778,26.111111111
1,0.565,0.0166,0.0505,0,0,0,0,0,17.777777778,26.111111111
1,0.565,0.0182,0.0505,0,0,0,0,0,17.777777778,26.111111111
1,0.565,0.0189,0.0505,0,0,0,0,0,17.777777778,26.111111111
1,0.565,0.0189,0.0505,0,0,0,0,0,21.111111111,26.111111111
1,0.565,0.0189,0.0505,0,0,0,0,0,21.111111111,21.111111111
1,0.565,0.0189,0.0505,0,0,0,0,0,21.111111111,21.111111111
1,0.565,0.0189,0.0505,0,0,0,0,0,21.111111111,21.111111111
1,0.606,0.029,0.119,0,0,0,0.5,0.125,21.111111111,21.111111111
1,0.654,0.0506,0.197,0,0,0,0,0.161,21.111111111,21.111111111
0.778,0.678,0.0782,0.236,0,0,0,0,0.441,21.111111111,21.111111111
0.667,0.653,0.0895,0.196,0,0,0,0.167,0.179,21.111111111,21.111111111
0.667,0.653,0.107,0.194,0,0,0,1,0.448,21.111111111,21.111111111
0.833,0.697,0.168,0.258,0,0,0,0.617,0.118,21.111111111,21.111111111
0.889,0.712,0.202,0.271,0,0,0,0,0,21.111111111,21.111111111
0.778,0.682,0.182,0.225,0,0,0,0.167,0.187,21.111111111,21.111111111
0.667,0.712,0.266,0.268,0,0,0,1,0.203,21.111111111,21.111111111
0.667,0.759,0.345,0.316,0,0,0,0.617,0.251,21.111111111,21.111111111
0.667,0.794,0.367,0.335,0,0,0,0,0.0418,21.111111111,21.111111111
0.444,0.739,0.259,0.269,0,0,0,0,0.125,17.777777778,21.111111111
0.333,0.71,0.225,0.273,0,0,0,0,0,17.777777778,26.111111111
0.389,0.731,0.331,0.383,0,0,0,0,0.254,17.777777778,26.111111111
0.889,0.914,0.889,0.88,0,0,0,0,0.154,17.777777778,26.111111111
1,0.878,0.932,0.855,0,0,0,0,0.456,17.777777778,26.111111111
1,0.657,0.279,0.266,0,0,0,0,0.0418,17.777777778,26.111111111
1,0.604,0.105,0.119,0,0,0,0,0,17.777777778,26.111111111
1,0.565,0.0189,0.0505,0,0,0,0,0,17.777777778,26.111111111
1,0.565,0.0189,0.0505,0,0,0,0,0,17.777777778,26.111111111
1,0.565,0.0189,0.0505,0,0,0,0,0,21.111111111,26.111111111
1,0.565,0.0189,0.0505,0,0,0,0,0,21.111111111,21.111111111
1,0.565,0.0189,0.0505,0,0,0,0,0,21.111111111,21.111111111
1,0.565,0.0189,0.0505,0,0,0,0,0,21.111111111,21.111111111
1,0.565,0.0189,0.0505,0,0,0,0,0,21.111111111,21.111111111
1,0.579,0.0243,0.0729,0,0,0,0.167,0.0418,21.111111111,21.111111111
1,0.651,0.0676,0.191,0,0,0,1,0.167,21.111111111,21.111111111
1,0.712,0.141,0.294,0,0,0,0.1,0.282,21.111111111,21.111111111
0.861,0.704,0.156,0.279,0,0,0,0,0.19,21.111111111,21.111111111
0.667,0.653,0.119,0.189,0,0,0,0,0,21.111111111,21.111111111
0.667,0.712,0.202,0.271,0,0,0,0.667,0.0836,21.111111111,21.111111111
0.889,0.741,0.27,0.312,0,0,0,0.1,0.292,21.111111111,21.111111111
1,0.8,0.412,0.399,0.229,0.5,0.25,0,0.209,21.111111111,21.111111111
1,0.855,0.508,0.449,0.725,0,0,0,0.292,21.111111111,21.111111111
1,0.908,0.542,0.477,0,0,0,0,0.0418,21.111111111,21.111111111
1,0.967,0.563,0.56,0,0,0,0,0.282,17.777777778,21.111111111
1,1,0.637,0.717,0,0,0,0,0.125,17.777777778,26.111111111
1,0.993,0.812,0.897,0,0,0,0,0,17.777777778,26.111111111
1,0.961,0.985,0.98,0,0,0,0,0,17.777777778,26.111111111
1,0.827,0.775,0.721,0.507,0.75,0.167,0,0,17.777777778,26.111111111
1,0.682,0.357,0.333,0.59,0,0.35,0,0,17.777777778,26.111111111
1,0.618,0.127,0.136,0.342,0,0,0,0,17.777777778,26.111111111
1,0.565,0.0174,0.0505,0,0,0,0,0,17.777777778,26.111111111
1,0.565,0.0166,0.0505,0,0,0,0,0,17.777777778,26.111111111
1,0.565,0.0166,0.0505,0,0,0,0,0,21.111111111,26.111111111
1,0.565,0.0166,0.0505,0,0,0,0,0,21.111111111,21.111111111
1,0.565,0.0166,0.0505,0,0,0,0,0,21.111111111,21.111111111
1,0.565,0.0166,0.0505,0,0,0,0,0,21.111111111,26.111111111
1,0.606,0.0301,0.119,0,0,0,0,0.0836,21.111111111,26.111111111
1,0.748,0.0836,0.354,0,0,0,0,0.19,21.111111111,26.111111111
0.583,0.714,0.0773,0.294,0,0,0,0,0.0583,21.111111111,26.111111111
0,0.565,0.0166,0.0505,0,0,0,0,0,21.111111111,26.111111111
0.139,0.602,0.0384,0.11,0,0,0,0.417,0.125,21.111111111,26.111111111
0.333,0.653,0.0731,0.189,0,0,0,0.85,0,21.111111111,26.111111111
0.333,0.653,0.0776,0.184,0,0,0,0,0.125,21.111111111,26.111111111
0.333,0.653,0.0847,0.181,0,0,0,0,0.125,21.111111111,21.111111111
0.333,0.653,0.0906,0.181,0,0,0,0,0.0836,21.111111111,21.111111111
0.333,0.662,0.0987,0.183,0,0,0,0,0.125,21.111111111,21.111111111
0.639,0.785,0.21,0.324,0,0,0,0,0.0836,21.111111111,21.111111111
0.667,0.81,0.244,0.36,0.147,0.167,0,0,0.0418,17.777777778,21.111111111
0.667,0.71,0.182,0.273,0.516,0.583,0.417,0,0.0836,17.777777778,26.111111111
0.806,0.767,0.355,0.459,0,0,0.367,0,0.167,17.777777778,26.111111111
1,0.914,0.823,0.88,0,0,0,0,0.283,17.777777778,26.111111111
1,0.895,0.936,0.899,0,0,0,0,0.627,17.777777778,26.111111111
1,0.691,0.362,0.355,0,0,0,0,0,17.777777778,26.111111111
1,0.627,0.126,0.148,0,0,0,0,0.0577,17.777777778,26.111111111
1,0.584,0.0415,0.0732,0,0,0,0,0,17.777777778,26.111111111
1,0.565,0.0166,0.0505,0,0,0,0,0,17.777777778,26.111111111
1,0.565,0.0166,0.0505,0,0,0,0,0,21.111111111,26.111111111
1,0.565,0.0166,0.0505,0,0,0,0,0,21.111111111,21.111111111
1,0.565,0.0166,0.0505,0,0,0,0,0,21.111111111,21.111111111
1,0.573,0.0183,0.0562,0,0,0,0,0.117,21.111111111,26.111111111
1,0.622,0.0336,0.13,0,0,0,0,0.132,21.111111111,26.111111111
1,0.64,0.0434,0.174,0,0,0,0,0.151,21.111111111,26.111111111
1,0.71,0.0775,0.286,0,0,0,0,0.651,21.111111111,26.111111111
0.722,0.682,0.0728,0.244,0,0,0,0,0.228,21.111111111,26.111111111
0.333,0.653,0.0669,0.194,0,0,0,0,0.167,21.111111111,26.111111111
0.333,0.653,0.0731,0.189,0,0,0,0,0.125,21.111111111,26.111111111
0.389,0.668,0.0879,0.206,0,0,0,0,0,21.111111111,26.111111111
0.444,0.682,0.105,0.225,0,0,0,0,0.125,21.111111111,21.111111111
0.333,0.653,0.0906,0.181,0,0,0,0,0.251,21.111111111,21.111111111
0.472,0.704,0.134,0.239,0,0,0,0.417,0.251,21.111111111,21.111111111
0.667,0.794,0.217,0.335,0,0,0,0.767,0.0836,21.111111111,21.111111111
0.889,0.927,0.355,0.511,0.00927,0.167,0,1,0.428,17.777777778,21.111111111
1,1,0.513,0.717,0.417,0.583,0.417,0.1,0.491,17.777777778,26.111111111
1,0.993,0.711,0.897,0,0,0.633,0,0.319,17.777777778,26.111111111
1,0.939,0.856,0.928,0,0,0,0,0.142,17.777777778,26.111111111
1,0.785,0.63,0.616,0,0,0,0,0,17.777777778,26.111111111
1,0.732,0.457,0.437,0,0,0,0,0,17.777777778,26.111111111
1,0.652,0.186,0.2,0,0,0,0,0,17.777777778,26.111111111
1,0.616,0.0598,0.09,0,0,0,0,0.0418,17.777777778,26.111111111
1,0.594,0.0283,0.0611,0,0,0,0,0.15,17.777777778,26.111111111
1,0.565,0.0166,0.0505,0,0,0,0,0,21.111111111,26.111111111
1,0.565,0.0166,0.0505,0,0,0,0,0,21.111111111,21.111111111
1,0.565,0.0166,0.0505,0,0,0,0,0,21.111111111,21.111111111
1,0.565,0.0166,0.0505,0,0,0,0,0,21.111111111,26.111111111
1,0.658,0.047,0.205,0,0,0,0.167,0.501,21.111111111,26.111111111
1,0.789,0.0971,0.422,0,0,0,1,0.578,21.111111111,26.111111111
0.694,0.743,0.09,0.342,0,0,0,1,0.328,21.111111111,26.111111111
0.444,0.682,0.0728,0.244,0,0,0,0.133,0,21.111111111,26.111111111
0.333,0.653,0.0669,0.194,0,0,0,0,0.125,21.111111111,26.111111111
0.333,0.653,0.0731,0.189,0,0,0,0.167,0.209,21.111111111,26.111111111
0.333,0.653,0.0776,0.184,0,0,0,1,0.251,21.111111111,26.111111111
0.333,0.653,0.0847,0.181,0,0,0,0.367,0.0836,21.111111111,21.111111111
0.194,0.617,0.0592,0.127,0,0,0,0,0.292,21.111111111,21.111111111
0.111,0.599,0.045,0.0951,0,0,0,0.167,0,21.111111111,21.111111111
0.722,0.814,0.235,0.36,0,0,0,0.333,0.167,21.111111111,21.111111111
0.944,0.944,0.369,0.53,0,0,0,0,0.209,17.777777778,21.111111111
0.75,0.892,0.393,0.555,0,0,0,0.167,0.209,17.777777778,26.111111111
0.806,0.909,0.586,0.741,0,0,0,0.6,0.167,17.777777778,26.111111111
1,0.961,0.909,0.98,0,0,0,0,0.175,17.777777778,26.111111111
1,0.827,0.736,0.721,0,0,0,0,0.271,17.777777778,26.111111111
1,0.72,0.427,0.411,0,0,0,0,0.0739,17.777777778,26.111111111
1,0.627,0.126,0.148,0,0,0,0,0,17.777777778,26.111111111
1,0.616,0.0598,0.09,0,0,0,0,0,17.777777778,26.111111111
1,0.606,0.031,0.0632,0,0,0,0,0,17.777777778,26.111111111
1,0.565,0.0166,0.0505,0,0,0,0,0,21.111111111,26.111111111
1,0.565,0.0166,0.0505,0,0,0,0,0,21.111111111,21.111111111
1,0.565,0.0166,0.0505,0,0,0,0,0,21.111111111,21.111111111
1,0.61,0.0246,0.0737,0,0,0,0,0.518,21.111111111,26.111111111
0.944,0.653,0.0438,0.182,0,0,0,0,0.13,21.111111111,26.111111111
0.667,0.64,0.0434,0.174,0,0,0,0,0.167,21.111111111,26.111111111
0.806,0.746,0.0933,0.346,0,0,0,0.417,0.162,21.111111111,26.111111111
0.694,0.748,0.107,0.354,0,0,0,0.0833,0.331,21.111111111,26.111111111
0.444,0.682,0.0823,0.243,0,0,0,0,0.0836,21.111111111,26.111111111
0.639,0.734,0.125,0.315,0,0,0,0,0.0418,21.111111111,26.111111111
0.667,0.741,0.139,0.317,0,0,0,0,0,21.111111111,26.111111111
0.667,0.741,0.153,0.312,0,0,0,0,0.209,21.111111111,21.111111111
0.667,0.741,0.165,0.311,0,0,0,0,0.46,21.111111111,21.111111111
0.667,0.759,0.181,0.316,0,0,0,0,0,21.111111111,21.111111111
0.361,0.688,0.124,0.204,0,0,0,0,0.125,21.111111111,21.111111111
0.389,0.723,0.164,0.251,0,0,0,0,0.0418,17.777777778,21.111111111
0.667,0.855,0.348,0.495,0,0,0,0,0.167,17.777777778,26.111111111
0.806,0.909,0.586,0.741,0,0,0,0,0.209,17.777777778,26.111111111
1,0.939,0.856,0.928,0,0,0,0,0,17.777777778,26.111111111
1,0.768,0.58,0.572,0,0,0,0,0.422,17.777777778,26.111111111
1,0.618,0.162,0.179,0,0,0,0,0,17.777777778,26.111111111
1,0.565,0.0166,0.0505,0,0,0,0,0,17.777777778,26.111111111
1,0.565,0.0166,0.0505,0,0,0,0,0,17.777777778,26.111111111
1,0.565,0.0166,0.0505,0,0,0,0,0,17.777777778,26.111111111
1,0.565,0.0166,0.0505,0,0,0,0,0,21.111111111,26.111111111
1,0.565,0.0166,0.0505,0,0,0,0,0,21.111111111,21.111111111
1,0.565,0.0166,0.0505,0,0,0,0,0,21.111111111,21.111111111
1,0.573,0.0183,0.0562,0,0,0,0.167,0,21.111111111,26.111111111
1,0.622,0.0336,0.13,0,0,0,1,0.0418,21.111111111,26.111111111
0.778,0.64,0.0434,0.174,0,0,0,0.1,0.94,21.111111111,26.111111111
0.667,0.666,0.0584,0.215,0,0,0,0,0.601,21.111111111,26.111111111
0.528,0.704,0.0843,0.281,0,0,0,0,0.553,21.111111111,26.111111111
0.194,0.617,0.0451,0.135,0,0,0,0,0.0418,21.111111111,26.111111111
0.0556,0.565,0.0166,0.0505,0,0,0,0,0,21.111111111,26.111111111
0.333,0.565,0.0166,0.0505,0,0,0,0,0,21.111111111,26.111111111
0.333,0.565,0.0166,0.0505,0,0,0,0,0,21.111111111,21.111111111
0.556,0.624,0.0669,0.138,0,0,0,0,0.0418,21.111111111,21.111111111
0.667,0.662,0.0987,0.183,0,0,0,0,0.125,21.111111111,21.111111111
0.667,0.76,0.189,0.291,0,0,0,0,0.167,21.111111111,21.111111111
0.667,0.833,0.266,0.39,0,0,0,0,0.209,17.777777778,21.111111111
0.667,0.855,0.348,0.495,0,0,0,0,0.0836,17.777777778,26.111111111
0.972,0.981,0.696,0.877,0,0,0,0,0.0836,17.777777778,26.111111111
1,0.84,0.633,0.696,0,0,0,0,0.139,17.777777778,26.111111111
0.778,0.718,0.429,0.438,0,0,0,0,0,17.777777778,26.111111111
0.722,0.611,0.147,0.166,0,0,0,0,0,17.777777778,26.111111111
1,0.627,0.126,0.148,0,0,0,0,0.254,17.777777778,26.111111111
1,0.57,0.0244,0.0562,0,0,0,0,0,17.777777778,26.111111111
1,0.565,0.0189,0.0505,0,0,0,0,0,17.777777778,26.111111111
1,0.565,0.0189,0.0505,0,0,0,0,0,21.111111111,26.111111111
1,0.565,0.0189,0.0505,0,0,0,0,0,21.111111111,21.111111111
1,0.565,0.0189,0.0505,0,0,0,0,0,21.111111111,21.111111111
1,0.565,0.0189,0.0505,0,0,0,0,0,21.111111111,21.111111111
1,0.606,0.029,0.119,0,0,0,0,0.0836,21.111111111,21.111111111
1,0.654,0.0506,0.197,0,0,0,0,0.385,21.111111111,21.111111111
1,0.737,0.116,0.331,0.142,0.167,0,0,0.252,21.111111111,21.111111111
1,0.8,0.212,0.44,0.629,0.583,0.417,0.5,0.167,21.111111111,21.111111111
1,0.829,0.283,0.482,0.428,0,0.633,0,0.0418,21.111111111,21.111111111
1,0.829,0.319,0.465,0.45,0,0,0,0.334,21.111111111,21.111111111
1,0.829,0.345,0.45,0.417,0,0,0,0.0836,21.111111111,21.111111111
0.694,0.748,0.279,0.323,0,0,0,0,0.0418,21.111111111,21.111111111
0.667,0.66,0.176,0.192,0,0,0,0,0.125,21.111111111,21.111111111
0.75,0.726,0.29,0.272,0,0,0,0,0.255,21.111111111,21.111111111
0.889,0.794,0.367,0.335,0,0,0,0,0.326,21.111111111,21.111111111
0.694,0.733,0.246,0.263,0.138,0.167,0,0,0.251,17.777777778,21.111111111
0.444,0.757,0.286,0.333,0.0896,0.583,0.417,0.167,0.0836,17.777777778,26.111111111
0.639,0.838,0.529,0.595,0,0,0.367,1,0.209,17.777777778,26.111111111
0.889,0.914,0.889,0.88,0,0,0,0.1,0,17.777777778,26.111111111
0.861,0.853,0.853,0.788,0,0,0,0,0,17.777777778,26.111111111
0.667,0.732,0.487,0.437,0,0,0,0,0,17.777777778,26.111111111
0.722,0.698,0.277,0.256,0,0,0,0,0,17.777777778,26.111111111
1,0.709,0.165,0.165,0,0,0,0,0.183,17.777777778,26.111111111
1,0.63,0.0497,0.073,0,0,0,0,0,17.777777778,26.111111111
1,0.569,0.02,0.0512,0,0,0,0,0,21.111111111,26.111111111
1,0.565,0.0189,0.0505,0,0,0,0,0,21.111111111,21.111111111
1,0.565,0.0189,0.0505,0,0,0,0,0,21.111111111,21.111111111
1,0.565,0.0189,0.0505,0,0,0,0,0,21.111111111,21.111111111
1,0.606,0.029,0.119,0,0,0,0,0.209,21.111111111,21.111111111
0.861,0.66,0.0533,0.208,0,0,0,0,0.251,21.111111111,21.111111111
0.667,0.651,0.0676,0.191,0,0,0,0,0,21.111111111,21.111111111
0.667,0.653,0.0895,0.196,0,0,0,0,0.583,21.111111111,21.111111111
0.611,0.639,0.0915,0.171,0,0,0,0,0.206,21.111111111,21.111111111
0.472,0.602,0.062,0.107,0,0,0,0,0.0418,21.111111111,21.111111111
0.667,0.653,0.128,0.184,0,0,0,0,0.0418,21.111111111,21.111111111
0.667,0.653,0.144,0.181,0,0,0,0,0.0418,21.111111111,21.111111111
0.667,0.712,0.266,0.268,0,0,0,0,0.259,21.111111111,21.111111111
0.667,0.759,0.345,0.316,0,0,0,0,0.447,21.111111111,21.111111111
0.889,0.874,0.486,0.433,0,0,0,0,0.992,21.111111111,21.111111111
1,0.967,0.563,0.56,0,0,0,0,0.298,17.777777778,21.111111111
1,1,0.637,0.717,0,0,0,0.667,0.462,17.777777778,26.111111111
0.778,0.9,0.62,0.696,0,0,0,1,0.146,17.777777778,26.111111111
0.667,0.829,0.663,0.67,0,0,0,0.117,0.104,17.777777778,26.111111111
0.889,0.852,0.87,0.795,0,0,0,0,0.158,17.777777778,26.111111111
1,0.803,0.689,0.604,0,0,0,0,0,17.777777778,26.111111111
1,0.688,0.263,0.245,0,0,0,0,0,17.777777778,26.111111111
1,0.634,0.0926,0.113,0,0,0,0,0,17.777777778,26.111111111
1,0.638,0.038,0.0688,0,0,0,0,0.252,17.777777778,26.111111111
1,0.594,0.0207,0.0533,0,0,0,0,0,21.111111111,26.111111111
1,0.565,0.0166,0.0505,0,0,0,0,0,21.111111111,21.111111111
1,0.598,0.0194,0.0517,0,0,0,0.667,0.0836,21.111111111,21.111111111
1,0.614,0.025,0.0738,0,0,0,0.767,0,21.111111111,26.111111111
1,0.633,0.037,0.147,0,0,0,0.0833,0.143,21.111111111,26.111111111
1,0.728,0.0753,0.321,0,0,0,0.167,0.575,21.111111111,26.111111111
1,0.822,0.123,0.471,0.369,0.75,0.167,0.333,0.341,21.111111111,26.111111111
0.778,0.77,0.116,0.389,0,0,0.617,0,0.0418,21.111111111,26.111111111
0.444,0.682,0.0823,0.243,0,0,0,0,0.0418,21.111111111,26.111111111
0.333,0.653,0.0731,0.189,0,0,0,0,0.125,21.111111111,26.111111111
0.333,0.653,0.0776,0.184,0,0,0,0,0.0418,21.111111111,26.111111111
0.333,0.653,0.0847,0.181,0,0,0,0,0,21.111111111,21.111111111
0.333,0.653,0.0906,0.181,0,0,0,0,0.251,21.111111111,21.111111111
0.333,0.662,0.0987,0.183,0,0,0,0,0.167,21.111111111,21.111111111
0.639,0.785,0.21,0.324,0,0,0,0,0.295,21.111111111,21.111111111
0.667,0.833,0.266,0.39,0,0,0,0,0.167,17.777777778,21.111111111
0.611,0.831,0.317,0.454,0,0,0,0,0.211,17.777777778,26.111111111
0.472,0.767,0.355,0.459,0,0,0,0.417,0,17.777777778,26.111111111
0.889,0.914,0.823,0.88,0,0,0,0.0833,0,17.777777778,26.111111111
1,0.878,0.886,0.855,0,0,0,0,0,17.777777778,26.111111111
1,0.67,0.307,0.307,0,0,0,0,0,17.777777778,26.111111111
1,0.565,0.0166,0.0505,0,0,0,0,0,17.777777778,26.111111111
1,0.565,0.0166,0.0505,0,0,0,0,0,17.777777778,26.111111111
1,0.565,0.0166,0.0505,0,0,0,0,0,17.777777778,26.111111111
1,0.565,0.0166,0.0505,0,0,0,0,0,21.111111111,26.111111111
1,0.565,0.0166,0.0505,0,0,0,0,0,21.111111111,21.111111111
1,0.565,0.0166,0.0505,0,0,0,0,0,21.111111111,21.111111111
1,0.565,0.0166,0.0505,0,0,0,0,0,21.111111111,26.111111111
1,0.591,0.025,0.0933,0,0,0,0,0.0795,21.111111111,26.111111111
1,0.694,0.0635,0.264,0,0,0,0,0.379,21.111111111,26.111111111
0.778,0.678,0.0621,0.236,0,0,0,0,0.186,21.111111111,26.111111111
0.667,0.653,0.0601,0.196,0,0,0,0,0.642,21.111111111,26.111111111
0.667,0.712,0.102,0.289,0,0,0,0,0.166,21.111111111,26.111111111
0.528,0.704,0.105,0.27,0,0,0,0,0,21.111111111,26.111111111
0.333,0.653,0.0776,0.184,0,0,0,0,0.0836,21.111111111,26.111111111
0.333,0.653,0.0847,0.181,0,0,0,0,0.0418,21.111111111,21.111111111
0.333,0.653,0.0906,0.181,0,0,0,0,0.0836,21.111111111,21.111111111
0.333,0.662,0.0987,0.183,0,0,0,0,0.0751,21.111111111,21.111111111
0.333,0.679,0.117,0.193,0,0,0,0,0.543,21.111111111,21.111111111
0.389,0.723,0.164,0.251,0,0,0,0.667,0.292,17.777777778,21.111111111
0.722,0.88,0.378,0.535,0,0,0,0.267,0.209,17.777777778,26.111111111
1,0.993,0.711,0.897,0,0,0,0.6,0.0418,17.777777778,26.111111111
1,0.961,0.909,0.98,0,0,0,0,0,17.777777778,26.111111111
1,0.895,0.936,0.899,0,0,0,0,0,17.777777778,26.111111111
1,0.766,0.557,0.526,0,0,0,0,0.0418,17.777777778,26.111111111
1,0.652,0.186,0.2,0,0,0,0,0,17.777777778,26.111111111
1,0.596,0.0483,0.0795,0,0,0,0,0,17.777777778,26.111111111
1,0.565,0.0166,0.0505,0,0,0,0,0,17.777777778,26.111111111
1,0.565,0.0166,0.0505,0,0,0,0,0,21.111111111,26.111111111
1,0.565,0.0166,0.0505,0,0,0,0,0,21.111111111,21.111111111
1,0.565,0.0166,0.0505,0,0,0,0,0,21.111111111,21.111111111
1,0.598,0.0236,0.0732,0,0,0,0,0.444,21.111111111,26.111111111
1,0.622,0.0336,0.13,0,0,0,0,0,21.111111111,26.111111111
1,0.654,0.0484,0.197,0,0,0,0,0.436,21.111111111,26.111111111
1,0.773,0.103,0.391,0,0,0,0,0.195,21.111111111,26.111111111
0.944,0.814,0.139,0.463,0,0,0,0.767,0.125,21.111111111,26.111111111
0.361,0.66,0.0707,0.207,0,0,0,0,0.0836,21.111111111,26.111111111
0.333,0.653,0.0731,0.189,0,0,0,0,0.0418,21.111111111,26.111111111
0.333,0.653,0.0776,0.184,0,0,0,0,0.167,21.111111111,26.111111111
0.333,0.653,0.0847,0.181,0,0,0,0,0.209,21.111111111,21.111111111
0.389,0.668,0.103,0.203,0,0,0,0,0.37,21.111111111,21.111111111
0.667,0.759,0.181,0.316,0,0,0,0.417,0.418,21.111111111,21.111111111
0.667,0.794,0.217,0.335,0,0,0,1,0.0836,21.111111111,21.111111111
0.667,0.833,0.266,0.39,0,0,0,0.117,0,17.777777778,21.111111111
0.806,0.916,0.423,0.596,0,0,0,0,0.125,17.777777778,26.111111111
1,0.993,0.711,0.897,0,0,0,0,0.207,17.777777778,26.111111111
1,0.961,0.909,0.98,0,0,0,0,0.188,17.777777778,26.111111111
1,0.878,0.886,0.855,0,0,0,0,0,17.777777778,26.111111111
1,0.72,0.427,0.411,0,0,0,0,0,17.777777778,26.111111111
1,0.571,0.0316,0.0635,0,0,0,0,0,17.777777778,26.111111111
1,0.565,0.0166,0.0505,0,0,0,0,0,17.777777778,26.111111111
1,0.565,0.0166,0.0505,0,0,0,0,0,17.777777778,26.111111111
1,0.565,0.0166,0.0505,0,0,0,0,0,21.111111111,26.111111111
1,0.565,0.0166,0.0505,0,0,0,0,0,21.111111111,21.111111111
1,0.565,0.0166,0.0505,0,0,0,0,0,21.111111111,21.111111111
1,0.573,0.0183,0.0562,0,0,0,0,0,21.111111111,26.111111111
1,0.633,0.037,0.147,0,0,0,0.167,0.0836,21.111111111,26.111111111
1,0.769,0.0903,0.388,0,0,0,0.6,0.19,21.111111111,26.111111111
1,0.822,0.123,0.471,0,0,0,0,0.501,21.111111111,26.111111111
0.694,0.748,0.107,0.354,0,0,0,0,0.585,21.111111111,26.111111111
0.667,0.741,0.117,0.338,0,0,0,0,0.258,21.111111111,26.111111111
0.667,0.741,0.13,0.327,0,0,0,0,0.351,21.111111111,26.111111111
0.444,0.682,0.0971,0.229,0,0,0,0,0.0418,21.111111111,26.111111111
0.333,0.595,0.0373,0.0944,0,0,0,0,0,21.111111111,21.111111111
0.333,0.624,0.0669,0.138,0,0,0,0,0.0836,21.111111111,21.111111111
0.417,0.617,0.0606,0.127,0,0,0,0,0.314,21.111111111,21.111111111
0.389,0.636,0.0794,0.136,0,0,0,0,0.0418,21.111111111,21.111111111
0.667,0.833,0.266,0.39,0,0,0,0.767,0,17.777777778,21.111111111
0.667,0.855,0.348,0.495,0,0,0,0,0.0418,17.777777778,26.111111111
0.667,0.757,0.309,0.414,0,0,0,0,0,17.777777778,26.111111111
0.667,0.697,0.314,0.36,0,0,0,0,0,17.777777778,26.111111111
0.972,0.774,0.603,0.59,0,0,0,0.917,0.125,17.777777778,26.111111111
1,0.732,0.457,0.437,0,0,0,0.35,0.0836,17.777777778,26.111111111
1,0.666,0.205,0.217,0,0,0,0,0.568,17.777777778,26.111111111
1,0.57,0.0228,0.0562,0,0,0,0,0,17.777777778,26.111111111
1,0.565,0.0166,0.0505,0,0,0,0,0,17.777777778,26.111111111
1,0.565,0.0166,0.0505,0,0,0,0,0,21.111111111,26.111111111
1,0.565,0.0166,0.0505,0,0,0,0,0,21.111111111,21.111111111
0.778,0.598,0.0194,0.0517,0,0,0,0,0.0418,21.111111111,21.111111111
0.667,0.614,0.025,0.0738,0,0,0,0,0,21.111111111,26.111111111
0.667,0.633,0.037,0.147,0,0,0,0.667,0.208,21.111111111,26.111111111
0.667,0.715,0.0703,0.298,0,0,0,1,0.371,21.111111111,26.111111111
0.611,0.722,0.0811,0.307,0,0,0,0.117,0.387,21.111111111,26.111111111
0.333,0.653,0.0601,0.196,0,0,0,0,0,21.111111111,26.111111111
0.333,0.653,0.0669,0.194,0,0,0,0,0.292,21.111111111,26.111111111
0.639,0.734,0.125,0.315,0,0,0,0,0.46,21.111111111,26.111111111
0.667,0.741,0.139,0.317,0,0,0,0,0.538,21.111111111,26.111111111
0.444,0.682,0.105,0.225,0,0,0,0,0.631,21.111111111,21.111111111
0.333,0.595,0.0403,0.094,0,0,0,0,0.0836,21.111111111,21.111111111
0.333,0.565,0.0166,0.0505,0,0,0,0,0,21.111111111,21.111111111
0.333,0.646,0.0883,0.148,0,0,0,0.667,0.125,21.111111111,21.111111111
0.5,0.769,0.208,0.311,0,0,0,1,0.113,17.777777778,21.111111111
0.472,0.771,0.258,0.374,0,0,0,0.533,0.0836,17.777777778,26.111111111
0.722,0.874,0.522,0.665,0,0,0,1,0.0418,17.777777778,26.111111111
1,0.961,0.909,0.98,0,0,0,0.367,0,17.777777778,26.111111111
1,0.895,0.936,0.899,0,0,0,0,0,17.777777778,26.111111111
1,0.803,0.647,0.604,0,0,0,0,0,17.777777778,26.111111111
1,0.688,0.236,0.245,0,0,0,0,0,17.777777778,26.111111111
1,0.626,0.0844,0.108,0,0,0,0,0.0918,17.777777778,26.111111111
1,0.565,0.0189,0.0505,0,0,0,0,0,17.777777778,26.111111111
1,0.565,0.0189,0.0505,0,0,0,0,0,21.111111111,26.111111111
1,0.565,0.0189,0.0505,0,0,0,0,0,21.111111111,21.111111111
1,0.573,0.0195,0.0508,0,0,0,0,0.171,21.111111111,21.111111111
0.778,0.581,0.0201,0.0511,0,0,0,0,0,21.111111111,21.111111111
0.667,0.565,0.0189,0.0505,0,0,0,0,0,21.111111111,21.111111111
0.667,0.592,0.0296,0.0953,0,0,0,0,0.135,21.111111111,21.111111111
0.611,0.722,0.107,0.307,0,0,0,0.167,0.356,21.111111111,21.111111111
0.333,0.653,0.0895,0.196,0,0,0,0.6,0.254,21.111111111,21.111111111
0.333,0.653,0.107,0.194,0,0,0,0,0.334,21.111111111,21.111111111
0.333,0.653,0.119,0.189,0,0,0,0,0.0836,21.111111111,21.111111111
0.389,0.653,0.128,0.184,0,0,0,0,0.125,21.111111111,21.111111111
0.667,0.712,0.233,0.268,0,0,0,0,0.125,21.111111111,21.111111111
0.667,0.741,0.31,0.311,0,0,0,0,0.334,21.111111111,21.111111111
0.667,0.759,0.345,0.316,0,0,0,0,0.292,21.111111111,21.111111111
0.806,0.844,0.441,0.396,0,0,0,0,0,21.111111111,21.111111111
1,0.967,0.563,0.56,0,0,0,0.917,0.0836,17.777777778,21.111111111
1,1,0.637,0.717,0,0,0,0.617,0.53,17.777777778,26.111111111
1,0.993,0.812,0.897,0,0,0,0,0.212,17.777777778,26.111111111
1,0.961,0.985,0.98,0,0,0,0,0.0418,17.777777778,26.111111111
1,0.895,0.984,0.899,0,0,0,0,0.0836,17.777777778,26.111111111
1,0.803,0.689,0.604,0,0,0,0,0,17.777777778,26.111111111
1,0.652,0.206,0.2,0,0,0,0,0,17.777777778,26.111111111
0.944,0.608,0.0639,0.0858,0,0,0,0,0,17.777777778,26.111111111
0.667,0.565,0.0189,0.0505,0,0,0,0,0,17.777777778,26.111111111
0.667,0.565,0.0189,0.0505,0,0,0,0,0,21.111111111,26.111111111
0.889,0.598,0.0195,0.0505,0,0,0,0,0.282,21.111111111,21.111111111
1,0.581,0.0192,0.0505,0,0,0,0,0.123,21.111111111,21.111111111
1,0.565,0.0189,0.0505,0,0,0,0,0,21.111111111,21.111111111
1,0.565,0.0189,0.0505,0,0,0,0,0,21.111111111,21.111111111
1,0.579,0.0243,0.0729,0,0,0,0.167,0,21.111111111,21.111111111
1,0.788,0.151,0.415,0,0,0,0.6,0.194,21.111111111,21.111111111
1,0.829,0.231,0.487,0,0,0,0,0.338,21.111111111,21.111111111
1,0.829,0.283,0.482,0,0,0,0,0.523,21.111111111,21.111111111
0.917,0.807,0.293,0.431,0.36,0.917,0,0,0.138,21.111111111,21.111111111
0.861,0.792,0.298,0.395,0,0.6,0.25,0,0.103,21.111111111,21.111111111
0.972,0.822,0.386,0.432,0,0,0,0,0.0418,21.111111111,21.111111111
0.778,0.77,0.355,0.355,0,0,0,0,0.251,21.111111111,21.111111111
0.667,0.759,0.345,0.316,0,0,0,0.167,0.0836,21.111111111,21.111111111
0.667,0.794,0.367,0.335,0,0,0,1,0.251,21.111111111,21.111111111
0.889,0.927,0.504,0.511,0,0,0,0.617,0.0418,17.777777778,21.111111111
1,0.939,0.546,0.616,0,0,0,0,0.251,17.777777778,26.111111111
1,0.851,0.547,0.615,0,0,0,0,0.125,17.777777778,26.111111111
1,0.829,0.663,0.67,0,0,0,0,0.0836,17.777777778,26.111111111
1,0.785,0.662,0.616,0,0,0,0,0,17.777777778,26.111111111
1,0.682,0.357,0.333,0,0,0,0,0,17.777777778,26.111111111
1,0.627,0.141,0.148,0,0,0,0,0.0418,17.777777778,26.111111111
1,0.584,0.0458,0.0732,0,0,0,0,0,17.777777778,26.111111111
1,0.565,0.0166,0.0505,0,0,0,0,0,17.777777778,26.111111111
1,0.565,0.0166,0.0505,0,0,0,0,0,21.111111111,26.111111111
1,0.565,0.0166,0.0505,0,0,0,0,0,21.111111111,21.111111111
1,0.573,0.0173,0.0508,0,0,0,0.167,0.125,21.111111111,21.111111111
1,0.622,0.0268,0.0795,0,0,0,0.6,0.283,21.111111111,26.111111111
0.472,0.585,0.021,0.0647,0,0,0,0,0.0978,21.111111111,26.111111111
0.333,0.565,0.0166,0.0505,0,0,0,0,0,21.111111111,26.111111111
0.333,0.565,0.0166,0.0505,0,0,0,0,0,21.111111111,26.111111111
0.333,0.624,0.0473,0.148,0,0,0,0,0.169,21.111111111,26.111111111
0.333,0.595,0.032,0.0995,0,0,0,0,0.158,21.111111111,26.111111111
0.333,0.565,0.0166,0.0505,0,0,0,0,0,21.111111111,26.111111111
0.333,0.565,0.0166,0.0505,0,0,0,0,0,21.111111111,26.111111111
0.333,0.565,0.0166,0.0505,0,0,0,0,0,21.111111111,21.111111111
0.25,0.602,0.0481,0.105,0,0,0,0,0.251,21.111111111,21.111111111
0.25,0.637,0.0773,0.15,0,0,0,0,0.167,21.111111111,21.111111111
0.417,0.71,0.144,0.229,0,0,0,0,0.162,21.111111111,21.111111111
0.333,0.699,0.141,0.22,0,0,0,0,0.403,17.777777778,21.111111111
0.5,0.784,0.273,0.394,0,0,0,0,0.289,17.777777778,26.111111111
0.472,0.767,0.355,0.459,0,0,0,0,0.167,17.777777778,26.111111111
0.972,0.949,0.887,0.955,0,0,0,0,0.125,17.777777778,26.111111111
1,0.895,0.936,0.899,0,0,0,0,0.176,17.777777778,26.111111111
1,0.803,0.647,0.604,0,0,0,0,0.576,17.777777778,26.111111111
1,0.688,0.236,0.245,0,0,0,0,0,17.777777778,26.111111111
1,0.614,0.0732,0.102,0,0,0,0,0,17.777777778,26.111111111
1,0.565,0.0166,0.0505,0,0,0,0,0,17.777777778,26.111111111
1,0.565,0.0166,0.0505,0,0,0,0,0,21.111111111,26.111111111
1,0.565,0.0166,0.0505,0,0,0,0,0,21.111111111,21.111111111
1,0.565,0.0166,0.0505,0,0,0,0,0,21.111111111,21.111111111
1,0.581,0.0201,0.0619,0,0,0,0,0.296,21.111111111,26.111111111
0.778,0.639,0.0371,0.142,0,0,0,0,0.204,21.111111111,26.111111111
0.667,0.64,0.0434,0.174,0,0,0,0,0.247,21.111111111,26.111111111
0.667,0.651,0.052,0.191,0,0,0,0,0.351,21.111111111,26.111111111
0.222,0.595,0.0313,0.0992,0,0,0,0,0.0418,21.111111111,26.111111111
0,0.565,0.0166,0.0505,0,0,0,0,0,21.111111111,26.111111111
0,0.565,0.0166,0.0505,0,0,0,0,0,21.111111111,26.111111111
0.222,0.624,0.058,0.138,0,0,0,0,0.167,21.111111111,26.111111111
0.333,0.653,0.0847,0.181,0,0,0,0,0.0836,21.111111111,21.111111111
0.389,0.668,0.103,0.203,0,0,0,0,0.151,21.111111111,21.111111111
0.667,0.759,0.181,0.316,0,0,0,0,0.0978,21.111111111,21.111111111
0.361,0.688,0.124,0.204,0,0,0,0,0.334,21.111111111,21.111111111
0.389,0.723,0.164,0.251,0,0,0,0,0.0418,17.777777778,21.111111111
0.667,0.855,0.348,0.495,0,0,0,0.667,0.251,17.777777778,26.111111111
0.667,0.851,0.48,0.615,0,0,0,0.35,0.14,17.777777778,26.111111111
0.722,0.85,0.664,0.723,0,0,0,0,0.37,17.777777778,26.111111111
1,0.895,0.936,0.899,0,0,0,0.667,0,17.777777778,26.111111111
1,0.816,0.677,0.63,0,0,0,1,0.164,17.777777778,26.111111111
1,0.713,0.296,0.297,0,0,0,0.117,0,17.777777778,26.111111111
1,0.614,0.0732,0.102,0,0,0,0,0,17.777777778,26.111111111
1,0.565,0.0166,0.0505,0,0,0,0,0,17.777777778,26.111111111
1,0.565,0.0166,0.0505,0,0,0,0,0,21.111111111,26.111111111
1,0.565,0.0166,0.0505,0,0,0,0,0,21.111111111,21.111111111
1,0.565,0.0166,0.0505,0,0,0,0,0,21.111111111,21.111111111
1,0.565,0.0166,0.0505,0,0,0,0,0,21.111111111,26.111111111
0.944,0.606,0.0301,0.119,0,0,0,0.667,0.109,21.111111111,26.111111111
0.667,0.64,0.0434,0.174,0,0,0,0.867,0.36,21.111111111,26.111111111
0.611,0.636,0.0457,0.167,0,0,0,0.667,0.125,21.111111111,26.111111111
0.333,0.624,0.0473,0.148,0,0,0,0.6,0.0836,21.111111111,26.111111111
0.333,0.653,0.0669,0.194,0,0,0,0,0,21.111111111,26.111111111
0.333,0.653,0.0731,0.189,0,0,0,0,0.0418,21.111111111,26.111111111
0.472,0.69,0.103,0.238,0,0,0,0,0,21.111111111,26.111111111
0.667,0.741,0.153,0.312,0,0,0,0,0.0836,21.111111111,21.111111111
0.667,0.741,0.165,0.311,0,0,0,0,0.167,21.111111111,21.111111111
0.583,0.733,0.159,0.283,0,0,0,0,0.427,21.111111111,21.111111111
0.972,0.899,0.31,0.466,0,0,0,0,0.188,21.111111111,21.111111111
1,0.967,0.391,0.56,0,0,0,0.767,0.186,17.777777778,21.111111111
1,1,0.513,0.717,0,0,0,0,0.0418,17.777777778,26.111111111
1,0.993,0.711,0.897,0,0,0,0,0.0418,17.777777778,26.111111111
1,0.961,0.909,0.98,0,0,0,0,0.0836,17.777777778,26.111111111
1,0.895,0.936,0.899,0.209,0.417,0,0,0.39,17.777777778,26.111111111
1,0.772,0.572,0.539,1,0.333,0.667,0,0.125,17.777777778,26.111111111
1,0.627,0.126,0.148,0.391,0,0.383,0,0,17.777777778,26.111111111
1,0.583,0.0527,0.0858,0.281,0,0,0,0,17.777777778,26.111111111
1,0.565,0.0166,0.0505,0,0,0,0,0,17.777777778,26.111111111
1,0.565,0.0166,0.0505,0,0,0,0,0,21.111111111,26.111111111
1,0.565,0.0166,0.0505,0,0,0,0,0,21.111111111,21.111111111
1,0.565,0.0166,0.0505,0,0,0,0,0,21.111111111,21.111111111
1,0.564,0.022,0.0724,0.385,0.667,0,0,0.167,21.111111111,26.111111111
1,0.577,0.0412,0.194,0.674,0.0667,0.25,0,0.0418,21.111111111,26.111111111
0.861,0.598,0.0544,0.258,0.134,0,0,0,0.209,21.111111111,26.111111111
0.667,0.622,0.0753,0.32,0,0,0,0.667,0.209,21.111111111,26.111111111
0.667,0.625,0.0889,0.326,0,0,0,0.05,0.0836,21.111111111,26.111111111
0.361,0.598,0.0618,0.198,0,0,0,0,0.209,21.111111111,26.111111111
0.333,0.575,0.0312,0.0952,0,0,0,0,0.0836,21.111111111,26.111111111
0.333,0.565,0.0166,0.0505,0,0,0,0,0,21.111111111,26.111111111
0.472,0.578,0.0414,0.102,0,0,0,0,0.125,21.111111111,21.111111111
0.667,0.622,0.136,0.285,0,0,0,0,0.292,21.111111111,21.111111111
0.444,0.612,0.107,0.215,0,0,0,0,0.167,21.111111111,21.111111111
0.333,0.616,0.101,0.179,0,0,0,0,0.0418,21.111111111,21.111111111
0.333,0.632,0.122,0.196,0,0,0,0,0,17.777777778,21.111111111
0.472,0.672,0.221,0.315,0,0,0,0.417,0.162,17.777777778,26.111111111
0.528,0.682,0.318,0.419,0,0,0,0.3,0.133,17.777777778,26.111111111
0.694,0.699,0.548,0.65,0,0,0,0,0,17.777777778,26.111111111
1,0.707,0.797,0.925,0,0,0,0,0,17.777777778,26.111111111
1,0.641,0.551,0.653,0,0,0,0,0,17.777777778,26.111111111
1,0.578,0.118,0.165,0,0,0,0,0,17.777777778,26.111111111
1,0.565,0.0166,0.0505,0,0,0,0,0,17.777777778,26.111111111
1,0.565,0.0166,0.0505,0,0,0,0,0,17.777777778,26.111111111
1,0.565,0.0166,0.0505,0,0,0,0,0,21.111111111,26.111111111
1,0.565,0.0166,0.0505,0,0,0,0,0,21.111111111,21.111111111
1,0.565,0.0166,0.0505,0,0,0,0,0,21.111111111,21.111111111
1,0.565,0.0166,0.0505,0,0,0,0,0,21.111111111,26.111111111
1,0.573,0.0303,0.134,0,0,0,0.167,0.125,21.111111111,26.111111111
0.639,0.585,0.04,0.179,0,0,0,0.55,0.209,21.111111111,26.111111111
0.333,0.593,0.0459,0.185,0,0,0,0,0.0836,21.111111111,26.111111111
0.333,0.595,0.0528,0.188,0,0,0,0,0.0418,21.111111111,26.111111111
0.333,0.595,0.0586,0.186,0,0,0,0,0.0836,21.111111111,26.111111111
0.278,0.59,0.0557,0.159,0,0,0,0,0.0836,21.111111111,26.111111111
0,0.565,0.0166,0.0505,0,0,0,0,0,21.111111111,26.111111111
0,0.565,0.0166,0.0505,0,0,0,0,0,21.111111111,21.111111111
0.0556,0.57,0.0272,0.0709,0.104,0.167,0,0,0.0418,21.111111111,21.111111111
0.333,0.602,0.0856,0.174,0.561,1,0,0,0.167,21.111111111,21.111111111
0.472,0.616,0.101,0.179,0.883,0.317,0.683,0,0.0418,21.111111111,21.111111111
0.667,0.632,0.122,0.196,0.556,0,0.0833,0,0.0836,17.777777778,21.111111111
0.667,0.64,0.157,0.233,0.365,0,0,0,0.209,17.777777778,26.111111111
0.806,0.668,0.303,0.397,0.111,0,0,0,0,17.777777778,26.111111111
1,0.694,0.521,0.622,0,0,0,0,0.0418,17.777777778,26.111111111
1,0.66,0.537,0.633,0,0,0,0,0,17.777777778,26.111111111
1,0.605,0.288,0.357,0,0,0,0,0,17.777777778,26.111111111
1,0.572,0.0673,0.108,0,0,0,0,0,17.777777778,26.111111111
1,0.565,0.0217,0.0539,0,0,0,0,0,17.777777778,26.111111111
1,0.565,0.0189,0.0505,0,0,0,0,0,17.777777778,26.111111111
1,0.565,0.0189,0.0505,0,0,0,0,0,21.111111111,26.111111111
1,0.565,0.0189,0.0505,0,0,0,0,0,21.111111111,21.111111111
1,0.565,0.0189,0.0505,0,0,0,0,0,21.111111111,21.111111111
1,0.565,0.0189,0.0505,0,0,0,0,0,21.111111111,21.111111111
1,0.566,0.0203,0.0622,0,0,0,0.117,0.125,21.111111111,21.111111111
1,0.584,0.0397,0.169,0,0,0,0.6,0.292,21.111111111,21.111111111
1,0.593,0.0583,0.185,0,0,0,0,0.167,21.111111111,21.111111111
1,0.614,0.117,0.274,0,0,0,0,0.238,21.111111111,21.111111111
1,0.628,0.175,0.338,0,0,0,0,0.207,21.111111111,21.111111111
1,0.655,0.27,0.442,0,0,0,0.617,0.0836,21.111111111,21.111111111
0.628,0.622,0.188,0.288,0,0,0,1,0.0418,21.111111111,21.111111111
0.667,0.625,0.229,0.296,0,0,0,0.567,0.167,21.111111111,21.111111111
0.667,0.625,0.264,0.295,0.241,0.617,0,0,0,21.111111111,21.111111111
0.667,0.638,0.293,0.297,0.125,0.117,0.767,0,0.167,21.111111111,21.111111111
0.667,0.665,0.313,0.307,0.598,0,0,0,0.376,21.111111111,21.111111111
0.667,0.696,0.325,0.339,0.611,0,0,0.117,0.209,17.777777778,21.111111111
0.667,0.715,0.365,0.411,0.4,0,0,0.367,0.292,17.777777778,26.111111111
0.872,0.757,0.596,0.665,0.182,0.117,0,0,0.292,17.777777778,26.111111111
1,0.76,0.832,0.902,0.405,0.617,0.383,0,0,17.777777778,26.111111111
1,0.705,0.81,0.893,0.236,0,0.133,0,0,17.777777778,26.111111111
1,0.618,0.407,0.463,0,0,0,0,0.162,17.777777778,26.111111111
1,0.575,0.126,0.158,0,0,0,0,0,17.777777778,26.111111111
1,0.567,0.0429,0.0732,0,0,0,0,0,17.777777778,26.111111111
1,0.565,0.0189,0.0505,0,0,0,0,0,17.777777778,26.111111111
1,0.565,0.0189,0.0505,0,0,0,0,0,21.111111111,26.111111111
1,0.565,0.0189,0.0505,0,0,0,0,0,21.111111111,21.111111111
1,0.564,0.0202,0.0515,0.477,0.617,0,0,0.0836,21.111111111,21.111111111
1,0.564,0.0224,0.0713,0.566,0.117,0.517,0,0.251,21.111111111,21.111111111
1,0.57,0.0279,0.124,0.428,0,0,0,0.0836,21.111111111,21.111111111
1,0.584,0.0397,0.169,0.688,0,0,0,0.125,21.111111111,21.111111111
1,0.63,0.117,0.354,0.711,0,0,0,0.177,21.111111111,21.111111111
1,0.655,0.194,0.464,0.555,0,0,0,0.514,21.111111111,21.111111111
1,0.655,0.239,0.458,0.743,0,0,0,0.17,21.111111111,21.111111111
0.961,0.651,0.26,0.427,0.628,0,0,0,0.0418,21.111111111,21.111111111
0.667,0.625,0.201,0.301,0.614,0,0,0.717,0.125,21.111111111,21.111111111
0.917,0.647,0.308,0.388,0.422,0,0,0,0.0418,21.111111111,21.111111111
0.667,0.625,0.264,0.295,0.617,0,0,0,0.209,21.111111111,21.111111111
0.667,0.638,0.293,0.297,0.317,0,0,0,0.125,21.111111111,21.111111111
0.667,0.665,0.313,0.307,0.627,0,0,0,0.167,21.111111111,21.111111111
0.667,0.696,0.325,0.339,0.829,0,0,0,0.0836,17.777777778,21.111111111
0.872,0.762,0.478,0.533,0.147,0,0,0.483,0,17.777777778,26.111111111
1,0.786,0.682,0.756,0.564,0,0,0,0,17.777777778,26.111111111
1,0.76,0.832,0.902,0.669,0,0,0,0,17.777777778,26.111111111
0.878,0.695,0.743,0.821,0,0,0,0,0,17.777777778,26.111111111
0.789,0.611,0.346,0.4,0,0,0,0,0.296,17.777777778,26.111111111
1,0.565,0.0189,0.0505,0,0,0,0,0.0969,17.777777778,26.111111111
1,0.565,0.0174,0.0505,0,0,0,0,0,17.777777778,26.111111111
1,0.565,0.0166,0.0505,0,0,0,0,0,17.777777778,26.111111111
1,0.565,0.0166,0.0505,0,0,0,0,0,21.111111111,26.111111111
1,0.565,0.0166,0.0505,0,0,0,0,0,21.111111111,21.111111111
1,0.565,0.0166,0.0505,0,0,0,0,0,21.111111111,21.111111111
1,0.565,0.0166,0.0505,0,0,0,0,0,21.111111111,26.111111111
1,0.571,0.0276,0.117,0,0,0,0,0.211,21.111111111,26.111111111
0.861,0.579,0.0324,0.138,0,0,0,0,0.258,21.111111111,26.111111111
0.528,0.601,0.0538,0.22,0,0,0,0,0.151,21.111111111,26.111111111
0.333,0.595,0.0528,0.188,0,0,0,0,0.368,21.111111111,26.111111111
0.333,0.595,0.0586,0.186,0,0,0,0,0.324,21.111111111,26.111111111
0.333,0.595,0.0639,0.181,0,0,0,0,0.168,21.111111111,26.111111111
0.333,0.595,0.0677,0.176,0,0,0,0.483,0.0836,21.111111111,26.111111111
0.333,0.595,0.0737,0.173,0,0,0,0,0.334,21.111111111,21.111111111
0.556,0.615,0.121,0.255,0.102,0.167,0,0,0.125,21.111111111,21.111111111
0.667,0.639,0.155,0.297,0.468,1,0,0,0.167,21.111111111,21.111111111
0.667,0.667,0.186,0.308,0.422,0.317,0.683,0,0.0418,21.111111111,21.111111111
0.611,0.686,0.209,0.315,0.589,0,0.617,0.417,0.0418,17.777777778,21.111111111
0.639,0.709,0.287,0.403,0,0,0,0.3,0.209,17.777777778,26.111111111
0.806,0.741,0.5,0.635,0,0,0,0,0,17.777777778,26.111111111
1,0.759,0.774,0.908,0,0,0,0,0.0836,17.777777778,26.111111111
1,0.707,0.797,0.925,0,0,0,0,0,17.777777778,26.111111111
1,0.641,0.551,0.653,0,0,0,0,0,17.777777778,26.111111111
1,0.573,0.08,0.122,0,0,0,0,0,17.777777778,26.111111111
1,0.565,0.0166,0.0505,0,0,0,0,0,17.777777778,26.111111111
1,0.565,0.0166,0.0505,0,0,0,0,0,17.777777778,26.111111111
1,0.565,0.0166,0.0505,0,0,0,0,0,21.111111111,26.111111111
1,0.565,0.0166,0.0505,0,0,0,0,0,21.111111111,21.111111111
1,0.565,0.0166,0.0505,0,0,0,0,0,21.111111111,21.111111111
1,0.565,0.0166,0.0505,0,0,0,0,0,21.111111111,26.111111111
0.778,0.566,0.0213,0.0753,0,0,0,0,0.372,21.111111111,26.111111111
0.667,0.603,0.0593,0.283,0,0,0,0,0.123,21.111111111,26.111111111
0.583,0.614,0.0674,0.286,0.175,0.167,0,0,0.311,21.111111111,26.111111111
0.528,0.613,0.0729,0.269,0.66,0.817,0.183,0,0.167,21.111111111,26.111111111
0.333,0.595,0.0586,0.186,0.454,0,0.0667,0,0.209,21.111111111,26.111111111
0.333,0.595,0.0639,0.181,0.504,0,0,0,0,21.111111111,26.111111111
0.333,0.595,0.0677,0.176,0.423,0,0,0,0.167,21.111111111,26.111111111
0.333,0.595,0.0737,0.173,0,0,0,0,0,21.111111111,21.111111111
0.333,0.595,0.0788,0.173,0,0,0,0,0.292,21.111111111,21.111111111
0.556,0.629,0.134,0.257,0,0,0,0,0,21.111111111,21.111111111
0.5,0.643,0.145,0.244,0,0,0,0,0.421,21.111111111,21.111111111
0.667,0.698,0.227,0.341,0,0,0,0,0.343,17.777777778,21.111111111
0.583,0.696,0.258,0.366,0.57,0.667,0,0.167,0.0878,17.777777778,26.111111111
0.667,0.712,0.409,0.527,0.102,0.0667,0.933,0.55,0.0836,17.777777778,26.111111111
0.889,0.694,0.521,0.622,0,0,1,0,0.0836,17.777777778,26.111111111
1,0.66,0.537,0.633,0,0,0.4,0,0.0418,17.777777778,26.111111111
1,0.618,0.39,0.471,0,0,0,0,0.154,17.777777778,26.111111111
1,0.583,0.202,0.256,0,0,0,0,0,17.777777778,26.111111111
1,0.566,0.0847,0.125,0,0,0,0,0.19,17.777777778,26.111111111
1,0.565,0.0241,0.059,0,0,0,0,0,17.777777778,26.111111111
1,0.565,0.0166,0.0505,0,0,0,0,0,21.111111111,26.111111111
1,0.565,0.0165,0.0505,0,0,0,0,0.303,21.111111111,21.111111111
1,0.565,0.0165,0.0505,0,0,0,0,0,21.111111111,21.111111111
1,0.565,0.0179,0.056,0,0,0,0,0.187,21.111111111,26.111111111
1,0.574,0.0357,0.161,0,0,0,0,0.278,21.111111111,26.111111111
0.722,0.603,0.062,0.302,0,0,0,0,0.581,21.111111111,26.111111111
0.333,0.593,0.0459,0.185,0,0,0,0,0.0586,21.111111111,26.111111111
0.333,0.595,0.0528,0.188,0,0,0,0,0.0836,21.111111111,26.111111111
0.333,0.595,0.0586,0.186,0,0,0,0,0,21.111111111,26.111111111
0.333,0.595,0.0639,0.181,0,0,0,0,0.167,21.111111111,26.111111111
0.333,0.595,0.0677,0.176,0.263,0.417,0,0,0,21.111111111,26.111111111
0.333,0.595,0.0737,0.173,0.246,0.317,0.683,0,0.376,21.111111111,21.111111111
0.333,0.595,0.0788,0.173,0,0,0.35,0,0.167,21.111111111,21.111111111
0.333,0.602,0.0856,0.174,0,0,0,0,0.209,21.111111111,21.111111111
0.333,0.616,0.101,0.179,0,0,0,0,0.167,21.111111111,21.111111111
0.111,0.584,0.0468,0.0941,0,0,0,0,0,17.777777778,21.111111111
0.667,0.717,0.314,0.435,0.535,0.417,0,0.917,0.0418,17.777777778,26.111111111
1,0.785,0.605,0.765,0.612,0.0667,0.517,0.05,0.167,17.777777778,26.111111111
1,0.749,0.729,0.858,0.519,0,0,0,0.102,17.777777778,26.111111111
1,0.633,0.367,0.442,0,0,0,0,0.172,17.777777778,26.111111111
1,0.592,0.203,0.261,0,0,0,0,0.182,17.777777778,26.111111111
1,0.574,0.109,0.153,0,0,0,0,0,17.777777778,26.111111111
1,0.566,0.0487,0.0858,0,0,0,0,0,17.777777778,26.111111111
1,0.565,0.0166,0.0505,0,0,0,0,0,17.777777778,26.111111111
1,0.565,0.0166,0.0505,0,0,0,0,0,21.111111111,26.111111111
1,0.565,0.0166,0.0505,0,0,0,0,0,21.111111111,21.111111111
1,0.565,0.0166,0.0505,0,0,0,0,0,21.111111111,21.111111111
1,0.564,0.022,0.0724,0,0,0,0,0.329,21.111111111,26.111111111
1,0.571,0.0303,0.128,0,0,0,0,0.486,21.111111111,26.111111111
1,0.585,0.0386,0.171,0,0,0,0,0.487,21.111111111,26.111111111
0.639,0.588,0.0407,0.162,0,0,0,0,0.413,21.111111111,26.111111111
0.333,0.585,0.0422,0.143,0,0,0,0,0.0418,21.111111111,26.111111111
0.333,0.595,0.0586,0.186,0,0,0,0,0.167,21.111111111,26.111111111
0.333,0.595,0.0639,0.181,0,0,0,0,0.125,21.111111111,26.111111111
0.333,0.595,0.0677,0.176,0,0,0,0,0.125,21.111111111,26.111111111
0.333,0.595,0.0737,0.173,0,0,0,0.483,0.0836,21.111111111,21.111111111
0.333,0.595,0.0788,0.173,0,0,0,0,0.0836,21.111111111,21.111111111
0.389,0.609,0.0976,0.195,0,0,0,0,0.209,21.111111111,21.111111111
0.583,0.656,0.168,0.277,0,0,0,0,0,21.111111111,21.111111111
0.667,0.698,0.227,0.341,0,0,0,0,0.364,17.777777778,21.111111111
0.667,0.715,0.297,0.416,0,0,0,0,0.151,17.777777778,26.111111111
0.722,0.724,0.445,0.57,0,0,0,0,0.0834,17.777777778,26.111111111
1,0.759,0.774,0.908,0,0,0,0,0.409,17.777777778,26.111111111
1,0.707,0.797,0.925,0,0,0,0,0.107,17.777777778,26.111111111
1,0.631,0.475,0.567,0,0,0,0,0,17.777777778,26.111111111
1,0.583,0.202,0.256,0,0,0,0,0.413,17.777777778,26.111111111
1,0.566,0.054,0.0915,0,0,0,0,0.0879,17.777777778,26.111111111
1,0.565,0.0166,0.0505,0,0,0,0,0,17.777777778,26.111111111
1,0.565,0.0166,0.0505,0,0,0,0,0,21.111111111,26.111111111
1,0.565,0.0166,0.0505,0,0,0,0,0,21.111111111,21.111111111
1,0.565,0.0166,0.0505,0,0,0,0,0,21.111111111,21.111111111
1,0.564,0.022,0.0724,0,0,0,0,0.073,21.111111111,26.111111111
1,0.571,0.0303,0.128,0,0,0,0.667,0.556,21.111111111,26.111111111
0.778,0.579,0.0324,0.138,0,0,0,0.05,0.148,21.111111111,26.111111111
0.667,0.613,0.067,0.277,0,0,0,0,0.507,21.111111111,26.111111111
0.361,0.598,0.0554,0.2,0,0,0,0,0.46,21.111111111,26.111111111
0.333,0.595,0.0586,0.186,0,0,0,0,0.0418,21.111111111,26.111111111
0.333,0.595,0.0639,0.181,0,0,0,0,0,21.111111111,26.111111111
0.167,0.58,0.0416,0.114,0,0,0,0,0,21.111111111,26.111111111
0.333,0.595,0.0737,0.173,0,0,0,0,0.209,21.111111111,21.111111111
0.389,0.6,0.0894,0.193,0,0,0,0,0.167,21.111111111,21.111111111
0.306,0.598,0.0789,0.164,0,0,0,0,0.0418,21.111111111,21.111111111
0.222,0.602,0.0771,0.138,0,0,0,0,0,21.111111111,21.111111111
0.333,0.632,0.122,0.196,0,0,0,0,0.209,17.777777778,21.111111111
0.639,0.709,0.287,0.403,0,0,0,0,0.322,17.777777778,26.111111111
0.889,0.759,0.554,0.699,0,0,0,0,0.0836,17.777777778,26.111111111
1,0.759,0.774,0.908,0,0,0,0,0,17.777777778,26.111111111
1,0.68,0.627,0.733,0,0,0,0,0,17.777777778,26.111111111
1,0.605,0.288,0.357,0,0,0,0,0,17.777777778,26.111111111
1,0.574,0.109,0.153,0,0,0,0,0,17.777777778,26.111111111
1,0.566,0.0593,0.0922,0,0,0,0,0.393,17.777777778,26.111111111
1,0.564,0.0357,0.0654,0,0,0,0,0.0601,17.777777778,26.111111111
1,0.564,0.0246,0.0538,0,0,0,0,0.129,21.111111111,26.111111111
1,0.565,0.02,0.0505,0,0,0,0,0.0836,21.111111111,21.111111111
1,0.565,0.0189,0.0505,0,0,0,0,0,21.111111111,21.111111111
1,0.564,0.0216,0.0707,0,0,0,0,0.203,21.111111111,21.111111111
1,0.57,0.0279,0.124,0,0,0,0,0.62,21.111111111,21.111111111
1,0.584,0.0397,0.169,0,0,0,0,0.396,21.111111111,21.111111111
1,0.612,0.0876,0.269,0,0,0,0,0.144,21.111111111,21.111111111
1,0.651,0.187,0.446,0,0,0,0,0.3,21.111111111,21.111111111
0.711,0.629,0.174,0.34,0,0,0,0,0.18,21.111111111,21.111111111
0.667,0.625,0.186,0.311,0,0,0,0.617,0.0836,21.111111111,21.111111111
0.667,0.625,0.201,0.301,0.334,0.617,0,0.1,0,21.111111111,21.111111111
0.667,0.625,0.229,0.296,0.342,0.117,0.25,0,0.0418,21.111111111,21.111111111
0.583,0.618,0.231,0.265,0,0,0,0,0.251,21.111111111,21.111111111
0.706,0.643,0.31,0.312,0,0,0,0,0.189,21.111111111,21.111111111
1,0.715,0.46,0.435,0,0,0,0,0.167,21.111111111,21.111111111
1,0.762,0.478,0.483,0,0,0,0,0.0766,17.777777778,21.111111111
1,0.789,0.538,0.591,0,0,0,0,0.125,17.777777778,26.111111111
1,0.786,0.682,0.756,0,0,0,0,0,17.777777778,26.111111111
1,0.76,0.832,0.902,0,0,0,0,0,17.777777778,26.111111111
1,0.71,0.841,0.926,0,0,0,0,0.312,17.777777778,26.111111111
1,0.64,0.569,0.636,0,0,0,0,0.415,17.777777778,26.111111111
1,0.578,0.149,0.181,0,0,0,0,0,17.777777778,26.111111111
0.983,0.566,0.0631,0.0922,0,0,0,0,0,17.777777778,26.111111111
1,0.565,0.0293,0.0602,0,0,0,0,0,17.777777778,26.111111111
1,0.565,0.0189,0.0505,0,0,0,0,0,21.111111111,26.111111111
1,0.565,0.0189,0.0505,0,0,0,0,0,21.111111111,21.111111111
1,0.565,0.0189,0.0505,0,0,0,0,0,21.111111111,21.111111111
1,0.565,0.0189,0.0505,0,0,0,0,0,21.111111111,21.111111111
1,0.566,0.0203,0.0622,0,0,0,0,0.12,21.111111111,21.111111111
1,0.584,0.0397,0.169,0,0,0,0.867,0.111,21.111111111,21.111111111
1,0.612,0.0876,0.269,0,0,0,0.717,0,21.111111111,21.111111111
1,0.628,0.143,0.342,0,0,0,0.1,0.424,21.111111111,21.111111111
1,0.655,0.239,0.458,0,0,0,0,0.31,21.111111111,21.111111111
0.628,0.622,0.175,0.297,0,0,0,0,0.23,21.111111111,21.111111111
0.5,0.61,0.154,0.239,0,0,0,0,0.0836,21.111111111,21.111111111
0.667,0.625,0.229,0.296,0,0,0,0,0.125,21.111111111,21.111111111
0.667,0.625,0.264,0.295,0,0,0,0,0.0836,21.111111111,21.111111111
0.667,0.633,0.277,0.283,0,0,0,0,0.251,21.111111111,21.111111111
0.706,0.622,0.183,0.194,0,0,0,0,0.0836,21.111111111,21.111111111
0.589,0.652,0.23,0.245,0,0,0,0,0.0418,17.777777778,21.111111111
0.333,0.64,0.192,0.231,0,0,0,0,0.125,17.777777778,26.111111111
0.539,0.683,0.39,0.445,0,0,0,0.483,0.0418,17.777777778,26.111111111
0.667,0.695,0.561,0.618,0,0,0,0,0.0418,17.777777778,26.111111111
0.667,0.662,0.567,0.634,0,0,0,0,0,17.777777778,26.111111111
0.667,0.618,0.407,0.463,0,0,0,0,0,17.777777778,26.111111111
0.667,0.575,0.126,0.158,0,0,0,0,0.0418,17.777777778,26.111111111
0.806,0.565,0.0657,0.101,0,0,0,0,0,17.777777778,26.111111111
1,0.563,0.037,0.073,0,0,0,0,0.167,17.777777778,26.111111111
1,0.564,0.0201,0.0533,0,0,0,0,0,21.111111111,26.111111111
1,0.565,0.017,0.0505,0,0,0,0,0,21.111111111,21.111111111
1,0.564,0.0185,0.0515,0,0,0,0,0.125,21.111111111,21.111111111
0.861,0.564,0.0195,0.0592,0,0,0,0,0,21.111111111,26.111111111
0.667,0.567,0.0193,0.0671,0,0,0,0,0.214,21.111111111,26.111111111
0.611,0.581,0.0345,0.149,0,0,0,0,0.323,21.111111111,26.111111111
0.389,0.565,0.0166,0.0505,0,0,0,0,0,21.111111111,26.111111111
0.444,0.573,0.0245,0.0848,0,0,0,0,0.358,21.111111111,26.111111111
0.333,0.585,0.0458,0.14,0,0,0,0,0.209,21.111111111,26.111111111
0.111,0.575,0.0312,0.0952,0,0,0,0,0,21.111111111,26.111111111
0,0.565,0.0166,0.0505,0,0,0,0,0,21.111111111,26.111111111
0.278,0.59,0.0663,0.152,0,0,0,0,0.0836,21.111111111,21.111111111
0.667,0.625,0.141,0.295,0,0,0,0,0.125,21.111111111,21.111111111
0.667,0.639,0.155,0.297,0,0,0,0.167,0.0418,21.111111111,21.111111111
0.667,0.667,0.186,0.308,0,0,0,0.55,0.167,21.111111111,21.111111111
0.889,0.745,0.303,0.442,0,0,0,0,0.127,17.777777778,21.111111111
0.694,0.721,0.306,0.428,0,0,0,0,0.46,17.777777778,26.111111111
0.667,0.712,0.409,0.527,0,0,0,0.167,0.0418,17.777777778,26.111111111
0.889,0.735,0.701,0.821,0,0,0,0.317,0,17.777777778,26.111111111
1,0.68,0.627,0.733,0,0,0,0,0,17.777777778,26.111111111
0.778,0.605,0.288,0.357,0,0,0,0,0,17.777777778,26.111111111
0.667,0.572,0.0673,0.108,0,0,0,0,0,17.777777778,26.111111111
0.667,0.565,0.0166,0.0505,0,0,0,0,0,17.777777778,26.111111111
0.667,0.565,0.0166,0.0505,0,0,0,0,0,17.777777778,26.111111111
0.667,0.564,0.0174,0.0505,0,0,0,0,0.0418,21.111111111,26.111111111
0.667,0.565,0.017,0.0505,0,0,0,0,0.0836,21.111111111,21.111111111
0.889,0.565,0.0166,0.0505,0,0,0,0,0,21.111111111,21.111111111
1,0.565,0.0166,0.0505,0,0,0,0,0,21.111111111,26.111111111
1,0.568,0.0221,0.0837,0,0,0,0,0.281,21.111111111,26.111111111
0.806,0.606,0.0627,0.302,0,0,0,0,0.207,21.111111111,26.111111111
0.333,0.593,0.0459,0.185,0,0,0,0,0.0836,21.111111111,26.111111111
0.194,0.583,0.0367,0.131,0,0,0,0,0,21.111111111,26.111111111
0,0.565,0.0166,0.0505,0,0,0,0,0,21.111111111,26.111111111
0,0.565,0.0166,0.0505,0,0,0,0,0,21.111111111,26.111111111
0.139,0.578,0.0383,0.102,0,0,0,0,0.167,21.111111111,26.111111111
0.333,0.595,0.0737,0.173,0,0,0,0,0.0836,21.111111111,21.111111111
0.333,0.595,0.0788,0.173,0.218,0.167,0,0,0.209,21.111111111,21.111111111
0.333,0.602,0.0856,0.174,0.601,0.567,0.433,0,0.0418,21.111111111,21.111111111
0.472,0.639,0.139,0.234,0,0,0.333,0.417,0.0836,21.111111111,21.111111111
0.806,0.728,0.274,0.404,0,0,0,0.3,0.418,17.777777778,21.111111111
1,0.79,0.437,0.598,0,0,0,0,0.0836,17.777777778,26.111111111
1,0.785,0.605,0.765,0,0,0,0,0,17.777777778,26.111111111
1,0.759,0.774,0.908,0,0,0,0,0,17.777777778,26.111111111
1,0.7,0.754,0.877,0,0,0,0,0,17.777777778,26.111111111
1,0.602,0.263,0.328,0,0,0,0,0,17.777777778,26.111111111
1,0.565,0.0166,0.0505,0,0,0,0,0,17.777777778,26.111111111
1,0.565,0.0166,0.0505,0,0,0,0,0,17.777777778,26.111111111
1,0.565,0.0166,0.0505,0,0,0,0,0,17.777777778,26.111111111
1,0.565,0.0168,0.0505,0,0,0,0,0,21.111111111,26.111111111
1,0.565,0.0167,0.0505,0,0,0,0,0,21.111111111,21.111111111
0.778,0.565,0.0166,0.0505,0,0,0,0,0,21.111111111,21.111111111
0.667,0.565,0.0166,0.0505,0,0,0,0,0,21.111111111,26.111111111
0.611,0.57,0.0248,0.1,0,0,0,0,0.596,21.111111111,26.111111111
0.278,0.578,0.029,0.116,0,0,0,0,0.309,21.111111111,26.111111111
0.0556,0.57,0.0218,0.0734,0,0,0,0,0,21.111111111,26.111111111
0.333,0.595,0.0528,0.188,0,0,0,0,0.0418,21.111111111,26.111111111
0.333,0.595,0.0586,0.186,0,0,0,0,0.209,21.111111111,26.111111111
0.861,0.642,0.14,0.385,0,0,0,0.483,0.15,21.111111111,26.111111111
0.694,0.627,0.123,0.311,0,0,0,0,0.292,21.111111111,26.111111111
0.361,0.598,0.0781,0.184,0,0,0,0,0.125,21.111111111,21.111111111
0.333,0.595,0.0788,0.173,0,0,0,0,0.0418,21.111111111,21.111111111
0.333,0.602,0.0856,0.174,0,0,0,0,0.0836,21.111111111,21.111111111
0.472,0.639,0.139,0.234,0,0,0,0,0.0836,21.111111111,21.111111111
0.667,0.698,0.227,0.341,0,0,0,0,0.0836,17.777777778,21.111111111
0.667,0.715,0.297,0.416,0,0,0,0.667,0,17.777777778,26.111111111
0.806,0.741,0.5,0.635,0,0,0,0.467,0.0836,17.777777778,26.111111111
1,0.759,0.774,0.908,0,0,0,0.55,0.179,17.777777778,26.111111111
1,0.707,0.797,0.925,0,0,0,0,0.125,17.777777778,26.111111111
1,0.638,0.526,0.625,0,0,0,0,0,17.777777778,26.111111111
1,0.574,0.0987,0.142,0,0,0,0,0,17.777777778,26.111111111
1,0.565,0.0166,0.0505,0,0,0,0,0,17.777777778,26.111111111
1,0.565,0.0166,0.0505,0,0,0,0,0,17.777777778,26.111111111
1,0.565,0.0166,0.0505,0,0,0,0,0,21.111111111,26.111111111
1,0.565,0.0166,0.0505,0,0,0,0,0,21.111111111,21.111111111
1,0.565,0.0166,0.0505,0,0,0,0,0,21.111111111,21.111111111
1,0.565,0.0166,0.0505,0,0,0,0,0,21.111111111,26.111111111
1,0.573,0.0303,0.134,0,0,0,0,0.213,21.111111111,26.111111111
0.778,0.604,0.0606,0.291,0,0,0,0.667,0.282,21.111111111,26.111111111
0.361,0.595,0.048,0.196,0,0,0,0.05,0.0418,21.111111111,26.111111111
0.333,0.595,0.0528,0.188,0,0,0,0,0.126,21.111111111,26.111111111
0.333,0.595,0.0586,0.186,0,0,0,0,0.0836,21.111111111,26.111111111
0.25,0.588,0.0529,0.147,0,0,0,0,0.251,21.111111111,26.111111111
0.333,0.595,0.0677,0.176,0,0,0,0,0.0836,21.111111111,26.111111111
0.333,0.595,0.0737,0.173,0,0,0,0,0.0836,21.111111111,21.111111111
0.333,0.595,0.0788,0.173,0,0,0,0,0.167,21.111111111,21.111111111
0.333,0.602,0.0856,0.174,0.44,0.667,0,0,0.209,21.111111111,21.111111111
0.333,0.616,0.101,0.179,0.0927,0.317,0.683,0.667,0.167,21.111111111,21.111111111
0.472,0.661,0.169,0.259,0,0,0.0833,0.05,0,17.777777778,21.111111111
0.667,0.715,0.297,0.416,0,0,0,0,0.125,17.777777778,26.111111111
0.889,0.747,0.518,0.656,0.383,0.417,0,0,0.251,17.777777778,26.111111111
1,0.694,0.521,0.622,0.552,0.317,0.683,0,0,17.777777778,26.111111111
1,0.66,0.537,0.633,0.464,0,0.867,0,0,17.777777778,26.111111111
1,0.618,0.39,0.471,0.648,0,0,0,0,17.777777778,26.111111111
0.944,0.583,0.191,0.244,0.482,0,0,0,0,17.777777778,26.111111111
0.667,0.566,0.0525,0.09,0.419,0,0,0,0.0418,17.777777778,26.111111111
0.667,0.564,0.0295,0.0646,0.445,0,0,0,0,17.777777778,26.111111111
0.972,0.564,0.0201,0.0533,0.705,0,0,0,0,21.111111111,26.111111111
1,0.564,0.0169,0.0505,0.641,0,0,0,0.0836,21.111111111,21.111111111
1,0.565,0.0165,0.0505,0.4,0,0,0,0,21.111111111,21.111111111
1,0.565,0.0193,0.0614,0,0,0,0,0.22,21.111111111,26.111111111
1,0.576,0.0439,0.205,0,0,0,0,0.247,21.111111111,26.111111111
1,0.614,0.071,0.345,0,0,0,0,0.624,21.111111111,26.111111111
1,0.65,0.105,0.455,0,0,0,0,0.271,21.111111111,26.111111111
0.694,0.627,0.0916,0.338,0,0,0,0.483,0.125,21.111111111,26.111111111
0.667,0.625,0.101,0.322,0,0,0,0,0.175,21.111111111,26.111111111
0.667,0.625,0.111,0.311,0,0,0,0,0.358,21.111111111,26.111111111
0.361,0.598,0.0718,0.186,0,0,0,0,0.167,21.111111111,26.111111111
0.333,0.595,0.0737,0.173,0,0,0,0,0.0418,21.111111111,21.111111111
0.333,0.595,0.0788,0.173,0,0,0,0,0.167,21.111111111,21.111111111
0.333,0.602,0.0856,0.174,0,0,0,0.667,0.251,21.111111111,21.111111111
0.333,0.616,0.101,0.179,0,0,0,0.05,0.0418,21.111111111,21.111111111
0.389,0.643,0.141,0.221,0,0,0,0,0.167,17.777777778,21.111111111
0.722,0.728,0.322,0.449,0,0,0,0,0.0418,17.777777778,26.111111111
1,0.785,0.605,0.765,0,0,0,0,0.565,17.777777778,26.111111111
1,0.759,0.774,0.908,0,0,0,0,0.152,17.777777778,26.111111111
1,0.707,0.797,0.925,0,0,0,0,0.0157,17.777777778,26.111111111
1,0.615,0.348,0.424,0,0,0,0.667,0.0915,17.777777778,26.111111111
1,0.565,0.0166,0.0505,0,0,0,1,0,17.777777778,26.111111111
1,0.566,0.0253,0.0573,0,0,0.05,0.0333,0,17.777777778,26.111111111
1,0.565,0.0189,0.0505,0,0,0,0,0,17.777777778,26.111111111
1,0.565,0.0189,0.0505,0,0,0,0,0,21.111111111,26.111111111
1,0.565,0.0189,0.0505,0,0,0,0,0,21.111111111,21.111111111
1,0.565,0.0189,0.0505,0,0,0,0,0,21.111111111,21.111111111
1,0.565,0.0189,0.0505,0,0,0,0,0,21.111111111,21.111111111
1,0.565,0.0189,0.0505,0,0,0,0,0,21.111111111,21.111111111
1,0.568,0.022,0.0658,0,0,0,0,0.0418,21.111111111,21.111111111
1,0.593,0.0583,0.185,0,0,0,0,0,21.111111111,21.111111111
1,0.617,0.125,0.29,0,0,0,0,0.292,21.111111111,21.111111111
0.711,0.629,0.174,0.34,0,0,0,0,0.425,21.111111111,21.111111111
0.667,0.625,0.186,0.311,0,0,0,0,0.123,21.111111111,21.111111111
0.667,0.625,0.201,0.301,0,0,0,0,0.0418,21.111111111,21.111111111
0.667,0.625,0.229,0.296,0,0,0,0,0.125,21.111111111,21.111111111
0.956,0.651,0.371,0.401,0,0,0,0,0.167,21.111111111,21.111111111
1,0.674,0.43,0.421,0,0,0,0.117,0.0418,21.111111111,21.111111111
1,0.715,0.46,0.435,0,0,0,0.117,0.0418,21.111111111,21.111111111
1,0.762,0.478,0.483,0,0,0,0,0.125,17.777777778,21.111111111
1,0.789,0.538,0.591,0,0,0,0,0.0836,17.777777778,26.111111111
1,0.786,0.682,0.756,0,0,0,0,0.376,17.777777778,26.111111111
0.794,0.723,0.655,0.717,0,0,0,0,0.125,17.777777778,26.111111111
0.956,0.702,0.802,0.887,0.233,0.367,0,0,0.28,17.777777778,26.111111111
1,0.645,0.61,0.679,0.575,0.367,0.633,0,0.272,17.777777778,26.111111111
1,0.585,0.234,0.266,0.561,0,1,0,0,17.777777778,26.111111111
1,0.567,0.0907,0.118,0.434,0,0.4,0,0.122,17.777777778,26.111111111
1,0.564,0.0357,0.0654,0,0,0,0,0.275,17.777777778,26.111111111
1,0.565,0.0203,0.0517,0,0,0,0,0,21.111111111,26.111111111
1,0.565,0.0189,0.0505,0,0,0,0,0,21.111111111,21.111111111
1,0.565,0.0189,0.0505,0,0,0,0,0,21.111111111,21.111111111
1,0.565,0.0189,0.0505,0,0,0,0,0,21.111111111,21.111111111
1,0.565,0.0189,0.0505,0,0,0,0,0,21.111111111,21.111111111
1,0.565,0.0189,0.0505,0,0,0,0,0,21.111111111,21.111111111
1,0.602,0.0776,0.219,0,0,0,0.617,0.0836,21.111111111,21.111111111
1,0.643,0.176,0.412,0,0,0,1,0,21.111111111,21.111111111
0.711,0.629,0.174,0.34,0,0,0,0.567,0.0836,21.111111111,21.111111111
0.667,0.625,0.186,0.311,0,0,0,0,0.251,21.111111111,21.111111111
0.667,0.625,0.201,0.301,0,0,0,0,0.427,21.111111111,21.111111111
0.667,0.625,0.229,0.296,0,0,0,0,0.197,21.111111111,21.111111111
0.667,0.625,0.264,0.295,0,0,0,0,0.209,21.111111111,21.111111111
0.667,0.638,0.293,0.297,0,0,0,0.117,0.167,21.111111111,21.111111111
0.872,0.699,0.405,0.388,0,0,0,0.85,0.0836,21.111111111,21.111111111
1,0.762,0.478,0.483,0,0,0,0,0.292,17.777777778,21.111111111
1,0.789,0.538,0.591,0,0,0,0,0.167,17.777777778,26.111111111
1,0.786,0.682,0.756,0,0,0,0,0.404,17.777777778,26.111111111
1,0.76,0.832,0.902,0,0,0,0,0.165,17.777777778,26.111111111
1,0.71,0.841,0.926,0,0,0,0,0.404,17.777777778,26.111111111
1,0.64,0.569,0.636,0.236,0.733,0.133,0,0.0978,17.777777778,26.111111111
1,0.585,0.234,0.266,0,0,0.383,0,0.0418,17.777777778,26.111111111
1,0.566,0.0953,0.13,0,0,0,0,0,17.777777778,26.111111111
1,0.564,0.0336,0.0695,0,0,0,0,0.0418,17.777777778,26.111111111
1,0.565,0.0166,0.0505,0,0,0,0,0,21.111111111,26.111111111
1,0.565,0.0166,0.0505,0,0,0,0,0,21.111111111,21.111111111
1,0.565,0.0166,0.0505,0,0,0,0,0,21.111111111,21.111111111
1,0.565,0.0166,0.0505,0,0,0,0,0,21.111111111,26.111111111
1,0.573,0.0303,0.134,0,0,0,0,0.26,21.111111111,26.111111111
1,0.621,0.0772,0.378,0,0,0,0,0.559,21.111111111,26.111111111
0.833,0.635,0.0888,0.386,0,0,0,0,0.305,21.111111111,26.111111111
0.778,0.635,0.0995,0.372,0,0,0,0,0.307,21.111111111,26.111111111
0.361,0.598,0.0618,0.198,0,0,0,0,0.0418,21.111111111,26.111111111
0.333,0.595,0.0639,0.181,0,0,0,0,0.0836,21.111111111,26.111111111
0.333,0.595,0.0677,0.176,0,0,0,0,0.0418,21.111111111,26.111111111
0.333,0.595,0.0737,0.173,0,0,0,0,0.167,21.111111111,21.111111111
0.333,0.595,0.0788,0.173,0,0,0,0,0.0836,21.111111111,21.111111111
0.639,0.636,0.149,0.287,0,0,0,0,0.167,21.111111111,21.111111111
0.667,0.667,0.186,0.308,0,0,0,0,0.125,21.111111111,21.111111111
0.667,0.698,0.227,0.341,0,0,0,0,0.0418,17.777777778,21.111111111
0.667,0.715,0.297,0.416,0,0,0,0,0.209,17.777777778,26.111111111
0.667,0.712,0.409,0.527,0,0,0,0,0.0836,17.777777778,26.111111111
0.667,0.694,0.521,0.622,0,0,0,0,0.151,17.777777778,26.111111111
0.667,0.636,0.388,0.466,0,0,0,0,0.084,17.777777778,26.111111111
0.806,0.565,0.0166,0.0505,0,0,0,0,0,17.777777778,26.111111111
1,0.565,0.0166,0.0505,0,0,0,0,0,17.777777778,26.111111111
1,0.565,0.0166,0.0505,0,0,0,0,0,17.777777778,26.111111111
1,0.565,0.0166,0.0505,0,0,0,0,0,17.777777778,26.111111111
1,0.565,0.0166,0.0505,0,0,0,0,0,21.111111111,26.111111111
1,0.565,0.0166,0.0505,0,0,0,0,0,21.111111111,21.111111111
1,0.565,0.0166,0.0505,0,0,0,0,0,21.111111111,21.111111111
1,0.565,0.0166,0.0505,0,0,0,0,0,21.111111111,26.111111111
1,0.573,0.0303,0.134,0,0,0,0.417,0.287,21.111111111,26.111111111
0.917,0.614,0.071,0.345,0,0,0,0.8,0.14,21.111111111,26.111111111
0.889,0.64,0.0941,0.409,0,0,0,0,0.542,21.111111111,26.111111111
0.111,0.575,0.0271,0.0962,0,0,0,0,0.219,21.111111111,26.111111111
0.139,0.578,0.0348,0.106,0,0,0,0,0,21.111111111,26.111111111
0.333,0.595,0.0639,0.181,0,0,0,0.167,0.292,21.111111111,26.111111111
0.333,0.595,0.0677,0.176,0,0,0,1,0.209,21.111111111,26.111111111
0.333,0.595,0.0737,0.173,0,0,0,1,0.131,21.111111111,21.111111111
0.333,0.595,0.0788,0.173,0.522,0.917,0,0.0167,0.0836,21.111111111,21.111111111
0.389,0.609,0.0976,0.195,0.657,0.567,0.433,0,0.292,21.111111111,21.111111111
0.667,0.667,0.186,0.308,0.544,0,1,0,0.209,21.111111111,21.111111111
0.667,0.698,0.227,0.341,0.0572,0,0.117,0,0.0418,17.777777778,21.111111111
0.75,0.733,0.325,0.454,0,0,0,0,0.651,17.777777778,26.111111111
0.806,0.741,0.5,0.635,0,0,0,0,0.0166,17.777777778,26.111111111
1,0.759,0.774,0.908,0,0,0,0,0,17.777777778,26.111111111
1,0.665,0.559,0.658,0,0,0,0,0,17.777777778,26.111111111
1,0.618,0.39,0.471,0,0,0,0,0,17.777777778,26.111111111
1,0.578,0.118,0.165,0,0,0,0,0,17.777777778,26.111111111
1,0.565,0.0166,0.0505,0,0,0,0,0,17.777777778,26.111111111
1,0.565,0.0166,0.0505,0,0,0,0,0,17.777777778,26.111111111
1,0.565,0.0166,0.0505,0,0,0,0,0,21.111111111,26.111111111
1,0.565,0.0166,0.0505,0,0,0,0,0,21.111111111,21.111111111
1,0.565,0.0166,0.0505,0,0,0,0,0,21.111111111,21.111111111
1,0.565,0.0166,0.0505,0,0,0,0,0,21.111111111,26.111111111
1,0.571,0.0276,0.117,0,0,0,0,0.191,21.111111111,26.111111111
1,0.601,0.0551,0.258,0,0,0,0,0.735,21.111111111,26.111111111
1,0.641,0.0964,0.411,0,0,0,0.667,0.423,21.111111111,26.111111111
0.806,0.637,0.103,0.384,0,0,0,0.3,0.563,21.111111111,26.111111111
0.333,0.595,0.0586,0.186,0,0,0,0,0.292,21.111111111,26.111111111
0.333,0.595,0.0639,0.181,0,0,0,0,0.251,21.111111111,26.111111111
0.333,0.595,0.0677,0.176,0,0,0,0,0,21.111111111,26.111111111
0.333,0.595,0.0737,0.173,0,0,0,0,0.292,21.111111111,21.111111111
0.333,0.595,0.0788,0.173,0,0,0,0,0.292,21.111111111,21.111111111
0.333,0.602,0.0856,0.174,0,0,0,0,0,21.111111111,21.111111111
0.389,0.625,0.116,0.201,0,0,0,0,0.125,21.111111111,21.111111111
0.444,0.65,0.152,0.239,0,0,0,0,0,17.777777778,21.111111111
0.333,0.64,0.157,0.233,0,0,0,0,0.125,17.777777778,26.111111111
0.611,0.698,0.394,0.504,0,0,0,0,0,17.777777778,26.111111111
1,0.759,0.774,0.908,0,0,0,0,0.0418,17.777777778,26.111111111
1,0.68,0.627,0.733,0,0,0,0,0,17.777777778,26.111111111
1,0.618,0.39,0.471,0,0,0,0,0,17.777777778,26.111111111
1,0.583,0.202,0.256,0,0,0,0,0,17.777777778,26.111111111
1,0.566,0.0884,0.13,0,0,0,0,0,17.777777778,26.111111111
1,0.563,0.0424,0.0786,0,0,0,0,0.0849,17.777777778,26.111111111
1,0.564,0.0206,0.054,0,0,0,0,0.0836,21.111111111,26.111111111
1,0.565,0.0166,0.0505,0,0,0,0,0,21.111111111,21.111111111
1,0.564,0.0185,0.0515,0,0,0,0,0.0418,21.111111111,21.111111111
1,0.563,0.0263,0.0865,0,0,0,0,0.251,21.111111111,26.111111111
1,0.576,0.0439,0.205,0.165,0.167,0,0,0.323,21.111111111,26.111111111
0.75,0.59,0.0441,0.201,0.107,0.567,0.25,0,0.174,21.111111111,26.111111111
0.944,0.636,0.0911,0.389,0,0,0,0,0.485,21.111111111,26.111111111
0.667,0.625,0.0889,0.326,0,0,0,0,0.491,21.111111111,26.111111111
0.528,0.613,0.0823,0.266,0,0,0,0,0.167,21.111111111,26.111111111
0.333,0.595,0.0639,0.181,0,0,0,0,0.0418,21.111111111,26.111111111
0.333,0.595,0.0677,0.176,0,0,0,0,0.0836,21.111111111,26.111111111
0.333,0.595,0.0737,0.173,0,0,0,0.667,0.0418,21.111111111,21.111111111
0.333,0.595,0.0788,0.173,0,0,0,0.55,0.209,21.111111111,21.111111111
0.333,0.602,0.0856,0.174,0,0,0,0,0,21.111111111,21.111111111
0.472,0.639,0.139,0.234,0,0,0,0,0.0836,21.111111111,21.111111111
0.667,0.698,0.227,0.341,0,0,0,0,0.125,17.777777778,21.111111111
0.361,0.646,0.166,0.246,0,0,0,0,0.0836,17.777777778,26.111111111
0.639,0.705,0.396,0.511,0,0,0,0,0,17.777777778,26.111111111
0.806,0.72,0.634,0.747,0,0,0,0,0.0813,17.777777778,26.111111111
1,0.707,0.797,0.925,0,0,0,0,0.117,17.777777778,26.111111111
1,0.618,0.386,0.467,0,0,0,0,0,17.777777778,26.111111111
1,0.574,0.109,0.153,0,0,0,0,0,17.777777778,26.111111111
1,0.567,0.0375,0.0732,0,0,0,0,0,17.777777778,26.111111111
1,0.565,0.0166,0.0505,0,0,0,0,0,17.777777778,26.111111111
1,0.565,0.0166,0.0505,0,0,0,0,0,21.111111111,26.111111111
1,0.565,0.0166,0.0505,0,0,0,0,0,21.111111111,21.111111111
1,0.565,0.0166,0.0505,0,0,0,0,0,21.111111111,21.111111111
1,0.564,0.022,0.0724,0,0,0,0,0.249,21.111111111,26.111111111
1,0.577,0.0412,0.194,0,0,0,0,0.385,21.111111111,26.111111111
0.861,0.61,0.0668,0.324,0,0,0,0.717,0.249,21.111111111,26.111111111
0.667,0.622,0.0753,0.32,0,0,0,0,0.409,21.111111111,26.111111111
0.667,0.625,0.0889,0.326,0,0,0,0,0.416,21.111111111,26.111111111
0.667,0.625,0.101,0.322,0,0,0,0,0.333,21.111111111,26.111111111
0.667,0.625,0.111,0.311,0,0,0,0.167,0.505,21.111111111,26.111111111
0.583,0.618,0.106,0.27,0,0,0,1,0.367,21.111111111,26.111111111
0.667,0.625,0.131,0.296,0,0,0,0.533,0.292,21.111111111,21.111111111
0.444,0.605,0.0987,0.214,0,0,0,0.417,0.251,21.111111111,21.111111111
0.472,0.619,0.116,0.226,0,0,0,0.3,0.167,21.111111111,21.111111111
0.667,0.667,0.186,0.308,0,0,0,0,0.209,21.111111111,21.111111111
0.444,0.65,0.152,0.239,0,0,0,0,0.249,17.777777778,21.111111111
0.556,0.691,0.259,0.365,0,0,0,0.417,0.257,17.777777778,26.111111111
0.889,0.759,0.554,0.699,0,0,0,0.3,0,17.777777778,26.111111111
1,0.759,0.774,0.908,0,0,0,0,0,17.777777778,26.111111111
1,0.69,0.691,0.805,0,0,0,0,0.243,17.777777778,26.111111111
1,0.602,0.263,0.328,0,0,0,0,0.245,17.777777778,26.111111111
1,0.565,0.0166,0.0505,0,0,0,0,0,17.777777778,26.111111111
1,0.565,0.0217,0.0539,0,0,0,0,0,17.777777778,26.111111111
1,0.565,0.0189,0.0505,0,0,0,0,0,17.777777778,26.111111111
1,0.565,0.0189,0.0505,0,0,0,0,0,21.111111111,26.111111111
1,0.565,0.0189,0.0505,0,0,0,0,0,21.111111111,21.111111111
1,0.565,0.0189,0.0505,0,0,0,0,0,21.111111111,21.111111111
1,0.564,0.0216,0.0707,0,0,0,0.617,0.0418,21.111111111,21.111111111
0.794,0.566,0.022,0.0747,0,0,0,0.1,0.0418,21.111111111,21.111111111
0.667,0.584,0.0397,0.169,0,0,0,0,0.0418,21.111111111,21.111111111
0.667,0.612,0.0876,0.269,0,0,0,0,0.229,21.111111111,21.111111111
0.667,0.625,0.136,0.326,0,0,0,0,0.259,21.111111111,21.111111111
0.667,0.625,0.166,0.322,0,0,0,0,0.0418,21.111111111,21.111111111
0.667,0.625,0.186,0.311,0.405,0.617,0,0,0.0418,21.111111111,21.111111111
0.667,0.625,0.201,0.301,0.561,0.233,0.517,0,0.292,21.111111111,21.111111111
0.667,0.625,0.229,0.296,0.586,0.367,0.633,0,0,21.111111111,21.111111111
0.667,0.625,0.264,0.295,0.504,0,0.4,0,0.209,21.111111111,21.111111111
0.872,0.663,0.381,0.374,0.567,0,0,0,0.0836,21.111111111,21.111111111
1,0.715,0.46,0.435,0.447,0,0,0.117,0.0836,21.111111111,21.111111111
1,0.762,0.478,0.483,0.504,0,0,0.6,0.0418,17.777777778,21.111111111
1,0.789,0.538,0.591,0.62,0,0,0,0.125,17.777777778,26.111111111
1,0.786,0.682,0.756,0.476,0,0,0,0,17.777777778,26.111111111
1,0.76,0.832,0.902,0.697,0,0,0,0.0418,17.777777778,26.111111111
1,0.71,0.841,0.926,0.705,0,0,0,0.394,17.777777778,26.111111111
1,0.636,0.527,0.593,0.102,0,0,0,0.268,17.777777778,26.111111111
1,0.583,0.19,0.224,0,0,0,0,0,17.777777778,26.111111111
1,0.566,0.0285,0.0596,0,0,0,0,0.0178,17.777777778,26.111111111
1,0.565,0.0189,0.0505,0,0,0,0,0,17.777777778,26.111111111
1,0.565,0.0189,0.0505,0,0,0,0,0,21.111111111,26.111111111
1,0.565,0.0189,0.0505,0,0,0,0,0,21.111111111,21.111111111
1,0.565,0.0189,0.0505,0,0,0,0,0,21.111111111,21.111111111
1,0.565,0.0189,0.0505,0,0,0,0,0,21.111111111,21.111111111
1,0.565,0.0189,0.0505,0,0,0,0,0,21.111111111,21.111111111
1,0.565,0.0189,0.0505,0,0,0,0,0,21.111111111,21.111111111
0.961,0.565,0.0189,0.0505,0,0,0,0,0,21.111111111,21.111111111
0.667,0.584,0.059,0.136,0,0,0,0.617,0.125,21.111111111,21.111111111
0.667,0.595,0.0923,0.186,0,0,0,0.35,0,21.111111111,21.111111111
0.667,0.595,0.103,0.181,0,0,0,0,0.167,21.111111111,21.111111111
0.667,0.595,0.11,0.176,0,0,0,0,0.167,21.111111111,21.111111111
0.667,0.599,0.137,0.188,0,0,0,0,0.0418,21.111111111,21.111111111
0.667,0.625,0.264,0.295,0,0,0,0,0.125,21.111111111,21.111111111
0.917,0.665,0.396,0.39,0,0,0,0,0.376,21.111111111,21.111111111
0.667,0.665,0.313,0.307,0,0,0,0.617,0.0836,21.111111111,21.111111111
0.667,0.696,0.325,0.339,0,0,0,0.1,0.0418,17.777777778,21.111111111
0.789,0.743,0.432,0.484,0,0,0,0.117,0.267,17.777777778,26.111111111
1,0.742,0.531,0.597,0,0,0,0.6,0,17.777777778,26.111111111
1,0.695,0.561,0.618,0,0,0,0,0.0418,17.777777778,26.111111111
1,0.657,0.536,0.601,0,0,0,0,0,17.777777778,26.111111111
1,0.593,0.222,0.267,0,0,0,0,0,17.777777778,26.111111111
1,0.575,0.126,0.158,0,0,0,0,0.331,17.777777778,26.111111111
1,0.566,0.0563,0.09,0,0,0,0,0,17.777777778,26.111111111
1,0.565,0.0241,0.059,0,0,0,0,0,17.777777778,26.111111111
1,0.565,0.0166,0.0505,0,0,0,0,0,21.111111111,26.111111111
1,0.565,0.0166,0.0505,0,0,0,0,0,21.111111111,21.111111111
1,0.564,0.0185,0.0515,0,0,0,0,0.0418,21.111111111,21.111111111
0.944,0.564,0.0216,0.0674,0,0,0,0,0.146,21.111111111,26.111111111
0.667,0.573,0.0303,0.134,0,0,0,0,0.366,21.111111111,26.111111111
0.528,0.594,0.0503,0.237,0,0,0,0,0.331,21.111111111,26.111111111
0.333,0.593,0.0459,0.185,0,0,0,0,0.0418,21.111111111,26.111111111
0.194,0.583,0.0367,0.131,0,0,0,0,0.0418,21.111111111,26.111111111
0,0.565,0.0166,0.0505,0,0,0,0,0,21.111111111,26.111111111
0.306,0.593,0.0602,0.169,0,0,0,0,0,21.111111111,26.111111111
0.333,0.595,0.0677,0.176,0,0,0,0,0,21.111111111,26.111111111
0.333,0.595,0.0737,0.173,0,0,0,0,0.32,21.111111111,21.111111111
0.333,0.595,0.0788,0.173,0,0,0,0,0.125,21.111111111,21.111111111
0.333,0.602,0.0856,0.174,0,0,0,0,0.125,21.111111111,21.111111111
0.333,0.616,0.101,0.179,0,0,0,0,0.125,21.111111111,21.111111111
0.472,0.661,0.169,0.259,0,0,0,0.417,0,17.777777778,21.111111111
0.361,0.646,0.166,0.246,0,0,0,0.3,0,17.777777778,26.111111111
0.556,0.686,0.358,0.461,0,0,0,0,0.0836,17.777777778,26.111111111
0.806,0.72,0.634,0.747,0,0,0,0,0.0836,17.777777778,26.111111111
1,0.68,0.627,0.733,0,0,0,0,0.324,17.777777778,26.111111111
1,0.605,0.288,0.357,0,0,0,0,0.102,17.777777778,26.111111111
1,0.574,0.109,0.153,0,0,0,0,0.209,17.777777778,26.111111111
1,0.566,0.0487,0.0858,0,0,0,0,0,17.777777778,26.111111111
1,0.565,0.0166,0.0505,0,0,0,0,0,17.777777778,26.111111111
1,0.565,0.0166,0.0505,0,0,0,0,0,21.111111111,26.111111111
1,0.565,0.0166,0.0505,0,0,0,0,0,21.111111111,21.111111111
1,0.565,0.0166,0.0505,0,0,0,0,0,21.111111111,21.111111111
1,0.565,0.0166,0.0505,0,0,0,0,0,21.111111111,26.111111111
0.861,0.568,0.0207,0.0754,0,0,0,0,0,21.111111111,26.111111111
0.667,0.598,0.0497,0.225,0,0,0,0,0.202,21.111111111,26.111111111
0.667,0.622,0.0753,0.32,0,0,0,0,0.454,21.111111111,26.111111111
0.5,0.61,0.0714,0.258,0,0,0,0,0.136,21.111111111,26.111111111
0.667,0.625,0.101,0.322,0.445,0.733,0.183,0,0.167,21.111111111,26.111111111
0.667,0.625,0.111,0.311,0.439,0,0.85,0,0.292,21.111111111,26.111111111
0.75,0.632,0.131,0.333,0.708,0,0,0,0,21.111111111,26.111111111
0.667,0.625,0.131,0.296,0.414,0,0,0,0.292,21.111111111,21.111111111
0.444,0.605,0.0987,0.214,0.111,0,0,0,0.167,21.111111111,21.111111111
0.0278,0.568,0.0219,0.0607,0,0,0,0,0,21.111111111,21.111111111
0.361,0.622,0.11,0.191,0,0,0,0,0.292,21.111111111,21.111111111
0.667,0.698,0.227,0.341,0,0,0,0,0.0836,17.777777778,21.111111111
0.667,0.715,0.297,0.416,0,0,0,0,0.209,17.777777778,26.111111111
0.667,0.712,0.409,0.527,0,0,0,0,0.0836,17.777777778,26.111111111
0.806,0.72,0.634,0.747,0,0,0,0,0,17.777777778,26.111111111
1,0.707,0.797,0.925,0,0,0,0,0,17.777777778,26.111111111
1,0.618,0.386,0.467,0,0,0,0,0,17.777777778,26.111111111
1,0.567,0.0293,0.0649,0,0,0,0,0,17.777777778,26.111111111
1,0.565,0.0166,0.0505,0,0,0,0,0,17.777777778,26.111111111
1,0.565,0.0166,0.0505,0,0,0,0,0,17.777777778,26.111111111
1,0.565,0.0166,0.0505,0,0,0,0,0,21.111111111,26.111111111
1,0.565,0.0166,0.0505,0,0,0,0,0,21.111111111,21.111111111
1,0.565,0.0166,0.0505,0,0,0,0,0,21.111111111,21.111111111
1,0.565,0.0179,0.056,0,0,0,0,0,21.111111111,26.111111111
1,0.567,0.0234,0.0863,0,0,0,0,0.0836,21.111111111,26.111111111
0.778,0.565,0.0166,0.0505,0,0,0,0,0,21.111111111,26.111111111
0.667,0.59,0.0429,0.165,0,0,0,0,0.212,21.111111111,26.111111111
0.611,0.62,0.0825,0.303,0,0,0,0,0.616,21.111111111,26.111111111
0.333,0.595,0.0586,0.186,0,0,0,0,0.188,21.111111111,26.111111111
0.278,0.59,0.0557,0.159,0,0,0,0,0.153,21.111111111,26.111111111
0.0556,0.57,0.0253,0.0711,0,0,0,0.167,0.167,21.111111111,26.111111111
0.333,0.595,0.0737,0.173,0,0,0,1,0.167,21.111111111,21.111111111
0.333,0.595,0.0788,0.173,0,0,0,0.283,0.376,21.111111111,21.111111111
0.333,0.602,0.0856,0.174,0,0,0,0,0.334,21.111111111,21.111111111
0.333,0.616,0.101,0.179,0,0,0,0,0.167,21.111111111,21.111111111
0.333,0.632,0.122,0.196,0,0,0,0,0.0418,17.777777778,21.111111111
0.889,0.765,0.392,0.54,0,0,0,0.717,0,17.777777778,26.111111111
0.889,0.759,0.554,0.699,0,0,0,0,0.0418,17.777777778,26.111111111
1,0.759,0.774,0.908,0,0,0,0,0.0418,17.777777778,26.111111111
1,0.665,0.559,0.658,0,0,0,0,0.107,17.777777778,26.111111111
1,0.618,0.39,0.471,0,0,0,0,0.145,17.777777778,26.111111111
1,0.573,0.08,0.122,0,0,0,0,0,17.777777778,26.111111111
1,0.565,0.0166,0.0505,0,0,0,0,0,17.777777778,26.111111111
1,0.565,0.0166,0.0505,0,0,0,0,0,17.777777778,26.111111111
1,0.565,0.0166,0.0505,0,0,0,0,0,21.111111111,26.111111111
1,0.565,0.0166,0.0505,0,0,0,0,0,21.111111111,21.111111111
1,0.565,0.0166,0.0505,0,0,0,0,0,21.111111111,21.111111111
1,0.565,0.0166,0.0505,0,0,0,0,0,21.111111111,26.111111111
1,0.567,0.0193,0.0671,0,0,0,0,0.0804,21.111111111,26.111111111
1,0.585,0.0386,0.171,0,0,0,0,0.368,21.111111111,26.111111111
0.472,0.567,0.0186,0.0614,0,0,0,0,0,21.111111111,26.111111111
0.472,0.578,0.0326,0.108,0,0,0,0.417,0.0418,21.111111111,26.111111111
0.667,0.615,0.0878,0.275,0,0,0,0.3,0,21.111111111,26.111111111
0.444,0.605,0.0785,0.225,0,0,0,0,0.0836,21.111111111,26.111111111
0.333,0.595,0.0677,0.176,0,0,0,0,0.209,21.111111111,26.111111111
0.333,0.595,0.0737,0.173,0,0,0,0,0,21.111111111,21.111111111
0.333,0.595,0.0788,0.173,0,0,0,0,0.376,21.111111111,21.111111111
0.333,0.602,0.0856,0.174,0,0,0,0.167,0.501,21.111111111,21.111111111
0.333,0.616,0.101,0.179,0,0,0,1,0.125,21.111111111,21.111111111
0.556,0.679,0.197,0.297,0,0,0,0.533,0.0418,17.777777778,21.111111111
0.889,0.766,0.399,0.547,0,0,0,0,0.125,17.777777778,26.111111111
0.778,0.737,0.46,0.593,0,0,0,0,0.176,17.777777778,26.111111111
0.806,0.679,0.454,0.547,0,0,0,0.167,0.0418,17.777777778,26.111111111
1,0.66,0.537,0.633,0,0,0,0.55,0,17.777777778,26.111111111
1,0.61,0.326,0.4,0,0,0,0,0.0418,17.777777778,26.111111111
1,0.572,0.0673,0.108,0,0,0,0,0,17.777777778,26.111111111
1,0.565,0.0203,0.0547,0,0,0,0,0,17.777777778,26.111111111
1,0.565,0.0241,0.059,0,0,0,0,0,17.777777778,26.111111111
1,0.565,0.0166,0.0505,0,0,0,0,0,21.111111111,26.111111111
1,0.565,0.0166,0.0505,0,0,0,0,0,21.111111111,21.111111111
1,0.565,0.0166,0.0505,0,0,0,0,0,21.111111111,21.111111111
1,0.565,0.0179,0.056,0,0,0,0,0.47,21.111111111,26.111111111
1,0.571,0.0303,0.128,0,0,0,0,0.338,21.111111111,26.111111111
1,0.605,0.0593,0.279,0,0,0,0,0.598,21.111111111,26.111111111
0.778,0.63,0.0836,0.364,0,0,0,0,0.1,21.111111111,26.111111111
0.667,0.625,0.0889,0.326,0,0,0,0,0,21.111111111,26.111111111
0.667,0.625,0.101,0.322,0.433,0.233,0.25,0,0.292,21.111111111,26.111111111
0.667,0.625,0.111,0.311,0,0,0,0,0.366,21.111111111,26.111111111
0.667,0.625,0.119,0.301,0,0,0,0,0.358,21.111111111,26.111111111
0.667,0.625,0.131,0.296,0,0,0,0,0.289,21.111111111,21.111111111
0.667,0.625,0.141,0.295,0,0,0,0,0.142,21.111111111,21.111111111
0.667,0.639,0.155,0.297,0,0,0,0,0.292,21.111111111,21.111111111
0.667,0.667,0.186,0.308,0.196,0.733,0.183,0.167,0.251,21.111111111,21.111111111
0.75,0.716,0.256,0.379,0,0,1,0.317,0.238,17.777777778,21.111111111
0.667,0.715,0.297,0.416,0,0,0.117,0,0.0418,17.777777778,26.111111111
0.667,0.712,0.409,0.527,0,0,0,0,0.231,17.777777778,26.111111111
0.806,0.72,0.634,0.747,0,0,0,0,0.25,17.777777778,26.111111111
1,0.707,0.797,0.925,0,0,0,0,0,17.777777778,26.111111111
1,0.628,0.45,0.539,0,0,0,0,0.328,17.777777778,26.111111111
1,0.574,0.0987,0.142,0,0,0,0,0.159,17.777777778,26.111111111
1,0.565,0.0217,0.0539,0,0,0,0,0,17.777777778,26.111111111
1,0.565,0.0189,0.0505,0,0,0,0,0,17.777777778,26.111111111
1,0.565,0.0189,0.0505,0,0,0,0,0,21.111111111,26.111111111
1,0.565,0.0189,0.0505,0,0,0,0,0,21.111111111,21.111111111
1,0.565,0.0189,0.0505,0,0,0,0,0,21.111111111,21.111111111
1,0.565,0.0194,0.0544,0,0,0,0,0,21.111111111,21.111111111
0.711,0.565,0.0195,0.0549,0,0,0,0,0,21.111111111,21.111111111
0.667,0.568,0.022,0.0658,0,0,0,0.117,0.0418,21.111111111,21.111111111
0.667,0.593,0.0583,0.185,0,0,0,0.6,0.125,21.111111111,21.111111111
0.667,0.595,0.0772,0.188,0,0,0,0,0.251,21.111111111,21.111111111
0.667,0.595,0.0923,0.186,0,0,0,0,0.0836,21.111111111,21.111111111
0.667,0.595,0.103,0.181,0,0,0,0,0.0418,21.111111111,21.111111111
0.667,0.595,0.11,0.176,0,0,0,0,0.0418,21.111111111,21.111111111
0.667,0.595,0.124,0.173,0,0,0,0,0.0418,21.111111111,21.111111111
0.872,0.632,0.3,0.324,0,0,0,0,0.0836,21.111111111,21.111111111
1,0.674,0.43,0.421,0,0,0,0,0.209,21.111111111,21.111111111
1,0.715,0.46,0.435,0.0896,0.733,0.133,0,0.309,21.111111111,21.111111111
1,0.762,0.478,0.483,0,0,1,0,0.167,17.777777778,21.111111111
1,0.789,0.538,0.591,0,0,0.417,0,0.265,17.777777778,26.111111111
0.878,0.759,0.592,0.661,0,0,0,0,0.3,17.777777778,26.111111111
0.667,0.695,0.561,0.618,0,0,0,0.717,0,17.777777778,26.111111111
0.872,0.687,0.73,0.812,0,0,0,0,0,17.777777778,26.111111111
1,0.636,0.527,0.593,0,0,0,0,0.113,17.777777778,26.111111111
1,0.583,0.19,0.224,0,0,0,0,0.0994,17.777777778,26.111111111
1,0.57,0.115,0.141,0,0,0,0,0.188,17.777777778,26.111111111
1,0.565,0.0189,0.0505,0,0,0,0,0,17.777777778,26.111111111
1,0.565,0.0189,0.0505,0,0,0,0,0,21.111111111,26.111111111
1,0.565,0.0189,0.0505,0,0,0,0,0,21.111111111,21.111111111
1,0.565,0.0193,0.0507,0,0,0,0,0.171,21.111111111,21.111111111
1,0.563,0.0222,0.0618,0,0,0,0.167,0.321,21.111111111,21.111111111
1,0.565,0.0303,0.134,0,0,0,0.533,0.522,21.111111111,21.111111111
1,0.587,0.0479,0.251,0,0,0,0,0.131,21.111111111,21.111111111
1,0.615,0.0792,0.302,0,0,0,0,0.627,21.111111111,21.111111111
1,0.628,0.132,0.329,0,0,0,0,0.573,21.111111111,21.111111111
0.556,0.614,0.131,0.262,0,0,0,0,0.188,21.111111111,21.111111111
0.306,0.592,0.0945,0.161,0,0,0,0,0.167,21.111111111,21.111111111
0.667,0.623,0.197,0.284,0,0,0,0,0.374,21.111111111,21.111111111
0.667,0.623,0.214,0.276,0,0,0,0,0.318,21.111111111,21.111111111
0.667,0.623,0.251,0.274,0,0,0,0,0.202,21.111111111,21.111111111
0.667,0.627,0.283,0.274,0,0,0,0,0.295,21.111111111,21.111111111
0.889,0.678,0.406,0.349,0,0,0,0.167,0.0418,21.111111111,21.111111111
1,0.738,0.475,0.391,0,0,0,0.533,0.0418,17.777777778,21.111111111
1,0.779,0.503,0.407,0,0,0,0,0.125,17.777777778,26.111111111
0.944,0.778,0.565,0.429,0,0,0,0,0,17.777777778,26.111111111
0.667,0.703,0.526,0.392,0,0,0,0,0,17.777777778,26.111111111
0.972,0.693,0.665,0.55,0,0,0,0,0,17.777777778,26.111111111
1,0.637,0.52,0.557,0,0,0,0,0,17.777777778,26.111111111
1,0.597,0.321,0.39,0,0,0,0,0,17.777777778,26.111111111
1,0.568,0.0857,0.117,0,0,0,0,0.158,17.777777778,26.111111111
1,0.565,0.0166,0.0505,0,0,0,0,0,17.777777778,26.111111111
1,0.565,0.0166,0.0505,0,0,0,0,0,21.111111111,26.111111111
1,0.565,0.0166,0.0505,0,0,0,0,0,21.111111111,21.111111111
1,0.565,0.0166,0.0505,0,0,0,0,0,21.111111111,21.111111111
1,0.565,0.0166,0.0505,0,0,0,0,0,21.111111111,26.111111111
1,0.568,0.0224,0.0839,0,0,0,0,0,21.111111111,26.111111111
0.717,0.579,0.0362,0.156,0,0,0,0,0.464,21.111111111,26.111111111
0.383,0.591,0.044,0.177,0,0,0,0,0.0418,21.111111111,26.111111111
0.333,0.594,0.0509,0.179,0,0,0,0.35,0.25,21.111111111,26.111111111
0.333,0.594,0.0573,0.176,0,0,0,0.35,0.0418,21.111111111,26.111111111
0.333,0.594,0.0626,0.172,0,0,0,0,0.167,21.111111111,26.111111111
0.333,0.594,0.0672,0.166,0,0,0,0,0.0981,21.111111111,26.111111111
0.333,0.594,0.0718,0.163,0,0,0,0,0.303,21.111111111,21.111111111
0.333,0.594,0.0781,0.162,0,0,0,0,0.654,21.111111111,21.111111111
0.333,0.598,0.0836,0.162,0,0,0,0,0.485,21.111111111,21.111111111
0.617,0.649,0.164,0.258,0,0,0,0,0.122,21.111111111,21.111111111
0.667,0.686,0.215,0.279,0,0,0,0.467,0.46,17.777777778,21.111111111
0.667,0.71,0.273,0.293,0,0,0,0,0,17.777777778,26.111111111
0.667,0.713,0.372,0.333,0,0,0,0,0.209,17.777777778,26.111111111
0.7,0.705,0.519,0.433,0,0,0,0,0,17.777777778,26.111111111
1,0.666,0.501,0.454,0,0,0,0,0,17.777777778,26.111111111
1,0.597,0.238,0.29,0,0,0,0,0.227,17.777777778,26.111111111
1,0.578,0.139,0.198,0,0,0,0,0,17.777777778,26.111111111
1,0.566,0.0419,0.0777,0,0,0,0,0,17.777777778,26.111111111
1,0.565,0.0166,0.0505,0,0,0,0,0,17.777777778,26.111111111
1,0.565,0.0166,0.0505,0,0,0,0,0,21.111111111,26.111111111
1,0.565,0.0166,0.0505,0,0,0,0,0,21.111111111,21.111111111
1,0.565,0.0166,0.0505,0,0,0,0,0,21.111111111,21.111111111
1,0.565,0.0166,0.0505,0,0,0,0,0,21.111111111,26.111111111
1,0.571,0.0282,0.117,0,0,0,0,0.409,21.111111111,26.111111111
0.967,0.599,0.062,0.293,0,0,0,0,0.27,21.111111111,26.111111111
0.35,0.59,0.0429,0.182,0,0,0,0,0.388,21.111111111,26.111111111
0,0.565,0.0166,0.0505,0,0,0,0,0,21.111111111,26.111111111
0,0.565,0.0166,0.0505,0,0,0,0,0,21.111111111,26.111111111
0.117,0.575,0.0339,0.0916,0,0,0,0,0.0836,21.111111111,26.111111111
0.333,0.58,0.0424,0.108,0,0,0,0,0.167,21.111111111,26.111111111
0.367,0.597,0.0779,0.174,0,0,0,0,0.209,21.111111111,21.111111111
0.467,0.606,0.102,0.207,0,0,0,0,0.125,21.111111111,21.111111111
0.0833,0.574,0.0334,0.0785,0,0,0,0,0.0418,21.111111111,21.111111111
0.333,0.61,0.0957,0.163,0,0,0,0,0.125,21.111111111,21.111111111
0.333,0.626,0.116,0.165,0,0,0,0,0.125,17.777777778,21.111111111
0.367,0.645,0.16,0.185,0,0,0,0,0.125,17.777777778,26.111111111
0.667,0.713,0.372,0.333,0,0,0,0,0.0836,17.777777778,26.111111111
0.667,0.699,0.492,0.411,0,0,0,0,0,17.777777778,26.111111111
0.667,0.671,0.551,0.515,0,0,0,0,0.292,17.777777778,26.111111111
0.667,0.629,0.459,0.529,0,0,0,0,0,17.777777778,26.111111111
0.95,0.581,0.162,0.226,0,0,0,0,0,17.777777778,26.111111111
1,0.566,0.0377,0.0732,0,0,0,0,0,17.777777778,26.111111111
1,0.565,0.0166,0.0505,0,0,0,0,0,17.777777778,26.111111111
1,0.565,0.0166,0.0505,0,0,0,0,0,21.111111111,26.111111111
1,0.565,0.0166,0.0505,0,0,0,0,0,21.111111111,21.111111111
0.883,0.565,0.0166,0.0505,0,0,0,0,0,21.111111111,21.111111111
0.667,0.565,0.0166,0.0505,0,0,0,0,0,21.111111111,26.111111111
0.667,0.565,0.0166,0.0505,0,0,0,0,0,21.111111111,26.111111111
0.667,0.578,0.0337,0.142,0,0,0,0,0.225,21.111111111,26.111111111
0.55,0.591,0.044,0.177,0,0,0,0.35,0.362,21.111111111,26.111111111
0.333,0.594,0.0509,0.179,0,0,0,0.35,0.0418,21.111111111,26.111111111
0.333,0.594,0.0573,0.176,0,0,0,0,0.0836,21.111111111,26.111111111
0.333,0.594,0.0626,0.172,0,0,0,0,0.0836,21.111111111,26.111111111
0.333,0.594,0.0672,0.166,0,0,0,0,0.0418,21.111111111,26.111111111
0.333,0.594,0.0718,0.163,0,0,0,0,0.0836,21.111111111,21.111111111
0.333,0.594,0.0781,0.162,0,0,0,0,0.0836,21.111111111,21.111111111
0.367,0.602,0.0908,0.174,0,0,0,0,0.0836,21.111111111,21.111111111
0.633,0.649,0.166,0.264,0,0,0,0,0.0418,21.111111111,21.111111111
0.45,0.65,0.156,0.205,0,0,0,0,0.292,17.777777778,21.111111111
0.667,0.71,0.273,0.293,0,0,0,0,0.338,17.777777778,26.111111111
0.7,0.72,0.394,0.349,0,0,0,0.6,0.119,17.777777778,26.111111111
1,0.76,0.703,0.57,0,0,0,0.1,0.0836,17.777777778,26.111111111
1,0.671,0.551,0.515,0,0,0,0,0.0836,17.777777778,26.111111111
1,0.623,0.405,0.463,0,0,0,0,0.0836,17.777777778,26.111111111
1,0.573,0.078,0.127,0,0,0,0,0,17.777777778,26.111111111
1,0.567,0.0567,0.0936,0,0,0,0,0,17.777777778,26.111111111
1,0.565,0.0166,0.0505,0,0,0,0,0,17.777777778,26.111111111
1,0.565,0.0166,0.0505,0,0,0,0,0,21.111111111,26.111111111
1,0.565,0.0166,0.0505,0,0,0,0,0,21.111111111,21.111111111
1,0.565,0.0166,0.0505,0,0,0,0,0,21.111111111,21.111111111
1,0.565,0.0195,0.0614,0,0,0,0,0.182,21.111111111,26.111111111
1,0.567,0.0278,0.104,0,0,0,0,0.102,21.111111111,26.111111111
0.967,0.577,0.0337,0.144,0,0,0,0,0.259,21.111111111,26.111111111
0.667,0.575,0.0278,0.0956,0,0,0,0,0.142,21.111111111,26.111111111
0.667,0.604,0.0645,0.223,0,0,0,0,0.212,21.111111111,26.111111111
0.55,0.613,0.0825,0.259,0,0,0,0,0,21.111111111,26.111111111
0.617,0.619,0.102,0.274,0,0,0,0.35,0.167,21.111111111,26.111111111
0.667,0.623,0.118,0.282,0,0,0,0.817,0.0418,21.111111111,26.111111111
0.95,0.648,0.174,0.372,0,0,0,0,0.167,21.111111111,21.111111111
0.883,0.642,0.179,0.347,0,0,0,0,0.209,21.111111111,21.111111111
0.667,0.63,0.151,0.274,0,0,0,0,0,21.111111111,21.111111111
0.467,0.626,0.125,0.207,0,0,0,0,0.0836,21.111111111,21.111111111
0.617,0.678,0.202,0.262,0,0,0,0,0.0836,17.777777778,21.111111111
0.667,0.71,0.273,0.293,0,0,0,0,0.0836,17.777777778,26.111111111
0.667,0.713,0.372,0.333,0,0,0,0,0.125,17.777777778,26.111111111
0.867,0.737,0.642,0.527,0,0,0,0,0.167,17.777777778,26.111111111
0.75,0.64,0.391,0.374,0,0,0,0.1,0,17.777777778,26.111111111
1,0.629,0.459,0.529,0,0,0,0.6,0,17.777777778,26.111111111
1,0.592,0.26,0.345,0,0,0,0,0,17.777777778,26.111111111
1,0.566,0.0747,0.114,0,0,0,0,0,17.777777778,26.111111111
1,0.565,0.0234,0.0581,0,0,0,0,0,17.777777778,26.111111111
1,0.565,0.017,0.0505,0,0,0,0,0,21.111111111,26.111111111
1,0.564,0.0175,0.0505,0,0,0,0,0,21.111111111,21.111111111
1,0.565,0.0166,0.0505,0,0,0,0,0,21.111111111,21.111111111
1,0.565,0.0166,0.0505,0,0,0,0,0,21.111111111,26.111111111
1,0.57,0.0323,0.133,0,0,0,0,0.231,21.111111111,26.111111111
1,0.593,0.0558,0.262,0,0,0,0,0.418,21.111111111,26.111111111
1,0.616,0.0715,0.303,0,0,0,0,0.496,21.111111111,26.111111111
0.717,0.623,0.0853,0.307,0,0,0,0,0.0697,21.111111111,26.111111111
0.667,0.623,0.098,0.302,0,0,0,0.35,0.334,21.111111111,26.111111111
0.667,0.623,0.109,0.293,0,0,0,0.35,0.192,21.111111111,26.111111111
0.467,0.606,0.087,0.213,0,0,0,0,0.173,21.111111111,26.111111111
0.333,0.594,0.0718,0.163,0,0,0,0,0.0418,21.111111111,21.111111111
0.333,0.594,0.0781,0.162,0,0,0,0,0.383,21.111111111,21.111111111
0.0833,0.574,0.0334,0.0785,0,0,0,0,0.0418,21.111111111,21.111111111
0.367,0.616,0.105,0.174,0,0,0,0,0.167,21.111111111,21.111111111
0.633,0.679,0.204,0.267,0,0,0,0,0.164,17.777777778,21.111111111
0.367,0.645,0.16,0.185,0,0,0,0,0.0418,17.777777778,26.111111111
0.783,0.737,0.448,0.39,0,0,0,0,0.0836,17.777777778,26.111111111
0.717,0.709,0.525,0.435,0,0,0,0,0,17.777777778,26.111111111
0.7,0.675,0.576,0.542,0,0,0,0,0,17.777777778,26.111111111
1,0.655,0.626,0.702,0,0,0,0,0,17.777777778,26.111111111
1,0.58,0.139,0.203,0,0,0,0,0,17.777777778,26.111111111
1,0.567,0.0544,0.0845,0,0,0,0,0,17.777777778,26.111111111
1,0.565,0.0189,0.0505,0,0,0,0,0,17.777777778,26.111111111
1,0.565,0.0189,0.0505,0,0,0,0,0,21.111111111,26.111111111
1,0.565,0.0189,0.0505,0,0,0,0,0,21.111111111,21.111111111
1,0.565,0.0189,0.0505,0,0,0,0,0,21.111111111,21.111111111
1,0.565,0.0189,0.0505,0,0,0,0,0,21.111111111,21.111111111
0.778,0.565,0.0189,0.0505,0,0,0,0,0,21.111111111,21.111111111
0.667,0.565,0.0189,0.0505,0,0,0,0,0,21.111111111,21.111111111
0.667,0.565,0.0189,0.0505,0,0,0,0,0,21.111111111,21.111111111
0.667,0.589,0.0648,0.157,0,0,0,0.667,0.0418,21.111111111,21.111111111
0.75,0.63,0.171,0.336,0,0,0,0.75,0.209,21.111111111,21.111111111
0.667,0.623,0.18,0.295,0,0,0,0,0.172,21.111111111,21.111111111
0.667,0.623,0.197,0.284,0,0,0,0,0.352,21.111111111,21.111111111
0.667,0.623,0.214,0.276,0,0,0,0,0.231,21.111111111,21.111111111
0.667,0.623,0.251,0.274,0,0,0,0,0.448,21.111111111,21.111111111
0.444,0.606,0.194,0.2,0,0,0,0,0.309,21.111111111,21.111111111
0.333,0.607,0.164,0.163,0,0,0,0,0.158,21.111111111,21.111111111
0.389,0.634,0.197,0.183,0,0,0,0,0.447,17.777777778,21.111111111
0.667,0.708,0.342,0.288,0,0,0,0,0.339,17.777777778,26.111111111
0.667,0.715,0.41,0.321,0,0,0,0,0.277,17.777777778,26.111111111
0.667,0.703,0.526,0.392,0,0,0,0,0.209,17.777777778,26.111111111
0.667,0.678,0.592,0.496,0,0,0,0,0.0418,17.777777778,26.111111111
0.722,0.64,0.548,0.589,0,0,0,0,0.105,17.777777778,26.111111111
1,0.608,0.406,0.49,0,0,0,0,0.278,17.777777778,26.111111111
1,0.567,0.0839,0.111,0,0,0,0,0,17.777777778,26.111111111
1,0.565,0.0281,0.059,0,0,0,0,0,17.777777778,26.111111111
1,0.565,0.0189,0.0505,0,0,0,0,0,21.111111111,26.111111111
1,0.564,0.0203,0.0505,0,0,0,0,0.158,21.111111111,21.111111111
0.75,0.565,0.0193,0.0507,0,0,0,0,0.329,21.111111111,21.111111111
1,0.565,0.0191,0.0506,0,0,0,0,0,21.111111111,21.111111111
1,0.566,0.0231,0.0819,0,0,0,0.667,0,21.111111111,21.111111111
1,0.576,0.0334,0.151,0,0,0,0.983,0.0836,21.111111111,21.111111111
1,0.595,0.0571,0.198,0,0,0,0.167,0.281,21.111111111,21.111111111
0.944,0.618,0.11,0.286,0,0,0,0.0667,0.0318,21.111111111,21.111111111
0.667,0.599,0.1,0.198,0,0,0,0,0,21.111111111,21.111111111
0.667,0.623,0.18,0.295,0,0,0,0.417,0.0418,21.111111111,21.111111111
0.972,0.65,0.278,0.391,0,0,0,0.05,0.0418,21.111111111,21.111111111
0.861,0.64,0.27,0.342,0,0,0,0,0.147,21.111111111,21.111111111
0.667,0.623,0.251,0.274,0,0,0,0,0.277,21.111111111,21.111111111
0.667,0.627,0.283,0.274,0,0,0,0.167,0.328,21.111111111,21.111111111
0.611,0.64,0.283,0.256,0,0,0,0.3,0.251,21.111111111,21.111111111
0.639,0.676,0.311,0.268,0,0,0,0,0.0836,17.777777778,21.111111111
0.806,0.738,0.412,0.339,0,0,0,0,0,17.777777778,26.111111111
0.944,0.778,0.565,0.429,0,0,0,0,0.0418,17.777777778,26.111111111
0.889,0.748,0.697,0.509,0,0,0,0,0.0418,17.777777778,26.111111111
1,0.735,0.879,0.719,0,0,0,0,0,17.777777778,26.111111111
1,0.647,0.582,0.614,0,0,0,0,0.0418,17.777777778,26.111111111
1,0.581,0.17,0.22,0,0,0,0,0,17.777777778,26.111111111
1,0.566,0.059,0.0922,0,0,0,0,0,17.777777778,26.111111111
1,0.563,0.0343,0.0699,0,0,0,0,0,17.777777778,26.111111111
1,0.565,0.0178,0.0518,0,0,0,0,0,21.111111111,26.111111111
1,0.565,0.0166,0.0505,0,0,0,0,0,21.111111111,21.111111111
1,0.565,0.0166,0.0505,0,0,0,0,0,21.111111111,21.111111111
1,0.565,0.0166,0.0505,0,0,0,0,0,21.111111111,26.111111111
1,0.568,0.0224,0.0839,0,0,0,0,0.105,21.111111111,26.111111111
0.883,0.579,0.0362,0.156,0,0,0,0,0.26,21.111111111,26.111111111
0.55,0.597,0.0503,0.208,0,0,0,0,0.27,21.111111111,26.111111111
0.333,0.594,0.0509,0.179,0,0,0,0,0.299,21.111111111,26.111111111
0.367,0.597,0.0617,0.189,0,0,0,0,0.461,21.111111111,26.111111111
0.55,0.613,0.0913,0.252,0,0,0,0,1,21.111111111,26.111111111
0.333,0.594,0.0672,0.166,0,0,0,0,0.391,21.111111111,26.111111111
0.333,0.594,0.0718,0.163,0,0,0,0,0.321,21.111111111,21.111111111
0.333,0.594,0.0781,0.162,0,0,0,0,0.36,21.111111111,21.111111111
0.583,0.622,0.134,0.246,0,0,0,0,0.234,21.111111111,21.111111111
0.45,0.629,0.128,0.202,0,0,0,0,0.125,21.111111111,21.111111111
0.55,0.661,0.175,0.238,0,0,0,0,0.37,17.777777778,21.111111111
0.617,0.699,0.256,0.276,0,0,0,0,0,17.777777778,26.111111111
0.667,0.713,0.372,0.333,0,0,0,0,0.0418,17.777777778,26.111111111
0.783,0.72,0.587,0.486,0,0,0,0,0.0418,17.777777778,26.111111111
1,0.724,0.817,0.748,0,0,0,0,0.196,17.777777778,26.111111111
1,0.655,0.626,0.702,0,0,0,0,0.323,17.777777778,26.111111111
1,0.591,0.238,0.321,0,0,0,0,0.155,17.777777778,26.111111111
1,0.566,0.0261,0.0607,0,0,0,0,0,17.777777778,26.111111111
1,0.565,0.0166,0.0505,0,0,0,0,0,17.777777778,26.111111111
1,0.565,0.0166,0.0505,0,0,0,0,0,21.111111111,26.111111111
1,0.565,0.0166,0.0505,0,0,0,0,0,21.111111111,21.111111111
1,0.565,0.0176,0.0509,0.235,0.35,0,0,0.0418,21.111111111,21.111111111
1,0.563,0.0213,0.0621,0.58,0.417,0.233,0,0.0418,21.111111111,26.111111111
0.883,0.57,0.0336,0.137,0.549,0,0,0.1,0.222,21.111111111,26.111111111
0.667,0.593,0.0558,0.262,0,0,0,0.6,0.292,21.111111111,26.111111111
0.55,0.606,0.0603,0.258,0,0,0,0,0.0418,21.111111111,26.111111111
0.333,0.594,0.0509,0.179,0,0,0,0,0.125,21.111111111,26.111111111
0.333,0.594,0.0573,0.176,0,0,0,0,0.414,21.111111111,26.111111111
0.45,0.594,0.0626,0.172,0,0,0,0,0.704,21.111111111,26.111111111
0.667,0.594,0.0672,0.166,0,0,0,0,0.0353,21.111111111,26.111111111
0.667,0.594,0.0718,0.163,0,0,0,0,0,21.111111111,21.111111111
0.667,0.594,0.0781,0.162,0,0,0,0,0.125,21.111111111,21.111111111
0.667,0.626,0.141,0.257,0,0,0,0,0.0836,21.111111111,21.111111111
0.667,0.655,0.175,0.275,0,0,0,0,0.0836,21.111111111,21.111111111
0.667,0.686,0.215,0.279,0,0,0,0,0.0418,17.777777778,21.111111111
0.867,0.754,0.356,0.368,0,0,0,0.85,0.0418,17.777777778,26.111111111
1,0.787,0.549,0.474,0,0,0,0.8,0.209,17.777777778,26.111111111
1,0.766,0.73,0.591,0,0,0,0,0,17.777777778,26.111111111
1,0.724,0.817,0.748,0,0,0,0,0,17.777777778,26.111111111
1,0.66,0.665,0.75,0,0,0,0,0,17.777777778,26.111111111
1,0.591,0.238,0.321,0,0,0,0,0,17.777777778,26.111111111
1,0.566,0.0366,0.0721,0,0,0,0,0,17.777777778,26.111111111
1,0.565,0.0166,0.0505,0,0,0,0,0,17.777777778,26.111111111
1,0.565,0.0166,0.0505,0,0,0,0,0,21.111111111,26.111111111
1,0.565,0.0166,0.0505,0,0,0,0,0,21.111111111,21.111111111
1,0.565,0.0166,0.0505,0,0,0,0,0,21.111111111,21.111111111
1,0.565,0.0195,0.0614,0,0,0,0,0.128,21.111111111,26.111111111
1,0.569,0.0377,0.153,0,0,0,0,0.325,21.111111111,26.111111111
0.967,0.59,0.0533,0.25,0,0,0,0,0.268,21.111111111,26.111111111
0.55,0.591,0.044,0.177,0,0,0,0,0.0418,21.111111111,26.111111111
0.333,0.594,0.0509,0.179,0,0,0,0,0.125,21.111111111,26.111111111
0.217,0.584,0.0418,0.133,0,0,0,0,0.0418,21.111111111,26.111111111
0,0.565,0.0166,0.0505,0,0,0,0,0,21.111111111,26.111111111
0,0.565,0.0166,0.0505,0,0,0,0,0,21.111111111,26.111111111
0,0.565,0.0166,0.0505,0,0,0,0,0,21.111111111,21.111111111
0,0.565,0.0166,0.0505,0,0,0,0,0,21.111111111,21.111111111
0,0.565,0.0166,0.0505,0,0,0,0,0,21.111111111,21.111111111
0.2,0.594,0.0667,0.118,0,0,0,0,0.0836,21.111111111,21.111111111
0.45,0.65,0.156,0.205,0,0,0,0.35,0.167,17.777777778,21.111111111
0.667,0.71,0.273,0.293,0,0,0,0.35,0.292,17.777777778,26.111111111
0.667,0.713,0.372,0.333,0,0,0,0,0.251,17.777777778,26.111111111
0.667,0.699,0.492,0.411,0,0,0,0,0.138,17.777777778,26.111111111
0.667,0.671,0.551,0.515,0,0,0,0,0.152,17.777777778,26.111111111
0.783,0.628,0.443,0.51,0,0,0,0,0.239,17.777777778,26.111111111
1,0.578,0.139,0.198,0,0,0,0,0.117,17.777777778,26.111111111
1,0.567,0.0657,0.104,0,0,0,0,0.0836,17.777777778,26.111111111
1,0.563,0.0343,0.0699,0,0,0,0,0.0836,17.777777778,26.111111111
1,0.563,0.0224,0.056,0,0,0,0,0.167,21.111111111,26.111111111
1,0.565,0.0168,0.0505,0,0,0,0,0,21.111111111,21.111111111
1,0.564,0.0165,0.0505,0,0,0,0,0.0418,21.111111111,21.111111111
1,0.565,0.0166,0.0505,0,0,0,0,0,21.111111111,26.111111111
1,0.568,0.0224,0.0839,0,0,0,0,0.0849,21.111111111,26.111111111
1,0.6,0.062,0.292,0,0,0,0,0.435,21.111111111,26.111111111
0.683,0.617,0.0721,0.309,0,0,0,0,0.241,21.111111111,26.111111111
0.333,0.594,0.0509,0.179,0,0,0,0,0.125,21.111111111,26.111111111
0.333,0.594,0.0573,0.176,0,0,0,0,0.141,21.111111111,26.111111111
0.333,0.594,0.0626,0.172,0,0,0,0,0.576,21.111111111,26.111111111
0.333,0.594,0.0672,0.166,0,0,0,0,0.32,21.111111111,26.111111111
0.333,0.594,0.0718,0.163,0,0,0,0,0.0418,21.111111111,21.111111111
0.333,0.594,0.0781,0.162,0,0,0,0,0,21.111111111,21.111111111
0.333,0.598,0.0836,0.162,0,0,0,0,0.251,21.111111111,21.111111111
0.333,0.61,0.0957,0.163,0,0,0,0,0.0836,21.111111111,21.111111111
0.217,0.601,0.0761,0.124,0,0,0,0,0.0418,17.777777778,21.111111111
0.317,0.634,0.143,0.167,0,0,0,0,0.0836,17.777777778,26.111111111
0.667,0.669,0.256,0.244,0,0,0,0,0.167,17.777777778,26.111111111
0.7,0.638,0.282,0.252,0,0,0,0,0.0418,17.777777778,26.111111111
1,0.671,0.551,0.515,0,0,0,0.6,0,17.777777778,26.111111111
1,0.628,0.443,0.51,0,0,0,0.817,0,17.777777778,26.111111111
1,0.578,0.139,0.198,0,0,0,0,0,17.777777778,26.111111111
1,0.567,0.0482,0.0845,0,0,0,0,0,17.777777778,26.111111111
1,0.565,0.0166,0.0505,0,0,0,0,0,17.777777778,26.111111111
1,0.565,0.0166,0.0505,0,0,0,0,0,21.111111111,26.111111111
1,0.565,0.0166,0.0505,0,0,0,0,0,21.111111111,21.111111111
1,0.565,0.0166,0.0505,0,0,0,0,0,21.111111111,21.111111111
1,0.563,0.0209,0.0619,0,0,0,0,0.206,21.111111111,26.111111111
1,0.57,0.0336,0.137,0,0,0,0.7,0.309,21.111111111,26.111111111
0.85,0.582,0.0445,0.206,0,0,0,0,0.251,21.111111111,26.111111111
0.333,0.565,0.0166,0.0505,0,0,0,0,0,21.111111111,26.111111111
0.217,0.565,0.0166,0.0505,0,0,0,0,0,21.111111111,26.111111111
0,0.565,0.0166,0.0505,0,0,0,0,0,21.111111111,26.111111111
0.117,0.575,0.0339,0.0916,0,0,0,0,0,21.111111111,26.111111111
0.333,0.594,0.0672,0.166,0,0,0,0,0.209,21.111111111,26.111111111
0.05,0.57,0.0245,0.0675,0,0,0,0,0,21.111111111,21.111111111
0.283,0.59,0.0691,0.146,0,0,0,0,0.209,21.111111111,21.111111111
0.333,0.598,0.0836,0.162,0,0,0,0,0.125,21.111111111,21.111111111
0.333,0.61,0.0957,0.163,0,0,0,0,0.167,21.111111111,21.111111111
0.333,0.626,0.116,0.165,0,0,0,0,0.334,17.777777778,21.111111111
0.617,0.699,0.256,0.276,0,0,0,0,0.167,17.777777778,26.111111111
0.95,0.775,0.526,0.455,0,0,0,0,0.334,17.777777778,26.111111111
1,0.766,0.73,0.591,0,0,0,0,0,17.777777778,26.111111111
1,0.71,0.727,0.655,0.329,0.767,0.0833,0,0,17.777777778,26.111111111
1,0.629,0.459,0.529,0.624,0,0.65,0,0.101,17.777777778,26.111111111
1,0.585,0.178,0.25,0,0,0,0,0.0169,17.777777778,26.111111111
1,0.568,0.0861,0.117,0,0,0,0,0,17.777777778,26.111111111
1,0.563,0.0435,0.073,0,0,0,0,0,17.777777778,26.111111111
1,0.563,0.0282,0.0576,0,0,0,0,0.0418,21.111111111,26.111111111
1,0.564,0.0213,0.0505,0,0,0,0,0.125,21.111111111,21.111111111
1,0.565,0.0189,0.0505,0,0,0,0,0,21.111111111,21.111111111
0.861,0.564,0.02,0.0511,0,0,0,0,0.413,21.111111111,21.111111111
0.667,0.565,0.0189,0.0505,0,0,0,0,0,21.111111111,21.111111111
0.667,0.565,0.0189,0.0505,0,0,0,0,0,21.111111111,21.111111111
0.667,0.57,0.0269,0.072,0,0,0,0,0,21.111111111,21.111111111
0.667,0.599,0.0808,0.2,0,0,0,0,0.612,21.111111111,21.111111111
0.611,0.618,0.141,0.283,0,0,0,0,0.497,21.111111111,21.111111111
0.25,0.587,0.0798,0.142,0,0,0,0,0.155,21.111111111,21.111111111
0.333,0.594,0.108,0.167,0,0,0,0,0.147,21.111111111,21.111111111
0.639,0.621,0.206,0.267,0,0,0,0,0.256,21.111111111,21.111111111
0.75,0.63,0.279,0.302,0,0,0,0,0.212,21.111111111,21.111111111
0.667,0.606,0.194,0.2,0,0,0,0,0.0836,21.111111111,21.111111111
0.444,0.578,0.0668,0.0878,0,0,0,0,0.0836,21.111111111,21.111111111
0.333,0.565,0.0189,0.0505,0,0,0,0,0,17.777777778,21.111111111
0.389,0.578,0.0499,0.0722,0,0,0,0,0.167,17.777777778,26.111111111
0.667,0.64,0.215,0.186,0,0,0,0,0.167,17.777777778,26.111111111
0.972,0.697,0.505,0.379,0,0,0,0,0,17.777777778,26.111111111
1,0.678,0.592,0.496,0,0,0,0,0.0418,17.777777778,26.111111111
1,0.637,0.52,0.557,0,0,0,0,0,17.777777778,26.111111111
1,0.597,0.321,0.39,0,0,0,0,0.105,17.777777778,26.111111111
0.833,0.567,0.0839,0.111,0,0,0,0,0.0836,17.777777778,26.111111111
1,0.564,0.0417,0.0716,0,0,0,0,0,17.777777778,26.111111111
1,0.565,0.0189,0.0505,0,0,0,0,0,21.111111111,26.111111111
1,0.565,0.0189,0.0505,0,0,0,0,0,21.111111111,21.111111111
1,0.565,0.0189,0.0505,0,0,0,0,0,21.111111111,21.111111111
1,0.565,0.0189,0.0505,0,0,0,0,0,21.111111111,21.111111111
1,0.565,0.02,0.0583,0,0,0,0,0.0418,21.111111111,21.111111111
1,0.569,0.0234,0.0714,0,0,0,0,0.138,21.111111111,21.111111111
1,0.59,0.0491,0.176,0,0,0,0,0.243,21.111111111,21.111111111
0.778,0.599,0.0808,0.2,0,0,0,0.667,0.0836,21.111111111,21.111111111
0.361,0.597,0.0923,0.188,0,0,0,0.0333,0.261,21.111111111,21.111111111
0.167,0.58,0.06,0.111,0,0,0,0.417,0.0511,21.111111111,21.111111111
0.333,0.594,0.108,0.167,0,0,0,0.517,0.125,21.111111111,21.111111111
0.333,0.594,0.117,0.163,0,0,0,0,0.125,21.111111111,21.111111111
0.472,0.606,0.185,0.209,0,0,0,0,0.125,21.111111111,21.111111111
0.722,0.633,0.307,0.293,0,0,0,0,0.335,21.111111111,21.111111111
1,0.691,0.453,0.387,0,0,0,0,0.126,21.111111111,21.111111111
1,0.738,0.475,0.391,0,0,0,0,0,17.777777778,21.111111111
1,0.779,0.503,0.407,0,0,0,0,0.0836,17.777777778,26.111111111
1,0.789,0.606,0.456,0,0,0,0,0.283,17.777777778,26.111111111
0.944,0.761,0.731,0.527,0,0,0,0.917,0,17.777777778,26.111111111
0.667,0.672,0.547,0.452,0,0,0,0.733,0,17.777777778,26.111111111
0.667,0.601,0.27,0.304,0,0,0,0,0,17.777777778,26.111111111
0.667,0.581,0.17,0.22,0,0,0,0,0.0418,17.777777778,26.111111111
0.772,0.567,0.079,0.114,0,0,0,0,0,17.777777778,26.111111111
0.667,0.563,0.0334,0.0691,0,0,0,0,0.241,17.777777778,26.111111111
0.667,0.565,0.0166,0.0505,0,0,0,0,0,21.111111111,26.111111111
0.7,0.565,0.0166,0.0505,0,0,0,0,0,21.111111111,21.111111111
1,0.565,0.0176,0.0509,0,0,0,0.35,0,21.111111111,21.111111111
1,0.563,0.0213,0.0621,0,0,0,0.35,0.0418,21.111111111,26.111111111
1,0.567,0.0278,0.104,0,0,0,0,0,21.111111111,26.111111111
1,0.587,0.0449,0.2,0,0,0,0,0.167,21.111111111,26.111111111
1,0.627,0.0827,0.348,0,0,0,0,0.204,21.111111111,26.111111111
1,0.652,0.12,0.435,0.116,0.1,0,0,0.319,21.111111111,26.111111111
1,0.652,0.139,0.428,0.527,0.667,0.333,0,0.123,21.111111111,26.111111111
0.883,0.642,0.137,0.373,0.621,0,0.4,0,0.242,21.111111111,26.111111111
0.667,0.623,0.118,0.282,0.49,0,0,0,0.0418,21.111111111,26.111111111
0.383,0.599,0.0797,0.18,0.703,0,0,0,0.125,21.111111111,21.111111111
0.333,0.594,0.0781,0.162,0.495,0,0,0,0,21.111111111,21.111111111
0.333,0.598,0.0836,0.162,0.753,0,0,0,0.209,21.111111111,21.111111111
0.333,0.61,0.0957,0.163,0.631,0,0,0,0.0418,21.111111111,21.111111111
0.367,0.633,0.127,0.176,0.128,0,0,0.35,0.167,17.777777778,21.111111111
0.867,0.754,0.356,0.368,0,0,0,0.35,0.141,17.777777778,26.111111111
1,0.787,0.549,0.474,0,0,0,0,0.167,17.777777778,26.111111111
1,0.766,0.73,0.591,0,0,0,0,0,17.777777778,26.111111111
1,0.724,0.817,0.748,0,0,0,0.7,0.208,17.777777778,26.111111111
1,0.645,0.562,0.636,0,0,0,0,0.371,17.777777778,26.111111111
1,0.592,0.26,0.345,0,0,0,0,0.209,17.777777778,26.111111111
1,0.567,0.0634,0.101,0,0,0,0,0.125,17.777777778,26.111111111
1,0.565,0.0166,0.0505,0,0,0,0,0,17.777777778,26.111111111
1,0.565,0.0166,0.0505,0,0,0,0,0,21.111111111,26.111111111
1,0.565,0.0166,0.0505,0,0,0,0,0,21.111111111,21.111111111
1,0.565,0.0166,0.0505,0,0,0,0,0,21.111111111,21.111111111
1,0.565,0.0166,0.0505,0,0,0,0,0,21.111111111,26.111111111
1,0.565,0.0166,0.0505,0,0,0,0,0,21.111111111,26.111111111
1,0.574,0.0253,0.0943,0,0,0,0.35,0.0849,21.111111111,26.111111111
1,0.591,0.044,0.177,0,0,0,0.35,0.125,21.111111111,26.111111111
0.767,0.584,0.0391,0.134,0,0,0,0,0.167,21.111111111,26.111111111
0.333,0.59,0.0514,0.157,0,0,0,0,0.0836,21.111111111,26.111111111
0.333,0.594,0.0626,0.172,0,0,0,0,0.125,21.111111111,26.111111111
0.333,0.591,0.0619,0.155,0,0,0,0,0.0418,21.111111111,26.111111111
0.333,0.565,0.0166,0.0505,0,0,0,0,0,21.111111111,21.111111111
0.333,0.565,0.0166,0.0505,0,0,0,0,0,21.111111111,21.111111111
0.333,0.594,0.074,0.146,0,0,0,0,0.666,21.111111111,21.111111111
0.333,0.61,0.0957,0.163,0,0,0,0,0.295,21.111111111,21.111111111
0.333,0.626,0.116,0.165,0,0,0,0,0.334,17.777777778,21.111111111
0.617,0.699,0.256,0.276,0,0,0,0,0.125,17.777777778,26.111111111
0.667,0.713,0.372,0.333,0,0,0,0,0.167,17.777777778,26.111111111
0.783,0.72,0.587,0.486,0,0,0,0,0.0418,17.777777778,26.111111111
1,0.71,0.727,0.655,0,0,0,0,0.314,17.777777778,26.111111111
1,0.613,0.341,0.396,0,0,0,0,0.426,17.777777778,26.111111111
1,0.578,0.139,0.198,0,0,0,0,0.0452,17.777777778,26.111111111
1,0.566,0.0377,0.0732,0,0,0,0,0,17.777777778,26.111111111
1,0.565,0.0166,0.0505,0,0,0,0,0,17.777777778,26.111111111
1,0.565,0.0166,0.0505,0,0,0,0,0,21.111111111,26.111111111
1,0.565,0.0166,0.0505,0,0,0,0,0,21.111111111,21.111111111
1,0.565,0.0166,0.0505,0,0,0,0,0,21.111111111,21.111111111
1,0.565,0.0166,0.0505,0,0,0,0,0,21.111111111,26.111111111
1,0.565,0.0166,0.0505,0,0,0,0,0,21.111111111,26.111111111
0.883,0.574,0.0253,0.0943,0,0,0,0.35,0.125,21.111111111,26.111111111
0.667,0.591,0.044,0.177,0,0,0,0.35,0.69,21.111111111,26.111111111
0.667,0.619,0.0805,0.288,0,0,0,0,0.316,21.111111111,26.111111111
0.183,0.581,0.0379,0.121,0,0,0,0,0.0765,21.111111111,26.111111111
0,0.565,0.0166,0.0505,0,0,0,0,0,21.111111111,26.111111111
0,0.565,0.0166,0.0505,0,0,0,0,0,21.111111111,26.111111111
0,0.565,0.0166,0.0505,0,0,0,0,0,21.111111111,21.111111111
0,0.565,0.0166,0.0505,0,0,0,0,0,21.111111111,21.111111111
0.117,0.579,0.0419,0.0897,0,0,0,0,0.0418,21.111111111,21.111111111
0.333,0.61,0.0957,0.163,0,0,0,0,0.292,21.111111111,21.111111111
0.333,0.626,0.116,0.165,0,0,0,0,0.334,17.777777778,21.111111111
0.733,0.726,0.31,0.321,0,0,0,0,0.0418,17.777777778,26.111111111
0.967,0.779,0.527,0.458,0,0,0,0,0.388,17.777777778,26.111111111
0.783,0.72,0.587,0.486,0,0,0,0,0.0418,17.777777778,26.111111111
1,0.724,0.817,0.748,0,0,0,0,0.209,17.777777778,26.111111111
1,0.645,0.562,0.636,0,0,0,0,0,17.777777778,26.111111111
1,0.59,0.232,0.315,0,0,0,0,0.0975,17.777777778,26.111111111
1,0.567,0.0567,0.0936,0,0,0,0,0,17.777777778,26.111111111
1,0.565,0.0166,0.0505,0,0,0,0,0,17.777777778,26.111111111
1,0.565,0.0166,0.0505,0,0,0,0,0,21.111111111,26.111111111
1,0.565,0.0166,0.0505,0,0,0,0,0,21.111111111,21.111111111
1,0.565,0.0166,0.0505,0,0,0,0,0,21.111111111,21.111111111
1,0.565,0.0195,0.0614,0,0,0,0,0.114,21.111111111,26.111111111
0.717,0.565,0.0178,0.0552,0,0,0,0,0.17,21.111111111,26.111111111
0.667,0.582,0.0341,0.138,0,0,0,0,0.073,21.111111111,26.111111111
0.55,0.606,0.0603,0.258,0,0,0,0,0.222,21.111111111,26.111111111
0.333,0.594,0.0509,0.179,0,0,0,0,0.125,21.111111111,26.111111111
0.333,0.594,0.0573,0.176,0,0,0,0,0,21.111111111,26.111111111
0.367,0.597,0.0676,0.183,0,0,0,0,0,21.111111111,26.111111111
0.667,0.623,0.118,0.282,0,0,0,0.35,0.125,21.111111111,26.111111111
0.667,0.606,0.0929,0.208,0,0,0,0.35,0.251,21.111111111,21.111111111
0.383,0.594,0.0781,0.162,0,0,0,0,0.167,21.111111111,21.111111111
0.333,0.598,0.0836,0.162,0,0,0,0,0.376,21.111111111,21.111111111
0.367,0.616,0.105,0.174,0,0,0,0,0.125,21.111111111,21.111111111
0.667,0.686,0.215,0.279,0,0,0,0.85,0.167,17.777777778,21.111111111
0.95,0.771,0.384,0.397,0,0,0,0.667,0,17.777777778,26.111111111
1,0.787,0.549,0.474,0,0,0,1,0.0418,17.777777778,26.111111111
0.883,0.745,0.635,0.517,0,0,0,0.767,0.0418,17.777777778,26.111111111
0.783,0.685,0.641,0.608,0,0,0,0,0.26,17.777777778,26.111111111
1,0.662,0.68,0.769,0,0,0,0,0.0526,17.777777778,26.111111111
1,0.599,0.322,0.421,0,0,0,0,0,17.777777778,26.111111111
1,0.567,0.0667,0.105,0,0,0,0,0,17.777777778,26.111111111
1,0.563,0.0343,0.0699,0,0,0,0,0.0418,17.777777778,26.111111111
1,0.563,0.0224,0.056,0,0,0,0,0.0418,21.111111111,26.111111111
1,0.564,0.0171,0.0505,0,0,0,0,0.0418,21.111111111,21.111111111
1,0.565,0.0165,0.0505,0,0,0,0,0,21.111111111,21.111111111
1,0.565,0.0195,0.0614,0,0,0,0,0.417,21.111111111,26.111111111
1,0.567,0.0278,0.104,0,0,0,0,0.291,21.111111111,26.111111111
0.8,0.577,0.032,0.132,0,0,0,0,0.289,21.111111111,26.111111111
0.667,0.591,0.044,0.177,0,0,0,0,0.194,21.111111111,26.111111111
0.383,0.594,0.0509,0.179,0,0,0,0,0.125,21.111111111,26.111111111
0.333,0.594,0.0573,0.176,0,0,0,0,0,21.111111111,26.111111111
0.333,0.594,0.0626,0.172,0,0,0,0,0.125,21.111111111,26.111111111
0.333,0.594,0.0672,0.166,0,0,0,0,0,21.111111111,26.111111111
0.333,0.594,0.0718,0.163,0,0,0,0,0.0418,21.111111111,21.111111111
0.3,0.591,0.0717,0.151,0,0,0,0,0.0418,21.111111111,21.111111111
0.2,0.586,0.058,0.118,0,0,0,0,0.167,21.111111111,21.111111111
0.367,0.616,0.105,0.174,0,0,0,0.1,0.0836,21.111111111,21.111111111
0.667,0.686,0.215,0.279,0,0,0,0.6,0.0836,17.777777778,21.111111111
0.783,0.736,0.327,0.339,0.362,0.35,0,0,0.0836,17.777777778,26.111111111
1,0.787,0.549,0.474,0.304,0.417,0.583,0.35,0.0418,17.777777778,26.111111111
1,0.766,0.73,0.591,0,0,0.15,0.35,0.0418,17.777777778,26.111111111
1,0.724,0.817,0.748,0,0,0,0,0,17.777777778,26.111111111
1,0.655,0.626,0.702,0,0,0,0,0.0963,17.777777778,26.111111111
1,0.58,0.139,0.203,0,0,0,0,0,17.777777778,26.111111111
1,0.566,0.0423,0.0732,0,0,0,0,0,17.777777778,26.111111111
1,0.565,0.0189,0.0505,0,0,0,0,0,17.777777778,26.111111111
1,0.565,0.0189,0.0505,0,0,0,0,0,21.111111111,26.111111111
1,0.565,0.0189,0.0505,0,0,0,0,0,21.111111111,21.111111111
1,0.565,0.0189,0.0505,0,0,0,0,0,21.111111111,21.111111111
1,0.565,0.0189,0.0505,0,0,0,0,0,21.111111111,21.111111111
1,0.565,0.0189,0.0505,0,0,0,0,0,21.111111111,21.111111111
1,0.569,0.0234,0.0714,0,0,0,0,0.0836,21.111111111,21.111111111
1,0.59,0.0491,0.176,0,0,0,0,0.167,21.111111111,21.111111111
1,0.599,0.0808,0.2,0,0,0,0,0.0836,21.111111111,21.111111111
1,0.643,0.201,0.388,0,0,0,0,0.428,21.111111111,21.111111111
0.694,0.626,0.187,0.305,0,0,0,0,0.205,21.111111111,21.111111111
0.667,0.623,0.197,0.284,0,0,0,0,0.327,21.111111111,21.111111111
0.667,0.623,0.214,0.276,0,0,0,0,0.237,21.111111111,21.111111111
0.806,0.635,0.3,0.321,0,0,0,0,0.128,21.111111111,21.111111111
1,0.657,0.415,0.386,0,0,0,0.167,0.315,21.111111111,21.111111111
0.778,0.662,0.356,0.312,0,0,0,0.533,0.331,21.111111111,21.111111111
0.417,0.639,0.21,0.193,0,0,0,0,0.376,17.777777778,21.111111111
0.722,0.72,0.373,0.31,0,0,0,0,0.292,17.777777778,26.111111111
0.778,0.74,0.472,0.364,0,0,0,0.417,0.0836,17.777777778,26.111111111
0.667,0.703,0.526,0.392,0,0,0,1,0,17.777777778,26.111111111
0.889,0.715,0.782,0.648,0,0,0,0.7,0.175,17.777777778,26.111111111
1,0.667,0.715,0.747,0,0,0,0,0,17.777777778,26.111111111
1,0.581,0.17,0.22,0,0,0,0,0,17.777777778,26.111111111
1,0.565,0.0189,0.0505,0,0,0,0,0,17.777777778,26.111111111
1,0.565,0.0189,0.0505,0,0,0,0,0,17.777777778,26.111111111
1,0.565,0.0189,0.0505,0,0,0,0,0,21.111111111,26.111111111
1,0.565,0.0189,0.0505,0,0,0,0,0,21.111111111,21.111111111
1,0.565,0.0189,0.0505,0,0,0,0,0,21.111111111,21.111111111
1,0.565,0.0189,0.0505,0,0,0,0,0,21.111111111,21.111111111
1,0.565,0.0189,0.0505,0,0,0,0,0,21.111111111,21.111111111
1,0.577,0.0338,0.14,0,0,0,0,0.0418,21.111111111,21.111111111
0.861,0.604,0.0646,0.249,0,0,0,0,0.164,21.111111111,21.111111111
0.667,0.594,0.0699,0.179,0,0,0,0,0.251,21.111111111,21.111111111
0.667,0.614,0.133,0.261,0,0,0,0.667,0.334,21.111111111,21.111111111
0.667,0.623,0.18,0.295,0,0,0,0.983,0.125,21.111111111,21.111111111
0.667,0.623,0.197,0.284,0,0,0,0.417,0,21.111111111,21.111111111
0.889,0.616,0.191,0.248,0,0,0,0.75,0.209,21.111111111,21.111111111
1,0.623,0.251,0.274,0,0,0,0,0.0418,21.111111111,21.111111111
1,0.605,0.186,0.19,0,0,0,0,0.125,21.111111111,21.111111111
1,0.649,0.309,0.275,0,0,0,0,0.0418,21.111111111,21.111111111
1,0.68,0.323,0.277,0,0,0,0,0.386,17.777777778,21.111111111
1,0.756,0.451,0.368,0,0,0,0,0.347,17.777777778,26.111111111
1,0.789,0.606,0.456,0,0,0,0,0.122,17.777777778,26.111111111
1,0.771,0.779,0.563,0,0,0,0.7,0,17.777777778,26.111111111
1,0.722,0.789,0.631,0,0,0,0,0.383,17.777777778,26.111111111
1,0.601,0.27,0.304,0,0,0,0,0,17.777777778,26.111111111
1,0.581,0.158,0.209,0,0,0,0,0,17.777777778,26.111111111
1,0.566,0.0374,0.0721,0,0,0,0,0,17.777777778,26.111111111
1,0.565,0.0166,0.0505,0,0,0,0,0,17.777777778,26.111111111
1,0.565,0.0166,0.0505,0,0,0,0,0,21.111111111,26.111111111
1,0.565,0.0166,0.0505,0,0,0,0,0,21.111111111,21.111111111
1,0.565,0.0176,0.0509,0,0,0,0,0.0418,21.111111111,21.111111111
1,0.565,0.017,0.0507,0,0,0,0,0,21.111111111,26.111111111
1,0.565,0.0166,0.0505,0,0,0,0,0,21.111111111,26.111111111
0.75,0.568,0.0191,0.0631,0,0,0,0,0.105,21.111111111,26.111111111
1,0.591,0.044,0.177,0,0,0,0,0.281,21.111111111,26.111111111
0.717,0.594,0.0492,0.179,0,0,0,0,0.409,21.111111111,26.111111111
0.667,0.594,0.0573,0.176,0,0,0,0,0.167,21.111111111,26.111111111
0.667,0.594,0.0626,0.172,0,0,0,0,0.209,21.111111111,26.111111111
0.633,0.594,0.0672,0.166,0,0,0,0,0.418,21.111111111,26.111111111
0.3,0.591,0.0639,0.152,0,0,0,0,0.125,21.111111111,21.111111111
0,0.565,0.0166,0.0505,0,0,0,0,0,21.111111111,21.111111111
0,0.565,0.0166,0.0505,0,0,0,0,0,21.111111111,21.111111111
0,0.565,0.0166,0.0505,0,0,0,0,0,21.111111111,21.111111111
0,0.565,0.0166,0.0505,0,0,0,0,0,17.777777778,21.111111111
0.15,0.599,0.0863,0.109,0,0,0,0.35,0,17.777777778,26.111111111
0.867,0.756,0.487,0.422,0,0,0,0.817,0.0836,17.777777778,26.111111111
1,0.766,0.73,0.591,0,0,0,0,0,17.777777778,26.111111111
1,0.71,0.727,0.655,0,0,0,0,0.0418,17.777777778,26.111111111
1,0.61,0.33,0.396,0,0,0,0,0,17.777777778,26.111111111
1,0.581,0.162,0.226,0,0,0,0,0,17.777777778,26.111111111
1,0.568,0.0857,0.125,0,0,0,0,0.058,17.777777778,26.111111111
1,0.565,0.02,0.0543,0,0,0,0,0,17.777777778,26.111111111
1,0.565,0.0166,0.0505,0,0,0,0,0,21.111111111,26.111111111
1,0.565,0.0166,0.0505,0,0,0,0,0,21.111111111,21.111111111
1,0.565,0.0166,0.0505,0,0,0,0,0,21.111111111,21.111111111
1,0.565,0.0166,0.0505,0,0,0,0,0,21.111111111,26.111111111
1,0.565,0.0166,0.0505,0,0,0,0,0,21.111111111,26.111111111
1,0.582,0.0341,0.138,0,0,0,0.35,0.0418,21.111111111,26.111111111
0.4,0.59,0.0429,0.182,0,0,0,0.817,0.0418,21.111111111,26.111111111
0.2,0.583,0.0381,0.127,0,0,0,0.6,0.125,21.111111111,26.111111111
0.333,0.594,0.0573,0.176,0,0,0,0.1,0.0836,21.111111111,26.111111111
0.333,0.594,0.0626,0.172,0,0,0,0,0.0836,21.111111111,26.111111111
0.333,0.594,0.0672,0.166,0,0,0,0,0.125,21.111111111,26.111111111
0.333,0.594,0.0718,0.163,0,0,0,0,0.0836,21.111111111,21.111111111
0.333,0.594,0.0781,0.162,0,0,0,0,0.209,21.111111111,21.111111111
0.333,0.598,0.0836,0.162,0,0,0,0,0.0418,21.111111111,21.111111111
0.533,0.639,0.146,0.23,0,0,0,0,0.125,21.111111111,21.111111111
0.667,0.686,0.215,0.279,0,0,0,0,0.333,17.777777778,21.111111111
0.667,0.71,0.273,0.293,0,0,0,0.7,0.334,17.777777778,26.111111111
0.667,0.713,0.372,0.333,0,0,0,0,0,17.777777778,26.111111111
0.5,0.664,0.382,0.33,0,0,0,0,0,17.777777778,26.111111111
0.95,0.715,0.777,0.716,0,0,0,0,0,17.777777778,26.111111111
1,0.655,0.626,0.702,0,0,0,0,0,17.777777778,26.111111111
1,0.592,0.26,0.345,0,0,0,0,0.105,17.777777778,26.111111111
1,0.569,0.0989,0.139,0.0278,0,0,0,0,17.777777778,26.111111111
1,0.565,0.0166,0.0505,0,0,0,0,0,17.777777778,26.111111111
1,0.565,0.0166,0.0505,0,0,0,0,0,21.111111111,26.111111111
1,0.565,0.0166,0.0505,0,0,0,0,0,21.111111111,21.111111111
1,0.565,0.0166,0.0505,0,0,0,0,0,21.111111111,21.111111111
1,0.565,0.0195,0.0614,0,0,0,0,0.0418,21.111111111,26.111111111
1,0.567,0.0278,0.104,0,0,0,0,0.242,21.111111111,26.111111111
0.717,0.577,0.032,0.132,0,0,0,0,0.454,21.111111111,26.111111111
0.383,0.569,0.0203,0.0693,0,0,0,0,0.142,21.111111111,26.111111111
0.333,0.575,0.0302,0.0951,0,0,0,0,0.146,21.111111111,26.111111111
0.333,0.594,0.0573,0.176,0,0,0,0,0.18,21.111111111,26.111111111
0.333,0.594,0.0626,0.172,0,0,0,0,0.333,21.111111111,26.111111111
0.333,0.594,0.0672,0.166,0,0,0,0,0.533,21.111111111,26.111111111
0.333,0.594,0.0718,0.163,0,0,0,0,0.37,21.111111111,21.111111111
0.133,0.577,0.0407,0.0953,0,0,0,0,0.059,21.111111111,21.111111111
0,0.565,0.0166,0.0505,0,0,0,0,0,21.111111111,21.111111111
0.117,0.584,0.0486,0.09,0,0,0,0,0.256,21.111111111,21.111111111
0.533,0.664,0.179,0.234,0,0,0,0,0.416,17.777777778,21.111111111
0.7,0.717,0.289,0.306,0.173,0.1,0,0,0.17,17.777777778,26.111111111
1,0.787,0.549,0.474,0.352,0.667,0.333,0,0.117,17.777777778,26.111111111
1,0.766,0.73,0.591,0.697,0,1,0,0.0816,17.777777778,26.111111111
1,0.724,0.817,0.748,0.383,0,0.65,0,0.323,17.777777778,26.111111111
1,0.662,0.68,0.769,0.413,0,0,0,0,17.777777778,26.111111111
1,0.594,0.284,0.374,0.376,0,0,0,0,17.777777778,26.111111111
1,0.569,0.0883,0.128,0.241,0,0,0,0,17.777777778,26.111111111
1,0.565,0.0166,0.0505,0,0,0,0,0,17.777777778,26.111111111
1,0.565,0.0166,0.0505,0,0,0,0,0,21.111111111,26.111111111
1,0.565,0.0166,0.0505,0,0,0,0,0,21.111111111,21.111111111
1,0.565,0.0176,0.0509,0,0,0,0.35,0.0418,21.111111111,21.111111111
1,0.564,0.0206,0.0618,0,0,0,1,0.103,21.111111111,26.111111111
0.883,0.564,0.0219,0.0707,0,0,0,0.767,0.086,21.111111111,26.111111111
0.783,0.582,0.0341,0.138,0,0,0,0.35,0.122,21.111111111,26.111111111
0.6,0.587,0.0398,0.164,0,0,0,0.817,0.116,21.111111111,26.111111111
0.333,0.594,0.0509,0.179,0,0,0,0,0.274,21.111111111,26.111111111
0.333,0.594,0.0573,0.176,0,0,0,0,0.329,21.111111111,26.111111111
0.333,0.594,0.0626,0.172,0,0,0,0,0.322,21.111111111,26.111111111
0.333,0.594,0.0672,0.166,0,0,0,0,0.125,21.111111111,26.111111111
0.333,0.594,0.0718,0.163,0.133,0.1,0,0,0.251,21.111111111,21.111111111
0.333,0.594,0.0781,0.162,0.388,0.667,0.233,0,0.0836,21.111111111,21.111111111
0.333,0.598,0.0836,0.162,0.597,0,0,0,0.125,21.111111111,21.111111111
0.333,0.61,0.0957,0.163,0.609,0,0,0,0.292,21.111111111,21.111111111
0.333,0.626,0.116,0.165,0,0,0,0,0,17.777777778,21.111111111
0.333,0.637,0.145,0.172,0,0,0,0,0.209,17.777777778,26.111111111
0.65,0.707,0.386,0.338,0.111,0.1,0,0,0.0836,17.777777778,26.111111111
0.883,0.745,0.635,0.517,0.544,0.667,0.333,0,0,17.777777778,26.111111111
0.867,0.696,0.683,0.635,0,0,0.65,0.6,0,17.777777778,26.111111111
1,0.629,0.459,0.529,0,0,0,0.1,0.0905,17.777777778,26.111111111
1,0.592,0.26,0.345,0,0,0,0,0.123,17.777777778,26.111111111
1,0.567,0.0577,0.0947,0,0,0,0,0,17.777777778,26.111111111
1,0.565,0.0166,0.0505,0,0,0,0,0,17.777777778,26.111111111
1,0.565,0.0166,0.0505,0,0,0,0,0,21.111111111,26.111111111
1,0.565,0.0165,0.0505,0,0,0,0,0.0418,21.111111111,21.111111111
1,0.564,0.0165,0.0505,0,0,0,0,0,21.111111111,21.111111111
1,0.563,0.0209,0.0619,0,0,0,0,0.576,21.111111111,26.111111111
0.883,0.564,0.0219,0.0707,0,0,0,0,0,21.111111111,26.111111111
0.667,0.578,0.0337,0.142,0,0,0,0,0.167,21.111111111,26.111111111
0.667,0.601,0.0552,0.222,0,0,0,0,0,21.111111111,26.111111111
0.667,0.623,0.0853,0.307,0,0,0,0,0.258,21.111111111,26.111111111
0.667,0.623,0.098,0.302,0,0,0,0,0.241,21.111111111,26.111111111
0.667,0.623,0.109,0.293,0,0,0,0,0.0418,21.111111111,26.111111111
0.467,0.606,0.087,0.213,0,0,0,0,0.167,21.111111111,26.111111111
0.333,0.594,0.0718,0.163,0,0,0,0,0.167,21.111111111,21.111111111
0.367,0.594,0.0781,0.162,0,0,0,0,0.209,21.111111111,21.111111111
0.667,0.598,0.0836,0.162,0,0,0,0,0.376,21.111111111,21.111111111
0.667,0.61,0.0957,0.163,0,0,0,0,0,21.111111111,21.111111111
0.75,0.643,0.144,0.194,0,0,0,0,0.0996,17.777777778,21.111111111
0.5,0.602,0.0879,0.114,0,0,0,0,0.0836,17.777777778,26.111111111
0.95,0.701,0.348,0.313,0,0,0,0,0.209,17.777777778,26.111111111
1,0.699,0.492,0.411,0,0,0,0,0.0836,17.777777778,26.111111111
1,0.671,0.551,0.515,0,0,0,0,0.331,17.777777778,26.111111111
1,0.623,0.405,0.463,0,0,0,0,0,17.777777778,26.111111111
1,0.578,0.139,0.198,0,0,0,0,0,17.777777778,26.111111111
1,0.567,0.0476,0.0789,0,0,0,0,0,17.777777778,26.111111111
1,0.565,0.0189,0.0505,0,0,0,0,0,17.777777778,26.111111111
1,0.565,0.0189,0.0505,0,0,0,0,0,21.111111111,26.111111111
1,0.565,0.0189,0.0505,0,0,0,0,0,21.111111111,21.111111111
1,0.565,0.0193,0.0507,0,0,0,0,0,21.111111111,21.111111111
1,0.563,0.0214,0.0567,0,0,0,0,0.209,21.111111111,21.111111111
1,0.565,0.0246,0.0922,0,0,0,0,0.251,21.111111111,21.111111111
1,0.576,0.0334,0.151,0,0,0,0,0.0836,21.111111111,21.111111111
1,0.59,0.0491,0.176,0,0,0,0,0.0418,21.111111111,21.111111111
1,0.618,0.116,0.286,0,0,0,0,0.0418,21.111111111,21.111111111
0.778,0.633,0.177,0.346,0,0,0,0,0.0418,21.111111111,21.111111111
0.667,0.623,0.18,0.295,0,0,0,0,0,21.111111111,21.111111111
0.667,0.623,0.197,0.284,0,0,0,0.417,0,21.111111111,21.111111111
0.667,0.623,0.214,0.276,0,0,0,0.283,0.0836,21.111111111,21.111111111
0.667,0.623,0.251,0.274,0,0,0,0,0,21.111111111,21.111111111
0.667,0.627,0.283,0.274,0,0,0,0,0.125,21.111111111,21.111111111
0.667,0.649,0.309,0.275,0,0,0,0,0.167,21.111111111,21.111111111
0.667,0.68,0.323,0.277,0,0,0,0,0.0418,17.777777778,21.111111111
0.889,0.756,0.451,0.368,0,0,0,0.467,0,17.777777778,26.111111111
1,0.789,0.606,0.456,0,0,0,0,0.125,17.777777778,26.111111111
1,0.771,0.779,0.563,0,0,0,0,0,17.777777778,26.111111111
1,0.735,0.879,0.719,0,0,0,0,0.197,17.777777778,26.111111111
1,0.65,0.609,0.646,0.165,0.167,0,0,0.103,17.777777778,26.111111111
1,0.597,0.309,0.379,0.539,0.6,0.233,0,0,17.777777778,26.111111111
1,0.566,0.0431,0.0732,0,0,0,0,0,17.777777778,26.111111111
1,0.565,0.0189,0.0505,0,0,0,0,0,17.777777778,26.111111111
1,0.565,0.0189,0.0505,0,0,0,0,0,21.111111111,26.111111111
1,0.565,0.0189,0.0505,0,0,0,0,0,21.111111111,21.111111111
1,0.565,0.0189,0.0505,0,0,0,0,0,21.111111111,21.111111111
1,0.565,0.0197,0.0557,0,0,0,0,0,21.111111111,21.111111111
1,0.565,0.0246,0.0922,0,0,0,0,0.292,21.111111111,21.111111111
1,0.58,0.0378,0.172,0,0,0,0,0.288,21.111111111,21.111111111
1,0.615,0.0792,0.302,0,0,0,0,0.144,21.111111111,21.111111111
0.944,0.638,0.145,0.372,0,0,0,0.667,0.27,21.111111111,21.111111111
0.667,0.623,0.155,0.304,0,0,0,0.75,0.125,21.111111111,21.111111111
0.667,0.623,0.18,0.295,0,0,0,0.7,0,21.111111111,21.111111111
0.667,0.623,0.197,0.284,0,0,0,0,0,21.111111111,21.111111111
0.667,0.623,0.214,0.276,0,0,0,0,0.167,21.111111111,21.111111111
0.667,0.623,0.251,0.274,0,0,0,0,0.0836,21.111111111,21.111111111
0.972,0.655,0.404,0.377,0,0,0,0,0.302,21.111111111,21.111111111
0.778,0.662,0.356,0.312,0,0,0,0,0.0418,21.111111111,21.111111111
0.667,0.68,0.323,0.277,0,0,0,0,0.125,17.777777778,21.111111111
0.667,0.708,0.342,0.288,0,0,0,0,0.0836,17.777777778,26.111111111
0.972,0.783,0.591,0.446,0,0,0,0,0.379,17.777777778,26.111111111
1,0.708,0.546,0.406,0,0,0,0,0.263,17.777777778,26.111111111
1,0.672,0.547,0.452,0,0,0,0,0,17.777777778,26.111111111
1,0.601,0.27,0.304,0,0,0,0,0,17.777777778,26.111111111
1,0.581,0.17,0.22,0,0,0,0,0,17.777777778,26.111111111
1,0.566,0.0364,0.0709,0,0,0,0,0,17.777777778,26.111111111
1,0.565,0.0166,0.0505,0,0,0,0,0,17.777777778,26.111111111
1,0.565,0.0166,0.0505,0,0,0,0,0,21.111111111,26.111111111
1,0.565,0.0166,0.0505,0,0,0,0,0,21.111111111,21.111111111
1,0.565,0.0166,0.0505,0,0,0,0,0,21.111111111,21.111111111
1,0.565,0.0166,0.0505,0,0,0,0,0,21.111111111,26.111111111
1,0.567,0.0265,0.0994,0,0,0,0,0.715,21.111111111,26.111111111
0.883,0.571,0.0274,0.113,0,0,0,0,0.266,21.111111111,26.111111111
0.667,0.575,0.0278,0.0956,0,0,0,0.35,0,21.111111111,26.111111111
0.667,0.594,0.0509,0.179,0,0,0,0.35,0.251,21.111111111,26.111111111
0.667,0.619,0.0922,0.283,0,0,0,0,0.0418,21.111111111,26.111111111
0.667,0.623,0.109,0.293,0,0,0,0,0.0418,21.111111111,26.111111111
0.667,0.623,0.118,0.282,0,0,0,0,0.0418,21.111111111,26.111111111
0.467,0.606,0.0929,0.208,0,0,0,0,0.209,21.111111111,21.111111111
0.367,0.594,0.0781,0.162,0,0,0,0,0.418,21.111111111,21.111111111
0.467,0.577,0.0422,0.0952,0,0,0,0,0,21.111111111,21.111111111
0.333,0.565,0.0166,0.0505,0,0,0,0,0,21.111111111,21.111111111
0.333,0.565,0.0166,0.0505,0,0,0,0,0,17.777777778,21.111111111
0.65,0.643,0.169,0.184,0.0139,0.1,0,0.35,0.125,17.777777778,26.111111111
1,0.787,0.549,0.474,0.312,1,0,0.35,0.0418,17.777777778,26.111111111
0.75,0.715,0.552,0.457,0,0.45,0.233,0,0.393,17.777777778,26.111111111
1,0.71,0.727,0.655,0,0,0,0,0.533,17.777777778,26.111111111
1,0.629,0.459,0.529,0,0,0,0,0,17.777777778,26.111111111
1,0.592,0.26,0.345,0,0,0,0,0.0858,17.777777778,26.111111111
1,0.568,0.0584,0.0958,0.116,0,0,0,0,17.777777778,26.111111111
1,0.565,0.0166,0.0505,0,0,0,0,0,17.777777778,26.111111111
1,0.565,0.0166,0.0505,0,0,0,0,0,21.111111111,26.111111111
1,0.565,0.0166,0.0505,0,0,0,0,0,21.111111111,21.111111111
1,0.565,0.0166,0.0505,0,0,0,0,0,21.111111111,21.111111111
1,0.565,0.0193,0.0603,0,0,0,0,0.125,21.111111111,26.111111111
0.722,0.565,0.0179,0.0554,0,0,0,0,0,21.111111111,26.111111111
0.667,0.565,0.0166,0.0505,0,0,0,0,0,21.111111111,26.111111111
0.667,0.565,0.0166,0.0505,0,0,0,0,0,21.111111111,26.111111111
0.667,0.585,0.0422,0.128,0,0,0,0,0.0571,21.111111111,26.111111111
0.667,0.625,0.097,0.281,0,0,0,0,0.419,21.111111111,26.111111111
0.861,0.642,0.135,0.336,0,0,0,0,0.537,21.111111111,26.111111111
0.806,0.637,0.137,0.306,0,0,0,0.333,0.22,21.111111111,26.111111111
0.667,0.625,0.126,0.256,0,0,0,0.133,0.512,21.111111111,21.111111111
0.583,0.618,0.124,0.229,0,0,0,0,0.209,21.111111111,21.111111111
0.667,0.632,0.149,0.254,0,0,0,0,0.125,21.111111111,21.111111111
0.556,0.638,0.143,0.22,0,0,0,0,0.167,21.111111111,21.111111111
0.611,0.678,0.198,0.24,0,0,0,0,0.251,17.777777778,21.111111111
0.667,0.712,0.269,0.265,0,0,0,0,0.327,17.777777778,26.111111111
0.861,0.758,0.477,0.365,0,0,0,0,0,17.777777778,26.111111111
1,0.769,0.721,0.497,0.138,0.583,0,0,0.0418,17.777777778,26.111111111
0.806,0.699,0.659,0.511,0.561,0.167,0.833,0,0,17.777777778,26.111111111
0.944,0.659,0.637,0.645,0.553,0,0.4,0.833,0,17.777777778,26.111111111
1,0.607,0.363,0.449,0.462,0,0,0.85,0,17.777777778,26.111111111
1,0.568,0.0943,0.135,0.476,0,0,0,0,17.777777778,26.111111111
1,0.563,0.0493,0.087,0.641,0,0,0,0.0418,17.777777778,26.111111111
1,0.564,0.0224,0.0561,0.583,0,0,0,0.0418,21.111111111,26.111111111
1,0.564,0.0174,0.0505,0.549,0,0,0,0.0836,21.111111111,21.111111111
1,0.564,0.0164,0.0505,0.544,0,0,0,0,21.111111111,21.111111111
1,0.565,0.0166,0.0505,0,0,0,0,0,21.111111111,26.111111111
1,0.57,0.0357,0.14,0,0,0,0.833,0,21.111111111,26.111111111
1,0.607,0.0716,0.338,0,0,0,0.367,0.249,21.111111111,26.111111111
0.528,0.606,0.0581,0.241,0,0,0,0,0.0418,21.111111111,26.111111111
0.333,0.595,0.0505,0.17,0,0,0,0,0.182,21.111111111,26.111111111
0.333,0.595,0.0568,0.166,0,0,0,0,0.0906,21.111111111,26.111111111
0.333,0.595,0.0621,0.161,0,0,0,0.0833,0.333,21.111111111,26.111111111
0.333,0.595,0.0667,0.156,0,0,0,1,0.292,21.111111111,26.111111111
0.333,0.595,0.0712,0.153,0,0,0,1,0.0418,21.111111111,21.111111111
0.333,0.595,0.0775,0.152,0,0,0,0.0833,0.0836,21.111111111,21.111111111
0.333,0.599,0.0828,0.152,0.308,0.333,0,0,0.209,21.111111111,21.111111111
0.361,0.611,0.0947,0.152,0,0.417,0.233,0,0.125,21.111111111,21.111111111
0.667,0.626,0.115,0.154,0,0,0,0,0,17.777777778,21.111111111
0.944,0.7,0.251,0.248,0,0,0,0,0,17.777777778,26.111111111
1,0.715,0.367,0.291,0,0,0,0.333,0.125,17.777777778,26.111111111
1,0.701,0.486,0.348,0,0,0,0.867,0,17.777777778,26.111111111
1,0.673,0.546,0.437,0,0,0,0,0,17.777777778,26.111111111
1,0.625,0.408,0.413,0,0,0,0,0,17.777777778,26.111111111
1,0.58,0.139,0.191,0,0,0,0,0,17.777777778,26.111111111
0.889,0.568,0.0584,0.0958,0,0,0,0,0,17.777777778,26.111111111
1,0.565,0.0166,0.0505,0,0,0,0,0,17.777777778,26.111111111
1,0.565,0.017,0.0505,0,0,0,0,0,21.111111111,26.111111111
1,0.564,0.0174,0.0505,0,0,0,0,0,21.111111111,21.111111111
1,0.564,0.0164,0.0505,0,0,0,0,0.251,21.111111111,21.111111111
0.806,0.565,0.0166,0.0505,0,0,0,0,0,21.111111111,26.111111111
0.667,0.565,0.0166,0.0505,0,0,0,0,0,21.111111111,26.111111111
0.667,0.573,0.0248,0.0905,0,0,0,0,0.115,21.111111111,26.111111111
0.389,0.592,0.0437,0.171,0,0,0,0,0.142,21.111111111,26.111111111
0.333,0.595,0.0505,0.17,0,0,0,0,0.0418,21.111111111,26.111111111
0.333,0.595,0.0568,0.166,0,0,0,0,0.167,21.111111111,26.111111111
0.333,0.595,0.0621,0.161,0,0,0,0,0.0836,21.111111111,26.111111111
0.333,0.595,0.0667,0.156,0,0,0,0,0.0836,21.111111111,26.111111111
0.333,0.595,0.0712,0.153,0,0,0,0,0.0836,21.111111111,21.111111111
0.333,0.595,0.0775,0.152,0,0,0,0,0.0836,21.111111111,21.111111111
0.25,0.589,0.0649,0.127,0,0,0,0,0.251,21.111111111,21.111111111
0.222,0.592,0.0645,0.118,0,0,0,0,0.0836,21.111111111,21.111111111
0.111,0.589,0.0542,0.0854,0,0,0,0,0.0418,17.777777778,21.111111111
0.528,0.682,0.222,0.222,0,0,0,0,0.0418,17.777777778,26.111111111
0.667,0.715,0.367,0.291,0,0,0,0,0.0418,17.777777778,26.111111111
0.556,0.681,0.396,0.29,0,0,0,0,0.209,17.777777778,26.111111111
0.444,0.633,0.367,0.32,0,0,0,0,0.0718,17.777777778,26.111111111
0.667,0.605,0.28,0.299,0,0,0,0,0,17.777777778,26.111111111
0.667,0.58,0.139,0.191,0,0,0,0,0,17.777777778,26.111111111
0.778,0.567,0.0375,0.0732,0,0,0,0,0,17.777777778,26.111111111
0.667,0.565,0.0166,0.0505,0,0,0,0,0,17.777777778,26.111111111
0.667,0.565,0.0166,0.0505,0,0,0,0,0,21.111111111,26.111111111
0.667,0.565,0.0166,0.0505,0,0,0,0,0,21.111111111,21.111111111
0.778,0.565,0.0175,0.0508,0,0,0,0,0.348,21.111111111,21.111111111
1,0.564,0.0212,0.0608,0,0,0,0,0.372,21.111111111,26.111111111
1,0.567,0.0275,0.1,0,0,0,0,0.31,21.111111111,26.111111111
0.972,0.577,0.0338,0.141,0,0,0,0,0.123,21.111111111,26.111111111
0.472,0.594,0.0457,0.181,0,0,0,0.717,0.331,21.111111111,26.111111111
0.333,0.595,0.0505,0.17,0,0,0,0,0.278,21.111111111,26.111111111
0.333,0.595,0.0568,0.166,0,0,0,0,0.218,21.111111111,26.111111111
0.361,0.598,0.0662,0.17,0,0,0,0,0.244,21.111111111,26.111111111
0.556,0.615,0.0994,0.228,0,0,0,0,0.292,21.111111111,26.111111111
0.333,0.595,0.0712,0.153,0,0,0,0,0.274,21.111111111,21.111111111
0.139,0.578,0.0414,0.0929,0,0,0,0,0.0786,21.111111111,21.111111111
0.194,0.586,0.0564,0.11,0,0,0,0.583,0.0836,21.111111111,21.111111111
0.611,0.649,0.161,0.237,0,0,0,0.133,0.376,21.111111111,21.111111111
0.667,0.687,0.213,0.257,0,0,0,0,0,17.777777778,21.111111111
0.667,0.644,0.149,0.166,0,0,0,0,0.0836,17.777777778,26.111111111
0.861,0.608,0.127,0.124,0,0,0,0.233,0.0836,17.777777778,26.111111111
1,0.654,0.341,0.258,0.085,0.333,0,0,0,17.777777778,26.111111111
1,0.673,0.546,0.437,0,0.417,0.583,0,0,17.777777778,26.111111111
1,0.604,0.267,0.284,0,0,0.15,0,0,17.777777778,26.111111111
1,0.565,0.0166,0.0505,0,0,0,0,0,17.777777778,26.111111111
1,0.566,0.0241,0.0562,0,0,0,0,0,17.777777778,26.111111111
1,0.565,0.0189,0.0505,0,0,0,0,0,17.777777778,26.111111111
1,0.565,0.0189,0.0505,0,0,0,0,0,21.111111111,26.111111111
1,0.565,0.0189,0.0505,0,0,0,0,0,21.111111111,21.111111111
1,0.564,0.0201,0.051,0,0,0,0.583,0.209,21.111111111,21.111111111
1,0.564,0.0223,0.0679,0,0,0,0.617,0.167,21.111111111,21.111111111
1,0.57,0.0277,0.116,0,0,0,0,0.0418,21.111111111,21.111111111
1,0.583,0.0392,0.158,0,0,0,0,0.251,21.111111111,21.111111111
1,0.593,0.0576,0.171,0,0,0,0,0.292,21.111111111,21.111111111
1,0.615,0.12,0.247,0,0,0,0.467,0.167,21.111111111,21.111111111
1,0.655,0.238,0.394,0,0,0,0,0.0418,21.111111111,21.111111111
1,0.655,0.269,0.379,0,0,0,0,0.0836,21.111111111,21.111111111
1,0.655,0.292,0.365,0,0,0,0,0.0418,21.111111111,21.111111111
1,0.655,0.332,0.357,0,0,0,0,0,21.111111111,21.111111111
1,0.652,0.373,0.347,0,0,0,0,0.125,21.111111111,21.111111111
1,0.637,0.292,0.254,0,0,0,0,0.125,21.111111111,21.111111111
1,0.669,0.325,0.263,0,0,0,0.0833,0.0418,21.111111111,21.111111111
1,0.76,0.478,0.361,0,0,0,1,0.125,17.777777778,21.111111111
1,0.782,0.52,0.37,0,0,0,0.6,0.125,17.777777778,26.111111111
1,0.754,0.599,0.381,0,0,0,0,0.209,17.777777778,26.111111111
1,0.761,0.828,0.528,0,0,0,0,0,17.777777778,26.111111111
1,0.689,0.688,0.537,0,0,0,0,0,17.777777778,26.111111111
1,0.615,0.377,0.388,0,0,0,0,0.195,17.777777778,26.111111111
1,0.576,0.13,0.164,0,0,0,0,0.278,17.777777778,26.111111111
1,0.566,0.0646,0.0936,0,0,0,0,0.0933,17.777777778,26.111111111
1,0.564,0.0363,0.066,0,0,0,0,0.302,17.777777778,26.111111111
1,0.565,0.0207,0.0519,0,0,0,0,0,21.111111111,26.111111111
1,0.565,0.0189,0.0505,0,0,0,0,0,21.111111111,21.111111111
1,0.565,0.0189,0.0505,0,0,0,0,0,21.111111111,21.111111111
1,0.565,0.0189,0.0505,0,0,0,0,0,21.111111111,21.111111111
1,0.565,0.0189,0.0505,0,0,0,0,0,21.111111111,21.111111111
1,0.565,0.0189,0.0505,0,0,0,0,0,21.111111111,21.111111111
1,0.583,0.0467,0.121,0,0,0,0,0,21.111111111,21.111111111
1,0.613,0.115,0.237,0,0,0,0.583,0,21.111111111,21.111111111
1,0.625,0.165,0.279,0,0,0,0.367,0.243,21.111111111,21.111111111
1,0.625,0.186,0.269,0,0,0,0,0.36,21.111111111,21.111111111
1,0.642,0.256,0.32,0,0,0,0,0.292,21.111111111,21.111111111
0.806,0.637,0.267,0.298,0,0,0,0,0.251,21.111111111,21.111111111
0.667,0.625,0.262,0.254,0,0,0,0,0.0836,21.111111111,21.111111111
0.944,0.668,0.407,0.339,0,0,0,0,0.0418,21.111111111,21.111111111
0.833,0.685,0.384,0.306,0,0,0,0,0.0836,21.111111111,21.111111111
1,0.76,0.478,0.361,0,0,0,0,0.334,17.777777778,21.111111111
1,0.789,0.535,0.379,0,0,0,0.467,0.13,17.777777778,26.111111111
1,0.786,0.676,0.428,0,0,0,0,0.319,17.777777778,26.111111111
1,0.721,0.636,0.411,0,0,0,0,0.223,17.777777778,26.111111111
1,0.614,0.294,0.257,0,0,0,0,0,17.777777778,26.111111111
1,0.593,0.226,0.248,0,0,0,0,0,17.777777778,26.111111111
1,0.576,0.13,0.164,0,0,0,0,0,17.777777778,26.111111111
1,0.566,0.0488,0.0816,0,0,0,0,0.0418,17.777777778,26.111111111
1,0.564,0.0343,0.0702,0,0,0,0,0,17.777777778,26.111111111
1,0.564,0.022,0.0561,0,0,0,0,0,21.111111111,26.111111111
1,0.565,0.0166,0.0505,0,0,0,0,0,21.111111111,21.111111111
1,0.565,0.0166,0.0505,0,0,0,0,0,21.111111111,21.111111111
1,0.565,0.0172,0.053,0,0,0,0,0.0885,21.111111111,26.111111111
1,0.567,0.0275,0.1,0,0,0,0,0.294,21.111111111,26.111111111
0.722,0.575,0.0276,0.106,0,0,0,0,0.24,21.111111111,26.111111111
0.667,0.602,0.0542,0.211,0,0,0,0,0.692,21.111111111,26.111111111
0.667,0.625,0.0844,0.289,0,0,0,0,0.392,21.111111111,26.111111111
0.556,0.615,0.0824,0.244,0,0,0,0,0.506,21.111111111,26.111111111
0.333,0.595,0.0621,0.161,0,0,0,0,0.151,21.111111111,26.111111111
0.333,0.595,0.0667,0.156,0.431,0.75,0.0833,0,0.167,21.111111111,26.111111111
0.333,0.595,0.0712,0.153,0.575,0,0.65,0,0.0418,21.111111111,21.111111111
0.333,0.595,0.0775,0.152,0.631,0,0,0,0.209,21.111111111,21.111111111
0.333,0.599,0.0828,0.152,0,0,0,0,0.125,21.111111111,21.111111111
0.333,0.611,0.0947,0.152,0.308,0.583,0,0.233,0.0836,21.111111111,21.111111111
0.444,0.65,0.152,0.188,0,0.167,0.833,0,0.0418,17.777777778,21.111111111
0.556,0.686,0.218,0.228,0,0,0.15,0,0,17.777777778,26.111111111
0.528,0.683,0.302,0.244,0,0,0,0,0.167,17.777777778,26.111111111
0.778,0.701,0.486,0.348,0,0,0,0,0,17.777777778,26.111111111
1,0.673,0.546,0.437,0,0,0,0,0.0418,17.777777778,26.111111111
1,0.605,0.28,0.299,0,0,0,0,0,17.777777778,26.111111111
1,0.569,0.0419,0.08,0,0,0,0,0,17.777777778,26.111111111
1,0.567,0.0375,0.0732,0,0,0,0,0,17.777777778,26.111111111
1,0.565,0.0166,0.0505,0,0,0,0,0,17.777777778,26.111111111
1,0.565,0.0166,0.0505,0,0,0,0,0,21.111111111,26.111111111
1,0.565,0.0166,0.0505,0,0,0,0,0,21.111111111,21.111111111
1,0.565,0.0166,0.0505,0,0,0,0,0,21.111111111,21.111111111
1,0.565,0.0166,0.0505,0,0,0,0,0,21.111111111,26.111111111
0.889,0.568,0.0261,0.0955,0,0,0,0,0.211,21.111111111,26.111111111
0.944,0.601,0.0606,0.277,0,0,0,0.717,0.532,21.111111111,26.111111111
0.722,0.622,0.0749,0.311,0,0,0,0,0.665,21.111111111,26.111111111
0.667,0.625,0.0844,0.289,0,0,0,0,0.217,21.111111111,26.111111111
0.667,0.625,0.097,0.281,0,0,0,0,0.203,21.111111111,26.111111111
0.667,0.625,0.108,0.272,0,0,0,0,0.553,21.111111111,26.111111111
0.389,0.6,0.0748,0.174,0,0,0,0,0.0836,21.111111111,26.111111111
0.333,0.595,0.0712,0.153,0,0,0,0,0.251,21.111111111,21.111111111
0.222,0.585,0.0564,0.118,0,0,0,0,0.167,21.111111111,21.111111111
0.111,0.579,0.0405,0.0844,0,0,0,0.333,0,21.111111111,21.111111111
0.333,0.611,0.0947,0.152,0,0,0,0.867,0,21.111111111,21.111111111
0.528,0.664,0.175,0.214,0,0,0,0,0.292,17.777777778,21.111111111
0.667,0.712,0.269,0.265,0,0,0,0,0.213,17.777777778,26.111111111
0.667,0.715,0.367,0.291,0,0,0,0,0.183,17.777777778,26.111111111
0.556,0.681,0.396,0.29,0,0,0,0,0.0418,17.777777778,26.111111111
0.639,0.661,0.519,0.44,0,0,0,0.583,0,17.777777778,26.111111111
1,0.659,0.629,0.624,0,0,0,0.133,0.35,17.777777778,26.111111111
1,0.583,0.164,0.22,0,0,0,0,0,17.777777778,26.111111111
1,0.566,0.045,0.0816,0,0,0,0,0,17.777777778,26.111111111
1,0.564,0.0343,0.0702,0,0,0,0,0,17.777777778,26.111111111
1,0.564,0.0224,0.0561,0,0,0,0,0,21.111111111,26.111111111
1,0.565,0.0168,0.0505,0,0,0,0,0,21.111111111,21.111111111
1,0.565,0.0166,0.0505,0,0,0,0,0,21.111111111,21.111111111
1,0.565,0.0166,0.0505,0,0,0,0,0,21.111111111,26.111111111
1,0.568,0.0261,0.0955,0,0,0,0,0.25,21.111111111,26.111111111
1,0.596,0.0524,0.231,0,0,0,0.333,0.426,21.111111111,26.111111111
0.722,0.622,0.0749,0.311,0,0,0,0.867,0.201,21.111111111,26.111111111
0.667,0.625,0.0844,0.289,0.304,0.583,0,0,0.0418,21.111111111,26.111111111
0.667,0.625,0.097,0.281,0.357,0.167,0.833,0,0.0418,21.111111111,26.111111111
0.667,0.625,0.108,0.272,0.454,0,1,0,0,21.111111111,26.111111111
0.778,0.635,0.134,0.296,0.479,0,0.383,0,0.158,21.111111111,26.111111111
1,0.655,0.18,0.358,0.496,0,0,0,0.389,21.111111111,21.111111111
1,0.655,0.199,0.356,0.597,0,0,0,0.251,21.111111111,21.111111111
1,0.665,0.215,0.356,0.481,0,0,0,0.251,21.111111111,21.111111111
1,0.702,0.251,0.356,0.274,0,0,0,0.167,21.111111111,21.111111111
0.806,0.711,0.251,0.299,0.389,0,0,0,0.0418,17.777777778,21.111111111
0.667,0.712,0.269,0.265,0.859,0,0,0,0.125,17.777777778,26.111111111
0.639,0.709,0.348,0.28,0,0,0,0,0.209,17.777777778,26.111111111
0.333,0.633,0.251,0.199,0,0,0,0,0,17.777777778,26.111111111
0.472,0.636,0.388,0.339,0,0,0,0,0.0418,17.777777778,26.111111111
1,0.665,0.68,0.683,0,0,0,0,0.246,17.777777778,26.111111111
1,0.595,0.261,0.333,0,0,0,0,0.143,17.777777778,26.111111111
1,0.565,0.0166,0.0505,0,0,0,0,0,17.777777778,26.111111111
1,0.565,0.0166,0.0505,0,0,0,0,0,17.777777778,26.111111111
1,0.565,0.0166,0.0505,0,0,0,0,0,21.111111111,26.111111111
1,0.565,0.0166,0.0505,0,0,0,0,0,21.111111111,21.111111111
1,0.565,0.0166,0.0505,0,0,0,0,0,21.111111111,21.111111111
1,0.565,0.0166,0.0505,0,0,0,0,0,21.111111111,26.111111111
1,0.571,0.0276,0.111,0,0,0,0.0833,0.112,21.111111111,26.111111111
0.889,0.594,0.0551,0.252,0,0,0,0.867,0.276,21.111111111,26.111111111
0.389,0.596,0.0478,0.191,0,0,0,0,0.12,21.111111111,26.111111111
0.333,0.595,0.0505,0.17,0,0,0,0,0.125,21.111111111,26.111111111
0.333,0.595,0.0568,0.166,0,0,0,0,0.125,21.111111111,26.111111111
0.333,0.595,0.0621,0.161,0,0,0,0,0,21.111111111,26.111111111
0.333,0.595,0.0667,0.156,0.281,0.583,0,0,0.0836,21.111111111,26.111111111
0.333,0.595,0.0712,0.153,0.386,0.167,0.833,0.0833,0.0418,21.111111111,21.111111111
0.333,0.595,0.0775,0.152,0,0,0.4,0.633,0.334,21.111111111,21.111111111
0.417,0.609,0.101,0.178,0,0,0,0,0.363,21.111111111,21.111111111
0.333,0.611,0.0947,0.152,0,0,0,0,0.292,21.111111111,21.111111111
0.333,0.626,0.115,0.154,0,0,0,0.333,0.292,17.777777778,21.111111111
0.361,0.645,0.156,0.167,0,0,0,0.383,0.119,17.777777778,26.111111111
0.944,0.777,0.516,0.393,0,0,0,0,0.189,17.777777778,26.111111111
1,0.769,0.721,0.497,0.603,0.5,0.233,0,0.216,17.777777778,26.111111111
1,0.728,0.811,0.631,0.175,0,0,0,0.0418,17.777777778,26.111111111
1,0.659,0.629,0.624,0,0,0,0,0,17.777777778,26.111111111
1,0.581,0.143,0.198,0,0,0,0,0,17.777777778,26.111111111
1,0.567,0.0375,0.0732,0,0,0,0,0,17.777777778,26.111111111
1,0.565,0.0166,0.0505,0,0,0,0,0,17.777777778,26.111111111
1,0.565,0.0166,0.0505,0,0,0,0,0,21.111111111,26.111111111
1,0.565,0.0166,0.0505,0,0,0,0,0,21.111111111,21.111111111
1,0.565,0.0166,0.0505,0,0,0,0,0,21.111111111,21.111111111
1,0.565,0.0166,0.0505,0,0,0,0,0,21.111111111,26.111111111
1,0.565,0.0166,0.0505,0,0,0,0,0,21.111111111,26.111111111
1,0.573,0.0248,0.0905,0,0,0,0,0.0418,21.111111111,26.111111111
0.694,0.582,0.0331,0.13,0,0,0,0,0,21.111111111,26.111111111
0.528,0.583,0.0373,0.12,0,0,0,0,0.497,21.111111111,26.111111111
0.389,0.595,0.0568,0.166,0,0,0,0,0.268,21.111111111,26.111111111
0.333,0.595,0.0621,0.161,0,0,0,0,0.573,21.111111111,26.111111111
0.25,0.588,0.0536,0.13,0,0,0,0,0.0418,21.111111111,26.111111111
0.333,0.595,0.0712,0.153,0,0,0,0.467,0.292,21.111111111,21.111111111
0.333,0.595,0.0775,0.152,0,0,0,0,0.0418,21.111111111,21.111111111
0.333,0.599,0.0828,0.152,0,0,0,0,0.167,21.111111111,21.111111111
0.333,0.611,0.0947,0.152,0,0,0,0,0.125,21.111111111,21.111111111
0.361,0.632,0.124,0.162,0,0,0,0,0,17.777777778,21.111111111
0.667,0.712,0.269,0.265,0,0,0,0,0,17.777777778,26.111111111
0.778,0.739,0.439,0.336,0,0,0,0,0.0418,17.777777778,26.111111111
1,0.769,0.721,0.497,0,0,0,0,0.0418,17.777777778,26.111111111
1,0.728,0.811,0.631,0,0,0,0,0.0706,17.777777778,26.111111111
1,0.652,0.578,0.565,0,0,0,0,0.131,17.777777778,26.111111111
1,0.58,0.139,0.191,0,0,0,0,0.0864,17.777777778,26.111111111
1,0.567,0.045,0.0789,0,0,0,0,0,17.777777778,26.111111111
1,0.565,0.0189,0.0505,0,0,0,0,0,17.777777778,26.111111111
1,0.565,0.0189,0.0505,0,0,0,0,0,21.111111111,26.111111111
1,0.565,0.0189,0.0505,0,0,0,0,0,21.111111111,21.111111111
1,0.565,0.0189,0.0505,0,0,0,0,0,21.111111111,21.111111111
1,0.565,0.0189,0.0505,0,0,0,0,0,21.111111111,21.111111111
0.972,0.57,0.0249,0.0961,0,0,0,0.583,0.167,21.111111111,21.111111111
0.667,0.58,0.0343,0.12,0,0,0,0.617,0.376,21.111111111,21.111111111
0.667,0.593,0.0576,0.171,0,0,0,0,0,21.111111111,21.111111111
0.667,0.595,0.0766,0.169,0,0,0,0,0.167,21.111111111,21.111111111
0.667,0.598,0.0984,0.174,0,0,0,0,0.0836,21.111111111,21.111111111
0.667,0.625,0.186,0.269,0,0,0,0,0.334,21.111111111,21.111111111
0.667,0.625,0.201,0.26,0,0,0,0.583,0,21.111111111,21.111111111
0.75,0.632,0.251,0.281,0,0,0,0.617,0.167,21.111111111,21.111111111
0.667,0.625,0.262,0.254,0,0,0,0,0.251,21.111111111,21.111111111
0.667,0.637,0.292,0.254,0,0,0,0,0.292,21.111111111,21.111111111
0.667,0.664,0.312,0.255,0,0,0,0.233,0,21.111111111,21.111111111
0.667,0.695,0.325,0.258,0,0,0,0.0833,0.125,17.777777778,21.111111111
0.667,0.714,0.363,0.27,0,0,0,0.633,0.0418,17.777777778,26.111111111
0.667,0.712,0.457,0.302,0,0,0,0,0,17.777777778,26.111111111
0.944,0.749,0.787,0.506,0,0,0,0,0,17.777777778,26.111111111
1,0.712,0.843,0.669,0,0,0,0,0.0592,17.777777778,26.111111111
1,0.648,0.626,0.63,0,0,0,0,0.0418,17.777777778,26.111111111
1,0.585,0.216,0.254,0,0,0,0,0,17.777777778,26.111111111
1,0.567,0.0616,0.0908,0,0,0,0,0,17.777777778,26.111111111
1,0.565,0.0189,0.0505,0,0,0,0,0,17.777777778,26.111111111
1,0.565,0.0189,0.0505,0,0,0,0,0,21.111111111,26.111111111
1,0.565,0.0189,0.0505,0,0,0,0,0,21.111111111,21.111111111
1,0.565,0.0189,0.0505,0,0,0,0,0,21.111111111,21.111111111
1,0.565,0.0189,0.0505,0,0,0,0,0,21.111111111,21.111111111
1,0.565,0.0189,0.0505,0,0,0,0,0,21.111111111,21.111111111
1,0.594,0.0496,0.19,0,0,0,0,0.0836,21.111111111,21.111111111
1,0.621,0.0963,0.291,0,0,0,0.717,0.339,21.111111111,21.111111111
1,0.625,0.134,0.287,0,0,0,0,0.286,21.111111111,21.111111111
0.806,0.632,0.181,0.308,0,0,0,0,0,21.111111111,21.111111111
0.583,0.618,0.164,0.243,0,0,0,0,0.152,21.111111111,21.111111111
0.472,0.608,0.146,0.2,0,0,0,0,0.167,21.111111111,21.111111111
0.361,0.595,0.123,0.153,0,0,0,0,0.0418,21.111111111,21.111111111
0.944,0.62,0.244,0.237,0,0,0,0,0.379,21.111111111,21.111111111
0.917,0.63,0.268,0.237,0,0,0,0,0.405,21.111111111,21.111111111
1,0.713,0.459,0.357,0,0,0,0,0.292,21.111111111,21.111111111
1,0.76,0.478,0.361,0,0,0,0,0.229,17.777777778,21.111111111
1,0.789,0.535,0.379,0,0,0,0.583,0.914,17.777777778,26.111111111
1,0.786,0.676,0.428,0,0,0,0.133,0.304,17.777777778,26.111111111
1,0.761,0.828,0.528,0,0,0,0,0.189,17.777777778,26.111111111
1,0.689,0.688,0.537,0,0,0,0,0.209,17.777777778,26.111111111
1,0.622,0.433,0.446,0,0,0,0,0.187,17.777777778,26.111111111
0.833,0.584,0.204,0.243,0,0,0,0,0.3,17.777777778,26.111111111
1,0.566,0.0548,0.0873,0,0,0,0,0,17.777777778,26.111111111
1,0.565,0.026,0.0611,0,0,0,0,0,17.777777778,26.111111111
1,0.565,0.0166,0.0505,0,0,0,0,0,21.111111111,26.111111111
1,0.565,0.0166,0.0505,0,0,0,0,0,21.111111111,21.111111111
1,0.565,0.0166,0.0505,0,0,0,0,0,21.111111111,21.111111111
1,0.565,0.0193,0.0603,0,0,0,0,0.0418,21.111111111,26.111111111
0.806,0.567,0.0295,0.108,0,0,0,0.833,0.0418,21.111111111,26.111111111
0.472,0.569,0.0234,0.0885,0,0,0,0.117,0.125,21.111111111,26.111111111
0.333,0.565,0.0166,0.0505,0,0,0,0,0,21.111111111,26.111111111
0.222,0.565,0.0166,0.0505,0,0,0,0,0,21.111111111,26.111111111
0.111,0.575,0.0312,0.0881,0,0,0,0,0.189,21.111111111,26.111111111
0.417,0.603,0.0744,0.188,0,0,0,0,0.125,21.111111111,26.111111111
0.333,0.595,0.0667,0.156,0,0,0,0,0.0418,21.111111111,26.111111111
0.333,0.595,0.0712,0.153,0,0,0,0,0.0418,21.111111111,21.111111111
0.333,0.595,0.0775,0.152,0,0,0,0,0.585,21.111111111,21.111111111
0.361,0.602,0.0888,0.161,0,0,0,0,0.42,21.111111111,21.111111111
0.278,0.599,0.0764,0.135,0,0,0,0,0.353,21.111111111,21.111111111
0.194,0.603,0.0769,0.111,0,0,0,0,0.0836,17.777777778,21.111111111
0.806,0.743,0.33,0.312,0,0,0,0.0833,0.144,17.777777778,26.111111111
1,0.79,0.541,0.412,0,0,0,0.633,0.0418,17.777777778,26.111111111
1,0.769,0.721,0.497,0,0,0,0,0.0418,17.777777778,26.111111111
1,0.667,0.485,0.372,0,0,0,0,0,17.777777778,26.111111111
1,0.565,0.0166,0.0505,0,0,0,0,0,17.777777778,26.111111111
1,0.565,0.0166,0.0505,0,0,0,0,0,17.777777778,26.111111111
1,0.567,0.0375,0.0732,0.232,0,0,0,0,17.777777778,26.111111111
1,0.565,0.0166,0.0505,0,0,0,0,0,17.777777778,26.111111111
1,0.565,0.0166,0.0505,0,0,0,0,0,21.111111111,26.111111111
1,0.565,0.0166,0.0505,0,0,0,0,0,21.111111111,21.111111111
1,0.565,0.0166,0.0505,0,0,0,0,0,21.111111111,21.111111111
1,0.564,0.0207,0.0607,0,0,0,0,0.412,21.111111111,26.111111111
0.889,0.564,0.022,0.07,0,0,0,0,0.513,21.111111111,26.111111111
0.667,0.565,0.0166,0.0505,0,0,0,0,0,21.111111111,26.111111111
0.667,0.588,0.0395,0.151,0,0,0,0,0.167,21.111111111,26.111111111
0.556,0.595,0.0505,0.17,0,0,0,0,0.0418,21.111111111,26.111111111
0.333,0.595,0.0568,0.166,0,0,0,0,0,21.111111111,26.111111111
0.333,0.595,0.0621,0.161,0,0,0,0,0,21.111111111,26.111111111
0.333,0.595,0.0667,0.156,0,0,0,0,0.0418,21.111111111,26.111111111
0.333,0.595,0.0712,0.153,0,0,0,0,0,21.111111111,21.111111111
0.333,0.595,0.0775,0.152,0,0,0,0,0.0418,21.111111111,21.111111111
0.333,0.599,0.0828,0.152,0,0,0,0,0.0836,21.111111111,21.111111111
0.333,0.611,0.0947,0.152,0,0,0,0,0.209,21.111111111,21.111111111
0.333,0.626,0.115,0.154,0.41,0.333,0,0,0.376,17.777777778,21.111111111
0.333,0.638,0.143,0.158,0.688,0.417,0.583,0,0.167,17.777777778,26.111111111
0.528,0.683,0.302,0.244,0.59,0,1,0,0.125,17.777777778,26.111111111
0.667,0.701,0.486,0.348,0.702,0,0.4,0,0.0418,17.777777778,26.111111111
0.694,0.677,0.568,0.456,0.326,0,0,0,0.14,17.777777778,26.111111111
1,0.649,0.565,0.567,0.442,0,0,0,0.185,17.777777778,26.111111111
1,0.593,0.24,0.309,0.496,0,0,0,0,17.777777778,26.111111111
1,0.566,0.045,0.0816,0.66,0,0,0,0,17.777777778,26.111111111
1,0.563,0.037,0.073,0.44,0,0,0,0.104,17.777777778,26.111111111
1,0.563,0.0283,0.0618,0.223,0,0,0,0.176,21.111111111,26.111111111
1,0.564,0.018,0.0505,0,0,0,0,0.175,21.111111111,21.111111111
1,0.565,0.0175,0.0508,0,0,0,0,0.0836,21.111111111,21.111111111
1,0.564,0.0212,0.0608,0,0,0,0,0.0418,21.111111111,26.111111111
1,0.567,0.0315,0.115,0,0,0,0,0.224,21.111111111,26.111111111
0.972,0.603,0.0668,0.312,0,0,0,0.717,0.202,21.111111111,26.111111111
0.472,0.602,0.054,0.221,0,0,0,0,0.0836,21.111111111,26.111111111
0.333,0.595,0.0505,0.17,0,0,0,0,0.0418,21.111111111,26.111111111
0.333,0.595,0.0568,0.166,0,0,0,0,0.0418,21.111111111,26.111111111
0.333,0.595,0.0621,0.161,0,0,0,0,0.0836,21.111111111,26.111111111
0.333,0.595,0.0667,0.156,0,0,0,0,0.376,21.111111111,26.111111111
0.333,0.595,0.0712,0.153,0.606,0.75,0.0833,0,0.0418,21.111111111,21.111111111
0.333,0.595,0.0775,0.152,0.436,0,1,0.0833,0.0418,21.111111111,21.111111111
0.333,0.599,0.0828,0.152,0,0,0.65,0.633,0.0418,21.111111111,21.111111111
0.361,0.615,0.102,0.161,0,0,0,0,0.0836,21.111111111,21.111111111
0.667,0.687,0.213,0.257,0,0,0,0,0.0418,17.777777778,21.111111111
0.667,0.712,0.269,0.265,0,0,0,0,0.0836,17.777777778,26.111111111
0.861,0.758,0.477,0.365,0,0,0,0,0,17.777777778,26.111111111
1,0.769,0.721,0.497,0,0,0,0,0.113,17.777777778,26.111111111
1,0.714,0.726,0.555,0,0,0,0,0.16,17.777777778,26.111111111
1,0.625,0.408,0.413,0,0,0,0,0,17.777777778,26.111111111
1,0.578,0.118,0.168,0,0,0,0,0.0945,17.777777778,26.111111111
1,0.565,0.0166,0.0505,0,0,0,0,0,17.777777778,26.111111111
1,0.565,0.0166,0.0505,0,0,0,0,0,17.777777778,26.111111111
1,0.565,0.0166,0.0505,0,0,0,0,0,21.111111111,26.111111111
1,0.565,0.0166,0.0505,0,0,0,0,0,21.111111111,21.111111111
1,0.565,0.0166,0.0505,0,0,0,0,0,21.111111111,21.111111111
1,0.565,0.0193,0.0603,0,0,0,0,0.2,21.111111111,26.111111111
0.611,0.568,0.0234,0.0858,0,0,0,0,0.249,21.111111111,26.111111111
0.333,0.58,0.0358,0.151,0,0,0,0,0.338,21.111111111,26.111111111
0.528,0.608,0.0604,0.241,0,0,0,0,0.388,21.111111111,26.111111111
0.667,0.625,0.0844,0.289,0,0,0,0,0.0836,21.111111111,26.111111111
0.667,0.625,0.097,0.281,0,0,0,0,0.167,21.111111111,26.111111111
0.556,0.615,0.0913,0.236,0,0,0,0,0.0418,21.111111111,26.111111111
0.611,0.62,0.109,0.244,0,0,0,0,0,21.111111111,26.111111111
0.667,0.625,0.126,0.256,0,0,0,0.583,0.0418,21.111111111,21.111111111
0.667,0.625,0.138,0.254,0,0,0,0.133,0.0836,21.111111111,21.111111111
0.667,0.604,0.0934,0.169,0,0,0,0,0.251,21.111111111,21.111111111
0.667,0.611,0.0947,0.152,0,0,0,0,0.125,21.111111111,21.111111111
0.667,0.626,0.115,0.154,0,0,0,0,0.0836,17.777777778,21.111111111
0.667,0.664,0.194,0.196,0,0,0,0,0,17.777777778,26.111111111
0.861,0.758,0.477,0.365,0,0,0,0,0.167,17.777777778,26.111111111
1,0.769,0.721,0.497,0,0,0,0,0.208,17.777777778,26.111111111
1,0.728,0.811,0.631,0,0,0,0,0,17.777777778,26.111111111
1,0.647,0.552,0.552,0,0,0,0,0,17.777777778,26.111111111
1,0.578,0.118,0.168,0,0,0,0,0,17.777777778,26.111111111
1,0.565,0.0166,0.0505,0,0,0,0,0,17.777777778,26.111111111
1,0.565,0.0166,0.0505,0,0,0,0,0,17.777777778,26.111111111
1,0.565,0.0166,0.0505,0,0,0,0,0,21.111111111,26.111111111
1,0.565,0.0166,0.0505,0,0,0,0,0,21.111111111,21.111111111
1,0.565,0.0166,0.0505,0,0,0,0,0,21.111111111,21.111111111
1,0.565,0.0166,0.0505,0,0,0,0,0,21.111111111,26.111111111
1,0.568,0.0261,0.0955,0,0,0,0.717,0.167,21.111111111,26.111111111
0.889,0.584,0.0441,0.197,0,0,0,0,0,21.111111111,26.111111111
0.667,0.592,0.0437,0.171,0,0,0,0.583,0.302,21.111111111,26.111111111
0.389,0.57,0.0218,0.0706,0,0,0,0.617,0,21.111111111,26.111111111
0.333,0.575,0.0312,0.0881,0,0,0,0,0.0418,21.111111111,26.111111111
0.333,0.595,0.0621,0.161,0,0,0,0,0.167,21.111111111,26.111111111
0.333,0.595,0.0667,0.156,0,0,0,0,0.376,21.111111111,26.111111111
0.0556,0.57,0.0253,0.0677,0,0,0,0,0,21.111111111,21.111111111
0,0.565,0.0166,0.0505,0,0,0,0,0,21.111111111,21.111111111
0.278,0.594,0.0723,0.135,0,0,0,0,0.125,21.111111111,21.111111111
0.333,0.611,0.0947,0.152,0,0,0,0,0.167,21.111111111,21.111111111
0.361,0.632,0.124,0.162,0,0,0,0,0.376,17.777777778,21.111111111
0.861,0.755,0.349,0.329,0,0,0,0,0.0418,17.777777778,26.111111111
1,0.79,0.541,0.412,0,0,0,0,0.209,17.777777778,26.111111111
1,0.769,0.721,0.497,0,0,0,0,0.0836,17.777777778,26.111111111
1,0.728,0.811,0.631,0,0,0,0,0,17.777777778,26.111111111
1,0.652,0.578,0.565,0,0,0,0,0.248,17.777777778,26.111111111
1,0.573,0.08,0.124,0,0,0,0,0.0538,17.777777778,26.111111111
1,0.565,0.0264,0.0583,0.0618,0.0833,0,0,0.0418,17.777777778,26.111111111
1,0.564,0.0328,0.0632,0.637,0.667,0.333,0,0,17.777777778,26.111111111
1,0.565,0.0189,0.0505,0,0,0.65,0,0,21.111111111,26.111111111
1,0.565,0.0189,0.0505,0,0,0,0,0,21.111111111,21.111111111
1,0.564,0.0201,0.051,0,0,0,0,0.0836,21.111111111,21.111111111
1,0.564,0.0223,0.0679,0,0,0,0,0.0836,21.111111111,21.111111111
0.889,0.567,0.0237,0.0855,0,0,0,0,0.0418,21.111111111,21.111111111
0.861,0.565,0.0189,0.0505,0,0,0,0,0,21.111111111,21.111111111
1,0.6,0.0744,0.191,0,0,0,0.0833,0.0418,21.111111111,21.111111111
1,0.625,0.134,0.287,0,0,0,0.383,0.127,21.111111111,21.111111111
1,0.642,0.211,0.345,0,0,0,0,0.312,21.111111111,21.111111111
0.972,0.652,0.262,0.37,0,0,0,0,0.255,21.111111111,21.111111111
0.667,0.625,0.201,0.26,0,0,0,0,0,21.111111111,21.111111111
0.667,0.608,0.162,0.196,0,0,0,0.333,0,21.111111111,21.111111111
0.861,0.613,0.216,0.212,0.151,0.583,0,0.867,0,21.111111111,21.111111111
1,0.637,0.292,0.254,0.587,0.167,0.833,0,0.209,21.111111111,21.111111111
1,0.669,0.325,0.263,0.417,0,0.15,0,0.0418,21.111111111,21.111111111
1,0.76,0.478,0.361,0.0139,0,0,0,0.334,17.777777778,21.111111111
1,0.789,0.535,0.379,0,0,0,0,0.0836,17.777777778,26.111111111
1,0.786,0.676,0.428,0,0,0,0,0.0418,17.777777778,26.111111111
1,0.761,0.828,0.528,0,0,0,0.583,0,17.777777778,26.111111111
1,0.709,0.821,0.65,0,0,0,0.617,0,17.777777778,26.111111111
1,0.631,0.515,0.535,0,0,0,0,0.105,17.777777778,26.111111111
1,0.584,0.198,0.237,0,0,0,0,0.0836,17.777777778,26.111111111
1,0.566,0.0564,0.0858,0,0,0,0,0.201,17.777777778,26.111111111
1,0.565,0.0189,0.0505,0,0,0,0,0,17.777777778,26.111111111
1,0.565,0.0189,0.0505,0,0,0,0,0,21.111111111,26.111111111
1,0.565,0.0189,0.0505,0,0,0,0,0,21.111111111,21.111111111
1,0.565,0.0189,0.0505,0,0,0,0,0,21.111111111,21.111111111
1,0.565,0.0189,0.0505,0,0,0,0,0,21.111111111,21.111111111
1,0.566,0.0199,0.0581,0,0,0,0,0.0854,21.111111111,21.111111111
1,0.583,0.0392,0.158,0,0,0,0,0.181,21.111111111,21.111111111
0.972,0.608,0.0814,0.231,0,0,0,0,0.31,21.111111111,21.111111111
0.944,0.595,0.0766,0.169,0,0,0,0,0.497,21.111111111,21.111111111
0.889,0.62,0.157,0.259,0,0,0,0,0.252,21.111111111,21.111111111
0.667,0.625,0.186,0.269,0,0,0,0,0,21.111111111,21.111111111
0.667,0.625,0.201,0.26,0,0,0,0,0.0418,21.111111111,21.111111111
0.667,0.625,0.228,0.255,0,0,0,0,0.251,21.111111111,21.111111111
0.667,0.625,0.262,0.254,0,0,0,0,0.167,21.111111111,21.111111111
0.694,0.64,0.304,0.262,0,0,0,0.333,0.167,21.111111111,21.111111111
0.972,0.709,0.447,0.348,0,0,0,0.383,0.125,21.111111111,21.111111111
0.639,0.689,0.312,0.249,0,0,0,0,0.0418,17.777777778,21.111111111
0.556,0.691,0.314,0.235,0.104,0.333,0,0,0.202,17.777777778,26.111111111
1,0.786,0.676,0.428,0.445,0.417,0.583,0,0.563,17.777777778,26.111111111
1,0.761,0.828,0.528,0.142,0,0.65,0,0.122,17.777777778,26.111111111
1,0.712,0.843,0.669,0,0,0,0,0.118,17.777777778,26.111111111
1,0.637,0.529,0.527,0,0,0,0,0,17.777777778,26.111111111
1,0.575,0.124,0.158,0,0,0,0,0,17.777777778,26.111111111
1,0.565,0.0174,0.0505,0,0,0,0,0,17.777777778,26.111111111
1,0.565,0.0166,0.0505,0,0,0,0,0,17.777777778,26.111111111
1,0.565,0.0166,0.0505,0,0,0,0,0,21.111111111,26.111111111
1,0.565,0.0166,0.0505,0,0,0,0,0,21.111111111,21.111111111
1,0.565,0.0166,0.0505,0,0,0,0,0,21.111111111,21.111111111
1,0.565,0.0166,0.0505,0,0,0,0,0,21.111111111,26.111111111
1,0.568,0.0241,0.0882,0,0,0,0,0.218,21.111111111,26.111111111
0.722,0.575,0.0276,0.106,0,0,0,0,0.14,21.111111111,26.111111111
0.556,0.584,0.0357,0.14,0,0,0,0,0.489,21.111111111,26.111111111
0.333,0.595,0.0505,0.17,0,0,0,0,0.508,21.111111111,26.111111111
0.25,0.588,0.0459,0.138,0,0,0,0,0.0836,21.111111111,26.111111111
0.306,0.593,0.058,0.152,0,0,0,0,0.0836,21.111111111,26.111111111
0.278,0.59,0.0585,0.138,0,0,0,0.833,0.125,21.111111111,26.111111111
0.0556,0.57,0.0253,0.0677,0,0,0,1,0,21.111111111,21.111111111
0,0.565,0.0166,0.0505,0,0,0,0.333,0,21.111111111,21.111111111
0.0278,0.569,0.0226,0.059,0,0,0,0,0.0836,21.111111111,21.111111111
0.333,0.611,0.0947,0.152,0,0,0,0,0.125,21.111111111,21.111111111
0.361,0.632,0.124,0.162,0,0,0,0.717,0.125,17.777777778,21.111111111
0.472,0.668,0.19,0.202,0,0,0,0,0.125,17.777777778,26.111111111
0.444,0.664,0.264,0.216,0,0,0,0.333,0.0836,17.777777778,26.111111111
0.861,0.739,0.631,0.441,0,0,0,0.383,0,17.777777778,26.111111111
1,0.699,0.659,0.511,0,0,0,0,0,17.777777778,26.111111111
1,0.625,0.408,0.413,0,0,0,0,0,17.777777778,26.111111111
1,0.573,0.08,0.124,0,0,0,0,0,17.777777778,26.111111111
1,0.566,0.027,0.0619,0,0,0,0,0,17.777777778,26.111111111
1,0.565,0.0166,0.0505,0,0,0,0,0,17.777777778,26.111111111
1,0.565,0.0166,0.0505,0,0,0,0,0,21.111111111,26.111111111
1,0.565,0.0166,0.0505,0,0,0,0,0,21.111111111,21.111111111
1,0.565,0.0166,0.0505,0,0,0,0,0,21.111111111,21.111111111
1,0.565,0.0193,0.0603,0,0,0,0,0.324,21.111111111,26.111111111
0.889,0.564,0.022,0.07,0,0,0,0,0.247,21.111111111,26.111111111
0.667,0.578,0.0331,0.136,0,0,0,0,0.383,21.111111111,26.111111111
0.389,0.579,0.0313,0.111,0,0,0,0,0.219,21.111111111,26.111111111
0.639,0.613,0.0712,0.239,0,0,0,0.333,0.195,21.111111111,26.111111111
0.722,0.6,0.0632,0.185,0,0,0,0.133,0.0897,21.111111111,26.111111111
0.667,0.595,0.0621,0.161,0,0,0,0,0.251,21.111111111,26.111111111
0.667,0.595,0.0667,0.156,0,0,0,0,0.0418,21.111111111,26.111111111
0.667,0.595,0.0712,0.153,0,0,0,0,0.0836,21.111111111,21.111111111
0.667,0.598,0.0828,0.161,0,0,0,0,0.46,21.111111111,21.111111111
0.667,0.611,0.109,0.195,0,0,0,0,0.0418,21.111111111,21.111111111
0.556,0.592,0.0645,0.118,0,0,0,0,0.125,21.111111111,21.111111111
0.333,0.565,0.0166,0.0505,0,0,0,0,0,17.777777778,21.111111111
0.639,0.634,0.147,0.152,0,0,0,0,0.0418,17.777777778,26.111111111
0.806,0.672,0.256,0.218,0,0,0,0,0.334,17.777777778,26.111111111
0.667,0.633,0.251,0.199,0,0,0,0,0,17.777777778,26.111111111
0.694,0.623,0.303,0.263,0,0,0,0,0.0775,17.777777778,26.111111111
1,0.632,0.459,0.472,0,0,0,0,0.265,17.777777778,26.111111111
1,0.583,0.164,0.22,0,0,0,0,0,17.777777778,26.111111111
1,0.567,0.0375,0.0732,0.0216,0,0,0,0,17.777777778,26.111111111
1,0.565,0.0166,0.0505,0,0,0,0,0,17.777777778,26.111111111
1,0.565,0.017,0.0505,0,0,0,0,0,21.111111111,26.111111111
0.806,0.565,0.0171,0.0505,0,0,0,0,0.263,21.111111111,21.111111111
0.778,0.565,0.0166,0.0505,0,0,0,0,0,21.111111111,21.111111111
1,0.565,0.0193,0.0603,0,0,0,0,0.119,21.111111111,26.111111111
1,0.57,0.033,0.131,0,0,0,0,0.22,21.111111111,26.111111111
1,0.594,0.0551,0.252,0,0,0,0,0.553,21.111111111,26.111111111
1,0.628,0.0813,0.331,0,0,0,0,0.668,21.111111111,26.111111111
0.694,0.627,0.0865,0.299,0,0,0,0,0.366,21.111111111,26.111111111
0.333,0.595,0.0568,0.166,0,0,0,0,0.0418,21.111111111,26.111111111
0.333,0.595,0.0621,0.161,0,0,0,0,0.0836,21.111111111,26.111111111
0.333,0.595,0.0667,0.156,0,0,0,0,0.0836,21.111111111,26.111111111
0.333,0.595,0.0712,0.153,0,0,0,0,0,21.111111111,21.111111111
0.333,0.595,0.0775,0.152,0,0,0,0,0.0418,21.111111111,21.111111111
0.333,0.599,0.0828,0.152,0.312,0.333,0,0,0.167,21.111111111,21.111111111
0.333,0.611,0.0947,0.152,0.649,0.417,0.583,0,0.125,21.111111111,21.111111111
0.361,0.632,0.124,0.162,0.428,0,0.9,0,0.0418,17.777777778,21.111111111
0.667,0.712,0.269,0.265,0.448,0,0,0,0,17.777777778,26.111111111
0.778,0.739,0.439,0.336,0.478,0,0,0,0.193,17.777777778,26.111111111
1,0.764,0.699,0.483,0.915,0,0,0,0.853,17.777777778,26.111111111
1,0.645,0.394,0.317,0.427,0,0,0,0.113,17.777777778,26.111111111
1,0.599,0.238,0.261,0.592,0,0,0,0,17.777777778,26.111111111
1,0.58,0.139,0.191,0.748,0,0,0,0,17.777777778,26.111111111
1,0.567,0.0659,0.104,0.655,0,0.333,0,0,17.777777778,26.111111111
1,0.564,0.0343,0.0702,0.303,0,0,0,0.0418,17.777777778,26.111111111
1,0.564,0.0224,0.0561,0.569,0,0,0,0.167,21.111111111,26.111111111
1,0.564,0.0174,0.0505,0.0139,0,0,0,0.0418,21.111111111,21.111111111
1,0.565,0.0166,0.0505,0,0,0,0,0,21.111111111,21.111111111
1,0.565,0.0166,0.0505,0,0,0,0,0,21.111111111,26.111111111
1,0.568,0.0261,0.0955,0,0,0,0,0.317,21.111111111,26.111111111
0.889,0.592,0.0523,0.237,0,0,0,0.833,0,21.111111111,26.111111111
0.667,0.618,0.0707,0.291,0,0,0,0.85,0.255,21.111111111,26.111111111
0.667,0.625,0.0844,0.289,0,0,0,0,0.167,21.111111111,26.111111111
0.639,0.622,0.0934,0.272,0,0,0,0,0.225,21.111111111,26.111111111
0.333,0.595,0.0621,0.161,0,0,0,0,0,21.111111111,26.111111111
0.361,0.598,0.071,0.165,0,0,0,0,0,21.111111111,26.111111111
0.444,0.605,0.088,0.188,0,0,0,0,0.167,21.111111111,21.111111111
0,0.565,0.0166,0.0505,0,0,0,0,0,21.111111111,21.111111111
0.0278,0.569,0.0226,0.059,0,0,0,0,0.173,21.111111111,21.111111111
0.333,0.611,0.0947,0.152,0,0,0,0,0.26,21.111111111,21.111111111
0.611,0.678,0.198,0.24,0,0,0,0.833,0.22,17.777777778,21.111111111
0.667,0.712,0.269,0.265,0,0,0,0.367,0.43,17.777777778,26.111111111
0.694,0.721,0.385,0.303,0,0,0,0.583,0.352,17.777777778,26.111111111
0.917,0.751,0.667,0.463,0,0,0,0.617,0.235,17.777777778,26.111111111
1,0.728,0.811,0.631,0,0,0,0,0.265,17.777777778,26.111111111
1,0.665,0.68,0.683,0,0,0,0,0.0703,17.777777778,26.111111111
1,0.597,0.281,0.355,0.445,0.75,0.0833,0,0.263,17.777777778,26.111111111
1,0.567,0.0554,0.0929,0.365,0,0.667,0,0,17.777777778,26.111111111
1,0.564,0.0343,0.0702,0.437,0,0.65,0,0.292,17.777777778,26.111111111
1,0.564,0.0224,0.0561,0.686,0,0,0,0,21.111111111,26.111111111
1,0.564,0.0174,0.0505,0.277,0,0,0,0,21.111111111,21.111111111
1,0.564,0.0164,0.0505,0,0,0,0,0.167,21.111111111,21.111111111
1,0.565,0.0166,0.0505,0,0,0,0,0,21.111111111,26.111111111
1,0.571,0.0276,0.111,0,0,0,0,0.357,21.111111111,26.111111111
1,0.594,0.0551,0.252,0,0,0,0.717,0.296,21.111111111,26.111111111
1,0.628,0.0813,0.331,0,0,0,0,0.152,21.111111111,26.111111111
0.889,0.62,0.0768,0.27,0,0,0,0,0.125,21.111111111,26.111111111
0.667,0.62,0.0906,0.262,0,0,0,0,0,21.111111111,26.111111111
0.667,0.625,0.108,0.272,0,0,0,0,0.431,21.111111111,26.111111111
0.667,0.625,0.117,0.262,0,0,0,0,0.152,21.111111111,26.111111111
0.667,0.625,0.126,0.256,0,0,0,0,0.109,21.111111111,21.111111111
0.667,0.625,0.138,0.254,0,0,0,0,0.209,21.111111111,21.111111111
0.667,0.632,0.149,0.254,0,0,0,0,0.376,21.111111111,21.111111111
0.778,0.675,0.203,0.288,0,0,0,0,0.209,21.111111111,21.111111111
0.972,0.742,0.302,0.351,0,0,0,0,0,17.777777778,21.111111111
0.667,0.712,0.269,0.265,0,0,0,0,0.085,17.777777778,26.111111111
0.667,0.715,0.367,0.291,0,0,0,0,0.201,17.777777778,26.111111111
0.944,0.757,0.685,0.475,0,0,0,0,0,17.777777778,26.111111111
1,0.699,0.659,0.511,0,0,0,0,0,17.777777778,26.111111111
1,0.625,0.408,0.413,0,0,0,0,0,17.777777778,26.111111111
1,0.58,0.139,0.191,0,0,0,0,0,17.777777778,26.111111111
1,0.566,0.0241,0.0562,0.107,0,0,0,0,17.777777778,26.111111111
1,0.565,0.0189,0.0505,0,0,0,0,0,17.777777778,26.111111111
1,0.565,0.0189,0.0505,0,0,0,0,0,21.111111111,26.111111111
1,0.565,0.0189,0.0505,0,0,0,0,0.205,21.111111111,21.111111111
1,0.564,0.0188,0.0505,0,0,0,0,0.173,21.111111111,21.111111111
1,0.565,0.0189,0.0505,0,0,0,0,0,21.111111111,21.111111111
1,0.565,0.0189,0.0505,0,0,0,0,0,21.111111111,21.111111111
1,0.58,0.0343,0.12,0.213,0.333,0,0,0.0836,21.111111111,21.111111111
1,0.61,0.0853,0.241,0.44,0.167,0.833,0,0.209,21.111111111,21.111111111
1,0.625,0.134,0.287,0.406,0,0.15,0,0.334,21.111111111,21.111111111
1,0.625,0.165,0.279,0.467,0,0,0,0.0418,21.111111111,21.111111111
1,0.625,0.186,0.269,0.41,0,0,0,0.167,21.111111111,21.111111111
1,0.642,0.256,0.32,0.832,0,0,0,0.0418,21.111111111,21.111111111
1,0.655,0.332,0.357,0.543,0,0,0,0.454,21.111111111,21.111111111
0.972,0.652,0.373,0.347,0.733,0,0,0,0.602,21.111111111,21.111111111
0.667,0.637,0.292,0.254,0.433,0,0,0.717,0.236,21.111111111,21.111111111
0.861,0.664,0.312,0.255,0,0,0,0,0.123,21.111111111,21.111111111
1,0.737,0.416,0.319,0,0,0,0.583,0.209,17.777777778,21.111111111
1,0.789,0.535,0.379,0,0,0,0.617,0.167,17.777777778,26.111111111
1,0.786,0.676,0.428,0,0,0,0,0,17.777777778,26.111111111
1,0.761,0.828,0.528,0,0,0,0,0.142,17.777777778,26.111111111
1,0.689,0.688,0.537,0.382,0.833,0,0,0.17,17.777777778,26.111111111
1,0.622,0.433,0.446,0.615,0.683,0.317,0,0.0801,17.777777778,26.111111111
1,0.584,0.198,0.237,0.776,0,0.417,0,0,17.777777778,26.111111111
1,0.566,0.0646,0.0936,0.357,0,0,0,0,17.777777778,26.111111111
1,0.564,0.0363,0.066,0.196,0,0,0,0,17.777777778,26.111111111
1,0.564,0.0249,0.054,0.151,0,0,0,0.0418,21.111111111,26.111111111
1,0.564,0.02,0.0505,0,0,0,0,0,21.111111111,21.111111111
1,0.564,0.02,0.051,0,0,0,0,0.209,21.111111111,21.111111111
1,0.564,0.0223,0.0679,0,0,0,0,0.0836,21.111111111,21.111111111
1,0.57,0.0277,0.116,0,0,0,0,0.293,21.111111111,21.111111111
0.722,0.567,0.0209,0.0657,0,0,0,0,0,21.111111111,21.111111111
0.778,0.61,0.0902,0.231,0,0,0,0,0.246,21.111111111,21.111111111
0.889,0.645,0.17,0.367,0,0,0,0,0.53,21.111111111,21.111111111
0.556,0.615,0.139,0.242,0,0,0,0,0.413,21.111111111,21.111111111
0.361,0.598,0.11,0.169,0,0,0,0,0.125,21.111111111,21.111111111
0.639,0.622,0.193,0.251,0,0,0,0,0.209,21.111111111,21.111111111
0.528,0.613,0.189,0.212,0,0,0,0,0.209,21.111111111,21.111111111
0.667,0.625,0.262,0.254,0,0,0,0.717,0,21.111111111,21.111111111
0.667,0.637,0.292,0.254,0,0,0,0,0.0836,21.111111111,21.111111111
0.944,0.707,0.435,0.34,0,0,0,0,0.444,21.111111111,21.111111111
1,0.76,0.478,0.361,0,0,0,0,0.292,17.777777778,21.111111111
1,0.789,0.535,0.379,0,0,0,0,0.125,17.777777778,26.111111111
1,0.786,0.676,0.428,0,0,0,0,0.251,17.777777778,26.111111111
1,0.761,0.828,0.528,0,0,0,0,0.305,17.777777778,26.111111111
1,0.709,0.821,0.65,0,0,0,0,0.371,17.777777778,26.111111111
1,0.61,0.336,0.343,0,0,0,0,0,17.777777778,26.111111111
1,0.576,0.13,0.164,0,0,0,0,0,17.777777778,26.111111111
1,0.566,0.0469,0.0795,0,0,0,0,0,17.777777778,26.111111111
1,0.565,0.0166,0.0505,0,0,0,0,0,17.777777778,26.111111111
1,0.565,0.0166,0.0505,0,0,0,0,0,21.111111111,26.111111111
1,0.565,0.0166,0.0505,0,0,0,0,0,21.111111111,21.111111111
1,0.565,0.0166,0.0505,0,0,0,0,0,21.111111111,21.111111111
1,0.565,0.0166,0.0505,0,0,0,0,0,21.111111111,26.111111111
1,0.568,0.0221,0.0809,0,0,0,0,0.167,21.111111111,26.111111111
0.806,0.59,0.0482,0.214,0,0,0,0,0.351,21.111111111,26.111111111
0.472,0.602,0.054,0.221,0,0,0,0,0.154,21.111111111,26.111111111
0.333,0.595,0.0505,0.17,0,0,0,0,0.209,21.111111111,26.111111111
0.333,0.595,0.0568,0.166,0,0,0,0,0.209,21.111111111,26.111111111
0.333,0.595,0.0621,0.161,0,0,0,0,0.167,21.111111111,26.111111111
0.333,0.595,0.0667,0.156,0,0,0,0,0.167,21.111111111,26.111111111
0.333,0.595,0.0712,0.153,0,0,0,0,0,21.111111111,21.111111111
0.333,0.578,0.0414,0.0929,0,0,0,0,0,21.111111111,21.111111111
0.333,0.579,0.0405,0.0844,0,0,0,0,0.0418,21.111111111,21.111111111
0.333,0.611,0.0947,0.152,0,0,0,0.333,0,21.111111111,21.111111111
0.361,0.632,0.124,0.162,0,0,0,0.867,0.212,17.777777778,21.111111111
0.667,0.712,0.269,0.265,0,0,0,0.333,0.187,17.777777778,26.111111111
0.667,0.715,0.367,0.291,0,0,0,0.383,0,17.777777778,26.111111111
0.694,0.706,0.509,0.363,0,0,0,0,0.0418,17.777777778,26.111111111
0.722,0.67,0.506,0.391,0,0,0,0,0,17.777777778,26.111111111
0.944,0.599,0.238,0.261,0,0,0,0,0,17.777777778,26.111111111
1,0.578,0.118,0.168,0,0,0,0,0,17.777777778,26.111111111
1,0.565,0.0166,0.0505,0,0,0,0,0,17.777777778,26.111111111
1,0.565,0.0166,0.0505,0,0,0,0,0,17.777777778,26.111111111
1,0.565,0.0166,0.0505,0,0,0,0,0,21.111111111,26.111111111
1,0.565,0.0166,0.0505,0,0,0,0,0,21.111111111,21.111111111
1,0.565,0.0175,0.0508,0,0,0,0,0.234,21.111111111,21.111111111
0.722,0.565,0.017,0.0507,0,0,0,0,0.171,21.111111111,26.111111111
0.667,0.565,0.0166,0.0505,0,0,0,0,0.154,21.111111111,26.111111111
0.667,0.578,0.0331,0.136,0,0,0,0,0.284,21.111111111,26.111111111
0.667,0.592,0.0437,0.171,0,0,0,0,0.211,21.111111111,26.111111111
0.667,0.605,0.0633,0.209,0,0,0,0,0.207,21.111111111,26.111111111
0.667,0.625,0.097,0.281,0,0,0,0,0.317,21.111111111,26.111111111
0.556,0.615,0.0913,0.236,0,0,0,0,0.447,21.111111111,26.111111111
0.139,0.578,0.037,0.0951,0,0,0,0,0.271,21.111111111,26.111111111
0.0278,0.568,0.0215,0.059,0,0,0,0,0,21.111111111,21.111111111
0.333,0.595,0.0775,0.152,0,0,0,0,0.125,21.111111111,21.111111111
0.333,0.599,0.0828,0.152,0,0,0,0.0833,0.251,21.111111111,21.111111111
0.361,0.615,0.102,0.161,0,0,0,1,0.125,21.111111111,21.111111111
0.667,0.687,0.213,0.257,0,0,0,0.6,0.0836,17.777777778,21.111111111
0.667,0.712,0.269,0.265,0,0,0,0,0.125,17.777777778,26.111111111
0.667,0.715,0.367,0.291,0,0,0,0,0.118,17.777777778,26.111111111
0.667,0.701,0.486,0.348,0,0,0,0,0.24,17.777777778,26.111111111
0.861,0.689,0.614,0.481,0,0,0,0,0.125,17.777777778,26.111111111
1,0.63,0.446,0.457,0,0,0,0,0,17.777777778,26.111111111
1,0.579,0.134,0.185,0,0,0,0,0.142,17.777777778,26.111111111
1,0.565,0.0166,0.0505,0,0,0,0,0,17.777777778,26.111111111
1,0.565,0.0166,0.0505,0,0,0,0,0,17.777777778,26.111111111
1,0.565,0.0166,0.0505,0,0,0,0,0,21.111111111,26.111111111
1,0.565,0.0166,0.0505,0,0,0,0,0,21.111111111,21.111111111
1,0.565,0.0175,0.0508,0,0,0,0,0,21.111111111,21.111111111
1,0.565,0.017,0.0507,0,0,0,0,0,21.111111111,26.111111111
1,0.568,0.0221,0.0809,0,0,0,0,0.128,21.111111111,26.111111111
0.889,0.588,0.0441,0.191,0,0,0,0,0.631,21.111111111,26.111111111
0.472,0.602,0.054,0.221,0,0,0,0,0.155,21.111111111,26.111111111
0.333,0.595,0.0505,0.17,0,0,0,0,0.474,21.111111111,26.111111111
0.333,0.595,0.0568,0.166,0,0,0,0,0.266,21.111111111,26.111111111
0.333,0.595,0.0621,0.161,0,0,0,0,0.125,21.111111111,26.111111111
0.333,0.595,0.0667,0.156,0,0,0,0,0,21.111111111,26.111111111
0.333,0.595,0.0712,0.153,0,0,0,0,0.209,21.111111111,21.111111111
0.333,0.595,0.0775,0.152,0,0,0,0,0.0418,21.111111111,21.111111111
0.333,0.599,0.0828,0.152,0,0,0,0,0.167,21.111111111,21.111111111
0.361,0.615,0.102,0.161,0,0,0,0.0833,0.0836,21.111111111,21.111111111
0.389,0.636,0.13,0.171,0,0,0,0.633,0.0418,17.777777778,21.111111111
0.333,0.638,0.143,0.158,0,0,0,0,0.209,17.777777778,26.111111111
0.528,0.683,0.302,0.244,0,0,0,0,0,17.777777778,26.111111111
0.944,0.757,0.685,0.475,0,0,0,0,0.0418,17.777777778,26.111111111
1,0.728,0.811,0.631,0,0,0,0,0,17.777777778,26.111111111
0.917,0.641,0.501,0.493,0,0,0,0,0.141,17.777777778,26.111111111
1,0.565,0.0166,0.0505,0,0,0,0,0.17,17.777777778,26.111111111
0.889,0.567,0.0375,0.0732,0,0,0,0,0,17.777777778,26.111111111
1,0.565,0.0166,0.0505,0,0,0,0,0,17.777777778,26.111111111
1,0.565,0.0166,0.0505,0,0,0,0,0,21.111111111,26.111111111
1,0.565,0.0165,0.0505,0,0,0,0,0.0418,21.111111111,21.111111111
1,0.565,0.0165,0.0505,0,0,0,0,0,21.111111111,21.111111111
1,0.565,0.0166,0.0505,0,0,0,0,0,21.111111111,26.111111111
1,0.568,0.0221,0.0809,0,0,0,0,0.0993,21.111111111,26.111111111
0.972,0.59,0.0503,0.227,0,0,0,0.0833,0.284,21.111111111,26.111111111
0.556,0.592,0.0437,0.171,0,0,0,0.633,0.0418,21.111111111,26.111111111
0.417,0.603,0.0584,0.2,0,0,0,0,0.167,21.111111111,26.111111111
0.333,0.595,0.0568,0.166,0,0,0,0,0,21.111111111,26.111111111
0.333,0.595,0.0621,0.161,0,0,0,0,0.292,21.111111111,26.111111111
0.333,0.595,0.0667,0.156,0,0,0,0,0.0418,21.111111111,26.111111111
0.333,0.595,0.0712,0.153,0,0,0,0,0.167,21.111111111,21.111111111
0.333,0.595,0.0775,0.152,0,0,0,0,0.167,21.111111111,21.111111111
0.611,0.627,0.139,0.237,0,0,0,0,0.292,21.111111111,21.111111111
0.667,0.656,0.173,0.254,0,0,0,0,0.0418,21.111111111,21.111111111
0.667,0.687,0.213,0.257,0,0,0,0,0.125,17.777777778,21.111111111
0.667,0.712,0.269,0.265,0,0,0,0,0.167,17.777777778,26.111111111
0.667,0.715,0.367,0.291,0.258,0.333,0,0,0.334,17.777777778,26.111111111
0.861,0.739,0.631,0.441,0.297,0.417,0.233,0.333,0.0828,17.777777778,26.111111111
1,0.728,0.811,0.631,0,0,0,0.383,0.277,17.777777778,26.111111111
0.722,0.637,0.488,0.495,0,0,0,0,0.115,17.777777778,26.111111111
0.667,0.58,0.139,0.191,0,0,0,0,0,17.777777778,26.111111111
0.833,0.552,0.0631,0.1,0,0,0,0,0,17.777777778,26.111111111
0.667,0.538,0.0361,0.0716,0,0,0,0,0,17.777777778,26.111111111
0.667,0.565,0.0166,0.0505,0,0,0,0,0,21.111111111,26.111111111
0.667,0.565,0.0166,0.0505,0,0,0,0,0,21.111111111,21.111111111
0.722,0.56,0.0171,0.0506,0,0,0,0,0,21.111111111,21.111111111
1,0.554,0.0176,0.0507,0,0,0,0,0.0836,21.111111111,26.111111111
0.861,0.565,0.0166,0.0505,0,0,0,0,0,21.111111111,26.111111111
0.667,0.565,0.0166,0.0505,0,0,0,0,0,21.111111111,26.111111111
0.667,0.563,0.0275,0.0888,0,0,0,0,0.1,21.111111111,26.111111111
0.806,0.549,0.0995,0.325,0,0,0,0,0.193,21.111111111,26.111111111
1,0.545,0.139,0.376,0,0,0,0,0.0836,21.111111111,26.111111111
0.722,0.551,0.116,0.278,0,0,0,0,0.359,21.111111111,26.111111111
0.639,0.553,0.115,0.24,0,0,0,0,0.232,21.111111111,26.111111111
0.667,0.552,0.127,0.242,0,0,0,0.667,0.392,21.111111111,21.111111111
0.667,0.552,0.142,0.24,0,0,0,0.0333,0.251,21.111111111,21.111111111
0.667,0.555,0.151,0.24,0,0,0,0,0.125,21.111111111,21.111111111
0.972,0.578,0.243,0.327,0,0,0,0,0.125,21.111111111,21.111111111
0.861,0.608,0.267,0.297,0,0,0,0,0.257,17.777777778,21.111111111
0.667,0.623,0.264,0.246,0,0,0,0.917,0.125,17.777777778,26.111111111
0.667,0.628,0.357,0.263,0,0,0,0.267,0.0418,17.777777778,26.111111111
0.722,0.622,0.531,0.328,0,0,0,0,0,17.777777778,26.111111111
1,0.615,0.846,0.535,0,0,0,0,0,17.777777778,26.111111111
1,0.565,0.729,0.605,0,0,0,0,0.416,17.777777778,26.111111111
1,0.547,0.172,0.212,0,0,0,0,0.0331,17.777777778,26.111111111
1,0.549,0.0616,0.0902,0,0,0,0,0,17.777777778,26.111111111
1,0.565,0.0189,0.0505,0,0,0,0,0,17.777777778,26.111111111
1,0.565,0.0189,0.0505,0,0,0,0,0,21.111111111,26.111111111
1,0.565,0.0189,0.0505,0,0,0,0,0,21.111111111,21.111111111
1,0.565,0.0189,0.0505,0,0,0,0,0,21.111111111,21.111111111
1,0.565,0.0189,0.0505,0,0,0,0,0,21.111111111,21.111111111
1,0.565,0.0189,0.0505,0,0,0,0,0,21.111111111,21.111111111
1,0.557,0.0266,0.0919,0,0,0,0.417,0.209,21.111111111,21.111111111
1,0.555,0.05,0.166,0,0,0,0.283,0.0836,21.111111111,21.111111111
1,0.558,0.0825,0.183,0,0,0,0,0.0836,21.111111111,21.111111111
1,0.552,0.158,0.268,0,0,0,0,0.205,21.111111111,21.111111111
1,0.552,0.185,0.259,0,0,0,0,0.455,21.111111111,21.111111111
1,0.551,0.218,0.265,0,0,0,0,0.336,21.111111111,21.111111111
1,0.545,0.32,0.337,0,0,0,0,0.12,21.111111111,21.111111111
0.861,0.548,0.324,0.295,0,0,0,0,0.225,21.111111111,21.111111111
0.889,0.552,0.381,0.303,0,0,0,0,0.125,21.111111111,21.111111111
1,0.578,0.465,0.335,0.462,0.667,0,0,0.0836,21.111111111,21.111111111
1,0.617,0.487,0.337,0.57,0.0833,0.917,0,0.46,17.777777778,21.111111111
1,0.651,0.516,0.344,0.751,0,0.05,0,0.167,17.777777778,26.111111111
1,0.66,0.621,0.369,0.535,0,0,0,0.0418,17.777777778,26.111111111
1,0.645,0.799,0.429,0.124,0,0,0,0.179,17.777777778,26.111111111
1,0.615,0.9,0.535,0,0,0,0,0.271,17.777777778,26.111111111
1,0.568,0.733,0.578,0,0,0,0,0,17.777777778,26.111111111
1,0.543,0.186,0.21,0,0,0,0,0.269,17.777777778,26.111111111
1,0.522,0.123,0.145,0,0,0,0,0.18,17.777777778,26.111111111
1,0.538,0.0424,0.0716,0,0,0,0,0,17.777777778,26.111111111
1,0.565,0.0189,0.0505,0,0,0,0,0,21.111111111,26.111111111
1,0.565,0.0189,0.0505,0,0,0,0,0,21.111111111,21.111111111
1,0.56,0.0193,0.0506,0,0,0,0,0.0418,21.111111111,21.111111111
1,0.533,0.0216,0.0556,0,0,0,0,0.0836,21.111111111,21.111111111
1,0.534,0.0249,0.0884,0,0,0,0,0.125,21.111111111,21.111111111
0.944,0.545,0.0294,0.124,0,0,0,0,0,21.111111111,21.111111111
0.611,0.565,0.0189,0.0505,0,0,0,0,0,21.111111111,21.111111111
0.333,0.564,0.0302,0.0687,0,0,0,0,0,21.111111111,21.111111111
0.333,0.559,0.0886,0.159,0,0,0,0,0.0836,21.111111111,21.111111111
0.333,0.559,0.102,0.155,0,0,0,0,0,21.111111111,21.111111111
0.639,0.553,0.194,0.24,0,0,0,0,0.0418,21.111111111,21.111111111
0.5,0.555,0.171,0.194,0,0,0,0.167,0.125,21.111111111,21.111111111
0.667,0.552,0.257,0.24,0,0,0,0.767,0.125,21.111111111,21.111111111
0.667,0.555,0.29,0.24,0.793,0.75,0.167,0,0.209,21.111111111,21.111111111
0.722,0.576,0.342,0.256,0.32,0,0.317,0,0.125,21.111111111,21.111111111
1,0.617,0.487,0.337,0.611,0,0,0,0.0418,17.777777778,21.111111111
1,0.637,0.435,0.296,0.504,0,0,0,0.167,17.777777778,26.111111111
1,0.66,0.621,0.369,0.414,0,0,0,0.135,17.777777778,26.111111111
1,0.645,0.799,0.429,0.569,0,0,0,0,17.777777778,26.111111111
1,0.615,0.9,0.535,0.0185,0,0,0,0,17.777777778,26.111111111
1,0.563,0.79,0.633,0,0,0,0,0.0836,17.777777778,26.111111111
1,0.525,0.385,0.401,0,0,0,0,0.167,17.777777778,26.111111111
1,0.521,0.107,0.138,0,0,0,0,0.102,17.777777778,26.111111111
1,0.544,0.0322,0.0674,0,0,0,0,0,17.777777778,26.111111111
1,0.565,0.0166,0.0505,0,0,0,0,0,21.111111111,26.111111111
1,0.565,0.0166,0.0505,0,0,0,0,0,21.111111111,21.111111111
1,0.565,0.0166,0.0505,0,0,0,0,0,21.111111111,21.111111111
1,0.565,0.0166,0.0505,0,0,0,0,0,21.111111111,26.111111111
1,0.553,0.0216,0.0722,0,0,0,0,0.21,21.111111111,26.111111111
1,0.53,0.0481,0.207,0,0,0,0,0.488,21.111111111,26.111111111
1,0.535,0.0954,0.388,0,0,0,0.167,0.344,21.111111111,26.111111111
0.722,0.551,0.089,0.298,0,0,0,1,0.338,21.111111111,26.111111111
0.333,0.559,0.0574,0.159,0,0,0,0.483,0.38,21.111111111,26.111111111
0.25,0.56,0.0515,0.129,0,0,0,0,0.361,21.111111111,26.111111111
0.194,0.561,0.0463,0.109,0,0,0,0,0.0418,21.111111111,26.111111111
0.0833,0.564,0.0301,0.0745,0,0,0,0,0.312,21.111111111,21.111111111
0.306,0.565,0.0166,0.0505,0,0,0,0,0,21.111111111,21.111111111
0.333,0.565,0.0166,0.0505,0,0,0,0,0,21.111111111,21.111111111
0.333,0.565,0.0166,0.0505,0,0,0,0,0,21.111111111,21.111111111
0.333,0.565,0.0166,0.0505,0,0,0,0,0,17.777777778,21.111111111
0.333,0.571,0.0431,0.0678,0,0,0,0,0,17.777777778,26.111111111
0.444,0.606,0.262,0.197,0,0,0,0,0.251,17.777777778,26.111111111
1,0.645,0.718,0.429,0,0,0,0,0.167,17.777777778,26.111111111
1,0.615,0.846,0.535,0,0,0,0,0.507,17.777777778,26.111111111
1,0.567,0.571,0.478,0,0,0,0,0,17.777777778,26.111111111
1,0.548,0.159,0.198,0,0,0,0,0.47,17.777777778,26.111111111
1,0.532,0.0924,0.13,0,0,0,0,0,17.777777778,26.111111111
1,0.565,0.0166,0.0505,0,0,0,0,0,17.777777778,26.111111111
1,0.565,0.0166,0.0505,0,0,0,0,0,21.111111111,26.111111111
1,0.565,0.0166,0.0505,0,0,0,0,0,21.111111111,21.111111111
1,0.565,0.0166,0.0505,0,0,0,0,0,21.111111111,21.111111111
1,0.565,0.0166,0.0505,0,0,0,0,0,21.111111111,26.111111111
1,0.541,0.0266,0.0938,0,0,0,0.167,0.306,21.111111111,26.111111111
1,0.522,0.0538,0.236,0,0,0,0.3,0,21.111111111,26.111111111
0.778,0.545,0.0706,0.282,0,0,0,0,0.0819,21.111111111,26.111111111
0.667,0.552,0.0847,0.278,0,0,0,0,0.861,21.111111111,26.111111111
0.667,0.552,0.0983,0.268,0,0,0,0,0.195,21.111111111,26.111111111
0.667,0.552,0.109,0.259,0,0,0,0,0.22,21.111111111,26.111111111
0.611,0.553,0.11,0.233,0,0,0,0,0.267,21.111111111,26.111111111
0.556,0.554,0.109,0.21,0.459,0.667,0,0,0.125,21.111111111,21.111111111
0.611,0.553,0.131,0.224,0.764,0.0833,0.917,0,0.125,21.111111111,21.111111111
0.333,0.56,0.0838,0.145,0.289,0,1,0,0.209,21.111111111,21.111111111
0.333,0.569,0.0942,0.145,0.286,0,0.25,0,0.209,21.111111111,21.111111111
0.333,0.582,0.114,0.146,0,0,0,0.917,0.0836,17.777777778,21.111111111
0.694,0.626,0.281,0.256,0,0,0,1,0.0418,17.777777778,26.111111111
1,0.66,0.527,0.369,0,0,0,0.2,0.0418,17.777777778,26.111111111
1,0.645,0.718,0.429,0,0,0,0,0.0836,17.777777778,26.111111111
1,0.615,0.846,0.535,0,0,0,0.167,0.0418,17.777777778,26.111111111
1,0.565,0.729,0.605,0,0,0,1,0,17.777777778,26.111111111
1,0.53,0.301,0.346,0,0,0,0.483,0.297,17.777777778,26.111111111
0.833,0.522,0.107,0.145,0,0,0,0,0,17.777777778,26.111111111
1,0.533,0.0376,0.073,0,0,0,0,0.0418,17.777777778,26.111111111
1,0.533,0.024,0.0576,0,0,0,0,0,21.111111111,26.111111111
1,0.533,0.0178,0.0505,0,0,0,0,0,21.111111111,21.111111111
0.944,0.527,0.0176,0.0507,0,0,0,0,0.0418,21.111111111,21.111111111
0.667,0.5,0.0246,0.0607,0,0,0,0,0.327,21.111111111,26.111111111
0.667,0.503,0.0366,0.126,0,0,0,0,0.145,21.111111111,26.111111111
0.611,0.524,0.0495,0.217,0,0,0,0,0.465,21.111111111,26.111111111
0.0278,0.564,0.0187,0.0602,0,0,0,0,0.0418,21.111111111,26.111111111
0.139,0.562,0.0314,0.0974,0,0,0,0,0,21.111111111,26.111111111
0.333,0.559,0.0574,0.159,0,0,0,0.667,0,21.111111111,26.111111111
0.333,0.559,0.0629,0.155,0,0,0,0.0333,0,21.111111111,26.111111111
0.333,0.559,0.068,0.15,0,0,0,0.167,0,21.111111111,26.111111111
0.333,0.559,0.0719,0.146,0,0,0,1,0.0418,21.111111111,21.111111111
0.333,0.559,0.0791,0.145,0,0,0,0.0167,0.251,21.111111111,21.111111111
0.333,0.56,0.0838,0.145,0,0,0,0,0.167,21.111111111,21.111111111
0.556,0.573,0.147,0.208,0,0,0,0,0.115,21.111111111,21.111111111
0.667,0.6,0.212,0.241,0,0,0,0.167,0.588,17.777777778,21.111111111
0.583,0.616,0.235,0.222,0,0,0,0.533,0.0418,17.777777778,26.111111111
0.667,0.628,0.357,0.263,0,0,0,0,0.0418,17.777777778,26.111111111
0.667,0.618,0.484,0.303,0.366,0.75,0.167,0,0,17.777777778,26.111111111
0.889,0.608,0.753,0.484,0.577,0,0.55,0,0.162,17.777777778,26.111111111
1,0.563,0.755,0.633,0.859,0,0,0,0.173,17.777777778,26.111111111
0.944,0.518,0.432,0.483,0.151,0,0,0,0.432,17.777777778,26.111111111
0.972,0.527,0.0963,0.134,0,0,0,0,0.087,17.777777778,26.111111111
1,0.538,0.0361,0.0716,0,0,0,0,0,17.777777778,26.111111111
1,0.565,0.0166,0.0505,0,0,0,0,0,21.111111111,26.111111111
1,0.565,0.0166,0.0505,0,0,0,0,0,21.111111111,21.111111111
1,0.565,0.0166,0.0505,0,0,0,0,0,21.111111111,21.111111111
1,0.56,0.018,0.0552,0,0,0,0,0,21.111111111,26.111111111
1,0.514,0.0337,0.117,0,0,0,0,0.284,21.111111111,26.111111111
0.778,0.522,0.0538,0.236,0,0,0,0.467,0.355,21.111111111,26.111111111
0.667,0.545,0.0706,0.282,0,0,0,0,0.226,21.111111111,26.111111111
0.444,0.556,0.0616,0.203,0,0,0,0,0.0418,21.111111111,26.111111111
0.333,0.559,0.0574,0.159,0,0,0,0,0.175,21.111111111,26.111111111
0.333,0.559,0.0629,0.155,0,0,0,0,0.471,21.111111111,26.111111111
0.333,0.559,0.068,0.15,0,0,0,0,0.0836,21.111111111,26.111111111
0.333,0.559,0.0719,0.146,0,0,0,0,0.0836,21.111111111,21.111111111
0.333,0.559,0.0791,0.145,0,0,0,0,0.543,21.111111111,21.111111111
0.333,0.56,0.0838,0.145,0,0,0,0,0.167,21.111111111,21.111111111
0.333,0.569,0.0942,0.145,0,0,0,0,0.0418,21.111111111,21.111111111
0.333,0.582,0.114,0.146,0,0,0,0,0,17.777777778,21.111111111
0.389,0.599,0.167,0.166,0,0,0,0.167,0,17.777777778,26.111111111
0.722,0.633,0.394,0.283,0,0,0,0.467,0.167,17.777777778,26.111111111
0.944,0.642,0.672,0.403,0,0,0,0.3,0,17.777777778,26.111111111
0.806,0.603,0.683,0.446,0,0,0,0,0,17.777777778,26.111111111
1,0.563,0.755,0.633,0,0,0,0,0,17.777777778,26.111111111
1,0.526,0.382,0.431,0,0,0,0,0,17.777777778,26.111111111
1,0.536,0.0747,0.111,0,0,0,0,0.0836,17.777777778,26.111111111
1,0.533,0.0376,0.073,0,0,0,0,0,17.777777778,26.111111111
1,0.554,0.0194,0.0533,0,0,0,0,0,21.111111111,26.111111111
1,0.565,0.0166,0.0505,0,0,0,0,0,21.111111111,21.111111111
1,0.565,0.0166,0.0505,0,0,0,0,0,21.111111111,21.111111111
1,0.56,0.018,0.0552,0,0,0,0,0.115,21.111111111,26.111111111
1,0.534,0.0266,0.0884,0,0,0,0,0.211,21.111111111,26.111111111
0.694,0.549,0.0309,0.121,0,0,0,0,0.418,21.111111111,26.111111111
0.611,0.55,0.0565,0.224,0,0,0,0,0.0418,21.111111111,26.111111111
0.333,0.559,0.0506,0.164,0,0,0,0,0.0418,21.111111111,26.111111111
0.333,0.559,0.0574,0.159,0,0,0,0,0.209,21.111111111,26.111111111
0.278,0.56,0.0544,0.138,0,0,0,0,0.393,21.111111111,26.111111111
0.0556,0.564,0.0256,0.0665,0,0,0,0,0.378,21.111111111,26.111111111
0.333,0.559,0.0719,0.146,0,0,0,0,0.305,21.111111111,21.111111111
0.167,0.562,0.0482,0.0978,0,0,0,0,0,21.111111111,21.111111111
0.389,0.56,0.0962,0.161,0,0,0,0,0.209,21.111111111,21.111111111
0.667,0.574,0.172,0.24,0,0,0,0,0.167,21.111111111,21.111111111
0.667,0.6,0.212,0.241,0,0,0,0,0,17.777777778,21.111111111
0.722,0.628,0.291,0.264,0,0,0,0,0.0418,17.777777778,26.111111111
1,0.66,0.527,0.369,0,0,0,0,0,17.777777778,26.111111111
1,0.645,0.718,0.429,0,0,0,0,0.0418,17.777777778,26.111111111
1,0.615,0.846,0.535,0,0,0,0.667,0.251,17.777777778,26.111111111
1,0.563,0.755,0.633,0,0,0,0.0333,0,17.777777778,26.111111111
1,0.534,0.303,0.349,0,0,0,0,0,17.777777778,26.111111111
1,0.536,0.0817,0.111,0,0,0,0,0,17.777777778,26.111111111
1,0.533,0.0442,0.073,0,0,0,0,0.0418,17.777777778,26.111111111
1,0.538,0.028,0.0576,0,0,0,0,0,21.111111111,26.111111111
1,0.565,0.0189,0.0505,0,0,0,0,0,21.111111111,21.111111111
1,0.565,0.0189,0.0505,0,0,0,0,0,21.111111111,21.111111111
1,0.565,0.0189,0.0505,0,0,0,0,0,21.111111111,21.111111111
1,0.565,0.0189,0.0505,0,0,0,0,0,21.111111111,21.111111111
0.944,0.565,0.0189,0.0505,0,0,0,0,0,21.111111111,21.111111111
0.667,0.556,0.0477,0.157,0,0,0,0,0.392,21.111111111,21.111111111
0.667,0.559,0.0713,0.164,0,0,0,0,0.228,21.111111111,21.111111111
0.667,0.559,0.0886,0.159,0,0,0,0,0.0836,21.111111111,21.111111111
0.667,0.558,0.117,0.171,0,0,0,0,0.0418,21.111111111,21.111111111
0.667,0.552,0.201,0.249,0,0,0,0,0.0418,21.111111111,21.111111111
0.667,0.552,0.219,0.242,0,0,0,0,0.0836,21.111111111,21.111111111
0.667,0.552,0.257,0.24,0,0,0,0,0.209,21.111111111,21.111111111
0.75,0.553,0.323,0.263,0,0,0,0,0.167,21.111111111,21.111111111
0.667,0.574,0.316,0.24,0,0,0,0.7,0.125,21.111111111,21.111111111
0.667,0.6,0.331,0.241,0,0,0,0,0.411,17.777777778,21.111111111
0.889,0.623,0.35,0.246,0,0,0,0.667,0.455,17.777777778,26.111111111
1,0.641,0.51,0.309,0,0,0,0.517,0.113,17.777777778,26.111111111
1,0.645,0.799,0.429,0,0,0,0,0.172,17.777777778,26.111111111
1,0.614,0.855,0.502,0,0,0,0,0.125,17.777777778,26.111111111
1,0.565,0.367,0.311,0,0,0,0,0,17.777777778,26.111111111
1,0.544,0.216,0.239,0,0,0,0,0,17.777777778,26.111111111
1,0.542,0.0809,0.107,0,0,0,0,0.125,17.777777778,26.111111111
1,0.565,0.0189,0.0505,0,0,0,0,0,17.777777778,26.111111111
1,0.565,0.0189,0.0505,0,0,0,0,0,21.111111111,26.111111111
1,0.565,0.0189,0.0505,0,0,0,0,0,21.111111111,21.111111111
1,0.565,0.0189,0.0505,0,0,0,0,0,21.111111111,21.111111111
1,0.565,0.0189,0.0505,0,0,0,0,0,21.111111111,21.111111111
1,0.565,0.0189,0.0505,0,0,0,0,0,21.111111111,21.111111111
1,0.563,0.0235,0.0699,0,0,0,0,0.149,21.111111111,21.111111111
1,0.554,0.0582,0.185,0,0,0,0,0.329,21.111111111,21.111111111
0.944,0.553,0.112,0.26,0,0,0,0,0.173,21.111111111,21.111111111
0.667,0.558,0.102,0.177,0,0,0,0,0,21.111111111,21.111111111
0.667,0.552,0.185,0.259,0,0,0,0,0.0418,21.111111111,21.111111111
0.667,0.552,0.201,0.249,0,0,0,0,0.121,21.111111111,21.111111111
0.611,0.553,0.2,0.226,0,0,0,0,0.386,21.111111111,21.111111111
0.333,0.559,0.138,0.145,0,0,0,0.7,0.277,21.111111111,21.111111111
0.472,0.559,0.212,0.185,0,0,0,0,0.46,21.111111111,21.111111111
0.667,0.574,0.316,0.24,0,0,0,0,0.547,21.111111111,21.111111111
0.667,0.6,0.331,0.241,0,0,0,0,0.329,17.777777778,21.111111111
0.667,0.623,0.35,0.246,0,0,0,0.667,0.251,17.777777778,26.111111111
0.972,0.657,0.605,0.361,0,0,0,0.267,0.0418,17.777777778,26.111111111
1,0.645,0.799,0.429,0,0,0,0,0,17.777777778,26.111111111
1,0.615,0.9,0.535,0,0,0,0,0,17.777777778,26.111111111
0.944,0.565,0.761,0.605,0,0,0,0,0,17.777777778,26.111111111
0.889,0.535,0.316,0.335,0,0,0,0,0,17.777777778,26.111111111
1,0.536,0.0786,0.111,0,0,0,0,0,17.777777778,26.111111111
1,0.533,0.0376,0.073,0,0,0,0,0,17.777777778,26.111111111
1,0.563,0.0173,0.0512,0,0,0,0,0,21.111111111,26.111111111
1,0.565,0.0166,0.0505,0,0,0,0,0,21.111111111,21.111111111
1,0.565,0.0166,0.0505,0,0,0,0,0,21.111111111,21.111111111
1,0.565,0.0166,0.0505,0,0,0,0,0,21.111111111,26.111111111
1,0.537,0.0259,0.0861,0,0,0,0,0.401,21.111111111,26.111111111
0.778,0.557,0.0223,0.0799,0,0,0,0,0.0587,21.111111111,26.111111111
0.667,0.564,0.0221,0.0697,0,0,0,0,0,21.111111111,26.111111111
0.667,0.558,0.0573,0.183,0,0,0,0,0,21.111111111,26.111111111
0.667,0.552,0.0983,0.268,0,0,0,0,0.0418,21.111111111,26.111111111
0.667,0.552,0.109,0.259,0,0,0,0,0.125,21.111111111,26.111111111
0.611,0.553,0.11,0.233,0,0,0,0,0,21.111111111,26.111111111
0.333,0.559,0.0719,0.146,0,0,0,0,0,21.111111111,21.111111111
0.333,0.559,0.0791,0.145,0,0,0,0,0.209,21.111111111,21.111111111
0.333,0.56,0.0838,0.145,0,0,0,0,0.418,21.111111111,21.111111111
0.333,0.569,0.0942,0.145,0,0,0,0,0.125,21.111111111,21.111111111
0.194,0.574,0.0714,0.106,0,0,0,0,0.0836,17.777777778,21.111111111
0,0.565,0.0166,0.0505,0,0,0,0,0,17.777777778,26.111111111
0.306,0.594,0.173,0.148,0,0,0,0,0.209,17.777777778,26.111111111
0.333,0.592,0.25,0.177,0,0,0,0,0.0418,17.777777778,26.111111111
0.861,0.607,0.73,0.471,0,0,0,0,0,17.777777778,26.111111111
1,0.569,0.479,0.401,0,0,0,0,0,17.777777778,26.111111111
1,0.553,0.106,0.144,0,0,0,0,0,17.777777778,26.111111111
1,0.548,0.0476,0.0831,0,0,0,0,0,17.777777778,26.111111111
1,0.554,0.0244,0.059,0,0,0,0,0,17.777777778,26.111111111
1,0.565,0.0166,0.0505,0,0,0,0,0,21.111111111,26.111111111
1,0.565,0.0166,0.0505,0,0,0,0,0,21.111111111,21.111111111
1,0.565,0.0166,0.0505,0,0,0,0,0,21.111111111,21.111111111
1,0.56,0.018,0.0552,0,0,0,0,0.156,21.111111111,26.111111111
1,0.53,0.0295,0.103,0,0,0,0,0.151,21.111111111,26.111111111
0.944,0.524,0.0495,0.217,0,0,0,0,0.51,21.111111111,26.111111111
0.444,0.555,0.0436,0.166,0.352,0.25,0.417,0,0.167,21.111111111,26.111111111
0.472,0.556,0.0655,0.211,0.658,0,1,0.417,0.0418,21.111111111,26.111111111
0.667,0.552,0.0983,0.268,0.457,0,0.517,1,0.0836,21.111111111,26.111111111
0.528,0.555,0.0894,0.216,0.618,0,0,0,0.0836,21.111111111,26.111111111
0.333,0.559,0.068,0.15,0.465,0,0,0,0.0836,21.111111111,26.111111111
0.333,0.559,0.0719,0.146,0.686,0,0,0,0.0836,21.111111111,21.111111111
0.333,0.559,0.0791,0.145,0.563,0,0,0,0.0836,21.111111111,21.111111111
0.333,0.56,0.0838,0.145,0.419,0,0,0,0.0418,21.111111111,21.111111111
0.333,0.569,0.0942,0.145,0.784,0,0,0,0,21.111111111,21.111111111
0.333,0.582,0.114,0.146,0.386,0,0,0,0.0836,17.777777778,21.111111111
0.639,0.62,0.254,0.238,0.453,0,0,0,0.177,17.777777778,26.111111111
0.667,0.628,0.357,0.263,0.249,0,0,0.417,0,17.777777778,26.111111111
0.667,0.618,0.484,0.303,0,0,0,0.767,0.0418,17.777777778,26.111111111
0.806,0.603,0.683,0.446,0,0,0,0,0.0418,17.777777778,26.111111111
1,0.568,0.703,0.578,0,0,0,0,0.0948,17.777777778,26.111111111
1,0.548,0.159,0.198,0,0,0,0,0,17.777777778,26.111111111
1,0.565,0.0166,0.0505,0,0,0,0,0,17.777777778,26.111111111
1,0.565,0.0166,0.0505,0,0,0,0,0,17.777777778,26.111111111
1,0.565,0.0166,0.0505,0,0,0,0,0,21.111111111,26.111111111
1,0.565,0.0166,0.0505,0,0,0,0,0,21.111111111,21.111111111
1,0.565,0.0166,0.0505,0,0,0,0,0,21.111111111,21.111111111
1,0.565,0.0166,0.0505,0,0,0,0,0,21.111111111,26.111111111
1,0.561,0.0194,0.0652,0,0,0,0,0.0882,21.111111111,26.111111111
1,0.53,0.0481,0.207,0,0,0,0,0.431,21.111111111,26.111111111
0.778,0.551,0.0522,0.205,0,0,0,0,0.409,21.111111111,26.111111111
0.361,0.56,0.0424,0.136,0,0,0,0,0.0418,21.111111111,26.111111111
0.333,0.559,0.0574,0.159,0,0,0,0,0.167,21.111111111,26.111111111
0.472,0.556,0.0827,0.198,0,0,0,0.417,0.167,21.111111111,26.111111111
0.611,0.553,0.11,0.233,0,0,0,0.05,0,21.111111111,26.111111111
0.333,0.559,0.0719,0.146,0,0,0,0,0.209,21.111111111,21.111111111
0.333,0.559,0.0791,0.145,0,0,0,0,0.0836,21.111111111,21.111111111
0.333,0.56,0.0838,0.145,0,0,0,0,0.251,21.111111111,21.111111111
0.556,0.573,0.147,0.208,0,0,0,0.667,0.0418,21.111111111,21.111111111
0.528,0.591,0.169,0.201,0.543,0.667,0,0.0333,0,17.777777778,21.111111111
0.5,0.608,0.199,0.197,0,0.0833,0.233,0.167,0.0836,17.777777778,26.111111111
0.611,0.622,0.341,0.249,0,0,0,0.0667,0.125,17.777777778,26.111111111
1,0.645,0.718,0.429,0,0,0,0,0,17.777777778,26.111111111
1,0.615,0.846,0.535,0,0,0,0,0.167,17.777777778,26.111111111
1,0.565,0.729,0.605,0,0,0,0,0.131,17.777777778,26.111111111
1,0.547,0.2,0.242,0,0,0,0,0,17.777777778,26.111111111
1,0.556,0.0382,0.0732,0,0,0,0,0,17.777777778,26.111111111
1,0.565,0.0166,0.0505,0,0,0,0,0,17.777777778,26.111111111
1,0.565,0.0166,0.0505,0,0,0,0,0,21.111111111,26.111111111
1,0.565,0.0166,0.0505,0,0,0,0,0,21.111111111,21.111111111
0.944,0.565,0.0166,0.0505,0,0,0,0,0,21.111111111,21.111111111
0.667,0.565,0.0166,0.0505,0,0,0,0,0,21.111111111,26.111111111
0.667,0.545,0.0237,0.0791,0,0,0,0,0,21.111111111,26.111111111
0.667,0.542,0.0395,0.163,0,0,0,0,0.152,21.111111111,26.111111111
0.528,0.549,0.0586,0.234,0,0,0,0,0.306,21.111111111,26.111111111
0.0278,0.565,0.0193,0.0601,0,0,0,0,0,21.111111111,26.111111111
0.306,0.559,0.0541,0.15,0,0,0,0,0.264,21.111111111,26.111111111
0.333,0.559,0.0629,0.155,0,0,0,0,0.0836,21.111111111,26.111111111
0.333,0.559,0.068,0.15,0,0,0,0,0.167,21.111111111,26.111111111
0.333,0.559,0.0719,0.146,0,0,0,0,0.209,21.111111111,21.111111111
0.333,0.559,0.0791,0.145,0,0,0,0,0.0418,21.111111111,21.111111111
0.333,0.56,0.0838,0.145,0,0,0,0,0.0836,21.111111111,21.111111111
0.333,0.569,0.0942,0.145,0,0,0,0,0.292,21.111111111,21.111111111
0.25,0.579,0.0909,0.122,0,0,0,0,0,17.777777778,21.111111111
0.0833,0.573,0.0528,0.0758,0,0,0,0,0.0836,17.777777778,26.111111111
0.778,0.639,0.421,0.3,0,0,0,0,0.275,17.777777778,26.111111111
1,0.645,0.718,0.429,0,0,0,0,0.177,17.777777778,26.111111111
1,0.615,0.846,0.535,0,0,0,0,0.266,17.777777778,26.111111111
1,0.563,0.755,0.633,0,0,0,0,0.112,17.777777778,26.111111111
1,0.522,0.421,0.472,0,0,0,0,0.202,17.777777778,26.111111111
1,0.565,0.0166,0.0505,0,0,0,0,0.14,17.777777778,26.111111111
1,0.565,0.0166,0.0505,0,0,0,0,0,17.777777778,26.111111111
1,0.565,0.0166,0.0505,0,0,0,0,0,21.111111111,26.111111111
1,0.565,0.0166,0.0505,0,0,0,0,0,21.111111111,21.111111111
1,0.565,0.0166,0.0505,0,0,0,0,0,21.111111111,21.111111111
1,0.565,0.0166,0.0505,0,0,0,0,0,21.111111111,26.111111111
1,0.561,0.0194,0.0652,0,0,0,0,0.244,21.111111111,26.111111111
0.639,0.563,0.018,0.0579,0,0,0,0,0,21.111111111,26.111111111
0.556,0.558,0.0404,0.147,0,0,0,0.167,0.0418,21.111111111,26.111111111
0.667,0.552,0.0847,0.278,0,0,0,0.533,0.0418,21.111111111,26.111111111
0.667,0.552,0.0983,0.268,0,0,0,0,0,21.111111111,26.111111111
0.528,0.555,0.0894,0.216,0,0,0,0,0.167,21.111111111,26.111111111
0.333,0.559,0.068,0.15,0,0,0,0,0.125,21.111111111,26.111111111
0.5,0.557,0.0854,0.17,0,0,0,0,0,21.111111111,21.111111111
0.333,0.559,0.0791,0.145,0,0,0,0,0.0836,21.111111111,21.111111111
0.333,0.56,0.0838,0.145,0,0,0,0,0.209,21.111111111,21.111111111
0.556,0.573,0.147,0.208,0,0,0,0,0.206,21.111111111,21.111111111
0.667,0.596,0.189,0.217,0,0,0,0,0.275,17.777777778,21.111111111
0.667,0.623,0.264,0.246,0,0,0,0,0.206,17.777777778,26.111111111
0.667,0.628,0.357,0.263,0,0,0,0,0.286,17.777777778,26.111111111
0.806,0.625,0.541,0.333,0,0,0,0,0.266,17.777777778,26.111111111
1,0.598,0.569,0.374,0.195,0.667,0,0,0.0418,17.777777778,26.111111111
1,0.564,0.509,0.439,0.645,0.0833,0.917,0,0.209,17.777777778,26.111111111
1,0.54,0.279,0.324,0.104,0,0.05,0,0.224,17.777777778,26.111111111
1,0.551,0.0554,0.0845,0,0,0,0,0.151,17.777777778,26.111111111
1,0.565,0.0189,0.0505,0,0,0,0,0,17.777777778,26.111111111
1,0.565,0.0189,0.0505,0,0,0,0,0,21.111111111,26.111111111
1,0.565,0.0189,0.0505,0,0,0,0,0,21.111111111,21.111111111
1,0.565,0.0189,0.0505,0,0,0,0,0,21.111111111,21.111111111
1,0.565,0.0189,0.0505,0,0,0,0,0,21.111111111,21.111111111
1,0.565,0.0189,0.0505,0,0,0,0,0,21.111111111,21.111111111
1,0.565,0.0189,0.0505,0,0,0,0,0,21.111111111,21.111111111
1,0.562,0.0436,0.108,0,0,0,0.167,0,21.111111111,21.111111111
0.778,0.55,0.14,0.316,0,0,0,0.533,0.125,21.111111111,21.111111111
0.667,0.552,0.158,0.268,0,0,0,0,0.418,21.111111111,21.111111111
0.667,0.552,0.185,0.259,0,0,0,0,0,21.111111111,21.111111111
0.667,0.552,0.201,0.249,0,0,0,0,0.0418,21.111111111,21.111111111
0.75,0.55,0.244,0.266,0,0,0,0,0.346,21.111111111,21.111111111
0.667,0.552,0.257,0.24,0,0,0,0,0.0418,21.111111111,21.111111111
0.583,0.557,0.257,0.216,0,0,0,0,0.0418,21.111111111,21.111111111
0.667,0.574,0.316,0.24,0,0,0,0,0.209,21.111111111,21.111111111
0.667,0.6,0.331,0.241,0,0,0,0.667,0.334,17.777777778,21.111111111
0.889,0.642,0.462,0.312,0,0,0,0.0333,0.209,17.777777778,26.111111111
1,0.66,0.621,0.369,0,0,0,0,0.167,17.777777778,26.111111111
1,0.645,0.799,0.429,0,0,0,0,0.0418,17.777777778,26.111111111
1,0.614,0.855,0.502,0,0,0,0,0.487,17.777777778,26.111111111
1,0.566,0.504,0.411,0,0,0,0,0.244,17.777777778,26.111111111
1,0.548,0.174,0.198,0,0,0,0,0,17.777777778,26.111111111
1,0.536,0.0856,0.111,0,0,0,0,0.0748,17.777777778,26.111111111
1,0.533,0.0442,0.073,0,0,0,0,0.193,17.777777778,26.111111111
1,0.533,0.0286,0.0576,0,0,0,0,0.348,21.111111111,26.111111111
1,0.533,0.0215,0.0505,0,0,0,0,0.251,21.111111111,21.111111111
1,0.538,0.0189,0.0505,0,0,0,0,0.0418,21.111111111,21.111111111
1,0.565,0.0189,0.0505,0,0,0,0,0,21.111111111,21.111111111
1,0.561,0.021,0.0652,0,0,0,0.167,0,21.111111111,21.111111111
1,0.543,0.0339,0.143,0,0,0,0.533,0.0836,21.111111111,21.111111111
1,0.555,0.05,0.166,0,0,0,0,0.144,21.111111111,21.111111111
1,0.558,0.0825,0.183,0,0,0,0,0.323,21.111111111,21.111111111
0.639,0.559,0.0807,0.151,0,0,0,0,0.0801,21.111111111,21.111111111
0.333,0.565,0.0189,0.0505,0,0,0,0,0,21.111111111,21.111111111
0.556,0.56,0.0964,0.132,0,0,0,0.167,0,21.111111111,21.111111111
0.667,0.552,0.219,0.242,0,0,0,0.533,0.0836,21.111111111,21.111111111
0.667,0.552,0.257,0.24,0,0,0,0,0.418,21.111111111,21.111111111
0.444,0.558,0.199,0.177,0,0,0,0,0.167,21.111111111,21.111111111
0.639,0.573,0.304,0.232,0,0,0,0.917,0,21.111111111,21.111111111
0.722,0.604,0.358,0.257,0,0,0,0.267,0.0836,17.777777778,21.111111111
0.778,0.632,0.404,0.279,0,0,0,0,0.0836,17.777777778,26.111111111
0.972,0.657,0.605,0.361,0,0,0,0.7,0.0418,17.777777778,26.111111111
1,0.645,0.799,0.429,0,0,0,0,0.309,17.777777778,26.111111111
1,0.615,0.9,0.535,0,0,0,0,0.314,17.777777778,26.111111111
1,0.567,0.596,0.478,0,0,0,0,0.169,17.777777778,26.111111111
1,0.548,0.174,0.198,0,0,0,0,0.0668,17.777777778,26.111111111
1,0.534,0.084,0.117,0,0,0,0,0,17.777777778,26.111111111
1,0.533,0.0376,0.073,0,0,0,0,0,17.777777778,26.111111111
1,0.527,0.0242,0.0576,0,0,0,0,0,21.111111111,26.111111111
1,0.522,0.0183,0.0505,0,0,0,0,0,21.111111111,21.111111111
1,0.538,0.0165,0.0505,0,0,0,0,0,21.111111111,21.111111111
1,0.565,0.0166,0.0505,0,0,0,0,0,21.111111111,26.111111111
1,0.541,0.0266,0.0938,0,0,0,0,0.177,21.111111111,26.111111111
0.806,0.531,0.0409,0.175,0,0,0,0,0.485,21.111111111,26.111111111
0.333,0.565,0.0166,0.0505,0,0,0,0,0,21.111111111,26.111111111
0.333,0.564,0.0232,0.0687,0,0,0,0,0.0418,21.111111111,26.111111111
0.333,0.559,0.0574,0.159,0,0,0,0,0,21.111111111,26.111111111
0.333,0.559,0.0629,0.155,0,0,0,0,0.0418,21.111111111,26.111111111
0.333,0.559,0.068,0.15,0,0,0,0,0.376,21.111111111,26.111111111
0.333,0.559,0.0719,0.146,0,0,0,0,0.167,21.111111111,21.111111111
0.556,0.554,0.121,0.208,0,0,0,0,0,21.111111111,21.111111111
0.667,0.555,0.151,0.24,0,0,0,0.667,0.251,21.111111111,21.111111111
0.972,0.578,0.243,0.327,0,0,0,0.517,0.314,21.111111111,21.111111111
1,0.617,0.31,0.337,0,0,0,0,0.167,17.777777778,21.111111111
1,0.651,0.388,0.344,0,0,0,0,0.0418,17.777777778,26.111111111
1,0.66,0.527,0.369,0,0,0,0,0.376,17.777777778,26.111111111
1,0.645,0.718,0.429,0,0,0,0,0.0752,17.777777778,26.111111111
1,0.615,0.846,0.535,0,0,0,0,0,17.777777778,26.111111111
1,0.565,0.729,0.605,0,0,0,0,0,17.777777778,26.111111111
1,0.53,0.301,0.346,0,0,0,0,0,17.777777778,26.111111111
1,0.55,0.0422,0.0774,0,0,0,0,0,17.777777778,26.111111111
1,0.533,0.0376,0.073,0,0,0,0,0,17.777777778,26.111111111
1,0.533,0.024,0.0576,0,0,0,0,0.209,21.111111111,26.111111111
1,0.554,0.0171,0.0505,0,0,0,0,0,21.111111111,21.111111111
1,0.565,0.0166,0.0505,0,0,0,0,0,21.111111111,21.111111111
1,0.56,0.018,0.0552,0,0,0,0,0,21.111111111,26.111111111
1,0.534,0.0266,0.0884,0,0,0,0,0.167,21.111111111,26.111111111
1,0.516,0.061,0.27,0,0,0,0,0.267,21.111111111,26.111111111
1,0.535,0.0976,0.398,0.4,0.667,0,0.667,0.621,21.111111111,26.111111111
0.556,0.554,0.0725,0.241,0.253,0.0833,0.917,0.517,0.236,21.111111111,26.111111111
0.333,0.559,0.0574,0.159,0,0,0.05,0,0.125,21.111111111,26.111111111
0.389,0.558,0.0714,0.171,0,0,0,0,0,21.111111111,26.111111111
0.667,0.552,0.119,0.249,0,0,0,0,0.209,21.111111111,26.111111111
0.667,0.552,0.127,0.242,0,0,0,0,0.251,21.111111111,21.111111111
0.528,0.559,0.0733,0.137,0,0,0,0,0.209,21.111111111,21.111111111
0.333,0.565,0.0166,0.0505,0,0,0,0,0,21.111111111,21.111111111
0.333,0.565,0.0166,0.0505,0,0,0,0,0,21.111111111,21.111111111
0.944,0.597,0.196,0.225,0,0,0,0.667,0.0836,17.777777778,21.111111111
1,0.623,0.264,0.246,0,0,0,0.0333,0.328,17.777777778,26.111111111
0.944,0.624,0.319,0.243,0,0,0,0.667,0.0178,17.777777778,26.111111111
0.806,0.602,0.353,0.232,0,0,0,0.45,0,17.777777778,26.111111111
1,0.608,0.753,0.484,0,0,0,0.767,0.0418,17.777777778,26.111111111
1,0.569,0.545,0.451,0,0,0,0,0.0836,17.777777778,26.111111111
1,0.565,0.0166,0.0505,0,0,0,0,0,17.777777778,26.111111111
1,0.551,0.0491,0.0845,0,0,0,0,0,17.777777778,26.111111111
1,0.565,0.0166,0.0505,0,0,0,0,0,17.777777778,26.111111111
1,0.565,0.0166,0.0505,0,0,0,0,0,21.111111111,26.111111111
1,0.565,0.0166,0.0505,0,0,0,0,0,21.111111111,21.111111111
1,0.565,0.0166,0.0505,0,0,0,0,0,21.111111111,21.111111111
1,0.56,0.018,0.0552,0,0,0,0,0.39,21.111111111,26.111111111
1,0.534,0.0266,0.0884,0,0,0,0,0.428,21.111111111,26.111111111
1,0.543,0.0352,0.143,0,0,0,0,0.119,21.111111111,26.111111111
0.861,0.55,0.0565,0.224,0,0,0,0,0.467,21.111111111,26.111111111
0.361,0.565,0.0193,0.0601,0,0,0,0,0.0836,21.111111111,26.111111111
0.333,0.565,0.0166,0.0505,0,0,0,0,0,21.111111111,26.111111111
0.333,0.565,0.0166,0.0505,0,0,0,0,0,21.111111111,26.111111111
0.333,0.565,0.0166,0.0505,0,0,0,0,0,21.111111111,26.111111111
0.333,0.565,0.0166,0.0505,0,0,0,0,0,21.111111111,21.111111111
0.333,0.562,0.043,0.09,0,0,0,0,0.0836,21.111111111,21.111111111
0.333,0.56,0.0838,0.145,0,0,0,0,0.251,21.111111111,21.111111111
0.333,0.569,0.0942,0.145,0,0,0,0,0.334,21.111111111,21.111111111
0.333,0.582,0.114,0.146,0,0,0,0,0.0836,17.777777778,21.111111111
0.194,0.582,0.0847,0.107,0,0,0,0,0.0418,17.777777778,26.111111111
0.306,0.594,0.173,0.148,0,0,0,0.7,0.376,17.777777778,26.111111111
0.333,0.592,0.25,0.177,0,0,0,0,0.0836,17.777777778,26.111111111
0.778,0.602,0.66,0.433,0,0,0,0,0,17.777777778,26.111111111
1,0.565,0.729,0.605,0,0,0,0,0,17.777777778,26.111111111
1,0.543,0.211,0.253,0,0,0,0,0,17.777777778,26.111111111
1,0.55,0.0422,0.0774,0,0,0,0,0.171,17.777777778,26.111111111
1,0.538,0.0361,0.0716,0,0,0,0,0.244,17.777777778,26.111111111
1,0.565,0.0166,0.0505,0,0,0,0,0,21.111111111,26.111111111
1,0.565,0.0166,0.0505,0,0,0,0,0,21.111111111,21.111111111
0.833,0.557,0.0166,0.0505,0,0,0,0,0.159,21.111111111,21.111111111
1,0.565,0.0166,0.0505,0,0,0,0,0,21.111111111,26.111111111
1,0.541,0.0266,0.0938,0,0,0,0,0.123,21.111111111,26.111111111
1,0.522,0.0538,0.236,0,0,0,0.467,0.388,21.111111111,26.111111111
0.639,0.554,0.0457,0.176,0,0,0,0,0.0836,21.111111111,26.111111111
0.333,0.559,0.0506,0.164,0,0,0,0,0.0836,21.111111111,26.111111111
0.333,0.559,0.0574,0.159,0,0,0,0,0.125,21.111111111,26.111111111
0.333,0.559,0.0629,0.155,0,0,0,0,0.167,21.111111111,26.111111111
0.333,0.559,0.068,0.15,0,0,0,0,0.167,21.111111111,26.111111111
0.333,0.559,0.0719,0.146,0,0,0,0,0.125,21.111111111,21.111111111
0.111,0.563,0.0372,0.0821,0,0,0,0,0.0418,21.111111111,21.111111111
0,0.565,0.0166,0.0505,0,0,0,0,0,21.111111111,21.111111111
0,0.565,0.0166,0.0505,0,0,0,0,0,21.111111111,21.111111111
0,0.565,0.0166,0.0505,0,0,0,0,0,17.777777778,21.111111111
0,0.565,0.0166,0.0505,0,0,0,0,0,17.777777778,26.111111111
0.583,0.62,0.328,0.24,0,0,0,0.167,0.0418,17.777777778,26.111111111
1,0.645,0.718,0.429,0,0,0,1,0.125,17.777777778,26.111111111
1,0.614,0.802,0.502,0,0,0,0.95,0,17.777777778,26.111111111
1,0.564,0.509,0.439,0,0,0,0,0.225,17.777777778,26.111111111
1,0.555,0.122,0.16,0,0,0,0,0.183,17.777777778,26.111111111
1,0.551,0.0491,0.0845,0,0,0,0,0.099,17.777777778,26.111111111
1,0.565,0.0166,0.0505,0,0,0,0,0,17.777777778,26.111111111
1,0.565,0.0166,0.0505,0,0,0,0,0,21.111111111,26.111111111
1,0.565,0.0166,0.0505,0,0,0,0,0,21.111111111,21.111111111
1,0.565,0.0166,0.0505,0,0,0,0,0,21.111111111,21.111111111
1,0.554,0.0194,0.0598,0,0,0,0,0.268,21.111111111,26.111111111
1,0.499,0.0395,0.141,0,0,0,0,0.253,21.111111111,26.111111111
0.944,0.502,0.0682,0.309,0,0,0,0.917,0.423,21.111111111,26.111111111
0.222,0.558,0.0338,0.128,0,0,0,0.267,0.0836,21.111111111,26.111111111
0,0.565,0.0166,0.0505,0,0,0,0,0,21.111111111,26.111111111
0,0.565,0.0166,0.0505,0,0,0,0,0,21.111111111,26.111111111
0,0.565,0.0166,0.0505,0,0,0,0,0,21.111111111,26.111111111
0.139,0.562,0.0383,0.0914,0,0,0,0.417,0,21.111111111,26.111111111
0.417,0.557,0.0854,0.17,0,0,0,0.283,0.125,21.111111111,21.111111111
0.333,0.563,0.0372,0.0821,0,0,0,0,0,21.111111111,21.111111111
0.556,0.558,0.124,0.2,0.249,0.417,0,0,0.334,21.111111111,21.111111111
0.667,0.574,0.172,0.24,0.522,0.333,0.667,0,0.0418,21.111111111,21.111111111
0.5,0.592,0.165,0.194,0,0,0.05,0,0.317,17.777777778,21.111111111
0.528,0.61,0.208,0.205,0,0,0,0,0.396,17.777777778,26.111111111
0.639,0.626,0.343,0.254,0,0,0,0.917,0.0418,17.777777778,26.111111111
0.5,0.604,0.372,0.242,0,0,0,0.5,0.0418,17.777777778,26.111111111
0.806,0.603,0.683,0.446,0,0,0,0,0.192,17.777777778,26.111111111
0.833,0.564,0.597,0.505,0,0,0,0,0.297,17.777777778,26.111111111
1,0.535,0.29,0.335,0,0,0,0,0.253,17.777777778,26.111111111
1,0.55,0.0445,0.0774,0,0,0,0,0.0836,17.777777778,26.111111111
1,0.554,0.0283,0.059,0,0,0,0,0.239,17.777777778,26.111111111
1,0.565,0.0189,0.0505,0,0,0,0,0,21.111111111,26.111111111
1,0.565,0.0189,0.0505,0,0,0,0,0,21.111111111,21.111111111
0.944,0.565,0.0189,0.0505,0,0,0,0,0,21.111111111,21.111111111
0.667,0.565,0.0189,0.0505,0,0,0,0,0,21.111111111,21.111111111
0.667,0.561,0.021,0.0652,0,0,0,0,0.137,21.111111111,21.111111111
0.667,0.543,0.0339,0.143,0,0,0,0.417,0,21.111111111,21.111111111
0.722,0.554,0.0582,0.185,0,0,0,0.767,0.0993,21.111111111,21.111111111
0.861,0.555,0.1,0.231,0,0,0,0,0.342,21.111111111,21.111111111
0.667,0.559,0.0886,0.159,0.223,0.167,0,0,0.53,21.111111111,21.111111111
0.667,0.554,0.158,0.224,0,0.583,0.417,0,0,21.111111111,21.111111111
0.667,0.552,0.201,0.249,0,0,1,0,0.167,21.111111111,21.111111111
0.611,0.553,0.2,0.226,0,0,0.75,0,0.292,21.111111111,21.111111111
0.556,0.554,0.218,0.208,0,0,0,0,0.376,21.111111111,21.111111111
0.667,0.555,0.29,0.24,0,0,0,0,0.167,21.111111111,21.111111111
0.667,0.574,0.316,0.24,0,0,0,0,0.0418,21.111111111,21.111111111
0.667,0.6,0.331,0.241,0,0,0,0,0,17.777777778,21.111111111
0.667,0.623,0.35,0.246,0,0,0,0,0.292,17.777777778,26.111111111
0.667,0.628,0.42,0.263,0,0,0,0,0.251,17.777777778,26.111111111
0.5,0.604,0.413,0.242,0,0,0,0,0,17.777777778,26.111111111
0.667,0.598,0.607,0.374,0,0,0,0,0,17.777777778,26.111111111
0.889,0.564,0.601,0.489,0,0,0,0,0.185,17.777777778,26.111111111
1,0.559,0.0901,0.119,0,0,0,0,0.221,17.777777778,26.111111111
0.833,0.563,0.0251,0.0562,0,0,0,0,0,17.777777778,26.111111111
1,0.565,0.0189,0.0505,0,0,0,0,0,17.777777778,26.111111111
1,0.565,0.0189,0.0505,0,0,0,0,0,21.111111111,26.111111111
1,0.565,0.0189,0.0505,0,0,0,0,0,21.111111111,21.111111111
1,0.549,0.0189,0.0505,0,0,0,0.667,0,21.111111111,21.111111111
1,0.565,0.0189,0.0505,0,0,0,0.0333,0,21.111111111,21.111111111
1,0.565,0.0189,0.0505,0,0,0,0,0,21.111111111,21.111111111
1,0.565,0.0189,0.0505,0,0,0,0,0,21.111111111,21.111111111
1,0.564,0.0272,0.0697,0,0,0,0,0,21.111111111,21.111111111
1,0.553,0.118,0.258,0,0,0,0.167,0.435,21.111111111,21.111111111
1,0.545,0.228,0.376,0,0,0,1,0.29,21.111111111,21.111111111
0.861,0.548,0.232,0.321,0,0,0,0.25,0.371,21.111111111,21.111111111
0.667,0.552,0.201,0.249,0,0,0,0,0.125,21.111111111,21.111111111
0.667,0.552,0.219,0.242,0,0,0,0,0.0836,21.111111111,21.111111111
0.667,0.552,0.257,0.24,0,0,0,0,0.292,21.111111111,21.111111111
0.361,0.56,0.166,0.153,0,0,0,0,0.0418,21.111111111,21.111111111
0.583,0.571,0.278,0.216,0,0,0,0,0.334,21.111111111,21.111111111
0.389,0.587,0.202,0.162,0,0,0,0,0.125,17.777777778,21.111111111
0.667,0.623,0.35,0.246,0,0,0,0,0.292,17.777777778,26.111111111
0.667,0.628,0.42,0.263,0,0,0,0,0,17.777777778,26.111111111
0.667,0.618,0.539,0.303,0,0,0,0,0,17.777777778,26.111111111
0.667,0.598,0.607,0.374,0,0,0,0,0,17.777777778,26.111111111
0.667,0.566,0.436,0.361,0,0,0,0,0.0742,17.777777778,26.111111111
0.667,0.548,0.174,0.198,0,0,0,0,0.0739,17.777777778,26.111111111
0.833,0.565,0.0174,0.0505,0,0,0,0,0,17.777777778,26.111111111
0.972,0.557,0.0224,0.0569,0,0,0,0,0,17.777777778,26.111111111
1,0.565,0.0166,0.0505,0,0,0,0,0,21.111111111,26.111111111
1,0.565,0.0166,0.0505,0,0,0,0,0,21.111111111,21.111111111
1,0.565,0.0166,0.0505,0,0,0,0,0,21.111111111,21.111111111
1,0.565,0.0166,0.0505,0,0,0,0,0,21.111111111,26.111111111
1,0.565,0.0166,0.0505,0,0,0,0,0,21.111111111,26.111111111
1,0.563,0.0209,0.0699,0,0,0,0,0.326,21.111111111,26.111111111
0.944,0.55,0.0565,0.224,0,0,0,0,0.239,21.111111111,26.111111111
0.667,0.558,0.0573,0.183,0,0,0,0.167,0,21.111111111,26.111111111
0.667,0.552,0.0983,0.268,0,0,0,0.533,0.0836,21.111111111,26.111111111
0.611,0.553,0.101,0.243,0,0,0,0,0.0418,21.111111111,26.111111111
0.333,0.56,0.0553,0.125,0,0,0,0.7,0.09,21.111111111,26.111111111
0.472,0.556,0.0957,0.186,0,0,0,0,0.225,21.111111111,21.111111111
0.611,0.553,0.131,0.224,0,0,0,0,0.125,21.111111111,21.111111111
0.333,0.56,0.0838,0.145,0.232,0.75,0.167,0,0.209,21.111111111,21.111111111
0.639,0.573,0.166,0.232,0.303,0.167,0.0667,0,0,21.111111111,21.111111111
0.667,0.6,0.212,0.241,0.334,0.583,0.233,0,0.251,17.777777778,21.111111111
0.667,0.623,0.264,0.246,0.374,0,0,0,0.0836,17.777777778,26.111111111
0.806,0.641,0.434,0.309,0.641,0,0,0,0.209,17.777777778,26.111111111
1,0.645,0.718,0.429,0.544,0,0,0,0.125,17.777777778,26.111111111
1,0.614,0.802,0.502,0.201,0,0,0,0.167,17.777777778,26.111111111
1,0.568,0.391,0.334,0,0,0,0,0,17.777777778,26.111111111
1,0.565,0.0166,0.0505,0,0,0,0,0,17.777777778,26.111111111
1,0.551,0.0491,0.0845,0,0,0,0,0,17.777777778,26.111111111
1,0.565,0.0166,0.0505,0,0,0,0,0,17.777777778,26.111111111
1,0.565,0.0166,0.0505,0,0,0,0,0,21.111111111,26.111111111
1,0.565,0.0166,0.0505,0,0,0,0,0,21.111111111,21.111111111
1,0.565,0.0166,0.0505,0,0,0,0,0,21.111111111,21.111111111
1,0.56,0.018,0.0552,0,0,0,0,0.188,21.111111111,26.111111111
0.694,0.559,0.0202,0.0675,0,0,0,0,0.0418,21.111111111,26.111111111
0.611,0.543,0.0352,0.143,0,0,0,0,0.292,21.111111111,26.111111111
0.444,0.551,0.051,0.205,0,0,0,0,0.205,21.111111111,26.111111111
0.222,0.561,0.0397,0.126,0,0,0,0,0,21.111111111,26.111111111
0.333,0.559,0.0574,0.159,0,0,0,0,0.0418,21.111111111,26.111111111
0.333,0.559,0.0629,0.155,0,0,0,0,0.0418,21.111111111,26.111111111
0.194,0.561,0.0463,0.109,0,0,0,0,0,21.111111111,26.111111111
0.139,0.562,0.0404,0.0903,0,0,0,0,0,21.111111111,21.111111111
0.333,0.559,0.0791,0.145,0,0,0,0,0.209,21.111111111,21.111111111
0.333,0.56,0.0838,0.145,0,0,0,0,0,21.111111111,21.111111111
0.333,0.569,0.0942,0.145,0,0,0,0,0.0836,21.111111111,21.111111111
0.333,0.582,0.114,0.146,0,0,0,0,0.167,17.777777778,21.111111111
0.472,0.606,0.196,0.19,0,0,0,0,0.0836,17.777777778,26.111111111
0.667,0.628,0.357,0.263,0,0,0,0,0.0418,17.777777778,26.111111111
0.722,0.622,0.531,0.328,0,0,0,0,0.0418,17.777777778,26.111111111
1,0.605,0.662,0.425,0,0,0,0,0.263,17.777777778,26.111111111
1,0.564,0.509,0.439,0,0,0,0,0.174,17.777777778,26.111111111
1,0.539,0.25,0.294,0,0,0,0,0.194,17.777777778,26.111111111
1,0.536,0.0747,0.111,0,0,0,0,0,17.777777778,26.111111111
1,0.554,0.0244,0.059,0,0,0,0,0,17.777777778,26.111111111
1,0.565,0.0166,0.0505,0,0,0,0,0,21.111111111,26.111111111
1,0.565,0.0166,0.0505,0,0,0,0,0,21.111111111,21.111111111
1,0.565,0.0166,0.0505,0,0,0,0,0,21.111111111,21.111111111
1,0.565,0.0166,0.0505,0,0,0,0,0,21.111111111,26.111111111
1,0.565,0.0166,0.0505,0,0,0,0,0,21.111111111,26.111111111
1,0.563,0.0209,0.0699,0,0,0,0,0,21.111111111,26.111111111
0.778,0.555,0.0436,0.166,0,0,0,0,0.574,21.111111111,26.111111111
0.444,0.563,0.0275,0.0888,0,0,0,0,0,21.111111111,26.111111111
0.333,0.565,0.0166,0.0505,0,0,0,0,0,21.111111111,26.111111111
0.333,0.565,0.0166,0.0505,0,0,0,0,0,21.111111111,26.111111111
0.333,0.565,0.0166,0.0505,0,0,0,0,0,21.111111111,26.111111111
0.333,0.565,0.0166,0.0505,0,0,0,0,0,21.111111111,21.111111111
0.333,0.561,0.0585,0.114,0,0,0,0,0.167,21.111111111,21.111111111
0.333,0.56,0.0838,0.145,0,0,0,0,0.125,21.111111111,21.111111111
0.333,0.569,0.0942,0.145,0,0,0,0,0.167,21.111111111,21.111111111
0.333,0.582,0.114,0.146,0,0,0,0,0.167,17.777777778,21.111111111
0.472,0.606,0.196,0.19,0,0,0,0,0.167,17.777777778,26.111111111
0.667,0.628,0.357,0.263,0.321,0.667,0,0,0.0836,17.777777778,26.111111111
0.889,0.636,0.643,0.389,0.501,0.0833,0.483,0.233,0.0836,17.777777778,26.111111111
1,0.614,0.802,0.502,0.155,0,0,0,0.43,17.777777778,26.111111111
1,0.564,0.509,0.439,0,0,0,0,0.0745,17.777777778,26.111111111
1,0.547,0.172,0.212,0,0,0,0,0,17.777777778,26.111111111
1,0.55,0.0422,0.0774,0,0,0,0,0,17.777777778,26.111111111
1,0.533,0.0376,0.073,0,0,0,0,0,17.777777778,26.111111111
1,0.538,0.0237,0.0576,0,0,0,0,0.0418,21.111111111,26.111111111
1,0.565,0.0166,0.0505,0,0,0,0,0,21.111111111,21.111111111
1,0.565,0.0166,0.0505,0,0,0,0,0,21.111111111,21.111111111
1,0.565,0.0166,0.0505,0,0,0,0,0,21.111111111,26.111111111
1,0.561,0.0194,0.0652,0,0,0,0,0.0781,21.111111111,26.111111111
1,0.542,0.0395,0.163,0,0,0,0,0.173,21.111111111,26.111111111
0.722,0.546,0.0651,0.263,0,0,0,0,0.0912,21.111111111,26.111111111
0.333,0.559,0.0506,0.164,0,0,0,0,0.0418,21.111111111,26.111111111
0.278,0.56,0.0498,0.142,0,0,0,0,0,21.111111111,26.111111111
0.167,0.562,0.0393,0.103,0,0,0,0,0.236,21.111111111,26.111111111
0,0.565,0.0166,0.0505,0,0,0,0,0,21.111111111,26.111111111
0,0.565,0.0166,0.0505,0,0,0,0,0,21.111111111,21.111111111
0.306,0.559,0.0739,0.137,0,0,0,0,0.209,21.111111111,21.111111111
0.333,0.56,0.0838,0.145,0,0,0,0,0.251,21.111111111,21.111111111
0.333,0.569,0.0942,0.145,0,0,0,0,0.209,21.111111111,21.111111111
0.389,0.587,0.134,0.162,0,0,0,0.167,0.0836,17.777777778,21.111111111
0.667,0.623,0.264,0.246,0,0,0,1,0.0418,17.777777778,26.111111111
0.667,0.628,0.357,0.263,0,0,0,0.0167,0.167,17.777777778,26.111111111
0.667,0.618,0.484,0.303,0,0,0,0,0.0836,17.777777778,26.111111111
0.667,0.593,0.456,0.302,0,0,0,0,0.187,17.777777778,26.111111111
0.667,0.566,0.171,0.167,0,0,0,0,0,17.777777778,26.111111111
0.972,0.554,0.135,0.173,0,0,0,0,0.104,17.777777778,26.111111111
1,0.549,0.0545,0.0902,0,0,0,0,0,17.777777778,26.111111111
1,0.565,0.0166,0.0505,0,0,0,0,0,17.777777778,26.111111111
1,0.565,0.0166,0.0505,0,0,0,0,0,21.111111111,26.111111111
1,0.565,0.0166,0.0505,0,0,0,0,0,21.111111111,21.111111111
0.944,0.565,0.0166,0.0505,0,0,0,0,0,21.111111111,21.111111111
0.667,0.565,0.0166,0.0505,0,0,0,0,0,21.111111111,26.111111111
0.667,0.565,0.0166,0.0505,0,0,0,0,0,21.111111111,26.111111111
0.722,0.542,0.0424,0.175,0,0,0,0,0.51,21.111111111,26.111111111
0.861,0.538,0.0856,0.35,0,0,0,0,0.209,21.111111111,26.111111111
0.667,0.552,0.0847,0.278,0,0,0,0,0.167,21.111111111,26.111111111
0.667,0.552,0.0983,0.268,0,0,0,0,0.167,21.111111111,26.111111111
0.667,0.552,0.109,0.259,0,0,0,0,0.17,21.111111111,26.111111111
0.611,0.554,0.101,0.217,0,0,0,0.667,0.422,21.111111111,26.111111111
0.333,0.565,0.0166,0.0505,0,0,0,0.0333,0,21.111111111,21.111111111
0.333,0.561,0.0585,0.114,0,0,0,0,0,21.111111111,21.111111111
0.0833,0.565,0.0345,0.0742,0,0,0,0,0,21.111111111,21.111111111
0.333,0.569,0.0942,0.145,0,0,0,0,0.251,21.111111111,21.111111111
0.333,0.582,0.114,0.146,0,0,0,0,0.218,17.777777778,21.111111111
0.639,0.62,0.254,0.238,0,0,0,0.667,0.503,17.777777778,26.111111111
0.667,0.628,0.357,0.263,0,0,0,0.0333,0.392,17.777777778,26.111111111
0.889,0.636,0.643,0.389,0,0,0,0,0.452,17.777777778,26.111111111
1,0.609,0.732,0.464,0,0,0,0,0.0766,17.777777778,26.111111111
1,0.564,0.509,0.439,0,0,0,0,0,17.777777778,26.111111111
1,0.53,0.301,0.346,0,0,0,0,0.125,17.777777778,26.111111111
1,0.542,0.077,0.107,0,0,0,0,0,17.777777778,26.111111111
1,0.565,0.0189,0.0505,0,0,0,0,0,17.777777778,26.111111111
1,0.565,0.0189,0.0505,0,0,0,0,0,21.111111111,26.111111111
1,0.565,0.0189,0.0505,0,0,0,0,0,21.111111111,21.111111111
1,0.565,0.0189,0.0505,0,0,0,0,0,21.111111111,21.111111111
1,0.565,0.0189,0.0505,0,0,0,0,0,21.111111111,21.111111111
1,0.561,0.021,0.0652,0,0,0,0,0.0836,21.111111111,21.111111111
1,0.543,0.0339,0.143,0,0,0,0,0.0836,21.111111111,21.111111111
1,0.555,0.05,0.166,0,0,0,0,0.0418,21.111111111,21.111111111
1,0.554,0.107,0.24,0,0,0,0,0.463,21.111111111,21.111111111
1,0.552,0.158,0.268,0,0,0,0.667,0.397,21.111111111,21.111111111
1,0.548,0.24,0.328,0,0,0,0.267,0.354,21.111111111,21.111111111
0.944,0.546,0.276,0.332,0,0,0,0,0.335,21.111111111,21.111111111
0.667,0.552,0.219,0.242,0,0,0,0,0.325,21.111111111,21.111111111
0.667,0.556,0.176,0.177,0,0,0,0,0.214,21.111111111,21.111111111
0.667,0.56,0.154,0.145,0,0,0,0,0.309,21.111111111,21.111111111
0.722,0.574,0.219,0.177,0,0,0,0.167,0.399,21.111111111,21.111111111
0.944,0.612,0.46,0.32,0,0,0,1,0.127,17.777777778,21.111111111
0.889,0.642,0.462,0.312,0,0,0,0.0167,0,17.777777778,26.111111111
1,0.66,0.621,0.369,0,0,0,0,0.444,17.777777778,26.111111111
1,0.645,0.799,0.429,0,0,0,0,0.267,17.777777778,26.111111111
1,0.614,0.855,0.502,0,0,0,0,0,17.777777778,26.111111111
1,0.566,0.504,0.411,0,0,0,0,0,17.777777778,26.111111111
1,0.548,0.174,0.198,0,0,0,0,0,17.777777778,26.111111111
1,0.541,0.0811,0.107,0.0665,0.5,0,0,0,17.777777778,26.111111111
1,0.565,0.0189,0.0505,0,0,0,0,0,17.777777778,26.111111111
1,0.565,0.0189,0.0505,0,0,0,0,0,21.111111111,26.111111111
1,0.565,0.0189,0.0505,0,0,0,0,0,21.111111111,21.111111111
1,0.565,0.0189,0.0505,0,0,0,0,0,21.111111111,21.111111111
1,0.565,0.0189,0.0505,0,0,0,0,0,21.111111111,21.111111111
1,0.544,0.0234,0.0787,0,0,0,0.667,0.125,21.111111111,21.111111111
1,0.542,0.034,0.142,0,0,0,0.5,0.0836,21.111111111,21.111111111
1,0.552,0.0583,0.184,0,0,0,0,0.134,21.111111111,21.111111111
1,0.548,0.135,0.292,0,0,0,0.167,0,21.111111111,21.111111111
0.778,0.547,0.181,0.298,0.133,0.167,0,1,0.0836,21.111111111,21.111111111
0.611,0.551,0.17,0.238,0.509,1,0,0,0,21.111111111,21.111111111
0.333,0.557,0.11,0.147,0,0.4,0.6,0,0.0418,21.111111111,21.111111111
0.333,0.557,0.12,0.144,0,0,0.55,0,0.167,21.111111111,21.111111111
0.333,0.557,0.138,0.143,0,0,0,0,0.167,21.111111111,21.111111111
0.194,0.561,0.0969,0.104,0,0,0,0,0,21.111111111,21.111111111
0.194,0.57,0.108,0.104,0,0,0,0,0.0418,21.111111111,21.111111111
0.972,0.611,0.476,0.321,0,0,0,0,0.391,17.777777778,21.111111111
1,0.647,0.517,0.337,0,0,0,0.667,0.245,17.777777778,26.111111111
1,0.655,0.623,0.362,0,0,0,0.7,0.279,17.777777778,26.111111111
1,0.64,0.801,0.423,0,0,0,0.0333,0.0418,17.777777778,26.111111111
1,0.606,0.783,0.459,0,0,0,0,0.123,17.777777778,26.111111111
1,0.561,0.535,0.436,0,0,0,0,0,17.777777778,26.111111111
1,0.541,0.231,0.252,0.278,0.417,0,0,0.0418,17.777777778,26.111111111
1,0.54,0.0679,0.1,0.312,0.5,0,0,0,17.777777778,26.111111111
1,0.532,0.0376,0.073,0.654,0.15,0.217,0,0,17.777777778,26.111111111
1,0.532,0.024,0.0576,0.549,0,0,0,0,21.111111111,26.111111111
1,0.532,0.0179,0.0505,0,0,0,0,0.167,21.111111111,21.111111111
1,0.537,0.0166,0.0505,0,0,0,0,0.292,21.111111111,21.111111111
1,0.565,0.0166,0.0505,0,0,0,0,0,21.111111111,26.111111111
1,0.561,0.0195,0.065,0,0,0,0,0.175,21.111111111,26.111111111
0.861,0.549,0.031,0.12,0,0,0,0,0.259,21.111111111,26.111111111
0.667,0.552,0.0492,0.184,0,0,0,0,0.146,21.111111111,26.111111111
0.667,0.549,0.0849,0.274,0,0,0,0,0.401,21.111111111,26.111111111
0.667,0.549,0.0985,0.262,0,0,0,0,0.253,21.111111111,26.111111111
0.722,0.548,0.118,0.27,0,0,0,0,0.0836,21.111111111,26.111111111
0.694,0.549,0.124,0.252,0,0,0,0,0,21.111111111,26.111111111
0.361,0.557,0.0766,0.151,0,0,0,0,0.209,21.111111111,21.111111111
0.278,0.559,0.0683,0.127,0,0,0,0,0.0836,21.111111111,21.111111111
0,0.565,0.0166,0.0505,0,0,0,0,0,21.111111111,21.111111111
0.0556,0.568,0.0323,0.0659,0,0,0,0,0,21.111111111,21.111111111
0.639,0.596,0.205,0.228,0.328,0.783,0.133,0,0.292,17.777777778,21.111111111
0.667,0.62,0.265,0.242,0.816,0,0.783,0,0.0418,17.777777778,26.111111111
0.667,0.598,0.2,0.163,0.788,0,0,0,0.0836,17.777777778,26.111111111
0.667,0.59,0.251,0.175,0.308,0,0,0,0,17.777777778,26.111111111
0.889,0.603,0.732,0.467,0.896,0,0,0,0,17.777777778,26.111111111
1,0.561,0.599,0.502,0.516,0,0,0,0,17.777777778,26.111111111
1,0.541,0.212,0.252,0.156,0,0,0,0,17.777777778,26.111111111
1,0.546,0.06,0.0958,0,0,0,0,0,17.777777778,26.111111111
1,0.565,0.0166,0.0505,0,0,0,0,0,17.777777778,26.111111111
1,0.565,0.0166,0.0505,0,0,0,0,0,21.111111111,26.111111111
1,0.565,0.0166,0.0505,0,0,0,0,0,21.111111111,21.111111111
1,0.565,0.0166,0.0505,0,0,0,0,0,21.111111111,21.111111111
1,0.56,0.018,0.0551,0,0,0,0,0,21.111111111,26.111111111
0.944,0.537,0.0238,0.0733,0,0,0,0,0.0418,21.111111111,26.111111111
0.667,0.565,0.0166,0.0505,0,0,0,0,0,21.111111111,26.111111111
0.667,0.564,0.0221,0.0693,0,0,0,0,0.142,21.111111111,26.111111111
0.611,0.553,0.0672,0.218,0,0,0,0,0.803,21.111111111,26.111111111
0.333,0.557,0.0576,0.156,0,0,0,0,0.272,21.111111111,26.111111111
0.333,0.557,0.0631,0.152,0,0,0,0.167,0.201,21.111111111,26.111111111
0.333,0.557,0.0682,0.147,0,0,0,1,0.167,21.111111111,26.111111111
0.333,0.557,0.0721,0.144,0,0,0,0.467,0.0418,21.111111111,21.111111111
0.333,0.557,0.0793,0.143,0,0,0,0,0.209,21.111111111,21.111111111
0.333,0.559,0.084,0.143,0,0,0,0,0.209,21.111111111,21.111111111
0.556,0.571,0.148,0.204,0,0,0,0,0.125,21.111111111,21.111111111
0.667,0.597,0.213,0.236,0,0,0,0,0.0418,17.777777778,21.111111111
0.667,0.62,0.265,0.242,0,0,0,0,0.125,17.777777778,26.111111111
0.417,0.602,0.238,0.183,0.249,0.167,0,0,0,17.777777778,26.111111111
0.972,0.638,0.702,0.413,0.75,0.617,0.383,0,0,17.777777778,26.111111111
1,0.61,0.848,0.531,0,0,0.767,0,0,17.777777778,26.111111111
1,0.559,0.758,0.628,0,0,0,0,0,17.777777778,26.111111111
1,0.514,0.433,0.481,0,0,0,0,0.125,17.777777778,26.111111111
1,0.551,0.0492,0.0845,0,0,0,0,0,17.777777778,26.111111111
1,0.565,0.0166,0.0505,0,0,0,0,0,17.777777778,26.111111111
1,0.565,0.0166,0.0505,0,0,0,0,0,21.111111111,26.111111111
1,0.565,0.0166,0.0505,0,0,0,0,0,21.111111111,21.111111111
1,0.565,0.0166,0.0505,0,0,0,0,0,21.111111111,21.111111111
1,0.565,0.0166,0.0505,0,0,0,0,0,21.111111111,26.111111111
1,0.565,0.0166,0.0505,0,0,0,0,0,21.111111111,26.111111111
1,0.551,0.0295,0.113,0,0,0,0,0.294,21.111111111,26.111111111
1,0.554,0.0437,0.165,0,0,0,0,0.208,21.111111111,26.111111111
0.722,0.559,0.0441,0.144,0,0,0,0,0.234,21.111111111,26.111111111
0.472,0.562,0.0342,0.0942,0,0,0,0,0.129,21.111111111,26.111111111
0.583,0.558,0.0602,0.143,0,0,0,0.417,0.184,21.111111111,26.111111111
0.611,0.551,0.111,0.228,0,0,0,0.983,0.468,21.111111111,26.111111111
0.333,0.557,0.0721,0.144,0,0,0,0,0.0836,21.111111111,21.111111111
0.333,0.557,0.0793,0.143,0,0,0,0,0.0418,21.111111111,21.111111111
0.333,0.559,0.084,0.143,0,0,0,0,0.125,21.111111111,21.111111111
0.333,0.568,0.0945,0.143,0,0,0,0.167,0.125,21.111111111,21.111111111
0.333,0.581,0.115,0.143,0,0,0,0.533,0,17.777777778,21.111111111
0.639,0.617,0.255,0.234,0,0,0,0,0.147,17.777777778,26.111111111
0.667,0.625,0.358,0.258,0,0,0,0,0.0418,17.777777778,26.111111111
0.722,0.618,0.532,0.324,0,0,0,0,0.0418,17.777777778,26.111111111
1,0.61,0.804,0.497,0,0,0,0,0.376,17.777777778,26.111111111
1,0.561,0.511,0.436,0,0,0,0,0,17.777777778,26.111111111
1,0.541,0.212,0.252,0,0,0,0,0.0418,17.777777778,26.111111111
1,0.535,0.0748,0.111,0,0,0,0,0,17.777777778,26.111111111
1,0.532,0.0376,0.073,0,0,0,0,0.125,17.777777778,26.111111111
1,0.532,0.024,0.0576,0,0,0,0,0,21.111111111,26.111111111
1,0.554,0.0171,0.0505,0,0,0,0,0.0418,21.111111111,21.111111111
1,0.565,0.0166,0.0505,0,0,0,0,0,21.111111111,21.111111111
1,0.557,0.0174,0.0506,0,0,0,0,0,21.111111111,26.111111111
1,0.54,0.0266,0.0932,0,0,0,0,0.246,21.111111111,26.111111111
0.694,0.54,0.0367,0.149,0,0,0,0,0.0786,21.111111111,26.111111111
0.667,0.554,0.0437,0.165,0,0,0,0,0.207,21.111111111,26.111111111
0.444,0.557,0.0507,0.162,0,0,0,0,0.468,21.111111111,26.111111111
0.389,0.556,0.0651,0.173,0,0,0,0,0.0418,21.111111111,26.111111111
0.611,0.551,0.101,0.238,0.195,0.167,0,0,0.173,21.111111111,26.111111111
0.333,0.557,0.0682,0.147,0.638,0.617,0.383,0,0.379,21.111111111,26.111111111
0.333,0.557,0.0721,0.144,0.609,0,0.533,0,0.125,21.111111111,21.111111111
0.333,0.557,0.0793,0.143,0,0,0,0.917,0.0836,21.111111111,21.111111111
0.333,0.559,0.084,0.143,0,0,0,0.0167,0.0418,21.111111111,21.111111111
0.333,0.568,0.0945,0.143,0,0,0,0,0.167,21.111111111,21.111111111
0.389,0.585,0.134,0.159,0,0,0,0,0.167,17.777777778,21.111111111
0.972,0.644,0.379,0.329,0,0,0,0,0.0418,17.777777778,26.111111111
1,0.655,0.528,0.362,0,0,0,0,0.0418,17.777777778,26.111111111
1,0.64,0.72,0.423,0,0,0,0,0,17.777777778,26.111111111
0.833,0.601,0.709,0.454,0,0,0,0,0.239,17.777777778,26.111111111
1,0.561,0.665,0.552,0,0,0,0,0.122,17.777777778,26.111111111
1,0.537,0.251,0.293,0,0,0,0,0,17.777777778,26.111111111
1,0.52,0.107,0.145,0,0,0,0,0.161,17.777777778,26.111111111
1,0.532,0.0376,0.073,0,0,0,0,0,17.777777778,26.111111111
1,0.537,0.0238,0.0576,0,0,0,0,0,21.111111111,26.111111111
1,0.565,0.0166,0.0505,0,0,0,0,0,21.111111111,21.111111111
1,0.565,0.0166,0.0505,0,0,0,0,0,21.111111111,21.111111111
1,0.565,0.0166,0.0505,0,0,0,0,0,21.111111111,26.111111111
1,0.561,0.0195,0.065,0,0,0,0,0.168,21.111111111,26.111111111
1,0.528,0.0482,0.205,0,0,0,0,0.482,21.111111111,26.111111111
0.694,0.545,0.0643,0.25,0,0,0,0,0.444,21.111111111,26.111111111
0.667,0.549,0.0849,0.274,0,0,0,0,0.209,21.111111111,26.111111111
0.528,0.553,0.0809,0.218,0,0,0,0,0.0418,21.111111111,26.111111111
0.333,0.557,0.0631,0.152,0,0,0,0,0.0418,21.111111111,26.111111111
0.333,0.557,0.0682,0.147,0,0,0,0,0.0418,21.111111111,26.111111111
0.333,0.557,0.0721,0.144,0,0,0,0,0.125,21.111111111,21.111111111
0.333,0.557,0.0793,0.143,0,0,0,0,0,21.111111111,21.111111111
0.333,0.559,0.084,0.143,0,0,0,0,0.334,21.111111111,21.111111111
0.333,0.568,0.0945,0.143,0,0,0,0.467,0.125,21.111111111,21.111111111
0.667,0.594,0.209,0.236,0,0,0,0,0.0418,17.777777778,21.111111111
0.472,0.604,0.197,0.186,0,0,0,0,0.125,17.777777778,26.111111111
0.361,0.598,0.2,0.163,0,0,0,0,0.0836,17.777777778,26.111111111
0.694,0.616,0.514,0.314,0,0,0,0,0,17.777777778,26.111111111
1,0.61,0.848,0.531,0,0,0,0,0.172,17.777777778,26.111111111
1,0.561,0.731,0.601,0,0,0,0,0.292,17.777777778,26.111111111
1,0.528,0.302,0.345,0,0,0,0,0.229,17.777777778,26.111111111
1,0.515,0.129,0.157,0,0,0,0,0,17.777777778,26.111111111
1,0.532,0.0443,0.073,0,0,0,0,0,17.777777778,26.111111111
1,0.526,0.0291,0.0576,0,0,0,0,0.125,21.111111111,26.111111111
1,0.498,0.0241,0.0505,0,0,0,0,0.0836,21.111111111,21.111111111
1,0.534,0.0189,0.0505,0,0,0,0,0,21.111111111,21.111111111
1,0.565,0.0189,0.0505,0,0,0,0,0,21.111111111,21.111111111
1,0.565,0.0189,0.0505,0,0,0,0,0,21.111111111,21.111111111
0.944,0.565,0.0189,0.0505,0,0,0,0,0,21.111111111,21.111111111
0.667,0.55,0.0629,0.203,0,0,0,0.667,0.118,21.111111111,21.111111111
0.667,0.549,0.124,0.274,0,0,0,0.0333,0.253,21.111111111,21.111111111
0.528,0.553,0.128,0.218,0,0,0,0,0.0418,21.111111111,21.111111111
0.333,0.557,0.102,0.152,0,0,0,0,0.0418,21.111111111,21.111111111
0.333,0.557,0.11,0.147,0,0,0,0,0.0418,21.111111111,21.111111111
0.472,0.554,0.163,0.182,0,0,0,0,0.0836,21.111111111,21.111111111
0.667,0.549,0.257,0.235,0,0,0,0,0.125,21.111111111,21.111111111
0.667,0.552,0.291,0.235,0,0,0,0,0.0418,21.111111111,21.111111111
0.667,0.571,0.317,0.235,0,0,0,0,0.125,21.111111111,21.111111111
0.667,0.597,0.332,0.236,0,0,0,0,0.0836,17.777777778,21.111111111
0.972,0.644,0.504,0.329,0,0,0,0.917,0.0418,17.777777778,26.111111111
1,0.655,0.623,0.362,0,0,0,0.25,0.387,17.777777778,26.111111111
1,0.64,0.801,0.423,0,0,0,0,0.101,17.777777778,26.111111111
1,0.61,0.903,0.531,0,0,0,0,0.202,17.777777778,26.111111111
1,0.559,0.792,0.628,0,0,0,0,0.502,17.777777778,26.111111111
1,0.522,0.386,0.399,0,0,0,0,0,17.777777778,26.111111111
1,0.563,0.0252,0.0562,0,0,0,0,0,17.777777778,26.111111111
1,0.565,0.0189,0.0505,0,0,0,0,0,17.777777778,26.111111111
1,0.565,0.0189,0.0505,0,0,0,0,0,21.111111111,26.111111111
1,0.565,0.0189,0.0505,0,0,0,0,0,21.111111111,21.111111111
1,0.565,0.0189,0.0505,0,0,0,0,0,21.111111111,21.111111111
1,0.56,0.0197,0.0551,0,0,0,0,0,21.111111111,21.111111111
1,0.533,0.0249,0.0878,0,0,0,0,0.0418,21.111111111,21.111111111
0.778,0.557,0.0231,0.0795,0,0,0,0,0.0418,21.111111111,21.111111111
0.667,0.565,0.0189,0.0505,0,0,0,0,0,21.111111111,21.111111111
0.667,0.56,0.0549,0.125,0,0,0,0,0.0418,21.111111111,21.111111111
0.667,0.552,0.136,0.227,0,0,0,0.667,0.364,21.111111111,21.111111111
0.667,0.549,0.185,0.254,0,0,0,0.0333,0.341,21.111111111,21.111111111
0.667,0.549,0.202,0.244,0,0,0,0,0.149,21.111111111,21.111111111
0.667,0.549,0.22,0.237,0,0,0,0,0.405,21.111111111,21.111111111
0.667,0.549,0.257,0.235,0.13,0.167,0,0,0.529,21.111111111,21.111111111
0.75,0.55,0.324,0.258,0.0355,0.617,0.383,0,0.292,21.111111111,21.111111111
0.667,0.571,0.317,0.235,0,0,0.3,0,0.0836,21.111111111,21.111111111
0.972,0.611,0.476,0.321,0,0,0,0,0,17.777777778,21.111111111
1,0.647,0.517,0.337,0,0,0,0,0.293,17.777777778,26.111111111
1,0.655,0.623,0.362,0,0,0,0.167,0.461,17.777777778,26.111111111
1,0.64,0.801,0.423,0,0,0,0.533,0.18,17.777777778,26.111111111
1,0.61,0.903,0.531,0,0,0,0,0.245,17.777777778,26.111111111
1,0.564,0.598,0.475,0,0,0,0,0.36,17.777777778,26.111111111
1,0.551,0.162,0.186,0,0,0,0,0.222,17.777777778,26.111111111
1,0.565,0.0174,0.0505,0,0,0,0,0,17.777777778,26.111111111
1,0.565,0.0166,0.0505,0,0,0,0,0,17.777777778,26.111111111
1,0.565,0.0166,0.0505,0,0,0,0,0,21.111111111,26.111111111
1,0.565,0.0166,0.0505,0,0,0,0,0,21.111111111,21.111111111
1,0.565,0.0166,0.0505,0,0,0,0,0,21.111111111,21.111111111
1,0.551,0.0188,0.0552,0,0,0,0,0.0984,21.111111111,26.111111111
1,0.533,0.0266,0.0878,0,0,0,0,0.582,21.111111111,26.111111111
1,0.538,0.0439,0.18,0,0,0,0,0.156,21.111111111,26.111111111
0.944,0.532,0.0924,0.374,0.402,0.667,0,0,0.278,21.111111111,26.111111111
0.472,0.554,0.0633,0.21,0.0896,0.9,0.1,0.917,0.152,21.111111111,26.111111111
0.139,0.562,0.0342,0.0942,0,0,0.35,0.717,0,21.111111111,26.111111111
0.333,0.557,0.0631,0.152,0,0,0,0,0.0418,21.111111111,26.111111111
0.389,0.556,0.0772,0.163,0,0,0,0,0,21.111111111,26.111111111
0.667,0.549,0.128,0.237,0.0943,0.167,0,0,0.251,21.111111111,21.111111111
0.806,0.546,0.169,0.273,0.462,0.617,0.217,0,0.0836,21.111111111,21.111111111
1,0.546,0.219,0.327,0.689,0,0,0,0.125,21.111111111,21.111111111
1,0.574,0.25,0.327,0.938,0,0,0.467,0.125,21.111111111,21.111111111
1,0.612,0.311,0.329,0.696,0,0,0,0.0418,17.777777778,21.111111111
1,0.647,0.389,0.337,0.552,0,0,0,0.251,17.777777778,26.111111111
1,0.655,0.528,0.362,0.453,0,0,0,0,17.777777778,26.111111111
0.861,0.631,0.617,0.368,0.0263,0,0,0,0.0418,17.777777778,26.111111111
0.667,0.595,0.527,0.337,0,0,0,0,0,17.777777778,26.111111111
0.806,0.563,0.33,0.293,0,0,0,0,0.0673,17.777777778,26.111111111
1,0.56,0.0692,0.105,0,0,0,0,0,17.777777778,26.111111111
1,0.565,0.0166,0.0505,0,0,0,0,0,17.777777778,26.111111111
1,0.565,0.0166,0.0505,0,0,0,0,0,17.777777778,26.111111111
1,0.565,0.0166,0.0505,0,0,0,0,0,21.111111111,26.111111111
1,0.565,0.0166,0.0505,0,0,0,0,0,21.111111111,21.111111111
1,0.56,0.0171,0.0506,0,0,0,0,0.208,21.111111111,21.111111111
1,0.532,0.0206,0.0555,0,0,0,0,0.293,21.111111111,26.111111111
1,0.533,0.0266,0.0878,0,0,0,0,0.122,21.111111111,26.111111111
0.861,0.551,0.0266,0.101,0,0,0,0,0.418,21.111111111,26.111111111
0.667,0.565,0.0166,0.0505,0,0,0,0,0,21.111111111,26.111111111
0.667,0.564,0.0232,0.0683,0,0,0,0,0.117,21.111111111,26.111111111
0.528,0.559,0.0475,0.13,0,0,0,0,0.167,21.111111111,26.111111111
0.333,0.557,0.0631,0.152,0,0,0,0,0,21.111111111,26.111111111
0.333,0.557,0.0682,0.147,0,0,0,0,0.0836,21.111111111,26.111111111
0.333,0.557,0.0721,0.144,0,0,0,0,0.0418,21.111111111,21.111111111
0.333,0.557,0.0793,0.143,0,0,0,0,0.292,21.111111111,21.111111111
0.333,0.559,0.084,0.143,0,0,0,0,0.209,21.111111111,21.111111111
0.333,0.568,0.0945,0.143,0,0,0,0,0,21.111111111,21.111111111
0.556,0.592,0.181,0.205,0,0,0,0,0.251,17.777777778,21.111111111
0.667,0.62,0.265,0.242,0,0,0,0,0.0418,17.777777778,26.111111111
0.667,0.625,0.358,0.258,0,0,0,0.167,0.152,17.777777778,26.111111111
0.806,0.625,0.589,0.354,0,0,0,0.3,0.152,17.777777778,26.111111111
1,0.588,0.41,0.274,0,0,0,0,0.0418,17.777777778,26.111111111
1,0.563,0.264,0.243,0,0,0,0,0,17.777777778,26.111111111
1,0.556,0.109,0.146,0,0,0,0,0,17.777777778,26.111111111
1,0.551,0.0492,0.0845,0,0,0,0,0,17.777777778,26.111111111
1,0.565,0.0166,0.0505,0,0,0,0,0,17.777777778,26.111111111
1,0.565,0.0166,0.0505,0,0,0,0,0,21.111111111,26.111111111
1,0.565,0.0166,0.0505,0,0,0,0,0,21.111111111,21.111111111
1,0.548,0.0166,0.0505,0,0,0,0,0.0836,21.111111111,21.111111111
1,0.565,0.0166,0.0505,0,0,0,0,0,21.111111111,26.111111111
0.944,0.561,0.0195,0.065,0,0,0,0.167,0,21.111111111,26.111111111
0.667,0.54,0.0396,0.161,0,0,0,0.533,0.346,21.111111111,26.111111111
0.667,0.542,0.0708,0.279,0,0,0,0,0.186,21.111111111,26.111111111
0.667,0.549,0.0849,0.274,0,0,0,0,0.666,21.111111111,26.111111111
0.611,0.551,0.0909,0.245,0,0,0,0,0.257,21.111111111,26.111111111
0.194,0.561,0.0432,0.11,0,0,0,0,0.211,21.111111111,26.111111111
0,0.565,0.0166,0.0505,0,0,0,0,0,21.111111111,26.111111111
0.167,0.561,0.0437,0.0972,0,0,0,0,0.228,21.111111111,21.111111111
0.306,0.558,0.0741,0.135,0,0,0,0.7,0.0836,21.111111111,21.111111111
0.333,0.559,0.084,0.143,0,0,0,0,0.209,21.111111111,21.111111111
0.556,0.571,0.148,0.204,0.556,0.667,0,0,0.125,21.111111111,21.111111111
0.667,0.597,0.213,0.236,0.199,0.117,0.883,0.467,0.0836,17.777777778,21.111111111
0.667,0.62,0.265,0.242,0,0,0.0333,0,0.125,17.777777778,26.111111111
0.722,0.63,0.395,0.278,0,0,0,0,0.0418,17.777777778,26.111111111
1,0.64,0.72,0.423,0,0,0,0,0.209,17.777777778,26.111111111
0.944,0.61,0.804,0.497,0,0,0,0,0,17.777777778,26.111111111
0.972,0.559,0.736,0.612,0,0,0,0.917,0.0966,17.777777778,26.111111111
1,0.531,0.304,0.347,0,0,0,0.25,0.191,17.777777778,26.111111111
1,0.54,0.064,0.1,0,0,0,0,0,17.777777778,26.111111111
1,0.532,0.0376,0.073,0,0,0,0,0,17.777777778,26.111111111
1,0.562,0.0173,0.0512,0,0,0,0,0,21.111111111,26.111111111
1,0.565,0.0166,0.0505,0,0,0,0,0,21.111111111,21.111111111
1,0.56,0.0171,0.0506,0,0,0,0,0.0836,21.111111111,21.111111111
1,0.532,0.0206,0.0555,0,0,0,0,0.0418,21.111111111,26.111111111
1,0.512,0.0338,0.116,0,0,0,0,0.167,21.111111111,26.111111111
1,0.519,0.054,0.234,0,0,0,0,0.188,21.111111111,26.111111111
0.861,0.547,0.0588,0.232,0,0,0,0,0.342,21.111111111,26.111111111
0.667,0.556,0.0574,0.18,0,0,0,0,0.639,21.111111111,26.111111111
0.667,0.549,0.0985,0.262,0,0,0,0.233,0.131,21.111111111,26.111111111
0.444,0.555,0.0782,0.186,0,0,0,0,0.219,21.111111111,26.111111111
0.333,0.557,0.0682,0.147,0,0,0,0,0,21.111111111,26.111111111
0.333,0.557,0.0721,0.144,0,0,0,0,0.251,21.111111111,21.111111111
0.333,0.557,0.0793,0.143,0,0,0,0,0.418,21.111111111,21.111111111
0.333,0.559,0.084,0.143,0,0,0,0,0.209,21.111111111,21.111111111
0.333,0.568,0.0945,0.143,0,0,0,0,0,21.111111111,21.111111111
0.333,0.581,0.115,0.143,0,0,0,0.167,0.0418,17.777777778,21.111111111
0.333,0.592,0.141,0.146,0,0,0,0.3,0.167,17.777777778,26.111111111
0.333,0.591,0.15,0.135,0,0,0,0,0,17.777777778,26.111111111
0.639,0.585,0.186,0.139,0,0,0,0,0,17.777777778,26.111111111
0.806,0.57,0.131,0.122,0,0,0,0,0,17.777777778,26.111111111
1,0.563,0.264,0.243,0,0,0,0,0,17.777777778,26.111111111
1,0.547,0.159,0.198,0,0,0,0,0,17.777777778,26.111111111
1,0.551,0.0492,0.0845,0,0,0,0,0,17.777777778,26.111111111
1,0.565,0.0166,0.0505,0,0,0,0,0,17.777777778,26.111111111
1,0.565,0.0166,0.0505,0,0,0,0,0,21.111111111,26.111111111
1,0.565,0.0166,0.0505,0,0,0,0,0,21.111111111,21.111111111
0.944,0.565,0.0166,0.0505,0,0,0,0,0,21.111111111,21.111111111
0.667,0.543,0.0196,0.0553,0,0,0,0.667,0.292,21.111111111,26.111111111
0.667,0.533,0.0266,0.0878,0,0,0,0.0333,0.46,21.111111111,26.111111111
0.611,0.523,0.0482,0.207,0,0,0,0,0.357,21.111111111,26.111111111
0.472,0.549,0.0556,0.212,0,0,0,0,0.514,21.111111111,26.111111111
0.444,0.555,0.0617,0.2,0.0139,0.667,0,0,0,21.111111111,26.111111111
0.333,0.557,0.0576,0.156,0,0.117,0.683,0,0,21.111111111,26.111111111
0.556,0.552,0.0943,0.22,0,0,0,0,0.198,21.111111111,26.111111111
0.611,0.551,0.111,0.228,0,0,0,0,0.516,21.111111111,26.111111111
0.0278,0.565,0.0211,0.0583,0,0,0,0,0,21.111111111,21.111111111
0.222,0.561,0.0476,0.0966,0,0,0,0,0.0418,21.111111111,21.111111111
0.278,0.561,0.0496,0.0965,0,0,0,0,0.292,21.111111111,21.111111111
0.222,0.568,0.0696,0.112,0,0,0,0.167,0.0836,21.111111111,21.111111111
0.639,0.596,0.205,0.228,0.204,0.25,0.45,0.533,0.334,17.777777778,21.111111111
0.667,0.62,0.265,0.242,0,0,0,0,0.167,17.777777778,26.111111111
0.806,0.637,0.435,0.303,0,0,0,0,0,17.777777778,26.111111111
1,0.627,0.608,0.364,0,0,0,0.167,0,17.777777778,26.111111111
1,0.601,0.664,0.421,0,0,0,0.767,0.0784,17.777777778,26.111111111
1,0.564,0.484,0.409,0,0,0,0,0.125,17.777777778,26.111111111
1,0.547,0.159,0.198,0,0,0,0,0,17.777777778,26.111111111
1,0.55,0.0446,0.0774,0,0,0,0,0,17.777777778,26.111111111
1,0.554,0.0284,0.059,0,0,0,0,0,17.777777778,26.111111111
1,0.565,0.0189,0.0505,0,0,0,0,0,21.111111111,26.111111111
1,0.565,0.0189,0.0505,0,0,0,0,0,21.111111111,21.111111111
1,0.565,0.0189,0.0505,0,0,0,0,0,21.111111111,21.111111111
1,0.56,0.0197,0.0551,0,0,0,0,0.0418,21.111111111,21.111111111
0.694,0.562,0.0193,0.0528,0,0,0,0,0,21.111111111,21.111111111
0.667,0.565,0.0189,0.0505,0,0,0,0,0,21.111111111,21.111111111
0.611,0.564,0.0272,0.0693,0,0,0,0,0,21.111111111,21.111111111
0.333,0.557,0.0714,0.162,0,0,0,0,0.251,21.111111111,21.111111111
0.333,0.557,0.0889,0.156,0,0,0,0,0.0418,21.111111111,21.111111111
0.333,0.557,0.102,0.152,0,0,0,0,0.334,21.111111111,21.111111111
0.639,0.55,0.194,0.235,0,0,0,0.167,0.0418,21.111111111,21.111111111
0.667,0.549,0.22,0.237,0,0,0,0.3,0.125,21.111111111,21.111111111
0.528,0.553,0.206,0.196,0,0,0,0,0.167,21.111111111,21.111111111
0.556,0.555,0.246,0.204,0,0,0,0,0.0418,21.111111111,21.111111111
0.778,0.568,0.254,0.196,0,0,0,0,0.167,21.111111111,21.111111111
0.333,0.581,0.175,0.143,0,0,0,0,0.0836,17.777777778,21.111111111
0.333,0.592,0.185,0.146,0,0,0,0,0.125,17.777777778,26.111111111
0.333,0.595,0.22,0.154,0,0,0,0,0,17.777777778,26.111111111
0.556,0.606,0.456,0.259,0,0,0,0,0,17.777777778,26.111111111
0.722,0.595,0.608,0.371,0,0,0,0,0.251,17.777777778,26.111111111
1,0.566,0.477,0.381,0,0,0,0,0.124,17.777777778,26.111111111
1,0.565,0.0189,0.0505,0,0,0,0,0,17.777777778,26.111111111
1,0.551,0.0563,0.0845,0,0,0,0,0,17.777777778,26.111111111
1,0.565,0.0189,0.0505,0,0,0,0,0,17.777777778,26.111111111
1,0.565,0.0189,0.0505,0,0,0,0,0,21.111111111,26.111111111
1,0.565,0.0189,0.0505,0,0,0,0,0,21.111111111,21.111111111
1,0.565,0.0189,0.0505,0,0,0,0,0,21.111111111,21.111111111
1,0.565,0.0189,0.0505,0,0,0,0,0,21.111111111,21.111111111
1,0.565,0.0189,0.0505,0,0,0,0,0,21.111111111,21.111111111
1,0.563,0.0235,0.0696,0,0,0,0,0,21.111111111,21.111111111
1,0.552,0.0583,0.184,0,0,0,0,0.0836,21.111111111,21.111111111
1,0.544,0.16,0.348,0,0,0,0.167,0.13,21.111111111,21.111111111
1,0.541,0.229,0.368,0,0,0,0.767,0.203,21.111111111,21.111111111
1,0.541,0.268,0.356,0,0,0,0,0.287,21.111111111,21.111111111
0.778,0.547,0.232,0.276,0,0,0,0,0.417,21.111111111,21.111111111
0.667,0.549,0.22,0.237,0,0,0,0,0.172,21.111111111,21.111111111
0.444,0.555,0.177,0.173,0,0,0,0,0.125,21.111111111,21.111111111
0.333,0.559,0.155,0.143,0,0,0,0,0.376,21.111111111,21.111111111
0.333,0.568,0.168,0.143,0,0,0,0,0.209,21.111111111,21.111111111
0.639,0.596,0.319,0.228,0,0,0,0,0.501,17.777777778,21.111111111
0.667,0.62,0.351,0.242,0,0,0,0,0.0418,17.777777778,26.111111111
0.667,0.625,0.422,0.258,0,0,0,0,0.0418,17.777777778,26.111111111
0.667,0.615,0.54,0.299,0,0,0,0,0.0418,17.777777778,26.111111111
0.972,0.609,0.878,0.518,0,0,0,0,0.383,17.777777778,26.111111111
1,0.561,0.764,0.601,0,0,0,0,0.314,17.777777778,26.111111111
1,0.533,0.317,0.334,0,0,0,0,0,17.777777778,26.111111111
1,0.55,0.0462,0.0774,0,0,0,0,0,17.777777778,26.111111111
1,0.537,0.0362,0.0716,0,0,0,0,0,17.777777778,26.111111111
1,0.565,0.0166,0.0505,0,0,0,0,0,21.111111111,26.111111111
1,0.565,0.0166,0.0505,0,0,0,0,0,21.111111111,21.111111111
1,0.565,0.0166,0.0505,0,0,0,0,0,21.111111111,21.111111111
1,0.565,0.0166,0.0505,0,0,0,0,0,21.111111111,26.111111111
1,0.561,0.0195,0.065,0,0,0,0,0.196,21.111111111,26.111111111
0.944,0.542,0.0353,0.142,0,0,0,0,0.355,21.111111111,26.111111111
0.667,0.543,0.0686,0.269,0,0,0,0,0.463,21.111111111,26.111111111
0.444,0.555,0.0617,0.2,0,0,0,0,0.2,21.111111111,26.111111111
0.333,0.557,0.0576,0.156,0,0,0,0,0.0418,21.111111111,26.111111111
0.333,0.557,0.0631,0.152,0.611,0.783,0.133,0,0.0418,21.111111111,26.111111111
0.333,0.557,0.0682,0.147,0.393,0,0.317,0,0,21.111111111,26.111111111
0.333,0.557,0.0721,0.144,0.447,0,0,0,0.209,21.111111111,21.111111111
0.333,0.557,0.0793,0.143,0.464,0,0,0,0.0836,21.111111111,21.111111111
0.333,0.559,0.084,0.143,0,0,0,0.417,0.125,21.111111111,21.111111111
0.389,0.57,0.11,0.158,0,0,0,0.283,0.0418,21.111111111,21.111111111
0.667,0.597,0.213,0.236,0,0,0,0,0.125,17.777777778,21.111111111
0.778,0.628,0.297,0.272,0,0,0,0,0.299,17.777777778,26.111111111
0.5,0.611,0.267,0.205,0,0,0,0,0.507,17.777777778,26.111111111
0.639,0.613,0.467,0.289,0,0,0,0,0.125,17.777777778,26.111111111
0.722,0.595,0.615,0.404,0,0,0,0,0,17.777777778,26.111111111
1,0.561,0.731,0.601,0,0,0,0,0.0703,17.777777778,26.111111111
1,0.538,0.28,0.322,0,0,0,0,0,17.777777778,26.111111111
1,0.565,0.0166,0.0505,0,0,0,0,0,17.777777778,26.111111111
1,0.565,0.0166,0.0505,0,0,0,0,0,17.777777778,26.111111111
1,0.565,0.0166,0.0505,0,0,0,0,0,21.111111111,26.111111111
1,0.565,0.0166,0.0505,0,0,0,0,0,21.111111111,21.111111111
1,0.565,0.0166,0.0505,0,0,0,0,0,21.111111111,21.111111111
1,0.565,0.0166,0.0505,0,0,0,0,0,21.111111111,26.111111111
1,0.544,0.0238,0.0787,0,0,0,0,0.0804,21.111111111,26.111111111
1,0.54,0.0396,0.161,0,0,0,0,0.376,21.111111111,26.111111111
0.639,0.554,0.0403,0.156,0,0,0,0,0.0418,21.111111111,26.111111111
0.333,0.565,0.0166,0.0505,0,0,0,0,0,21.111111111,26.111111111
0.333,0.564,0.0242,0.0676,0,0,0,0,0.169,21.111111111,26.111111111
0.333,0.557,0.0631,0.152,0,0,0,0,0.236,21.111111111,26.111111111
0.333,0.557,0.0682,0.147,0,0,0,0,0.296,21.111111111,26.111111111
0.333,0.557,0.0721,0.144,0,0,0,0,0,21.111111111,21.111111111
0.333,0.557,0.0793,0.143,0,0,0,0,0.0418,21.111111111,21.111111111
0.333,0.559,0.084,0.143,0,0,0,0.167,0.0836,21.111111111,21.111111111
0.556,0.571,0.148,0.204,0,0,0,1,0.501,21.111111111,21.111111111
0.75,0.6,0.236,0.259,0,0,0,0.933,0.0836,17.777777778,21.111111111
0.417,0.6,0.177,0.171,0,0,0,0,0.209,17.777777778,26.111111111
0.889,0.645,0.475,0.329,0,0,0,0,0.125,17.777777778,26.111111111
1,0.64,0.72,0.423,0,0,0,0,0.251,17.777777778,26.111111111
1,0.61,0.848,0.531,0,0,0,0,0.0836,17.777777778,26.111111111
1,0.566,0.48,0.398,0,0,0,0,0,17.777777778,26.111111111
1,0.565,0.0166,0.0505,0,0,0,0,0,17.777777778,26.111111111
1,0.552,0.0368,0.0717,0,0,0,0,0.0716,17.777777778,26.111111111
1,0.532,0.0376,0.073,0,0,0,0,0.0418,17.777777778,26.111111111
1,0.562,0.0173,0.0512,0,0,0,0,0,21.111111111,26.111111111
1,0.557,0.017,0.0505,0,0,0,0.417,0,21.111111111,21.111111111
1,0.554,0.0176,0.0507,0,0,0,0.517,0.123,21.111111111,21.111111111
0.778,0.52,0.0217,0.0556,0,0,0,0,0.251,21.111111111,26.111111111
0.667,0.529,0.0295,0.102,0,0,0,0,0.154,21.111111111,26.111111111
0.667,0.519,0.054,0.234,0,0,0,0,0.331,21.111111111,26.111111111
0.583,0.545,0.0643,0.25,0,0,0,0,0.313,21.111111111,26.111111111
0.306,0.558,0.0468,0.154,0,0,0,0,0,21.111111111,26.111111111
0,0.565,0.0166,0.0505,0,0,0,0,0,21.111111111,26.111111111
0,0.565,0.0166,0.0505,0,0,0,0,0,21.111111111,26.111111111
0,0.565,0.0166,0.0505,0,0,0,0,0,21.111111111,26.111111111
0,0.565,0.0166,0.0505,0,0,0,0,0,21.111111111,21.111111111
0.222,0.56,0.0586,0.112,0,0,0,0,0.194,21.111111111,21.111111111
0.333,0.559,0.084,0.143,0,0,0,0,0.246,21.111111111,21.111111111
0.333,0.568,0.0945,0.143,0,0,0,0,0.251,21.111111111,21.111111111
0.333,0.581,0.115,0.143,0,0,0,0,0.0836,17.777777778,21.111111111
0.333,0.592,0.141,0.146,0,0,0,0,0,17.777777778,26.111111111
0.389,0.6,0.225,0.174,0,0,0,0,0.209,17.777777778,26.111111111
0.889,0.628,0.599,0.358,0,0,0,0.917,0,17.777777778,26.111111111
1,0.595,0.571,0.371,0,0,0,0.25,0.0628,17.777777778,26.111111111
1,0.564,0.484,0.409,0,0,0,0,0.105,17.777777778,26.111111111
1,0.551,0.148,0.186,0,0,0,0,0.171,17.777777778,26.111111111
1,0.551,0.0492,0.0845,0,0,0,0,0.273,17.777777778,26.111111111
1,0.565,0.0166,0.0505,0,0,0,0,0,17.777777778,26.111111111
1,0.565,0.0166,0.0505,0,0,0,0,0,21.111111111,26.111111111
1,0.565,0.0166,0.0505,0,0,0,0,0,21.111111111,21.111111111
1,0.565,0.0166,0.0505,0,0,0,0,0,21.111111111,21.111111111
1,0.565,0.0166,0.0505,0,0,0,0,0,21.111111111,26.111111111
0.944,0.565,0.0166,0.0505,0,0,0,0,0,21.111111111,26.111111111
0.667,0.544,0.0338,0.135,0,0,0,0,0.272,21.111111111,26.111111111
0.528,0.558,0.0317,0.117,0,0,0,0.667,0.222,21.111111111,26.111111111
0.333,0.564,0.0232,0.0683,0,0,0,0.5,0.232,21.111111111,26.111111111
0.278,0.559,0.05,0.139,0,0,0,0,0.0715,21.111111111,26.111111111
0,0.565,0.0166,0.0505,0,0,0,0,0,21.111111111,26.111111111
0,0.565,0.0166,0.0505,0,0,0,0,0,21.111111111,26.111111111
0,0.565,0.0166,0.0505,0,0,0,0,0,21.111111111,21.111111111
0,0.565,0.0166,0.0505,0,0,0,0,0,21.111111111,21.111111111
0,0.565,0.0166,0.0505,0,0,0,0,0,21.111111111,21.111111111
0.278,0.57,0.0853,0.127,0,0,0,0.467,0.232,21.111111111,21.111111111
0.611,0.592,0.193,0.22,0,0,0,0,0.501,17.777777778,21.111111111
0.639,0.617,0.255,0.234,0,0,0,0,0.292,17.777777778,26.111111111
0.667,0.625,0.358,0.258,0,0,0,0,0.423,17.777777778,26.111111111
0.722,0.618,0.532,0.324,0,0,0,0,0.984,17.777777778,26.111111111
1,0.61,0.848,0.531,0,0,0,0,0.257,17.777777778,26.111111111
1,0.561,0.665,0.552,0,0,0,0,0.0836,17.777777778,26.111111111
1,0.545,0.172,0.211,0,0,0,0,0.423,17.777777778,26.111111111
1,0.535,0.0748,0.111,0,0,0,0,0,17.777777778,26.111111111
1,0.562,0.0185,0.0526,0,0,0,0,0,17.777777778,26.111111111
1,0.565,0.0166,0.0505,0,0,0,0,0,21.111111111,26.111111111
1,0.565,0.0166,0.0505,0,0,0,0,0,21.111111111,21.111111111
1,0.565,0.0166,0.0505,0,0,0,0,0,21.111111111,21.111111111
1,0.565,0.0166,0.0505,0,0,0,0,0,21.111111111,26.111111111
1,0.561,0.0195,0.065,0,0,0,0,0.211,21.111111111,26.111111111
1,0.526,0.0526,0.224,0,0,0,0,0.433,21.111111111,26.111111111
0.944,0.532,0.0924,0.374,0,0,0,0,0.3,21.111111111,26.111111111
0.667,0.549,0.0849,0.274,0,0,0,0,0.0836,21.111111111,26.111111111
0.667,0.549,0.0985,0.262,0,0,0,0,0.125,21.111111111,26.111111111
0.667,0.549,0.11,0.254,0,0,0,0,0.334,21.111111111,26.111111111
0.667,0.549,0.12,0.244,0,0,0,0,0.16,21.111111111,26.111111111
0.667,0.549,0.128,0.237,0,0,0,0,0.0978,21.111111111,21.111111111
0.667,0.549,0.142,0.235,0,0,0,0,0.463,21.111111111,21.111111111
0.444,0.556,0.106,0.173,0,0,0,0,0.26,21.111111111,21.111111111
0.417,0.568,0.113,0.166,0,0,0,0,0.0418,21.111111111,21.111111111
0.333,0.581,0.115,0.143,0,0,0,0,0.111,17.777777778,21.111111111
0.556,0.611,0.226,0.21,0,0,0,0,0.193,17.777777778,26.111111111
0.917,0.648,0.477,0.334,0,0,0,0.917,0.0751,17.777777778,26.111111111
0.611,0.612,0.439,0.273,0,0,0,0.25,0.0836,17.777777778,26.111111111
0.694,0.594,0.592,0.391,0,0,0,0,0.13,17.777777778,26.111111111
1,0.559,0.758,0.628,0,0,0,0,0,17.777777778,26.111111111
1,0.527,0.343,0.388,0,0,0,0,0,17.777777778,26.111111111
1,0.548,0.0609,0.0902,0,0,0,0,0,17.777777778,26.111111111
1,0.565,0.0189,0.0505,0,0,0,0,0,17.777777778,26.111111111
1,0.565,0.0189,0.0505,0,0,0,0,0,21.111111111,26.111111111
1,0.565,0.0189,0.0505,0,0,0,0,0,21.111111111,21.111111111
1,0.565,0.0189,0.0505,0,0,0,0,0,21.111111111,21.111111111
1,0.565,0.0189,0.0505,0,0,0,0,0,21.111111111,21.111111111
1,0.565,0.0189,0.0505,0,0,0,0,0,21.111111111,21.111111111
0.889,0.565,0.0189,0.0505,0,0,0,0,0,21.111111111,21.111111111
0.333,0.564,0.0272,0.0693,0,0,0,0.167,0.0418,21.111111111,21.111111111
0.472,0.554,0.0951,0.208,0,0,0,1,0.189,21.111111111,21.111111111
0.528,0.553,0.128,0.218,0,0,0,0,0.251,21.111111111,21.111111111
0.333,0.557,0.102,0.152,0,0,0,0,0.0418,21.111111111,21.111111111
0.333,0.557,0.11,0.147,0.258,0.667,0,0,0.209,21.111111111,21.111111111
0.333,0.557,0.12,0.144,0.587,0.117,0.217,0,0.0836,21.111111111,21.111111111
0.444,0.555,0.183,0.173,0.28,0,0,0,0.297,21.111111111,21.111111111
0.944,0.55,0.335,0.265,0.504,0,0,0.667,0.0418,21.111111111,21.111111111
0.722,0.571,0.243,0.189,0.716,0,0,0.0333,0,21.111111111,21.111111111
1,0.597,0.332,0.236,0.258,0,0,0,0.0836,17.777777778,21.111111111
1,0.62,0.351,0.242,0,0,0,0,0.0418,17.777777778,26.111111111
1,0.645,0.559,0.329,0.495,0.667,0,0,0.167,17.777777778,26.111111111
1,0.64,0.801,0.423,0.853,0.117,0.217,0,0.0418,17.777777778,26.111111111
1,0.61,0.903,0.531,0.312,0,0,0,0.169,17.777777778,26.111111111
1,0.561,0.626,0.502,0,0,0,0,0.233,17.777777778,26.111111111
1,0.533,0.317,0.334,0,0,0,0,0.0418,17.777777778,26.111111111
1,0.555,0.0438,0.0732,0,0,0,0,0,17.777777778,26.111111111
1,0.565,0.0189,0.0505,0,0,0,0,0,17.777777778,26.111111111
1,0.565,0.0189,0.0505,0,0,0,0,0,21.111111111,26.111111111
1,0.565,0.0189,0.0505,0,0,0,0,0,21.111111111,21.111111111
1,0.56,0.0193,0.0506,0,0,0,0,0,21.111111111,21.111111111
1,0.532,0.0217,0.0555,0,0,0,0,0.0836,21.111111111,21.111111111
0.778,0.533,0.0249,0.0878,0,0,0,0,0.125,21.111111111,21.111111111
0.722,0.54,0.0386,0.161,0,0,0,0.167,0,21.111111111,21.111111111
1,0.541,0.0895,0.298,0,0,0,1,0.0418,21.111111111,21.111111111
0.944,0.543,0.165,0.368,0,0,0,0.233,0,21.111111111,21.111111111
0.667,0.549,0.159,0.262,0,0,0,0,0.0879,21.111111111,21.111111111
0.444,0.555,0.129,0.186,0,0,0,0,0.219,21.111111111,21.111111111
0.111,0.563,0.0491,0.0829,0,0,0,0,0.0418,21.111111111,21.111111111
0,0.565,0.0189,0.0505,0,0,0,0,0,21.111111111,21.111111111
0.139,0.562,0.0703,0.0889,0,0,0,0,0.0418,21.111111111,21.111111111
0.333,0.559,0.155,0.143,0,0,0,0,0.209,21.111111111,21.111111111
0.556,0.571,0.268,0.204,0,0,0,0,0.167,21.111111111,21.111111111
0.667,0.597,0.332,0.236,0,0,0,0,0.0418,17.777777778,21.111111111
0.667,0.62,0.351,0.242,0,0,0,0.917,0.167,17.777777778,26.111111111
0.722,0.63,0.464,0.278,0,0,0,0.25,0.125,17.777777778,26.111111111
1,0.64,0.801,0.423,0,0,0,0,0.252,17.777777778,26.111111111
1,0.61,0.811,0.464,0,0,0,0,0.168,17.777777778,26.111111111
1,0.563,0.277,0.243,0,0,0,0,0.0418,17.777777778,26.111111111
1,0.564,0.0332,0.0641,0,0,0,0,0,17.777777778,26.111111111
1,0.551,0.05,0.0845,0,0,0,0,0,17.777777778,26.111111111
1,0.565,0.0166,0.0505,0,0,0,0,0,17.777777778,26.111111111
1,0.565,0.0166,0.0505,0,0,0,0,0,21.111111111,26.111111111
1,0.565,0.0166,0.0505,0,0,0,0,0,21.111111111,21.111111111
1,0.565,0.0166,0.0505,0,0,0,0,0,21.111111111,21.111111111
1,0.565,0.0166,0.0505,0,0,0,0,0,21.111111111,26.111111111
1,0.561,0.0195,0.065,0,0,0,0,0.131,21.111111111,26.111111111
1,0.54,0.0396,0.161,0,0,0,0,0.166,21.111111111,26.111111111
0.694,0.553,0.0458,0.174,0,0,0,0,0.175,21.111111111,26.111111111
0.611,0.559,0.0441,0.144,0,0,0,0,0.155,21.111111111,26.111111111
0.333,0.564,0.0242,0.0676,0,0,0,0.167,0,21.111111111,26.111111111
0.333,0.557,0.0631,0.152,0,0,0,1,0.0418,21.111111111,26.111111111
0.333,0.557,0.0682,0.147,0,0,0,0.233,0.0418,21.111111111,26.111111111
0.333,0.557,0.0721,0.144,0,0,0,0,0.125,21.111111111,21.111111111
0.556,0.552,0.121,0.204,0.275,0.417,0,0,0.125,21.111111111,21.111111111
0.667,0.552,0.151,0.235,0.45,0.367,0.633,0,0.167,21.111111111,21.111111111
0.667,0.571,0.172,0.235,0.17,0,0.283,0,0.0836,21.111111111,21.111111111
0.667,0.597,0.213,0.236,0,0,0,0,0.0418,17.777777778,21.111111111
0.667,0.62,0.265,0.242,0,0,0,0.917,0.0836,17.777777778,26.111111111
0.972,0.653,0.515,0.354,0,0,0,0.0167,0.0418,17.777777778,26.111111111
1,0.64,0.72,0.423,0,0,0,0,0.167,17.777777778,26.111111111
1,0.61,0.804,0.497,0,0,0,0,0.129,17.777777778,26.111111111
1,0.563,0.352,0.309,0,0,0,0,0,17.777777778,26.111111111
1,0.547,0.159,0.198,0,0,0,0,0,17.777777778,26.111111111
1,0.55,0.0422,0.0774,0,0,0,0,0,17.777777778,26.111111111
1,0.554,0.0244,0.059,0,0,0,0,0,17.777777778,26.111111111
1,0.565,0.0166,0.0505,0,0,0,0,0,21.111111111,26.111111111
1,0.565,0.0166,0.0505,0,0,0,0,0,21.111111111,21.111111111
1,0.565,0.0166,0.0505,0,0,0,0,0,21.111111111,21.111111111
1,0.565,0.0166,0.0505,0,0,0,0,0,21.111111111,26.111111111
1,0.557,0.0223,0.0795,0,0,0,0,0.0418,21.111111111,26.111111111
0.944,0.507,0.0626,0.277,0,0,0,0,0.318,21.111111111,26.111111111
0.667,0.542,0.0708,0.279,0,0,0,0,0.316,21.111111111,26.111111111
0.667,0.549,0.0849,0.274,0,0,0,0,0.32,21.111111111,26.111111111
0.667,0.549,0.0985,0.262,0,0,0,0.917,0.143,21.111111111,26.111111111
0.444,0.555,0.0782,0.186,0,0,0,0.0167,0.251,21.111111111,26.111111111
0.333,0.557,0.0682,0.147,0.552,0.667,0,0,0.145,21.111111111,26.111111111
0.333,0.557,0.0721,0.144,0.459,0.117,0.45,0,0.0418,21.111111111,21.111111111
0.333,0.557,0.0793,0.143,0.536,0,0,0,0.0418,21.111111111,21.111111111
0.333,0.559,0.084,0.143,0.396,0,0,0,0.209,21.111111111,21.111111111
0.333,0.568,0.0945,0.143,0.139,0,0,0,0.209,21.111111111,21.111111111
0.333,0.581,0.115,0.143,0,0,0,0,0.167,17.777777778,21.111111111
0.472,0.604,0.197,0.186,0,0,0,0.167,0.637,17.777777778,26.111111111
0.5,0.61,0.278,0.208,0,0,0,0.533,0.172,17.777777778,26.111111111
0.667,0.615,0.486,0.299,0,0,0,0,0,17.777777778,26.111111111
0.667,0.595,0.571,0.371,0,0,0,0,0,17.777777778,26.111111111
0.667,0.564,0.484,0.409,0,0,0,0,0,17.777777778,26.111111111
0.972,0.556,0.109,0.146,0,0,0,0,0,17.777777778,26.111111111
1,0.551,0.0492,0.0845,0,0,0,0,0.155,17.777777778,26.111111111
1,0.565,0.0166,0.0505,0,0,0,0,0,17.777777778,26.111111111
1,0.565,0.0166,0.0505,0,0,0,0,0,21.111111111,26.111111111
1,0.565,0.0166,0.0505,0,0,0,0,0,21.111111111,21.111111111
1,0.56,0.0171,0.0506,0,0,0,0,0.0836,21.111111111,21.111111111
1,0.532,0.0206,0.0555,0,0,0,0,0.292,21.111111111,26.111111111
1,0.533,0.0266,0.0878,0,0,0,0.7,0.125,21.111111111,26.111111111
1,0.54,0.0396,0.161,0,0,0,0,0.215,21.111111111,26.111111111
0.778,0.548,0.0578,0.222,0,0,0,0.167,0.211,21.111111111,26.111111111
0.667,0.549,0.0849,0.274,0,0,0,0.533,0.293,21.111111111,26.111111111
0.667,0.549,0.0985,0.262,0,0,0,0,0.284,21.111111111,26.111111111
0.667,0.549,0.11,0.254,0,0,0,0,0.451,21.111111111,26.111111111
0.667,0.549,0.12,0.244,0,0,0,0,0.199,21.111111111,26.111111111
0.667,0.549,0.128,0.237,0,0,0,0,0.124,21.111111111,21.111111111
0.444,0.555,0.1,0.173,0,0,0,0,0.552,21.111111111,21.111111111
0.333,0.559,0.084,0.143,0,0,0,0,0.424,21.111111111,21.111111111
0.333,0.568,0.0945,0.143,0,0,0,0,0.189,21.111111111,21.111111111
0.639,0.596,0.205,0.228,0,0,0,0,0.251,17.777777778,21.111111111
0.667,0.62,0.265,0.242,0,0,0,0,0,17.777777778,26.111111111
0.917,0.648,0.477,0.334,0,0,0,0,0.0418,17.777777778,26.111111111
0.722,0.618,0.532,0.324,0,0,0,0,0.32,17.777777778,26.111111111
1,0.61,0.804,0.497,0,0,0,0,0.0921,17.777777778,26.111111111
1,0.561,0.511,0.436,0,0,0,0,0.321,17.777777778,26.111111111
1,0.533,0.291,0.334,0,0,0,0,0.22,17.777777778,26.111111111
1,0.541,0.0709,0.107,0,0,0,0,0,17.777777778,26.111111111
1,0.565,0.0166,0.0505,0,0,0,0,0,17.777777778,26.111111111
1,0.565,0.0166,0.0505,0,0,0,0,0,21.111111111,26.111111111
1,0.565,0.0166,0.0505,0,0,0,0,0,21.111111111,21.111111111
1,0.56,0.0171,0.0506,0,0,0,0,0,21.111111111,21.111111111
0.694,0.562,0.0168,0.0506,0,0,0,0,0,21.111111111,26.111111111
0.667,0.565,0.0166,0.0505,0,0,0,0,0,21.111111111,26.111111111
0.667,0.551,0.0295,0.113,0,0,0,0,0.16,21.111111111,26.111111111
0.667,0.552,0.0492,0.184,0,0,0,0,0.471,21.111111111,26.111111111
0.528,0.553,0.07,0.228,0,0,0,0,0.297,21.111111111,26.111111111
0.333,0.557,0.0576,0.156,0,0,0,0,0.168,21.111111111,26.111111111
0.333,0.557,0.0631,0.152,0,0,0,0,0.146,21.111111111,26.111111111
0.583,0.551,0.106,0.22,0,0,0,0,0,21.111111111,26.111111111
0.639,0.55,0.123,0.229,0,0,0,0.667,0.323,21.111111111,21.111111111
0.667,0.549,0.142,0.235,0,0,0,0.7,0.219,21.111111111,21.111111111
0.806,0.55,0.18,0.273,0,0,0,0.733,0.209,21.111111111,21.111111111
1,0.574,0.25,0.327,0,0,0,0,0.209,21.111111111,21.111111111
1,0.598,0.221,0.244,0,0,0,0,0.334,17.777777778,21.111111111
1,0.644,0.379,0.329,0,0,0,0,0.0418,17.777777778,26.111111111
0.778,0.636,0.411,0.292,0,0,0,0,0,17.777777778,26.111111111
0.889,0.631,0.645,0.383,0,0,0,0.667,0.202,17.777777778,26.111111111
1,0.61,0.848,0.531,0.312,0.667,0,0.45,0.0418,17.777777778,26.111111111
1,0.561,0.665,0.552,0.25,0.9,0.1,0.283,0.548,17.777777778,26.111111111
1,0.537,0.251,0.293,0,0,0.117,0,0.225,17.777777778,26.111111111
1,0.55,0.0422,0.0774,0,0,0,0,0,17.777777778,26.111111111
1,0.532,0.0376,0.073,0,0,0,0,0,17.777777778,26.111111111
1,0.532,0.024,0.0576,0,0,0,0,0,21.111111111,26.111111111
1,0.537,0.0179,0.0505,0,0,0,0,0.125,21.111111111,21.111111111
1,0.565,0.0166,0.0505,0,0,0,0,0,21.111111111,21.111111111
1,0.56,0.018,0.0551,0,0,0,0,0.14,21.111111111,26.111111111
1,0.533,0.0266,0.0878,0,0,0,0,0.162,21.111111111,26.111111111
1,0.542,0.0353,0.142,0,0,0,0,0.482,21.111111111,26.111111111
0.944,0.554,0.0437,0.165,0,0,0,0,0,21.111111111,26.111111111
0.667,0.557,0.0507,0.162,0,0,0,0.233,0.292,21.111111111,26.111111111
0.667,0.557,0.0576,0.156,0,0,0,0,0.0418,21.111111111,26.111111111
0.667,0.557,0.0631,0.152,0,0,0,0,0,21.111111111,26.111111111
0.667,0.557,0.0682,0.147,0,0,0,0,0.185,21.111111111,26.111111111
0.667,0.557,0.0721,0.144,0,0,0,0,0,21.111111111,21.111111111
0.667,0.557,0.0793,0.143,0,0,0,0,0.0418,21.111111111,21.111111111
0.667,0.559,0.084,0.143,0,0,0,0,0.242,21.111111111,21.111111111
0.667,0.57,0.11,0.158,0,0,0,0,0.428,21.111111111,21.111111111
0.667,0.597,0.213,0.236,0,0,0,0,0.416,17.777777778,21.111111111
0.444,0.601,0.18,0.178,0,0,0,0,0,17.777777778,26.111111111
0.444,0.604,0.262,0.194,0,0,0,0.167,0.251,17.777777778,26.111111111
1,0.64,0.72,0.423,0,0,0,1,0.0418,17.777777778,26.111111111
1,0.61,0.848,0.531,0,0,0,0.467,0.107,17.777777778,26.111111111
1,0.561,0.731,0.601,0,0,0,0,0.101,17.777777778,26.111111111
1,0.554,0.122,0.159,0,0,0,0,0,17.777777778,26.111111111
1,0.555,0.043,0.0732,0,0,0,0,0,17.777777778,26.111111111
1,0.565,0.0189,0.0505,0,0,0,0,0,17.777777778,26.111111111
1,0.565,0.0189,0.0505,0,0,0,0,0,21.111111111,26.111111111
1,0.565,0.0189,0.0505,0,0,0,0,0,21.111111111,21.111111111
1,0.56,0.0193,0.0506,0,0,0,0,0.124,21.111111111,21.111111111
1,0.532,0.0217,0.0555,0,0,0,0,0.519,21.111111111,21.111111111
1,0.533,0.0249,0.0878,0,0,0,0,0.41,21.111111111,21.111111111
1,0.528,0.0448,0.205,0,0,0,0,0.328,21.111111111,21.111111111
0.694,0.553,0.0524,0.174,0,0,0,0,0.44,21.111111111,21.111111111
0.667,0.556,0.0827,0.18,0,0,0,0,0.167,21.111111111,21.111111111
0.667,0.549,0.159,0.262,0,0,0,0.417,0.125,21.111111111,21.111111111
0.667,0.549,0.185,0.254,0,0,0,0.283,0.167,21.111111111,21.111111111
0.667,0.549,0.202,0.244,0,0,0,0.167,0,21.111111111,21.111111111
0.667,0.549,0.22,0.237,0,0,0,0.533,0.0836,21.111111111,21.111111111
0.611,0.551,0.235,0.219,0,0,0,0,0.0836,21.111111111,21.111111111
0.0278,0.565,0.0301,0.0582,0,0,0,0,0,21.111111111,21.111111111
0.139,0.568,0.0818,0.089,0,0,0,0,0,21.111111111,21.111111111
0.639,0.596,0.319,0.228,0,0,0,0.167,0.209,17.777777778,21.111111111
0.667,0.62,0.351,0.242,0,0,0,1,0.125,17.777777778,26.111111111
0.667,0.625,0.422,0.258,0,0,0,0.933,0,17.777777778,26.111111111
0.806,0.625,0.653,0.354,0,0,0,0,0.292,17.777777778,26.111111111
1,0.61,0.903,0.531,0,0,0,0,0,17.777777778,26.111111111
1,0.559,0.792,0.628,0,0,0,0,0,17.777777778,26.111111111
1,0.527,0.374,0.388,0,0,0,0,0.194,17.777777778,26.111111111
1,0.551,0.0563,0.0845,0,0,0,0,0,17.777777778,26.111111111
1,0.565,0.0189,0.0505,0,0,0,0,0,17.777777778,26.111111111
1,0.565,0.0189,0.0505,0,0,0,0,0,21.111111111,26.111111111
1,0.565,0.0189,0.0505,0,0,0,0,0,21.111111111,21.111111111
1,0.565,0.0189,0.0505,0,0,0,0,0,21.111111111,21.111111111
1,0.565,0.0189,0.0505,0,0,0,0,0,21.111111111,21.111111111
1,0.565,0.0189,0.0505,0,0,0,0,0,21.111111111,21.111111111
1,0.565,0.0189,0.0505,0,0,0,0,0,21.111111111,21.111111111
1,0.564,0.0272,0.0693,0,0,0,0,0.247,21.111111111,21.111111111
1,0.555,0.094,0.198,0,0,0,0.167,0.382,21.111111111,21.111111111
1,0.541,0.229,0.368,0,0,0,0.767,0.302,21.111111111,21.111111111
1,0.541,0.268,0.356,0,0,0,0,0.251,21.111111111,21.111111111
0.944,0.543,0.277,0.325,0.133,0.167,0,0,0.194,21.111111111,21.111111111
0.667,0.549,0.22,0.237,0.805,0.617,0.383,0,0.565,21.111111111,21.111111111
0.667,0.549,0.257,0.235,0.59,0,0.0667,0,0.578,21.111111111,21.111111111
0.972,0.546,0.416,0.319,0.526,0,0,0,0.458,21.111111111,21.111111111
1,0.574,0.466,0.327,0.462,0,0,0,0.278,21.111111111,21.111111111
1,0.612,0.488,0.329,0.213,0,0,0.167,0.167,17.777777778,21.111111111
1,0.647,0.517,0.337,0,0,0,0.3,0,17.777777778,26.111111111
1,0.655,0.623,0.362,0,0,0,0,0.0418,17.777777778,26.111111111
1,0.64,0.801,0.423,0,0,0,0,0.164,17.777777778,26.111111111
1,0.61,0.857,0.497,0,0,0,0.667,0.176,17.777777778,26.111111111
1,0.564,0.506,0.409,0,0,0,0.0333,0.125,17.777777778,26.111111111
1,0.547,0.174,0.198,0,0,0,0,0,17.777777778,26.111111111
1,0.535,0.0788,0.111,0,0,0,0,0,17.777777778,26.111111111
1,0.532,0.0376,0.073,0,0,0,0,0,17.777777778,26.111111111
1,0.532,0.024,0.0576,0,0,0,0,0.0418,21.111111111,26.111111111
1,0.537,0.0179,0.0505,0,0,0,0,0.0418,21.111111111,21.111111111
1,0.565,0.0166,0.0505,0,0,0,0,0,21.111111111,21.111111111
1,0.565,0.0166,0.0505,0,0,0,0,0,21.111111111,26.111111111
1,0.544,0.0238,0.0787,0,0,0,0,0.318,21.111111111,26.111111111
1,0.528,0.0482,0.205,0,0,0,0.417,0.289,21.111111111,26.111111111
1,0.542,0.0708,0.279,0,0,0,0.283,0.325,21.111111111,26.111111111
1,0.548,0.0916,0.292,0,0,0,0,0.3,21.111111111,26.111111111
1,0.541,0.14,0.368,0,0,0,0.667,0.163,21.111111111,26.111111111
0.778,0.547,0.125,0.288,0,0,0,0.0333,0,21.111111111,26.111111111
0.361,0.557,0.0724,0.155,0,0,0,0,0.0418,21.111111111,26.111111111
0.417,0.555,0.0856,0.167,0,0,0,0,0.0418,21.111111111,21.111111111
0.333,0.557,0.0793,0.143,0,0,0,0,0.0836,21.111111111,21.111111111
0.333,0.559,0.084,0.143,0.116,0.667,0,0,0.292,21.111111111,21.111111111
0.333,0.568,0.0945,0.143,0.543,0.117,0.883,0,0.0836,21.111111111,21.111111111
0.389,0.585,0.134,0.159,0.686,0,0.0333,0,0.0418,17.777777778,21.111111111
0.583,0.613,0.236,0.218,0.739,0,0,0,0.0836,17.777777778,26.111111111
0.889,0.645,0.475,0.329,0.496,0,0,0,0.157,17.777777778,26.111111111
1,0.64,0.72,0.423,0.405,0,0,0,0.294,17.777777778,26.111111111
1,0.61,0.848,0.531,0.44,0,0,0,0,17.777777778,26.111111111
1,0.561,0.599,0.502,0.36,0,0,0,0,17.777777778,26.111111111
1,0.545,0.172,0.211,0,0,0,0,0.0418,17.777777778,26.111111111
1,0.547,0.0477,0.0831,0,0,0,0,0,17.777777778,26.111111111
1,0.554,0.0244,0.059,0,0,0,0,0,17.777777778,26.111111111
1,0.565,0.0166,0.0505,0,0,0,0,0,21.111111111,26.111111111
1,0.565,0.0166,0.0505,0,0,0,0,0,21.111111111,21.111111111
1,0.565,0.0166,0.0505,0,0,0,0,0,21.111111111,21.111111111
1,0.565,0.0166,0.0505,0,0,0,0,0,21.111111111,26.111111111
1,0.565,0.0166,0.0505,0,0,0,0,0,21.111111111,26.111111111
1,0.547,0.0382,0.151,0,0,0,0,0.256,21.111111111,26.111111111
1,0.531,0.0979,0.393,0,0,0,0,0.471,21.111111111,26.111111111
0.639,0.55,0.081,0.265,0,0,0,0,0.127,21.111111111,26.111111111
0.333,0.557,0.0576,0.156,0,0,0,0,0.0836,21.111111111,26.111111111
0.333,0.557,0.0631,0.152,0,0,0,0,0.167,21.111111111,26.111111111
0.333,0.557,0.0682,0.147,0,0,0,0,0.0418,21.111111111,26.111111111
0.333,0.557,0.0721,0.144,0,0,0,0,0,21.111111111,21.111111111
0.389,0.557,0.0793,0.143,0,0,0,0,0.167,21.111111111,21.111111111
0.694,0.557,0.101,0.166,0,0,0,0,0.167,21.111111111,21.111111111
0.389,0.57,0.11,0.158,0,0,0,0,0.125,21.111111111,21.111111111
0.444,0.585,0.146,0.174,0,0,0,0,0,17.777777778,21.111111111
0.528,0.609,0.223,0.203,0,0,0,0.167,0.125,17.777777778,26.111111111
1,0.655,0.528,0.362,0,0,0,0.3,0.125,17.777777778,26.111111111
1,0.64,0.72,0.423,0,0,0,0,0.187,17.777777778,26.111111111
1,0.61,0.848,0.531,0,0,0,0,0.269,17.777777778,26.111111111
1,0.561,0.731,0.601,0,0,0,0,0.221,17.777777778,26.111111111
1,0.533,0.291,0.334,0,0,0,0,0.196,17.777777778,26.111111111
1,0.565,0.0166,0.0505,0,0,0,0,0,17.777777778,26.111111111
1,0.565,0.0166,0.0505,0,0,0,0,0,17.777777778,26.111111111
1,0.565,0.0166,0.0505,0,0,0,0,0,21.111111111,26.111111111
1,0.565,0.0166,0.0505,0,0,0,0,0,21.111111111,21.111111111
1,0.565,0.0166,0.0505,0,0,0,0,0,21.111111111,21.111111111
1,0.565,0.0166,0.0505,0,0,0,0,0,21.111111111,26.111111111
1,0.544,0.0234,0.0791,0,0,0,0,0.14,21.111111111,26.111111111
1,0.542,0.0344,0.143,0,0,0,0,0.501,21.111111111,26.111111111
1,0.552,0.0478,0.185,0,0,0,0,0.186,21.111111111,26.111111111
0.722,0.555,0.0598,0.203,0,0,0,0,0.234,21.111111111,26.111111111
0.333,0.557,0.0559,0.159,0,0,0,0,0.278,21.111111111,26.111111111
0.333,0.557,0.0612,0.155,0,0,0,0,0.315,21.111111111,26.111111111
0.194,0.561,0.0452,0.109,0,0,0,0.667,0,21.111111111,26.111111111
0,0.565,0.0166,0.0505,0,0,0,0.05,0,21.111111111,21.111111111
0,0.565,0.0166,0.0505,0,0,0,0,0,21.111111111,21.111111111
0,0.565,0.0166,0.0505,0,0,0,0,0,21.111111111,21.111111111
0.139,0.568,0.0496,0.0901,0,0,0,0,0,21.111111111,21.111111111
0.639,0.596,0.198,0.234,0,0,0,0,0.125,17.777777778,21.111111111
0.611,0.614,0.23,0.232,0,0,0,0,0.251,17.777777778,26.111111111
0.639,0.623,0.332,0.266,0,0,0,0,0.334,17.777777778,26.111111111
0.806,0.625,0.568,0.393,0,0,0,0.417,0,17.777777778,26.111111111
1,0.61,0.818,0.605,0,0,0,1,0.0418,17.777777778,26.111111111
1,0.564,0.552,0.534,0,0,0,0.267,0.0418,17.777777778,26.111111111
1,0.56,0.0673,0.109,0,0,0,0,0,17.777777778,26.111111111
1,0.551,0.0479,0.0845,0,0,0,0,0.0418,17.777777778,26.111111111
1,0.565,0.0166,0.0505,0,0,0,0,0,17.777777778,26.111111111
1,0.565,0.0166,0.0505,0,0,0,0,0,21.111111111,26.111111111
1,0.565,0.0166,0.0505,0,0,0,0,0,21.111111111,21.111111111
1,0.565,0.0166,0.0505,0,0,0,0,0,21.111111111,21.111111111
1,0.543,0.0193,0.0554,0,0,0,0,0.18,21.111111111,26.111111111
1,0.533,0.0261,0.0884,0,0,0,0.667,0.261,21.111111111,26.111111111
1,0.528,0.0468,0.207,0.263,0.167,0,0.767,0.382,21.111111111,26.111111111
0.806,0.547,0.0569,0.234,0.396,0.583,0.217,0,0.174,21.111111111,26.111111111
0.111,0.563,0.0271,0.0888,0.0185,0,0,0,0,21.111111111,26.111111111
0,0.565,0.0166,0.0505,0,0,0,0,0,21.111111111,26.111111111
0,0.565,0.0166,0.0505,0,0,0,0,0,21.111111111,26.111111111
0,0.565,0.0166,0.0505,0,0,0,0,0,21.111111111,26.111111111
0,0.565,0.0166,0.0505,0,0,0,0,0,21.111111111,21.111111111
0.139,0.562,0.042,0.09,0,0,0,0,0.334,21.111111111,21.111111111
0.333,0.561,0.0655,0.121,0,0,0,0,0.34,21.111111111,21.111111111
0.472,0.57,0.125,0.185,0,0,0,0.167,0.209,21.111111111,21.111111111
0.667,0.597,0.205,0.242,0,0,0,0.55,0.167,17.777777778,21.111111111
0.667,0.62,0.256,0.25,0,0,0,0,0.209,17.777777778,26.111111111
0.667,0.625,0.345,0.275,0,0,0,0,0.0418,17.777777778,26.111111111
0.5,0.602,0.36,0.264,0.107,0.417,0,0,0,17.777777778,26.111111111
0.667,0.595,0.551,0.42,0.315,0.333,0.217,0,0,17.777777778,26.111111111
0.889,0.564,0.595,0.572,0,0,0,0.667,0.125,17.777777778,26.111111111
1,0.547,0.154,0.208,0,0,0,0.283,0,17.777777778,26.111111111
1,0.548,0.0531,0.0902,0,0,0,0,0,17.777777778,26.111111111
1,0.565,0.0166,0.0505,0,0,0,0,0,17.777777778,26.111111111
1,0.565,0.0166,0.0505,0,0,0,0,0,21.111111111,26.111111111
1,0.565,0.0166,0.0505,0,0,0,0,0,21.111111111,21.111111111
1,0.565,0.0166,0.0505,0,0,0,0,0,21.111111111,21.111111111
1,0.56,0.0179,0.0552,0,0,0,0,0.225,21.111111111,26.111111111
1,0.533,0.0261,0.0884,0,0,0,0,0.118,21.111111111,26.111111111
0.778,0.555,0.0262,0.0992,0,0,0,0,0.352,21.111111111,26.111111111
0.444,0.554,0.0425,0.166,0,0,0,0,0.209,21.111111111,26.111111111
0.389,0.556,0.0557,0.183,0,0,0,0,0.0418,21.111111111,26.111111111
0.667,0.549,0.0952,0.268,0,0,0,0.167,0.0418,21.111111111,26.111111111
0.611,0.551,0.0976,0.243,0.182,0.167,0,0.783,0,21.111111111,26.111111111
0.556,0.553,0.0906,0.2,0.461,0.583,0.417,0,0.125,21.111111111,26.111111111
0.667,0.557,0.0699,0.146,0.629,0,0.483,0,0,21.111111111,21.111111111
0.667,0.557,0.0768,0.145,0.414,0,0,0,0,21.111111111,21.111111111
0.972,0.553,0.141,0.232,0.4,0,0,0,0.0836,21.111111111,21.111111111
0.694,0.571,0.148,0.216,0.79,0,0,0,0.587,21.111111111,21.111111111
0.667,0.597,0.205,0.242,0.604,0,0,0.167,0.209,17.777777778,21.111111111
0.667,0.62,0.256,0.25,0.21,0,0,0.55,0.0836,17.777777778,26.111111111
0.667,0.625,0.345,0.275,0.107,0,0,0,0.0836,17.777777778,26.111111111
0.889,0.631,0.622,0.426,0,0,0,0,0.0418,17.777777778,26.111111111
1,0.61,0.818,0.605,0,0,0,0,0,17.777777778,26.111111111
1,0.561,0.705,0.677,0,0,0,0,0,17.777777778,26.111111111
1,0.545,0.166,0.222,0,0,0,0,0,17.777777778,26.111111111
1,0.535,0.0794,0.111,0,0,0,0,0,17.777777778,26.111111111
1,0.537,0.0415,0.0716,0,0,0,0,0,17.777777778,26.111111111
1,0.565,0.0189,0.0505,0,0,0,0,0,21.111111111,26.111111111
1,0.565,0.0189,0.0505,0,0,0,0,0,21.111111111,21.111111111
0.944,0.565,0.0189,0.0505,0,0,0,0,0,21.111111111,21.111111111
0.667,0.565,0.0189,0.0505,0,0,0,0,0,21.111111111,21.111111111
0.889,0.544,0.0231,0.0791,0,0,0,0.667,0.0418,21.111111111,21.111111111
1,0.542,0.0332,0.143,0,0,0,0.217,0.167,21.111111111,21.111111111
1,0.554,0.0487,0.166,0,0,0,0.3,0.0836,21.111111111,21.111111111
1,0.556,0.0801,0.183,0,0,0,0,0,21.111111111,21.111111111
1,0.548,0.166,0.285,0,0,0,0,0.125,21.111111111,21.111111111
0.778,0.547,0.205,0.294,0,0,0,0,0.209,21.111111111,21.111111111
0.528,0.553,0.158,0.208,0,0,0,0,0,21.111111111,21.111111111
0.389,0.556,0.134,0.162,0,0,0,0,0.0418,21.111111111,21.111111111
0.667,0.549,0.248,0.24,0,0,0,0,0.0836,21.111111111,21.111111111
0.667,0.552,0.281,0.24,0,0,0,0,0.0836,21.111111111,21.111111111
0.722,0.573,0.331,0.256,0,0,0,0.167,0.0836,21.111111111,21.111111111
0.778,0.601,0.37,0.274,0,0,0,1,0.0418,17.777777778,21.111111111
0.5,0.606,0.261,0.201,0,0,0,1,0.543,17.777777778,26.111111111
0.667,0.625,0.407,0.275,0,0,0,0,0.0836,17.777777778,26.111111111
0.667,0.615,0.521,0.33,0,0,0,0,0,17.777777778,26.111111111
0.972,0.609,0.846,0.59,0,0,0,0,0,17.777777778,26.111111111
1,0.561,0.604,0.563,0,0,0,0,0,17.777777778,26.111111111
1,0.541,0.223,0.266,0,0,0,0,0,17.777777778,26.111111111
1,0.541,0.0787,0.107,0,0,0,0,0,17.777777778,26.111111111
1,0.565,0.0189,0.0505,0,0,0,0,0,17.777777778,26.111111111
1,0.565,0.0189,0.0505,0,0,0,0,0,21.111111111,26.111111111
1,0.565,0.0189,0.0505,0,0,0,0,0,21.111111111,21.111111111
1,0.565,0.0189,0.0505,0,0,0,0,0,21.111111111,21.111111111
1,0.565,0.0189,0.0505,0,0,0,0,0,21.111111111,21.111111111
1,0.565,0.0189,0.0505,0,0,0,0,0,21.111111111,21.111111111
1,0.565,0.0189,0.0505,0,0,0,0,0,21.111111111,21.111111111
1,0.563,0.0348,0.0888,0,0,0,0.167,0.167,21.111111111,21.111111111
1,0.548,0.131,0.296,0,0,0,0.55,0.0836,21.111111111,21.111111111
1,0.541,0.22,0.376,0,0,0,0,0.0418,21.111111111,21.111111111
1,0.541,0.259,0.363,0,0,0,0,0.0836,21.111111111,21.111111111
0.694,0.549,0.202,0.257,0.0216,0.167,0,0,0.251,21.111111111,21.111111111
0.667,0.549,0.212,0.242,0.422,0.583,0.217,0,0.0836,21.111111111,21.111111111
0.667,0.549,0.248,0.24,0.64,0,0,0,0.292,21.111111111,21.111111111
0.667,0.552,0.281,0.24,0.298,0,0,0,0.334,21.111111111,21.111111111
0.667,0.571,0.306,0.24,0.396,0,0,0.167,0.125,21.111111111,21.111111111
0.667,0.597,0.32,0.242,0,0,0,1,0.0418,17.777777778,21.111111111
0.972,0.644,0.486,0.342,0,0,0,1,0.12,17.777777778,26.111111111
1,0.655,0.6,0.387,0,0,0,0,0.298,17.777777778,26.111111111
0.778,0.624,0.602,0.375,0,0,0,0,0.2,17.777777778,26.111111111
0.667,0.591,0.471,0.338,0,0,0,0,0.112,17.777777778,26.111111111
0.889,0.561,0.427,0.412,0,0,0,0,0,17.777777778,26.111111111
1,0.541,0.223,0.266,0,0,0,0,0.0836,17.777777778,26.111111111
1,0.55,0.045,0.0774,0,0,0,0,0,17.777777778,26.111111111
1,0.554,0.0241,0.059,0,0,0,0,0,17.777777778,26.111111111
1,0.565,0.0166,0.0505,0,0,0,0,0,21.111111111,26.111111111
1,0.565,0.0166,0.0505,0,0,0,0,0,21.111111111,21.111111111
1,0.565,0.0166,0.0505,0,0,0,0,0,21.111111111,21.111111111
1,0.543,0.0193,0.0554,0,0,0,0,0.225,21.111111111,26.111111111
0.778,0.55,0.022,0.0745,0,0,0,0,0.0718,21.111111111,26.111111111
0.611,0.53,0.0426,0.187,0,0,0,0,0.153,21.111111111,26.111111111
0.556,0.554,0.0425,0.166,0,0,0,0,0.217,21.111111111,26.111111111
0.444,0.563,0.0271,0.0888,0,0,0,0,0.0418,21.111111111,26.111111111
0.333,0.564,0.0239,0.0681,0,0,0,0,0,21.111111111,26.111111111
0.333,0.557,0.0612,0.155,0,0,0,0,0.125,21.111111111,26.111111111
0.333,0.557,0.0661,0.15,0,0,0,0,0.209,21.111111111,26.111111111
0.639,0.55,0.119,0.234,0,0,0,0,0.292,21.111111111,21.111111111
0.528,0.553,0.112,0.2,0,0,0,0,0,21.111111111,21.111111111
0.333,0.559,0.0814,0.145,0,0,0,0,0.125,21.111111111,21.111111111
0.333,0.568,0.0915,0.145,0,0,0,0,0.209,21.111111111,21.111111111
0.444,0.59,0.148,0.179,0,0,0,0.467,0.0418,17.777777778,21.111111111
0.778,0.628,0.293,0.283,0,0,0,0.167,0.0418,17.777777778,26.111111111
0.667,0.625,0.345,0.275,0,0,0,1,0.0836,17.777777778,26.111111111
0.667,0.615,0.468,0.33,0,0,0,0.0333,0,17.777777778,26.111111111
0.806,0.6,0.661,0.502,0,0,0,0,0.0836,17.777777778,26.111111111
1,0.564,0.552,0.534,0,0,0,0,0,17.777777778,26.111111111
1,0.551,0.143,0.196,0,0,0,0,0,17.777777778,26.111111111
1,0.551,0.0479,0.0845,0,0,0,0,0,17.777777778,26.111111111
1,0.565,0.0166,0.0505,0,0,0,0,0,17.777777778,26.111111111
1,0.565,0.0166,0.0505,0,0,0,0,0,21.111111111,26.111111111
1,0.565,0.0166,0.0505,0,0,0,0,0,21.111111111,21.111111111
1,0.56,0.017,0.0506,0,0,0,0,0.209,21.111111111,21.111111111
1,0.532,0.0203,0.0556,0,0,0,0,0.292,21.111111111,26.111111111
1,0.554,0.0193,0.0598,0,0,0,0,0,21.111111111,26.111111111
0.944,0.553,0.0248,0.0946,0,0,0,0,0.529,21.111111111,26.111111111
0.667,0.565,0.0166,0.0505,0,0,0,0,0,21.111111111,26.111111111
0.667,0.565,0.0166,0.0505,0,0,0,0,0,21.111111111,26.111111111
0.667,0.564,0.0239,0.0681,0,0,0,0,0.305,21.111111111,26.111111111
0.583,0.559,0.0502,0.129,0,0,0,0,0.291,21.111111111,26.111111111
0.611,0.557,0.0661,0.15,0,0,0,0,0.205,21.111111111,26.111111111
0.194,0.561,0.0469,0.106,0,0,0,0,0.209,21.111111111,21.111111111
0.0556,0.565,0.0166,0.0505,0,0,0,0,0,21.111111111,21.111111111
0.389,0.565,0.0405,0.0821,0,0,0,0.167,0.125,21.111111111,21.111111111
0.583,0.571,0.148,0.216,0,0,0,0.55,0.292,21.111111111,21.111111111
0.5,0.59,0.16,0.194,0,0,0,0.167,0.0418,17.777777778,21.111111111
0.667,0.62,0.256,0.25,0,0,0,0.55,0.0418,17.777777778,26.111111111
0.667,0.625,0.345,0.275,0,0,0,0,0.334,17.777777778,26.111111111
0.972,0.638,0.676,0.459,0,0,0,0,0,17.777777778,26.111111111
1,0.61,0.818,0.605,0,0,0,0,0,17.777777778,26.111111111
0.778,0.566,0.463,0.448,0,0,0,0,0.204,17.777777778,26.111111111
0.806,0.556,0.065,0.106,0,0,0,0,0,17.777777778,26.111111111
1,0.55,0.0412,0.0774,0,0,0,0,0,17.777777778,26.111111111
1,0.554,0.0241,0.059,0,0,0,0,0,17.777777778,26.111111111
1,0.565,0.0166,0.0505,0,0,0,0,0,21.111111111,26.111111111
1,0.565,0.0166,0.0505,0,0,0,0,0,21.111111111,21.111111111
1,0.565,0.0166,0.0505,0,0,0,0,0,21.111111111,21.111111111
1,0.551,0.0186,0.0553,0,0,0,0.417,0,21.111111111,26.111111111
1,0.533,0.0261,0.0884,0.478,0.75,0.167,0.05,0.376,21.111111111,26.111111111
1,0.528,0.0468,0.207,0.694,0,0.5,0,0.166,21.111111111,26.111111111
0.861,0.539,0.0746,0.311,0.156,0,0,0.667,0.16,21.111111111,26.111111111
0.361,0.557,0.0519,0.174,0,0,0,1,0.0418,21.111111111,26.111111111
0.333,0.557,0.0559,0.159,0,0,0,0.5,0.0836,21.111111111,26.111111111
0.333,0.557,0.0612,0.155,0,0,0,0,0.0418,21.111111111,26.111111111
0.333,0.557,0.0661,0.15,0,0,0,0,0,21.111111111,26.111111111
0.333,0.559,0.0599,0.13,0,0,0,0,0.0418,21.111111111,21.111111111
0.333,0.558,0.0719,0.137,0,0,0,0,0.209,21.111111111,21.111111111
0.333,0.559,0.0814,0.145,0,0,0,0,0.0836,21.111111111,21.111111111
0.333,0.568,0.0915,0.145,0,0,0,0,0.0836,21.111111111,21.111111111
0.389,0.585,0.13,0.163,0,0,0,0,0,17.777777778,21.111111111
0.722,0.625,0.281,0.268,0,0,0,0,0.0836,17.777777778,26.111111111
1,0.655,0.509,0.387,0,0,0,0,0.209,17.777777778,26.111111111
1,0.64,0.694,0.47,0,0,0,0,0.292,17.777777778,26.111111111
1,0.61,0.818,0.605,0,0,0,0,0.251,17.777777778,26.111111111
1,0.561,0.641,0.62,0,0,0,0,0.161,17.777777778,26.111111111
1,0.55,0.156,0.211,0,0,0,0,0.0418,17.777777778,26.111111111
1,0.565,0.0166,0.0505,0,0,0,0,0,17.777777778,26.111111111
1,0.565,0.0166,0.0505,0,0,0,0,0,17.777777778,26.111111111
1,0.565,0.0166,0.0505,0,0,0,0,0,21.111111111,26.111111111
1,0.565,0.0166,0.0505,0,0,0,0,0,21.111111111,21.111111111
1,0.56,0.017,0.0506,0,0,0,0,0,21.111111111,21.111111111
1,0.537,0.0189,0.051,0,0,0,0,0,21.111111111,26.111111111
1,0.565,0.0166,0.0505,0,0,0,0,0,21.111111111,26.111111111
1,0.563,0.0207,0.0699,0,0,0,0,0.124,21.111111111,26.111111111
1,0.552,0.0478,0.185,0,0,0,0,0.183,21.111111111,26.111111111
0.778,0.555,0.0598,0.203,0,0,0,0,0.531,21.111111111,26.111111111
0.667,0.557,0.0559,0.159,0,0,0,0,0.222,21.111111111,26.111111111
0.667,0.556,0.0693,0.171,0,0,0,0,0,21.111111111,26.111111111
0.667,0.549,0.116,0.249,0.312,0.667,0,0,0.0418,21.111111111,26.111111111
0.444,0.555,0.0872,0.178,0.604,0.0833,0.9,0,0.0836,21.111111111,21.111111111
0.333,0.557,0.0768,0.145,0.289,0,0,0,0.125,21.111111111,21.111111111
0.333,0.559,0.0814,0.145,0.383,0,0,0,0.0418,21.111111111,21.111111111
0.389,0.57,0.107,0.161,0.397,0,0,0,0.167,21.111111111,21.111111111
0.667,0.597,0.205,0.242,0.294,0,0,0.417,0.209,17.777777778,21.111111111
0.583,0.613,0.227,0.226,0,0,0,0.3,0.209,17.777777778,26.111111111
0.667,0.625,0.345,0.275,0,0,0,0,0.209,17.777777778,26.111111111
0.667,0.615,0.468,0.33,0,0,0,0,0.0418,17.777777778,26.111111111
0.806,0.6,0.618,0.464,0,0,0,0,0,17.777777778,26.111111111
1,0.564,0.467,0.458,0,0,0,0,0,17.777777778,26.111111111
1,0.551,0.143,0.196,0,0,0,0,0,17.777777778,26.111111111
1,0.563,0.0218,0.0562,0,0,0,0,0,17.777777778,26.111111111
1,0.565,0.0166,0.0505,0,0,0,0,0,17.777777778,26.111111111
1,0.565,0.0166,0.0505,0,0,0,0,0,21.111111111,26.111111111
1,0.565,0.0166,0.0505,0,0,0,0,0,21.111111111,21.111111111
1,0.565,0.0166,0.0505,0,0,0,0,0,21.111111111,21.111111111
1,0.56,0.0179,0.0552,0,0,0,0,0.172,21.111111111,26.111111111
1,0.529,0.0288,0.103,0,0,0,0,0.584,21.111111111,26.111111111
1,0.519,0.0522,0.236,0,0,0,0,0.326,21.111111111,26.111111111
0.639,0.547,0.0569,0.234,0,0,0,0,0.541,21.111111111,26.111111111
0.333,0.557,0.0493,0.164,0,0,0,0,0.209,21.111111111,26.111111111
0.333,0.557,0.0559,0.159,0,0,0,0.167,0.0836,21.111111111,26.111111111
0.556,0.552,0.0912,0.224,0,0,0,0.55,0.167,21.111111111,26.111111111
0.667,0.549,0.116,0.249,0,0,0,0,0.209,21.111111111,26.111111111
0.389,0.556,0.0773,0.162,0,0,0,0,0.0418,21.111111111,21.111111111
0.444,0.555,0.0973,0.177,0.416,0.75,0.167,0,0.0836,21.111111111,21.111111111
0.722,0.552,0.158,0.255,0.521,0,0.5,0.167,0.269,21.111111111,21.111111111
1,0.574,0.241,0.335,0.156,0,0,0.55,0.357,21.111111111,21.111111111
1,0.612,0.3,0.338,0,0,0,0.467,0.102,17.777777778,21.111111111
0.917,0.64,0.347,0.325,0,0,0,0,0.0418,17.777777778,26.111111111
1,0.655,0.509,0.387,0,0,0,0,0.167,17.777777778,26.111111111
1,0.64,0.694,0.47,0,0,0,0,0,17.777777778,26.111111111
1,0.61,0.818,0.605,0,0,0,0,0.3,17.777777778,26.111111111
1,0.564,0.552,0.534,0,0,0,0,0.149,17.777777778,26.111111111
1,0.547,0.154,0.208,0,0,0,0,0.0604,17.777777778,26.111111111
1,0.565,0.0182,0.0505,0,0,0,0,0,17.777777778,26.111111111
1,0.565,0.0189,0.0505,0,0,0,0,0,17.777777778,26.111111111
1,0.565,0.0189,0.0505,0,0,0,0,0,21.111111111,26.111111111
1,0.565,0.0189,0.0505,0,0,0,0,0,21.111111111,21.111111111
1,0.56,0.0193,0.0506,0,0,0,0,0.0418,21.111111111,21.111111111
0.694,0.562,0.0191,0.0506,0,0,0,0,0,21.111111111,21.111111111
0.667,0.565,0.0189,0.0505,0,0,0,0,0,21.111111111,21.111111111
0.667,0.565,0.0189,0.0505,0,0,0,0,0,21.111111111,21.111111111
0.972,0.553,0.0545,0.176,0.629,0.75,0.167,0.167,0,21.111111111,21.111111111
1,0.548,0.131,0.296,0.844,0,0.5,0.55,0.251,21.111111111,21.111111111
0.944,0.543,0.207,0.359,0.0804,0,0,0,0.125,21.111111111,21.111111111
0.889,0.545,0.218,0.312,0.462,0.917,0,0,0.0418,21.111111111,21.111111111
0.944,0.549,0.195,0.249,0.736,0.583,0.217,0,0.125,21.111111111,21.111111111
0.75,0.547,0.236,0.266,0.539,0,0,0,0.209,21.111111111,21.111111111
0.667,0.549,0.248,0.24,0.654,0,0,0,0.0836,21.111111111,21.111111111
0.667,0.552,0.281,0.24,0.699,0,0,0,0.251,21.111111111,21.111111111
0.583,0.571,0.27,0.216,0.782,0,0,0,0.0836,21.111111111,21.111111111
0.667,0.597,0.32,0.242,0,0,0,0,0.125,17.777777778,21.111111111
0.667,0.62,0.339,0.25,0,0,0,0.667,0.125,17.777777778,26.111111111
0.972,0.653,0.585,0.378,0,0,0,0.283,0.0418,17.777777778,26.111111111
1,0.64,0.772,0.47,0,0,0,0,0,17.777777778,26.111111111
1,0.61,0.87,0.605,0,0,0,0,0.163,17.777777778,26.111111111
1,0.561,0.604,0.563,0,0,0,0,0.0418,17.777777778,26.111111111
1,0.554,0.129,0.167,0,0,0,0,0,17.777777778,26.111111111
1,0.546,0.0668,0.0958,0,0,0,0,0.142,17.777777778,26.111111111
1,0.565,0.0189,0.0505,0,0,0,0,0,17.777777778,26.111111111
1,0.565,0.0189,0.0505,0,0,0,0,0,21.111111111,26.111111111
1,0.565,0.0189,0.0505,0,0,0,0,0,21.111111111,21.111111111
1,0.565,0.0189,0.0505,0,0,0,0,0,21.111111111,21.111111111
1,0.565,0.0189,0.0505,0,0,0,0,0,21.111111111,21.111111111
1,0.561,0.0209,0.0652,0,0,0,0,0.152,21.111111111,21.111111111
0.944,0.544,0.0288,0.124,0,0,0,0,0.368,21.111111111,21.111111111
0.667,0.558,0.04,0.128,0,0,0,0,0.173,21.111111111,21.111111111
0.667,0.557,0.0693,0.164,0,0,0,0,0.302,21.111111111,21.111111111
0.611,0.559,0.073,0.142,0,0,0,0,0.152,21.111111111,21.111111111
0.389,0.564,0.0334,0.0672,0,0,0,0,0,21.111111111,21.111111111
0.667,0.557,0.107,0.15,0,0,0,0,0,21.111111111,21.111111111
0.667,0.556,0.134,0.162,0,0,0,0,0.256,21.111111111,21.111111111
0.583,0.551,0.22,0.216,0,0,0,0,0.059,21.111111111,21.111111111
0.667,0.552,0.281,0.24,0,0,0,0,0.0418,21.111111111,21.111111111
0.972,0.574,0.437,0.327,0,0,0,0.717,0.167,21.111111111,21.111111111
1,0.612,0.471,0.338,0,0,0,0,0.209,17.777777778,21.111111111
1,0.647,0.498,0.35,0,0,0,0,0,17.777777778,26.111111111
0.861,0.643,0.514,0.338,0,0,0,0,0.125,17.777777778,26.111111111
0.806,0.625,0.63,0.393,0,0,0,0,0.0418,17.777777778,26.111111111
1,0.61,0.87,0.605,0,0,0,0,0.257,17.777777778,26.111111111
1,0.559,0.764,0.706,0,0,0,0,0.421,17.777777778,26.111111111
1,0.514,0.455,0.511,0,0,0,0,0.522,17.777777778,26.111111111
1,0.551,0.0487,0.0845,0,0,0,0,0,17.777777778,26.111111111
1,0.565,0.0166,0.0505,0,0,0,0,0,17.777777778,26.111111111
1,0.565,0.0166,0.0505,0,0,0,0,0,21.111111111,26.111111111
1,0.565,0.0166,0.0505,0,0,0,0,0,21.111111111,21.111111111
1,0.565,0.0166,0.0505,0,0,0,0,0,21.111111111,21.111111111
1,0.56,0.0179,0.0552,0,0,0,0,0.112,21.111111111,26.111111111
1,0.533,0.0261,0.0884,0,0,0,0,0.308,21.111111111,26.111111111
1,0.542,0.0344,0.143,0,0,0,0,0.232,21.111111111,26.111111111
1,0.551,0.053,0.205,0,0,0,0.167,0.135,21.111111111,26.111111111
0.778,0.547,0.0926,0.316,0,0,0,0.717,0.451,21.111111111,26.111111111
0.444,0.555,0.0687,0.195,0,0,0,0.783,0.41,21.111111111,26.111111111
0.333,0.557,0.0612,0.155,0,0,0,0,0.366,21.111111111,26.111111111
0.333,0.557,0.0661,0.15,0.244,0.417,0,0,0.208,21.111111111,26.111111111
0.333,0.557,0.0699,0.146,0.696,0.333,0.667,0,0.0418,21.111111111,21.111111111
0.333,0.557,0.0768,0.145,0.447,0,0.233,0,0.167,21.111111111,21.111111111
0.389,0.559,0.0933,0.161,0.57,0,0,0,0.376,21.111111111,21.111111111
0.972,0.574,0.235,0.327,0.133,0,0,0.917,0,21.111111111,21.111111111
1,0.612,0.3,0.338,0,0,0,0.517,0.251,17.777777778,21.111111111
1,0.647,0.375,0.35,0,0,0,0,0,17.777777778,26.111111111
1,0.655,0.509,0.387,0,0,0,0,0.209,17.777777778,26.111111111
1,0.64,0.694,0.47,0,0,0,0,0,17.777777778,26.111111111
1,0.597,0.573,0.435,0,0,0,0,0.171,17.777777778,26.111111111
1,0.563,0.34,0.345,0,0,0,0,0.259,17.777777778,26.111111111
1,0.547,0.154,0.208,0,0,0,0,0,17.777777778,26.111111111
1,0.529,0.0763,0.116,0,0,0,0,0,17.777777778,26.111111111
1,0.543,0.0316,0.0674,0,0,0,0,0,17.777777778,26.111111111
1,0.565,0.0166,0.0505,0,0,0,0,0,21.111111111,26.111111111
1,0.565,0.0166,0.0505,0,0,0,0,0,21.111111111,21.111111111
1,0.565,0.0166,0.0505,0,0,0,0,0,21.111111111,21.111111111
1,0.565,0.0166,0.0505,0,0,0,0,0,21.111111111,26.111111111
1,0.544,0.0234,0.0791,0,0,0,0,0.455,21.111111111,26.111111111
0.778,0.557,0.0221,0.0799,0,0,0,0,0.186,21.111111111,26.111111111
0.667,0.565,0.0166,0.0505,0,0,0,0,0,21.111111111,26.111111111
0.667,0.561,0.0373,0.116,0,0,0,0,0.0984,21.111111111,26.111111111
0.667,0.549,0.0952,0.268,0,0,0,0,0.401,21.111111111,26.111111111
0.667,0.549,0.106,0.259,0,0,0,0,0.292,21.111111111,26.111111111
0.361,0.557,0.0702,0.158,0,0,0,0,0.0418,21.111111111,26.111111111
0.333,0.557,0.0699,0.146,0,0,0,0,0.167,21.111111111,21.111111111
0.333,0.557,0.0768,0.145,0,0,0,0,0.501,21.111111111,21.111111111
0.333,0.559,0.0814,0.145,0,0,0,0,0.0418,21.111111111,21.111111111
0.333,0.568,0.0915,0.145,0,0,0,0,0.0836,21.111111111,21.111111111
0.333,0.581,0.111,0.146,0,0,0,0,0.167,17.777777778,21.111111111
0.472,0.604,0.19,0.193,0,0,0,0.417,0,17.777777778,26.111111111
0.722,0.63,0.381,0.297,0,0,0,0.3,0.0836,17.777777778,26.111111111
1,0.64,0.694,0.47,0,0,0,0,0.0418,17.777777778,26.111111111
1,0.606,0.708,0.523,0,0,0,0,0,17.777777778,26.111111111
1,0.564,0.467,0.458,0,0,0,0,0.255,17.777777778,26.111111111
1,0.547,0.154,0.208,0,0,0,0,0,17.777777778,26.111111111
1,0.535,0.0725,0.111,0,0,0,0,0,17.777777778,26.111111111
1,0.532,0.0367,0.073,0,0,0,0,0,17.777777778,26.111111111
1,0.532,0.0235,0.0576,0,0,0,0,0,21.111111111,26.111111111
1,0.532,0.0176,0.0505,0,0,0,0,0.0418,21.111111111,21.111111111
1,0.546,0.0164,0.0505,0,0,0,0,0.251,21.111111111,21.111111111
1,0.565,0.0166,0.0505,0,0,0,0,0,21.111111111,26.111111111
0.944,0.548,0.0206,0.0645,0,0,0,0,0.545,21.111111111,26.111111111
0.667,0.565,0.0166,0.0505,0,0,0,0,0,21.111111111,26.111111111
0.667,0.556,0.0395,0.147,0,0,0,0.167,0.246,21.111111111,26.111111111
0.667,0.549,0.082,0.278,0,0,0,0.55,0.295,21.111111111,26.111111111
0.444,0.555,0.0687,0.195,0,0,0,0,0.251,21.111111111,26.111111111
0.333,0.557,0.0612,0.155,0,0,0,0,0.412,21.111111111,26.111111111
0.194,0.561,0.0452,0.109,0,0,0,0,0.0418,21.111111111,26.111111111
0.139,0.562,0.0395,0.0903,0,0,0,0,0,21.111111111,21.111111111
0.194,0.561,0.0514,0.106,0,0,0,0.717,0.0418,21.111111111,21.111111111
0.139,0.563,0.0444,0.0899,0,0,0,0,0.0418,21.111111111,21.111111111
0.333,0.568,0.0915,0.145,0,0,0,0,0.0418,21.111111111,21.111111111
0.694,0.6,0.216,0.25,0,0,0,0,0.317,17.777777778,21.111111111
0.861,0.635,0.321,0.307,0,0,0,0.667,0.35,17.777777778,26.111111111
0.667,0.625,0.345,0.275,0,0,0,0.05,0,17.777777778,26.111111111
0.667,0.615,0.468,0.33,0,0,0,0,0.0836,17.777777778,26.111111111
0.889,0.604,0.685,0.508,0,0,0,0,0.0418,17.777777778,26.111111111
1,0.561,0.492,0.487,0,0,0,0,0,17.777777778,26.111111111
1,0.533,0.28,0.353,0,0,0,0,0,17.777777778,26.111111111
1,0.55,0.0412,0.0774,0,0,0,0,0,17.777777778,26.111111111
1,0.537,0.0353,0.0716,0,0,0,0.667,0,17.777777778,26.111111111
1,0.565,0.0166,0.0505,0,0,0,1,0,21.111111111,26.111111111
1,0.565,0.0166,0.0505,0,0,0,0.0167,0,21.111111111,21.111111111
1,0.565,0.0166,0.0505,0,0,0,0,0,21.111111111,21.111111111
1,0.56,0.0179,0.0552,0,0,0,0,0.0655,21.111111111,26.111111111
1,0.533,0.0261,0.0884,0,0,0,0,0.19,21.111111111,26.111111111
1,0.542,0.0344,0.143,0,0,0,0,0.373,21.111111111,26.111111111
1,0.552,0.0478,0.185,0,0,0,0,0.547,21.111111111,26.111111111
0.778,0.553,0.0662,0.221,0,0,0,0,0.244,21.111111111,26.111111111
0.722,0.548,0.102,0.285,0,0,0,0,0.424,21.111111111,26.111111111
0.944,0.543,0.142,0.347,0,0,0,0.717,0.263,21.111111111,26.111111111
0.667,0.549,0.116,0.249,0,0,0,0.667,0,21.111111111,26.111111111
0.611,0.551,0.113,0.226,0.397,0.667,0,0.05,0.0418,21.111111111,21.111111111
0.333,0.557,0.0768,0.145,0.232,0.0833,0.217,0,0.418,21.111111111,21.111111111
0.278,0.559,0.0694,0.129,0,0,0,0,0.0418,21.111111111,21.111111111
0.139,0.568,0.0496,0.0901,0,0,0,0,0,21.111111111,21.111111111
0.333,0.581,0.111,0.146,0,0,0,0,0.167,17.777777778,21.111111111
0.639,0.617,0.246,0.242,0,0,0,0.917,0.0418,17.777777778,26.111111111
0.972,0.653,0.496,0.378,0,0,0,0.283,0.0418,17.777777778,26.111111111
1,0.64,0.694,0.47,0,0,0,0,0.0836,17.777777778,26.111111111
1,0.61,0.775,0.567,0,0,0,0,0.0836,17.777777778,26.111111111
1,0.564,0.467,0.458,0,0,0,0,0,17.777777778,26.111111111
1,0.551,0.143,0.196,0,0,0,0,0,17.777777778,26.111111111
1,0.551,0.0479,0.0845,0,0,0,0,0.234,17.777777778,26.111111111
1,0.565,0.0166,0.0505,0,0,0,0,0,17.777777778,26.111111111
1,0.565,0.0166,0.0505,0,0,0,0,0,21.111111111,26.111111111
1,0.565,0.0166,0.0505,0,0,0,0,0,21.111111111,21.111111111
1,0.565,0.0166,0.0505,0,0,0,0,0,21.111111111,21.111111111
1,0.565,0.0166,0.0505,0,0,0,0,0,21.111111111,26.111111111
1,0.557,0.0221,0.0799,0,0,0,0,0.309,21.111111111,26.111111111
0.861,0.526,0.0481,0.214,0,0,0,0,0.212,21.111111111,26.111111111
0.667,0.542,0.0684,0.282,0,0,0,0,0.266,21.111111111,26.111111111
0.667,0.549,0.082,0.278,0,0,0,0,0.414,21.111111111,26.111111111
0.444,0.555,0.0687,0.195,0,0,0,0,0.237,21.111111111,26.111111111
0.333,0.557,0.0612,0.155,0,0,0,0,0.0418,21.111111111,26.111111111
0.333,0.557,0.0661,0.15,0,0,0,0,0,21.111111111,26.111111111
0.278,0.559,0.0599,0.13,0,0,0,0,0.125,21.111111111,21.111111111
0.139,0.562,0.042,0.09,0,0,0,0,0,21.111111111,21.111111111
0.556,0.555,0.125,0.208,0,0,0,0,0.0418,21.111111111,21.111111111
0.667,0.571,0.166,0.24,0,0,0,0.667,0.0836,21.111111111,21.111111111
0.667,0.597,0.205,0.242,0,0,0,0.533,0.251,17.777777778,21.111111111
0.667,0.62,0.256,0.25,0,0,0,0,0.298,17.777777778,26.111111111
0.667,0.625,0.345,0.275,0,0,0,0.167,0.321,17.777777778,26.111111111
0.667,0.615,0.468,0.33,0,0,0,0.3,0.231,17.777777778,26.111111111
0.667,0.595,0.551,0.42,0,0,0,0,0.223,17.777777778,26.111111111
0.889,0.564,0.531,0.515,0,0,0,0,0.215,17.777777778,26.111111111
1,0.547,0.154,0.208,0,0,0,0,0.0836,17.777777778,26.111111111
1,0.54,0.0674,0.1,0,0,0,0,0.17,17.777777778,26.111111111
1,0.562,0.0212,0.0526,0,0,0,0,0,17.777777778,26.111111111
1,0.56,0.0194,0.0505,0,0,0,0,0.168,21.111111111,26.111111111
1,0.532,0.0212,0.0505,0,0,0,0,0.326,21.111111111,21.111111111
1,0.537,0.0187,0.0505,0,0,0,0,0.279,21.111111111,21.111111111
1,0.56,0.0197,0.0552,0,0,0,0,0.302,21.111111111,21.111111111
1,0.533,0.0245,0.0884,0,0,0,0,0.394,21.111111111,21.111111111
1,0.542,0.0332,0.143,0,0,0,0,0.194,21.111111111,21.111111111
0.944,0.548,0.0619,0.224,0,0,0,0,0.127,21.111111111,21.111111111
0.667,0.556,0.0801,0.183,0,0,0,0,0.468,21.111111111,21.111111111
0.667,0.549,0.153,0.268,0,0,0,0,0.288,21.111111111,21.111111111
0.667,0.549,0.179,0.259,0,0,0,0,0.137,21.111111111,21.111111111
0.667,0.549,0.195,0.249,0,0,0,0,0.112,21.111111111,21.111111111
0.667,0.549,0.212,0.242,0,0,0,0,0.125,21.111111111,21.111111111
0.722,0.548,0.27,0.256,0,0,0,0.717,0.0836,21.111111111,21.111111111
0.556,0.553,0.235,0.208,0,0,0,0,0.0836,21.111111111,21.111111111
0.556,0.571,0.258,0.209,0,0,0,0,0.209,21.111111111,21.111111111
0.722,0.601,0.346,0.258,0,0,0,0,0,17.777777778,21.111111111
1,0.647,0.498,0.35,0,0,0,0,0,17.777777778,26.111111111
1,0.655,0.6,0.387,0,0,0,0,0.0418,17.777777778,26.111111111
1,0.64,0.772,0.47,0,0,0,0,0,17.777777778,26.111111111
0.806,0.605,0.71,0.485,0,0,0,0,0.0836,17.777777778,26.111111111
0.333,0.563,0.267,0.269,0,0,0,0,0,17.777777778,26.111111111
0.944,0.522,0.416,0.47,0,0,0,0,0.453,17.777777778,26.111111111
0.833,0.555,0.0428,0.0732,0,0,0,0,0,17.777777778,26.111111111
1,0.565,0.0189,0.0505,0,0,0,0,0,17.777777778,26.111111111
1,0.565,0.0189,0.0505,0,0,0,0,0,21.111111111,26.111111111
1,0.565,0.0189,0.0505,0,0,0,0,0,21.111111111,21.111111111
1,0.565,0.0189,0.0505,0,0,0,0,0,21.111111111,21.111111111
1,0.565,0.0189,0.0505,0,0,0,0,0,21.111111111,21.111111111
1,0.561,0.0209,0.0652,0,0,0,0,0.125,21.111111111,21.111111111
1,0.542,0.0332,0.143,0.00927,0.167,0,0,0.0418,21.111111111,21.111111111
1,0.546,0.0698,0.243,0.743,0.583,0.417,0,0.125,21.111111111,21.111111111
1,0.549,0.12,0.278,0.573,0,1,0,0.209,21.111111111,21.111111111
1,0.548,0.166,0.285,0.586,0,0.383,0.167,0.192,21.111111111,21.111111111
1,0.541,0.259,0.363,0.572,0,0,0.55,0.107,21.111111111,21.111111111
0.944,0.543,0.267,0.332,0.665,0,0,0,0.0836,21.111111111,21.111111111
0.583,0.551,0.189,0.218,0.447,0,0,0,0.0819,21.111111111,21.111111111
0.528,0.553,0.199,0.2,0.334,0,0,0,0.167,21.111111111,21.111111111
0.639,0.553,0.27,0.232,0.485,0,0,0.717,0.0418,21.111111111,21.111111111
0.667,0.571,0.306,0.24,0.391,0,0,0,0.334,21.111111111,21.111111111
0.611,0.592,0.294,0.226,0,0,0,0,0.0418,17.777777778,21.111111111
0.333,0.592,0.179,0.15,0,0,0,0,0.209,17.777777778,26.111111111
0.333,0.595,0.213,0.163,0,0,0,0,0,17.777777778,26.111111111
0.389,0.593,0.318,0.22,0,0,0,0,0,17.777777778,26.111111111
0.667,0.595,0.587,0.42,0,0,0,0,0,17.777777778,26.111111111
0.667,0.561,0.515,0.487,0,0,0,0,0.0836,17.777777778,26.111111111
0.667,0.541,0.223,0.266,0,0,0,0,0,17.777777778,26.111111111
0.833,0.551,0.0487,0.0845,0,0,0,0,0,17.777777778,26.111111111
0.667,0.565,0.0166,0.0505,0,0,0,0,0,17.777777778,26.111111111
0.667,0.565,0.0166,0.0505,0,0,0,0,0,21.111111111,26.111111111
0.667,0.565,0.0166,0.0505,0,0,0,0,0,21.111111111,21.111111111
0.722,0.565,0.0166,0.0505,0,0,0,0,0,21.111111111,21.111111111
1,0.565,0.0166,0.0505,0,0,0,0,0,21.111111111,26.111111111
1,0.565,0.0166,0.0505,0,0,0,0,0,21.111111111,26.111111111
1,0.549,0.0331,0.133,0,0,0,0.167,0.287,21.111111111,26.111111111
0.861,0.547,0.0569,0.234,0,0,0,0.55,0.238,21.111111111,26.111111111
0.528,0.561,0.035,0.117,0,0,0,0,0.125,21.111111111,26.111111111
0.333,0.564,0.0239,0.0681,0,0,0,0,0,21.111111111,26.111111111
0.333,0.557,0.0612,0.155,0,0,0,0,0.0836,21.111111111,26.111111111
0.389,0.556,0.0748,0.166,0,0,0,0,0.418,21.111111111,26.111111111
0.528,0.553,0.1,0.202,0,0,0,0,0,21.111111111,21.111111111
0.333,0.557,0.0768,0.145,0,0,0,0,0.0836,21.111111111,21.111111111
0.333,0.559,0.0814,0.145,0,0,0,0,0.0418,21.111111111,21.111111111
0.111,0.565,0.0405,0.0821,0,0,0,0,0,21.111111111,21.111111111
0.528,0.58,0.103,0.138,0,0,0,0,0.209,17.777777778,21.111111111
0.667,0.592,0.136,0.15,0,0,0,0,0.209,17.777777778,26.111111111
0.722,0.6,0.217,0.185,0,0,0,0,0,17.777777778,26.111111111
1,0.631,0.622,0.426,0,0,0,0,0.125,17.777777778,26.111111111
1,0.601,0.641,0.479,0,0,0,0,0,17.777777778,26.111111111
1,0.561,0.492,0.487,0,0,0,0,0,17.777777778,26.111111111
1,0.537,0.242,0.31,0,0,0,0,0.087,17.777777778,26.111111111
0.833,0.55,0.0412,0.0774,0,0,0,0,0.159,17.777777778,26.111111111
1,0.532,0.0367,0.073,0,0,0,0,0.24,17.777777778,26.111111111
1,0.537,0.0233,0.0576,0,0,0,0,0.204,21.111111111,26.111111111
1,0.565,0.0166,0.0505,0,0,0,0,0.101,21.111111111,21.111111111
0.917,0.551,0.017,0.0506,0,0,0,0,0.166,21.111111111,21.111111111
0.944,0.532,0.0203,0.0556,0,0,0,0,0.614,21.111111111,26.111111111
0.667,0.529,0.0288,0.103,0,0,0,0.667,0.374,21.111111111,26.111111111
0.667,0.519,0.0522,0.236,0,0,0,0.283,0.535,21.111111111,26.111111111
0.361,0.553,0.0446,0.176,0,0,0,0,0.137,21.111111111,26.111111111
0.333,0.557,0.0493,0.164,0,0,0,0,0.476,21.111111111,26.111111111
0.333,0.557,0.0559,0.159,0,0,0,0,0.0418,21.111111111,26.111111111
0.333,0.557,0.0612,0.155,0,0,0,0,0.0418,21.111111111,26.111111111
0.333,0.557,0.0661,0.15,0,0,0,0,0,21.111111111,26.111111111
0.333,0.557,0.0699,0.146,0,0,0,0,0.125,21.111111111,21.111111111
0.333,0.557,0.0768,0.145,0,0,0,0,0.0836,21.111111111,21.111111111
0.111,0.563,0.0377,0.0821,0,0,0,0,0.125,21.111111111,21.111111111
0.0556,0.568,0.0317,0.0664,0,0,0,0.167,0.0418,21.111111111,21.111111111
0.333,0.581,0.111,0.146,0,0,0,1,0,17.777777778,21.111111111
0.472,0.604,0.19,0.193,0,0,0,0.267,0.0418,17.777777778,26.111111111
0.667,0.625,0.345,0.275,0,0,0,0,0,17.777777778,26.111111111
0.583,0.609,0.414,0.297,0,0,0,0,0.351,17.777777778,26.111111111
0.889,0.604,0.728,0.546,0,0,0,0,0.207,17.777777778,26.111111111
0.944,0.564,0.68,0.648,0,0,0,0,0.119,17.777777778,26.111111111
0.667,0.56,0.0673,0.109,0,0,0,0,0,17.777777778,26.111111111
0.833,0.565,0.0166,0.0505,0,0,0,0,0,17.777777778,26.111111111
0.667,0.565,0.0166,0.0505,0,0,0,0,0,17.777777778,26.111111111
0.667,0.565,0.0166,0.0505,0,0,0,0,0,21.111111111,26.111111111
0.722,0.565,0.0166,0.0505,0,0,0,0,0,21.111111111,21.111111111
1,0.565,0.0166,0.0505,0,0,0,0,0,21.111111111,21.111111111
1,0.565,0.0166,0.0505,0,0,0,0,0,21.111111111,26.111111111
1,0.565,0.0166,0.0505,0,0,0,0,0,21.111111111,26.111111111
0.861,0.559,0.0207,0.0726,0,0,0,0,0,21.111111111,26.111111111
0.667,0.556,0.0395,0.147,0,0,0,0.167,0.28,21.111111111,26.111111111
0.444,0.555,0.0598,0.203,0,0,0,0.55,0.18,21.111111111,26.111111111
0.333,0.557,0.0559,0.159,0,0,0,0,0.209,21.111111111,26.111111111
0.333,0.557,0.0612,0.155,0,0,0,0,0.0836,21.111111111,26.111111111
0.333,0.557,0.0661,0.15,0,0,0,0.417,0.167,21.111111111,26.111111111
0.333,0.557,0.0699,0.146,0,0,0,0.3,0.0836,21.111111111,21.111111111
0.333,0.557,0.0768,0.145,0,0,0,0,0.125,21.111111111,21.111111111
0.333,0.559,0.0814,0.145,0,0,0,0.917,0.0418,21.111111111,21.111111111
0.333,0.568,0.0915,0.145,0,0,0,0.517,0.125,21.111111111,21.111111111
0.333,0.581,0.111,0.146,0,0,0,0,0.0418,17.777777778,21.111111111
0.333,0.592,0.136,0.15,0,0,0,0,0.251,17.777777778,26.111111111
0.333,0.595,0.181,0.163,0,0,0,0,0.125,17.777777778,26.111111111
0.333,0.59,0.242,0.19,0,0,0,0,0,17.777777778,26.111111111
0.556,0.589,0.461,0.361,0,0,0,0,0.173,17.777777778,26.111111111
0.972,0.563,0.403,0.401,0,0,0,0,0.191,17.777777778,26.111111111
1,0.56,0.0673,0.109,0,0,0,0,0,17.777777778,26.111111111
1,0.536,0.0792,0.118,0,0,0,0,0,17.777777778,26.111111111
1,0.565,0.0166,0.0505,0,0,0,0,0,17.777777778,26.111111111
1,0.565,0.0166,0.0505,0,0,0,0,0,21.111111111,26.111111111
1,0.565,0.0166,0.0505,0,0,0,0,0,21.111111111,21.111111111
0.944,0.565,0.0166,0.0505,0,0,0,0,0,21.111111111,21.111111111
0.667,0.56,0.0179,0.0552,0,0,0,0,0.18,21.111111111,26.111111111
0.667,0.529,0.0288,0.103,0,0,0,0,0.305,21.111111111,26.111111111
0.75,0.513,0.0564,0.258,0,0,0,0.917,0.261,21.111111111,26.111111111
0.611,0.544,0.0631,0.263,0,0,0,0.517,0.2,21.111111111,26.111111111
0.333,0.557,0.0493,0.164,0,0,0,0,0.0836,21.111111111,26.111111111
0.333,0.557,0.0559,0.159,0,0,0,0,0.125,21.111111111,26.111111111
0.333,0.557,0.0612,0.155,0,0,0,0.667,0.209,21.111111111,26.111111111
0.333,0.557,0.0661,0.15,0,0,0,0.05,0.167,21.111111111,26.111111111
0.333,0.557,0.0699,0.146,0,0,0,0,0.0836,21.111111111,21.111111111
0.333,0.557,0.0768,0.145,0,0,0,0,0.209,21.111111111,21.111111111
0.333,0.559,0.0814,0.145,0,0,0,0,0.209,21.111111111,21.111111111
0.333,0.568,0.0915,0.145,0,0,0,0,0,21.111111111,21.111111111
0.417,0.58,0.115,0.154,0,0,0,0,0.209,17.777777778,21.111111111
0.472,0.582,0.0959,0.111,0,0,0,0,0,17.777777778,26.111111111
0.667,0.625,0.345,0.275,0,0,0,0,0,17.777777778,26.111111111
0.667,0.615,0.468,0.33,0,0,0,0,0.0418,17.777777778,26.111111111
0.889,0.604,0.728,0.546,0,0,0,0,0,17.777777778,26.111111111
1,0.559,0.73,0.706,0,0,0,0,0,17.777777778,26.111111111
1,0.509,0.428,0.522,0,0,0,0,0.223,17.777777778,26.111111111
1,0.551,0.0479,0.0845,0,0,0,0.5,0,17.777777778,26.111111111
1,0.565,0.0166,0.0505,0,0,0,0,0,17.777777778,26.111111111
1,0.565,0.0166,0.0505,0,0,0,0,0,21.111111111,26.111111111
1,0.565,0.0166,0.0505,0,0,0,0,0,21.111111111,21.111111111
1,0.565,0.0166,0.0505,0,0,0,0,0,21.111111111,21.111111111
1,0.543,0.0193,0.0554,0,0,0,0.667,0.0836,21.111111111,26.111111111
1,0.533,0.0261,0.0884,0,0,0,0.05,0.246,21.111111111,26.111111111
1,0.528,0.0468,0.207,0,0,0,0.167,0.292,21.111111111,26.111111111
1,0.541,0.0737,0.301,0,0,0,0.55,0.168,21.111111111,26.111111111
0.778,0.547,0.0926,0.316,0,0,0,0,0,21.111111111,26.111111111
0.667,0.549,0.0952,0.268,0,0,0,0,0.209,21.111111111,26.111111111
0.361,0.557,0.0648,0.164,0,0,0,0,0.209,21.111111111,26.111111111
0.333,0.557,0.0661,0.15,0,0,0,0.167,0.125,21.111111111,26.111111111
0.333,0.557,0.0699,0.146,0,0,0,1,0.251,21.111111111,21.111111111
0.333,0.557,0.0768,0.145,0,0,0,0.267,0.0418,21.111111111,21.111111111
0.333,0.559,0.0814,0.145,0,0,0,0,0.209,21.111111111,21.111111111
0.333,0.568,0.0915,0.145,0,0,0,0,0.209,21.111111111,21.111111111
0.333,0.581,0.111,0.146,0,0,0,0,0,17.777777778,21.111111111
0.611,0.616,0.244,0.235,0,0,0,0,0.172,17.777777778,26.111111111
0.917,0.648,0.471,0.36,0,0,0,0.417,0,17.777777778,26.111111111
0.861,0.631,0.595,0.408,0,0,0,0.783,0,17.777777778,26.111111111
0.667,0.595,0.551,0.42,0,0,0,0,0,17.777777778,26.111111111
0.972,0.561,0.492,0.487,0.717,0.75,0.167,0,0,17.777777778,26.111111111
1,0.545,0.166,0.222,0,0,0.733,0.917,0,17.777777778,26.111111111
1,0.535,0.0794,0.111,0,0,0,0.5,0,17.777777778,26.111111111
1,0.532,0.0432,0.073,0,0,0,0.25,0.0418,17.777777778,26.111111111
1,0.532,0.028,0.0576,0,0,0,0,0.0418,21.111111111,26.111111111
1,0.532,0.0212,0.0505,0,0,0,0,0,21.111111111,21.111111111
1,0.537,0.0187,0.0505,0,0,0,0,0.167,21.111111111,21.111111111
1,0.565,0.0189,0.0505,0,0,0,0,0,21.111111111,21.111111111
1,0.548,0.024,0.0869,0,0,0,0,0.256,21.111111111,21.111111111
1,0.519,0.0475,0.236,0,0,0,0,0.673,21.111111111,21.111111111
1,0.542,0.0785,0.282,0.13,0.167,0,0,0.424,21.111111111,21.111111111
1,0.549,0.12,0.278,0.474,0.583,0.417,0,0.0981,21.111111111,21.111111111
0.778,0.555,0.108,0.195,0,0,0.0333,0,0.11,21.111111111,21.111111111
0.667,0.556,0.113,0.171,0,0,0,0.167,0,21.111111111,21.111111111
0.806,0.546,0.232,0.29,0,0,0,1,0.125,21.111111111,21.111111111
1,0.541,0.309,0.337,0,0,0,0.267,0,21.111111111,21.111111111
0.694,0.549,0.258,0.248,0,0,0,0,0.125,21.111111111,21.111111111
0.667,0.552,0.281,0.24,0,0,0,0,0.334,21.111111111,21.111111111
0.667,0.571,0.306,0.24,0,0,0,0,0.334,21.111111111,21.111111111
0.667,0.597,0.32,0.242,0,0,0,0,0.167,17.777777778,21.111111111
0.667,0.62,0.339,0.25,0,0,0,0,0.167,17.777777778,26.111111111
0.806,0.637,0.493,0.324,0,0,0,0,0.259,17.777777778,26.111111111
1,0.624,0.602,0.375,0,0,0,0,0.0418,17.777777778,26.111111111
1,0.595,0.587,0.42,0,0,0,0,0,17.777777778,26.111111111
1,0.563,0.422,0.401,0,0,0,0,0,17.777777778,26.111111111
1,0.547,0.168,0.208,0,0,0,0,0,17.777777778,26.111111111
1,0.52,0.119,0.145,0,0,0,0,0.0418,17.777777778,26.111111111
1,0.546,0.0347,0.0653,0,0,0,0,0.114,17.777777778,26.111111111
1,0.565,0.0189,0.0505,0,0,0,0,0,21.111111111,26.111111111
1,0.565,0.0189,0.0505,0,0,0,0,0,21.111111111,21.111111111
1,0.565,0.0189,0.0505,0,0,0,0,0,21.111111111,21.111111111
1,0.565,0.0189,0.0505,0,0,0,0,0,21.111111111,21.111111111
1,0.565,0.0189,0.0505,0,0,0,0,0,21.111111111,21.111111111
1,0.565,0.0189,0.0505,0,0,0,0,0,21.111111111,21.111111111
1,0.564,0.0269,0.0697,0,0,0,0.167,0,21.111111111,21.111111111
1,0.555,0.091,0.201,0,0,0,1,0.149,21.111111111,21.111111111
1,0.541,0.22,0.376,0,0,0,0.0333,0,21.111111111,21.111111111
0.778,0.547,0.205,0.294,0,0,0,0,0.0418,21.111111111,21.111111111
0.611,0.551,0.179,0.233,0,0,0,0,0,21.111111111,21.111111111
0.556,0.552,0.181,0.21,0,0,0,0,0.297,21.111111111,21.111111111
0.667,0.549,0.248,0.24,0,0,0,0,0.771,21.111111111,21.111111111
0.667,0.552,0.281,0.24,0,0,0,0,0.155,21.111111111,21.111111111
0.667,0.571,0.306,0.24,0,0,0,0,0.575,21.111111111,21.111111111
0.75,0.6,0.358,0.266,0,0,0,0,0.59,17.777777778,21.111111111
0.667,0.62,0.339,0.25,0,0,0,0,0.551,17.777777778,26.111111111
0.667,0.625,0.407,0.275,0,0,0,0,0,17.777777778,26.111111111
0.722,0.618,0.569,0.36,0,0,0,0,0,17.777777778,26.111111111
1,0.61,0.87,0.605,0,0,0,0,0.0418,17.777777778,26.111111111
1,0.559,0.764,0.706,0,0,0,0,0.438,17.777777778,26.111111111
1,0.522,0.373,0.423,0,0,0,0,0.0703,17.777777778,26.111111111
1,0.525,0.0936,0.127,0,0,0,0,0.0418,17.777777778,26.111111111
1,0.503,0.0554,0.094,0,0,0,0,0,17.777777778,26.111111111
1,0.532,0.0235,0.0576,0,0,0,0,0.0836,21.111111111,26.111111111
1,0.537,0.0177,0.0505,0,0,0,0,0,21.111111111,21.111111111
1,0.565,0.0166,0.0505,0,0,0,0,0,21.111111111,21.111111111
1,0.543,0.0193,0.0554,0,0,0,0,0.26,21.111111111,26.111111111
0.861,0.541,0.024,0.0815,0,0,0,0,0.11,21.111111111,26.111111111
0.667,0.54,0.0385,0.163,0,0,0,0,0.0915,21.111111111,26.111111111
0.667,0.542,0.0684,0.282,0,0,0,0,0.234,21.111111111,26.111111111
0.667,0.549,0.082,0.278,0,0,0,0.167,0.307,21.111111111,26.111111111
0.667,0.549,0.0952,0.268,0,0,0,0.783,0.419,21.111111111,26.111111111
0.611,0.551,0.0976,0.243,0,0,0,0,0.423,21.111111111,26.111111111
0.333,0.557,0.0661,0.15,0,0,0,0,0.167,21.111111111,26.111111111
0.333,0.557,0.0699,0.146,0,0,0,0,0.376,21.111111111,21.111111111
0.333,0.557,0.0768,0.145,0,0,0,0,0.0836,21.111111111,21.111111111
0.556,0.555,0.125,0.208,0.444,0.667,0,0,0,21.111111111,21.111111111
0.667,0.571,0.166,0.24,0.284,0.0833,0.9,0,0.0836,21.111111111,21.111111111
0.667,0.597,0.205,0.242,0,0,0,0,0,17.777777778,21.111111111
0.667,0.62,0.256,0.25,0,0,0,0,0.0418,17.777777778,26.111111111
0.417,0.602,0.23,0.194,0,0,0,0.667,0.0418,17.777777778,26.111111111
0.667,0.615,0.468,0.33,0,0,0,0.767,0,17.777777778,26.111111111
0.722,0.595,0.593,0.458,0,0,0,0,0,17.777777778,26.111111111
1,0.564,0.616,0.591,0,0,0,0,0.0418,17.777777778,26.111111111
1,0.547,0.154,0.208,0,0,0,0.467,0,17.777777778,26.111111111
1,0.565,0.0166,0.0505,0,0,0,0,0,17.777777778,26.111111111
1,0.565,0.0166,0.0505,0,0,0,0,0,17.777777778,26.111111111
1,0.565,0.0166,0.0505,0,0,0,0,0,21.111111111,26.111111111
1,0.565,0.0166,0.0505,0,0,0,0,0,21.111111111,21.111111111
1,0.565,0.0166,0.0505,0,0,0,0,0,21.111111111,21.111111111
1,0.565,0.0166,0.0505,0,0,0,0,0,21.111111111,26.111111111
1,0.565,0.0166,0.0505,0,0,0,0,0,21.111111111,26.111111111
0.861,0.557,0.0248,0.0919,0,0,0,0,0.244,21.111111111,26.111111111
0.667,0.554,0.0425,0.166,0,0,0,0,0.193,21.111111111,26.111111111
0.667,0.556,0.0557,0.183,0,0,0,0,0.605,21.111111111,26.111111111
0.667,0.549,0.0952,0.268,0,0,0,0,0.284,21.111111111,26.111111111
0.722,0.548,0.114,0.276,0,0,0,0.167,0.216,21.111111111,26.111111111
0.778,0.547,0.132,0.282,0,0,0,0.55,0.0175,21.111111111,26.111111111
0.444,0.555,0.0872,0.178,0,0,0,0,0.371,21.111111111,21.111111111
0.333,0.557,0.0768,0.145,0,0,0,0,0.209,21.111111111,21.111111111
0.639,0.559,0.0814,0.145,0,0,0,0,0.125,21.111111111,21.111111111
0.667,0.57,0.107,0.161,0,0,0,0,0.209,21.111111111,21.111111111
0.667,0.597,0.205,0.242,0,0,0,0,0.169,17.777777778,21.111111111
0.667,0.62,0.256,0.25,0,0,0,0.233,0.0836,17.777777778,26.111111111
0.667,0.625,0.345,0.275,0,0,0,0,0,17.777777778,26.111111111
0.806,0.622,0.523,0.364,0,0,0,0,0,17.777777778,26.111111111
1,0.595,0.593,0.458,0,0,0,0,0.274,17.777777778,26.111111111
1,0.561,0.705,0.677,0,0,0,0,0.129,17.777777778,26.111111111
1,0.554,0.118,0.167,0,0,0,0,0.0836,17.777777778,26.111111111
1,0.565,0.0166,0.0505,0,0,0,0,0,17.777777778,26.111111111
1,0.565,0.0166,0.0505,0,0,0,0,0,17.777777778,26.111111111
1,0.565,0.0166,0.0505,0,0,0,0,0,21.111111111,26.111111111
1,0.565,0.0166,0.0505,0,0,0,0,0,21.111111111,21.111111111
1,0.548,0.0165,0.0505,0,0,0,0,0.14,21.111111111,21.111111111
1,0.565,0.0166,0.0505,0,0,0,0,0,21.111111111,26.111111111
1,0.561,0.0193,0.0652,0,0,0,0,0.167,21.111111111,26.111111111
0.944,0.509,0.0591,0.273,0,0,0,0,0.264,21.111111111,26.111111111
0.528,0.547,0.0569,0.234,0,0,0,0,0.585,21.111111111,26.111111111
0.333,0.557,0.0493,0.164,0,0,0,0,0.125,21.111111111,26.111111111
0.333,0.557,0.0559,0.159,0,0,0,0,0.209,21.111111111,26.111111111
0.333,0.557,0.0612,0.155,0,0,0,0,0,21.111111111,26.111111111
0.333,0.557,0.0661,0.15,0,0,0,0,0.0836,21.111111111,26.111111111
0.333,0.557,0.0699,0.146,0,0,0,0,0.209,21.111111111,21.111111111
0.333,0.557,0.0768,0.145,0,0,0,0,0.292,21.111111111,21.111111111
0.0833,0.565,0.0338,0.0742,0,0,0,0,0.0836,21.111111111,21.111111111
0.389,0.57,0.107,0.161,0,0,0,0,0.292,21.111111111,21.111111111
0.611,0.592,0.186,0.226,0,0,0,0,0.251,17.777777778,21.111111111
0.611,0.616,0.244,0.235,0,0,0,0.167,0.0377,17.777777778,26.111111111
1,0.655,0.509,0.387,0,0,0,0.0667,0.466,17.777777778,26.111111111
1,0.64,0.694,0.47,0,0,0,0.917,0.296,17.777777778,26.111111111
1,0.61,0.818,0.605,0,0,0,0.283,0.127,17.777777778,26.111111111
1,0.561,0.705,0.677,0,0,0,0,0.21,17.777777778,26.111111111
1,0.558,0.0799,0.123,0,0,0,0,0,17.777777778,26.111111111
0.833,0.551,0.0479,0.0845,0,0,0,0,0,17.777777778,26.111111111
1,0.565,0.0166,0.0505,0,0,0,0,0,17.777777778,26.111111111
1,0.565,0.0166,0.0505,0,0,0,0,0,21.111111111,26.111111111
1,0.565,0.0166,0.0505,0,0,0,0,0,21.111111111,21.111111111
1,0.548,0.0165,0.0505,0,0,0,0,0.21,21.111111111,21.111111111
1,0.565,0.0166,0.0505,0,0,0,0,0.139,21.111111111,26.111111111
1,0.561,0.0193,0.0652,0,0,0,0,0,21.111111111,26.111111111
0.917,0.536,0.0385,0.165,0,0,0,0,0.251,21.111111111,26.111111111
0.944,0.546,0.0601,0.243,0,0,0,0,0.13,21.111111111,26.111111111
0.361,0.557,0.0519,0.174,0,0,0,0,0.436,21.111111111,26.111111111
0.333,0.557,0.0559,0.159,0,0,0,0,0.0872,21.111111111,26.111111111
0.333,0.557,0.0612,0.155,0,0,0,0.167,0.378,21.111111111,26.111111111
0.389,0.556,0.0748,0.166,0,0,0,1,0.0418,21.111111111,26.111111111
0.528,0.553,0.1,0.202,0,0,0,0.267,0.0418,21.111111111,21.111111111
0.333,0.557,0.0768,0.145,0,0,0,0,0.0836,21.111111111,21.111111111
0.333,0.559,0.0814,0.145,0,0,0,0,0.0836,21.111111111,21.111111111
0.25,0.568,0.0735,0.122,0,0,0,0,0.0836,21.111111111,21.111111111
0.333,0.581,0.111,0.146,0,0,0,0,0.0418,17.777777778,21.111111111
0.389,0.598,0.162,0.168,0,0,0,0,0.0418,17.777777778,26.111111111
0.611,0.621,0.309,0.253,0,0,0,0.717,0.0836,17.777777778,26.111111111
0.639,0.613,0.45,0.319,0,0,0,0,0,17.777777778,26.111111111
0.667,0.595,0.551,0.42,0,0,0,0,0,17.777777778,26.111111111
0.667,0.561,0.492,0.487,0,0,0,0.667,0,17.777777778,26.111111111
0.667,0.533,0.28,0.353,0,0,0,0.05,0,17.777777778,26.111111111
0.889,0.533,0.0778,0.117,0.244,0.167,0,0,0,17.777777778,26.111111111
1,0.532,0.0367,0.073,0.669,0.583,0.417,0,0,17.777777778,26.111111111
1,0.532,0.0235,0.0576,0.44,0,0.483,0,0.0418,21.111111111,26.111111111
1,0.532,0.0176,0.0505,0.142,0,0,0,0.0418,21.111111111,21.111111111
1,0.537,0.0164,0.0505,0,0,0,0,0.0836,21.111111111,21.111111111
1,0.565,0.0166,0.0505,0,0,0,0,0,21.111111111,26.111111111
1,0.565,0.0166,0.0505,0,0,0,0,0,21.111111111,26.111111111
1,0.565,0.0166,0.0505,0,0,0,0,0,21.111111111,26.111111111
1,0.565,0.0166,0.0505,0,0,0,0,0,21.111111111,26.111111111
1,0.563,0.0294,0.0869,0,0,0,0,0.208,21.111111111,26.111111111
0.778,0.555,0.0687,0.195,0,0,0,0,0.371,21.111111111,26.111111111
0.667,0.557,0.0612,0.155,0,0,0,0,0.409,21.111111111,26.111111111
0.972,0.549,0.12,0.256,0.133,0.417,0,0,0.358,21.111111111,26.111111111
1,0.541,0.177,0.337,0,1,0,0,0.164,21.111111111,21.111111111
0.778,0.547,0.157,0.271,0,0.0833,0.9,0.233,0.356,21.111111111,21.111111111
0.528,0.554,0.118,0.2,0,0,0,0,0.292,21.111111111,21.111111111
0.333,0.568,0.0915,0.145,0,0,0,0,0.376,21.111111111,21.111111111
0.333,0.581,0.111,0.146,0,0,0,0,0.292,17.777777778,21.111111111
0.556,0.611,0.218,0.217,0,0,0,0,0.387,17.777777778,26.111111111
0.667,0.625,0.345,0.275,0,0,0,0.167,0.209,17.777777778,26.111111111
0.889,0.631,0.622,0.426,0,0,0,1,0.194,17.777777778,26.111111111
1,0.61,0.775,0.567,0,0,0,0.0333,0.148,17.777777778,26.111111111
1,0.561,0.492,0.487,0,0,0,0,0.0418,17.777777778,26.111111111
1,0.528,0.291,0.365,0,0,0,0,0,17.777777778,26.111111111
1,0.555,0.039,0.0732,0,0,0,0,0,17.777777778,26.111111111
1,0.565,0.0189,0.0505,0,0,0,0,0,17.777777778,26.111111111
1,0.565,0.0189,0.0505,0,0,0,0,0,21.111111111,26.111111111
1,0.565,0.0189,0.0505,0,0,0,0,0,21.111111111,21.111111111
1,0.565,0.0189,0.0505,0,0,0,0,0,21.111111111,21.111111111
1,0.565,0.0189,0.0505,0,0,0,0,0,21.111111111,21.111111111
0.944,0.565,0.0189,0.0505,0,0,0,0,0,21.111111111,21.111111111
0.667,0.558,0.0372,0.13,0,0,0,0,0.0418,21.111111111,21.111111111
0.972,0.55,0.101,0.281,0,0,0,0,0.337,21.111111111,21.111111111
0.861,0.555,0.114,0.238,0,0,0,0,0.121,21.111111111,21.111111111
0.667,0.559,0.0957,0.165,0,0,0,0.167,0.292,21.111111111,21.111111111
0.667,0.559,0.106,0.159,0,0,0,0.55,0.167,21.111111111,21.111111111
0.667,0.559,0.114,0.155,0,0,0,0,0,21.111111111,21.111111111
0.722,0.558,0.148,0.17,0,0,0,0,0.184,21.111111111,21.111111111
1,0.551,0.296,0.271,0,0,0,0.667,0.209,21.111111111,21.111111111
1,0.563,0.447,0.356,0.351,0.667,0,0.533,0.167,21.111111111,21.111111111
1,0.597,0.476,0.36,0.462,0.0833,0.45,0,0.125,21.111111111,21.111111111
1,0.636,0.495,0.375,0.246,0,0,0,0.209,17.777777778,21.111111111
0.694,0.629,0.393,0.308,0.357,0,0,0,0.0418,17.777777778,26.111111111
0.667,0.624,0.482,0.367,0.764,0,0,0,0,17.777777778,26.111111111
0.972,0.63,0.846,0.665,0.56,0,0,0,0,17.777777778,26.111111111
1,0.587,0.682,0.638,0.694,0,0,0,0.0418,17.777777778,26.111111111
1,0.556,0.247,0.285,0.682,0,0,0,0.209,17.777777778,26.111111111
1,0.541,0.125,0.157,0.187,0,0,0,0.147,17.777777778,26.111111111
1,0.534,0.0625,0.09,0,0,0,0,0,17.777777778,26.111111111
1,0.533,0.0356,0.0646,0,0,0,0,0,17.777777778,26.111111111
1,0.546,0.0234,0.0533,0,0,0,0,0,21.111111111,26.111111111
1,0.565,0.0189,0.0505,0,0,0,0,0,21.111111111,21.111111111
1,0.565,0.0189,0.0505,0,0,0,0,0,21.111111111,21.111111111
1,0.565,0.0189,0.0505,0,0,0,0,0,21.111111111,21.111111111
1,0.557,0.0231,0.0809,0,0,0,0.167,0.0667,21.111111111,21.111111111
1,0.535,0.0638,0.271,0,0,0,1,0.105,21.111111111,21.111111111
0.861,0.552,0.0824,0.241,0,0,0,0.0333,0.0418,21.111111111,21.111111111
0.667,0.558,0.0915,0.188,0,0,0,0.167,0.251,21.111111111,21.111111111
0.806,0.549,0.206,0.325,0.388,0.667,0,0.317,0.0836,21.111111111,21.111111111
0.778,0.55,0.22,0.306,0,0.0833,0.683,0,0.0836,21.111111111,21.111111111
0.667,0.552,0.208,0.259,0,0,0,0,0.209,21.111111111,21.111111111
0.722,0.552,0.238,0.255,0,0,0,0,0.0418,21.111111111,21.111111111
1,0.552,0.274,0.254,0,0,0,0,0.0418,21.111111111,21.111111111
1,0.564,0.304,0.254,0,0,0,0,0.125,21.111111111,21.111111111
1,0.587,0.324,0.257,0,0,0,0,0.209,21.111111111,21.111111111
1,0.631,0.444,0.341,0,0,0,0.667,0.251,17.777777778,21.111111111
0.778,0.636,0.433,0.335,0,0,0,0.05,0.339,17.777777778,26.111111111
0.972,0.651,0.698,0.515,0,0,0,0,0,17.777777778,26.111111111
0.778,0.619,0.668,0.527,0,0,0,0.167,0,17.777777778,26.111111111
0.889,0.582,0.766,0.741,0,0,0,1,0.441,17.777777778,26.111111111
1,0.556,0.421,0.457,0,0,0,0.283,0.201,17.777777778,26.111111111
1,0.565,0.0189,0.0505,0,0,0,0,0.121,17.777777778,26.111111111
1,0.565,0.0174,0.0505,0,0,0,0,0,17.777777778,26.111111111
1,0.565,0.0166,0.0505,0,0,0,0,0,17.777777778,26.111111111
1,0.565,0.0166,0.0505,0,0,0,0,0,21.111111111,26.111111111
1,0.565,0.0166,0.0505,0,0,0,0,0,21.111111111,21.111111111
0.861,0.557,0.0173,0.0507,0,0,0,0,0.163,21.111111111,21.111111111
0.667,0.565,0.0166,0.0505,0,0,0,0,0,21.111111111,26.111111111
0.667,0.565,0.0166,0.0505,0,0,0,0,0,21.111111111,26.111111111
0.667,0.565,0.0166,0.0505,0,0,0,0,0,21.111111111,26.111111111
0.667,0.563,0.0275,0.0907,0,0,0,0,0.169,21.111111111,26.111111111
0.667,0.552,0.0917,0.287,0,0,0,0,0.182,21.111111111,26.111111111
0.361,0.558,0.0635,0.174,0,0,0,0,0.332,21.111111111,26.111111111
0.333,0.559,0.0656,0.159,0,0,0,0,0.216,21.111111111,26.111111111
0.556,0.554,0.106,0.224,0,0,0,0,0.125,21.111111111,26.111111111
0.444,0.556,0.0938,0.187,0,0,0,0,0.167,21.111111111,21.111111111
0.333,0.559,0.0811,0.152,0,0,0,0,0.251,21.111111111,21.111111111
0.333,0.564,0.0881,0.152,0,0,0,0,0.125,21.111111111,21.111111111
0.333,0.576,0.104,0.154,0,0,0,0,0.167,21.111111111,21.111111111
0.333,0.589,0.126,0.159,0,0,0,0,0,17.777777778,21.111111111
0.472,0.61,0.228,0.229,0,0,0,0.417,0.0418,17.777777778,26.111111111
0.667,0.624,0.422,0.367,0,0,0,0.55,0,17.777777778,26.111111111
0.806,0.618,0.655,0.565,0,0,0,0,0,17.777777778,26.111111111
1,0.588,0.78,0.772,0,0,0,0,0.209,17.777777778,26.111111111
1,0.563,0.232,0.276,0,0,0,0,0,17.777777778,26.111111111
1,0.565,0.0166,0.0505,0,0,0,0,0,17.777777778,26.111111111
1,0.565,0.0166,0.0505,0,0,0,0,0,17.777777778,26.111111111
1,0.565,0.0166,0.0505,0,0,0,0,0,17.777777778,26.111111111
1,0.565,0.0166,0.0505,0,0,0,0,0,21.111111111,26.111111111
1,0.565,0.0166,0.0505,0,0,0,0,0,21.111111111,21.111111111
1,0.565,0.0166,0.0505,0,0,0,0,0,21.111111111,21.111111111
1,0.56,0.018,0.0554,0,0,0,0,0.168,21.111111111,26.111111111
1,0.534,0.0338,0.136,0,0,0,0,0.756,21.111111111,26.111111111
1,0.535,0.0625,0.271,0,0,0,0.667,0.437,21.111111111,26.111111111
0.694,0.551,0.0694,0.261,0,0,0,0.05,0.236,21.111111111,26.111111111
0.667,0.552,0.0917,0.287,0,0,0,0,0.277,21.111111111,26.111111111
0.444,0.556,0.0735,0.203,0,0,0,0,0,21.111111111,26.111111111
0.472,0.556,0.0868,0.204,0,0,0,0.417,0.292,21.111111111,26.111111111
0.667,0.552,0.123,0.259,0,0,0,0.3,0,21.111111111,26.111111111
0.667,0.552,0.135,0.255,0,0,0,0,0.292,21.111111111,21.111111111
0.361,0.558,0.0862,0.161,0,0,0,0,0.501,21.111111111,21.111111111
0.611,0.566,0.15,0.237,0,0,0,0,0,21.111111111,21.111111111
1,0.597,0.279,0.36,0,0,0,0,0.209,21.111111111,21.111111111
0.778,0.618,0.266,0.302,0,0,0,0,0.209,17.777777778,21.111111111
0.667,0.627,0.306,0.299,0,0,0,0.417,0.0836,17.777777778,26.111111111
0.889,0.643,0.572,0.482,0,0,0,0.3,0.184,17.777777778,26.111111111
1,0.632,0.799,0.679,0,0,0,0,0.212,17.777777778,26.111111111
1,0.588,0.714,0.705,0,0,0,0,0.289,17.777777778,26.111111111
1,0.556,0.232,0.285,0,0,0,0,0.0817,17.777777778,26.111111111
1,0.56,0.0691,0.112,0,0,0,0,0,17.777777778,26.111111111
1,0.565,0.0166,0.0505,0,0,0,0,0,17.777777778,26.111111111
1,0.565,0.0166,0.0505,0,0,0,0,0,17.777777778,26.111111111
1,0.565,0.0166,0.0505,0,0,0,0,0,21.111111111,26.111111111
1,0.565,0.0166,0.0505,0,0,0,0,0,21.111111111,21.111111111
1,0.565,0.0166,0.0505,0,0,0,0,0,21.111111111,21.111111111
1,0.56,0.018,0.0554,0,0,0,0.167,0.0418,21.111111111,26.111111111
1,0.534,0.0338,0.136,0,0,0,1,0.0983,21.111111111,26.111111111
1,0.535,0.0625,0.271,0,0,0,0.283,0.213,21.111111111,26.111111111
0.694,0.552,0.0712,0.261,0,0,0,0,0.392,21.111111111,26.111111111
0.667,0.552,0.0917,0.287,0,0,0,0,0.211,21.111111111,26.111111111
0.667,0.552,0.104,0.279,0,0,0,0,0.568,21.111111111,26.111111111
0.389,0.558,0.0723,0.179,0,0,0,0,0.282,21.111111111,26.111111111
0,0.565,0.0166,0.0505,0,0,0,0,0,21.111111111,26.111111111
0,0.565,0.0166,0.0505,0,0,0,0,0,21.111111111,21.111111111
0,0.565,0.0166,0.0505,0,0,0,0,0,21.111111111,21.111111111
0.139,0.566,0.0476,0.093,0,0,0,0,0.209,21.111111111,21.111111111
0.556,0.576,0.104,0.154,0,0,0,0,0.251,21.111111111,21.111111111
0.667,0.601,0.174,0.205,0,0,0,0,0.33,17.777777778,21.111111111
0.667,0.627,0.306,0.299,0,0,0,0,0.251,17.777777778,26.111111111
0.722,0.629,0.46,0.396,0,0,0,0,0.168,17.777777778,26.111111111
0.944,0.629,0.753,0.641,0,0,0,0,0.191,17.777777778,26.111111111
0.667,0.577,0.551,0.572,0,0,0,0,0,17.777777778,26.111111111
0.806,0.546,0.403,0.475,0,0,0,0.917,0.125,17.777777778,26.111111111
1,0.536,0.165,0.218,0,0,0,0.283,0,17.777777778,26.111111111
1,0.563,0.022,0.0562,0,0,0,0,0,17.777777778,26.111111111
1,0.565,0.0166,0.0505,0,0,0,0,0,17.777777778,26.111111111
1,0.565,0.0166,0.0505,0,0,0,0,0,21.111111111,26.111111111
1,0.565,0.0166,0.0505,0,0,0,0,0,21.111111111,21.111111111
1,0.565,0.0166,0.0505,0,0,0,0,0,21.111111111,21.111111111
1,0.565,0.0166,0.0505,0,0,0,0,0,21.111111111,26.111111111
1,0.561,0.0194,0.0657,0,0,0,0,0,21.111111111,26.111111111
1,0.548,0.0438,0.181,0,0,0,0,0.547,21.111111111,26.111111111
0.778,0.549,0.0776,0.291,0,0,0,0,0.286,21.111111111,26.111111111
0.667,0.552,0.0917,0.287,0,0,0,0,0.765,21.111111111,26.111111111
0.583,0.554,0.0938,0.249,0,0,0,0,0.234,21.111111111,26.111111111
0.361,0.558,0.0694,0.169,0,0,0,0,0.0836,21.111111111,26.111111111
0.333,0.559,0.0696,0.155,0,0,0,0,0.0836,21.111111111,26.111111111
0.333,0.559,0.0758,0.153,0,0,0,0,0.292,21.111111111,21.111111111
0.333,0.559,0.0811,0.152,0,0,0,0,0.167,21.111111111,21.111111111
0.111,0.563,0.0385,0.0844,0,0,0,0,0.0836,21.111111111,21.111111111
0.306,0.576,0.0978,0.145,0,0,0,0,0.167,21.111111111,21.111111111
0.333,0.589,0.126,0.159,0,0,0,0,0.0836,17.777777778,21.111111111
0.333,0.596,0.162,0.175,0,0,0,0,0.0418,17.777777778,26.111111111
0.639,0.621,0.409,0.357,0,0,0,0,0.0836,17.777777778,26.111111111
0.722,0.613,0.585,0.508,0,0,0,0,0.0418,17.777777778,26.111111111
1,0.587,0.604,0.593,0,0,0,0,0,17.777777778,26.111111111
1,0.556,0.21,0.263,0,0,0,0,0,17.777777778,26.111111111
1,0.56,0.0691,0.112,0,0,0,0,0.0418,17.777777778,26.111111111
1,0.565,0.0166,0.0505,0,0,0,0,0,17.777777778,26.111111111
1,0.565,0.0166,0.0505,0,0,0,0,0,17.777777778,26.111111111
1,0.565,0.0166,0.0505,0,0,0,0,0,21.111111111,26.111111111
1,0.565,0.0166,0.0505,0,0,0,0,0,21.111111111,21.111111111
1,0.565,0.0166,0.0505,0,0,0,0,0,21.111111111,21.111111111
1,0.565,0.0166,0.0505,0,0,0,0,0,21.111111111,26.111111111
1,0.561,0.0194,0.0657,0,0,0,0,0.0978,21.111111111,26.111111111
0.917,0.553,0.0331,0.131,0,0,0,0,0.273,21.111111111,26.111111111
0.778,0.562,0.0252,0.0905,0,0,0,0,0.153,21.111111111,26.111111111
0.667,0.56,0.0498,0.148,0,0,0,0,0.475,21.111111111,26.111111111
0.667,0.552,0.104,0.279,0,0,0,0.167,0.477,21.111111111,26.111111111
0.667,0.555,0.0935,0.224,0,0,0,0.55,0,21.111111111,26.111111111
0.611,0.555,0.0966,0.206,0,0,0,0.667,0.251,21.111111111,26.111111111
0.333,0.559,0.0758,0.153,0,0,0,0.533,0.251,21.111111111,21.111111111
0.0278,0.565,0.0217,0.059,0,0,0,0,0,21.111111111,21.111111111
0.139,0.566,0.0476,0.093,0,0,0,0,0,21.111111111,21.111111111
0.333,0.576,0.104,0.154,0,0,0,0,0.0836,21.111111111,21.111111111
0.472,0.601,0.174,0.205,0,0,0,0,0.209,17.777777778,21.111111111
0.667,0.627,0.306,0.299,0,0,0,0.233,0.0836,17.777777778,26.111111111
0.667,0.624,0.422,0.367,0,0,0,0,0,17.777777778,26.111111111
0.722,0.613,0.585,0.508,0,0,0,0,0,17.777777778,26.111111111
1,0.589,0.824,0.817,0,0,0,0,0.279,17.777777778,26.111111111
1,0.547,0.491,0.565,0,0,0,0,0.207,17.777777778,26.111111111
1,0.536,0.165,0.218,0,0,0,0,0.0836,17.777777778,26.111111111
1,0.556,0.0398,0.0732,0,0,0,0,0,17.777777778,26.111111111
1,0.565,0.0189,0.0505,0,0,0,0,0,17.777777778,26.111111111
1,0.565,0.0189,0.0505,0,0,0,0,0,21.111111111,26.111111111
1,0.565,0.0189,0.0505,0,0,0,0,0,21.111111111,21.111111111
1,0.565,0.0189,0.0505,0,0,0,0,0,21.111111111,21.111111111
1,0.565,0.0189,0.0505,0,0,0,0,0,21.111111111,21.111111111
1,0.565,0.0189,0.0505,0,0,0,0,0,21.111111111,21.111111111
1,0.556,0.0418,0.15,0,0,0,0,0.387,21.111111111,21.111111111
1,0.549,0.103,0.291,0,0,0,0,0.161,21.111111111,21.111111111
1,0.555,0.114,0.238,0,0,0,0,0,21.111111111,21.111111111
1,0.554,0.15,0.24,0,0,0,0,0.209,21.111111111,21.111111111
0.667,0.554,0.163,0.233,0,0,0,0.167,0.252,21.111111111,21.111111111
0.861,0.548,0.263,0.321,0,0,0,1,0.307,21.111111111,21.111111111
0.667,0.552,0.238,0.255,0,0,0,0.517,0.294,21.111111111,21.111111111
0.667,0.552,0.274,0.254,0,0,0,0,0.0418,21.111111111,21.111111111
0.889,0.565,0.402,0.322,0,0,0,0,0.125,21.111111111,21.111111111
0.778,0.587,0.373,0.291,0,0,0,0,0.0418,21.111111111,21.111111111
0.972,0.635,0.482,0.367,0,0,0,0.483,0,17.777777778,21.111111111
1,0.658,0.56,0.423,0,0,0,0,0.0836,17.777777778,26.111111111
1,0.654,0.714,0.526,0,0,0,0,0.209,17.777777778,26.111111111
1,0.632,0.867,0.679,0,0,0,0,0,17.777777778,26.111111111
0.944,0.587,0.705,0.66,0,0,0,0,0.495,17.777777778,26.111111111
0.972,0.556,0.293,0.33,0,0,0,0,0,17.777777778,26.111111111
1,0.541,0.125,0.157,0,0,0,0,0,17.777777778,26.111111111
1,0.534,0.0625,0.09,0,0,0,0,0.0418,17.777777778,26.111111111
1,0.533,0.0356,0.0646,0,0,0,0,0,17.777777778,26.111111111
1,0.533,0.0246,0.0533,0,0,0,0,0.0418,21.111111111,26.111111111
1,0.533,0.0199,0.0505,0,0,0,0,0.209,21.111111111,21.111111111
1,0.554,0.0189,0.0505,0,0,0,0,0.0418,21.111111111,21.111111111
1,0.565,0.0189,0.0505,0,0,0,0,0,21.111111111,21.111111111
1,0.565,0.0189,0.0505,0,0,0,0,0,21.111111111,21.111111111
1,0.558,0.0372,0.13,0,0,0,0,0.181,21.111111111,21.111111111
1,0.553,0.0938,0.251,0,0,0,0,0.653,21.111111111,21.111111111
0.694,0.558,0.0844,0.179,0,0,0,0,0.125,21.111111111,21.111111111
0.667,0.559,0.0957,0.165,0,0,0,0,0.0418,21.111111111,21.111111111
0.667,0.554,0.166,0.231,0,0,0,0,0.0418,21.111111111,21.111111111
0.583,0.558,0.121,0.164,0,0,0,0,0,21.111111111,21.111111111
0.667,0.559,0.129,0.153,0,0,0,0,0.209,21.111111111,21.111111111
0.667,0.559,0.146,0.152,0,0,0,0,0.167,21.111111111,21.111111111
0.667,0.565,0.186,0.169,0,0,0,0,0.217,21.111111111,21.111111111
0.667,0.587,0.324,0.257,0,0,0,0,0.148,21.111111111,21.111111111
0.722,0.617,0.363,0.285,0,0,0,0,0.215,17.777777778,21.111111111
0.778,0.613,0.298,0.242,0,0,0,0,0,17.777777778,26.111111111
0.667,0.624,0.482,0.367,0,0,0,0,0.0418,17.777777778,26.111111111
0.667,0.61,0.584,0.47,0,0,0,0,0,17.777777778,26.111111111
0.667,0.575,0.326,0.325,0,0,0,0,0,17.777777778,26.111111111
0.667,0.566,0.11,0.14,0.182,0.75,0.167,0,0,17.777777778,26.111111111
0.722,0.561,0.0313,0.0619,0,0,0.05,0,0,17.777777778,26.111111111
1,0.556,0.0422,0.0732,0,0,0,0,0,17.777777778,26.111111111
1,0.565,0.0166,0.0505,0,0,0,0,0,17.777777778,26.111111111
1,0.565,0.0166,0.0505,0,0,0,0,0,21.111111111,26.111111111
1,0.565,0.0166,0.0505,0,0,0,0,0,21.111111111,21.111111111
1,0.522,0.0207,0.0516,0,0,0,0,0.387,21.111111111,21.111111111
1,0.5,0.0301,0.09,0,0,0,0,0.447,21.111111111,26.111111111
1,0.512,0.0452,0.192,0,0,0,0,0.25,21.111111111,26.111111111
0.778,0.542,0.0453,0.191,0,0,0,0,0.276,21.111111111,26.111111111
0.667,0.55,0.0755,0.281,0,0,0,0,0.382,21.111111111,26.111111111
0.667,0.552,0.0917,0.287,0,0,0,0,0.237,21.111111111,26.111111111
0.222,0.561,0.0432,0.128,0,0,0,0,0,21.111111111,26.111111111
0,0.565,0.0166,0.0505,0,0,0,0,0,21.111111111,26.111111111
0,0.565,0.0166,0.0505,0,0,0,0,0,21.111111111,26.111111111
0.306,0.559,0.0713,0.144,0,0,0,0.917,0,21.111111111,21.111111111
0.333,0.559,0.0811,0.152,0,0,0,0.283,0,21.111111111,21.111111111
0.556,0.565,0.119,0.195,0,0,0,0.417,0.0836,21.111111111,21.111111111
0.667,0.584,0.176,0.239,0,0,0,1,0,21.111111111,21.111111111
0.667,0.608,0.204,0.232,0,0,0,0.0333,0.292,17.777777778,21.111111111
0.806,0.64,0.373,0.353,0,0,0,0,0.292,17.777777778,26.111111111
1,0.654,0.625,0.526,0,0,0,0,0.209,17.777777778,26.111111111
0.833,0.622,0.66,0.565,0,0,0,0,0.125,17.777777778,26.111111111
1,0.589,0.824,0.817,0,0,0,0,0.0418,17.777777778,26.111111111
1,0.537,0.596,0.687,0,0,0,0,0,17.777777778,26.111111111
0.833,0.512,0.261,0.325,0,0,0,0,0.205,17.777777778,26.111111111
1,0.525,0.0756,0.113,0,0,0,0,0,17.777777778,26.111111111
1,0.554,0.0244,0.059,0,0,0,0,0,17.777777778,26.111111111
1,0.565,0.0166,0.0505,0,0,0,0,0,21.111111111,26.111111111
1,0.565,0.0166,0.0505,0,0,0,0,0,21.111111111,21.111111111
1,0.544,0.0186,0.0511,0,0,0,0,0.209,21.111111111,21.111111111
0.778,0.533,0.0233,0.0702,0,0,0,0,0.167,21.111111111,26.111111111
0.972,0.514,0.0445,0.189,0,0,0,0,0.0418,21.111111111,26.111111111
0.944,0.535,0.0625,0.271,0,0,0,0,0.25,21.111111111,26.111111111
0.667,0.549,0.0776,0.291,0,0,0,0.667,0.138,21.111111111,26.111111111
0.667,0.552,0.0917,0.287,0,0,0,0.05,0,21.111111111,26.111111111
0.667,0.552,0.104,0.279,0.00464,0.667,0,0,0.0836,21.111111111,26.111111111
0.667,0.552,0.115,0.268,0,0.85,0.15,0.417,0.144,21.111111111,26.111111111
0.667,0.552,0.123,0.259,0,0,0.767,1,0.387,21.111111111,26.111111111
0.444,0.556,0.0938,0.187,0,0,0,0.267,0.179,21.111111111,21.111111111
0.111,0.563,0.0372,0.0845,0,0,0,0,0.0418,21.111111111,21.111111111
0,0.565,0.0166,0.0505,0,0,0,0,0,21.111111111,21.111111111
0,0.565,0.0166,0.0505,0,0,0,0,0,21.111111111,21.111111111
0.194,0.582,0.0847,0.115,0,0,0,0,0.203,17.777777778,21.111111111
0.667,0.627,0.306,0.299,0,0,0,0,0.128,17.777777778,26.111111111
0.667,0.605,0.273,0.253,0,0,0,0,0.214,17.777777778,26.111111111
0.806,0.596,0.394,0.355,0,0,0,0,0.679,17.777777778,26.111111111
1,0.575,0.309,0.325,0,0,0,0,0,17.777777778,26.111111111
1,0.556,0.21,0.263,0,0,0,0,0.0792,17.777777778,26.111111111
1,0.564,0.0297,0.0658,0,0,0,0,0,17.777777778,26.111111111
1,0.565,0.0166,0.0505,0,0,0,0,0,17.777777778,26.111111111
1,0.565,0.0166,0.0505,0,0,0,0,0,17.777777778,26.111111111
1,0.565,0.0166,0.0505,0,0,0,0,0,21.111111111,26.111111111
1,0.565,0.0166,0.0505,0,0,0,0,0,21.111111111,21.111111111
1,0.538,0.0192,0.0512,0,0,0,0,0.219,21.111111111,21.111111111
1,0.5,0.0301,0.09,0,0,0,0,0.0745,21.111111111,26.111111111
1,0.528,0.0338,0.131,0,0,0,0,0.263,21.111111111,26.111111111
1,0.55,0.0395,0.161,0,0,0,0,0.183,21.111111111,26.111111111
1,0.553,0.069,0.251,0,0,0,0,0.209,21.111111111,26.111111111
0.944,0.552,0.0917,0.287,0,0,0,0,0.0836,21.111111111,26.111111111
0.611,0.553,0.0962,0.26,0,0,0,0,0.177,21.111111111,26.111111111
0.333,0.559,0.0656,0.159,0,0,0,0,0.123,21.111111111,26.111111111
0.333,0.559,0.0696,0.155,0,0,0,0,0.167,21.111111111,26.111111111
0.333,0.559,0.0758,0.153,0,0,0,0,0.0418,21.111111111,21.111111111
0.333,0.559,0.0811,0.152,0,0,0,0,0,21.111111111,21.111111111
0.333,0.564,0.0881,0.152,0,0,0,0.717,0.0418,21.111111111,21.111111111
0.333,0.576,0.104,0.154,0,0,0,0,0.209,21.111111111,21.111111111
0.333,0.589,0.126,0.159,0,0,0,0,0,17.777777778,21.111111111
0.556,0.618,0.268,0.262,0,0,0,0,0.0418,17.777777778,26.111111111
0.722,0.629,0.46,0.396,0,0,0,0,0.0418,17.777777778,26.111111111
1,0.632,0.799,0.679,0,0,0,0,0,17.777777778,26.111111111
1,0.588,0.78,0.772,0,0,0,0,0.757,17.777777778,26.111111111
1,0.556,0.298,0.352,0,0,0,0,0.376,17.777777778,26.111111111
1,0.541,0.112,0.157,0,0,0,0,0.208,17.777777778,26.111111111
1,0.54,0.05,0.0858,0,0,0,0,0.0836,17.777777778,26.111111111
1,0.565,0.0166,0.0505,0,0,0,0,0,17.777777778,26.111111111
1,0.565,0.0166,0.0505,0,0,0,0,0,21.111111111,26.111111111
1,0.565,0.0166,0.0505,0,0,0,0,0,21.111111111,21.111111111
1,0.565,0.0166,0.0505,0,0,0,0,0,21.111111111,21.111111111
1,0.565,0.0166,0.0505,0,0,0,0,0,21.111111111,26.111111111
1,0.561,0.0194,0.0657,0,0,0,0,0.149,21.111111111,26.111111111
1,0.55,0.0395,0.161,0,0,0,0,0.183,21.111111111,26.111111111
0.778,0.557,0.0471,0.171,0,0,0,0,0.182,21.111111111,26.111111111
0.667,0.559,0.0541,0.169,0,0,0,0,0.209,21.111111111,26.111111111
0.667,0.559,0.0602,0.165,0,0,0,0,0.209,21.111111111,26.111111111
0.667,0.559,0.0656,0.159,0,0,0,0,0.292,21.111111111,26.111111111
0.444,0.559,0.0696,0.155,0,0,0,0,0.167,21.111111111,26.111111111
0.417,0.563,0.0346,0.0849,0,0,0,0,0,21.111111111,21.111111111
0.333,0.565,0.0166,0.0505,0,0,0,0,0,21.111111111,21.111111111
0.333,0.565,0.0166,0.0505,0,0,0,0,0,21.111111111,21.111111111
0.556,0.585,0.142,0.189,0,0,0,0,0.0836,21.111111111,21.111111111
0.611,0.605,0.21,0.247,0,0,0,0,0.125,17.777777778,21.111111111
0.556,0.618,0.268,0.262,0,0,0,0.667,0.209,17.777777778,26.111111111
0.667,0.624,0.422,0.367,0,0,0,0.05,0.125,17.777777778,26.111111111
0.972,0.63,0.781,0.665,0,0,0,0,0.0418,17.777777778,26.111111111
1,0.588,0.78,0.772,0,0,0,0,0,17.777777778,26.111111111
1,0.556,0.232,0.285,0,0,0,0,0,17.777777778,26.111111111
1,0.564,0.0297,0.0658,0,0,0,0,0,17.777777778,26.111111111
1,0.56,0.0205,0.0547,0,0,0,0,0.436,17.777777778,26.111111111
1,0.533,0.0301,0.0646,0,0,0,0,0.343,17.777777778,26.111111111
1,0.533,0.0205,0.0533,0,0,0,0,0.148,21.111111111,26.111111111
1,0.563,0.0167,0.0505,0,0,0,0,0,21.111111111,21.111111111
1,0.565,0.0166,0.0505,0,0,0,0,0,21.111111111,21.111111111
1,0.565,0.0166,0.0505,0,0,0,0,0,21.111111111,26.111111111
1,0.549,0.028,0.111,0,0,0,0,0.209,21.111111111,26.111111111
0.778,0.557,0.0223,0.0809,0,0,0,0,0.0869,21.111111111,26.111111111
0.667,0.565,0.0166,0.0505,0,0,0,0,0,21.111111111,26.111111111
0.444,0.561,0.0432,0.128,0,0,0,0,0.209,21.111111111,26.111111111
0.389,0.558,0.0677,0.183,0.0804,0.167,0,0,0.209,21.111111111,26.111111111
0.667,0.552,0.115,0.268,0.235,0.583,0.417,0,0.56,21.111111111,26.111111111
0.444,0.556,0.0865,0.191,0,0,0.733,0,0,21.111111111,26.111111111
0.333,0.559,0.0758,0.153,0,0,0,0,0.209,21.111111111,21.111111111
0.333,0.559,0.0811,0.152,0,0,0,0,0.167,21.111111111,21.111111111
0.556,0.566,0.138,0.22,0,0,0,0.667,0.251,21.111111111,21.111111111
0.667,0.587,0.192,0.257,0,0,0,0.533,0.167,21.111111111,21.111111111
0.667,0.613,0.235,0.267,0,0,0,0,0.125,17.777777778,21.111111111
0.806,0.635,0.346,0.331,0,0,0,0,0.125,17.777777778,26.111111111
1,0.624,0.422,0.367,0,0,0,0,0,17.777777778,26.111111111
0.778,0.597,0.352,0.318,0,0,0,0,0.0836,17.777777778,26.111111111
0.806,0.574,0.44,0.463,0,0,0,0,0.164,17.777777778,26.111111111
1,0.539,0.569,0.657,0,0,0,0,0.109,17.777777778,26.111111111
1,0.559,0.0822,0.127,0,0,0,0,0,17.777777778,26.111111111
1,0.565,0.0182,0.0505,0,0,0,0,0,17.777777778,26.111111111
1,0.565,0.0189,0.0505,0,0,0,0,0,17.777777778,26.111111111
1,0.565,0.0189,0.0505,0,0,0,0,0,21.111111111,26.111111111
1,0.565,0.0189,0.0505,0,0,0,0,0,21.111111111,21.111111111
1,0.565,0.0189,0.0505,0,0,0,0,0,21.111111111,21.111111111
1,0.565,0.0189,0.0505,0,0,0,0,0,21.111111111,21.111111111
1,0.565,0.0189,0.0505,0,0,0,0,0,21.111111111,21.111111111
1,0.558,0.0372,0.13,0,0,0,0,0.0418,21.111111111,21.111111111
0.889,0.555,0.0774,0.211,0,0,0,0.667,0.389,21.111111111,21.111111111
0.333,0.561,0.0638,0.128,0,0,0,0.05,0.0418,21.111111111,21.111111111
0.333,0.559,0.0957,0.165,0,0,0,0,0.167,21.111111111,21.111111111
0.556,0.554,0.166,0.231,0,0,0,0,0.0836,21.111111111,21.111111111
0.667,0.552,0.208,0.259,0,0,0,0,0.233,21.111111111,21.111111111
0.667,0.552,0.238,0.255,0,0,0,0,0.259,21.111111111,21.111111111
0.667,0.552,0.274,0.254,0,0,0,0,0.0418,21.111111111,21.111111111
0.667,0.564,0.304,0.254,0,0,0,0,0.0418,21.111111111,21.111111111
0.667,0.587,0.324,0.257,0,0,0,0,0.167,21.111111111,21.111111111
0.667,0.613,0.336,0.267,0,0,0,0,0.251,17.777777778,21.111111111
0.667,0.627,0.38,0.299,0,0,0,0.483,0.0418,17.777777778,26.111111111
0.361,0.597,0.266,0.22,0,0,0,0,0.167,17.777777778,26.111111111
0.639,0.607,0.563,0.455,0,0,0,0,0.187,17.777777778,26.111111111
0.667,0.58,0.4,0.382,0,0,0,0,0.125,17.777777778,26.111111111
0.667,0.556,0.224,0.263,0,0,0,0,0.157,17.777777778,26.111111111
0.722,0.555,0.0883,0.123,0,0,0,0,0.165,17.777777778,26.111111111
1,0.563,0.0251,0.0562,0,0,0,0,0.0165,17.777777778,26.111111111
1,0.565,0.0189,0.0505,0,0,0,0,0,17.777777778,26.111111111
1,0.565,0.0189,0.0505,0,0,0,0,0,21.111111111,26.111111111
1,0.565,0.0189,0.0505,0,0,0,0,0,21.111111111,21.111111111
1,0.565,0.0189,0.0505,0,0,0,0,0,21.111111111,21.111111111
1,0.565,0.0189,0.0505,0,0,0,0,0,21.111111111,21.111111111
1,0.565,0.0189,0.0505,0,0,0,0,0,21.111111111,21.111111111
1,0.558,0.0372,0.13,0,0,0,0.483,0.125,21.111111111,21.111111111
1,0.557,0.0609,0.171,0,0,0,0,0,21.111111111,21.111111111
1,0.558,0.0915,0.188,0,0,0,0,0.0601,21.111111111,21.111111111
1,0.552,0.172,0.279,0,0,0,0,0.129,21.111111111,21.111111111
0.778,0.556,0.133,0.197,0,0,0,0,0.225,21.111111111,21.111111111
0.667,0.559,0.114,0.155,0,0,0,0,0.125,21.111111111,21.111111111
0.667,0.558,0.148,0.17,0,0,0,0,0.354,21.111111111,21.111111111
0.667,0.552,0.274,0.254,0,0,0,0,0.237,21.111111111,21.111111111
0.667,0.564,0.304,0.254,0,0,0,0.667,0.403,21.111111111,21.111111111
0.667,0.587,0.324,0.257,0,0,0,0.05,0.278,21.111111111,21.111111111
0.667,0.613,0.336,0.267,0,0,0,0,0.0418,17.777777778,21.111111111
0.667,0.627,0.38,0.299,0,0,0,0,0.0836,17.777777778,26.111111111
0.806,0.636,0.587,0.439,0,0,0,0,0.165,17.777777778,26.111111111
1,0.632,0.867,0.679,0,0,0,0,0.0978,17.777777778,26.111111111
1,0.587,0.682,0.638,0,0,0,0,0,17.777777778,26.111111111
1,0.556,0.316,0.352,0,0,0,0,0.13,17.777777778,26.111111111
1,0.541,0.125,0.157,0,0,0,0,0,17.777777778,26.111111111
1,0.534,0.0578,0.09,0,0,0,0,0.0418,17.777777778,26.111111111
1,0.533,0.0301,0.0646,0,0,0,0,0,17.777777778,26.111111111
1,0.533,0.0205,0.0533,0,0,0,0,0,21.111111111,26.111111111
1,0.533,0.0171,0.0505,0,0,0,0,0.0418,21.111111111,21.111111111
1,0.554,0.0166,0.0505,0,0,0,0,0.0418,21.111111111,21.111111111
1,0.552,0.0201,0.0627,0,0,0,0,0.21,21.111111111,26.111111111
1,0.534,0.0338,0.136,0,0,0,0,0.386,21.111111111,26.111111111
0.861,0.539,0.0517,0.221,0,0,0,0,0.109,21.111111111,26.111111111
0.667,0.553,0.069,0.251,0,0,0,0,0.0715,21.111111111,26.111111111
0.667,0.552,0.0917,0.287,0,0,0,0.917,0.207,21.111111111,26.111111111
0.528,0.555,0.0848,0.232,0,0,0,0.283,0.203,21.111111111,26.111111111
0.333,0.559,0.0656,0.159,0,0,0,0,0.0932,21.111111111,26.111111111
0.472,0.556,0.0921,0.198,0,0,0,0.417,0.125,21.111111111,26.111111111
0.528,0.555,0.109,0.212,0,0,0,0.783,0.0836,21.111111111,21.111111111
0.333,0.559,0.0811,0.152,0,0,0,0,0.251,21.111111111,21.111111111
0.472,0.565,0.119,0.195,0,0,0,0,0.163,21.111111111,21.111111111
0.361,0.576,0.11,0.162,0,0,0,0,0.125,21.111111111,21.111111111
0.333,0.589,0.126,0.159,0,0,0,0,0.125,17.777777778,21.111111111
0.639,0.625,0.297,0.289,0,0,0,0,0.0836,17.777777778,26.111111111
0.972,0.651,0.612,0.515,0,0,0,0,0,17.777777778,26.111111111
1,0.632,0.799,0.679,0,0,0,0,0,17.777777778,26.111111111
1,0.589,0.824,0.817,0,0,0,0,0.114,17.777777778,26.111111111
1,0.549,0.398,0.467,0,0,0,0,0,17.777777778,26.111111111
1,0.564,0.0297,0.0658,0,0,0,0,0,17.777777778,26.111111111
1,0.565,0.0166,0.0505,0,0,0,0,0,17.777777778,26.111111111
1,0.565,0.0166,0.0505,0,0,0,0,0,17.777777778,26.111111111
1,0.565,0.0166,0.0505,0,0,0,0,0,21.111111111,26.111111111
1,0.565,0.0166,0.0505,0,0,0,0,0,21.111111111,21.111111111
1,0.544,0.0186,0.0511,0,0,0,0,0.251,21.111111111,21.111111111
1,0.527,0.0248,0.0751,0,0,0,0,0,21.111111111,26.111111111
1,0.512,0.0452,0.192,0,0,0,0.167,0.125,21.111111111,26.111111111
1,0.527,0.0797,0.351,0,0,0,0.55,0.752,21.111111111,26.111111111
0.778,0.545,0.0862,0.331,0,0,0,0,0.554,21.111111111,26.111111111
0.222,0.561,0.0385,0.131,0,0,0,0,0,21.111111111,26.111111111
0.306,0.559,0.0568,0.155,0,0,0,0,0.173,21.111111111,26.111111111
0.333,0.559,0.0656,0.159,0,0,0,0,0.145,21.111111111,26.111111111
0.583,0.554,0.109,0.233,0,0,0,0,0.125,21.111111111,26.111111111
0.333,0.559,0.0758,0.153,0,0,0,0,0.167,21.111111111,21.111111111
0.389,0.558,0.092,0.169,0,0,0,0,0.125,21.111111111,21.111111111
0.667,0.564,0.16,0.254,0,0,0,0,0.167,21.111111111,21.111111111
0.667,0.577,0.129,0.188,0,0,0,0,0,21.111111111,21.111111111
0.667,0.611,0.227,0.258,0,0,0,0.717,0,17.777777778,21.111111111
0.667,0.627,0.306,0.299,0,0,0,0,0.0418,17.777777778,26.111111111
0.667,0.624,0.422,0.367,0,0,0,0,0.0418,17.777777778,26.111111111
0.972,0.622,0.664,0.57,0,0,0,0,0.142,17.777777778,26.111111111
1,0.581,0.511,0.517,0,0,0,0,0.0418,17.777777778,26.111111111
1,0.566,0.105,0.14,0,0,0,0,0,17.777777778,26.111111111
1,0.565,0.0166,0.0505,0,0,0,0,0,17.777777778,26.111111111
1,0.565,0.0166,0.0505,0,0,0,0,0,17.777777778,26.111111111
1,0.565,0.0166,0.0505,0,0,0,0,0,17.777777778,26.111111111
1,0.565,0.0166,0.0505,0,0,0,0,0,21.111111111,26.111111111
1,0.565,0.0166,0.0505,0,0,0,0,0,21.111111111,21.111111111
1,0.565,0.0166,0.0505,0,0,0,0,0,21.111111111,21.111111111
1,0.544,0.0223,0.07,0,0,0,0,0.446,21.111111111,26.111111111
1,0.534,0.0338,0.136,0,0,0,0,0.2,21.111111111,26.111111111
1,0.537,0.0582,0.251,0,0,0,0.667,0.471,21.111111111,26.111111111
0.639,0.561,0.0352,0.121,0,0,0,1,0.125,21.111111111,26.111111111
0.556,0.556,0.0698,0.206,0,0,0,0.5,0.251,21.111111111,26.111111111
0.361,0.558,0.0635,0.174,0,0,0,0,0.0836,21.111111111,26.111111111
0.333,0.559,0.0656,0.159,0,0,0,0,0.0418,21.111111111,26.111111111
0.333,0.559,0.0696,0.155,0,0,0,0,0.0836,21.111111111,26.111111111
0.333,0.559,0.0758,0.153,0,0,0,0,0,21.111111111,21.111111111
0.333,0.559,0.0811,0.152,0,0,0,0,0.0418,21.111111111,21.111111111
0.333,0.564,0.0881,0.152,0,0,0,0,0.376,21.111111111,21.111111111
0.333,0.576,0.104,0.154,0,0,0,0,0.0836,21.111111111,21.111111111
0.333,0.589,0.126,0.159,0,0,0,0,0.692,17.777777778,21.111111111
0.639,0.625,0.297,0.289,0,0,0,0.417,0.146,17.777777778,26.111111111
0.75,0.632,0.462,0.4,0,0,0,1,0,17.777777778,26.111111111
0.722,0.613,0.585,0.508,0,0,0,0.0333,0.0836,17.777777778,26.111111111
0.917,0.588,0.758,0.75,0,0,0,0,0,17.777777778,26.111111111
1,0.539,0.569,0.657,0,0,0,0,0.47,17.777777778,26.111111111
1,0.555,0.122,0.173,0,0,0,0,0,17.777777778,26.111111111
1,0.565,0.0166,0.0505,0,0,0,0,0,17.777777778,26.111111111
1,0.565,0.0166,0.0505,0,0,0,0,0,17.777777778,26.111111111
1,0.565,0.0166,0.0505,0,0,0,0,0,21.111111111,26.111111111
1,0.565,0.0166,0.0505,0,0,0,0,0,21.111111111,21.111111111
1,0.565,0.0166,0.0505,0,0,0,0,0,21.111111111,21.111111111
0.944,0.557,0.0187,0.0578,0,0,0,0,0.0836,21.111111111,26.111111111
0.806,0.545,0.0309,0.127,0,0,0,0.167,0.0836,21.111111111,26.111111111
0.694,0.546,0.0453,0.188,0,0,0,0.0667,0.546,21.111111111,26.111111111
0.306,0.556,0.042,0.161,0,0,0,0,0.408,21.111111111,26.111111111
0,0.565,0.0166,0.0505,0,0,0,0,0,21.111111111,26.111111111
0,0.565,0.0166,0.0505,0,0,0,0,0,21.111111111,26.111111111
0,0.565,0.0166,0.0505,0,0,0,0,0,21.111111111,26.111111111
0,0.565,0.0166,0.0505,0,0,0,0,0,21.111111111,26.111111111
0,0.565,0.0166,0.0505,0,0,0,0,0,21.111111111,21.111111111
0.0556,0.564,0.0275,0.0675,0,0,0,0,0,21.111111111,21.111111111
0.639,0.564,0.154,0.246,0,0,0,0,0.125,21.111111111,21.111111111
0.667,0.587,0.192,0.257,0,0,0,0,0.125,21.111111111,21.111111111
0.667,0.613,0.235,0.267,0,0,0,0.667,0.529,17.777777778,21.111111111
0.889,0.649,0.412,0.386,0,0,0,0.533,0.241,17.777777778,26.111111111
1,0.654,0.625,0.526,0,0,0,0,0.234,17.777777778,26.111111111
1,0.632,0.799,0.679,0,0,0,0.667,0.313,17.777777778,26.111111111
1,0.588,0.78,0.772,0,0,0,0.05,0.324,17.777777778,26.111111111
1,0.549,0.376,0.444,0,0,0,0,0,17.777777778,26.111111111
1,0.546,0.102,0.146,0,0,0,0,0.0836,17.777777778,26.111111111
1,0.565,0.0166,0.0505,0,0,0,0,0,17.777777778,26.111111111
1,0.565,0.0166,0.0505,0,0,0,0,0,17.777777778,26.111111111
1,0.565,0.0166,0.0505,0,0,0,0,0,21.111111111,26.111111111
1,0.565,0.0166,0.0505,0,0,0,0,0,21.111111111,21.111111111
1,0.565,0.0166,0.0505,0,0,0,0,0,21.111111111,21.111111111
1,0.565,0.0166,0.0505,0,0,0,0,0,21.111111111,26.111111111
1,0.549,0.028,0.111,0,0,0,0.667,0.125,21.111111111,26.111111111
0.944,0.537,0.0696,0.301,0,0,0,0.783,0.213,21.111111111,26.111111111
0.667,0.554,0.0557,0.211,0,0,0,0,0.171,21.111111111,26.111111111
0.667,0.559,0.0541,0.169,0,0,0,0,0.0418,21.111111111,26.111111111
0.667,0.559,0.0602,0.165,0,0,0,0,0.0418,21.111111111,26.111111111
0.667,0.559,0.0656,0.159,0,0,0,0,0.0418,21.111111111,26.111111111
0.667,0.554,0.106,0.224,0.241,0.417,0,0.417,0.125,21.111111111,26.111111111
0.667,0.552,0.135,0.255,0,0.333,0.217,0.3,0.251,21.111111111,21.111111111
0.611,0.553,0.135,0.237,0,0,0,0,0.376,21.111111111,21.111111111
0.472,0.565,0.119,0.195,0,0,0,0,0.0836,21.111111111,21.111111111
0.667,0.587,0.192,0.257,0,0,0,0.667,0.0836,21.111111111,21.111111111
0.667,0.613,0.235,0.267,0,0,0,0.05,0.0418,17.777777778,21.111111111
0.667,0.627,0.306,0.299,0,0,0,0,0.125,17.777777778,26.111111111
0.972,0.651,0.612,0.515,0,0,0,0,0.209,17.777777778,26.111111111
1,0.632,0.799,0.679,0,0,0,0,0.0963,17.777777778,26.111111111
1,0.587,0.648,0.638,0,0,0,0,0.0418,17.777777778,26.111111111
1,0.546,0.403,0.475,0,0,0,0,0,17.777777778,26.111111111
1,0.517,0.208,0.264,0,0,0,0,0.135,17.777777778,26.111111111
1,0.508,0.0943,0.125,0,0,0,0,0.113,17.777777778,26.111111111
1,0.554,0.0283,0.059,0,0,0,0,0,17.777777778,26.111111111
1,0.565,0.0189,0.0505,0,0,0,0,0,21.111111111,26.111111111
1,0.565,0.0189,0.0505,0,0,0,0,0,21.111111111,21.111111111
1,0.565,0.0189,0.0505,0,0,0,0,0,21.111111111,21.111111111
1,0.565,0.0189,0.0505,0,0,0,0,0,21.111111111,21.111111111
1,0.549,0.0273,0.111,0,0,0,0,0,21.111111111,21.111111111
1,0.548,0.0459,0.181,0,0,0,0,0.0418,21.111111111,21.111111111
1,0.548,0.111,0.311,0,0,0,0,0.209,21.111111111,21.111111111
0.694,0.551,0.146,0.297,0.448,0.75,0.167,0,0,21.111111111,21.111111111
0.611,0.553,0.159,0.26,0.32,0,0.517,0,0.0836,21.111111111,21.111111111
0.333,0.559,0.106,0.159,0.521,0,0,0,0,21.111111111,21.111111111
0.333,0.559,0.114,0.155,0.632,0,0,0,0.0836,21.111111111,21.111111111
0.333,0.559,0.129,0.153,0.476,0,0,0,0.167,21.111111111,21.111111111
0.333,0.559,0.146,0.152,0.57,0,0,0,0.167,21.111111111,21.111111111
0.333,0.564,0.162,0.152,0.238,0,0,0,0.0836,21.111111111,21.111111111
0.639,0.584,0.286,0.231,0.694,0,0,0,0.209,21.111111111,21.111111111
0.667,0.589,0.178,0.159,0.556,0,0,0,0.0836,17.777777778,21.111111111
0.889,0.618,0.326,0.262,0.73,0,0,0,0.209,17.777777778,26.111111111
1,0.636,0.587,0.439,0,0,0,0,0.0418,17.777777778,26.111111111
1,0.632,0.867,0.679,0,0,0,0,0.139,17.777777778,26.111111111
1,0.587,0.637,0.593,0,0,0,0,0.743,17.777777778,26.111111111
1,0.556,0.224,0.263,0,0,0,0,0,17.777777778,26.111111111
1,0.541,0.125,0.157,0,0,0,0,0,17.777777778,26.111111111
1,0.534,0.0625,0.09,0,0,0,0,0,17.777777778,26.111111111
1,0.533,0.0356,0.0646,0,0,0,0,0.251,17.777777778,26.111111111
1,0.533,0.0246,0.0533,0,0,0,0,0,21.111111111,26.111111111
1,0.533,0.0199,0.0505,0,0,0,0,0.0418,21.111111111,21.111111111
1,0.554,0.0189,0.0505,0,0,0,0,0,21.111111111,21.111111111
1,0.565,0.0189,0.0505,0,0,0,0,0,21.111111111,21.111111111
1,0.549,0.0273,0.111,0,0,0,0,0.0418,21.111111111,21.111111111
1,0.537,0.0627,0.264,0,0,0,0,0.262,21.111111111,21.111111111
1,0.545,0.136,0.372,0,0,0,0,0.327,21.111111111,21.111111111
0.778,0.55,0.158,0.327,0,0,0,0,0.292,21.111111111,21.111111111
0.667,0.555,0.139,0.232,0,0,0,0,0.0418,21.111111111,21.111111111
0.667,0.554,0.166,0.231,0,0,0,0,0,21.111111111,21.111111111
0.667,0.552,0.208,0.259,0,0,0,0,0.167,21.111111111,21.111111111
0.667,0.552,0.238,0.255,0,0,0,0,0.501,21.111111111,21.111111111
0.667,0.552,0.274,0.254,0,0,0,0,0.0418,21.111111111,21.111111111
0.667,0.564,0.304,0.254,0,0,0,0,0,21.111111111,21.111111111
0.667,0.587,0.324,0.257,0,0,0,0,0.0836,21.111111111,21.111111111
0.667,0.613,0.336,0.267,0,0,0,0.667,0.0836,17.777777778,21.111111111
0.667,0.627,0.38,0.299,0,0,0,0.05,0,17.777777778,26.111111111
0.667,0.624,0.482,0.367,0,0,0,0,0.0418,17.777777778,26.111111111
0.667,0.61,0.584,0.47,0,0,0,0,0,17.777777778,26.111111111
0.889,0.581,0.583,0.561,0,0,0,0,0.0418,17.777777778,26.111111111
1,0.546,0.429,0.475,0,0,0,0,0.174,17.777777778,26.111111111
1,0.522,0.22,0.252,0,0,0,0,0.137,17.777777778,26.111111111
1,0.534,0.0578,0.09,0,0,0,0,0.12,17.777777778,26.111111111
1,0.533,0.0301,0.0646,0,0,0,0,0.359,17.777777778,26.111111111
1,0.533,0.0205,0.0533,0,0,0,0,0,21.111111111,26.111111111
1,0.533,0.0171,0.0505,0,0,0,0,0.0836,21.111111111,21.111111111
1,0.554,0.0166,0.0505,0,0,0,0,0,21.111111111,21.111111111
1,0.565,0.0166,0.0505,0,0,0,0,0,21.111111111,26.111111111
1,0.545,0.0309,0.127,0,0,0,0,0.107,21.111111111,26.111111111
1,0.535,0.0625,0.271,0,0,0,0,0.632,21.111111111,26.111111111
1,0.549,0.0776,0.291,0,0,0,0,0.236,21.111111111,26.111111111
0.778,0.556,0.0651,0.209,0,0,0,0,0.338,21.111111111,26.111111111
0.667,0.554,0.0904,0.24,0,0,0,0,0.274,21.111111111,26.111111111
0.667,0.552,0.115,0.268,0,0,0,0.717,0.0769,21.111111111,26.111111111
0.667,0.552,0.123,0.259,0,0,0,0,0.0836,21.111111111,26.111111111
0.444,0.556,0.0938,0.187,0,0,0,0,0.479,21.111111111,21.111111111
0.333,0.559,0.0811,0.152,0,0,0,0,0.754,21.111111111,21.111111111
0.472,0.565,0.119,0.195,0,0,0,0.667,0.0418,21.111111111,21.111111111
0.667,0.576,0.11,0.162,0,0,0,0.783,0.0836,21.111111111,21.111111111
0.667,0.589,0.126,0.159,0,0,0,0,0.167,17.777777778,21.111111111
0.667,0.596,0.162,0.175,0,0,0,0,0,17.777777778,26.111111111
0.806,0.606,0.313,0.281,0,0,0,0.667,0.171,17.777777778,26.111111111
1,0.59,0.296,0.274,0,0,0,0.783,0.134,17.777777778,26.111111111
1,0.579,0.531,0.542,0,0,0,0,0.16,17.777777778,26.111111111
1,0.563,0.232,0.276,0,0,0,0,0.164,17.777777778,26.111111111
1,0.565,0.0166,0.0505,0,0,0,0,0,17.777777778,26.111111111
1,0.565,0.0166,0.0505,0,0,0,0,0,17.777777778,26.111111111
1,0.565,0.0166,0.0505,0,0,0,0,0,17.777777778,26.111111111
1,0.565,0.0166,0.0505,0,0,0,0,0,21.111111111,26.111111111
1,0.565,0.0166,0.0505,0,0,0,0,0,21.111111111,21.111111111
1,0.565,0.0166,0.0505,0,0,0,0,0,21.111111111,21.111111111
1,0.565,0.0166,0.0505,0,0,0,0,0,21.111111111,26.111111111
1,0.561,0.0194,0.0657,0,0,0,0.167,0,21.111111111,26.111111111
0.722,0.552,0.0352,0.141,0,0,0,1,0.0418,21.111111111,26.111111111
0.333,0.565,0.0166,0.0505,0,0,0,0.0333,0,21.111111111,26.111111111
0.556,0.565,0.0166,0.0505,0,0,0,0,0,21.111111111,26.111111111
0.667,0.565,0.0166,0.0505,0,0,0,0,0,21.111111111,26.111111111
0.583,0.556,0.0844,0.193,0,0,0,0.167,0.222,21.111111111,26.111111111
0.583,0.554,0.109,0.233,0,0,0,0.55,0.167,21.111111111,26.111111111
0.444,0.556,0.0938,0.187,0,0,0,0,0.0836,21.111111111,21.111111111
0.333,0.559,0.0811,0.152,0,0,0,0,0.209,21.111111111,21.111111111
0.333,0.564,0.0881,0.152,0,0,0,0,0.251,21.111111111,21.111111111
0.417,0.58,0.128,0.18,0,0,0,0,0.292,21.111111111,21.111111111
0.333,0.589,0.126,0.159,0,0,0,0,0.125,17.777777778,21.111111111
0.639,0.625,0.297,0.289,0,0,0,0,0.209,17.777777778,26.111111111
0.806,0.636,0.516,0.439,0,0,0,0,0.335,17.777777778,26.111111111
1,0.632,0.799,0.679,0,0,0,0,0.155,17.777777778,26.111111111
1,0.588,0.78,0.772,0,0,0,0,0,17.777777778,26.111111111
1,0.566,0.127,0.163,0,0,0,0,0,17.777777778,26.111111111
1,0.565,0.0166,0.0505,0,0,0,0,0,17.777777778,26.111111111
1,0.565,0.0166,0.0505,0,0,0,0,0,17.777777778,26.111111111
1,0.565,0.0166,0.0505,0,0,0,0,0,17.777777778,26.111111111
1,0.565,0.0166,0.0505,0,0,0,0,0,21.111111111,26.111111111
1,0.565,0.0166,0.0505,0,0,0,0,0,21.111111111,21.111111111
1,0.544,0.0186,0.0511,0,0,0,0,0.257,21.111111111,21.111111111
1,0.533,0.0233,0.0702,0,0,0,0,0.471,21.111111111,26.111111111
0.778,0.554,0.0194,0.0603,0,0,0,0,0.0418,21.111111111,26.111111111
0.667,0.552,0.0381,0.153,0,0,0,0,0.223,21.111111111,26.111111111
0.5,0.556,0.0526,0.191,0,0,0,0,0.2,21.111111111,26.111111111
0.667,0.552,0.0917,0.287,0,0,0,0,0.508,21.111111111,26.111111111
0.611,0.553,0.0962,0.26,0,0,0,0,0.291,21.111111111,26.111111111
0.333,0.559,0.0656,0.159,0,0,0,0,0.212,21.111111111,26.111111111
0.333,0.559,0.0696,0.155,0,0,0,0,0.131,21.111111111,26.111111111
0.389,0.558,0.0861,0.17,0,0,0,0,0.125,21.111111111,21.111111111
0.667,0.552,0.146,0.254,0,0,0,0,0.125,21.111111111,21.111111111
0.444,0.562,0.11,0.186,0,0,0,0,0.389,21.111111111,21.111111111
0.194,0.57,0.0649,0.11,0,0,0,0,0.109,21.111111111,21.111111111
0.0556,0.57,0.036,0.069,0,0,0,0,0,17.777777778,21.111111111
0.556,0.618,0.268,0.262,0,0,0,0,0.125,17.777777778,26.111111111
0.667,0.624,0.422,0.367,0,0,0,0,0.167,17.777777778,26.111111111
0.667,0.61,0.538,0.47,0,0,0,0,0,17.777777778,26.111111111
0.889,0.582,0.731,0.741,0,0,0,0,0.0655,17.777777778,26.111111111
1,0.547,0.491,0.565,0,0,0,0,0.0418,17.777777778,26.111111111
1,0.541,0.154,0.207,0,0,0,0,0,17.777777778,26.111111111
1,0.565,0.0166,0.0505,0,0,0,0,0,17.777777778,26.111111111
1,0.565,0.0166,0.0505,0,0,0,0,0,17.777777778,26.111111111
1,0.565,0.0166,0.0505,0,0,0,0,0,21.111111111,26.111111111
1,0.565,0.0166,0.0505,0,0,0,0,0,21.111111111,21.111111111
1,0.565,0.0166,0.0505,0,0,0,0,0,21.111111111,21.111111111
1,0.565,0.0166,0.0505,0,0,0,0,0,21.111111111,26.111111111
0.778,0.549,0.028,0.111,0,0,0,0,0.253,21.111111111,26.111111111
0.667,0.543,0.0567,0.241,0,0,0,0,0.478,21.111111111,26.111111111
0.528,0.552,0.0639,0.241,0,0,0,0,0.267,21.111111111,26.111111111
0.333,0.559,0.0541,0.169,0,0,0,0,0.165,21.111111111,26.111111111
0.333,0.559,0.0602,0.165,0,0,0,0,0.299,21.111111111,26.111111111
0.333,0.559,0.0656,0.159,0,0,0,0,0.0418,21.111111111,26.111111111
0.333,0.559,0.0696,0.155,0,0,0,0,0.251,21.111111111,26.111111111
0.333,0.559,0.0758,0.153,0,0,0,0,0.125,21.111111111,21.111111111
0.333,0.559,0.0811,0.152,0,0,0,0,0.0836,21.111111111,21.111111111
0.333,0.564,0.0881,0.152,0,0,0,0,0.0836,21.111111111,21.111111111
0.333,0.576,0.104,0.154,0,0,0,0,0.0418,21.111111111,21.111111111
0.5,0.6,0.178,0.212,0,0,0,0,0.209,17.777777778,21.111111111
0.472,0.61,0.228,0.229,0,0,0,0.417,0.0418,17.777777778,26.111111111
0.806,0.636,0.516,0.439,0,0,0,1,0.209,17.777777778,26.111111111
1,0.632,0.799,0.679,0,0,0,0.267,0.0418,17.777777778,26.111111111
1,0.589,0.824,0.817,0,0,0,0,0.0418,17.777777778,26.111111111
1,0.537,0.596,0.687,0,0,0,0,0.162,17.777777778,26.111111111
1,0.512,0.261,0.325,0,0,0,0,0.14,17.777777778,26.111111111
1,0.508,0.0873,0.125,0,0,0,0,0,17.777777778,26.111111111
1,0.533,0.0301,0.0646,0,0,0,0,0,17.777777778,26.111111111
1,0.533,0.0205,0.0533,0,0,0,0,0.292,21.111111111,26.111111111
1,0.533,0.0171,0.0505,0,0,0,0,0.0836,21.111111111,21.111111111
0.694,0.563,0.0166,0.0505,0,0,0,0,0,21.111111111,21.111111111
0.667,0.565,0.0166,0.0505,0,0,0,0,0,21.111111111,26.111111111
0.667,0.549,0.028,0.111,0.464,0.667,0,0,0.0836,21.111111111,26.111111111
0.667,0.543,0.0567,0.241,0.4,0.0833,0.45,0,0.344,21.111111111,26.111111111
0.611,0.55,0.0721,0.271,0,0,0,0,0.617,21.111111111,26.111111111
0.333,0.559,0.0541,0.169,0,0,0,0.417,0.298,21.111111111,26.111111111
0.333,0.559,0.0602,0.165,0,0,0,0.3,0,21.111111111,26.111111111
0.333,0.559,0.0656,0.159,0,0,0,0,0.0418,21.111111111,26.111111111
0.389,0.558,0.0786,0.172,0,0,0,0,0,21.111111111,26.111111111
0.667,0.552,0.135,0.255,0,0,0,0,0.0836,21.111111111,21.111111111
0.444,0.556,0.102,0.186,0,0,0,0,0.0418,21.111111111,21.111111111
0.333,0.564,0.0881,0.152,0,0,0,0,0.292,21.111111111,21.111111111
0.333,0.576,0.104,0.154,0,0,0,0,0,21.111111111,21.111111111
0.333,0.589,0.126,0.159,0,0,0,0,0.0418,17.777777778,21.111111111
0.472,0.61,0.228,0.229,0,0,0,0,0.218,17.777777778,26.111111111
0.972,0.651,0.612,0.515,0,0,0,0,0.434,17.777777778,26.111111111
1,0.632,0.799,0.679,0,0,0,0,0.253,17.777777778,26.111111111
1,0.581,0.402,0.401,0,0,0,0,0,17.777777778,26.111111111
1,0.558,0.183,0.232,0,0,0,0,0.0836,17.777777778,26.111111111
1,0.565,0.0166,0.0505,0,0,0,0,0,17.777777778,26.111111111
1,0.565,0.0182,0.0505,0,0,0,0,0,17.777777778,26.111111111
1,0.565,0.0189,0.0505,0,0,0,0,0,17.777777778,26.111111111
1,0.565,0.0189,0.0505,0,0,0,0,0,21.111111111,26.111111111
1,0.565,0.0189,0.0505,0,0,0,0,0,21.111111111,21.111111111
1,0.565,0.0189,0.0505,0,0,0,0,0,21.111111111,21.111111111
1,0.565,0.0189,0.0505,0,0,0,0,0,21.111111111,21.111111111
1,0.565,0.0189,0.0505,0,0,0,0,0,21.111111111,21.111111111
1,0.563,0.0235,0.0705,0,0,0,0,0.0418,21.111111111,21.111111111
0.694,0.56,0.0541,0.141,0,0,0,0,0.0418,21.111111111,21.111111111
0.667,0.554,0.125,0.246,0,0,0,0.667,0.0836,21.111111111,21.111111111
0.667,0.552,0.172,0.279,0,0,0,0.05,0.0418,21.111111111,21.111111111
0.667,0.552,0.193,0.268,0,0,0,0,0.0836,21.111111111,21.111111111
0.667,0.552,0.208,0.259,0,0,0,0,0.267,21.111111111,21.111111111
0.667,0.552,0.238,0.255,0,0,0,0,0.323,21.111111111,21.111111111
0.889,0.548,0.363,0.322,0,0,0,0,0.0418,21.111111111,21.111111111
0.778,0.561,0.348,0.288,0,0,0,0,0.46,21.111111111,21.111111111
0.667,0.587,0.324,0.257,0,0,0,0,0.418,21.111111111,21.111111111
0.722,0.617,0.363,0.285,0,0,0,0.667,0.0418,17.777777778,21.111111111
1,0.658,0.56,0.423,0,0,0,1,0.0836,17.777777778,26.111111111
0.694,0.627,0.498,0.378,0,0,0,0.5,0,17.777777778,26.111111111
0.667,0.61,0.584,0.47,0,0,0,0,0,17.777777778,26.111111111
0.667,0.581,0.583,0.561,0,0,0,0,0,17.777777778,26.111111111
0.667,0.549,0.401,0.444,0,0,0,0,0,17.777777778,26.111111111
0.889,0.541,0.125,0.157,0,0,0,0,0,17.777777778,26.111111111
1,0.556,0.0437,0.0732,0,0,0,0,0,17.777777778,26.111111111
1,0.552,0.0235,0.054,0,0,0,0,0,17.777777778,26.111111111
1,0.533,0.0246,0.0533,0,0,0,0,0.167,21.111111111,26.111111111
1,0.533,0.0199,0.0505,0,0,0,0,0.251,21.111111111,21.111111111
1,0.554,0.0189,0.0505,0,0,0,0,0,21.111111111,21.111111111
1,0.565,0.0189,0.0505,0,0,0,0,0,21.111111111,21.111111111
1,0.565,0.0189,0.0505,0,0,0,0,0,21.111111111,21.111111111
1,0.558,0.0372,0.13,0,0,0,0,0.163,21.111111111,21.111111111
1,0.553,0.0938,0.251,0,0,0,0.667,0.205,21.111111111,21.111111111
1,0.552,0.142,0.287,0,0,0,0.533,0.164,21.111111111,21.111111111
0.944,0.549,0.213,0.335,0.539,0.75,0.167,0,0.0836,21.111111111,21.111111111
0.667,0.552,0.193,0.268,0.631,0,0.05,0,0,21.111111111,21.111111111
0.667,0.552,0.208,0.259,0.357,0,0,0,0.167,21.111111111,21.111111111
0.667,0.552,0.238,0.255,0.607,0,0,0,0.262,21.111111111,21.111111111
0.667,0.552,0.274,0.254,0.85,0,0,0,0.185,21.111111111,21.111111111
0.667,0.564,0.304,0.254,0.753,0,0,0,0.167,21.111111111,21.111111111
0.667,0.587,0.324,0.257,0.577,0,0,0,0.0418,21.111111111,21.111111111
0.889,0.613,0.336,0.267,0.478,0,0,0,0.334,17.777777778,21.111111111
1,0.627,0.38,0.299,0.445,0,0,0,0.0418,17.777777778,26.111111111
1,0.624,0.482,0.367,0.723,0,0,0,0,17.777777778,26.111111111
1,0.61,0.584,0.47,0.385,0,0,0,0,17.777777778,26.111111111
1,0.58,0.4,0.382,0,0,0,0,0,17.777777778,26.111111111
1,0.556,0.224,0.263,0,0,0,0,0.271,17.777777778,26.111111111
1,0.541,0.125,0.157,0,0,0,0,0,17.777777778,26.111111111
1,0.555,0.0471,0.0795,0,0,0,0,0,17.777777778,26.111111111
1,0.565,0.0166,0.0505,0,0,0,0,0,17.777777778,26.111111111
1,0.565,0.0166,0.0505,0,0,0,0,0,21.111111111,26.111111111
1,0.565,0.0166,0.0505,0,0,0,0,0,21.111111111,21.111111111
0.944,0.565,0.0166,0.0505,0,0,0,0,0,21.111111111,21.111111111
0.667,0.565,0.0166,0.0505,0,0,0,0,0,21.111111111,26.111111111
0.667,0.571,0.0261,0.114,0,0,0,0,0.112,21.111111111,26.111111111
0.667,0.584,0.0359,0.166,0,0,0,0,0.16,21.111111111,26.111111111
0.667,0.598,0.0472,0.199,0,0,0,0,0.182,21.111111111,26.111111111
0.139,0.577,0.0282,0.104,0,0,0,0,0,21.111111111,26.111111111
0.139,0.577,0.0328,0.102,0,0,0,0,0.0836,21.111111111,26.111111111
0.333,0.594,0.0587,0.17,0,0,0,0,0.0836,21.111111111,26.111111111
0.333,0.594,0.0621,0.165,0,0,0,0,0,21.111111111,26.111111111
0.333,0.594,0.0676,0.163,0,0,0,0,0.46,21.111111111,21.111111111
0.0278,0.568,0.021,0.0599,0,0,0,0,0,21.111111111,21.111111111
0.139,0.582,0.0433,0.0976,0,0,0,0.417,0.0418,21.111111111,21.111111111
0.556,0.652,0.146,0.245,0.0804,0.167,0,1,0.209,21.111111111,21.111111111
0.667,0.696,0.206,0.308,0.543,0.533,0.233,0.833,0.0418,17.777777778,21.111111111
0.667,0.713,0.268,0.371,0.444,0,0,0,0.0418,17.777777778,26.111111111
0.667,0.71,0.37,0.477,0.637,0,0,0,0.209,17.777777778,26.111111111
0.806,0.718,0.572,0.701,0.513,0,0,0,0,17.777777778,26.111111111
1,0.705,0.719,0.904,0.199,0,0,0,0.225,17.777777778,26.111111111
1,0.607,0.28,0.381,0,0,0,0.167,0.231,17.777777778,26.111111111
1,0.574,0.0995,0.154,0,0,0,0.583,0.0836,17.777777778,26.111111111
0.944,0.566,0.0353,0.0732,0,0,0,0,0,17.777777778,26.111111111
0.667,0.565,0.0166,0.0505,0,0,0,0,0,17.777777778,26.111111111
0.667,0.565,0.0166,0.0505,0,0,0,0,0,21.111111111,26.111111111
0.667,0.565,0.0166,0.0505,0,0,0,0,0,21.111111111,21.111111111
0.889,0.564,0.0179,0.0513,0,0,0,0,0.0418,21.111111111,21.111111111
1,0.563,0.0218,0.0716,0,0,0,0,0.125,21.111111111,26.111111111
0.778,0.565,0.0188,0.0609,0,0,0,0,0,21.111111111,26.111111111
0.667,0.581,0.0311,0.134,0,0,0,0,0.166,21.111111111,26.111111111
0.667,0.593,0.0425,0.178,0,0,0,0,0.251,21.111111111,26.111111111
0.361,0.587,0.0417,0.146,0.351,0.667,0,0,0,21.111111111,26.111111111
0.333,0.594,0.0539,0.175,0.396,0.0333,0.233,0,0.209,21.111111111,26.111111111
0.333,0.594,0.0587,0.17,0.312,0,0,0,0,21.111111111,26.111111111
0.333,0.594,0.0621,0.165,0.284,0,0,0,0,21.111111111,26.111111111
0.333,0.594,0.0676,0.163,0.686,0,0,0,0.0418,21.111111111,21.111111111
0.333,0.594,0.0722,0.162,0.513,0,0,0,0.0836,21.111111111,21.111111111
0.472,0.618,0.105,0.21,0.223,0,0,0,0.0836,21.111111111,21.111111111
0.667,0.665,0.168,0.283,0,0,0,0.667,0.125,21.111111111,21.111111111
0.667,0.696,0.206,0.308,0,0,0,0.833,0.292,17.777777778,21.111111111
0.5,0.676,0.199,0.285,0,0,0,0,0.0418,17.777777778,26.111111111
0.889,0.757,0.5,0.632,0,0,0,0,0.0836,17.777777778,26.111111111
0.694,0.658,0.325,0.414,0.213,0.417,0,0,0.0418,17.777777778,26.111111111
0.972,0.653,0.465,0.596,0.187,0.283,0.7,0,0,17.777777778,26.111111111
1,0.604,0.261,0.357,0,0,0,0,0,17.777777778,26.111111111
0.694,0.567,0.028,0.0651,0,0,0,0,0,17.777777778,26.111111111
0.722,0.565,0.0199,0.0547,0,0,0,0,0,17.777777778,26.111111111
1,0.565,0.0182,0.0526,0,0,0,0,0,17.777777778,26.111111111
1,0.565,0.0166,0.0505,0,0,0,0,0,21.111111111,26.111111111
1,0.565,0.0166,0.0505,0,0,0,0,0,21.111111111,21.111111111
1,0.565,0.0166,0.0505,0,0,0,0,0,21.111111111,21.111111111
1,0.565,0.0166,0.0505,0,0,0,0,0,21.111111111,26.111111111
1,0.572,0.0285,0.13,0,0,0,0,0.457,21.111111111,26.111111111
1,0.603,0.0552,0.281,0,0,0,0,0.659,21.111111111,26.111111111
0.694,0.595,0.0443,0.188,0,0,0,0,0.32,21.111111111,26.111111111
0.528,0.582,0.0344,0.125,0,0,0,0,0.137,21.111111111,26.111111111
0.333,0.565,0.0166,0.0505,0,0,0,0,0,21.111111111,26.111111111
0.333,0.585,0.0457,0.129,0,0,0,0.25,0.0418,21.111111111,26.111111111
0.333,0.594,0.0621,0.165,0,0,0,0,0.251,21.111111111,26.111111111
0.25,0.587,0.0543,0.135,0,0,0,0,0.0836,21.111111111,21.111111111
0.278,0.59,0.0627,0.144,0,0,0,0,0.209,21.111111111,21.111111111
0,0.565,0.0166,0.0505,0,0,0,0,0,21.111111111,21.111111111
0,0.565,0.0166,0.0505,0,0,0,0,0,21.111111111,21.111111111
0,0.565,0.0166,0.0505,0,0,0,0,0,17.777777778,21.111111111
0.444,0.665,0.192,0.272,0,0,0,0,0.484,17.777777778,26.111111111
0.972,0.776,0.534,0.676,0,0,0,0,0.175,17.777777778,26.111111111
1,0.716,0.536,0.661,0,0,0,0,0.134,17.777777778,26.111111111
1,0.658,0.485,0.619,0,0,0,0,0.311,17.777777778,26.111111111
1,0.617,0.352,0.473,0,0,0,0,0.283,17.777777778,26.111111111
1,0.58,0.145,0.212,0,0,0,0,0.268,17.777777778,26.111111111
1,0.566,0.0212,0.0562,0,0,0,0,0,17.777777778,26.111111111
1,0.565,0.0166,0.0505,0,0,0,0,0,17.777777778,26.111111111
1,0.565,0.0166,0.0505,0,0,0,0,0,21.111111111,26.111111111
1,0.565,0.0166,0.0505,0,0,0,0,0,21.111111111,21.111111111
1,0.565,0.0166,0.0505,0,0,0,0,0,21.111111111,21.111111111
1,0.564,0.0194,0.0634,0,0,0,0,0.264,21.111111111,26.111111111
0.778,0.565,0.0188,0.0609,0,0,0,0,0.0418,21.111111111,26.111111111
0.667,0.569,0.0202,0.0714,0.139,0.167,0,0,0,21.111111111,26.111111111
0.667,0.612,0.0612,0.264,0.448,0.533,0.467,0,0.251,21.111111111,26.111111111
0.611,0.619,0.0751,0.285,0.587,0,0.483,0,0,21.111111111,26.111111111
0.333,0.594,0.0539,0.175,0,0,0,0,0,21.111111111,26.111111111
0.333,0.594,0.0587,0.17,0,0,0,0,0.209,21.111111111,26.111111111
0.333,0.594,0.0621,0.165,0,0,0,0,0,21.111111111,26.111111111
0.333,0.594,0.0676,0.163,0,0,0,0,0.0418,21.111111111,21.111111111
0.333,0.594,0.0722,0.162,0,0,0,0,0.292,21.111111111,21.111111111
0.389,0.608,0.089,0.182,0,0,0,0,0.125,21.111111111,21.111111111
0.611,0.656,0.154,0.263,0,0,0,0.667,0.0836,21.111111111,21.111111111
0.444,0.654,0.145,0.224,0,0,0,0.0833,0.167,17.777777778,21.111111111
0.75,0.732,0.3,0.412,0,0,0,0,0.386,17.777777778,26.111111111
1,0.782,0.546,0.69,0,0,0,0.167,0.19,17.777777778,26.111111111
1,0.757,0.698,0.849,0,0,0,1,0.343,17.777777778,26.111111111
1,0.705,0.719,0.904,0,0,0,1,0.0595,17.777777778,26.111111111
1,0.636,0.474,0.626,0,0,0,0.0833,0,17.777777778,26.111111111
1,0.573,0.0902,0.143,0,0,0,0,0,17.777777778,26.111111111
1,0.565,0.0166,0.0505,0,0,0,0,0,17.777777778,26.111111111
1,0.565,0.0166,0.0505,0,0,0,0,0,17.777777778,26.111111111
1,0.565,0.0166,0.0505,0,0,0,0,0,21.111111111,26.111111111
1,0.565,0.0166,0.0505,0,0,0,0,0,21.111111111,21.111111111
1,0.565,0.0169,0.0507,0,0,0,0,0.167,21.111111111,21.111111111
0.694,0.565,0.0167,0.0506,0,0,0,0,0,21.111111111,26.111111111
0.667,0.571,0.0261,0.114,0,0,0,0,0,21.111111111,26.111111111
0.611,0.596,0.0468,0.228,0,0,0,0,0.125,21.111111111,26.111111111
0.333,0.593,0.0425,0.178,0,0,0,0,0.0418,21.111111111,26.111111111
0.333,0.594,0.0487,0.178,0,0,0,0,0.209,21.111111111,26.111111111
0.111,0.575,0.0292,0.0919,0,0,0,0,0,21.111111111,26.111111111
0.306,0.592,0.0555,0.16,0,0,0,0.917,0.0836,21.111111111,26.111111111
0.333,0.594,0.0621,0.165,0,0,0,0.333,0.334,21.111111111,26.111111111
0.333,0.594,0.0676,0.163,0,0,0,0,0.209,21.111111111,21.111111111
0.389,0.599,0.0816,0.181,0,0,0,0,0.0836,21.111111111,21.111111111
0.667,0.637,0.14,0.276,0,0,0,0,0.0418,21.111111111,21.111111111
0.889,0.702,0.222,0.361,0,0,0,0,0.251,21.111111111,21.111111111
0.778,0.715,0.233,0.347,0,0,0,0,0.292,17.777777778,21.111111111
0.667,0.713,0.268,0.371,0,0,0,0,0.0418,17.777777778,26.111111111
0.611,0.698,0.337,0.438,0.0263,0.417,0,0,0,17.777777778,26.111111111
0.333,0.629,0.244,0.317,0.0139,0.517,0.233,0,0.0418,17.777777778,26.111111111
0.472,0.628,0.347,0.454,0.386,0,0,0,0.194,17.777777778,26.111111111
0.667,0.594,0.204,0.286,0.487,0,0,0,0,17.777777778,26.111111111
0.667,0.567,0.028,0.0651,0,0,0,0,0,17.777777778,26.111111111
0.667,0.565,0.0182,0.0505,0,0,0,0,0,17.777777778,26.111111111
0.667,0.565,0.0189,0.0505,0,0,0,0,0,17.777777778,26.111111111
0.667,0.565,0.0189,0.0505,0,0,0,0,0,21.111111111,26.111111111
0.722,0.565,0.0189,0.0505,0,0,0,0,0,21.111111111,21.111111111
0.778,0.565,0.0189,0.0505,0,0,0,0,0,21.111111111,21.111111111
0.722,0.565,0.0189,0.0505,0,0,0,0,0,21.111111111,21.111111111
1,0.565,0.0189,0.0505,0,0,0,0,0,21.111111111,21.111111111
1,0.565,0.0189,0.0505,0,0,0,0,0,21.111111111,21.111111111
1,0.585,0.0471,0.136,0,0,0,0,0.0836,21.111111111,21.111111111
1,0.619,0.12,0.284,0,0,0,0,0.752,21.111111111,21.111111111
0.639,0.621,0.141,0.291,0,0,0,0,0.251,21.111111111,21.111111111
0.194,0.582,0.0618,0.121,0,0,0,0,0,21.111111111,21.111111111
0.194,0.582,0.0679,0.117,0,0,0,0,0.0418,21.111111111,21.111111111
0.75,0.631,0.23,0.303,0,0,0,0,0.0836,21.111111111,21.111111111
0.667,0.624,0.24,0.274,0,0,0,0,0.125,21.111111111,21.111111111
0.667,0.637,0.266,0.276,0,0,0,0,0.0836,21.111111111,21.111111111
0.667,0.665,0.284,0.283,0,0,0,0,0.28,21.111111111,21.111111111
0.667,0.696,0.295,0.308,0,0,0,0,0.238,17.777777778,21.111111111
0.972,0.782,0.478,0.521,0,0,0,0.25,0.333,17.777777778,26.111111111
0.778,0.735,0.477,0.535,0,0,0,0,0,17.777777778,26.111111111
0.667,0.693,0.511,0.583,0,0,0,0,0.167,17.777777778,26.111111111
0.806,0.675,0.609,0.738,0,0,0,0,0,17.777777778,26.111111111
1,0.639,0.529,0.655,0,0,0,0,0.117,17.777777778,26.111111111
1,0.575,0.124,0.168,0,0,0,0,0,17.777777778,26.111111111
1,0.566,0.0243,0.0562,0,0,0,0,0,17.777777778,26.111111111
1,0.565,0.0189,0.0505,0,0,0,0,0,17.777777778,26.111111111
1,0.565,0.0189,0.0505,0,0,0,0,0,21.111111111,26.111111111
1,0.565,0.0189,0.0505,0,0,0,0,0,21.111111111,21.111111111
1,0.564,0.0197,0.0513,0,0,0,0,0.0836,21.111111111,21.111111111
1,0.563,0.0215,0.0716,0,0,0,0,0.0836,21.111111111,21.111111111
1,0.576,0.0335,0.188,0,0,0,0.667,0.209,21.111111111,21.111111111
0.694,0.585,0.0386,0.174,0,0,0,1,0.0418,21.111111111,21.111111111
0.444,0.593,0.0548,0.178,0,0,0,0.583,0.125,21.111111111,21.111111111
0.639,0.621,0.121,0.295,0,0,0,0,0.0836,21.111111111,21.111111111
0.833,0.638,0.183,0.362,0,0,0,0,0.167,21.111111111,21.111111111
0.972,0.65,0.239,0.398,0,0,0,0,0.0418,21.111111111,21.111111111
0.694,0.626,0.189,0.289,0,0,0,0.167,0.0418,21.111111111,21.111111111
0.667,0.624,0.209,0.275,0,0,0,0.583,0.167,21.111111111,21.111111111
0.667,0.624,0.24,0.274,0,0,0,0,0.167,21.111111111,21.111111111
0.667,0.637,0.266,0.276,0,0,0,0,0.0836,21.111111111,21.111111111
0.889,0.702,0.373,0.361,0,0,0,0,0.251,21.111111111,21.111111111
1,0.762,0.432,0.437,0,0,0,0,0.15,17.777777778,21.111111111
1,0.788,0.489,0.532,0,0,0,0,0.297,17.777777778,26.111111111
1,0.782,0.623,0.69,0,0,0,0,0.119,17.777777778,26.111111111
1,0.757,0.757,0.849,0,0,0,0,0,17.777777778,26.111111111
1,0.637,0.372,0.453,0,0,0,0,0,17.777777778,26.111111111
1,0.591,0.197,0.262,0,0,0,0,0,17.777777778,26.111111111
1,0.574,0.111,0.154,0,0,0,0,0,17.777777778,26.111111111
1,0.565,0.0519,0.09,0,0,0,0,0,17.777777778,26.111111111
1,0.563,0.0277,0.0646,0,0,0,0,0.0418,17.777777778,26.111111111
1,0.563,0.0193,0.0533,0,0,0,0,0.251,21.111111111,26.111111111
1,0.565,0.0168,0.0505,0,0,0,0,0,21.111111111,21.111111111
0.778,0.565,0.0166,0.0505,0,0,0,0,0,21.111111111,21.111111111
0.667,0.565,0.0166,0.0505,0,0,0,0,0,21.111111111,26.111111111
0.667,0.565,0.0166,0.0505,0,0,0,0,0,21.111111111,26.111111111
0.667,0.581,0.0311,0.134,0,0,0,0,0.253,21.111111111,26.111111111
0.611,0.588,0.0379,0.157,0,0,0,0.667,0.36,21.111111111,26.111111111
0.333,0.565,0.0166,0.0505,0,0,0,0.333,0,21.111111111,26.111111111
0.333,0.565,0.0166,0.0505,0,0,0,0,0,21.111111111,26.111111111
0.333,0.565,0.0166,0.0505,0,0,0,0,0,21.111111111,26.111111111
0.333,0.565,0.0166,0.0505,0,0,0,0,0,21.111111111,26.111111111
0.333,0.57,0.0255,0.0692,0,0,0,0.167,0,21.111111111,21.111111111
0.333,0.594,0.0722,0.162,0,0,0,0.0833,0.167,21.111111111,21.111111111
0.25,0.594,0.0641,0.135,0,0,0,0,0.251,21.111111111,21.111111111
0.25,0.601,0.0719,0.137,0,0,0,0,0.209,21.111111111,21.111111111
0.389,0.643,0.128,0.202,0,0,0,0,0,17.777777778,21.111111111
0.722,0.726,0.291,0.4,0,0,0,0,0.35,17.777777778,26.111111111
1,0.782,0.546,0.69,0,0,0,0,0.356,17.777777778,26.111111111
1,0.757,0.698,0.849,0,0,0,0,0.213,17.777777778,26.111111111
1,0.705,0.719,0.904,0,0,0,0,0.162,17.777777778,26.111111111
1,0.628,0.417,0.554,0,0,0,0,0,17.777777778,26.111111111
1,0.565,0.0166,0.0505,0,0,0,0,0,17.777777778,26.111111111
1,0.565,0.0166,0.0505,0,0,0,0,0,17.777777778,26.111111111
1,0.565,0.0166,0.0505,0,0,0,0,0,17.777777778,26.111111111
1,0.565,0.0166,0.0505,0,0,0,0,0,21.111111111,26.111111111
1,0.565,0.0166,0.0505,0,0,0,0,0,21.111111111,21.111111111
1,0.565,0.0166,0.0505,0,0,0,0,0,21.111111111,21.111111111
1,0.564,0.0211,0.0712,0,0,0,0,0.35,21.111111111,26.111111111
0.694,0.567,0.0195,0.069,0,0,0,0,0,21.111111111,26.111111111
0.667,0.6,0.0505,0.249,0,0,0,0.167,0.194,21.111111111,26.111111111
0.667,0.62,0.0685,0.305,0,0,0,1,0.251,21.111111111,26.111111111
0.611,0.619,0.0751,0.285,0,0,0,1,0.164,21.111111111,26.111111111
0.639,0.621,0.0884,0.289,0,0,0,0.0833,0.386,21.111111111,26.111111111
0.667,0.624,0.101,0.289,0,0,0,0,0,21.111111111,26.111111111
0.667,0.624,0.108,0.28,0,0,0,0,0.125,21.111111111,26.111111111
0.667,0.624,0.119,0.275,0,0,0,0,0.125,21.111111111,21.111111111
0.472,0.607,0.0947,0.209,0,0,0,0,0.0836,21.111111111,21.111111111
0,0.565,0.0166,0.0505,0,0,0,0,0,21.111111111,21.111111111
0.222,0.602,0.0708,0.129,0,0,0,0,0.292,21.111111111,21.111111111
0.194,0.601,0.069,0.123,0,0,0,0,0,17.777777778,21.111111111
0.194,0.609,0.0972,0.152,0,0,0,0.417,0.0418,17.777777778,26.111111111
0.667,0.71,0.37,0.477,0,0,0,0.833,0,17.777777778,26.111111111
0.889,0.708,0.531,0.654,0.209,0.417,0,0,0.0418,17.777777778,26.111111111
1,0.658,0.485,0.619,0.478,0.283,0.717,0,0.0418,17.777777778,26.111111111
1,0.614,0.329,0.444,0.757,0,0.95,0,0,17.777777778,26.111111111
1,0.574,0.0995,0.154,0.7,0,0,0,0.0418,17.777777778,26.111111111
1,0.565,0.0485,0.09,0.107,0,0,0,0,17.777777778,26.111111111
1,0.564,0.0266,0.0632,0,0,0,0,0,17.777777778,26.111111111
1,0.565,0.0166,0.0505,0,0,0,0,0,21.111111111,26.111111111
1,0.565,0.0166,0.0505,0,0,0,0,0,21.111111111,21.111111111
1,0.565,0.0166,0.0505,0,0,0,0,0,21.111111111,21.111111111
1,0.565,0.0177,0.0557,0,0,0,0,0,21.111111111,26.111111111
1,0.572,0.0308,0.14,0,0,0,0.167,0.129,21.111111111,26.111111111
0.778,0.603,0.0552,0.281,0,0,0,1,0.214,21.111111111,26.111111111
0.667,0.62,0.0685,0.305,0,0,0,0.583,0.173,21.111111111,26.111111111
0.528,0.611,0.0666,0.253,0,0,0,0,0.255,21.111111111,26.111111111
0.333,0.594,0.0539,0.175,0,0,0,0,0.292,21.111111111,26.111111111
0.333,0.594,0.0587,0.17,0,0,0,0,0.125,21.111111111,26.111111111
0.278,0.59,0.0544,0.146,0,0,0,0,0,21.111111111,26.111111111
0,0.565,0.0166,0.0505,0,0,0,0,0,21.111111111,21.111111111
0,0.565,0.0166,0.0505,0,0,0,0,0,21.111111111,21.111111111
0.0556,0.572,0.0273,0.0693,0,0,0,0,0.0836,21.111111111,21.111111111
0.639,0.662,0.163,0.273,0,0,0,0,0.167,21.111111111,21.111111111
0.667,0.696,0.206,0.308,0,0,0,0,0.0836,17.777777778,21.111111111
0.667,0.713,0.268,0.371,0,0,0,0.667,0.0418,17.777777778,26.111111111
0.667,0.71,0.37,0.477,0,0,0,0.0833,0.334,17.777777778,26.111111111
0.667,0.693,0.471,0.583,0,0,0,0,0.113,17.777777778,26.111111111
0.972,0.7,0.699,0.88,0,0,0,0,0,17.777777778,26.111111111
1,0.632,0.44,0.583,0,0,0,0,0.0795,17.777777778,26.111111111
1,0.574,0.0995,0.154,0,0,0,0,0.254,17.777777778,26.111111111
1,0.565,0.0485,0.09,0,0,0,0,0.281,17.777777778,26.111111111
1,0.563,0.0277,0.0646,0,0,0,0,0.0418,17.777777778,26.111111111
1,0.563,0.0193,0.0533,0,0,0,0,0,21.111111111,26.111111111
1,0.565,0.0168,0.0505,0,0,0,0,0.0418,21.111111111,21.111111111
1,0.565,0.0166,0.0505,0,0,0,0,0,21.111111111,21.111111111
1,0.565,0.0188,0.0609,0,0,0,0.167,0.0628,21.111111111,26.111111111
1,0.575,0.0402,0.198,0,0,0,0.583,0.112,21.111111111,26.111111111
1,0.603,0.0552,0.281,0,0,0,0,0.215,21.111111111,26.111111111
1,0.62,0.0685,0.305,0,0,0,0,0.147,21.111111111,26.111111111
0.944,0.638,0.0979,0.37,0,0,0,0,0.423,21.111111111,26.111111111
0.667,0.624,0.0913,0.3,0,0,0,0,0.356,21.111111111,26.111111111
0.667,0.624,0.101,0.289,0,0,0,0,0.126,21.111111111,26.111111111
0.611,0.619,0.1,0.261,0,0,0,0,0.167,21.111111111,26.111111111
0.333,0.594,0.0676,0.163,0,0,0,0,0.0836,21.111111111,21.111111111
0.333,0.594,0.0722,0.162,0,0,0,0,0.0418,21.111111111,21.111111111
0.333,0.601,0.0783,0.163,0,0,0,0,0.0418,21.111111111,21.111111111
0.333,0.615,0.0922,0.167,0,0,0,0,0.0418,21.111111111,21.111111111
0.472,0.66,0.153,0.235,0,0,0,0,0.26,17.777777778,21.111111111
0.611,0.701,0.245,0.343,0,0,0,0,0.167,17.777777778,26.111111111
0.111,0.591,0.0626,0.108,0,0,0,0,0.171,17.777777778,26.111111111
0.444,0.648,0.329,0.415,0,0,0,0,0.0836,17.777777778,26.111111111
0.972,0.667,0.507,0.642,0,0,0,0,0.0418,17.777777778,26.111111111
1,0.591,0.184,0.262,0,0,0,0,0.175,17.777777778,26.111111111
1,0.573,0.0902,0.143,0,0,0,0,0.0682,17.777777778,26.111111111
1,0.565,0.0166,0.0505,0,0,0,0,0,17.777777778,26.111111111
1,0.565,0.0166,0.0505,0,0,0,0,0,17.777777778,26.111111111
1,0.565,0.0166,0.0505,0,0,0,0,0,21.111111111,26.111111111
1,0.565,0.0166,0.0505,0,0,0,0,0,21.111111111,21.111111111
1,0.564,0.0179,0.0513,0,0,0,0,0.125,21.111111111,21.111111111
0.694,0.565,0.0167,0.0506,0,0,0,0,0,21.111111111,26.111111111
0.667,0.565,0.0166,0.0505,0,0,0,0,0,21.111111111,26.111111111
0.667,0.569,0.0202,0.0714,0,0,0,0,0.106,21.111111111,26.111111111
0.667,0.593,0.0425,0.178,0,0,0,0,0.32,21.111111111,26.111111111
0.667,0.614,0.0715,0.263,0,0,0,0,0.294,21.111111111,26.111111111
0.667,0.624,0.0913,0.3,0,0,0,0,0.0568,21.111111111,26.111111111
0.667,0.624,0.101,0.289,0,0,0,0,0.221,21.111111111,26.111111111
0.528,0.611,0.0883,0.232,0,0,0,0,0.646,21.111111111,26.111111111
0.333,0.594,0.0676,0.163,0,0,0,0,0.16,21.111111111,21.111111111
0.333,0.594,0.0722,0.162,0,0,0,0,0.28,21.111111111,21.111111111
0.333,0.601,0.0783,0.163,0,0,0,0,0.429,21.111111111,21.111111111
0.333,0.615,0.0922,0.167,0,0,0,0,0.457,21.111111111,21.111111111
0.333,0.631,0.111,0.179,0,0,0,0,0.376,17.777777778,21.111111111
0.778,0.739,0.317,0.433,0,0,0,0,0.23,17.777777778,26.111111111
0.861,0.753,0.464,0.593,0,0,0,0,0.137,17.777777778,26.111111111
0.806,0.718,0.572,0.701,0,0,0,0.417,0,17.777777778,26.111111111
1,0.698,0.681,0.856,0,0,0,0.333,0.111,17.777777778,26.111111111
1,0.61,0.307,0.415,0,0,0,0,0.058,17.777777778,26.111111111
1,0.565,0.0166,0.0505,0,0,0,0,0,17.777777778,26.111111111
1,0.565,0.0182,0.0505,0,0,0,0,0,17.777777778,26.111111111
1,0.565,0.0189,0.0505,0,0,0,0,0,17.777777778,26.111111111
1,0.565,0.0189,0.0505,0,0,0,0,0,21.111111111,26.111111111
1,0.565,0.0189,0.0505,0,0,0,0,0,21.111111111,21.111111111
1,0.565,0.0189,0.0505,0,0,0,0,0,21.111111111,21.111111111
1,0.565,0.0189,0.0505,0,0,0,0,0,21.111111111,21.111111111
1,0.565,0.0189,0.0505,0,0,0,0,0,21.111111111,21.111111111
1,0.565,0.0189,0.0505,0,0,0,0,0,21.111111111,21.111111111
1,0.585,0.0471,0.136,0,0,0,0,0,21.111111111,21.111111111
1,0.614,0.11,0.263,0,0,0,0,0.209,21.111111111,21.111111111
1,0.624,0.151,0.3,0,0,0,0,0.0418,21.111111111,21.111111111
1,0.65,0.239,0.398,0,0,0,0,0.295,21.111111111,21.111111111
0.944,0.626,0.189,0.289,0,0,0,0.167,0.167,21.111111111,21.111111111
0.667,0.624,0.209,0.275,0,0,0,0.583,0.0836,21.111111111,21.111111111
0.667,0.624,0.24,0.274,0,0,0,0,0.167,21.111111111,21.111111111
0.667,0.637,0.266,0.276,0,0,0,0,0,21.111111111,21.111111111
0.75,0.679,0.317,0.312,0,0,0,0,0.167,21.111111111,21.111111111
0.667,0.696,0.295,0.308,0,0,0,0,0.251,17.777777778,21.111111111
0.722,0.726,0.36,0.4,0,0,0,0,0.0836,17.777777778,26.111111111
1,0.782,0.623,0.69,0,0,0,0,0.209,17.777777778,26.111111111
1,0.757,0.757,0.849,0,0,0,0,0.245,17.777777778,26.111111111
1,0.705,0.755,0.904,0,0,0,0,0,17.777777778,26.111111111
1,0.639,0.529,0.655,0,0,0,0,0.0418,17.777777778,26.111111111
1,0.581,0.177,0.229,0,0,0,0,0,17.777777778,26.111111111
1,0.565,0.0562,0.09,0,0,0,0,0,17.777777778,26.111111111
1,0.565,0.0269,0.059,0,0,0,0,0,17.777777778,26.111111111
1,0.565,0.0189,0.0505,0,0,0,0,0,21.111111111,26.111111111
1,0.565,0.0189,0.0505,0,0,0,0,0,21.111111111,21.111111111
1,0.565,0.0189,0.0505,0,0,0,0,0,21.111111111,21.111111111
1,0.565,0.0195,0.0557,0,0,0,0,0,21.111111111,21.111111111
1,0.57,0.0268,0.124,0,0,0,0,0.317,21.111111111,21.111111111
1,0.6,0.0531,0.249,0,0,0,0,0.347,21.111111111,21.111111111
1,0.62,0.0907,0.305,0,0,0,0,0.0836,21.111111111,21.111111111
1,0.629,0.134,0.327,0,0,0,0,0.183,21.111111111,21.111111111
1,0.653,0.218,0.424,0,0,0,0,0.129,21.111111111,21.111111111
0.694,0.626,0.175,0.299,0,0,0,0.167,0,21.111111111,21.111111111
0.667,0.624,0.183,0.28,0,0,0,0.333,0.0836,21.111111111,21.111111111
0.667,0.624,0.209,0.275,0,0,0,0,0.376,21.111111111,21.111111111
0.667,0.624,0.24,0.274,0,0,0,0.167,0.0836,21.111111111,21.111111111
0.667,0.637,0.266,0.276,0,0,0,0.333,0.0418,21.111111111,21.111111111
0.667,0.665,0.284,0.283,0,0,0,0,0.0418,21.111111111,21.111111111
0.5,0.661,0.225,0.241,0,0,0,0,0,17.777777778,21.111111111
0.611,0.701,0.305,0.343,0,0,0,0,0.334,17.777777778,26.111111111
0.444,0.661,0.294,0.341,0,0,0,0.167,0.183,17.777777778,26.111111111
1,0.731,0.649,0.731,0,0,0,0.333,0,17.777777778,26.111111111
0.833,0.633,0.385,0.477,0,0,0,0.417,0,17.777777778,26.111111111
1,0.617,0.376,0.473,0,0,0,0.583,0.154,17.777777778,26.111111111
1,0.582,0.193,0.246,0,0,0,0,0.0876,17.777777778,26.111111111
1,0.565,0.0519,0.09,0,0,0,0,0,17.777777778,26.111111111
1,0.565,0.0182,0.0526,0,0,0,0,0,17.777777778,26.111111111
1,0.565,0.0166,0.0505,0,0,0,0,0,21.111111111,26.111111111
1,0.565,0.0166,0.0505,0,0,0,0,0,21.111111111,21.111111111
1,0.565,0.0166,0.0505,0,0,0,0,0,21.111111111,21.111111111
1,0.565,0.0166,0.0505,0,0,0,0,0,21.111111111,26.111111111
1,0.571,0.0261,0.114,0,0,0,0,0.123,21.111111111,26.111111111
0.861,0.59,0.0414,0.197,0,0,0,0.75,0.167,21.111111111,26.111111111
0.611,0.588,0.0379,0.157,0,0,0,0,0.443,21.111111111,26.111111111
0.333,0.585,0.0393,0.135,0,0,0,0.5,0.125,21.111111111,26.111111111
0.333,0.594,0.0539,0.175,0,0,0,0,0.125,21.111111111,26.111111111
0.333,0.594,0.0587,0.17,0.128,0.917,0,0.667,0.209,21.111111111,26.111111111
0.333,0.594,0.0621,0.165,0,0.5,0.233,0.0833,0.0418,21.111111111,26.111111111
0.333,0.594,0.0676,0.163,0,0,0,0,0.0836,21.111111111,21.111111111
0.333,0.594,0.0722,0.162,0,0,0,0,0.0418,21.111111111,21.111111111
0.278,0.595,0.0676,0.144,0,0,0,0,0.0836,21.111111111,21.111111111
0.222,0.602,0.0708,0.129,0,0,0,0.25,0.0418,21.111111111,21.111111111
0.389,0.643,0.128,0.202,0,0,0,0,0.209,17.777777778,21.111111111
0.667,0.713,0.268,0.371,0,0,0,0,0,17.777777778,26.111111111
0.667,0.71,0.37,0.477,0,0,0,0,0,17.777777778,26.111111111
0.806,0.718,0.572,0.701,0,0,0,0,0,17.777777778,26.111111111
1,0.698,0.681,0.856,0,0,0,0,0.0418,17.777777778,26.111111111
1,0.604,0.261,0.357,0,0,0,0,0.13,17.777777778,26.111111111
1,0.572,0.0622,0.109,0,0,0,0,0,17.777777778,26.111111111
1,0.565,0.0166,0.0505,0,0,0,0,0,17.777777778,26.111111111
1,0.565,0.0166,0.0505,0,0,0,0,0,17.777777778,26.111111111
1,0.565,0.0167,0.0505,0,0,0,0,0,21.111111111,26.111111111
1,0.565,0.0168,0.0505,0,0,0,0,0,21.111111111,21.111111111
1,0.565,0.0166,0.0505,0,0,0,0,0,21.111111111,21.111111111
1,0.565,0.0177,0.0557,0,0,0,0,0.278,21.111111111,26.111111111
1,0.57,0.0284,0.124,0,0,0,0,0.176,21.111111111,26.111111111
1,0.6,0.0505,0.249,0,0,0,0,0.27,21.111111111,26.111111111
1,0.64,0.0871,0.391,0,0,0,0,0.519,21.111111111,26.111111111
1,0.653,0.113,0.434,0,0,0,0,0.483,21.111111111,26.111111111
0.778,0.633,0.103,0.342,0,0,0,0,0.254,21.111111111,26.111111111
0.667,0.624,0.101,0.289,0,0,0,0,0.412,21.111111111,26.111111111
0.667,0.597,0.0658,0.175,0,0,0,0,0.125,21.111111111,26.111111111
0.667,0.594,0.0676,0.163,0,0,0,0,0.167,21.111111111,21.111111111
0.667,0.594,0.0722,0.162,0,0,0,0,0.167,21.111111111,21.111111111
0.667,0.601,0.0783,0.163,0,0,0,0,0.209,21.111111111,21.111111111
0.667,0.624,0.106,0.186,0,0,0,0,0.0418,21.111111111,21.111111111
0.611,0.684,0.189,0.286,0,0,0,0,0,17.777777778,21.111111111
0.333,0.639,0.142,0.211,0,0,0,0,0,17.777777778,26.111111111
0.333,0.638,0.193,0.264,0,0,0,0,0.342,17.777777778,26.111111111
0.389,0.639,0.284,0.364,0,0,0,0,0,17.777777778,26.111111111
0.972,0.673,0.546,0.69,0,0,0,0,0.103,17.777777778,26.111111111
1,0.614,0.329,0.444,0,0,0,0,0.111,17.777777778,26.111111111
1,0.572,0.0762,0.126,0,0,0,0,0,17.777777778,26.111111111
1,0.565,0.0166,0.0505,0,0,0,0,0,17.777777778,26.111111111
1,0.565,0.0166,0.0505,0,0,0,0,0,17.777777778,26.111111111
1,0.565,0.0166,0.0505,0,0,0,0,0,21.111111111,26.111111111
1,0.565,0.0166,0.0505,0,0,0,0,0,21.111111111,21.111111111
1,0.564,0.0179,0.0513,0,0,0,0,0,21.111111111,21.111111111
1,0.563,0.0218,0.0716,0,0,0,0,0.273,21.111111111,26.111111111
1,0.57,0.0284,0.124,0,0,0,0,0.18,21.111111111,26.111111111
0.944,0.6,0.0505,0.249,0,0,0,0,0.219,21.111111111,26.111111111
0.444,0.601,0.0498,0.22,0,0,0,0,0.211,21.111111111,26.111111111
0.111,0.575,0.0259,0.0934,0,0,0,0,0.114,21.111111111,26.111111111
0.306,0.592,0.0511,0.164,0,0,0,0,0.0418,21.111111111,26.111111111
0.333,0.594,0.0587,0.17,0,0,0,0,0.292,21.111111111,26.111111111
0.25,0.587,0.0505,0.137,0,0,0,0,0,21.111111111,26.111111111
0.389,0.599,0.0765,0.181,0,0,0,0,0.125,21.111111111,21.111111111
0.528,0.611,0.104,0.228,0,0,0,0,0.0836,21.111111111,21.111111111
0.333,0.601,0.0783,0.163,0,0,0,0,0.125,21.111111111,21.111111111
0.472,0.638,0.126,0.216,0,0,0,0.25,0.125,21.111111111,21.111111111
0.667,0.696,0.206,0.308,0,0,0,0,0.209,17.777777778,21.111111111
0.667,0.713,0.268,0.371,0,0,0,0,0.0418,17.777777778,26.111111111
0.889,0.757,0.5,0.632,0,0,0,0.417,0.292,17.777777778,26.111111111
1,0.746,0.657,0.802,0,0,0,1,0.0836,17.777777778,26.111111111
1,0.658,0.485,0.619,0,0,0,0.0833,0,17.777777778,26.111111111
1,0.601,0.238,0.328,0,0,0,0,0,17.777777778,26.111111111
1,0.565,0.0166,0.0505,0,0,0,0,0,17.777777778,26.111111111
1,0.565,0.0166,0.0505,0,0,0,0,0,17.777777778,26.111111111
1,0.565,0.0183,0.0526,0,0,0,0,0.629,17.777777778,26.111111111
1,0.565,0.0166,0.0505,0,0,0,0,0,21.111111111,26.111111111
1,0.565,0.0166,0.0505,0,0,0,0,0,21.111111111,21.111111111
1,0.565,0.0166,0.0505,0,0,0,0,0,21.111111111,21.111111111
1,0.564,0.0211,0.0712,0,0,0,0,0.49,21.111111111,26.111111111
1,0.57,0.0284,0.124,0,0,0,0,0.207,21.111111111,26.111111111
1,0.6,0.0505,0.249,0,0,0,0,0.397,21.111111111,26.111111111
1,0.625,0.0731,0.327,0,0,0,0,0.521,21.111111111,26.111111111
1,0.653,0.113,0.434,0,0,0,0,0.104,21.111111111,26.111111111
1,0.653,0.129,0.424,0.325,0.467,0.233,0,0.458,21.111111111,26.111111111
1,0.653,0.143,0.408,0.312,0,0,0,0.328,21.111111111,26.111111111
1,0.653,0.153,0.394,0.799,0,0,0,0.209,21.111111111,26.111111111
0.528,0.611,0.0959,0.229,0.201,0,0,0.167,0.167,21.111111111,21.111111111
0.583,0.616,0.114,0.246,0,0,0,0.333,0.0836,21.111111111,21.111111111
0.667,0.637,0.14,0.276,0,0,0,0,0,21.111111111,21.111111111
0.583,0.655,0.152,0.254,0,0,0,0,0.376,21.111111111,21.111111111
0.667,0.661,0.155,0.241,0,0,0,0.167,0.142,17.777777778,21.111111111
0.667,0.713,0.268,0.371,0,0,0,1,0,17.777777778,26.111111111
0.722,0.722,0.402,0.516,0,0,0,0.0833,0,17.777777778,26.111111111
1,0.757,0.698,0.849,0.414,0.667,0,0,0.0418,17.777777778,26.111111111
1,0.705,0.719,0.904,0.206,0.0333,0.7,0,0,17.777777778,26.111111111
1,0.643,0.52,0.684,0,0,0,0,0.523,17.777777778,26.111111111
1,0.584,0.153,0.225,0,0,0,0,0.208,17.777777778,26.111111111
1,0.565,0.0166,0.0505,0,0,0,0,0,17.777777778,26.111111111
1,0.565,0.0166,0.0505,0,0,0,0,0,17.777777778,26.111111111
1,0.565,0.0166,0.0505,0,0,0,0,0,21.111111111,26.111111111
1,0.565,0.0166,0.0505,0,0,0,0,0,21.111111111,21.111111111
1,0.565,0.0166,0.0505,0,0,0,0,0,21.111111111,21.111111111
1,0.564,0.0211,0.0712,0,0,0,0,0.435,21.111111111,26.111111111
1,0.576,0.0379,0.188,0,0,0,0,0.486,21.111111111,26.111111111
1,0.603,0.0552,0.281,0,0,0,0.75,0.133,21.111111111,26.111111111
1,0.62,0.0685,0.305,0.116,0.917,0,0,0.209,21.111111111,26.111111111
0.694,0.597,0.051,0.189,0,0.5,0.233,0,0.437,21.111111111,26.111111111
0.667,0.594,0.0539,0.175,0,0,0,0,0.747,21.111111111,26.111111111
0.306,0.582,0.0405,0.121,0,0,0,0,0,21.111111111,26.111111111
0.278,0.59,0.0553,0.145,0,0,0,0,0,21.111111111,26.111111111
0.528,0.611,0.0964,0.228,0,0,0,0,0.0836,21.111111111,21.111111111
0.333,0.594,0.0722,0.162,0,0,0,0,0.418,21.111111111,21.111111111
0.639,0.635,0.135,0.266,0.445,0.7,0.217,0,0.0418,21.111111111,21.111111111
0.528,0.642,0.134,0.234,0,0,0.25,0,0,21.111111111,21.111111111
0.389,0.643,0.128,0.202,0,0,0,0,0.0836,17.777777778,21.111111111
0.667,0.713,0.268,0.371,0,0,0,0,0.0418,17.777777778,26.111111111
0.583,0.692,0.321,0.419,0,0,0,0,0.46,17.777777778,26.111111111
0.806,0.678,0.41,0.512,0,0,0,0,0.0836,17.777777778,26.111111111
1,0.685,0.638,0.809,0,0,0,0,0,17.777777778,26.111111111
1,0.639,0.497,0.655,0,0,0,0,0.124,17.777777778,26.111111111
1,0.578,0.108,0.167,0,0,0,0,0.262,17.777777778,26.111111111
1,0.565,0.0182,0.0505,0,0,0,0,0,17.777777778,26.111111111
1,0.565,0.0189,0.0505,0,0,0,0,0,17.777777778,26.111111111
1,0.565,0.0189,0.0505,0,0,0,0,0,21.111111111,26.111111111
1,0.565,0.0189,0.0505,0,0,0,0,0,21.111111111,21.111111111
1,0.565,0.0189,0.0505,0,0,0,0,0,21.111111111,21.111111111
1,0.565,0.0189,0.0505,0,0,0,0,0,21.111111111,21.111111111
1,0.571,0.0257,0.114,0,0,0,0,0.405,21.111111111,21.111111111
1,0.6,0.0531,0.249,0,0,0,0.667,0.139,21.111111111,21.111111111
0.944,0.615,0.0837,0.284,0,0,0,0.0833,0.341,21.111111111,21.111111111
0.528,0.582,0.0475,0.125,0,0,0,0,0.209,21.111111111,21.111111111
0.333,0.57,0.0307,0.0711,0,0,0,0,0.125,21.111111111,21.111111111
0.333,0.594,0.0943,0.17,0,0,0,0,0.193,21.111111111,21.111111111
0.417,0.602,0.122,0.193,0,0,0,0,0.385,21.111111111,21.111111111
0.333,0.594,0.114,0.163,0,0,0,0.167,0.441,21.111111111,21.111111111
0.472,0.607,0.178,0.209,0.346,0.417,0,0.583,0.376,21.111111111,21.111111111
0.972,0.671,0.38,0.379,0.522,0.283,0.7,0,0.125,21.111111111,21.111111111
1,0.715,0.416,0.399,0.703,0,0,0,0.209,21.111111111,21.111111111
1,0.762,0.432,0.437,0.646,0,0,0,0,17.777777778,21.111111111
1,0.788,0.489,0.532,0.431,0,0,0,0.292,17.777777778,26.111111111
1,0.782,0.623,0.69,0.326,0,0,0,0.167,17.777777778,26.111111111
1,0.757,0.757,0.849,0.0495,0,0,0,0,17.777777778,26.111111111
1,0.691,0.676,0.809,0,0,0,0,0,17.777777778,26.111111111
1,0.591,0.197,0.262,0,0,0,0,0,17.777777778,26.111111111
1,0.574,0.111,0.154,0,0,0,0,0,17.777777778,26.111111111
1,0.565,0.0562,0.09,0,0,0,0,0,17.777777778,26.111111111
1,0.564,0.0312,0.0632,0,0,0,0,0.0418,17.777777778,26.111111111
1,0.565,0.0189,0.0505,0,0,0,0,0,21.111111111,26.111111111
1,0.565,0.0189,0.0505,0,0,0,0,0,21.111111111,21.111111111
1,0.565,0.0189,0.0505,0,0,0,0,0,21.111111111,21.111111111
0.778,0.565,0.0189,0.0505,0,0,0,0,0,21.111111111,21.111111111
0.667,0.571,0.0257,0.114,0,0,0,0.667,0,21.111111111,21.111111111
0.667,0.584,0.0377,0.166,0,0,0,0.583,0.501,21.111111111,21.111111111
0.667,0.593,0.0548,0.178,0,0,0,0,0.125,21.111111111,21.111111111
0.667,0.614,0.11,0.263,0,0,0,0,0.0828,21.111111111,21.111111111
0.667,0.624,0.151,0.3,0.25,0.667,0,0,0.138,21.111111111,21.111111111
0.667,0.624,0.17,0.289,0.671,0.0333,0.95,0,0.251,21.111111111,21.111111111
0.667,0.624,0.183,0.28,0.0974,0,0,0,0.0836,21.111111111,21.111111111
0.806,0.624,0.209,0.275,0,0,0,0,0.0836,21.111111111,21.111111111
0.944,0.624,0.24,0.274,0,0,0,0,0.0418,21.111111111,21.111111111
0.667,0.637,0.266,0.276,0,0,0,0,0.543,21.111111111,21.111111111
0.722,0.674,0.306,0.302,0,0,0,0,0.292,21.111111111,21.111111111
1,0.762,0.432,0.437,0,0,0,0,0,17.777777778,21.111111111
0.778,0.737,0.379,0.416,0.0896,0.167,0,0,0,17.777777778,26.111111111
0.667,0.71,0.422,0.477,0.346,0.533,0.233,0,0.0418,17.777777778,26.111111111
0.806,0.718,0.619,0.701,0.641,0,0,0,0,17.777777778,26.111111111
1,0.659,0.477,0.571,0,0,0,0,0.0836,17.777777778,26.111111111
1,0.604,0.277,0.357,0,0,0,0,0,17.777777778,26.111111111
1,0.572,0.0844,0.126,0,0,0,0,0,17.777777778,26.111111111
1,0.565,0.0174,0.0505,0,0,0,0,0,17.777777778,26.111111111
1,0.565,0.0166,0.0505,0,0,0,0,0,17.777777778,26.111111111
1,0.565,0.0166,0.0505,0,0,0,0,0,21.111111111,26.111111111
1,0.565,0.0166,0.0505,0,0,0,0,0,21.111111111,21.111111111
1,0.565,0.0166,0.0505,0,0,0,0,0,21.111111111,21.111111111
1,0.565,0.0166,0.0505,0,0,0,0,0,21.111111111,26.111111111
1,0.565,0.0166,0.0505,0,0,0,0,0,21.111111111,26.111111111
1,0.581,0.0311,0.134,0,0,0,0,0.125,21.111111111,26.111111111
1,0.598,0.0472,0.199,0,0,0,0,0.116,21.111111111,26.111111111
0.861,0.611,0.0666,0.253,0,0,0,0,0.167,21.111111111,26.111111111
0.667,0.594,0.0539,0.175,0,0,0,0,0,21.111111111,26.111111111
0.611,0.594,0.0587,0.17,0,0,0,0,0.0836,21.111111111,26.111111111
0.333,0.594,0.0621,0.165,0,0,0,0,0,21.111111111,26.111111111
0.333,0.594,0.0676,0.163,0,0,0,0,0.0836,21.111111111,21.111111111
0.333,0.594,0.0722,0.162,0,0,0,0,0.376,21.111111111,21.111111111
0.333,0.601,0.0783,0.163,0,0,0,0,0.0836,21.111111111,21.111111111
0.333,0.615,0.0922,0.167,0,0,0,0,0.0418,21.111111111,21.111111111
0.472,0.66,0.153,0.235,0,0,0,0,0.125,17.777777778,21.111111111
0.889,0.764,0.36,0.487,0,0,0,0,0.0418,17.777777778,26.111111111
0.944,0.771,0.513,0.651,0.0665,0.167,0,0,0,17.777777778,26.111111111
0.722,0.663,0.349,0.442,0.671,0.533,0.233,0,0.0418,17.777777778,26.111111111
1,0.658,0.485,0.619,0.423,0,0,0,0.0418,17.777777778,26.111111111
1,0.627,0.41,0.544,0.575,0,0,0,0.362,17.777777778,26.111111111
1,0.58,0.145,0.212,0.0263,0,0,0,0.194,17.777777778,26.111111111
1,0.566,0.0353,0.0732,0,0,0,0,0,17.777777778,26.111111111
1,0.565,0.0166,0.0505,0,0,0,0,0,17.777777778,26.111111111
1,0.565,0.0166,0.0505,0,0,0,0,0,21.111111111,26.111111111
1,0.565,0.0166,0.0505,0,0,0,0,0,21.111111111,21.111111111
1,0.565,0.0166,0.0505,0,0,0,0,0,21.111111111,21.111111111
1,0.565,0.0166,0.0505,0,0,0,0,0,21.111111111,26.111111111
1,0.572,0.0285,0.13,0,0,0,0.167,0.188,21.111111111,26.111111111
0.778,0.587,0.0407,0.198,0,0,0,0.333,0.125,21.111111111,26.111111111
0.667,0.612,0.0612,0.264,0,0,0,0,0.125,21.111111111,26.111111111
0.667,0.624,0.0808,0.306,0,0,0,0,0.125,21.111111111,26.111111111
0.444,0.604,0.0653,0.218,0,0,0,0,0.0418,21.111111111,26.111111111
0.333,0.594,0.0587,0.17,0,0,0,0,0.0418,21.111111111,26.111111111
0.333,0.594,0.0621,0.165,0,0,0,0,0.125,21.111111111,26.111111111
0.333,0.594,0.0676,0.163,0,0,0,0,0.0418,21.111111111,21.111111111
0.333,0.594,0.0722,0.162,0,0,0,0,0.0418,21.111111111,21.111111111
0.333,0.601,0.0783,0.163,0,0,0,0,0.0418,21.111111111,21.111111111
0.472,0.638,0.126,0.216,0,0,0,0,0.292,21.111111111,21.111111111
0.667,0.696,0.206,0.308,0,0,0,0.167,0.209,17.777777778,21.111111111
0.667,0.713,0.268,0.371,0,0,0,1,0,17.777777778,26.111111111
0.972,0.776,0.534,0.676,0.0974,0.167,0,1,0.251,17.777777778,26.111111111
1,0.757,0.698,0.849,0.32,0.767,0.233,0.0833,0.0836,17.777777778,26.111111111
1,0.678,0.566,0.713,0.451,0,0.467,0,0,17.777777778,26.111111111
1,0.614,0.329,0.444,0.352,0,0,0,0,17.777777778,26.111111111
1,0.574,0.0995,0.154,0.4,0,0,0,0,17.777777778,26.111111111
1,0.565,0.0485,0.09,0.355,0,0,0,0,17.777777778,26.111111111
1,0.563,0.0277,0.0646,0,0,0,0,0,17.777777778,26.111111111
1,0.563,0.0193,0.0533,0,0,0,0,0,21.111111111,26.111111111
1,0.563,0.0163,0.0505,0,0,0,0,0.0836,21.111111111,21.111111111
1,0.563,0.018,0.0515,0,0,0,0,0.373,21.111111111,21.111111111
0.778,0.563,0.0224,0.0719,0,0,0,0,0.244,21.111111111,26.111111111
0.667,0.576,0.0379,0.188,0,0,0,0,0.156,21.111111111,26.111111111
0.667,0.603,0.0552,0.281,0,0,0,0.417,0.35,21.111111111,26.111111111
0.361,0.595,0.0443,0.188,0,0,0,0.75,0.177,21.111111111,26.111111111
0.333,0.594,0.0487,0.178,0,0,0,0.833,0.0418,21.111111111,26.111111111
0.333,0.594,0.0539,0.175,0,0,0,0,0.276,21.111111111,26.111111111
0.389,0.599,0.066,0.189,0,0,0,0,0.0418,21.111111111,26.111111111
0.667,0.624,0.108,0.28,0,0,0,0,0.125,21.111111111,26.111111111
0.361,0.597,0.0715,0.172,0,0,0,0,0.125,21.111111111,21.111111111
0.333,0.594,0.0722,0.162,0,0,0,0,0,21.111111111,21.111111111
0.0278,0.568,0.0213,0.0599,0,0,0,0,0,21.111111111,21.111111111
0.222,0.602,0.0708,0.129,0,0,0,0,0.0836,21.111111111,21.111111111
0.556,0.678,0.179,0.269,0,0,0,0.667,0.0836,17.777777778,21.111111111
0.889,0.764,0.36,0.487,0,0,0,0.0833,0.0836,17.777777778,26.111111111
0.861,0.753,0.464,0.593,0,0,0,0.917,0,17.777777778,26.111111111
0.806,0.718,0.572,0.701,0,0,0,0.583,0.0836,17.777777778,26.111111111
1,0.705,0.719,0.904,0,0,0,0,0.0836,17.777777778,26.111111111
1,0.63,0.429,0.568,0,0,0,0,0,17.777777778,26.111111111
1,0.575,0.102,0.157,0,0,0,0,0,17.777777778,26.111111111
1,0.565,0.0166,0.0505,0,0,0,0,0,17.777777778,26.111111111
1,0.565,0.0166,0.0505,0,0,0,0,0,17.777777778,26.111111111
1,0.565,0.0166,0.0505,0,0,0,0,0,21.111111111,26.111111111
1,0.565,0.0166,0.0505,0,0,0,0,0,21.111111111,21.111111111
1,0.565,0.0166,0.0505,0,0,0,0,0,21.111111111,21.111111111
1,0.565,0.0166,0.0505,0,0,0,0,0,21.111111111,26.111111111
1,0.565,0.0166,0.0505,0,0,0,0,0,21.111111111,26.111111111
0.833,0.569,0.0202,0.0714,0,0,0,0,0.0418,21.111111111,26.111111111
1,0.612,0.0612,0.264,0,0,0,0,0.417,21.111111111,26.111111111
0.944,0.619,0.0751,0.285,0,0,0,0,0.197,21.111111111,26.111111111
0.667,0.594,0.0539,0.175,0,0,0,0,0.0836,21.111111111,26.111111111
0.528,0.602,0.0696,0.199,0,0,0,0,0.0418,21.111111111,26.111111111
0.111,0.575,0.0312,0.0896,0,0,0,0,0.209,21.111111111,26.111111111
0,0.565,0.0166,0.0505,0,0,0,0,0,21.111111111,21.111111111
0,0.565,0.0166,0.0505,0,0,0,0,0,21.111111111,21.111111111
0.194,0.588,0.0541,0.116,0,0,0,0,0.167,21.111111111,21.111111111
0.667,0.665,0.168,0.283,0,0,0,0,0,21.111111111,21.111111111
0.667,0.696,0.206,0.308,0.308,0.917,0,0.75,0.251,17.777777778,21.111111111
0.889,0.764,0.36,0.487,0.464,0.5,0.233,0,0.209,17.777777778,26.111111111
1,0.782,0.546,0.69,0.597,0,0,0,0.0418,17.777777778,26.111111111
0.778,0.716,0.536,0.661,0.44,0,0,0,0.0836,17.777777778,26.111111111
0.889,0.685,0.638,0.809,0.481,0,0,0,0.334,17.777777778,26.111111111
1,0.635,0.463,0.612,0,0,0,0,0.235,17.777777778,26.111111111
1,0.582,0.183,0.257,0,0,0,0,0.104,17.777777778,26.111111111
1,0.567,0.0539,0.0958,0,0,0,0,0.202,17.777777778,26.111111111
1,0.565,0.0166,0.0505,0,0,0,0,0,17.777777778,26.111111111
1,0.565,0.0166,0.0505,0,0,0,0,0,21.111111111,26.111111111
1,0.565,0.0166,0.0505,0,0,0,0,0,21.111111111,21.111111111
1,0.565,0.0166,0.0505,0,0,0,0,0,21.111111111,21.111111111
1,0.565,0.0166,0.0505,0,0,0,0,0,21.111111111,26.111111111
1,0.567,0.019,0.0664,0,0,0,0,0,21.111111111,26.111111111
1,0.584,0.0359,0.166,0,0,0,0.417,0.0418,21.111111111,26.111111111
1,0.617,0.0659,0.285,0,0,0,0.833,0.3,21.111111111,26.111111111
1,0.653,0.113,0.434,0,0,0,0,0.526,21.111111111,26.111111111
1,0.653,0.129,0.424,0,0,0,0,0.417,21.111111111,26.111111111
1,0.653,0.143,0.408,0,0,0,0,0.375,21.111111111,26.111111111
0.778,0.633,0.122,0.319,0,0,0,0,0.263,21.111111111,26.111111111
0.667,0.624,0.119,0.275,0,0,0,0,0.413,21.111111111,21.111111111
0.444,0.604,0.0899,0.2,0,0,0,0,0.324,21.111111111,21.111111111
0.333,0.601,0.0783,0.163,0,0,0,0,0.376,21.111111111,21.111111111
0.389,0.624,0.106,0.186,0,0,0,0,0.0836,21.111111111,21.111111111
0.667,0.696,0.206,0.308,0,0,0,0,0.209,17.777777778,21.111111111
0.667,0.713,0.268,0.371,0,0,0,0,0.125,17.777777778,26.111111111
0.667,0.71,0.37,0.477,0,0,0,0,0,17.777777778,26.111111111
0.806,0.708,0.531,0.654,0,0,0,0,0.125,17.777777778,26.111111111
1,0.652,0.447,0.572,0,0,0,0,0.345,17.777777778,26.111111111
1,0.591,0.184,0.262,0,0,0,0,0.0418,17.777777778,26.111111111
1,0.574,0.0995,0.154,0,0,0,0,0,17.777777778,26.111111111
1,0.566,0.0368,0.0732,0,0,0,0,0,17.777777778,26.111111111
1,0.565,0.0189,0.0505,0,0,0,0,0,17.777777778,26.111111111
1,0.565,0.0189,0.0505,0,0,0,0,0,21.111111111,26.111111111
1,0.565,0.0189,0.0505,0,0,0,0,0,21.111111111,21.111111111
1,0.565,0.0189,0.0505,0,0,0,0,0,21.111111111,21.111111111
1,0.564,0.0211,0.0712,0,0,0,0,0.0418,21.111111111,21.111111111
1,0.57,0.0268,0.124,0,0,0,0,0.125,21.111111111,21.111111111
0.917,0.598,0.0506,0.225,0,0,0,0,0.15,21.111111111,21.111111111
1,0.62,0.0907,0.305,0,0,0,0.917,0.168,21.111111111,21.111111111
1,0.643,0.163,0.391,0,0,0,1,0.173,21.111111111,21.111111111
1,0.653,0.218,0.424,0,0,0,0.333,0.34,21.111111111,21.111111111
0.944,0.648,0.232,0.389,0,0,0,0,0.339,21.111111111,21.111111111
0.667,0.624,0.183,0.28,0,0,0,0,0.405,21.111111111,21.111111111
0.667,0.624,0.209,0.275,0,0,0,0.25,0.0418,21.111111111,21.111111111
0.667,0.624,0.24,0.274,0,0,0,0,0.0418,21.111111111,21.111111111
0.444,0.611,0.181,0.2,0,0,0,0,0.293,21.111111111,21.111111111
0.333,0.615,0.151,0.167,0,0,0,0,0.235,21.111111111,21.111111111
0.556,0.678,0.25,0.269,0,0,0,0,0.326,17.777777778,21.111111111
0.889,0.764,0.443,0.487,0,0,0,0,0.561,17.777777778,26.111111111
0.694,0.716,0.436,0.491,0,0,0,0,0.311,17.777777778,26.111111111
0.889,0.733,0.684,0.771,0,0,0,0,0.0418,17.777777778,26.111111111
1,0.705,0.755,0.904,0,0,0,0,0,17.777777778,26.111111111
1,0.63,0.455,0.568,0,0,0,0,0,17.777777778,26.111111111
1,0.575,0.113,0.157,0,0,0,0,0,17.777777778,26.111111111
1,0.565,0.0189,0.0505,0,0,0,0,0,17.777777778,26.111111111
1,0.565,0.0189,0.0505,0,0,0,0,0,17.777777778,26.111111111
1,0.565,0.0189,0.0505,0,0,0,0,0,21.111111111,26.111111111
1,0.565,0.0189,0.0505,0,0,0,0,0,21.111111111,21.111111111
1,0.565,0.0189,0.0505,0,0,0,0,0,21.111111111,21.111111111
1,0.565,0.0189,0.0505,0,0,0,0,0,21.111111111,21.111111111
1,0.565,0.0189,0.0505,0,0,0,0,0,21.111111111,21.111111111
1,0.581,0.0343,0.134,0,0,0,0,0.218,21.111111111,21.111111111
1,0.612,0.083,0.264,0,0,0,0,0.319,21.111111111,21.111111111
0.833,0.609,0.0955,0.242,0,0,0,0,0.23,21.111111111,21.111111111
0.778,0.604,0.104,0.218,0,0,0,0,0,21.111111111,21.111111111
0.75,0.602,0.112,0.201,0,0,0,0,0.0836,21.111111111,21.111111111
0.667,0.614,0.157,0.24,0,0,0,0,0.125,21.111111111,21.111111111
0.667,0.624,0.209,0.275,0,0,0,0,0.0836,21.111111111,21.111111111
0.667,0.624,0.24,0.274,0,0,0,0,0.292,21.111111111,21.111111111
0.667,0.637,0.266,0.276,0,0,0,0,0.0836,21.111111111,21.111111111
0.667,0.665,0.284,0.283,0,0,0,0,0.0418,21.111111111,21.111111111
0.611,0.684,0.271,0.286,0,0,0,0,0.292,17.777777778,21.111111111
0.611,0.703,0.314,0.356,0,0,0,0.167,0.125,17.777777778,26.111111111
1,0.782,0.623,0.69,0.258,0.167,0,1,0,17.777777778,26.111111111
1,0.757,0.757,0.849,0.406,0.533,0.467,0.0833,0.415,17.777777778,26.111111111
0.917,0.683,0.651,0.785,0.352,0,0,0.5,0.209,17.777777778,26.111111111
1,0.604,0.277,0.357,0.468,0,0,0,0.185,17.777777778,26.111111111
1,0.574,0.111,0.154,0,0,0,0,0,17.777777778,26.111111111
1,0.565,0.0486,0.0858,0,0,0,0,0,17.777777778,26.111111111
1,0.565,0.0166,0.0505,0,0,0,0,0,17.777777778,26.111111111
1,0.565,0.0166,0.0505,0,0,0,0,0,21.111111111,26.111111111
1,0.565,0.0166,0.0505,0,0,0,0,0,21.111111111,21.111111111
1,0.565,0.0166,0.0505,0,0,0,0,0,21.111111111,21.111111111
1,0.564,0.0211,0.0712,0,0,0,0,0.455,21.111111111,26.111111111
1,0.576,0.0379,0.188,0,0,0,0,0.238,21.111111111,26.111111111
0.556,0.587,0.0407,0.198,0,0,0,0,0.294,21.111111111,26.111111111
0.333,0.593,0.0425,0.178,0,0,0,0,0.418,21.111111111,26.111111111
0.333,0.594,0.0487,0.178,0,0,0,0,0.209,21.111111111,26.111111111
0.333,0.594,0.0539,0.175,0,0,0,0,0.125,21.111111111,26.111111111
0.333,0.594,0.0587,0.17,0,0,0,0,0.291,21.111111111,26.111111111
0.333,0.582,0.0428,0.118,0,0,0,0,0.16,21.111111111,26.111111111
0.333,0.565,0.0166,0.0505,0,0,0,0,0,21.111111111,21.111111111
0.278,0.565,0.0166,0.0505,0,0,0,0,0,21.111111111,21.111111111
0,0.565,0.0166,0.0505,0,0,0,0,0,21.111111111,21.111111111
0.0556,0.574,0.0301,0.0701,0,0,0,0,0.0418,21.111111111,21.111111111
0.472,0.66,0.153,0.235,0,0,0,0.167,0.104,17.777777778,21.111111111
0.667,0.713,0.268,0.371,0,0,0,0.583,0.244,17.777777778,26.111111111
0.667,0.71,0.37,0.477,0,0,0,0,0,17.777777778,26.111111111
0.722,0.703,0.511,0.63,0,0,0,0,0.0836,17.777777778,26.111111111
1,0.705,0.719,0.904,0,0,0,0,0,17.777777778,26.111111111
1,0.622,0.372,0.495,0,0,0,0,0.201,17.777777778,26.111111111
1,0.574,0.0995,0.154,0,0,0,0,0,17.777777778,26.111111111
1,0.566,0.0353,0.0732,0,0,0,0,0,17.777777778,26.111111111
1,0.565,0.0166,0.0505,0,0,0,0,0,17.777777778,26.111111111
1,0.565,0.0166,0.0505,0,0,0,0,0,21.111111111,26.111111111
1,0.565,0.0166,0.0505,0,0,0,0,0,21.111111111,21.111111111
1,0.565,0.0166,0.0505,0,0,0,0,0,21.111111111,21.111111111
0.861,0.565,0.0183,0.0583,0,0,0,0,0.251,21.111111111,26.111111111
0.972,0.571,0.0261,0.114,0,0,0,0.667,0.0836,21.111111111,26.111111111
0.861,0.6,0.0505,0.249,0,0,0,0.0833,0.319,21.111111111,26.111111111
0.667,0.62,0.0685,0.305,0,0,0,0,0.43,21.111111111,26.111111111
0.611,0.619,0.0751,0.285,0,0,0,0,0.352,21.111111111,26.111111111
0.333,0.594,0.0539,0.175,0,0,0,0,0.209,21.111111111,26.111111111
0.333,0.594,0.0587,0.17,0,0,0,0,0,21.111111111,26.111111111
0.389,0.599,0.0699,0.184,0,0,0,0.167,0.0418,21.111111111,26.111111111
0.833,0.638,0.145,0.331,0.111,0.167,0,1,0,21.111111111,21.111111111
0.806,0.636,0.151,0.321,0.321,0.533,0.233,0.583,0.251,21.111111111,21.111111111
0.694,0.633,0.134,0.266,0.782,0,0,0,0.0836,21.111111111,21.111111111
0.361,0.569,0.0219,0.0599,0.168,0,0,0,0,21.111111111,21.111111111
0.333,0.577,0.0334,0.0729,0,0,0,0,0,17.777777778,21.111111111
0.389,0.652,0.165,0.24,0,0,0,0,0.334,17.777777778,26.111111111
0.972,0.776,0.534,0.676,0,0,0,0.917,0.186,17.777777778,26.111111111
1,0.757,0.698,0.849,0,0,0,0.333,0.211,17.777777778,26.111111111
1,0.705,0.719,0.904,0.142,0.167,0,0,0,17.777777778,26.111111111
1,0.643,0.52,0.684,0,0.533,0.233,0,0.169,17.777777778,26.111111111
1,0.584,0.194,0.272,0,0,0,0,0,17.777777778,26.111111111
1,0.565,0.077,0.125,0,0,0,0,0.0418,17.777777778,26.111111111
1,0.563,0.0277,0.0646,0,0,0,0.417,0,17.777777778,26.111111111
1,0.563,0.0193,0.0533,0,0,0,0.0833,0.125,21.111111111,26.111111111
1,0.563,0.0163,0.0505,0,0,0,0,0.46,21.111111111,21.111111111
1,0.565,0.0163,0.0505,0,0,0,0,0,21.111111111,21.111111111
0.944,0.564,0.02,0.066,0,0,0,0,0,21.111111111,26.111111111
0.667,0.565,0.0166,0.0505,0,0,0,0,0,21.111111111,26.111111111
0.667,0.585,0.0348,0.155,0,0,0,0,0.105,21.111111111,26.111111111
0.361,0.595,0.0443,0.188,0,0,0,0.417,0.0418,21.111111111,26.111111111
0.333,0.594,0.0487,0.178,0,0,0,0.333,0.125,21.111111111,26.111111111
0.333,0.594,0.0539,0.175,0,0,0,0,0.251,21.111111111,26.111111111
0.333,0.594,0.0587,0.17,0,0,0,0,0,21.111111111,26.111111111
0.333,0.594,0.0621,0.165,0,0,0,0,0,21.111111111,26.111111111
0.333,0.594,0.0676,0.163,0,0,0,0,0.0418,21.111111111,21.111111111
0.333,0.594,0.0722,0.162,0,0,0,0,0,21.111111111,21.111111111
0.333,0.601,0.0783,0.163,0,0,0,0,0.0418,21.111111111,21.111111111
0.333,0.615,0.0922,0.167,0,0,0,0,0.0418,21.111111111,21.111111111
0.278,0.619,0.0943,0.157,0,0,0,0,0,17.777777778,21.111111111
0.444,0.666,0.201,0.282,0,0,0,0,0.251,17.777777778,26.111111111
0.667,0.71,0.37,0.477,0,0,0,0,0.0836,17.777777778,26.111111111
0.972,0.71,0.52,0.641,0,0,0,0,0.0836,17.777777778,26.111111111
1,0.652,0.447,0.572,0,0,0,0,0,17.777777778,26.111111111
1,0.591,0.184,0.262,0.218,0.167,0,0,0,17.777777778,26.111111111
1,0.574,0.0995,0.154,0.592,0.533,0.467,0,0,17.777777778,26.111111111
1,0.565,0.0483,0.09,0.513,0,0.233,0,0,17.777777778,26.111111111
1,0.563,0.0276,0.0646,0.436,0,0,0,0.0836,17.777777778,26.111111111
1,0.563,0.0192,0.0533,0.405,0,0,0,0.292,21.111111111,26.111111111
1,0.563,0.0163,0.0505,0,0,0,0,0.251,21.111111111,21.111111111
1,0.564,0.0163,0.0505,0,0,0,0,0,21.111111111,21.111111111
1,0.564,0.021,0.0724,0,0,0,0,0.125,21.111111111,26.111111111
1,0.57,0.0282,0.128,0,0,0,0,0.469,21.111111111,26.111111111
0.778,0.568,0.0213,0.0837,0,0,0,0,0,21.111111111,26.111111111
0.667,0.603,0.0535,0.233,0,0,0,0,0.153,21.111111111,26.111111111
0.667,0.622,0.0802,0.326,0,0,0,0,0.166,21.111111111,26.111111111
0.139,0.577,0.0307,0.108,0,0,0,0,0,21.111111111,26.111111111
0.139,0.577,0.0346,0.104,0,0,0,0,0,21.111111111,26.111111111
0.389,0.599,0.0694,0.196,0,0,0,0.167,0.0836,21.111111111,26.111111111
0.667,0.622,0.118,0.296,0,0,0,0.367,0.0418,21.111111111,21.111111111
0.667,0.622,0.127,0.298,0,0,0,0,0.0418,21.111111111,21.111111111
0.667,0.636,0.139,0.313,0,0,0,0,0.46,21.111111111,21.111111111
0.806,0.677,0.187,0.401,0,0,0,0,0,21.111111111,21.111111111
1,0.695,0.204,0.455,0,0,0,0,0.0418,17.777777778,21.111111111
1,0.712,0.266,0.578,0,0,0,0,0.251,17.777777778,26.111111111
1,0.755,0.496,0.858,0,0,0,0,0.128,17.777777778,26.111111111
1,0.754,0.692,0.903,0,0,0,0,0.0418,17.777777778,26.111111111
1,0.703,0.713,0.734,0,0,0,0,0.125,17.777777778,26.111111111
1,0.638,0.493,0.579,0,0,0,0,0.163,17.777777778,26.111111111
1,0.575,0.11,0.169,0,0,0,0,0,17.777777778,26.111111111
1,0.566,0.0351,0.0732,0,0,0,0,0,17.777777778,26.111111111
1,0.565,0.0166,0.0505,0,0,0,0,0,17.777777778,26.111111111
1,0.565,0.0166,0.0505,0,0,0,0,0,21.111111111,26.111111111
1,0.565,0.0166,0.0505,0,0,0,0,0,21.111111111,21.111111111
1,0.565,0.0166,0.0505,0,0,0,0,0,21.111111111,21.111111111
1,0.565,0.0166,0.0505,0,0,0,0,0,21.111111111,26.111111111
1,0.571,0.026,0.117,0,0,0,0,0.0418,21.111111111,26.111111111
0.778,0.583,0.0357,0.171,0,0,0,0,0.218,21.111111111,26.111111111
0.528,0.58,0.0307,0.128,0,0,0,0,0.0418,21.111111111,26.111111111
0.333,0.565,0.0166,0.0505,0,0,0,0,0,21.111111111,26.111111111
0.333,0.565,0.0166,0.0505,0,0,0,0,0,21.111111111,26.111111111
0.333,0.584,0.0455,0.136,0,0,0,0,0.312,21.111111111,26.111111111
0.556,0.613,0.0924,0.258,0,0,0,0.417,0.495,21.111111111,26.111111111
0.611,0.618,0.109,0.276,0,0,0,1,0.191,21.111111111,21.111111111
0.0278,0.568,0.021,0.0607,0,0,0,1,0,21.111111111,21.111111111
0.306,0.598,0.0731,0.171,0,0,0,0.967,0.376,21.111111111,21.111111111
0.333,0.614,0.0916,0.205,0,0,0,0.45,0.334,21.111111111,21.111111111
0.639,0.69,0.197,0.441,0,0,0,0.667,0.0836,17.777777778,21.111111111
0.722,0.724,0.289,0.625,0,0,0,0.7,0.285,17.777777778,26.111111111
1,0.78,0.542,0.953,0,0,0,0,0.459,17.777777778,26.111111111
1,0.754,0.692,0.903,0,0,0,0,0.347,17.777777778,26.111111111
1,0.703,0.713,0.734,0,0,0,0,0,17.777777778,26.111111111
1,0.63,0.437,0.506,0,0,0,0,0,17.777777778,26.111111111
1,0.573,0.0988,0.155,0,0,0,0,0,17.777777778,26.111111111
1,0.565,0.0524,0.09,0,0,0,0,0,17.777777778,26.111111111
1,0.564,0.0268,0.059,0,0,0,0,0,17.777777778,26.111111111
1,0.565,0.0189,0.0505,0,0,0,0,0,21.111111111,26.111111111
1,0.564,0.0184,0.0505,0,0,0,0,0.334,21.111111111,21.111111111
1,0.564,0.0186,0.0505,0,0,0,0,0,21.111111111,21.111111111
1,0.565,0.0189,0.0505,0,0,0,0,0,21.111111111,21.111111111
0.861,0.567,0.0214,0.0754,0,0,0,0,0.125,21.111111111,21.111111111
0.972,0.583,0.0367,0.162,0,0,0,0,0.167,21.111111111,21.111111111
1,0.611,0.0824,0.277,0,0,0,0,0.569,21.111111111,21.111111111
1,0.641,0.162,0.419,0,0,0,0,0.513,21.111111111,21.111111111
0.778,0.632,0.169,0.368,0,0,0,0,0.139,21.111111111,21.111111111
0.667,0.622,0.168,0.311,0,0,0,0.667,0,21.111111111,21.111111111
0.667,0.622,0.181,0.301,0,0,0,0.683,0,21.111111111,21.111111111
0.806,0.634,0.249,0.347,0,0,0,0,0.418,21.111111111,21.111111111
0.944,0.646,0.328,0.4,0,0,0,0,0.167,21.111111111,21.111111111
0.667,0.636,0.264,0.313,0,0,0,0,0.0418,21.111111111,21.111111111
0.889,0.7,0.37,0.469,0,0,0,0,0.0836,21.111111111,21.111111111
0.917,0.742,0.394,0.602,0,0,0,0,0,17.777777778,21.111111111
1,0.785,0.485,0.841,0,0,0,0.667,0,17.777777778,26.111111111
1,0.768,0.582,0.901,0,0,0,0.7,0,17.777777778,26.111111111
0.861,0.706,0.571,0.687,0,0,0,0,0,17.777777778,26.111111111
0.806,0.647,0.447,0.455,0,0,0,0,0,17.777777778,26.111111111
1,0.603,0.275,0.305,0,0,0,0,0.522,17.777777778,26.111111111
1,0.573,0.11,0.155,0,0,0,0,0.0418,17.777777778,26.111111111
1,0.566,0.0401,0.0732,0,0,0,0,0,17.777777778,26.111111111
1,0.565,0.0189,0.0505,0,0,0,0,0,17.777777778,26.111111111
1,0.565,0.0189,0.0505,0,0,0,0,0,21.111111111,26.111111111
1,0.565,0.0189,0.0505,0,0,0,0,0,21.111111111,21.111111111
1,0.565,0.0189,0.0505,0,0,0,0,0,21.111111111,21.111111111
1,0.565,0.0195,0.056,0,0,0,0,0.17,21.111111111,21.111111111
0.861,0.566,0.0225,0.0863,0,0,0,0,0.017,21.111111111,21.111111111
0.667,0.565,0.0189,0.0505,0,0,0,0,0,21.111111111,21.111111111
0.833,0.578,0.0351,0.117,0,0,0,0,0.18,21.111111111,21.111111111
0.667,0.603,0.0956,0.235,0,0,0,0.667,0.454,21.111111111,21.111111111
0.667,0.622,0.15,0.322,0,0,0,1,0.162,21.111111111,21.111111111
0.667,0.622,0.168,0.311,0,0,0,0.8,0.422,21.111111111,21.111111111
0.667,0.622,0.181,0.301,0,0,0,0,0.431,21.111111111,21.111111111
0.722,0.627,0.224,0.316,0,0,0,0.167,0.304,21.111111111,21.111111111
1,0.651,0.347,0.421,0,0,0,1,0.355,21.111111111,21.111111111
0.778,0.646,0.302,0.354,0,0,0,1,0.209,21.111111111,21.111111111
0.806,0.686,0.337,0.428,0,0,0,0.467,0.0836,21.111111111,21.111111111
1,0.759,0.429,0.657,0,0,0,0.1,0.26,17.777777778,21.111111111
1,0.785,0.485,0.841,0,0,0,0,0.0861,17.777777778,26.111111111
1,0.78,0.618,0.953,0,0,0,0,0.28,17.777777778,26.111111111
1,0.754,0.751,0.903,0,0,0,0,0.366,17.777777778,26.111111111
1,0.703,0.749,0.734,0,0,0,0,0.0987,17.777777778,26.111111111
1,0.625,0.427,0.462,0,0,0,0,0.483,17.777777778,26.111111111
1,0.573,0.11,0.155,0,0,0,0,0.453,17.777777778,26.111111111
1,0.566,0.0386,0.0732,0,0,0,0,0.201,17.777777778,26.111111111
1,0.565,0.0166,0.0505,0,0,0,0,0,17.777777778,26.111111111
1,0.565,0.0166,0.0505,0,0,0,0,0,21.111111111,26.111111111
1,0.565,0.0166,0.0505,0,0,0,0,0,21.111111111,21.111111111
1,0.565,0.0166,0.0505,0,0,0,0,0,21.111111111,21.111111111
1,0.565,0.0166,0.0505,0,0,0,0,0,21.111111111,26.111111111
1,0.565,0.0166,0.0505,0,0,0,0,0,21.111111111,26.111111111
1,0.585,0.0346,0.159,0,0,0,0.167,0.156,21.111111111,26.111111111
0.778,0.619,0.068,0.32,0,0,0,0.65,0.261,21.111111111,26.111111111
0.667,0.622,0.0802,0.326,0,0,0,0,0.282,21.111111111,26.111111111
0.667,0.622,0.0906,0.322,0,0,0,0,0.159,21.111111111,26.111111111
0.667,0.622,0.1,0.311,0,0,0,0,0.327,21.111111111,26.111111111
0.611,0.618,0.0992,0.28,0,0,0,0,0.2,21.111111111,26.111111111
0.333,0.594,0.0672,0.173,0.0896,0.667,0,0,0.521,21.111111111,21.111111111
0.556,0.594,0.0717,0.174,0,0.0333,0.967,0,0.373,21.111111111,21.111111111
0.611,0.601,0.0778,0.182,0,0,0.0667,0,0.893,21.111111111,21.111111111
0.556,0.651,0.145,0.315,0,0,0,0,0.23,21.111111111,21.111111111
0.667,0.695,0.204,0.455,0,0,0,0,0.509,17.777777778,21.111111111
0.222,0.612,0.0835,0.198,0,0,0,0,0.0836,17.777777778,26.111111111
0.222,0.612,0.146,0.256,0,0,0,0.667,0.125,17.777777778,26.111111111
0.778,0.71,0.551,0.706,0,0,0,0.967,0,17.777777778,26.111111111
1,0.696,0.675,0.7,0,0,0,0,0.15,17.777777778,26.111111111
1,0.581,0.112,0.136,0,0,0,0,0,17.777777778,26.111111111
1,0.565,0.0166,0.0505,0,0,0,0,0,17.777777778,26.111111111
1,0.565,0.0166,0.0505,0,0,0,0,0,17.777777778,26.111111111
1,0.565,0.0166,0.0505,0,0,0,0,0,17.777777778,26.111111111
1,0.565,0.0166,0.0505,0,0,0,0,0,21.111111111,26.111111111
1,0.565,0.0166,0.0505,0,0,0,0,0,21.111111111,21.111111111
1,0.565,0.0166,0.0505,0,0,0,0,0,21.111111111,21.111111111
0.944,0.562,0.0244,0.0887,0,0,0,0,0.641,21.111111111,26.111111111
0.444,0.57,0.0282,0.128,0,0,0,0.417,0.226,21.111111111,26.111111111
0.333,0.583,0.0357,0.171,0,0,0,0.667,0.125,21.111111111,26.111111111
0.5,0.606,0.0561,0.254,0,0,0,0,0,21.111111111,26.111111111
0.333,0.594,0.0484,0.188,0,0,0,0,0.209,21.111111111,26.111111111
0.333,0.594,0.0536,0.186,0,0,0,0,0.0418,21.111111111,26.111111111
0.333,0.594,0.0583,0.181,0,0,0,0,0,21.111111111,26.111111111
0.333,0.587,0.0509,0.144,0,0,0,0,0.0418,21.111111111,26.111111111
0.333,0.594,0.0672,0.173,0,0,0,0,0.167,21.111111111,21.111111111
0.333,0.594,0.0717,0.174,0,0,0,0,0.251,21.111111111,21.111111111
0.333,0.601,0.0778,0.182,0,0,0,0,0.0418,21.111111111,21.111111111
0.472,0.637,0.125,0.274,0,0,0,0,0.249,21.111111111,21.111111111
0.667,0.695,0.204,0.455,0,0,0,0,0.167,17.777777778,21.111111111
0.389,0.649,0.152,0.34,0,0,0,0,0.125,17.777777778,26.111111111
0.0556,0.577,0.0489,0.102,0,0,0,0,0,17.777777778,26.111111111
0.472,0.653,0.342,0.448,0,0,0,0,0,17.777777778,26.111111111
0.806,0.673,0.576,0.592,0,0,0,0.417,0,17.777777778,26.111111111
1,0.641,0.516,0.609,0,0,0,0.95,0,17.777777778,26.111111111
1,0.588,0.254,0.351,0,0,0,0,0.123,17.777777778,26.111111111
1,0.565,0.0667,0.113,0,0,0,0,0.139,17.777777778,26.111111111
1,0.563,0.0276,0.0646,0,0,0,0,0.213,17.777777778,26.111111111
1,0.564,0.0188,0.0533,0,0,0,0,0,21.111111111,26.111111111
1,0.565,0.0166,0.0505,0,0,0,0,0,21.111111111,21.111111111
1,0.565,0.0166,0.0505,0,0,0,0,0,21.111111111,21.111111111
1,0.565,0.0177,0.056,0,0,0,0,0.24,21.111111111,26.111111111
1,0.571,0.0306,0.144,0,0,0,0,0.2,21.111111111,26.111111111
1,0.602,0.0548,0.291,0,0,0,0,0.413,21.111111111,26.111111111
0.694,0.599,0.0487,0.219,0,0,0,0,0.458,21.111111111,26.111111111
0.472,0.606,0.0604,0.246,0,0,0,0,0.172,21.111111111,26.111111111
0,0.565,0.0166,0.0505,0,0,0,0,0,21.111111111,26.111111111
0.222,0.584,0.0455,0.136,0,0,0,0,0.167,21.111111111,26.111111111
0.333,0.594,0.0617,0.176,0,0,0,0,0.125,21.111111111,26.111111111
0.333,0.594,0.0672,0.173,0,0,0,0,0.501,21.111111111,21.111111111
0.194,0.582,0.0482,0.122,0,0,0,0,0.188,21.111111111,21.111111111
0,0.565,0.0166,0.0505,0,0,0,0,0,21.111111111,21.111111111
0,0.565,0.0166,0.0505,0,0,0,0,0,21.111111111,21.111111111
0.278,0.623,0.1,0.235,0,0,0,0.667,0.0418,17.777777778,21.111111111
0.833,0.749,0.335,0.72,0.121,0.167,0,0.15,0.235,17.777777778,26.111111111
0.667,0.708,0.367,0.652,0.471,0.533,0.467,0,0,17.777777778,26.111111111
0.806,0.716,0.567,0.732,0.0804,0,0.567,0.667,0,17.777777778,26.111111111
1,0.703,0.713,0.734,0,0,0,1,0,17.777777778,26.111111111
1,0.628,0.425,0.491,0,0,0,0.8,0.0984,17.777777778,26.111111111
1,0.575,0.11,0.169,0,0,0,0,0,17.777777778,26.111111111
1,0.566,0.0351,0.0732,0,0,0,0,0,17.777777778,26.111111111
1,0.565,0.0166,0.0505,0,0,0,0,0,17.777777778,26.111111111
1,0.565,0.0166,0.0505,0,0,0,0,0,21.111111111,26.111111111
1,0.565,0.0166,0.0505,0,0,0,0,0,21.111111111,21.111111111
0.778,0.565,0.0166,0.0505,0,0,0,0,0,21.111111111,21.111111111
0.667,0.565,0.0166,0.0505,0,0,0,0,0,21.111111111,26.111111111
0.806,0.574,0.0319,0.158,0,0,0,0.667,0.109,21.111111111,26.111111111
0.778,0.596,0.0494,0.258,0,0,0,0.7,0.186,21.111111111,26.111111111
0.667,0.619,0.068,0.32,0,0,0,0,0.249,21.111111111,26.111111111
0.667,0.622,0.0802,0.326,0,0,0,0,0.125,21.111111111,26.111111111
0.361,0.596,0.0564,0.198,0,0,0,0,0.209,21.111111111,26.111111111
0.333,0.594,0.0583,0.181,0,0,0,0,0,21.111111111,26.111111111
0.556,0.613,0.0924,0.258,0,0,0,0,0.0836,21.111111111,26.111111111
0.667,0.622,0.118,0.296,0,0,0,0,0.125,21.111111111,21.111111111
0.278,0.589,0.062,0.153,0,0,0,0,0,21.111111111,21.111111111
0.556,0.627,0.12,0.272,0,0,0,0,0.125,21.111111111,21.111111111
0.361,0.618,0.0969,0.216,0,0,0,0,0,21.111111111,21.111111111
0.333,0.63,0.11,0.253,0,0,0,0,0.125,17.777777778,21.111111111
0.694,0.72,0.29,0.623,0,0,0,0,0.418,17.777777778,26.111111111
1,0.78,0.542,0.953,0,0,0,0,0.167,17.777777778,26.111111111
1,0.754,0.692,0.903,0,0,0,0,0,17.777777778,26.111111111
1,0.696,0.675,0.7,0,0,0,0,0.184,17.777777778,26.111111111
1,0.612,0.327,0.393,0,0,0,0,0.0418,17.777777778,26.111111111
1,0.571,0.0618,0.109,0,0,0,0,0,17.777777778,26.111111111
1,0.565,0.0166,0.0505,0,0,0,0,0,17.777777778,26.111111111
1,0.565,0.0166,0.0505,0,0,0,0,0,17.777777778,26.111111111
1,0.565,0.0166,0.0505,0,0,0,0,0,21.111111111,26.111111111
1,0.565,0.0166,0.0505,0,0,0,0,0,21.111111111,21.111111111
1,0.565,0.0166,0.0505,0,0,0,0,0,21.111111111,21.111111111
1,0.564,0.021,0.0724,0,0,0,0,0.0831,21.111111111,26.111111111
1,0.57,0.0282,0.128,0,0,0,0,0.364,21.111111111,26.111111111
0.722,0.58,0.0321,0.149,0,0,0,0,0.327,21.111111111,26.111111111
0.333,0.57,0.0212,0.0734,0,0,0,0,0,21.111111111,26.111111111
0.333,0.594,0.0484,0.188,0,0,0,0,0.252,21.111111111,26.111111111
0.333,0.594,0.0536,0.186,0,0,0,0,0.149,21.111111111,26.111111111
0.333,0.594,0.0583,0.181,0,0,0,0.667,0.125,21.111111111,26.111111111
0.639,0.62,0.103,0.29,0,0,0,0.967,0.334,21.111111111,26.111111111
0.361,0.596,0.071,0.184,0,0,0,0,0.0418,21.111111111,21.111111111
0.333,0.594,0.0717,0.174,0,0,0,0,0.0418,21.111111111,21.111111111
0.333,0.601,0.0778,0.182,0,0,0,0,0.0418,21.111111111,21.111111111
0.639,0.66,0.161,0.348,0,0,0,0.817,0.0836,21.111111111,21.111111111
0.667,0.695,0.204,0.455,0,0,0,0.167,0,17.777777778,21.111111111
0.667,0.681,0.209,0.459,0,0,0,0.367,0.0836,17.777777778,26.111111111
0.667,0.683,0.321,0.557,0,0,0,0,0.0418,17.777777778,26.111111111
0.889,0.731,0.628,0.8,0,0,0,0,0.0836,17.777777778,26.111111111
1,0.696,0.675,0.7,0,0,0,0,0.099,17.777777778,26.111111111
1,0.596,0.202,0.232,0,0,0,0,0.0661,17.777777778,26.111111111
1,0.565,0.0166,0.0505,0,0,0,0,0,17.777777778,26.111111111
1,0.565,0.0182,0.0505,0,0,0,0,0,17.777777778,26.111111111
1,0.565,0.0189,0.0505,0,0,0,0,0,17.777777778,26.111111111
1,0.565,0.0189,0.0505,0,0,0,0,0,21.111111111,26.111111111
1,0.565,0.0189,0.0505,0,0,0,0,0,21.111111111,21.111111111
1,0.565,0.0191,0.0508,0,0,0,0,0.0418,21.111111111,21.111111111
1,0.563,0.0214,0.0729,0,0,0,0,0.167,21.111111111,21.111111111
0.778,0.564,0.02,0.0614,0,0,0,0,0.125,21.111111111,21.111111111
0.667,0.585,0.038,0.159,0,0,0,0,0.173,21.111111111,21.111111111
0.667,0.619,0.09,0.32,0,0,0,0,0,21.111111111,21.111111111
0.444,0.603,0.0852,0.234,0,0,0,0,0.0418,21.111111111,21.111111111
0.389,0.599,0.0962,0.208,0.433,0.7,0.217,0,0.217,21.111111111,21.111111111
0.444,0.603,0.117,0.225,0.488,0,0.3,0,0.279,21.111111111,21.111111111
0.694,0.625,0.19,0.31,0.64,0,0,0,0.167,21.111111111,21.111111111
0.778,0.632,0.235,0.337,0.893,0,0,0,0.125,21.111111111,21.111111111
0.667,0.622,0.238,0.298,0.431,0,0,0,0.167,21.111111111,21.111111111
0.667,0.636,0.264,0.313,0.708,0,0,0,0.251,21.111111111,21.111111111
0.667,0.664,0.281,0.36,0.481,0,0,0,0.0418,21.111111111,21.111111111
0.889,0.737,0.383,0.588,0.473,0,0,0,0.325,17.777777778,21.111111111
1,0.785,0.485,0.841,0.692,0,0,0,0.293,17.777777778,26.111111111
0.944,0.768,0.582,0.901,0.19,0,0,0,0,17.777777778,26.111111111
0.806,0.716,0.614,0.732,0,0,0,0,0.0418,17.777777778,26.111111111
1,0.703,0.749,0.734,0,0,0,0,0,17.777777778,26.111111111
1,0.628,0.452,0.491,0,0,0,0,0.0703,17.777777778,26.111111111
1,0.579,0.159,0.213,0,0,0,0,0.0418,17.777777778,26.111111111
1,0.566,0.0401,0.0732,0,0,0,0,0,17.777777778,26.111111111
1,0.565,0.0189,0.0505,0,0,0,0,0,17.777777778,26.111111111
1,0.565,0.0189,0.0505,0,0,0,0,0,21.111111111,26.111111111
1,0.565,0.0189,0.0505,0,0,0,0,0,21.111111111,21.111111111
1,0.565,0.0189,0.0505,0,0,0,0,0,21.111111111,21.111111111
1,0.565,0.0189,0.0505,0,0,0,0,0,21.111111111,21.111111111
1,0.571,0.0256,0.117,0,0,0,0,0.159,21.111111111,21.111111111
1,0.583,0.0375,0.171,0,0,0,0.417,0.156,21.111111111,21.111111111
1,0.616,0.0894,0.299,0,0,0,1,0.0418,21.111111111,21.111111111
0.722,0.627,0.128,0.349,0,0,0,0.5,0.304,21.111111111,21.111111111
0.333,0.594,0.0846,0.186,0,0,0,0,0,21.111111111,21.111111111
0.333,0.594,0.0936,0.181,0,0,0,0,0.0418,21.111111111,21.111111111
0.472,0.606,0.135,0.227,0,0,0,0.417,0.125,21.111111111,21.111111111
0.667,0.622,0.207,0.296,0,0,0,0.4,0.292,21.111111111,21.111111111
0.667,0.622,0.238,0.298,0,0,0,0,0.125,21.111111111,21.111111111
0.667,0.636,0.264,0.313,0,0,0,0,0.125,21.111111111,21.111111111
0.806,0.686,0.337,0.428,0,0,0,0.167,0.0836,21.111111111,21.111111111
0.944,0.748,0.406,0.621,0,0,0,1,0.0418,17.777777778,21.111111111
0.444,0.662,0.22,0.388,0,0,0,0.2,0.167,17.777777778,26.111111111
0.639,0.702,0.405,0.628,0,0,0,0,0.0836,17.777777778,26.111111111
0.972,0.734,0.668,0.809,0,0,0,0.533,0.167,17.777777778,26.111111111
1,0.677,0.591,0.597,0,0,0,0,0.0418,17.777777778,26.111111111
1,0.615,0.373,0.423,0,0,0,0,0,17.777777778,26.111111111
1,0.58,0.175,0.23,0,0,0,0,0,17.777777778,26.111111111
1,0.566,0.0386,0.0732,0,0,0,0,0,17.777777778,26.111111111
1,0.565,0.0166,0.0505,0,0,0,0,0,17.777777778,26.111111111
1,0.565,0.0166,0.0505,0,0,0,0,0,21.111111111,26.111111111
1,0.565,0.0166,0.0505,0,0,0,0,0,21.111111111,21.111111111
1,0.565,0.0166,0.0505,0,0,0,0,0,21.111111111,21.111111111
1,0.565,0.0166,0.0505,0,0,0,0,0,21.111111111,26.111111111
1,0.571,0.026,0.117,0,0,0,0.667,0,21.111111111,26.111111111
0.778,0.583,0.0357,0.171,0,0,0,1,0.144,21.111111111,26.111111111
0.611,0.592,0.0423,0.185,0,0,0,0.8,0.191,21.111111111,26.111111111
0.333,0.594,0.0484,0.188,0,0,0,0,0,21.111111111,26.111111111
0.333,0.594,0.0536,0.186,0,0,0,0,0,21.111111111,26.111111111
0.333,0.594,0.0583,0.181,0.0618,0.167,0,0,0.209,21.111111111,26.111111111
0.333,0.594,0.0617,0.176,0.471,1,0,0,0.0418,21.111111111,26.111111111
0.333,0.594,0.0672,0.173,0.779,0.25,0.75,0,0.0836,21.111111111,21.111111111
0.333,0.594,0.0717,0.174,0.473,0,1,0,0.292,21.111111111,21.111111111
0.333,0.601,0.0778,0.182,0.315,0,0.567,0,0.209,21.111111111,21.111111111
0.333,0.614,0.0916,0.205,0.315,0,0,0,0.125,21.111111111,21.111111111
0.333,0.63,0.11,0.253,0.184,0,0,0.417,0.209,17.777777778,21.111111111
0.639,0.706,0.258,0.559,0,0,0,0.95,0.334,17.777777778,26.111111111
0.889,0.755,0.496,0.858,0,0,0,0,0.0418,17.777777778,26.111111111
1,0.754,0.692,0.903,0,0,0,0,0.143,17.777777778,26.111111111
1,0.703,0.713,0.734,0,0,0,0,0,17.777777778,26.111111111
1,0.625,0.403,0.462,0,0,0,0,0.126,17.777777778,26.111111111
1,0.572,0.0757,0.126,0,0,0,0,0,17.777777778,26.111111111
1,0.565,0.0166,0.0505,0,0,0,0,0,17.777777778,26.111111111
1,0.565,0.0166,0.0505,0,0,0,0,0,17.777777778,26.111111111
1,0.565,0.0166,0.0505,0,0,0,0,0,21.111111111,26.111111111
1,0.565,0.0166,0.0505,0,0,0,0,0,21.111111111,21.111111111
1,0.565,0.0169,0.0508,0,0,0,0,0.0592,21.111111111,21.111111111
1,0.563,0.0217,0.0729,0,0,0,0,0.135,21.111111111,26.111111111
0.944,0.568,0.0259,0.111,0,0,0,0,0.0897,21.111111111,26.111111111
0.833,0.608,0.0562,0.29,0,0,0,0.667,0.112,21.111111111,26.111111111
0.667,0.619,0.068,0.32,0,0,0,0.15,0.0836,21.111111111,26.111111111
0.722,0.627,0.0858,0.349,0,0,0,0,0,21.111111111,26.111111111
1,0.651,0.128,0.457,0,0,0,0,0.332,21.111111111,26.111111111
0.778,0.632,0.113,0.355,0,0,0,0,0.14,21.111111111,26.111111111
0.528,0.61,0.0884,0.248,0,0,0,0,0.209,21.111111111,26.111111111
0.194,0.582,0.0451,0.122,0,0,0,0,0.0418,21.111111111,21.111111111
0.0556,0.57,0.0259,0.0712,0,0,0,0,0,21.111111111,21.111111111
0.333,0.601,0.0778,0.182,0,0,0,0,0.292,21.111111111,21.111111111
0.472,0.637,0.125,0.274,0,0,0,0,0.292,21.111111111,21.111111111
0.667,0.695,0.204,0.455,0,0,0,0,0.418,17.777777778,21.111111111
0.667,0.712,0.266,0.578,0,0,0,0,0.292,17.777777778,26.111111111
0.722,0.72,0.399,0.704,0,0,0,0,0.209,17.777777778,26.111111111
0.833,0.724,0.572,0.767,0,0,0,0.167,0.294,17.777777778,26.111111111
1,0.655,0.463,0.495,0,0,0,1,0.242,17.777777778,26.111111111
1,0.578,0.0926,0.119,0,0,0,0.2,0,17.777777778,26.111111111
1,0.565,0.0166,0.0505,0,0,0,0,0,17.777777778,26.111111111
1,0.565,0.0166,0.0505,0,0,0,0,0,17.777777778,26.111111111
1,0.565,0.0166,0.0505,0,0,0,0,0,17.777777778,26.111111111
1,0.565,0.0166,0.0505,0,0,0,0,0,21.111111111,26.111111111
1,0.565,0.0166,0.0505,0,0,0,0,0,21.111111111,21.111111111
1,0.565,0.0166,0.0505,0,0,0,0,0,21.111111111,21.111111111
1,0.565,0.0166,0.0505,0,0,0,0,0,21.111111111,26.111111111
1,0.571,0.026,0.117,0,0,0,0,0.376,21.111111111,26.111111111
0.778,0.572,0.0249,0.105,0,0,0,0,0.199,21.111111111,26.111111111
0.528,0.599,0.0492,0.22,0,0,0,0,0.209,21.111111111,26.111111111
0.278,0.589,0.0427,0.165,0,0,0,0,0.202,21.111111111,26.111111111
0,0.565,0.0166,0.0505,0,0,0,0,0,21.111111111,26.111111111
0,0.565,0.0166,0.0505,0,0,0,0,0,21.111111111,26.111111111
0.222,0.584,0.0473,0.133,0,0,0,0.667,0.125,21.111111111,26.111111111
0.333,0.594,0.0672,0.173,0,0,0,0.7,0.0418,21.111111111,21.111111111
0.5,0.608,0.0989,0.236,0,0,0,0,0.551,21.111111111,21.111111111
0.417,0.61,0.0937,0.215,0,0,0,0,0.218,21.111111111,21.111111111
0.333,0.614,0.0916,0.205,0,0,0,0,0.0418,21.111111111,21.111111111
0.556,0.677,0.177,0.4,0,0,0,0,0.334,17.777777778,21.111111111
0.806,0.743,0.323,0.696,0,0,0,0,0.0418,17.777777778,26.111111111
0.778,0.733,0.412,0.747,0,0,0,0,0,17.777777778,26.111111111
0.806,0.716,0.567,0.732,0,0,0,0,0,17.777777778,26.111111111
1,0.703,0.713,0.734,0,0,0,0,0.0547,17.777777778,26.111111111
1,0.628,0.425,0.491,0,0,0,0,0.213,17.777777778,26.111111111
1,0.575,0.11,0.169,0,0,0,0,0,17.777777778,26.111111111
1,0.566,0.04,0.0795,0,0,0,0,0,17.777777778,26.111111111
1,0.565,0.0166,0.0505,0,0,0,0,0,17.777777778,26.111111111
1,0.565,0.0166,0.0505,0,0,0,0,0,21.111111111,26.111111111
1,0.565,0.0166,0.0505,0,0,0,0,0,21.111111111,21.111111111
1,0.564,0.0179,0.0515,0,0,0,0,0.19,21.111111111,21.111111111
0.778,0.564,0.0172,0.051,0,0,0,0,0.145,21.111111111,26.111111111
0.667,0.565,0.0166,0.0505,0,0,0,0,0,21.111111111,26.111111111
0.667,0.583,0.0345,0.162,0,0,0,0,0.47,21.111111111,26.111111111
0.528,0.58,0.0307,0.128,0,0,0,0,0.107,21.111111111,26.111111111
0.333,0.565,0.0166,0.0505,0,0,0,0,0,21.111111111,26.111111111
0.333,0.584,0.0423,0.14,0,0,0,0,0.0836,21.111111111,26.111111111
0.333,0.594,0.0583,0.181,0,0,0,0,0.0836,21.111111111,26.111111111
0.333,0.594,0.0617,0.176,0,0,0,0,0,21.111111111,26.111111111
0.333,0.594,0.0672,0.173,0,0,0,0,0.125,21.111111111,21.111111111
0.333,0.594,0.0717,0.174,0,0,0,0,0.167,21.111111111,21.111111111
0.25,0.594,0.0637,0.151,0,0,0,0.667,0.167,21.111111111,21.111111111
0.333,0.614,0.0916,0.205,0,0,0,0.7,0.209,21.111111111,21.111111111
0.722,0.711,0.227,0.511,0,0,0,0,0.0836,17.777777778,21.111111111
0.667,0.712,0.266,0.578,0,0,0,0.667,0.0418,17.777777778,26.111111111
0.806,0.738,0.447,0.781,0,0,0,0.967,0.125,17.777777778,26.111111111
1,0.754,0.692,0.903,0,0,0,0,0,17.777777778,26.111111111
1,0.703,0.713,0.734,0,0,0,0,0,17.777777778,26.111111111
0.861,0.633,0.459,0.535,0,0,0,0,0.0706,17.777777778,26.111111111
0.667,0.575,0.11,0.169,0,0,0,0,0.176,17.777777778,26.111111111
0.667,0.566,0.0351,0.0732,0,0,0,0,0.314,17.777777778,26.111111111
0.667,0.565,0.0166,0.0505,0,0,0,0,0,17.777777778,26.111111111
0.667,0.565,0.0166,0.0505,0,0,0,0,0,21.111111111,26.111111111
0.667,0.565,0.0166,0.0505,0,0,0,0,0,21.111111111,21.111111111
0.889,0.565,0.0166,0.0505,0,0,0,0,0,21.111111111,21.111111111
1,0.565,0.0177,0.056,0,0,0,0,0.0836,21.111111111,26.111111111
1,0.573,0.0341,0.169,0,0,0,0,0,21.111111111,26.111111111
0.889,0.604,0.0566,0.302,0,0,0,0.817,0,21.111111111,26.111111111
0.333,0.592,0.0423,0.185,0,0,0,0,0.167,21.111111111,26.111111111
0.333,0.594,0.0484,0.188,0,0,0,0,0,21.111111111,26.111111111
0.333,0.594,0.0536,0.186,0,0,0,0,0.0836,21.111111111,26.111111111
0.333,0.594,0.0583,0.181,0,0,0,0,0,21.111111111,26.111111111
0.333,0.594,0.0617,0.176,0,0,0,0,0.209,21.111111111,26.111111111
0.333,0.594,0.0672,0.173,0,0,0,0,0.209,21.111111111,21.111111111
0.333,0.594,0.0717,0.174,0,0,0,0,0.251,21.111111111,21.111111111
0.333,0.601,0.0778,0.182,0,0,0,0,0.32,21.111111111,21.111111111
0.333,0.614,0.0916,0.205,0,0,0,0,0.588,21.111111111,21.111111111
0.333,0.63,0.11,0.253,0,0,0,0,0.425,17.777777778,21.111111111
0.25,0.62,0.107,0.243,0,0,0,0,0.241,17.777777778,26.111111111
0.556,0.683,0.321,0.557,0,0,0,0,0.165,17.777777778,26.111111111
0.972,0.748,0.676,0.877,0.419,0.7,0.217,0.917,0.0418,17.777777778,26.111111111
0.778,0.651,0.409,0.46,0.107,0,0.817,0.167,0,17.777777778,26.111111111
0.972,0.59,0.183,0.237,0,0,0,0,0,17.777777778,26.111111111
1,0.573,0.0988,0.155,0,0,0,0,0,17.777777778,26.111111111
1,0.565,0.0524,0.09,0,0,0,0,0.0836,17.777777778,26.111111111
1,0.564,0.0268,0.059,0,0,0,0,0,17.777777778,26.111111111
1,0.565,0.0189,0.0505,0,0,0,0,0,21.111111111,26.111111111
1,0.565,0.0189,0.0505,0,0,0,0,0,21.111111111,21.111111111
1,0.565,0.0189,0.0505,0,0,0,0,0,21.111111111,21.111111111
1,0.564,0.0211,0.0724,0,0,0,0,0.209,21.111111111,21.111111111
1,0.564,0.02,0.0614,0,0,0,0,0,21.111111111,21.111111111
1,0.569,0.0228,0.0723,0,0,0,0,0.0418,21.111111111,21.111111111
1,0.592,0.0545,0.185,0,0,0,0,0.0418,21.111111111,21.111111111
1,0.613,0.11,0.281,0,0,0,0,0.0836,21.111111111,21.111111111
1,0.641,0.197,0.411,0,0,0,0,0.0418,21.111111111,21.111111111
1,0.651,0.243,0.441,0,0,0,0,0.252,21.111111111,21.111111111
1,0.651,0.263,0.426,0.368,0.667,0,0,0.167,21.111111111,21.111111111
0.694,0.625,0.214,0.306,0.352,0.0333,0.967,0,0.167,21.111111111,21.111111111
0.667,0.622,0.238,0.298,0.743,0,0.317,0,0,21.111111111,21.111111111
0.667,0.636,0.264,0.313,0.787,0,0,0,0.334,21.111111111,21.111111111
0.75,0.677,0.315,0.401,0.321,0,0,0,0.149,21.111111111,21.111111111
0.667,0.695,0.292,0.455,0,0,0,0,0.365,17.777777778,21.111111111
0.667,0.712,0.33,0.578,0,0,0,0,0.0975,17.777777778,26.111111111
0.5,0.674,0.31,0.498,0,0,0,0,0.152,17.777777778,26.111111111
0.667,0.691,0.507,0.619,0,0,0,0.267,0.0418,17.777777778,26.111111111
0.667,0.657,0.506,0.506,0,0,0,0,0,17.777777778,26.111111111
0.444,0.603,0.275,0.305,0,0,0,0,0.441,17.777777778,26.111111111
0.333,0.567,0.0312,0.0652,0,0,0,0,0.0418,17.777777778,26.111111111
0.333,0.565,0.0189,0.0505,0,0,0,0,0,17.777777778,26.111111111
0.333,0.565,0.0189,0.0505,0,0,0,0,0,17.777777778,26.111111111
0.333,0.565,0.0189,0.0505,0,0,0,0,0,21.111111111,26.111111111
0.472,0.564,0.0186,0.0505,0,0,0,0,0.0418,21.111111111,21.111111111
0.889,0.564,0.0186,0.0505,0,0,0,0,0.0418,21.111111111,21.111111111
1,0.565,0.0189,0.0505,0,0,0,0,0,21.111111111,21.111111111
1,0.567,0.0206,0.0671,0,0,0,0,0.0418,21.111111111,21.111111111
1,0.587,0.0413,0.192,0,0,0,0.167,0.0836,21.111111111,21.111111111
1,0.638,0.118,0.411,0,0,0,0.917,0.248,21.111111111,21.111111111
0.778,0.632,0.137,0.372,0,0,0,0,0.564,21.111111111,21.111111111
0.806,0.634,0.179,0.377,0,0,0,0,0.205,21.111111111,21.111111111
1,0.651,0.243,0.441,0.467,0.667,0,0,0.271,21.111111111,21.111111111
1,0.651,0.263,0.426,0.632,0.75,0.25,0,0.369,21.111111111,21.111111111
0.778,0.632,0.235,0.337,0.873,0,0.783,0,0,21.111111111,21.111111111
0.667,0.622,0.238,0.298,0.538,0,0,0,0.0628,21.111111111,21.111111111
0.667,0.636,0.264,0.313,0,0,0,0.533,0.67,21.111111111,21.111111111
0.972,0.71,0.402,0.503,0,0,0,0,0.125,21.111111111,21.111111111
0.944,0.748,0.406,0.621,0,0,0,0,0.103,17.777777778,21.111111111
0.639,0.706,0.316,0.554,0,0,0,0,0.167,17.777777778,26.111111111
1,0.78,0.618,0.953,0,0,0,0.533,0.0418,17.777777778,26.111111111
1,0.754,0.751,0.903,0,0,0,0,0.0418,17.777777778,26.111111111
1,0.703,0.749,0.734,0,0,0,0,0.175,17.777777778,26.111111111
1,0.628,0.452,0.491,0,0,0,0,0.281,17.777777778,26.111111111
1,0.581,0.202,0.258,0,0,0,0,0.177,17.777777778,26.111111111
1,0.564,0.0826,0.125,0,0,0,0,0,17.777777778,26.111111111
1,0.564,0.0231,0.059,0,0,0,0,0,17.777777778,26.111111111
1,0.565,0.0166,0.0505,0,0,0,0,0,21.111111111,26.111111111
1,0.565,0.0166,0.0505,0,0,0,0,0,21.111111111,21.111111111
1,0.565,0.0166,0.0505,0,0,0,0,0,21.111111111,21.111111111
1,0.565,0.0166,0.0505,0,0,0,0,0,21.111111111,26.111111111
1,0.571,0.03,0.142,0,0,0,0,0.517,21.111111111,26.111111111
0.861,0.596,0.0494,0.258,0,0,0,0,0.207,21.111111111,26.111111111
0.528,0.607,0.0564,0.263,0,0,0,0,0.113,21.111111111,26.111111111
0.333,0.594,0.0484,0.188,0,0,0,0,0.416,21.111111111,26.111111111
0.333,0.594,0.0536,0.186,0,0,0,0,0.425,21.111111111,26.111111111
0.111,0.575,0.0294,0.0952,0,0,0,0,0,21.111111111,26.111111111
0.0556,0.57,0.0242,0.0711,0.148,0.167,0,0,0,21.111111111,26.111111111
0.333,0.594,0.0672,0.173,0.332,0.533,0.467,0,0.0836,21.111111111,21.111111111
0.333,0.589,0.0623,0.153,0.0757,0,0.567,0,0.167,21.111111111,21.111111111
0.556,0.624,0.116,0.261,0,0,0,0,0.167,21.111111111,21.111111111
0.389,0.618,0.0994,0.223,0,0,0,0,0.0418,21.111111111,21.111111111
0.0556,0.577,0.0333,0.0874,0,0,0,0.167,0.0418,17.777777778,21.111111111
0.333,0.639,0.141,0.314,0,0,0,1,0.0836,17.777777778,26.111111111
0.639,0.702,0.355,0.628,0,0,0,1,0.193,17.777777778,26.111111111
0.889,0.721,0.587,0.755,0,0,0,0.3,0.124,17.777777778,26.111111111
1,0.657,0.481,0.506,0,0,0,0,0,17.777777778,26.111111111
1,0.615,0.349,0.423,0,0,0,0,0,17.777777778,26.111111111
1,0.579,0.135,0.202,0,0,0,0,0.221,17.777777778,26.111111111
1,0.565,0.0166,0.0505,0,0,0,0,0,17.777777778,26.111111111
1,0.565,0.0166,0.0505,0,0,0,0,0,17.777777778,26.111111111
1,0.565,0.0166,0.0505,0,0,0,0,0,21.111111111,26.111111111
1,0.565,0.0166,0.0505,0,0,0,0,0,21.111111111,21.111111111
1,0.565,0.0166,0.0505,0,0,0,0,0,21.111111111,21.111111111
1,0.565,0.0177,0.056,0,0,0,0,0.155,21.111111111,26.111111111
0.917,0.574,0.0365,0.186,0,0,0,0,0.4,21.111111111,26.111111111
0.944,0.616,0.0704,0.389,0,0,0,0.667,0.209,21.111111111,26.111111111
0.361,0.594,0.0441,0.196,0,0,0,0.15,0.3,21.111111111,26.111111111
0.333,0.594,0.0484,0.188,0,0,0,0,0.323,21.111111111,26.111111111
0.333,0.594,0.0536,0.186,0,0,0,0,0.376,21.111111111,26.111111111
0.639,0.62,0.0969,0.299,0,0,0,0,0.449,21.111111111,26.111111111
0.444,0.603,0.0762,0.218,0,0,0,0,0.12,21.111111111,26.111111111
0.194,0.582,0.0451,0.122,0,0,0,0,0.125,21.111111111,21.111111111
0,0.565,0.0166,0.0505,0,0,0,0,0,21.111111111,21.111111111
0.139,0.581,0.0431,0.107,0.253,0.167,0,0,0.0418,21.111111111,21.111111111
0.333,0.614,0.0916,0.205,0.682,0.533,0.467,0,0.167,21.111111111,21.111111111
0.333,0.63,0.11,0.253,0.343,0,0.567,0,0.251,17.777777778,21.111111111
0.333,0.639,0.141,0.314,0,0,0,0,0.232,17.777777778,26.111111111
0.389,0.648,0.224,0.403,0,0,0,0,0.211,17.777777778,26.111111111
0.667,0.681,0.427,0.573,0,0,0,0,0.286,17.777777778,26.111111111
0.889,0.637,0.401,0.416,0,0,0,0,0.551,17.777777778,26.111111111
1,0.603,0.259,0.305,0,0,0,0,0.239,17.777777778,26.111111111
1,0.573,0.0896,0.143,0,0,0,0,0.239,17.777777778,26.111111111
1,0.565,0.0166,0.0505,0,0,0,0,0,17.777777778,26.111111111
1,0.565,0.0166,0.0505,0,0,0,0,0,17.777777778,26.111111111
1,0.565,0.0166,0.0505,0,0,0,0,0,21.111111111,26.111111111
1,0.565,0.0166,0.0505,0,0,0,0,0,21.111111111,21.111111111
1,0.564,0.0179,0.0515,0,0,0,0,0,21.111111111,21.111111111
1,0.564,0.0183,0.0565,0,0,0,0.167,0.0836,21.111111111,26.111111111
0.944,0.574,0.0353,0.178,0,0,0,1,0.156,21.111111111,26.111111111
0.667,0.583,0.0357,0.171,0,0,0,0.2,0.0418,21.111111111,26.111111111
0.667,0.611,0.0608,0.277,0,0,0,0,0.43,21.111111111,26.111111111
0.361,0.596,0.0507,0.2,0,0,0,0,0,21.111111111,26.111111111
0.333,0.594,0.0536,0.186,0,0,0,0,0.0836,21.111111111,26.111111111
0.333,0.594,0.0583,0.181,0,0,0,0,0,21.111111111,26.111111111
0.333,0.594,0.0617,0.176,0,0,0,0,0.334,21.111111111,26.111111111
0.333,0.594,0.0672,0.173,0,0,0,0,0,21.111111111,21.111111111
0.694,0.625,0.133,0.308,0,0,0,0,0.0836,21.111111111,21.111111111
0.944,0.665,0.19,0.422,0,0,0,0,0.251,21.111111111,21.111111111
0.444,0.627,0.113,0.25,0,0,0,0,0,21.111111111,21.111111111
0.333,0.583,0.0435,0.105,0,0,0,0,0.0418,17.777777778,21.111111111
0.333,0.565,0.0166,0.0505,0,0,0,0,0,17.777777778,26.111111111
0.472,0.594,0.0974,0.179,0,0,0,0,0.167,17.777777778,26.111111111
0.722,0.638,0.282,0.38,0,0,0,0,0.0418,17.777777778,26.111111111
1,0.657,0.481,0.506,0,0,0,0,0.0709,17.777777778,26.111111111
1,0.591,0.179,0.224,0,0,0,0,0,17.777777778,26.111111111
1,0.565,0.0166,0.0505,0,0,0,0,0,17.777777778,26.111111111
1,0.565,0.0166,0.0505,0,0,0,0,0,17.777777778,26.111111111
1,0.565,0.0166,0.0505,0,0,0,0,0,17.777777778,26.111111111
1,0.565,0.0166,0.0505,0,0,0,0,0,21.111111111,26.111111111
1,0.565,0.0166,0.0505,0,0,0,0,0,21.111111111,21.111111111
1,0.565,0.0166,0.0505,0,0,0,0,0,21.111111111,21.111111111
1,0.564,0.021,0.0724,0,0,0,0.667,0,21.111111111,26.111111111
0.778,0.569,0.0299,0.136,0,0,0,0.867,0.0836,21.111111111,26.111111111
0.667,0.587,0.0393,0.192,0,0,0,0.65,0.128,21.111111111,26.111111111
0.667,0.619,0.068,0.32,0,0,0,0,0.252,21.111111111,26.111111111
0.556,0.613,0.0689,0.28,0,0,0,0,0.0831,21.111111111,26.111111111
0,0.565,0.0166,0.0505,0,0,0,0,0,21.111111111,26.111111111
0.222,0.584,0.0455,0.136,0,0,0,0.667,0.167,21.111111111,26.111111111
0.333,0.594,0.0617,0.176,0,0,0,0.583,0,21.111111111,26.111111111
0.333,0.594,0.0672,0.173,0,0,0,0.65,0.125,21.111111111,21.111111111
0.472,0.606,0.0951,0.226,0,0,0,0,0.209,21.111111111,21.111111111
0.667,0.636,0.139,0.313,0,0,0,0,0.209,21.111111111,21.111111111
0.528,0.618,0.0969,0.216,0,0,0,0,0.543,21.111111111,21.111111111
0.333,0.63,0.11,0.253,0,0,0,0,0.209,17.777777778,21.111111111
0.333,0.639,0.141,0.314,0,0,0,0,0.0418,17.777777778,26.111111111
0.556,0.683,0.321,0.557,0,0,0,0.267,0,17.777777778,26.111111111
0.667,0.691,0.467,0.619,0,0,0,0,0.0418,17.777777778,26.111111111
0.889,0.676,0.595,0.609,0,0,0,0,0,17.777777778,26.111111111
1,0.603,0.259,0.305,0,0,0,0,0.135,17.777777778,26.111111111
1,0.571,0.0618,0.109,0,0,0,0,0.432,17.777777778,26.111111111
1,0.565,0.0166,0.0505,0,0,0,0,0.0874,17.777777778,26.111111111
1,0.565,0.0166,0.0505,0,0,0,0,0,17.777777778,26.111111111
1,0.565,0.0166,0.0505,0,0,0,0,0,21.111111111,26.111111111
1,0.565,0.0166,0.0505,0,0,0,0,0,21.111111111,21.111111111
0.778,0.565,0.0166,0.0505,0,0,0,0,0,21.111111111,21.111111111
0.722,0.564,0.0188,0.0614,0,0,0,0.167,0,21.111111111,26.111111111
0.944,0.573,0.0376,0.189,0,0,0,0.1,0,21.111111111,26.111111111
0.833,0.591,0.0447,0.228,0,0,0,0,0.238,21.111111111,26.111111111
0.667,0.592,0.0423,0.185,0,0,0,0,0.209,21.111111111,26.111111111
0.444,0.594,0.0484,0.188,0,0,0,0,0.209,21.111111111,26.111111111
0.333,0.594,0.0536,0.186,0,0,0,0,0.0418,21.111111111,26.111111111
0.333,0.594,0.0583,0.181,0,0,0,0,0.125,21.111111111,26.111111111
0.333,0.594,0.0617,0.176,0,0,0,0,0.585,21.111111111,26.111111111
0.333,0.594,0.0672,0.173,0,0,0,0,0.0836,21.111111111,21.111111111
0.333,0.594,0.0717,0.174,0,0,0,0,0,21.111111111,21.111111111
0.333,0.601,0.0778,0.182,0,0,0,0,0.167,21.111111111,21.111111111
0.333,0.591,0.0555,0.13,0,0,0,0,0.0836,21.111111111,21.111111111
0.333,0.63,0.11,0.253,0,0,0,0.667,0.0418,17.777777778,21.111111111
0.639,0.706,0.258,0.559,0,0,0,1,0.209,17.777777778,26.111111111
0.889,0.755,0.496,0.858,0,0,0,0.8,0.125,17.777777778,26.111111111
1,0.754,0.692,0.903,0,0,0,0,0.108,17.777777778,26.111111111
1,0.686,0.618,0.649,0,0,0,0,0.181,17.777777778,26.111111111
1,0.608,0.293,0.349,0,0,0,0,0.25,17.777777778,26.111111111
1,0.567,0.0279,0.0652,0,0,0,0,0.0807,17.777777778,26.111111111
1,0.565,0.0182,0.0505,0,0,0,0,0,17.777777778,26.111111111
1,0.565,0.0189,0.0505,0,0,0,0,0,17.777777778,26.111111111
1,0.565,0.0189,0.0505,0,0,0,0,0,21.111111111,26.111111111
1,0.564,0.0184,0.0505,0,0,0,0,0.174,21.111111111,21.111111111
1,0.564,0.0186,0.0505,0,0,0,0.917,0,21.111111111,21.111111111
1,0.565,0.0189,0.0505,0,0,0,0.717,0,21.111111111,21.111111111
1,0.565,0.0189,0.0505,0,0,0,0,0,21.111111111,21.111111111
1,0.581,0.0342,0.138,0,0,0,0.267,0.334,21.111111111,21.111111111
0.861,0.58,0.037,0.128,0,0,0,0,0.209,21.111111111,21.111111111
0.667,0.57,0.0285,0.0736,0,0,0,0,0,21.111111111,21.111111111
0.444,0.58,0.0497,0.119,0,0,0,0,0,21.111111111,21.111111111
0.472,0.606,0.126,0.234,0,0,0,0,0.209,21.111111111,21.111111111
0.667,0.622,0.181,0.301,0,0,0,0,0,21.111111111,21.111111111
0.667,0.622,0.207,0.296,0,0,0,0,0.209,21.111111111,21.111111111
0.667,0.622,0.238,0.298,0,0,0,0,0.0418,21.111111111,21.111111111
0.667,0.636,0.264,0.313,0,0,0,0,0.0836,21.111111111,21.111111111
0.75,0.677,0.315,0.401,0,0,0,0,0.167,21.111111111,21.111111111
0.806,0.724,0.35,0.547,0,0,0,0,0.47,17.777777778,21.111111111
1,0.785,0.485,0.841,0.32,0.417,0,0,0.503,17.777777778,26.111111111
1,0.78,0.618,0.953,0.485,0.283,0.25,0,0.388,17.777777778,26.111111111
1,0.754,0.751,0.903,0.481,0,0,0,0.191,17.777777778,26.111111111
1,0.703,0.749,0.734,0.465,0,0,0,0,17.777777778,26.111111111
1,0.628,0.452,0.491,0.0974,0,0,0,0.167,17.777777778,26.111111111
1,0.58,0.175,0.23,0,0,0,0,0.493,17.777777778,26.111111111
1,0.566,0.0401,0.0732,0,0,0,0,0,17.777777778,26.111111111
1,0.565,0.0189,0.0505,0,0,0,0,0,17.777777778,26.111111111
1,0.565,0.0189,0.0505,0,0,0,0,0,21.111111111,26.111111111
1,0.565,0.0189,0.0505,0,0,0,0,0,21.111111111,21.111111111
1,0.565,0.0189,0.0505,0,0,0,0,0,21.111111111,21.111111111
1,0.565,0.0195,0.056,0,0,0,0,0,21.111111111,21.111111111
0.833,0.566,0.0217,0.078,0,0,0,0,0.191,21.111111111,21.111111111
0.778,0.572,0.0261,0.105,0,0,0,0,0.159,21.111111111,21.111111111
0.444,0.592,0.0545,0.185,0,0,0,0,0.249,21.111111111,21.111111111
0.333,0.594,0.0712,0.188,0,0,0,0,0.0836,21.111111111,21.111111111
0.333,0.594,0.0846,0.186,0.386,0.7,0.217,0,0,21.111111111,21.111111111
0.778,0.632,0.195,0.353,0.372,0,0.0333,0,0.519,21.111111111,21.111111111
1,0.632,0.207,0.343,0.722,0,0,0,0.475,21.111111111,21.111111111
1,0.622,0.207,0.296,0.419,0,0,0,0.313,21.111111111,21.111111111
1,0.627,0.257,0.318,0,0,0,0,0.0418,21.111111111,21.111111111
1,0.672,0.387,0.444,0,0,0,0,0.334,21.111111111,21.111111111
1,0.713,0.413,0.514,0,0,0,0.167,0.167,21.111111111,21.111111111
1,0.759,0.429,0.657,0,0,0,0.65,0.0836,17.777777778,21.111111111
1,0.785,0.485,0.841,0,0,0,0,0.0418,17.777777778,26.111111111
1,0.78,0.618,0.953,0,0,0,0,0.0418,17.777777778,26.111111111
1,0.754,0.751,0.903,0,0,0,0,0.0418,17.777777778,26.111111111
1,0.67,0.552,0.563,0,0,0,0,0.115,17.777777778,26.111111111
1,0.59,0.196,0.237,0,0,0,0,0,17.777777778,26.111111111
1,0.573,0.11,0.155,0,0,0,0,0,17.777777778,26.111111111
1,0.566,0.0386,0.0732,0,0,0,0,0,17.777777778,26.111111111
1,0.565,0.0166,0.0505,0,0,0,0,0,17.777777778,26.111111111
1,0.565,0.0166,0.0505,0,0,0,0,0,21.111111111,26.111111111
1,0.565,0.0166,0.0505,0,0,0,0,0,21.111111111,21.111111111
1,0.564,0.0179,0.0515,0,0,0,0,0,21.111111111,21.111111111
0.778,0.563,0.0217,0.0729,0,0,0,0,0.0836,21.111111111,26.111111111
0.667,0.571,0.0306,0.144,0,0,0,0,0.0836,21.111111111,26.111111111
0.444,0.586,0.0404,0.204,0,0,0,0,0.209,21.111111111,26.111111111
0.333,0.592,0.0423,0.185,0,0,0,0,0.125,21.111111111,26.111111111
0.333,0.594,0.0484,0.188,0,0,0,0,0.0418,21.111111111,26.111111111
0.333,0.594,0.0536,0.186,0,0,0,0,0.17,21.111111111,26.111111111
0.194,0.582,0.0403,0.127,0,0,0,0,0.301,21.111111111,26.111111111
0,0.565,0.0166,0.0505,0,0,0,0,0,21.111111111,26.111111111
0,0.565,0.0166,0.0505,0,0,0,0,0,21.111111111,21.111111111
0,0.565,0.0166,0.0505,0,0,0,0,0,21.111111111,21.111111111
0.306,0.598,0.0731,0.171,0,0,0,0.917,0.125,21.111111111,21.111111111
0.389,0.624,0.105,0.232,0,0,0,1,0.0836,21.111111111,21.111111111
0.806,0.724,0.246,0.547,0,0,0,0.55,0.154,17.777777778,21.111111111
1,0.785,0.391,0.841,0,0,0,0,0.188,17.777777778,26.111111111
1,0.78,0.542,0.953,0,0,0,0,0.125,17.777777778,26.111111111
1,0.754,0.692,0.903,0,0,0,0,0.125,17.777777778,26.111111111
1,0.696,0.675,0.7,0,0,0,0,0.0418,17.777777778,26.111111111
0.778,0.603,0.259,0.305,0,0,0,0,0,17.777777778,26.111111111
0.667,0.567,0.0279,0.0652,0,0,0,0,0,17.777777778,26.111111111
0.667,0.565,0.0166,0.0505,0,0,0,0,0,17.777777778,26.111111111
0.667,0.565,0.0166,0.0505,0,0,0,0,0,17.777777778,26.111111111
0.889,0.565,0.0167,0.0505,0,0,0,0,0,21.111111111,26.111111111
1,0.565,0.0166,0.0505,0,0,0,0,0,21.111111111,21.111111111
1,0.564,0.0179,0.0515,0,0,0,0,0.156,21.111111111,21.111111111
1,0.562,0.0228,0.0783,0,0,0,0,0.472,21.111111111,26.111111111
0.861,0.576,0.0434,0.23,0,0,0,0,0.0418,21.111111111,26.111111111
0.667,0.602,0.0548,0.291,0,0,0,0.417,0,21.111111111,26.111111111
0.667,0.619,0.068,0.32,0,0,0,0.4,0.409,21.111111111,26.111111111
0.361,0.596,0.0507,0.2,0,0,0,0,0.121,21.111111111,26.111111111
0.472,0.606,0.0697,0.242,0,0,0,0,0.173,21.111111111,26.111111111
0.667,0.622,0.1,0.311,0,0,0,0,0.0822,21.111111111,26.111111111
0.667,0.622,0.107,0.301,0,0,0,0,0.125,21.111111111,26.111111111
0.889,0.641,0.153,0.378,0,0,0,0.667,0.0836,21.111111111,21.111111111
0.833,0.632,0.144,0.338,0,0,0,0.15,0.334,21.111111111,21.111111111
1,0.636,0.139,0.313,0,0,0,0,0.0418,21.111111111,21.111111111
1,0.664,0.167,0.36,0,0,0,0,0.0836,21.111111111,21.111111111
1,0.695,0.204,0.455,0,0,0,0.667,0.125,17.777777778,21.111111111
0.778,0.662,0.175,0.388,0,0,0,0.15,0,17.777777778,26.111111111
0.667,0.637,0.192,0.351,0,0,0,0,0,17.777777778,26.111111111
0.972,0.685,0.451,0.593,0.325,0.7,0.217,0,0.301,17.777777778,26.111111111
1,0.657,0.481,0.506,0,0,0.0333,0,0.251,17.777777778,26.111111111
1,0.612,0.327,0.393,0,0,0,0,0,17.777777778,26.111111111
1,0.571,0.0618,0.109,0,0,0,0,0,17.777777778,26.111111111
1,0.565,0.0166,0.0505,0,0,0,0,0,17.777777778,26.111111111
1,0.565,0.0166,0.0505,0,0,0,0,0,17.777777778,26.111111111
1,0.565,0.0166,0.0505,0,0,0,0,0,21.111111111,26.111111111
1,0.565,0.0166,0.0505,0,0,0,0,0,21.111111111,21.111111111
1,0.564,0.0179,0.0515,0,0,0,0,0.209,21.111111111,21.111111111
1,0.562,0.0228,0.0783,0,0,0,0.417,0.393,21.111111111,26.111111111
0.944,0.573,0.0376,0.189,0,0,0,0.95,0.297,21.111111111,26.111111111
0.667,0.583,0.0357,0.171,0,0,0,0,0.309,21.111111111,26.111111111
0.667,0.592,0.0423,0.185,0,0,0,0,0.158,21.111111111,26.111111111
0.444,0.575,0.0258,0.0962,0,0,0,0,0.0933,21.111111111,26.111111111
0.333,0.584,0.0423,0.14,0,0,0,0,0,21.111111111,26.111111111
0.333,0.594,0.0583,0.181,0,0,0,0,0,21.111111111,26.111111111
0.333,0.594,0.0617,0.176,0,0,0,0,0.0418,21.111111111,26.111111111
0.333,0.594,0.0672,0.173,0,0,0,0.167,0.0836,21.111111111,21.111111111
0.333,0.594,0.0717,0.174,0,0,0,0.65,0.167,21.111111111,21.111111111
0.278,0.594,0.0672,0.159,0,0,0,0,0,21.111111111,21.111111111
0.139,0.588,0.0502,0.119,0,0,0,0,0.125,21.111111111,21.111111111
0.556,0.677,0.177,0.4,0,0,0,0,0.428,17.777777778,21.111111111
0.528,0.681,0.209,0.459,0,0,0,0,0.249,17.777777778,26.111111111
0.639,0.702,0.355,0.628,0,0,0,0,0.0418,17.777777778,26.111111111
0.972,0.748,0.676,0.877,0,0,0,0,0.0418,17.777777778,26.111111111
0.917,0.667,0.504,0.546,0,0,0,0,0,17.777777778,26.111111111
1,0.609,0.304,0.364,0,0,0,0,0,17.777777778,26.111111111
1,0.565,0.0166,0.0505,0,0,0,0,0,17.777777778,26.111111111
1,0.565,0.0166,0.0505,0,0,0,0,0,17.777777778,26.111111111
1,0.565,0.0166,0.0505,0,0,0,0,0,17.777777778,26.111111111
1,0.565,0.0166,0.0505,0,0,0,0,0,21.111111111,26.111111111
1,0.565,0.0166,0.0505,0,0,0,0,0,21.111111111,21.111111111
1,0.564,0.0179,0.0515,0,0,0,0,0.0418,21.111111111,21.111111111
0.694,0.563,0.0217,0.0729,0,0,0,0,0.251,21.111111111,26.111111111
0.667,0.575,0.0377,0.194,0,0,0,0,0.376,21.111111111,26.111111111
0.361,0.584,0.0369,0.179,0,0,0,0,0.209,21.111111111,26.111111111
0.333,0.592,0.0423,0.185,0,0,0,0,0.189,21.111111111,26.111111111
0.333,0.594,0.0484,0.188,0,0,0,0,0.214,21.111111111,26.111111111
0.333,0.594,0.0536,0.186,0,0,0,0,0.489,21.111111111,26.111111111
0.333,0.594,0.0583,0.181,0,0,0,0,0.292,21.111111111,26.111111111
0.111,0.575,0.031,0.0932,0,0,0,0,0,21.111111111,26.111111111
0,0.565,0.0166,0.0505,0,0,0,0,0,21.111111111,21.111111111
0,0.565,0.0166,0.0505,0,0,0,0,0,21.111111111,21.111111111
0.222,0.591,0.059,0.14,0,0,0,0,0.0418,21.111111111,21.111111111
0.694,0.651,0.145,0.315,0,0,0,0,0.125,21.111111111,21.111111111
1,0.695,0.204,0.455,0,0,0,0.667,0.179,17.777777778,21.111111111
1,0.712,0.266,0.578,0,0,0,0.15,0.31,17.777777778,26.111111111
1,0.643,0.203,0.375,0,0,0,0,0.335,17.777777778,26.111111111
1,0.628,0.242,0.335,0,0,0,0,0.554,17.777777778,26.111111111
1,0.611,0.249,0.278,0,0,0,0,0.0169,17.777777778,26.111111111
1,0.59,0.183,0.237,0,0,0,0,0,17.777777778,26.111111111
1,0.573,0.0988,0.155,0,0,0,0,0,17.777777778,26.111111111
1,0.566,0.0351,0.0732,0,0,0,0,0,17.777777778,26.111111111
1,0.565,0.0166,0.0505,0,0,0,0,0,17.777777778,26.111111111
1,0.565,0.0167,0.0505,0,0,0,0,0.0628,21.111111111,26.111111111
0.861,0.564,0.0166,0.0505,0,0,0,0,0,21.111111111,21.111111111
0.889,0.565,0.0169,0.0508,0,0,0,0,0.0418,21.111111111,21.111111111
0.778,0.564,0.0172,0.051,0,0,0,0,0.0418,21.111111111,26.111111111
0.667,0.567,0.0189,0.0671,0,0,0,0,0,21.111111111,26.111111111
0.667,0.599,0.0501,0.258,0,0,0,0,0.235,21.111111111,26.111111111
0.667,0.619,0.068,0.32,0,0,0,0,0.477,21.111111111,26.111111111
0.611,0.618,0.0745,0.303,0,0,0,0,0.227,21.111111111,26.111111111
0.333,0.594,0.0536,0.186,0,0,0,0,0.0942,21.111111111,26.111111111
0.333,0.594,0.0583,0.181,0,0,0,0,0.0836,21.111111111,26.111111111
0.333,0.594,0.0617,0.176,0,0,0,0.817,0.125,21.111111111,26.111111111
0.333,0.594,0.0672,0.173,0,0,0,0,0.0418,21.111111111,21.111111111
0.333,0.594,0.0717,0.174,0,0,0,0,0,21.111111111,21.111111111
0.333,0.601,0.0778,0.182,0,0,0,0,0.251,21.111111111,21.111111111
0.333,0.614,0.0916,0.205,0,0,0,0,0.209,21.111111111,21.111111111
0.472,0.659,0.152,0.345,0,0,0,0.267,0.209,17.777777778,21.111111111
0.917,0.767,0.36,0.775,0,0,0,0,0.308,17.777777778,26.111111111
0.667,0.708,0.367,0.652,0,0,0,0,0.186,17.777777778,26.111111111
0.667,0.691,0.467,0.619,0,0,0,0,0.0984,17.777777778,26.111111111
0.806,0.673,0.576,0.592,0,0,0,0,0,17.777777778,26.111111111
1,0.619,0.368,0.44,0,0,0,0,0,17.777777778,26.111111111
1,0.579,0.144,0.213,0,0,0,0,0.192,17.777777778,26.111111111
1,0.578,0.045,0.0795,0.187,0.667,0,0,0,17.777777778,26.111111111
1,0.565,0.0189,0.0505,0,0.0667,0.267,0,0,17.777777778,26.111111111
1,0.565,0.0189,0.0505,0,0,0,0,0,21.111111111,26.111111111
1,0.565,0.0189,0.0505,0,0,0,0,0,21.111111111,21.111111111
1,0.596,0.0213,0.0517,0,0,0,0,0.334,21.111111111,21.111111111
1,0.612,0.0243,0.0738,0,0,0,0,0.0418,21.111111111,21.111111111
1,0.621,0.0312,0.13,0,0,0,0,0,21.111111111,21.111111111
1,0.651,0.0509,0.197,0,0,0,0,0.368,21.111111111,21.111111111
1,0.733,0.117,0.331,0,0,0,0,0.471,21.111111111,21.111111111
0.861,0.701,0.129,0.281,0,0,0,0,0.167,21.111111111,21.111111111
0.667,0.708,0.171,0.289,0,0,0,0.667,0.0418,21.111111111,21.111111111
0.667,0.737,0.22,0.327,0,0,0,1,0,21.111111111,21.111111111
0.667,0.737,0.238,0.317,0,0,0,0.867,0,21.111111111,21.111111111
0.667,0.737,0.272,0.312,0,0,0,0,0.251,21.111111111,21.111111111
0.667,0.737,0.313,0.314,0,0,0,0,0.167,21.111111111,21.111111111
0.667,0.755,0.347,0.331,0,0,0,0,0.0836,21.111111111,21.111111111
0.667,0.74,0.296,0.31,0,0,0,0,0.0418,21.111111111,21.111111111
0.667,0.697,0.202,0.272,0,0,0,0,0,17.777777778,21.111111111
0.889,0.901,0.518,0.747,0,0,0,0.667,0.0836,17.777777778,26.111111111
1,0.986,0.817,1,0,0,0,0.167,0.0418,17.777777778,26.111111111
1,0.954,0.992,0.909,0,0,0,0,0.292,17.777777778,26.111111111
1,0.822,0.781,0.584,0,0,0,0,0.214,17.777777778,26.111111111
1,0.716,0.458,0.379,0,0,0,0,0.153,17.777777778,26.111111111
1,0.625,0.142,0.152,0,0,0,0,0,17.777777778,26.111111111
1,0.614,0.0698,0.09,0,0,0,0,0.0418,17.777777778,26.111111111
1,0.612,0.0389,0.0646,0,0,0,0,0,17.777777778,26.111111111
1,0.635,0.0286,0.0533,0,0,0,0,0.179,21.111111111,26.111111111
0.694,0.569,0.0193,0.0505,0,0,0,0,0,21.111111111,21.111111111
0.889,0.565,0.0189,0.0505,0,0,0,0,0,21.111111111,21.111111111
1,0.565,0.0189,0.0505,0,0,0,0,0,21.111111111,21.111111111
1,0.565,0.0189,0.0505,0,0,0,0,0,21.111111111,21.111111111
1,0.565,0.0189,0.0505,0,0,0,0,0,21.111111111,21.111111111
1,0.68,0.0955,0.241,0,0,0,0,0.436,21.111111111,21.111111111
1,0.737,0.161,0.342,0,0,0,0,0.287,21.111111111,21.111111111
0.778,0.737,0.197,0.338,0,0,0,0,0.0853,21.111111111,21.111111111
0.417,0.673,0.145,0.223,0,0,0,0,0.0418,21.111111111,21.111111111
0.667,0.737,0.238,0.317,0.303,0.417,0,0,0.292,21.111111111,21.111111111
0.667,0.737,0.272,0.312,0.532,1,0,0.417,0.0418,21.111111111,21.111111111
0.667,0.737,0.313,0.314,0.859,0.0667,0.817,0.7,0.334,21.111111111,21.111111111
0.722,0.771,0.376,0.355,0,0,0,0,0.292,21.111111111,21.111111111
1,0.882,0.516,0.522,0,0,0,0,0.167,21.111111111,21.111111111
0.944,0.829,0.384,0.493,0,0,0,0,0.418,17.777777778,21.111111111
0.972,0.981,0.626,0.889,0,0,0,0,0.129,17.777777778,26.111111111
1,0.986,0.817,1,0,0,0,0.55,0.141,17.777777778,26.111111111
1,0.954,0.992,0.909,0,0,0,0,0.239,17.777777778,26.111111111
1,0.888,0.991,0.717,0,0,0,0,0,17.777777778,26.111111111
1,0.761,0.596,0.473,0,0,0,0,0,17.777777778,26.111111111
1,0.685,0.265,0.253,0,0,0,0,0.164,17.777777778,26.111111111
1,0.663,0.112,0.13,0,0,0,0,0,17.777777778,26.111111111
1,0.651,0.0474,0.0772,0,0,0,0,0.0836,17.777777778,26.111111111
1,0.612,0.0218,0.0533,0,0,0,0,0.0418,21.111111111,26.111111111
1,0.581,0.0174,0.0505,0,0,0,0,0.167,21.111111111,21.111111111
1,0.565,0.0166,0.0505,0,0,0,0,0,21.111111111,21.111111111
0.778,0.565,0.0166,0.0505,0,0,0,0,0,21.111111111,26.111111111
0.667,0.605,0.0302,0.119,0,0,0,0,0.0836,21.111111111,26.111111111
0.667,0.638,0.0436,0.174,0,0,0,0,0.0836,21.111111111,26.111111111
0.5,0.606,0.0331,0.119,0,0,0,0,0.251,21.111111111,26.111111111
0.361,0.572,0.0198,0.0625,0,0,0,0,0.0836,21.111111111,26.111111111
0.639,0.701,0.0986,0.277,0,0,0,0,0.167,21.111111111,26.111111111
0.528,0.701,0.106,0.27,0,0,0,0,0,21.111111111,26.111111111
0.333,0.651,0.078,0.184,0,0,0,0,0.125,21.111111111,26.111111111
0.333,0.651,0.0852,0.181,0,0,0,0,0.0836,21.111111111,21.111111111
0.333,0.651,0.0912,0.182,0,0,0,0,0.125,21.111111111,21.111111111
0.333,0.66,0.0993,0.191,0,0,0,0,0.0418,21.111111111,21.111111111
0.333,0.628,0.0723,0.143,0,0,0,0,0.0418,21.111111111,21.111111111
0.556,0.749,0.196,0.374,0,0,0,0.167,0.0418,17.777777778,21.111111111
0.806,0.911,0.426,0.751,0,0,0,0.667,0.0418,17.777777778,26.111111111
1,0.986,0.716,1,0,0,0,0,0,17.777777778,26.111111111
1,0.954,0.915,0.909,0,0,0,0,0,17.777777778,26.111111111
1,0.888,0.943,0.717,0,0,0,0,0.0836,17.777777778,26.111111111
1,0.749,0.531,0.445,0,0,0,0,0,17.777777778,26.111111111
1,0.625,0.127,0.152,0,0,0,0,0,17.777777778,26.111111111
1,0.614,0.0601,0.09,0,0,0,0,0,17.777777778,26.111111111
1,0.581,0.0258,0.059,0,0,0,0,0.134,17.777777778,26.111111111
1,0.565,0.0166,0.0505,0,0,0,0,0,21.111111111,26.111111111
1,0.565,0.0166,0.0505,0,0,0,0,0,21.111111111,21.111111111
1,0.565,0.0166,0.0505,0,0,0,0,0,21.111111111,21.111111111
1,0.596,0.0237,0.0732,0,0,0,0,0.0418,21.111111111,26.111111111
0.694,0.569,0.0175,0.0534,0,0,0,0,0,21.111111111,26.111111111
0.667,0.578,0.0216,0.0729,0,0,0,0,0,21.111111111,26.111111111
0.444,0.592,0.0267,0.0953,0,0,0,0,0,21.111111111,26.111111111
0.333,0.565,0.0166,0.0505,0,0,0,0,0,21.111111111,26.111111111
0.333,0.565,0.0166,0.0505,0,0,0,0,0,21.111111111,26.111111111
0.333,0.565,0.0166,0.0505,0,0,0,0,0,21.111111111,26.111111111
0.556,0.701,0.115,0.26,0,0,0,0,0.125,21.111111111,26.111111111
0.667,0.737,0.154,0.312,0,0,0,0,0.334,21.111111111,21.111111111
0.361,0.658,0.0972,0.193,0,0,0,0,0.209,21.111111111,21.111111111
0.333,0.66,0.0993,0.191,0,0,0,0,0.376,21.111111111,21.111111111
0.333,0.677,0.118,0.218,0,0,0,0,0.0836,21.111111111,21.111111111
0.389,0.72,0.165,0.312,0,0,0,0,0.46,17.777777778,21.111111111
0.667,0.85,0.35,0.623,0,0,0,0,0.0836,17.777777778,26.111111111
0.667,0.846,0.483,0.684,0,0,0,0,0.167,17.777777778,26.111111111
0.889,0.908,0.829,0.802,0,0,0,0,0.0757,17.777777778,26.111111111
1,0.888,0.943,0.717,0,0,0,0,0.318,17.777777778,26.111111111
1,0.761,0.561,0.473,0,0,0,0,0.115,17.777777778,26.111111111
1,0.685,0.238,0.253,0,0,0,0,0,17.777777778,26.111111111
1,0.663,0.104,0.13,0,0,0,0,0.164,17.777777778,26.111111111
1,0.616,0.0352,0.0667,0,0,0,0,0,17.777777778,26.111111111
1,0.581,0.0201,0.0533,0,0,0,0,0,21.111111111,26.111111111
1,0.565,0.0166,0.0505,0,0,0,0,0,21.111111111,21.111111111
1,0.573,0.0173,0.0508,0,0,0,0,0.0418,21.111111111,21.111111111
0.694,0.569,0.0169,0.0507,0,0,0,0,0,21.111111111,26.111111111
0.667,0.617,0.0329,0.127,0,0,0,0,0.274,21.111111111,26.111111111
0.667,0.638,0.0436,0.174,0,0,0,0,0.371,21.111111111,26.111111111
0.667,0.649,0.0523,0.191,0,0,0,0,0.408,21.111111111,26.111111111
0.667,0.665,0.0682,0.221,0,0,0,0,0.528,21.111111111,26.111111111
0.667,0.737,0.118,0.338,0,0,0,0,0.322,21.111111111,26.111111111
0.667,0.737,0.131,0.327,0,0,0,0.417,0.395,21.111111111,26.111111111
0.667,0.737,0.14,0.317,0,0,0,0.417,0.329,21.111111111,26.111111111
0.444,0.68,0.106,0.225,0,0,0,0,0.0418,21.111111111,21.111111111
0.333,0.651,0.0912,0.182,0,0,0,0,0.0418,21.111111111,21.111111111
0.556,0.726,0.157,0.287,0,0,0,0,0.167,21.111111111,21.111111111
0.667,0.789,0.218,0.385,0,0,0,0,0.0836,21.111111111,21.111111111
0.667,0.829,0.268,0.493,0,0,0,0.417,0.125,17.777777778,21.111111111
0.667,0.85,0.35,0.623,0,0,0,1,0.0418,17.777777778,26.111111111
0.667,0.846,0.483,0.684,0,0,0,0.267,0,17.777777778,26.111111111
0.972,0.942,0.894,0.882,0,0,0,0,0,17.777777778,26.111111111
1,0.872,0.893,0.683,0,0,0,0,0.125,17.777777778,26.111111111
1,0.668,0.309,0.267,0,0,0,0,0.164,17.777777778,26.111111111
1,0.565,0.0166,0.0505,0,0,0,0,0,17.777777778,26.111111111
1,0.565,0.0166,0.0505,0,0,0,0,0,17.777777778,26.111111111
1,0.565,0.0166,0.0505,0,0,0,0,0,17.777777778,26.111111111
1,0.565,0.0166,0.0505,0,0,0,0,0,21.111111111,26.111111111
1,0.565,0.0166,0.0505,0,0,0,0,0,21.111111111,21.111111111
1,0.565,0.0166,0.0505,0,0,0,0,0,21.111111111,21.111111111
1,0.573,0.0183,0.0562,0,0,0,0.167,0.0418,21.111111111,26.111111111
1,0.671,0.0509,0.216,0,0,0,0.833,0.32,21.111111111,26.111111111
1,0.784,0.0978,0.422,0,0,0,1,0.585,21.111111111,26.111111111
0.778,0.759,0.0982,0.376,0,0,0,1,0.152,21.111111111,26.111111111
0.667,0.737,0.104,0.342,0,0,0,0.367,0.305,21.111111111,26.111111111
0.5,0.694,0.0916,0.267,0,0,0,0,0.251,21.111111111,26.111111111
0.361,0.601,0.0386,0.11,0,0,0,0,0.0418,21.111111111,26.111111111
0.333,0.644,0.0731,0.172,0,0,0,0,0.254,21.111111111,26.111111111
0.333,0.651,0.0852,0.181,0,0,0,0,0.509,21.111111111,21.111111111
0.333,0.637,0.0785,0.16,0,0,0,0,0.114,21.111111111,21.111111111
0.333,0.565,0.0166,0.0505,0,0,0,0,0,21.111111111,21.111111111
0.472,0.694,0.134,0.244,0.164,0.417,0,0,0.0836,21.111111111,21.111111111
0.667,0.829,0.268,0.493,0.64,0.317,0.683,0,0.0836,17.777777778,21.111111111
0.667,0.85,0.35,0.623,0.448,0,0.417,0,0.125,17.777777778,26.111111111
0.667,0.846,0.483,0.684,0.589,0,0,0,0.125,17.777777778,26.111111111
0.806,0.876,0.749,0.735,0.62,0,0,0,0.0418,17.777777778,26.111111111
1,0.888,0.943,0.717,0.592,0,0,0.167,0,17.777777778,26.111111111
1,0.737,0.485,0.424,0.21,0,0,0.667,0,17.777777778,26.111111111
1,0.64,0.175,0.197,0.0974,0,0,0,0.0836,17.777777778,26.111111111
1,0.565,0.0166,0.0505,0,0,0,0,0,17.777777778,26.111111111
1,0.565,0.0166,0.0505,0,0,0,0,0,17.777777778,26.111111111
1,0.565,0.0166,0.0505,0,0,0,0,0,21.111111111,26.111111111
1,0.565,0.0166,0.0505,0,0,0,0,0,21.111111111,21.111111111
1,0.585,0.0184,0.0513,0,0,0,0,0,21.111111111,21.111111111
1,0.643,0.0322,0.0965,0,0,0,0.667,0.242,21.111111111,26.111111111
0.694,0.6,0.0261,0.0904,0,0,0,0.733,0.141,21.111111111,26.111111111
0.444,0.565,0.0166,0.0505,0,0,0,0,0,21.111111111,26.111111111
0.333,0.623,0.0422,0.146,0,0,0,0,0,21.111111111,26.111111111
0.333,0.651,0.0604,0.196,0,0,0,0,0.0418,21.111111111,26.111111111
0.333,0.651,0.0673,0.194,0,0,0,0,0.125,21.111111111,26.111111111
0.333,0.651,0.0736,0.189,0,0,0,0,0.209,21.111111111,26.111111111
0.333,0.651,0.078,0.184,0,0,0,0,0.0836,21.111111111,26.111111111
0.333,0.651,0.0852,0.181,0,0,0,0,0.125,21.111111111,21.111111111
0.333,0.651,0.0912,0.182,0,0,0,0,0.292,21.111111111,21.111111111
0.0278,0.572,0.0229,0.0615,0,0,0,0,0,21.111111111,21.111111111
0.444,0.718,0.156,0.28,0,0,0,0,0.0836,21.111111111,21.111111111
0.583,0.799,0.241,0.449,0,0,0,0,0.0836,17.777777778,21.111111111
0.667,0.85,0.35,0.623,0,0,0,0,0.209,17.777777778,26.111111111
0.667,0.754,0.311,0.47,0,0,0,0,0.292,17.777777778,26.111111111
0.667,0.695,0.316,0.337,0,0,0,0,0.0836,17.777777778,26.111111111
0.889,0.739,0.527,0.405,0,0,0,0,0,17.777777778,26.111111111
1,0.728,0.46,0.407,0,0,0,0,0,17.777777778,26.111111111
1,0.631,0.142,0.166,0,0,0,0,0.188,17.777777778,26.111111111
1,0.606,0.0598,0.0858,0,0,0,0,0.0927,17.777777778,26.111111111
1,0.565,0.0189,0.0505,0,0,0,0,0,17.777777778,26.111111111
1,0.565,0.0189,0.0505,0,0,0,0,0,21.111111111,26.111111111
1,0.565,0.0189,0.0505,0,0,0,0,0,21.111111111,21.111111111
1,0.565,0.0189,0.0505,0,0,0,0,0,21.111111111,21.111111111
1,0.565,0.0189,0.0505,0,0,0,0,0,21.111111111,21.111111111
1,0.565,0.0189,0.0505,0,0,0,0,0,21.111111111,21.111111111
1,0.618,0.0405,0.14,0,0,0,0,0.242,21.111111111,21.111111111
0.861,0.67,0.0823,0.227,0,0,0,0,0.09,21.111111111,21.111111111
0.611,0.637,0.0771,0.172,0,0,0,0,0.0418,21.111111111,21.111111111
0.333,0.623,0.0817,0.145,0,0,0,0,0.167,21.111111111,21.111111111
0.333,0.651,0.12,0.189,0,0,0,0,0.0836,21.111111111,21.111111111
0.472,0.687,0.175,0.238,0,0,0,0,0.125,21.111111111,21.111111111
0.611,0.723,0.25,0.29,0,0,0,0,0.0418,21.111111111,21.111111111
0.333,0.651,0.166,0.182,0,0,0,0,0.0836,21.111111111,21.111111111
0.333,0.66,0.183,0.191,0,0,0,0.167,0.125,21.111111111,21.111111111
0.778,0.831,0.43,0.447,0,0,0,0.383,0.0836,21.111111111,21.111111111
1,0.96,0.567,0.715,0,0,0,0,0.0418,17.777777778,21.111111111
1,0.993,0.642,0.909,0,0,0,0,0.0836,17.777777778,26.111111111
1,0.986,0.817,1,0,0,0,0,0.0418,17.777777778,26.111111111
1,0.954,0.992,0.909,0,0,0,0,0,17.777777778,26.111111111
1,0.888,0.991,0.717,0.292,0.667,0,0,0,17.777777778,26.111111111
1,0.78,0.645,0.515,0,0.817,0.183,0,0.0836,17.777777778,26.111111111
1,0.676,0.25,0.242,0,0,0.0833,0,0,17.777777778,26.111111111
1,0.583,0.0476,0.0732,0,0,0,0,0,17.777777778,26.111111111
1,0.565,0.0189,0.0505,0,0,0,0,0,17.777777778,26.111111111
1,0.565,0.0189,0.0505,0,0,0,0,0,21.111111111,26.111111111
1,0.565,0.0189,0.0505,0,0,0,0,0,21.111111111,21.111111111
1,0.565,0.0189,0.0505,0,0,0,0,0,21.111111111,21.111111111
1,0.565,0.0189,0.0505,0,0,0,0,0,21.111111111,21.111111111
1,0.59,0.0253,0.0933,0,0,0,0,0,21.111111111,21.111111111
1,0.638,0.0455,0.174,0,0,0,0,0.133,21.111111111,21.111111111
1,0.649,0.068,0.191,0,0,0,0,0,21.111111111,21.111111111
0.861,0.651,0.0901,0.196,0,0,0,0,0,21.111111111,21.111111111
0.667,0.651,0.108,0.194,0,0,0,0,0.301,21.111111111,21.111111111
0.667,0.708,0.189,0.279,0,0,0,0,0.901,21.111111111,21.111111111
0.667,0.737,0.238,0.317,0,0,0,0.167,0.385,21.111111111,21.111111111
0.667,0.737,0.272,0.312,0,0,0,1,0.551,21.111111111,21.111111111
0.667,0.737,0.313,0.314,0,0,0,0.517,0.209,21.111111111,21.111111111
0.806,0.796,0.418,0.391,0,0,0,0,0,21.111111111,21.111111111
1,0.901,0.546,0.552,0,0,0,0,0.125,21.111111111,21.111111111
1,0.96,0.567,0.715,0,0,0,0.267,0.0418,17.777777778,21.111111111
0.639,0.836,0.404,0.576,0,0,0,0,0.0836,17.777777778,26.111111111
0.639,0.834,0.533,0.658,0,0,0,0,0.0418,17.777777778,26.111111111
0.889,0.908,0.896,0.802,0,0,0,0,0.0418,17.777777778,26.111111111
1,0.888,0.991,0.717,0,0,0,0,0.251,17.777777778,26.111111111
1,0.749,0.563,0.445,0,0,0,0,0,17.777777778,26.111111111
1,0.625,0.142,0.152,0,0,0,0,0.241,17.777777778,26.111111111
1,0.57,0.0245,0.0562,0,0,0,0,0,17.777777778,26.111111111
1,0.565,0.0166,0.0505,0,0,0,0,0,17.777777778,26.111111111
1,0.565,0.0166,0.0505,0,0,0,0,0,21.111111111,26.111111111
1,0.565,0.0166,0.0505,0,0,0,0,0,21.111111111,21.111111111
1,0.565,0.0166,0.0505,0,0,0,0,0,21.111111111,21.111111111
1,0.596,0.0237,0.0732,0,0,0,0,0.131,21.111111111,26.111111111
1,0.646,0.0423,0.173,0,0,0,0,0.573,21.111111111,26.111111111
0.889,0.685,0.0606,0.253,0,0,0,0,0.167,21.111111111,26.111111111
0.333,0.623,0.0422,0.146,0,0,0,0,0.0418,21.111111111,26.111111111
0.333,0.651,0.0604,0.196,0,0,0,0,0.0418,21.111111111,26.111111111
0.333,0.651,0.0673,0.194,0,0,0,0,0.0418,21.111111111,26.111111111
0.333,0.651,0.0736,0.189,0,0,0,0,0.292,21.111111111,26.111111111
0.333,0.651,0.078,0.184,0,0,0,0,0.167,21.111111111,26.111111111
0.333,0.651,0.0852,0.181,0,0,0,0,0.0418,21.111111111,21.111111111
0.333,0.651,0.0912,0.182,0,0,0,0,0.0836,21.111111111,21.111111111
0.472,0.701,0.135,0.251,0.111,0.167,0,0,0.125,21.111111111,21.111111111
0.667,0.789,0.218,0.385,0.0804,0.317,0.55,0,0.0836,21.111111111,21.111111111
0.667,0.829,0.268,0.493,0,0,0,0,0.251,17.777777778,21.111111111
0.667,0.85,0.35,0.623,0,0,0,0,0.0418,17.777777778,26.111111111
0.667,0.846,0.483,0.684,0,0,0,0,0,17.777777778,26.111111111
0.806,0.876,0.749,0.735,0,0,0,0,0,17.777777778,26.111111111
1,0.791,0.661,0.517,0,0,0,0,0.129,17.777777778,26.111111111
1,0.716,0.43,0.379,0,0,0,0,0,17.777777778,26.111111111
1,0.616,0.115,0.141,0,0,0,0,0,17.777777778,26.111111111
1,0.565,0.0166,0.0505,0,0,0,0,0,17.777777778,26.111111111
1,0.565,0.0166,0.0505,0,0,0,0,0,17.777777778,26.111111111
1,0.565,0.0166,0.0505,0,0,0,0,0,21.111111111,26.111111111
1,0.565,0.0166,0.0505,0,0,0,0,0,21.111111111,21.111111111
1,0.565,0.0166,0.0505,0,0,0,0,0,21.111111111,21.111111111
1,0.573,0.0183,0.0562,0.201,0.167,0,0,0.0418,21.111111111,26.111111111
1,0.621,0.0338,0.13,0.213,0.567,0.433,0,0.501,21.111111111,26.111111111
1,0.638,0.0436,0.174,0.72,0,0.667,0,0.0418,21.111111111,26.111111111
1,0.783,0.111,0.415,0.326,0,0,0.833,0.41,21.111111111,26.111111111
0.694,0.744,0.107,0.354,0.431,0,0,0,0.167,21.111111111,26.111111111
0.667,0.737,0.118,0.338,0.745,0,0,0,0.0836,21.111111111,26.111111111
0.611,0.723,0.121,0.304,0.44,0,0,0,0.0418,21.111111111,26.111111111
0.333,0.651,0.078,0.184,0,0,0,0.55,0,21.111111111,26.111111111
0.333,0.651,0.0852,0.181,0,0,0,0,0.0418,21.111111111,21.111111111
0.333,0.651,0.0912,0.182,0,0,0,0,0.0836,21.111111111,21.111111111
0.333,0.66,0.0993,0.191,0,0,0,0,0.292,21.111111111,21.111111111
0.639,0.781,0.211,0.373,0,0,0,0,0,21.111111111,21.111111111
0.667,0.829,0.268,0.493,0,0,0,0,0.0418,17.777777778,21.111111111
0.806,0.911,0.426,0.751,0,0,0,0,0.26,17.777777778,26.111111111
1,0.986,0.716,1,0,0,0,0.417,0.298,17.777777778,26.111111111
1,0.954,0.915,0.909,0,0,0,1,0.121,17.777777778,26.111111111
1,0.789,0.64,0.518,0.366,0.667,0,0.55,0.165,17.777777778,26.111111111
1,0.565,0.0166,0.0505,0,0.0667,0.933,0,0,17.777777778,26.111111111
1,0.565,0.0166,0.0505,0,0,0.167,0,0,17.777777778,26.111111111
1,0.565,0.0166,0.0505,0,0,0,0,0,17.777777778,26.111111111
1,0.565,0.0166,0.0505,0,0,0,0,0,17.777777778,26.111111111
1,0.596,0.0183,0.0505,0,0,0,0,0,21.111111111,26.111111111
1,0.612,0.0179,0.0505,0,0,0,0,0.0418,21.111111111,21.111111111
1,0.581,0.0168,0.0505,0,0,0,0,0,21.111111111,21.111111111
1,0.604,0.0254,0.0789,0,0,0,0,0.0583,21.111111111,26.111111111
1,0.676,0.051,0.21,0,0,0,0,0.441,21.111111111,26.111111111
0.889,0.685,0.0606,0.253,0,0,0,0,0.182,21.111111111,26.111111111
0.333,0.623,0.0422,0.146,0,0,0,0,0.23,21.111111111,26.111111111
0.333,0.651,0.0604,0.196,0,0,0,0,0.0418,21.111111111,26.111111111
0.333,0.651,0.0673,0.194,0,0,0,0,0.0418,21.111111111,26.111111111
0.333,0.651,0.0736,0.189,0.167,0.417,0,0,0.0836,21.111111111,26.111111111
0.333,0.651,0.078,0.184,0.827,0.317,0.267,0,0.0418,21.111111111,26.111111111
0.333,0.651,0.0852,0.181,0.419,0,0,0,0.0418,21.111111111,21.111111111
0.333,0.651,0.0912,0.182,0.694,0,0,0,0.0836,21.111111111,21.111111111
0.333,0.66,0.0993,0.191,0.564,0,0,0,0.46,21.111111111,21.111111111
0.333,0.677,0.118,0.218,0.577,0,0,0,0.209,21.111111111,21.111111111
0.472,0.754,0.198,0.373,0.632,0,0,0,0.0836,17.777777778,21.111111111
0.75,0.886,0.396,0.7,0,0,0,0,0,17.777777778,26.111111111
0.972,0.974,0.701,0.974,0,0,0,0,0.324,17.777777778,26.111111111
1,0.954,0.915,0.909,0,0,0,0,0,17.777777778,26.111111111
1,0.872,0.893,0.683,0,0,0,0,0,17.777777778,26.111111111
1,0.716,0.43,0.379,0,0,0,0,0,17.777777778,26.111111111
1,0.625,0.127,0.152,0,0,0,0,0,17.777777778,26.111111111
1,0.606,0.0555,0.0858,0,0,0,0,0,17.777777778,26.111111111
1,0.565,0.0166,0.0505,0,0,0,0,0,17.777777778,26.111111111
1,0.565,0.0166,0.0505,0,0,0,0,0,21.111111111,26.111111111
1,0.565,0.0166,0.0505,0,0,0,0,0,21.111111111,21.111111111
1,0.565,0.0166,0.0505,0,0,0,0,0,21.111111111,21.111111111
1,0.565,0.0166,0.0505,0,0,0,0,0,21.111111111,26.111111111
1,0.605,0.0302,0.119,0,0,0,0,0.28,21.111111111,26.111111111
0.778,0.612,0.0335,0.13,0,0,0,0,0.214,21.111111111,26.111111111
0.278,0.634,0.0452,0.166,0,0,0,0,0.263,21.111111111,26.111111111
0.0278,0.572,0.0198,0.0625,0,0,0,0,0,21.111111111,26.111111111
0,0.565,0.0166,0.0505,0,0,0,0,0,21.111111111,26.111111111
0.139,0.601,0.0412,0.107,0,0,0,0,0.582,21.111111111,26.111111111
0.639,0.73,0.135,0.305,0,0,0,0.917,0,21.111111111,26.111111111
0.667,0.737,0.154,0.312,0,0,0,0.2,0.125,21.111111111,21.111111111
0.667,0.737,0.166,0.314,0,0,0,0,0.418,21.111111111,21.111111111
0.667,0.755,0.182,0.331,0,0,0,0,0.251,21.111111111,21.111111111
0.667,0.789,0.218,0.385,0,0,0,0,0.0836,21.111111111,21.111111111
0.611,0.806,0.246,0.453,0,0,0,0.667,0.209,17.777777778,21.111111111
0.694,0.863,0.369,0.654,0,0,0,0.167,0.167,17.777777778,26.111111111
1,0.986,0.716,1,0.402,0.417,0,0,0,17.777777778,26.111111111
1,0.954,0.915,0.909,0.691,0.317,0.683,0,0,17.777777778,26.111111111
0.944,0.872,0.893,0.683,0.615,0,1,0,0,17.777777778,26.111111111
0.889,0.777,0.581,0.519,0,0,0.517,0,0.156,17.777777778,26.111111111
1,0.655,0.203,0.222,0,0,0,0,0.169,17.777777778,26.111111111
1,0.614,0.0601,0.09,0,0,0,0,0,17.777777778,26.111111111
1,0.581,0.0258,0.059,0,0,0,0,0,17.777777778,26.111111111
0.944,0.565,0.0166,0.0505,0,0,0,0,0,21.111111111,26.111111111
0.667,0.565,0.0166,0.0505,0,0,0,0,0,21.111111111,21.111111111
0.889,0.565,0.0166,0.0505,0,0,0,0,0,21.111111111,21.111111111
1,0.596,0.0237,0.0732,0,0,0,0,0.129,21.111111111,26.111111111
0.694,0.569,0.0175,0.0534,0,0,0,0,0,21.111111111,26.111111111
0.583,0.598,0.0292,0.107,0,0,0,0.417,0,21.111111111,26.111111111
0.667,0.649,0.0523,0.191,0,0,0,0.417,0,21.111111111,26.111111111
0.361,0.587,0.0275,0.0869,0,0,0,0,0,21.111111111,26.111111111
0.333,0.651,0.0673,0.194,0,0,0,0,0.0836,21.111111111,26.111111111
0.333,0.651,0.0736,0.189,0,0,0,0,0.251,21.111111111,26.111111111
0.333,0.651,0.078,0.184,0,0,0,0,0.167,21.111111111,26.111111111
0.333,0.651,0.0852,0.181,0,0,0,0,0.0418,21.111111111,21.111111111
0.333,0.651,0.0912,0.182,0,0,0,0,0.334,21.111111111,21.111111111
0.333,0.66,0.0993,0.191,0,0,0,0,0.167,21.111111111,21.111111111
0.333,0.677,0.118,0.218,0,0,0,0,0.125,21.111111111,21.111111111
0.333,0.697,0.142,0.272,0,0,0,0,0.0836,17.777777778,21.111111111
0.556,0.804,0.305,0.542,0,0,0,0.667,0.201,17.777777778,26.111111111
0.667,0.846,0.483,0.684,0,0,0,0.167,0.0418,17.777777778,26.111111111
0.667,0.824,0.616,0.623,0,0,0,0,0.0836,17.777777778,26.111111111
0.972,0.878,0.916,0.694,0,0,0,0,0,17.777777778,26.111111111
1,0.798,0.652,0.558,0,0,0,0,0,17.777777778,26.111111111
1,0.614,0.137,0.163,0,0,0,0,0,17.777777778,26.111111111
1,0.565,0.0182,0.0505,0,0,0,0,0,17.777777778,26.111111111
1,0.565,0.0189,0.0505,0,0,0,0,0,17.777777778,26.111111111
1,0.565,0.0189,0.0505,0,0,0,0,0,21.111111111,26.111111111
1,0.565,0.0189,0.0505,0,0,0,0,0,21.111111111,21.111111111
1,0.565,0.0189,0.0505,0,0,0,0,0,21.111111111,21.111111111
1,0.565,0.0189,0.0505,0,0,0,0,0,21.111111111,21.111111111
1,0.575,0.0215,0.0676,0,0,0,0,0,21.111111111,21.111111111
1,0.585,0.024,0.0848,0,0,0,0,0,21.111111111,21.111111111
1,0.657,0.0748,0.203,0,0,0,0,0,21.111111111,21.111111111
1,0.737,0.161,0.342,0,0,0,0,0.167,21.111111111,21.111111111
1,0.737,0.197,0.338,0,0,0,0,0.167,21.111111111,21.111111111
1,0.794,0.29,0.418,0,0,0,0,0.251,21.111111111,21.111111111
0.944,0.809,0.329,0.428,0,0,0,0,0.209,21.111111111,21.111111111
0.667,0.737,0.272,0.312,0,0,0,0.167,0.292,21.111111111,21.111111111
0.667,0.737,0.313,0.314,0,0,0,0.667,0.0836,21.111111111,21.111111111
0.361,0.667,0.196,0.202,0,0,0,0,0.224,21.111111111,21.111111111
0.861,0.86,0.475,0.492,0,0,0,0.833,0.34,21.111111111,21.111111111
1,0.96,0.567,0.715,0,0,0,0,0.125,17.777777778,21.111111111
1,0.993,0.642,0.909,0,0,0,0,0.125,17.777777778,26.111111111
1,0.986,0.817,1,0,0,0,0,0,17.777777778,26.111111111
1,0.954,0.992,0.909,0,0,0,0,0,17.777777778,26.111111111
1,0.888,0.991,0.717,0.462,0.733,0.183,0,0.0418,17.777777778,26.111111111
1,0.81,0.727,0.586,0,0,0.0833,0,0,17.777777778,26.111111111
1,0.727,0.359,0.332,0,0,0,0,0,17.777777778,26.111111111
1,0.583,0.0476,0.0732,0,0,0,0,0,17.777777778,26.111111111
1,0.565,0.0189,0.0505,0,0,0,0,0,17.777777778,26.111111111
1,0.565,0.0189,0.0505,0,0,0,0,0,21.111111111,26.111111111
1,0.565,0.0189,0.0505,0,0,0,0,0,21.111111111,21.111111111
1,0.565,0.0189,0.0505,0,0,0,0,0,21.111111111,21.111111111
1,0.565,0.0189,0.0505,0,0,0,0,0,21.111111111,21.111111111
1,0.615,0.0316,0.136,0,0,0,0.167,0.255,21.111111111,21.111111111
1,0.711,0.0721,0.298,0,0,0,1,0.165,21.111111111,21.111111111
1,0.733,0.117,0.331,0,0,0,0.8,0.198,21.111111111,21.111111111
1,0.737,0.161,0.342,0,0,0,0,0.454,21.111111111,21.111111111
1,0.737,0.197,0.338,0,0,0,0,0.676,21.111111111,21.111111111
0.694,0.694,0.171,0.257,0,0,0,0,0,21.111111111,21.111111111
0.667,0.737,0.238,0.317,0,0,0,0,0.0418,21.111111111,21.111111111
0.667,0.737,0.272,0.312,0,0,0,0,0.161,21.111111111,21.111111111
0.667,0.737,0.313,0.314,0,0,0,0,0.729,21.111111111,21.111111111
0.667,0.755,0.347,0.331,0,0,0,0,0.209,21.111111111,21.111111111
0.889,0.868,0.489,0.504,0,0,0,0,0.0418,21.111111111,21.111111111
1,0.96,0.567,0.715,0,0,0,0,0.209,17.777777778,21.111111111
1,0.993,0.642,0.909,0,0,0,0,0.0836,17.777777778,26.111111111
1,0.894,0.624,0.786,0,0,0,0,0.1,17.777777778,26.111111111
1,0.824,0.668,0.623,0,0,0,0,0.325,17.777777778,26.111111111
1,0.781,0.667,0.495,0,0,0,0,0.101,17.777777778,26.111111111
1,0.728,0.491,0.407,0,0,0,0,0.26,17.777777778,26.111111111
1,0.685,0.265,0.253,0,0,0,0,0.51,17.777777778,26.111111111
1,0.632,0.0932,0.113,0,0,0,0,0.102,17.777777778,26.111111111
1,0.612,0.0329,0.0646,0,0,0,0,0.0836,17.777777778,26.111111111
1,0.581,0.0201,0.0533,0,0,0,0,0,21.111111111,26.111111111
1,0.565,0.0166,0.0505,0,0,0,0,0,21.111111111,21.111111111
1,0.565,0.0166,0.0505,0,0,0,0,0,21.111111111,21.111111111
1,0.565,0.0166,0.0505,0,0,0,0,0,21.111111111,26.111111111
1,0.645,0.0439,0.187,0,0,0,0,0.0418,21.111111111,26.111111111
0.639,0.683,0.0605,0.25,0,0,0,0,0.0418,21.111111111,26.111111111
0.25,0.628,0.0427,0.155,0,0,0,0,0,21.111111111,26.111111111
0.333,0.651,0.0604,0.196,0,0,0,0,0.46,21.111111111,26.111111111
0.333,0.651,0.0673,0.194,0,0,0,0,0.251,21.111111111,26.111111111
0.333,0.651,0.0736,0.189,0,0,0,0,0.167,21.111111111,26.111111111
0.333,0.637,0.0676,0.162,0,0,0,0,0.0836,21.111111111,26.111111111
0.472,0.601,0.0464,0.105,0,0,0,0,0,21.111111111,21.111111111
0.667,0.651,0.0912,0.182,0,0,0,0,0.343,21.111111111,21.111111111
0.667,0.66,0.0993,0.191,0,0,0,0,0.299,21.111111111,21.111111111
0.389,0.658,0.0995,0.188,0,0,0,0,0.288,21.111111111,21.111111111
0.139,0.623,0.0726,0.152,0,0,0,0,0.0418,17.777777778,21.111111111
0.389,0.732,0.214,0.388,0,0,0,0.417,0.334,17.777777778,26.111111111
0.972,0.974,0.701,0.974,0,0,0,0.417,0.0836,17.777777778,26.111111111
1,0.954,0.915,0.909,0,0,0,0,0.125,17.777777778,26.111111111
1,0.888,0.943,0.717,0,0,0,0,0,17.777777778,26.111111111
1,0.798,0.652,0.558,0,0,0,0,0,17.777777778,26.111111111
1,0.614,0.137,0.163,0,0,0,0,0,17.777777778,26.111111111
1,0.565,0.0166,0.0505,0,0,0,0,0,17.777777778,26.111111111
1,0.565,0.0166,0.0505,0,0,0,0,0,17.777777778,26.111111111
1,0.565,0.0166,0.0505,0,0,0,0,0,21.111111111,26.111111111
1,0.565,0.0166,0.0505,0,0,0,0,0,21.111111111,21.111111111
1,0.565,0.0166,0.0505,0,0,0,0,0,21.111111111,21.111111111
1,0.565,0.0166,0.0505,0,0,0,0,0,21.111111111,26.111111111
1,0.59,0.0251,0.0933,0,0,0,0,0.247,21.111111111,26.111111111
0.944,0.678,0.0588,0.242,0,0,0,0,0.409,21.111111111,26.111111111
0.667,0.706,0.078,0.286,0,0,0,0,0.164,21.111111111,26.111111111
0.611,0.723,0.0965,0.317,0.196,0.733,0.183,0,0.585,21.111111111,26.111111111
0.194,0.615,0.0453,0.135,0,0,0.0833,0,0.358,21.111111111,26.111111111
0,0.565,0.0166,0.0505,0,0,0,0,0,21.111111111,26.111111111
0,0.565,0.0166,0.0505,0,0,0,0,0,21.111111111,26.111111111
0,0.565,0.0166,0.0505,0,0,0,0,0,21.111111111,21.111111111
0.194,0.615,0.061,0.128,0,0,0,0,0.0836,21.111111111,21.111111111
0.972,0.842,0.258,0.46,0,0,0,0,0.543,21.111111111,21.111111111
0.694,0.798,0.226,0.397,0,0,0,0,0.125,21.111111111,21.111111111
0.722,0.852,0.291,0.534,0,0,0,0,0.0836,17.777777778,21.111111111
0.861,0.933,0.441,0.781,0,0,0,0,0.0836,17.777777778,26.111111111
0.667,0.846,0.483,0.684,0,0,0,0,0.125,17.777777778,26.111111111
0.667,0.824,0.616,0.623,0,0,0,0,0,17.777777778,26.111111111
0.806,0.822,0.761,0.577,0,0,0,0,0.0661,17.777777778,26.111111111
1,0.713,0.44,0.361,0,0,0,0,0.0867,17.777777778,26.111111111
1,0.59,0.0769,0.107,0,0,0,0,0,17.777777778,26.111111111
1,0.565,0.0166,0.0505,0,0,0,0,0,17.777777778,26.111111111
1,0.565,0.0166,0.0505,0,0,0,0,0,17.777777778,26.111111111
1,0.565,0.0166,0.0505,0,0,0,0,0,21.111111111,26.111111111
1,0.565,0.0166,0.0505,0,0,0,0,0,21.111111111,21.111111111
1,0.596,0.0195,0.0517,0,0,0,0,0.0418,21.111111111,21.111111111
1,0.604,0.0233,0.0682,0,0,0,0,0.0418,21.111111111,26.111111111
1,0.565,0.0166,0.0505,0,0,0,0,0,21.111111111,26.111111111
1,0.631,0.0419,0.163,0,0,0,0,0.214,21.111111111,26.111111111
0.806,0.697,0.0721,0.271,0,0,0,0,0.413,21.111111111,26.111111111
0.333,0.651,0.0604,0.196,0,0,0,0.667,0.218,21.111111111,26.111111111
0.333,0.651,0.0673,0.194,0,0,0,1,0.0418,21.111111111,26.111111111
0.333,0.651,0.0736,0.189,0,0,0,0.3,0,21.111111111,26.111111111
0.333,0.651,0.078,0.184,0,0,0,0,0.292,21.111111111,26.111111111
0.333,0.651,0.0852,0.181,0,0,0,0,0.0836,21.111111111,21.111111111
0.333,0.651,0.0912,0.182,0,0,0,0,0.167,21.111111111,21.111111111
0.639,0.747,0.176,0.32,0,0,0,0,0.0836,21.111111111,21.111111111
0.667,0.789,0.218,0.385,0,0,0,0,0.0836,21.111111111,21.111111111
0.667,0.829,0.268,0.493,0,0,0,0,0.0836,17.777777778,21.111111111
0.806,0.911,0.426,0.751,0,0,0,0.667,0,17.777777778,26.111111111
1,0.986,0.716,1,0.111,0.167,0,0.167,0.334,17.777777778,26.111111111
1,0.954,0.915,0.909,0.524,0.567,0.433,0,0.0836,17.777777778,26.111111111
1,0.872,0.893,0.683,0.465,0,0.383,0,0.106,17.777777778,26.111111111
1,0.68,0.339,0.295,0.668,0,0,0,0.11,17.777777778,26.111111111
1,0.625,0.127,0.152,0.563,0,0,0,0.0418,17.777777778,26.111111111
1,0.614,0.0601,0.09,0.394,0,0,0,0,17.777777778,26.111111111
1,0.612,0.0329,0.0646,0,0,0,0,0,17.777777778,26.111111111
1,0.612,0.0218,0.0533,0,0,0,0,0,21.111111111,26.111111111
1,0.612,0.0179,0.0505,0,0,0,0,0.251,21.111111111,21.111111111
0.917,0.6,0.0195,0.0517,0,0,0,0,0.0999,21.111111111,21.111111111
1,0.612,0.0251,0.0738,0,0,0,0,0.376,21.111111111,26.111111111
0.778,0.591,0.0235,0.079,0,0,0,0,0.269,21.111111111,26.111111111
0.667,0.691,0.0639,0.264,0,0,0,0.667,0.229,21.111111111,26.111111111
0.444,0.675,0.0624,0.236,0,0,0,1,0.322,21.111111111,26.111111111
0.333,0.651,0.0604,0.196,0,0,0,0.3,0.0418,21.111111111,26.111111111
0.278,0.637,0.0585,0.171,0,0,0,0,0.209,21.111111111,26.111111111
0,0.565,0.0166,0.0505,0,0,0,0,0,21.111111111,26.111111111
0,0.565,0.0166,0.0505,0,0,0,0,0,21.111111111,26.111111111
0.0556,0.58,0.0285,0.0722,0,0,0,0,0,21.111111111,21.111111111
0.333,0.651,0.0912,0.182,0,0,0,0,0.167,21.111111111,21.111111111
0.333,0.66,0.0993,0.191,0,0,0,0.417,0.0836,21.111111111,21.111111111
0.472,0.727,0.163,0.292,0,0,0,1,0.0836,21.111111111,21.111111111
0.806,0.886,0.324,0.595,0,0,0,0.683,0.167,17.777777778,21.111111111
1,0.993,0.517,0.909,0,0,0,1,0.125,17.777777778,26.111111111
1,0.986,0.716,1,0,0,0,0.55,0.0836,17.777777778,26.111111111
1,0.954,0.915,0.909,0,0,0,0,0,17.777777778,26.111111111
1,0.888,0.943,0.717,0,0,0,0,0,17.777777778,26.111111111
1,0.798,0.652,0.558,0,0,0,0,0.195,17.777777778,26.111111111
1,0.631,0.142,0.166,0,0,0,0,0,17.777777778,26.111111111
1,0.614,0.0601,0.09,0,0,0,0,0,17.777777778,26.111111111
1,0.581,0.0258,0.059,0,0,0,0,0,17.777777778,26.111111111
1,0.565,0.0166,0.0505,0,0,0,0,0,21.111111111,26.111111111
1,0.565,0.0166,0.0505,0,0,0,0,0,21.111111111,21.111111111
1,0.565,0.0166,0.0505,0,0,0,0,0,21.111111111,21.111111111
1,0.565,0.0166,0.0505,0,0,0,0,0,21.111111111,26.111111111
1,0.615,0.0337,0.136,0,0,0,0,0.235,21.111111111,26.111111111
1,0.711,0.0707,0.298,0,0,0,0,0.239,21.111111111,26.111111111
0.639,0.64,0.0464,0.176,0,0,0,0,0,21.111111111,26.111111111
0.333,0.623,0.0476,0.148,0,0,0,0,0.167,21.111111111,26.111111111
0.333,0.651,0.0673,0.194,0,0,0,0,0.125,21.111111111,26.111111111
0.333,0.651,0.0736,0.189,0,0,0,0,0.0836,21.111111111,26.111111111
0.333,0.651,0.078,0.184,0,0,0,0,0.0418,21.111111111,26.111111111
0.333,0.651,0.0852,0.181,0,0,0,0,0.125,21.111111111,21.111111111
0.333,0.651,0.0912,0.182,0,0,0,0,0.0418,21.111111111,21.111111111
0.333,0.66,0.0993,0.191,0,0,0,0,0.251,21.111111111,21.111111111
0.333,0.677,0.118,0.218,0,0,0,0,0.0418,21.111111111,21.111111111
0.389,0.697,0.142,0.272,0,0,0,0,0.0836,17.777777778,21.111111111
0.667,0.768,0.26,0.465,0,0,0,0,0.0836,17.777777778,26.111111111
0.806,0.881,0.547,0.764,0,0,0,0.417,0.251,17.777777778,26.111111111
1,0.824,0.616,0.623,0,0,0,0.983,0.136,17.777777778,26.111111111
1,0.683,0.352,0.295,0,0,0,0,0,17.777777778,26.111111111
1,0.647,0.238,0.229,0,0,0,0,0,17.777777778,26.111111111
1,0.625,0.127,0.152,0,0,0,0,0,17.777777778,26.111111111
1,0.583,0.0432,0.0732,0,0,0,0,0,17.777777778,26.111111111
1,0.565,0.0189,0.0505,0,0,0,0,0,17.777777778,26.111111111
1,0.565,0.0189,0.0505,0,0,0,0,0,21.111111111,26.111111111
1,0.565,0.0189,0.0505,0,0,0,0,0,21.111111111,21.111111111
1,0.565,0.0189,0.0505,0,0,0,0,0,21.111111111,21.111111111
1,0.565,0.0189,0.0505,0,0,0,0,0,21.111111111,21.111111111
1,0.565,0.0189,0.0505,0,0,0,0,0,21.111111111,21.111111111
1,0.565,0.0189,0.0505,0,0,0,0,0,21.111111111,21.111111111
1,0.623,0.0572,0.146,0,0,0,0,0.167,21.111111111,21.111111111
0.778,0.687,0.123,0.257,0,0,0,0,0.251,21.111111111,21.111111111
0.444,0.68,0.134,0.243,0,0,0,0,0.0836,21.111111111,21.111111111
0.333,0.651,0.12,0.189,0,0,0,0,0.0836,21.111111111,21.111111111
0.556,0.708,0.203,0.271,0,0,0,0,0,21.111111111,21.111111111
0.667,0.737,0.272,0.312,0,0,0,0,0.125,21.111111111,21.111111111
0.667,0.737,0.313,0.314,0,0,0,0,0.244,21.111111111,21.111111111
0.611,0.738,0.319,0.307,0,0,0,0,0.581,21.111111111,21.111111111
0.472,0.727,0.269,0.292,0.355,0.667,0,0,0.0418,21.111111111,21.111111111
0.667,0.829,0.384,0.493,0.363,0.0667,0.933,0,0,17.777777778,21.111111111
0.667,0.85,0.434,0.623,0.369,0,1,0.667,0,17.777777778,26.111111111
0.833,0.915,0.696,0.844,0,0,1,0.167,0.0418,17.777777778,26.111111111
0.667,0.824,0.668,0.623,0,0,1,0,0.378,17.777777778,26.111111111
0.806,0.822,0.798,0.577,0,0,1,0,0.153,17.777777778,26.111111111
1,0.737,0.517,0.424,0,0,1,0,0.266,17.777777778,26.111111111
1,0.631,0.158,0.166,0,0,1,0,0,17.777777778,26.111111111
1,0.595,0.0559,0.0795,0,0,0.267,0,0,17.777777778,26.111111111
1,0.565,0.0189,0.0505,0,0,0,0,0,17.777777778,26.111111111
1,0.565,0.0189,0.0505,0,0,0,0,0,21.111111111,26.111111111
1,0.565,0.0189,0.0505,0,0,0,0,0,21.111111111,21.111111111
1,0.565,0.0189,0.0505,0,0,0,0,0,21.111111111,21.111111111
1,0.565,0.0189,0.0505,0,0,0,0,0,21.111111111,21.111111111
1,0.565,0.0189,0.0505,0,0,0,0,0,21.111111111,21.111111111
1,0.671,0.062,0.23,0,0,0,0.667,0.0906,21.111111111,21.111111111
1,0.79,0.155,0.426,0,0,0,0.167,0.205,21.111111111,21.111111111
0.944,0.809,0.219,0.463,0,0,0,0,0.205,21.111111111,21.111111111
0.667,0.737,0.197,0.338,0,0,0,0,0.341,21.111111111,21.111111111
0.444,0.68,0.151,0.236,0,0,0,0,0.208,21.111111111,21.111111111
0.333,0.651,0.128,0.184,0,0,0,0,0.292,21.111111111,21.111111111
0.333,0.651,0.145,0.181,0,0,0,0,0.0836,21.111111111,21.111111111
0.417,0.673,0.204,0.215,0.107,0.417,0,0,0.0836,21.111111111,21.111111111
0.333,0.66,0.183,0.191,0,0.317,0.267,0,0.209,21.111111111,21.111111111
0.333,0.677,0.194,0.218,0,0,0,0,0.334,21.111111111,21.111111111
0.694,0.842,0.4,0.519,0,0,0,0,0.125,17.777777778,21.111111111
1,0.993,0.642,0.909,0,0,0,0,0.209,17.777777778,26.111111111
0.778,0.894,0.624,0.786,0,0,0,0.833,0.251,17.777777778,26.111111111
0.972,0.942,0.968,0.882,0,0,0,0,0,17.777777778,26.111111111
1,0.888,0.991,0.717,0,0,0,0,0,17.777777778,26.111111111
1,0.798,0.694,0.558,0,0,0,0,0.155,17.777777778,26.111111111
1,0.64,0.193,0.197,0,0,0,0,0,17.777777778,26.111111111
1,0.565,0.0174,0.0505,0,0,0,0,0,17.777777778,26.111111111
1,0.565,0.0166,0.0505,0,0,0,0,0,17.777777778,26.111111111
1,0.565,0.0166,0.0505,0,0,0,0,0,21.111111111,26.111111111
1,0.596,0.0171,0.0505,0,0,0,0.667,0.167,21.111111111,21.111111111
1,0.581,0.0168,0.0505,0,0,0,1,0.0418,21.111111111,21.111111111
1,0.565,0.0166,0.0505,0,0,0,0.0167,0,21.111111111,26.111111111
0.778,0.565,0.0166,0.0505,0,0,0,0,0,21.111111111,26.111111111
0.611,0.578,0.0216,0.0729,0,0,0,0,0,21.111111111,26.111111111
0.333,0.649,0.0523,0.191,0,0,0,0,0.125,21.111111111,26.111111111
0.333,0.651,0.0604,0.196,0,0,0,0,0,21.111111111,26.111111111
0.333,0.651,0.0673,0.194,0,0,0,0,0.0836,21.111111111,26.111111111
0.333,0.651,0.0736,0.189,0,0,0,0,0,21.111111111,26.111111111
0.194,0.615,0.0519,0.129,0,0,0,0,0,21.111111111,26.111111111
0.0556,0.58,0.0285,0.0722,0,0,0,0,0,21.111111111,21.111111111
0.333,0.651,0.0912,0.182,0,0,0,0,0.167,21.111111111,21.111111111
0.333,0.66,0.0993,0.191,0,0,0,0,0.209,21.111111111,21.111111111
0.333,0.677,0.118,0.218,0,0,0,0,0.292,21.111111111,21.111111111
0.333,0.697,0.142,0.272,0.51,0.733,0.183,0,0.543,17.777777778,21.111111111
0.472,0.768,0.26,0.465,0.34,0,0.633,0.417,0.125,17.777777778,26.111111111
0.667,0.846,0.483,0.684,0,0,0,0.417,0,17.777777778,26.111111111
0.889,0.908,0.829,0.802,0,0,0,0.667,0,17.777777778,26.111111111
1,0.888,0.943,0.717,0,0,0,1,0,17.777777778,26.111111111
1,0.81,0.682,0.586,0,0,0,0.867,0,17.777777778,26.111111111
1,0.745,0.348,0.355,0,0,0,0,0,17.777777778,26.111111111
1,0.681,0.129,0.152,0,0,0,0,0,17.777777778,26.111111111
1,0.628,0.0421,0.073,0,0,0,0,0.334,17.777777778,26.111111111
1,0.581,0.0201,0.0533,0,0,0,0,0,21.111111111,26.111111111
1,0.565,0.0166,0.0505,0,0,0,0,0,21.111111111,21.111111111
1,0.565,0.0166,0.0505,0,0,0,0,0,21.111111111,21.111111111
1,0.565,0.0166,0.0505,0,0,0,0,0,21.111111111,26.111111111
0.944,0.575,0.02,0.0676,0,0,0,0,0.288,21.111111111,26.111111111
0.667,0.638,0.0436,0.174,0,0,0,0,0.193,21.111111111,26.111111111
0.444,0.592,0.0267,0.0953,0,0,0,0,0,21.111111111,26.111111111
0.333,0.623,0.0476,0.148,0,0,0,0,0.0836,21.111111111,26.111111111
0.333,0.651,0.0673,0.194,0,0,0,0,0.0418,21.111111111,26.111111111
0.333,0.651,0.0736,0.189,0,0,0,0,0.167,21.111111111,26.111111111
0.333,0.651,0.078,0.184,0.32,0.667,0,0,0.167,21.111111111,26.111111111
0.278,0.637,0.0733,0.16,0,0.0667,0.933,0,0.0836,21.111111111,21.111111111
0,0.565,0.0166,0.0505,0,0,0.45,0,0,21.111111111,21.111111111
0.0556,0.582,0.0309,0.0746,0,0,0,0,0.0418,21.111111111,21.111111111
0.333,0.677,0.118,0.218,0,0,0,0,0.292,21.111111111,21.111111111
0.472,0.754,0.198,0.373,0,0,0,0,0,17.777777778,21.111111111
0.417,0.743,0.225,0.408,0,0,0,0,0.418,17.777777778,26.111111111
0.889,0.938,0.655,0.897,0,0,0,0.267,0.0836,17.777777778,26.111111111
1,0.954,0.915,0.909,0,0,0,0,0.0418,17.777777778,26.111111111
1,0.888,0.943,0.717,0,0,0,0,0.178,17.777777778,26.111111111
1,0.737,0.485,0.424,0,0,0,0,0.216,17.777777778,26.111111111
0.694,0.622,0.13,0.155,0,0,0,0,0,17.777777778,26.111111111
0.667,0.565,0.0166,0.0505,0,0,0,0,0,17.777777778,26.111111111
0.972,0.565,0.0166,0.0505,0,0,0,0,0,17.777777778,26.111111111
1,0.565,0.0166,0.0505,0,0,0,0,0,21.111111111,26.111111111
1,0.573,0.0167,0.0505,0,0,0,0,0.0418,21.111111111,21.111111111
1,0.581,0.0168,0.0505,0,0,0,0,0,21.111111111,21.111111111
0.944,0.589,0.0219,0.0676,0,0,0,0,0.163,21.111111111,26.111111111
0.667,0.605,0.0302,0.119,0,0,0,0,0.654,21.111111111,26.111111111
0.667,0.638,0.0436,0.174,0,0,0,0,0.233,21.111111111,26.111111111
0.611,0.692,0.0715,0.262,0,0,0,0,0.125,21.111111111,26.111111111
0.333,0.651,0.0604,0.196,0,0,0,0,0.0418,21.111111111,26.111111111
0.333,0.651,0.0673,0.194,0,0,0,0,0.0836,21.111111111,26.111111111
0.472,0.651,0.0736,0.189,0,0,0,0,0.0418,21.111111111,26.111111111
0.667,0.572,0.0215,0.0619,0,0,0,0,0,21.111111111,26.111111111
0.667,0.58,0.0285,0.0722,0,0,0,0,0,21.111111111,21.111111111
0.361,0.651,0.0912,0.182,0,0,0,0,0.0418,21.111111111,21.111111111
0.333,0.66,0.0993,0.191,0,0,0,0,0.0836,21.111111111,21.111111111
0.111,0.598,0.0452,0.0986,0,0,0,0,0.0418,21.111111111,21.111111111
0.361,0.71,0.156,0.298,0,0,0,0.667,0.0418,17.777777778,21.111111111
0.806,0.911,0.426,0.751,0,0,0,1,0.0748,17.777777778,26.111111111
0.861,0.929,0.608,0.866,0,0,0,0.867,0,17.777777778,26.111111111
0.833,0.89,0.76,0.77,0,0,0,0,0.418,17.777777778,26.111111111
0.667,0.781,0.634,0.495,0,0,0,0.667,0.125,17.777777778,26.111111111
0.889,0.765,0.551,0.491,0,0,0,1,0,17.777777778,26.111111111
1,0.649,0.187,0.208,0,0,0,0.867,0,17.777777778,26.111111111
1,0.614,0.0601,0.09,0,0,0,0,0.298,17.777777778,26.111111111
1,0.569,0.0189,0.0526,0,0,0,0,0,17.777777778,26.111111111
1,0.565,0.0166,0.0505,0,0,0,0,0,21.111111111,26.111111111
1,0.565,0.0166,0.0505,0,0,0,0,0,21.111111111,21.111111111
1,0.565,0.0166,0.0505,0,0,0,0,0,21.111111111,21.111111111
1,0.573,0.0183,0.0562,0,0,0,0,0,21.111111111,26.111111111
1,0.661,0.0474,0.199,0,0,0,0,0.388,21.111111111,26.111111111
1,0.711,0.0707,0.298,0,0,0,0,0.426,21.111111111,26.111111111
0.944,0.776,0.107,0.402,0,0,0,0,0.794,21.111111111,26.111111111
0.667,0.737,0.104,0.342,0,0,0,0,0.29,21.111111111,26.111111111
0.667,0.737,0.118,0.338,0,0,0,0,0.26,21.111111111,26.111111111
0.667,0.737,0.131,0.327,0,0,0,0,0.0568,21.111111111,26.111111111
0.667,0.737,0.14,0.317,0,0,0,0,0.0607,21.111111111,26.111111111
0.361,0.658,0.0904,0.192,0,0,0,0,0.125,21.111111111,21.111111111
0.333,0.651,0.0912,0.182,0,0,0,0,0.334,21.111111111,21.111111111
0.556,0.726,0.157,0.287,0,0,0,0,0.0836,21.111111111,21.111111111
0.667,0.789,0.218,0.385,0,0,0,0,0.249,21.111111111,21.111111111
0.667,0.829,0.268,0.493,0,0,0,0.667,0.117,17.777777778,21.111111111
0.722,0.874,0.381,0.674,0,0,0,0.45,0.251,17.777777778,26.111111111
1,0.986,0.716,1,0,0,0,0,0.125,17.777777778,26.111111111
1,0.902,0.782,0.797,0,0,0,0,0.0418,17.777777778,26.111111111
1,0.683,0.352,0.295,0,0,0,0,0.0836,17.777777778,26.111111111
1,0.647,0.238,0.229,0,0,0,0,0.087,17.777777778,26.111111111
1,0.59,0.0769,0.107,0,0,0,0,0,17.777777778,26.111111111
1,0.565,0.0166,0.0505,0,0,0,0,0,17.777777778,26.111111111
1,0.565,0.0166,0.0505,0,0,0,0,0,17.777777778,26.111111111
1,0.565,0.0166,0.0505,0,0,0,0,0,21.111111111,26.111111111
1,0.565,0.0166,0.0505,0,0,0,0,0,21.111111111,21.111111111
0.833,0.565,0.0166,0.0505,0,0,0,0,0,21.111111111,21.111111111
1,0.604,0.0254,0.0789,0,0,0,0,0.148,21.111111111,26.111111111
0.694,0.615,0.0312,0.116,0,0,0,0,0.125,21.111111111,26.111111111
0.667,0.578,0.0216,0.0729,0,0,0,0,0,21.111111111,26.111111111
0.667,0.649,0.0523,0.191,0,0,0,0,0.0418,21.111111111,26.111111111
0.667,0.665,0.0682,0.221,0,0,0,0,0.194,21.111111111,26.111111111
0.361,0.658,0.0712,0.207,0,0,0,0,0.471,21.111111111,26.111111111
0.333,0.651,0.0736,0.189,0,0,0,0,0.0836,21.111111111,26.111111111
0.333,0.651,0.078,0.184,0,0,0,0,0.0836,21.111111111,26.111111111
0.333,0.651,0.0852,0.181,0,0,0,0,0.167,21.111111111,21.111111111
0.333,0.651,0.0912,0.182,0,0,0,0,0.167,21.111111111,21.111111111
0.333,0.66,0.0993,0.191,0,0,0,0,0.251,21.111111111,21.111111111
0.333,0.677,0.118,0.218,0,0,0,0,0.0836,21.111111111,21.111111111
0.389,0.72,0.165,0.312,0,0,0,0.167,0,17.777777778,21.111111111
0.667,0.85,0.35,0.623,0,0,0,0.667,0.0836,17.777777778,26.111111111
0.806,0.904,0.59,0.817,0,0,0,0,0.0418,17.777777778,26.111111111
1,0.954,0.915,0.909,0,0,0,0,0.251,17.777777778,26.111111111
1,0.888,0.943,0.717,0.275,0.417,0,0,0,17.777777778,26.111111111
1,0.767,0.576,0.487,0.201,1,0,0,0.108,17.777777778,26.111111111
1,0.603,0.0957,0.124,0,0.0667,0.933,0,0,17.777777778,26.111111111
1,0.565,0.0182,0.0505,0,0,0.167,0,0,17.777777778,26.111111111
1,0.565,0.0189,0.0505,0,0,0,0,0,17.777777778,26.111111111
1,0.565,0.0189,0.0505,0,0,0,0,0,21.111111111,26.111111111
1,0.565,0.0189,0.0505,0,0,0,0,0,21.111111111,21.111111111
1,0.596,0.0213,0.0517,0,0,0,0,0.0418,21.111111111,21.111111111
1,0.612,0.0243,0.0738,0,0,0,0,0.0836,21.111111111,21.111111111
1,0.621,0.0312,0.13,0,0,0,0,0.0836,21.111111111,21.111111111
0.778,0.638,0.0455,0.174,0,0,0,0.667,0.166,21.111111111,21.111111111
0.667,0.649,0.068,0.191,0,0,0,0.167,0.217,21.111111111,21.111111111
0.667,0.651,0.0901,0.196,0,0,0,0,0.147,21.111111111,21.111111111
0.75,0.673,0.127,0.231,0,0,0,0.833,0,21.111111111,21.111111111
0.667,0.651,0.12,0.189,0,0,0,0,0.0836,21.111111111,21.111111111
0.667,0.651,0.128,0.184,0,0,0,0,0.0418,21.111111111,21.111111111
0.667,0.651,0.145,0.181,0,0,0,0,0.125,21.111111111,21.111111111
0.667,0.651,0.166,0.182,0,0,0,0,0,21.111111111,21.111111111
0.667,0.726,0.296,0.287,0,0,0,0,0.251,21.111111111,21.111111111
0.667,0.789,0.37,0.385,0,0,0,0,0.0418,21.111111111,21.111111111
0.667,0.829,0.384,0.493,0,0,0,0,0.125,17.777777778,21.111111111
0.667,0.85,0.434,0.623,0,0,0,0,0.0418,17.777777778,26.111111111
0.972,0.974,0.799,0.974,0,0,0,0,0.271,17.777777778,26.111111111
1,0.87,0.764,0.73,0,0,0,0,0.0781,17.777777778,26.111111111
1,0.715,0.457,0.362,0,0,0,0,0,17.777777778,26.111111111
1,0.647,0.255,0.229,0,0,0,0,0,17.777777778,26.111111111
1,0.625,0.142,0.152,0,0,0,0,0,17.777777778,26.111111111
1,0.583,0.0476,0.0732,0,0,0,0,0,17.777777778,26.111111111
1,0.565,0.0189,0.0505,0,0,0,0,0,17.777777778,26.111111111
1,0.565,0.0189,0.0505,0,0,0,0,0,21.111111111,26.111111111
1,0.565,0.0189,0.0505,0,0,0,0,0,21.111111111,21.111111111
1,0.565,0.0189,0.0505,0,0,0,0,0,21.111111111,21.111111111
1,0.573,0.02,0.0562,0,0,0,0,0.125,21.111111111,21.111111111
1,0.621,0.0312,0.13,0,0,0,0,0.251,21.111111111,21.111111111
1,0.638,0.0455,0.174,0,0,0,0,0,21.111111111,21.111111111
1,0.706,0.106,0.286,0,0,0,0,0.376,21.111111111,21.111111111
1,0.737,0.161,0.342,0,0,0,0,0.0418,21.111111111,21.111111111
1,0.794,0.259,0.433,0.249,0.667,0,0.55,0,21.111111111,21.111111111
1,0.823,0.321,0.465,0.428,0.0667,0.817,0.167,0.0418,21.111111111,21.111111111
1,0.823,0.347,0.45,0.428,0,0,0.383,0.125,21.111111111,21.111111111
1,0.787,0.343,0.388,0.592,0,0,0,0.167,21.111111111,21.111111111
1,0.737,0.313,0.314,0.603,0,0,0,0.125,21.111111111,21.111111111
1,0.755,0.347,0.331,0.423,0,0,0,0.298,21.111111111,21.111111111
0.778,0.789,0.37,0.385,0.606,0,0,0,0.0418,21.111111111,21.111111111
0.889,0.921,0.508,0.655,0.348,0,0,0,0.103,17.777777778,21.111111111
1,0.993,0.642,0.909,0.624,0,0,0.167,0.125,17.777777778,26.111111111
1,0.986,0.817,1,0,0,0,0.667,0,17.777777778,26.111111111
1,0.954,0.992,0.909,0,0,0,0,0,17.777777778,26.111111111
1,0.888,0.991,0.717,0,0,0,0,0,17.777777778,26.111111111
1,0.798,0.694,0.558,0,0,0,0,0,17.777777778,26.111111111
1,0.654,0.214,0.214,0,0,0,0,0.0836,17.777777778,26.111111111
1,0.565,0.0174,0.0505,0,0,0,0,0,17.777777778,26.111111111
1,0.565,0.0166,0.0505,0,0,0,0,0,17.777777778,26.111111111
1,0.565,0.0166,0.0505,0,0,0,0,0,21.111111111,26.111111111
1,0.565,0.0166,0.0505,0,0,0,0,0,21.111111111,21.111111111
1,0.565,0.0166,0.0505,0,0,0,0,0,21.111111111,21.111111111
1,0.565,0.0166,0.0505,0,0,0,0,0,21.111111111,26.111111111
1,0.575,0.02,0.0676,0,0,0,0.167,0.125,21.111111111,26.111111111
1,0.651,0.0487,0.197,0,0,0,0.667,0.209,21.111111111,26.111111111
1,0.733,0.0881,0.331,0,0,0,0,0.648,21.111111111,26.111111111
0.944,0.78,0.127,0.415,0,0,0,0,0.219,21.111111111,26.111111111
0.667,0.737,0.118,0.338,0,0,0,0,0.14,21.111111111,26.111111111
0.667,0.737,0.131,0.327,0,0,0,0,0.274,21.111111111,26.111111111
0.306,0.644,0.0716,0.174,0,0,0,0,0.158,21.111111111,26.111111111
0,0.565,0.0166,0.0505,0,0,0,0,0,21.111111111,21.111111111
0,0.565,0.0166,0.0505,0,0,0,0,0,21.111111111,21.111111111
0,0.565,0.0166,0.0505,0,0,0,0,0,21.111111111,21.111111111
0.0556,0.585,0.0346,0.0803,0,0,0,0,0,21.111111111,21.111111111
0.639,0.819,0.259,0.478,0,0,0,0,0.0836,17.777777778,21.111111111
0.806,0.911,0.426,0.751,0,0,0,0.667,0.0418,17.777777778,26.111111111
0.944,0.963,0.673,0.947,0,0,0,1,0.448,17.777777778,26.111111111
0.667,0.824,0.616,0.623,0,0,0,0.867,0.125,17.777777778,26.111111111
0.889,0.847,0.836,0.627,0,0,0,0,0,17.777777778,26.111111111
1,0.713,0.44,0.361,0,0,0,0,0.326,17.777777778,26.111111111
1,0.59,0.0769,0.107,0,0,0,0,0.155,17.777777778,26.111111111
