occupants,plug_loads_other,plug_loads_tv,ceiling_fan,lighting_interior,hot_water_dishwasher,dishwasher,hot_water_clothes_washer,clothes_washer,clothes_dryer,cooking_range,hot_water_fixtures,heating_setpoint,cooling_setpoint
1,0.565,0.0162,0.421,0.0502,0,0,0,0,0,0,0,21.111111111,25.555555556
1,0.565,0.0162,0.421,0.0502,0,0,0,0,0,0,0,21.111111111,25.555555556
1,0.565,0.0162,0.421,0.0502,0,0,0,0,0,0,0,21.111111111,25.555555556
0.867,0.565,0.0162,0.421,0.0502,0,0,0,0,0,0,0,21.111111111,25.555555556
0.5,0.565,0.0162,0.421,0.0502,0,0,0,0,0,0,0,21.111111111,25.555555556
0.5,0.606,0.0281,0.571,0.104,0,0,0,0,0,0,0.194,21.111111111,25.555555556
0.5,0.662,0.0501,0.633,0.218,0,0,0,0,0,0,0.227,21.111111111,25.555555556
0.5,0.686,0.0639,0.421,0.257,0,0,0,0,0,0,0.276,21.111111111,26.666666667
0.5,0.693,0.0757,0.421,0.269,0,0,0,0,0,0,0.399,21.111111111,26.666666667
0.5,0.693,0.0869,0.421,0.272,0,0,0,0,0,0,0.135,21.111111111,26.666666667
0.5,0.693,0.0961,0.421,0.265,0,0,0,0,0,0,0.106,21.111111111,26.666666667
0.492,0.691,0.103,0.421,0.253,0,0,0,0,0,0,0.0341,21.111111111,26.666666667
0,0.565,0.0162,0.421,0.0502,0,0,0,0,0,0,0,21.111111111,26.666666667
0,0.565,0.0162,0.421,0.0502,0,0,0,0,0,0,0,21.111111111,26.666666667
0.383,0.668,0.106,0.421,0.204,0,0,0,0,0,0,0.239,21.111111111,26.666666667
0.5,0.721,0.151,0.421,0.256,0,0,0,0,0,0,0.171,21.111111111,25.555555556
0.883,0.894,0.317,0.421,0.458,0.274,0.267,0,0,0,0,0.0683,21.111111111,25.555555556
1,0.984,0.448,0.552,0.625,0.626,0.8,0,0,0,0,0,21.111111111,25.555555556
1,0.993,0.612,0.936,0.814,0.282,0,0,0,0,0,0.137,21.111111111,25.555555556
1,0.968,0.822,1,0.978,0,0,0,0,0,0.767,0,21.111111111,25.555555556
1,0.832,0.706,0.85,0.752,0,0,0,0,0,1,0.175,21.111111111,25.555555556
1,0.702,0.413,0.711,0.419,0,0,0,0,0,0.3,0.218,21.111111111,25.555555556
1,0.645,0.211,0.633,0.225,0,0,0,0,0,0,0.146,21.111111111,25.555555556
1,0.565,0.0162,0.421,0.0502,0,0,0,0,0,0,0,21.111111111,25.555555556
1,0.565,0.0162,0.421,0.0502,0,0,0,0,0,0,0,21.111111111,25.555555556
1,0.565,0.0162,0.421,0.0502,0,0,0,0,0,0,0,21.111111111,25.555555556
1,0.565,0.0162,0.421,0.0502,0,0,0,0,0,0,0,21.111111111,25.555555556
1,0.565,0.0162,0.421,0.0502,0,0,0,0,0,0,0,21.111111111,25.555555556
1,0.565,0.0162,0.421,0.0502,0,0,0,0,0,0,0,21.111111111,25.555555556
1,0.565,0.0162,0.421,0.0502,0,0,0,0,0,0,0,21.111111111,25.555555556
0.867,0.686,0.0581,0.711,0.259,0,0,0,0,0,0,0.429,21.111111111,25.555555556
0.367,0.652,0.0489,0.421,0.199,0,0,0,0,0,0,0.0683,21.111111111,26.666666667
0,0.565,0.0162,0.421,0.0502,0,0,0,0,0,0,0,21.111111111,26.666666667
0,0.565,0.0162,0.421,0.0502,0,0,0,0,0,0,0,21.111111111,26.666666667
0,0.565,0.0162,0.421,0.0502,0,0,0,0,0,0,0,21.111111111,26.666666667
0,0.565,0.0162,0.421,0.0502,0,0,0,0,0,0,0,21.111111111,26.666666667
0,0.565,0.0162,0.421,0.0502,0,0,0,0,0,0,0,21.111111111,26.666666667
0,0.565,0.0162,0.421,0.0502,0,0,0,0,0,0,0,21.111111111,26.666666667
0,0.565,0.0162,0.421,0.0502,0,0,0,0,0,0,0,21.111111111,26.666666667
0.00833,0.567,0.0189,0.421,0.0539,0,0,0,0,0,0,0.0341,21.111111111,25.555555556
0.5,0.75,0.185,0.421,0.279,0,0,0,0,0,0,0.137,21.111111111,25.555555556
0.75,0.878,0.331,0.487,0.469,0,0,0,0,0,0.25,0.205,21.111111111,25.555555556
0.5,0.779,0.314,0.678,0.432,0,0,0,0,0,0,0.0683,21.111111111,25.555555556
0.5,0.766,0.419,0.711,0.514,0,0,0,0,0,0,0.0683,21.111111111,25.555555556
0.883,0.835,0.714,0.855,0.76,0,0,0,0,0,0,0,21.111111111,25.555555556
1,0.702,0.413,0.711,0.419,0,0,0,0,0,0,0,21.111111111,25.555555556
1,0.645,0.211,0.633,0.225,0,0,0,0,0,0,0,21.111111111,25.555555556
1,0.565,0.0162,0.421,0.0502,0,0,0,0,0,0,0,21.111111111,25.555555556
1,0.565,0.0162,0.421,0.0502,0,0,0,0,0,0,0,21.111111111,25.555555556
1,0.565,0.0162,0.421,0.0502,0,0,0,0,0,0,0,21.111111111,25.555555556
1,0.565,0.0162,0.421,0.0502,0,0,0,0,0,0,0,21.111111111,25.555555556
1,0.565,0.0162,0.421,0.0502,0,0,0,0,0,0,0,21.111111111,25.555555556
1,0.565,0.0162,0.421,0.0502,0,0,0,0,0,0,0,21.111111111,25.555555556
1,0.623,0.032,0.643,0.117,0,0,0,0,0,0,0.211,21.111111111,25.555555556
1,0.738,0.077,0.778,0.349,0,0,0.279,0.271,0,0,0.31,21.111111111,25.555555556
0.617,0.714,0.0743,0.421,0.304,0,0,0.279,0.458,0.55,0,0.102,21.111111111,26.666666667
0.5,0.693,0.0757,0.421,0.269,0,0,0.702,0,0.267,0,0.205,21.111111111,26.666666667
0.367,0.659,0.0662,0.421,0.214,0,0,0.156,0,0,0,0.137,21.111111111,26.666666667
0,0.565,0.0162,0.421,0.0502,0,0,0,0,0,0,0,21.111111111,26.666666667
0,0.565,0.0162,0.421,0.0502,0,0,0,0,0,0,0,21.111111111,26.666666667
0,0.565,0.0162,0.421,0.0502,0,0,0,0,0,0,0,21.111111111,26.666666667
0.00833,0.567,0.0181,0.421,0.0536,0,0,0,0,0,0,0,21.111111111,26.666666667
0.367,0.659,0.0981,0.421,0.196,0,0,0,0,0,0,0.0683,21.111111111,26.666666667
0,0.565,0.0162,0.421,0.0502,0,0,0,0,0,0,0,21.111111111,25.555555556
0,0.565,0.0162,0.421,0.0502,0,0,0,0,0,0,0,21.111111111,25.555555556
0.392,0.732,0.209,0.552,0.305,0.0699,0.0167,0,0,0,0.267,0.102,21.111111111,25.555555556
1,0.993,0.612,0.936,0.814,0.53,1,0,0,0,1,0.0341,21.111111111,25.555555556
1,0.968,0.822,1,0.978,0,0.6,0,0,0,0.0167,0.284,21.111111111,25.555555556
1,0.699,0.353,0.629,0.398,0,0,0,0,0,0,0,21.111111111,25.555555556
1,0.565,0.0162,0.421,0.0502,0,0,0,0,0,0,0,21.111111111,25.555555556
1,0.565,0.0162,0.421,0.0502,0,0,0,0,0,0,0,21.111111111,25.555555556
1,0.565,0.0162,0.421,0.0502,0,0,0,0,0,0,0,21.111111111,25.555555556
1,0.565,0.0162,0.421,0.0502,0,0,0,0,0,0,0,21.111111111,25.555555556
1,0.565,0.0162,0.421,0.0502,0,0,0,0,0,0,0,21.111111111,25.555555556
1,0.565,0.0162,0.421,0.0502,0,0,0,0,0,0,0,21.111111111,25.555555556
1,0.565,0.0162,0.421,0.0502,0,0,0,0,0,0,0,21.111111111,25.555555556
1,0.565,0.0162,0.421,0.0502,0,0,0,0,0,0,0,21.111111111,25.555555556
1,0.588,0.0242,0.498,0.0915,0,0,0,0,0,0,0.0683,21.111111111,25.555555556
1,0.694,0.062,0.633,0.272,0,0,0,0,0,0,0.197,21.111111111,25.555555556
0.858,0.771,0.0956,0.421,0.402,0,0,0,0,0,0.517,0.301,21.111111111,26.666666667
0,0.565,0.0162,0.421,0.0502,0,0,0,0,0,0,0,21.111111111,26.666666667
0,0.565,0.0162,0.421,0.0502,0,0,0,0,0,0,0,21.111111111,26.666666667
0,0.565,0.0162,0.421,0.0502,0,0,0,0,0,0,0,21.111111111,26.666666667
0,0.565,0.0162,0.421,0.0502,0,0,0,0,0,0,0,21.111111111,26.666666667
0,0.565,0.0162,0.421,0.0502,0,0,0,0,0,0,0,21.111111111,26.666666667
0,0.565,0.0162,0.421,0.0502,0,0,0,0,0,0,0,21.111111111,26.666666667
0,0.565,0.0162,0.421,0.0502,0,0,0,0,0,0,0,21.111111111,26.666666667
0.258,0.649,0.0901,0.421,0.158,0,0,0,0,0,0,0.102,21.111111111,25.555555556
0.5,0.75,0.185,0.421,0.279,0,0,0,0,0,0,0.205,21.111111111,25.555555556
0.5,0.774,0.232,0.487,0.338,0,0,0,0,0,0,0.171,21.111111111,25.555555556
0.758,0.888,0.482,0.817,0.642,0,0,0,0,0,0,0.0341,21.111111111,25.555555556
1,0.968,0.822,1,0.978,0,0,0,0,0,0,0.0341,21.111111111,25.555555556
0.75,0.825,0.707,0.855,0.742,0,0,0,0,0,0.25,0,21.111111111,25.555555556
1,0.811,0.739,0.923,0.724,0,0,0,0,0,0,0.102,21.111111111,25.555555556
1,0.666,0.24,0.711,0.252,0,0,0,0,0,0,0.124,21.111111111,25.555555556
1,0.603,0.0695,0.561,0.0992,0,0,0,0,0,0,0,21.111111111,25.555555556
1,0.565,0.0162,0.421,0.0502,0,0,0,0,0,0,0,21.111111111,25.555555556
1,0.565,0.0162,0.421,0.0502,0,0,0,0,0,0,0,21.111111111,25.555555556
1,0.565,0.0162,0.421,0.0502,0,0,0,0,0,0,0,21.111111111,25.555555556
0.867,0.565,0.0162,0.421,0.0502,0,0,0,0,0,0,0,21.111111111,25.555555556
0.508,0.566,0.0165,0.426,0.0511,0,0,0,0,0,0,0.051,21.111111111,25.555555556
1,0.64,0.0356,0.711,0.129,0,0,0,0,0,0,0.347,21.111111111,25.555555556
0.742,0.684,0.0576,0.706,0.256,0,0,0,0,0,0,0.322,21.111111111,25.555555556
0.5,0.686,0.0639,0.421,0.257,0,0,0,0,0,0,0.338,21.111111111,26.666666667
0.367,0.659,0.0575,0.421,0.209,0,0,0,0,0,0,0.0683,21.111111111,26.666666667
0,0.565,0.0162,0.421,0.0502,0,0,0,0,0,0,0,21.111111111,26.666666667
0,0.565,0.0162,0.421,0.0502,0,0,0,0,0,0,0,21.111111111,26.666666667
0,0.565,0.0162,0.421,0.0502,0,0,0,0,0,0,0,21.111111111,26.666666667
0,0.565,0.0162,0.421,0.0502,0,0,0,0,0,0,0,21.111111111,26.666666667
0,0.565,0.0162,0.421,0.0502,0,0,0,0,0,0,0,21.111111111,26.666666667
0,0.565,0.0162,0.421,0.0502,0,0,0,0,0,0,0,21.111111111,26.666666667
0,0.565,0.0162,0.421,0.0502,0,0,0,0,0,0,0,21.111111111,25.555555556
0.133,0.62,0.0688,0.421,0.12,0,0,0,0,0,0.25,0.102,21.111111111,25.555555556
0.5,0.774,0.232,0.487,0.338,0,0,0,0,0,0,0.171,21.111111111,25.555555556
0.5,0.779,0.314,0.678,0.432,0,0,0,0,0,0,0.102,21.111111111,25.555555556
0.508,0.769,0.427,0.715,0.522,0,0,0,0,0,0,0.0683,21.111111111,25.555555556
1,0.918,0.942,1,0.985,0,0,0.132,0.271,0,0,0,21.111111111,25.555555556
1,0.84,0.81,1,0.788,0,0,0.592,0.22,0.783,0,0,21.111111111,25.555555556
1,0.767,0.465,1,0.454,0,0,0.401,0,0.3,0,0,21.111111111,25.555555556
1,0.7,0.192,0.923,0.209,0,0,0.436,0,0,0,0,21.111111111,25.555555556
1,0.608,0.0413,0.6,0.0672,0,0,0.308,0,0,0,0.0341,21.111111111,25.555555556
1,0.565,0.0185,0.421,0.0502,0,0,0,0,0,0,0,21.111111111,25.555555556
1,0.565,0.0185,0.421,0.0502,0,0,0,0,0,0,0,21.111111111,25.555555556
1,0.565,0.0185,0.421,0.0502,0,0,0,0,0,0,0,21.111111111,25.555555556
1,0.565,0.0185,0.421,0.0502,0,0,0,0,0,0,0,21.111111111,25.555555556
1,0.565,0.0185,0.421,0.0502,0,0,0,0,0,0,0,21.111111111,25.555555556
1,0.565,0.0185,0.421,0.0502,0,0,0,0,0,0,0,21.111111111,25.555555556
1,0.582,0.0297,0.421,0.0792,0,0,0,0,0,0,0,21.111111111,25.555555556
1,0.71,0.137,0.421,0.301,0,0,0,0,0,0.633,0.137,21.111111111,25.555555556
1,0.822,0.277,0.421,0.489,0,0,0,0,0,0.133,0.102,21.111111111,25.555555556
1,0.822,0.313,0.421,0.472,0,0,0,0,0,0,0,21.111111111,25.555555556
1,0.822,0.339,0.421,0.457,0,0,0,0,0,0,0.0341,21.111111111,25.555555556
0.683,0.74,0.263,0.421,0.323,0,0,0,0,0,0,0,21.111111111,25.555555556
0.692,0.743,0.319,0.421,0.325,0,0,0,0,0,0,0.0683,21.111111111,25.555555556
1,0.847,0.498,0.421,0.452,0,0,0.567,0.492,0.15,0,0.171,21.111111111,25.555555556
1,0.898,0.532,0.421,0.473,0,0,0.624,0,1,0,0.239,21.111111111,25.555555556
1,0.957,0.554,0.421,0.542,0,0,0.589,0,0.2,0,0.0341,21.111111111,25.555555556
1,0.991,0.624,0.732,0.693,0,0,0.542,0,0,0,0.307,21.111111111,25.555555556
1,0.986,0.792,0.968,0.888,0,0,0,0,0,0,0.0341,21.111111111,25.555555556
1,0.954,0.965,1,1,0,0,0,0,0,0,0.344,21.111111111,25.555555556
1,0.89,0.971,1,0.934,0,0,0,0,0,0,0.17,21.111111111,25.555555556
1,0.742,0.54,0.817,0.506,0,0,0,0,0,0,0.212,21.111111111,25.555555556
1,0.624,0.156,0.6,0.163,0,0,0,0,0,0,0,21.111111111,25.555555556
1,0.59,0.0363,0.527,0.0641,0,0,0.296,0,0,0,0,21.111111111,25.555555556
1,0.565,0.0185,0.421,0.0502,0,0,0,0,0,0,0,21.111111111,25.555555556
1,0.565,0.0185,0.421,0.0502,0,0,0,0,0,0,0,21.111111111,25.555555556
1,0.565,0.0185,0.421,0.0502,0,0,0,0,0,0,0,21.111111111,25.555555556
1,0.565,0.0185,0.421,0.0502,0,0,0,0,0,0,0,21.111111111,25.555555556
1,0.565,0.0185,0.421,0.0502,0,0,0,0,0,0,0,21.111111111,25.555555556
1,0.576,0.0215,0.46,0.0709,0,0,0,0,0,0,0,21.111111111,25.555555556
1,0.673,0.0567,0.527,0.235,0,0,0,0,0,0,0.137,21.111111111,25.555555556
1,0.771,0.142,0.421,0.399,0,0,0,0,0,0.383,0,21.111111111,25.555555556
1,0.822,0.225,0.421,0.492,0,0,0,0,0,0.65,0.0683,21.111111111,25.555555556
1,0.758,0.208,0.421,0.38,0,0,0,0,0,0,0,21.111111111,25.555555556
1,0.805,0.293,0.421,0.444,0,0,0,0,0,0,0.0341,21.111111111,25.555555556
1,0.775,0.283,0.421,0.381,0,0,0,0,0,0,0.112,21.111111111,25.555555556
1,0.822,0.387,0.421,0.449,0,0,0,0,0,0,0.259,21.111111111,25.555555556
1,0.822,0.447,0.421,0.448,0,0,0,0,0,0,0.162,21.111111111,25.555555556
1,0.847,0.498,0.421,0.452,0,0,0,0,0,0,0.279,21.111111111,25.555555556
1,0.898,0.532,0.421,0.473,0,0,0,0,0,0.25,0.205,21.111111111,25.555555556
1,0.957,0.554,0.421,0.542,0,0,0,0,0,0,0.0341,21.111111111,25.555555556
1,0.991,0.624,0.732,0.693,0,0,0,0,0,0,0.0341,21.111111111,25.555555556
1,0.986,0.792,0.968,0.888,0,0,0,0,0,0,0,21.111111111,25.555555556
1,0.882,0.773,0.889,0.814,0,0,0,0,0,0,0.162,21.111111111,25.555555556
1,0.727,0.495,0.711,0.492,0,0,0,0,0,0,0.0341,21.111111111,25.555555556
1,0.688,0.37,0.711,0.354,0,0,0,0,0,0,0,21.111111111,25.555555556
1,0.655,0.204,0.711,0.202,0,0,0,0,0,0,0.0683,21.111111111,25.555555556
1,0.594,0.0642,0.527,0.0874,0,0,0,0,0,0,0,21.111111111,25.555555556
1,0.565,0.0162,0.421,0.0502,0,0,0,0,0,0,0,21.111111111,25.555555556
1,0.565,0.0162,0.421,0.0502,0,0,0,0,0,0,0,21.111111111,25.555555556
1,0.565,0.0162,0.421,0.0502,0,0,0,0,0,0,0,21.111111111,25.555555556
1,0.565,0.0162,0.421,0.0502,0,0,0,0,0,0,0,21.111111111,25.555555556
0.992,0.582,0.0201,0.493,0.0631,0,0,0,0,0,0,0.349,21.111111111,25.555555556
0.5,0.565,0.0162,0.421,0.0502,0,0,0,0,0,0,0,21.111111111,25.555555556
0.5,0.565,0.0162,0.421,0.0502,0,0,0,0,0,0,0,21.111111111,25.555555556
0.5,0.565,0.0162,0.421,0.0502,0,0,0,0,0,0,0,21.111111111,26.666666667
0.5,0.599,0.0344,0.421,0.11,0,0,0,0,0,0,0.234,21.111111111,26.666666667
0.5,0.693,0.0869,0.421,0.272,0,0,0,0,0,0,0.184,21.111111111,26.666666667
0.5,0.693,0.0961,0.421,0.265,0,0,0,0,0,0,0.389,21.111111111,26.666666667
0.5,0.693,0.104,0.421,0.256,0,0,0,0,0,0,0.305,21.111111111,26.666666667
0.117,0.595,0.0376,0.421,0.0971,0,0,0,0,0,0,0,21.111111111,26.666666667
0,0.565,0.0162,0.421,0.0502,0,0,0,0,0,0,0,21.111111111,26.666666667
0.375,0.666,0.104,0.421,0.2,0,0,0,0,0,0,0.137,21.111111111,26.666666667
0,0.565,0.0162,0.421,0.0502,0,0,0,0,0,0,0,21.111111111,25.555555556
0,0.565,0.0162,0.421,0.0502,0,0,0,0,0,0,0,21.111111111,25.555555556
0.517,0.784,0.258,0.552,0.371,0,0,0,0,0,0,0.0683,21.111111111,25.555555556
0.617,0.829,0.376,0.736,0.515,0,0,0,0,0,0,0.102,21.111111111,25.555555556
0.633,0.816,0.544,0.788,0.644,0,0,0,0,0,0,0.171,21.111111111,25.555555556
1,0.832,0.706,0.85,0.752,0,0,0,0,0,0,0.239,21.111111111,25.555555556
1,0.702,0.413,0.711,0.419,0,0,0,0,0,0,0,21.111111111,25.555555556
1,0.666,0.24,0.711,0.252,0,0,0,0,0,0,0.0341,21.111111111,25.555555556
1,0.623,0.0971,0.633,0.125,0,0,0,0,0,0,0,21.111111111,25.555555556
1,0.565,0.0162,0.421,0.0502,0,0,0,0,0,0,0,21.111111111,25.555555556
1,0.565,0.0162,0.421,0.0502,0,0,0,0,0,0,0,21.111111111,25.555555556
1,0.565,0.0162,0.421,0.0502,0,0,0,0,0,0,0,21.111111111,25.555555556
1,0.583,0.0179,0.498,0.051,0,0,0,0,0,0,0.137,21.111111111,25.555555556
1,0.581,0.0177,0.489,0.0509,0,0,0,0,0,0,0,21.111111111,25.555555556
1,0.588,0.0242,0.498,0.0915,0,0,0,0,0,0,0.365,21.111111111,25.555555556
0.617,0.585,0.0232,0.489,0.0864,0,0,0,0,0,0,0.0371,21.111111111,25.555555556
0.5,0.565,0.0162,0.421,0.0502,0,0,0,0,0,0,0,21.111111111,26.666666667
0.5,0.565,0.0162,0.421,0.0502,0,0,0,0,0,0,0,21.111111111,26.666666667
0.5,0.565,0.0162,0.421,0.0502,0,0,0,0,0,0,0,21.111111111,26.666666667
0.5,0.565,0.0162,0.421,0.0502,0,0,0,0,0,0,0,21.111111111,26.666666667
0.5,0.599,0.0407,0.421,0.104,0,0,0,0,0,0,0.0683,21.111111111,26.666666667
0.242,0.627,0.0606,0.421,0.147,0,0,0,0,0,0,0,21.111111111,26.666666667
0,0.565,0.0162,0.421,0.0502,0,0,0,0,0,0,0,21.111111111,26.666666667
0,0.565,0.0162,0.421,0.0502,0,0,0,0,0,0,0,21.111111111,26.666666667
0,0.565,0.0162,0.421,0.0502,0,0,0,0,0,0,0,21.111111111,25.555555556
0,0.565,0.0162,0.421,0.0502,0,0,0,0,0,0,0,21.111111111,25.555555556
0.383,0.726,0.186,0.487,0.276,0,0,0,0,0,0,0.137,21.111111111,25.555555556
0.5,0.779,0.314,0.678,0.432,0,0,0,0,0,0,0.0683,21.111111111,25.555555556
0.633,0.816,0.544,0.788,0.644,0,0,0,0,0,0,0.0683,21.111111111,25.555555556
1,0.918,0.942,1,0.985,0,0,0,0,0,0,0.0341,21.111111111,25.555555556
1,0.737,0.517,0.778,0.516,0,0,0,0,0,0,0.0341,21.111111111,25.555555556
1,0.666,0.24,0.711,0.252,0,0,0,0,0,0,0.139,21.111111111,25.555555556
1,0.603,0.0695,0.561,0.0992,0,0,0,0,0,0,0,21.111111111,25.555555556
1,0.565,0.0162,0.421,0.0502,0,0,0,0,0,0,0,21.111111111,25.555555556
1,0.565,0.0162,0.421,0.0502,0,0,0,0,0,0,0,21.111111111,25.555555556
1,0.565,0.0162,0.421,0.0502,0,0,0,0,0,0,0,21.111111111,25.555555556
1,0.565,0.0162,0.421,0.0502,0,0,0,0,0,0,0,21.111111111,25.555555556
1,0.583,0.0204,0.498,0.064,0,0,0,0,0,0,0.17,21.111111111,25.555555556
0.992,0.638,0.0351,0.706,0.127,0,0,0,0,0,0,0.376,21.111111111,25.555555556
0.5,0.596,0.0281,0.421,0.104,0,0,0,0,0,0,0.339,21.111111111,25.555555556
0.5,0.686,0.0639,0.421,0.257,0,0,0,0,0,0,0.548,21.111111111,26.666666667
0.5,0.693,0.0757,0.421,0.269,0,0,0,0,0,0,0.223,21.111111111,26.666666667
0.367,0.659,0.0662,0.421,0.214,0,0,0,0,0,0,0.176,21.111111111,26.666666667
0,0.565,0.0162,0.421,0.0502,0,0,0,0,0,0,0,21.111111111,26.666666667
0,0.565,0.0162,0.421,0.0502,0,0,0,0,0,0,0,21.111111111,26.666666667
0,0.565,0.0162,0.421,0.0502,0,0,0,0,0,0,0,21.111111111,26.666666667
0,0.565,0.0162,0.421,0.0502,0,0,0,0,0,0,0,21.111111111,26.666666667
0,0.565,0.0162,0.421,0.0502,0,0,0,0,0,0,0,21.111111111,26.666666667
0,0.565,0.0162,0.421,0.0502,0,0,0,0,0,0,0,21.111111111,25.555555556
0.383,0.709,0.148,0.421,0.229,0,0,0,0,0,0.767,0.0683,21.111111111,25.555555556
0.633,0.832,0.304,0.552,0.433,0,0,0,0,0,0,0.0341,21.111111111,25.555555556
1,0.993,0.612,0.936,0.814,0,0,0.165,0.271,0,0,0.239,21.111111111,25.555555556
1,0.968,0.822,1,0.978,0,0,0.177,0.22,0.783,0,0.0341,21.111111111,25.555555556
1,0.918,0.942,1,0.985,0,0,0,0,0.567,0,0.223,21.111111111,25.555555556
1,0.745,0.557,0.773,0.557,0,0,0,0,0,0,0.141,21.111111111,25.555555556
1,0.565,0.0162,0.421,0.0502,0,0,0,0,0,0,0,21.111111111,25.555555556
1,0.565,0.0162,0.421,0.0502,0,0,0,0,0,0,0,21.111111111,25.555555556
1,0.565,0.0162,0.421,0.0502,0,0,0,0,0,0,0,21.111111111,25.555555556
1,0.565,0.0162,0.421,0.0502,0,0,0,0,0,0,0,21.111111111,25.555555556
1,0.565,0.0162,0.421,0.0502,0,0,0,0,0,0,0,21.111111111,25.555555556
1,0.565,0.0162,0.421,0.0502,0,0,0,0,0,0,0,21.111111111,25.555555556
0.867,0.6,0.0194,0.566,0.0516,0,0,0,0,0,0,0.368,21.111111111,25.555555556
0.5,0.565,0.0162,0.421,0.0502,0,0,0,0,0,0,0.151,21.111111111,25.555555556
0.5,0.596,0.0281,0.421,0.104,0,0,0,0,0,0,0.107,21.111111111,25.555555556
0.5,0.686,0.0639,0.421,0.257,0,0,0,0,0,0,0,21.111111111,26.666666667
0.5,0.693,0.0757,0.421,0.269,0,0,0,0,0,0,0.188,21.111111111,26.666666667
0.5,0.693,0.0869,0.421,0.272,0,0,0,0,0,0,0.259,21.111111111,26.666666667
0.5,0.693,0.0961,0.421,0.265,0,0,0,0,0,0,0.161,21.111111111,26.666666667
0.125,0.597,0.0379,0.421,0.102,0,0,0,0,0,0.0167,0.127,21.111111111,26.666666667
0.5,0.693,0.112,0.421,0.25,0,0,0,0,0,0.233,0.0341,21.111111111,26.666666667
0.242,0.627,0.067,0.421,0.146,0,0,0,0,0,0,0.0341,21.111111111,26.666666667
0.383,0.668,0.106,0.421,0.204,0,0,0,0,0,0.25,0.102,21.111111111,26.666666667
0.5,0.721,0.151,0.421,0.256,0,0,0,0,0,0,0.137,21.111111111,25.555555556
0.5,0.75,0.185,0.421,0.279,0,0,0,0,0,0,0.0341,21.111111111,25.555555556
0.5,0.774,0.232,0.487,0.338,0,0,0,0,0,0,0,21.111111111,25.555555556
0.508,0.782,0.32,0.683,0.44,0,0,0,0,0,0,0,21.111111111,25.555555556
1,0.968,0.822,1,0.978,0,0,0,0,0,0,0.102,21.111111111,25.555555556
1,0.918,0.942,1,0.985,0,0,0,0,0,0,0.239,21.111111111,25.555555556
1,0.84,0.81,1,0.788,0,0,0,0,0,0,0.171,21.111111111,25.555555556
1,0.615,0.14,0.556,0.161,0,0,0,0,0,0,0,21.111111111,25.555555556
1,0.565,0.0162,0.421,0.0502,0,0,0,0,0,0,0,21.111111111,25.555555556
1,0.565,0.0162,0.421,0.0502,0,0,0,0,0,0,0,21.111111111,25.555555556
1,0.565,0.0162,0.421,0.0502,0,0,0,0,0,0,0,21.111111111,25.555555556
1,0.565,0.0162,0.421,0.0502,0,0,0,0,0,0,0,21.111111111,25.555555556
1,0.565,0.0162,0.421,0.0502,0,0,0,0,0,0,0,21.111111111,25.555555556
1,0.583,0.0204,0.498,0.064,0,0,0,0,0,0.267,0,21.111111111,25.555555556
0.617,0.581,0.0198,0.489,0.0623,0,0,0,0,0,0.25,0,21.111111111,25.555555556
0.5,0.596,0.0281,0.421,0.104,0,0,0,0,0,0,0.312,21.111111111,25.555555556
0.25,0.627,0.0416,0.421,0.155,0,0,0,0,0,0.25,0.0341,21.111111111,26.666666667
0.492,0.691,0.0746,0.421,0.265,0.604,0.517,0,0,0,0,0.0683,21.111111111,26.666666667
0,0.565,0.0162,0.421,0.0502,0.513,0.833,0,0,0,0,0,21.111111111,26.666666667
0,0.565,0.0162,0.421,0.0502,0,0,0,0,0,0,0,21.111111111,26.666666667
0,0.565,0.0162,0.421,0.0502,0,0,0,0,0,0,0,21.111111111,26.666666667
0.25,0.629,0.0622,0.421,0.151,0,0,0,0,0,0,0,21.111111111,26.666666667
0,0.565,0.0162,0.421,0.0502,0,0,0,0,0,0,0,21.111111111,26.666666667
0,0.565,0.0162,0.421,0.0502,0,0,0,0,0,0,0,21.111111111,26.666666667
0,0.565,0.0162,0.421,0.0502,0,0,0,0,0,0,0,21.111111111,25.555555556
0.133,0.62,0.0688,0.421,0.12,0,0,0,0,0,0,0,21.111111111,25.555555556
0.5,0.774,0.232,0.487,0.338,0,0,0,0,0,0.517,0.137,21.111111111,25.555555556
0.5,0.779,0.314,0.678,0.432,0,0,0,0,0,0.25,0.137,21.111111111,25.555555556
0.883,0.92,0.734,0.932,0.872,0,0,0,0,0,0,0.137,21.111111111,25.555555556
1,0.918,0.942,1,0.985,0,0,0,0,0,0,0.102,21.111111111,25.555555556
1,0.84,0.81,1,0.788,0,0,0,0,0,0,0.0341,21.111111111,25.555555556
1,0.767,0.465,1,0.454,0,0,0,0,0,0,0,21.111111111,25.555555556
1,0.7,0.192,0.923,0.209,0,0,0,0,0,0,0,21.111111111,25.555555556
1,0.635,0.0488,0.711,0.072,0,0,0,0,0,0,0,21.111111111,25.555555556
1,0.608,0.0274,0.6,0.0548,0,0,0,0,0,0,0.137,21.111111111,25.555555556
1,0.565,0.0185,0.421,0.0502,0,0,0,0,0,0,0,21.111111111,25.555555556
1,0.565,0.0185,0.421,0.0502,0,0,0,0,0,0,0,21.111111111,25.555555556
1,0.565,0.0185,0.421,0.0502,0,0,0,0,0,0,0,21.111111111,25.555555556
1,0.565,0.0185,0.421,0.0502,0,0,0,0,0,0,0,21.111111111,25.555555556
1,0.656,0.0548,0.421,0.206,0,0,0,0,0,0.25,0.118,21.111111111,25.555555556
1,0.815,0.16,0.421,0.473,0,0,0,0,0,0,0.0341,21.111111111,25.555555556
1,0.822,0.225,0.421,0.492,0,0,0,0,0,0.25,0.171,21.111111111,25.555555556
1,0.822,0.277,0.421,0.489,0,0,0,0,0,0,0.137,21.111111111,25.555555556
1,0.822,0.313,0.421,0.472,0,0,0,0,0,0,0.205,21.111111111,25.555555556
0.558,0.708,0.196,0.421,0.278,0,0,0,0,0,0,0.0341,21.111111111,25.555555556
0.5,0.693,0.203,0.421,0.25,0,0,0,0,0,0,0.0341,21.111111111,25.555555556
0.183,0.612,0.0904,0.421,0.123,0,0,0,0,0,0,0,21.111111111,25.555555556
0,0.565,0.0185,0.421,0.0502,0,0,0,0,0,0,0,21.111111111,25.555555556
0,0.565,0.0185,0.421,0.0502,0,0,0,0,0,0,0,21.111111111,25.555555556
0.317,0.696,0.19,0.421,0.217,0,0,0,0,0,0,0.0683,21.111111111,25.555555556
0.5,0.778,0.321,0.577,0.372,0,0,0,0,0,0,0.0683,21.111111111,25.555555556
0.433,0.747,0.349,0.656,0.408,0,0,0,0,0,0,0.205,21.111111111,25.555555556
0.383,0.708,0.403,0.643,0.423,0,0,0,0,0,0.633,0.149,21.111111111,25.555555556
1,0.749,0.553,0.744,0.549,0,0,0,0,0,0.133,0.223,21.111111111,25.555555556
1,0.688,0.37,0.711,0.354,0,0,0,0,0,0,0,21.111111111,25.555555556
1,0.624,0.156,0.6,0.163,0,0,0,0,0,0,0,21.111111111,25.555555556
1,0.59,0.0363,0.527,0.0641,0,0,0,0,0,0,0,21.111111111,25.555555556
1,0.565,0.0185,0.421,0.0502,0,0,0,0,0,0,0,21.111111111,25.555555556
1,0.565,0.0185,0.421,0.0502,0,0,0,0,0,0,0,21.111111111,25.555555556
1,0.565,0.0185,0.421,0.0502,0,0,0,0,0,0,0,21.111111111,25.555555556
1,0.565,0.0185,0.421,0.0502,0,0,0,0,0,0,0,21.111111111,25.555555556
1,0.565,0.0185,0.421,0.0502,0,0,0,0,0,0,0,21.111111111,25.555555556
1,0.621,0.0327,0.604,0.148,0,0,0,0,0,0,0.301,21.111111111,25.555555556
1,0.673,0.0567,0.527,0.235,0,0,0,0,0,0.133,0.162,21.111111111,25.555555556
1,0.69,0.0892,0.421,0.262,0,0,0,0,0,1,0.184,21.111111111,25.555555556
1,0.775,0.194,0.421,0.413,0,0,0,0,0,0.15,0.216,21.111111111,25.555555556
1,0.822,0.277,0.421,0.489,0,0,0,0,0,0,0,21.111111111,25.555555556
1,0.822,0.313,0.421,0.472,0,0,0,0,0,0,0.0683,21.111111111,25.555555556
1,0.822,0.339,0.421,0.457,0,0,0,0,0,0,0.281,21.111111111,25.555555556
1,0.822,0.387,0.421,0.449,0,0,0,0,0,0.133,0.0542,21.111111111,25.555555556
1,0.822,0.447,0.421,0.448,0,0,0,0,0,0.117,0.137,21.111111111,25.555555556
1,0.847,0.498,0.421,0.452,0,0,0,0,0,0,0,21.111111111,25.555555556
1,0.898,0.532,0.421,0.473,0,0,0,0,0,0,0.0341,21.111111111,25.555555556
1,0.957,0.554,0.421,0.542,0,0,0,0,0,0,0.205,21.111111111,25.555555556
1,0.991,0.624,0.732,0.693,0,0,0,0,0,0,0.137,21.111111111,25.555555556
1,0.986,0.792,0.968,0.888,0,0,0,0,0,0,0,21.111111111,25.555555556
1,0.954,0.965,1,1,0,0,0,0,0,0,0.0341,21.111111111,25.555555556
1,0.87,0.909,0.961,0.878,0,0,0,0,0,0,0,21.111111111,25.555555556
1,0.688,0.37,0.711,0.354,0,0,0,0,0,0,0,21.111111111,25.555555556
1,0.655,0.204,0.711,0.202,0,0,0,0,0,0,0,21.111111111,25.555555556
1,0.612,0.075,0.604,0.0975,0,0,0,0,0,0,0,21.111111111,25.555555556
1,0.635,0.0501,0.711,0.0812,0,0,0,0,0,0,0,21.111111111,25.555555556
1,0.616,0.0276,0.633,0.0595,0,0,0,0,0,0,0,21.111111111,25.555555556
1,0.565,0.0162,0.421,0.0502,0,0,0,0,0,0,0,21.111111111,25.555555556
1,0.565,0.0162,0.421,0.0502,0,0,0,0,0,0,0,21.111111111,25.555555556
1,0.583,0.0204,0.498,0.064,0,0,0,0,0,0,0.173,21.111111111,25.555555556
1,0.64,0.0356,0.711,0.129,0,0,0,0,0,0,0.362,21.111111111,25.555555556
1,0.738,0.077,0.778,0.349,0,0,0,0,0,0,0.409,21.111111111,25.555555556
0.617,0.714,0.0743,0.421,0.304,0,0,0,0,0,0,0.336,21.111111111,26.666666667
0.5,0.693,0.0757,0.421,0.269,0,0,0,0,0,0,0.299,21.111111111,26.666666667
0.367,0.659,0.0662,0.421,0.214,0,0,0,0,0,0,0.0683,21.111111111,26.666666667
0,0.565,0.0162,0.421,0.0502,0,0,0,0,0,0,0,21.111111111,26.666666667
0,0.565,0.0162,0.421,0.0502,0,0,0,0,0,0,0,21.111111111,26.666666667
0,0.565,0.0162,0.421,0.0502,0,0,0,0,0,0,0,21.111111111,26.666666667
0,0.565,0.0162,0.421,0.0502,0,0,0,0,0,0,0,21.111111111,26.666666667
0,0.565,0.0162,0.421,0.0502,0,0,0,0,0,0,0,21.111111111,26.666666667
0,0.565,0.0162,0.421,0.0502,0,0,0,0,0,0,0,21.111111111,25.555555556
0.00833,0.568,0.0195,0.421,0.0546,0,0,0,0,0,0,0.0341,21.111111111,25.555555556
0.367,0.716,0.161,0.421,0.243,0,0,0,0,0,0,0.213,21.111111111,25.555555556
0.267,0.675,0.218,0.575,0.293,0.313,0.267,0,0,0,0,0.0515,21.111111111,25.555555556
1,0.968,0.822,1,0.978,0.213,0.8,0,0,0,0,0.367,21.111111111,25.555555556
1,0.918,0.942,1,0.985,0,0,0.129,0.271,0,0,0.307,21.111111111,25.555555556
1,0.84,0.81,1,0.788,0,0,0.44,0.458,0.55,0,0.116,21.111111111,25.555555556
1,0.67,0.273,0.701,0.281,0,0,0.207,0,0.267,0,0,21.111111111,25.555555556
1,0.565,0.0162,0.421,0.0502,0,0,0,0,0,0,0,21.111111111,25.555555556
1,0.565,0.0162,0.421,0.0502,0,0,0,0,0,0,0,21.111111111,25.555555556
1,0.565,0.0162,0.421,0.0502,0,0,0,0,0,0,0,21.111111111,25.555555556
1,0.565,0.0162,0.421,0.0502,0,0,0,0,0,0,0,21.111111111,25.555555556
1,0.565,0.0162,0.421,0.0502,0,0,0,0,0,0,0,21.111111111,25.555555556
0.867,0.565,0.0162,0.421,0.0502,0,0,0,0,0,0,0,21.111111111,25.555555556
0.5,0.565,0.0162,0.421,0.0502,0,0,0,0,0,0,0,21.111111111,25.555555556
0.508,0.566,0.0169,0.421,0.0536,0,0,0,0,0,0,0,21.111111111,25.555555556
1,0.686,0.0639,0.421,0.257,0,0,0,0,0,0,0.205,21.111111111,26.666666667
1,0.792,0.122,0.421,0.437,0,0,0.39,0.237,0.283,0,0,21.111111111,26.666666667
1,0.822,0.158,0.421,0.494,0,0,0.237,0,0.8,0,0.0341,21.111111111,26.666666667
1,0.822,0.176,0.421,0.479,0,0,0.321,0,0,0,0,21.111111111,26.666666667
0.992,0.82,0.191,0.421,0.458,0,0,0.742,0,0,0,0.0341,21.111111111,26.666666667
0.5,0.693,0.112,0.421,0.25,0,0,0.562,0,0,0,0.0683,21.111111111,26.666666667
0.5,0.693,0.123,0.421,0.249,0,0,0.688,0,0,0,0.102,21.111111111,26.666666667
0.5,0.698,0.132,0.421,0.25,0,0,0.453,0,0,0,0.0341,21.111111111,26.666666667
0.5,0.721,0.151,0.421,0.256,0,0,0.362,0,0,0,0.0683,21.111111111,25.555555556
0.5,0.75,0.185,0.421,0.279,0,0,0.653,0,0,0,0.0341,21.111111111,25.555555556
0.5,0.774,0.232,0.487,0.338,0,0,0.476,0,0,0,0,21.111111111,25.555555556
0.758,0.888,0.482,0.817,0.642,0,0,0.108,0,0,0,0.473,21.111111111,25.555555556
1,0.968,0.822,1,0.978,0,0,0,0,0,0,0.281,21.111111111,25.555555556
1,0.879,0.823,0.923,0.874,0,0,0,0,0,0,0.274,21.111111111,25.555555556
1,0.702,0.413,0.711,0.419,0,0,0,0,0,0,0,21.111111111,25.555555556
1,0.664,0.239,0.706,0.25,0,0,0,0,0,0,0.0954,21.111111111,25.555555556
1,0.565,0.0162,0.421,0.0502,0,0,0,0,0,0,0,21.111111111,25.555555556
1,0.565,0.0162,0.421,0.0502,0,0,0,0,0,0,0,21.111111111,25.555555556
1,0.565,0.0162,0.421,0.0502,0,0,0,0,0,0,0,21.111111111,25.555555556
1,0.565,0.0162,0.421,0.0502,0,0,0,0,0,0,0,21.111111111,25.555555556
1,0.565,0.0162,0.421,0.0502,0,0,0,0,0,0,0,21.111111111,25.555555556
1,0.565,0.0162,0.421,0.0502,0,0,0,0,0,0,0,21.111111111,25.555555556
1,0.588,0.0242,0.498,0.0915,0,0,0,0,0,0,0.194,21.111111111,25.555555556
1,0.662,0.0501,0.633,0.218,0,0,0,0,0,0,0.169,21.111111111,25.555555556
1,0.72,0.0789,0.421,0.314,0,0,0,0,0,0,0.585,21.111111111,26.666666667
0.867,0.788,0.117,0.421,0.428,0,0,0,0,0,0,0.383,21.111111111,26.666666667
0.5,0.693,0.0869,0.421,0.272,0,0,0,0,0,0,0.453,21.111111111,26.666666667
0.5,0.693,0.0961,0.421,0.265,0,0,0,0,0,0,0,21.111111111,26.666666667
0.5,0.693,0.104,0.421,0.256,0.371,0.267,0,0,0,0.0167,0.0341,21.111111111,26.666666667
0.5,0.693,0.112,0.421,0.25,0.832,0.533,0,0,0,0.233,0.137,21.111111111,26.666666667
0.117,0.595,0.0407,0.421,0.0966,0,0,0,0,0,0,0,21.111111111,26.666666667
0.00833,0.567,0.0183,0.421,0.0536,0,0,0,0,0,0,0.0526,21.111111111,26.666666667
0.5,0.721,0.151,0.421,0.256,0,0,0,0,0,0,0.602,21.111111111,25.555555556
0.5,0.75,0.185,0.421,0.279,0,0,0,0,0,0,0.345,21.111111111,25.555555556
0.5,0.774,0.232,0.487,0.338,0,0,0,0,0,0,0.228,21.111111111,25.555555556
0.883,0.942,0.549,0.878,0.731,0,0,0,0,0,0,0.195,21.111111111,25.555555556
1,0.968,0.822,1,0.978,0,0,0,0,0,0,0.155,21.111111111,25.555555556
1,0.918,0.942,1,0.985,0.405,0.267,0,0,0,0,0,21.111111111,25.555555556
1,0.838,0.805,0.995,0.784,0.805,0,0,0,0,0,0,21.111111111,25.555555556
1,0.617,0.145,0.561,0.165,0,0,0,0,0,0,0,21.111111111,25.555555556
1,0.565,0.0162,0.421,0.0502,0,0,0,0,0,0,0,21.111111111,25.555555556
1,0.565,0.0162,0.421,0.0502,0,0,0,0,0,0,0,21.111111111,25.555555556
1,0.565,0.0162,0.421,0.0502,0,0,0,0,0,0,0,21.111111111,25.555555556
1,0.565,0.0162,0.421,0.0502,0,0,0,0,0,0,0,21.111111111,25.555555556
1,0.565,0.0162,0.421,0.0502,0,0,0,0,0,0,0,21.111111111,25.555555556
1,0.566,0.0165,0.426,0.0511,0,0,0,0,0,0,0.0738,21.111111111,25.555555556
0.867,0.616,0.0276,0.633,0.088,0,0,0,0,0,0,0.202,21.111111111,25.555555556
0.758,0.695,0.0625,0.638,0.274,0,0,0,0,0,0,0.285,21.111111111,25.555555556
0.483,0.679,0.0592,0.421,0.246,0,0,0,0,0,0,0.32,21.111111111,26.666666667
0,0.565,0.0162,0.421,0.0502,0,0,0,0,0,0,0,21.111111111,26.666666667
0,0.565,0.0162,0.421,0.0502,0,0,0,0,0,0,0,21.111111111,26.666666667
0,0.565,0.0162,0.421,0.0502,0,0,0,0,0,0,0,21.111111111,26.666666667
0,0.565,0.0162,0.421,0.0502,0,0,0,0,0,0,0,21.111111111,26.666666667
0.133,0.599,0.0442,0.421,0.103,0,0,0,0,0,0,0.0341,21.111111111,26.666666667
0.5,0.693,0.123,0.421,0.249,0,0,0,0,0,0,0.137,21.111111111,26.666666667
0.5,0.698,0.132,0.421,0.25,0,0,0,0,0,0,0.102,21.111111111,26.666666667
0.5,0.721,0.151,0.421,0.256,0,0,0.209,0.237,0.0333,0,0.0683,21.111111111,25.555555556
0.883,0.75,0.185,0.421,0.279,0,0,0.195,0,0.783,0.267,0.0683,21.111111111,25.555555556
1,0.774,0.232,0.487,0.338,0,0,0,0,0,0.25,0.0683,21.111111111,25.555555556
1,0.942,0.549,0.878,0.731,0,0,0,0,0,0,0.0341,21.111111111,25.555555556
1,0.968,0.822,1,0.978,0,0,0,0,0,0,0.0683,21.111111111,25.555555556
1,0.918,0.942,1,0.985,0,0,0,0,0,0,0,21.111111111,25.555555556
1,0.84,0.81,1,0.788,0,0,0,0,0,0,0,21.111111111,25.555555556
1,0.691,0.302,0.778,0.308,0,0,0,0,0,0,0.0735,21.111111111,25.555555556
1,0.583,0.0419,0.489,0.0739,0,0,0,0,0,0,0,21.111111111,25.555555556
1,0.565,0.0162,0.421,0.0502,0,0,0,0,0,0,0,21.111111111,25.555555556
1,0.565,0.0162,0.421,0.0502,0,0,0,0,0,0,0,21.111111111,25.555555556
1,0.565,0.0162,0.421,0.0502,0,0,0,0,0,0,0,21.111111111,25.555555556
1,0.565,0.0162,0.421,0.0502,0,0,0,0,0,0,0,21.111111111,25.555555556
1,0.565,0.0162,0.421,0.0502,0,0,0,0,0,0,0,21.111111111,25.555555556
1,0.565,0.0162,0.421,0.0502,0,0,0,0,0,0,0,21.111111111,25.555555556
1,0.641,0.0431,0.566,0.182,0,0,0,0,0,0,0.283,21.111111111,25.555555556
1,0.78,0.101,0.421,0.416,0,0,0,0,0,0.25,0.375,21.111111111,26.666666667
0.617,0.723,0.0889,0.421,0.319,0,0,0,0,0,0,0.628,21.111111111,26.666666667
0.117,0.595,0.0321,0.421,0.102,0,0,0,0,0,0,0,21.111111111,26.666666667
0,0.565,0.0162,0.421,0.0502,0,0,0,0,0,0,0,21.111111111,26.666666667
0,0.565,0.0162,0.421,0.0502,0,0,0,0,0,0,0,21.111111111,26.666666667
0,0.565,0.0162,0.421,0.0502,0,0,0,0,0,0,0,21.111111111,26.666666667
0,0.565,0.0162,0.421,0.0502,0,0,0,0,0,0,0,21.111111111,26.666666667
0,0.565,0.0162,0.421,0.0502,0,0,0,0,0,0,0,21.111111111,26.666666667
0,0.565,0.0162,0.421,0.0502,0,0,0,0,0,0,0,21.111111111,25.555555556
0,0.565,0.0162,0.421,0.0502,0,0,0,0,0,0,0,21.111111111,25.555555556
0.133,0.622,0.0877,0.487,0.145,0,0,0,0,0,0,0.0341,21.111111111,25.555555556
0.758,0.888,0.482,0.817,0.642,0,0,0,0,0,0.517,0.102,21.111111111,25.555555556
1,0.968,0.822,1,0.978,0,0,0,0,0,0,0.137,21.111111111,25.555555556
1,0.918,0.942,1,0.985,0,0,0,0,0,0,0.102,21.111111111,25.555555556
1,0.84,0.81,1,0.788,0,0,0,0,0,0,0.0178,21.111111111,25.555555556
1,0.67,0.273,0.701,0.281,0,0,0,0,0,0,0.16,21.111111111,25.555555556
1,0.565,0.0168,0.421,0.0502,0,0,0,0,0,0,0,21.111111111,25.555555556
1,0.565,0.0185,0.421,0.0502,0,0,0,0,0,0,0,21.111111111,25.555555556
1,0.565,0.0185,0.421,0.0502,0,0,0,0,0,0,0,21.111111111,25.555555556
1,0.565,0.0185,0.421,0.0502,0,0,0,0,0,0,0,21.111111111,25.555555556
1,0.609,0.0218,0.604,0.052,0,0,0,0,0,0,0,21.111111111,25.555555556
1,0.635,0.0262,0.711,0.0839,0,0,0,0,0,0,0,21.111111111,25.555555556
1,0.647,0.036,0.711,0.167,0,0,0,0,0,0,0.0341,21.111111111,25.555555556
1,0.673,0.0567,0.527,0.235,0,0,0,0,0,0.133,0.0341,21.111111111,25.555555556
1,0.707,0.1,0.421,0.291,0,0,0,0,0,0.383,0.0341,21.111111111,25.555555556
1,0.822,0.225,0.421,0.492,0,0,0,0,0,0,0.102,21.111111111,25.555555556
0.558,0.708,0.161,0.421,0.296,0,0,0,0,0,0,0,21.111111111,25.555555556
0.5,0.693,0.166,0.421,0.261,0,0,0,0,0,0,0,21.111111111,25.555555556
0.5,0.693,0.179,0.421,0.253,0,0,0,0,0,0,0,21.111111111,25.555555556
0.5,0.693,0.203,0.421,0.25,0,0,0,0,0,0,0.171,21.111111111,25.555555556
0.817,0.775,0.375,0.421,0.375,0,0,0,0,0,0,0.629,21.111111111,25.555555556
1,0.847,0.498,0.421,0.452,0,0,0,0,0,0,0.196,21.111111111,25.555555556
1,0.898,0.532,0.421,0.473,0,0,0,0,0,0,0.0683,21.111111111,25.555555556
1,0.957,0.554,0.421,0.542,0,0,0,0,0,0,0.0683,21.111111111,25.555555556
1,0.991,0.624,0.732,0.693,0,0,0,0,0,0,0.102,21.111111111,25.555555556
1,0.986,0.792,0.968,0.888,0,0,0,0,0,0,0.0341,21.111111111,25.555555556
1,0.929,0.898,0.961,0.935,0,0,0,0,0,0,0,21.111111111,25.555555556
1,0.727,0.495,0.711,0.492,0,0,0,0,0,0,0.18,21.111111111,25.555555556
1,0.688,0.37,0.711,0.354,0,0,0,0,0,0,0.0913,21.111111111,25.555555556
1,0.655,0.204,0.711,0.202,0,0,0,0,0,0,0.0662,21.111111111,25.555555556
1,0.594,0.0648,0.527,0.0874,0,0,0,0,0,0,0.0922,21.111111111,25.555555556
1,0.565,0.0185,0.421,0.0502,0,0,0,0,0,0,0,21.111111111,25.555555556
1,0.565,0.0185,0.421,0.0502,0,0,0,0,0,0,0,21.111111111,25.555555556
1,0.565,0.0185,0.421,0.0502,0,0,0,0,0,0,0,21.111111111,25.555555556
1,0.565,0.0185,0.421,0.0502,0,0,0,0,0,0,0,21.111111111,25.555555556
1,0.565,0.0185,0.421,0.0502,0,0,0,0,0,0,0,21.111111111,25.555555556
1,0.565,0.0185,0.421,0.0502,0,0,0,0,0,0,0,21.111111111,25.555555556
1,0.565,0.0185,0.421,0.0502,0,0,0,0,0,0,0,21.111111111,25.555555556
1,0.565,0.0185,0.421,0.0502,0,0,0,0,0,0,0,21.111111111,25.555555556
1,0.646,0.091,0.421,0.192,0,0,0,0,0,0,0,21.111111111,25.555555556
1,0.775,0.235,0.421,0.407,0,0,0,0,0,0,0.0341,21.111111111,25.555555556
1,0.822,0.313,0.421,0.472,0,0,0,0,0,0,0.0341,21.111111111,25.555555556
1,0.822,0.339,0.421,0.457,0,0,0,0,0,0,0.171,21.111111111,25.555555556
1,0.822,0.387,0.421,0.449,0.515,0.267,0,0,0,0,0.0683,21.111111111,25.555555556
1,0.822,0.447,0.421,0.448,0.742,0,0,0,0,0,0.137,21.111111111,25.555555556
1,0.847,0.498,0.421,0.452,0,0,0,0,0,0,0.0683,21.111111111,25.555555556
1,0.898,0.532,0.421,0.473,0,0,0,0,0,0,0.0683,21.111111111,25.555555556
1,0.957,0.554,0.421,0.542,0,0,0,0,0,0.25,0.171,21.111111111,25.555555556
1,0.991,0.624,0.732,0.693,0,0,0,0,0,0,0.0341,21.111111111,25.555555556
1,0.986,0.792,0.968,0.888,0,0,0,0,0,0,0.0341,21.111111111,25.555555556
1,0.954,0.965,1,1,0,0,0,0,0,0,0,21.111111111,25.555555556
1,0.89,0.971,1,0.934,0,0,0,0,0,0,0.0341,21.111111111,25.555555556
1,0.797,0.684,0.961,0.626,0,0,0,0,0,0,0,21.111111111,25.555555556
1,0.655,0.204,0.711,0.202,0,0,0,0,0,0,0.147,21.111111111,25.555555556
1,0.612,0.075,0.604,0.0975,0,0,0,0,0,0,0.167,21.111111111,25.555555556
1,0.635,0.0501,0.711,0.0812,0,0,0,0,0,0,0.0745,21.111111111,25.555555556
1,0.635,0.0286,0.711,0.0595,0,0,0,0,0,0,0.0341,21.111111111,25.555555556
1,0.635,0.0192,0.711,0.0502,0,0,0,0,0,0,0.102,21.111111111,25.555555556
1,0.616,0.017,0.633,0.0502,0,0,0,0,0,0,0.0341,21.111111111,25.555555556
1,0.565,0.0162,0.421,0.0502,0,0,0,0,0,0,0,21.111111111,25.555555556
1,0.623,0.032,0.643,0.117,0,0,0,0,0,0,0.394,21.111111111,25.555555556
1,0.694,0.062,0.633,0.272,0,0,0,0,0,0,0.561,21.111111111,25.555555556
1,0.808,0.112,0.421,0.463,0,0,0,0,0,0.0167,0.291,21.111111111,26.666666667
0.617,0.723,0.0889,0.421,0.319,0,0,0,0,0,0.5,0.227,21.111111111,26.666666667
0.5,0.693,0.0869,0.421,0.272,0,0,0,0,0,0,0.247,21.111111111,26.666666667
0.117,0.595,0.0343,0.421,0.101,0,0,0,0,0,0,0.0341,21.111111111,26.666666667
0,0.565,0.0162,0.421,0.0502,0,0,0,0,0,0,0,21.111111111,26.666666667
0,0.565,0.0162,0.421,0.0502,0,0,0,0,0,0,0,21.111111111,26.666666667
0,0.565,0.0162,0.421,0.0502,0,0,0,0,0,0,0,21.111111111,26.666666667
0.133,0.604,0.0498,0.421,0.104,0,0,0,0,0,0,0.0683,21.111111111,26.666666667
0.5,0.721,0.151,0.421,0.256,0,0,0,0,0,0,0,21.111111111,25.555555556
0.242,0.65,0.0931,0.421,0.155,0,0,0,0,0,0,0,21.111111111,25.555555556
0,0.565,0.0162,0.421,0.0502,0,0,0,0,0,0,0,21.111111111,25.555555556
0,0.565,0.0162,0.421,0.0502,0,0,0,0,0,0,0,21.111111111,25.555555556
0.267,0.669,0.244,0.575,0.302,0,0,0,0,0,0,0,21.111111111,25.555555556
1,0.879,0.823,0.923,0.874,0,0,0,0,0,0,0.177,21.111111111,25.555555556
1,0.702,0.413,0.711,0.419,0,0,0,0,0,0,0,21.111111111,25.555555556
1,0.664,0.239,0.706,0.25,0,0,0,0,0,0,0.0719,21.111111111,25.555555556
1,0.565,0.0162,0.421,0.0502,0,0,0,0,0,0,0,21.111111111,25.555555556
1,0.565,0.0162,0.421,0.0502,0,0,0,0,0,0,0,21.111111111,25.555555556
1,0.565,0.0162,0.421,0.0502,0,0,0,0,0,0,0,21.111111111,25.555555556
0.742,0.582,0.0171,0.493,0.0502,0,0,0,0,0,0,0.288,21.111111111,25.555555556
0.633,0.565,0.0162,0.421,0.0502,0,0,0,0,0,0,0.188,21.111111111,25.555555556
1,0.583,0.0204,0.498,0.064,0,0,0,0,0,0,0.0901,21.111111111,25.555555556
1,0.64,0.0356,0.711,0.129,0,0,0,0,0,0,0.261,21.111111111,25.555555556
1,0.694,0.062,0.633,0.272,0,0,0,0,0,0,0.383,21.111111111,25.555555556
0.867,0.773,0.0965,0.421,0.405,0,0,0,0,0,0,0.105,21.111111111,26.666666667
0.367,0.659,0.0575,0.421,0.209,0,0,0,0,0,0,0,21.111111111,26.666666667
0,0.565,0.0162,0.421,0.0502,0,0,0,0,0,0,0,21.111111111,26.666666667
0,0.565,0.0162,0.421,0.0502,0,0,0,0,0,0,0,21.111111111,26.666666667
0,0.565,0.0162,0.421,0.0502,0,0,0,0,0,0,0,21.111111111,26.666666667
0,0.565,0.0162,0.421,0.0502,0,0,0,0,0,0,0,21.111111111,26.666666667
0.133,0.599,0.046,0.421,0.103,0,0,0,0,0,0,0.0341,21.111111111,26.666666667
0.117,0.595,0.0422,0.421,0.0966,0,0,0,0,0,0,0,21.111111111,26.666666667
0,0.565,0.0162,0.421,0.0502,0,0,0,0,0,0,0,21.111111111,25.555555556
0.383,0.709,0.148,0.421,0.229,0,0,0,0,0,0,0.353,21.111111111,25.555555556
0.5,0.774,0.232,0.487,0.338,0,0,0,0,0,0,0.258,21.111111111,25.555555556
0.5,0.779,0.314,0.678,0.432,0,0,0,0,0,0,0.205,21.111111111,25.555555556
0.883,0.917,0.726,0.928,0.864,0.323,0.267,0,0,0,0,0.0341,21.111111111,25.555555556
1,0.741,0.479,0.711,0.518,0.662,0.267,0,0,0,0,0.0341,21.111111111,25.555555556
1,0.702,0.413,0.711,0.419,0.53,0,0,0,0,0,0.102,21.111111111,25.555555556
1,0.666,0.24,0.711,0.252,0,0,0,0,0,0,0,21.111111111,25.555555556
1,0.642,0.108,0.711,0.135,0,0,0,0,0,0,0,21.111111111,25.555555556
1,0.635,0.0501,0.711,0.0812,0,0,0,0,0,0,0.102,21.111111111,25.555555556
1,0.635,0.0286,0.711,0.0595,0,0,0,0,0,0,0,21.111111111,25.555555556
1,0.581,0.0171,0.489,0.0502,0,0,0,0,0,0,0,21.111111111,25.555555556
1,0.565,0.0162,0.421,0.0502,0,0,0,0,0,0,0,21.111111111,25.555555556
1,0.583,0.0204,0.498,0.064,0,0,0,0,0,0,0.244,21.111111111,25.555555556
1,0.699,0.0515,0.932,0.196,0,0,0,0,0,0,0.425,21.111111111,25.555555556
1,0.759,0.084,0.846,0.385,0,0,0,0,0,0,0.593,21.111111111,25.555555556
0.617,0.714,0.0743,0.421,0.304,0,0,0,0,0,0,0.0191,21.111111111,26.666666667
0.242,0.627,0.0434,0.421,0.155,0,0,0,0,0,0,0.352,21.111111111,26.666666667
0,0.565,0.0162,0.421,0.0502,0,0,0,0,0,0,0,21.111111111,26.666666667
0,0.565,0.0162,0.421,0.0502,0,0,0,0,0,0,0,21.111111111,26.666666667
0,0.565,0.0162,0.421,0.0502,0,0,0,0,0,0,0,21.111111111,26.666666667
0,0.565,0.0162,0.421,0.0502,0,0,0,0,0,0,0,21.111111111,26.666666667
0,0.565,0.0162,0.421,0.0502,0,0,0,0,0,0,0,21.111111111,26.666666667
0,0.565,0.0162,0.421,0.0502,0,0,0,0,0,0,0,21.111111111,26.666666667
0.00833,0.567,0.0189,0.421,0.0539,0,0,0,0,0,0,0,21.111111111,25.555555556
0.5,0.75,0.185,0.421,0.279,0,0,0,0,0,0,0.239,21.111111111,25.555555556
0.5,0.774,0.232,0.487,0.338,0,0,0,0,0,0,0.102,21.111111111,25.555555556
0.508,0.782,0.32,0.683,0.44,0,0,0,0,0,0.267,0.0341,21.111111111,25.555555556
1,0.968,0.822,1,0.978,0,0,0,0,0,0.25,0.0341,21.111111111,25.555555556
1,0.879,0.823,0.923,0.874,0,0,0,0,0,0,0.0341,21.111111111,25.555555556
1,0.702,0.413,0.711,0.419,0,0,0,0,0,0,0.239,21.111111111,25.555555556
1,0.59,0.0782,0.489,0.106,0,0,0,0,0,0,0,21.111111111,25.555555556
1,0.565,0.0162,0.421,0.0502,0,0,0,0,0,0,0,21.111111111,25.555555556
1,0.565,0.0162,0.421,0.0502,0,0,0,0,0,0,0,21.111111111,25.555555556
1,0.565,0.0162,0.421,0.0502,0,0,0,0,0,0,0,21.111111111,25.555555556
1,0.565,0.0162,0.421,0.0502,0,0,0,0,0,0,0,21.111111111,25.555555556
1,0.583,0.0179,0.498,0.051,0,0,0,0,0,0,0.172,21.111111111,25.555555556
0.617,0.581,0.0177,0.489,0.0509,0,0,0,0,0,0,0,21.111111111,25.555555556
0.5,0.565,0.0162,0.421,0.0502,0,0,0,0,0,0,0,21.111111111,25.555555556
0.5,0.619,0.0356,0.493,0.143,0,0,0,0,0,0.25,0.171,21.111111111,25.555555556
0.367,0.652,0.0489,0.421,0.199,0,0,0,0,0,0,0.0341,21.111111111,26.666666667
0,0.565,0.0162,0.421,0.0502,0,0,0,0,0,0,0,21.111111111,26.666666667
0,0.565,0.0162,0.421,0.0502,0,0,0,0,0,0,0,21.111111111,26.666666667
0.133,0.599,0.0393,0.421,0.106,0,0,0,0,0,0,0.102,21.111111111,26.666666667
0.117,0.595,0.0364,0.421,0.0986,0,0,0,0,0,0,0.0683,21.111111111,26.666666667
0,0.565,0.0162,0.421,0.0502,0,0,0,0,0,0,0,21.111111111,26.666666667
0,0.565,0.0162,0.421,0.0502,0,0,0,0,0,0,0,21.111111111,26.666666667
0,0.565,0.0162,0.421,0.0502,0,0,0,0,0,0,0,21.111111111,26.666666667
0,0.565,0.0162,0.421,0.0502,0,0,0,0,0,0,0,21.111111111,25.555555556
0,0.565,0.0162,0.421,0.0502,0,0,0,0,0,0,0,21.111111111,25.555555556
0.383,0.726,0.186,0.487,0.276,0,0,0,0,0,0.25,0.205,21.111111111,25.555555556
0.5,0.779,0.314,0.678,0.432,0,0,0,0,0,0,0.137,21.111111111,25.555555556
0.633,0.816,0.544,0.788,0.644,0.472,0.267,0,0,0,0.0167,0.0683,21.111111111,25.555555556
1,0.918,0.942,1,0.985,0.59,0.267,0,0,0,0.233,0,21.111111111,25.555555556
1,0.84,0.81,1,0.788,0.734,0,0,0,0,0,0.0341,21.111111111,25.555555556
1,0.746,0.435,0.923,0.427,0.255,0,0,0,0,0,0.0683,21.111111111,25.555555556
1,0.583,0.0419,0.489,0.0739,0,0,0,0,0,0,0,21.111111111,25.555555556
1,0.565,0.0162,0.421,0.0502,0,0,0,0,0,0,0,21.111111111,25.555555556
1,0.583,0.0172,0.498,0.0502,0,0,0,0,0,0,0.258,21.111111111,25.555555556
0.617,0.581,0.0171,0.489,0.0502,0,0,0,0,0,0,0,21.111111111,25.555555556
0.633,0.565,0.0162,0.421,0.0502,0,0,0,0,0,0,0,21.111111111,25.555555556
1,0.583,0.0204,0.498,0.064,0,0,0,0,0,0,0.252,21.111111111,25.555555556
0.617,0.581,0.0198,0.489,0.0623,0,0,0,0,0,0,0,21.111111111,25.555555556
0.5,0.619,0.0356,0.493,0.143,0,0,0,0,0,0,0.307,21.111111111,25.555555556
0.5,0.686,0.0639,0.421,0.257,0,0,0,0,0,0,0.261,21.111111111,26.666666667
0.5,0.693,0.0757,0.421,0.269,0,0,0,0,0,0,0.288,21.111111111,26.666666667
0.5,0.693,0.0869,0.421,0.272,0,0,0,0,0,0.25,0.138,21.111111111,26.666666667
0.5,0.693,0.0961,0.421,0.265,0,0,0,0,0,0,0.329,21.111111111,26.666666667
0.75,0.758,0.149,0.421,0.358,0.0886,0.0167,0,0,0,0,0.128,21.111111111,26.666666667
0.367,0.659,0.0836,0.421,0.197,0.687,0.783,0,0,0,0,0.0341,21.111111111,26.666666667
0,0.565,0.0162,0.421,0.0502,0,0,0,0,0,0,0,21.111111111,26.666666667
0.258,0.636,0.0777,0.421,0.154,0,0,0,0,0,0,0.0341,21.111111111,26.666666667
0.5,0.721,0.151,0.421,0.256,0,0,0,0,0,0,0.102,21.111111111,25.555555556
0.5,0.75,0.185,0.421,0.279,0,0,0,0,0,0.0167,0,21.111111111,25.555555556
0.5,0.774,0.232,0.487,0.338,0,0,0,0,0,1,0.0683,21.111111111,25.555555556
0.5,0.779,0.314,0.678,0.432,0,0,0,0,0,1,0.137,21.111111111,25.555555556
0.75,0.87,0.609,0.855,0.742,0,0,0,0,0,1,0.108,21.111111111,25.555555556
0.758,0.828,0.715,0.86,0.75,0,0,0,0,0,1,0,21.111111111,25.555555556
1,0.84,0.81,1,0.788,0,0,0,0,0,1,0,21.111111111,25.555555556
1,0.691,0.302,0.778,0.308,0,0,0,0,0,0.167,0,21.111111111,25.555555556
1,0.623,0.0977,0.633,0.125,0,0,0,0,0,0,0,21.111111111,25.555555556
1,0.565,0.0185,0.421,0.0502,0,0,0,0,0,0,0,21.111111111,25.555555556
1,0.565,0.0185,0.421,0.0502,0,0,0,0,0,0,0,21.111111111,25.555555556
1,0.565,0.0185,0.421,0.0502,0,0,0,0,0,0,0,21.111111111,25.555555556
1,0.565,0.0185,0.421,0.0502,0,0,0,0,0,0,0,21.111111111,25.555555556
1,0.565,0.0185,0.421,0.0502,0,0,0,0,0,0,0,21.111111111,25.555555556
1,0.565,0.0185,0.421,0.0502,0,0,0,0,0,0,0,21.111111111,25.555555556
1,0.656,0.0548,0.421,0.206,0,0,0,0,0,0.133,0.171,21.111111111,25.555555556
0.558,0.704,0.0947,0.421,0.285,0,0,0,0,0,1,0.0683,21.111111111,25.555555556
0.5,0.693,0.122,0.421,0.271,0,0,0,0,0,0.933,0,21.111111111,25.555555556
0.5,0.693,0.148,0.421,0.27,0,0,0,0,0,0,0,21.111111111,25.555555556
0.5,0.693,0.166,0.421,0.261,0,0,0,0,0,0,0.137,21.111111111,25.555555556
0.625,0.725,0.22,0.421,0.304,0,0,0,0,0,0,0.0341,21.111111111,25.555555556
0.567,0.71,0.229,0.421,0.276,0,0,0,0,0,0,0.102,21.111111111,25.555555556
1,0.822,0.447,0.421,0.448,0,0,0,0,0,0,0.489,21.111111111,25.555555556
1,0.847,0.498,0.421,0.452,0,0,0,0,0,0,0.154,21.111111111,25.555555556
0.558,0.749,0.304,0.421,0.285,0,0,0,0,0,0,0.0341,21.111111111,25.555555556
0.5,0.761,0.286,0.421,0.296,0,0,0,0,0,0,0,21.111111111,25.555555556
0.5,0.778,0.321,0.577,0.372,0,0,0,0,0,0,0.0683,21.111111111,25.555555556
0.942,0.96,0.755,0.939,0.847,0,0,0,0,0,0.517,0.102,21.111111111,25.555555556
1,0.954,0.965,1,1,0,0,0,0,0,0,0,21.111111111,25.555555556
1,0.89,0.971,1,0.934,0.811,0.883,0,0,0,0,0,21.111111111,25.555555556
1,0.811,0.722,1,0.657,0.669,0.183,0,0,0,0,0.137,21.111111111,25.555555556
1,0.695,0.31,0.817,0.289,0,0,0,0,0,0,0.159,21.111111111,25.555555556
1,0.594,0.0648,0.527,0.0874,0,0,0,0,0,0,0,21.111111111,25.555555556
1,0.565,0.0185,0.421,0.0502,0,0,0,0,0,0,0,21.111111111,25.555555556
1,0.565,0.0185,0.421,0.0502,0,0,0,0,0,0,0,21.111111111,25.555555556
1,0.565,0.0185,0.421,0.0502,0,0,0,0,0,0,0,21.111111111,25.555555556
1,0.565,0.0185,0.421,0.0502,0,0,0,0,0,0,0,21.111111111,25.555555556
1,0.565,0.0185,0.421,0.0502,0,0,0,0,0,0,0,21.111111111,25.555555556
1,0.565,0.0185,0.421,0.0502,0,0,0,0,0,0,0,21.111111111,25.555555556
1,0.64,0.0485,0.421,0.179,0,0,0,0,0,0,0,21.111111111,25.555555556
1,0.69,0.0892,0.421,0.262,0,0,0.401,0.492,0.15,0,0,21.111111111,25.555555556
1,0.693,0.122,0.421,0.271,0,0,0,0,0.933,0,0.171,21.111111111,25.555555556
1,0.71,0.166,0.421,0.298,0,0,0,0,0,0,0.102,21.111111111,25.555555556
1,0.822,0.313,0.421,0.472,0,0,0,0,0,0,0.0683,21.111111111,25.555555556
1,0.822,0.339,0.421,0.457,0,0,0,0,0,0.25,0.0341,21.111111111,25.555555556
1,0.822,0.387,0.421,0.449,0,0,0,0,0,0,0,21.111111111,25.555555556
1,0.822,0.447,0.421,0.448,0,0,0,0,0,0,0,21.111111111,25.555555556
1,0.847,0.498,0.421,0.452,0.33,0.383,0,0,0,0,0.137,21.111111111,25.555555556
1,0.898,0.532,0.421,0.473,0.682,0.967,0,0,0,0,0.273,21.111111111,25.555555556
1,0.957,0.554,0.421,0.542,0,0,0,0,0,0.25,0.171,21.111111111,25.555555556
1,0.991,0.624,0.732,0.693,0,0,0,0,0,0,0.0683,21.111111111,25.555555556
1,0.986,0.792,0.968,0.888,0,0,0,0,0,0,0,21.111111111,25.555555556
1,0.954,0.965,1,1,0,0,0,0,0,0,0,21.111111111,25.555555556
0.808,0.833,0.794,0.889,0.774,0,0,0,0,0,0,0,21.111111111,25.555555556
0.5,0.688,0.37,0.711,0.354,0,0,0,0,0,0,0,21.111111111,25.555555556
0.5,0.605,0.124,0.527,0.138,0,0,0,0,0,0,0,21.111111111,25.555555556
0.683,0.565,0.0179,0.421,0.0502,0,0,0,0,0,0,0,21.111111111,25.555555556
0.5,0.565,0.0162,0.421,0.0502,0,0,0,0,0,0,0,21.111111111,25.555555556
0.633,0.583,0.0172,0.498,0.0502,0,0,0,0,0,0,0.0683,21.111111111,25.555555556
1,0.581,0.0171,0.489,0.0502,0,0,0,0,0,0,0.0341,21.111111111,25.555555556
1,0.565,0.0162,0.421,0.0502,0,0,0,0,0,0,0,21.111111111,25.555555556
0.867,0.565,0.0162,0.421,0.0502,0,0,0,0,0,0,0,21.111111111,25.555555556
0.5,0.565,0.0162,0.421,0.0502,0,0,0,0,0,0,0,21.111111111,25.555555556
0.5,0.596,0.0281,0.421,0.104,0,0,0,0,0,0,0.257,21.111111111,25.555555556
0.625,0.716,0.075,0.421,0.307,0.103,0.0167,0,0,0,0,0.337,21.111111111,26.666666667
0.5,0.693,0.0757,0.421,0.269,0.626,0.517,0,0,0,0,0.239,21.111111111,26.666666667
0.5,0.693,0.0869,0.421,0.272,0.582,0,0,0,0,0,0.137,21.111111111,26.666666667
0.242,0.627,0.0536,0.421,0.155,0.375,0,0,0,0,0,0,21.111111111,26.666666667
0,0.565,0.0162,0.421,0.0502,0,0,0,0,0,0,0,21.111111111,26.666666667
0,0.565,0.0162,0.421,0.0502,0,0,0,0,0,0,0,21.111111111,26.666666667
0,0.565,0.0162,0.421,0.0502,0,0,0,0,0,0,0,21.111111111,26.666666667
0,0.565,0.0162,0.421,0.0502,0,0,0,0,0,0,0,21.111111111,26.666666667
0,0.565,0.0162,0.421,0.0502,0,0,0,0,0,0,0,21.111111111,25.555555556
0,0.565,0.0162,0.421,0.0502,0,0,0,0,0,0,0,21.111111111,25.555555556
0.133,0.622,0.0877,0.487,0.145,0,0,0,0,0,0,0.0341,21.111111111,25.555555556
0.633,0.834,0.415,0.756,0.554,0,0,0,0,0,0,0.0683,21.111111111,25.555555556
1,0.968,0.822,1,0.978,0,0,0,0,0,0,0,21.111111111,25.555555556
1,0.879,0.823,0.923,0.874,0,0,0,0,0,0,0.26,21.111111111,25.555555556
1,0.702,0.413,0.711,0.419,0,0,0,0,0,0,0,21.111111111,25.555555556
1,0.666,0.24,0.711,0.252,0,0,0.347,0.729,0.05,0,0,21.111111111,25.555555556
1,0.642,0.108,0.711,0.135,0,0,0.446,0,1,0,0,21.111111111,25.555555556
1,0.635,0.0501,0.711,0.0812,0,0,0.654,0,0.3,0,0,21.111111111,25.555555556
1,0.635,0.0286,0.711,0.0595,0,0,0.267,0,0,0,0.0683,21.111111111,25.555555556
1,0.635,0.0192,0.711,0.0502,0,0,0.581,0,0,0,0.171,21.111111111,25.555555556
1,0.616,0.017,0.633,0.0502,0,0,0,0,0,0,0,21.111111111,25.555555556
1,0.583,0.0204,0.498,0.064,0,0,0,0,0,0.0167,0.0341,21.111111111,25.555555556
1,0.699,0.0515,0.932,0.196,0,0,0,0,0,0.233,0.181,21.111111111,25.555555556
0.617,0.683,0.0571,0.701,0.254,0,0,0,0,0,0,0.0683,21.111111111,25.555555556
0.5,0.686,0.0639,0.421,0.257,0,0,0,0,0,0,0.0683,21.111111111,26.666666667
0.367,0.659,0.0575,0.421,0.209,0,0,0,0,0,0,0.102,21.111111111,26.666666667
0,0.565,0.0162,0.421,0.0502,0,0,0,0,0,0,0,21.111111111,26.666666667
0,0.565,0.0162,0.421,0.0502,0,0,0,0,0,0,0,21.111111111,26.666666667
0,0.565,0.0162,0.421,0.0502,0,0,0,0,0,0,0,21.111111111,26.666666667
0,0.565,0.0162,0.421,0.0502,0,0,0,0,0,0,0,21.111111111,26.666666667
0.00833,0.565,0.0162,0.421,0.0502,0,0,0,0,0,0,0,21.111111111,26.666666667
0.5,0.565,0.0162,0.421,0.0502,0,0,0,0,0,0,0,21.111111111,26.666666667
0.242,0.565,0.0162,0.421,0.0502,0,0,0,0,0,0,0,21.111111111,25.555555556
0,0.565,0.0162,0.421,0.0502,0,0,0,0,0,0,0,21.111111111,25.555555556
0,0.565,0.0162,0.421,0.0502,0,0,0,0,0,0,0,21.111111111,25.555555556
0,0.565,0.0162,0.421,0.0502,0,0,0,0,0,0,0,21.111111111,25.555555556
0.642,0.82,0.551,0.793,0.651,0,0,0,0,0,0,0.318,21.111111111,25.555555556
1,0.918,0.942,1,0.985,0,0,0,0,0,0,0,21.111111111,25.555555556
1,0.811,0.739,0.923,0.724,0,0,0,0,0,0,0,21.111111111,25.555555556
1,0.666,0.24,0.711,0.252,0.261,0.267,0,0,0,0,0,21.111111111,25.555555556
1,0.602,0.0528,0.566,0.0839,0.339,0.8,0,0,0,0,0,21.111111111,25.555555556
1,0.635,0.0501,0.711,0.0812,0,0,0,0,0,0,0.102,21.111111111,25.555555556
1,0.635,0.0286,0.711,0.0595,0,0,0,0,0,0,0,21.111111111,25.555555556
1,0.598,0.018,0.561,0.0502,0,0,0,0,0,0,0,21.111111111,25.555555556
1,0.565,0.0162,0.421,0.0502,0,0,0,0,0,0,0,21.111111111,25.555555556
1,0.565,0.0162,0.421,0.0502,0,0,0,0,0,0,0,21.111111111,25.555555556
1,0.612,0.0322,0.575,0.133,0,0,0,0,0,0,0.293,21.111111111,25.555555556
0.617,0.683,0.0571,0.701,0.254,0,0,0,0,0,0,0.155,21.111111111,25.555555556
0.5,0.686,0.0639,0.421,0.257,0,0,0,0,0,0,0.205,21.111111111,26.666666667
0.5,0.693,0.0757,0.421,0.269,0,0,0,0,0,0,0.0683,21.111111111,26.666666667
0.5,0.693,0.0869,0.421,0.272,0,0,0,0,0,0,0.259,21.111111111,26.666666667
0.375,0.661,0.0767,0.421,0.21,0,0,0,0,0,0,0.185,21.111111111,26.666666667
0.5,0.693,0.104,0.421,0.256,0,0,0,0,0,0,0.161,21.111111111,26.666666667
0.117,0.595,0.0376,0.421,0.0971,0,0,0,0,0,0,0.202,21.111111111,26.666666667
0.375,0.661,0.0966,0.421,0.199,0,0,0,0,0,0,0,21.111111111,26.666666667
0,0.565,0.0162,0.421,0.0502,0,0,0,0,0,0,0,21.111111111,26.666666667
0,0.565,0.0162,0.421,0.0502,0,0,0,0,0,0,0,21.111111111,25.555555556
0,0.565,0.0162,0.421,0.0502,0,0,0,0,0,0,0,21.111111111,25.555555556
0,0.565,0.0162,0.421,0.0502,0,0,0,0,0,0,0,21.111111111,25.555555556
0.142,0.623,0.124,0.503,0.179,0,0,0,0,0,0.267,0.102,21.111111111,25.555555556
1,0.968,0.822,1,0.978,0,0,0,0,0,1,0.171,21.111111111,25.555555556
1,0.916,0.935,0.995,0.978,0,0,0,0,0,1,0,21.111111111,25.555555556
1,0.702,0.413,0.711,0.419,0,0,0,0,0,1,0,21.111111111,25.555555556
1,0.617,0.145,0.561,0.165,0,0,0,0,0,0.35,0,21.111111111,25.555555556
1,0.565,0.0162,0.421,0.0502,0,0,0,0,0,0,0,21.111111111,25.555555556
1,0.565,0.0162,0.421,0.0502,0,0,0,0,0,0,0,21.111111111,25.555555556
1,0.565,0.0162,0.421,0.0502,0,0,0,0,0,0,0,21.111111111,25.555555556
1,0.565,0.0162,0.421,0.0502,0,0,0,0,0,0,0,21.111111111,25.555555556
1,0.565,0.0162,0.421,0.0502,0,0,0,0,0,0,0,21.111111111,25.555555556
1,0.565,0.0162,0.421,0.0502,0,0,0,0,0,0,0,21.111111111,25.555555556
1,0.665,0.0448,0.768,0.183,0,0,0,0,0,0.25,0.287,21.111111111,25.555555556
1,0.77,0.0858,0.797,0.39,0,0,0,0,0,0,0.158,21.111111111,25.555555556
1,0.815,0.113,0.421,0.46,0,0,0.213,0.508,0.35,0,0.158,21.111111111,26.666666667
1,0.828,0.136,0.421,0.481,0,0,0.535,0,0.967,0,0.265,21.111111111,26.666666667
0.575,0.716,0.0972,0.421,0.3,0,0,0.428,0,0,0,0.283,21.111111111,26.666666667
0.5,0.696,0.0962,0.421,0.259,0,0,0.674,0,0,0,0.0683,21.111111111,26.666666667
0.5,0.696,0.104,0.421,0.251,0,0,0.569,0,0,0,0.0341,21.111111111,26.666666667
0.5,0.696,0.112,0.421,0.246,0,0,0.515,0,0,0,0,21.111111111,26.666666667
0.375,0.663,0.0967,0.421,0.196,0,0,0,0,0,0,0.0341,21.111111111,26.666666667
0.5,0.703,0.132,0.421,0.245,0,0,0,0,0,0.25,0.0341,21.111111111,26.666666667
0.5,0.726,0.153,0.421,0.251,0,0,0,0,0,0,0.0683,21.111111111,25.555555556
0.5,0.756,0.187,0.421,0.271,0,0,0,0,0,0,0.171,21.111111111,25.555555556
0.8,0.908,0.379,0.593,0.494,0,0,0,0,0,0.35,0,21.111111111,25.555555556
0.95,0.977,0.588,0.914,0.718,0,0,0,0,0,0.417,0.197,21.111111111,25.555555556
0.8,0.868,0.634,0.855,0.711,0,0,0,0,0,0,0.169,21.111111111,25.555555556
0.875,0.694,0.357,0.638,0.392,0,0,0,0,0,0,0,21.111111111,25.555555556
1,0.702,0.395,0.711,0.422,0,0,0,0,0,0,0,21.111111111,25.555555556
1,0.637,0.188,0.609,0.215,0,0,0,0,0,0,0,21.111111111,25.555555556
1,0.565,0.0162,0.421,0.0502,0,0,0,0,0,0,0,21.111111111,25.555555556
1,0.565,0.0162,0.421,0.0502,0,0,0,0,0,0,0,21.111111111,25.555555556
1,0.565,0.0162,0.421,0.0502,0,0,0,0,0,0,0,21.111111111,25.555555556
1,0.565,0.0162,0.421,0.0502,0,0,0,0,0,0,0,21.111111111,25.555555556
1,0.565,0.0162,0.421,0.0502,0,0,0,0,0,0,0,21.111111111,25.555555556
1,0.608,0.0232,0.595,0.0687,0,0,0,0,0,0,0.22,21.111111111,25.555555556
1,0.644,0.0366,0.711,0.137,0,0,0,0,0,0,0.456,21.111111111,25.555555556
1,0.756,0.0814,0.754,0.367,0,0,0,0,0,0,0.544,21.111111111,25.555555556
0.7,0.739,0.0821,0.421,0.335,0,0,0,0,0,0,0.216,21.111111111,26.666666667
0.075,0.584,0.0246,0.421,0.0823,0,0,0,0,0,0,0,21.111111111,26.666666667
0,0.565,0.0162,0.421,0.0502,0,0,0,0,0,0,0,21.111111111,26.666666667
0,0.565,0.0162,0.421,0.0502,0,0,0,0,0,0,0,21.111111111,26.666666667
0,0.565,0.0162,0.421,0.0502,0,0,0,0,0,0,0,21.111111111,26.666666667
0,0.565,0.0162,0.421,0.0502,0,0,0,0,0,0,0,21.111111111,26.666666667
0,0.565,0.0162,0.421,0.0502,0,0,0,0,0,0,0,21.111111111,26.666666667
0,0.565,0.0162,0.421,0.0502,0,0,0,0,0,0,0,21.111111111,26.666666667
0,0.565,0.0162,0.421,0.0502,0,0,0,0,0,0,0,21.111111111,25.555555556
0.05,0.586,0.0358,0.421,0.0746,0,0,0,0,0,0,0.0341,21.111111111,25.555555556
0.5,0.778,0.237,0.507,0.321,0,0,0,0,0,0,0.239,21.111111111,25.555555556
0.5,0.781,0.321,0.682,0.405,0,0,0,0,0,0,0.205,21.111111111,25.555555556
0.8,0.888,0.681,0.884,0.758,0.595,0.25,0,0,0,0.25,0.0341,21.111111111,25.555555556
1,0.919,0.931,1,0.969,0,0,0,0,0,0,0,21.111111111,25.555555556
1,0.8,0.682,0.899,0.705,0,0,0,0,0,0,0.137,21.111111111,25.555555556
1,0.666,0.226,0.711,0.25,0,0,0,0,0,0,0,21.111111111,25.555555556
1,0.618,0.088,0.609,0.116,0,0,0,0,0,0,0,21.111111111,25.555555556
1,0.565,0.0185,0.421,0.0502,0,0,0,0,0,0,0,21.111111111,25.555555556
1,0.565,0.0185,0.421,0.0502,0,0,0,0,0,0,0,21.111111111,25.555555556
1,0.565,0.0185,0.421,0.0502,0,0,0,0,0,0,0,21.111111111,25.555555556
1,0.584,0.0199,0.498,0.051,0,0,0,0,0,0,0.102,21.111111111,25.555555556
1,0.637,0.0247,0.711,0.0657,0,0,0,0,0,0.767,0.171,21.111111111,25.555555556
1,0.642,0.031,0.711,0.128,0,0,0,0,0,1,0.0805,21.111111111,25.555555556
1,0.665,0.0472,0.633,0.216,0,0,0,0,0,1,0.464,21.111111111,25.555555556
1,0.689,0.0752,0.421,0.254,0,0,0,0,0,1,0.0341,21.111111111,25.555555556
1,0.731,0.14,0.421,0.324,0,0,0,0,0,0.85,0.0683,21.111111111,25.555555556
1,0.828,0.258,0.421,0.485,0,0,0,0,0,0,0.126,21.111111111,25.555555556
1,0.828,0.3,0.421,0.47,0,0,0,0,0,0,0.414,21.111111111,25.555555556
1,0.828,0.328,0.421,0.453,0,0,0,0,0,0,0.09,21.111111111,25.555555556
1,0.828,0.362,0.421,0.442,0,0,0,0,0,0,0.331,21.111111111,25.555555556
1,0.828,0.423,0.421,0.439,0,0,0,0,0,0,0.486,21.111111111,25.555555556
1,0.838,0.478,0.421,0.44,0,0,0,0,0,0,0.102,21.111111111,25.555555556
0.875,0.845,0.457,0.421,0.4,0,0,0,0,0,0.267,0.0683,21.111111111,25.555555556
1,0.942,0.543,0.421,0.485,0,0,0,0,0,1,0,21.111111111,25.555555556
1,0.991,0.583,0.552,0.579,0,0,0,0,0,0.267,0.0795,21.111111111,25.555555556
1,1,0.711,0.936,0.744,0,0,0,0,0,0,0.0974,21.111111111,25.555555556
1,0.975,0.903,1,0.916,0,0,0,0,0,0.267,0,21.111111111,25.555555556
1,0.925,0.993,1,0.975,0,0,0,0,0,1,0.0683,21.111111111,25.555555556
1,0.741,0.538,0.778,0.539,0,0,0,0,0,1,0,21.111111111,25.555555556
1,0.669,0.262,0.711,0.263,0,0,0,0,0,1,0,21.111111111,25.555555556
1,0.584,0.0478,0.489,0.0739,0,0,0,0,0,0.0667,0,21.111111111,25.555555556
1,0.565,0.0185,0.421,0.0502,0,0,0,0,0,0,0,21.111111111,25.555555556
1,0.565,0.0185,0.421,0.0502,0,0,0,0,0,0,0,21.111111111,25.555555556
1,0.565,0.0185,0.421,0.0502,0,0,0,0,0,0,0,21.111111111,25.555555556
1,0.565,0.0185,0.421,0.0502,0,0,0,0,0,0,0,21.111111111,25.555555556
1,0.565,0.0185,0.421,0.0502,0,0,0,0,0,0,0,21.111111111,25.555555556
1,0.565,0.0185,0.421,0.0502,0,0,0,0,0,0,0,21.111111111,25.555555556
0.867,0.565,0.0185,0.421,0.0502,0,0,0,0,0,0,0,21.111111111,25.555555556
0.5,0.565,0.0185,0.421,0.0502,0,0,0,0,0,0,0,21.111111111,25.555555556
0.758,0.633,0.0697,0.421,0.162,0,0,0,0,0,0.25,0.0683,21.111111111,25.555555556
0.867,0.762,0.195,0.421,0.377,0,0,0,0,0,0,0.0683,21.111111111,25.555555556
0.5,0.696,0.159,0.421,0.26,0,0,0,0,0,0,0.102,21.111111111,25.555555556
0.5,0.696,0.173,0.421,0.251,0,0,0,0,0,0,0.0341,21.111111111,25.555555556
0.5,0.696,0.19,0.421,0.246,0,0,0,0,0,0,0.307,21.111111111,25.555555556
0.5,0.696,0.221,0.421,0.245,0,0,0,0,0,0,0,21.111111111,25.555555556
0.883,0.808,0.426,0.421,0.395,0,0,0,0,0,0,0.418,21.111111111,25.555555556
1,0.883,0.519,0.421,0.45,0,0,0,0,0,0,0.0341,21.111111111,25.555555556
1,0.942,0.543,0.421,0.485,0,0,0,0,0,0.25,0.102,21.111111111,25.555555556
1,0.991,0.583,0.552,0.579,0,0,0,0,0,0,0.0341,21.111111111,25.555555556
1,1,0.711,0.936,0.744,0.278,0.25,0,0,0,0,0,21.111111111,25.555555556
1,0.975,0.903,1,0.916,0.55,0,0,0,0,0,0,21.111111111,25.555555556
1,0.925,0.993,1,0.975,0,0,0,0,0,0,0.102,21.111111111,25.555555556
1,0.844,0.839,0.995,0.82,0,0,0,0,0,0,0.312,21.111111111,25.555555556
1,0.669,0.262,0.711,0.263,0,0,0,0,0,0,0,21.111111111,25.555555556
1,0.644,0.121,0.711,0.135,0,0,0,0,0,0,0,21.111111111,25.555555556
1,0.575,0.0222,0.464,0.0559,0,0,0,0,0,0,0,21.111111111,25.555555556
1,0.565,0.0162,0.421,0.0502,0,0,0,0,0,0,0,21.111111111,25.555555556
1,0.565,0.0162,0.421,0.0502,0,0,0,0,0,0,0,21.111111111,25.555555556
1,0.565,0.0162,0.421,0.0502,0,0,0,0,0,0,0,21.111111111,25.555555556
1,0.565,0.0162,0.421,0.0502,0,0,0,0,0,0,0,21.111111111,25.555555556
1,0.565,0.0162,0.421,0.0502,0,0,0,0,0,0,0,21.111111111,25.555555556
1,0.653,0.0466,0.566,0.197,0,0,0,0,0,0,0.421,21.111111111,25.555555556
1,0.69,0.0645,0.421,0.255,0,0,0,0,0,0,0.206,21.111111111,26.666666667
1,0.742,0.0999,0.421,0.342,0,0,0,0,0,0,0.239,21.111111111,26.666666667
1,0.828,0.158,0.421,0.483,0,0,0,0,0,0,0.264,21.111111111,26.666666667
1,0.828,0.176,0.421,0.468,0,0,0,0,0,0,0.813,21.111111111,26.666666667
0.7,0.749,0.138,0.421,0.332,0,0,0,0,0,0,0.431,21.111111111,26.666666667
0.5,0.696,0.112,0.421,0.246,0,0,0,0,0,0,0.467,21.111111111,26.666666667
0.5,0.696,0.123,0.421,0.245,0,0,0,0,0,0,0.273,21.111111111,26.666666667
0.55,0.718,0.145,0.421,0.265,0,0,0,0,0,0,0.102,21.111111111,26.666666667
1,0.888,0.289,0.421,0.451,0,0,0,0,0,0,0.152,21.111111111,25.555555556
1,0.947,0.358,0.421,0.491,0,0,0,0,0,0.25,0.0683,21.111111111,25.555555556
0.95,0.97,0.43,0.568,0.56,0,0,0,0,0,0,0,21.111111111,25.555555556
0.8,0.91,0.519,0.845,0.632,0,0,0,0,0,0,0.139,21.111111111,25.555555556
1,0.972,0.831,1,0.925,0,0,0,0,0,0,0,21.111111111,25.555555556
1,0.903,0.887,0.971,0.926,0,0,0,0,0,0,0.207,21.111111111,25.555555556
1,0.663,0.303,0.609,0.333,0,0,0,0,0,0,0.106,21.111111111,25.555555556
1,0.565,0.0162,0.421,0.0502,0,0,0,0,0,0,0,21.111111111,25.555555556
1,0.571,0.0196,0.445,0.0534,0,0,0,0,0,0,0,21.111111111,25.555555556
1,0.565,0.0162,0.421,0.0502,0,0,0,0,0,0,0,21.111111111,25.555555556
1,0.565,0.0162,0.421,0.0502,0,0,0,0,0,0,0,21.111111111,25.555555556
1,0.565,0.0162,0.421,0.0502,0,0,0,0,0,0,0,21.111111111,25.555555556
0.825,0.565,0.0162,0.421,0.0502,0,0,0,0,0,0,0,21.111111111,25.555555556
0.5,0.565,0.0162,0.421,0.0502,0,0,0,0,0,0,0,21.111111111,25.555555556
0.5,0.565,0.0162,0.421,0.0502,0,0,0,0,0,0,0,21.111111111,25.555555556
0.5,0.565,0.0162,0.421,0.0502,0,0,0,0,0,0,0,21.111111111,25.555555556
0.5,0.565,0.0162,0.421,0.0502,0,0,0,0,0,0,0,21.111111111,26.666666667
0.5,0.644,0.0539,0.421,0.18,0,0,0,0,0,0,0.292,21.111111111,26.666666667
0.5,0.696,0.0871,0.421,0.267,0,0,0,0,0,0,0.337,21.111111111,26.666666667
0.5,0.696,0.0962,0.421,0.259,0,0,0,0,0,0,0.187,21.111111111,26.666666667
0.5,0.696,0.104,0.421,0.251,0,0,0,0,0,0,0.227,21.111111111,26.666666667
0.325,0.65,0.0755,0.421,0.178,0,0,0,0,0,0,0.269,21.111111111,26.666666667
0,0.565,0.0162,0.421,0.0502,0,0,0,0,0,0,0,21.111111111,26.666666667
0,0.565,0.0162,0.421,0.0502,0,0,0,0,0,0,0,21.111111111,26.666666667
0.05,0.583,0.032,0.421,0.071,0,0,0,0,0,0,0.248,21.111111111,25.555555556
0.625,0.801,0.227,0.421,0.323,0.731,0.517,0,0,0,0,0.282,21.111111111,25.555555556
0.925,0.961,0.428,0.593,0.555,0.125,0,0,0,0,0,0.209,21.111111111,25.555555556
1,0.998,0.626,0.943,0.76,0,0,0,0,0,0,0.269,21.111111111,25.555555556
1,0.972,0.831,1,0.925,0.485,0.517,0,0,0,0.25,0.137,21.111111111,25.555555556
1,0.919,0.931,1,0.969,0.679,0,0,0,0,0,0,21.111111111,25.555555556
1,0.725,0.462,0.754,0.487,0,0,0,0,0,0,0,21.111111111,25.555555556
1,0.666,0.226,0.711,0.25,0,0,0,0,0,0,0,21.111111111,25.555555556
1,0.637,0.0981,0.686,0.126,0,0,0,0,0,0,0.0341,21.111111111,25.555555556
1,0.63,0.0462,0.682,0.0779,0,0,0,0,0,0,0.102,21.111111111,25.555555556
1,0.565,0.0162,0.421,0.0502,0,0,0,0,0,0,0,21.111111111,25.555555556
1,0.565,0.0162,0.421,0.0502,0,0,0,0,0,0,0,21.111111111,25.555555556
1,0.565,0.0162,0.421,0.0502,0,0,0,0,0,0,0,21.111111111,25.555555556
1,0.565,0.0162,0.421,0.0502,0,0,0,0,0,0,0,21.111111111,25.555555556
1,0.574,0.0192,0.45,0.0656,0,0,0,0,0,0,0.0683,21.111111111,25.555555556
0.95,0.698,0.0621,0.609,0.27,0,0,0,0,0,0,0.339,21.111111111,25.555555556
0.325,0.644,0.0449,0.421,0.181,0,0,0,0,0,0,0.239,21.111111111,26.666666667
0,0.565,0.0162,0.421,0.0502,0,0,0,0,0,0,0,21.111111111,26.666666667
0,0.565,0.0162,0.421,0.0502,0,0,0,0,0,0,0,21.111111111,26.666666667
0,0.565,0.0162,0.421,0.0502,0,0,0,0,0,0,0,21.111111111,26.666666667
0,0.565,0.0162,0.421,0.0502,0,0,0,0,0,0,0,21.111111111,26.666666667
0,0.565,0.0162,0.421,0.0502,0,0,0,0,0,0,0,21.111111111,26.666666667
0,0.565,0.0162,0.421,0.0502,0,0,0,0,0,0,0,21.111111111,26.666666667
0,0.565,0.0162,0.421,0.0502,0,0,0,0,0,0,0,21.111111111,26.666666667
0,0.565,0.0162,0.421,0.0502,0,0,0,0,0,0,0,21.111111111,25.555555556
0.05,0.565,0.0162,0.421,0.0502,0,0,0,0,0,0,0,21.111111111,25.555555556
0.5,0.587,0.0428,0.446,0.0823,0,0,0,0,0,0.1,0.0341,21.111111111,25.555555556
0.5,0.781,0.321,0.682,0.405,0,0,0,0,0,0.667,0.273,21.111111111,25.555555556
0.5,0.768,0.424,0.711,0.488,0,0,0,0,0,0,0.137,21.111111111,25.555555556
0.925,0.89,0.861,0.957,0.898,0,0,0,0,0,0,0,21.111111111,25.555555556
1,0.828,0.748,0.971,0.768,0,0,0,0,0,0,0.0683,21.111111111,25.555555556
1,0.637,0.188,0.609,0.215,0,0,0,0,0,0,0,21.111111111,25.555555556
1,0.571,0.0196,0.445,0.0534,0,0,0,0,0,0,0,21.111111111,25.555555556
1,0.565,0.0162,0.421,0.0502,0,0,0,0,0,0,0,21.111111111,25.555555556
1,0.565,0.0162,0.421,0.0502,0,0,0,0,0,0,0,21.111111111,25.555555556
1,0.565,0.0162,0.421,0.0502,0,0,0,0,0,0,0,21.111111111,25.555555556
1,0.565,0.0162,0.421,0.0502,0,0,0,0,0,0,0,21.111111111,25.555555556
1,0.565,0.0162,0.421,0.0502,0,0,0,0,0,0,0,21.111111111,25.555555556
1,0.597,0.0266,0.522,0.104,0,0,0,0,0,0,0.218,21.111111111,25.555555556
0.575,0.578,0.0207,0.464,0.0732,0,0,0,0,0,0,0,21.111111111,25.555555556
0.5,0.565,0.0162,0.421,0.0502,0,0,0,0,0,0,0,21.111111111,26.666666667
0.5,0.565,0.0162,0.421,0.0502,0,0,0,0,0,0,0,21.111111111,26.666666667
0.5,0.565,0.0162,0.421,0.0502,0,0,0,0,0,0,0,21.111111111,26.666666667
0.5,0.578,0.0248,0.421,0.0705,0,0,0,0,0,0,0.104,21.111111111,26.666666667
0.675,0.742,0.136,0.421,0.32,0,0,0,0,0,0.35,0.127,21.111111111,26.666666667
0.575,0.716,0.126,0.421,0.275,0,0,0,0,0,0.417,0.0341,21.111111111,26.666666667
0.55,0.709,0.134,0.421,0.264,0,0,0,0,0,0,0.316,21.111111111,26.666666667
0.825,0.789,0.204,0.421,0.372,0,0,0,0,0,0,0.142,21.111111111,26.666666667
0.5,0.726,0.153,0.421,0.251,0,0,0,0,0,0,0.34,21.111111111,25.555555556
0.5,0.756,0.187,0.421,0.271,0,0,0,0,0,0,0.126,21.111111111,25.555555556
0.5,0.778,0.237,0.507,0.321,0,0,0,0,0,0,0.171,21.111111111,25.555555556
0.8,0.91,0.519,0.845,0.632,0,0,0,0,0,0,0.102,21.111111111,25.555555556
1,0.972,0.831,1,0.925,0,0,0,0,0,0,0.0683,21.111111111,25.555555556
1,0.919,0.931,1,0.969,0,0,0,0,0,0,0.0683,21.111111111,25.555555556
1,0.84,0.775,1,0.793,0,0,0,0,0,0,0.192,21.111111111,25.555555556
1,0.654,0.227,0.653,0.253,0,0,0,0,0,0,0.271,21.111111111,25.555555556
1,0.565,0.0162,0.421,0.0502,0,0,0,0,0,0,0,21.111111111,25.555555556
1,0.565,0.0162,0.421,0.0502,0,0,0,0,0,0,0,21.111111111,25.555555556
1,0.565,0.0162,0.421,0.0502,0,0,0,0,0,0,0,21.111111111,25.555555556
1,0.565,0.0162,0.421,0.0502,0,0,0,0,0,0,0,21.111111111,25.555555556
0.825,0.583,0.0178,0.493,0.0509,0,0,0,0,0,0,0.0341,21.111111111,25.555555556
0.5,0.565,0.0162,0.421,0.0502,0,0,0,0,0,0,0,21.111111111,25.555555556
0.625,0.583,0.0201,0.493,0.0629,0,0,0,0,0,0,0.0683,21.111111111,25.555555556
0.5,0.565,0.0162,0.421,0.0502,0,0,0,0,0,0,0,21.111111111,25.555555556
0.5,0.565,0.0162,0.421,0.0502,0,0,0,0,0,0,0,21.111111111,26.666666667
0.075,0.565,0.0162,0.421,0.0502,0,0,0,0,0,0,0,21.111111111,26.666666667
0,0.565,0.0162,0.421,0.0502,0,0,0,0,0,0,0,21.111111111,26.666666667
0,0.565,0.0162,0.421,0.0502,0,0,0,0,0,0,0,21.111111111,26.666666667
0,0.565,0.0162,0.421,0.0502,0,0,0,0,0,0,0,21.111111111,26.666666667
0,0.565,0.0162,0.421,0.0502,0,0,0,0,0,0,0,21.111111111,26.666666667
0,0.565,0.0162,0.421,0.0502,0,0,0,0,0,0,0,21.111111111,26.666666667
0,0.565,0.0162,0.421,0.0502,0,0,0,0,0,0,0,21.111111111,26.666666667
0,0.565,0.0162,0.421,0.0502,0,0,0,0,0,0,0,21.111111111,25.555555556
0,0.565,0.0162,0.421,0.0502,0,0,0,0,0,0,0,21.111111111,25.555555556
0.175,0.642,0.109,0.507,0.162,0,0,0,0,0,0,0.0683,21.111111111,25.555555556
0.8,0.913,0.492,0.834,0.607,0,0,0,0,0,0,0.526,21.111111111,25.555555556
1,0.972,0.831,1,0.925,0,0,0,0,0,0,0.307,21.111111111,25.555555556
1,0.919,0.931,1,0.969,0,0,0,0,0,0,0.102,21.111111111,25.555555556
1,0.828,0.748,0.971,0.768,0,0,0,0,0,0,0.227,21.111111111,25.555555556
1,0.666,0.226,0.711,0.25,0,0,0,0,0,0,0.171,21.111111111,25.555555556
1,0.618,0.088,0.609,0.116,0,0,0,0,0,0,0.0683,21.111111111,25.555555556
1,0.565,0.0185,0.421,0.0502,0,0,0,0,0,0,0,21.111111111,25.555555556
1,0.565,0.0185,0.421,0.0502,0,0,0,0,0,0,0,21.111111111,25.555555556
1,0.565,0.0185,0.421,0.0502,0,0,0,0,0,0,0,21.111111111,25.555555556
1,0.565,0.0185,0.421,0.0502,0,0,0,0,0,0,0,21.111111111,25.555555556
1,0.565,0.0185,0.421,0.0502,0,0,0,0,0,0,0,21.111111111,25.555555556
1,0.565,0.0185,0.421,0.0502,0,0,0,0,0,0,0,21.111111111,25.555555556
1,0.565,0.0185,0.421,0.0502,0,0,0,0,0,0,0,21.111111111,25.555555556
1,0.565,0.0185,0.421,0.0502,0,0,0,0,0,0,0,21.111111111,25.555555556
1,0.565,0.0185,0.421,0.0502,0,0,0,0,0,0,0,21.111111111,25.555555556
1,0.665,0.112,0.421,0.216,0,0,0,0,0,0,0.452,21.111111111,25.555555556
0.617,0.595,0.0505,0.421,0.0998,0,0,0,0,0,0,0,21.111111111,25.555555556
0.5,0.6,0.062,0.421,0.103,0,0,0,0,0,0,0.0341,21.111111111,25.555555556
0.883,0.797,0.324,0.421,0.396,0,0,0,0,0,0.0167,0.0341,21.111111111,25.555555556
1,0.828,0.423,0.421,0.439,0,0,0,0,0,1,0.0341,21.111111111,25.555555556
1,0.838,0.478,0.421,0.44,0,0,0,0,0,0.517,0.137,21.111111111,25.555555556
1,0.883,0.519,0.421,0.45,0,0,0,0,0,0,0.0683,21.111111111,25.555555556
1,0.942,0.543,0.421,0.485,0,0,0,0,0,0,0.205,21.111111111,25.555555556
1,0.991,0.583,0.552,0.579,0,0,0,0,0,0,0.0341,21.111111111,25.555555556
1,1,0.711,0.936,0.744,0,0,0,0,0,0,0,21.111111111,25.555555556
1,0.975,0.903,1,0.916,0,0,0,0,0,0,0,21.111111111,25.555555556
1,0.925,0.993,1,0.975,0,0,0,0,0,0,0.0683,21.111111111,25.555555556
1,0.844,0.839,0.995,0.82,0,0,0,0,0,0,0.296,21.111111111,25.555555556
1,0.591,0.0853,0.489,0.109,0,0,0,0,0,0,0,21.111111111,25.555555556
1,0.565,0.0185,0.421,0.0502,0,0,0,0,0,0,0,21.111111111,25.555555556
1,0.565,0.0185,0.421,0.0502,0,0,0,0,0,0,0,21.111111111,25.555555556
1,0.565,0.0185,0.421,0.0502,0,0,0,0,0,0,0,21.111111111,25.555555556
1,0.565,0.0185,0.421,0.0502,0,0,0,0,0,0,0,21.111111111,25.555555556
1,0.565,0.0185,0.421,0.0502,0,0,0,0,0,0,0,21.111111111,25.555555556
1,0.565,0.0185,0.421,0.0502,0,0,0,0,0,0,0,21.111111111,25.555555556
1,0.565,0.0185,0.421,0.0502,0,0,0,0,0,0,0,21.111111111,25.555555556
1,0.597,0.031,0.421,0.104,0,0,0,0,0,0,0.0341,21.111111111,25.555555556
1,0.689,0.0752,0.421,0.254,0,0,0,0,0,0,0.0683,21.111111111,25.555555556
1,0.731,0.14,0.421,0.324,0.274,0.267,0,0,0,0,0.0341,21.111111111,25.555555556
1,0.828,0.258,0.421,0.485,0.582,0.783,0,0,0,0,0.239,21.111111111,25.555555556
1,0.828,0.3,0.421,0.47,0.384,0,0,0,0,0,0.239,21.111111111,25.555555556
1,0.76,0.246,0.421,0.35,0,0,0,0,0,0,0,21.111111111,25.555555556
1,0.696,0.19,0.421,0.246,0,0,0,0,0,0,0.0341,21.111111111,25.555555556
0.742,0.628,0.113,0.421,0.144,0,0,0,0,0,0,0,21.111111111,25.555555556
0.5,0.565,0.0185,0.421,0.0502,0,0,0,0,0,0,0,21.111111111,25.555555556
0.5,0.565,0.0185,0.421,0.0502,0,0,0,0,0,0,0,21.111111111,25.555555556
0.5,0.621,0.0903,0.421,0.115,0,0,0,0,0,0,0.0341,21.111111111,25.555555556
0.633,0.836,0.386,0.552,0.4,0,0,0,0,0,0,0.183,21.111111111,25.555555556
1,1,0.711,0.936,0.744,0,0,0,0,0,0,0.214,21.111111111,25.555555556
1,0.975,0.903,1,0.916,0,0,0,0,0,0,0.102,21.111111111,25.555555556
1,0.925,0.993,1,0.975,0,0,0,0,0,0,0.0341,21.111111111,25.555555556
1,0.816,0.767,0.923,0.756,0,0,0,0,0,0,0,21.111111111,25.555555556
1,0.669,0.262,0.711,0.263,0,0,0,0,0,0,0.0341,21.111111111,25.555555556
1,0.644,0.121,0.711,0.135,0,0,0,0,0,0,0,21.111111111,25.555555556
1,0.637,0.0478,0.711,0.0791,0,0,0,0,0,0,0,21.111111111,25.555555556
1,0.637,0.0275,0.711,0.0584,0,0,0,0,0,0,0,21.111111111,25.555555556
1,0.637,0.0189,0.711,0.0502,0,0,0,0,0,0,0.478,21.111111111,25.555555556
1,0.612,0.0169,0.609,0.0502,0,0,0,0,0,0,0.0683,21.111111111,25.555555556
1,0.565,0.0162,0.421,0.0502,0,0,0,0,0,0,0,21.111111111,25.555555556
1,0.565,0.0162,0.421,0.0502,0,0,0,0,0,0,0,21.111111111,25.555555556
1,0.607,0.0317,0.421,0.12,0,0,0,0,0,0.35,0.0341,21.111111111,25.555555556
0.275,0.613,0.0339,0.421,0.13,0,0,0,0,0,0.417,0.0341,21.111111111,26.666666667
0,0.565,0.0162,0.421,0.0502,0,0,0,0,0,0,0,21.111111111,26.666666667
0.05,0.578,0.0239,0.421,0.0715,0,0,0,0,0,0,0.0341,21.111111111,26.666666667
0.075,0.584,0.0277,0.421,0.0821,0,0,0,0,0,0,0,21.111111111,26.666666667
0,0.565,0.0162,0.421,0.0502,0,0,0,0,0,0,0,21.111111111,26.666666667
0,0.565,0.0162,0.421,0.0502,0,0,0,0,0,0,0,21.111111111,26.666666667
0.175,0.565,0.0162,0.421,0.0502,0,0,0,0,0,0,0,21.111111111,26.666666667
0.5,0.58,0.0287,0.421,0.0699,0,0,0,0,0,0,0,21.111111111,26.666666667
0.5,0.726,0.153,0.421,0.251,0,0,0,0,0,0,0.323,21.111111111,25.555555556
0.075,0.592,0.0399,0.421,0.0814,0,0,0,0,0,0,0.127,21.111111111,25.555555556
0.425,0.749,0.225,0.568,0.304,0,0,0,0,0,0,0.293,21.111111111,25.555555556
0.5,0.781,0.321,0.682,0.405,0,0,0,0,0,0,0.171,21.111111111,25.555555556
0.5,0.768,0.424,0.711,0.488,0,0,0,0,0,0,0.375,21.111111111,25.555555556
0.925,0.89,0.861,0.957,0.898,0,0,0,0,0,0,0.0744,21.111111111,25.555555556
1,0.789,0.656,0.87,0.679,0,0,0,0,0,0,0,21.111111111,25.555555556
1,0.565,0.0162,0.421,0.0502,0,0,0,0,0,0,0,21.111111111,25.555555556
1,0.571,0.0196,0.445,0.0534,0,0,0,0,0,0,0,21.111111111,25.555555556
1,0.565,0.0162,0.421,0.0502,0,0,0,0,0,0,0,21.111111111,25.555555556
1,0.565,0.0162,0.421,0.0502,0,0,0,0,0,0,0,21.111111111,25.555555556
1,0.565,0.0162,0.421,0.0502,0,0,0,0,0,0,0,21.111111111,25.555555556
1,0.565,0.0162,0.421,0.0502,0,0,0,0,0,0,0,21.111111111,25.555555556
1,0.59,0.0216,0.522,0.068,0,0,0,0,0,0,0.39,21.111111111,25.555555556
1,0.644,0.0366,0.711,0.137,0,0,0,0,0,0,0.233,21.111111111,25.555555556
0.825,0.667,0.051,0.609,0.22,0,0,0,0,0,0,0.658,21.111111111,25.555555556
0.5,0.69,0.0645,0.421,0.255,0,0,0,0,0,0,0.267,21.111111111,26.666666667
0.5,0.696,0.0762,0.421,0.266,0,0,0,0,0,0,0.221,21.111111111,26.666666667
0.5,0.696,0.0871,0.421,0.267,0,0,0,0,0,0,0.202,21.111111111,26.666666667
0.5,0.696,0.0962,0.421,0.259,0,0,0,0,0,0,0.582,21.111111111,26.666666667
0.5,0.696,0.104,0.421,0.251,0,0,0,0,0,0,0.428,21.111111111,26.666666667
0.2,0.617,0.0527,0.421,0.129,0,0,0,0,0,0,0.171,21.111111111,26.666666667
0,0.565,0.0162,0.421,0.0502,0,0,0,0,0,0,0,21.111111111,26.666666667
0.6,0.617,0.06,0.421,0.119,0,0,0,0,0,0,0,21.111111111,26.666666667
1,0.726,0.153,0.421,0.251,0,0,0,0,0,0,0.102,21.111111111,25.555555556
1,0.756,0.187,0.421,0.271,0,0,0,0,0,0,0.0683,21.111111111,25.555555556
1,0.856,0.33,0.593,0.433,0,0,0,0,0,0,0.205,21.111111111,25.555555556
0.575,0.814,0.361,0.719,0.453,0,0,0,0,0,0,0.0683,21.111111111,25.555555556
0.5,0.768,0.424,0.711,0.488,0,0,0,0,0,0,0,21.111111111,25.555555556
0.8,0.842,0.745,0.884,0.78,0,0,0,0,0,0,0,21.111111111,25.555555556
1,0.763,0.572,0.826,0.596,0,0,0,0,0,0,0.404,21.111111111,25.555555556
1,0.658,0.215,0.682,0.24,0,0,0,0,0,0,0.152,21.111111111,25.555555556
1,0.565,0.0162,0.421,0.0502,0,0,0,0,0,0,0,21.111111111,25.555555556
1,0.565,0.0162,0.421,0.0502,0,0,0,0,0,0,0,21.111111111,25.555555556
1,0.565,0.0162,0.421,0.0502,0,0,0,0,0,0,0,21.111111111,25.555555556
1,0.565,0.0162,0.421,0.0502,0,0,0,0,0,0,0,21.111111111,25.555555556
1,0.565,0.0162,0.421,0.0502,0,0,0,0,0,0,0,21.111111111,25.555555556
1,0.59,0.0216,0.522,0.068,0,0,0,0,0,0,0,21.111111111,25.555555556
0.825,0.612,0.0262,0.609,0.0833,0,0,0,0,0,0,0.0683,21.111111111,25.555555556
0.5,0.653,0.0466,0.566,0.197,0,0,0,0,0,0,0.361,21.111111111,25.555555556
0.075,0.583,0.0228,0.421,0.0803,0,0,0,0,0,0,0,21.111111111,26.666666667
0,0.565,0.0162,0.421,0.0502,0,0,0,0,0,0,0,21.111111111,26.666666667
0,0.565,0.0162,0.421,0.0502,0,0,0,0,0,0,0,21.111111111,26.666666667
0,0.565,0.0162,0.421,0.0502,0,0,0,0,0,0,0,21.111111111,26.666666667
0,0.565,0.0162,0.421,0.0502,0,0,0,0,0,0,0,21.111111111,26.666666667
0,0.565,0.0162,0.421,0.0502,0,0,0,0,0,0,0,21.111111111,26.666666667
0,0.565,0.0162,0.421,0.0502,0,0,0,0,0,0,0,21.111111111,26.666666667
0,0.565,0.0162,0.421,0.0502,0,0,0,0,0,0,0,21.111111111,26.666666667
0,0.565,0.0162,0.421,0.0502,0,0,0,0,0,0,0,21.111111111,25.555555556
0.425,0.729,0.164,0.421,0.24,0,0,0,0,0,0.767,0.273,21.111111111,25.555555556
0.375,0.726,0.188,0.507,0.26,0,0,0,0,0,0,0.535,21.111111111,25.555555556
0.55,0.802,0.358,0.711,0.447,0,0,0,0,0,0.1,0,21.111111111,25.555555556
1,0.972,0.831,1,0.925,0,0,0,0,0,0.15,0.137,21.111111111,25.555555556
1,0.77,0.544,0.754,0.581,0,0,0,0,0,0,0.0683,21.111111111,25.555555556
1,0.702,0.395,0.711,0.422,0,0,0.416,0.356,0,0,0,21.111111111,25.555555556
1,0.666,0.226,0.711,0.25,0,0,0.447,0.153,0.783,0,0.0683,21.111111111,25.555555556
1,0.577,0.0326,0.464,0.0654,0,0,0.048,0,0,0,0,21.111111111,25.555555556
1,0.565,0.0162,0.421,0.0502,0,0,0,0,0,0,0,21.111111111,25.555555556
1,0.565,0.0162,0.421,0.0502,0,0,0,0,0,0,0,21.111111111,25.555555556
1,0.565,0.0162,0.421,0.0502,0,0,0,0,0,0,0,21.111111111,25.555555556
1,0.565,0.0162,0.421,0.0502,0,0,0,0,0,0,0,21.111111111,25.555555556
1,0.565,0.0162,0.421,0.0502,0,0,0,0,0,0,0,21.111111111,25.555555556
1,0.565,0.0162,0.421,0.0502,0,0,0,0,0,0,0,21.111111111,25.555555556
1,0.607,0.0317,0.421,0.12,0,0,0,0,0,0,0.288,21.111111111,25.555555556
1,0.797,0.106,0.421,0.43,0,0,0,0,0,0,0.2,21.111111111,26.666666667
0.275,0.637,0.047,0.421,0.168,0,0,0,0,0,0,0.0683,21.111111111,26.666666667
0,0.565,0.0162,0.421,0.0502,0,0,0,0,0,0,0,21.111111111,26.666666667
0,0.565,0.0162,0.421,0.0502,0,0,0,0,0,0,0,21.111111111,26.666666667
0,0.565,0.0162,0.421,0.0502,0,0,0,0,0,0,0,21.111111111,26.666666667
0,0.565,0.0162,0.421,0.0502,0,0,0,0,0,0,0,21.111111111,26.666666667
0,0.565,0.0162,0.421,0.0502,0,0,0,0,0,0,0,21.111111111,26.666666667
0,0.565,0.0162,0.421,0.0502,0,0,0,0,0,0,0,21.111111111,26.666666667
0,0.565,0.0162,0.421,0.0502,0,0,0,0,0,0,0,21.111111111,25.555555556
0,0.565,0.0162,0.421,0.0502,0,0,0,0,0,0,0,21.111111111,25.555555556
0.425,0.747,0.207,0.507,0.284,0.809,0.517,0,0,0,0,0.41,21.111111111,25.555555556
0.5,0.781,0.321,0.682,0.405,0.682,0,0,0,0,0,0.273,21.111111111,25.555555556
0.5,0.768,0.424,0.711,0.488,0.386,0,0,0,0,0,0.145,21.111111111,25.555555556
0.675,0.742,0.474,0.711,0.51,0,0,0,0,0,0,0.308,21.111111111,25.555555556
1,0.587,0.0824,0.464,0.116,0,0,0,0,0,0,0,21.111111111,25.555555556
1,0.565,0.0162,0.421,0.0502,0,0,0,0,0,0,0,21.111111111,25.555555556
1,0.565,0.0162,0.421,0.0502,0,0,0,0,0,0,0,21.111111111,25.555555556
1,0.565,0.0162,0.421,0.0502,0,0,0,0,0,0,0,21.111111111,25.555555556
1,0.565,0.0162,0.421,0.0502,0,0,0,0,0,0,0,21.111111111,25.555555556
1,0.565,0.0162,0.421,0.0502,0,0,0,0,0,0,0,21.111111111,25.555555556
1,0.565,0.0162,0.421,0.0502,0,0,0,0,0,0,0,21.111111111,25.555555556
1,0.565,0.0162,0.421,0.0502,0,0,0,0,0,0,0,21.111111111,25.555555556
1,0.574,0.0192,0.45,0.0656,0,0,0,0,0,0,0.174,21.111111111,25.555555556
1,0.679,0.0554,0.609,0.24,0,0,0,0,0,0,0.468,21.111111111,25.555555556
0.575,0.708,0.0711,0.421,0.285,0,0,0,0,0,0,0.374,21.111111111,26.666666667
0.075,0.584,0.0246,0.421,0.0823,0,0,0,0,0,0,0,21.111111111,26.666666667
0,0.565,0.0162,0.421,0.0502,0,0,0,0,0,0,0,21.111111111,26.666666667
0.175,0.611,0.0463,0.421,0.121,0,0,0,0,0,0,0.19,21.111111111,26.666666667
0.325,0.65,0.0721,0.421,0.182,0,0,0,0,0,0,0.189,21.111111111,26.666666667
0,0.565,0.0162,0.421,0.0502,0,0,0,0,0,0,0,21.111111111,26.666666667
0,0.565,0.0162,0.421,0.0502,0,0,0,0,0,0,0,21.111111111,26.666666667
0,0.565,0.0162,0.421,0.0502,0,0,0,0,0,0,0,21.111111111,26.666666667
0,0.565,0.0162,0.421,0.0502,0,0,0,0,0,0,0,21.111111111,25.555555556
0,0.565,0.0162,0.421,0.0502,0,0,0,0,0,0,0,21.111111111,25.555555556
0,0.565,0.0162,0.421,0.0502,0,0,0,0,0,0,0,21.111111111,25.555555556
0.125,0.62,0.0828,0.482,0.13,0,0,0,0,0,0,0.112,21.111111111,25.555555556
0.175,0.631,0.179,0.522,0.216,0,0,0,0,0,0,0.137,21.111111111,25.555555556
0.925,0.837,0.707,0.855,0.746,0,0,0,0,0,0,0.171,21.111111111,25.555555556
1,0.702,0.395,0.711,0.422,0,0,0,0,0,0,0,21.111111111,25.555555556
1,0.666,0.226,0.711,0.25,0,0,0,0,0,0,0.0683,21.111111111,25.555555556
0.617,0.577,0.0332,0.464,0.0654,0,0,0,0,0,0,0,21.111111111,25.555555556
0.5,0.565,0.0185,0.421,0.0502,0,0,0,0,0,0,0,21.111111111,25.555555556
0.5,0.565,0.0185,0.421,0.0502,0,0,0,0,0,0,0,21.111111111,25.555555556
0.5,0.565,0.0185,0.421,0.0502,0,0,0,0,0,0,0,21.111111111,25.555555556
0.633,0.565,0.0185,0.421,0.0502,0,0,0,0,0,0,0,21.111111111,25.555555556
1,0.565,0.0185,0.421,0.0502,0,0,0,0,0,0,0,21.111111111,25.555555556
1,0.565,0.0185,0.421,0.0502,0,0,0,0,0,0,0,21.111111111,25.555555556
1,0.565,0.0185,0.421,0.0502,0,0,0,0,0,0,0,21.111111111,25.555555556
1,0.565,0.0185,0.421,0.0502,0,0,0,0,0,0,0,21.111111111,25.555555556
1,0.665,0.0906,0.421,0.215,0,0,0,0,0,0,0.102,21.111111111,25.555555556
0.617,0.595,0.045,0.421,0.101,0,0,0,0,0,0,0.0341,21.111111111,25.555555556
0.5,0.565,0.0185,0.421,0.0502,0,0,0,0,0,0,0,21.111111111,25.555555556
0.633,0.6,0.062,0.421,0.103,0,0,0,0,0,0,0.0683,21.111111111,25.555555556
1,0.696,0.19,0.421,0.246,0,0,0,0,0,0,0.0683,21.111111111,25.555555556
1,0.696,0.221,0.421,0.245,0,0,0,0,0,0,0.137,21.111111111,25.555555556
1,0.742,0.314,0.421,0.298,0,0,0,0,0,0,0.0341,21.111111111,25.555555556
1,0.883,0.519,0.421,0.45,0,0,0,0,0,0,0.0341,21.111111111,25.555555556
1,0.942,0.543,0.421,0.485,0,0,0,0,0,0,0.137,21.111111111,25.555555556
1,0.991,0.583,0.552,0.579,0,0,0,0,0,0,0.102,21.111111111,25.555555556
1,1,0.711,0.936,0.744,0,0,0,0,0,0,0.0341,21.111111111,25.555555556
1,0.975,0.903,1,0.916,0,0,0,0,0,0,0,21.111111111,25.555555556
1,0.925,0.993,1,0.975,0,0,0,0,0,0,0,21.111111111,25.555555556
1,0.846,0.843,1,0.824,0,0,0,0,0,0,0,21.111111111,25.555555556
1,0.723,0.4,0.85,0.386,0,0,0,0,0,0,0,21.111111111,25.555555556
1,0.584,0.0478,0.489,0.0739,0,0,0,0,0,0,0,21.111111111,25.555555556
1,0.565,0.0185,0.421,0.0502,0,0,0,0,0,0,0,21.111111111,25.555555556
1,0.565,0.0185,0.421,0.0502,0,0,0,0,0,0,0,21.111111111,25.555555556
1,0.565,0.0185,0.421,0.0502,0,0,0,0,0,0,0,21.111111111,25.555555556
1,0.565,0.0185,0.421,0.0502,0,0,0,0,0,0,0,21.111111111,25.555555556
1,0.565,0.0185,0.421,0.0502,0,0,0,0,0,0,0,21.111111111,25.555555556
1,0.565,0.0185,0.421,0.0502,0,0,0,0,0,0,0,21.111111111,25.555555556
1,0.565,0.0185,0.421,0.0502,0,0,0,0,0,0,0,21.111111111,25.555555556
1,0.661,0.0642,0.421,0.207,0,0,0,0,0,0,0,21.111111111,25.555555556
1,0.731,0.14,0.421,0.324,0,0,0,0,0,0.267,0.171,21.111111111,25.555555556
1,0.828,0.258,0.421,0.485,0,0,0,0,0,1,0.348,21.111111111,25.555555556
1,0.828,0.3,0.421,0.47,0,0,0,0,0,1,0.406,21.111111111,25.555555556
0.875,0.795,0.29,0.421,0.402,0,0,0,0,0,0.0333,0,21.111111111,25.555555556
1,0.828,0.362,0.421,0.442,0,0,0,0,0,0,0.0341,21.111111111,25.555555556
1,0.828,0.423,0.421,0.439,0,0,0,0,0,0,0.0683,21.111111111,25.555555556
1,0.838,0.478,0.421,0.44,0,0,0,0,0,0.767,0.102,21.111111111,25.555555556
1,0.883,0.519,0.421,0.45,0,0,0,0,0,0,0.0683,21.111111111,25.555555556
1,0.942,0.543,0.421,0.485,0,0,0,0,0,0,0.239,21.111111111,25.555555556
1,0.991,0.583,0.552,0.579,0,0,0,0,0,0,0.0341,21.111111111,25.555555556
1,1,0.711,0.936,0.744,0,0,0,0,0,0,0.0341,21.111111111,25.555555556
1,0.975,0.903,1,0.916,0,0,0,0,0,0,0,21.111111111,25.555555556
1,0.925,0.993,1,0.975,0,0,0,0,0,0,0.0174,21.111111111,25.555555556
1,0.844,0.839,0.995,0.82,0,0,0,0,0,0,0.0695,21.111111111,25.555555556
1,0.669,0.262,0.711,0.263,0,0,0,0,0,0,0,21.111111111,25.555555556
1,0.644,0.121,0.711,0.135,0,0,0,0,0,0,0,21.111111111,25.555555556
1,0.63,0.0462,0.682,0.0779,0,0,0,0,0,0,0.0833,21.111111111,25.555555556
1,0.565,0.0162,0.421,0.0502,0,0,0,0,0,0,0,21.111111111,25.555555556
1,0.565,0.0162,0.421,0.0502,0,0,0,0,0,0,0,21.111111111,25.555555556
1,0.565,0.0162,0.421,0.0502,0,0,0,0,0,0,0,21.111111111,25.555555556
1,0.565,0.0162,0.421,0.0502,0,0,0,0,0,0,0,21.111111111,25.555555556
1,0.702,0.0525,0.913,0.208,0,0,0,0,0,0.85,0.409,21.111111111,25.555555556
1,0.77,0.0858,0.797,0.39,0,0,0,0,0,0.683,0.36,21.111111111,25.555555556
0.95,0.802,0.107,0.421,0.439,0,0,0,0,0,0,0.274,21.111111111,26.666666667
0.5,0.696,0.0762,0.421,0.266,0,0,0,0,0,0,0.448,21.111111111,26.666666667
0.2,0.617,0.0433,0.421,0.138,0,0,0,0,0,0,0.069,21.111111111,26.666666667
0,0.565,0.0162,0.421,0.0502,0,0,0,0,0,0,0,21.111111111,26.666666667
0,0.565,0.0162,0.421,0.0502,0,0,0,0,0,0,0,21.111111111,26.666666667
0.3,0.644,0.0755,0.421,0.167,0,0,0,0,0,0.6,0.0341,21.111111111,26.666666667
0.5,0.696,0.123,0.421,0.245,0,0,0,0,0,1,0.0341,21.111111111,26.666666667
0.075,0.584,0.0328,0.421,0.0794,0,0,0,0,0,1,0,21.111111111,26.666666667
0.475,0.722,0.15,0.421,0.242,0,0,0.192,0.356,0,1,0.171,21.111111111,25.555555556
1,0.947,0.358,0.421,0.491,0,0,0.384,0.661,0.35,1,0.0341,21.111111111,25.555555556
0.575,0.81,0.266,0.507,0.358,0,0,0.926,0,0.7,0.0167,0.307,21.111111111,25.555555556
0.5,0.781,0.321,0.682,0.405,0,0,0.134,0,0,0,0.12,21.111111111,25.555555556
0.8,0.888,0.681,0.884,0.758,0,0,0,0,0,0,0.209,21.111111111,25.555555556
1,0.903,0.887,0.971,0.926,0,0,0,0,0,0,0.0805,21.111111111,25.555555556
1,0.702,0.395,0.711,0.422,0,0,0,0,0,0,0,21.111111111,25.555555556
1,0.637,0.188,0.609,0.215,0,0,0,0,0,0,0,21.111111111,25.555555556
1,0.571,0.0196,0.445,0.0534,0,0,0,0,0,0,0,21.111111111,25.555555556
1,0.565,0.0162,0.421,0.0502,0,0,0,0,0,0,0,21.111111111,25.555555556
1,0.565,0.0162,0.421,0.0502,0,0,0,0,0,0,0,21.111111111,25.555555556
1,0.565,0.0162,0.421,0.0502,0,0,0,0,0,0,0,21.111111111,25.555555556
1,0.59,0.0184,0.522,0.0512,0,0,0,0,0,0,0.165,21.111111111,25.555555556
1,0.637,0.0257,0.711,0.0698,0,0,0,0,0,0,0.144,21.111111111,25.555555556
1,0.644,0.0366,0.711,0.137,0,0,0,0,0,0,0.439,21.111111111,25.555555556
0.7,0.667,0.051,0.609,0.22,0,0,0,0,0,0,0.292,21.111111111,25.555555556
0.5,0.69,0.0645,0.421,0.255,0,0,0,0,0,0,0.244,21.111111111,26.666666667
0.075,0.584,0.0246,0.421,0.0823,0,0,0,0,0,0,0,21.111111111,26.666666667
0,0.565,0.0162,0.421,0.0502,0,0,0,0,0,0,0,21.111111111,26.666666667
0,0.565,0.0162,0.421,0.0502,0,0,0,0,0,0,0,21.111111111,26.666666667
0.3,0.644,0.0696,0.421,0.17,0,0,0,0,0,0,0,21.111111111,26.666666667
0.5,0.696,0.112,0.421,0.246,0,0,0,0,0,0,0,21.111111111,26.666666667
0.2,0.617,0.0579,0.421,0.128,0,0,0,0,0,0,0,21.111111111,26.666666667
0.05,0.565,0.0162,0.421,0.0502,0,0,0,0,0,0,0,21.111111111,26.666666667
0.5,0.565,0.0162,0.421,0.0502,0,0,0,0,0,0,0,21.111111111,25.555555556
0.5,0.729,0.164,0.421,0.24,0,0,0,0,0,0,0.137,21.111111111,25.555555556
0.5,0.778,0.237,0.507,0.321,0,0,0,0,0,0.85,0.0683,21.111111111,25.555555556
0.925,0.965,0.586,0.906,0.712,0,0,0,0,0,1,0.102,21.111111111,25.555555556
1,0.972,0.831,1,0.925,0,0,0,0,0,0.45,0.0683,21.111111111,25.555555556
1,0.919,0.931,1,0.969,0,0,0,0,0,0,0.137,21.111111111,25.555555556
1,0.8,0.682,0.899,0.705,0,0,0,0,0,0,0,21.111111111,25.555555556
1,0.581,0.0558,0.464,0.0883,0,0,0,0,0,0,0,21.111111111,25.555555556
1,0.565,0.0162,0.421,0.0502,0,0,0,0,0,0,0,21.111111111,25.555555556
1,0.565,0.0162,0.421,0.0502,0,0,0,0,0,0,0,21.111111111,25.555555556
1,0.565,0.0162,0.421,0.0502,0,0,0,0,0,0,0,21.111111111,25.555555556
1,0.565,0.0162,0.421,0.0502,0,0,0,0,0,0,0,21.111111111,25.555555556
1,0.59,0.0184,0.522,0.0512,0,0,0,0,0,0,0.349,21.111111111,25.555555556
1,0.637,0.0257,0.711,0.0698,0,0,0,0,0,0.25,0.438,21.111111111,25.555555556
0.825,0.612,0.0262,0.609,0.0833,0,0,0,0,0,0,0.0341,21.111111111,25.555555556
0.5,0.565,0.0162,0.421,0.0502,0,0,0,0,0,0,0,21.111111111,25.555555556
0.25,0.611,0.0358,0.421,0.125,0,0,0,0,0,0,0.473,21.111111111,26.666666667
0.5,0.696,0.0762,0.421,0.266,0,0,0,0,0,0,0.062,21.111111111,26.666666667
0.2,0.617,0.0433,0.421,0.138,0,0,0,0,0,0,0.415,21.111111111,26.666666667
0,0.565,0.0162,0.421,0.0502,0,0,0,0,0,0,0,21.111111111,26.666666667
0.25,0.63,0.0605,0.421,0.15,0,0,0,0,0,0,0,21.111111111,26.666666667
0.25,0.63,0.0618,0.421,0.148,0,0,0,0,0,0,0.0683,21.111111111,26.666666667
0,0.565,0.0162,0.421,0.0502,0,0,0,0,0,0,0,21.111111111,26.666666667
0,0.565,0.0162,0.421,0.0502,0,0,0,0,0,0,0,21.111111111,26.666666667
0,0.565,0.0162,0.421,0.0502,0,0,0,0,0,0,0,21.111111111,25.555555556
0,0.565,0.0162,0.421,0.0502,0,0,0,0,0,0,0,21.111111111,25.555555556
0.3,0.694,0.158,0.507,0.223,0,0,0,0,0,0,0.171,21.111111111,25.555555556
0.5,0.781,0.321,0.682,0.405,0,0,0,0,0,0,0.102,21.111111111,25.555555556
0.875,0.921,0.728,0.928,0.815,0,0,0,0,0,0,0.229,21.111111111,25.555555556
0.5,0.742,0.474,0.711,0.51,0,0,0,0,0,0,0.227,21.111111111,25.555555556
0.675,0.702,0.395,0.711,0.422,0,0,0,0,0,0,0,21.111111111,25.555555556
1,0.609,0.122,0.537,0.152,0,0,0,0,0,0,0.311,21.111111111,25.555555556
1,0.565,0.0162,0.421,0.0502,0,0,0,0,0,0,0,21.111111111,25.555555556
1,0.565,0.0162,0.421,0.0502,0,0,0,0,0,0,0,21.111111111,25.555555556
1,0.565,0.0162,0.421,0.0502,0,0,0,0,0,0,0,21.111111111,25.555555556
1,0.565,0.0162,0.421,0.0502,0,0,0,0,0,0,0,21.111111111,25.555555556
1,0.565,0.0162,0.421,0.0502,0,0,0,0,0,0,0,21.111111111,25.555555556
1,0.565,0.0162,0.421,0.0502,0,0,0,0,0,0,0,21.111111111,25.555555556
0.825,0.565,0.0162,0.421,0.0502,0,0,0,0,0,0,0,21.111111111,25.555555556
0.5,0.565,0.0162,0.421,0.0502,0,0,0,0,0,0,0,21.111111111,25.555555556
0.45,0.597,0.0302,0.421,0.104,0,0,0,0,0,0,0.0341,21.111111111,26.666666667
0,0.565,0.0162,0.421,0.0502,0,0,0,0,0,0,0,21.111111111,26.666666667
0,0.565,0.0162,0.421,0.0502,0,0,0,0,0,0,0,21.111111111,26.666666667
0,0.565,0.0162,0.421,0.0502,0,0,0,0,0,0,0,21.111111111,26.666666667
0,0.565,0.0162,0.421,0.0502,0,0,0,0,0,0,0,21.111111111,26.666666667
0,0.565,0.0162,0.421,0.0502,0,0,0,0,0,0,0,21.111111111,26.666666667
0,0.565,0.0162,0.421,0.0502,0,0,0,0,0,0,0,21.111111111,26.666666667
0,0.565,0.0162,0.421,0.0502,0,0,0,0,0,0,0,21.111111111,26.666666667
0,0.565,0.0162,0.421,0.0502,0,0,0,0,0,0,0,21.111111111,25.555555556
0.3,0.683,0.124,0.421,0.188,0,0,0,0,0,0,0.341,21.111111111,25.555555556
0.5,0.778,0.237,0.507,0.321,0,0,0,0,0,0,0.41,21.111111111,25.555555556
0.675,0.855,0.452,0.783,0.552,0,0,0,0,0,0,0.268,21.111111111,25.555555556
0.825,0.905,0.668,0.899,0.76,0,0,0,0,0,0,0.444,21.111111111,25.555555556
0.925,0.89,0.861,0.957,0.898,0,0,0,0,0,0,0.109,21.111111111,25.555555556
0.875,0.773,0.616,0.826,0.641,0,0,0,0,0,0,0.192,21.111111111,25.555555556
1,0.637,0.188,0.609,0.215,0,0,0,0,0,0,0,21.111111111,25.555555556
1,0.565,0.0162,0.421,0.0502,0,0,0,0,0,0,0,21.111111111,25.555555556
1,0.565,0.0162,0.421,0.0502,0,0,0,0,0,0,0,21.111111111,25.555555556
1,0.565,0.0162,0.421,0.0502,0,0,0,0,0,0,0,21.111111111,25.555555556
1,0.565,0.0162,0.421,0.0502,0,0,0,0,0,0,0,21.111111111,25.555555556
1,0.565,0.0162,0.421,0.0502,0,0,0,0,0,0,0,21.111111111,25.555555556
1,0.565,0.0162,0.421,0.0502,0,0,0,0,0,0,0,21.111111111,25.555555556
1,0.629,0.0371,0.624,0.157,0,0,0,0,0,0,0.514,21.111111111,25.555555556
0.95,0.758,0.0814,0.797,0.37,0,0,0,0,0,0,0.499,21.111111111,25.555555556
0.5,0.69,0.0645,0.421,0.255,0,0,0,0,0,0,0.348,21.111111111,26.666666667
0.5,0.696,0.0762,0.421,0.266,0,0,0,0,0,0,0.549,21.111111111,26.666666667
0.5,0.696,0.0871,0.421,0.267,0,0,0,0,0,0,0.0689,21.111111111,26.666666667
0.5,0.696,0.0962,0.421,0.259,0,0,0,0,0,0,0,21.111111111,26.666666667
0.325,0.65,0.0721,0.421,0.182,0,0,0,0,0,0,0,21.111111111,26.666666667
0.05,0.578,0.0266,0.421,0.0697,0,0,0,0,0,0,0.102,21.111111111,26.666666667
0.075,0.584,0.0318,0.421,0.0794,0,0,0,0,0,0,0,21.111111111,26.666666667
0,0.565,0.0162,0.421,0.0502,0,0,0,0,0,0,0,21.111111111,26.666666667
0,0.565,0.0162,0.421,0.0502,0,0,0,0,0,0,0,21.111111111,25.555555556
0.175,0.638,0.0847,0.421,0.136,0,0,0,0,0,0,0,21.111111111,25.555555556
0.5,0.778,0.237,0.507,0.321,0,0,0,0,0,0,0.102,21.111111111,25.555555556
0.675,0.855,0.452,0.783,0.552,0,0,0,0,0,0.25,0.171,21.111111111,25.555555556
1,0.972,0.831,1,0.925,0.446,0.25,0.363,0.254,0.35,0,0.0341,21.111111111,25.555555556
1,0.919,0.931,1,0.969,0.725,0,0.485,0,0.7,0,0,21.111111111,25.555555556
1,0.84,0.775,1,0.793,0.682,0,0.0601,0,0,0,0.0871,21.111111111,25.555555556
1,0.711,0.331,0.826,0.352,0.593,0,0,0,0,0,0,21.111111111,25.555555556
1,0.637,0.101,0.686,0.126,0.551,0,0,0,0,0,0,21.111111111,25.555555556
1,0.637,0.0591,0.711,0.0812,0.626,0,0,0,0,0,0,21.111111111,25.555555556
1,0.637,0.0345,0.711,0.0595,0.733,0,0,0,0,0,0.0341,21.111111111,25.555555556
1,0.637,0.0235,0.711,0.0502,0.343,0,0,0,0,0,0,21.111111111,25.555555556
1,0.618,0.0194,0.633,0.0502,0,0,0,0,0,0,0,21.111111111,25.555555556
1,0.565,0.0185,0.421,0.0502,0,0,0,0,0,0,0,21.111111111,25.555555556
1,0.565,0.0185,0.421,0.0502,0,0,0,0,0,0,0,21.111111111,25.555555556
1,0.643,0.0421,0.566,0.18,0,0,0,0,0,0,0.0916,21.111111111,25.555555556
1,0.689,0.0752,0.421,0.254,0,0,0,0,0,0,0.341,21.111111111,25.555555556
1,0.797,0.182,0.421,0.43,0,0,0,0,0,0,0.449,21.111111111,25.555555556
1,0.828,0.258,0.421,0.485,0,0,0,0,0,0,0.223,21.111111111,25.555555556
0.867,0.793,0.26,0.421,0.416,0,0,0,0,0,0,0.242,21.111111111,25.555555556
0.5,0.661,0.13,0.421,0.199,0,0,0,0,0,0,0.0683,21.111111111,25.555555556
0.883,0.665,0.152,0.421,0.2,0,0,0,0,0,0,0,21.111111111,25.555555556
1,0.696,0.221,0.421,0.245,0,0,0,0,0,0,0.307,21.111111111,25.555555556
1,0.701,0.248,0.421,0.245,0,0,0,0,0,0,0.171,21.111111111,25.555555556
1,0.772,0.338,0.421,0.305,0,0,0,0,0,0,0.0683,21.111111111,25.555555556
1,0.942,0.543,0.421,0.485,0,0,0,0,0,0.25,0.0341,21.111111111,25.555555556
1,0.991,0.583,0.552,0.579,0,0,0,0,0,0,0.0683,21.111111111,25.555555556
1,1,0.711,0.936,0.744,0,0,0,0,0,0,0.205,21.111111111,25.555555556
1,0.975,0.903,1,0.916,0,0,0,0,0,0,0,21.111111111,25.555555556
1,0.925,0.993,1,0.975,0,0,0,0,0,0,0,21.111111111,25.555555556
1,0.844,0.839,0.995,0.82,0,0,0,0,0,0,0,21.111111111,25.555555556
1,0.669,0.262,0.711,0.263,0,0,0,0,0,0,0.156,21.111111111,25.555555556
1,0.644,0.123,0.711,0.135,0,0,0,0,0,0,0.126,21.111111111,25.555555556
1,0.637,0.0591,0.711,0.0812,0,0,0,0,0,0,0.19,21.111111111,25.555555556
1,0.637,0.0345,0.711,0.0595,0,0,0,0,0,0,0.0341,21.111111111,25.555555556
1,0.637,0.0235,0.711,0.0502,0,0,0,0,0,0,0.0341,21.111111111,25.555555556
1,0.618,0.0194,0.633,0.0502,0.626,0.767,0,0,0,0,0.0341,21.111111111,25.555555556
1,0.565,0.0185,0.421,0.0502,0.112,0.283,0,0,0,0,0,21.111111111,25.555555556
1,0.566,0.0189,0.426,0.0528,0,0,0,0,0,0,0.0179,21.111111111,25.555555556
1,0.665,0.0472,0.633,0.216,0,0,0,0,0,0,0.524,21.111111111,25.555555556
1,0.689,0.0752,0.421,0.254,0,0,0,0,0,0.25,0.0674,21.111111111,25.555555556
1,0.696,0.11,0.421,0.265,0,0,0,0,0,0,0.349,21.111111111,25.555555556
1,0.797,0.232,0.421,0.433,0,0,0,0,0,0,0,21.111111111,25.555555556
1,0.828,0.3,0.421,0.47,0,0,0,0,0,0,0.102,21.111111111,25.555555556
1,0.828,0.328,0.421,0.453,0,0,0,0,0,0,0,21.111111111,25.555555556
1,0.758,0.258,0.421,0.338,0,0,0,0,0,0,0,21.111111111,25.555555556
1,0.6,0.0781,0.421,0.102,0,0,0,0,0,0,0.102,21.111111111,25.555555556
1,0.805,0.421,0.421,0.392,0,0,0,0,0,0,0.137,21.111111111,25.555555556
1,0.686,0.207,0.421,0.201,0,0,0,0,0,0,0.0341,21.111111111,25.555555556
0.75,0.757,0.285,0.421,0.272,0,0,0,0,0,0.0167,0.102,21.111111111,25.555555556
1,0.991,0.583,0.552,0.579,0,0,0,0,0,0.5,0,21.111111111,25.555555556
1,1,0.711,0.936,0.744,0,0,0,0,0,1,0,21.111111111,25.555555556
1,0.975,0.903,1,0.916,0,0,0,0,0,1,0,21.111111111,25.555555556
1,0.925,0.993,1,0.975,0,0,0,0,0,1,0,21.111111111,25.555555556
1,0.741,0.538,0.778,0.539,0,0,0,0,0,1,0,21.111111111,25.555555556
1,0.669,0.262,0.711,0.263,0,0,0,0,0,0.0833,0,21.111111111,25.555555556
1,0.644,0.121,0.711,0.135,0,0,0,0,0,0,0,21.111111111,25.555555556
1,0.637,0.0478,0.711,0.0791,0,0,0,0,0,0,0,21.111111111,25.555555556
1,0.612,0.0262,0.609,0.0584,0,0,0,0,0,0,0,21.111111111,25.555555556
1,0.565,0.0162,0.421,0.0502,0,0,0,0,0,0,0,21.111111111,25.555555556
1,0.565,0.0162,0.421,0.0502,0,0,0,0,0,0,0,21.111111111,25.555555556
1,0.572,0.0177,0.45,0.0553,0,0,0,0,0,0,0.177,21.111111111,25.555555556
1,0.713,0.0548,0.957,0.216,0,0,0,0,0,0.35,0.381,21.111111111,25.555555556
0.7,0.704,0.0629,0.725,0.281,0,0,0,0,0,0.917,0.405,21.111111111,25.555555556
0.5,0.69,0.0645,0.421,0.255,0,0,0,0,0,0,0.499,21.111111111,26.666666667
0.325,0.65,0.0525,0.421,0.189,0,0,0,0,0,0,0.349,21.111111111,26.666666667
0,0.565,0.0162,0.421,0.0502,0,0,0,0,0,0,0.077,21.111111111,26.666666667
0,0.565,0.0162,0.421,0.0502,0,0,0,0,0,0,0,21.111111111,26.666666667
0,0.565,0.0162,0.421,0.0502,0,0,0,0,0,0,0,21.111111111,26.666666667
0,0.565,0.0162,0.421,0.0502,0,0,0,0,0,0,0,21.111111111,26.666666667
0,0.565,0.0162,0.421,0.0502,0,0,0,0,0,0,0,21.111111111,26.666666667
0,0.565,0.0162,0.421,0.0502,0,0,0,0,0,0,0,21.111111111,26.666666667
0,0.565,0.0162,0.421,0.0502,0,0,0,0,0,0,0,21.111111111,25.555555556
0,0.565,0.0162,0.421,0.0502,0,0,0,0,0,0,0,21.111111111,25.555555556
0.3,0.694,0.158,0.507,0.223,0,0,0,0,0,0,0.0683,21.111111111,25.555555556
0.55,0.802,0.358,0.711,0.447,0.697,0.517,0,0,0,0.1,0,21.111111111,25.555555556
1,0.972,0.831,1,0.925,0.388,0,0,0,0,1,0.0683,21.111111111,25.555555556
1,0.919,0.931,1,0.969,0,0,0,0,0,1,0.165,21.111111111,25.555555556
1,0.725,0.462,0.754,0.487,0,0,0,0,0,1,0.391,21.111111111,25.555555556
1,0.658,0.215,0.682,0.24,0,0,0,0,0,0.233,0.436,21.111111111,25.555555556
1,0.571,0.0196,0.445,0.0534,0,0,0,0,0,0,0,21.111111111,25.555555556
1,0.565,0.0162,0.421,0.0502,0,0,0,0,0,0,0,21.111111111,25.555555556
1,0.565,0.0162,0.421,0.0502,0,0,0,0,0,0,0,21.111111111,25.555555556
1,0.565,0.0162,0.421,0.0502,0,0,0,0,0,0,0,21.111111111,25.555555556
1,0.565,0.0162,0.421,0.0502,0,0,0,0,0,0,0,21.111111111,25.555555556
1,0.626,0.0247,0.667,0.0694,0,0,0,0,0,0,0.275,21.111111111,25.555555556
0.825,0.612,0.0262,0.609,0.0833,0,0,0,0,0,0,0.261,21.111111111,25.555555556
0.5,0.565,0.0162,0.421,0.0502,0,0,0,0,0,0,0,21.111111111,25.555555556
0.5,0.672,0.0579,0.421,0.225,0,0,0,0,0,0,0.205,21.111111111,26.666666667
0.5,0.696,0.0762,0.421,0.266,0,0,0,0,0,0,0.273,21.111111111,26.666666667
0.45,0.683,0.0794,0.421,0.246,0,0,0,0,0,0,0.0341,21.111111111,26.666666667
0,0.565,0.0162,0.421,0.0502,0,0,0,0,0,0,0,21.111111111,26.666666667
0,0.565,0.0162,0.421,0.0502,0,0,0,0,0,0,0,21.111111111,26.666666667
0,0.565,0.0162,0.421,0.0502,0,0,0,0,0,0,0,21.111111111,26.666666667
0,0.565,0.0162,0.421,0.0502,0,0,0,0,0,0,0,21.111111111,26.666666667
0,0.565,0.0162,0.421,0.0502,0,0,0,0,0,0,0,21.111111111,26.666666667
0,0.565,0.0162,0.421,0.0502,0,0,0,0,0,0,0,21.111111111,25.555555556
0.3,0.683,0.124,0.421,0.188,0,0,0,0,0,0.6,0.0683,21.111111111,25.555555556
0.675,0.856,0.33,0.593,0.433,0.19,0.1,0,0,0,0.667,0.296,21.111111111,25.555555556
1,0.998,0.626,0.943,0.76,0.88,1,0.251,0.508,0.35,0,0.204,21.111111111,25.555555556
1,0.972,0.831,1,0.925,0,0.483,0,0,0.167,0,0.245,21.111111111,25.555555556
1,0.919,0.931,1,0.969,0.632,0.6,0,0,0,0,0,21.111111111,25.555555556
1,0.84,0.775,1,0.793,0.142,0.45,0,0,0,0.35,0.102,21.111111111,25.555555556
1,0.71,0.359,0.797,0.38,0,0,0,0,0,0.417,0,21.111111111,25.555555556
1,0.565,0.0162,0.421,0.0502,0,0,0,0,0,0,0,21.111111111,25.555555556
1,0.565,0.0162,0.421,0.0502,0,0,0,0,0,0,0,21.111111111,25.555555556
1,0.565,0.0162,0.421,0.0502,0,0,0,0,0,0,0,21.111111111,25.555555556
1,0.565,0.0162,0.421,0.0502,0,0,0,0,0,0,0,21.111111111,25.555555556
0.825,0.565,0.0162,0.421,0.0502,0,0,0,0,0,0,0,21.111111111,25.555555556
0.5,0.565,0.0162,0.421,0.0502,0,0,0,0,0,0,0,21.111111111,25.555555556
0.5,0.565,0.0162,0.421,0.0502,0,0,0,0,0,0,0,21.111111111,25.555555556
0.5,0.565,0.0162,0.421,0.0502,0,0,0,0,0,0,0,21.111111111,25.555555556
0.5,0.672,0.0579,0.421,0.225,0,0,0,0,0,0,0.644,21.111111111,26.666666667
0.325,0.65,0.0525,0.421,0.189,0,0,0,0,0,0,0.174,21.111111111,26.666666667
0,0.565,0.0162,0.421,0.0502,0,0,0,0,0,0,0,21.111111111,26.666666667
0,0.565,0.0162,0.421,0.0502,0,0,0,0,0,0,0,21.111111111,26.666666667
0.175,0.611,0.0481,0.421,0.119,0,0,0,0,0,0.35,0.0683,21.111111111,26.666666667
0.5,0.696,0.112,0.421,0.246,0,0,0,0,0,0.15,0.0683,21.111111111,26.666666667
0.5,0.696,0.123,0.421,0.245,0,0,0,0,0,0,0.239,21.111111111,26.666666667
0.125,0.599,0.0453,0.421,0.0991,0,0,0,0,0,0,0.0683,21.111111111,26.666666667
0.075,0.587,0.035,0.421,0.0798,0,0,0,0,0,0,0.0341,21.111111111,25.555555556
0,0.565,0.0162,0.421,0.0502,0,0,0,0,0,0,0,21.111111111,25.555555556
0,0.565,0.0162,0.421,0.0502,0,0,0,0,0,0,0,21.111111111,25.555555556
0.25,0.675,0.149,0.544,0.211,0,0,0,0,0,0,0,21.111111111,25.555555556
0.475,0.756,0.414,0.696,0.472,0,0,0,0,0,0,0.0683,21.111111111,25.555555556
1,0.866,0.777,0.899,0.817,0,0,0,0,0,0,0.0341,21.111111111,25.555555556
1,0.587,0.0824,0.464,0.116,0,0,0,0,0,0,0,21.111111111,25.555555556
1,0.565,0.0162,0.421,0.0502,0,0,0,0,0,0,0,21.111111111,25.555555556
1,0.565,0.0162,0.421,0.0502,0,0,0,0,0,0,0,21.111111111,25.555555556
1,0.565,0.0162,0.421,0.0502,0,0,0,0,0,0,0,21.111111111,25.555555556
1,0.565,0.0162,0.421,0.0502,0,0,0,0,0,0,0,21.111111111,25.555555556
1,0.565,0.0162,0.421,0.0502,0,0,0,0,0,0,0,21.111111111,25.555555556
1,0.564,0.0194,0.498,0.0633,0,0,0,0,0,0,0.277,21.111111111,25.555555556
1,0.567,0.0314,0.711,0.126,0,0,0,0,0,0,0.24,21.111111111,25.555555556
1,0.584,0.0436,0.633,0.211,0,0,0,0,0,0,0.334,21.111111111,25.555555556
1,0.634,0.0858,0.421,0.399,0,0,0,0,0,0,0.455,21.111111111,25.555555556
1,0.654,0.114,0.421,0.46,0,0,0,0,0,0,0.625,21.111111111,26.666666667
1,0.654,0.133,0.421,0.46,0,0,0,0,0,0,0.345,21.111111111,26.666666667
1,0.654,0.149,0.421,0.445,0,0,0,0,0,0,0.423,21.111111111,26.666666667
0.742,0.631,0.124,0.421,0.332,0,0,0,0,0,0,0.372,21.111111111,26.666666667
0.5,0.609,0.0956,0.421,0.234,0,0,0,0,0,0,0.272,21.111111111,26.666666667
0.5,0.609,0.105,0.421,0.233,0,0,0,0,0,0,0.318,21.111111111,26.666666667
0.633,0.629,0.141,0.421,0.283,0,0,0,0,0,0,0.32,21.111111111,26.666666667
0.867,0.675,0.206,0.421,0.373,0,0,0,0,0,0,0.348,21.111111111,26.666666667
0.117,0.584,0.0473,0.421,0.0956,0,0,0,0,0,0,0.137,21.111111111,25.555555556
0,0.565,0.0162,0.421,0.0502,0,0,0,0,0,0,0,21.111111111,25.555555556
0.133,0.593,0.101,0.498,0.152,0,0,0,0,0,0,0,21.111111111,25.555555556
0.5,0.667,0.356,0.711,0.45,0,0,0,0,0,0,0,21.111111111,25.555555556
0.758,0.687,0.605,0.86,0.718,0,0,0,0,0,0,0.0341,21.111111111,25.555555556
1,0.669,0.684,1,0.818,0,0,0,0,0,0,0,21.111111111,25.555555556
1,0.609,0.368,0.923,0.455,0,0,0,0,0,0,0,21.111111111,25.555555556
1,0.568,0.0919,0.706,0.134,0,0,0,0,0,0,0.283,21.111111111,25.555555556
1,0.565,0.0162,0.421,0.0502,0,0,0,0,0,0,0,21.111111111,25.555555556
1,0.565,0.0162,0.421,0.0502,0,0,0,0,0,0,0,21.111111111,25.555555556
1,0.565,0.0162,0.421,0.0502,0,0,0,0,0,0,0,21.111111111,25.555555556
1,0.565,0.0162,0.421,0.0502,0,0,0,0,0,0,0,21.111111111,25.555555556
1,0.565,0.0162,0.421,0.0502,0,0,0,0,0,0,0,21.111111111,25.555555556
1,0.568,0.0226,0.498,0.0898,0,0,0,0,0,0,0.213,21.111111111,25.555555556
0.617,0.568,0.0218,0.489,0.0849,0,0,0,0,0,0,0,21.111111111,25.555555556
0.5,0.565,0.0162,0.421,0.0502,0,0,0,0,0,0,0,21.111111111,25.555555556
0.367,0.565,0.0162,0.421,0.0502,0,0,0,0,0,0,0,21.111111111,26.666666667
0,0.565,0.0162,0.421,0.0502,0,0,0,0,0,0,0,21.111111111,26.666666667
0.133,0.576,0.0354,0.421,0.101,0,0,0,0,0,0,0.102,21.111111111,26.666666667
0.5,0.609,0.0894,0.421,0.239,0,0,0,0,0,0,0.188,21.111111111,26.666666667
0.367,0.597,0.0722,0.421,0.185,0,0,0,0,0,0,0.378,21.111111111,26.666666667
0,0.565,0.0162,0.421,0.0502,0,0,0,0,0,0,0,21.111111111,26.666666667
0,0.565,0.0162,0.421,0.0502,0,0,0,0,0,0,0,21.111111111,26.666666667
0,0.565,0.0162,0.421,0.0502,0,0,0,0,0,0,0,21.111111111,26.666666667
0,0.565,0.0162,0.421,0.0502,0,0,0,0,0,0,0,21.111111111,25.555555556
0.383,0.649,0.159,0.487,0.241,0,0,0,0,0,0.233,0.137,21.111111111,25.555555556
0.883,0.763,0.464,0.878,0.616,0,0,0,0,0,0,0.273,21.111111111,25.555555556
1,0.77,0.695,1,0.85,0,0,0,0,0,0,0.271,21.111111111,25.555555556
1,0.731,0.796,1,0.933,0,0,0,0,0,0,0,21.111111111,25.555555556
1,0.661,0.625,0.923,0.75,0,0,0,0,0,0,0.0341,21.111111111,25.555555556
1,0.587,0.204,0.711,0.266,0,0,0,0,0,0,0,21.111111111,25.555555556
1,0.568,0.0949,0.711,0.135,0,0,0,0,0,0,0,21.111111111,25.555555556
1,0.565,0.0162,0.421,0.0502,0,0,0,0,0,0,0.105,21.111111111,25.555555556
1,0.565,0.0185,0.421,0.0502,0,0,0,0,0,0,0,21.111111111,25.555555556
1,0.565,0.0185,0.421,0.0502,0,0,0,0,0,0,0,21.111111111,25.555555556
1,0.565,0.0185,0.421,0.0502,0,0,0,0,0,0,0,21.111111111,25.555555556
1,0.565,0.0185,0.421,0.0502,0,0,0,0,0,0,0,21.111111111,25.555555556
1,0.565,0.0185,0.421,0.0502,0,0,0,0,0,0,0,21.111111111,25.555555556
1,0.565,0.0185,0.421,0.0502,0,0,0,0,0,0,0,21.111111111,25.555555556
0.992,0.594,0.0552,0.421,0.199,0,0,0,0,0,0,0.0683,21.111111111,25.555555556
0.5,0.576,0.0439,0.421,0.105,0,0,0,0,0,0,0.0341,21.111111111,25.555555556
0.5,0.609,0.119,0.421,0.255,0,0,0,0,0,0,0,21.111111111,25.555555556
0.758,0.632,0.2,0.421,0.349,0,0,0,0,0,0,0.0341,21.111111111,25.555555556
1,0.654,0.279,0.421,0.429,0,0,0,0,0,0.0167,0,21.111111111,25.555555556
1,0.654,0.308,0.421,0.418,0,0,0,0,0,0.217,0,21.111111111,25.555555556
0.992,0.653,0.357,0.421,0.412,0,0,0,0,0,0,0.0683,21.111111111,25.555555556
0.508,0.614,0.216,0.421,0.236,0,0,0,0,0,0,0.239,21.111111111,25.555555556
1,0.675,0.383,0.421,0.373,0,0,0,0,0,0,0.307,21.111111111,25.555555556
1,0.654,0.24,0.421,0.253,0,0,0,0,0,0,0.0683,21.111111111,25.555555556
1,0.674,0.257,0.487,0.294,0,0,0,0,0,0,0.273,21.111111111,25.555555556
1,0.677,0.312,0.678,0.367,0,0,0,0,0,0,0,21.111111111,25.555555556
1,0.667,0.393,0.711,0.45,0,0,0,0,0,0,0,21.111111111,25.555555556
1,0.648,0.432,0.711,0.492,0,0,0,0,0,0,0.0341,21.111111111,25.555555556
1,0.617,0.368,0.711,0.434,0,0,0,0,0,0,0.102,21.111111111,25.555555556
1,0.587,0.224,0.711,0.266,0,0,0,0,0,0,0.0341,21.111111111,25.555555556
1,0.568,0.106,0.711,0.135,0,0,0,0,0,0,0.0341,21.111111111,25.555555556
1,0.564,0.0278,0.489,0.059,0,0,0,0,0,0,0,21.111111111,25.555555556
1,0.563,0.0308,0.711,0.0595,0,0,0,0,0,0,0,21.111111111,25.555555556
1,0.563,0.0214,0.706,0.0502,0,0,0,0,0,0,0,21.111111111,25.555555556
1,0.565,0.0185,0.421,0.0502,0,0,0,0,0,0,0,21.111111111,25.555555556
1,0.565,0.0185,0.421,0.0502,0,0,0,0,0,0,0,21.111111111,25.555555556
1,0.565,0.0185,0.421,0.0502,0,0,0,0,0,0,0,21.111111111,25.555555556
1,0.565,0.0185,0.421,0.0502,0,0,0,0,0,0,0,21.111111111,25.555555556
1,0.576,0.0371,0.421,0.105,0,0,0,0,0,0,0,21.111111111,25.555555556
0.867,0.597,0.0696,0.421,0.2,0,0,0,0,0,0,0,21.111111111,25.555555556
0.5,0.599,0.0969,0.421,0.207,0,0,0,0,0,0,0,21.111111111,25.555555556
0.5,0.609,0.137,0.421,0.248,0,0,0,0,0,0,0.0683,21.111111111,25.555555556
0.508,0.61,0.151,0.421,0.242,0,0,0,0,0,0,0.0341,21.111111111,25.555555556
1,0.654,0.308,0.421,0.418,0,0,0.0826,0.237,0.0333,0,0.137,21.111111111,25.555555556
1,0.654,0.36,0.421,0.415,0,0,0.698,0,1,0.233,0.171,21.111111111,25.555555556
1,0.662,0.407,0.421,0.417,0,0,0.387,0,0.267,0,0.0683,21.111111111,25.555555556
0.992,0.696,0.438,0.421,0.422,0,0,0.221,0,0,0,0.0683,21.111111111,25.555555556
0.5,0.654,0.24,0.421,0.253,0,0,0,0,0,0,0.0341,21.111111111,25.555555556
0.5,0.674,0.257,0.487,0.294,0,0,0,0,0,0,0.273,21.111111111,25.555555556
0.5,0.677,0.312,0.678,0.367,0,0,0,0,0,0,0.0341,21.111111111,25.555555556
0.5,0.667,0.393,0.711,0.45,0,0,0,0,0,0,0.0341,21.111111111,25.555555556
0.5,0.648,0.432,0.711,0.492,0,0,0,0,0,0,0,21.111111111,25.555555556
0.883,0.654,0.627,0.932,0.718,0,0,0,0,0,0,0,21.111111111,25.555555556
1,0.594,0.281,0.778,0.326,0,0,0,0,0,0,0,21.111111111,25.555555556
1,0.566,0.0425,0.489,0.0739,0,0,0,0,0,0,0,21.111111111,25.555555556
1,0.563,0.0517,0.711,0.0812,0,0,0,0,0,0,0.0683,21.111111111,25.555555556
1,0.565,0.0162,0.421,0.0502,0,0,0,0,0,0,0,21.111111111,25.555555556
1,0.565,0.0162,0.421,0.0502,0,0,0,0,0,0,0,21.111111111,25.555555556
1,0.565,0.0162,0.421,0.0502,0,0,0,0,0,0,0,21.111111111,25.555555556
1,0.564,0.0194,0.498,0.0633,0,0,0,0,0,0,0.175,21.111111111,25.555555556
0.742,0.567,0.0284,0.638,0.113,0,0,0,0,0,0,0.268,21.111111111,25.555555556
0.5,0.584,0.0436,0.633,0.211,0,0,0,0,0,0,0.443,21.111111111,25.555555556
0.242,0.582,0.0338,0.421,0.144,0,0,0,0,0,0,0.102,21.111111111,25.555555556
0,0.565,0.0162,0.421,0.0502,0,0,0,0,0,0,0,21.111111111,26.666666667
0,0.565,0.0162,0.421,0.0502,0,0,0,0,0,0,0,21.111111111,26.666666667
0,0.565,0.0162,0.421,0.0502,0,0,0,0,0,0,0,21.111111111,26.666666667
0.133,0.576,0.0366,0.421,0.0994,0,0,0,0,0,0,0.0341,21.111111111,26.666666667
0.492,0.609,0.0941,0.421,0.231,0,0,0,0,0,0,0.171,21.111111111,26.666666667
0,0.565,0.0162,0.421,0.0502,0,0,0,0,0,0,0,21.111111111,26.666666667
0,0.565,0.0162,0.421,0.0502,0,0,0,0,0,0,0,21.111111111,26.666666667
0.383,0.617,0.104,0.421,0.195,0,0,0,0,0,0,0.374,21.111111111,26.666666667
0.5,0.654,0.158,0.421,0.253,0,0,0,0,0,0,0.16,21.111111111,25.555555556
0.5,0.674,0.198,0.487,0.294,0,0,0,0,0,0,0.219,21.111111111,25.555555556
0.883,0.763,0.464,0.878,0.616,0,0,0,0,0,0,0.137,21.111111111,25.555555556
0.867,0.746,0.589,0.923,0.731,0,0,0,0,0,0,0.0341,21.111111111,25.555555556
0.633,0.664,0.506,0.788,0.606,0,0,0,0,0,0,0,21.111111111,25.555555556
1,0.668,0.681,0.995,0.814,0,0,0,0,0,0,0,21.111111111,25.555555556
1,0.587,0.203,0.706,0.265,0,0,0,0,0,0,0,21.111111111,25.555555556
1,0.565,0.0162,0.421,0.0502,0,0,0,0,0,0,0,21.111111111,25.555555556
1,0.565,0.0162,0.421,0.0502,0,0,0,0,0,0,0,21.111111111,25.555555556
1,0.565,0.0162,0.421,0.0502,0,0,0,0,0,0,0,21.111111111,25.555555556
1,0.565,0.0162,0.421,0.0502,0,0,0,0,0,0,0,21.111111111,25.555555556
1,0.565,0.0162,0.421,0.0502,0,0,0,0,0,0,0,21.111111111,25.555555556
1,0.565,0.0162,0.421,0.0502,0,0,0,0,0,0,0,21.111111111,25.555555556
1,0.572,0.0291,0.575,0.129,0,0,0,0,0,0,0.121,21.111111111,25.555555556
1,0.604,0.071,0.846,0.372,0,0,0,0,0,0.267,0.181,21.111111111,25.555555556
0.867,0.631,0.0819,0.421,0.39,0,0,0,0,0,0.45,0.271,21.111111111,25.555555556
0.5,0.609,0.0653,0.421,0.255,0,0,0,0,0,0,0.0683,21.111111111,26.666666667
0.5,0.609,0.0747,0.421,0.255,0,0,0,0,0,0,0,21.111111111,26.666666667
0.5,0.609,0.0825,0.421,0.248,0,0,0,0,0,0,0,21.111111111,26.666666667
0.5,0.609,0.0894,0.421,0.239,0,0,0,0,0,0,0.171,21.111111111,26.666666667
0.242,0.586,0.0531,0.421,0.139,0,0,0,0,0,0,0.137,21.111111111,26.666666667
0,0.565,0.0162,0.421,0.0502,0,0,0,0,0,0,0,21.111111111,26.666666667
0,0.565,0.0162,0.421,0.0502,0,0,0,0,0,0,0,21.111111111,26.666666667
0,0.565,0.0162,0.421,0.0502,0,0,0,0,0,0,0,21.111111111,26.666666667
0,0.565,0.0162,0.421,0.0502,0,0,0,0,0,0,0,21.111111111,25.555555556
0.642,0.706,0.26,0.552,0.376,0,0,0,0,0,0,0.173,21.111111111,25.555555556
1,0.79,0.517,0.936,0.684,0,0,0,0,0,0,0.171,21.111111111,25.555555556
1,0.77,0.695,1,0.85,0,0,0,0,0,0,0,21.111111111,25.555555556
1,0.669,0.498,0.778,0.596,0,0,0,0,0,0,0.239,21.111111111,25.555555556
1,0.617,0.35,0.711,0.434,0,0,0,0,0,0,0,21.111111111,25.555555556
1,0.586,0.18,0.633,0.239,0,0,0,0,0,0,0.0341,21.111111111,25.555555556
1,0.565,0.0162,0.421,0.0502,0,0,0,0,0,0,0,21.111111111,25.555555556
1,0.565,0.0162,0.421,0.0502,0,0,0,0,0,0,0,21.111111111,25.555555556
1,0.565,0.0162,0.421,0.0502,0,0,0,0,0,0,0,21.111111111,25.555555556
1,0.565,0.0162,0.421,0.0502,0,0,0,0,0,0,0,21.111111111,25.555555556
1,0.564,0.0173,0.498,0.0508,0,0,0,0,0,0,0.0341,21.111111111,25.555555556
1,0.564,0.0172,0.489,0.0508,0,0,0,0,0,0,0,21.111111111,25.555555556
1,0.568,0.0256,0.571,0.102,0,0,0,0,0,0,0.355,21.111111111,25.555555556
1,0.584,0.0436,0.633,0.211,0,0,0,0,0,0,0.288,21.111111111,25.555555556
0.992,0.603,0.0545,0.421,0.244,0,0,0,0,0,0,0.337,21.111111111,25.555555556
0.5,0.565,0.0162,0.421,0.0502,0,0,0,0,0,0,0,21.111111111,26.666666667
0.5,0.565,0.0162,0.421,0.0502,0,0,0,0,0,0,0,21.111111111,26.666666667
0.5,0.565,0.0162,0.421,0.0502,0,0,0,0,0,0,0,21.111111111,26.666666667
0.5,0.565,0.0175,0.421,0.0533,0,0,0,0,0,0,0.0341,21.111111111,26.666666667
0.367,0.597,0.0722,0.421,0.185,0,0,0,0,0,0,0.102,21.111111111,26.666666667
0,0.565,0.0162,0.421,0.0502,0,0,0,0,0,0,0,21.111111111,26.666666667
0.258,0.592,0.0676,0.421,0.145,0,0,0,0,0,0,0.205,21.111111111,26.666666667
0.5,0.579,0.0408,0.421,0.0934,0,0,0,0,0,0,0,21.111111111,26.666666667
0.242,0.565,0.0162,0.421,0.0502,0,0,0,0,0,0,0,21.111111111,25.555555556
0.00833,0.566,0.02,0.425,0.0551,0,0,0,0,0,0,0,21.111111111,25.555555556
0.883,0.763,0.464,0.878,0.616,0,0,0,0,0,0,0,21.111111111,25.555555556
1,0.77,0.695,1,0.85,0,0,0,0,0,0,0.137,21.111111111,25.555555556
1,0.731,0.796,1,0.933,0,0,0,0,0,0,0.0692,21.111111111,25.555555556
0.992,0.668,0.677,0.99,0.81,0,0,0,0,0,0,0.334,21.111111111,25.555555556
0.758,0.565,0.0162,0.421,0.0502,0,0,0,0,0,0,0,21.111111111,25.555555556
1,0.565,0.0162,0.421,0.0502,0,0,0,0,0,0,0,21.111111111,25.555555556
1,0.565,0.0162,0.421,0.0502,0,0,0,0,0,0,0,21.111111111,25.555555556
1,0.565,0.0162,0.421,0.0502,0,0,0,0,0,0,0,21.111111111,25.555555556
1,0.565,0.0162,0.421,0.0502,0,0,0,0,0,0,0,21.111111111,25.555555556
1,0.565,0.0162,0.421,0.0502,0,0,0,0,0,0,0,21.111111111,25.555555556
1,0.564,0.0194,0.498,0.0633,0,0,0,0,0,0,0.135,21.111111111,25.555555556
0.867,0.563,0.0249,0.633,0.0861,0,0,0,0,0,0,0.143,21.111111111,25.555555556
0.5,0.565,0.0162,0.421,0.0502,0,0,0,0,0,0,0,21.111111111,25.555555556
0.5,0.565,0.0162,0.421,0.0502,0,0,0,0,0,0,0,21.111111111,25.555555556
0.5,0.565,0.0162,0.421,0.0502,0,0,0,0,0,0,0,21.111111111,26.666666667
0.5,0.576,0.0333,0.421,0.104,0,0,0,0,0,0,0.224,21.111111111,26.666666667
0.5,0.609,0.0825,0.421,0.248,0,0,0,0,0,0,0.118,21.111111111,26.666666667
0.5,0.609,0.0894,0.421,0.239,0,0,0,0,0,0,0.345,21.111111111,26.666666667
0.5,0.609,0.0956,0.421,0.234,0,0,0,0,0,0,0.205,21.111111111,26.666666667
0.367,0.597,0.0804,0.421,0.184,0,0,0,0,0,0,0.171,21.111111111,26.666666667
0,0.565,0.0162,0.421,0.0502,0,0,0,0,0,0,0,21.111111111,26.666666667
0,0.565,0.0162,0.421,0.0502,0,0,0,0,0,0,0,21.111111111,26.666666667
0.383,0.635,0.127,0.421,0.208,0,0,0,0,0,0,0.121,21.111111111,25.555555556
0.375,0.647,0.156,0.487,0.237,0,0,0,0,0,0,0.347,21.111111111,25.555555556
0.883,0.763,0.464,0.878,0.616,0,0,0,0,0,0,0.0341,21.111111111,25.555555556
1,0.77,0.695,1,0.85,0,0,0,0,0,0,0.336,21.111111111,25.555555556
1,0.731,0.796,1,0.933,0,0,0,0,0,0,0.232,21.111111111,25.555555556
1,0.669,0.684,1,0.818,0,0,0,0,0,0,0.325,21.111111111,25.555555556
1,0.609,0.368,0.923,0.455,0,0,0,0,0,0,0.0341,21.111111111,25.555555556
1,0.566,0.0377,0.489,0.0739,0,0,0,0,0,0,0,21.111111111,25.555555556
1,0.565,0.0162,0.421,0.0502,0,0,0,0,0,0,0,21.111111111,25.555555556
1,0.565,0.0162,0.421,0.0502,0,0,0,0,0,0,0,21.111111111,25.555555556
1,0.565,0.0162,0.421,0.0502,0,0,0,0,0,0,0,21.111111111,25.555555556
1,0.565,0.0162,0.421,0.0502,0,0,0,0,0,0,0,21.111111111,25.555555556
1,0.564,0.0194,0.498,0.0633,0,0,0,0,0,0,0.256,21.111111111,25.555555556
1,0.567,0.0314,0.711,0.126,0,0,0,0,0,0,0.332,21.111111111,25.555555556
0.867,0.584,0.0436,0.633,0.211,0,0,0,0,0,0,0.32,21.111111111,25.555555556
0.117,0.573,0.0247,0.421,0.0956,0,0,0,0,0,0,0.13,21.111111111,25.555555556
0,0.565,0.0162,0.421,0.0502,0,0,0,0,0,0,0,21.111111111,26.666666667
0,0.565,0.0162,0.421,0.0502,0,0,0,0,0,0,0,21.111111111,26.666666667
0,0.565,0.0162,0.421,0.0502,0,0,0,0,0,0,0,21.111111111,26.666666667
0,0.565,0.0162,0.421,0.0502,0,0,0,0,0,0,0,21.111111111,26.666666667
0,0.565,0.0162,0.421,0.0502,0,0,0,0,0,0,0,21.111111111,26.666666667
0,0.565,0.0162,0.421,0.0502,0,0,0,0,0,0,0,21.111111111,26.666666667
0,0.565,0.0162,0.421,0.0502,0,0,0,0,0,0,0,21.111111111,26.666666667
0.00833,0.566,0.0184,0.421,0.0535,0,0,0,0,0,0.0167,0,21.111111111,26.666666667
0.5,0.654,0.158,0.421,0.253,0,0,0,0,0,0.217,0.102,21.111111111,25.555555556
0.758,0.729,0.295,0.548,0.424,0,0,0,0,0,0,0.0683,21.111111111,25.555555556
1,0.677,0.267,0.678,0.367,0,0,0,0,0,0,0.102,21.111111111,25.555555556
1,0.667,0.356,0.711,0.45,0,0,0,0,0,0,0,21.111111111,25.555555556
1,0.648,0.406,0.711,0.492,0,0,0,0,0,0,0.0683,21.111111111,25.555555556
1,0.579,0.104,0.489,0.151,0,0,0,0,0,0,0.137,21.111111111,25.555555556
1,0.565,0.0162,0.421,0.0502,0,0,0,0,0,0,0,21.111111111,25.555555556
1,0.565,0.0168,0.421,0.0502,0,0,0,0,0,0,0,21.111111111,25.555555556
1,0.565,0.0162,0.421,0.0502,0,0,0,0,0,0,0,21.111111111,25.555555556
1,0.565,0.0185,0.421,0.0502,0,0,0,0,0,0,0,21.111111111,25.555555556
1,0.565,0.0185,0.421,0.0502,0,0,0,0,0,0,0,21.111111111,25.555555556
1,0.565,0.0185,0.421,0.0502,0,0,0,0,0,0,0,21.111111111,25.555555556
1,0.565,0.0185,0.421,0.0502,0,0,0,0,0,0,0,21.111111111,25.555555556
1,0.565,0.0185,0.421,0.0502,0,0,0,0,0,0,0,21.111111111,25.555555556
1,0.565,0.0185,0.421,0.0502,0,0,0,0,0,0,0,21.111111111,25.555555556
1,0.576,0.0371,0.421,0.105,0,0,0,0,0,0,0,21.111111111,25.555555556
1,0.621,0.12,0.421,0.31,0,0,0,0,0,0,0.158,21.111111111,25.555555556
1,0.654,0.22,0.421,0.46,0,0,0,0,0,0,0.153,21.111111111,25.555555556
1,0.654,0.256,0.421,0.445,0,0,0,0,0,0.233,0.0341,21.111111111,25.555555556
1,0.654,0.279,0.421,0.429,0,0,0,0,0,0,0.0683,21.111111111,25.555555556
1,0.654,0.308,0.421,0.418,0,0,0,0,0,0,0.0341,21.111111111,25.555555556
1,0.654,0.36,0.421,0.415,0,0,0,0,0,0,0.0341,21.111111111,25.555555556
1,0.662,0.407,0.421,0.417,0,0,0,0,0,0,0.0683,21.111111111,25.555555556
1,0.698,0.442,0.421,0.425,0,0,0,0,0,0,0.239,21.111111111,25.555555556
1,0.744,0.462,0.421,0.456,0,0,0,0,0,0,0.171,21.111111111,25.555555556
1,0.783,0.496,0.552,0.538,0,0,0,0,0,0.233,0,21.111111111,25.555555556
1,0.79,0.605,0.936,0.684,0,0,0,0,0,0,0.0683,21.111111111,25.555555556
1,0.77,0.768,1,0.85,0,0,0,0,0,0,0.102,21.111111111,25.555555556
1,0.731,0.845,1,0.933,0,0,0,0,0,0,0,21.111111111,25.555555556
1,0.669,0.718,1,0.818,0,0,0,0,0,0,0,21.111111111,25.555555556
1,0.607,0.374,0.846,0.428,0,0,0,0,0,0,0,21.111111111,25.555555556
1,0.565,0.0185,0.421,0.0502,0,0,0,0,0,0,0,21.111111111,25.555555556
1,0.565,0.0185,0.421,0.0502,0,0,0,0,0,0,0,21.111111111,25.555555556
1,0.565,0.0185,0.421,0.0502,0,0,0,0,0,0,0,21.111111111,25.555555556
1,0.565,0.0185,0.421,0.0502,0,0,0,0,0,0,0,21.111111111,25.555555556
1,0.565,0.0185,0.421,0.0502,0,0,0,0,0,0,0,21.111111111,25.555555556
1,0.565,0.0185,0.421,0.0502,0,0,0,0,0,0,0,21.111111111,25.555555556
1,0.565,0.0185,0.421,0.0502,0,0,0,0,0,0,0,21.111111111,25.555555556
1,0.565,0.0185,0.421,0.0502,0,0,0,0,0,0,0,21.111111111,25.555555556
1,0.576,0.0371,0.421,0.105,0,0,0,0,0,0,0,21.111111111,25.555555556
1,0.621,0.12,0.421,0.31,0,0,0,0,0,0,0,21.111111111,25.555555556
0.617,0.62,0.141,0.421,0.303,0,0,0,0,0,0,0,21.111111111,25.555555556
0.883,0.644,0.229,0.421,0.399,0,0,0.422,0.746,0.0333,0,0,21.111111111,25.555555556
1,0.654,0.279,0.421,0.429,0,0,0.461,0,1,0,0.307,21.111111111,25.555555556
1,0.654,0.308,0.421,0.418,0,0,0.64,0,0.267,0,0.307,21.111111111,25.555555556
1,0.654,0.36,0.421,0.415,0,0,0,0,0,0,0.171,21.111111111,25.555555556
1,0.646,0.351,0.421,0.367,0,0,0,0,0,0,0.0341,21.111111111,25.555555556
1,0.631,0.23,0.421,0.238,0,0,0,0,0,0,0.137,21.111111111,25.555555556
1,0.654,0.24,0.421,0.253,0,0,0,0,0,0.267,0.102,21.111111111,25.555555556
1,0.758,0.443,0.552,0.485,0,0,0,0,0,0.45,0.239,21.111111111,25.555555556
1,0.79,0.605,0.936,0.684,0,0,0,0,0,0,0.0341,21.111111111,25.555555556
1,0.77,0.768,1,0.85,0.224,0.267,0,0,0,0,0.171,21.111111111,25.555555556
1,0.731,0.845,1,0.933,0.753,0.5,0,0,0,0,0,21.111111111,25.555555556
1,0.669,0.718,1,0.818,0.638,0,0,0,0,0,0,21.111111111,25.555555556
1,0.602,0.341,0.85,0.391,0,0,0,0,0,0,0,21.111111111,25.555555556
1,0.569,0.0951,0.633,0.125,0,0,0,0,0,0,0.0341,21.111111111,25.555555556
1,0.565,0.0185,0.421,0.0502,0,0,0,0,0,0,0,21.111111111,25.555555556
1,0.565,0.0162,0.421,0.0502,0,0,0,0,0,0,0,21.111111111,25.555555556
1,0.565,0.0162,0.421,0.0502,0,0,0,0,0,0,0,21.111111111,25.555555556
1,0.565,0.0162,0.421,0.0502,0,0,0,0,0,0,0,21.111111111,25.555555556
1,0.563,0.0214,0.643,0.0644,0,0,0,0,0,0,0.273,21.111111111,25.555555556
1,0.567,0.0314,0.711,0.126,0,0,0,0,0,0,0.323,21.111111111,25.555555556
1,0.601,0.0654,0.778,0.337,0,0,0,0,0,0,0.39,21.111111111,25.555555556
0.742,0.621,0.0728,0.421,0.341,0,0,0,0,0,0,0.534,21.111111111,25.555555556
0.367,0.597,0.0502,0.421,0.2,0,0,0,0,0,0,0.25,21.111111111,26.666666667
0,0.565,0.0162,0.421,0.0502,0,0,0,0,0,0,0,21.111111111,26.666666667
0,0.565,0.0162,0.421,0.0502,0,0,0,0,0,0,0,21.111111111,26.666666667
0,0.565,0.0162,0.421,0.0502,0,0,0,0,0,0,0,21.111111111,26.666666667
0,0.565,0.0162,0.421,0.0502,0,0,0,0,0,0,0,21.111111111,26.666666667
0,0.565,0.0162,0.421,0.0502,0,0,0,0,0,0,0,21.111111111,26.666666667
0,0.565,0.0162,0.421,0.0502,0,0,0,0,0,0,0,21.111111111,26.666666667
0.383,0.617,0.104,0.421,0.195,0,0,0,0,0,0,0.102,21.111111111,26.666666667
0.492,0.653,0.155,0.421,0.249,0,0,0,0,0,0,0.0683,21.111111111,25.555555556
0,0.565,0.0162,0.421,0.0502,0,0,0,0,0,0,0,21.111111111,25.555555556
0.258,0.622,0.158,0.56,0.226,0,0,0,0,0,0.233,0,21.111111111,25.555555556
0.633,0.692,0.461,0.788,0.569,0,0,0,0,0,0,0,21.111111111,25.555555556
1,0.731,0.796,1,0.933,0,0,0,0,0,0,0,21.111111111,25.555555556
1,0.669,0.684,1,0.818,0,0,0,0,0,0,0,21.111111111,25.555555556
1,0.61,0.391,0.995,0.48,0,0,0,0,0,0,0.281,21.111111111,25.555555556
1,0.568,0.0925,0.711,0.135,0,0,0,0,0,0,0.0557,21.111111111,25.555555556
1,0.565,0.0162,0.421,0.0502,0,0,0,0,0,0,0,21.111111111,25.555555556
1,0.565,0.0162,0.421,0.0502,0,0,0,0,0,0,0,21.111111111,25.555555556
1,0.565,0.0162,0.421,0.0502,0,0,0,0,0,0,0,21.111111111,25.555555556
1,0.565,0.0162,0.421,0.0502,0,0,0,0,0,0,0,21.111111111,25.555555556
1,0.564,0.0194,0.498,0.0633,0,0,0,0,0,0.267,0.0683,21.111111111,25.555555556
1,0.57,0.0378,0.788,0.165,0,0,0,0,0,0.217,0.28,21.111111111,25.555555556
0.867,0.594,0.0613,0.846,0.32,0,0,0,0,0,0,0.287,21.111111111,25.555555556
0.242,0.582,0.0338,0.421,0.144,0,0,0,0,0,0,0,21.111111111,25.555555556
0,0.565,0.0162,0.421,0.0502,0,0,0,0,0,0,0,21.111111111,26.666666667
0,0.565,0.0162,0.421,0.0502,0,0,0,0,0,0,0,21.111111111,26.666666667
0,0.565,0.0162,0.421,0.0502,0,0,0,0,0,0,0,21.111111111,26.666666667
0,0.565,0.0162,0.421,0.0502,0,0,0,0,0,0,0,21.111111111,26.666666667
0,0.565,0.0162,0.421,0.0502,0,0,0,0,0,0,0,21.111111111,26.666666667
0,0.565,0.0162,0.421,0.0502,0,0,0,0,0,0,0,21.111111111,26.666666667
0,0.565,0.0162,0.421,0.0502,0,0,0,0,0,0,0,21.111111111,26.666666667
0.133,0.565,0.0162,0.421,0.0502,0,0,0,0,0,0,0,21.111111111,26.666666667
0.5,0.565,0.0162,0.421,0.0502,0,0,0,0,0,0,0,21.111111111,25.555555556
0.5,0.649,0.159,0.487,0.241,0,0,0,0,0,0,0.239,21.111111111,25.555555556
0.633,0.706,0.352,0.756,0.469,0,0,0,0,0,0,0.0683,21.111111111,25.555555556
1,0.77,0.695,1,0.85,0.274,0.267,0,0,0,0,0.239,21.111111111,25.555555556
1,0.731,0.796,1,0.933,0.629,1,0,0,0,0,0,21.111111111,25.555555556
1,0.669,0.684,1,0.818,0.695,0.517,0,0,0,0,0,21.111111111,25.555555556
1,0.609,0.368,0.923,0.455,0,0,0,0,0,0,0,21.111111111,25.555555556
1,0.568,0.0925,0.711,0.135,0,0,0,0,0,0,0,21.111111111,25.555555556
1,0.564,0.0239,0.489,0.059,0,0,0,0,0,0,0,21.111111111,25.555555556
1,0.564,0.019,0.489,0.0532,0,0,0,0,0,0,0,21.111111111,25.555555556
1,0.565,0.0162,0.421,0.0502,0,0,0,0,0,0,0,21.111111111,25.555555556
1,0.565,0.0162,0.421,0.0502,0,0,0,0,0,0,0,21.111111111,25.555555556
1,0.563,0.0214,0.643,0.0644,0,0,0,0,0,0.767,0.0855,21.111111111,25.555555556
0.992,0.57,0.0374,0.783,0.163,0,0,0,0,0,1,0.317,21.111111111,25.555555556
0.5,0.584,0.0436,0.633,0.211,0,0,0,0,0,0.917,0.0683,21.111111111,25.555555556
0.242,0.582,0.0338,0.421,0.144,0,0,0,0,0,0,0.205,21.111111111,25.555555556
0,0.565,0.0162,0.421,0.0502,0,0,0,0,0,0,0,21.111111111,26.666666667
0,0.565,0.0162,0.421,0.0502,0,0,0,0,0,0,0,21.111111111,26.666666667
0,0.565,0.0162,0.421,0.0502,0,0,0,0,0,0,0,21.111111111,26.666666667
0,0.565,0.0162,0.421,0.0502,0,0,0,0,0,0,0,21.111111111,26.666666667
0,0.565,0.0162,0.421,0.0502,0,0,0,0,0,0,0,21.111111111,26.666666667
0,0.565,0.0162,0.421,0.0502,0,0,0,0,0,0,0,21.111111111,26.666666667
0,0.565,0.0162,0.421,0.0502,0,0,0,0,0,0,0,21.111111111,26.666666667
0,0.565,0.0162,0.421,0.0502,0,0,0,0,0,0,0,21.111111111,26.666666667
0.133,0.593,0.0603,0.421,0.11,0,0,0,0,0,0.267,0.102,21.111111111,25.555555556
0.633,0.704,0.258,0.552,0.372,0,0,0,0,0,0.217,0.137,21.111111111,25.555555556
1,0.79,0.517,0.936,0.684,0,0,0,0,0,0,0.0341,21.111111111,25.555555556
1,0.77,0.695,1,0.85,0,0,0,0,0,0,0.0683,21.111111111,25.555555556
1,0.731,0.796,1,0.933,0,0,0,0,0,0,0,21.111111111,25.555555556
1,0.669,0.684,1,0.818,0,0,0,0,0,0,0,21.111111111,25.555555556
1,0.594,0.257,0.778,0.326,0,0,0,0,0,0,0,21.111111111,25.555555556
1,0.568,0.0925,0.711,0.135,0,0,0,0,0,0,0.0341,21.111111111,25.555555556
1,0.564,0.0271,0.566,0.0624,0,0,0,0,0,0,0,21.111111111,25.555555556
1,0.565,0.0162,0.421,0.0502,0,0,0,0,0,0,0,21.111111111,25.555555556
1,0.565,0.0162,0.421,0.0502,0,0,0,0,0,0,0,21.111111111,25.555555556
1,0.565,0.0162,0.421,0.0502,0,0,0,0,0,0,0,21.111111111,25.555555556
1,0.564,0.0194,0.498,0.0633,0,0,0,0,0,0,0.203,21.111111111,25.555555556
1,0.57,0.0378,0.788,0.165,0,0,0,0,0,0,0.337,21.111111111,25.555555556
1,0.604,0.071,0.846,0.372,0,0,0,0,0,0,0.303,21.111111111,25.555555556
0.617,0.612,0.0637,0.421,0.293,0,0,0,0,0,0,0.539,21.111111111,25.555555556
0.117,0.575,0.027,0.421,0.0979,0,0,0,0,0,0,0.358,21.111111111,26.666666667
0.00833,0.565,0.0173,0.421,0.0536,0,0,0,0,0,0,0,21.111111111,26.666666667
0.5,0.609,0.0825,0.421,0.248,0,0,0,0,0,0,0.0181,21.111111111,26.666666667
0.5,0.609,0.0894,0.421,0.239,0,0,0,0,0,0,0.463,21.111111111,26.666666667
0.492,0.609,0.0941,0.421,0.231,0,0,0,0,0,0,0.0582,21.111111111,26.666666667
0.133,0.576,0.041,0.421,0.0989,0,0,0,0,0,0,0.0341,21.111111111,26.666666667
0.5,0.613,0.113,0.421,0.233,0,0,0,0,0,0,0.102,21.111111111,26.666666667
0.5,0.631,0.129,0.421,0.238,0,0,0,0,0,0,0.102,21.111111111,26.666666667
0.117,0.584,0.0473,0.421,0.0956,0,0,0,0,0,0,0,21.111111111,25.555555556
0,0.565,0.0162,0.421,0.0502,0,0,0,0,0,0,0,21.111111111,25.555555556
0,0.565,0.0162,0.421,0.0502,0,0,0,0,0,0,0,21.111111111,25.555555556
0.258,0.616,0.201,0.571,0.265,0,0,0,0,0,0,0.205,21.111111111,25.555555556
0.633,0.664,0.506,0.788,0.606,0,0,0,0,0,0,0,21.111111111,25.555555556
1,0.669,0.684,1,0.818,0,0,0,0,0,0,0,21.111111111,25.555555556
1,0.607,0.344,0.846,0.428,0,0,0,0,0,0,0,21.111111111,25.555555556
1,0.565,0.0162,0.421,0.0502,0,0,0,0,0,0,0,21.111111111,25.555555556
1,0.564,0.0239,0.489,0.059,0,0,0,0,0,0,0,21.111111111,25.555555556
1,0.565,0.0162,0.421,0.0502,0,0,0,0,0,0,0,21.111111111,25.555555556
1,0.565,0.0162,0.421,0.0502,0,0,0,0,0,0,0,21.111111111,25.555555556
1,0.565,0.0162,0.421,0.0502,0,0,0,0,0,0,0,21.111111111,25.555555556
1,0.565,0.0162,0.421,0.0502,0,0,0,0,0,0,0,21.111111111,25.555555556
1,0.565,0.0162,0.421,0.0502,0,0,0,0,0,0,0,21.111111111,25.555555556
0.867,0.565,0.0162,0.421,0.0502,0,0,0,0,0,0,0,21.111111111,25.555555556
0.5,0.565,0.0162,0.421,0.0502,0,0,0,0,0,0,0,21.111111111,25.555555556
0.5,0.576,0.0312,0.421,0.105,0,0,0,0,0,0,0.0341,21.111111111,26.666666667
0.242,0.586,0.0435,0.421,0.15,0,0,0,0,0,0,0.0341,21.111111111,26.666666667
0,0.565,0.0162,0.421,0.0502,0,0,0,0,0,0,0,21.111111111,26.666666667
0,0.565,0.0162,0.421,0.0502,0,0,0,0,0,0,0,21.111111111,26.666666667
0.383,0.599,0.0778,0.421,0.191,0,0,0,0,0,0.717,0.0341,21.111111111,26.666666667
0.5,0.609,0.105,0.421,0.233,0,0,0,0,0,0,0.102,21.111111111,26.666666667
0.5,0.613,0.113,0.421,0.233,0,0,0,0,0,0,0.375,21.111111111,26.666666667
0.5,0.631,0.129,0.421,0.238,0,0,0,0,0,0,0.137,21.111111111,26.666666667
0.125,0.586,0.05,0.421,0.0994,0,0,0,0,0,0,0.121,21.111111111,25.555555556
0.5,0.674,0.198,0.487,0.294,0,0,0,0,0,0,0.325,21.111111111,25.555555556
0.875,0.761,0.459,0.874,0.609,0,0,0,0,0,0,0,21.111111111,25.555555556
0.508,0.669,0.362,0.715,0.458,0,0,0,0,0,0,0.0171,21.111111111,25.555555556
1,0.731,0.796,1,0.933,0,0,0.617,0.78,0,0,0.28,21.111111111,25.555555556
1,0.661,0.625,0.923,0.75,0,0,0.65,0.22,0.783,0,0,21.111111111,25.555555556
1,0.587,0.204,0.711,0.266,0,0,0.492,0,0.25,0,0,21.111111111,25.555555556
1,0.568,0.0949,0.711,0.135,0,0,0.488,0,0,0,0.0744,21.111111111,25.555555556
1,0.565,0.0162,0.421,0.0502,0,0,0,0,0,0,0,21.111111111,25.555555556
1,0.565,0.0185,0.421,0.0502,0,0,0,0,0,0,0,21.111111111,25.555555556
1,0.565,0.0185,0.421,0.0502,0,0,0,0,0,0,0,21.111111111,25.555555556
1,0.565,0.0185,0.421,0.0502,0,0,0,0,0,0,0,21.111111111,25.555555556
1,0.565,0.0185,0.421,0.0502,0,0,0,0,0,0,0,21.111111111,25.555555556
1,0.565,0.0185,0.421,0.0502,0,0,0,0,0,0,0,21.111111111,25.555555556
1,0.574,0.0288,0.421,0.102,0,0,0,0,0,0,0.102,21.111111111,25.555555556
1,0.604,0.0654,0.421,0.247,0,0,0,0,0,0,0.171,21.111111111,25.555555556
1,0.609,0.095,0.421,0.255,0,0,0,0,0,0,0,21.111111111,25.555555556
1,0.621,0.15,0.421,0.308,0,0,0,0,0,0,0.205,21.111111111,25.555555556
1,0.654,0.256,0.421,0.445,0,0,0,0,0,0.233,0.0683,21.111111111,25.555555556
1,0.654,0.279,0.421,0.429,0,0,0,0,0,0,0.0683,21.111111111,25.555555556
1,0.654,0.308,0.421,0.418,0,0,0,0,0,0,0.0341,21.111111111,25.555555556
1,0.654,0.36,0.421,0.415,0,0,0,0,0,0,0,21.111111111,25.555555556
1,0.662,0.407,0.421,0.417,0,0,0,0,0,0,0.0683,21.111111111,25.555555556
1,0.698,0.442,0.421,0.425,0,0,0,0,0,0,0.0341,21.111111111,25.555555556
1,0.716,0.402,0.421,0.396,0,0,0,0,0,0,0.102,21.111111111,25.555555556
1,0.674,0.257,0.487,0.294,0,0,0,0,0,0,0.292,21.111111111,25.555555556
1,0.734,0.475,0.817,0.543,0,0,0,0,0,0,0.0182,21.111111111,25.555555556
1,0.77,0.768,1,0.85,0,0,0.466,0.746,0.0333,0,0,21.111111111,25.555555556
1,0.731,0.845,1,0.933,0,0,0.502,0,1,0,0.0683,21.111111111,25.555555556
1,0.669,0.718,1,0.818,0,0,0.367,0,0.267,0,0,21.111111111,25.555555556
1,0.609,0.402,0.923,0.455,0,0,0,0,0,0,0,21.111111111,25.555555556
1,0.568,0.106,0.711,0.135,0,0,0,0,0,0,0,21.111111111,25.555555556
1,0.563,0.0476,0.633,0.0779,0,0,0,0,0,0,0.0919,21.111111111,25.555555556
1,0.564,0.0221,0.489,0.0532,0,0,0,0,0,0,0,21.111111111,25.555555556
1,0.565,0.0185,0.421,0.0502,0,0,0,0,0,0,0,21.111111111,25.555555556
1,0.565,0.0185,0.421,0.0502,0,0,0,0,0,0,0,21.111111111,25.555555556
1,0.565,0.0185,0.421,0.0502,0,0,0,0,0,0,0,21.111111111,25.555555556
1,0.565,0.0185,0.421,0.0502,0,0,0,0,0,0,0,21.111111111,25.555555556
1,0.565,0.0185,0.421,0.0502,0,0,0,0,0,0,0,21.111111111,25.555555556
1,0.576,0.0371,0.421,0.105,0,0,0,0,0,0,0,21.111111111,25.555555556
1,0.609,0.095,0.421,0.255,0,0,0,0,0,0,0.137,21.111111111,25.555555556
1,0.644,0.198,0.421,0.412,0,0,0,0,0,0,0.271,21.111111111,25.555555556
1,0.654,0.256,0.421,0.445,0,0,0,0,0,0,0.143,21.111111111,25.555555556
1,0.654,0.279,0.421,0.429,0,0,0,0,0,0,0.27,21.111111111,25.555555556
0.867,0.642,0.264,0.421,0.369,0,0,0,0,0,0,0.191,21.111111111,25.555555556
0.758,0.632,0.281,0.421,0.327,0,0,0,0,0,0,0.0683,21.111111111,25.555555556
1,0.662,0.407,0.421,0.417,0,0,0.183,0.271,0,0,0.205,21.111111111,25.555555556
1,0.698,0.442,0.421,0.425,0,0,0.194,0.22,0.783,0,0.137,21.111111111,25.555555556
1,0.744,0.462,0.421,0.456,0,0,0.509,0,0.25,0,0,21.111111111,25.555555556
0.742,0.725,0.367,0.487,0.403,0,0,0.697,0,0,0,0,21.111111111,25.555555556
0.633,0.706,0.407,0.756,0.469,0,0,0.476,0,0,0,0.0683,21.111111111,25.555555556
1,0.77,0.768,1,0.85,0,0,0.624,0,0,0,0,21.111111111,25.555555556
1,0.731,0.845,1,0.933,0,0,0.557,0,0,0,0,21.111111111,25.555555556
1,0.669,0.718,1,0.818,0,0,0.666,0,0,0,0.0341,21.111111111,25.555555556
1,0.594,0.281,0.778,0.326,0,0,0.296,0,0,0.483,0.102,21.111111111,25.555555556
1,0.568,0.104,0.711,0.135,0,0,0,0,0,0,0,21.111111111,25.555555556
1,0.563,0.0517,0.711,0.0812,0,0,0,0,0,0,0,21.111111111,25.555555556
1,0.563,0.0254,0.711,0.0595,0,0,0,0,0,0,0.171,21.111111111,25.555555556
1,0.563,0.0176,0.633,0.0502,0,0,0,0,0,0,0.102,21.111111111,25.555555556
1,0.565,0.0162,0.421,0.0502,0,0,0,0,0,0,0,21.111111111,25.555555556
1,0.565,0.0162,0.421,0.0502,0,0,0,0,0,0,0,21.111111111,25.555555556
1,0.565,0.0162,0.421,0.0502,0,0,0,0,0,0,0,21.111111111,25.555555556
0.742,0.585,0.044,0.638,0.214,0,0,0,0,0,0,0.249,21.111111111,25.555555556
0.5,0.604,0.0553,0.421,0.247,0,0,0,0,0,0,0.0846,21.111111111,25.555555556
0.5,0.609,0.0653,0.421,0.255,0,0,0,0,0,0.233,0.288,21.111111111,26.666666667
0.117,0.575,0.0294,0.421,0.0984,0,0,0,0,0,0,0.0683,21.111111111,26.666666667
0,0.565,0.0162,0.421,0.0502,0,0,0,0,0,0,0,21.111111111,26.666666667
0,0.565,0.0162,0.421,0.0502,0,0,0,0,0,0,0,21.111111111,26.666666667
0,0.565,0.0162,0.421,0.0502,0,0,0,0,0,0,0,21.111111111,26.666666667
0,0.565,0.0162,0.421,0.0502,0,0,0,0,0,0,0,21.111111111,26.666666667
0.142,0.582,0.046,0.421,0.103,0,0,0,0,0,0.0167,0.0341,21.111111111,26.666666667
0.992,0.696,0.239,0.421,0.422,0,0,0,0,0,0.7,0.102,21.111111111,26.666666667
0.5,0.654,0.158,0.421,0.253,0,0,0,0,0,0,0,21.111111111,25.555555556
0.5,0.674,0.198,0.487,0.294,0,0,0,0,0,0.0167,0.116,21.111111111,25.555555556
0.5,0.677,0.267,0.678,0.367,0,0,0,0,0,0.217,0.137,21.111111111,25.555555556
0.633,0.692,0.461,0.788,0.569,0,0,0,0,0,0,0,21.111111111,25.555555556
1,0.715,0.696,0.923,0.818,0,0,0,0,0,0,0,21.111111111,25.555555556
1,0.609,0.291,0.633,0.366,0,0,0,0,0,0,0.0683,21.111111111,25.555555556
1,0.565,0.0162,0.421,0.0502,0,0,0,0,0,0,0,21.111111111,25.555555556
1,0.565,0.0162,0.421,0.0502,0,0,0,0,0,0,0,21.111111111,25.555555556
1,0.563,0.0436,0.711,0.0812,0,0,0,0,0,0,0.0341,21.111111111,25.555555556
1,0.565,0.0162,0.421,0.0502,0,0,0,0,0,0,0,21.111111111,25.555555556
1,0.565,0.0162,0.421,0.0502,0,0,0,0,0,0,0,21.111111111,25.555555556
1,0.565,0.0162,0.421,0.0502,0,0,0,0,0,0,0,21.111111111,25.555555556
1,0.564,0.0194,0.498,0.0633,0,0,0,0,0,0,0.176,21.111111111,25.555555556
1,0.567,0.0314,0.711,0.126,0,0,0,0,0,0,0.244,21.111111111,25.555555556
0.867,0.574,0.0339,0.633,0.159,0,0,0,0,0,0,0.339,21.111111111,25.555555556
0.5,0.576,0.0286,0.421,0.105,0,0,0,0,0,0,0.159,21.111111111,25.555555556
0.492,0.609,0.0643,0.421,0.252,0,0,0,0,0,0,0.286,21.111111111,26.666666667
0.258,0.588,0.0474,0.421,0.155,0,0,0,0,0,0,0.0341,21.111111111,26.666666667
0.5,0.609,0.0825,0.421,0.248,0,0,0,0,0,0,0.171,21.111111111,26.666666667
0.5,0.609,0.0894,0.421,0.239,0,0,0,0,0,0,0.102,21.111111111,26.666666667
0.367,0.597,0.0722,0.421,0.185,0,0,0,0,0,0,0,21.111111111,26.666666667
0,0.565,0.0162,0.421,0.0502,0,0,0,0,0,0,0,21.111111111,26.666666667
0.133,0.565,0.0162,0.421,0.0502,0,0,0,0,0,0,0,21.111111111,26.666666667
0.5,0.565,0.0162,0.421,0.0502,0,0,0,0,0,0,0,21.111111111,26.666666667
0.5,0.565,0.0162,0.421,0.0502,0,0,0,0,0,0,0,21.111111111,25.555555556
0.883,0.649,0.159,0.487,0.241,0,0,0,0,0,0,0,21.111111111,25.555555556
1,0.677,0.267,0.678,0.367,0,0,0,0,0,0,0.0341,21.111111111,25.555555556
1,0.667,0.356,0.711,0.45,0,0,0,0,0,0,0,21.111111111,25.555555556
1,0.648,0.406,0.711,0.492,0,0,0,0,0,0,0,21.111111111,25.555555556
1,0.617,0.35,0.711,0.434,0,0,0,0,0,0,0,21.111111111,25.555555556
1,0.587,0.204,0.711,0.266,0,0,0,0,0,0,0.0683,21.111111111,25.555555556
1,0.566,0.0377,0.489,0.0739,0,0,0,0,0,0,0,21.111111111,25.555555556
1,0.565,0.0162,0.421,0.0502,0,0,0,0,0,0,0,21.111111111,25.555555556
1,0.565,0.0162,0.421,0.0502,0,0,0,0,0,0,0,21.111111111,25.555555556
1,0.565,0.0162,0.421,0.0502,0,0,0,0,0,0,0,21.111111111,25.555555556
1,0.564,0.0173,0.498,0.0508,0,0,0,0,0,0,0.16,21.111111111,25.555555556
1,0.563,0.0224,0.711,0.0649,0,0,0,0,0,0,0.281,21.111111111,25.555555556
1,0.567,0.0314,0.711,0.126,0,0,0,0,0,0,0.377,21.111111111,25.555555556
0.742,0.571,0.0279,0.561,0.122,0,0,0,0,0,0,0.0683,21.111111111,25.555555556
0.5,0.576,0.0286,0.421,0.105,0,0,0,0,0,0,0.0341,21.111111111,25.555555556
0.117,0.575,0.027,0.421,0.0979,0,0,0,0,0,0,0,21.111111111,26.666666667
0,0.565,0.0162,0.421,0.0502,0,0,0,0,0,0,0,21.111111111,26.666666667
0,0.565,0.0162,0.421,0.0502,0,0,0,0,0,0,0,21.111111111,26.666666667
0,0.565,0.0162,0.421,0.0502,0,0,0,0,0,0,0,21.111111111,26.666666667
0,0.565,0.0162,0.421,0.0502,0,0,0,0,0,0,0,21.111111111,26.666666667
0,0.565,0.0162,0.421,0.0502,0,0,0,0,0,0,0,21.111111111,26.666666667
0,0.565,0.0162,0.421,0.0502,0,0,0,0,0,0,0,21.111111111,26.666666667
0,0.565,0.0162,0.421,0.0502,0,0,0,0,0,0,0,21.111111111,26.666666667
0.383,0.635,0.127,0.421,0.208,0,0,0,0,0,0,0.0683,21.111111111,25.555555556
0.883,0.758,0.34,0.552,0.485,0,0,0,0,0,0.0167,0.0683,21.111111111,25.555555556
1,0.79,0.517,0.936,0.684,0,0,0,0,0,0.217,0.478,21.111111111,25.555555556
1,0.77,0.695,1,0.85,0.257,0.267,0,0,0,0,0,21.111111111,25.555555556
1,0.73,0.79,0.995,0.926,0.688,0.233,0,0,0,0,0.0853,21.111111111,25.555555556
1,0.609,0.291,0.633,0.366,0,0,0,0,0,0,0.136,21.111111111,25.555555556
1,0.565,0.0162,0.421,0.0502,0,0,0,0,0,0,0,21.111111111,25.555555556
1,0.565,0.0162,0.421,0.0502,0,0,0,0,0,0,0,21.111111111,25.555555556
1,0.565,0.0162,0.421,0.0502,0,0,0,0,0,0,0,21.111111111,25.555555556
1,0.565,0.0162,0.421,0.0502,0,0,0,0,0,0,0,21.111111111,25.555555556
1,0.565,0.0162,0.421,0.0502,0,0,0,0,0,0,0,21.111111111,25.555555556
1,0.565,0.0162,0.421,0.0502,0,0,0,0,0,0,0,21.111111111,25.555555556
1,0.565,0.0162,0.421,0.0502,0,0,0,0,0,0,0,21.111111111,25.555555556
1,0.568,0.0226,0.498,0.0898,0,0,0,0,0,0,0.191,21.111111111,25.555555556
1,0.594,0.0533,0.633,0.263,0,0,0,0,0,0,0.195,21.111111111,25.555555556
0.617,0.612,0.0637,0.421,0.293,0,0,0,0,0,0,0.52,21.111111111,25.555555556
0.242,0.586,0.0386,0.421,0.149,0,0,0,0,0,0,0.137,21.111111111,26.666666667
0,0.565,0.0162,0.421,0.0502,0,0,0,0,0,0,0,21.111111111,26.666666667
0,0.565,0.0162,0.421,0.0502,0,0,0,0,0,0,0,21.111111111,26.666666667
0,0.565,0.0162,0.421,0.0502,0,0,0,0,0,0,0,21.111111111,26.666666667
0,0.565,0.0162,0.421,0.0502,0,0,0,0,0,0,0,21.111111111,26.666666667
0,0.565,0.0162,0.421,0.0502,0,0,0,0,0,0,0,21.111111111,26.666666667
0,0.565,0.0162,0.421,0.0502,0,0,0,0,0,0,0,21.111111111,26.666666667
0,0.565,0.0162,0.421,0.0502,0,0,0,0,0,0,0,21.111111111,26.666666667
0.133,0.593,0.0603,0.421,0.11,0,0,0,0,0,0,0.0341,21.111111111,25.555555556
0.242,0.616,0.0961,0.421,0.159,0,0,0,0,0,0,0.0341,21.111111111,25.555555556
0.258,0.622,0.158,0.56,0.226,0,0,0,0,0,0,0.0341,21.111111111,25.555555556
0.5,0.667,0.356,0.711,0.45,0,0,0,0,0,0,0.137,21.111111111,25.555555556
0.758,0.687,0.605,0.86,0.718,0,0,0,0,0,0,0.0683,21.111111111,25.555555556
1,0.669,0.684,1,0.818,0,0,0,0,0,0,0,21.111111111,25.555555556
1,0.61,0.393,1,0.482,0,0,0,0,0,0,0,21.111111111,25.555555556
1,0.573,0.16,0.923,0.209,0,0,0,0,0,0,0,21.111111111,25.555555556
1,0.565,0.0162,0.421,0.0502,0,0,0,0,0,0,0,21.111111111,25.555555556
1,0.563,0.0254,0.711,0.0595,0,0,0,0,0,0,0.0341,21.111111111,25.555555556
1,0.564,0.0166,0.489,0.0502,0,0,0,0,0,0,0,21.111111111,25.555555556
1,0.564,0.0173,0.498,0.0508,0,0,0,0,0,0,0.19,21.111111111,25.555555556
1,0.563,0.0224,0.711,0.0649,0,0,0,0,0,0,0.323,21.111111111,25.555555556
1,0.567,0.0314,0.711,0.126,0,0,0,0,0,0,0.299,21.111111111,25.555555556
0.75,0.588,0.0503,0.706,0.251,0,0,0,0,0,0,0.436,21.111111111,25.555555556
0.617,0.612,0.0637,0.421,0.293,0,0,0,0,0,0,0.302,21.111111111,25.555555556
0.5,0.609,0.0653,0.421,0.255,0,0,0,0,0,0,0.245,21.111111111,26.666666667
0.5,0.609,0.0747,0.421,0.255,0,0,0,0,0,0,0.324,21.111111111,26.666666667
0.242,0.586,0.0472,0.421,0.147,0,0,0,0,0,0,0,21.111111111,26.666666667
0,0.565,0.0162,0.421,0.0502,0,0,0,0,0,0,0,21.111111111,26.666666667
0,0.565,0.0162,0.421,0.0502,0,0,0,0,0,0,0,21.111111111,26.666666667
0,0.565,0.0162,0.421,0.0502,0,0,0,0,0,0,0,21.111111111,26.666666667
0.258,0.592,0.0676,0.421,0.145,0,0,0,0,0,0.233,0,21.111111111,26.666666667
0.242,0.594,0.0671,0.421,0.14,0,0,0,0,0,0,0,21.111111111,26.666666667
0.25,0.606,0.0828,0.421,0.148,0,0,0.0691,0.237,0.25,0,0.0683,21.111111111,25.555555556
0,0.565,0.0162,0.421,0.0502,0,0,0,0,0,0,0,21.111111111,25.555555556
0.517,0.679,0.299,0.698,0.401,0,0,0,0,0,0,0,21.111111111,25.555555556
0.875,0.743,0.615,0.928,0.754,0,0,0,0,0,0,0.137,21.111111111,25.555555556
1,0.731,0.796,1,0.933,0,0,0,0,0,0,0.0341,21.111111111,25.555555556
1,0.646,0.531,0.85,0.642,0,0,0,0,0,0,0.102,21.111111111,25.555555556
1,0.587,0.204,0.711,0.266,0,0,0,0,0,0,0,21.111111111,25.555555556
1,0.567,0.0613,0.561,0.0992,0,0,0,0,0,0,0,21.111111111,25.555555556
1,0.563,0.0436,0.711,0.0812,0,0,0,0,0,0,0.0341,21.111111111,25.555555556
1,0.565,0.0185,0.421,0.0502,0,0,0,0,0,0,0,21.111111111,25.555555556
1,0.565,0.0185,0.421,0.0502,0,0,0,0,0,0,0,21.111111111,25.555555556
1,0.565,0.0185,0.421,0.0502,0,0,0,0,0,0,0,21.111111111,25.555555556
1,0.565,0.0185,0.421,0.0502,0,0,0,0,0,0,0,21.111111111,25.555555556
1,0.565,0.0185,0.421,0.0502,0,0,0,0,0,0,0,21.111111111,25.555555556
1,0.565,0.0185,0.421,0.0502,0,0,0,0,0,0,0,21.111111111,25.555555556
1,0.565,0.0185,0.421,0.0502,0,0,0,0,0,0,0,21.111111111,25.555555556
1,0.599,0.0788,0.421,0.207,0,0,0,0,0,0,0.0341,21.111111111,25.555555556
1,0.609,0.119,0.421,0.255,0,0,0,0,0,0,0.0341,21.111111111,25.555555556
1,0.609,0.137,0.421,0.248,0,0,0,0,0,0,0,21.111111111,25.555555556
1,0.609,0.149,0.421,0.239,0,0,0,0,0,0,0.102,21.111111111,25.555555556
1,0.644,0.276,0.421,0.375,0,0,0,0,0,0,0.0341,21.111111111,25.555555556
1,0.654,0.36,0.421,0.415,0,0,0,0,0,0,0.102,21.111111111,25.555555556
1,0.662,0.407,0.421,0.417,0,0,0,0,0,0.267,0.171,21.111111111,25.555555556
1,0.675,0.383,0.421,0.373,0,0,0,0,0,0.217,0.0683,21.111111111,25.555555556
1,0.725,0.411,0.421,0.411,0,0,0,0,0,0,0.0683,21.111111111,25.555555556
0.992,0.781,0.492,0.548,0.533,0,0,0,0,0,0,0.0683,21.111111111,25.555555556
0.508,0.679,0.318,0.683,0.374,0,0,0,0,0,0,0.102,21.111111111,25.555555556
1,0.77,0.768,1,0.85,0,0,0,0,0,0,0.102,21.111111111,25.555555556
1,0.731,0.845,1,0.933,0,0,0,0,0,0,0,21.111111111,25.555555556
1,0.669,0.718,1,0.818,0,0,0,0,0,0,0,21.111111111,25.555555556
1,0.609,0.402,0.923,0.455,0,0,0,0,0,0,0.113,21.111111111,25.555555556
1,0.566,0.0431,0.489,0.0739,0,0,0,0,0,0,0,21.111111111,25.555555556
1,0.565,0.0185,0.421,0.0502,0,0,0,0,0,0,0,21.111111111,25.555555556
1,0.565,0.0185,0.421,0.0502,0,0,0,0,0,0,0,21.111111111,25.555555556
1,0.565,0.0185,0.421,0.0502,0,0,0,0,0,0,0,21.111111111,25.555555556
1,0.565,0.0185,0.421,0.0502,0,0,0,0,0,0,0,21.111111111,25.555555556
1,0.565,0.0185,0.421,0.0502,0,0,0,0,0,0,0,21.111111111,25.555555556
1,0.568,0.0232,0.498,0.0898,0,0,0,0,0,0.233,0.0341,21.111111111,25.555555556
1,0.584,0.0416,0.633,0.211,0,0,0,0,0,0,0.0341,21.111111111,25.555555556
1,0.604,0.0654,0.421,0.247,0,0,0,0,0,0,0.0341,21.111111111,25.555555556
1,0.609,0.095,0.421,0.255,0,0,0,0,0,0,0.102,21.111111111,25.555555556
1,0.644,0.198,0.421,0.412,0,0,0,0,0,0,0,21.111111111,25.555555556
1,0.654,0.256,0.421,0.445,0,0,0,0,0,0,0.0683,21.111111111,25.555555556
1,0.654,0.279,0.421,0.429,0,0,0,0,0,0.233,0.308,21.111111111,25.555555556
1,0.654,0.308,0.421,0.418,0,0,0,0,0,0,0.0683,21.111111111,25.555555556
1,0.654,0.36,0.421,0.415,0,0,0,0,0,0,0.102,21.111111111,25.555555556
1,0.662,0.407,0.421,0.417,0,0,0,0,0,0,0.0683,21.111111111,25.555555556
1,0.698,0.442,0.421,0.425,0,0,0,0,0,0,0.102,21.111111111,25.555555556
1,0.744,0.462,0.421,0.456,0.317,0.267,0,0,0,0,0.102,21.111111111,25.555555556
1,0.783,0.496,0.552,0.538,0.591,0.233,0,0,0,0,0.0341,21.111111111,25.555555556
1,0.79,0.605,0.936,0.684,0.798,0,0,0,0,0,0,21.111111111,25.555555556
1,0.77,0.768,1,0.85,0.27,0,0,0,0,0,0,21.111111111,25.555555556
1,0.731,0.845,1,0.933,0,0,0,0,0,0,0,21.111111111,25.555555556
1,0.661,0.653,0.923,0.75,0,0,0,0,0,0,0,21.111111111,25.555555556
1,0.587,0.224,0.711,0.266,0,0,0,0,0,0,0.0341,21.111111111,25.555555556
1,0.567,0.0688,0.561,0.0992,0,0,0,0,0,0,0,21.111111111,25.555555556
1,0.565,0.0185,0.421,0.0502,0,0,0,0,0,0,0,21.111111111,25.555555556
1,0.565,0.0162,0.421,0.0502,0,0,0,0,0,0,0,21.111111111,25.555555556
1,0.565,0.0162,0.421,0.0502,0,0,0,0,0,0,0,21.111111111,25.555555556
1,0.565,0.0162,0.421,0.0502,0,0,0,0,0,0,0,21.111111111,25.555555556
1,0.565,0.0162,0.421,0.0502,0,0,0,0,0,0,0,21.111111111,25.555555556
1,0.568,0.0226,0.498,0.0898,0,0,0,0,0,0,0.113,21.111111111,25.555555556
1,0.601,0.0654,0.778,0.337,0,0,0,0,0,0,0.416,21.111111111,25.555555556
0.992,0.642,0.0935,0.421,0.441,0,0,0,0,0,0,0.57,21.111111111,25.555555556
0.5,0.609,0.0653,0.421,0.255,0,0,0,0,0,0,0.191,21.111111111,26.666666667
0.242,0.586,0.0435,0.421,0.15,0,0,0,0,0,0,0.39,21.111111111,26.666666667
0.25,0.587,0.0483,0.421,0.15,0,0,0.0826,0.78,0,0,0,21.111111111,26.666666667
0,0.565,0.0162,0.421,0.0502,0,0,0,0.22,0.783,0,0,21.111111111,26.666666667
0,0.565,0.0162,0.421,0.0502,0,0,0,0,0.517,0,0,21.111111111,26.666666667
0,0.565,0.0162,0.421,0.0502,0,0,0,0,0,0,0,21.111111111,26.666666667
0.258,0.592,0.0676,0.421,0.145,0,0,0.0871,0.237,0.0333,0,0.0341,21.111111111,26.666666667
0.5,0.631,0.129,0.421,0.238,0,0,0.595,0,1,0,0.102,21.111111111,26.666666667
0.5,0.654,0.158,0.421,0.253,0,0,0.631,0,0.517,0,0.102,21.111111111,25.555555556
0.367,0.643,0.137,0.421,0.216,0,0,0.471,0,0,0,0.137,21.111111111,25.555555556
0,0.565,0.0162,0.421,0.0502,0,0,0,0,0,0,0,21.111111111,25.555555556
0.133,0.589,0.122,0.498,0.169,0,0,0,0,0,0,0,21.111111111,25.555555556
0.758,0.687,0.605,0.86,0.718,0,0,0,0,0,0,0.171,21.111111111,25.555555556
1,0.661,0.625,0.923,0.75,0,0,0,0,0,0,0.104,21.111111111,25.555555556
1,0.579,0.124,0.561,0.175,0,0,0,0,0,0,0.313,21.111111111,25.555555556
1,0.565,0.0162,0.421,0.0502,0,0,0,0,0,0,0,21.111111111,25.555555556
1,0.565,0.0162,0.421,0.0502,0,0,0,0,0,0,0,21.111111111,25.555555556
1,0.565,0.0162,0.421,0.0502,0,0,0,0,0,0,0,21.111111111,25.555555556
1,0.565,0.0162,0.421,0.0502,0,0,0,0,0,0,0,21.111111111,25.555555556
1,0.565,0.0162,0.421,0.0502,0,0,0,0,0,0,0,21.111111111,25.555555556
1,0.565,0.0162,0.421,0.0502,0,0,0,0,0,0,0,21.111111111,25.555555556
1,0.565,0.0162,0.421,0.0502,0,0,0,0,0,0,0,21.111111111,25.555555556
1,0.574,0.0259,0.421,0.102,0,0,0,0,0,0,0.102,21.111111111,25.555555556
1,0.604,0.0553,0.421,0.247,0,0,0,0,0,0,0.205,21.111111111,25.555555556
0.867,0.609,0.0653,0.421,0.255,0,0,0,0,0,0,0.239,21.111111111,26.666666667
0.5,0.609,0.0747,0.421,0.255,0,0,0,0,0,0,0.198,21.111111111,26.666666667
0.492,0.609,0.0813,0.421,0.245,0,0,0,0,0,0,0,21.111111111,26.666666667
0,0.565,0.0162,0.421,0.0502,0,0,0,0,0,0,0,21.111111111,26.666666667
0,0.565,0.0162,0.421,0.0502,0,0,0,0,0,0,0,21.111111111,26.666666667
0.133,0.576,0.041,0.421,0.0989,0,0,0,0,0,0,0.0341,21.111111111,26.666666667
0.5,0.613,0.113,0.421,0.233,0,0,0,0,0,0,0.102,21.111111111,26.666666667
0.367,0.609,0.0934,0.421,0.186,0,0,0,0,0,0,0.102,21.111111111,26.666666667
0.00833,0.566,0.019,0.421,0.054,0,0,0,0,0,0,0.0282,21.111111111,25.555555556
0.5,0.674,0.198,0.487,0.294,0,0,0,0,0,0,0.306,21.111111111,25.555555556
0.5,0.677,0.267,0.678,0.367,0,0,0,0,0,0,0.0683,21.111111111,25.555555556
0.883,0.745,0.62,0.932,0.761,0,0,0,0,0,0,0,21.111111111,25.555555556
1,0.731,0.796,1,0.933,0,0,0,0,0,0,0,21.111111111,25.555555556
1,0.631,0.438,0.778,0.535,0,0,0,0,0,0,0.0341,21.111111111,25.555555556
1,0.587,0.204,0.711,0.266,0,0,0,0,0,0,0.019,21.111111111,25.555555556
1,0.567,0.0607,0.561,0.0992,0,0,0,0,0,0,0.114,21.111111111,25.555555556
1,0.565,0.0162,0.421,0.0502,0,0,0,0,0,0,0,21.111111111,25.555555556
1,0.564,0.0167,0.493,0.0502,0,0,0,0,0,0,0.178,21.111111111,25.555555556
1,0.565,0.0162,0.421,0.0502,0,0,0,0,0,0,0,21.111111111,25.555555556
1,0.565,0.0162,0.421,0.0502,0,0,0,0,0,0,0,21.111111111,25.555555556
1,0.565,0.0162,0.421,0.0502,0,0,0,0,0,0,0,21.111111111,25.555555556
1,0.568,0.0226,0.498,0.0898,0,0,0,0,0,0,0.0341,21.111111111,25.555555556
0.992,0.594,0.0527,0.633,0.26,0,0,0,0,0,0,0.359,21.111111111,25.555555556
0.367,0.592,0.0429,0.421,0.193,0,0,0,0,0,0,0.0523,21.111111111,25.555555556
0,0.565,0.0162,0.421,0.0502,0,0,0,0,0,0,0,21.111111111,26.666666667
0,0.565,0.0162,0.421,0.0502,0,0,0,0,0,0,0,21.111111111,26.666666667
0,0.565,0.0162,0.421,0.0502,0,0,0,0,0,0,0,21.111111111,26.666666667
0,0.565,0.0162,0.421,0.0502,0,0,0,0,0,0,0,21.111111111,26.666666667
0,0.565,0.0162,0.421,0.0502,0,0,0,0,0,0,0,21.111111111,26.666666667
0,0.565,0.0162,0.421,0.0502,0,0,0,0,0,0,0,21.111111111,26.666666667
0,0.565,0.0162,0.421,0.0502,0,0,0,0,0,0,0,21.111111111,26.666666667
0,0.565,0.0162,0.421,0.0502,0,0,0,0,0,0,0,21.111111111,26.666666667
0,0.565,0.0162,0.421,0.0502,0,0,0,0,0,0,0,21.111111111,25.555555556
0.133,0.595,0.0763,0.487,0.128,0,0,0,0,0,0,0.0683,21.111111111,25.555555556
0.625,0.677,0.267,0.678,0.367,0,0,0,0,0,0,0.137,21.111111111,25.555555556
0.5,0.667,0.356,0.711,0.45,0,0,0,0,0,0,0.307,21.111111111,25.555555556
0.633,0.664,0.506,0.788,0.606,0,0,0,0,0,0,0.386,21.111111111,25.555555556
1,0.653,0.565,0.846,0.681,0,0,0,0,0,0,0.15,21.111111111,25.555555556
1,0.565,0.0162,0.421,0.0502,0,0,0,0,0,0,0,21.111111111,25.555555556
1,0.565,0.0162,0.421,0.0502,0,0,0,0,0,0,0,21.111111111,25.555555556
1,0.565,0.0162,0.421,0.0502,0,0,0,0,0,0,0,21.111111111,25.555555556
1,0.565,0.0162,0.421,0.0502,0,0,0,0,0,0,0,21.111111111,25.555555556
1,0.565,0.0162,0.421,0.0502,0,0,0,0,0,0,0,21.111111111,25.555555556
1,0.565,0.0162,0.421,0.0502,0,0,0,0,0,0,0,21.111111111,25.555555556
1,0.565,0.0162,0.421,0.0502,0,0,0,0,0,0,0,21.111111111,25.555555556
1,0.565,0.0166,0.426,0.0527,0,0,0,0,0,0,0.0188,21.111111111,25.555555556
1,0.584,0.0436,0.633,0.211,0,0,0,0,0,0,0.423,21.111111111,25.555555556
0.867,0.604,0.0553,0.421,0.247,0,0,0,0,0,0,0.368,21.111111111,25.555555556
0.5,0.609,0.0653,0.421,0.255,0,0,0,0,0,0,0.363,21.111111111,26.666666667
0.5,0.609,0.0747,0.421,0.255,0,0,0,0,0,0,0.0683,21.111111111,26.666666667
0.492,0.609,0.0813,0.421,0.245,0,0,0,0,0,0,0,21.111111111,26.666666667
0,0.565,0.0162,0.421,0.0502,0,0,0,0,0,0,0,21.111111111,26.666666667
0.258,0.588,0.0587,0.421,0.145,0,0,0,0,0,0,0.167,21.111111111,26.666666667
0.5,0.609,0.105,0.421,0.233,0,0,0,0,0,0,0.444,21.111111111,26.666666667
0.5,0.613,0.113,0.421,0.233,0,0,0,0,0,0,0.0871,21.111111111,26.666666667
0.5,0.631,0.129,0.421,0.238,0,0,0,0,0,0,0.102,21.111111111,26.666666667
0.5,0.654,0.158,0.421,0.253,0,0,0,0,0,0,0,21.111111111,25.555555556
0.242,0.616,0.0961,0.421,0.159,0,0,0,0,0,0,0,21.111111111,25.555555556
0.767,0.679,0.27,0.682,0.372,0,0,0,0,0,0.767,0.0341,21.111111111,25.555555556
1,0.692,0.461,0.788,0.569,0,0,0,0,0,0.2,0,21.111111111,25.555555556
1,0.731,0.796,1,0.933,0,0,0,0,0,0,0.0341,21.111111111,25.555555556
1,0.63,0.434,0.773,0.53,0,0,0,0,0,0,0.137,21.111111111,25.555555556
1,0.565,0.0162,0.421,0.0502,0,0,0,0,0,0,0,21.111111111,25.555555556
1,0.565,0.0162,0.421,0.0502,0,0,0,0,0,0,0,21.111111111,25.555555556
1,0.565,0.0162,0.421,0.0502,0,0,0,0,0,0,0,21.111111111,25.555555556
1,0.565,0.0162,0.421,0.0502,0,0,0,0,0,0,0,21.111111111,25.555555556
1,0.565,0.0162,0.421,0.0502,0,0,0,0,0,0,0,21.111111111,25.555555556
1,0.565,0.0162,0.421,0.0502,0,0,0,0,0,0,0,21.111111111,25.555555556
1,0.565,0.0162,0.421,0.0502,0,0,0,0,0,0,0,21.111111111,25.555555556
1,0.567,0.0286,0.643,0.114,0,0,0,0,0,0,0.183,21.111111111,25.555555556
1,0.601,0.0654,0.778,0.337,0,0,0,0,0,0,0.352,21.111111111,25.555555556
0.617,0.612,0.0637,0.421,0.293,0,0,0,0,0,0,0.165,21.111111111,25.555555556
0.5,0.609,0.0653,0.421,0.255,0,0,0,0,0,0,0.0683,21.111111111,26.666666667
0.5,0.609,0.0747,0.421,0.255,0,0,0,0,0,0,0.364,21.111111111,26.666666667
0.117,0.575,0.0312,0.421,0.0969,0,0,0,0,0,0,0.0679,21.111111111,26.666666667
0,0.565,0.0162,0.421,0.0502,0,0,0,0,0,0,0,21.111111111,26.666666667
0.00833,0.565,0.0177,0.421,0.0533,0,0,0,0,0,0,0.0341,21.111111111,26.666666667
0.5,0.609,0.105,0.421,0.233,0,0,0,0,0,0,0.102,21.111111111,26.666666667
0.5,0.613,0.113,0.421,0.233,0,0,0,0,0,0,0.0341,21.111111111,26.666666667
0.5,0.631,0.129,0.421,0.238,0,0,0,0,0,0,0.137,21.111111111,26.666666667
0.5,0.654,0.158,0.421,0.253,0,0,0,0,0,0,0.0683,21.111111111,25.555555556
0.5,0.674,0.198,0.487,0.294,0,0,0,0,0,0,0.0341,21.111111111,25.555555556
0.508,0.679,0.272,0.683,0.374,0,0,0,0,0,0.0167,0.0683,21.111111111,25.555555556
1,0.77,0.695,1,0.85,0,0,0,0,0,0.467,0,21.111111111,25.555555556
1,0.731,0.796,1,0.933,0,0,0,0,0,0,0.102,21.111111111,25.555555556
1,0.631,0.438,0.778,0.535,0,0,0,0,0,0,0,21.111111111,25.555555556
1,0.587,0.204,0.711,0.266,0,0,0,0,0,0,0,21.111111111,25.555555556
1,0.566,0.0383,0.489,0.0739,0,0,0,0,0,0,0,21.111111111,25.555555556
1,0.565,0.0162,0.421,0.0502,0,0,0,0,0,0,0,21.111111111,25.555555556
1,0.565,0.0185,0.421,0.0502,0,0,0,0,0,0,0,21.111111111,25.555555556
1,0.565,0.0185,0.421,0.0502,0,0,0,0,0,0,0,21.111111111,25.555555556
1,0.565,0.0185,0.421,0.0502,0,0,0,0,0,0,0,21.111111111,25.555555556
1,0.565,0.0185,0.421,0.0502,0,0,0,0,0,0,0,21.111111111,25.555555556
1,0.568,0.0232,0.498,0.0898,0,0,0,0,0,0,0.0341,21.111111111,25.555555556
1,0.594,0.0519,0.633,0.263,0,0,0,0,0,0,0.324,21.111111111,25.555555556
0.992,0.642,0.111,0.421,0.441,0,0,0,0,0,0,0.186,21.111111111,25.555555556
0.758,0.632,0.138,0.421,0.361,0,0,0,0,0,0.517,0.0341,21.111111111,25.555555556
1,0.654,0.22,0.421,0.46,0.679,0.767,0,0,0,0.7,0.137,21.111111111,25.555555556
1,0.654,0.256,0.421,0.445,0.778,0.767,0.345,0.237,0.0333,0,0.0683,21.111111111,25.555555556
1,0.654,0.279,0.421,0.429,0.541,0,0.342,0,1,0,0.0341,21.111111111,25.555555556
1,0.654,0.308,0.421,0.418,0.181,0,0.336,0,0.267,0,0.137,21.111111111,25.555555556
1,0.654,0.36,0.421,0.415,0,0,0.703,0,0,0,0.0683,21.111111111,25.555555556
0.867,0.646,0.351,0.421,0.367,0,0,0.257,0,0,0,0.0341,21.111111111,25.555555556
0.5,0.631,0.23,0.421,0.238,0,0,0.209,0,0,0,0,21.111111111,25.555555556
0.5,0.654,0.24,0.421,0.253,0,0,0,0,0,0,0,21.111111111,25.555555556
0.5,0.674,0.257,0.487,0.294,0,0,0,0,0,0,0,21.111111111,25.555555556
0.5,0.677,0.312,0.678,0.367,0,0,0,0,0,0,0.0683,21.111111111,25.555555556
0.5,0.667,0.393,0.711,0.45,0,0,0,0,0,0,0.0341,21.111111111,25.555555556
0.5,0.648,0.432,0.711,0.492,0,0,0,0,0,0,0,21.111111111,25.555555556
0.5,0.601,0.271,0.638,0.327,0,0,0,0,0,0,0.429,21.111111111,25.555555556
0.5,0.586,0.196,0.633,0.239,0,0,0,0,0,0,0,21.111111111,25.555555556
0.5,0.565,0.0185,0.421,0.0502,0,0,0,0,0,0,0,21.111111111,25.555555556
1,0.565,0.0185,0.421,0.0502,0,0,0,0,0,0,0,21.111111111,25.555555556
0.5,0.565,0.0185,0.421,0.0502,0,0,0,0,0,0,0,21.111111111,25.555555556
0.5,0.565,0.0185,0.421,0.0502,0,0,0,0,0,0,0,21.111111111,25.555555556
0.5,0.565,0.0185,0.421,0.0502,0,0,0,0,0,0,0,21.111111111,25.555555556
0.792,0.565,0.0185,0.421,0.0502,0,0,0,0,0,0,0,21.111111111,25.555555556
1,0.565,0.0185,0.421,0.0502,0,0,0,0,0,0,0,21.111111111,25.555555556
1,0.565,0.0185,0.421,0.0502,0,0,0,0,0,0,0,21.111111111,25.555555556
1,0.585,0.0412,0.421,0.159,0,0,0,0,0,0,0.0341,21.111111111,25.555555556
0.708,0.579,0.0347,0.421,0.128,0,0,0,0,0,0,0,21.111111111,25.555555556
0.5,0.59,0.0746,0.421,0.161,0,0,0,0,0,0,0,21.111111111,25.555555556
0.208,0.583,0.0586,0.421,0.129,0,0,0,0,0,0,0,21.111111111,25.555555556
0,0.565,0.0185,0.421,0.0502,0,0,0,0,0,0,0,21.111111111,25.555555556
0.417,0.601,0.132,0.421,0.192,0,0,0,0,0,0,0.205,21.111111111,25.555555556
0.792,0.633,0.27,0.421,0.315,0,0,0,0,0,0.233,0.137,21.111111111,25.555555556
1,0.651,0.379,0.421,0.384,0,0,0,0,0,0,0.137,21.111111111,25.555555556
1,0.669,0.423,0.421,0.384,0,0,0,0,0,0,0.102,21.111111111,25.555555556
1,0.71,0.453,0.421,0.387,0,0,0,0,0,0,0.102,21.111111111,25.555555556
1,0.756,0.471,0.421,0.4,0,0,0,0,0,0,0.0683,21.111111111,25.555555556
1,0.784,0.527,0.708,0.442,0,0,0,0,0,0.0833,0.0341,21.111111111,25.555555556
1,0.782,0.666,0.963,0.536,0,0,0,0,0,1,0,21.111111111,25.555555556
1,0.757,0.816,1,0.683,0,0,0,0,0,0.8,0,21.111111111,25.555555556
1,0.703,0.798,0.976,0.792,0.955,0.833,0,0,0,0,0.0341,21.111111111,25.555555556
1,0.605,0.324,0.711,0.388,0.6,0.65,0,0,0,0,0,21.111111111,25.555555556
1,0.578,0.173,0.686,0.218,0.742,0,0,0,0,0,0,21.111111111,25.555555556
0.842,0.565,0.0179,0.421,0.0502,0,0,0,0,0,0,0,21.111111111,25.555555556
1,0.565,0.0162,0.421,0.0502,0,0,0,0,0,0,0,21.111111111,25.555555556
1,0.565,0.0162,0.421,0.0502,0,0,0,0,0,0,0,21.111111111,25.555555556
1,0.565,0.0162,0.421,0.0502,0,0,0,0,0,0,0,21.111111111,25.555555556
1,0.565,0.0162,0.421,0.0502,0,0,0,0,0,0,0,21.111111111,25.555555556
1,0.564,0.0164,0.426,0.051,0,0,0,0,0,0,0.0521,21.111111111,25.555555556
1,0.583,0.0565,0.932,0.279,0,0,0,0,0,0.233,0.37,21.111111111,25.555555556
1,0.625,0.084,0.556,0.403,0.345,0.267,0,0,0,0,0.222,21.111111111,25.555555556
0.742,0.625,0.081,0.421,0.332,0.295,0.717,0,0,0,0,0.476,21.111111111,26.666666667
0.117,0.575,0.0271,0.421,0.095,0,0,0,0,0,0,0,21.111111111,26.666666667
0,0.565,0.0162,0.421,0.0502,0,0,0,0,0,0,0,21.111111111,26.666666667
0,0.565,0.0162,0.421,0.0502,0,0,0,0,0,0,0,21.111111111,26.666666667
0,0.565,0.0162,0.421,0.0502,0,0,0,0,0,0,0,21.111111111,26.666666667
0,0.565,0.0162,0.421,0.0502,0,0,0,0,0,0,0,21.111111111,26.666666667
0.00833,0.565,0.0162,0.421,0.0502,0,0,0,0,0,0,0,21.111111111,26.666666667
0.5,0.565,0.0162,0.421,0.0502,0,0,0,0,0,0,0,21.111111111,26.666666667
0.5,0.565,0.0162,0.421,0.0502,0,0,0,0,0,0,0,21.111111111,25.555555556
0.883,0.726,0.272,0.421,0.325,0,0,0,0,0,0,0.171,21.111111111,25.555555556
1,0.787,0.443,0.798,0.452,0,0,0,0,0,0,0.102,21.111111111,25.555555556
1,0.779,0.615,0.98,0.558,0,0,0,0,0,0.267,0.171,21.111111111,25.555555556
1,0.683,0.472,0.778,0.445,0,0,0,0,0,0.433,0.239,21.111111111,25.555555556
1,0.631,0.399,0.711,0.45,0,0,0,0,0,0,0,21.111111111,25.555555556
1,0.6,0.277,0.711,0.363,0,0,0,0,0,0,0,21.111111111,25.555555556
1,0.575,0.14,0.711,0.194,0,0,0,0,0,0,0,21.111111111,25.555555556
1,0.565,0.0468,0.566,0.0839,0,0,0.027,0.271,0,0,0,21.111111111,25.555555556
1,0.561,0.0333,0.711,0.0687,0,0,0.577,0,0.983,0,0,21.111111111,25.555555556
1,0.561,0.0205,0.711,0.0532,0,0,0.614,0,0,0,0.0683,21.111111111,25.555555556
1,0.561,0.0165,0.711,0.0502,0,0,0.474,0,0,0,0.239,21.111111111,25.555555556
1,0.564,0.0161,0.489,0.0502,0,0,0.18,0,0,0,0.137,21.111111111,25.555555556
1,0.565,0.0162,0.421,0.0502,0,0,0,0,0,0,0,21.111111111,25.555555556
1,0.568,0.0227,0.498,0.0882,0,0,0,0,0,0.233,0,21.111111111,25.555555556
0.742,0.576,0.0311,0.489,0.13,0,0,0,0,0,0,0,21.111111111,25.555555556
0.5,0.598,0.0521,0.421,0.197,0,0,0,0,0,0,0.102,21.111111111,26.666666667
0.5,0.608,0.0708,0.421,0.241,0,0,0,0,0,0,0.248,21.111111111,26.666666667
0.117,0.575,0.0295,0.421,0.0946,0,0,0,0,0,0,0.0885,21.111111111,26.666666667
0,0.565,0.0162,0.421,0.0502,0,0,0,0,0,0,0,21.111111111,26.666666667
0.125,0.575,0.0355,0.421,0.0924,0,0,0,0,0,0,0,21.111111111,26.666666667
0,0.565,0.0162,0.421,0.0502,0,0,0,0,0,0,0,21.111111111,26.666666667
0,0.565,0.0162,0.421,0.0502,0,0,0,0,0,0,0,21.111111111,26.666666667
0,0.565,0.0162,0.421,0.0502,0,0,0,0,0,0,0,21.111111111,26.666666667
0,0.565,0.0162,0.421,0.0502,0,0,0,0,0,0,0,21.111111111,25.555555556
0.133,0.593,0.0607,0.421,0.098,0,0,0,0,0,0,0.199,21.111111111,25.555555556
0.492,0.674,0.226,0.605,0.248,0,0,0,0,0,0,0.505,21.111111111,25.555555556
0.00833,0.566,0.0216,0.426,0.0547,0,0,0,0,0,0,0.338,21.111111111,25.555555556
0.633,0.682,0.503,0.788,0.476,0,0,0,0,0,0,0.0851,21.111111111,25.555555556
1,0.697,0.781,1,0.85,0,0,0,0,0,0,0.293,21.111111111,25.555555556
1,0.627,0.478,0.923,0.601,0,0,0,0,0,0,0,21.111111111,25.555555556
1,0.575,0.14,0.711,0.194,0,0,0,0,0,0,0.136,21.111111111,25.555555556
1,0.563,0.0635,0.711,0.103,0,0,0.245,0.254,0.25,0,0.0188,21.111111111,25.555555556
1,0.565,0.0162,0.421,0.0502,0,0,0,0,0,0,0,21.111111111,25.555555556
1,0.565,0.0162,0.421,0.0502,0,0,0,0,0,0,0,21.111111111,25.555555556
1,0.565,0.0162,0.421,0.0502,0,0,0,0,0,0,0,21.111111111,25.555555556
1,0.565,0.0162,0.421,0.0502,0,0,0,0,0,0,0,21.111111111,25.555555556
1,0.565,0.0162,0.421,0.0502,0,0,0,0,0,0,0,21.111111111,25.555555556
1,0.574,0.0349,0.643,0.159,0,0,0,0,0,0,0.312,21.111111111,25.555555556
0.867,0.613,0.0685,0.489,0.32,0,0,0,0,0,0,0.645,21.111111111,25.555555556
0.5,0.606,0.0607,0.421,0.241,0,0,0,0,0,0,0.239,21.111111111,26.666666667
0.242,0.585,0.0414,0.421,0.142,0,0,0,0,0,0,0.0341,21.111111111,26.666666667
0,0.565,0.0162,0.421,0.0502,0,0,0,0,0,0,0,21.111111111,26.666666667
0,0.565,0.0162,0.421,0.0502,0,0,0,0,0,0,0,21.111111111,26.666666667
0,0.565,0.0162,0.421,0.0502,0,0,0,0,0,0,0,21.111111111,26.666666667
0,0.565,0.0162,0.421,0.0502,0,0,0,0,0,0,0,21.111111111,26.666666667
0,0.565,0.0162,0.421,0.0502,0,0,0,0,0,0,0,21.111111111,26.666666667
0,0.565,0.0162,0.421,0.0502,0,0,0,0,0,0,0,21.111111111,26.666666667
0.133,0.586,0.052,0.421,0.0954,0,0,0,0,0,0,0.218,21.111111111,25.555555556
0.5,0.665,0.175,0.421,0.227,0,0,0,0,0,0,0.137,21.111111111,25.555555556
0.758,0.734,0.347,0.736,0.359,0,0,0,0,0,0,0.0341,21.111111111,25.555555556
1,0.779,0.615,0.98,0.558,0,0,0,0,0,0,0.205,21.111111111,25.555555556
1,0.752,0.778,1,0.714,0,0,0,0,0,0,0,21.111111111,25.555555556
1,0.697,0.781,1,0.85,0,0,0,0,0,0,0.139,21.111111111,25.555555556
1,0.613,0.365,0.778,0.46,0,0,0,0,0,0,0,21.111111111,25.555555556
1,0.575,0.14,0.711,0.194,0,0,0,0,0,0,0,21.111111111,25.555555556
1,0.564,0.0546,0.633,0.0927,0,0,0,0,0,0,0.0938,21.111111111,25.555555556
1,0.564,0.024,0.489,0.059,0,0,0,0,0,0,0,21.111111111,25.555555556
1,0.565,0.0162,0.421,0.0502,0,0,0,0,0,0,0,21.111111111,25.555555556
1,0.565,0.0162,0.421,0.0502,0,0,0,0,0,0,0,21.111111111,25.555555556
0.617,0.565,0.0162,0.421,0.0502,0,0,0,0,0,0,0,21.111111111,25.555555556
0.5,0.565,0.0162,0.421,0.0502,0,0,0,0,0,0,0,21.111111111,25.555555556
0.5,0.574,0.0349,0.643,0.159,0,0,0,0,0,0,0.397,21.111111111,25.555555556
0.5,0.595,0.0501,0.489,0.227,0,0,0,0,0,0,0.333,21.111111111,25.555555556
0.5,0.606,0.0607,0.421,0.241,0,0,0,0,0,0,0.137,21.111111111,26.666666667
0.367,0.596,0.0556,0.421,0.19,0,0,0,0,0,0,0.137,21.111111111,26.666666667
0,0.565,0.0162,0.421,0.0502,0,0,0,0,0,0,0,21.111111111,26.666666667
0,0.565,0.0162,0.421,0.0502,0,0,0,0,0,0,0,21.111111111,26.666666667
0,0.565,0.0162,0.421,0.0502,0,0,0,0,0,0,0,21.111111111,26.666666667
0,0.565,0.0162,0.421,0.0502,0,0,0,0,0,0,0,21.111111111,26.666666667
0,0.565,0.0162,0.421,0.0502,0,0,0,0,0,0,0,21.111111111,26.666666667
0,0.565,0.0162,0.421,0.0502,0,0,0,0,0,0,0,21.111111111,26.666666667
0,0.565,0.0162,0.421,0.0502,0,0,0,0,0,0,0,21.111111111,25.555555556
0.00833,0.566,0.019,0.421,0.0532,0,0,0,0,0,0.0167,0.0341,21.111111111,25.555555556
0.508,0.678,0.233,0.613,0.255,0,0,0,0,0,0.233,0.0683,21.111111111,25.555555556
1,0.779,0.615,0.98,0.558,0,0,0,0,0,0.217,0.205,21.111111111,25.555555556
1,0.75,0.771,0.995,0.708,0,0,0,0,0,0,0.24,21.111111111,25.555555556
1,0.6,0.204,0.561,0.236,0,0,0,0,0,0,0.611,21.111111111,25.555555556
1,0.565,0.0162,0.421,0.0502,0,0,0,0,0,0,0,21.111111111,25.555555556
1,0.565,0.0162,0.421,0.0502,0,0,0,0,0,0,0,21.111111111,25.555555556
1,0.563,0.0329,0.566,0.0691,0,0,0,0,0,0,0,21.111111111,25.555555556
1,0.565,0.0162,0.421,0.0502,0,0,0,0,0,0,0,21.111111111,25.555555556
1,0.565,0.0162,0.421,0.0502,0,0,0,0,0,0,0,21.111111111,25.555555556
1,0.565,0.0162,0.421,0.0502,0,0,0,0,0,0,0,21.111111111,25.555555556
1,0.562,0.0194,0.643,0.0516,0,0,0,0,0,0,0.3,21.111111111,25.555555556
1,0.561,0.0265,0.711,0.086,0,0,0,0,0,0,0.776,21.111111111,25.555555556
0.617,0.564,0.019,0.489,0.061,0,0,0,0,0,0,0.137,21.111111111,25.555555556
0.5,0.565,0.0162,0.421,0.0502,0,0,0,0,0,0,0,21.111111111,25.555555556
0.5,0.565,0.0162,0.421,0.0502,0,0,0,0,0,0,0,21.111111111,26.666666667
0.5,0.565,0.0162,0.421,0.0502,0,0,0,0,0,0,0,21.111111111,26.666666667
0.5,0.565,0.0162,0.421,0.0502,0,0,0,0,0,0,0,21.111111111,26.666666667
0.5,0.565,0.0162,0.421,0.0502,0,0,0,0,0,0,0,21.111111111,26.666666667
0.117,0.565,0.0162,0.421,0.0502,0,0,0,0,0,0,0,21.111111111,26.666666667
0,0.565,0.0162,0.421,0.0502,0,0,0,0,0,0,0,21.111111111,26.666666667
0,0.565,0.0162,0.421,0.0502,0,0,0,0,0,0,0,21.111111111,26.666666667
0,0.565,0.0162,0.421,0.0502,0,0,0,0,0,0,0,21.111111111,26.666666667
0,0.565,0.0162,0.421,0.0502,0,0,0,0,0,0,0,21.111111111,25.555555556
0.125,0.591,0.0579,0.421,0.095,0,0,0,0,0,0,0.0341,21.111111111,25.555555556
0.258,0.623,0.134,0.548,0.158,0,0,0,0,0,0,0.226,21.111111111,25.555555556
0.5,0.672,0.316,0.7,0.304,0,0,0,0,0,0,0.205,21.111111111,25.555555556
0.5,0.658,0.397,0.711,0.382,0,0,0,0,0,0,0.0341,21.111111111,25.555555556
0.883,0.676,0.688,0.932,0.768,0,0,0,0,0,0,0,21.111111111,25.555555556
1,0.635,0.538,1,0.676,0.425,0.767,0,0,0,0,0.0341,21.111111111,25.555555556
1,0.58,0.168,0.701,0.233,0,0.217,0,0,0,0,0,21.111111111,25.555555556
1,0.565,0.0168,0.421,0.0502,0,0,0,0,0,0,0,21.111111111,25.555555556
1,0.565,0.0185,0.421,0.0502,0,0,0,0,0,0,0,21.111111111,25.555555556
1,0.565,0.0185,0.421,0.0502,0,0,0,0,0,0,0,21.111111111,25.555555556
1,0.565,0.0185,0.421,0.0502,0,0,0,0,0,0,0,21.111111111,25.555555556
1,0.565,0.0185,0.421,0.0502,0,0,0,0,0,0,0,21.111111111,25.555555556
1,0.565,0.0185,0.421,0.0502,0,0,0,0,0,0,0,21.111111111,25.555555556
1,0.565,0.0185,0.421,0.0502,0,0,0,0,0,0,0,21.111111111,25.555555556
1,0.565,0.0185,0.421,0.0502,0,0,0,0,0,0,0,21.111111111,25.555555556
0.958,0.612,0.0947,0.421,0.258,0.097,0.0833,0,0,0,0.233,0.0856,21.111111111,25.555555556
0.5,0.608,0.104,0.421,0.241,0.867,0.65,0,0,0,0,0,21.111111111,25.555555556
0.5,0.608,0.126,0.421,0.237,0,0,0,0,0,0,0.0683,21.111111111,25.555555556
0.542,0.612,0.153,0.421,0.243,0,0,0,0,0,0.0833,0.0683,21.111111111,25.555555556
1,0.651,0.288,0.421,0.393,0,0,0,0,0,0.15,0,21.111111111,25.555555556
1,0.651,0.327,0.421,0.385,0,0,0,0,0,0,0.171,21.111111111,25.555555556
1,0.651,0.379,0.421,0.384,0,0,0,0,0,0,0.0341,21.111111111,25.555555556
1,0.669,0.423,0.421,0.384,0,0,0,0,0,0,0.388,21.111111111,25.555555556
1,0.71,0.453,0.421,0.387,0,0,0,0,0,0,0.435,21.111111111,25.555555556
1,0.756,0.471,0.421,0.4,0,0,0,0,0,0,0.102,21.111111111,25.555555556
1,0.718,0.369,0.564,0.321,0,0,0,0,0,0,0.0341,21.111111111,25.555555556
0.708,0.612,0.132,0.523,0.137,0,0,0,0,0,0,0.0341,21.111111111,25.555555556
0.5,0.565,0.0185,0.421,0.0502,0,0,0,0,0,0,0,21.111111111,25.555555556
0.5,0.565,0.0185,0.421,0.0502,0,0,0,0,0,0,0,21.111111111,25.555555556
0.792,0.581,0.161,0.59,0.215,0,0,0,0,0,0,0,21.111111111,25.555555556
1,0.578,0.173,0.686,0.218,0,0,0,0,0,0,0,21.111111111,25.555555556
1,0.565,0.0185,0.421,0.0502,0,0,0,0,0,0,0,21.111111111,25.555555556
1,0.565,0.0185,0.421,0.0502,0,0,0,0,0,0,0,21.111111111,25.555555556
1,0.565,0.0185,0.421,0.0502,0,0,0,0,0,0,0,21.111111111,25.555555556
1,0.565,0.0185,0.421,0.0502,0,0,0,0,0,0,0,21.111111111,25.555555556
1,0.565,0.0185,0.421,0.0502,0,0,0,0,0,0,0,21.111111111,25.555555556
1,0.565,0.0185,0.421,0.0502,0,0,0,0,0,0,0,21.111111111,25.555555556
1,0.565,0.0185,0.421,0.0502,0,0,0,0,0,0,0,21.111111111,25.555555556
1,0.565,0.0185,0.421,0.0502,0,0,0,0,0,0,0,21.111111111,25.555555556
1,0.568,0.0244,0.421,0.0662,0,0,0,0,0,0,0.249,21.111111111,25.555555556
1,0.612,0.112,0.421,0.257,0,0,0,0,0,0.0833,0.461,21.111111111,25.555555556
1,0.651,0.234,0.421,0.423,0.278,0.333,0,0,0,0.617,0.683,21.111111111,25.555555556
1,0.651,0.266,0.421,0.407,0.761,1,0,0,0,0,0.123,21.111111111,25.555555556
1,0.651,0.288,0.421,0.393,0.712,0.15,0,0,0,0,0.0683,21.111111111,25.555555556
1,0.615,0.196,0.421,0.246,0.287,0,0,0,0,0,0.102,21.111111111,25.555555556
0.583,0.572,0.0461,0.421,0.078,0,0,0,0,0,0,0,21.111111111,25.555555556
0.5,0.565,0.0185,0.421,0.0502,0,0,0,0,0,0,0,21.111111111,25.555555556
0.542,0.571,0.037,0.421,0.0644,0,0,0,0,0,0.0833,0,21.111111111,25.555555556
1,0.722,0.379,0.421,0.33,0,0,0,0,0,1,0.0683,21.111111111,25.555555556
1,0.784,0.527,0.708,0.442,0,0,0,0,0,0.0833,0.0683,21.111111111,25.555555556
1,0.782,0.666,0.963,0.536,0,0,0,0,0,0,0,21.111111111,25.555555556
1,0.757,0.816,1,0.683,0,0,0,0,0,0,0,21.111111111,25.555555556
1,0.708,0.831,1,0.827,0,0,0,0,0,0,0.161,21.111111111,25.555555556
1,0.63,0.488,0.831,0.56,0,0,0,0,0,0,0.0876,21.111111111,25.555555556
1,0.579,0.182,0.711,0.227,0,0,0,0,0,0,0,21.111111111,25.555555556
1,0.566,0.0711,0.619,0.103,0,0,0,0,0,0,0.102,21.111111111,25.555555556
1,0.561,0.0333,0.711,0.0687,0,0,0,0,0,0,0,21.111111111,25.555555556
1,0.561,0.0205,0.711,0.0532,0,0,0,0,0,0,0,21.111111111,25.555555556
1,0.564,0.0167,0.489,0.0502,0,0,0,0,0,0,0,21.111111111,25.555555556
1,0.565,0.0162,0.421,0.0502,0,0,0,0,0,0,0,21.111111111,25.555555556
1,0.563,0.0224,0.571,0.0741,0,0,0,0,0,0,0.21,21.111111111,25.555555556
0.992,0.576,0.0438,0.783,0.206,0,0,0,0,0,0.233,0.223,21.111111111,25.555555556
0.5,0.595,0.0501,0.489,0.227,0,0,0,0,0,0.233,0.0175,21.111111111,25.555555556
0.242,0.584,0.0365,0.421,0.142,0,0,0,0,0,0,0.175,21.111111111,26.666666667
0.133,0.576,0.0314,0.421,0.101,0,0,0,0,0,0,0.177,21.111111111,26.666666667
0.633,0.62,0.0964,0.421,0.284,0,0,0,0,0,0,0.274,21.111111111,26.666666667
0.617,0.618,0.102,0.421,0.27,0,0,0,0,0,0,0.137,21.111111111,26.666666667
0.367,0.596,0.0717,0.421,0.175,0,0,0,0,0,0,0,21.111111111,26.666666667
0,0.565,0.0162,0.421,0.0502,0,0,0,0,0,0,0,21.111111111,26.666666667
0.383,0.598,0.0882,0.421,0.178,0,0,0,0,0,0.0167,0,21.111111111,26.666666667
0.5,0.62,0.12,0.421,0.217,0,0,0,0,0,0.217,0,21.111111111,26.666666667
0.5,0.641,0.144,0.421,0.219,0,0,0,0,0,0,0.137,21.111111111,25.555555556
0.5,0.665,0.175,0.421,0.227,0,0,0,0,0,0,0.102,21.111111111,25.555555556
0.242,0.617,0.112,0.482,0.144,0,0,0,0,0,0,0.0683,21.111111111,25.555555556
0.258,0.619,0.182,0.571,0.189,0,0,0,0,0,0.233,0,21.111111111,25.555555556
0.883,0.727,0.703,0.932,0.651,0,0,0,0,0,0,0,21.111111111,25.555555556
1,0.697,0.781,1,0.85,0,0,0,0,0,0,0,21.111111111,25.555555556
1,0.635,0.538,1,0.676,0,0,0,0,0,0,0,21.111111111,25.555555556
1,0.581,0.192,0.778,0.26,0,0,0,0,0,0,0,21.111111111,25.555555556
1,0.564,0.0546,0.633,0.0927,0,0,0,0,0,0,0,21.111111111,25.555555556
1,0.565,0.0162,0.421,0.0502,0,0,0,0,0,0,0,21.111111111,25.555555556
1,0.565,0.0162,0.421,0.0502,0,0,0,0,0,0,0,21.111111111,25.555555556
1,0.565,0.0162,0.421,0.0502,0,0,0,0,0,0,0,21.111111111,25.555555556
1,0.565,0.0162,0.421,0.0502,0,0,0,0,0,0,0,21.111111111,25.555555556
1,0.562,0.0255,0.643,0.0856,0,0,0,0,0,0,0.117,21.111111111,25.555555556
1,0.573,0.0377,0.711,0.17,0,0,0.264,0.525,0,0,0.317,21.111111111,25.555555556
0.983,0.621,0.077,0.489,0.363,0,0,0,0.254,0.483,0,0.171,21.111111111,25.555555556
0,0.565,0.0162,0.421,0.0502,0,0,0,0,0,0,0,21.111111111,26.666666667
0,0.565,0.0162,0.421,0.0502,0,0,0,0,0,0,0,21.111111111,26.666666667
0.258,0.587,0.0497,0.421,0.145,0,0,0,0,0,0.517,0,21.111111111,26.666666667
0.367,0.596,0.0676,0.421,0.181,0,0,0,0,0,1,0.0683,21.111111111,26.666666667
0,0.565,0.0162,0.421,0.0502,0,0,0,0,0,0.6,0,21.111111111,26.666666667
0,0.565,0.0162,0.421,0.0502,0,0,0,0,0,0,0,21.111111111,26.666666667
0.125,0.575,0.0397,0.421,0.0919,0,0,0,0,0,0,0,21.111111111,26.666666667
0.125,0.579,0.0428,0.421,0.092,0,0,0,0,0,0,0.0341,21.111111111,26.666666667
0.383,0.628,0.119,0.421,0.18,0,0,0,0,0,0.467,0.102,21.111111111,25.555555556
0.758,0.719,0.262,0.421,0.319,0,0,0,0,0,0,0.0341,21.111111111,25.555555556
1,0.787,0.443,0.798,0.452,0,0,0,0,0,0,0.0683,21.111111111,25.555555556
1,0.777,0.61,0.975,0.554,0.27,0.267,0,0,0,0,0.0341,21.111111111,25.555555556
1,0.658,0.397,0.711,0.382,0.563,0.217,0,0,0,0,0,21.111111111,25.555555556
1,0.631,0.399,0.711,0.45,0,0,0,0,0,0,0.0716,21.111111111,25.555555556
1,0.6,0.277,0.711,0.363,0,0,0,0,0,0,0.0341,21.111111111,25.555555556
1,0.571,0.0687,0.489,0.116,0,0,0,0,0,0,0,21.111111111,25.555555556
1,0.565,0.0162,0.421,0.0502,0,0,0,0,0,0,0,21.111111111,25.555555556
1,0.565,0.0162,0.421,0.0502,0,0,0,0,0,0,0,21.111111111,25.555555556
1,0.565,0.0162,0.421,0.0502,0,0,0,0,0,0,0,21.111111111,25.555555556
1,0.565,0.0162,0.421,0.0502,0,0,0,0,0,0,0,21.111111111,25.555555556
1,0.565,0.0162,0.421,0.0502,0,0,0,0,0,0,0,21.111111111,25.555555556
1,0.565,0.0162,0.421,0.0502,0,0,0,0,0,0,0,21.111111111,25.555555556
1,0.574,0.0349,0.643,0.159,0,0,0.365,0.254,0.517,0,0.102,21.111111111,25.555555556
1,0.613,0.0691,0.489,0.323,0,0,0.728,0,0.467,0,0.208,21.111111111,25.555555556
1,0.648,0.105,0.421,0.431,0,0,0.491,0,0,0,0.228,21.111111111,26.666666667
0.992,0.651,0.124,0.421,0.428,0,0,0,0,0,0,0.281,21.111111111,26.666666667
0.5,0.608,0.0792,0.421,0.235,0,0,0,0,0,0,0.283,21.111111111,26.666666667
0.117,0.575,0.0313,0.421,0.0931,0,0,0,0,0,0,0.141,21.111111111,26.666666667
0,0.565,0.0162,0.421,0.0502,0,0,0,0,0,0,0,21.111111111,26.666666667
0.133,0.576,0.0398,0.421,0.0947,0,0,0,0,0,0.233,0,21.111111111,26.666666667
0.5,0.608,0.109,0.421,0.217,0,0,0,0,0,0,0.102,21.111111111,26.666666667
0.5,0.62,0.12,0.421,0.217,0.613,0.767,0,0,0,0,0.102,21.111111111,26.666666667
0.5,0.641,0.144,0.421,0.219,0.414,0.717,0,0,0,0,0.137,21.111111111,25.555555556
0.5,0.665,0.175,0.421,0.227,0,0,0,0,0,0,0.0341,21.111111111,25.555555556
0.633,0.706,0.29,0.675,0.307,0,0,0,0,0,0,0.358,21.111111111,25.555555556
1,0.779,0.615,0.98,0.558,0,0,0,0,0,0.267,0.0341,21.111111111,25.555555556
1,0.752,0.778,1,0.714,0.888,0.233,0,0,0,1,0.0341,21.111111111,25.555555556
1,0.681,0.681,0.923,0.739,0.203,0,0,0,0,0.15,0.0683,21.111111111,25.555555556
1,0.6,0.277,0.711,0.363,0,0,0,0,0,0,0,21.111111111,25.555555556
1,0.573,0.115,0.633,0.167,0,0,0,0,0,0,0,21.111111111,25.555555556
1,0.565,0.0162,0.421,0.0502,0,0,0,0,0,0,0,21.111111111,25.555555556
1,0.565,0.0162,0.421,0.0502,0,0,0,0,0,0,0,21.111111111,25.555555556
1,0.565,0.0162,0.421,0.0502,0,0,0,0,0,0,0,21.111111111,25.555555556
1,0.565,0.0162,0.421,0.0502,0,0,0,0,0,0,0,21.111111111,25.555555556
1,0.565,0.0162,0.421,0.0502,0,0,0,0,0,0,0,21.111111111,25.555555556
1,0.565,0.0162,0.421,0.0502,0,0,0,0,0,0,0,21.111111111,25.555555556
1,0.568,0.0227,0.498,0.0882,0,0,0,0,0,0,0.158,21.111111111,25.555555556
1,0.604,0.0599,0.489,0.276,0,0,0.0345,0.0169,0,0,0.763,21.111111111,25.555555556
1,0.648,0.105,0.421,0.431,0,0,0,0.237,0.767,0,0.246,21.111111111,26.666666667
1,0.651,0.125,0.421,0.431,0,0,0,0,0.217,0,0.102,21.111111111,26.666666667
0.617,0.585,0.0428,0.421,0.139,0,0,0,0,0,0,0.0341,21.111111111,26.666666667
0.5,0.565,0.0162,0.421,0.0502,0,0,0,0,0,0,0,21.111111111,26.666666667
0.5,0.565,0.0162,0.421,0.0502,0,0,0,0,0,0,0,21.111111111,26.666666667
0.5,0.565,0.0162,0.421,0.0502,0,0,0,0,0,0,0,21.111111111,26.666666667
0.375,0.587,0.0647,0.421,0.136,0,0,0,0,0,0,0.175,21.111111111,26.666666667
0.5,0.62,0.12,0.421,0.217,0,0,0,0,0,0,0.0341,21.111111111,26.666666667
0.5,0.641,0.144,0.421,0.219,0,0,0,0,0,0,0.118,21.111111111,25.555555556
0.5,0.665,0.175,0.421,0.227,0,0,0,0,0,0,0.0683,21.111111111,25.555555556
0.5,0.676,0.229,0.609,0.251,0,0,0,0,0,0,0.137,21.111111111,25.555555556
0.5,0.672,0.316,0.7,0.304,0,0,0,0,0,0,0.0683,21.111111111,25.555555556
0.883,0.727,0.703,0.932,0.651,0,0,0,0,0,0,0.117,21.111111111,25.555555556
1,0.652,0.492,0.778,0.532,0,0,0,0,0,0,0.0341,21.111111111,25.555555556
1,0.6,0.277,0.711,0.363,0,0,0,0,0,0,0.401,21.111111111,25.555555556
1,0.575,0.14,0.711,0.194,0,0,0,0,0,0,0,21.111111111,25.555555556
1,0.565,0.0468,0.566,0.0839,0,0,0,0,0,0,0.0341,21.111111111,25.555555556
1,0.561,0.0333,0.711,0.0687,0,0,0,0,0,0,0.0683,21.111111111,25.555555556
1,0.562,0.02,0.633,0.0532,0,0,0,0,0,0,0,21.111111111,25.555555556
1,0.565,0.0162,0.421,0.0502,0,0,0,0,0,0,0,21.111111111,25.555555556
1,0.565,0.0162,0.421,0.0502,0,0,0,0,0,0,0,21.111111111,25.555555556
1,0.565,0.0162,0.421,0.0502,0,0,0,0,0,0,0,21.111111111,25.555555556
1,0.568,0.0227,0.498,0.0882,0,0,0,0,0,0,0.227,21.111111111,25.555555556
0.992,0.622,0.0776,0.489,0.367,0,0,0,0,0,0,0.333,21.111111111,25.555555556
0.5,0.606,0.0607,0.421,0.241,0,0,0,0,0,0,0.395,21.111111111,26.666666667
0.375,0.597,0.0566,0.421,0.193,0,0,0,0,0,0,0.175,21.111111111,26.666666667
0.242,0.585,0.0457,0.421,0.14,0,0,0,0,0,0,0.0341,21.111111111,26.666666667
0,0.565,0.0162,0.421,0.0502,0,0,0,0,0,0,0,21.111111111,26.666666667
0,0.565,0.0162,0.421,0.0502,0,0,0,0,0,0,0,21.111111111,26.666666667
0,0.565,0.0162,0.421,0.0502,0,0,0,0,0,0,0,21.111111111,26.666666667
0,0.565,0.0162,0.421,0.0502,0,0,0,0,0,0,0,21.111111111,26.666666667
0,0.565,0.0162,0.421,0.0502,0,0,0,0,0,0,0,21.111111111,26.666666667
0,0.565,0.0162,0.421,0.0502,0,0,0,0,0,0,0,21.111111111,25.555555556
0.00833,0.566,0.019,0.421,0.0532,0,0,0,0,0,0,0,21.111111111,25.555555556
0.5,0.676,0.229,0.609,0.251,0,0,0,0,0,0,0.341,21.111111111,25.555555556
0.625,0.698,0.396,0.773,0.371,0,0,0,0,0,0,0.205,21.111111111,25.555555556
0.75,0.703,0.597,0.855,0.558,0,0,0,0,0,0,0.0341,21.111111111,25.555555556
0.633,0.631,0.399,0.711,0.45,0,0,0,0,0,0,0,21.111111111,25.555555556
1,0.6,0.277,0.711,0.363,0,0,0,0,0,0,0,21.111111111,25.555555556
1,0.575,0.14,0.711,0.194,0,0,0,0,0,0,0,21.111111111,25.555555556
1,0.564,0.0552,0.633,0.0927,0,0,0,0,0,0,0.0341,21.111111111,25.555555556
1,0.565,0.0185,0.421,0.0502,0,0,0,0,0,0,0,21.111111111,25.555555556
1,0.565,0.0185,0.421,0.0502,0,0,0,0,0,0,0,21.111111111,25.555555556
1,0.565,0.0185,0.421,0.0502,0,0,0,0,0,0,0,21.111111111,25.555555556
1,0.565,0.0185,0.421,0.0502,0,0,0,0,0,0,0,21.111111111,25.555555556
1,0.565,0.0185,0.421,0.0502,0,0,0,0,0,0,0,21.111111111,25.555555556
1,0.565,0.0185,0.421,0.0502,0,0,0,0,0,0,0,21.111111111,25.555555556
1,0.565,0.0185,0.421,0.0502,0,0,0,0,0,0,0,21.111111111,25.555555556
1,0.59,0.0596,0.421,0.162,0,0,0,0,0,0,0.389,21.111111111,25.555555556
1,0.608,0.104,0.421,0.241,0,0,0,0,0,0,0.186,21.111111111,25.555555556
1,0.633,0.194,0.421,0.344,0,0,0.267,0.525,0.0667,0,0.352,21.111111111,25.555555556
1,0.651,0.266,0.421,0.407,0,0,0.722,0,0.917,0,0.245,21.111111111,25.555555556
1,0.651,0.288,0.421,0.393,0.308,0.333,0.509,0,0,0,0.252,21.111111111,25.555555556
1,0.651,0.327,0.421,0.385,0.483,0.65,0,0,0,0,0.0341,21.111111111,25.555555556
1,0.651,0.379,0.421,0.384,0,0,0,0,0,0,0.0341,21.111111111,25.555555556
1,0.669,0.423,0.421,0.384,0,0,0,0,0,0,0.0685,21.111111111,25.555555556
1,0.71,0.453,0.421,0.387,0,0,0,0,0,0,0.369,21.111111111,25.555555556
0.958,0.747,0.452,0.421,0.385,0,0,0,0,0,0,0.17,21.111111111,25.555555556
0.542,0.684,0.296,0.585,0.263,0,0,0,0,0,0,0.64,21.111111111,25.555555556
1,0.782,0.666,0.963,0.536,0,0,0,0,0,0,0.385,21.111111111,25.555555556
1,0.757,0.816,1,0.683,0,0,0,0,0,0,0,21.111111111,25.555555556
1,0.708,0.831,1,0.827,0,0,0,0,0,0,0,21.111111111,25.555555556
1,0.644,0.61,0.976,0.701,0,0,0,0,0,0,0,21.111111111,25.555555556
1,0.576,0.12,0.542,0.168,0,0,0,0,0,0,0,21.111111111,25.555555556
1,0.565,0.0185,0.421,0.0502,0,0,0,0,0,0,0,21.111111111,25.555555556
1,0.565,0.0185,0.421,0.0502,0,0,0,0,0,0,0,21.111111111,25.555555556
1,0.565,0.0185,0.421,0.0502,0,0,0,0,0,0,0,21.111111111,25.555555556
1,0.565,0.0185,0.421,0.0502,0,0,0,0,0,0,0,21.111111111,25.555555556
1,0.565,0.0185,0.421,0.0502,0,0,0,0,0,0,0,21.111111111,25.555555556
1,0.565,0.0185,0.421,0.0502,0,0,0,0,0,0,0,21.111111111,25.555555556
1,0.565,0.0185,0.421,0.0502,0,0,0,0,0,0,0,21.111111111,25.555555556
1,0.565,0.0185,0.421,0.0502,0,0,0,0,0,0,0,21.111111111,25.555555556
1,0.565,0.0185,0.421,0.0502,0,0,0,0,0,0,0,21.111111111,25.555555556
1,0.59,0.0746,0.421,0.161,0,0,0,0,0,0.233,0.0683,21.111111111,25.555555556
1,0.608,0.126,0.421,0.237,0,0,0,0,0,0,0.0341,21.111111111,25.555555556
1,0.633,0.217,0.421,0.331,0,0,0,0,0,0,0.0683,21.111111111,25.555555556
1,0.651,0.288,0.421,0.393,0,0,0,0,0,0,0.102,21.111111111,25.555555556
1,0.651,0.327,0.421,0.385,0,0,0,0,0,0,0.0683,21.111111111,25.555555556
1,0.651,0.379,0.421,0.384,0,0,0,0,0,0,0,21.111111111,25.555555556
1,0.669,0.423,0.421,0.384,0,0,0,0,0,0,0.0683,21.111111111,25.555555556
0.958,0.703,0.434,0.421,0.373,0,0,0,0,0,0,0.0683,21.111111111,25.555555556
0.5,0.66,0.245,0.421,0.225,0.434,0.583,0,0,0,0,0.0683,21.111111111,25.555555556
0.5,0.674,0.273,0.564,0.246,0.339,0.9,0,0,0,0,0.171,21.111111111,25.555555556
0.542,0.682,0.372,0.716,0.315,0,0,0,0,0,0.0833,0.102,21.111111111,25.555555556
1,0.757,0.816,1,0.683,0,0,0,0,0,1,0.102,21.111111111,25.555555556
0.875,0.686,0.724,0.928,0.739,0,0,0,0,0,0.333,0,21.111111111,25.555555556
1,0.623,0.427,0.759,0.49,0,0,0,0,0,0,0,21.111111111,25.555555556
1,0.578,0.173,0.686,0.218,0,0,0,0,0,0,0,21.111111111,25.555555556
1,0.565,0.0179,0.421,0.0502,0,0,0,0,0,0,0,21.111111111,25.555555556
1,0.565,0.0162,0.421,0.0502,0,0,0,0,0,0,0,21.111111111,25.555555556
1,0.565,0.0162,0.421,0.0502,0,0,0,0,0,0,0,21.111111111,25.555555556
1,0.565,0.0162,0.421,0.0502,0,0,0,0,0,0,0,21.111111111,25.555555556
1,0.565,0.0162,0.421,0.0502,0,0,0,0,0,0,0,21.111111111,25.555555556
0.992,0.564,0.0192,0.493,0.0618,0,0,0,0,0,0,0.142,21.111111111,25.555555556
0.5,0.565,0.0162,0.421,0.0502,0,0,0,0,0,0,0,21.111111111,25.555555556
0.5,0.565,0.0162,0.421,0.0502,0,0,0,0,0,0,0,21.111111111,25.555555556
0.5,0.565,0.0162,0.421,0.0502,0,0,0,0,0,0,0,21.111111111,26.666666667
0.5,0.565,0.0162,0.421,0.0502,0,0,0,0,0,0,0,21.111111111,26.666666667
0.5,0.576,0.0335,0.421,0.0992,0,0,0,0,0,0,0.0341,21.111111111,26.666666667
0.242,0.585,0.0495,0.421,0.137,0,0,0,0,0,0,0.0341,21.111111111,26.666666667
0,0.565,0.0162,0.421,0.0502,0,0,0,0,0,0,0,21.111111111,26.666666667
0,0.565,0.0162,0.421,0.0502,0,0,0,0,0,0,0,21.111111111,26.666666667
0,0.565,0.0162,0.421,0.0502,0,0,0,0,0,0,0,21.111111111,26.666666667
0,0.565,0.0162,0.421,0.0502,0,0,0,0,0,0,0,21.111111111,26.666666667
0,0.565,0.0162,0.421,0.0502,0,0,0,0,0,0,0,21.111111111,25.555555556
0.00833,0.566,0.019,0.421,0.0532,0,0,0,0,0,0,0.0341,21.111111111,25.555555556
0.5,0.676,0.229,0.609,0.251,0,0,0,0,0,0,0.102,21.111111111,25.555555556
0.758,0.726,0.482,0.85,0.443,0,0,0,0,0,0,0.205,21.111111111,25.555555556
0.867,0.728,0.672,0.923,0.62,0,0,0,0,0,0,0.205,21.111111111,25.555555556
0.508,0.632,0.405,0.715,0.457,0,0,0,0,0,0,0.0683,21.111111111,25.555555556
1,0.627,0.478,0.923,0.601,0,0,0,0,0,0,0.146,21.111111111,25.555555556
1,0.573,0.115,0.633,0.167,0,0,0,0,0,0,0,21.111111111,25.555555556
1,0.565,0.0162,0.421,0.0502,0,0,0,0,0,0,0,21.111111111,25.555555556
1,0.565,0.0162,0.421,0.0502,0,0,0,0,0,0,0,21.111111111,25.555555556
1,0.565,0.0162,0.421,0.0502,0,0,0,0,0,0,0,21.111111111,25.555555556
1,0.565,0.0162,0.421,0.0502,0,0,0,0,0,0,0,21.111111111,25.555555556
1,0.565,0.0162,0.421,0.0502,0,0,0,0,0,0,0,21.111111111,25.555555556
1,0.565,0.0162,0.421,0.0502,0,0,0,0,0,0,0,21.111111111,25.555555556
1,0.565,0.0162,0.421,0.0502,0,0,0,0,0,0,0,21.111111111,25.555555556
1,0.565,0.0162,0.421,0.0502,0,0,0,0,0,0,0,21.111111111,25.555555556
0.617,0.565,0.0162,0.421,0.0502,0,0,0,0,0,0,0,21.111111111,26.666666667
0.5,0.598,0.0599,0.421,0.196,0,0,0.0871,0.0169,0,0,0.171,21.111111111,26.666666667
0.367,0.596,0.0619,0.421,0.186,0,0,0,0.763,0.25,0,0.341,21.111111111,26.666666667
0,0.565,0.0162,0.421,0.0502,0,0,0,0,0.483,0,0,21.111111111,26.666666667
0,0.565,0.0162,0.421,0.0502,0,0,0,0,0,0,0,21.111111111,26.666666667
0,0.565,0.0162,0.421,0.0502,0,0,0,0,0,0,0,21.111111111,26.666666667
0,0.565,0.0162,0.421,0.0502,0,0,0,0,0,0,0,21.111111111,26.666666667
0,0.565,0.0162,0.421,0.0502,0,0,0,0,0,0,0,21.111111111,26.666666667
0.00833,0.566,0.0184,0.421,0.0531,0,0,0,0,0,0,0.0341,21.111111111,25.555555556
0.5,0.665,0.175,0.421,0.227,0,0,0,0,0,0,0.239,21.111111111,25.555555556
0.5,0.676,0.229,0.609,0.251,0,0,0,0,0,0,0.307,21.111111111,25.555555556
0.5,0.672,0.316,0.7,0.304,0,0,0,0,0,0,0,21.111111111,25.555555556
0.883,0.727,0.703,0.932,0.651,0,0,0,0,0,0.467,0.0341,21.111111111,25.555555556
1,0.697,0.781,1,0.85,0,0,0,0,0,0,0.0341,21.111111111,25.555555556
1,0.613,0.361,0.773,0.455,0,0,0,0,0,0,0.334,21.111111111,25.555555556
1,0.565,0.0162,0.421,0.0502,0,0,0,0,0,0,0,21.111111111,25.555555556
1,0.565,0.0162,0.421,0.0502,0,0,0,0,0,0,0,21.111111111,25.555555556
1,0.565,0.0162,0.421,0.0502,0,0,0,0,0,0,0,21.111111111,25.555555556
1,0.565,0.0162,0.421,0.0502,0,0,0,0,0,0,0,21.111111111,25.555555556
1,0.565,0.0162,0.421,0.0502,0,0,0,0,0,0,0,21.111111111,25.555555556
1,0.565,0.0162,0.421,0.0502,0,0,0,0,0,0,0,21.111111111,25.555555556
1,0.565,0.0162,0.421,0.0502,0,0,0,0,0,0,0,21.111111111,25.555555556
1,0.565,0.0162,0.421,0.0502,0,0,0,0,0,0,0,21.111111111,25.555555556
0.992,0.591,0.0438,0.421,0.19,0,0,0,0,0,0,0.205,21.111111111,25.555555556
0.5,0.565,0.0162,0.421,0.0502,0,0,0,0,0,0,0,21.111111111,26.666666667
0.5,0.565,0.0162,0.421,0.0502,0,0,0,0,0,0,0,21.111111111,26.666666667
0.117,0.565,0.0162,0.421,0.0502,0,0,0,0,0,0,0,21.111111111,26.666666667
0,0.565,0.0162,0.421,0.0502,0,0,0,0,0,0,0,21.111111111,26.666666667
0,0.565,0.0162,0.421,0.0502,0,0,0,0,0,0,0,21.111111111,26.666666667
0.133,0.576,0.0398,0.421,0.0947,0,0,0,0,0,0,0.0341,21.111111111,26.666666667
0.5,0.608,0.109,0.421,0.217,0,0,0,0,0,0,0.137,21.111111111,26.666666667
0.883,0.665,0.201,0.421,0.345,0,0,0,0,0,0,0.41,21.111111111,26.666666667
1,0.655,0.169,0.421,0.258,0,0,0,0,0,0,0.239,21.111111111,25.555555556
0.867,0.636,0.131,0.421,0.179,0,0,0,0,0,0,0.273,21.111111111,25.555555556
0.5,0.565,0.0162,0.421,0.0502,0,0,0,0,0,0,0,21.111111111,25.555555556
0.5,0.565,0.0162,0.421,0.0502,0,0,0,0,0,0,0,21.111111111,25.555555556
0.758,0.611,0.222,0.571,0.232,0,0,0,0,0,0,0,21.111111111,25.555555556
1,0.615,0.298,0.633,0.339,0,0,0,0,0,0,0,21.111111111,25.555555556
1,0.565,0.0162,0.421,0.0502,0,0,0,0,0,0,0,21.111111111,25.555555556
1,0.565,0.0162,0.421,0.0502,0,0,0,0,0,0,0,21.111111111,25.555555556
1,0.565,0.0162,0.421,0.0502,0,0,0,0,0,0,0,21.111111111,25.555555556
1,0.565,0.0162,0.421,0.0502,0,0,0,0,0,0,0,21.111111111,25.555555556
1,0.565,0.0162,0.421,0.0502,0,0,0,0,0,0,0,21.111111111,25.555555556
1,0.565,0.0162,0.421,0.0502,0,0,0,0,0,0,0,21.111111111,25.555555556
1,0.565,0.0162,0.421,0.0502,0,0,0,0,0,0,0,21.111111111,25.555555556
1,0.565,0.0162,0.421,0.0502,0,0,0,0,0,0,0,21.111111111,25.555555556
1,0.574,0.0349,0.643,0.159,0,0,0,0,0,0,0.421,21.111111111,25.555555556
1,0.604,0.0599,0.489,0.276,0,0,0,0,0,0,0.603,21.111111111,25.555555556
0.358,0.592,0.0451,0.421,0.185,0,0,0,0,0,0,0,21.111111111,26.666666667
0,0.565,0.0162,0.421,0.0502,0,0,0,0,0,0,0,21.111111111,26.666666667
0,0.565,0.0162,0.421,0.0502,0,0,0,0,0,0,0,21.111111111,26.666666667
0,0.565,0.0162,0.421,0.0502,0,0,0,0,0,0,0,21.111111111,26.666666667
0,0.565,0.0162,0.421,0.0502,0,0,0,0,0,0,0,21.111111111,26.666666667
0,0.565,0.0162,0.421,0.0502,0,0,0,0,0,0,0,21.111111111,26.666666667
0.258,0.587,0.0647,0.421,0.136,0,0,0,0,0,0,0.23,21.111111111,26.666666667
0.5,0.62,0.12,0.421,0.217,0,0,0,0,0,0,0.256,21.111111111,26.666666667
0.5,0.578,0.041,0.421,0.0892,0,0,0,0,0,0,0.233,21.111111111,25.555555556
0.5,0.565,0.0162,0.421,0.0502,0,0,0,0,0,0,0,21.111111111,25.555555556
0.633,0.595,0.0768,0.487,0.106,0,0,0,0,0,0.267,0.0341,21.111111111,25.555555556
1,0.672,0.316,0.7,0.304,0,0,0,0,0,1,0,21.111111111,25.555555556
1,0.658,0.397,0.711,0.382,0,0,0,0,0,1,0,21.111111111,25.555555556
1,0.676,0.688,0.932,0.768,0,0,0,0,0,1,0.21,21.111111111,25.555555556
0.875,0.628,0.481,0.928,0.606,0,0,0,0,0,0.983,0.157,21.111111111,25.555555556
1,0.581,0.192,0.778,0.26,0,0,0,0,0,0,0.0341,21.111111111,25.555555556
1,0.566,0.0379,0.489,0.0739,0,0,0,0,0,0,0,21.111111111,25.555555556
1,0.565,0.0162,0.421,0.0502,0,0,0,0,0,0,0,21.111111111,25.555555556
1,0.565,0.0162,0.421,0.0502,0,0,0,0,0,0,0,21.111111111,25.555555556
1,0.565,0.0162,0.421,0.0502,0,0,0,0,0,0,0,21.111111111,25.555555556
1,0.565,0.0162,0.421,0.0502,0,0,0,0,0,0,0,21.111111111,25.555555556
1,0.564,0.0194,0.498,0.0626,0,0,0,0,0,0.233,0,21.111111111,25.555555556
1,0.574,0.0381,0.715,0.172,0,0,0,0,0,0,0.296,21.111111111,25.555555556
0.867,0.615,0.0742,0.556,0.353,0,0,0,0,0,0,0.493,21.111111111,25.555555556
0.5,0.606,0.0607,0.421,0.241,0,0,0,0,0,0,0.498,21.111111111,26.666666667
0.5,0.608,0.0708,0.421,0.241,0,0,0,0,0,0,0.266,21.111111111,26.666666667
0.367,0.596,0.0619,0.421,0.186,0,0,0,0,0,0,0.115,21.111111111,26.666666667
0,0.565,0.0162,0.421,0.0502,0,0,0,0,0,0,0,21.111111111,26.666666667
0.383,0.598,0.0753,0.421,0.18,0,0,0,0,0,0,0.361,21.111111111,26.666666667
0.5,0.608,0.102,0.421,0.217,0,0,0,0,0,0,0.419,21.111111111,26.666666667
0.117,0.575,0.0368,0.421,0.0892,0,0,0,0,0,0,0,21.111111111,26.666666667
0,0.565,0.0162,0.421,0.0502,0,0,0,0,0,0,0,21.111111111,26.666666667
0,0.565,0.0162,0.421,0.0502,0,0,0,0,0,0,0,21.111111111,25.555555556
0,0.565,0.0162,0.421,0.0502,0,0,0,0,0,0,0,21.111111111,25.555555556
0.0167,0.568,0.0238,0.429,0.0572,0,0,0,0,0,0,0.0504,21.111111111,25.555555556
1,0.779,0.615,0.98,0.558,0,0,0,0,0,0.233,0.235,21.111111111,25.555555556
1,0.752,0.778,1,0.714,0,0,0,0,0,0,0.264,21.111111111,25.555555556
1,0.697,0.781,1,0.85,0,0,0,0,0,0,0.249,21.111111111,25.555555556
1,0.613,0.365,0.778,0.46,0,0,0,0,0,0,0,21.111111111,25.555555556
1,0.578,0.21,0.928,0.27,0,0,0,0,0,0,0.0973,21.111111111,25.555555556
1,0.566,0.0385,0.489,0.0739,0,0,0,0,0,0,0,21.111111111,25.555555556
1,0.565,0.0185,0.421,0.0502,0,0,0,0,0,0,0,21.111111111,25.555555556
1,0.565,0.0185,0.421,0.0502,0,0,0,0,0,0,0,21.111111111,25.555555556
1,0.565,0.0185,0.421,0.0502,0,0,0,0,0,0,0,21.111111111,25.555555556
1,0.565,0.0185,0.421,0.0502,0,0,0,0,0,0,0,21.111111111,25.555555556
1,0.565,0.0185,0.421,0.0502,0,0,0,0,0,0,0,21.111111111,25.555555556
1,0.565,0.0185,0.421,0.0502,0,0,0,0,0,0,0,21.111111111,25.555555556
1,0.588,0.0445,0.421,0.175,0,0,0,0,0,0,0,21.111111111,25.555555556
1,0.611,0.0823,0.421,0.271,0,0,0,0,0,0.233,0.0341,21.111111111,25.555555556
1,0.608,0.104,0.421,0.241,0,0,0,0,0,0,0.137,21.111111111,25.555555556
1,0.633,0.194,0.421,0.344,0,0,0,0,0,0,0,21.111111111,25.555555556
1,0.651,0.266,0.421,0.407,0.104,0.0833,0,0,0,0,0.0683,21.111111111,25.555555556
1,0.651,0.288,0.421,0.393,0.675,1,0,0,0,0,0,21.111111111,25.555555556
0.875,0.64,0.293,0.421,0.343,0.705,0.15,0,0,0,0,0.137,21.111111111,25.555555556
1,0.651,0.379,0.421,0.384,0,0,0,0,0,0,0.171,21.111111111,25.555555556
1,0.65,0.353,0.421,0.328,0,0,0,0,0,0,0,21.111111111,25.555555556
1,0.637,0.236,0.421,0.219,0,0,0,0,0,0,0.0683,21.111111111,25.555555556
1,0.669,0.264,0.421,0.24,0,0,0,0,0,0,0.0683,21.111111111,25.555555556
1,0.784,0.527,0.708,0.442,0,0,0,0,0,0,0.205,21.111111111,25.555555556
1,0.782,0.666,0.963,0.536,0,0,0,0,0,0,0,21.111111111,25.555555556
1,0.757,0.816,1,0.683,0,0,0,0,0,0,0.0341,21.111111111,25.555555556
1,0.674,0.602,0.831,0.585,0,0,0,0,0,0,0,21.111111111,25.555555556
1,0.605,0.324,0.711,0.388,0,0,0,0,0,0,0,21.111111111,25.555555556
1,0.579,0.182,0.711,0.227,0,0,0,0,0,0,0,21.111111111,25.555555556
1,0.566,0.0735,0.619,0.103,0,0,0,0,0,0,0,21.111111111,25.555555556
1,0.565,0.0185,0.421,0.0502,0,0,0,0,0,0,0,21.111111111,25.555555556
1,0.565,0.0185,0.421,0.0502,0,0,0,0,0,0,0,21.111111111,25.555555556
1,0.565,0.0185,0.421,0.0502,0,0,0,0,0,0,0,21.111111111,25.555555556
0.708,0.565,0.0185,0.421,0.0502,0,0,0,0,0,0,0,21.111111111,25.555555556
0.5,0.565,0.0185,0.421,0.0502,0,0,0,0,0,0,0,21.111111111,25.555555556
0.5,0.565,0.0185,0.421,0.0502,0,0,0,0,0,0,0,21.111111111,25.555555556
0.5,0.585,0.0412,0.421,0.159,0,0,0,0,0,0,0.123,21.111111111,25.555555556
0.5,0.605,0.0758,0.421,0.24,0,0,0,0,0,0,0.25,21.111111111,25.555555556
0.5,0.608,0.104,0.421,0.241,0,0,0,0,0,0.233,0.0683,21.111111111,25.555555556
0.5,0.608,0.126,0.421,0.237,0,0,0,0,0,0,0.0341,21.111111111,25.555555556
0.5,0.608,0.142,0.421,0.229,0,0,0,0,0,0,0.0341,21.111111111,25.555555556
0.5,0.608,0.153,0.421,0.222,0,0,0,0,0,0,0.0683,21.111111111,25.555555556
0.917,0.644,0.304,0.421,0.357,0,0,0,0,0,0,0,21.111111111,25.555555556
1,0.626,0.268,0.421,0.286,0,0,0,0,0,0,0,21.111111111,25.555555556
1,0.617,0.221,0.421,0.217,0,0,0,0,0,0,0.273,21.111111111,25.555555556
1,0.664,0.31,0.421,0.275,0,0,0,0,0,0,0.0341,21.111111111,25.555555556
1,0.756,0.471,0.421,0.4,0,0,0,0,0,0,0,21.111111111,25.555555556
1,0.784,0.527,0.708,0.442,0,0,0,0,0,0,0.0683,21.111111111,25.555555556
0.958,0.773,0.636,0.939,0.514,0,0,0,0,0,0,0.0683,21.111111111,25.555555556
0.5,0.661,0.417,0.711,0.367,0,0,0,0,0,0,0,21.111111111,25.555555556
0.5,0.636,0.425,0.711,0.438,0,0,0,0,0,0,0,21.111111111,25.555555556
0.792,0.605,0.324,0.711,0.388,0,0,0,0,0,0,0,21.111111111,25.555555556
1,0.576,0.12,0.542,0.168,0,0,0,0,0,0,0,21.111111111,25.555555556
1,0.564,0.0273,0.489,0.059,0,0,0,0,0,0,0,21.111111111,25.555555556
1,0.565,0.0162,0.421,0.0502,0,0,0,0,0,0,0,21.111111111,25.555555556
1,0.565,0.0162,0.421,0.0502,0,0,0,0,0,0,0,21.111111111,25.555555556
1,0.565,0.0162,0.421,0.0502,0,0,0,0,0,0,0,21.111111111,25.555555556
1,0.565,0.0162,0.421,0.0502,0,0,0,0,0,0,0,21.111111111,25.555555556
0.867,0.562,0.0255,0.643,0.0856,0,0,0,0,0,0,0.395,21.111111111,25.555555556
0.5,0.573,0.0377,0.711,0.17,0,0,0,0,0,0,0.415,21.111111111,25.555555556
0.5,0.595,0.0501,0.489,0.227,0,0,0,0,0,0,0.408,21.111111111,25.555555556
0.367,0.595,0.0482,0.421,0.19,0,0,0,0,0,0,0.0341,21.111111111,26.666666667
0,0.565,0.0162,0.421,0.0502,0,0,0,0,0,0,0,21.111111111,26.666666667
0,0.565,0.0162,0.421,0.0502,0,0,0,0,0,0,0,21.111111111,26.666666667
0,0.565,0.0162,0.421,0.0502,0,0,0,0,0,0,0,21.111111111,26.666666667
0,0.565,0.0162,0.421,0.0502,0,0,0,0,0,0,0,21.111111111,26.666666667
0,0.565,0.0162,0.421,0.0502,0,0,0,0,0,0,0,21.111111111,26.666666667
0,0.565,0.0162,0.421,0.0502,0,0,0,0,0,0,0,21.111111111,26.666666667
0.00833,0.565,0.018,0.421,0.053,0,0,0,0,0,0.0167,0.0341,21.111111111,26.666666667
0.5,0.641,0.144,0.421,0.219,0,0,0,0,0,0.217,0,21.111111111,25.555555556
0.5,0.665,0.175,0.421,0.227,0,0,0,0,0,0,0.239,21.111111111,25.555555556
0.883,0.763,0.404,0.798,0.411,0,0,0.368,0.254,0.517,0,0.0341,21.111111111,25.555555556
1,0.779,0.615,0.98,0.558,0,0,0.566,0,0.217,0,0.171,21.111111111,25.555555556
1,0.752,0.778,1,0.714,0,0,0.432,0,0,0,0.0341,21.111111111,25.555555556
1,0.681,0.681,0.923,0.739,0,0,0.284,0,0,0,0.0341,21.111111111,25.555555556
1,0.592,0.217,0.633,0.288,0,0,0,0,0,0,0,21.111111111,25.555555556
1,0.565,0.0162,0.421,0.0502,0,0,0,0,0,0,0,21.111111111,25.555555556
1,0.565,0.0162,0.421,0.0502,0,0,0,0,0,0,0,21.111111111,25.555555556
1,0.565,0.0162,0.421,0.0502,0,0,0,0,0,0,0,21.111111111,25.555555556
1,0.565,0.0162,0.421,0.0502,0,0,0,0,0,0,0,21.111111111,25.555555556
1,0.565,0.0162,0.421,0.0502,0,0,0,0,0,0,0,21.111111111,25.555555556
1,0.565,0.0162,0.421,0.0502,0,0,0,0,0,0,0,21.111111111,25.555555556
1,0.563,0.0224,0.571,0.0741,0,0,0,0,0,0,0.24,21.111111111,25.555555556
0.867,0.57,0.0312,0.633,0.132,0,0,0,0,0,0,0.105,21.111111111,25.555555556
0.5,0.592,0.0444,0.421,0.193,0,0,0,0,0,0,0.307,21.111111111,25.555555556
0.5,0.606,0.0607,0.421,0.241,0,0,0,0,0,0,0.469,21.111111111,26.666666667
0.492,0.607,0.0698,0.421,0.237,0,0,0,0,0,0,0.32,21.111111111,26.666666667
0,0.565,0.0162,0.421,0.0502,0,0,0,0,0,0,0,21.111111111,26.666666667
0,0.565,0.0162,0.421,0.0502,0,0,0,0,0,0,0,21.111111111,26.666666667
0.133,0.576,0.0368,0.421,0.0952,0,0,0,0,0,0,0,21.111111111,26.666666667
0.883,0.608,0.102,0.421,0.217,0,0,0,0,0,0,0.0683,21.111111111,26.666666667
0.617,0.575,0.0368,0.421,0.0892,0,0,0,0,0,0,0,21.111111111,26.666666667
0.5,0.565,0.0162,0.421,0.0502,0,0,0,0,0,0,0,21.111111111,26.666666667
0.5,0.565,0.0162,0.421,0.0502,0,0,0,0,0,0,0,21.111111111,25.555555556
0.508,0.566,0.019,0.421,0.0532,0,0,0,0,0,0,0,21.111111111,25.555555556
0.742,0.676,0.229,0.609,0.251,0,0,0,0,0,0,0.341,21.111111111,25.555555556
0.508,0.674,0.321,0.705,0.309,0,0,0,0,0,0,0.205,21.111111111,25.555555556
1,0.752,0.778,1,0.714,0,0,0,0,0,0,0.0341,21.111111111,25.555555556
1,0.697,0.781,1,0.85,0,0,0,0,0,0,0.0341,21.111111111,25.555555556
1,0.635,0.538,1,0.676,0,0,0,0,0,0,0.0341,21.111111111,25.555555556
1,0.578,0.121,0.556,0.182,0,0,0,0,0,0,0,21.111111111,25.555555556
1,0.565,0.0162,0.421,0.0502,0,0,0,0,0,0,0,21.111111111,25.555555556
1,0.565,0.0162,0.421,0.0502,0,0,0,0,0,0,0,21.111111111,25.555555556
1,0.565,0.0162,0.421,0.0502,0,0,0,0,0,0,0,21.111111111,25.555555556
0.992,0.564,0.0161,0.493,0.0502,0,0,0,0,0,0,0,21.111111111,25.555555556
0.883,0.565,0.0162,0.421,0.0502,0,0,0,0,0,0,0,21.111111111,25.555555556
1,0.562,0.0257,0.648,0.0864,0.0634,0.0167,0,0,0,0,0.327,21.111111111,25.555555556
1,0.582,0.0593,1,0.29,0.779,0.467,0,0,0,0.517,0.189,21.111111111,25.555555556
0.483,0.588,0.046,0.556,0.21,0,0,0,0,0,1,0.273,21.111111111,25.555555556
0,0.565,0.0162,0.421,0.0502,0,0,0,0,0,1,0,21.111111111,26.666666667
0,0.565,0.0162,0.421,0.0502,0,0,0,0,0,0.317,0,21.111111111,26.666666667
0,0.565,0.0162,0.421,0.0502,0,0,0,0,0,0,0,21.111111111,26.666666667
0,0.565,0.0162,0.421,0.0502,0,0,0,0,0,0,0,21.111111111,26.666666667
0,0.565,0.0162,0.421,0.0502,0,0,0,0,0,0,0,21.111111111,26.666666667
0,0.565,0.0162,0.421,0.0502,0,0,0,0,0,0,0,21.111111111,26.666666667
0,0.565,0.0162,0.421,0.0502,0,0,0,0,0,0,0,21.111111111,26.666666667
0,0.565,0.0162,0.421,0.0502,0,0,0,0,0,0,0,21.111111111,26.666666667
0.383,0.628,0.119,0.421,0.18,0.477,0.233,0,0,0,0,0.102,21.111111111,25.555555556
0.5,0.665,0.175,0.421,0.227,0,0,0,0,0,0,0.137,21.111111111,25.555555556
0.5,0.676,0.229,0.609,0.251,0,0,0,0,0,0,0.0341,21.111111111,25.555555556
0.883,0.753,0.562,0.922,0.51,0,0,0,0,0,0,0.0683,21.111111111,25.555555556
1,0.752,0.778,1,0.714,0,0,0,0,0,0.767,0.0341,21.111111111,25.555555556
1,0.697,0.781,1,0.85,0,0,0,0,0,0.167,0.0341,21.111111111,25.555555556
1,0.613,0.365,0.778,0.46,0,0,0,0,0,0,0,21.111111111,25.555555556
1,0.571,0.0687,0.489,0.116,0,0,0,0,0,0,0,21.111111111,25.555555556
1,0.565,0.0162,0.421,0.0502,0,0,0,0,0,0,0,21.111111111,25.555555556
1,0.565,0.0162,0.421,0.0502,0,0,0,0,0,0,0,21.111111111,25.555555556
1,0.565,0.0162,0.421,0.0502,0,0,0,0,0,0,0,21.111111111,25.555555556
1,0.565,0.0162,0.421,0.0502,0,0,0,0,0,0,0,21.111111111,25.555555556
1,0.565,0.0162,0.421,0.0502,0,0,0,0,0,0,0,21.111111111,25.555555556
1,0.565,0.0162,0.421,0.0502,0,0,0,0,0,0,0,21.111111111,25.555555556
1,0.577,0.0414,0.72,0.197,0,0,0,0,0,0,0.0341,21.111111111,25.555555556
0.617,0.598,0.0558,0.556,0.26,0,0,0,0,0,0,0.171,21.111111111,25.555555556
0.117,0.573,0.0248,0.421,0.0938,0,0,0,0,0,0,0,21.111111111,26.666666667
0,0.565,0.0162,0.421,0.0502,0,0,0,0,0,0,0,21.111111111,26.666666667
0,0.565,0.0162,0.421,0.0502,0,0,0,0,0,0,0,21.111111111,26.666666667
0.133,0.576,0.0356,0.421,0.0969,0,0,0,0,0,0,0.0341,21.111111111,26.666666667
0.883,0.641,0.151,0.421,0.35,0,0,0,0,0,0.467,0.137,21.111111111,26.666666667
1,0.651,0.188,0.421,0.385,0,0,0,0,0,0,0.239,21.111111111,26.666666667
0.617,0.618,0.129,0.421,0.256,0,0,0,0,0,0,0.239,21.111111111,26.666666667
0.5,0.62,0.12,0.421,0.217,0,0,0,0,0,0,0.0341,21.111111111,26.666666667
0.758,0.684,0.213,0.421,0.307,0,0,0,0,0,0,0,21.111111111,25.555555556
1,0.765,0.335,0.421,0.404,0,0,0,0,0,0,0.0341,21.111111111,25.555555556
0.617,0.701,0.268,0.609,0.293,0,0,0,0,0,0,0.137,21.111111111,25.555555556
0.633,0.7,0.402,0.777,0.376,0.531,0.767,0,0,0,0,0.302,21.111111111,25.555555556
1,0.752,0.778,1,0.714,0.129,0.217,0.108,0.525,0.25,0.233,0.0341,21.111111111,25.555555556
1,0.696,0.775,0.995,0.843,0,0,0,0,0.733,0,0,21.111111111,25.555555556
1,0.6,0.277,0.711,0.363,0,0,0,0,0,0,0.0341,21.111111111,25.555555556
1,0.571,0.0687,0.489,0.116,0,0,0,0,0,0,0,21.111111111,25.555555556
1,0.565,0.0162,0.421,0.0502,0,0,0,0,0,0,0,21.111111111,25.555555556
1,0.565,0.0162,0.421,0.0502,0,0,0,0,0,0,0,21.111111111,25.555555556
1,0.565,0.0162,0.421,0.0502,0,0,0,0,0,0,0,21.111111111,25.555555556
1,0.565,0.0162,0.421,0.0502,0,0,0,0,0,0,0,21.111111111,25.555555556
1,0.565,0.0162,0.421,0.0502,0,0,0,0,0,0,0,21.111111111,25.555555556
1,0.565,0.0162,0.421,0.0502,0,0,0,0,0,0,0,21.111111111,25.555555556
0.867,0.574,0.0349,0.643,0.159,0,0,0,0,0,0,0.347,21.111111111,25.555555556
0.117,0.567,0.0219,0.489,0.0834,0,0,0,0,0,0,0.392,21.111111111,25.555555556
0,0.565,0.0162,0.421,0.0502,0,0,0,0,0,0,0,21.111111111,26.666666667
0,0.565,0.0162,0.421,0.0502,0,0,0,0,0,0,0,21.111111111,26.666666667
0,0.565,0.0162,0.421,0.0502,0,0,0,0,0,0,0,21.111111111,26.666666667
0,0.565,0.0162,0.421,0.0502,0,0,0,0,0,0,0,21.111111111,26.666666667
0,0.565,0.0162,0.421,0.0502,0,0,0,0,0,0,0,21.111111111,26.666666667
0.25,0.586,0.0604,0.421,0.134,0,0,0,0,0,0,0.0683,21.111111111,26.666666667
0.258,0.565,0.0162,0.421,0.0502,0,0,0,0,0,0,0,21.111111111,26.666666667
0.5,0.595,0.0711,0.421,0.137,0,0,0.293,0.525,0,0,0.239,21.111111111,26.666666667
0.492,0.64,0.142,0.421,0.216,0,0,0,0,0.983,0,0.0341,21.111111111,25.555555556
0.383,0.645,0.144,0.421,0.187,0,0,0,0,0,0.767,0.0683,21.111111111,25.555555556
0.508,0.678,0.233,0.613,0.255,0,0,0,0,0,0.65,0.307,21.111111111,25.555555556
1,0.779,0.615,0.98,0.558,0,0,0,0,0,0,0,21.111111111,25.555555556
1,0.752,0.778,1,0.714,0,0,0,0,0,0,0.171,21.111111111,25.555555556
1,0.652,0.492,0.778,0.532,0,0,0,0,0,0,0.0341,21.111111111,25.555555556
1,0.585,0.161,0.561,0.218,0,0,0,0,0,0,0.0341,21.111111111,25.555555556
1,0.565,0.0162,0.421,0.0502,0,0,0,0,0,0,0,21.111111111,25.555555556
1,0.565,0.0168,0.421,0.0502,0,0,0,0,0,0,0,21.111111111,25.555555556
1,0.565,0.0185,0.421,0.0502,0,0,0,0,0,0,0,21.111111111,25.555555556
1,0.565,0.0185,0.421,0.0502,0,0,0,0,0,0,0,21.111111111,25.555555556
1,0.565,0.0185,0.421,0.0502,0,0,0,0,0,0,0,21.111111111,25.555555556
1,0.565,0.0185,0.421,0.0502,0,0,0,0,0,0,0,21.111111111,25.555555556
1,0.565,0.0185,0.421,0.0502,0,0,0,0,0,0,0,21.111111111,25.555555556
0.708,0.565,0.0185,0.421,0.0502,0,0,0,0,0,0,0,21.111111111,25.555555556
0.5,0.565,0.0185,0.421,0.0502,0,0,0,0,0,0,0,21.111111111,25.555555556
0.5,0.568,0.0244,0.421,0.0662,0,0,0,0,0,0,0,21.111111111,25.555555556
0.5,0.608,0.104,0.421,0.241,0,0,0,0,0,0,0.102,21.111111111,25.555555556
0.542,0.586,0.0683,0.421,0.145,0,0,0,0,0,0,0.102,21.111111111,25.555555556
1,0.633,0.217,0.421,0.331,0,0,0,0,0,0,0.102,21.111111111,25.555555556
1,0.651,0.288,0.421,0.393,0,0,0,0,0,0,0.0683,21.111111111,25.555555556
0.708,0.626,0.231,0.421,0.288,0,0,0,0,0,0,0.102,21.111111111,25.555555556
0.792,0.633,0.31,0.421,0.314,0,0,0,0,0,0.583,0.205,21.111111111,25.555555556
1,0.669,0.423,0.421,0.384,0,0,0,0,0,0.117,0.0341,21.111111111,25.555555556
1,0.71,0.453,0.421,0.387,0,0,0,0,0,0,0,21.111111111,25.555555556
1,0.756,0.471,0.421,0.4,0,0,0,0,0,0,0.0683,21.111111111,25.555555556
1,0.784,0.527,0.708,0.442,0,0,0,0,0,0,0.137,21.111111111,25.555555556
1,0.782,0.666,0.963,0.536,0,0,0,0,0,0,0,21.111111111,25.555555556
1,0.705,0.568,0.831,0.478,0,0,0.156,0.0847,0,0,0.0683,21.111111111,25.555555556
0.583,0.58,0.0895,0.469,0.109,0,0,0.152,0.169,0.833,0,0,21.111111111,25.555555556
0.667,0.574,0.0999,0.518,0.144,0,0,0,0,0.15,0,0,21.111111111,25.555555556
1,0.579,0.182,0.711,0.227,0,0,0,0,0,0,0.0683,21.111111111,25.555555556
1,0.566,0.0735,0.619,0.103,0,0,0,0,0,0,0,21.111111111,25.555555556
1,0.56,0.0635,0.879,0.0911,0,0,0,0,0,0,0,21.111111111,25.555555556
1,0.565,0.0185,0.421,0.0502,0,0,0,0,0,0,0,21.111111111,25.555555556
1,0.565,0.0185,0.421,0.0502,0,0,0,0,0,0,0,21.111111111,25.555555556
1,0.565,0.0185,0.421,0.0502,0,0,0,0,0,0,0,21.111111111,25.555555556
1,0.565,0.0185,0.421,0.0502,0,0,0,0,0,0,0,21.111111111,25.555555556
0.958,0.571,0.0273,0.566,0.121,0,0,0,0,0,0,0.392,21.111111111,25.555555556
0.542,0.567,0.0218,0.421,0.0658,0,0,0,0,0,0.0833,0,21.111111111,25.555555556
1,0.605,0.0758,0.421,0.24,0,0,0,0,0,0.383,0.137,21.111111111,25.555555556
1,0.608,0.104,0.421,0.241,0,0,0,0,0,0,0.137,21.111111111,25.555555556
1,0.612,0.136,0.421,0.252,0,0,0,0,0,0,0.0942,21.111111111,25.555555556
1,0.651,0.266,0.421,0.407,0.131,0.0833,0,0,0,0,0.32,21.111111111,25.555555556
1,0.651,0.288,0.421,0.393,0.634,0.9,0,0,0,0,0.318,21.111111111,25.555555556
1,0.651,0.327,0.421,0.385,0.781,0,0,0,0,0,0.434,21.111111111,25.555555556
1,0.651,0.379,0.421,0.384,0,0,0,0,0,0,0.304,21.111111111,25.555555556
0.708,0.635,0.3,0.421,0.287,0,0,0,0,0,0,0.26,21.111111111,25.555555556
0.458,0.63,0.217,0.421,0.205,0,0,0,0,0,0,0.171,21.111111111,25.555555556
0,0.565,0.0185,0.421,0.0502,0,0,0,0,0,0,0,21.111111111,25.555555556
0.292,0.631,0.177,0.564,0.171,0,0,0,0,0,0.583,0.102,21.111111111,25.555555556
0.5,0.673,0.342,0.692,0.293,0,0,0,0,0,0.833,0.0341,21.111111111,25.555555556
0.5,0.661,0.417,0.711,0.367,0,0,0,0,0,0,0,21.111111111,25.555555556
0.667,0.656,0.555,0.807,0.577,0,0,0,0,0,0,0,21.111111111,25.555555556
1,0.63,0.488,0.831,0.56,0,0,0,0,0,0,0.0922,21.111111111,25.555555556
1,0.579,0.182,0.711,0.227,0,0,0,0,0,0,0.31,21.111111111,25.555555556
1,0.564,0.0865,0.73,0.117,0,0,0,0,0,0,0.181,21.111111111,25.555555556
1,0.565,0.0162,0.421,0.0502,0,0,0,0,0,0,0,21.111111111,25.555555556
1,0.565,0.0162,0.421,0.0502,0,0,0,0,0,0,0,21.111111111,25.555555556
1,0.565,0.0162,0.421,0.0502,0,0,0,0,0,0,0,21.111111111,25.555555556
1,0.565,0.0162,0.421,0.0502,0,0,0,0,0,0,0,21.111111111,25.555555556
1,0.564,0.0194,0.498,0.0626,0,0,0,0,0,0,0.102,21.111111111,25.555555556
1,0.573,0.0377,0.711,0.17,0,0,0,0,0,0,0.429,21.111111111,25.555555556
0.617,0.595,0.0501,0.489,0.227,0,0,0,0,0,0,0.422,21.111111111,25.555555556
0.117,0.573,0.0248,0.421,0.0938,0,0,0,0,0,0,0.0341,21.111111111,26.666666667
0,0.565,0.0162,0.421,0.0502,0,0,0,0,0,0,0,21.111111111,26.666666667
0,0.565,0.0162,0.421,0.0502,0,0,0,0,0,0,0,21.111111111,26.666666667
0,0.565,0.0162,0.421,0.0502,0,0,0,0,0,0,0,21.111111111,26.666666667
0,0.565,0.0162,0.421,0.0502,0,0,0,0,0,0,0,21.111111111,26.666666667
0,0.565,0.0162,0.421,0.0502,0,0,0,0,0,0,0,21.111111111,26.666666667
0,0.565,0.0162,0.421,0.0502,0,0,0,0,0,0,0,21.111111111,26.666666667
0,0.565,0.0162,0.421,0.0502,0,0,0,0,0,0,0,21.111111111,26.666666667
0,0.565,0.0162,0.421,0.0502,0,0,0,0,0,0,0,21.111111111,25.555555556
0.383,0.565,0.0162,0.421,0.0502,0,0,0,0,0,0,0,21.111111111,25.555555556
0.5,0.565,0.0162,0.421,0.0502,0,0,0,0,0,0,0,21.111111111,25.555555556
0.5,0.565,0.0162,0.421,0.0502,0,0,0,0,0,0,0,21.111111111,25.555555556
0.883,0.657,0.428,0.72,0.413,0,0,0,0,0,0,0.137,21.111111111,25.555555556
1,0.681,0.681,0.923,0.739,0,0,0,0,0,0,0.137,21.111111111,25.555555556
1,0.6,0.277,0.711,0.363,0,0,0,0,0,0,0.0341,21.111111111,25.555555556
1,0.575,0.14,0.711,0.194,0,0,0,0,0,0,0.239,21.111111111,25.555555556
1,0.566,0.0379,0.489,0.0739,0,0,0,0,0,0,0,21.111111111,25.555555556
1,0.565,0.0162,0.421,0.0502,0,0,0,0,0,0,0,21.111111111,25.555555556
1,0.565,0.0162,0.421,0.0502,0,0,0,0,0,0,0,21.111111111,25.555555556
1,0.565,0.0162,0.421,0.0502,0,0,0,0,0,0,0,21.111111111,25.555555556
1,0.565,0.0162,0.421,0.0502,0,0,0,0,0,0,0,21.111111111,25.555555556
1,0.565,0.0162,0.421,0.0502,0,0,0,0,0,0,0,21.111111111,25.555555556
1,0.568,0.0226,0.498,0.0865,0,0,0,0,0,0.233,0.0341,21.111111111,25.555555556
1,0.594,0.0533,0.633,0.245,0,0,0,0,0,0,0.388,21.111111111,25.555555556
0.617,0.612,0.0637,0.421,0.271,0,0,0,0,0,0,0.0341,21.111111111,26.666666667
0.5,0.609,0.0653,0.421,0.228,0,0,0,0,0,0,0.239,21.111111111,26.666666667
0.367,0.597,0.0576,0.421,0.178,0,0,0,0,0,0,0.0341,21.111111111,26.666666667
0,0.565,0.0162,0.421,0.0502,0,0,0,0,0,0,0,21.111111111,26.666666667
0,0.565,0.0162,0.421,0.0502,0,0,0,0,0,0,0,21.111111111,26.666666667
0,0.565,0.0162,0.421,0.0502,0,0,0,0,0,0,0,21.111111111,26.666666667
0,0.565,0.0162,0.421,0.0502,0,0,0,0,0,0,0,21.111111111,26.666666667
0,0.565,0.0162,0.421,0.0502,0,0,0,0,0,0,0,21.111111111,26.666666667
0,0.565,0.0162,0.421,0.0502,0,0,0,0,0,0,0,21.111111111,25.555555556
0.133,0.593,0.0603,0.421,0.0939,0,0,0,0,0,0,0,21.111111111,25.555555556
0.5,0.674,0.198,0.487,0.221,0,0,0,0,0,0.233,0.0683,21.111111111,25.555555556
0.5,0.677,0.267,0.678,0.254,0,0,0,0,0,0,0.273,21.111111111,25.555555556
0.883,0.745,0.62,0.932,0.52,0,0,0,0,0,0,0.307,21.111111111,25.555555556
1,0.73,0.79,0.995,0.715,0,0,0,0,0,0,0.0341,21.111111111,25.555555556
1,0.594,0.197,0.561,0.235,0,0,0,0,0,0,0,21.111111111,25.555555556
1,0.565,0.0162,0.421,0.0502,0,0,0,0,0,0,0,21.111111111,25.555555556
1,0.564,0.025,0.498,0.0603,0,0,0,0,0,0,0,21.111111111,25.555555556
1,0.563,0.0404,0.633,0.0779,0,0,0,0,0,0,0,21.111111111,25.555555556
1,0.565,0.0162,0.421,0.0502,0,0,0,0,0,0,0,21.111111111,25.555555556
1,0.565,0.0162,0.421,0.0502,0,0,0,0,0,0,0,21.111111111,25.555555556
0.992,0.564,0.0172,0.493,0.0505,0,0,0,0,0,0,0.318,21.111111111,25.555555556
0.5,0.565,0.0162,0.421,0.0502,0,0,0,0,0,0,0,21.111111111,25.555555556
0.5,0.565,0.0162,0.421,0.0502,0,0,0,0,0,0,0,21.111111111,25.555555556
0.5,0.565,0.0162,0.421,0.0502,0,0,0,0,0,0,0,21.111111111,25.555555556
0.5,0.576,0.0286,0.421,0.0982,0,0,0,0,0,0,0.0341,21.111111111,26.666666667
0.242,0.586,0.0386,0.421,0.137,0,0,0,0,0,0,0.214,21.111111111,26.666666667
0,0.565,0.0162,0.421,0.0502,0,0,0,0,0,0,0,21.111111111,26.666666667
0,0.565,0.0162,0.421,0.0502,0,0,0,0,0,0,0,21.111111111,26.666666667
0,0.565,0.0162,0.421,0.0502,0,0,0,0,0,0,0,21.111111111,26.666666667
0,0.565,0.0162,0.421,0.0502,0,0,0,0,0,0,0,21.111111111,26.666666667
0,0.565,0.0162,0.421,0.0502,0,0,0,0,0,0,0,21.111111111,26.666666667
0,0.565,0.0162,0.421,0.0502,0,0,0,0,0,0,0,21.111111111,26.666666667
0.133,0.587,0.0517,0.421,0.0914,0,0,0,0,0,0,0.0683,21.111111111,25.555555556
0.5,0.654,0.158,0.421,0.207,0,0,0,0,0,0,0.137,21.111111111,25.555555556
0.508,0.676,0.201,0.491,0.224,0,0,0,0,0,0.0167,0.218,21.111111111,25.555555556
1,0.79,0.517,0.936,0.458,0,0,0,0,0,0.217,0.0683,21.111111111,25.555555556
1,0.77,0.695,1,0.577,0,0,0,0,0,0,0.0341,21.111111111,25.555555556
1,0.669,0.498,0.778,0.46,0,0,0,0,0,0,0.0341,21.111111111,25.555555556
1,0.617,0.35,0.711,0.403,0,0,0,0,0,0,0.102,21.111111111,25.555555556
1,0.586,0.18,0.633,0.248,0,0,0,0,0,0,0,21.111111111,25.555555556
1,0.565,0.0162,0.421,0.0502,0,0,0,0,0,0,0,21.111111111,25.555555556
1,0.565,0.0162,0.421,0.0502,0,0,0,0,0,0,0,21.111111111,25.555555556
1,0.565,0.0162,0.421,0.0502,0,0,0,0,0,0,0,21.111111111,25.555555556
1,0.565,0.0162,0.421,0.0502,0,0,0,0,0,0,0,21.111111111,25.555555556
1,0.565,0.0162,0.421,0.0502,0,0,0,0,0,0,0,21.111111111,25.555555556
1,0.565,0.0162,0.421,0.0502,0,0,0,0,0,0,0,21.111111111,25.555555556
1,0.565,0.0162,0.421,0.0502,0,0,0,0,0,0,0,21.111111111,25.555555556
1,0.591,0.0477,0.566,0.214,0,0,0,0,0,0,0.179,21.111111111,25.555555556
0.875,0.631,0.0819,0.421,0.36,0,0,0,0,0,0,0.55,21.111111111,26.666666667
0.992,0.62,0.0794,0.421,0.272,0,0,0,0,0,0,0.33,21.111111111,26.666666667
0.5,0.609,0.0747,0.421,0.223,0,0,0,0,0,0,0.0683,21.111111111,26.666666667
0.5,0.609,0.0825,0.421,0.216,0,0,0,0,0,0,0.0341,21.111111111,26.666666667
0.117,0.575,0.033,0.421,0.0875,0,0,0,0,0,0,0,21.111111111,26.666666667
0,0.565,0.0162,0.421,0.0502,0,0,0,0,0,0,0,21.111111111,26.666666667
0,0.565,0.0162,0.421,0.0502,0,0,0,0,0,0,0,21.111111111,26.666666667
0.258,0.592,0.0676,0.421,0.129,0,0,0,0,0,0.517,0.0341,21.111111111,26.666666667
0.5,0.631,0.129,0.421,0.203,0,0,0,0,0,0.683,0.102,21.111111111,25.555555556
0.5,0.654,0.158,0.421,0.207,0.515,0.517,0,0,0,0,0.0683,21.111111111,25.555555556
0.5,0.674,0.198,0.487,0.221,0.703,0.2,0,0,0,0,0.137,21.111111111,25.555555556
0.5,0.675,0.261,0.674,0.25,0.227,0,0,0,0,0,0.137,21.111111111,25.555555556
0.633,0.589,0.122,0.498,0.135,0,0,0,0,0,0,0.0341,21.111111111,25.555555556
1,0.664,0.506,0.788,0.488,0,0,0,0,0,0,0.0986,21.111111111,25.555555556
1,0.646,0.531,0.85,0.587,0,0,0,0,0,0,0,21.111111111,25.555555556
1,0.587,0.204,0.711,0.275,0,0,0,0,0,0,0,21.111111111,25.555555556
1,0.567,0.0607,0.561,0.0992,0,0,0,0,0,0,0,21.111111111,25.555555556
1,0.565,0.0162,0.421,0.0502,0,0,0,0,0,0,0,21.111111111,25.555555556
1,0.565,0.0162,0.421,0.0502,0,0,0,0,0,0,0,21.111111111,25.555555556
1,0.565,0.0162,0.421,0.0502,0,0,0,0,0,0,0,21.111111111,25.555555556
1,0.565,0.0162,0.421,0.0502,0,0,0,0,0,0,0,21.111111111,25.555555556
1,0.565,0.0162,0.421,0.0502,0,0,0,0,0,0,0,21.111111111,25.555555556
1,0.565,0.0162,0.421,0.0502,0,0,0,0,0,0,0,21.111111111,25.555555556
1,0.584,0.0356,0.421,0.146,0,0,0,0,0,0,0.266,21.111111111,25.555555556
0.608,0.609,0.0605,0.421,0.268,0,0,0,0,0,0,0.302,21.111111111,26.666666667
0,0.565,0.0162,0.421,0.0502,0,0,0,0,0,0,0,21.111111111,26.666666667
0,0.565,0.0162,0.421,0.0502,0,0,0,0,0,0,0,21.111111111,26.666666667
0,0.565,0.0162,0.421,0.0502,0,0,0,0,0,0,0,21.111111111,26.666666667
0,0.565,0.0162,0.421,0.0502,0,0,0,0,0,0,0,21.111111111,26.666666667
0,0.565,0.0162,0.421,0.0502,0,0,0,0,0,0,0,21.111111111,26.666666667
0,0.565,0.0162,0.421,0.0502,0,0,0,0,0,0,0,21.111111111,26.666666667
0,0.565,0.0162,0.421,0.0502,0,0,0,0,0,0,0,21.111111111,26.666666667
0,0.565,0.0162,0.421,0.0502,0,0,0,0,0,0,0,21.111111111,25.555555556
0,0.565,0.0162,0.421,0.0502,0,0,0,0,0,0,0,21.111111111,25.555555556
0.383,0.649,0.159,0.487,0.183,0,0,0,0,0,0,0.449,21.111111111,25.555555556
0.508,0.679,0.272,0.683,0.258,0,0,0,0,0,0,0.486,21.111111111,25.555555556
1,0.77,0.695,1,0.577,0.222,0.233,0,0,0,0,0.137,21.111111111,25.555555556
1,0.692,0.597,0.85,0.54,0.548,0,0,0,0,0,0.343,21.111111111,25.555555556
1,0.617,0.35,0.711,0.403,0,0,0,0,0,0,0.0683,21.111111111,25.555555556
1,0.587,0.204,0.711,0.275,0,0,0,0,0,0,0,21.111111111,25.555555556
1,0.566,0.0383,0.489,0.0739,0,0,0,0,0,0,0,21.111111111,25.555555556
1,0.565,0.0185,0.421,0.0502,0,0,0,0,0,0,0,21.111111111,25.555555556
1,0.565,0.0185,0.421,0.0502,0,0,0,0,0,0,0,21.111111111,25.555555556
1,0.565,0.0185,0.421,0.0502,0,0,0,0,0,0,0,21.111111111,25.555555556
1,0.565,0.0185,0.421,0.0502,0,0,0,0,0,0,0,21.111111111,25.555555556
1,0.565,0.0185,0.421,0.0502,0,0,0,0,0,0,0,21.111111111,25.555555556
1,0.565,0.0185,0.421,0.0502,0,0,0,0,0,0,0,21.111111111,25.555555556
1,0.565,0.0185,0.421,0.0502,0,0,0,0,0,0,0,21.111111111,25.555555556
1,0.576,0.0371,0.421,0.0982,0,0,0,0,0,0.233,0.0341,21.111111111,25.555555556
1,0.644,0.181,0.421,0.359,0,0,0,0,0,0,0.0683,21.111111111,25.555555556
1,0.654,0.24,0.421,0.389,0,0,0,0,0,0,0.102,21.111111111,25.555555556
1,0.654,0.268,0.421,0.373,0,0,0,0,0,0,0,21.111111111,25.555555556
1,0.632,0.22,0.421,0.283,0,0,0,0,0,0,0.0341,21.111111111,25.555555556
1,0.62,0.209,0.421,0.238,0,0,0,0,0,0,0.239,21.111111111,25.555555556
1,0.609,0.202,0.421,0.202,0,0,0,0,0,0,0.0341,21.111111111,25.555555556
1,0.637,0.278,0.421,0.243,0,0,0,0,0,0.767,0.102,21.111111111,25.555555556
1,0.721,0.453,0.421,0.358,0,0,0,0,0,0.667,0.205,21.111111111,25.555555556
1,0.768,0.47,0.421,0.373,0,0,0,0,0,0,0.273,21.111111111,25.555555556
1,0.79,0.539,0.798,0.417,0,0,0,0,0,0,0.0341,21.111111111,25.555555556
0.875,0.755,0.604,0.907,0.451,0,0,0,0,0,0,0.171,21.111111111,25.555555556
1,0.755,0.833,1,0.652,0,0,0,0,0,0,0.249,21.111111111,25.555555556
1,0.653,0.514,0.778,0.492,0,0,0,0,0,0,0.0922,21.111111111,25.555555556
1,0.593,0.23,0.633,0.275,0,0,0,0,0,0,0,21.111111111,25.555555556
1,0.565,0.0185,0.421,0.0502,0,0,0,0,0,0,0,21.111111111,25.555555556
1,0.565,0.0185,0.421,0.0502,0,0,0,0,0,0,0,21.111111111,25.555555556
1,0.565,0.0185,0.421,0.0502,0,0,0,0,0,0,0,21.111111111,25.555555556
1,0.565,0.0185,0.421,0.0502,0,0,0,0,0,0,0,21.111111111,25.555555556
1,0.563,0.0182,0.643,0.0502,0,0,0,0,0,0,0.16,21.111111111,25.555555556
1,0.564,0.0184,0.489,0.0502,0,0,0,0,0,0,0,21.111111111,25.555555556
1,0.565,0.0185,0.421,0.0502,0,0,0,0,0,0,0,21.111111111,25.555555556
1,0.565,0.0185,0.421,0.0502,0,0,0,0,0,0,0,21.111111111,25.555555556
1,0.593,0.0481,0.421,0.187,0,0,0,0,0,0,0.274,21.111111111,25.555555556
1,0.642,0.134,0.421,0.368,0,0,0,0,0,0.233,0.193,21.111111111,25.555555556
1,0.654,0.197,0.421,0.401,0.259,0.267,0,0,0,0.0167,0,21.111111111,25.555555556
1,0.654,0.24,0.421,0.389,0.106,1,0,0,0,1,0,21.111111111,25.555555556
1,0.654,0.268,0.421,0.373,0,0.183,0,0,0,0.667,0.137,21.111111111,25.555555556
1,0.654,0.289,0.421,0.36,0,0,0,0,0,0,0.0341,21.111111111,25.555555556
0.617,0.62,0.209,0.421,0.238,0,0,0,0,0,0,0.0184,21.111111111,25.555555556
0.758,0.632,0.299,0.421,0.28,0,0,0,0,0,0,0.33,21.111111111,25.555555556
1,0.678,0.427,0.421,0.354,0,0,0,0,0,0.233,0.0341,21.111111111,25.555555556
1,0.721,0.453,0.421,0.358,0,0,0,0,0,0,0.0341,21.111111111,25.555555556
1,0.768,0.47,0.421,0.373,0,0,0,0,0,0,0.273,21.111111111,25.555555556
1,0.79,0.539,0.798,0.417,0,0,0,0,0,0,0.102,21.111111111,25.555555556
0.867,0.754,0.598,0.902,0.447,0,0,0,0,0,0,0.307,21.111111111,25.555555556
0.758,0.682,0.531,0.783,0.431,0,0,0,0,0,0,0,21.111111111,25.555555556
1,0.632,0.415,0.711,0.418,0,0,0,0,0,0,0.137,21.111111111,25.555555556
1,0.601,0.295,0.711,0.347,0,0,0,0,0,0,0,21.111111111,25.555555556
1,0.576,0.156,0.711,0.191,0,0,0,0,0,0,0,21.111111111,25.555555556
1,0.565,0.0507,0.561,0.0833,0,0,0,0,0,0,0,21.111111111,25.555555556
1,0.565,0.0162,0.421,0.0502,0,0,0,0,0,0,0,21.111111111,25.555555556
1,0.565,0.0162,0.421,0.0502,0,0,0,0,0,0,0,21.111111111,25.555555556
1,0.565,0.0162,0.421,0.0502,0,0,0,0,0,0,0,21.111111111,25.555555556
1,0.565,0.0162,0.421,0.0502,0,0,0,0,0,0,0,21.111111111,25.555555556
1,0.564,0.0194,0.498,0.0618,0,0,0,0,0,0,0.171,21.111111111,25.555555556
1,0.567,0.0314,0.711,0.118,0,0,0,0,0,0,0.273,21.111111111,25.555555556
0.867,0.584,0.0436,0.633,0.198,0,0,0,0,0,0,0.264,21.111111111,25.555555556
0.242,0.582,0.0338,0.421,0.137,0,0,0,0,0,0,0.383,21.111111111,26.666666667
0,0.565,0.0162,0.421,0.0502,0,0,0,0,0,0,0.0181,21.111111111,26.666666667
0,0.565,0.0162,0.421,0.0502,0,0,0,0,0,0,0,21.111111111,26.666666667
0,0.565,0.0162,0.421,0.0502,0,0,0,0,0,0,0,21.111111111,26.666666667
0,0.565,0.0162,0.421,0.0502,0,0,0,0,0,0,0,21.111111111,26.666666667
0,0.565,0.0162,0.421,0.0502,0,0,0,0,0,0,0,21.111111111,26.666666667
0,0.565,0.0162,0.421,0.0502,0,0,0,0,0,0,0,21.111111111,26.666666667
0.00833,0.566,0.018,0.421,0.0528,0,0,0,0,0,0,0.0179,21.111111111,26.666666667
0.5,0.631,0.129,0.421,0.203,0,0,0,0,0,0,0.268,21.111111111,25.555555556
0.5,0.654,0.158,0.421,0.207,0,0,0,0,0,0,0.205,21.111111111,25.555555556
0.508,0.676,0.201,0.491,0.224,0,0,0,0,0,0.0167,0.0683,21.111111111,25.555555556
1,0.79,0.517,0.936,0.458,0,0,0,0,0,0.217,0.137,21.111111111,25.555555556
1,0.77,0.695,1,0.577,0.47,0.483,0,0,0,0,0.0683,21.111111111,25.555555556
1,0.731,0.796,1,0.721,0.22,0,0,0,0,0,0,21.111111111,25.555555556
1,0.63,0.434,0.773,0.487,0,0,0,0,0,0,0.204,21.111111111,25.555555556
1,0.565,0.0162,0.421,0.0502,0,0,0,0,0,0,0,21.111111111,25.555555556
1,0.565,0.0162,0.421,0.0502,0,0,0,0,0,0,0,21.111111111,25.555555556
1,0.565,0.0162,0.421,0.0502,0,0,0,0,0,0,0,21.111111111,25.555555556
1,0.565,0.0162,0.421,0.0502,0,0,0,0,0,0,0,21.111111111,25.555555556
1,0.565,0.0162,0.421,0.0502,0,0,0,0,0,0,0,21.111111111,25.555555556
1,0.565,0.0162,0.421,0.0502,0,0,0,0,0,0,0,21.111111111,25.555555556
1,0.565,0.0162,0.421,0.0502,0,0,0,0,0,0,0,21.111111111,25.555555556
1,0.572,0.0291,0.575,0.123,0,0,0,0,0,0,0.292,21.111111111,25.555555556
1,0.604,0.071,0.846,0.345,0,0,0,0,0,0,0.373,21.111111111,25.555555556
0.358,0.591,0.0423,0.421,0.178,0,0,0,0,0,0,0.311,21.111111111,26.666666667
0.133,0.576,0.0312,0.421,0.0967,0,0,0,0,0,0,0.0341,21.111111111,26.666666667
0.5,0.609,0.0747,0.421,0.223,0,0,0.186,0.254,0.0167,0,0.239,21.111111111,26.666666667
0.242,0.586,0.0472,0.421,0.131,0,0,0.32,0,0.217,0,0.102,21.111111111,26.666666667
0,0.565,0.0162,0.421,0.0502,0,0,0,0,0,0,0,21.111111111,26.666666667
0,0.565,0.0162,0.421,0.0502,0,0,0,0,0,0,0,21.111111111,26.666666667
0,0.565,0.0162,0.421,0.0502,0,0,0,0,0,0,0,21.111111111,26.666666667
0,0.565,0.0162,0.421,0.0502,0,0,0,0,0,0,0,21.111111111,26.666666667
0,0.565,0.0162,0.421,0.0502,0,0,0,0,0,0,0,21.111111111,25.555555556
0.383,0.635,0.127,0.421,0.171,0,0,0,0,0,0,0.0513,21.111111111,25.555555556
0.5,0.674,0.198,0.487,0.221,0,0,0,0,0,0,0.559,21.111111111,25.555555556
0.5,0.677,0.267,0.678,0.254,0,0,0,0,0,0,0.205,21.111111111,25.555555556
0.5,0.667,0.356,0.711,0.314,0,0,0,0,0,0,0.171,21.111111111,25.555555556
0.883,0.709,0.704,0.932,0.647,0.485,0.483,0,0,0,0,0.171,21.111111111,25.555555556
1,0.668,0.681,0.995,0.751,0.192,0,0,0,0,0,0,21.111111111,25.555555556
1,0.587,0.204,0.711,0.275,0,0,0,0,0,0,0,21.111111111,25.555555556
1,0.568,0.0925,0.711,0.135,0,0,0,0,0,0,0.041,21.111111111,25.555555556
1,0.563,0.0404,0.633,0.0779,0,0,0,0,0,0,0,21.111111111,25.555555556
1,0.565,0.0162,0.421,0.0502,0,0,0,0,0,0,0,21.111111111,25.555555556
1,0.565,0.0162,0.421,0.0502,0,0,0,0,0,0,0,21.111111111,25.555555556
1,0.565,0.0162,0.421,0.0502,0,0,0,0,0,0,0,21.111111111,25.555555556
1,0.564,0.0194,0.498,0.0618,0,0,0,0,0,0,0.21,21.111111111,25.555555556
1,0.567,0.0314,0.711,0.118,0,0,0,0,0,0,0.409,21.111111111,25.555555556
0.617,0.568,0.0218,0.489,0.082,0,0,0,0,0,0,0.0683,21.111111111,25.555555556
0.5,0.565,0.017,0.421,0.0532,0,0,0,0,0,0,0.0517,21.111111111,26.666666667
0.5,0.609,0.0653,0.421,0.228,0,0,0,0,0,0,0.442,21.111111111,26.666666667
0.117,0.575,0.0294,0.421,0.0909,0,0,0,0,0,0,0,21.111111111,26.666666667
0,0.565,0.0162,0.421,0.0502,0,0,0,0,0,0,0,21.111111111,26.666666667
0,0.565,0.0162,0.421,0.0502,0,0,0,0,0,0,0,21.111111111,26.666666667
0,0.565,0.0162,0.421,0.0502,0,0,0,0,0,0,0,21.111111111,26.666666667
0.133,0.565,0.0162,0.421,0.0502,0,0,0,0,0,0,0,21.111111111,26.666666667
0.5,0.565,0.0162,0.421,0.0502,0,0,0,0,0,0,0,21.111111111,26.666666667
0.633,0.587,0.0517,0.421,0.0914,0,0,0,0,0,0.267,0,21.111111111,25.555555556
0.867,0.654,0.158,0.421,0.207,0,0,0,0,0,1,0.102,21.111111111,25.555555556
0.5,0.674,0.198,0.487,0.221,0,0,0,0,0,1,0.0683,21.111111111,25.555555556
0.5,0.677,0.267,0.678,0.254,0,0,0,0,0,1,0.0683,21.111111111,25.555555556
0.375,0.645,0.257,0.638,0.234,0,0,0,0,0,0.583,0,21.111111111,25.555555556
0.5,0.648,0.406,0.711,0.386,0,0,0,0,0,0,0.0341,21.111111111,25.555555556
0.5,0.617,0.35,0.711,0.403,0,0,0,0,0,0,0,21.111111111,25.555555556
0.5,0.587,0.204,0.711,0.275,0,0,0,0,0,0,0,21.111111111,25.555555556
0.5,0.567,0.0607,0.561,0.0992,0,0,0,0,0,0,0,21.111111111,25.555555556
0.758,0.565,0.0162,0.421,0.0502,0,0,0,0,0,0,0,21.111111111,25.555555556
1,0.565,0.0162,0.421,0.0502,0,0,0,0,0,0,0,21.111111111,25.555555556
1,0.565,0.0162,0.421,0.0502,0,0,0,0,0,0,0,21.111111111,25.555555556
1,0.565,0.0162,0.421,0.0502,0,0,0,0,0,0,0,21.111111111,25.555555556
1,0.565,0.0162,0.421,0.0502,0,0,0,0,0,0,0,21.111111111,25.555555556
1,0.572,0.0291,0.575,0.123,0,0,0,0,0,0.233,0.0683,21.111111111,25.555555556
0.367,0.581,0.0372,0.556,0.161,0,0,0,0,0,0,0.0341,21.111111111,25.555555556
0.367,0.592,0.0429,0.421,0.181,0,0,0,0,0,0,0.137,21.111111111,26.666666667
0,0.565,0.0162,0.421,0.0502,0,0,0,0,0,0,0,21.111111111,26.666666667
0,0.565,0.0162,0.421,0.0502,0,0,0,0,0,0,0,21.111111111,26.666666667
0,0.565,0.0162,0.421,0.0502,0,0,0,0,0,0,0,21.111111111,26.666666667
0.133,0.565,0.0162,0.421,0.0502,0,0,0,0,0,0,0,21.111111111,26.666666667
0.242,0.565,0.0162,0.421,0.0502,0,0,0,0,0,0,0,21.111111111,26.666666667
0,0.565,0.0162,0.421,0.0502,0,0,0,0,0,0,0,21.111111111,26.666666667
0,0.565,0.0162,0.421,0.0502,0,0,0,0,0,0,0,21.111111111,26.666666667
0,0.565,0.0162,0.421,0.0502,0,0,0,0,0,0,0,21.111111111,25.555555556
0.00833,0.566,0.019,0.421,0.053,0,0,0,0,0,0,0.0341,21.111111111,25.555555556
0.508,0.676,0.201,0.491,0.224,0,0,0,0,0,0,0.307,21.111111111,25.555555556
0.75,0.733,0.404,0.813,0.363,0,0,0,0,0,0,0.205,21.111111111,25.555555556
1,0.77,0.695,1,0.577,0,0,0,0,0,0,0.0683,21.111111111,25.555555556
1,0.731,0.796,1,0.721,0,0,0,0,0,0,0,21.111111111,25.555555556
1,0.669,0.684,1,0.755,0,0,0,0,0,0,0.231,21.111111111,25.555555556
1,0.609,0.368,0.923,0.474,0,0,0,0,0,0,0.405,21.111111111,25.555555556
1,0.568,0.0925,0.711,0.135,0,0,0,0,0,0,0.102,21.111111111,25.555555556
1,0.564,0.0239,0.489,0.059,0,0,0,0,0,0,0.123,21.111111111,25.555555556
1,0.565,0.0162,0.421,0.0502,0,0,0,0,0,0,0,21.111111111,25.555555556
1,0.565,0.0162,0.421,0.0502,0,0,0,0,0,0,0,21.111111111,25.555555556
1,0.565,0.0162,0.421,0.0502,0,0,0,0,0,0,0,21.111111111,25.555555556
1,0.565,0.0162,0.421,0.0502,0,0,0,0,0,0,0,21.111111111,25.555555556
0.992,0.567,0.0282,0.638,0.106,0,0,0,0,0,0,0.102,21.111111111,25.555555556
0.5,0.578,0.0319,0.493,0.132,0,0,0,0,0,0,0.356,21.111111111,25.555555556
0.492,0.603,0.0545,0.421,0.226,0,0,0,0,0,0,0.351,21.111111111,26.666666667
0,0.565,0.0162,0.421,0.0502,0,0,0,0,0,0,0,21.111111111,26.666666667
0.383,0.599,0.0615,0.421,0.182,0,0,0,0,0,0,0.321,21.111111111,26.666666667
0.367,0.597,0.0633,0.421,0.173,0,0,0,0,0,0,0.0683,21.111111111,26.666666667
0,0.565,0.0162,0.421,0.0502,0,0,0,0,0,0,0,21.111111111,26.666666667
0,0.565,0.0162,0.421,0.0502,0,0,0,0,0,0,0,21.111111111,26.666666667
0,0.565,0.0162,0.421,0.0502,0,0,0,0,0,0,0,21.111111111,26.666666667
0,0.565,0.0162,0.421,0.0502,0,0,0,0,0,0,0,21.111111111,26.666666667
0,0.565,0.0162,0.421,0.0502,0,0,0,0,0,0,0,21.111111111,25.555555556
0,0.565,0.0162,0.421,0.0502,0,0,0,0,0,0,0,21.111111111,25.555555556
0.133,0.595,0.0763,0.487,0.101,0,0,0,0,0,0,0.0341,21.111111111,25.555555556
0.5,0.677,0.267,0.678,0.254,0,0,0,0,0,0,0.0341,21.111111111,25.555555556
0.25,0.614,0.196,0.566,0.192,0,0,0,0,0,0,0.137,21.111111111,25.555555556
0.883,0.709,0.704,0.932,0.647,0,0,0,0,0,0,0.102,21.111111111,25.555555556
0.617,0.593,0.191,0.556,0.229,0,0,0,0,0,0,0,21.111111111,25.555555556
0.508,0.565,0.0177,0.426,0.0519,0,0,0,0,0,0.0167,0,21.111111111,25.555555556
1,0.566,0.0383,0.489,0.0739,0,0,0,0,0,0.217,0,21.111111111,25.555555556
1,0.565,0.0185,0.421,0.0502,0,0,0,0,0,0,0,21.111111111,25.555555556
1,0.565,0.0185,0.421,0.0502,0,0,0,0,0,0,0,21.111111111,25.555555556
1,0.565,0.0185,0.421,0.0502,0,0,0,0,0,0,0,21.111111111,25.555555556
1,0.565,0.0185,0.421,0.0502,0,0,0,0,0,0,0,21.111111111,25.555555556
1,0.565,0.0185,0.421,0.0502,0,0,0,0,0,0,0,21.111111111,25.555555556
1,0.565,0.0185,0.421,0.0502,0,0,0,0,0,0,0,21.111111111,25.555555556
1,0.565,0.0185,0.421,0.0502,0,0,0,0,0,0,0,21.111111111,25.555555556
1,0.599,0.072,0.421,0.188,0,0,0,0,0,0,0.205,21.111111111,25.555555556
1,0.644,0.181,0.421,0.359,0,0,0,0,0,0,0.211,21.111111111,25.555555556
1,0.654,0.24,0.421,0.389,0,0,0,0,0,0,0.662,21.111111111,25.555555556
1,0.654,0.268,0.421,0.373,0,0,0,0,0,0.233,0.124,21.111111111,25.555555556
1,0.654,0.289,0.421,0.36,0,0,0,0,0,0,0.358,21.111111111,25.555555556
1,0.654,0.335,0.421,0.355,0,0,0,0,0,0,0.651,21.111111111,25.555555556
1,0.654,0.384,0.421,0.354,0,0,0,0,0,0,0.329,21.111111111,25.555555556
1,0.678,0.427,0.421,0.354,0,0,0,0,0,0,0.33,21.111111111,25.555555556
1,0.721,0.453,0.421,0.358,0,0,0,0,0,0,0.217,21.111111111,25.555555556
1,0.768,0.47,0.421,0.373,0,0,0,0,0,0,0.538,21.111111111,25.555555556
0.742,0.731,0.399,0.671,0.319,0,0,0,0,0,0.233,0.178,21.111111111,25.555555556
0.5,0.673,0.356,0.7,0.281,0,0,0,0,0,0,0.31,21.111111111,25.555555556
0.5,0.66,0.426,0.711,0.351,0,0,0,0,0,0,0.273,21.111111111,25.555555556
0.5,0.616,0.311,0.633,0.316,0,0,0,0,0,0,0.559,21.111111111,25.555555556
0.633,0.572,0.0831,0.498,0.122,0,0,0,0,0,0,0.195,21.111111111,25.555555556
1,0.573,0.101,0.561,0.139,0,0,0,0,0,0,0.0995,21.111111111,25.555555556
1,0.565,0.0185,0.421,0.0502,0,0,0,0,0,0,0,21.111111111,25.555555556
1,0.565,0.0185,0.421,0.0502,0,0,0,0,0,0,0,21.111111111,25.555555556
1,0.565,0.0185,0.421,0.0502,0,0,0,0,0,0,0,21.111111111,25.555555556
1,0.565,0.0185,0.421,0.0502,0,0,0,0,0,0,0,21.111111111,25.555555556
1,0.563,0.0208,0.643,0.0512,0,0,0,0,0,0,0.135,21.111111111,25.555555556
1,0.563,0.024,0.711,0.0839,0,0,0,0,0,0,0.495,21.111111111,25.555555556
1,0.574,0.0334,0.711,0.165,0,0,0,0,0,0,0.228,21.111111111,25.555555556
1,0.596,0.0521,0.489,0.219,0,0,0,0,0,0,0.12,21.111111111,25.555555556
1,0.607,0.081,0.421,0.23,0,0,0,0,0,0.467,0.172,21.111111111,25.555555556
0.992,0.643,0.179,0.421,0.356,0,0,0,0,0,0,0.0683,21.111111111,25.555555556
0.883,0.644,0.218,0.421,0.348,0,0,0,0,0,0,0.0836,21.111111111,25.555555556
1,0.632,0.204,0.421,0.294,0,0,0,0,0,0.0167,0.134,21.111111111,25.555555556
0.875,0.643,0.255,0.421,0.322,0,0,0.626,0.508,0.0167,0.45,0.0341,21.111111111,25.555555556
1,0.654,0.335,0.421,0.355,0,0,0.374,0,0.967,0,0.171,21.111111111,25.555555556
1,0.642,0.334,0.421,0.313,0,0,0.359,0,0,0,0.0341,21.111111111,25.555555556
1,0.621,0.223,0.421,0.202,0.494,0.483,0,0,0,0,0.0341,21.111111111,25.555555556
1,0.707,0.404,0.421,0.323,0.632,0,0.529,0.763,0.0167,0,0,21.111111111,25.555555556
1,0.739,0.409,0.421,0.33,0.315,0,0.452,0,0.967,0,0.0341,21.111111111,25.555555556
1,0.708,0.351,0.675,0.284,0,0,0,0,0,0,0.137,21.111111111,25.555555556
1,0.782,0.693,0.98,0.512,0,0,0,0,0,0,0,21.111111111,25.555555556
1,0.755,0.833,1,0.652,0,0,0,0,0,0,0,21.111111111,25.555555556
1,0.7,0.812,1,0.785,0,0,0,0,0,0,0,21.111111111,25.555555556
1,0.615,0.386,0.778,0.436,0,0,0,0,0,0,0,21.111111111,25.555555556
1,0.574,0.128,0.633,0.164,0,0,0,0,0,0,0,21.111111111,25.555555556
1,0.565,0.0179,0.421,0.0502,0,0,0,0,0,0,0,21.111111111,25.555555556
1,0.565,0.0162,0.421,0.0502,0,0,0,0,0,0,0,21.111111111,25.555555556
1,0.565,0.0162,0.421,0.0502,0,0,0,0,0,0,0,21.111111111,25.555555556
1,0.565,0.0162,0.421,0.0502,0,0,0,0,0,0,0,21.111111111,25.555555556
1,0.565,0.0162,0.421,0.0502,0,0,0,0,0,0,0,21.111111111,25.555555556
1,0.564,0.0194,0.498,0.0618,0,0,0,0,0,0,0,21.111111111,25.555555556
1,0.567,0.0314,0.711,0.118,0,0,0,0,0,0,0.357,21.111111111,25.555555556
0.617,0.578,0.0315,0.489,0.13,0,0,0,0,0,0,0.0683,21.111111111,25.555555556
0.367,0.592,0.0429,0.421,0.181,0.694,0.233,0,0,0,0,0.102,21.111111111,26.666666667
0,0.565,0.0162,0.421,0.0502,0.203,0,0,0,0,0,0,21.111111111,26.666666667
0,0.565,0.0162,0.421,0.0502,0,0,0,0,0,0,0,21.111111111,26.666666667
0,0.565,0.0162,0.421,0.0502,0,0,0,0,0,0,0,21.111111111,26.666666667
0,0.565,0.0162,0.421,0.0502,0,0,0,0,0,0,0,21.111111111,26.666666667
0,0.565,0.0162,0.421,0.0502,0,0,0,0,0,0,0,21.111111111,26.666666667
0.00833,0.565,0.0178,0.421,0.0528,0,0,0,0,0,0,0.075,21.111111111,26.666666667
0.242,0.586,0.0612,0.421,0.124,0,0,0,0,0,0,0.632,21.111111111,26.666666667
0,0.565,0.0162,0.421,0.0502,0,0,0,0,0,0,0,21.111111111,25.555555556
0.00833,0.566,0.019,0.421,0.053,0,0,0,0,0,0.0167,0,21.111111111,25.555555556
0.5,0.674,0.198,0.487,0.221,0,0,0,0,0,0.45,0.171,21.111111111,25.555555556
0.5,0.677,0.267,0.678,0.254,0,0,0,0,0,0,0.137,21.111111111,25.555555556
0.5,0.667,0.356,0.711,0.314,0.474,0.233,0,0,0,0,0.0683,21.111111111,25.555555556
0.758,0.687,0.605,0.86,0.567,0.5,0,0,0,0,0,0.218,21.111111111,25.555555556
1,0.661,0.625,0.923,0.683,0,0,0,0,0,0,0,21.111111111,25.555555556
1,0.579,0.124,0.561,0.181,0,0,0,0,0,0,0,21.111111111,25.555555556
1,0.565,0.0162,0.421,0.0502,0,0,0,0,0,0,0,21.111111111,25.555555556
1,0.565,0.0162,0.421,0.0502,0,0,0,0,0,0,0,21.111111111,25.555555556
1,0.565,0.0162,0.421,0.0502,0,0,0,0,0,0,0,21.111111111,25.555555556
1,0.565,0.0162,0.421,0.0502,0,0,0,0,0,0,0,21.111111111,25.555555556
1,0.565,0.0162,0.421,0.0502,0,0,0,0,0,0,0,21.111111111,25.555555556
1,0.565,0.0162,0.421,0.0502,0,0,0,0,0,0,0,21.111111111,25.555555556
1,0.565,0.0162,0.421,0.0502,0,0,0,0,0,0,0,21.111111111,25.555555556
0.742,0.568,0.0222,0.493,0.0842,0,0,0,0,0,0,0.406,21.111111111,25.555555556
0.5,0.565,0.0162,0.421,0.0502,0,0,0,0,0,0,0,21.111111111,26.666666667
0.5,0.565,0.0162,0.421,0.0502,0,0,0,0,0,0,0,21.111111111,26.666666667
0.5,0.576,0.0333,0.421,0.095,0,0,0,0,0,0,0.257,21.111111111,26.666666667
0.492,0.609,0.0813,0.421,0.213,0,0,0,0,0,0,0.179,21.111111111,26.666666667
0,0.565,0.0162,0.421,0.0502,0,0,0,0,0,0,0,21.111111111,26.666666667
0,0.565,0.0162,0.421,0.0502,0,0,0,0,0,0,0,21.111111111,26.666666667
0,0.565,0.0162,0.421,0.0502,0,0,0,0,0,0,0,21.111111111,26.666666667
0,0.565,0.0162,0.421,0.0502,0,0,0,0,0,0,0,21.111111111,26.666666667
0,0.565,0.0162,0.421,0.0502,0,0,0,0,0,0,0,21.111111111,25.555555556
0.133,0.593,0.0603,0.421,0.0939,0,0,0,0,0,0,0.0683,21.111111111,25.555555556
0.508,0.676,0.201,0.491,0.224,0,0,0,0,0,0.0167,0.273,21.111111111,25.555555556
1,0.79,0.517,0.936,0.458,0.337,0.233,0,0,0,1,0.102,21.111111111,25.555555556
1,0.77,0.695,1,0.577,0.738,0,0,0,0,0.183,0.0341,21.111111111,25.555555556
1,0.731,0.796,1,0.721,0,0,0,0,0,0,0.102,21.111111111,25.555555556
1,0.646,0.531,0.85,0.587,0,0,0,0,0,0,0,21.111111111,25.555555556
1,0.587,0.204,0.711,0.275,0,0,0,0,0,0,0,21.111111111,25.555555556
1,0.566,0.0377,0.489,0.0739,0,0,0,0,0,0,0,21.111111111,25.555555556
1,0.565,0.0162,0.421,0.0502,0,0,0,0,0,0,0,21.111111111,25.555555556
1,0.565,0.0162,0.421,0.0502,0,0,0,0,0,0,0,21.111111111,25.555555556
1,0.565,0.0162,0.421,0.0502,0,0,0,0,0,0,0,21.111111111,25.555555556
1,0.565,0.0162,0.421,0.0502,0,0,0,0,0,0,0,21.111111111,25.555555556
1,0.563,0.0226,0.575,0.0734,0,0,0,0,0,0,0.202,21.111111111,25.555555556
0.742,0.566,0.0371,0.85,0.139,0,0,0,0,0,0.233,0.239,21.111111111,25.555555556
0.5,0.584,0.0436,0.633,0.198,0,0,0,0,0,0,0.22,21.111111111,25.555555556
0.5,0.604,0.0553,0.421,0.229,0,0,0,0,0,0,0.246,21.111111111,26.666666667
0.367,0.597,0.0502,0.421,0.182,0,0,0,0,0,0,0.222,21.111111111,26.666666667
0,0.565,0.0162,0.421,0.0502,0,0,0,0,0,0,0,21.111111111,26.666666667
0,0.565,0.0162,0.421,0.0502,0,0,0,0,0,0,0,21.111111111,26.666666667
0,0.565,0.0162,0.421,0.0502,0,0,0,0,0,0,0,21.111111111,26.666666667
0,0.565,0.0162,0.421,0.0502,0,0,0,0,0,0,0,21.111111111,26.666666667
0.383,0.599,0.0848,0.421,0.167,0,0,0,0,0,0,0,21.111111111,26.666666667
0.5,0.613,0.113,0.421,0.202,0,0,0,0,0,0,0.0341,21.111111111,26.666666667
0.5,0.631,0.129,0.421,0.203,0,0,0,0,0,0,0.102,21.111111111,25.555555556
0.5,0.654,0.158,0.421,0.207,0,0,0,0,0,0,0.0683,21.111111111,25.555555556
0.5,0.674,0.198,0.487,0.221,0,0,0,0,0,0,0,21.111111111,25.555555556
0.5,0.62,0.125,0.54,0.142,0,0,0,0,0,0,0.0341,21.111111111,25.555555556
0.5,0.565,0.0162,0.421,0.0502,0,0,0,0,0,0,0,21.111111111,25.555555556
0.5,0.565,0.0162,0.421,0.0502,0,0,0,0,0,0,0,21.111111111,25.555555556
0.883,0.602,0.263,0.643,0.313,0,0,0,0,0,0,0.0683,21.111111111,25.555555556
1,0.587,0.204,0.711,0.275,0,0,0,0,0,0,0,21.111111111,25.555555556
1,0.566,0.0377,0.489,0.0739,0,0,0,0,0,0,0,21.111111111,25.555555556
1,0.565,0.0162,0.421,0.0502,0,0,0,0,0,0,0,21.111111111,25.555555556
1,0.565,0.0162,0.421,0.0502,0,0,0,0,0,0,0,21.111111111,25.555555556
1,0.565,0.0162,0.421,0.0502,0,0,0,0,0,0,0,21.111111111,25.555555556
1,0.565,0.0162,0.421,0.0502,0,0,0,0,0,0,0,21.111111111,25.555555556
1,0.565,0.0162,0.421,0.0502,0,0,0,0,0,0,0,21.111111111,25.555555556
1,0.568,0.0226,0.498,0.0865,0,0,0,0,0,0,0.274,21.111111111,25.555555556
0.742,0.571,0.0279,0.561,0.116,0,0,0,0,0,0.467,0.205,21.111111111,25.555555556
0.5,0.565,0.0162,0.421,0.0502,0,0,0,0,0,0,0,21.111111111,26.666666667
0.5,0.565,0.0162,0.421,0.0502,0,0,0,0,0,0,0,21.111111111,26.666666667
0.5,0.565,0.0162,0.421,0.0502,0,0,0,0,0,0,0,21.111111111,26.666666667
0.117,0.565,0.0162,0.421,0.0502,0,0,0,0,0,0,0,21.111111111,26.666666667
0,0.565,0.0162,0.421,0.0502,0,0,0,0,0,0,0,21.111111111,26.666666667
0,0.565,0.0162,0.421,0.0502,0,0,0,0,0,0,0,21.111111111,26.666666667
0,0.565,0.0162,0.421,0.0502,0,0,0,0,0,0,0,21.111111111,26.666666667
0,0.565,0.0162,0.421,0.0502,0,0,0,0,0,0,0,21.111111111,26.666666667
0.133,0.587,0.0517,0.421,0.0914,0,0,0,0,0,0,0.0683,21.111111111,25.555555556
0.25,0.607,0.0833,0.421,0.128,0,0,0,0,0,0,0.189,21.111111111,25.555555556
0.875,0.756,0.337,0.548,0.35,0,0,0,0,0,0,0.618,21.111111111,25.555555556
0.508,0.679,0.272,0.683,0.258,0,0,0,0,0,0.0167,0.452,21.111111111,25.555555556
1,0.77,0.695,1,0.577,0,0,0.485,0.254,0.267,0.217,0,21.111111111,25.555555556
1,0.731,0.796,1,0.721,0,0,0.628,0,0.217,0,0,21.111111111,25.555555556
1,0.669,0.684,1,0.755,0,0,0.131,0,0,0,0,21.111111111,25.555555556
1,0.593,0.232,0.701,0.312,0,0,0,0,0,0,0,21.111111111,25.555555556
1,0.565,0.0162,0.421,0.0502,0,0,0,0,0,0,0,21.111111111,25.555555556
1,0.565,0.0162,0.421,0.0502,0,0,0,0,0,0,0,21.111111111,25.555555556
1,0.565,0.0162,0.421,0.0502,0,0,0,0,0,0,0,21.111111111,25.555555556
1,0.565,0.0162,0.421,0.0502,0,0,0,0,0,0,0,21.111111111,25.555555556
1,0.565,0.0162,0.421,0.0502,0,0,0,0,0,0,0,21.111111111,25.555555556
1,0.565,0.0162,0.421,0.0502,0,0,0,0,0,0,0,21.111111111,25.555555556
1,0.565,0.0162,0.421,0.0502,0,0,0,0,0,0,0,21.111111111,25.555555556
1,0.581,0.038,0.566,0.166,0,0,0,0,0,0,0.35,21.111111111,25.555555556
0.742,0.582,0.0338,0.421,0.137,0,0,0,0,0,0,0.137,21.111111111,26.666666667
0.5,0.565,0.0171,0.421,0.0531,0,0,0,0,0,0,0.017,21.111111111,26.666666667
0.5,0.609,0.0747,0.421,0.223,0,0,0,0,0,0,0.241,21.111111111,26.666666667
0.5,0.609,0.0825,0.421,0.216,0,0,0,0,0,0,0.291,21.111111111,26.666666667
0.242,0.586,0.051,0.421,0.127,0,0,0,0,0,0,0.0341,21.111111111,26.666666667
0,0.565,0.0162,0.421,0.0502,0,0,0,0,0,0,0,21.111111111,26.666666667
0,0.565,0.0162,0.421,0.0502,0,0,0,0,0,0,0,21.111111111,26.666666667
0,0.565,0.0162,0.421,0.0502,0,0,0,0,0,0,0,21.111111111,26.666666667
0.258,0.602,0.078,0.421,0.129,0,0,0,0,0,0,0.0341,21.111111111,25.555555556
0.633,0.683,0.202,0.421,0.251,0,0,0,0,0,0.0167,0.258,21.111111111,25.555555556
1,0.783,0.379,0.552,0.391,0,0,0,0,0,0.45,0.137,21.111111111,25.555555556
1,0.79,0.517,0.936,0.458,0,0,0,0,0,0,0.102,21.111111111,25.555555556
1,0.746,0.589,0.923,0.492,0,0,0,0,0,0,0.0341,21.111111111,25.555555556
1,0.648,0.406,0.711,0.386,0,0,0,0,0,0,0.0341,21.111111111,25.555555556
1,0.617,0.35,0.711,0.403,0,0,0,0,0,0,0,21.111111111,25.555555556
1,0.587,0.204,0.711,0.275,0,0,0,0,0,0,0,21.111111111,25.555555556
1,0.568,0.0949,0.711,0.135,0,0,0,0,0,0,0,21.111111111,25.555555556
1,0.564,0.0278,0.489,0.059,0,0,0,0,0,0,0,21.111111111,25.555555556
1,0.565,0.0185,0.421,0.0502,0,0,0,0,0,0,0,21.111111111,25.555555556
1,0.565,0.0185,0.421,0.0502,0,0,0,0,0,0,0,21.111111111,25.555555556
1,0.565,0.0185,0.421,0.0502,0,0,0,0,0,0,0,21.111111111,25.555555556
1,0.565,0.0185,0.421,0.0502,0,0,0,0,0,0,0,21.111111111,25.555555556
1,0.565,0.0185,0.421,0.0502,0,0,0,0,0,0,0,21.111111111,25.555555556
0.992,0.621,0.077,0.421,0.321,0,0,0,0,0,0,0.221,21.111111111,25.555555556
0.5,0.607,0.081,0.421,0.23,0,0,0,0,0,0,0.0341,21.111111111,25.555555556
0.125,0.576,0.0364,0.421,0.0951,0,0,0,0,0,0,0,21.111111111,25.555555556
0.5,0.609,0.129,0.421,0.22,0,0,0,0,0,0,0,21.111111111,25.555555556
0.5,0.609,0.143,0.421,0.212,0,0,0,0,0,0,0.137,21.111111111,25.555555556
0.625,0.62,0.188,0.421,0.244,0,0,0,0,0,0,0.298,21.111111111,25.555555556
0.883,0.644,0.302,0.421,0.319,0,0,0,0,0,0,0.294,21.111111111,25.555555556
0.867,0.642,0.334,0.421,0.313,0,0,0,0,0,0,0.205,21.111111111,25.555555556
0.633,0.621,0.223,0.421,0.202,0,0,0,0,0,0,0,21.111111111,25.555555556
1,0.686,0.349,0.421,0.284,0,0,0,0,0,0.233,0.0341,21.111111111,25.555555556
1,0.768,0.47,0.421,0.373,0,0,0,0,0,0,0,21.111111111,25.555555556
1,0.79,0.539,0.798,0.417,0,0,0,0,0,0,0.0683,21.111111111,25.555555556
1,0.782,0.693,0.98,0.512,0,0,0,0,0,0,0.0683,21.111111111,25.555555556
1,0.755,0.833,1,0.652,0,0,0,0,0,0,0.0341,21.111111111,25.555555556
1,0.7,0.812,1,0.785,0,0,0,0,0,0,0,21.111111111,25.555555556
1,0.637,0.567,0.995,0.639,0,0,0,0,0,0,0.204,21.111111111,25.555555556
1,0.576,0.156,0.711,0.191,0,0,0,0,0,0,0.0341,21.111111111,25.555555556
1,0.564,0.0735,0.711,0.103,0,0,0,0,0,0,0,21.111111111,25.555555556
1,0.563,0.0354,0.633,0.0653,0,0,0,0,0,0,0.102,21.111111111,25.555555556
1,0.565,0.0185,0.421,0.0502,0,0,0,0,0,0,0,21.111111111,25.555555556
1,0.565,0.0185,0.421,0.0502,0,0,0,0,0,0,0,21.111111111,25.555555556
1,0.565,0.0185,0.421,0.0502,0,0,0,0,0,0,0,21.111111111,25.555555556
1,0.565,0.0185,0.421,0.0502,0,0,0,0,0,0,0,21.111111111,25.555555556
1,0.565,0.0185,0.421,0.0502,0,0,0,0,0,0,0,21.111111111,25.555555556
1,0.593,0.0481,0.421,0.187,0,0,0,0,0,0,0.0341,21.111111111,25.555555556
1,0.642,0.134,0.421,0.368,0,0,0,0,0,0.233,0.0341,21.111111111,25.555555556
1,0.654,0.197,0.421,0.401,0,0,0,0,0,0,0.273,21.111111111,25.555555556
1,0.654,0.24,0.421,0.389,0,0,0,0,0,0,0.201,21.111111111,25.555555556
1,0.654,0.268,0.421,0.373,0,0,0,0,0,0,0.325,21.111111111,25.555555556
1,0.654,0.289,0.421,0.36,0,0,0.562,0.254,0.517,0,0,21.111111111,25.555555556
1,0.654,0.335,0.421,0.355,0,0,0.773,0,0.467,0,0.0341,21.111111111,25.555555556
1,0.654,0.384,0.421,0.354,0,0,0.42,0,0,0,0,21.111111111,25.555555556
1,0.678,0.427,0.421,0.354,0,0,0.84,0,0,0,0,21.111111111,25.555555556
1,0.721,0.453,0.421,0.358,0,0,0.878,0,0,0,0.239,21.111111111,25.555555556
1,0.768,0.47,0.421,0.373,0,0,0.393,0,0,0,0.0683,21.111111111,25.555555556
1,0.79,0.539,0.798,0.417,0.494,0.517,0.562,0,0,0,0.0341,21.111111111,25.555555556
1,0.782,0.693,0.98,0.512,0.666,0.933,0.0818,0,0,0,0.325,21.111111111,25.555555556
1,0.755,0.833,1,0.652,0.289,0,0,0,0,0,0,21.111111111,25.555555556
1,0.653,0.514,0.778,0.492,0,0,0,0,0,0,0,21.111111111,25.555555556
1,0.601,0.295,0.711,0.347,0,0,0,0,0,0,0,21.111111111,25.555555556
1,0.574,0.128,0.633,0.164,0,0,0,0,0,0,0,21.111111111,25.555555556
1,0.564,0.0377,0.566,0.0691,0,0,0,0,0,0,0,21.111111111,25.555555556
1,0.565,0.0162,0.421,0.0502,0,0,0,0,0,0,0,21.111111111,25.555555556
1,0.565,0.0162,0.421,0.0502,0,0,0,0,0,0,0,21.111111111,25.555555556
1,0.565,0.0162,0.421,0.0502,0,0,0,0,0,0,0,21.111111111,25.555555556
1,0.565,0.0162,0.421,0.0502,0,0,0,0,0,0,0,21.111111111,25.555555556
1,0.565,0.0162,0.421,0.0502,0,0,0,0,0,0,0,21.111111111,25.555555556
1,0.565,0.0162,0.421,0.0502,0,0,0,0,0,0,0,21.111111111,25.555555556
0.733,0.577,0.0313,0.493,0.129,0,0,0,0,0,0.267,0.157,21.111111111,25.555555556
0,0.565,0.0162,0.421,0.0502,0,0,0,0,0,0.2,0,21.111111111,26.666666667
0,0.565,0.0162,0.421,0.0502,0,0,0,0,0,0,0,21.111111111,26.666666667
0.00833,0.565,0.0173,0.421,0.053,0,0,0,0,0,0,0.0341,21.111111111,26.666666667
0.242,0.586,0.0472,0.421,0.131,0,0,0,0,0,0,0.205,21.111111111,26.666666667
0,0.565,0.0162,0.421,0.0502,0,0,0,0,0,0,0,21.111111111,26.666666667
0,0.565,0.0162,0.421,0.0502,0,0,0,0,0,0,0,21.111111111,26.666666667
0,0.565,0.0162,0.421,0.0502,0,0,0,0,0,0,0,21.111111111,26.666666667
0,0.565,0.0162,0.421,0.0502,0,0,0,0,0,0,0,21.111111111,26.666666667
0,0.565,0.0162,0.421,0.0502,0,0,0,0,0,0,0,21.111111111,25.555555556
0.133,0.593,0.0603,0.421,0.0939,0,0,0,0,0,0,0.13,21.111111111,25.555555556
0.633,0.704,0.258,0.552,0.271,0,0,0,0,0,0.233,0.463,21.111111111,25.555555556
1,0.79,0.517,0.936,0.458,0,0,0,0,0,0,0.356,21.111111111,25.555555556
1,0.77,0.695,1,0.577,0.0783,0.0167,0,0,0,0,0.102,21.111111111,25.555555556
1,0.731,0.796,1,0.721,0.819,0.467,0,0,0,0,0.355,21.111111111,25.555555556
1,0.661,0.625,0.923,0.683,0,0,0,0,0,0,0,21.111111111,25.555555556
1,0.587,0.204,0.711,0.275,0,0,0,0,0,0,0.0683,21.111111111,25.555555556
1,0.568,0.0925,0.711,0.135,0,0,0,0,0,0,0,21.111111111,25.555555556
1,0.563,0.0404,0.633,0.0779,0,0,0,0,0,0,0.102,21.111111111,25.555555556
1,0.565,0.0162,0.421,0.0502,0,0,0,0,0,0,0,21.111111111,25.555555556
1,0.565,0.0162,0.421,0.0502,0,0,0,0,0,0,0,21.111111111,25.555555556
1,0.565,0.0162,0.421,0.0502,0,0,0,0,0,0,0,21.111111111,25.555555556
1,0.565,0.0162,0.421,0.0502,0,0,0,0,0,0,0,21.111111111,25.555555556
1,0.567,0.0286,0.643,0.108,0,0,0,0,0,0,0.176,21.111111111,25.555555556
0.867,0.574,0.0339,0.633,0.15,0,0,0,0,0,0,0.0875,21.111111111,25.555555556
0.633,0.576,0.0286,0.421,0.0982,0,0,0,0,0,0,0,21.111111111,26.666666667
1,0.632,0.0919,0.421,0.32,0,0,0,0,0,0,0.308,21.111111111,26.666666667
0.608,0.619,0.0848,0.421,0.262,0,0,0,0,0,0,0.359,21.111111111,26.666666667
0,0.565,0.0162,0.421,0.0502,0,0,0,0,0,0,0,21.111111111,26.666666667
0,0.565,0.0162,0.421,0.0502,0,0,0,0,0,0,0,21.111111111,26.666666667
0,0.565,0.0162,0.421,0.0502,0,0,0,0,0,0,0,21.111111111,26.666666667
0,0.565,0.0162,0.421,0.0502,0,0,0,0,0,0,0,21.111111111,26.666666667
0.00833,0.566,0.018,0.421,0.0528,0,0,0,0,0,0,0,21.111111111,26.666666667
0.5,0.631,0.129,0.421,0.203,0,0,0,0,0,0,0.341,21.111111111,25.555555556
0.5,0.654,0.158,0.421,0.207,0,0,0,0,0,0.233,0.102,21.111111111,25.555555556
0.5,0.674,0.198,0.487,0.221,0,0,0,0,0,0,0.102,21.111111111,25.555555556
0.883,0.763,0.464,0.878,0.414,0,0,0,0,0,0,0.102,21.111111111,25.555555556
1,0.77,0.695,1,0.577,0,0,0,0,0,0,0,21.111111111,25.555555556
1,0.731,0.796,1,0.721,0,0,0,0,0,0,0,21.111111111,25.555555556
1,0.669,0.684,1,0.755,0,0,0,0,0,0,0,21.111111111,25.555555556
1,0.61,0.393,1,0.501,0,0,0,0,0,0,0,21.111111111,25.555555556
1,0.573,0.16,0.923,0.209,0,0,0,0,0,0,0.0849,21.111111111,25.555555556
1,0.563,0.0404,0.633,0.0779,0,0,0,0,0,0,0.234,21.111111111,25.555555556
1,0.565,0.0162,0.421,0.0502,0,0,0,0,0,0,0,21.111111111,25.555555556
1,0.565,0.0162,0.421,0.0502,0,0,0,0,0,0,0,21.111111111,25.555555556
1,0.565,0.0162,0.421,0.0502,0,0,0,0,0,0,0,21.111111111,25.555555556
0.992,0.564,0.0192,0.493,0.0611,0,0,0,0,0,0,0.19,21.111111111,25.555555556
0.508,0.565,0.0166,0.426,0.0525,0,0,0,0,0,0,0.0186,21.111111111,25.555555556
1,0.584,0.0436,0.633,0.198,0,0,0,0,0,0,0.279,21.111111111,25.555555556
0.742,0.582,0.0338,0.421,0.137,0,0,0,0,0,0,0.367,21.111111111,26.666666667
0.5,0.576,0.0312,0.421,0.0967,0,0,0,0,0,0,0.175,21.111111111,26.666666667
0.367,0.597,0.0576,0.421,0.178,0,0,0,0,0,0,0.248,21.111111111,26.666666667
0,0.565,0.0162,0.421,0.0502,0,0,0,0,0,0,0,21.111111111,26.666666667
0,0.565,0.0162,0.421,0.0502,0,0,0,0,0,0,0,21.111111111,26.666666667
0,0.565,0.0162,0.421,0.0502,0,0,0,0,0,0,0,21.111111111,26.666666667
0,0.565,0.0162,0.421,0.0502,0,0,0,0,0,0,0,21.111111111,26.666666667
0,0.565,0.0162,0.421,0.0502,0,0,0,0,0,0,0,21.111111111,26.666666667
0,0.565,0.0162,0.421,0.0502,0,0,0,0,0,0,0,21.111111111,25.555555556
0.258,0.614,0.0936,0.421,0.132,0,0,0,0,0,0,0.205,21.111111111,25.555555556
0.5,0.674,0.198,0.487,0.221,0,0,0,0,0,0,0.0683,21.111111111,25.555555556
0.758,0.736,0.385,0.806,0.353,0,0,0,0,0,0.767,0.274,21.111111111,25.555555556
1,0.77,0.695,1,0.577,0,0,0.483,0.508,0.267,0.667,0.137,21.111111111,25.555555556
1,0.731,0.796,1,0.721,0,0,0.862,0,0.717,0.233,0.0341,21.111111111,25.555555556
1,0.63,0.434,0.773,0.487,0,0,0.332,0,0,0,0.148,21.111111111,25.555555556
1,0.565,0.0162,0.421,0.0502,0,0,0,0,0,0,0,21.111111111,25.555555556
1,0.565,0.0162,0.421,0.0502,0,0,0,0,0,0,0,21.111111111,25.555555556
1,0.565,0.0162,0.421,0.0502,0,0,0,0,0,0,0,21.111111111,25.555555556
1,0.565,0.0162,0.421,0.0502,0,0,0,0,0,0,0,21.111111111,25.555555556
1,0.565,0.0162,0.421,0.0502,0,0,0,0,0,0,0,21.111111111,25.555555556
1,0.565,0.0162,0.421,0.0502,0,0,0,0,0,0,0,21.111111111,25.555555556
1,0.565,0.0162,0.421,0.0502,0,0,0,0,0,0,0,21.111111111,25.555555556
1,0.565,0.0162,0.421,0.0502,0,0,0,0,0,0,0,21.111111111,25.555555556
0.992,0.59,0.0471,0.566,0.211,0,0,0,0,0,0,0.237,21.111111111,25.555555556
0.117,0.573,0.0247,0.421,0.0919,0,0,0,0,0,0,0.376,21.111111111,26.666666667
0,0.565,0.0162,0.421,0.0502,0,0,0,0,0,0,0,21.111111111,26.666666667
0,0.565,0.0162,0.421,0.0502,0,0,0,0,0,0,0,21.111111111,26.666666667
0,0.565,0.0162,0.421,0.0502,0,0,0,0,0,0,0,21.111111111,26.666666667
0,0.565,0.0162,0.421,0.0502,0,0,0,0,0,0,0,21.111111111,26.666666667
0,0.565,0.0162,0.421,0.0502,0,0,0,0,0,0,0,21.111111111,26.666666667
0,0.565,0.0162,0.421,0.0502,0,0,0,0,0,0,0,21.111111111,26.666666667
0.00833,0.566,0.018,0.421,0.0528,0,0,0,0,0,0,0.0532,21.111111111,26.666666667
0.5,0.631,0.129,0.421,0.203,0,0,0,0,0,0,0.661,21.111111111,25.555555556
0.375,0.633,0.125,0.421,0.169,0,0,0,0,0,0,0.0683,21.111111111,25.555555556
0.758,0.731,0.299,0.552,0.312,0,0,0,0,0,0,0.0683,21.111111111,25.555555556
0.75,0.733,0.404,0.813,0.363,0,0,0,0,0,0,0.102,21.111111111,25.555555556
1,0.746,0.589,0.923,0.492,0,0,0,0,0,0,0.137,21.111111111,25.555555556
1,0.648,0.406,0.711,0.386,0,0,0,0,0,0,0.273,21.111111111,25.555555556
1,0.609,0.291,0.633,0.331,0,0,0,0,0,0,0,21.111111111,25.555555556
1,0.566,0.0407,0.498,0.0773,0,0,0,0,0,0,0,21.111111111,25.555555556
1,0.569,0.0837,0.633,0.125,0,0,0,0,0,0,0,21.111111111,25.555555556
1,0.565,0.0162,0.421,0.0502,0,0,0,0,0,0,0,21.111111111,25.555555556
1,0.565,0.0162,0.421,0.0502,0,0,0,0,0,0,0,21.111111111,25.555555556
1,0.565,0.0162,0.421,0.0502,0,0,0,0,0,0,0,21.111111111,25.555555556
1,0.565,0.0162,0.421,0.0502,0,0,0,0,0,0,0,21.111111111,25.555555556
1,0.565,0.0162,0.421,0.0502,0,0,0,0,0,0,0,21.111111111,25.555555556
1,0.568,0.0226,0.498,0.0865,0,0,0,0,0,0,0.179,21.111111111,25.555555556
1,0.584,0.0436,0.633,0.198,0,0,0,0,0,0,0.43,21.111111111,25.555555556
0.733,0.612,0.0636,0.421,0.271,0,0,0,0,0,0,0.292,21.111111111,26.666666667
0,0.565,0.0162,0.421,0.0502,0,0,0,0,0,0,0,21.111111111,26.666666667
0,0.565,0.0162,0.421,0.0502,0,0,0,0,0,0,0,21.111111111,26.666666667
0,0.565,0.0162,0.421,0.0502,0,0,0,0,0,0,0,21.111111111,26.666666667
0,0.565,0.0162,0.421,0.0502,0,0,0,0,0,0,0,21.111111111,26.666666667
0,0.565,0.0162,0.421,0.0502,0,0,0,0,0,0,0,21.111111111,26.666666667
0,0.565,0.0162,0.421,0.0502,0,0,0,0,0,0,0,21.111111111,26.666666667
0,0.565,0.0162,0.421,0.0502,0,0,0,0,0,0,0,21.111111111,26.666666667
0,0.565,0.0162,0.421,0.0502,0,0,0,0,0,0,0,21.111111111,25.555555556
0.00833,0.566,0.019,0.421,0.053,0,0,0,0,0,0,0.0174,21.111111111,25.555555556
0.508,0.676,0.201,0.491,0.224,0,0,0,0,0,0,0.443,21.111111111,25.555555556
0.742,0.733,0.376,0.797,0.346,0,0,0,0,0,0.467,0.269,21.111111111,25.555555556
0.633,0.692,0.461,0.788,0.398,0,0,0,0,0,0.267,0.273,21.111111111,25.555555556
1,0.73,0.79,0.995,0.715,0,0,0,0,0,0.2,0.0683,21.111111111,25.555555556
1,0.617,0.35,0.711,0.403,0,0,0,0,0,0,0,21.111111111,25.555555556
1,0.587,0.203,0.706,0.274,0,0,0,0,0,0,0,21.111111111,25.555555556
1,0.565,0.0168,0.421,0.0502,0,0,0,0,0,0,0,21.111111111,25.555555556
1,0.565,0.0185,0.421,0.0502,0,0,0,0,0,0,0,21.111111111,25.555555556
1,0.565,0.0185,0.421,0.0502,0,0,0,0,0,0,0,21.111111111,25.555555556
1,0.565,0.0185,0.421,0.0502,0,0,0,0,0,0,0,21.111111111,25.555555556
1,0.565,0.0185,0.421,0.0502,0,0,0,0,0,0,0,21.111111111,25.555555556
1,0.565,0.0185,0.421,0.0502,0,0,0,0,0,0,0,21.111111111,25.555555556
1,0.565,0.0185,0.421,0.0502,0,0,0,0,0,0,0,21.111111111,25.555555556
1,0.565,0.0185,0.421,0.0502,0,0,0,0,0,0,0,21.111111111,25.555555556
1,0.576,0.0371,0.421,0.0982,0,0,0,0,0,0,0,21.111111111,25.555555556
1,0.609,0.108,0.421,0.226,0,0,0,0,0,0,0.102,21.111111111,25.555555556
1,0.644,0.218,0.421,0.348,0,0,0,0,0,0,0.0683,21.111111111,25.555555556
1,0.654,0.268,0.421,0.373,0,0,0,0,0,0,0.0341,21.111111111,25.555555556
1,0.654,0.289,0.421,0.36,0,0,0,0,0,0,0.0341,21.111111111,25.555555556
1,0.654,0.335,0.421,0.355,0,0,0,0,0,0,0.171,21.111111111,25.555555556
0.617,0.62,0.24,0.421,0.237,0,0,0,0,0,0,0.137,21.111111111,25.555555556
0.5,0.621,0.223,0.421,0.202,0,0,0,0,0,0,0.0683,21.111111111,25.555555556
0.883,0.707,0.404,0.421,0.323,0,0,0,0,0,0,0.0683,21.111111111,25.555555556
1,0.768,0.47,0.421,0.373,0,0,0,0,0,0,0.0341,21.111111111,25.555555556
1,0.79,0.539,0.798,0.417,0,0,0,0,0,0,0.171,21.111111111,25.555555556
1,0.782,0.693,0.98,0.512,0,0,0,0,0,0,0,21.111111111,25.555555556
1,0.755,0.833,1,0.652,0,0,0,0,0,0,0.018,21.111111111,25.555555556
1,0.684,0.708,0.923,0.683,0,0,0,0,0,0,0.108,21.111111111,25.555555556
1,0.601,0.295,0.711,0.347,0,0,0.677,0.508,0.267,0,0,21.111111111,25.555555556
1,0.573,0.101,0.561,0.139,0,0,0,0,0.967,0,0.177,21.111111111,25.555555556
1,0.565,0.0185,0.421,0.0502,0,0,0,0,0,0,0,21.111111111,25.555555556
1,0.565,0.0185,0.421,0.0502,0,0,0,0,0,0,0,21.111111111,25.555555556
1,0.565,0.0185,0.421,0.0502,0,0,0,0,0,0,0,21.111111111,25.555555556
1,0.565,0.0185,0.421,0.0502,0,0,0,0,0,0,0,21.111111111,25.555555556
1,0.565,0.0185,0.421,0.0502,0,0,0,0,0,0,0,21.111111111,25.555555556
1,0.565,0.0185,0.421,0.0502,0,0,0,0,0,0,0,21.111111111,25.555555556
1,0.568,0.0232,0.498,0.0865,0,0,0,0,0,0,0.0871,21.111111111,25.555555556
1,0.596,0.0521,0.489,0.219,0,0,0,0,0,0,0.201,21.111111111,25.555555556
1,0.607,0.081,0.421,0.23,0,0,0,0,0,0,0.372,21.111111111,25.555555556
1,0.621,0.133,0.421,0.272,0,0,0,0,0,0,0.291,21.111111111,25.555555556
0.867,0.642,0.209,0.421,0.344,0,0,0,0,0,0,0.357,21.111111111,25.555555556
0.758,0.632,0.209,0.421,0.294,0,0,0,0,0,0,0.168,21.111111111,25.555555556
1,0.654,0.289,0.421,0.36,0,0,0,0,0,0,0.102,21.111111111,25.555555556
1,0.654,0.335,0.421,0.355,0,0,0,0,0,0,0.0341,21.111111111,25.555555556
0.625,0.62,0.24,0.421,0.237,0,0,0,0,0,0,0.0683,21.111111111,25.555555556
1,0.621,0.223,0.421,0.202,0,0,0,0,0,0,0.137,21.111111111,25.555555556
1,0.643,0.236,0.421,0.204,0,0,0,0,0,0,0.171,21.111111111,25.555555556
1,0.666,0.244,0.421,0.212,0,0,0,0,0,0,0.205,21.111111111,25.555555556
1,0.647,0.207,0.544,0.183,0,0,0,0,0,0,0.118,21.111111111,25.555555556
1,0.565,0.0185,0.421,0.0502,0,0,0,0,0,0,0,21.111111111,25.555555556
1,0.635,0.342,0.643,0.294,0.483,0.517,0,0,0,0,0.0341,21.111111111,25.555555556
1,0.632,0.415,0.711,0.418,0.677,0.933,0,0,0,0,0.322,21.111111111,25.555555556
1,0.601,0.295,0.711,0.347,0,0,0,0,0,0,0,21.111111111,25.555555556
1,0.576,0.156,0.711,0.191,0,0,0,0,0,0,0.102,21.111111111,25.555555556
1,0.565,0.0513,0.566,0.0839,0,0,0,0,0,0,0.108,21.111111111,25.555555556
1,0.564,0.0239,0.489,0.059,0,0,0,0,0,0,0.106,21.111111111,25.555555556
1,0.565,0.0162,0.421,0.0502,0,0,0,0,0,0,0,21.111111111,25.555555556
1,0.565,0.0162,0.421,0.0502,0,0,0,0,0,0,0,21.111111111,25.555555556
1,0.565,0.0162,0.421,0.0502,0,0,0,0,0,0,0,21.111111111,25.555555556
1,0.565,0.0162,0.421,0.0502,0,0,0,0,0,0,0,21.111111111,25.555555556
1,0.568,0.0256,0.571,0.0974,0,0,0,0,0,0.517,0.137,21.111111111,25.555555556
0.742,0.581,0.0376,0.561,0.164,0,0,0,0,0,1,0.138,21.111111111,25.555555556
0.5,0.604,0.0553,0.421,0.229,0,0,0,0,0,1,0.454,21.111111111,26.666666667
0.117,0.575,0.027,0.421,0.0922,0,0,0,0,0,1,0.0341,21.111111111,26.666666667
0,0.565,0.0162,0.421,0.0502,0,0,0,0,0,1,0,21.111111111,26.666666667
0,0.565,0.0162,0.421,0.0502,0,0,0,0,0,0.533,0,21.111111111,26.666666667
0,0.565,0.0162,0.421,0.0502,0,0,0,0,0,0,0,21.111111111,26.666666667
0,0.565,0.0162,0.421,0.0502,0,0,0,0,0,0,0,21.111111111,26.666666667
0,0.565,0.0162,0.421,0.0502,0,0,0,0,0,0,0,21.111111111,26.666666667
0.133,0.581,0.0443,0.421,0.0908,0,0,0,0,0,0,0.102,21.111111111,26.666666667
0.5,0.631,0.129,0.421,0.203,0,0,0,0,0,0,0.0341,21.111111111,25.555555556
0.5,0.654,0.158,0.421,0.207,0,0,0,0,0,0.0167,0.239,21.111111111,25.555555556
0.5,0.674,0.198,0.487,0.221,0,0,0,0,0,0.217,0.0683,21.111111111,25.555555556
0.758,0.734,0.408,0.817,0.366,0,0,0,0,0,0,0.0683,21.111111111,25.555555556
1,0.77,0.695,1,0.577,0,0,0,0,0,0.0167,0,21.111111111,25.555555556
1,0.731,0.796,1,0.721,0,0,0,0,0,0.217,0,21.111111111,25.555555556
1,0.669,0.684,1,0.755,0,0,0,0,0,0,0,21.111111111,25.555555556
1,0.602,0.312,0.85,0.406,0,0,0,0,0,0,0,21.111111111,25.555555556
1,0.569,0.0837,0.633,0.125,0,0,0,0,0,0,0,21.111111111,25.555555556
1,0.565,0.0162,0.421,0.0502,0,0,0,0,0,0,0,21.111111111,25.555555556
1,0.565,0.0162,0.421,0.0502,0,0,0,0,0,0,0,21.111111111,25.555555556
1,0.565,0.0162,0.421,0.0502,0,0,0,0,0,0,0,21.111111111,25.555555556
1,0.565,0.0162,0.421,0.0502,0,0,0,0,0,0,0,21.111111111,25.555555556
1,0.565,0.0162,0.421,0.0502,0,0,0,0,0,0,0,21.111111111,25.555555556
1,0.571,0.035,0.72,0.144,0,0,0,0,0,0,0.491,21.111111111,25.555555556
0.992,0.604,0.0704,0.846,0.342,0,0,0,0,0,0,0.278,21.111111111,25.555555556
0.117,0.573,0.0247,0.421,0.0919,0,0,0,0,0,0,0,21.111111111,26.666666667
0,0.565,0.0162,0.421,0.0502,0,0,0,0,0,0,0,21.111111111,26.666666667
0,0.565,0.0162,0.421,0.0502,0,0,0,0,0,0,0,21.111111111,26.666666667
0.258,0.576,0.0322,0.421,0.0922,0,0,0,0,0,0,0.109,21.111111111,26.666666667
0.5,0.565,0.0162,0.421,0.0502,0,0,0,0,0,0,0,21.111111111,26.666666667
0.5,0.565,0.0162,0.421,0.0502,0,0,0,0,0,0,0,21.111111111,26.666666667
0.5,0.565,0.0162,0.421,0.0502,0,0,0,0,0,0,0,21.111111111,26.666666667
0.5,0.565,0.0162,0.421,0.0502,0,0,0,0,0,0,0,21.111111111,26.666666667
0.758,0.624,0.114,0.421,0.171,0,0,0,0,0,0,0.147,21.111111111,25.555555556
0.867,0.716,0.256,0.421,0.32,0,0,0,0,0,0,0.367,21.111111111,25.555555556
0.5,0.674,0.198,0.487,0.221,0,0,0,0,0,0,0.273,21.111111111,25.555555556
0.5,0.677,0.267,0.678,0.254,0,0,0,0,0,0,0.171,21.111111111,25.555555556
0.25,0.614,0.196,0.566,0.192,0,0,0,0,0,0.267,0,21.111111111,25.555555556
0.758,0.687,0.605,0.86,0.567,0,0,0,0,0,0.2,0,21.111111111,25.555555556
1,0.661,0.625,0.923,0.683,0,0,0,0,0,0,0.176,21.111111111,25.555555556
1,0.587,0.204,0.711,0.275,0,0,0,0,0,0,0.153,21.111111111,25.555555556
1,0.568,0.0925,0.711,0.135,0,0,0,0,0,0,0,21.111111111,25.555555556
1,0.563,0.0436,0.711,0.0812,0,0,0,0,0,0,0,21.111111111,25.555555556
1,0.564,0.0195,0.566,0.0532,0,0,0,0,0,0,0.152,21.111111111,25.555555556
1,0.563,0.0176,0.633,0.0502,0,0,0,0,0,0,0.262,21.111111111,25.555555556
1,0.565,0.0162,0.421,0.0502,0,0,0,0,0,0,0,21.111111111,25.555555556
1,0.565,0.0162,0.421,0.0502,0,0,0,0,0,0,0,21.111111111,25.555555556
0.742,0.568,0.0256,0.571,0.0974,0,0,0,0,0,0,0.102,21.111111111,25.555555556
0.5,0.584,0.0436,0.633,0.198,0,0,0,0,0,0,0.109,21.111111111,25.555555556
0.5,0.604,0.0553,0.421,0.229,0,0,0,0,0,0,0.438,21.111111111,26.666666667
0.5,0.609,0.0653,0.421,0.228,0,0,0,0,0,0,0.152,21.111111111,26.666666667
0.242,0.586,0.0435,0.421,0.134,0,0,0,0,0,0,0.0497,21.111111111,26.666666667
0,0.565,0.0162,0.421,0.0502,0,0,0,0,0,0,0,21.111111111,26.666666667
0,0.565,0.0162,0.421,0.0502,0,0,0,0,0,0,0,21.111111111,26.666666667
0,0.565,0.0162,0.421,0.0502,0,0,0,0,0,0,0,21.111111111,26.666666667
0,0.565,0.0162,0.421,0.0502,0,0,0,0,0,0,0,21.111111111,26.666666667
0,0.565,0.0162,0.421,0.0502,0,0,0,0,0,0,0,21.111111111,26.666666667
0.258,0.602,0.078,0.421,0.129,0,0,0,0,0,0,0.127,21.111111111,25.555555556
0.5,0.654,0.158,0.421,0.207,0,0,0,0,0,0,0.137,21.111111111,25.555555556
0.5,0.674,0.198,0.487,0.221,0,0,0,0,0,0,0.205,21.111111111,25.555555556
0.5,0.677,0.267,0.678,0.254,0,0,0,0,0,0,0.0341,21.111111111,25.555555556
0.633,0.692,0.461,0.788,0.398,0,0,0,0,0,0,0.14,21.111111111,25.555555556
1,0.715,0.696,0.923,0.619,0,0,0,0,0,0,0.23,21.111111111,25.555555556
1,0.617,0.35,0.711,0.403,0,0,0,0,0,0,0,21.111111111,25.555555556
1,0.587,0.203,0.706,0.274,0,0,0,0,0,0,0,21.111111111,25.555555556
1,0.565,0.0162,0.421,0.0502,0,0,0,0,0,0,0,21.111111111,25.555555556
1,0.565,0.0162,0.421,0.0502,0,0,0,0,0,0,0,21.111111111,25.555555556
1,0.565,0.0162,0.421,0.0502,0,0,0,0,0,0,0,21.111111111,25.555555556
1,0.564,0.0161,0.498,0.0502,0,0,0,0,0,0,0.339,21.111111111,25.555555556
1,0.563,0.016,0.633,0.0502,0,0,0,0,0,0,0.25,21.111111111,25.555555556
1,0.565,0.0162,0.421,0.0502,0,0,0,0,0,0,0,21.111111111,25.555555556
1,0.568,0.0226,0.498,0.0865,0,0,0,0,0,0,0.0683,21.111111111,25.555555556
1,0.584,0.0436,0.633,0.198,0,0,0,0,0,0,0.216,21.111111111,25.555555556
0.617,0.573,0.0247,0.421,0.0919,0,0,0,0,0,0,0.199,21.111111111,26.666666667
0.5,0.565,0.0162,0.421,0.0502,0,0,0,0,0,0,0,21.111111111,26.666666667
0.5,0.565,0.0162,0.421,0.0502,0,0,0,0,0,0,0,21.111111111,26.666666667
0.5,0.576,0.0354,0.421,0.0928,0,0,0,0,0,0,0.145,21.111111111,26.666666667
0.367,0.597,0.069,0.421,0.167,0,0,0,0,0,0,0.348,21.111111111,26.666666667
0,0.565,0.0162,0.421,0.0502,0,0,0,0,0,0,0.155,21.111111111,26.666666667
0,0.565,0.0162,0.421,0.0502,0,0,0,0,0,0,0,21.111111111,26.666666667
0,0.565,0.0162,0.421,0.0502,0,0,0,0,0,0,0,21.111111111,26.666666667
0,0.565,0.0162,0.421,0.0502,0,0,0,0,0,0,0,21.111111111,25.555555556
0.133,0.593,0.0603,0.421,0.0939,0,0,0,0,0,0,0.102,21.111111111,25.555555556
0.5,0.674,0.198,0.487,0.221,0,0,0,0,0,0,0.205,21.111111111,25.555555556
0.5,0.677,0.267,0.678,0.254,0,0,0,0,0,0.267,0,21.111111111,25.555555556
0.883,0.745,0.62,0.932,0.52,0,0,0,0,0,1,0.179,21.111111111,25.555555556
1,0.731,0.796,1,0.721,0,0,0,0,0,0.167,0.251,21.111111111,25.555555556
1,0.631,0.438,0.778,0.492,0,0,0,0,0,0,0.227,21.111111111,25.555555556
1,0.571,0.0683,0.489,0.113,0,0,0,0,0,0,0,21.111111111,25.555555556
1,0.565,0.0162,0.421,0.0502,0,0,0,0,0,0,0,21.111111111,25.555555556
1,0.565,0.0162,0.421,0.0502,0,0,0,0,0,0,0,21.111111111,25.555555556
1,0.565,0.0162,0.421,0.0502,0,0,0,0,0,0,0,21.111111111,25.555555556
1,0.565,0.0162,0.421,0.0502,0,0,0,0,0,0,0,21.111111111,25.555555556
1,0.551,0.0174,0.498,0.0505,0,0,0,0,0,0,0.208,21.111111111,25.555555556
1,0.516,0.0229,0.711,0.0619,0,0,0,0,0,0,0.445,21.111111111,25.555555556
0.742,0.541,0.0223,0.561,0.0703,0,0,0,0,0,0,0.0341,21.111111111,25.555555556
0.5,0.565,0.0162,0.421,0.0502,0,0,0,0,0,0,0,21.111111111,25.555555556
0.5,0.562,0.0291,0.421,0.0959,0,0,0,0,0,0,0.127,21.111111111,26.666666667
0.367,0.557,0.0516,0.421,0.176,0,0,0,0,0,0,0.292,21.111111111,26.666666667
0,0.565,0.0162,0.421,0.0502,0,0,0,0,0,0,0,21.111111111,26.666666667
0,0.565,0.0162,0.421,0.0502,0,0,0,0,0,0,0,21.111111111,26.666666667
0,0.565,0.0162,0.421,0.0502,0,0,0,0,0,0,0,21.111111111,26.666666667
0,0.565,0.0162,0.421,0.0502,0,0,0,0,0,0,0,21.111111111,26.666666667
0,0.565,0.0162,0.421,0.0502,0,0,0,0,0,0,0,21.111111111,26.666666667
0.375,0.56,0.0917,0.421,0.156,0,0,0,0,0,0,0.482,21.111111111,26.666666667
0,0.565,0.0162,0.421,0.0502,0,0,0,0,0,0,0,21.111111111,25.555555556
0.258,0.581,0.0963,0.421,0.127,0,0,0,0,0,0,0.0341,21.111111111,25.555555556
0.633,0.621,0.266,0.552,0.256,0,0,0,0,0,0.233,0.205,21.111111111,25.555555556
1,0.658,0.534,0.936,0.429,0,0,0,0,0,0,0.0341,21.111111111,25.555555556
1,0.641,0.718,1,0.535,0,0,0,0,0,0,0.137,21.111111111,25.555555556
1,0.609,0.823,1,0.667,0,0,0,0,0,0,0,21.111111111,25.555555556
1,0.561,0.452,0.778,0.462,0,0,0,0,0,0,0,21.111111111,25.555555556
1,0.553,0.128,0.561,0.176,0,0,0,0,0,0,0,21.111111111,25.555555556
1,0.565,0.0168,0.421,0.0502,0,0,0,0,0,0,0,21.111111111,25.555555556
1,0.565,0.0185,0.421,0.0502,0,0,0,0,0,0,0,21.111111111,25.555555556
1,0.565,0.0185,0.421,0.0502,0,0,0,0,0,0,0,21.111111111,25.555555556
1,0.565,0.0185,0.421,0.0502,0,0,0,0,0,0,0,21.111111111,25.555555556
1,0.565,0.0185,0.421,0.0502,0,0,0,0,0,0,0,21.111111111,25.555555556
1,0.551,0.0203,0.498,0.0613,0,0,0,0,0,0.267,0,21.111111111,25.555555556
1,0.51,0.0333,0.788,0.151,0,0,0,0,0,0.2,0.185,21.111111111,25.555555556
0.867,0.508,0.0561,0.846,0.289,0,0,0,0,0,0,0.163,21.111111111,25.555555556
0.5,0.55,0.0673,0.421,0.223,0,0,0,0,0,0,0.354,21.111111111,25.555555556
0.5,0.555,0.0979,0.421,0.219,0,0,0,0,0,0,0,21.111111111,25.555555556
0.5,0.555,0.123,0.421,0.211,0,0,0,0,0,0,0,21.111111111,25.555555556
0.508,0.554,0.144,0.421,0.207,0,0,0,0,0,0,0.0341,21.111111111,25.555555556
1,0.545,0.288,0.421,0.345,0,0,0,0,0,0,0.086,21.111111111,25.555555556
1,0.545,0.318,0.421,0.335,0,0,0,0,0,0,0.21,21.111111111,25.555555556
1,0.545,0.372,0.421,0.333,0,0,0,0,0,0,0.0632,21.111111111,25.555555556
1,0.552,0.42,0.421,0.333,0,0,0,0,0,0,0.407,21.111111111,25.555555556
1,0.581,0.457,0.421,0.335,0,0,0,0,0,0.233,0,21.111111111,25.555555556
0.617,0.597,0.301,0.421,0.23,0,0,0,0,0,0,0.102,21.111111111,25.555555556
0.5,0.608,0.266,0.487,0.209,0,0,0,0,0,0,0.137,21.111111111,25.555555556
0.883,0.647,0.56,0.878,0.387,0,0,0,0,0,0,0.102,21.111111111,25.555555556
1,0.641,0.794,1,0.535,0,0,0,0,0,0,0,21.111111111,25.555555556
1,0.609,0.867,0.995,0.661,0,0,0,0,0,0,0,21.111111111,25.555555556
1,0.561,0.38,0.711,0.379,0,0,0,0,0,0,0,21.111111111,25.555555556
1,0.536,0.231,0.711,0.267,0,0,0,0,0,0,0,21.111111111,25.555555556
1,0.533,0.0985,0.633,0.125,0,0,0,0,0,0,0,21.111111111,25.555555556
1,0.565,0.0185,0.421,0.0502,0,0,0,0,0,0,0,21.111111111,25.555555556
1,0.565,0.0185,0.421,0.0502,0,0,0,0,0,0,0,21.111111111,25.555555556
1,0.565,0.0185,0.421,0.0502,0,0,0,0,0,0,0,21.111111111,25.555555556
1,0.565,0.0185,0.421,0.0502,0,0,0,0,0,0,0,21.111111111,25.555555556
1,0.565,0.0185,0.421,0.0502,0,0,0,0,0,0,0,21.111111111,25.555555556
1,0.565,0.0185,0.421,0.0502,0,0,0,0,0,0,0,21.111111111,25.555555556
1,0.565,0.0185,0.421,0.0502,0,0,0,0,0,0,0,21.111111111,25.555555556
1,0.565,0.0185,0.421,0.0502,0,0,0,0,0,0,0,21.111111111,25.555555556
1,0.565,0.0185,0.421,0.0502,0,0,0,0,0,0,0,21.111111111,25.555555556
1,0.549,0.181,0.421,0.297,0,0,0,0,0,0.233,0,21.111111111,25.555555556
1,0.545,0.264,0.421,0.36,0,0,0,0,0,0,0.449,21.111111111,25.555555556
1,0.545,0.288,0.421,0.345,0,0,0,0,0,0,0.136,21.111111111,25.555555556
1,0.545,0.318,0.421,0.335,0,0,0,0,0,0,0.239,21.111111111,25.555555556
1,0.545,0.372,0.421,0.333,0,0,0,0,0,0,0.341,21.111111111,25.555555556
1,0.552,0.42,0.421,0.333,0,0,0,0,0,0,0.239,21.111111111,25.555555556
1,0.568,0.281,0.421,0.223,0,0,0,0,0,0,0.205,21.111111111,25.555555556
1,0.576,0.0813,0.421,0.091,0,0,0,0,0,0,0.171,21.111111111,25.555555556
1,0.642,0.458,0.552,0.333,0,0,0,0,0,0,0.102,21.111111111,25.555555556
1,0.658,0.625,0.936,0.429,0,0,0,0,0,0,0,21.111111111,25.555555556
1,0.641,0.794,1,0.535,0,0,0,0,0,0,0.32,21.111111111,25.555555556
1,0.609,0.873,1,0.667,0,0,0,0,0,0,0.179,21.111111111,25.555555556
1,0.561,0.474,0.778,0.462,0,0,0,0,0,0,0.0683,21.111111111,25.555555556
1,0.536,0.231,0.711,0.267,0,0,0,0,0,0,0,21.111111111,25.555555556
1,0.52,0.107,0.711,0.135,0,0,0,0,0,0,0,21.111111111,25.555555556
1,0.503,0.0534,0.783,0.0906,0,0,0,0,0,0,0.181,21.111111111,25.555555556
1,0.516,0.026,0.711,0.0595,0,0,0,0,0,0,0.0341,21.111111111,25.555555556
1,0.516,0.0178,0.711,0.0502,0,0,0,0,0,0,0.41,21.111111111,25.555555556
1,0.529,0.0162,0.633,0.0502,0,0,0,0,0,0,0.205,21.111111111,25.555555556
1,0.565,0.0162,0.421,0.0502,0,0,0,0,0,0,0,21.111111111,25.555555556
1,0.565,0.0162,0.421,0.0502,0,0,0,0,0,0,0,21.111111111,25.555555556
0.608,0.56,0.0257,0.421,0.0935,0,0,0,0,0,0,0,21.111111111,25.555555556
0,0.565,0.0162,0.421,0.0502,0,0,0,0,0,0,0,21.111111111,26.666666667
0,0.565,0.0162,0.421,0.0502,0,0,0,0,0,0,0,21.111111111,26.666666667
0,0.565,0.0162,0.421,0.0502,0,0,0,0,0,0,0,21.111111111,26.666666667
0,0.565,0.0162,0.421,0.0502,0,0,0,0,0,0,0,21.111111111,26.666666667
0,0.565,0.0162,0.421,0.0502,0,0,0,0,0,0,0,21.111111111,26.666666667
0,0.565,0.0162,0.421,0.0502,0,0,0,0,0,0,0,21.111111111,26.666666667
0.133,0.562,0.0419,0.421,0.0879,0,0,0,0,0,0,0.192,21.111111111,26.666666667
0.5,0.558,0.116,0.421,0.191,0,0,0,0,0,0,0.239,21.111111111,26.666666667
0.5,0.573,0.133,0.421,0.192,0,0,0,0,0,0,0.0341,21.111111111,25.555555556
0.5,0.592,0.163,0.421,0.197,0,0,0,0,0,0,0.0683,21.111111111,25.555555556
0.5,0.608,0.204,0.487,0.209,0,0,0,0,0,0,0.0341,21.111111111,25.555555556
0.883,0.647,0.48,0.878,0.387,0,0,0,0,0,0.7,0.137,21.111111111,25.555555556
1,0.641,0.718,1,0.535,0,0,0,0,0,0,0,21.111111111,25.555555556
1,0.609,0.823,1,0.667,0,0,0,0,0,0,0.102,21.111111111,25.555555556
1,0.563,0.646,0.923,0.639,0,0,0,0,0,0,0,21.111111111,25.555555556
1,0.536,0.211,0.711,0.267,0,0,0,0,0,0,0,21.111111111,25.555555556
1,0.52,0.0953,0.711,0.135,0,0,0,0,0,0,0,21.111111111,25.555555556
1,0.553,0.0242,0.489,0.059,0,0,0,0,0,0,0,21.111111111,25.555555556
1,0.565,0.0162,0.421,0.0502,0,0,0,0,0,0,0,21.111111111,25.555555556
1,0.565,0.0162,0.421,0.0502,0,0,0,0,0,0,0,21.111111111,25.555555556
1,0.565,0.0162,0.421,0.0502,0,0,0,0,0,0,0,21.111111111,25.555555556
1,0.565,0.0162,0.421,0.0502,0,0,0,0,0,0,0,21.111111111,25.555555556
1,0.565,0.0162,0.421,0.0502,0,0,0,0,0,0,0,21.111111111,25.555555556
1,0.542,0.0389,0.566,0.162,0,0,0,0,0,0,0.137,21.111111111,25.555555556
1,0.55,0.0568,0.421,0.223,0,0,0,0,0,0,0.685,21.111111111,26.666666667
0.617,0.56,0.0431,0.421,0.134,0,0,0,0,0,0,0.0341,21.111111111,26.666666667
0.367,0.557,0.0591,0.421,0.17,0,0,0,0,0,0,0.137,21.111111111,26.666666667
0,0.565,0.0162,0.421,0.0502,0,0,0,0,0,0,0,21.111111111,26.666666667
0,0.565,0.0162,0.421,0.0502,0,0,0,0,0,0,0,21.111111111,26.666666667
0,0.565,0.0162,0.421,0.0502,0,0,0,0,0,0,0,21.111111111,26.666666667
0,0.565,0.0162,0.421,0.0502,0,0,0,0,0,0,0,21.111111111,26.666666667
0,0.565,0.0162,0.421,0.0502,0,0,0,0,0,0,0,21.111111111,26.666666667
0.133,0.571,0.053,0.421,0.0887,0,0,0,0,0,0,0.0683,21.111111111,25.555555556
0.508,0.593,0.166,0.421,0.199,0,0,0,0,0,0,0.121,21.111111111,25.555555556
1,0.652,0.392,0.552,0.368,0,0,0,0,0,0,0.706,21.111111111,25.555555556
1,0.658,0.534,0.936,0.429,0,0,0,0,0,0,0.0683,21.111111111,25.555555556
1,0.641,0.718,1,0.535,0,0,0,0,0,0,0.256,21.111111111,25.555555556
1,0.609,0.816,0.995,0.661,0,0,0,0,0,0,0.379,21.111111111,25.555555556
1,0.561,0.362,0.711,0.379,0,0,0,0,0,0,0.18,21.111111111,25.555555556
1,0.548,0.186,0.633,0.24,0,0,0,0,0,0,0,21.111111111,25.555555556
1,0.565,0.0162,0.421,0.0502,0,0,0,0,0,0,0,21.111111111,25.555555556
1,0.565,0.0162,0.421,0.0502,0,0,0,0,0,0,0,21.111111111,25.555555556
1,0.539,0.0199,0.571,0.0534,0,0,0,0,0,0,0.963,21.111111111,25.555555556
0.742,0.541,0.0173,0.561,0.0502,0,0,0,0,0,0,0,21.111111111,25.555555556
0.633,0.565,0.0162,0.421,0.0502,0,0,0,0,0,0,0,21.111111111,25.555555556
1,0.565,0.0162,0.421,0.0502,0,0,0,0,0,0,0,21.111111111,25.555555556
1,0.555,0.0229,0.498,0.0853,0,0,0,0,0,0,0.114,21.111111111,25.555555556
0.617,0.556,0.0221,0.489,0.0809,0,0,0,0,0,0,0,21.111111111,25.555555556
0.5,0.565,0.0162,0.421,0.0502,0,0,0,0,0,0,0,21.111111111,26.666666667
0.5,0.565,0.0162,0.421,0.0502,0,0,0,0,0,0,0,21.111111111,26.666666667
0.117,0.565,0.0162,0.421,0.0502,0,0,0,0,0,0,0,21.111111111,26.666666667
0,0.565,0.0162,0.421,0.0502,0,0,0,0,0,0,0,21.111111111,26.666666667
0.383,0.557,0.0746,0.421,0.163,0.707,0.767,0,0,0,0,0.273,21.111111111,26.666666667
0.5,0.555,0.0985,0.421,0.193,0.44,0.4,0,0,0,0,0.205,21.111111111,26.666666667
0.367,0.557,0.0827,0.421,0.154,0,0,0,0,0,0,0.205,21.111111111,26.666666667
0,0.565,0.0162,0.421,0.0502,0,0,0,0,0,0,0,21.111111111,26.666666667
0,0.565,0.0162,0.421,0.0502,0,0,0,0,0,0,0,21.111111111,25.555555556
0,0.565,0.0162,0.421,0.0502,0,0,0,0,0,0,0,21.111111111,25.555555556
0,0.565,0.0162,0.421,0.0502,0,0,0,0,0,0,0,21.111111111,25.555555556
0,0.565,0.0162,0.421,0.0502,0,0,0,0,0,0,0,21.111111111,25.555555556
0.383,0.593,0.29,0.643,0.24,0.731,0.233,0,0,0,0,0,21.111111111,25.555555556
0.5,0.587,0.419,0.711,0.359,0,0,0,0,0,0,0.0683,21.111111111,25.555555556
0.883,0.562,0.555,0.855,0.556,0,0,0,0,0,0,0.0341,21.111111111,25.555555556
1,0.536,0.211,0.711,0.267,0,0,0,0,0,0,0.15,21.111111111,25.555555556
1,0.533,0.0861,0.633,0.125,0,0,0,0,0,0,0.166,21.111111111,25.555555556
1,0.565,0.0162,0.421,0.0502,0,0,0,0,0,0,0,21.111111111,25.555555556
1,0.565,0.0162,0.421,0.0502,0,0,0,0,0,0,0,21.111111111,25.555555556
1,0.565,0.0162,0.421,0.0502,0,0,0,0,0,0,0,21.111111111,25.555555556
1,0.564,0.0163,0.426,0.0503,0,0,0,0,0,0,0.018,21.111111111,25.555555556
1,0.516,0.0229,0.711,0.0619,0,0,0,0,0,0,0.29,21.111111111,25.555555556
1,0.519,0.0322,0.711,0.116,0,0,0,0,0,0,0.258,21.111111111,25.555555556
1,0.529,0.0549,0.633,0.239,0,0,0,0,0,0,0.417,21.111111111,25.555555556
0.617,0.546,0.0657,0.421,0.263,0,0,0,0,0,0,0.988,21.111111111,26.666666667
0.5,0.555,0.0672,0.421,0.219,0,0,0,0,0,0,0.472,21.111111111,26.666666667
0.5,0.555,0.0769,0.421,0.211,0,0,0,0,0,0,0.28,21.111111111,26.666666667
0.117,0.562,0.0317,0.421,0.0869,0,0,0,0,0,0,0,21.111111111,26.666666667
0,0.565,0.0162,0.421,0.0502,0,0,0,0,0,0,0,21.111111111,26.666666667
0,0.565,0.0162,0.421,0.0502,0,0,0,0,0,0,0,21.111111111,26.666666667
0,0.565,0.0162,0.421,0.0502,0,0,0,0,0,0,0,21.111111111,26.666666667
0,0.565,0.0162,0.421,0.0502,0,0,0,0,0,0,0,21.111111111,26.666666667
0.383,0.565,0.0185,0.421,0.0526,0,0,0,0,0,0.0167,0.0341,21.111111111,25.555555556
0.5,0.592,0.163,0.421,0.197,0,0,0,0,0,0.217,0.205,21.111111111,25.555555556
0.5,0.608,0.204,0.487,0.209,0,0,0,0,0,0,0,21.111111111,25.555555556
0.5,0.611,0.275,0.678,0.239,0.623,0.7,0,0,0,0,0.0341,21.111111111,25.555555556
0.5,0.603,0.36,0.706,0.288,0.815,0,0,0,0,0,0.292,21.111111111,25.555555556
0.883,0.58,0.324,0.643,0.291,0.319,0,0,0,0,0,0.171,21.111111111,25.555555556
1,0.561,0.362,0.711,0.379,0,0,0,0,0,0,0,21.111111111,25.555555556
1,0.536,0.211,0.711,0.267,0,0,0,0,0,0,0,21.111111111,25.555555556
1,0.533,0.0861,0.633,0.125,0,0,0,0,0,0,0,21.111111111,25.555555556
1,0.565,0.0162,0.421,0.0502,0,0,0,0,0,0,0,21.111111111,25.555555556
1,0.565,0.0162,0.421,0.0502,0,0,0,0,0,0,0,21.111111111,25.555555556
1,0.565,0.0162,0.421,0.0502,0,0,0,0,0,0,0,21.111111111,25.555555556
1,0.565,0.0162,0.421,0.0502,0,0,0,0,0,0,0,21.111111111,25.555555556
1,0.565,0.0162,0.421,0.0502,0,0,0,0,0,0,0,21.111111111,25.555555556
1,0.521,0.0359,0.72,0.141,0,0,0,0,0,0.0167,0.372,21.111111111,25.555555556
0.867,0.508,0.0633,0.846,0.289,0,0,0,0,0,0.217,0.264,21.111111111,25.555555556
0.117,0.561,0.025,0.421,0.0906,0,0,0,0,0,0,0.0607,21.111111111,26.666666667
0,0.565,0.0162,0.421,0.0502,0,0,0,0,0,0,0,21.111111111,26.666666667
0,0.565,0.0162,0.421,0.0502,0,0,0,0,0,0,0,21.111111111,26.666666667
0.133,0.562,0.0361,0.421,0.0899,0,0,0,0,0,0,0.593,21.111111111,26.666666667
0.367,0.557,0.0709,0.421,0.159,0,0,0,0,0,0,0.371,21.111111111,26.666666667
0,0.565,0.0162,0.421,0.0502,0,0,0,0,0,0,0,21.111111111,26.666666667
0,0.565,0.0162,0.421,0.0502,0,0,0,0,0,0,0,21.111111111,26.666666667
0,0.565,0.0162,0.421,0.0502,0,0,0,0,0,0,0,21.111111111,26.666666667
0.133,0.571,0.053,0.421,0.0887,0,0,0,0,0,0,0.0341,21.111111111,25.555555556
0.5,0.592,0.163,0.421,0.197,0,0,0,0,0,0,0.0683,21.111111111,25.555555556
0.5,0.608,0.204,0.487,0.209,0,0,0,0,0,0,0.0341,21.111111111,25.555555556
0.5,0.611,0.275,0.678,0.239,0,0,0,0,0,0,0.571,21.111111111,25.555555556
0.758,0.621,0.559,0.86,0.426,0,0,0,0,0,0,0.15,21.111111111,25.555555556
1,0.609,0.823,1,0.667,0,0,0,0,0,0,0,21.111111111,25.555555556
1,0.561,0.452,0.778,0.462,0,0,0,0,0,0,0.145,21.111111111,25.555555556
1,0.548,0.186,0.633,0.24,0,0,0,0,0,0,0.0967,21.111111111,25.555555556
1,0.565,0.0168,0.421,0.0502,0,0,0,0,0,0,0.102,21.111111111,25.555555556
1,0.565,0.0185,0.421,0.0502,0,0,0,0,0,0,0,21.111111111,25.555555556
1,0.565,0.0185,0.421,0.0502,0,0,0,0,0,0,0,21.111111111,25.555555556
0.992,0.565,0.0185,0.421,0.0502,0,0,0,0,0,0,0,21.111111111,25.555555556
0.633,0.565,0.0185,0.421,0.0502,0,0,0,0,0,0,0,21.111111111,25.555555556
1,0.565,0.0185,0.421,0.0502,0,0,0,0,0,0,0,21.111111111,25.555555556
1,0.565,0.0185,0.421,0.0502,0,0,0,0,0,0,0,21.111111111,25.555555556
1,0.56,0.0292,0.421,0.0964,0,0,0,0,0,0,0.0341,21.111111111,25.555555556
1,0.55,0.0673,0.421,0.223,0,0,0,0,0,0.267,0.0683,21.111111111,25.555555556
1,0.555,0.0979,0.421,0.219,0,0,0,0,0,0.2,0,21.111111111,25.555555556
1,0.555,0.123,0.421,0.211,0,0,0,0,0,0,0.0341,21.111111111,25.555555556
1,0.547,0.236,0.421,0.323,0,0,0,0,0,0,0.102,21.111111111,25.555555556
1,0.545,0.288,0.421,0.345,0,0,0,0,0,0,0.102,21.111111111,25.555555556
1,0.545,0.318,0.421,0.335,0,0,0,0,0,0,0.0341,21.111111111,25.555555556
1,0.545,0.372,0.421,0.333,0,0,0,0,0,0,0.0341,21.111111111,25.555555556
1,0.552,0.42,0.421,0.333,0,0,0,0,0,0,0.171,21.111111111,25.555555556
1,0.581,0.457,0.421,0.335,0,0,0,0,0,0,0,21.111111111,25.555555556
1,0.62,0.478,0.421,0.343,0,0,0,0,0,0.267,0,21.111111111,25.555555556
1,0.652,0.513,0.552,0.368,0,0,0,0,0,0.917,0.0683,21.111111111,25.555555556
1,0.658,0.625,0.936,0.429,0,0,0.225,0.254,0.0167,0,0.0341,21.111111111,25.555555556
1,0.641,0.794,1,0.535,0,0,0.541,0,1,0,0.0341,21.111111111,25.555555556
1,0.609,0.873,1,0.667,0,0,0.0901,0,0.183,0,0,21.111111111,25.555555556
1,0.561,0.474,0.778,0.462,0,0,0,0,0,0,0.0341,21.111111111,25.555555556
1,0.536,0.231,0.711,0.267,0,0,0,0,0,0,0,21.111111111,25.555555556
1,0.52,0.11,0.711,0.135,0,0,0,0,0,0,0,21.111111111,25.555555556
1,0.503,0.0574,0.788,0.0846,0,0,0,0,0,0,0,21.111111111,25.555555556
1,0.467,0.0444,1,0.0687,0,0,0,0,0,0,0.0341,21.111111111,25.555555556
1,0.467,0.0251,1,0.0502,0.593,0.467,0,0,0,0.233,0.0341,21.111111111,25.555555556
1,0.505,0.0184,0.773,0.0502,0.239,0,0,0,0,0,0.0683,21.111111111,25.555555556
1,0.565,0.0185,0.421,0.0502,0,0,0,0,0,0,0,21.111111111,25.555555556
1,0.565,0.0185,0.421,0.0502,0,0,0,0,0,0,0,21.111111111,25.555555556
1,0.542,0.0384,0.566,0.162,0,0,0,0,0,0,0,21.111111111,25.555555556
1,0.55,0.0673,0.421,0.223,0,0,0,0,0,0,0,21.111111111,25.555555556
1,0.555,0.0979,0.421,0.219,0,0,0,0,0,0,0.0341,21.111111111,25.555555556
1,0.555,0.123,0.421,0.211,0,0,0,0,0,0,0.0683,21.111111111,25.555555556
1,0.555,0.141,0.421,0.205,0.697,0.233,0,0,0,0,0,21.111111111,25.555555556
1,0.555,0.153,0.421,0.197,0,0,0,0,0,0,0,21.111111111,25.555555556
1,0.552,0.214,0.421,0.23,0,0,0,0,0,0,0,21.111111111,25.555555556
1,0.545,0.372,0.421,0.333,0,0,0,0,0,0,0.137,21.111111111,25.555555556
1,0.556,0.265,0.421,0.224,0,0,0,0,0,0,0.0341,21.111111111,25.555555556
1,0.579,0.298,0.421,0.231,0,0,0,0,0,0,0.0341,21.111111111,25.555555556
1,0.62,0.478,0.421,0.343,0,0,0,0,0,0,0,21.111111111,25.555555556
1,0.652,0.513,0.552,0.368,0.559,0.767,0,0,0,0,0.341,21.111111111,25.555555556
1,0.658,0.625,0.936,0.429,0.772,0.167,0,0,0,0,0.0341,21.111111111,25.555555556
1,0.634,0.678,0.923,0.457,0.304,0,0,0,0,0,0,21.111111111,25.555555556
1,0.587,0.446,0.711,0.359,0,0,0,0,0,0,0,21.111111111,25.555555556
1,0.561,0.38,0.711,0.379,0,0,0,0,0,0,0,21.111111111,25.555555556
1,0.536,0.231,0.711,0.267,0,0,0,0,0,0,0.0341,21.111111111,25.555555556
1,0.52,0.107,0.711,0.135,0,0,0,0,0,0,0.135,21.111111111,25.555555556
1,0.553,0.0242,0.489,0.059,0,0,0,0,0,0,0,21.111111111,25.555555556
1,0.565,0.0162,0.421,0.0502,0,0,0,0,0,0,0,21.111111111,25.555555556
1,0.565,0.0162,0.421,0.0502,0,0,0,0,0,0,0,21.111111111,25.555555556
1,0.565,0.0162,0.421,0.0502,0,0,0,0,0,0,0,21.111111111,25.555555556
1,0.565,0.0162,0.421,0.0502,0,0,0,0,0,0,0,21.111111111,25.555555556
1,0.555,0.0229,0.498,0.0853,0,0,0,0,0,0,0.211,21.111111111,25.555555556
1,0.534,0.0448,0.633,0.193,0,0,0,0,0,0,0.399,21.111111111,25.555555556
0.867,0.552,0.044,0.421,0.177,0,0,0,0,0,0,0.357,21.111111111,26.666666667
0.5,0.565,0.0162,0.421,0.0502,0,0,0,0,0,0,0.0182,21.111111111,26.666666667
0.5,0.565,0.0162,0.421,0.0502,0,0,0,0,0,0,0,21.111111111,26.666666667
0.5,0.565,0.0162,0.421,0.0502,0,0,0,0,0,0,0,21.111111111,26.666666667
0.5,0.565,0.0162,0.421,0.0502,0,0,0,0,0,0,0,21.111111111,26.666666667
0.5,0.565,0.0162,0.421,0.0502,0,0,0,0,0,0,0,21.111111111,26.666666667
0.5,0.562,0.0419,0.421,0.0879,0,0,0,0,0,0,0.174,21.111111111,26.666666667
0.5,0.558,0.116,0.421,0.191,0,0,0,0,0,0,0.0872,21.111111111,26.666666667
0.367,0.567,0.0962,0.421,0.154,0,0,0,0,0,0,0.0756,21.111111111,25.555555556
0,0.565,0.0162,0.421,0.0502,0,0,0,0,0,0,0,21.111111111,25.555555556
0,0.565,0.0162,0.421,0.0502,0,0,0,0,0,0,0,21.111111111,25.555555556
0.392,0.599,0.25,0.637,0.214,0,0,0,0,0,0,0.0341,21.111111111,25.555555556
1,0.641,0.718,1,0.535,0.62,0.767,0,0,0,0,0.0683,21.111111111,25.555555556
1,0.609,0.823,1,0.667,0.855,0.167,0,0,0,0,0.0162,21.111111111,25.555555556
1,0.561,0.452,0.778,0.462,0,0,0,0,0,0,0.477,21.111111111,25.555555556
1,0.536,0.211,0.711,0.267,0,0,0,0,0,0,0.534,21.111111111,25.555555556
1,0.533,0.0861,0.633,0.125,0,0,0,0,0,0,0.211,21.111111111,25.555555556
1,0.551,0.0196,0.498,0.0536,0,0,0,0,0,0,0.194,21.111111111,25.555555556
1,0.553,0.0191,0.489,0.0532,0,0,0,0,0,0,0,21.111111111,25.555555556
1,0.565,0.0162,0.421,0.0502,0,0,0,0,0,0,0,21.111111111,25.555555556
1,0.565,0.0162,0.421,0.0502,0,0,0,0,0,0,0,21.111111111,25.555555556
1,0.564,0.0164,0.426,0.0509,0,0,0,0,0,0,0.0511,21.111111111,25.555555556
1,0.519,0.0322,0.711,0.116,0,0,0,0,0,0,0.249,21.111111111,25.555555556
0.742,0.525,0.0511,0.706,0.226,0,0,0,0,0,0,0.297,21.111111111,25.555555556
0.242,0.557,0.0345,0.421,0.134,0,0,0,0,0,0,0.139,21.111111111,26.666666667
0,0.565,0.0162,0.421,0.0502,0,0,0,0,0,0,0,21.111111111,26.666666667
0,0.565,0.0162,0.421,0.0502,0,0,0,0,0,0,0,21.111111111,26.666666667
0,0.565,0.0162,0.421,0.0502,0,0,0,0,0,0,0,21.111111111,26.666666667
0,0.565,0.0162,0.421,0.0502,0,0,0,0,0,0,0,21.111111111,26.666666667
0,0.565,0.0162,0.421,0.0502,0,0,0,0,0,0,0,21.111111111,26.666666667
0,0.565,0.0162,0.421,0.0502,0,0,0,0,0,0,0,21.111111111,26.666666667
0,0.565,0.0162,0.421,0.0502,0,0,0,0,0,0,0,21.111111111,26.666666667
0,0.565,0.0162,0.421,0.0502,0,0,0,0,0,0,0,21.111111111,25.555555556
0.383,0.587,0.131,0.421,0.163,0,0,0,0,0,0,0.137,21.111111111,25.555555556
0.758,0.632,0.309,0.552,0.295,0,0,0,0,0,0.233,0.0341,21.111111111,25.555555556
1,0.658,0.534,0.936,0.429,0,0,0,0,0,0,0.171,21.111111111,25.555555556
1,0.641,0.718,1,0.535,0,0,0,0,0,0,0.0683,21.111111111,25.555555556
1,0.609,0.823,1,0.667,0.632,0.767,0.0135,0.254,0.0167,0,0.171,21.111111111,25.555555556
1,0.557,0.703,0.995,0.703,0,0.167,0,0,0.95,0,0.0341,21.111111111,25.555555556
1,0.553,0.128,0.561,0.176,0,0,0,0,0,0,0,21.111111111,25.555555556
1,0.565,0.0162,0.421,0.0502,0,0,0,0,0,0,0,21.111111111,25.555555556
1,0.565,0.0162,0.421,0.0502,0,0,0,0,0,0,0,21.111111111,25.555555556
1,0.565,0.0162,0.421,0.0502,0,0,0,0,0,0,0,21.111111111,25.555555556
1,0.565,0.0162,0.421,0.0502,0,0,0,0,0,0,0,21.111111111,25.555555556
1,0.565,0.0162,0.421,0.0502,0,0,0,0,0,0,0,21.111111111,25.555555556
1,0.565,0.0162,0.421,0.0502,0,0,0,0,0,0,0,21.111111111,25.555555556
0.992,0.556,0.0225,0.493,0.0831,0,0,0,0,0,0,0,21.111111111,25.555555556
0.5,0.565,0.0162,0.421,0.0502,0,0,0,0,0,0,0,21.111111111,25.555555556
0.5,0.558,0.0385,0.421,0.139,0,0,0,0,0,0,0.595,21.111111111,26.666666667
0.5,0.555,0.0672,0.421,0.219,0,0,0,0,0,0,0.157,21.111111111,26.666666667
0.5,0.555,0.0769,0.421,0.211,0,0,0,0,0,0,0.277,21.111111111,26.666666667
0.242,0.56,0.0484,0.421,0.126,0,0,0,0,0,0,0.301,21.111111111,26.666666667
0,0.565,0.0162,0.421,0.0502,0,0,0,0,0,0,0,21.111111111,26.666666667
0,0.565,0.0162,0.421,0.0502,0,0,0,0,0,0,0,21.111111111,26.666666667
0,0.565,0.0162,0.421,0.0502,0,0,0,0,0,0,0,21.111111111,26.666666667
0.25,0.56,0.0644,0.421,0.121,0,0,0,0,0,0.767,0.102,21.111111111,26.666666667
0.25,0.566,0.0708,0.421,0.121,0,0,0,0,0,0.417,0.137,21.111111111,25.555555556
0.00833,0.565,0.0191,0.421,0.0528,0,0,0,0,0,0,0.0341,21.111111111,25.555555556
0.5,0.608,0.204,0.487,0.209,0,0,0,0,0,0.233,0.137,21.111111111,25.555555556
0.5,0.611,0.275,0.678,0.239,0,0,0,0,0,0,0.0683,21.111111111,25.555555556
0.5,0.603,0.367,0.711,0.292,0,0,0,0,0,0,0.496,21.111111111,25.555555556
0.5,0.587,0.419,0.711,0.359,0,0,0,0,0,0,0.0341,21.111111111,25.555555556
0.883,0.556,0.613,0.928,0.621,0,0,0,0,0,0,0,21.111111111,25.555555556
1,0.559,0.0701,0.489,0.111,0,0,0,0,0,0,0,21.111111111,25.555555556
1,0.565,0.0162,0.421,0.0502,0,0,0,0,0,0,0,21.111111111,25.555555556
1,0.565,0.0162,0.421,0.0502,0,0,0,0,0,0,0,21.111111111,25.555555556
1,0.565,0.0162,0.421,0.0502,0,0,0,0,0,0,0,21.111111111,25.555555556
1,0.539,0.0167,0.571,0.0502,0,0,0,0,0,0.467,0.0522,21.111111111,25.555555556
0.75,0.553,0.0162,0.489,0.0502,0,0,0,0,0,0,0.127,21.111111111,25.555555556
1,0.564,0.0164,0.426,0.0509,0,0,0,0,0,0,0.0182,21.111111111,25.555555556
0.867,0.529,0.0254,0.633,0.0807,0,0,0,0,0,0,0.335,21.111111111,25.555555556
0.5,0.56,0.0263,0.421,0.0964,0,0,0,0,0,0,0.0341,21.111111111,25.555555556
0.5,0.55,0.0568,0.421,0.223,0,0,0,0,0,0,0.102,21.111111111,26.666666667
0.5,0.562,0.0274,0.421,0.0902,0,0,0,0,0,0,0.0683,21.111111111,26.666666667
0.367,0.565,0.0162,0.421,0.0502,0,0,0,0,0,0,0,21.111111111,26.666666667
0,0.565,0.0162,0.421,0.0502,0,0,0,0,0,0,0,21.111111111,26.666666667
0,0.565,0.0162,0.421,0.0502,0,0,0,0,0,0,0,21.111111111,26.666666667
0,0.565,0.0162,0.421,0.0502,0,0,0,0,0,0,0,21.111111111,26.666666667
0,0.565,0.0162,0.421,0.0502,0,0,0,0,0,0,0,21.111111111,26.666666667
0,0.565,0.0162,0.421,0.0502,0,0,0,0,0,0,0,21.111111111,26.666666667
0,0.565,0.0162,0.421,0.0502,0,0,0,0,0,0,0,21.111111111,25.555555556
0.00833,0.565,0.0191,0.421,0.0528,0,0,0,0,0,0,0.0341,21.111111111,25.555555556
0.508,0.609,0.208,0.491,0.212,0,0,0,0,0,0.0167,0.205,21.111111111,25.555555556
1,0.658,0.534,0.936,0.429,0,0,0,0,0,0.217,0.137,21.111111111,25.555555556
1,0.613,0.444,0.778,0.345,0,0,0,0,0,0,0.0683,21.111111111,25.555555556
1,0.587,0.419,0.711,0.359,0,0,0,0,0,0,0.0341,21.111111111,25.555555556
1,0.561,0.362,0.711,0.379,0,0,0,0,0,0,0.0341,21.111111111,25.555555556
1,0.536,0.211,0.711,0.267,0,0,0,0,0,0,0,21.111111111,25.555555556
1,0.52,0.0953,0.711,0.135,0,0,0,0,0,0,0,21.111111111,25.555555556
1,0.529,0.0414,0.633,0.0779,0,0,0,0,0,0,0.205,21.111111111,25.555555556
1,0.565,0.0162,0.421,0.0502,0,0,0,0,0,0,0,21.111111111,25.555555556
1,0.565,0.0162,0.421,0.0502,0,0,0,0,0,0,0,21.111111111,25.555555556
0.875,0.552,0.0162,0.493,0.0502,0,0,0,0,0,0,0.155,21.111111111,25.555555556
1,0.551,0.0196,0.498,0.0613,0,0,0,0,0,0,0.0683,21.111111111,25.555555556
0.742,0.541,0.0223,0.561,0.0703,0,0,0,0,0,0,0.171,21.111111111,25.555555556
0.5,0.565,0.0162,0.421,0.0502,0,0,0,0,0,0,0,21.111111111,25.555555556
0.5,0.562,0.0291,0.421,0.0959,0,0,0,0,0,0,0.207,21.111111111,26.666666667
0.367,0.557,0.0516,0.421,0.176,0,0,0,0,0,0,0.172,21.111111111,26.666666667
0,0.565,0.0162,0.421,0.0502,0,0,0,0,0,0,0.166,21.111111111,26.666666667
0,0.565,0.0162,0.421,0.0502,0,0,0,0,0,0,0,21.111111111,26.666666667
0,0.565,0.0162,0.421,0.0502,0,0,0,0,0,0,0,21.111111111,26.666666667
0,0.565,0.0162,0.421,0.0502,0,0,0,0,0,0,0,21.111111111,26.666666667
0.00833,0.564,0.0178,0.421,0.0526,0,0,0,0,0,0,0,21.111111111,26.666666667
0.117,0.562,0.0387,0.421,0.0832,0,0,0,0,0,0,0,21.111111111,26.666666667
0.00833,0.565,0.0185,0.421,0.0526,0,0,0,0,0,0,0,21.111111111,25.555555556
0.5,0.592,0.163,0.421,0.197,0,0,0,0,0,0.233,0.239,21.111111111,25.555555556
0.5,0.608,0.204,0.487,0.209,0,0,0,0,0,0,0.41,21.111111111,25.555555556
0.5,0.611,0.275,0.678,0.239,0,0,0,0,0,0,0,21.111111111,25.555555556
0.758,0.621,0.559,0.86,0.426,0,0,0,0,0,0,0.211,21.111111111,25.555555556
1,0.609,0.823,1,0.667,0,0,0,0,0,0,0.338,21.111111111,25.555555556
1,0.557,0.707,1,0.708,0,0,0,0,0,0,0.0897,21.111111111,25.555555556
1,0.542,0.239,0.701,0.301,0,0,0,0,0,0,0.176,21.111111111,25.555555556
1,0.565,0.0168,0.421,0.0502,0,0,0,0,0,0,0,21.111111111,25.555555556
1,0.565,0.0185,0.421,0.0502,0,0,0,0,0,0,0,21.111111111,25.555555556
1,0.565,0.0185,0.421,0.0502,0,0,0,0,0,0,0,21.111111111,25.555555556
1,0.565,0.0185,0.421,0.0502,0,0,0,0,0,0,0,21.111111111,25.555555556
1,0.565,0.0185,0.421,0.0502,0,0,0,0,0,0,0,21.111111111,25.555555556
1,0.565,0.0185,0.421,0.0502,0,0,0,0,0,0,0,21.111111111,25.555555556
1,0.565,0.0185,0.421,0.0502,0,0,0,0,0,0,0,21.111111111,25.555555556
1,0.565,0.0185,0.421,0.0502,0,0,0,0,0,0,0,21.111111111,25.555555556
0.742,0.558,0.0478,0.421,0.139,0,0,0,0,0,0.267,0.364,21.111111111,25.555555556
0.633,0.552,0.124,0.421,0.263,0,0,0,0,0,0.667,0.623,21.111111111,25.555555556
1,0.545,0.227,0.421,0.373,0,0,0,0,0,0,0.37,21.111111111,25.555555556
1,0.545,0.264,0.421,0.36,0,0,0,0,0,0,0.289,21.111111111,25.555555556
0.867,0.547,0.25,0.421,0.307,0,0,0,0,0,0,0.451,21.111111111,25.555555556
0.5,0.555,0.168,0.421,0.193,0,0,0,0,0,0,0.116,21.111111111,25.555555556
0.633,0.552,0.247,0.421,0.229,0,0,0,0,0,0,0.331,21.111111111,25.555555556
1,0.552,0.42,0.421,0.333,0,0,0,0,0,0,0.289,21.111111111,25.555555556
1,0.581,0.457,0.421,0.335,0,0,0,0,0,0,0.37,21.111111111,25.555555556
1,0.62,0.478,0.421,0.343,0,0,0,0,0,0,0.218,21.111111111,25.555555556
1,0.652,0.513,0.552,0.368,0,0,0,0,0,0,0.417,21.111111111,25.555555556
1,0.658,0.625,0.936,0.429,0,0,0,0,0,0,0.19,21.111111111,25.555555556
1,0.641,0.794,1,0.535,0,0,0,0,0,0,0.423,21.111111111,25.555555556
1,0.593,0.548,0.778,0.427,0,0,0,0,0,0,0,21.111111111,25.555555556
1,0.561,0.38,0.711,0.379,0,0,0,0,0,0,0,21.111111111,25.555555556
1,0.536,0.231,0.711,0.267,0,0,0,0,0,0,0,21.111111111,25.555555556
1,0.52,0.11,0.711,0.135,0,0,0,0,0,0,0,21.111111111,25.555555556
1,0.516,0.0531,0.711,0.0812,0,0,0,0,0,0,0.102,21.111111111,25.555555556
1,0.516,0.0315,0.711,0.0595,0,0,0,0,0,0,0,21.111111111,25.555555556
1,0.516,0.0218,0.711,0.0502,0,0,0,0,0,0,0.0683,21.111111111,25.555555556
1,0.529,0.0185,0.633,0.0502,0,0,0,0,0,0,0.171,21.111111111,25.555555556
1,0.565,0.0185,0.421,0.0502,0,0,0,0,0,0,0,21.111111111,25.555555556
1,0.555,0.0234,0.498,0.0853,0,0,0,0,0,0,0,21.111111111,25.555555556
1,0.534,0.0427,0.633,0.193,0,0,0,0,0,0,0.0341,21.111111111,25.555555556
1,0.55,0.0673,0.421,0.223,0,0,0,0,0,0,0.137,21.111111111,25.555555556
1,0.555,0.0979,0.421,0.219,0.638,0.767,0,0,0,0,0,21.111111111,25.555555556
1,0.552,0.155,0.421,0.253,0.671,0.4,0,0,0,0,0.0341,21.111111111,25.555555556
1,0.545,0.264,0.421,0.36,0.738,0,0,0,0,0,0.0683,21.111111111,25.555555556
1,0.545,0.288,0.421,0.345,0.595,0,0,0,0,0.267,0,21.111111111,25.555555556
1,0.545,0.318,0.421,0.335,0,0,0,0,0,0.2,0.0683,21.111111111,25.555555556
1,0.545,0.372,0.421,0.333,0,0,0,0,0,0,0.649,21.111111111,25.555555556
1,0.552,0.42,0.421,0.333,0,0,0,0,0,0,0.0341,21.111111111,25.555555556
1,0.581,0.457,0.421,0.335,0,0,0,0,0,0,0.0341,21.111111111,25.555555556
1,0.62,0.478,0.421,0.343,0,0,0,0,0,0,0,21.111111111,25.555555556
1,0.652,0.513,0.552,0.368,0,0,0,0,0,0,0.0683,21.111111111,25.555555556
1,0.658,0.625,0.936,0.429,0,0,0,0,0,0,0.0341,21.111111111,25.555555556
1,0.641,0.794,1,0.535,0,0,0,0,0,0,0,21.111111111,25.555555556
1,0.609,0.873,1,0.667,0,0,0,0,0,0,0.0183,21.111111111,25.555555556
0.75,0.568,0.512,0.778,0.485,0,0,0,0,0,0,0.11,21.111111111,25.555555556
1,0.536,0.231,0.711,0.267,0,0,0,0,0,0,0,21.111111111,25.555555556
1,0.521,0.107,0.706,0.134,0,0,0,0,0,0,0.0341,21.111111111,25.555555556
1,0.565,0.0162,0.421,0.0502,0,0,0,0,0,0,0,21.111111111,25.555555556
1,0.565,0.0162,0.421,0.0502,0,0,0,0,0,0,0,21.111111111,25.555555556
1,0.565,0.0162,0.421,0.0502,0,0,0,0,0,0,0,21.111111111,25.555555556
1,0.565,0.0162,0.421,0.0502,0,0,0,0,0,0,0,21.111111111,25.555555556
1,0.565,0.0162,0.421,0.0502,0,0,0,0,0,0,0,21.111111111,25.555555556
1,0.555,0.0229,0.498,0.0853,0,0,0,0,0,0,0.178,21.111111111,25.555555556
0.75,0.547,0.029,0.561,0.117,0,0,0,0,0,0,0.0526,21.111111111,25.555555556
1,0.55,0.0568,0.421,0.223,0,0,0,0,0,0,0.558,21.111111111,26.666666667
1,0.552,0.0828,0.421,0.263,0,0,0,0,0,0,0.186,21.111111111,26.666666667
1,0.545,0.138,0.421,0.373,0,0,0,0,0,0,0.0341,21.111111111,26.666666667
0.867,0.547,0.134,0.421,0.32,0,0,0,0,0,0,0.0514,21.111111111,26.666666667
0.5,0.555,0.0921,0.421,0.197,0,0,0,0,0,0,0.441,21.111111111,26.666666667
0.242,0.56,0.0545,0.421,0.119,0,0,0,0,0,0,0.0341,21.111111111,26.666666667
0.258,0.559,0.0646,0.421,0.123,0,0,0,0,0,0,0.171,21.111111111,26.666666667
0.492,0.558,0.114,0.421,0.189,0,0,0,0,0,0,0.171,21.111111111,26.666666667
0,0.565,0.0162,0.421,0.0502,0,0,0,0,0,0,0,21.111111111,25.555555556
0,0.565,0.0162,0.421,0.0502,0,0,0,0,0,0,0,21.111111111,25.555555556
0,0.565,0.0162,0.421,0.0502,0,0,0,0,0,0,0,21.111111111,25.555555556
0.133,0.576,0.104,0.498,0.11,0,0,0.281,0.271,0,0,0.0341,21.111111111,25.555555556
0.883,0.632,0.641,0.932,0.482,0,0,0.473,0.492,0.517,0,0.0848,21.111111111,25.555555556
1,0.593,0.515,0.778,0.427,0,0,0,0,0.45,0,0.205,21.111111111,25.555555556
1,0.567,0.3,0.633,0.31,0,0,0,0,0,0,0,21.111111111,25.555555556
1,0.565,0.0162,0.421,0.0502,0,0,0,0,0,0,0,21.111111111,25.555555556
1,0.565,0.0162,0.421,0.0502,0,0,0,0,0,0,0,21.111111111,25.555555556
1,0.565,0.0162,0.421,0.0502,0,0,0,0,0,0,0,21.111111111,25.555555556
1,0.565,0.0162,0.421,0.0502,0,0,0,0,0,0,0,21.111111111,25.555555556
1,0.565,0.0162,0.421,0.0502,0,0,0,0,0,0,0,21.111111111,25.555555556
1,0.565,0.0162,0.421,0.0502,0,0,0,0,0,0,0,21.111111111,25.555555556
1,0.565,0.0162,0.421,0.0502,0,0,0,0,0,0,0,21.111111111,25.555555556
1,0.565,0.0162,0.421,0.0502,0,0,0,0,0,0,0,21.111111111,25.555555556
1,0.542,0.0389,0.566,0.162,0,0,0,0,0,0,0.563,21.111111111,25.555555556
0.617,0.55,0.0568,0.421,0.223,0,0,0,0,0,0,0.359,21.111111111,26.666666667
0.117,0.562,0.0274,0.421,0.0902,0,0,0,0,0,0,0.0341,21.111111111,26.666666667
0,0.565,0.0162,0.421,0.0502,0,0,0,0,0,0,0,21.111111111,26.666666667
0,0.565,0.0162,0.421,0.0502,0,0,0,0,0,0,0,21.111111111,26.666666667
0,0.565,0.0162,0.421,0.0502,0,0,0,0,0,0,0,21.111111111,26.666666667
0,0.565,0.0162,0.421,0.0502,0,0,0,0,0,0,0,21.111111111,26.666666667
0,0.565,0.0162,0.421,0.0502,0,0,0,0,0,0,0,21.111111111,26.666666667
0,0.565,0.0162,0.421,0.0502,0,0,0,0,0,0,0,21.111111111,26.666666667
0,0.565,0.0162,0.421,0.0502,0,0,0,0,0,0,0,21.111111111,25.555555556
0.383,0.587,0.131,0.421,0.163,0,0,0,0,0,0,0.249,21.111111111,25.555555556
0.5,0.608,0.204,0.487,0.209,0.27,0.267,0,0,0,0,0.0341,21.111111111,25.555555556
0.633,0.622,0.363,0.756,0.299,0.738,0.667,0,0,0,0.267,0.0341,21.111111111,25.555555556
1,0.613,0.444,0.778,0.345,0.712,0,0.43,0.763,0.0167,0.433,0.171,21.111111111,25.555555556
1,0.587,0.419,0.711,0.359,0,0,0.555,0,1,0,0.0341,21.111111111,25.555555556
1,0.561,0.362,0.711,0.379,0,0,0.459,0,0.183,0,0,21.111111111,25.555555556
1,0.536,0.211,0.711,0.267,0,0,0.495,0,0,0,0,21.111111111,25.555555556
1,0.555,0.0384,0.489,0.0739,0,0,0.0541,0,0,0,0,21.111111111,25.555555556
1,0.565,0.0162,0.421,0.0502,0,0,0,0,0,0,0,21.111111111,25.555555556
1,0.565,0.0162,0.421,0.0502,0,0,0,0,0,0,0,21.111111111,25.555555556
1,0.565,0.0162,0.421,0.0502,0,0,0,0,0,0,0,21.111111111,25.555555556
1,0.565,0.0162,0.421,0.0502,0,0,0,0,0,0,0,21.111111111,25.555555556
1,0.551,0.0196,0.498,0.0613,0,0,0,0,0,0,0.334,21.111111111,25.555555556
1,0.519,0.0322,0.711,0.116,0,0,0,0,0,0,0.295,21.111111111,25.555555556
0.617,0.556,0.0221,0.489,0.0809,0,0,0,0,0,0,0,21.111111111,25.555555556
0.5,0.562,0.0291,0.421,0.0959,0,0,0,0,0,0.267,0.0683,21.111111111,26.666666667
0.5,0.555,0.0672,0.421,0.219,0,0,0,0,0,0.667,0.239,21.111111111,26.666666667
0.367,0.557,0.0591,0.421,0.17,0,0,0,0,0,0,0.273,21.111111111,26.666666667
0,0.565,0.0162,0.421,0.0502,0,0,0,0,0,0,0,21.111111111,26.666666667
0,0.565,0.0162,0.421,0.0502,0,0,0,0,0,0,0,21.111111111,26.666666667
0,0.565,0.0162,0.421,0.0502,0,0,0,0,0,0,0,21.111111111,26.666666667
0,0.565,0.0162,0.421,0.0502,0,0,0,0,0,0,0,21.111111111,26.666666667
0,0.565,0.0162,0.421,0.0502,0,0,0,0,0,0,0,21.111111111,26.666666667
0,0.565,0.0162,0.421,0.0502,0,0,0,0,0,0,0,21.111111111,25.555555556
0,0.565,0.0162,0.421,0.0502,0,0,0,0,0,0,0,21.111111111,25.555555556
0.00833,0.565,0.0201,0.425,0.0532,0,0,0,0,0,0,0,21.111111111,25.555555556
0.242,0.588,0.129,0.54,0.136,0,0,0,0,0,0,0.0683,21.111111111,25.555555556
0.133,0.572,0.125,0.498,0.128,0.104,0.0167,0,0,0,0,0.0341,21.111111111,25.555555556
0.758,0.595,0.625,0.86,0.526,0.539,1,0.0736,0.508,0.267,0.467,0.0341,21.111111111,25.555555556
1,0.563,0.646,0.923,0.639,0,0.15,0,0,0.7,0,0,21.111111111,25.555555556
1,0.536,0.211,0.711,0.267,0,0,0,0,0,0,0.042,21.111111111,25.555555556
1,0.533,0.0861,0.633,0.125,0,0,0,0,0,0,0.393,21.111111111,25.555555556
1,0.565,0.0162,0.421,0.0502,0,0,0,0,0,0,0,21.111111111,25.555555556
1,0.565,0.0162,0.421,0.0502,0,0,0,0,0,0,0,21.111111111,25.555555556
1,0.565,0.0162,0.421,0.0502,0,0,0,0,0,0,0,21.111111111,25.555555556
1,0.551,0.0174,0.498,0.0505,0,0,0,0,0,0,0,21.111111111,25.555555556
0.742,0.541,0.0184,0.561,0.0506,0,0,0,0,0,0,0.0341,21.111111111,25.555555556
0.633,0.555,0.0229,0.498,0.0853,0,0,0,0,0,0,0.0341,21.111111111,25.555555556
1,0.512,0.0675,0.778,0.304,0,0,0,0,0,0.0167,0.333,21.111111111,25.555555556
0.867,0.538,0.0846,0.421,0.349,0,0,0,0,0,0.45,0.364,21.111111111,26.666666667
0.5,0.555,0.0672,0.421,0.219,0,0,0,0,0,0,0.0341,21.111111111,26.666666667
0.117,0.562,0.0299,0.421,0.0882,0,0,0,0,0,0,0,21.111111111,26.666666667
0,0.565,0.0162,0.421,0.0502,0,0,0,0,0,0,0,21.111111111,26.666666667
0.383,0.557,0.0746,0.421,0.163,0,0,0,0,0,0.767,0,21.111111111,26.666666667
0.5,0.555,0.0985,0.421,0.193,0,0,0,0,0,0.65,0.0683,21.111111111,26.666666667
0.5,0.555,0.108,0.421,0.191,0,0,0,0,0,0,0.273,21.111111111,26.666666667
0.5,0.558,0.116,0.421,0.191,0,0,0,0,0,0,0.102,21.111111111,26.666666667
0.367,0.567,0.0962,0.421,0.154,0,0,0,0,0,0,0.0683,21.111111111,25.555555556
0,0.565,0.0162,0.421,0.0502,0,0,0,0,0,0,0,21.111111111,25.555555556
0.517,0.611,0.226,0.552,0.221,0,0,0,0,0,0,0.0683,21.111111111,25.555555556
1,0.658,0.534,0.936,0.429,0,0,0,0,0,0,0,21.111111111,25.555555556
1,0.641,0.718,1,0.535,0,0,0,0,0,0,0,21.111111111,25.555555556
1,0.609,0.823,1,0.667,0,0,0.0713,0.0169,0,0,0,21.111111111,25.555555556
1,0.557,0.707,1,0.708,0,0,0.547,0.237,0.767,0,0,21.111111111,25.555555556
1,0.508,0.406,1,0.484,0,0,0.233,0,0.2,0,0,21.111111111,25.555555556
1,0.502,0.156,0.846,0.199,0,0,0,0,0,0,0,21.111111111,25.555555556
1,0.565,0.0162,0.421,0.0502,0,0,0,0,0,0,0,21.111111111,25.555555556
1,0.565,0.0162,0.421,0.0502,0,0,0,0,0,0,0,21.111111111,25.555555556
1,0.565,0.0162,0.421,0.0502,0,0,0,0,0,0,0,21.111111111,25.555555556
1,0.565,0.0162,0.421,0.0502,0,0,0,0,0,0,0,21.111111111,25.555555556
1,0.565,0.0162,0.421,0.0502,0,0,0,0,0,0,0,21.111111111,25.555555556
1,0.531,0.0292,0.643,0.106,0,0,0,0,0,0,0.213,21.111111111,25.555555556
0.867,0.538,0.0347,0.633,0.147,0,0,0,0,0,0,0.238,21.111111111,25.555555556
0.5,0.554,0.048,0.421,0.182,0,0,0,0,0,0,0.157,21.111111111,26.666666667
0.5,0.555,0.0672,0.421,0.219,0,0,0,0,0,0,0.363,21.111111111,26.666666667
0.5,0.555,0.0769,0.421,0.211,0,0,0,0,0,0,0.312,21.111111111,26.666666667
0.5,0.555,0.0849,0.421,0.205,0,0,0,0,0,0.233,0.224,21.111111111,26.666666667
0.367,0.557,0.0709,0.421,0.159,0,0,0,0,0,0,0.0341,21.111111111,26.666666667
0,0.565,0.0162,0.421,0.0502,0,0,0,0,0,0,0,21.111111111,26.666666667
0,0.565,0.0162,0.421,0.0502,0,0,0,0,0,0,0,21.111111111,26.666666667
0,0.565,0.0162,0.421,0.0502,0,0,0,0,0,0,0,21.111111111,26.666666667
0.392,0.572,0.11,0.421,0.162,0,0,0,0,0,0,0.291,21.111111111,25.555555556
0.992,0.619,0.307,0.421,0.34,0,0,0,0,0,0,0.29,21.111111111,25.555555556
0.5,0.608,0.204,0.487,0.209,0,0,0,0,0,0,0.171,21.111111111,25.555555556
0.5,0.611,0.275,0.678,0.239,0,0,0,0,0,0,0.102,21.111111111,25.555555556
0.633,0.611,0.476,0.788,0.37,0,0,0,0,0,0,0,21.111111111,25.555555556
1,0.609,0.823,1,0.667,0,0,0,0,0,0,0,21.111111111,25.555555556
1,0.563,0.646,0.923,0.639,0,0,0,0,0,0,0,21.111111111,25.555555556
1,0.548,0.186,0.633,0.24,0,0,0,0,0,0,0,21.111111111,25.555555556
1,0.565,0.0168,0.421,0.0502,0,0,0,0,0,0,0,21.111111111,25.555555556
1,0.565,0.0185,0.421,0.0502,0,0,0,0,0,0,0,21.111111111,25.555555556
1,0.551,0.0197,0.498,0.0502,0,0,0,0,0,0,0.0683,21.111111111,25.555555556
1,0.516,0.0218,0.711,0.0502,0,0,0,0,0,0,0,21.111111111,25.555555556
1,0.529,0.0185,0.633,0.0502,0,0,0,0,0,0,0.102,21.111111111,25.555555556
1,0.565,0.0185,0.421,0.0502,0,0,0,0,0,0,0,21.111111111,25.555555556
1,0.555,0.0234,0.498,0.0853,0,0,0.0818,0.271,0,0,0.0341,21.111111111,25.555555556
1,0.534,0.0427,0.633,0.193,0,0,0.505,0.492,0.517,0,0.0683,21.111111111,25.555555556
1,0.55,0.0673,0.421,0.223,0,0,0.56,0,0.45,0,0.0341,21.111111111,25.555555556
1,0.547,0.16,0.421,0.348,0,0,0.0345,0,0,0.0167,0.204,21.111111111,25.555555556
1,0.545,0.227,0.421,0.373,0,0,0.483,0.254,0.517,0.217,0.273,21.111111111,25.555555556
1,0.545,0.264,0.421,0.36,0,0,0.391,0,0.45,0,0,21.111111111,25.555555556
1,0.545,0.288,0.421,0.345,0,0,0.657,0,0,0,0,21.111111111,25.555555556
1,0.545,0.318,0.421,0.335,0,0,0.423,0,0,0,0.0341,21.111111111,25.555555556
1,0.545,0.372,0.421,0.333,0,0,0.655,0,0,0.233,0.0683,21.111111111,25.555555556
1,0.552,0.42,0.421,0.333,0,0,0.0135,0,0,0,0.0341,21.111111111,25.555555556
1,0.581,0.457,0.421,0.335,0,0,0,0,0,0,0.171,21.111111111,25.555555556
0.617,0.597,0.301,0.421,0.23,0,0,0,0,0,0,0.0341,21.111111111,25.555555556
0.883,0.642,0.458,0.552,0.333,0,0,0,0,0,0,0,21.111111111,25.555555556
1,0.658,0.625,0.936,0.429,0,0,0,0,0,0,0,21.111111111,25.555555556
1,0.641,0.794,1,0.535,0,0,0,0,0,0,0.126,21.111111111,25.555555556
1,0.609,0.873,1,0.667,0,0,0,0,0,0,0.389,21.111111111,25.555555556
1,0.563,0.675,0.923,0.639,0,0,0,0,0,0,0.103,21.111111111,25.555555556
1,0.536,0.231,0.711,0.267,0,0,0,0,0,0,0.161,21.111111111,25.555555556
1,0.555,0.044,0.489,0.0739,0,0,0,0,0,0,0,21.111111111,25.555555556
1,0.565,0.0185,0.421,0.0502,0,0,0,0,0,0,0,21.111111111,25.555555556
1,0.565,0.0185,0.421,0.0502,0,0,0,0,0,0,0,21.111111111,25.555555556
1,0.565,0.0185,0.421,0.0502,0,0,0,0,0,0,0,21.111111111,25.555555556
1,0.565,0.0185,0.421,0.0502,0,0,0,0,0,0,0,21.111111111,25.555555556
1,0.565,0.0185,0.421,0.0502,0,0,0,0,0,0,0,21.111111111,25.555555556
1,0.565,0.0185,0.421,0.0502,0,0,0,0,0,0,0,21.111111111,25.555555556
1,0.565,0.0185,0.421,0.0502,0,0,0,0,0,0,0,21.111111111,25.555555556
1,0.565,0.0185,0.421,0.0502,0,0,0,0,0,0,0,21.111111111,25.555555556
1,0.557,0.0893,0.421,0.18,0,0,0,0,0,0.233,0.225,21.111111111,25.555555556
1,0.545,0.227,0.421,0.373,0,0,0,0,0,0,0.274,21.111111111,25.555555556
0.867,0.547,0.229,0.421,0.32,0,0,0,0,0,0,0.0712,21.111111111,25.555555556
0.5,0.555,0.153,0.421,0.197,0,0,0,0,0,0,0.325,21.111111111,25.555555556
0.633,0.552,0.214,0.421,0.23,0,0,0,0,0,0.267,0.171,21.111111111,25.555555556
0.742,0.55,0.277,0.421,0.26,0,0,0,0,0,0.433,0.0341,21.111111111,25.555555556
0.758,0.556,0.326,0.421,0.264,0,0,0,0,0,0,0.171,21.111111111,25.555555556
1,0.581,0.457,0.421,0.335,0,0,0,0,0,0,0.137,21.111111111,25.555555556
1,0.62,0.478,0.421,0.343,0,0,0,0,0,0,0,21.111111111,25.555555556
1,0.652,0.513,0.552,0.368,0,0,0,0,0,0.767,0,21.111111111,25.555555556
0.867,0.647,0.527,0.858,0.369,0,0,0,0,0,1,0.273,21.111111111,25.555555556
0.5,0.603,0.406,0.711,0.292,0,0,0,0,0,1,0.0341,21.111111111,25.555555556
0.5,0.587,0.446,0.711,0.359,0,0,0,0,0,0.533,0.0683,21.111111111,25.555555556
0.5,0.561,0.38,0.711,0.379,0,0,0,0,0,0,0,21.111111111,25.555555556
0.508,0.536,0.231,0.711,0.267,0,0,0,0,0,0,0,21.111111111,25.555555556
1,0.533,0.0979,0.633,0.125,0,0,0,0,0,0,0,21.111111111,25.555555556
1,0.565,0.0162,0.421,0.0502,0,0,0,0,0,0,0,21.111111111,25.555555556
1,0.565,0.0162,0.421,0.0502,0,0,0,0,0,0,0,21.111111111,25.555555556
1,0.565,0.0162,0.421,0.0502,0,0,0,0,0,0,0,21.111111111,25.555555556
1,0.565,0.0162,0.421,0.0502,0,0,0,0,0,0,0,21.111111111,25.555555556
1,0.565,0.0162,0.421,0.0502,0,0,0,0,0,0,0,21.111111111,25.555555556
1,0.555,0.0229,0.498,0.0853,0,0,0,0,0,0,0.0341,21.111111111,25.555555556
0.867,0.516,0.0574,0.778,0.258,0,0,0,0,0,0,0.407,21.111111111,25.555555556
0.492,0.55,0.056,0.421,0.22,0,0,0,0,0,0,0.558,21.111111111,26.666666667
0,0.565,0.0162,0.421,0.0502,0,0,0,0,0,0,0,21.111111111,26.666666667
0,0.565,0.0162,0.421,0.0502,0,0,0,0,0,0,0,21.111111111,26.666666667
0,0.565,0.0162,0.421,0.0502,0,0,0,0,0,0,0,21.111111111,26.666666667
0,0.565,0.0162,0.421,0.0502,0,0,0,0,0,0,0,21.111111111,26.666666667
0,0.565,0.0162,0.421,0.0502,0,0,0,0,0,0,0,21.111111111,26.666666667
0,0.565,0.0162,0.421,0.0502,0,0,0,0,0,0,0,21.111111111,26.666666667
0,0.565,0.0162,0.421,0.0502,0,0,0,0,0,0,0,21.111111111,26.666666667
0,0.565,0.0162,0.421,0.0502,0,0,0,0,0,0,0,21.111111111,25.555555556
0,0.565,0.0162,0.421,0.0502,0,0,0,0,0,0,0,21.111111111,25.555555556
0.133,0.577,0.0784,0.487,0.0973,0,0,0,0,0,0,0.0341,21.111111111,25.555555556
0.508,0.612,0.281,0.683,0.243,0,0,0,0,0,0,0.341,21.111111111,25.555555556
1,0.641,0.711,0.995,0.53,0,0,0,0,0,0,0.137,21.111111111,25.555555556
1,0.587,0.419,0.711,0.359,0,0,0,0,0,0,0.121,21.111111111,25.555555556
1,0.566,0.203,0.561,0.221,0,0,0,0,0,0,0,21.111111111,25.555555556
1,0.565,0.0162,0.421,0.0502,0,0,0,0,0,0,0,21.111111111,25.555555556
1,0.565,0.0162,0.421,0.0502,0,0,0,0,0,0,0,21.111111111,25.555555556
1,0.565,0.0162,0.421,0.0502,0,0,0,0,0,0,0,21.111111111,25.555555556
1,0.565,0.0162,0.421,0.0502,0,0,0,0,0,0,0,21.111111111,25.555555556
1,0.565,0.0162,0.421,0.0502,0,0,0,0,0,0,0,21.111111111,25.555555556
1,0.565,0.0162,0.421,0.0502,0,0,0,0,0,0,0,21.111111111,25.555555556
1,0.565,0.0162,0.421,0.0502,0,0,0,0,0,0,0,21.111111111,25.555555556
1,0.555,0.0229,0.498,0.0853,0,0,0,0,0,0,0.119,21.111111111,25.555555556
1,0.534,0.0448,0.633,0.193,0,0,0,0,0,0,0.221,21.111111111,25.555555556
1,0.539,0.0886,0.421,0.355,0,0,0,0,0,0.233,0.337,21.111111111,26.666666667
1,0.545,0.118,0.421,0.388,0,0,0,0,0,0,0.212,21.111111111,26.666666667
1,0.545,0.138,0.421,0.373,0,0,0,0,0,0,0.321,21.111111111,26.666666667
1,0.545,0.154,0.421,0.36,0,0,0,0,0,0,0.103,21.111111111,26.666666667
0.617,0.552,0.109,0.421,0.232,0,0,0,0,0,0,0.597,21.111111111,26.666666667
0.492,0.555,0.097,0.421,0.19,0,0,0,0,0,0,0.215,21.111111111,26.666666667
0,0.565,0.0162,0.421,0.0502,0,0,0,0,0,0,0,21.111111111,26.666666667
0,0.565,0.0162,0.421,0.0502,0,0,0,0,0,0,0,21.111111111,26.666666667
0,0.565,0.0162,0.421,0.0502,0,0,0,0,0,0,0,21.111111111,25.555555556
0,0.565,0.0162,0.421,0.0502,0,0,0,0,0,0,0,21.111111111,25.555555556
0.392,0.599,0.168,0.491,0.177,0,0,0,0,0,0,0.102,21.111111111,25.555555556
1,0.658,0.534,0.936,0.429,0.487,0.233,0,0,0,0,0.155,21.111111111,25.555555556
1,0.641,0.718,1,0.535,0.17,0,0,0,0,0,0.256,21.111111111,25.555555556
1,0.593,0.515,0.778,0.427,0,0,0,0,0,0,0.147,21.111111111,25.555555556
1,0.559,0.164,0.561,0.198,0,0,0,0,0,0,0,21.111111111,25.555555556
1,0.565,0.0162,0.421,0.0502,0,0,0,0,0,0,0,21.111111111,25.555555556
1,0.565,0.0162,0.421,0.0502,0,0,0,0,0,0,0,21.111111111,25.555555556
1,0.565,0.0162,0.421,0.0502,0,0,0,0,0,0,0,21.111111111,25.555555556
1,0.565,0.0162,0.421,0.0502,0,0,0,0,0,0,0,21.111111111,25.555555556
1,0.565,0.0162,0.421,0.0502,0,0,0,0,0,0,0,21.111111111,25.555555556
1,0.565,0.0162,0.421,0.0502,0,0,0,0,0,0,0,21.111111111,25.555555556
1,0.565,0.0162,0.421,0.0502,0,0,0,0,0,0,0,21.111111111,25.555555556
1,0.531,0.0292,0.643,0.106,0,0,0,0,0,0.467,0.273,21.111111111,25.555555556
1,0.529,0.0549,0.633,0.239,0,0,0,0,0,0,0.428,21.111111111,25.555555556
0.617,0.546,0.0657,0.421,0.263,0,0,0,0,0,0,0.173,21.111111111,26.666666667
0.5,0.555,0.0672,0.421,0.219,0,0,0,0,0,0,0.127,21.111111111,26.666666667
0.5,0.555,0.0769,0.421,0.211,0,0,0,0,0,0,0.508,21.111111111,26.666666667
0.5,0.555,0.0849,0.421,0.205,0,0,0,0,0,0,0.714,21.111111111,26.666666667
0.367,0.557,0.0709,0.421,0.159,0,0,0,0,0,0,0.111,21.111111111,26.666666667
0,0.565,0.0162,0.421,0.0502,0,0,0,0,0,0,0,21.111111111,26.666666667
0,0.565,0.0162,0.421,0.0502,0,0,0,0,0,0,0,21.111111111,26.666666667
0,0.565,0.0162,0.421,0.0502,0,0,0,0,0,0,0,21.111111111,26.666666667
0,0.565,0.0162,0.421,0.0502,0,0,0,0,0,0,0,21.111111111,25.555555556
0,0.565,0.0162,0.421,0.0502,0,0,0,0,0,0,0,21.111111111,25.555555556
0,0.565,0.0162,0.421,0.0502,0,0,0,0,0,0,0,21.111111111,25.555555556
0.00833,0.565,0.0217,0.426,0.054,0,0,0,0,0,0,0,21.111111111,25.555555556
0.5,0.603,0.367,0.711,0.292,0,0,0,0,0,0,0.102,21.111111111,25.555555556
0.758,0.595,0.625,0.86,0.526,0,0,0,0,0,0,0.149,21.111111111,25.555555556
1,0.563,0.646,0.923,0.639,0,0,0,0,0,0,0.546,21.111111111,25.555555556
1,0.553,0.128,0.561,0.176,0,0,0,0,0,0,0.316,21.111111111,25.555555556
1,0.565,0.0162,0.421,0.0502,0,0,0,0,0,0,0.159,21.111111111,25.555555556
1,0.565,0.0162,0.421,0.0502,0,0,0,0,0,0,0,21.111111111,25.555555556
1,0.565,0.0162,0.421,0.0502,0,0,0,0,0,0,0,21.111111111,25.555555556
1,0.565,0.0162,0.421,0.0502,0,0,0,0,0,0,0,21.111111111,25.555555556
1,0.565,0.0162,0.421,0.0502,0,0,0,0,0,0,0,21.111111111,25.555555556
1,0.565,0.0162,0.421,0.0502,0,0,0,0,0,0,0,21.111111111,25.555555556
1,0.555,0.0229,0.498,0.0853,0,0,0,0,0,0.233,0.0852,21.111111111,25.555555556
1,0.534,0.0448,0.633,0.193,0,0,0,0,0,0,0.268,21.111111111,25.555555556
1,0.539,0.0886,0.421,0.355,0,0,0,0,0,0.233,0.456,21.111111111,26.666666667
0.617,0.552,0.0784,0.421,0.259,0,0,0,0,0,0.767,0,21.111111111,26.666666667
0.492,0.555,0.0758,0.421,0.209,0,0,0,0,0,0.417,0.0683,21.111111111,26.666666667
0,0.565,0.0162,0.421,0.0502,0,0,0,0,0,0,0,21.111111111,26.666666667
0,0.565,0.0162,0.421,0.0502,0,0,0,0,0,0,0,21.111111111,26.666666667
0,0.565,0.0162,0.421,0.0502,0,0,0,0,0,0,0,21.111111111,26.666666667
0,0.565,0.0162,0.421,0.0502,0,0,0,0,0,0,0,21.111111111,26.666666667
0,0.565,0.0162,0.421,0.0502,0,0,0,0,0,0,0,21.111111111,26.666666667
0.383,0.572,0.108,0.421,0.159,0,0,0,0,0,0,0.15,21.111111111,25.555555556
0.875,0.614,0.275,0.421,0.307,0,0,0,0,0,0,0.224,21.111111111,25.555555556
0.5,0.608,0.204,0.487,0.209,0,0,0,0,0,0,0.475,21.111111111,25.555555556
0.5,0.611,0.275,0.678,0.239,0,0,0,0,0,0,0.312,21.111111111,25.555555556
0.758,0.621,0.552,0.855,0.421,0,0,0,0,0,0,0.174,21.111111111,25.555555556
1,0.587,0.419,0.711,0.359,0,0,0,0,0,0,0.396,21.111111111,25.555555556
1,0.561,0.362,0.711,0.379,0,0,0,0,0,0,0.098,21.111111111,25.555555556
1,0.553,0.128,0.561,0.176,0,0,0,0,0,0,0,21.111111111,25.555555556
1,0.565,0.0162,0.421,0.0502,0,0,0,0,0,0,0,21.111111111,25.555555556
1,0.565,0.0162,0.421,0.0502,0,0,0,0,0,0,0,21.111111111,25.555555556
1,0.565,0.0162,0.421,0.0502,0,0,0,0,0,0,0,21.111111111,25.555555556
1,0.565,0.0162,0.421,0.0502,0,0,0,0,0,0,0,21.111111111,25.555555556
1,0.565,0.0162,0.421,0.0502,0,0,0,0,0,0,0,21.111111111,25.555555556
0.992,0.552,0.0193,0.493,0.0606,0,0,0,0,0,0,0.239,21.111111111,25.555555556
0.5,0.531,0.0292,0.643,0.106,0,0,0,0,0,0,0.137,21.111111111,25.555555556
0.5,0.534,0.0448,0.633,0.193,0,0,0,0,0,0,0.273,21.111111111,25.555555556
0.5,0.55,0.0568,0.421,0.223,0,0,0,0,0,0.467,0.14,21.111111111,26.666666667
0.5,0.555,0.0672,0.421,0.219,0,0,0,0,0,0,0.216,21.111111111,26.666666667
0.5,0.555,0.0769,0.421,0.211,0,0,0,0,0,0,0.344,21.111111111,26.666666667
0.5,0.555,0.0849,0.421,0.205,0,0,0,0,0,0,0.363,21.111111111,26.666666667
0.5,0.555,0.0921,0.421,0.197,0,0,0,0,0,0,0.0922,21.111111111,26.666666667
0.5,0.555,0.0985,0.421,0.193,0,0,0,0,0,0,0.115,21.111111111,26.666666667
0.367,0.557,0.0827,0.421,0.154,0,0,0,0,0,0,0.193,21.111111111,26.666666667
0,0.565,0.0162,0.421,0.0502,0,0,0,0,0,0,0,21.111111111,26.666666667
0,0.565,0.0162,0.421,0.0502,0,0,0,0,0,0,0,21.111111111,25.555555556
0.00833,0.565,0.0191,0.421,0.0528,0,0,0,0,0,0,0.0182,21.111111111,25.555555556
0.242,0.585,0.0989,0.421,0.124,0,0,0,0,0,0,0.109,21.111111111,25.555555556
0.133,0.576,0.104,0.498,0.11,0,0,0,0,0,0,0.0341,21.111111111,25.555555556
0.883,0.632,0.641,0.932,0.482,0,0,0,0,0,0,0.0341,21.111111111,25.555555556
1,0.609,0.823,1,0.667,0,0,0,0,0,0,0,21.111111111,25.555555556
1,0.557,0.707,1,0.708,0,0,0,0,0,0,0.239,21.111111111,25.555555556
1,0.52,0.379,0.918,0.456,0,0,0,0,0,0,0,21.111111111,25.555555556
1,0.565,0.0168,0.421,0.0502,0,0,0,0,0,0,0,21.111111111,25.555555556
1,0.565,0.0185,0.421,0.0502,0,0,0,0,0,0,0,21.111111111,25.555555556
1,0.565,0.0185,0.421,0.0502,0,0,0,0,0,0,0,21.111111111,25.555555556
1,0.564,0.0185,0.426,0.0502,0,0,0,0,0,0.0167,0,21.111111111,25.555555556
1,0.529,0.0185,0.633,0.0502,0,0,0,0,0,0.217,0.0683,21.111111111,25.555555556
1,0.565,0.0185,0.421,0.0502,0,0,0,0,0,0,0,21.111111111,25.555555556
1,0.565,0.0185,0.421,0.0502,0,0,0,0,0,0,0,21.111111111,25.555555556
1,0.56,0.0292,0.421,0.0964,0,0,0,0,0,0,0.0341,21.111111111,25.555555556
1,0.55,0.0673,0.421,0.223,0,0,0,0,0,0,0.0341,21.111111111,25.555555556
1,0.555,0.0979,0.421,0.219,0,0,0,0,0,0,0.0683,21.111111111,25.555555556
1,0.552,0.155,0.421,0.253,0,0,0,0,0,0,0,21.111111111,25.555555556
1,0.545,0.264,0.421,0.36,0,0,0,0,0,0,0.137,21.111111111,25.555555556
0.867,0.547,0.25,0.421,0.307,0,0,0,0,0,0,0,21.111111111,25.555555556
0.633,0.552,0.214,0.421,0.23,0,0,0,0,0,0,0.205,21.111111111,25.555555556
1,0.545,0.372,0.421,0.333,0,0,0,0,0,0,0.0683,21.111111111,25.555555556
1,0.552,0.42,0.421,0.333,0,0,0,0,0,0,0.137,21.111111111,25.555555556
0.617,0.573,0.288,0.421,0.226,0,0,0,0,0,0,0.0341,21.111111111,25.555555556
0.5,0.592,0.248,0.421,0.197,0,0,0,0,0,0,0.0341,21.111111111,25.555555556
0.5,0.608,0.266,0.487,0.209,0,0,0,0,0,0,0.0341,21.111111111,25.555555556
0.5,0.611,0.322,0.678,0.239,0,0,0,0,0,0,0.0341,21.111111111,25.555555556
0.5,0.603,0.406,0.711,0.292,0,0,0,0,0,0.233,0.0341,21.111111111,25.555555556
0.508,0.587,0.453,0.715,0.365,0,0,0,0,0,0,0,21.111111111,25.555555556
1,0.557,0.742,1,0.708,0,0,0,0,0,0,0,21.111111111,25.555555556
1,0.542,0.261,0.701,0.301,0,0,0,0,0,0,0,21.111111111,25.555555556
1,0.565,0.0185,0.421,0.0502,0,0,0,0,0,0,0,21.111111111,25.555555556
1,0.565,0.0185,0.421,0.0502,0,0,0,0,0,0,0,21.111111111,25.555555556
1,0.565,0.0185,0.421,0.0502,0,0,0,0,0,0,0,21.111111111,25.555555556
1,0.565,0.0185,0.421,0.0502,0,0,0,0,0,0,0,21.111111111,25.555555556
1,0.565,0.0185,0.421,0.0502,0,0,0,0,0,0,0,21.111111111,25.555555556
1,0.551,0.0204,0.498,0.0611,0,0,0,0,0,0,0,21.111111111,25.555555556
1,0.524,0.0342,0.711,0.159,0,0,0,0,0,0,0.0683,21.111111111,25.555555556
1,0.542,0.0537,0.489,0.211,0,0,0.0495,0.0169,0,0,0,21.111111111,25.555555556
1,0.551,0.0836,0.421,0.219,0,0,0.712,0.508,0.5,0,0.0683,21.111111111,25.555555556
1,0.553,0.111,0.421,0.211,0,0,0.489,0,0.65,0,0.0341,21.111111111,25.555555556
1,0.553,0.134,0.421,0.205,0,0,0.32,0,0,0,0.0341,21.111111111,25.555555556
1,0.543,0.25,0.421,0.308,0,0,0.764,0,0,0.233,0.0683,21.111111111,25.555555556
1,0.541,0.299,0.421,0.331,0,0,0.453,0,0,0,0.0341,21.111111111,25.555555556
1,0.541,0.347,0.421,0.326,0,0,0.408,0,0,0,0.102,21.111111111,25.555555556
1,0.541,0.398,0.421,0.325,0,0,0.474,0,0,0,0.205,21.111111111,25.555555556
0.875,0.56,0.388,0.421,0.291,0,0,0.657,0,0,0,0,21.111111111,25.555555556
0.742,0.586,0.352,0.421,0.257,0,0,0.219,0,0,0,0.402,21.111111111,25.555555556
0.5,0.6,0.253,0.421,0.197,0,0,0,0,0,0,0.301,21.111111111,25.555555556
0.5,0.609,0.288,0.609,0.216,0,0,0,0,0,0,0.448,21.111111111,25.555555556
0.5,0.606,0.368,0.7,0.257,0,0,0,0,0,0,0.178,21.111111111,25.555555556
0.5,0.594,0.441,0.711,0.319,0,0,0,0,0,0,0,21.111111111,25.555555556
0.5,0.571,0.43,0.711,0.383,0,0,0,0,0,0,0.0576,21.111111111,25.555555556
0.5,0.546,0.305,0.711,0.329,0,0,0,0,0,0,0,21.111111111,25.555555556
0.5,0.525,0.161,0.711,0.188,0,0,0,0,0,0,0,21.111111111,25.555555556
0.75,0.554,0.0434,0.489,0.0739,0,0,0,0,0,0,0,21.111111111,25.555555556
0.5,0.565,0.0162,0.421,0.0502,0,0,0,0,0,0,0,21.111111111,25.555555556
0.5,0.565,0.0162,0.421,0.0502,0,0,0,0,0,0,0,21.111111111,25.555555556
0.5,0.565,0.0162,0.421,0.0502,0,0,0,0,0,0,0,21.111111111,25.555555556
0.867,0.565,0.0162,0.421,0.0502,0,0,0,0,0,0,0,21.111111111,25.555555556
1,0.565,0.0162,0.421,0.0502,0,0,0,0,0,0,0,21.111111111,25.555555556
1,0.565,0.0162,0.421,0.0502,0,0,0,0,0,0,0,21.111111111,25.555555556
1,0.538,0.0719,0.421,0.301,0,0,0,0,0,0,0.484,21.111111111,25.555555556
1,0.537,0.107,0.421,0.388,0,0,0,0,0,0,1,21.111111111,26.666666667
0.267,0.558,0.042,0.421,0.14,0,0,0,0,0,0,0.285,21.111111111,26.666666667
0,0.565,0.0162,0.421,0.0502,0,0,0,0,0,0,0,21.111111111,26.666666667
0,0.565,0.0162,0.421,0.0502,0,0,0,0,0,0,0,21.111111111,26.666666667
0,0.565,0.0162,0.421,0.0502,0,0,0,0,0,0,0,21.111111111,26.666666667
0,0.565,0.0162,0.421,0.0502,0,0,0,0,0,0,0,21.111111111,26.666666667
0,0.565,0.0162,0.421,0.0502,0,0,0,0,0,0,0,21.111111111,26.666666667
0,0.565,0.0162,0.421,0.0502,0,0,0,0,0,0,0,21.111111111,26.666666667
0,0.565,0.0162,0.421,0.0502,0,0,0,0,0,0,0,21.111111111,25.555555556
0,0.565,0.0162,0.421,0.0502,0,0,0,0,0,0,0,21.111111111,25.555555556
0.367,0.598,0.188,0.601,0.176,0,0,0,0,0,0,0.0341,21.111111111,25.555555556
0.5,0.606,0.321,0.699,0.255,0,0,0,0,0,0,0.239,21.111111111,25.555555556
0.742,0.608,0.604,0.85,0.455,0,0,0,0,0,0,0.0341,21.111111111,25.555555556
1,0.58,0.805,1,0.712,0,0,0,0,0,0,0.102,21.111111111,25.555555556
1,0.547,0.393,0.788,0.424,0,0,0,0,0,0,0,21.111111111,25.555555556
1,0.536,0.126,0.643,0.169,0,0,0,0,0,0,0.171,21.111111111,25.555555556
0.767,0.565,0.0162,0.421,0.0502,0,0,0,0,0,0,0,21.111111111,25.555555556
1,0.565,0.0162,0.421,0.0502,0,0,0,0,0,0,0,21.111111111,25.555555556
1,0.565,0.0162,0.421,0.0502,0,0,0,0,0,0,0,21.111111111,25.555555556
1,0.565,0.0162,0.421,0.0502,0,0,0,0,0,0,0,21.111111111,25.555555556
1,0.527,0.0196,0.633,0.0507,0,0,0,0,0,0,0.277,21.111111111,25.555555556
1,0.514,0.0267,0.711,0.0804,0,0,0,0,0,0,0.275,21.111111111,25.555555556
1,0.515,0.0441,0.778,0.186,0,0,0.0991,0.237,0,0,0.117,21.111111111,25.555555556
0.633,0.531,0.0576,0.575,0.245,0,0,0.662,0.288,0.683,0,0.0683,21.111111111,25.555555556
0.5,0.551,0.0618,0.421,0.219,0,0,0.431,0,0,0,0.0683,21.111111111,26.666666667
0.5,0.553,0.0722,0.421,0.211,0,0,0.311,0,0,0,0.14,21.111111111,26.666666667
0.5,0.553,0.0809,0.421,0.205,0,0,0,0,0,0,0.233,21.111111111,26.666666667
0.5,0.553,0.0889,0.421,0.197,0,0,0,0,0,0,0.469,21.111111111,26.666666667
0.00833,0.564,0.0174,0.421,0.0527,0,0,0,0,0,0,0,21.111111111,26.666666667
0,0.565,0.0162,0.421,0.0502,0,0,0,0,0,0,0,21.111111111,26.666666667
0,0.565,0.0162,0.421,0.0502,0,0,0,0,0,0,0,21.111111111,26.666666667
0.492,0.562,0.121,0.421,0.186,0,0,0,0,0,0,0.0341,21.111111111,26.666666667
0.00833,0.565,0.018,0.421,0.0525,0,0,0,0,0,0,0,21.111111111,25.555555556
0.367,0.594,0.142,0.421,0.159,0,0,0,0,0,0,0.0683,21.111111111,25.555555556
0.5,0.609,0.234,0.601,0.215,0,0,0,0,0,0,0.102,21.111111111,25.555555556
0.992,0.646,0.622,0.973,0.458,0,0,0,0,0,0.467,0.205,21.111111111,25.555555556
1,0.625,0.794,1,0.584,0,0,0,0,0,0,0,21.111111111,25.555555556
1,0.58,0.805,1,0.712,0,0,0,0,0,0,0,21.111111111,25.555555556
1,0.529,0.563,1,0.613,0,0,0.514,1,0,0,0,21.111111111,25.555555556
1,0.519,0.21,0.788,0.262,0,0,0.614,0.322,0.683,0,0,21.111111111,25.555555556
1,0.539,0.0509,0.575,0.0873,0,0,0.2,0,0.233,0,0,21.111111111,25.555555556
1,0.514,0.0347,0.711,0.0695,0,0,0.476,0,0,0,0.0341,21.111111111,25.555555556
1,0.514,0.0212,0.711,0.0536,0,0,0.536,0,0,0,0,21.111111111,25.555555556
1,0.514,0.0168,0.711,0.0502,0,0,0.0826,0,0,0,0,21.111111111,25.555555556
1,0.551,0.0162,0.498,0.0502,0,0,0,0,0,0,0,21.111111111,25.555555556
1,0.553,0.0192,0.489,0.0598,0,0,0,0,0,0,0.226,21.111111111,25.555555556
1,0.496,0.0567,0.923,0.251,0,0,0,0,0,0,0.226,21.111111111,25.555555556
1,0.518,0.0854,0.575,0.37,0,0,0,0,0,0,0.329,21.111111111,25.555555556
0.883,0.54,0.0961,0.421,0.349,0,0,0,0,0,0,0.44,21.111111111,26.666666667
0.5,0.553,0.0722,0.421,0.211,0,0,0,0,0,0,0.248,21.111111111,26.666666667
0.5,0.553,0.0809,0.421,0.205,0,0,0,0,0,0,0.188,21.111111111,26.666666667
0.992,0.541,0.161,0.421,0.342,0,0,0,0,0,0.233,0.227,21.111111111,26.666666667
0.633,0.549,0.114,0.421,0.23,0,0,0,0,0,0,0.149,21.111111111,26.666666667
0.5,0.553,0.104,0.421,0.188,0,0,0,0,0,0,0.703,21.111111111,26.666666667
0.383,0.555,0.0889,0.421,0.156,0,0,0,0,0,0,0.2,21.111111111,26.666666667
0,0.565,0.0162,0.421,0.0502,0,0,0,0,0,0,0,21.111111111,26.666666667
0.367,0.575,0.11,0.421,0.152,0,0,0,0,0,0.233,0.273,21.111111111,25.555555556
0.5,0.599,0.179,0.421,0.196,0,0,0,0,0,0,0.0341,21.111111111,25.555555556
0.5,0.609,0.234,0.601,0.215,0,0,0,0,0,0,0,21.111111111,25.555555556
0.75,0.627,0.462,0.833,0.352,0,0,0,0,0,0,0.25,21.111111111,25.555555556
0.5,0.595,0.405,0.711,0.317,0,0,0,0,0,0,0.0954,21.111111111,25.555555556
0.992,0.58,0.798,0.995,0.708,0,0,0,0,0,0.233,0,21.111111111,25.555555556
1,0.529,0.563,1,0.613,0.248,0.217,0,0,0,0,0,21.111111111,25.555555556
1,0.507,0.235,0.865,0.289,0.239,0,0,0,0,0,0.0935,21.111111111,25.555555556
1,0.541,0.0323,0.556,0.0678,0,0,0.0556,0,0,0,0,21.111111111,25.555555556
1,0.565,0.0162,0.421,0.0502,0,0,0,0,0,0,0,21.111111111,25.555555556
1,0.565,0.0162,0.421,0.0502,0,0,0,0,0,0,0,21.111111111,25.555555556
1,0.565,0.0162,0.421,0.0502,0,0,0,0,0,0,0,21.111111111,25.555555556
1,0.565,0.0162,0.421,0.0502,0,0,0,0,0,0,0,21.111111111,25.555555556
1,0.565,0.0162,0.421,0.0502,0,0,0,0,0,0,0,21.111111111,25.555555556
1,0.537,0.0348,0.633,0.145,0,0,0,0,0,0,0.32,21.111111111,25.555555556
1,0.541,0.0508,0.498,0.21,0,0,0,0,0,0.233,0.223,21.111111111,25.555555556
1,0.551,0.0618,0.421,0.219,0,0,0,0,0,0,0.137,21.111111111,26.666666667
0.633,0.561,0.0291,0.421,0.095,0,0,0,0,0,0,0,21.111111111,26.666666667
0.5,0.565,0.0162,0.421,0.0502,0,0,0,0,0,0,0,21.111111111,26.666666667
0.5,0.562,0.0337,0.421,0.084,0,0,0,0,0,0,0.0341,21.111111111,26.666666667
0.258,0.558,0.056,0.421,0.124,0,0,0,0,0,0,0.0683,21.111111111,26.666666667
0,0.565,0.0162,0.421,0.0502,0,0,0,0,0,0,0,21.111111111,26.666666667
0,0.565,0.0162,0.421,0.0502,0,0,0,0,0,0,0,21.111111111,26.666666667
0,0.565,0.0162,0.421,0.0502,0,0,0,0,0,0,0,21.111111111,26.666666667
0,0.565,0.0162,0.421,0.0502,0,0,0,0,0,0,0,21.111111111,25.555555556
0,0.565,0.0162,0.421,0.0502,0,0,0,0,0,0,0,21.111111111,25.555555556
0.242,0.587,0.129,0.54,0.133,0,0,0,0,0,0,0.182,21.111111111,25.555555556
0.5,0.606,0.321,0.699,0.255,0,0,0,0,0,0,0.612,21.111111111,25.555555556
0.742,0.608,0.604,0.85,0.455,0,0,0,0,0,0,0.516,21.111111111,25.555555556
1,0.58,0.805,1,0.712,0,0,0,0,0,0,0.343,21.111111111,25.555555556
1,0.547,0.393,0.788,0.424,0,0,0,0,0,0,0.165,21.111111111,25.555555556
1,0.526,0.148,0.711,0.193,0,0,0,0,0,0,0.264,21.111111111,25.555555556
1,0.553,0.0417,0.498,0.0773,0,0,0,0,0,0,0,21.111111111,25.555555556
1,0.565,0.0162,0.421,0.0502,0,0,0,0,0,0,0,21.111111111,25.555555556
1,0.565,0.0162,0.421,0.0502,0,0,0,0,0,0,0,21.111111111,25.555555556
1,0.565,0.0162,0.421,0.0502,0,0,0,0,0,0,0,21.111111111,25.555555556
1,0.553,0.0173,0.489,0.0504,0,0,0,0,0,0,0.172,21.111111111,25.555555556
1,0.514,0.0267,0.711,0.0804,0,0,0,0,0,0,0.313,21.111111111,25.555555556
0.758,0.542,0.0259,0.571,0.0935,0,0,0,0,0,0,0.286,21.111111111,25.555555556
0.867,0.547,0.0529,0.421,0.215,0,0,0,0,0,0,0.239,21.111111111,25.555555556
1,0.537,0.107,0.421,0.388,0,0,0,0,0,0,0.312,21.111111111,26.666666667
0.508,0.552,0.073,0.421,0.214,0,0,0,0,0,0,0,21.111111111,26.666666667
0.617,0.55,0.0965,0.421,0.24,0,0,0,0,0,0,0.0683,21.111111111,26.666666667
0.758,0.546,0.125,0.421,0.274,0,0,0,0,0,0,0.187,21.111111111,26.666666667
0.5,0.553,0.0945,0.421,0.191,0,0,0,0,0,0,0.205,21.111111111,26.666666667
0.00833,0.564,0.0175,0.421,0.0526,0,0,0,0,0,0,0,21.111111111,26.666666667
0,0.565,0.0162,0.421,0.0502,0,0,0,0,0,0,0,21.111111111,26.666666667
0,0.565,0.0162,0.421,0.0502,0,0,0,0,0,0,0,21.111111111,26.666666667
0.367,0.579,0.118,0.421,0.153,0,0,0,0,0,0,0.137,21.111111111,25.555555556
0.5,0.599,0.179,0.421,0.196,0,0,0,0,0,0,0.171,21.111111111,25.555555556
0.867,0.643,0.405,0.781,0.341,0,0,0.0135,0.237,0,0.233,0.137,21.111111111,25.555555556
1,0.647,0.626,0.977,0.46,0,0,0.299,0.288,0.717,0,0,21.111111111,25.555555556
1,0.625,0.794,1,0.584,0,0,0.632,0,0.2,0,0,21.111111111,25.555555556
1,0.579,0.52,0.788,0.457,0,0,0.156,0,0,0,0.0683,21.111111111,25.555555556
1,0.547,0.29,0.711,0.332,0,0,0,0,0,0,0,21.111111111,25.555555556
1,0.536,0.126,0.643,0.169,0,0,0,0,0,0,0,21.111111111,25.555555556
1,0.565,0.0168,0.421,0.0502,0,0,0,0,0,0,0,21.111111111,25.555555556
1,0.565,0.0185,0.421,0.0502,0,0,0,0,0,0,0,21.111111111,25.555555556
1,0.565,0.0185,0.421,0.0502,0,0,0,0,0,0,0,21.111111111,25.555555556
1,0.565,0.0185,0.421,0.0502,0,0,0,0,0,0,0,21.111111111,25.555555556
1,0.565,0.0185,0.421,0.0502,0,0,0,0,0,0,0,21.111111111,25.555555556
1,0.565,0.0185,0.421,0.0502,0,0,0,0,0,0,0,21.111111111,25.555555556
1,0.536,0.0326,0.643,0.15,0,0,0,0,0,0.467,0.184,21.111111111,25.555555556
1,0.542,0.0537,0.489,0.211,0,0,0,0,0,0,0.0341,21.111111111,25.555555556
1,0.551,0.0836,0.421,0.219,0,0,0,0,0,0,0.205,21.111111111,25.555555556
1,0.543,0.187,0.421,0.333,0,0,0,0,0,0.767,0.0341,21.111111111,25.555555556
1,0.541,0.249,0.421,0.359,0,0,0,0,0,0.4,0.154,21.111111111,25.555555556
1,0.541,0.278,0.421,0.344,0,0,0,0,0,0,0.314,21.111111111,25.555555556
1,0.541,0.299,0.421,0.331,0,0,0,0,0,0,0.102,21.111111111,25.555555556
1,0.541,0.347,0.421,0.326,0,0,0,0,0,0,0.0341,21.111111111,25.555555556
0.625,0.55,0.252,0.421,0.222,0,0,0,0,0,0,0.0341,21.111111111,25.555555556
1,0.56,0.442,0.421,0.326,0,0,0.228,0.254,0.0167,0,0.375,21.111111111,25.555555556
0.617,0.581,0.295,0.421,0.222,0,0,0.00901,0,1,0,0.0683,21.111111111,25.555555556
0.508,0.6,0.257,0.421,0.199,0,0,0,0,0.133,0.0167,0.0341,21.111111111,25.555555556
1,0.654,0.558,0.798,0.382,0,0,0,0,0,0.217,0,21.111111111,25.555555556
1,0.647,0.718,0.98,0.463,0,0,0,0,0,0,0.0341,21.111111111,25.555555556
0.625,0.604,0.535,0.783,0.375,0,0,0,0,0,0,0.0341,21.111111111,25.555555556
1,0.578,0.841,1,0.717,0,0,0,0,0,0,0.0181,21.111111111,25.555555556
1,0.527,0.588,0.995,0.603,0,0,0,0,0,0,0.254,21.111111111,25.555555556
1,0.537,0.132,0.633,0.161,0,0,0,0,0,0,0,21.111111111,25.555555556
1,0.565,0.0185,0.421,0.0502,0,0,0,0,0,0,0,21.111111111,25.555555556
1,0.565,0.0185,0.421,0.0502,0,0,0,0,0,0,0,21.111111111,25.555555556
1,0.565,0.0185,0.421,0.0502,0,0,0,0,0,0,0,21.111111111,25.555555556
1,0.565,0.0185,0.421,0.0502,0,0,0,0,0,0,0,21.111111111,25.555555556
1,0.565,0.0185,0.421,0.0502,0,0,0,0,0,0,0,21.111111111,25.555555556
1,0.565,0.0185,0.421,0.0502,0,0,0,0,0,0,0,21.111111111,25.555555556
0.992,0.555,0.0231,0.493,0.0827,0,0,0,0,0,0,0.0341,21.111111111,25.555555556
0.5,0.565,0.0185,0.421,0.0502,0,0,0,0,0,0,0,21.111111111,25.555555556
0.633,0.561,0.0379,0.421,0.095,0,0,0,0,0,0,0,21.111111111,25.555555556
0.992,0.544,0.186,0.421,0.33,0,0,0.392,0.254,0.267,0,0.0341,21.111111111,25.555555556
0.5,0.553,0.134,0.421,0.205,0,0,0.625,0,0.417,0.233,0.137,21.111111111,25.555555556
0.5,0.553,0.148,0.421,0.197,0,0,0,0,0,0,0.0683,21.111111111,25.555555556
0.5,0.553,0.159,0.421,0.191,0,0,0,0,0,0.233,0.0341,21.111111111,25.555555556
0.5,0.553,0.183,0.421,0.188,0,0,0,0,0,0,0.0683,21.111111111,25.555555556
0.883,0.543,0.359,0.421,0.293,0,0,0,0,0,0,0.0341,21.111111111,25.555555556
1,0.56,0.442,0.421,0.326,0,0,0,0,0,0,0.0341,21.111111111,25.555555556
1,0.596,0.469,0.421,0.329,0,0,0,0,0,0,0.225,21.111111111,25.555555556
0.867,0.624,0.424,0.421,0.303,0,0,0,0,0,0,0.267,21.111111111,25.555555556
0.5,0.609,0.288,0.609,0.216,0,0,0,0,0,0,0.0341,21.111111111,25.555555556
0.758,0.626,0.56,0.85,0.369,0,0,0,0,0,0,0.0341,21.111111111,25.555555556
1,0.624,0.863,1,0.588,0.326,0.267,0,0,0,0,0,21.111111111,25.555555556
1,0.578,0.841,1,0.717,0.746,0.183,0,0,0,0,0,21.111111111,25.555555556
1,0.527,0.592,1,0.607,0.516,0,0,0,0,0,0.312,21.111111111,25.555555556
1,0.519,0.22,0.778,0.248,0.795,0,0,0,0,0,0.121,21.111111111,25.555555556
1,0.541,0.0527,0.566,0.0839,0.103,0,0,0,0,0,0,21.111111111,25.555555556
1,0.565,0.0162,0.421,0.0502,0,0,0,0,0,0,0,21.111111111,25.555555556
1,0.565,0.0162,0.421,0.0502,0,0,0,0,0,0,0,21.111111111,25.555555556
1,0.565,0.0162,0.421,0.0502,0,0,0,0,0,0,0,21.111111111,25.555555556
1,0.565,0.0162,0.421,0.0502,0,0,0,0,0,0,0,21.111111111,25.555555556
1,0.565,0.0162,0.421,0.0502,0,0,0,0,0,0,0,21.111111111,25.555555556
1,0.509,0.0533,0.846,0.24,0,0,0,0,0,0.233,0.256,21.111111111,25.555555556
0.392,0.54,0.0392,0.575,0.162,0,0,0,0,0,0,0.0341,21.111111111,25.555555556
0,0.565,0.0162,0.421,0.0502,0,0,0,0,0,0,0,21.111111111,26.666666667
0,0.565,0.0162,0.421,0.0502,0,0,0,0,0,0,0,21.111111111,26.666666667
0,0.565,0.0162,0.421,0.0502,0,0,0,0,0,0,0,21.111111111,26.666666667
0,0.565,0.0162,0.421,0.0502,0,0,0,0,0,0,0,21.111111111,26.666666667
0,0.565,0.0162,0.421,0.0502,0,0,0,0,0,0,0,21.111111111,26.666666667
0,0.565,0.0162,0.421,0.0502,0,0,0,0,0,0,0,21.111111111,26.666666667
0,0.565,0.0162,0.421,0.0502,0,0,0,0,0,0,0,21.111111111,26.666666667
0,0.565,0.0162,0.421,0.0502,0,0,0,0,0,0,0,21.111111111,26.666666667
0.242,0.574,0.083,0.421,0.118,0,0,0,0,0,0,0.0341,21.111111111,25.555555556
0.5,0.599,0.179,0.421,0.196,0,0,0,0,0,0,0.102,21.111111111,25.555555556
0.5,0.609,0.234,0.601,0.215,0,0,0,0,0,0,0.273,21.111111111,25.555555556
0.742,0.616,0.404,0.771,0.31,0,0,0,0,0,0,0.171,21.111111111,25.555555556
1,0.595,0.405,0.711,0.317,0,0,0,0,0,0,0.0683,21.111111111,25.555555556
1,0.572,0.41,0.711,0.381,0,0,0,0,0,0,0.0683,21.111111111,25.555555556
1,0.547,0.29,0.711,0.332,0,0,0,0,0,0,0,21.111111111,25.555555556
1,0.526,0.148,0.711,0.193,0,0,0,0,0,0,0.0341,21.111111111,25.555555556
1,0.552,0.0259,0.493,0.0607,0,0,0,0,0,0,0,21.111111111,25.555555556
1,0.565,0.0162,0.421,0.0502,0,0,0,0,0,0,0,21.111111111,25.555555556
1,0.565,0.0162,0.421,0.0502,0,0,0,0,0,0,0,21.111111111,25.555555556
1,0.565,0.0162,0.421,0.0502,0,0,0,0,0,0,0,21.111111111,25.555555556
1,0.527,0.0196,0.633,0.0507,0,0,0,0,0,0,0.0683,21.111111111,25.555555556
0.508,0.564,0.0163,0.426,0.0503,0,0,0,0,0,0,0,21.111111111,25.555555556
0.5,0.556,0.0221,0.489,0.0805,0,0,0,0,0,0,0,21.111111111,25.555555556
0.5,0.541,0.0508,0.498,0.21,0,0,0,0,0,0,0.171,21.111111111,25.555555556
0.5,0.551,0.0618,0.421,0.219,0,0,0,0,0,0,0.234,21.111111111,26.666666667
0.5,0.553,0.0722,0.421,0.211,0,0,0,0,0,0,0.056,21.111111111,26.666666667
0.383,0.555,0.0653,0.421,0.169,0,0,0,0,0,0,0.309,21.111111111,26.666666667
0,0.565,0.0162,0.421,0.0502,0,0,0,0,0,0,0,21.111111111,26.666666667
0,0.565,0.0162,0.421,0.0502,0,0,0,0,0,0,0,21.111111111,26.666666667
0.367,0.556,0.083,0.421,0.151,0,0,0,0,0,0,0.0341,21.111111111,26.666666667
0.5,0.553,0.111,0.421,0.188,0,0,0,0,0,0,0.239,21.111111111,26.666666667
0.625,0.562,0.0967,0.421,0.156,0,0,0,0,0,0,0.137,21.111111111,26.666666667
0.5,0.565,0.0162,0.421,0.0502,0,0,0,0,0,0,0,21.111111111,25.555555556
0.5,0.565,0.0162,0.421,0.0502,0,0,0,0,0,0,0,21.111111111,25.555555556
0.5,0.598,0.188,0.601,0.176,0,0,0,0,0,0,0.137,21.111111111,25.555555556
0.742,0.625,0.481,0.839,0.36,0,0,0,0,0,0,0.0683,21.111111111,25.555555556
1,0.625,0.794,1,0.584,0,0,0,0,0,0,0.0683,21.111111111,25.555555556
1,0.58,0.805,1,0.712,0,0,0,0,0,0,0,21.111111111,25.555555556
1,0.529,0.563,1,0.613,0,0,0,0,0,0,0.157,21.111111111,25.555555556
1,0.507,0.235,0.865,0.289,0,0,0,0,0,0,0.14,21.111111111,25.555555556
1,0.565,0.0162,0.421,0.0502,0,0,0,0,0,0,0,21.111111111,25.555555556
1,0.565,0.0162,0.421,0.0502,0,0,0,0,0,0,0,21.111111111,25.555555556
1,0.565,0.0162,0.421,0.0502,0,0,0,0,0,0,0,21.111111111,25.555555556
1,0.565,0.0162,0.421,0.0502,0,0,0,0,0,0,0,21.111111111,25.555555556
1,0.565,0.0162,0.421,0.0502,0,0,0,0,0,0,0,21.111111111,25.555555556
1,0.565,0.0162,0.421,0.0502,0,0,0,0,0,0,0,21.111111111,25.555555556
1,0.565,0.0162,0.421,0.0502,0,0,0,0,0,0,0,21.111111111,25.555555556
1,0.565,0.0162,0.421,0.0502,0,0,0,0,0,0,0,21.111111111,25.555555556
1,0.565,0.0162,0.421,0.0502,0,0,0,0,0,0,0,21.111111111,26.666666667
1,0.556,0.0593,0.421,0.167,0,0,0,0,0,0,0.0683,21.111111111,26.666666667
1,0.553,0.0809,0.421,0.205,0,0,0,0,0,0,0.0683,21.111111111,26.666666667
1,0.553,0.0889,0.421,0.197,0,0,0,0,0,0,0.077,21.111111111,26.666666667
0.633,0.561,0.0362,0.421,0.0889,0,0,0,0,0,0,0,21.111111111,26.666666667
0.5,0.556,0.083,0.421,0.151,0,0,0,0,0,0.733,0.137,21.111111111,26.666666667
0.5,0.553,0.111,0.421,0.188,0,0,0,0,0,1,0.307,21.111111111,26.666666667
0.00833,0.564,0.0178,0.421,0.0525,0,0,0,0,0,0.133,0,21.111111111,26.666666667
0.492,0.58,0.145,0.421,0.187,0,0,0,0,0,0,0.0683,21.111111111,25.555555556
0.5,0.599,0.179,0.421,0.196,0,0,0,0,0,0,0.248,21.111111111,25.555555556
0.5,0.609,0.234,0.601,0.215,0,0,0,0,0,0,0.0683,21.111111111,25.555555556
0.992,0.617,0.38,0.76,0.298,0,0,0,0,0,0,0.102,21.111111111,25.555555556
1,0.595,0.405,0.711,0.317,0,0,0,0,0,0,0.0341,21.111111111,25.555555556
1,0.572,0.41,0.711,0.381,0,0,0,0,0,0,0,21.111111111,25.555555556
1,0.565,0.12,0.498,0.143,0,0,0,0,0,0,0,21.111111111,25.555555556
1,0.565,0.0162,0.421,0.0502,0,0,0,0,0,0,0,21.111111111,25.555555556
1,0.565,0.0162,0.421,0.0502,0,0,0,0,0,0,0,21.111111111,25.555555556
1,0.565,0.0162,0.421,0.0502,0,0,0,0,0,0,0,21.111111111,25.555555556
1,0.565,0.0162,0.421,0.0502,0,0,0,0,0,0,0,21.111111111,25.555555556
1,0.565,0.0162,0.421,0.0502,0,0,0,0,0,0,0,21.111111111,25.555555556
1,0.565,0.0162,0.421,0.0502,0,0,0,0,0,0,0,21.111111111,25.555555556
1,0.565,0.0162,0.421,0.0502,0,0,0,0,0,0,0,21.111111111,25.555555556
1,0.528,0.0407,0.701,0.176,0,0,0,0,0,0,0.375,21.111111111,25.555555556
0.883,0.522,0.0766,0.575,0.33,0,0,0,0,0,0,0.0688,21.111111111,25.555555556
0.5,0.551,0.0618,0.421,0.219,0,0,0,0,0,0,0.0341,21.111111111,26.666666667
0.5,0.553,0.0722,0.421,0.211,0,0,0,0,0,0,0.0341,21.111111111,26.666666667
0.5,0.553,0.0809,0.421,0.205,0,0,0,0,0,0.233,0.444,21.111111111,26.666666667
0.5,0.553,0.0889,0.421,0.197,0,0,0,0,0,0,0.0341,21.111111111,26.666666667
0.00833,0.564,0.0174,0.421,0.0527,0,0,0,0,0,0,0,21.111111111,26.666666667
0,0.565,0.0162,0.421,0.0502,0,0,0,0,0,0,0,21.111111111,26.666666667
0.242,0.559,0.063,0.421,0.117,0,0,0,0,0,0,0.0683,21.111111111,26.666666667
0.5,0.562,0.122,0.421,0.188,0,0,0,0,0,0,0,21.111111111,26.666666667
0.5,0.58,0.147,0.421,0.19,0,0,0,0,0,0.233,0.102,21.111111111,25.555555556
0.5,0.599,0.179,0.421,0.196,0,0,0,0,0,0,0.0683,21.111111111,25.555555556
0.867,0.643,0.405,0.781,0.341,0,0,0,0,0,0,0.209,21.111111111,25.555555556
1,0.647,0.626,0.977,0.46,0,0,0,0,0,0,0,21.111111111,25.555555556
1,0.625,0.794,1,0.584,0,0,0,0,0,0,0.0683,21.111111111,25.555555556
1,0.573,0.417,0.715,0.386,0,0,0,0,0,0,0,21.111111111,25.555555556
0.633,0.565,0.12,0.498,0.143,0,0,0,0,0,0,0,21.111111111,25.555555556
0.5,0.565,0.0162,0.421,0.0502,0,0,0,0,0,0,0,21.111111111,25.555555556
0.733,0.565,0.0162,0.421,0.0502,0,0,0,0,0,0,0,21.111111111,25.555555556
0.5,0.565,0.0162,0.421,0.0502,0,0,0,0,0,0,0,21.111111111,25.555555556
0.867,0.565,0.0162,0.421,0.0502,0,0,0,0,0,0,0,21.111111111,25.555555556
1,0.565,0.0162,0.421,0.0502,0,0,0,0,0,0,0,21.111111111,25.555555556
1,0.527,0.0196,0.633,0.0507,0,0,0,0,0,0,0.25,21.111111111,25.555555556
1,0.514,0.0267,0.711,0.0804,0,0,0,0,0,0,0.696,21.111111111,25.555555556
0.633,0.523,0.0381,0.711,0.156,0,0,0,0,0,0,0.436,21.111111111,25.555555556
0.5,0.541,0.0508,0.498,0.21,0,0,0,0,0,0,0.407,21.111111111,25.555555556
0.5,0.551,0.0618,0.421,0.219,0,0,0,0,0,0,0,21.111111111,26.666666667
0.383,0.555,0.0585,0.421,0.174,0,0,0,0,0,0,0,21.111111111,26.666666667
0,0.565,0.0162,0.421,0.0502,0,0,0,0,0,0,0,21.111111111,26.666666667
0,0.565,0.0162,0.421,0.0502,0,0,0,0,0,0,0,21.111111111,26.666666667
0.117,0.562,0.0348,0.421,0.0827,0,0,0,0,0,0,0.0341,21.111111111,26.666666667
0.5,0.553,0.104,0.421,0.188,0,0,0,0,0,0,0,21.111111111,26.666666667
0.5,0.553,0.111,0.421,0.188,0,0,0,0,0,0,0,21.111111111,26.666666667
0.5,0.562,0.122,0.421,0.188,0,0,0,0,0,0,0.102,21.111111111,26.666666667
0.5,0.58,0.147,0.421,0.19,0,0,0,0,0,0,0.0341,21.111111111,25.555555556
0.742,0.618,0.262,0.421,0.268,0,0,0,0,0,0.233,0.205,21.111111111,25.555555556
0.883,0.642,0.396,0.724,0.34,0,0,0,0,0,0,0.0341,21.111111111,25.555555556
0.617,0.615,0.398,0.766,0.306,0,0,0,0,0,0,0.0341,21.111111111,25.555555556
1,0.625,0.794,1,0.584,0,0,0,0,0,0,0.0341,21.111111111,25.555555556
1,0.58,0.714,0.932,0.631,0,0,0,0,0,0,0.0341,21.111111111,25.555555556
1,0.547,0.29,0.711,0.332,0,0,0,0,0,0,0,21.111111111,25.555555556
1,0.558,0.078,0.498,0.119,0,0,0,0,0,0,0,21.111111111,25.555555556
0.767,0.565,0.0168,0.421,0.0502,0,0,0,0,0,0,0,21.111111111,25.555555556
1,0.565,0.0185,0.421,0.0502,0,0,0,0,0,0,0,21.111111111,25.555555556
1,0.565,0.0185,0.421,0.0502,0,0,0,0,0,0,0,21.111111111,25.555555556
1,0.565,0.0185,0.421,0.0502,0,0,0,0,0,0,0,21.111111111,25.555555556
1,0.565,0.0185,0.421,0.0502,0,0,0,0,0,0,0,21.111111111,25.555555556
1,0.565,0.0185,0.421,0.0502,0,0,0,0,0,0,0,21.111111111,25.555555556
1,0.536,0.0326,0.643,0.15,0,0,0,0,0,0.233,0,21.111111111,25.555555556
1,0.542,0.0537,0.489,0.211,0,0,0,0,0,0,0.123,21.111111111,25.555555556
1,0.551,0.0836,0.421,0.219,0,0,0,0,0,0,0.0341,21.111111111,25.555555556
0.867,0.556,0.085,0.421,0.169,0,0,0,0,0,0,0.0341,21.111111111,25.555555556
0.5,0.565,0.0185,0.421,0.0502,0,0,0,0,0,0,0,21.111111111,25.555555556
0.5,0.561,0.0539,0.421,0.0889,0,0,0,0,0,0.267,0.0341,21.111111111,25.555555556
0.633,0.549,0.197,0.421,0.228,0,0,0,0,0,0.433,0,21.111111111,25.555555556
1,0.55,0.216,0.421,0.22,0,0,0,0,0,0,0.0683,21.111111111,25.555555556
1,0.543,0.359,0.421,0.293,0,0,0,0,0,0,0.102,21.111111111,25.555555556
1,0.56,0.442,0.421,0.326,0,0,0,0,0,0,0.0341,21.111111111,25.555555556
1,0.596,0.469,0.421,0.329,0,0,0,0,0,0,0.301,21.111111111,25.555555556
1,0.635,0.487,0.421,0.343,0,0,0.0135,0.0169,0,0,0.571,21.111111111,25.555555556
1,0.654,0.558,0.798,0.382,0,0,0.544,0.78,0.233,0,0,21.111111111,25.555555556
1,0.647,0.718,0.98,0.463,0,0,0.0713,0,0.683,0,0.102,21.111111111,25.555555556
1,0.624,0.863,1,0.588,0,0,0,0,0,0,0.102,21.111111111,25.555555556
1,0.578,0.841,1,0.717,0,0,0,0,0,0,0,21.111111111,25.555555556
1,0.527,0.588,0.995,0.603,0,0,0,0,0,0,0.116,21.111111111,25.555555556
1,0.525,0.161,0.711,0.188,0,0,0,0,0,0,0.282,21.111111111,25.555555556
1,0.541,0.0551,0.566,0.0839,0,0,0,0,0,0,0.0325,21.111111111,25.555555556
1,0.514,0.0405,0.711,0.0687,0,0,0,0,0,0,0.0948,21.111111111,25.555555556
1,0.54,0.0234,0.561,0.0532,0,0,0,0,0,0,0.212,21.111111111,25.555555556
1,0.565,0.0185,0.421,0.0502,0,0,0,0,0,0,0,21.111111111,25.555555556
1,0.565,0.0185,0.421,0.0502,0,0,0,0,0,0,0,21.111111111,25.555555556
1,0.565,0.0185,0.421,0.0502,0,0,0,0,0,0,0,21.111111111,25.555555556
1,0.554,0.0234,0.498,0.0848,0,0,0,0,0,0,0.165,21.111111111,25.555555556
1,0.528,0.0846,0.489,0.342,0,0,0,0,0,0,0.232,21.111111111,25.555555556
1,0.538,0.149,0.421,0.388,0,0,0,0,0,0,0.292,21.111111111,25.555555556
1,0.541,0.204,0.421,0.372,0,0,0,0,0,0,0.72,21.111111111,25.555555556
1,0.541,0.249,0.421,0.359,0,0,0,0,0,0,0.114,21.111111111,25.555555556
1,0.541,0.278,0.421,0.344,0,0,0,0,0,0.233,0.58,21.111111111,25.555555556
1,0.541,0.299,0.421,0.331,0.295,0.217,0,0,0,0,0.0683,21.111111111,25.555555556
1,0.541,0.347,0.421,0.326,0.551,0,0,0,0,0,0.0341,21.111111111,25.555555556
1,0.541,0.398,0.421,0.325,0.821,0,0,0,0,0,0.171,21.111111111,25.555555556
1,0.56,0.276,0.421,0.22,0.069,0,0,0,0,0,0,21.111111111,25.555555556
1,0.58,0.244,0.421,0.19,0,0,0,0,0,0,0.0683,21.111111111,25.555555556
1,0.6,0.253,0.421,0.197,0,0,0.556,0.254,0.517,0,0,21.111111111,25.555555556
1,0.609,0.288,0.609,0.216,0,0,0.518,0,0.4,0,0.102,21.111111111,25.555555556
1,0.606,0.368,0.7,0.257,0,0,0.574,0,0,0,0,21.111111111,25.555555556
1,0.594,0.441,0.711,0.319,0,0,0.736,0,0,0,0,21.111111111,25.555555556
1,0.571,0.43,0.711,0.383,0,0,0.386,0,0,0,0,21.111111111,25.555555556
1,0.546,0.305,0.711,0.329,0,0,0.431,0,0,0,0.0683,21.111111111,25.555555556
1,0.525,0.161,0.711,0.188,0,0,0.398,0,0,0,0,21.111111111,25.555555556
1,0.516,0.0728,0.706,0.102,0,0,0.228,0,0,0,0.195,21.111111111,25.555555556
1,0.565,0.0162,0.421,0.0502,0,0,0,0,0,0,0,21.111111111,25.555555556
1,0.527,0.0179,0.633,0.0502,0,0,0,0,0,0.233,0,21.111111111,25.555555556
0.633,0.551,0.0168,0.498,0.0502,0,0,0,0,0,0,0.0341,21.111111111,25.555555556
0.867,0.565,0.0162,0.421,0.0502,0,0,0,0,0,0,0,21.111111111,25.555555556
1,0.54,0.0223,0.561,0.07,0,0,0,0,0,0,0.188,21.111111111,25.555555556
1,0.523,0.0381,0.711,0.156,0,0,0,0,0,0,0.331,21.111111111,25.555555556
1,0.528,0.0787,0.498,0.335,0,0,0,0,0,0,0.155,21.111111111,25.555555556
0.883,0.54,0.0961,0.421,0.349,0,0,0,0,0,0,0.56,21.111111111,26.666666667
0.625,0.55,0.0843,0.421,0.253,0,0,0.446,0.254,0.45,0,0.0341,21.111111111,26.666666667
0.5,0.553,0.0809,0.421,0.205,0,0,0.866,0,0,0,0.0341,21.111111111,26.666666667
0.5,0.553,0.0889,0.421,0.197,0,0,0.471,0,0,0,0.0341,21.111111111,26.666666667
0.5,0.553,0.0945,0.421,0.191,0,0,0.281,0,0,0,0,21.111111111,26.666666667
0.5,0.553,0.104,0.421,0.188,0,0,0.468,0,0,0,0.171,21.111111111,26.666666667
0.5,0.553,0.111,0.421,0.188,0,0,0.467,0,0,0,0.0341,21.111111111,26.666666667
0.5,0.562,0.122,0.421,0.188,0,0,0.596,0,0,0,0.0683,21.111111111,26.666666667
0.75,0.585,0.209,0.421,0.259,0,0,0.641,0,0,0,0,21.111111111,25.555555556
0.5,0.599,0.179,0.421,0.196,0,0,0.0045,0,0,0,0.102,21.111111111,25.555555556
0.5,0.609,0.234,0.601,0.215,0,0,0,0,0,0.467,0.0683,21.111111111,25.555555556
0.5,0.606,0.321,0.699,0.255,0,0,0,0,0,0,0,21.111111111,25.555555556
0.617,0.601,0.501,0.778,0.383,0.625,0.733,0,0,0,0,0,21.111111111,25.555555556
1,0.58,0.805,1,0.712,0.576,0.4,0,0,0,0,0,21.111111111,25.555555556
1,0.529,0.563,1,0.613,0,0,0,0,0,0,0.0875,21.111111111,25.555555556
1,0.529,0.188,0.72,0.238,0,0,0,0,0,0,0.0627,21.111111111,25.555555556
1,0.565,0.0162,0.421,0.0502,0,0,0,0,0,0,0,21.111111111,25.555555556
1,0.565,0.0162,0.421,0.0502,0,0,0,0,0,0,0,21.111111111,25.555555556
1,0.565,0.0162,0.421,0.0502,0,0,0,0,0,0,0,21.111111111,25.555555556
1,0.565,0.0162,0.421,0.0502,0,0,0,0,0,0,0,21.111111111,25.555555556
1,0.565,0.0162,0.421,0.0502,0,0,0,0,0,0,0,21.111111111,25.555555556
1,0.565,0.0162,0.421,0.0502,0,0,0,0,0,0,0,21.111111111,25.555555556
1,0.546,0.0284,0.561,0.113,0,0,0,0,0,0,0.234,21.111111111,25.555555556
1,0.541,0.0508,0.498,0.21,0,0,0,0,0,0,0.358,21.111111111,25.555555556
0.633,0.56,0.0263,0.421,0.0958,0,0,0,0,0,0,0.33,21.111111111,26.666666667
0.5,0.562,0.0299,0.421,0.0873,0,0,0,0,0,0,0.102,21.111111111,26.666666667
0.5,0.553,0.0809,0.421,0.205,0,0,0,0,0,0,0.102,21.111111111,26.666666667
0.5,0.553,0.0889,0.421,0.197,0,0,0,0,0,0,0.0341,21.111111111,26.666666667
0.133,0.561,0.0362,0.421,0.0889,0,0,0,0,0,0,0.0341,21.111111111,26.666666667
0,0.565,0.0162,0.421,0.0502,0,0,0,0,0,0,0,21.111111111,26.666666667
0,0.565,0.0162,0.421,0.0502,0,0,0,0,0,0,0,21.111111111,26.666666667
0,0.565,0.0162,0.421,0.0502,0,0,0,0,0,0,0,21.111111111,26.666666667
0.492,0.58,0.145,0.421,0.187,0,0,0.514,0.525,0.467,0,0.0341,21.111111111,25.555555556
0.742,0.618,0.262,0.421,0.268,0,0,0.485,0,0.683,0,0.137,21.111111111,25.555555556
0.758,0.631,0.338,0.663,0.298,0,0,0.177,0,0,0,0.0341,21.111111111,25.555555556
0.5,0.606,0.321,0.699,0.255,0,0,0,0,0,0,0.0341,21.111111111,25.555555556
0.5,0.595,0.405,0.711,0.317,0,0,0,0,0,0,0,21.111111111,25.555555556
0.5,0.572,0.41,0.711,0.381,0,0,0,0,0,0,0.102,21.111111111,25.555555556
0.5,0.547,0.29,0.711,0.332,0,0,0,0,0,0,0,21.111111111,25.555555556
0.992,0.519,0.206,0.783,0.257,0,0,0,0,0,0,0.0668,21.111111111,25.555555556
1,0.564,0.0178,0.426,0.0519,0,0,0,0,0,0,0,21.111111111,25.555555556
1,0.565,0.0162,0.421,0.0502,0,0,0,0,0,0,0,21.111111111,25.555555556
1,0.565,0.0162,0.421,0.0502,0,0,0,0,0,0,0,21.111111111,25.555555556
1,0.553,0.0162,0.489,0.0502,0,0,0,0,0,0,0.171,21.111111111,25.555555556
1,0.564,0.0162,0.426,0.0502,0,0,0,0,0,0,0,21.111111111,25.555555556
1,0.565,0.0162,0.421,0.0502,0,0,0,0,0,0,0,21.111111111,25.555555556
1,0.546,0.0284,0.561,0.113,0,0,0,0,0,0,0.247,21.111111111,25.555555556
1,0.528,0.0787,0.498,0.335,0,0,0,0,0,0.233,0.19,21.111111111,25.555555556
0.883,0.54,0.0961,0.421,0.349,0,0,0,0,0,0.7,0.442,21.111111111,26.666666667
0.5,0.553,0.0722,0.421,0.211,0,0,0,0,0,0,0.255,21.111111111,26.666666667
0.5,0.553,0.0809,0.421,0.205,0,0,0,0,0,0,0.186,21.111111111,26.666666667
0.5,0.553,0.0889,0.421,0.197,0,0,0,0,0,0,0.261,21.111111111,26.666666667
0.125,0.562,0.036,0.421,0.0851,0,0,0,0,0,0,0.137,21.111111111,26.666666667
0.5,0.553,0.104,0.421,0.188,0,0,0,0,0,0,0.0683,21.111111111,26.666666667
0.5,0.553,0.111,0.421,0.188,0,0,0.688,0.797,0.2,0,0.0341,21.111111111,26.666666667
0.867,0.563,0.203,0.421,0.289,0,0,0.483,0,0.483,0,0.307,21.111111111,26.666666667
1,0.595,0.277,0.421,0.329,0,0,0.557,0,0,0,0,21.111111111,25.555555556
0.758,0.614,0.259,0.421,0.271,0,0,0.0901,0,0,0,0.171,21.111111111,25.555555556
0.5,0.609,0.234,0.601,0.215,0.543,0.217,0,0,0,0,0,21.111111111,25.555555556
0.5,0.606,0.321,0.699,0.255,0.871,0.45,0,0,0,0,0.0341,21.111111111,25.555555556
0.5,0.595,0.405,0.711,0.317,0,0,0,0,0,0,0,21.111111111,25.555555556
0.992,0.58,0.707,0.928,0.627,0,0,0,0,0,0,0.189,21.111111111,25.555555556
1,0.565,0.0227,0.426,0.056,0,0,0,0,0,0,0,21.111111111,25.555555556
1,0.565,0.0162,0.421,0.0502,0,0,0,0,0,0,0,21.111111111,25.555555556
1,0.565,0.0162,0.421,0.0502,0,0,0,0,0,0,0,21.111111111,25.555555556
1,0.565,0.0162,0.421,0.0502,0,0,0,0,0,0,0,21.111111111,25.555555556
1,0.565,0.0162,0.421,0.0502,0,0,0,0,0,0,0,21.111111111,25.555555556
1,0.565,0.0162,0.421,0.0502,0,0,0,0,0,0,0,21.111111111,25.555555556
1,0.527,0.0196,0.633,0.0507,0,0,0,0,0,0,0.227,21.111111111,25.555555556
1,0.514,0.0267,0.711,0.0804,0,0,0,0,0,0,0.342,21.111111111,25.555555556
1,0.523,0.0381,0.711,0.156,0,0,0,0,0,0,0.181,21.111111111,25.555555556
1,0.541,0.0508,0.498,0.21,0,0,0,0,0,0,0.284,21.111111111,25.555555556
1,0.542,0.0973,0.421,0.342,0,0,0,0,0,0,0.433,21.111111111,26.666666667
1,0.541,0.128,0.421,0.373,0,0,0,0,0,0,0.295,21.111111111,26.666666667
1,0.541,0.146,0.421,0.359,0,0,0.021,0.237,0,0,0.327,21.111111111,26.666666667
1,0.541,0.162,0.421,0.344,0,0,0.326,0.559,0.45,0,0.43,21.111111111,26.666666667
0.758,0.546,0.134,0.421,0.264,0,0,0,0,0.7,0,0.235,21.111111111,26.666666667
0.5,0.553,0.104,0.421,0.188,0,0,0,0,0,0,0.137,21.111111111,26.666666667
0.5,0.553,0.111,0.421,0.188,0,0,0,0,0,0,0.239,21.111111111,26.666666667
0.5,0.562,0.122,0.421,0.188,0,0,0,0,0,0,0.41,21.111111111,26.666666667
0.133,0.565,0.0454,0.421,0.087,0,0,0,0,0,0,0.0341,21.111111111,25.555555556
0,0.565,0.0162,0.421,0.0502,0,0,0,0,0,0,0,21.111111111,25.555555556
0,0.565,0.0162,0.421,0.0502,0,0,0,0,0,0,0,21.111111111,25.555555556
0.117,0.574,0.0934,0.489,0.101,0,0,0,0,0,0,0,21.111111111,25.555555556
0.5,0.595,0.405,0.711,0.317,0,0,0,0,0,0,0,21.111111111,25.555555556
0.617,0.573,0.501,0.778,0.463,0,0,0.38,0.237,0,0,0,21.111111111,25.555555556
1,0.534,0.509,0.932,0.553,0,0,0,0.288,0.683,0,0.154,21.111111111,25.555555556
1,0.526,0.148,0.711,0.193,0,0,0,0,0,0,0,21.111111111,25.555555556
1,0.553,0.0417,0.498,0.0773,0,0,0,0,0,0,0,21.111111111,25.555555556
1,0.565,0.0162,0.421,0.0502,0,0,0,0,0,0,0,21.111111111,25.555555556
1,0.565,0.0162,0.421,0.0502,0,0,0,0,0,0,0,21.111111111,25.555555556
1,0.565,0.0162,0.421,0.0502,0,0,0,0,0,0,0,21.111111111,25.555555556
1,0.565,0.0162,0.421,0.0502,0,0,0,0,0,0,0,21.111111111,25.555555556
1,0.565,0.0162,0.421,0.0502,0,0,0,0,0,0,0,21.111111111,25.555555556
1,0.524,0.0379,0.706,0.156,0,0,0,0,0,0,0.248,21.111111111,25.555555556
0.633,0.554,0.023,0.498,0.0848,0,0,0,0,0,0,0.0341,21.111111111,25.555555556
0.5,0.562,0.0275,0.421,0.0894,0,0,0,0,0,0,0.2,21.111111111,26.666666667
0.00833,0.564,0.017,0.421,0.053,0,0,0,0,0,0,0,21.111111111,26.666666667
0.117,0.562,0.0318,0.421,0.0859,0,0,0,0,0,0,0.185,21.111111111,26.666666667
0.5,0.553,0.0889,0.421,0.197,0,0,0,0,0,0,0.132,21.111111111,26.666666667
0.133,0.561,0.0362,0.421,0.0889,0,0,0,0,0,0,0.0341,21.111111111,26.666666667
0,0.565,0.0162,0.421,0.0502,0,0,0,0,0,0,0,21.111111111,26.666666667
0,0.565,0.0162,0.421,0.0502,0,0,0,0,0,0,0,21.111111111,26.666666667
0,0.565,0.0162,0.421,0.0502,0,0,0,0,0,0,0,21.111111111,26.666666667
0,0.565,0.0162,0.421,0.0502,0,0,0,0,0,0,0,21.111111111,25.555555556
0.125,0.57,0.0508,0.421,0.0852,0,0,0,0,0,0,0.0341,21.111111111,25.555555556
0.492,0.608,0.231,0.601,0.213,0,0,0,0,0,0,0.341,21.111111111,25.555555556
0.5,0.606,0.321,0.699,0.255,0.533,0.733,0,0,0,0,0.137,21.111111111,25.555555556
0.742,0.608,0.604,0.85,0.455,0,0.867,0,0,0,0,0.239,21.111111111,25.555555556
1,0.579,0.52,0.788,0.457,0,0,0,0,0,0,0.102,21.111111111,25.555555556
1,0.547,0.29,0.711,0.332,0,0,0,0,0,0,0.084,21.111111111,25.555555556
1,0.547,0.102,0.571,0.144,0,0,0,0,0,0,0.138,21.111111111,25.555555556
1,0.565,0.0168,0.421,0.0502,0,0,0,0,0,0,0,21.111111111,25.555555556
1,0.565,0.0185,0.421,0.0502,0,0,0,0,0,0,0,21.111111111,25.555555556
1,0.565,0.0185,0.421,0.0502,0,0,0,0,0,0,0,21.111111111,25.555555556
1,0.565,0.0185,0.421,0.0502,0,0,0,0,0,0,0,21.111111111,25.555555556
1,0.565,0.0185,0.421,0.0502,0,0,0,0,0,0,0,21.111111111,25.555555556
1,0.565,0.0185,0.421,0.0502,0,0,0,0,0,0,0,21.111111111,25.555555556
1,0.565,0.0185,0.421,0.0502,0,0,0,0,0,0,0,21.111111111,25.555555556
1,0.565,0.0185,0.421,0.0502,0,0,0,0,0,0,0,21.111111111,25.555555556
0.867,0.555,0.0742,0.421,0.179,0,0,0,0,0,0,0.29,21.111111111,25.555555556
0.5,0.553,0.111,0.421,0.211,0,0,0,0,0,0,0.0341,21.111111111,25.555555556
0.5,0.553,0.134,0.421,0.205,0,0,0,0,0,0,0.171,21.111111111,25.555555556
0.508,0.552,0.15,0.421,0.199,0,0,0,0,0,0,0,21.111111111,25.555555556
1,0.541,0.299,0.421,0.331,0,0,0,0,0,0.467,0.0683,21.111111111,25.555555556
0.75,0.547,0.261,0.421,0.257,0,0,0.0826,0.0169,0,0,0.205,21.111111111,25.555555556
1,0.541,0.398,0.421,0.325,0,0,0.657,0.237,0.767,0,0.137,21.111111111,25.555555556
1,0.56,0.442,0.421,0.326,0,0,0.825,0,0.15,0,0.0341,21.111111111,25.555555556
1,0.596,0.469,0.421,0.329,0,0,0.689,0,0,0,0.171,21.111111111,25.555555556
1,0.635,0.487,0.421,0.343,0,0,0.0871,0,0,0.233,0,21.111111111,25.555555556
1,0.654,0.558,0.798,0.382,0,0,0,0,0,0,0.0341,21.111111111,25.555555556
1,0.636,0.619,0.902,0.405,0,0,0,0,0,0,0.0683,21.111111111,25.555555556
1,0.594,0.441,0.711,0.319,0,0,0,0,0,0,0.0341,21.111111111,25.555555556
1,0.571,0.43,0.711,0.383,0,0,0,0,0,0,0,21.111111111,25.555555556
1,0.546,0.305,0.711,0.329,0,0,0,0,0,0,0,21.111111111,25.555555556
1,0.525,0.161,0.711,0.188,0,0,0,0,0,0,0.108,21.111111111,25.555555556
1,0.541,0.0551,0.566,0.0839,0,0,0,0,0,0,0.126,21.111111111,25.555555556
1,0.54,0.0322,0.561,0.0622,0,0,0,0,0,0,0,21.111111111,25.555555556
1,0.565,0.0185,0.421,0.0502,0,0,0,0,0,0,0,21.111111111,25.555555556
1,0.565,0.0185,0.421,0.0502,0,0,0,0,0,0,0,21.111111111,25.555555556
1,0.565,0.0185,0.421,0.0502,0,0,0,0,0,0,0,21.111111111,25.555555556
1,0.565,0.0185,0.421,0.0502,0,0,0,0,0,0,0,21.111111111,25.555555556
1,0.565,0.0185,0.421,0.0502,0,0,0,0,0,0,0,21.111111111,25.555555556
1,0.55,0.0494,0.421,0.181,0,0,0,0,0,0.233,0.0683,21.111111111,25.555555556
1,0.551,0.0836,0.421,0.219,0,0,0,0,0,0,0,21.111111111,25.555555556
1,0.553,0.111,0.421,0.211,0,0,0,0,0,0,0.0341,21.111111111,25.555555556
1,0.543,0.225,0.421,0.322,0,0,0,0,0,0,0.137,21.111111111,25.555555556
1,0.541,0.278,0.421,0.344,0,0,0,0,0,0,0.0341,21.111111111,25.555555556
1,0.541,0.299,0.421,0.331,0,0,0,0,0,0.233,0.0341,21.111111111,25.555555556
1,0.547,0.259,0.421,0.255,0,0,0,0,0,0,0.0341,21.111111111,25.555555556
1,0.553,0.209,0.421,0.188,0,0,0,0,0,0.233,0.171,21.111111111,25.555555556
1,0.563,0.396,0.421,0.293,0,0,0,0,0,0,0.0341,21.111111111,25.555555556
1,0.596,0.469,0.421,0.329,0,0,0,0,0,0,0.171,21.111111111,25.555555556
1,0.635,0.487,0.421,0.343,0,0,0,0,0,0,0.171,21.111111111,25.555555556
1,0.654,0.558,0.798,0.382,0,0,0,0,0,0,0,21.111111111,25.555555556
1,0.647,0.718,0.98,0.463,0,0,0,0,0,0,0.0341,21.111111111,25.555555556
1,0.624,0.863,1,0.588,0,0,0,0,0,0,0,21.111111111,25.555555556
1,0.578,0.841,1,0.717,0,0,0,0,0,0,0,21.111111111,25.555555556
1,0.54,0.462,0.85,0.474,0,0,0,0,0,0,0.11,21.111111111,25.555555556
1,0.525,0.161,0.711,0.188,0,0,0,0,0,0,0.114,21.111111111,25.555555556
1,0.515,0.0734,0.711,0.103,0,0,0,0,0,0,0.586,21.111111111,25.555555556
1,0.565,0.0162,0.421,0.0502,0,0,0,0,0,0,0,21.111111111,25.555555556
1,0.565,0.0162,0.421,0.0502,0,0,0,0,0,0,0,21.111111111,25.555555556
1,0.565,0.0162,0.421,0.0502,0,0,0,0,0,0,0,21.111111111,25.555555556
1,0.54,0.0184,0.561,0.0506,0,0,0,0,0,0,0.0569,21.111111111,25.555555556
1,0.514,0.0267,0.711,0.0804,0,0,0,0,0,0,0.235,21.111111111,25.555555556
1,0.523,0.0381,0.711,0.156,0,0,0,0,0,0,0.489,21.111111111,25.555555556
1,0.537,0.0597,0.498,0.25,0,0,0,0,0,0,0.396,21.111111111,25.555555556
1,0.537,0.107,0.421,0.388,0,0,0,0,0,0,0.306,21.111111111,26.666666667
0.508,0.552,0.073,0.421,0.214,0,0,0,0,0,0,0.415,21.111111111,26.666666667
0.992,0.553,0.0809,0.421,0.205,0,0,0,0,0,0,0.346,21.111111111,26.666666667
0.633,0.561,0.034,0.421,0.091,0,0,0,0,0,0,0.36,21.111111111,26.666666667
0.5,0.565,0.0162,0.421,0.0502,0,0,0,0,0,0,0,21.111111111,26.666666667
0.5,0.565,0.0162,0.421,0.0502,0,0,0,0,0,0,0,21.111111111,26.666666667
0.5,0.565,0.0162,0.421,0.0502,0,0,0,0,0,0,0,21.111111111,26.666666667
0.5,0.565,0.0162,0.421,0.0502,0,0,0,0,0,0,0,21.111111111,26.666666667
0.5,0.565,0.0162,0.421,0.0502,0,0,0,0,0,0,0,21.111111111,25.555555556
0.00833,0.565,0.0162,0.421,0.0502,0,0,0,0,0,0,0,21.111111111,25.555555556
0.117,0.575,0.0708,0.478,0.0902,0,0,0,0,0,0.233,0,21.111111111,25.555555556
0.5,0.606,0.321,0.699,0.255,0,0,0,0,0,0,0.171,21.111111111,25.555555556
0.742,0.608,0.604,0.85,0.455,0,0,0,0,0,0,0.0341,21.111111111,25.555555556
1,0.58,0.805,1,0.712,0,0,0.318,0.254,0.233,0,0.362,21.111111111,25.555555556
1,0.547,0.393,0.788,0.424,0,0,0.441,0,0.45,0,0.0954,21.111111111,25.555555556
1,0.526,0.148,0.711,0.193,0,0,0,0,0,0,0,21.111111111,25.555555556
1,0.541,0.0498,0.566,0.0861,0,0,0,0,0,0,0.114,21.111111111,25.555555556
1,0.565,0.0162,0.421,0.0502,0,0,0,0,0,0,0,21.111111111,25.555555556
1,0.565,0.0162,0.421,0.0502,0,0,0,0,0,0,0,21.111111111,25.555555556
1,0.565,0.0162,0.421,0.0502,0,0,0,0,0,0,0,21.111111111,25.555555556
1,0.553,0.0173,0.489,0.0504,0,0,0,0,0,0,0.181,21.111111111,25.555555556
1,0.514,0.0267,0.711,0.0804,0,0,0,0,0,0,0.554,21.111111111,25.555555556
1,0.523,0.0381,0.711,0.156,0,0,0,0,0,0,0.368,21.111111111,25.555555556
0.883,0.545,0.042,0.498,0.17,0,0,0,0,0,0,0.176,21.111111111,25.555555556
0.5,0.565,0.0162,0.421,0.0502,0,0,0,0,0,0,0,21.111111111,26.666666667
0.5,0.565,0.0162,0.421,0.0502,0,0,0,0,0,0,0,21.111111111,26.666666667
0.5,0.565,0.0162,0.421,0.0502,0,0,0,0,0,0,0,21.111111111,26.666666667
0.5,0.565,0.0162,0.421,0.0502,0,0,0,0,0,0,0,21.111111111,26.666666667
0.5,0.565,0.0162,0.421,0.0502,0,0,0,0,0,0,0,21.111111111,26.666666667
0.5,0.565,0.0162,0.421,0.0502,0,0,0,0,0,0,0,21.111111111,26.666666667
0.5,0.565,0.0162,0.421,0.0502,0,0,0,0,0,0,0,21.111111111,26.666666667
0.5,0.565,0.0162,0.421,0.0502,0,0,0,0,0,0,0,21.111111111,26.666666667
0.742,0.579,0.115,0.421,0.151,0,0,0,0,0,0,0.0341,21.111111111,25.555555556
0.883,0.624,0.302,0.421,0.308,0,0,0,0,0,0,0.0341,21.111111111,25.555555556
0.742,0.631,0.347,0.72,0.298,0,0,0,0,0,0,0.341,21.111111111,25.555555556
0.75,0.626,0.485,0.843,0.363,0,0,0,0,0,0,0,21.111111111,25.555555556
1,0.625,0.794,1,0.584,0,0,0,0,0,0,0.102,21.111111111,25.555555556
1,0.58,0.617,0.86,0.544,0,0,0,0,0,0,0.127,21.111111111,25.555555556
1,0.547,0.29,0.711,0.332,0,0,0,0,0,0,0.209,21.111111111,25.555555556
1,0.526,0.148,0.711,0.193,0,0,0,0,0,0,0.144,21.111111111,25.555555556
1,0.564,0.0178,0.426,0.0519,0,0,0,0,0,0,0,21.111111111,25.555555556
1,0.565,0.0162,0.421,0.0502,0,0,0,0,0,0,0,21.111111111,25.555555556
1,0.565,0.0162,0.421,0.0502,0,0,0,0,0,0,0,21.111111111,25.555555556
1,0.565,0.0162,0.421,0.0502,0,0,0,0,0,0,0,21.111111111,25.555555556
1,0.565,0.0162,0.421,0.0502,0,0,0,0,0,0,0,21.111111111,25.555555556
1,0.565,0.0162,0.421,0.0502,0,0,0,0,0,0,0,21.111111111,25.555555556
1,0.528,0.0407,0.701,0.176,0,0,0,0,0,0.233,0.334,21.111111111,25.555555556
1,0.518,0.0854,0.575,0.37,0,0,0,0,0,0,0.537,21.111111111,25.555555556
0.267,0.555,0.0365,0.421,0.141,0,0,0,0,0,0,0,21.111111111,26.666666667
0,0.565,0.0162,0.421,0.0502,0,0,0,0,0,0,0,21.111111111,26.666666667
0,0.565,0.0162,0.421,0.0502,0,0,0,0,0,0,0,21.111111111,26.666666667
0,0.565,0.0162,0.421,0.0502,0,0,0,0,0,0,0,21.111111111,26.666666667
0,0.565,0.0162,0.421,0.0502,0,0,0,0,0,0,0,21.111111111,26.666666667
0.25,0.559,0.0588,0.421,0.119,0,0,0,0,0,0,0,21.111111111,26.666666667
0,0.565,0.0162,0.421,0.0502,0,0,0,0,0,0,0,21.111111111,26.666666667
0.367,0.565,0.0965,0.421,0.151,0,0,0,0,0,0.233,0.205,21.111111111,26.666666667
0.5,0.58,0.147,0.421,0.19,0,0,0,0,0,0,0.205,21.111111111,25.555555556
0.617,0.608,0.219,0.421,0.231,0,0,0,0,0,0,0.102,21.111111111,25.555555556
1,0.653,0.451,0.781,0.38,0,0,0,0,0,0,0.207,21.111111111,25.555555556
1,0.618,0.384,0.764,0.301,0,0,0,0,0,0,0.0341,21.111111111,25.555555556
0.633,0.595,0.405,0.711,0.317,0,0,0,0,0,0,0,21.111111111,25.555555556
0.5,0.572,0.41,0.711,0.381,0,0,0,0,0,0,0,21.111111111,25.555555556
0.5,0.547,0.29,0.711,0.332,0,0,0,0,0,0,0.171,21.111111111,25.555555556
0.5,0.564,0.0201,0.426,0.0545,0,0,0,0,0,0,0,21.111111111,25.555555556
0.992,0.553,0.0401,0.493,0.0756,0,0,0,0,0,0,0,21.111111111,25.555555556
1,0.565,0.0162,0.421,0.0502,0,0,0,0,0,0,0,21.111111111,25.555555556
1,0.565,0.0162,0.421,0.0502,0,0,0,0,0,0,0,21.111111111,25.555555556
1,0.565,0.0162,0.421,0.0502,0,0,0,0,0,0,0,21.111111111,25.555555556
1,0.565,0.0162,0.421,0.0502,0,0,0,0,0,0,0,21.111111111,25.555555556
1,0.553,0.0192,0.489,0.0598,0,0,0,0,0,0,0.182,21.111111111,25.555555556
0.633,0.551,0.0196,0.498,0.0611,0,0,0,0,0,0,0.189,21.111111111,25.555555556
0.383,0.555,0.0352,0.421,0.136,0,0,0,0,0,0,0.121,21.111111111,25.555555556
0,0.565,0.0162,0.421,0.0502,0,0,0,0,0,0,0,21.111111111,26.666666667
0,0.565,0.0162,0.421,0.0502,0,0,0,0,0,0,0,21.111111111,26.666666667
0,0.565,0.0162,0.421,0.0502,0,0,0,0,0,0,0,21.111111111,26.666666667
0,0.565,0.0162,0.421,0.0502,0,0,0,0,0,0,0,21.111111111,26.666666667
0.117,0.565,0.0162,0.421,0.0502,0,0,0,0,0,0,0,21.111111111,26.666666667
0.5,0.565,0.0162,0.421,0.0502,0,0,0,0,0,0,0,21.111111111,26.666666667
0.5,0.556,0.0872,0.421,0.151,0,0,0,0,0,0,0.102,21.111111111,26.666666667
0.5,0.562,0.122,0.421,0.188,0,0,0,0,0,0,0.0683,21.111111111,26.666666667
0.25,0.57,0.0777,0.421,0.12,0,0,0,0,0,0,0.0341,21.111111111,25.555555556
0.617,0.608,0.219,0.421,0.231,0,0,0,0,0,0,0.0341,21.111111111,25.555555556
1,0.653,0.451,0.781,0.38,0,0,0,0,0,0.233,0.205,21.111111111,25.555555556
1,0.647,0.626,0.977,0.46,0,0,0,0,0,0,0.0683,21.111111111,25.555555556
1,0.625,0.794,1,0.584,0,0,0,0,0,0,0.0341,21.111111111,25.555555556
1,0.579,0.52,0.788,0.457,0,0,0,0,0,0,0.0341,21.111111111,25.555555556
1,0.547,0.29,0.711,0.332,0,0,0,0,0,0,0.0341,21.111111111,25.555555556
1,0.536,0.126,0.643,0.169,0,0,0,0,0,0,0,21.111111111,25.555555556
1,0.565,0.0162,0.421,0.0502,0,0,0,0,0,0,0,21.111111111,25.555555556
1,0.565,0.0162,0.421,0.0502,0,0,0,0,0,0,0,21.111111111,25.555555556
1,0.565,0.0162,0.421,0.0502,0,0,0,0,0,0,0,21.111111111,25.555555556
1,0.565,0.0162,0.421,0.0502,0,0,0,0,0,0,0,21.111111111,25.555555556
1,0.565,0.0162,0.421,0.0502,0,0,0,0,0,0,0,21.111111111,25.555555556
1,0.565,0.0162,0.421,0.0502,0,0,0,0,0,0,0,21.111111111,25.555555556
1,0.537,0.0348,0.633,0.145,0,0,0,0,0,0,0.0341,21.111111111,25.555555556
0.883,0.522,0.0762,0.571,0.328,0,0,0,0,0,0,0.339,21.111111111,25.555555556
0.258,0.557,0.0384,0.421,0.138,0,0,0,0,0,0,0.137,21.111111111,26.666666667
0,0.565,0.0162,0.421,0.0502,0,0,0,0,0,0,0,21.111111111,26.666666667
0,0.565,0.0162,0.421,0.0502,0,0,0,0,0,0,0,21.111111111,26.666666667
0,0.565,0.0162,0.421,0.0502,0,0,0,0,0,0,0,21.111111111,26.666666667
0,0.565,0.0162,0.421,0.0502,0,0,0,0,0,0,0,21.111111111,26.666666667
0,0.565,0.0162,0.421,0.0502,0,0,0,0,0,0,0,21.111111111,26.666666667
0.242,0.559,0.063,0.421,0.117,0,0,0,0,0,0,0.111,21.111111111,26.666666667
0.125,0.565,0.0434,0.421,0.0847,0,0,0.048,0.237,0,0,0.102,21.111111111,26.666666667
0.5,0.58,0.147,0.421,0.19,0,0,0.679,0.0169,0.983,0,0.0683,21.111111111,25.555555556
0.867,0.628,0.305,0.421,0.305,0,0,0.209,0,0.167,0.233,0.242,21.111111111,25.555555556
0.758,0.631,0.338,0.663,0.298,0,0,0,0,0,0.467,0.287,21.111111111,25.555555556
0.867,0.635,0.564,0.911,0.415,0,0,0,0,0,0,0.205,21.111111111,25.555555556
1,0.625,0.794,1,0.584,0.776,0.45,0,0,0,0,0.0683,21.111111111,25.555555556
1,0.58,0.805,1,0.712,0,0,0,0,0,0,0,21.111111111,25.555555556
1,0.529,0.563,1,0.613,0,0,0,0,0,0,0.118,21.111111111,25.555555556
1,0.557,0.0818,0.503,0.123,0,0,0,0,0,0,0,21.111111111,25.555555556
1,0.565,0.0168,0.421,0.0502,0,0,0,0,0,0,0,21.111111111,25.555555556
1,0.565,0.0185,0.421,0.0502,0,0,0,0,0,0,0,21.111111111,25.555555556
1,0.565,0.0185,0.421,0.0502,0,0,0,0,0,0,0,21.111111111,25.555555556
1,0.565,0.0185,0.421,0.0502,0,0,0,0,0,0,0,21.111111111,25.555555556
1,0.565,0.0185,0.421,0.0502,0,0,0,0,0,0,0,21.111111111,25.555555556
1,0.565,0.0185,0.421,0.0502,0,0,0,0,0,0,0,21.111111111,25.555555556
1,0.565,0.0185,0.421,0.0502,0,0,0,0,0,0,0,21.111111111,25.555555556
1,0.565,0.0185,0.421,0.0502,0,0,0,0,0,0,0,21.111111111,25.555555556
1,0.555,0.0742,0.421,0.179,0,0,0,0,0,0,0.274,21.111111111,25.555555556
1,0.553,0.111,0.421,0.211,0,0,0,0,0,0,0.0683,21.111111111,25.555555556
0.617,0.553,0.134,0.421,0.205,0,0,0,0,0,0,0,21.111111111,25.555555556
0.875,0.544,0.247,0.421,0.306,0,0,0,0,0,0,0.214,21.111111111,25.555555556
0.758,0.546,0.233,0.421,0.263,0,0,0,0,0,0.233,0.206,21.111111111,25.555555556
1,0.541,0.347,0.421,0.326,0,0,0,0,0,0,0.257,21.111111111,25.555555556
1,0.541,0.398,0.421,0.325,0,0,0,0,0,0.767,0.228,21.111111111,25.555555556
1,0.56,0.442,0.421,0.326,0,0,0,0,0,1,0.122,21.111111111,25.555555556
1,0.596,0.469,0.421,0.329,0,0,0.33,0.254,0.517,1,0.137,21.111111111,25.555555556
1,0.635,0.487,0.421,0.343,0,0,0.358,0,0.4,0.983,0.196,21.111111111,25.555555556
1,0.654,0.558,0.798,0.382,0,0,0.336,0,0,0,0.152,21.111111111,25.555555556
1,0.647,0.718,0.98,0.463,0,0,0,0,0,0,0.137,21.111111111,25.555555556
1,0.624,0.863,1,0.588,0,0,0,0,0,0,0,21.111111111,25.555555556
1,0.578,0.841,1,0.717,0,0,0,0,0,0,0,21.111111111,25.555555556
1,0.534,0.525,0.923,0.538,0,0,0,0,0,0,0,21.111111111,25.555555556
1,0.525,0.161,0.711,0.188,0,0,0,0,0,0,0,21.111111111,25.555555556
1,0.541,0.0551,0.566,0.0839,0,0,0,0,0,0,0,21.111111111,25.555555556
1,0.553,0.0282,0.489,0.059,0,0,0,0,0,0,0,21.111111111,25.555555556
1,0.565,0.0185,0.421,0.0502,0,0,0,0,0,0,0,21.111111111,25.555555556
1,0.565,0.0185,0.421,0.0502,0,0,0,0,0,0,0,21.111111111,25.555555556
1,0.526,0.0211,0.643,0.0507,0,0,0,0,0,0,0.0341,21.111111111,25.555555556
1,0.553,0.0193,0.489,0.0504,0,0,0,0,0,0,0,21.111111111,25.555555556
1,0.536,0.0326,0.643,0.15,0,0,0,0,0,0,0,21.111111111,25.555555556
1,0.532,0.0739,0.489,0.297,0,0,0,0,0,0,0.177,21.111111111,25.555555556
1,0.551,0.0836,0.421,0.219,0,0,0,0,0,0,0.23,21.111111111,25.555555556
1,0.543,0.187,0.421,0.333,0,0,0,0,0,0,0.0341,21.111111111,25.555555556
1,0.541,0.249,0.421,0.359,0,0,0,0,0,0,0.444,21.111111111,25.555555556
1,0.541,0.278,0.421,0.344,0,0,0,0,0,0,0.103,21.111111111,25.555555556
1,0.541,0.299,0.421,0.331,0,0,0,0,0,0,0.0341,21.111111111,25.555555556
1,0.541,0.347,0.421,0.326,0,0,0,0,0,0,0.0683,21.111111111,25.555555556
1,0.541,0.398,0.421,0.325,0,0,0,0,0,0,0,21.111111111,25.555555556
1,0.56,0.442,0.421,0.326,0,0,0,0,0,0,0.334,21.111111111,25.555555556
1,0.596,0.469,0.421,0.329,0,0,0,0,0,0,0.212,21.111111111,25.555555556
1,0.635,0.487,0.421,0.343,0,0,0,0,0,0,0.0683,21.111111111,25.555555556
1,0.654,0.558,0.798,0.382,0,0,0,0,0,0,0.239,21.111111111,25.555555556
1,0.647,0.718,0.98,0.463,0,0,0,0,0,0,0.0341,21.111111111,25.555555556
1,0.624,0.863,1,0.588,0,0,0,0,0,0,0.239,21.111111111,25.555555556
1,0.578,0.841,1,0.717,0,0,0,0,0,0,0,21.111111111,25.555555556
1,0.534,0.525,0.923,0.538,0,0,0,0,0,0,0,21.111111111,25.555555556
1,0.559,0.0771,0.489,0.11,0,0,0,0,0,0,0,21.111111111,25.555555556
1,0.539,0.0386,0.566,0.0691,0,0,0,0,0,0,0,21.111111111,25.555555556
1,0.565,0.0162,0.421,0.0502,0,0,0,0,0,0,0,21.111111111,25.555555556
1,0.565,0.0162,0.421,0.0502,0,0,0,0,0,0,0,21.111111111,25.555555556
1,0.565,0.0162,0.421,0.0502,0,0,0,0,0,0,0,21.111111111,25.555555556
1,0.565,0.0162,0.421,0.0502,0,0,0,0,0,0,0,21.111111111,25.555555556
0.883,0.539,0.0225,0.566,0.0706,0,0,0,0,0,0,0.324,21.111111111,25.555555556
0.5,0.565,0.0162,0.421,0.0502,0,0,0,0,0,0,0,21.111111111,25.555555556
0.5,0.565,0.0162,0.421,0.0502,0,0,0,0,0,0,0,21.111111111,25.555555556
0.133,0.565,0.0162,0.421,0.0502,0,0,0,0,0,0,0,21.111111111,26.666666667
0,0.565,0.0162,0.421,0.0502,0,0,0,0,0,0,0,21.111111111,26.666666667
0,0.565,0.0162,0.421,0.0502,0,0,0,0,0,0,0,21.111111111,26.666666667
0,0.565,0.0162,0.421,0.0502,0,0,0,0,0,0,0,21.111111111,26.666666667
0,0.565,0.0162,0.421,0.0502,0,0,0,0,0,0,0,21.111111111,26.666666667
0,0.565,0.0162,0.421,0.0502,0,0,0,0,0,0,0,21.111111111,26.666666667
0,0.565,0.0162,0.421,0.0502,0,0,0,0,0,0,0,21.111111111,26.666666667
0,0.565,0.0162,0.421,0.0502,0,0,0,0,0,0,0,21.111111111,26.666666667
0,0.565,0.0162,0.421,0.0502,0,0,0,0,0,0,0,21.111111111,25.555555556
0.367,0.594,0.142,0.421,0.159,0,0,0,0,0,0,0.239,21.111111111,25.555555556
0.5,0.609,0.234,0.601,0.215,0,0,0,0,0,0,0.171,21.111111111,25.555555556
0.5,0.606,0.321,0.699,0.255,0,0,0,0,0,0,0.0683,21.111111111,25.555555556
0.5,0.595,0.405,0.711,0.317,0,0,0,0,0,0,0.137,21.111111111,25.555555556
0.992,0.58,0.798,0.995,0.708,0,0,0,0,0,0,0,21.111111111,25.555555556
1,0.547,0.393,0.788,0.424,0,0,0,0,0,0,0.0341,21.111111111,25.555555556
1,0.526,0.148,0.711,0.193,0,0,0,0,0,0,0.102,21.111111111,25.555555556
1,0.539,0.0509,0.575,0.0873,0,0,0,0,0,0,0,21.111111111,25.555555556
1,0.551,0.0254,0.498,0.0603,0,0,0,0,0,0,0,21.111111111,25.555555556
1,0.565,0.0162,0.421,0.0502,0,0,0,0,0,0,0,21.111111111,25.555555556
1,0.565,0.0162,0.421,0.0502,0,0,0,0,0,0,0,21.111111111,25.555555556
1,0.565,0.0162,0.421,0.0502,0,0,0,0,0,0,0,21.111111111,25.555555556
1,0.553,0.0192,0.489,0.0598,0,0,0,0,0,0,0.0341,21.111111111,25.555555556
1,0.515,0.0441,0.778,0.186,0,0,0,0,0,0,0.195,21.111111111,25.555555556
0.758,0.526,0.0671,0.575,0.287,0,0,0,0,0,0,0.26,21.111111111,25.555555556
0.133,0.56,0.0263,0.421,0.0958,0,0,0,0,0,0,0.102,21.111111111,26.666666667
0,0.565,0.0162,0.421,0.0502,0,0,0,0,0,0,0,21.111111111,26.666666667
0,0.565,0.0162,0.421,0.0502,0,0,0,0,0,0,0,21.111111111,26.666666667
0,0.565,0.0162,0.421,0.0502,0,0,0,0,0,0,0,21.111111111,26.666666667
0,0.565,0.0162,0.421,0.0502,0,0,0,0,0,0,0,21.111111111,26.666666667
0,0.565,0.0162,0.421,0.0502,0,0,0,0,0,0,0,21.111111111,26.666666667
0,0.565,0.0162,0.421,0.0502,0,0,0,0,0,0,0,21.111111111,26.666666667
0.375,0.562,0.0951,0.421,0.153,0,0,0,0,0,0,0.102,21.111111111,26.666666667
0,0.565,0.0162,0.421,0.0502,0,0,0,0,0,0,0,21.111111111,25.555555556
0.117,0.574,0.0563,0.421,0.0848,0,0,0,0,0,0,0.0976,21.111111111,25.555555556
0.5,0.609,0.234,0.601,0.215,0,0,0,0,0,0,0.444,21.111111111,25.555555556
0.867,0.635,0.564,0.911,0.415,0,0,0,0,0,0.983,0.0683,21.111111111,25.555555556
1,0.625,0.794,1,0.584,0,0,0,0,0,1,0,21.111111111,25.555555556
1,0.58,0.805,1,0.712,0,0,0,0,0,1,0.0341,21.111111111,25.555555556
1,0.529,0.563,1,0.613,0,0,0,0,0,0.767,0.331,21.111111111,25.555555556
1,0.525,0.152,0.715,0.197,0,0,0,0,0,0,0,21.111111111,25.555555556
1,0.516,0.0666,0.711,0.105,0,0,0,0,0,0,0,21.111111111,25.555555556
1,0.527,0.0404,0.633,0.0779,0,0,0,0,0,0,0,21.111111111,25.555555556
1,0.565,0.0162,0.421,0.0502,0,0,0,0,0,0,0,21.111111111,25.555555556
1,0.565,0.0162,0.421,0.0502,0,0,0,0,0,0,0,21.111111111,25.555555556
1,0.565,0.0162,0.421,0.0502,0,0,0,0,0,0,0,21.111111111,25.555555556
1,0.565,0.0162,0.421,0.0502,0,0,0,0,0,0,0,21.111111111,25.555555556
1,0.494,0.041,0.865,0.162,0,0,0,0,0,0,0.489,21.111111111,25.555555556
0.992,0.5,0.0703,0.846,0.332,0,0,0,0,0,0,0.447,21.111111111,25.555555556
0.367,0.551,0.0428,0.421,0.177,0,0,0,0,0,0,0.262,21.111111111,26.666666667
0,0.565,0.0162,0.421,0.0502,0,0,0,0,0,0,0,21.111111111,26.666666667
0,0.565,0.0162,0.421,0.0502,0,0,0,0,0,0,0,21.111111111,26.666666667
0,0.565,0.0162,0.421,0.0502,0,0,0,0,0,0,0,21.111111111,26.666666667
0,0.565,0.0162,0.421,0.0502,0,0,0,0,0,0,0,21.111111111,26.666666667
0,0.565,0.0162,0.421,0.0502,0,0,0,0,0,0,0,21.111111111,26.666666667
0,0.565,0.0162,0.421,0.0502,0,0,0,0,0,0,0,21.111111111,26.666666667
0,0.565,0.0162,0.421,0.0502,0,0,0,0,0,0,0,21.111111111,26.666666667
0,0.565,0.0162,0.421,0.0502,0,0,0,0,0,0,0,21.111111111,25.555555556
0,0.565,0.0162,0.421,0.0502,0,0,0,0,0,0,0,21.111111111,25.555555556
0.267,0.589,0.136,0.552,0.145,0,0,0,0,0,0,0.0341,21.111111111,25.555555556
1,0.653,0.516,0.936,0.434,0,0,0,0,0,0,0.239,21.111111111,25.555555556
1,0.637,0.694,1,0.552,0,0,0,0,0,0,0.239,21.111111111,25.555555556
1,0.604,0.795,1,0.696,0,0,0,0,0,0,0.286,21.111111111,25.555555556
1,0.559,0.624,0.923,0.664,0,0,0,0,0,0,0.347,21.111111111,25.555555556
1,0.535,0.204,0.711,0.272,0,0,0,0,0,0,0,21.111111111,25.555555556
1,0.519,0.0924,0.711,0.135,0,0,0,0,0,0,0,21.111111111,25.555555556
1,0.514,0.0436,0.711,0.0812,0,0,0,0,0,0,0,21.111111111,25.555555556
1,0.527,0.0249,0.633,0.0595,0,0,0,0,0,0,0.0683,21.111111111,25.555555556
1,0.565,0.0162,0.421,0.0502,0,0,0,0,0,0,0,21.111111111,25.555555556
1,0.565,0.0162,0.421,0.0502,0,0,0,0,0,0,0,21.111111111,25.555555556
1,0.551,0.0194,0.498,0.0613,0,0,0,0,0,0,0.102,21.111111111,25.555555556
0.617,0.553,0.019,0.489,0.0599,0,0,0,0,0,0,0,21.111111111,25.555555556
0.5,0.541,0.0379,0.566,0.162,0,0,0,0,0,0,0.68,21.111111111,25.555555556
0.117,0.56,0.0247,0.421,0.0906,0,0,0,0,0,0,0,21.111111111,26.666666667
0,0.565,0.0162,0.421,0.0502,0,0,0,0,0,0,0,21.111111111,26.666666667
0,0.565,0.0162,0.421,0.0502,0,0,0,0,0,0,0,21.111111111,26.666666667
0,0.565,0.0162,0.421,0.0502,0,0,0,0,0,0,0,21.111111111,26.666666667
0,0.565,0.0162,0.421,0.0502,0,0,0,0,0,0,0,21.111111111,26.666666667
0,0.565,0.0162,0.421,0.0502,0,0,0,0,0,0,0,21.111111111,26.666666667
0,0.565,0.0162,0.421,0.0502,0,0,0,0,0,0,0,21.111111111,26.666666667
0,0.565,0.0162,0.421,0.0502,0,0,0,0,0,0,0,21.111111111,26.666666667
0.133,0.57,0.0517,0.421,0.0886,0,0,0,0,0,0,0.0341,21.111111111,25.555555556
0.492,0.589,0.155,0.421,0.194,0,0,0,0,0,0,0.102,21.111111111,25.555555556
0.392,0.597,0.163,0.491,0.177,0,0,0,0,0,0,0.0341,21.111111111,25.555555556
1,0.653,0.516,0.936,0.434,0,0,0.266,0.254,0.0167,0,0.171,21.111111111,25.555555556
1,0.637,0.694,1,0.552,0,0,0.0495,0,0.883,0.233,0.0683,21.111111111,25.555555556
1,0.604,0.795,1,0.696,0.349,0.517,0,0,0,0,0.0683,21.111111111,25.555555556
1,0.553,0.684,1,0.735,0.352,0.167,0,0,0,0,0.282,21.111111111,25.555555556
1,0.528,0.343,0.846,0.439,0,0,0,0,0,0,0.0181,21.111111111,25.555555556
1,0.565,0.0162,0.421,0.0502,0,0,0,0,0,0,0,21.111111111,25.555555556
1,0.565,0.0162,0.421,0.0502,0,0,0,0,0,0,0,21.111111111,25.555555556
1,0.565,0.0162,0.421,0.0502,0,0,0,0,0,0,0,21.111111111,25.555555556
1,0.565,0.0162,0.421,0.0502,0,0,0,0,0,0,0,21.111111111,25.555555556
1,0.565,0.0162,0.421,0.0502,0,0,0,0,0,0,0,21.111111111,25.555555556
1,0.565,0.0162,0.421,0.0502,0,0,0,0,0,0,0,21.111111111,25.555555556
0.867,0.554,0.0226,0.498,0.0853,0,0,0,0,0,0,0.127,21.111111111,25.555555556
0.117,0.556,0.0218,0.489,0.0809,0,0,0,0,0,0,0.161,21.111111111,25.555555556
0.258,0.557,0.0376,0.421,0.139,0,0,0,0,0,0.233,0.0341,21.111111111,26.666666667
0.367,0.556,0.0502,0.421,0.176,0,0,0.0991,0.525,0,0,0.137,21.111111111,26.666666667
0,0.565,0.0162,0.421,0.0502,0,0,0,0.237,0.767,0,0,21.111111111,26.666666667
0,0.565,0.0162,0.421,0.0502,0,0,0,0,0.133,0,0,21.111111111,26.666666667
0,0.565,0.0162,0.421,0.0502,0,0,0,0,0,0,0,21.111111111,26.666666667
0,0.565,0.0162,0.421,0.0502,0,0,0,0,0,0,0,21.111111111,26.666666667
0,0.565,0.0162,0.421,0.0502,0,0,0,0,0,0,0,21.111111111,26.666666667
0,0.565,0.0162,0.421,0.0502,0,0,0,0,0,0,0,21.111111111,26.666666667
0.00833,0.565,0.0184,0.421,0.0526,0,0,0,0,0,0.0167,0.0341,21.111111111,25.555555556
0.5,0.59,0.158,0.421,0.196,0.28,0.45,0,0,0,0.7,0.239,21.111111111,25.555555556
0.883,0.638,0.34,0.552,0.333,0.129,0,0,0,0,0,0.137,21.111111111,25.555555556
0.992,0.652,0.511,0.931,0.43,0,0,0,0,0,0,0.0683,21.111111111,25.555555556
0.5,0.601,0.355,0.711,0.301,0,0,0,0,0,0,0,21.111111111,25.555555556
0.883,0.598,0.703,0.932,0.625,0,0,0,0,0,0,0.113,21.111111111,25.555555556
1,0.553,0.684,1,0.735,0,0,0,0,0,0,0.102,21.111111111,25.555555556
1,0.529,0.256,0.778,0.334,0,0,0,0,0,0,0,21.111111111,25.555555556
1,0.519,0.0948,0.711,0.135,0,0,0,0,0,0,0.469,21.111111111,25.555555556
1,0.514,0.0516,0.711,0.0812,0,0,0,0,0,0,0,21.111111111,25.555555556
1,0.514,0.0307,0.711,0.0595,0,0,0,0,0,0,0,21.111111111,25.555555556
1,0.553,0.0195,0.489,0.0502,0,0,0,0,0,0,0,21.111111111,25.555555556
1,0.565,0.0185,0.421,0.0502,0,0,0,0,0,0,0,21.111111111,25.555555556
1,0.565,0.0185,0.421,0.0502,0,0,0,0,0,0,0,21.111111111,25.555555556
1,0.565,0.0185,0.421,0.0502,0,0,0,0,0,0,0,21.111111111,25.555555556
1,0.565,0.0185,0.421,0.0502,0,0,0,0,0,0,0,21.111111111,25.555555556
1,0.565,0.0185,0.421,0.0502,0,0,0,0,0,0,0,21.111111111,25.555555556
1,0.561,0.0439,0.421,0.0937,0,0,0,0,0,0,0.13,21.111111111,25.555555556
1,0.553,0.119,0.421,0.211,0,0,0,0,0,0,0.201,21.111111111,25.555555556
1,0.553,0.137,0.421,0.205,0,0,0,0,0,0,0.661,21.111111111,25.555555556
0.867,0.556,0.112,0.421,0.159,0,0,0,0,0,0,0.368,21.111111111,25.555555556
0.5,0.561,0.0623,0.421,0.0879,0,0,0,0,0,0,0.0683,21.111111111,25.555555556
0.5,0.553,0.189,0.421,0.191,0,0,0,0,0,0,0.137,21.111111111,25.555555556
0.5,0.556,0.212,0.421,0.191,0,0,0,0,0,0,0.137,21.111111111,25.555555556
0.883,0.577,0.393,0.421,0.301,0,0,0,0,0,0,0.292,21.111111111,25.555555556
0.867,0.605,0.401,0.421,0.302,0,0,0,0,0,0,0.205,21.111111111,25.555555556
0.5,0.606,0.257,0.487,0.21,0,0,0,0,0,0,0.0683,21.111111111,25.555555556
0.75,0.632,0.446,0.801,0.331,0,0,0,0,0,0,0.0341,21.111111111,25.555555556
0.508,0.601,0.4,0.715,0.306,0,0,0.0631,0.0169,0,0,0,21.111111111,25.555555556
1,0.604,0.844,1,0.696,0,0,0.0631,0.237,0.667,0,0.0341,21.111111111,25.555555556
1,0.559,0.653,0.923,0.664,0,0,0,0,0,0,0.102,21.111111111,25.555555556
1,0.535,0.224,0.711,0.272,0,0,0,0,0,0,0,21.111111111,25.555555556
1,0.519,0.106,0.711,0.135,0,0,0,0,0,0,0,21.111111111,25.555555556
1,0.553,0.0278,0.489,0.059,0,0,0,0,0,0,0,21.111111111,25.555555556
1,0.565,0.0185,0.421,0.0502,0,0,0,0,0,0,0,21.111111111,25.555555556
1,0.565,0.0185,0.421,0.0502,0,0,0,0,0,0,0,21.111111111,25.555555556
1,0.565,0.0185,0.421,0.0502,0,0,0,0,0,0,0,21.111111111,25.555555556
1,0.565,0.0185,0.421,0.0502,0,0,0,0,0,0,0,21.111111111,25.555555556
1,0.565,0.0185,0.421,0.0502,0,0,0,0,0,0,0,21.111111111,25.555555556
1,0.56,0.0288,0.421,0.0964,0,0,0,0,0,0.267,0.0341,21.111111111,25.555555556
1,0.548,0.0653,0.421,0.223,0,0,0,0,0,0.45,0.0683,21.111111111,25.555555556
1,0.553,0.0949,0.421,0.219,0,0,0,0,0,0,0,21.111111111,25.555555556
1,0.553,0.119,0.421,0.211,0,0,0,0,0,0,0.0341,21.111111111,25.555555556
1,0.553,0.137,0.421,0.205,0,0,0,0,0,0,0.102,21.111111111,25.555555556
1,0.549,0.185,0.421,0.236,0,0,0.359,0.271,0,0,0,21.111111111,25.555555556
1,0.541,0.308,0.421,0.335,0,0,0.584,0.492,0.517,0,0,21.111111111,25.555555556
1,0.541,0.36,0.421,0.333,0,0,0.407,0,0.15,0,0.102,21.111111111,25.555555556
1,0.548,0.406,0.421,0.333,0,0,0.483,0,0,0,0.171,21.111111111,25.555555556
1,0.577,0.441,0.421,0.334,0,0,0.67,0,0,0,0.0341,21.111111111,25.555555556
0.617,0.595,0.291,0.421,0.23,0,0,0.82,0,0,0,0.0683,21.111111111,25.555555556
0.883,0.638,0.443,0.552,0.333,0,0,0.685,0,0,0,0.0341,21.111111111,25.555555556
0.875,0.642,0.537,0.874,0.39,0,0,0,0,0,0.233,0.137,21.111111111,25.555555556
1,0.637,0.768,1,0.552,0,0,0,0,0,0,0,21.111111111,25.555555556
1,0.604,0.844,1,0.696,0,0,0,0,0,0,0,21.111111111,25.555555556
1,0.553,0.717,1,0.735,0,0,0,0,0,0,0.171,21.111111111,25.555555556
1,0.523,0.341,0.85,0.4,0,0,0,0,0,0,0,21.111111111,25.555555556
1,0.519,0.104,0.711,0.135,0,0,0,0,0,0,0.0341,21.111111111,25.555555556
1,0.514,0.0436,0.711,0.0812,0,0,0,0,0,0,0,21.111111111,25.555555556
1,0.514,0.0254,0.711,0.0595,0,0,0,0,0,0,0.0683,21.111111111,25.555555556
1,0.514,0.0175,0.711,0.0502,0,0,0,0,0,0,0.273,21.111111111,25.555555556
1,0.527,0.016,0.633,0.0502,0,0,0,0,0,0,0.0683,21.111111111,25.555555556
1,0.565,0.0162,0.421,0.0502,0,0,0,0,0,0,0,21.111111111,25.555555556
1,0.554,0.0226,0.498,0.0853,0,0,0,0,0,0,0.123,21.111111111,25.555555556
0.742,0.546,0.0279,0.561,0.114,0,0,0,0,0,0,0.205,21.111111111,25.555555556
0.5,0.565,0.0162,0.421,0.0502,0,0,0,0,0,0,0,21.111111111,26.666666667
0.117,0.565,0.0162,0.421,0.0502,0,0,0,0,0,0,0,21.111111111,26.666666667
0,0.565,0.0162,0.421,0.0502,0,0,0,0,0,0,0,21.111111111,26.666666667
0,0.565,0.0162,0.421,0.0502,0,0,0,0,0,0,0,21.111111111,26.666666667
0,0.565,0.0162,0.421,0.0502,0,0,0,0,0,0,0,21.111111111,26.666666667
0,0.565,0.0162,0.421,0.0502,0,0,0,0,0,0,0,21.111111111,26.666666667
0,0.565,0.0162,0.421,0.0502,0,0,0,0,0,0,0,21.111111111,26.666666667
0,0.565,0.0162,0.421,0.0502,0,0,0,0,0,0,0,21.111111111,26.666666667
0,0.565,0.0162,0.421,0.0502,0,0,0,0,0,0,0,21.111111111,25.555555556
0,0.565,0.0162,0.421,0.0502,0,0,0,0,0,0,0,21.111111111,25.555555556
0.633,0.618,0.256,0.548,0.257,0,0,0,0,0,0.233,0.148,21.111111111,25.555555556
0.758,0.631,0.408,0.817,0.348,0,0,0,0,0,0,0.426,21.111111111,25.555555556
1,0.61,0.429,0.778,0.355,0,0,0,0,0,0,0.171,21.111111111,25.555555556
1,0.584,0.406,0.711,0.373,0,0,0,0,0,0,0.27,21.111111111,25.555555556
1,0.559,0.35,0.711,0.393,0,0,0,0,0,0,0.213,21.111111111,25.555555556
1,0.546,0.18,0.633,0.245,0,0,0,0,0,0,0,21.111111111,25.555555556
1,0.565,0.0162,0.421,0.0502,0,0,0,0,0,0,0,21.111111111,25.555555556
1,0.565,0.0162,0.421,0.0502,0,0,0,0,0,0,0,21.111111111,25.555555556
1,0.565,0.0162,0.421,0.0502,0,0,0,0,0,0,0,21.111111111,25.555555556
1,0.565,0.0162,0.421,0.0502,0,0,0,0,0,0,0,21.111111111,25.555555556
1,0.551,0.0173,0.498,0.0505,0,0,0,0,0,0,0.0341,21.111111111,25.555555556
1,0.501,0.0256,0.788,0.073,0,0,0,0,0,0.0167,0.243,21.111111111,25.555555556
0.242,0.54,0.0222,0.561,0.0718,0,0,0,0,0,0.217,0.0518,21.111111111,25.555555556
0.5,0.532,0.0436,0.633,0.193,0,0,0,0,0,0,0.346,21.111111111,25.555555556
0.117,0.56,0.0247,0.421,0.0906,0,0,0,0,0,0,0.0341,21.111111111,26.666666667
0,0.565,0.0162,0.421,0.0502,0,0,0,0,0,0,0,21.111111111,26.666666667
0,0.565,0.0162,0.421,0.0502,0,0,0,0,0,0,0,21.111111111,26.666666667
0,0.565,0.0162,0.421,0.0502,0,0,0,0,0,0,0,21.111111111,26.666666667
0,0.565,0.0162,0.421,0.0502,0,0,0,0,0,0,0,21.111111111,26.666666667
0,0.565,0.0162,0.421,0.0502,0,0,0,0,0,0,0,21.111111111,26.666666667
0,0.565,0.0162,0.421,0.0502,0,0,0,0,0,0,0,21.111111111,26.666666667
0,0.565,0.0162,0.421,0.0502,0,0,0,0,0,0,0,21.111111111,26.666666667
0.383,0.57,0.104,0.421,0.159,0,0,0,0,0,0,0.102,21.111111111,25.555555556
0.5,0.59,0.158,0.421,0.196,0,0,0,0,0,0,0.171,21.111111111,25.555555556
0.5,0.606,0.197,0.487,0.21,0,0,0,0,0,0.267,0.0683,21.111111111,25.555555556
0.5,0.609,0.266,0.678,0.242,0,0,0,0,0,0.45,0.171,21.111111111,25.555555556
0.633,0.611,0.441,0.788,0.364,0,0,0,0,0,0.233,0.137,21.111111111,25.555555556
1,0.604,0.795,1,0.696,0,0,0,0,0,0,0,21.111111111,25.555555556
1,0.559,0.437,0.778,0.479,0,0,0,0,0,0,0,21.111111111,25.555555556
1,0.535,0.204,0.711,0.272,0,0,0,0,0,0,0,21.111111111,25.555555556
1,0.554,0.0376,0.489,0.0739,0,0,0,0,0,0,0,21.111111111,25.555555556
1,0.565,0.0162,0.421,0.0502,0,0,0,0,0,0,0,21.111111111,25.555555556
1,0.565,0.0162,0.421,0.0502,0,0,0,0,0,0,0,21.111111111,25.555555556
1,0.565,0.0162,0.421,0.0502,0,0,0,0,0,0,0,21.111111111,25.555555556
1,0.565,0.0162,0.421,0.0502,0,0,0,0,0,0,0,21.111111111,25.555555556
1,0.565,0.0162,0.421,0.0502,0,0,0,0,0,0,0,21.111111111,25.555555556
1,0.565,0.0162,0.421,0.0502,0,0,0,0,0,0,0,21.111111111,25.555555556
1,0.541,0.0379,0.566,0.162,0,0,0,0,0,0,0.441,21.111111111,25.555555556
0.742,0.543,0.0643,0.421,0.266,0,0,0,0,0,0,0.34,21.111111111,26.666666667
0.5,0.553,0.0652,0.421,0.219,0,0,0,0,0,0,0.307,21.111111111,26.666666667
0.117,0.562,0.0293,0.421,0.0882,0,0,0,0,0,0,0,21.111111111,26.666666667
0,0.565,0.0162,0.421,0.0502,0,0,0,0,0,0,0,21.111111111,26.666666667
0,0.565,0.0162,0.421,0.0502,0,0,0,0,0,0,0,21.111111111,26.666666667
0,0.565,0.0162,0.421,0.0502,0,0,0,0,0,0,0,21.111111111,26.666666667
0,0.565,0.0162,0.421,0.0502,0,0,0,0,0,0,0,21.111111111,26.666666667
0,0.565,0.0162,0.421,0.0502,0,0,0,0,0,0,0,21.111111111,26.666666667
0,0.565,0.0162,0.421,0.0502,0,0,0,0,0,0,0,21.111111111,25.555555556
0,0.565,0.0162,0.421,0.0502,0,0,0,0,0,0,0,21.111111111,25.555555556
0.258,0.587,0.118,0.487,0.136,0,0,0,0,0,0,0.102,21.111111111,25.555555556
0.5,0.609,0.266,0.678,0.242,0,0,0,0,0,0,0.458,21.111111111,25.555555556
0.758,0.618,0.54,0.86,0.44,0.375,0.267,0,0,0,0,0.137,21.111111111,25.555555556
1,0.604,0.795,1,0.696,0.438,0.417,0,0,0,0,0.102,21.111111111,25.555555556
1,0.553,0.684,1,0.735,0,0,0,0,0,0,0.46,21.111111111,25.555555556
1,0.547,0.176,0.629,0.24,0,0,0,0,0,0,0,21.111111111,25.555555556
1,0.565,0.0162,0.421,0.0502,0,0,0,0,0,0,0,21.111111111,25.555555556
1,0.565,0.0162,0.421,0.0502,0,0,0,0,0,0,0,21.111111111,25.555555556
1,0.565,0.0162,0.421,0.0502,0,0,0,0,0,0,0,21.111111111,25.555555556
1,0.551,0.0161,0.498,0.0502,0,0,0,0,0,0,0.0683,21.111111111,25.555555556
1,0.527,0.016,0.633,0.0502,0,0,0,0,0,0,0,21.111111111,25.555555556
1,0.551,0.0194,0.498,0.0613,0,0,0,0,0,0,0,21.111111111,25.555555556
1,0.507,0.0378,0.788,0.151,0,0,0,0,0,0.267,0.0683,21.111111111,25.555555556
0.992,0.5,0.0703,0.846,0.332,0,0,0,0,0,0.2,0.0683,21.111111111,25.555555556
0.5,0.548,0.0552,0.421,0.223,0,0,0,0,0,0,0.137,21.111111111,26.666666667
0.5,0.553,0.0652,0.421,0.219,0,0,0,0,0,0,0.287,21.111111111,26.666666667
0.5,0.553,0.0746,0.421,0.211,0,0,0,0,0,0,0.296,21.111111111,26.666666667
0.5,0.553,0.0824,0.421,0.205,0,0,0,0,0,0,0.0341,21.111111111,26.666666667
0.117,0.562,0.033,0.421,0.085,0,0,0,0,0,0,0,21.111111111,26.666666667
0,0.565,0.0162,0.421,0.0502,0,0,0,0,0,0,0,21.111111111,26.666666667
0,0.565,0.0162,0.421,0.0502,0,0,0,0,0,0,0,21.111111111,26.666666667
0,0.565,0.0162,0.421,0.0502,0,0,0,0,0,0,0,21.111111111,26.666666667
0,0.565,0.0162,0.421,0.0502,0,0,0,0,0,0,0,21.111111111,25.555555556
0,0.565,0.0162,0.421,0.0502,0,0,0,0,0,0,0,21.111111111,25.555555556
0.00833,0.565,0.02,0.425,0.0532,0,0,0,0,0,0,0.0341,21.111111111,25.555555556
0.5,0.609,0.266,0.678,0.242,0,0,0,0,0,0,0.0683,21.111111111,25.555555556
0.883,0.628,0.62,0.932,0.498,0,0,0,0,0,0,0.0341,21.111111111,25.555555556
1,0.604,0.696,0.923,0.597,0,0,0.523,0.254,0.217,0,0.0683,21.111111111,25.555555556
1,0.559,0.35,0.711,0.393,0,0,0.298,0,0,0,0,21.111111111,25.555555556
1,0.546,0.18,0.633,0.245,0,0,0.127,0,0,0,0,21.111111111,25.555555556
1,0.565,0.0162,0.421,0.0502,0,0,0,0,0,0,0,21.111111111,25.555555556
1,0.565,0.0162,0.421,0.0502,0,0,0,0,0,0,0,21.111111111,25.555555556
1,0.565,0.0162,0.421,0.0502,0,0,0,0,0,0,0,21.111111111,25.555555556
1,0.565,0.0162,0.421,0.0502,0,0,0,0,0,0,0,21.111111111,25.555555556
1,0.565,0.0162,0.421,0.0502,0,0,0,0,0,0,0,21.111111111,25.555555556
1,0.551,0.0194,0.498,0.0613,0,0,0,0,0,0,0.128,21.111111111,25.555555556
1,0.517,0.0314,0.711,0.116,0,0,0,0,0,0,0.507,21.111111111,25.555555556
1,0.532,0.0436,0.633,0.193,0,0,0,0,0,0,0.325,21.111111111,25.555555556
0.867,0.551,0.0428,0.421,0.177,0,0,0,0,0,0,0.523,21.111111111,26.666666667
0.5,0.565,0.0162,0.421,0.0502,0,0,0,0,0,0,0,21.111111111,26.666666667
0.367,0.565,0.0162,0.421,0.0502,0,0,0,0,0,0,0,21.111111111,26.666666667
0,0.565,0.0162,0.421,0.0502,0,0,0,0,0,0,0,21.111111111,26.666666667
0,0.565,0.0162,0.421,0.0502,0,0,0,0,0,0,0,21.111111111,26.666666667
0,0.565,0.0162,0.421,0.0502,0,0,0,0,0,0,0,21.111111111,26.666666667
0,0.565,0.0162,0.421,0.0502,0,0,0,0,0,0,0,21.111111111,26.666666667
0,0.565,0.0162,0.421,0.0502,0,0,0,0,0,0,0,21.111111111,26.666666667
0.133,0.57,0.0517,0.421,0.0886,0,0,0,0,0,0.267,0.0341,21.111111111,25.555555556
0.5,0.59,0.158,0.421,0.196,0,0,0,0,0,0.2,0.341,21.111111111,25.555555556
0.5,0.606,0.197,0.487,0.21,0,0,0,0,0,0,0.171,21.111111111,25.555555556
0.758,0.631,0.408,0.817,0.348,0,0,0,0,0,0,0,21.111111111,25.555555556
1,0.637,0.694,1,0.552,0,0,0,0,0,0,0.239,21.111111111,25.555555556
1,0.604,0.795,1,0.696,0,0,0,0,0,0,0,21.111111111,25.555555556
1,0.554,0.676,0.99,0.726,0,0,0,0,0,0,0.151,21.111111111,25.555555556
1,0.565,0.0162,0.421,0.0502,0,0,0,0,0,0,0,21.111111111,25.555555556
1,0.565,0.0168,0.421,0.0502,0,0,0,0,0,0,0,21.111111111,25.555555556
1,0.565,0.0185,0.421,0.0502,0,0,0,0,0,0,0,21.111111111,25.555555556
1,0.565,0.0185,0.421,0.0502,0,0,0,0,0,0,0,21.111111111,25.555555556
1,0.565,0.0185,0.421,0.0502,0,0,0,0,0,0,0,21.111111111,25.555555556
1,0.565,0.0185,0.421,0.0502,0,0,0,0,0,0,0,21.111111111,25.555555556
1,0.565,0.0185,0.421,0.0502,0,0,0,0,0,0,0,21.111111111,25.555555556
1,0.565,0.0185,0.421,0.0502,0,0,0,0,0,0,0,21.111111111,25.555555556
1,0.56,0.0288,0.421,0.0964,0,0,0,0,0,0,0,21.111111111,25.555555556
1,0.548,0.0653,0.421,0.223,0,0,0,0,0,0,0.171,21.111111111,25.555555556
1,0.549,0.12,0.421,0.263,0,0,0,0,0,0.517,0,21.111111111,25.555555556
1,0.541,0.22,0.421,0.373,0,0,0,0,0,0.2,0.102,21.111111111,25.555555556
1,0.541,0.255,0.421,0.36,0,0,0,0,0,0,0.205,21.111111111,25.555555556
1,0.541,0.279,0.421,0.345,0,0,0.421,0.254,0.517,0,0,21.111111111,25.555555556
1,0.541,0.308,0.421,0.335,0,0,0.337,0,0.383,0,0.0341,21.111111111,25.555555556
1,0.541,0.36,0.421,0.333,0,0,0.438,0,0,0,0.0341,21.111111111,25.555555556
1,0.548,0.406,0.421,0.333,0,0,0.475,0,0,0,0.0341,21.111111111,25.555555556
1,0.577,0.441,0.421,0.334,0,0,0.391,0,0,0,0,21.111111111,25.555555556
1,0.615,0.462,0.421,0.342,0,0,0.454,0,0,0,0.0341,21.111111111,25.555555556
1,0.647,0.496,0.552,0.369,0,0,0.73,0,0,0,0.0341,21.111111111,25.555555556
1,0.653,0.605,0.936,0.434,0,0,0.0691,0,0,0.233,0.0341,21.111111111,25.555555556
1,0.637,0.768,1,0.552,0,0,0,0,0,0,0,21.111111111,25.555555556
1,0.604,0.844,1,0.696,0,0,0,0,0,0,0,21.111111111,25.555555556
1,0.559,0.653,0.923,0.664,0,0,0,0,0,0,0.0341,21.111111111,25.555555556
1,0.546,0.196,0.633,0.245,0,0,0,0,0,0,0.171,21.111111111,25.555555556
1,0.565,0.0185,0.421,0.0502,0,0,0,0,0,0,0,21.111111111,25.555555556
1,0.565,0.0185,0.421,0.0502,0,0,0,0,0,0,0,21.111111111,25.555555556
1,0.565,0.0185,0.421,0.0502,0,0,0,0,0,0,0,21.111111111,25.555555556
1,0.565,0.0185,0.421,0.0502,0,0,0,0,0,0,0,21.111111111,25.555555556
1,0.565,0.0185,0.421,0.0502,0,0,0,0,0,0,0,21.111111111,25.555555556
1,0.565,0.0185,0.421,0.0502,0,0,0,0,0,0,0,21.111111111,25.555555556
1,0.565,0.0185,0.421,0.0502,0,0,0,0,0,0,0,21.111111111,25.555555556
1,0.565,0.0185,0.421,0.0502,0,0,0,0,0,0,0,21.111111111,25.555555556
0.867,0.565,0.0185,0.421,0.0502,0,0,0,0,0,0,0,21.111111111,25.555555556
0.5,0.565,0.0185,0.421,0.0502,0,0,0,0,0,0,0,21.111111111,25.555555556
0.5,0.565,0.0185,0.421,0.0502,0,0,0,0,0,0,0,21.111111111,25.555555556
0.633,0.561,0.0525,0.421,0.0899,0,0,0,0,0,0,0.0341,21.111111111,25.555555556
1,0.549,0.185,0.421,0.236,0,0,0,0,0,0,0.171,21.111111111,25.555555556
1,0.541,0.308,0.421,0.335,0,0,0,0,0,0,0.137,21.111111111,25.555555556
1,0.541,0.36,0.421,0.333,0,0,0,0,0,0,0.171,21.111111111,25.555555556
1,0.548,0.406,0.421,0.333,0,0,0,0,0,0,0.427,21.111111111,25.555555556
0.867,0.571,0.383,0.421,0.296,0,0,0.255,0.254,0.267,0,0.0341,21.111111111,25.555555556
0.883,0.611,0.411,0.421,0.309,0,0,0.459,0,0.85,0,0.0341,21.111111111,25.555555556
0.875,0.636,0.428,0.491,0.324,0.384,0.517,0.25,0,0,0.0167,0,21.111111111,25.555555556
1,0.653,0.605,0.936,0.434,0.522,0.867,0,0,0,0.217,0.0341,21.111111111,25.555555556
1,0.637,0.768,1,0.552,0,0,0,0,0,0,0.0341,21.111111111,25.555555556
1,0.604,0.844,1,0.696,0,0,0,0,0,0,0.0341,21.111111111,25.555555556
1,0.553,0.717,1,0.735,0,0,0,0,0,0,0.171,21.111111111,25.555555556
1,0.505,0.429,1,0.493,0,0,0,0,0,0,0,21.111111111,25.555555556
1,0.486,0.181,0.923,0.209,0,0,0,0,0,0,0,21.111111111,25.555555556
1,0.514,0.0436,0.711,0.0812,0,0,0,0,0,0,0,21.111111111,25.555555556
1,0.527,0.0249,0.633,0.0595,0,0,0,0,0,0,0.0341,21.111111111,25.555555556
1,0.565,0.0162,0.421,0.0502,0,0,0,0,0,0,0,21.111111111,25.555555556
1,0.565,0.0162,0.421,0.0502,0,0,0,0,0,0,0,21.111111111,25.555555556
1,0.565,0.0162,0.421,0.0502,0,0,0,0,0,0,0,21.111111111,25.555555556
1,0.565,0.0162,0.421,0.0502,0,0,0,0,0,0,0,21.111111111,25.555555556
1,0.56,0.0259,0.421,0.0964,0,0,0,0,0,0,0,21.111111111,25.555555556
1,0.548,0.0552,0.421,0.223,0,0,0,0,0,0,0.251,21.111111111,26.666666667
0.992,0.553,0.0643,0.421,0.216,0,0,0,0,0,0,0.216,21.111111111,26.666666667
0.5,0.565,0.0162,0.421,0.0502,0,0,0,0,0,0,0,21.111111111,26.666666667
0.5,0.561,0.0354,0.421,0.0899,0,0,0,0,0,0,0,21.111111111,26.666666667
0.117,0.562,0.033,0.421,0.085,0,0,0,0,0,0,0,21.111111111,26.666666667
0,0.565,0.0162,0.421,0.0502,0,0,0,0,0,0,0,21.111111111,26.666666667
0,0.565,0.0162,0.421,0.0502,0,0,0,0,0,0,0,21.111111111,26.666666667
0,0.565,0.0162,0.421,0.0502,0,0,0,0,0,0,0,21.111111111,26.666666667
0.383,0.57,0.104,0.421,0.159,0,0,0,0,0,0,0.979,21.111111111,25.555555556
0.5,0.59,0.158,0.421,0.196,0,0,0,0,0,0,0.494,21.111111111,25.555555556
0.633,0.618,0.257,0.552,0.257,0,0,0,0,0,0,0.377,21.111111111,25.555555556
1,0.653,0.516,0.936,0.434,0,0,0,0,0,0.233,0.292,21.111111111,25.555555556
1,0.637,0.694,1,0.552,0,0,0,0,0,0,0.0683,21.111111111,25.555555556
1,0.604,0.795,1,0.696,0,0,0,0,0,0,0,21.111111111,25.555555556
1,0.553,0.684,1,0.735,0,0,0,0,0,0,0.257,21.111111111,25.555555556
1,0.523,0.312,0.85,0.4,0,0,0,0,0,0,0,21.111111111,25.555555556
1,0.532,0.0836,0.633,0.125,0,0,0,0,0,0,0,21.111111111,25.555555556
1,0.565,0.0162,0.421,0.0502,0,0,0,0,0,0,0,21.111111111,25.555555556
1,0.565,0.0162,0.421,0.0502,0,0,0,0,0,0,0,21.111111111,25.555555556
1,0.565,0.0162,0.421,0.0502,0,0,0,0,0,0,0,21.111111111,25.555555556
1,0.565,0.0162,0.421,0.0502,0,0,0,0,0,0,0,21.111111111,25.555555556
1,0.526,0.0214,0.643,0.0617,0,0,0,0,0,0,0.0341,21.111111111,25.555555556
1,0.517,0.0314,0.711,0.116,0,0,0,0,0,0.767,0.171,21.111111111,25.555555556
1,0.532,0.0436,0.633,0.193,0,0,0,0,0,1,0.205,21.111111111,25.555555556
0.608,0.546,0.0519,0.421,0.22,0,0,0,0,0,1,0.417,21.111111111,26.666666667
0,0.565,0.0162,0.421,0.0502,0,0,0,0,0,1,0,21.111111111,26.666666667
0,0.565,0.0162,0.421,0.0502,0,0,0,0,0,1,0,21.111111111,26.666666667
0,0.565,0.0162,0.421,0.0502,0,0,0,0,0,0.283,0,21.111111111,26.666666667
0,0.565,0.0162,0.421,0.0502,0,0,0,0,0,0,0,21.111111111,26.666666667
0,0.565,0.0162,0.421,0.0502,0,0,0,0,0,0,0,21.111111111,26.666666667
0,0.565,0.0162,0.421,0.0502,0,0,0,0,0,0,0,21.111111111,26.666666667
0,0.565,0.0162,0.421,0.0502,0,0,0,0,0,0,0,21.111111111,26.666666667
0,0.565,0.0162,0.421,0.0502,0,0,0,0,0,0,0,21.111111111,25.555555556
0.383,0.585,0.127,0.421,0.163,0,0,0,0,0,0,0.171,21.111111111,25.555555556
0.5,0.606,0.197,0.487,0.21,0,0,0,0,0,0.233,0.102,21.111111111,25.555555556
0.508,0.609,0.272,0.683,0.246,0.533,0.767,0,0,0,0.267,0.019,21.111111111,25.555555556
1,0.637,0.694,1,0.552,0,0.15,0,0,0,0.2,0.106,21.111111111,25.555555556
1,0.604,0.795,1,0.696,0,0,0,0,0,0,0.0341,21.111111111,25.555555556
1,0.553,0.684,1,0.735,0,0,0,0,0,0,0,21.111111111,25.555555556
1,0.534,0.287,0.773,0.373,0,0,0,0,0,0,0,21.111111111,25.555555556
1,0.565,0.0162,0.421,0.0502,0,0,0,0,0,0,0,21.111111111,25.555555556
1,0.565,0.0162,0.421,0.0502,0,0,0,0,0,0,0,21.111111111,25.555555556
1,0.565,0.0162,0.421,0.0502,0,0,0,0,0,0,0,21.111111111,25.555555556
1,0.565,0.0162,0.421,0.0502,0,0,0,0,0,0,0,21.111111111,25.555555556
1,0.565,0.0162,0.421,0.0502,0,0,0,0,0,0,0,21.111111111,25.555555556
1,0.551,0.0194,0.498,0.0613,0,0,0,0,0,0.267,0.0683,21.111111111,25.555555556
1,0.507,0.0378,0.788,0.151,0,0,0,0,0,1,0.171,21.111111111,25.555555556
0.608,0.524,0.0486,0.701,0.22,0,0,0,0,0,0.167,0.102,21.111111111,25.555555556
0,0.565,0.0162,0.421,0.0502,0,0,0,0,0,0,0,21.111111111,26.666666667
0,0.565,0.0162,0.421,0.0502,0,0,0,0,0,0,0,21.111111111,26.666666667
0,0.565,0.0162,0.421,0.0502,0,0,0,0,0,0,0,21.111111111,26.666666667
0,0.565,0.0162,0.421,0.0502,0,0,0,0,0,0,0,21.111111111,26.666666667
0,0.565,0.0162,0.421,0.0502,0,0,0,0,0,0,0,21.111111111,26.666666667
0,0.565,0.0162,0.421,0.0502,0,0,0,0,0,0,0,21.111111111,26.666666667
0,0.565,0.0162,0.421,0.0502,0,0,0,0,0,0,0,21.111111111,26.666666667
0,0.565,0.0162,0.421,0.0502,0,0,0,0,0,0,0,21.111111111,26.666666667
0.00833,0.565,0.0184,0.421,0.0526,0,0,0,0,0,0,0,21.111111111,25.555555556
0.508,0.591,0.161,0.421,0.199,0,0,0,0,0,0,0.102,21.111111111,25.555555556
1,0.647,0.379,0.552,0.369,0,0,0,0,0,0,0.269,21.111111111,25.555555556
1,0.653,0.516,0.936,0.434,0.0578,0.0167,0,0,0,0,0.164,21.111111111,25.555555556
1,0.637,0.694,1,0.552,0.64,1,0,0,0,0,0.137,21.111111111,25.555555556
1,0.604,0.795,1,0.696,0,0.367,0,0,0,0,0.018,21.111111111,25.555555556
1,0.559,0.437,0.778,0.479,0,0,0,0,0,0,0.317,21.111111111,25.555555556
1,0.535,0.204,0.711,0.272,0,0,0,0,0,0,0,21.111111111,25.555555556
1,0.532,0.0836,0.633,0.125,0,0,0,0,0,0,0,21.111111111,25.555555556
1,0.565,0.0162,0.421,0.0502,0,0,0,0,0,0,0,21.111111111,25.555555556
1,0.565,0.0162,0.421,0.0502,0,0,0,0,0,0,0,21.111111111,25.555555556
1,0.551,0.0161,0.498,0.0502,0,0,0,0,0,0,0.305,21.111111111,25.555555556
1,0.527,0.016,0.633,0.0502,0,0,0,0,0,0,0.12,21.111111111,25.555555556
1,0.565,0.0162,0.421,0.0502,0,0,0,0,0,0,0,21.111111111,25.555555556
1,0.565,0.0162,0.421,0.0502,0,0,0,0,0,0,0,21.111111111,25.555555556
0.992,0.555,0.035,0.421,0.14,0,0,0,0,0,0.267,0.268,21.111111111,25.555555556
0.117,0.56,0.0247,0.421,0.0906,0,0,0,0,0,0.45,0.0881,21.111111111,26.666666667
0,0.565,0.0162,0.421,0.0502,0,0,0,0,0,0,0,21.111111111,26.666666667
0,0.565,0.0162,0.421,0.0502,0,0,0,0,0,0,0,21.111111111,26.666666667
0,0.565,0.0162,0.421,0.0502,0,0,0,0,0,0,0,21.111111111,26.666666667
0,0.565,0.0162,0.421,0.0502,0,0,0,0,0,0,0,21.111111111,26.666666667
0,0.565,0.0162,0.421,0.0502,0,0,0,0,0,0,0,21.111111111,26.666666667
0,0.565,0.0162,0.421,0.0502,0,0,0,0,0,0,0,21.111111111,26.666666667
0,0.565,0.0162,0.421,0.0502,0,0,0,0,0,0,0,21.111111111,26.666666667
0,0.565,0.0162,0.421,0.0502,0,0,0,0,0,0,0,21.111111111,25.555555556
0.258,0.58,0.0935,0.421,0.127,0,0,0,0,0,0,0.102,21.111111111,25.555555556
0.5,0.606,0.197,0.487,0.21,0,0,0,0,0,0,0.0683,21.111111111,25.555555556
0.508,0.609,0.272,0.683,0.246,0,0,0,0,0,0,0.137,21.111111111,25.555555556
1,0.637,0.694,1,0.552,0,0,0,0,0,0,0.0341,21.111111111,25.555555556
1,0.604,0.789,0.995,0.69,0,0,0,0,0,0,0.122,21.111111111,25.555555556
1,0.559,0.35,0.711,0.393,0,0,0,0,0,0,0,21.111111111,25.555555556
1,0.535,0.203,0.706,0.27,0,0,0,0,0,0,0.0683,21.111111111,25.555555556
1,0.565,0.0162,0.421,0.0502,0,0,0,0,0,0,0,21.111111111,25.555555556
1,0.565,0.0162,0.421,0.0502,0,0,0,0,0,0,0,21.111111111,25.555555556
1,0.565,0.0162,0.421,0.0502,0,0,0,0,0,0,0,21.111111111,25.555555556
1,0.565,0.0162,0.421,0.0502,0,0,0,0,0,0,0,21.111111111,25.555555556
1,0.565,0.0162,0.421,0.0502,0,0,0,0,0,0,0,21.111111111,25.555555556
1,0.565,0.0162,0.421,0.0502,0,0,0,0,0,0,0,21.111111111,25.555555556
1,0.554,0.0226,0.498,0.0853,0,0,0,0,0,0,0.171,21.111111111,25.555555556
0.992,0.527,0.0527,0.633,0.236,0,0,0,0,0,0,0.272,21.111111111,25.555555556
0.117,0.56,0.0247,0.421,0.0906,0,0,0,0,0,0,0.0341,21.111111111,26.666666667
0,0.565,0.0162,0.421,0.0502,0,0,0,0,0,0,0,21.111111111,26.666666667
0,0.565,0.0162,0.421,0.0502,0,0,0,0,0,0,0,21.111111111,26.666666667
0,0.565,0.0162,0.421,0.0502,0,0,0,0,0,0,0,21.111111111,26.666666667
0,0.565,0.0162,0.421,0.0502,0,0,0,0,0,0,0,21.111111111,26.666666667
0,0.565,0.0162,0.421,0.0502,0,0,0,0,0,0,0,21.111111111,26.666666667
0,0.565,0.0162,0.421,0.0502,0,0,0,0,0,0,0,21.111111111,26.666666667
0.383,0.559,0.0908,0.421,0.158,0,0,0,0,0,0,0.0341,21.111111111,26.666666667
0.5,0.571,0.129,0.421,0.192,0,0,0,0,0,0,0.171,21.111111111,25.555555556
0.5,0.59,0.158,0.421,0.196,0,0,0,0,0,0,0.137,21.111111111,25.555555556
0.5,0.606,0.197,0.487,0.21,0,0,0,0,0,0.0167,0.102,21.111111111,25.555555556
0.5,0.609,0.266,0.678,0.242,0,0,0,0,0,0.217,0.273,21.111111111,25.555555556
0.633,0.608,0.461,0.788,0.382,0,0,0,0,0,0,0.102,21.111111111,25.555555556
1,0.604,0.795,1,0.696,0,0,0,0,0,0,0.288,21.111111111,25.555555556
1,0.553,0.68,0.995,0.731,0,0,0,0,0,0,0,21.111111111,25.555555556
1,0.553,0.124,0.561,0.178,0,0,0,0,0,0,0,21.111111111,25.555555556
1,0.565,0.0168,0.421,0.0502,0,0,0,0,0,0,0,21.111111111,25.555555556
1,0.565,0.0185,0.421,0.0502,0,0,0,0,0,0,0,21.111111111,25.555555556
1,0.565,0.0185,0.421,0.0502,0,0,0,0,0,0,0,21.111111111,25.555555556
1,0.565,0.0185,0.421,0.0502,0,0,0,0,0,0,0,21.111111111,25.555555556
1,0.565,0.0185,0.421,0.0502,0,0,0,0,0,0,0,21.111111111,25.555555556
1,0.565,0.0185,0.421,0.0502,0,0,0,0,0,0,0,21.111111111,25.555555556
1,0.565,0.0185,0.421,0.0502,0,0,0,0,0,0,0,21.111111111,25.555555556
1,0.56,0.0288,0.421,0.0964,0,0,0,0,0,0,0.171,21.111111111,25.555555556
1,0.548,0.0653,0.421,0.223,0,0,0,0,0,0,0,21.111111111,25.555555556
0.617,0.553,0.0949,0.421,0.219,0,0,0,0,0,0,0.102,21.111111111,25.555555556
0.5,0.553,0.119,0.421,0.211,0,0,0,0,0,0,0.0341,21.111111111,25.555555556
0.5,0.553,0.137,0.421,0.205,0,0,0,0,0,0,0.0341,21.111111111,25.555555556
0.508,0.552,0.151,0.421,0.2,0,0,0,0,0,0.0167,0.171,21.111111111,25.555555556
1,0.559,0.0826,0.421,0.117,0,0,0,0,0,0.217,0.0341,21.111111111,25.555555556
1,0.561,0.0688,0.421,0.0879,0,0,0,0,0,0.267,0.0341,21.111111111,25.555555556
1,0.556,0.268,0.421,0.229,0,0,0,0,0,1,0.171,21.111111111,25.555555556
1,0.577,0.441,0.421,0.334,0,0,0,0,0,1,0.0341,21.111111111,25.555555556
1,0.615,0.462,0.421,0.342,0,0,0,0,0,1,0.171,21.111111111,25.555555556
1,0.647,0.496,0.552,0.369,0.446,0.767,0,0,0,0.583,0.205,21.111111111,25.555555556
1,0.653,0.605,0.936,0.434,0.352,0.417,0.317,0.508,0.0167,0,0.162,21.111111111,25.555555556
1,0.637,0.768,1,0.552,0.723,1,0,0,0.433,0,0,21.111111111,25.555555556
1,0.591,0.53,0.778,0.445,0.742,0.817,0,0,0,0,0,21.111111111,25.555555556
1,0.559,0.368,0.711,0.393,0.845,0,0,0,0,0,0,21.111111111,25.555555556
1,0.535,0.224,0.711,0.272,0.742,0,0,0,0,0,0,21.111111111,25.555555556
1,0.519,0.106,0.711,0.135,0.392,0,0,0,0,0,0.184,21.111111111,25.555555556
1,0.514,0.0516,0.711,0.0812,0,0,0,0,0,0,0.324,21.111111111,25.555555556
1,0.527,0.0297,0.633,0.0595,0,0,0,0,0,0,0.0517,21.111111111,25.555555556
1,0.565,0.0185,0.421,0.0502,0,0,0,0,0,0,0,21.111111111,25.555555556
1,0.551,0.0193,0.498,0.0505,0,0,0,0,0,0,0,21.111111111,25.555555556
1,0.514,0.0224,0.711,0.0619,0,0,0,0,0,0,0,21.111111111,25.555555556
1,0.517,0.0278,0.711,0.116,0,0,0,0,0,0.467,0.102,21.111111111,25.555555556
1,0.532,0.0415,0.633,0.193,0,0,0,0,0,0,0,21.111111111,25.555555556
1,0.548,0.0653,0.421,0.223,0,0,0,0,0,0,0,21.111111111,25.555555556
1,0.553,0.0949,0.421,0.219,0,0,0,0,0,0,0,21.111111111,25.555555556
1,0.553,0.119,0.421,0.211,0,0,0,0,0,0,0.341,21.111111111,25.555555556
1,0.553,0.137,0.421,0.205,0,0,0,0,0,0,0.205,21.111111111,25.555555556
1,0.553,0.149,0.421,0.197,0,0,0,0,0,0,0.0341,21.111111111,25.555555556
1,0.553,0.163,0.421,0.193,0,0,0,0,0,0,0.102,21.111111111,25.555555556
0.867,0.553,0.189,0.421,0.191,0,0,0,0,0,0,0.0683,21.111111111,25.555555556
0.758,0.553,0.315,0.421,0.264,0,0,0,0,0,0,0.205,21.111111111,25.555555556
1,0.577,0.441,0.421,0.334,0.108,0.0167,0,0,0,0,0,21.111111111,25.555555556
1,0.6,0.346,0.421,0.266,0.7,0.9,0,0,0,0,0.0683,21.111111111,25.555555556
1,0.606,0.257,0.487,0.21,0,0,0,0,0,0,0,21.111111111,25.555555556
1,0.609,0.312,0.678,0.242,0,0,0,0,0,0,0,21.111111111,25.555555556
1,0.608,0.506,0.788,0.382,0,0,0,0,0,0,0,21.111111111,25.555555556
1,0.604,0.741,0.923,0.597,0,0,0,0,0,0,0,21.111111111,25.555555556
0.742,0.565,0.206,0.561,0.229,0,0,0,0,0,0,0,21.111111111,25.555555556
0.5,0.565,0.0185,0.421,0.0502,0,0,0,0,0,0,0,21.111111111,25.555555556
0.5,0.565,0.0179,0.421,0.0502,0,0,0,0,0,0,0,21.111111111,25.555555556
0.633,0.565,0.0162,0.421,0.0502,0,0,0,0,0,0,0,21.111111111,25.555555556
1,0.565,0.0162,0.421,0.0502,0,0,0,0,0,0,0,21.111111111,25.555555556
1,0.565,0.0162,0.421,0.0502,0,0,0,0,0,0,0,21.111111111,25.555555556
1,0.565,0.0162,0.421,0.0502,0,0,0,0,0,0,0,21.111111111,25.555555556
1,0.565,0.0162,0.421,0.0502,0,0,0,0,0,0,0,21.111111111,25.555555556
1,0.554,0.0226,0.498,0.0853,0,0,0,0,0,0,0.117,21.111111111,25.555555556
1,0.532,0.0436,0.633,0.193,0,0,0,0,0,0.717,0.4,21.111111111,25.555555556
0.992,0.545,0.0668,0.421,0.265,0,0,0,0,0,0,0.685,21.111111111,26.666666667
0.5,0.553,0.0652,0.421,0.219,0,0,0,0,0,0,0.173,21.111111111,26.666666667
0.367,0.556,0.0575,0.421,0.17,0,0,0,0,0,0,0.0341,21.111111111,26.666666667
0,0.565,0.0162,0.421,0.0502,0,0,0,0,0,0,0,21.111111111,26.666666667
0,0.565,0.0162,0.421,0.0502,0,0,0,0,0,0,0,21.111111111,26.666666667
0,0.565,0.0162,0.421,0.0502,0,0,0,0,0,0,0,21.111111111,26.666666667
0.383,0.565,0.0162,0.421,0.0502,0,0,0,0,0,0,0,21.111111111,26.666666667
0.5,0.565,0.0162,0.421,0.0502,0,0,0,0,0,0,0,21.111111111,26.666666667
0.75,0.565,0.0688,0.421,0.121,0,0,0,0,0,0,0.239,21.111111111,25.555555556
0.5,0.565,0.0162,0.421,0.0502,0,0,0,0,0,0,0,21.111111111,25.555555556
0.5,0.565,0.0162,0.421,0.0502,0,0,0,0,0,0,0,21.111111111,25.555555556
0.633,0.575,0.101,0.498,0.112,0,0,0,0,0,0.267,0,21.111111111,25.555555556
1,0.601,0.355,0.711,0.301,0,0,0,0,0,0.933,0.0341,21.111111111,25.555555556
0.742,0.577,0.207,0.561,0.198,0,0,0,0,0,0,0.0683,21.111111111,25.555555556
0.883,0.559,0.259,0.638,0.302,0,0,0,0,0,0,0.11,21.111111111,25.555555556
1,0.565,0.0162,0.421,0.0502,0,0,0,0,0,0,0,21.111111111,25.555555556
1,0.565,0.0162,0.421,0.0502,0,0,0,0,0,0,0,21.111111111,25.555555556
1,0.565,0.0162,0.421,0.0502,0,0,0,0,0,0,0,21.111111111,25.555555556
1,0.565,0.0162,0.421,0.0502,0,0,0,0,0,0,0,21.111111111,25.555555556
1,0.565,0.0162,0.421,0.0502,0,0,0,0,0,0,0,21.111111111,25.555555556
1,0.551,0.0173,0.498,0.0505,0,0,0,0,0,0,0,21.111111111,25.555555556
0.617,0.553,0.0172,0.489,0.0504,0,0,0,0,0,0,0,21.111111111,25.555555556
0.5,0.565,0.0162,0.421,0.0502,0,0,0,0,0,0,0,21.111111111,25.555555556
0.5,0.565,0.0162,0.421,0.0502,0,0,0,0,0,0,0,21.111111111,25.555555556
0.5,0.565,0.0162,0.421,0.0502,0,0,0,0,0,0,0,21.111111111,26.666666667
0.5,0.555,0.0544,0.421,0.179,0,0,0,0,0,0,0.366,21.111111111,26.666666667
0.5,0.553,0.0746,0.421,0.211,0,0,0,0,0,0,0.193,21.111111111,26.666666667
0.5,0.553,0.0824,0.421,0.205,0,0,0,0,0,0,0.652,21.111111111,26.666666667
0.5,0.553,0.0893,0.421,0.197,0,0,0,0,0,0,0.37,21.111111111,26.666666667
0.5,0.553,0.0955,0.421,0.193,0,0,0,0,0,0,0.315,21.111111111,26.666666667
0.5,0.553,0.105,0.421,0.191,0,0,0,0,0,0,0.259,21.111111111,26.666666667
0.5,0.556,0.112,0.421,0.191,0,0,0,0,0,0,0.171,21.111111111,26.666666667
0.5,0.571,0.129,0.421,0.192,0,0,0,0,0,0,0.205,21.111111111,25.555555556
0.117,0.569,0.0472,0.421,0.0838,0,0,0,0,0,0,0,21.111111111,25.555555556
0,0.565,0.0162,0.421,0.0502,0,0,0,0,0,0,0,21.111111111,25.555555556
0,0.565,0.0162,0.421,0.0502,0,0,0,0,0,0,0,21.111111111,25.555555556
0.267,0.582,0.208,0.575,0.195,0,0,0,0,0,0.233,0,21.111111111,25.555555556
1,0.604,0.795,1,0.696,0,0,0,0,0,0,0,21.111111111,25.555555556
1,0.559,0.531,0.85,0.572,0,0,0,0,0,0,0,21.111111111,25.555555556
1,0.535,0.204,0.711,0.272,0,0,0,0,0,0,0,21.111111111,25.555555556
1,0.532,0.0836,0.633,0.125,0,0,0,0,0,0,0,21.111111111,25.555555556
1,0.565,0.0162,0.421,0.0502,0,0,0,0,0,0,0,21.111111111,25.555555556
1,0.565,0.0162,0.421,0.0502,0,0,0,0,0,0,0,21.111111111,25.555555556
1,0.565,0.0162,0.421,0.0502,0,0,0,0,0,0,0,21.111111111,25.555555556
1,0.565,0.0162,0.421,0.0502,0,0,0,0,0,0,0,21.111111111,25.555555556
1,0.565,0.0162,0.421,0.0502,0,0,0,0,0,0,0,21.111111111,25.555555556
1,0.554,0.0226,0.498,0.0853,0,0,0,0,0,0,0.125,21.111111111,25.555555556
1,0.527,0.0533,0.633,0.239,0,0,0,0,0,0,0.197,21.111111111,25.555555556
1,0.531,0.0942,0.421,0.395,0,0,0,0,0,0,0.447,21.111111111,26.666666667
1,0.541,0.114,0.421,0.388,0,0,0,0,0,0,0.303,21.111111111,26.666666667
0.867,0.544,0.116,0.421,0.331,0,0,0,0,0,0,0.411,21.111111111,26.666666667
0.5,0.553,0.0824,0.421,0.205,0,0,0,0,0,0,0.483,21.111111111,26.666666667
0.367,0.556,0.0689,0.421,0.159,0,0,0,0,0,0,0.0341,21.111111111,26.666666667
0,0.565,0.0162,0.421,0.0502,0,0,0,0,0,0,0,21.111111111,26.666666667
0.258,0.558,0.0629,0.421,0.123,0,0,0,0,0,0,0.171,21.111111111,26.666666667
0.5,0.556,0.112,0.421,0.191,0,0,0,0,0,0.767,0.0341,21.111111111,26.666666667
0.367,0.565,0.0934,0.421,0.154,0,0,0,0,0,0.433,0.0341,21.111111111,25.555555556
0.00833,0.565,0.019,0.421,0.0528,0,0,0,0,0,0,0.0341,21.111111111,25.555555556
0.367,0.594,0.137,0.421,0.162,0,0,0,0,0,0,0,21.111111111,25.555555556
0.517,0.609,0.299,0.698,0.262,0,0,0.0901,0.0169,0,0.233,0.287,21.111111111,25.555555556
1,0.637,0.694,1,0.552,0,0,0.285,0.237,0.767,0,0.171,21.111111111,25.555555556
1,0.604,0.789,0.995,0.69,0,0,0.673,0,0.133,0,0.207,21.111111111,25.555555556
1,0.565,0.291,0.633,0.322,0,0,0,0,0,0,0,21.111111111,25.555555556
1,0.565,0.0162,0.421,0.0502,0,0,0,0,0,0,0,21.111111111,25.555555556
1,0.565,0.0162,0.421,0.0502,0,0,0,0,0,0,0,21.111111111,25.555555556
1,0.565,0.0162,0.421,0.0502,0,0,0,0,0,0,0,21.111111111,25.555555556
1,0.565,0.0162,0.421,0.0502,0,0,0,0,0,0,0,21.111111111,25.555555556
1,0.565,0.0162,0.421,0.0502,0,0,0,0,0,0,0,21.111111111,25.555555556
1,0.565,0.0162,0.421,0.0502,0,0,0,0,0,0,0,21.111111111,25.555555556
0.992,0.539,0.0202,0.566,0.0608,0,0,0,0,0,0,0.159,21.111111111,25.555555556
0.758,0.554,0.0226,0.498,0.0853,0,0,0,0,0,0,0.115,21.111111111,25.555555556
0.992,0.532,0.043,0.633,0.19,0,0,0,0,0,0,0.117,21.111111111,25.555555556
0.5,0.561,0.0286,0.421,0.0959,0,0,0,0,0,0,0.157,21.111111111,26.666666667
0.117,0.562,0.027,0.421,0.0902,0,0,0,0,0,0,0.132,21.111111111,26.666666667
0.258,0.558,0.0454,0.421,0.134,0,0,0,0,0,0,0.0341,21.111111111,26.666666667
0.5,0.553,0.0824,0.421,0.205,0,0,0,0,0,0.267,0.137,21.111111111,26.666666667
0.117,0.562,0.033,0.421,0.085,0,0,0,0,0,0.933,0,21.111111111,26.666666667
0,0.565,0.0162,0.421,0.0502,0,0,0,0,0,0,0,21.111111111,26.666666667
0,0.565,0.0162,0.421,0.0502,0,0,0,0,0,0,0,21.111111111,26.666666667
0,0.565,0.0162,0.421,0.0502,0,0,0,0,0,0,0,21.111111111,26.666666667
0.125,0.57,0.0494,0.421,0.0862,0,0,0,0,0,0,0,21.111111111,25.555555556
0,0.565,0.0162,0.421,0.0502,0,0,0,0,0,0,0,21.111111111,25.555555556
0.258,0.587,0.118,0.487,0.136,0,0,0,0,0,0.517,0.102,21.111111111,25.555555556
0.758,0.631,0.408,0.817,0.348,0,0,0,0,0,1,0.315,21.111111111,25.555555556
1,0.637,0.694,1,0.552,0,0,0,0,0,0.4,0,21.111111111,25.555555556
1,0.604,0.795,1,0.696,0,0,0,0,0,0,0.137,21.111111111,25.555555556
1,0.553,0.684,1,0.735,0,0,0,0,0,0,0,21.111111111,25.555555556
1,0.523,0.312,0.85,0.4,0,0,0,0,0,0,0.148,21.111111111,25.555555556
1,0.532,0.0836,0.633,0.125,0,0,0,0,0,0,0,21.111111111,25.555555556
1,0.565,0.0162,0.421,0.0502,0,0,0,0,0,0,0,21.111111111,25.555555556
1,0.565,0.0162,0.421,0.0502,0,0,0,0,0,0,0,21.111111111,25.555555556
1,0.565,0.0162,0.421,0.0502,0,0,0,0,0,0,0,21.111111111,25.555555556
1,0.551,0.0173,0.498,0.0505,0,0,0,0,0,0,0.0683,21.111111111,25.555555556
1,0.514,0.0224,0.711,0.0619,0,0,0,0,0,0,0.137,21.111111111,25.555555556
1,0.517,0.0314,0.711,0.116,0,0,0,0,0,0,0.137,21.111111111,25.555555556
0.742,0.523,0.0496,0.706,0.226,0,0,0,0,0,0.233,0.195,21.111111111,25.555555556
0.367,0.551,0.0428,0.421,0.177,0,0,0,0,0,0,0.102,21.111111111,26.666666667
0,0.565,0.0162,0.421,0.0502,0,0,0,0,0,0,0,21.111111111,26.666666667
0.125,0.562,0.0303,0.421,0.0909,0,0,0,0,0,0,0.0683,21.111111111,26.666666667
0.00833,0.564,0.0174,0.421,0.0527,0,0,0,0,0,0,0,21.111111111,26.666666667
0.242,0.559,0.0509,0.421,0.122,0,0,0,0,0,0,0.0683,21.111111111,26.666666667
0,0.565,0.0162,0.421,0.0502,0,0,0,0,0,0,0,21.111111111,26.666666667
0,0.565,0.0162,0.421,0.0502,0,0,0,0,0,0,0,21.111111111,26.666666667
0,0.565,0.0162,0.421,0.0502,0,0,0,0,0,0,0,21.111111111,26.666666667
0,0.565,0.0162,0.421,0.0502,0,0,0,0,0,0,0,21.111111111,25.555555556
0.00833,0.565,0.019,0.421,0.0528,0,0,0,0,0,0,0.0341,21.111111111,25.555555556
0.508,0.607,0.201,0.491,0.213,0,0,0,0,0,0,0.0169,21.111111111,25.555555556
0.742,0.631,0.375,0.797,0.328,0.505,0.517,0,0,0,0,0.153,21.111111111,25.555555556
0.5,0.601,0.355,0.711,0.301,0.352,0.167,0,0,0,0,0.0683,21.111111111,25.555555556
0.5,0.584,0.406,0.711,0.373,0.0746,0.0167,0,0,0,0,0,21.111111111,25.555555556
0.883,0.559,0.537,0.855,0.578,0.606,0.2,0,0,0,0,0,21.111111111,25.555555556
1,0.535,0.204,0.711,0.272,0.66,0,0,0,0,0,0.0341,21.111111111,25.555555556
1,0.52,0.0941,0.706,0.134,0,0,0,0,0,0,0.115,21.111111111,25.555555556
1,0.565,0.0185,0.421,0.0502,0,0,0,0,0,0,0,21.111111111,25.555555556
1,0.565,0.0185,0.421,0.0502,0,0,0,0,0,0,0,21.111111111,25.555555556
1,0.565,0.0185,0.421,0.0502,0,0,0,0,0,0,0,21.111111111,25.555555556
1,0.565,0.0185,0.421,0.0502,0,0,0,0,0,0,0,21.111111111,25.555555556
1,0.565,0.0185,0.421,0.0502,0,0,0,0,0,0,0,21.111111111,25.555555556
1,0.565,0.0185,0.421,0.0502,0,0,0,0,0,0,0,21.111111111,25.555555556
1,0.56,0.0288,0.421,0.0964,0,0,0,0,0,0.233,0,21.111111111,25.555555556
1,0.548,0.0653,0.421,0.223,0,0,0,0,0,0,0.167,21.111111111,25.555555556
1,0.543,0.155,0.421,0.348,0,0,0,0,0,0,0.52,21.111111111,25.555555556
1,0.541,0.22,0.421,0.373,0.39,0.267,0,0,0,0.233,0.162,21.111111111,25.555555556
1,0.541,0.255,0.421,0.36,0.826,0.65,0,0,0,0,0.347,21.111111111,25.555555556
1,0.541,0.279,0.421,0.345,0.692,0,0,0,0,0,0.153,21.111111111,25.555555556
1,0.541,0.308,0.421,0.335,0.559,0,0,0,0,0,0.222,21.111111111,25.555555556
1,0.541,0.36,0.421,0.333,0.567,0,0,0,0,0,0.323,21.111111111,25.555555556
0.992,0.548,0.403,0.421,0.33,0.593,0,0,0,0,0,0.0341,21.111111111,25.555555556
0.883,0.577,0.393,0.421,0.301,0.276,0,0,0,0,0.233,0.0341,21.111111111,25.555555556
1,0.615,0.462,0.421,0.342,0,0,0,0,0,0,0.102,21.111111111,25.555555556
1,0.647,0.496,0.552,0.369,0,0,0,0,0,0,0.0341,21.111111111,25.555555556
0.875,0.63,0.47,0.813,0.345,0,0,0,0,0,0,0.0989,21.111111111,25.555555556
1,0.62,0.566,0.85,0.412,0,0,0,0,0,0,0.0754,21.111111111,25.555555556
1,0.584,0.431,0.711,0.373,0,0,0,0,0,0,0.0683,21.111111111,25.555555556
1,0.559,0.364,0.706,0.388,0,0,0,0,0,0,0.0683,21.111111111,25.555555556
1,0.565,0.0185,0.421,0.0502,0,0,0,0,0,0,0,21.111111111,25.555555556
1,0.565,0.0185,0.421,0.0502,0,0,0,0,0,0,0,21.111111111,25.555555556
1,0.565,0.0185,0.421,0.0502,0,0,0,0,0,0,0,21.111111111,25.555555556
1,0.565,0.0185,0.421,0.0502,0,0,0,0,0,0,0,21.111111111,25.555555556
1,0.565,0.0185,0.421,0.0502,0,0,0,0,0,0,0,21.111111111,25.555555556
1,0.565,0.0185,0.421,0.0502,0,0,0,0,0,0,0,21.111111111,25.555555556
1,0.565,0.0185,0.421,0.0502,0,0,0,0,0,0,0,21.111111111,25.555555556
1,0.565,0.0185,0.421,0.0502,0,0,0,0,0,0,0,21.111111111,25.555555556
1,0.541,0.0375,0.566,0.162,0.352,0.267,0,0,0,0,0.0341,21.111111111,25.555555556
1,0.548,0.0653,0.421,0.223,0.431,0.65,0.497,0.254,0.517,0,0.137,21.111111111,25.555555556
1,0.549,0.12,0.421,0.263,0,0,0.498,0,0.383,0,0,21.111111111,25.555555556
1,0.541,0.22,0.421,0.373,0,0,0.423,0,0,0,0.0683,21.111111111,25.555555556
1,0.541,0.255,0.421,0.36,0,0,0.386,0,0,0,0.239,21.111111111,25.555555556
1,0.541,0.279,0.421,0.345,0,0,0,0,0,0,0.205,21.111111111,25.555555556
1,0.541,0.308,0.421,0.335,0,0,0,0,0,0,0.102,21.111111111,25.555555556
1,0.541,0.36,0.421,0.333,0,0,0,0,0,0,0.137,21.111111111,25.555555556
0.617,0.553,0.256,0.421,0.224,0,0,0,0,0,0,0.0341,21.111111111,25.555555556
0.758,0.576,0.341,0.421,0.266,0,0,0,0,0,0,0,21.111111111,25.555555556
1,0.615,0.462,0.421,0.342,0,0,0,0,0,0.267,0.0341,21.111111111,25.555555556
1,0.647,0.496,0.552,0.369,0,0,0,0,0,1,0.0341,21.111111111,25.555555556
1,0.653,0.605,0.936,0.434,0,0,0,0,0,1,0,21.111111111,25.555555556
1,0.636,0.761,0.995,0.546,0,0,0,0,0,1,0,21.111111111,25.555555556
1,0.584,0.431,0.711,0.373,0,0,0,0,0,1,0,21.111111111,25.555555556
1,0.559,0.368,0.711,0.393,0,0,0,0,0,0.55,0,21.111111111,25.555555556
1,0.535,0.224,0.711,0.272,0,0,0,0,0,0,0,21.111111111,25.555555556
1,0.519,0.104,0.711,0.135,0,0,0,0,0,0,0,21.111111111,25.555555556
1,0.514,0.0436,0.711,0.0812,0,0,0.315,0.271,0,0,0,21.111111111,25.555555556
1,0.527,0.0249,0.633,0.0595,0,0,0.0818,0.237,0.667,0,0,21.111111111,25.555555556
1,0.565,0.0162,0.421,0.0502,0,0,0,0,0,0,0,21.111111111,25.555555556
1,0.551,0.0173,0.498,0.0505,0,0,0,0,0,0,0,21.111111111,25.555555556
1,0.514,0.0224,0.711,0.0619,0,0,0,0,0,0,0.273,21.111111111,25.555555556
1,0.517,0.0314,0.711,0.116,0,0,0,0,0,0,0.523,21.111111111,25.555555556
0.617,0.532,0.0436,0.633,0.193,0.828,0.217,0,0,0,0,0.348,21.111111111,25.555555556
0.5,0.548,0.0552,0.421,0.223,0.145,0,0,0,0,0,0.433,21.111111111,26.666666667
0.242,0.559,0.0386,0.421,0.133,0,0,0,0,0,0,0.0341,21.111111111,26.666666667
0,0.565,0.0162,0.421,0.0502,0,0,0,0,0,0,0,21.111111111,26.666666667
0,0.565,0.0162,0.421,0.0502,0,0,0,0,0,0,0,21.111111111,26.666666667
0,0.565,0.0162,0.421,0.0502,0,0,0,0,0,0,0,21.111111111,26.666666667
0,0.565,0.0162,0.421,0.0502,0,0,0,0,0,0,0,21.111111111,26.666666667
0,0.565,0.0162,0.421,0.0502,0,0,0,0,0,0,0,21.111111111,26.666666667
0.383,0.559,0.0908,0.421,0.158,0,0,0,0,0,0,0.0341,21.111111111,26.666666667
0.492,0.57,0.127,0.421,0.19,0,0,0,0,0,0,0.171,21.111111111,25.555555556
0.142,0.576,0.063,0.421,0.0935,0,0,0,0,0,0,0.0341,21.111111111,25.555555556
0.75,0.626,0.281,0.491,0.286,0.0755,0.0167,0,0,0,0,0,21.111111111,25.555555556
0.867,0.643,0.431,0.858,0.373,0.706,0.667,0,0,0,0,0,21.111111111,25.555555556
0.883,0.628,0.62,0.932,0.498,0.218,0,0,0,0,0,0,21.111111111,25.555555556
1,0.604,0.795,1,0.696,0,0,0,0,0,0,0.0341,21.111111111,25.555555556
1,0.553,0.684,1,0.735,0,0,0,0,0,0,0,21.111111111,25.555555556
1,0.505,0.392,1,0.493,0,0,0,0,0,0,0,21.111111111,25.555555556
1,0.522,0.105,0.701,0.148,0,0,0,0,0,0,0,21.111111111,25.555555556
1,0.565,0.0162,0.421,0.0502,0,0,0,0,0,0,0,21.111111111,25.555555556
1,0.565,0.0162,0.421,0.0502,0,0,0,0,0,0,0,21.111111111,25.555555556
1,0.565,0.0162,0.421,0.0502,0,0,0,0,0,0,0,21.111111111,25.555555556
1,0.565,0.0162,0.421,0.0502,0,0,0,0,0,0,0,21.111111111,25.555555556
0.867,0.565,0.0162,0.421,0.0502,0,0,0,0,0,0,0,21.111111111,25.555555556
0.5,0.565,0.0162,0.421,0.0502,0,0,0,0,0,0,0,21.111111111,25.555555556
0.367,0.546,0.0283,0.566,0.116,0,0,0,0,0,0,0.231,21.111111111,25.555555556
0.258,0.557,0.0376,0.421,0.139,0,0,0,0,0,0.517,0.0683,21.111111111,26.666666667
0.117,0.562,0.027,0.421,0.0902,0,0,0,0,0,0.917,0,21.111111111,26.666666667
0,0.565,0.0162,0.421,0.0502,0,0,0,0,0,0,0,21.111111111,26.666666667
0,0.565,0.0162,0.421,0.0502,0,0,0,0,0,0,0,21.111111111,26.666666667
0,0.565,0.0162,0.421,0.0502,0,0,0,0,0,0,0,21.111111111,26.666666667
0,0.565,0.0162,0.421,0.0502,0,0,0,0,0,0,0,21.111111111,26.666666667
0,0.565,0.0162,0.421,0.0502,0,0,0,0,0,0,0,21.111111111,26.666666667
0,0.565,0.0162,0.421,0.0502,0,0,0,0,0,0,0,21.111111111,26.666666667
0.258,0.57,0.078,0.421,0.124,0,0,0,0,0,0,0.14,21.111111111,25.555555556
0.367,0.579,0.114,0.421,0.156,0,0,0,0,0,0,0.137,21.111111111,25.555555556
0.258,0.587,0.118,0.487,0.136,0,0,0,0,0,0,0.0341,21.111111111,25.555555556
0.367,0.598,0.181,0.601,0.181,0,0,0,0,0,0,0.137,21.111111111,25.555555556
0.133,0.572,0.122,0.498,0.132,0,0,0,0,0,0,0.0341,21.111111111,25.555555556
0.883,0.598,0.703,0.932,0.625,0,0,0,0,0,0,0.102,21.111111111,25.555555556
1,0.559,0.624,0.923,0.664,0,0,0,0,0,0,0.0683,21.111111111,25.555555556
1,0.535,0.204,0.711,0.272,0,0,0,0,0,0,0,21.111111111,25.555555556
1,0.541,0.0464,0.566,0.0839,0,0,0,0,0,0,0.0341,21.111111111,25.555555556
1,0.514,0.0436,0.711,0.0812,0,0,0,0,0,0,0.171,21.111111111,25.555555556
1,0.553,0.019,0.489,0.0532,0,0,0,0,0,0,0,21.111111111,25.555555556
1,0.565,0.0162,0.421,0.0502,0,0,0,0,0,0,0,21.111111111,25.555555556
1,0.565,0.0162,0.421,0.0502,0,0,0,0,0,0,0,21.111111111,25.555555556
1,0.564,0.0164,0.426,0.0509,0,0,0,0,0,0,0.0523,21.111111111,25.555555556
0.617,0.553,0.019,0.489,0.0599,0,0,0,0,0,0,0.0909,21.111111111,25.555555556
0.5,0.565,0.0162,0.421,0.0502,0,0,0,0,0,0,0,21.111111111,25.555555556
0.5,0.565,0.0162,0.421,0.0502,0,0,0,0,0,0,0,21.111111111,26.666666667
0.367,0.565,0.0162,0.421,0.0502,0,0,0,0,0,0,0,21.111111111,26.666666667
0,0.565,0.0162,0.421,0.0502,0,0,0,0,0,0,0,21.111111111,26.666666667
0.00833,0.565,0.0162,0.421,0.0502,0,0,0,0,0,0,0,21.111111111,26.666666667
0.5,0.561,0.0366,0.421,0.0883,0,0,0,0,0,0,0.102,21.111111111,26.666666667
0.367,0.556,0.0722,0.421,0.155,0,0,0,0,0,0,0,21.111111111,26.666666667
0,0.565,0.0162,0.421,0.0502,0,0,0,0,0,0,0,21.111111111,26.666666667
0,0.565,0.0162,0.421,0.0502,0,0,0,0,0,0,0,21.111111111,26.666666667
0,0.565,0.0162,0.421,0.0502,0,0,0,0,0,0,0,21.111111111,25.555555556
0.383,0.585,0.127,0.421,0.163,0,0,0,0,0,0,0.239,21.111111111,25.555555556
0.5,0.606,0.197,0.487,0.21,0.557,0.217,0,0,0,0,0.307,21.111111111,25.555555556
0.633,0.619,0.351,0.756,0.304,0.261,0.767,0,0,0,0,0.0188,21.111111111,25.555555556
1,0.637,0.694,1,0.552,0,0.383,0,0,0,0,0.528,21.111111111,25.555555556
1,0.591,0.498,0.778,0.445,0,0,0,0,0,0,0,21.111111111,25.555555556
1,0.559,0.35,0.711,0.393,0,0,0,0,0,0,0.0683,21.111111111,25.555555556
1,0.546,0.18,0.633,0.245,0,0,0,0,0,0,0,21.111111111,25.555555556
1,0.565,0.0162,0.421,0.0502,0,0,0,0,0,0,0,21.111111111,25.555555556
1,0.565,0.0162,0.421,0.0502,0,0,0,0,0,0,0,21.111111111,25.555555556
1,0.565,0.0162,0.421,0.0502,0,0,0,0,0,0,0,21.111111111,25.555555556
1,0.565,0.0162,0.421,0.0502,0,0,0,0,0,0,0,21.111111111,25.555555556
1,0.565,0.0162,0.421,0.0502,0,0,0,0,0,0,0,21.111111111,25.555555556
1,0.565,0.0162,0.421,0.0502,0,0,0,0,0,0,0,21.111111111,25.555555556
1,0.565,0.0162,0.421,0.0502,0,0,0,0,0,0,0,21.111111111,25.555555556
1,0.536,0.0476,0.566,0.208,0,0,0,0,0,0,0.458,21.111111111,25.555555556
0.742,0.539,0.0728,0.421,0.306,0,0,0,0,0,0.717,0.434,21.111111111,26.666666667
0.242,0.559,0.0386,0.421,0.133,0,0,0,0,0,0,0.156,21.111111111,26.666666667
0,0.565,0.0162,0.421,0.0502,0,0,0,0,0,0,0,21.111111111,26.666666667
0,0.565,0.0162,0.421,0.0502,0,0,0,0,0,0,0,21.111111111,26.666666667
0.00833,0.564,0.0175,0.421,0.0526,0,0,0,0,0,0,0.0341,21.111111111,26.666666667
0.5,0.553,0.0955,0.421,0.193,0,0,0,0,0,0,0.0341,21.111111111,26.666666667
0.242,0.559,0.0585,0.421,0.118,0,0,0,0,0,0,0,21.111111111,26.666666667
0,0.565,0.0162,0.421,0.0502,0,0,0,0,0,0,0,21.111111111,26.666666667
0.0167,0.565,0.0206,0.421,0.055,0,0,0,0,0,0,0.0341,21.111111111,25.555555556
0.742,0.6,0.222,0.421,0.266,0,0,0,0,0,0,0.205,21.111111111,25.555555556
0.5,0.606,0.197,0.487,0.21,0,0,0,0,0,0,0.313,21.111111111,25.555555556
0.508,0.576,0.0741,0.483,0.0956,0,0,0,0,0,0.0167,0,21.111111111,25.555555556
1,0.601,0.355,0.711,0.301,0,0,0,0,0,0.217,0.0683,21.111111111,25.555555556
1,0.584,0.406,0.711,0.373,0,0,0,0,0,0,0.102,21.111111111,25.555555556
1,0.559,0.35,0.711,0.393,0,0,0,0,0,0,0.0341,21.111111111,25.555555556
1,0.535,0.203,0.706,0.27,0,0,0,0,0,0,0,21.111111111,25.555555556
1,0.565,0.0162,0.421,0.0502,0,0,0,0,0,0,0,21.111111111,25.555555556
1,0.565,0.0162,0.421,0.0502,0,0,0,0,0,0,0,21.111111111,25.555555556
1,0.565,0.0162,0.421,0.0502,0,0,0,0,0,0,0,21.111111111,25.555555556
1,0.565,0.0162,0.421,0.0502,0,0,0,0,0,0,0,21.111111111,25.555555556
1,0.565,0.0162,0.421,0.0502,0,0,0,0,0,0,0,21.111111111,25.555555556
1,0.551,0.0194,0.498,0.0613,0,0,0,0,0,0,0.171,21.111111111,25.555555556
1,0.517,0.0314,0.711,0.116,0,0,0,0,0,0,0.222,21.111111111,25.555555556
1,0.532,0.0436,0.633,0.193,0,0,0,0,0,0,0.369,21.111111111,25.555555556
0.617,0.56,0.0247,0.421,0.0906,0,0,0,0,0,0,0,21.111111111,26.666666667
0.367,0.559,0.0394,0.421,0.136,0,0,0,0,0,0,0.0341,21.111111111,26.666666667
0,0.565,0.0162,0.421,0.0502,0,0,0,0,0,0,0,21.111111111,26.666666667
0,0.565,0.0162,0.421,0.0502,0,0,0,0,0,0,0,21.111111111,26.666666667
0,0.565,0.0162,0.421,0.0502,0,0,0,0,0,0,0,21.111111111,26.666666667
0,0.565,0.0162,0.421,0.0502,0,0,0,0,0,0,0,21.111111111,26.666666667
0,0.565,0.0162,0.421,0.0502,0,0,0,0,0,0,0,21.111111111,26.666666667
0,0.565,0.0162,0.421,0.0502,0,0,0,0,0,0,0,21.111111111,26.666666667
0.258,0.57,0.078,0.421,0.124,0,0,0,0,0,0,0.102,21.111111111,25.555555556
0.633,0.601,0.202,0.421,0.237,0.313,0.267,0,0,0,0,0.0683,21.111111111,25.555555556
1,0.647,0.379,0.552,0.369,0.686,0.183,0,0,0,0.767,0.239,21.111111111,25.555555556
1,0.653,0.516,0.936,0.434,0.528,0,0,0,0,0.183,0.0341,21.111111111,25.555555556
1,0.63,0.589,0.923,0.47,0.638,0,0,0,0,0,0.0341,21.111111111,25.555555556
1,0.584,0.406,0.711,0.373,0,0,0,0,0,0,0,21.111111111,25.555555556
1,0.565,0.291,0.633,0.322,0,0,0,0,0,0,0.0683,21.111111111,25.555555556
1,0.565,0.0162,0.421,0.0502,0,0,0,0,0,0,0,21.111111111,25.555555556
1,0.565,0.0168,0.421,0.0502,0,0,0,0,0,0,0,21.111111111,25.555555556
1,0.565,0.0185,0.421,0.0502,0,0,0,0,0,0,0,21.111111111,25.555555556
1,0.565,0.0185,0.421,0.0502,0,0,0,0,0,0,0,21.111111111,25.555555556
1,0.565,0.0185,0.421,0.0502,0,0,0,0,0,0,0,21.111111111,25.555555556
1,0.565,0.0185,0.421,0.0502,0,0,0,0,0,0,0,21.111111111,25.555555556
1,0.565,0.0185,0.421,0.0502,0,0,0,0,0,0,0,21.111111111,25.555555556
1,0.535,0.0226,0.595,0.0763,0,0,0,0,0,0.233,0.102,21.111111111,25.555555556
1,0.523,0.0322,0.711,0.149,0,0,0,0,0,0,0,21.111111111,25.555555556
1,0.54,0.0499,0.537,0.212,0,0,0,0,0,0,0,21.111111111,25.555555556
1,0.552,0.078,0.421,0.23,0,0,0,0,0,0,0,21.111111111,25.555555556
1,0.555,0.107,0.421,0.227,0,0,0,0,0,0,0.159,21.111111111,25.555555556
1,0.554,0.142,0.421,0.237,0,0,0,0,0,0,0.171,21.111111111,25.555555556
1,0.545,0.273,0.421,0.376,0,0,0,0,0,0,0.102,21.111111111,25.555555556
1,0.545,0.295,0.421,0.362,0,0,0,0,0,0.483,0.102,21.111111111,25.555555556
1,0.545,0.336,0.421,0.355,0,0,0,0,0,0,0.0683,21.111111111,25.555555556
1,0.545,0.389,0.421,0.354,0,0,0,0,0,0,0.137,21.111111111,25.555555556
1,0.56,0.434,0.421,0.354,0,0,0.242,0.356,0,0,0.102,21.111111111,25.555555556
1,0.594,0.464,0.421,0.359,0,0,0.514,0.153,0.85,0,0.137,21.111111111,25.555555556
1,0.633,0.483,0.421,0.376,0,0,0.465,0,0.3,0,0.0683,21.111111111,25.555555556
0.7,0.627,0.374,0.568,0.307,0,0,0,0,0,0,0.0341,21.111111111,25.555555556
0.5,0.609,0.352,0.693,0.294,0,0,0,0,0,0,0,21.111111111,25.555555556
0.5,0.599,0.428,0.711,0.371,0,0,0,0,0,0,0,21.111111111,25.555555556
0.5,0.578,0.434,0.711,0.435,0,0,0,0,0,0,0,21.111111111,25.555555556
0.675,0.544,0.417,0.812,0.47,0,0,0,0,0,0,0.128,21.111111111,25.555555556
1,0.541,0.184,0.653,0.225,0,0,0,0,0,0,0.185,21.111111111,25.555555556
1,0.548,0.0615,0.537,0.0908,0,0,0,0,0,0,0,21.111111111,25.555555556
1,0.565,0.0185,0.421,0.0502,0,0,0,0,0,0,0,21.111111111,25.555555556
1,0.565,0.0185,0.421,0.0502,0,0,0,0,0,0,0,21.111111111,25.555555556
1,0.565,0.0185,0.421,0.0502,0,0,0,0,0,0,0,21.111111111,25.555555556
1,0.565,0.0185,0.421,0.0502,0,0,0,0,0,0,0,21.111111111,25.555555556
1,0.565,0.0185,0.421,0.0502,0,0,0,0,0,0,0,21.111111111,25.555555556
1,0.565,0.0185,0.421,0.0502,0,0,0,0,0,0,0,21.111111111,25.555555556
1,0.565,0.0185,0.421,0.0502,0,0,0,0,0,0,0,21.111111111,25.555555556
1,0.559,0.0619,0.421,0.158,0,0,0,0,0,0,0.0683,21.111111111,25.555555556
1,0.561,0.0474,0.421,0.122,0,0,0,0,0,0,0.0341,21.111111111,25.555555556
1,0.565,0.0185,0.421,0.0502,0,0,0,0,0,0,0,21.111111111,25.555555556
1,0.559,0.0978,0.421,0.146,0,0,0,0,0,0,0.207,21.111111111,25.555555556
1,0.555,0.157,0.421,0.206,0,0,0,0,0,0,0.204,21.111111111,25.555555556
0.95,0.555,0.177,0.421,0.203,0,0,0,0,0,0,0.0683,21.111111111,25.555555556
0.925,0.546,0.363,0.421,0.331,0,0,0,0,0,0,0.0341,21.111111111,25.555555556
0.95,0.56,0.412,0.421,0.339,0,0,0,0,0,0,0.171,21.111111111,25.555555556
0.5,0.579,0.241,0.421,0.204,0,0,0,0,0,0,0,21.111111111,25.555555556
0.5,0.599,0.251,0.421,0.213,0,0,0,0,0,0,0.0683,21.111111111,25.555555556
0.8,0.639,0.448,0.716,0.361,0,0,0,0,0,0.233,0,21.111111111,25.555555556
1,0.654,0.686,0.965,0.537,0,0,0,0,0,0,0.0341,21.111111111,25.555555556
1,0.633,0.838,1,0.691,0,0,0,0,0,0,0.0341,21.111111111,25.555555556
1,0.591,0.85,1,0.82,0,0,0,0,0,0,0,21.111111111,25.555555556
1,0.539,0.641,1,0.7,0,0,0,0,0,0,0,21.111111111,25.555555556
1,0.521,0.284,0.826,0.328,0,0,0,0,0,0,0,21.111111111,25.555555556
1,0.565,0.0162,0.421,0.0502,0,0,0,0,0,0,0,21.111111111,25.555555556
1,0.565,0.0162,0.421,0.0502,0,0,0,0,0,0,0,21.111111111,25.555555556
1,0.565,0.0162,0.421,0.0502,0,0,0,0,0,0,0,21.111111111,25.555555556
1,0.565,0.0162,0.421,0.0502,0,0,0,0,0,0,0,21.111111111,25.555555556
1,0.565,0.0162,0.421,0.0502,0,0,0,0,0,0,0,21.111111111,25.555555556
1,0.565,0.0162,0.421,0.0502,0,0,0,0,0,0,0,21.111111111,25.555555556
1,0.545,0.0297,0.575,0.123,0,0,0,0,0,0,0.192,21.111111111,25.555555556
0.742,0.531,0.0665,0.556,0.295,0,0,0,0,0,0,0.164,21.111111111,26.666666667
0.5,0.553,0.062,0.421,0.23,0,0,0,0,0,0,0.161,21.111111111,26.666666667
0.117,0.562,0.0274,0.421,0.0922,0,0,0,0,0,0,0.222,21.111111111,26.666666667
0.383,0.565,0.0162,0.421,0.0502,0,0,0,0,0,0,0,21.111111111,26.666666667
0.5,0.565,0.0162,0.421,0.0502,0,0,0,0,0,0,0,21.111111111,26.666666667
0.5,0.565,0.0162,0.421,0.0502,0,0,0,0,0,0,0,21.111111111,26.666666667
0.5,0.565,0.0162,0.421,0.0502,0,0,0,0,0,0,0,21.111111111,26.666666667
0.5,0.565,0.0162,0.421,0.0502,0,0,0,0,0,0,0,21.111111111,26.666666667
0.633,0.565,0.0453,0.421,0.0909,0,0,0,0,0,0,0.0683,21.111111111,25.555555556
1,0.582,0.147,0.421,0.205,0,0,0,0,0,0,0.205,21.111111111,25.555555556
1,0.634,0.311,0.421,0.344,0,0,0,0,0,0.267,0.0683,21.111111111,25.555555556
1,0.658,0.454,0.798,0.44,0,0,0,0,0,1,0.205,21.111111111,25.555555556
0.875,0.641,0.548,0.907,0.492,0,0,0,0,0,0.417,0.194,21.111111111,25.555555556
1,0.628,0.79,0.995,0.713,0,0,0,0,0,0,0.303,21.111111111,25.555555556
1,0.574,0.409,0.711,0.444,0,0,0,0,0,0,0,21.111111111,25.555555556
1,0.548,0.28,0.706,0.348,0,0,0,0,0,0,0,21.111111111,25.555555556
1,0.565,0.0162,0.421,0.0502,0,0,0,0,0,0,0,21.111111111,25.555555556
1,0.565,0.0162,0.421,0.0502,0,0,0,0,0,0,0,21.111111111,25.555555556
1,0.565,0.0162,0.421,0.0502,0,0,0,0,0,0,0,21.111111111,25.555555556
1,0.565,0.0162,0.421,0.0502,0,0,0,0,0,0,0,21.111111111,25.555555556
1,0.565,0.0162,0.421,0.0502,0,0,0,0,0,0,0,21.111111111,25.555555556
1,0.565,0.0162,0.421,0.0502,0,0,0,0,0,0,0,21.111111111,25.555555556
1,0.564,0.0164,0.426,0.051,0,0,0,0,0,0,0.0502,21.111111111,25.555555556
0.617,0.526,0.0385,0.711,0.165,0,0,0,0,0,0,0.274,21.111111111,25.555555556
0.633,0.539,0.0612,0.489,0.267,0,0,0,0,0,0.0167,0.298,21.111111111,26.666666667
0.992,0.542,0.107,0.421,0.406,0,0,0,0,0,0.7,0.289,21.111111111,26.666666667
0.5,0.555,0.0723,0.421,0.226,0,0,0,0,0,0,0.261,21.111111111,26.666666667
0.5,0.555,0.0809,0.421,0.22,0,0,0,0,0,0,0.0341,21.111111111,26.666666667
0.5,0.555,0.089,0.421,0.212,0,0,0,0,0,0,0.0683,21.111111111,26.666666667
0.242,0.56,0.0534,0.421,0.126,0,0,0,0,0,0,0,21.111111111,26.666666667
0,0.565,0.0162,0.421,0.0502,0,0,0,0,0,0,0,21.111111111,26.666666667
0,0.565,0.0162,0.421,0.0502,0,0,0,0,0,0,0,21.111111111,26.666666667
0.383,0.567,0.0999,0.421,0.167,0,0,0,0,0,0,0.0341,21.111111111,25.555555556
0.5,0.582,0.147,0.421,0.205,0,0,0,0,0,0,0.205,21.111111111,25.555555556
0.5,0.602,0.18,0.421,0.215,0,0,0,0,0,0,0.698,21.111111111,25.555555556
0.633,0.624,0.297,0.675,0.299,0,0,0,0,0,0,0.137,21.111111111,25.555555556
1,0.651,0.631,0.98,0.56,0,0,0,0,0,0,0.0683,21.111111111,25.555555556
1,0.629,0.797,1,0.719,0,0,0,0,0,0,0,21.111111111,25.555555556
1,0.583,0.801,1,0.837,0,0,0,0,0,0,0,21.111111111,25.555555556
1,0.537,0.489,0.923,0.583,0,0,0,0,0,0,0.0187,21.111111111,25.555555556
1,0.559,0.0701,0.489,0.114,0,0,0,0,0,0,0.393,21.111111111,25.555555556
1,0.565,0.0162,0.421,0.0502,0,0,0,0,0,0,0,21.111111111,25.555555556
1,0.565,0.0162,0.421,0.0502,0,0,0,0,0,0,0,21.111111111,25.555555556
1,0.565,0.0162,0.421,0.0502,0,0,0,0,0,0,0,21.111111111,25.555555556
1,0.565,0.0162,0.421,0.0502,0,0,0,0,0,0,0,21.111111111,25.555555556
1,0.565,0.0162,0.421,0.0502,0,0,0,0,0,0,0,21.111111111,25.555555556
1,0.565,0.0162,0.421,0.0502,0,0,0,0,0,0,0,21.111111111,25.555555556
1,0.537,0.0355,0.643,0.154,0,0,0,0,0,0,0.32,21.111111111,25.555555556
1,0.539,0.0612,0.489,0.267,0,0,0,0,0,0,0.427,21.111111111,26.666666667
0.233,0.557,0.0339,0.421,0.134,0,0,0,0,0,0,0,21.111111111,26.666666667
0,0.565,0.0162,0.421,0.0502,0,0,0,0,0,0,0,21.111111111,26.666666667
0,0.565,0.0162,0.421,0.0502,0,0,0,0,0,0,0,21.111111111,26.666666667
0,0.565,0.0162,0.421,0.0502,0,0,0,0,0,0,0,21.111111111,26.666666667
0.508,0.557,0.0756,0.421,0.165,0,0,0,0,0,0,0.0683,21.111111111,26.666666667
0.492,0.56,0.0616,0.421,0.126,0,0,0,0,0,0,0.0341,21.111111111,26.666666667
0,0.565,0.0162,0.421,0.0502,0,0,0,0,0,0,0,21.111111111,26.666666667
0,0.565,0.0162,0.421,0.0502,0,0,0,0,0,0,0,21.111111111,25.555555556
0.00833,0.565,0.0185,0.421,0.0528,0,0,0,0,0,0,0.0507,21.111111111,25.555555556
0.5,0.602,0.18,0.421,0.215,0,0,0,0,0,0,0.313,21.111111111,25.555555556
0.625,0.624,0.293,0.671,0.296,0.31,0.267,0,0,0,0,0.327,21.111111111,25.555555556
0.508,0.609,0.329,0.705,0.309,0.695,1,0,0,0,0.0167,0.0341,21.111111111,25.555555556
1,0.629,0.797,1,0.719,0,0.367,0,0,0,0.95,0.0683,21.111111111,25.555555556
1,0.58,0.504,0.778,0.526,0,0,0,0,0,0,0,21.111111111,25.555555556
1,0.548,0.284,0.711,0.353,0,0,0,0,0,0,0.224,21.111111111,25.555555556
1,0.538,0.118,0.633,0.164,0,0,0,0,0,0,0.113,21.111111111,25.555555556
1,0.565,0.0162,0.421,0.0502,0,0,0,0,0,0,0,21.111111111,25.555555556
1,0.565,0.0162,0.421,0.0502,0,0,0,0,0,0,0,21.111111111,25.555555556
1,0.565,0.0162,0.421,0.0502,0,0,0,0,0,0,0,21.111111111,25.555555556
1,0.565,0.0162,0.421,0.0502,0,0,0,0,0,0,0,21.111111111,25.555555556
1,0.565,0.0162,0.421,0.0502,0,0,0,0,0,0,0,21.111111111,25.555555556
1,0.565,0.0162,0.421,0.0502,0,0,0,0,0,0,0,21.111111111,25.555555556
1,0.555,0.0229,0.498,0.0865,0,0,0,0,0,0,0.0683,21.111111111,25.555555556
1,0.544,0.0511,0.489,0.219,0,0,0,0,0,0,0.239,21.111111111,26.666666667
1,0.553,0.062,0.421,0.23,0,0,0,0,0,0,0.307,21.111111111,26.666666667
0.617,0.562,0.0274,0.421,0.0922,0,0,0,0,0,0,0.0341,21.111111111,26.666666667
0.5,0.565,0.0162,0.421,0.0502,0,0,0,0,0,0,0,21.111111111,26.666666667
0.5,0.565,0.0162,0.421,0.0502,0,0,0,0,0,0,0,21.111111111,26.666666667
0.5,0.565,0.0162,0.421,0.0502,0,0,0,0,0,0,0,21.111111111,26.666666667
0.5,0.559,0.0631,0.421,0.129,0,0,0,0,0,0,0.26,21.111111111,26.666666667
0.367,0.557,0.0856,0.421,0.161,0,0,0,0,0,0,0.375,21.111111111,26.666666667
0,0.565,0.0162,0.421,0.0502,0,0,0,0,0,0,0,21.111111111,25.555555556
0,0.565,0.0162,0.421,0.0502,0,0,0,0,0,0,0,21.111111111,25.555555556
0.258,0.586,0.105,0.421,0.137,0,0,0,0,0,0.233,0.0683,21.111111111,25.555555556
0.5,0.611,0.235,0.609,0.245,0,0,0,0,0,0,0.0683,21.111111111,25.555555556
0.508,0.609,0.329,0.705,0.309,0,0,0,0,0,0.0167,0.0341,21.111111111,25.555555556
1,0.629,0.797,1,0.719,0,0,0,0,0,1,0.0683,21.111111111,25.555555556
1,0.58,0.504,0.778,0.526,0,0,0,0,0,1,0.137,21.111111111,25.555555556
1,0.554,0.222,0.633,0.281,0,0,0,0,0,0.4,0,21.111111111,25.555555556
1,0.565,0.0162,0.421,0.0502,0,0,0,0,0,0,0,21.111111111,25.555555556
1,0.542,0.0494,0.561,0.0833,0,0,0,0,0,0,0.379,21.111111111,25.555555556
1,0.565,0.0162,0.421,0.0502,0,0,0,0,0,0,0,21.111111111,25.555555556
1,0.565,0.0162,0.421,0.0502,0,0,0,0,0,0,0,21.111111111,25.555555556
1,0.565,0.0162,0.421,0.0502,0,0,0,0,0,0,0,21.111111111,25.555555556
1,0.527,0.0197,0.643,0.0512,0,0,0,0,0,0,0,21.111111111,25.555555556
0.867,0.528,0.0238,0.638,0.073,0,0,0,0,0,0,0.262,21.111111111,25.555555556
0.5,0.526,0.0385,0.711,0.165,0,0,0,0,0,0,0.541,21.111111111,25.555555556
0.5,0.544,0.0511,0.489,0.219,0,0,0,0,0,0,0.259,21.111111111,26.666666667
0.117,0.561,0.025,0.421,0.0919,0,0,0,0,0,0,0,21.111111111,26.666666667
0,0.565,0.0162,0.421,0.0502,0,0,0,0,0,0,0,21.111111111,26.666666667
0,0.565,0.0162,0.421,0.0502,0,0,0,0,0,0,0,21.111111111,26.666666667
0,0.565,0.0162,0.421,0.0502,0,0,0,0,0,0,0,21.111111111,26.666666667
0,0.565,0.0162,0.421,0.0502,0,0,0,0,0,0,0,21.111111111,26.666666667
0.383,0.557,0.0858,0.421,0.167,0,0,0,0,0,0.233,0.102,21.111111111,26.666666667
0.5,0.555,0.111,0.421,0.202,0,0,0,0,0,0,0.137,21.111111111,26.666666667
0.5,0.565,0.122,0.421,0.202,0,0,0,0,0,0,0.205,21.111111111,25.555555556
0.5,0.582,0.147,0.421,0.205,0,0,0,0,0,0.0167,0.0683,21.111111111,25.555555556
0.5,0.602,0.18,0.421,0.215,0,0,0,0,0,0.217,0.0341,21.111111111,25.555555556
0.633,0.624,0.297,0.675,0.299,0,0,0,0,0,0.267,0.137,21.111111111,25.555555556
1,0.651,0.631,0.98,0.56,0,0,0,0,0,1,0,21.111111111,25.555555556
1,0.629,0.797,1,0.719,0,0,0,0,0,0.183,0,21.111111111,25.555555556
1,0.583,0.801,1,0.837,0,0,0,0,0,0,0,21.111111111,25.555555556
1,0.531,0.551,1,0.656,0,0,0,0,0,0,0.24,21.111111111,25.555555556
1,0.521,0.197,0.778,0.255,0,0,0,0,0,0,0.198,21.111111111,25.555555556
1,0.548,0.0622,0.537,0.0908,0.108,0.3,0,0,0,0,0,21.111111111,25.555555556
1,0.565,0.0185,0.421,0.0502,0,0,0,0,0,0,0,21.111111111,25.555555556
1,0.565,0.0185,0.421,0.0502,0,0,0,0,0,0,0,21.111111111,25.555555556
1,0.565,0.0185,0.421,0.0502,0,0,0,0,0,0,0,21.111111111,25.555555556
1,0.565,0.0185,0.421,0.0502,0,0,0,0,0,0,0,21.111111111,25.555555556
1,0.565,0.0185,0.421,0.0502,0,0,0,0,0,0,0,21.111111111,25.555555556
1,0.565,0.0185,0.421,0.0502,0,0,0,0,0,0,0,21.111111111,25.555555556
1,0.555,0.0426,0.421,0.157,0,0,0,0,0,0,0,21.111111111,25.555555556
1,0.552,0.078,0.421,0.23,0,0,0.225,0.356,0,0,0,21.111111111,25.555555556
1,0.549,0.166,0.421,0.331,0,0,0.562,0.932,0.0833,0.6,0.0683,21.111111111,25.555555556
1,0.545,0.241,0.421,0.391,0,0,0.583,0,0.367,0.117,0,21.111111111,25.555555556
1,0.545,0.273,0.421,0.376,0,0,0.44,0,0,0,0.0341,21.111111111,25.555555556
0.575,0.553,0.177,0.421,0.23,0,0,0.907,0,0,0,0,21.111111111,25.555555556
0.5,0.555,0.177,0.421,0.203,0,0,0.704,0,0,0,0.137,21.111111111,25.555555556
0.5,0.555,0.204,0.421,0.202,0,0,0.598,0,0,0,0.205,21.111111111,25.555555556
0.5,0.562,0.226,0.421,0.202,0,0,0.471,0,0,0,0,21.111111111,25.555555556
0.5,0.579,0.241,0.421,0.204,0,0,0.302,0,0,0,0.137,21.111111111,25.555555556
0.5,0.599,0.251,0.421,0.213,0,0,0.716,0,0,0,0.102,21.111111111,25.555555556
0.55,0.615,0.308,0.593,0.26,0,0,0.47,0,0,0,0.0683,21.111111111,25.555555556
1,0.654,0.686,0.965,0.537,0.677,0.233,0,0,0,0,0.0341,21.111111111,25.555555556
1,0.633,0.838,1,0.691,0,0,0,0,0,0,0.0341,21.111111111,25.555555556
1,0.591,0.85,1,0.82,0,0,0,0,0,0,0.0683,21.111111111,25.555555556
1,0.539,0.641,1,0.7,0.168,0.1,0,0,0,0,0.289,21.111111111,25.555555556
1,0.527,0.222,0.754,0.26,0.718,1,0,0,0,0,0.153,21.111111111,25.555555556
1,0.535,0.0707,0.614,0.101,0,0,0,0,0,0,0,21.111111111,25.555555556
1,0.565,0.0185,0.421,0.0502,0,0,0,0,0,0,0,21.111111111,25.555555556
1,0.565,0.0185,0.421,0.0502,0,0,0,0,0,0,0,21.111111111,25.555555556
1,0.565,0.0185,0.421,0.0502,0,0,0,0,0,0,0,21.111111111,25.555555556
1,0.565,0.0185,0.421,0.0502,0,0,0,0,0,0,0,21.111111111,25.555555556
1,0.565,0.0185,0.421,0.0502,0,0,0,0,0,0,0,21.111111111,25.555555556
1,0.543,0.0295,0.595,0.132,0,0,0,0,0,0,0.261,21.111111111,25.555555556
1,0.54,0.0499,0.537,0.212,0,0,0,0,0,0,0.188,21.111111111,25.555555556
1,0.551,0.0852,0.421,0.248,0,0,0,0,0,0,0.0683,21.111111111,25.555555556
1,0.545,0.195,0.421,0.403,0,0,0,0,0,0,0.437,21.111111111,25.555555556
0.7,0.551,0.169,0.421,0.29,0,0,0,0,0,0,0.353,21.111111111,25.555555556
0.55,0.554,0.159,0.421,0.229,0,0,0,0,0,0,0.2,21.111111111,25.555555556
1,0.545,0.295,0.421,0.362,0,0,0,0,0,0,0.195,21.111111111,25.555555556
1,0.545,0.336,0.421,0.355,0,0,0,0,0,0,0.402,21.111111111,25.555555556
1,0.545,0.389,0.421,0.354,0,0,0,0,0,0,0.107,21.111111111,25.555555556
1,0.56,0.434,0.421,0.354,0,0,0,0,0,0,0.0683,21.111111111,25.555555556
1,0.594,0.464,0.421,0.359,0,0,0,0,0,0.233,0.102,21.111111111,25.555555556
1,0.633,0.483,0.421,0.376,0,0,0,0,0,0,0,21.111111111,25.555555556
1,0.656,0.542,0.716,0.428,0,0,0,0,0,0,0,21.111111111,25.555555556
1,0.654,0.686,0.965,0.537,0,0,0,0,0,0,0.287,21.111111111,25.555555556
1,0.633,0.838,1,0.691,0,0,0,0,0,0,0.176,21.111111111,25.555555556
1,0.591,0.85,1,0.82,0,0,0,0,0,0,0.167,21.111111111,25.555555556
1,0.553,0.49,0.826,0.538,0,0,0,0,0,0,0,21.111111111,25.555555556
1,0.53,0.184,0.711,0.22,0,0,0,0,0,0,0.0341,21.111111111,25.555555556
1,0.54,0.0334,0.566,0.0691,0,0,0,0,0,0,0,21.111111111,25.555555556
1,0.516,0.0337,0.706,0.0685,0,0,0,0,0,0,0,21.111111111,25.555555556
1,0.565,0.0162,0.421,0.0502,0,0,0,0,0,0,0,21.111111111,25.555555556
1,0.565,0.0162,0.421,0.0502,0,0,0,0,0,0,0,21.111111111,25.555555556
1,0.565,0.0162,0.421,0.0502,0,0,0,0,0,0,0,21.111111111,25.555555556
1,0.551,0.0196,0.498,0.0618,0,0,0,0,0,0,0.199,21.111111111,25.555555556
1,0.526,0.0385,0.711,0.165,0,0,0,0,0,0,0.124,21.111111111,25.555555556
0.617,0.544,0.0511,0.489,0.219,0,0,0,0,0,0,0.121,21.111111111,26.666666667
0.5,0.553,0.062,0.421,0.23,0,0,0,0,0,0,0.304,21.111111111,26.666666667
0.492,0.555,0.0714,0.421,0.223,0,0,0,0,0,0,0.225,21.111111111,26.666666667
0,0.565,0.0162,0.421,0.0502,0,0,0,0,0,0,0,21.111111111,26.666666667
0,0.565,0.0162,0.421,0.0502,0,0,0,0,0,0,0,21.111111111,26.666666667
0.383,0.557,0.0769,0.421,0.168,0,0,0,0,0,0,0.573,21.111111111,26.666666667
0.367,0.557,0.0801,0.421,0.162,0,0,0,0,0,0,0.247,21.111111111,26.666666667
0,0.565,0.0162,0.421,0.0502,0,0,0,0,0,0,0,21.111111111,26.666666667
0,0.565,0.0162,0.421,0.0502,0,0,0,0,0,0,0,21.111111111,25.555555556
0.383,0.582,0.122,0.421,0.169,0,0,0,0,0,0.717,0.0341,21.111111111,25.555555556
0.508,0.602,0.18,0.421,0.215,0,0,0,0,0,0,0.0341,21.111111111,25.555555556
1,0.611,0.235,0.609,0.245,0,0,0,0,0,0,0.603,21.111111111,25.555555556
1,0.64,0.576,0.922,0.512,0,0,0.146,0.254,0.267,0,0.131,21.111111111,25.555555556
1,0.629,0.797,1,0.719,0,0,0.132,0,0.65,0,0.166,21.111111111,25.555555556
1,0.583,0.801,1,0.837,0,0,0,0,0,0,0.221,21.111111111,25.555555556
1,0.548,0.374,0.778,0.448,0,0,0,0,0,0,0,21.111111111,25.555555556
1,0.527,0.142,0.706,0.19,0,0,0,0,0,0,0,21.111111111,25.555555556
1,0.565,0.0162,0.421,0.0502,0,0,0,0,0,0,0,21.111111111,25.555555556
1,0.565,0.0162,0.421,0.0502,0,0,0,0,0,0,0,21.111111111,25.555555556
1,0.565,0.0162,0.421,0.0502,0,0,0,0,0,0,0,21.111111111,25.555555556
1,0.565,0.0162,0.421,0.0502,0,0,0,0,0,0,0,21.111111111,25.555555556
1,0.551,0.0174,0.498,0.0506,0,0,0,0,0,0,0.0968,21.111111111,25.555555556
1,0.516,0.0269,0.711,0.0839,0,0,0,0,0,0,0.273,21.111111111,25.555555556
0.992,0.526,0.0381,0.706,0.162,0,0,0,0,0,0,0.102,21.111111111,25.555555556
0.5,0.565,0.0162,0.421,0.0502,0,0,0,0,0,0,0,21.111111111,26.666666667
0.5,0.557,0.0532,0.421,0.188,0,0,0,0,0,0,0.0683,21.111111111,26.666666667
0.5,0.555,0.0723,0.421,0.226,0,0,0,0,0,0,0.273,21.111111111,26.666666667
0.367,0.557,0.0632,0.421,0.175,0,0,0,0,0,0,0.0683,21.111111111,26.666666667
0.133,0.565,0.0162,0.421,0.0502,0,0,0,0,0,0,0,21.111111111,26.666666667
0.242,0.565,0.0162,0.421,0.0502,0,0,0,0,0,0,0,21.111111111,26.666666667
0,0.565,0.0162,0.421,0.0502,0,0,0,0,0,0,0,21.111111111,26.666666667
0,0.565,0.0162,0.421,0.0502,0,0,0,0,0,0,0,21.111111111,26.666666667
0.258,0.566,0.0726,0.421,0.129,0,0,0,0,0,0,0.201,21.111111111,25.555555556
0.492,0.582,0.145,0.421,0.202,0,0,0,0,0,0,0,21.111111111,25.555555556
0.383,0.597,0.147,0.421,0.179,0,0,0,0,0,0,0.102,21.111111111,25.555555556
0.5,0.611,0.235,0.609,0.245,0,0,0,0,0,0,0.0683,21.111111111,25.555555556
0.5,0.608,0.323,0.7,0.305,0.569,0.7,0,0,0,0,0.0512,21.111111111,25.555555556
0.508,0.597,0.414,0.715,0.39,0,0,0,0,0,0,0.464,21.111111111,25.555555556
1,0.583,0.794,0.995,0.831,0,0,0,0,0,0,0.303,21.111111111,25.555555556
1,0.548,0.284,0.711,0.353,0,0,0,0,0,0,0,21.111111111,25.555555556
1,0.559,0.0701,0.489,0.114,0,0,0,0,0,0,0,21.111111111,25.555555556
1,0.565,0.0162,0.421,0.0502,0,0,0,0,0,0,0,21.111111111,25.555555556
1,0.565,0.0162,0.421,0.0502,0,0,0,0,0,0,0,21.111111111,25.555555556
1,0.565,0.0162,0.421,0.0502,0,0,0,0,0,0,0,21.111111111,25.555555556
1,0.565,0.0162,0.421,0.0502,0,0,0,0,0,0,0,21.111111111,25.555555556
1,0.565,0.0162,0.421,0.0502,0,0,0,0,0,0,0,21.111111111,25.555555556
1,0.565,0.0162,0.421,0.0502,0,0,0,0,0,0,0,21.111111111,25.555555556
1,0.527,0.0423,0.72,0.191,0,0,0,0,0,0,0.319,21.111111111,25.555555556
1,0.523,0.086,0.556,0.388,0,0,0,0,0,0,0.409,21.111111111,26.666666667
0.617,0.549,0.0708,0.421,0.271,0,0,0,0,0,0,0.235,21.111111111,26.666666667
0.492,0.555,0.0714,0.421,0.223,0,0,0,0,0,0,0.102,21.111111111,26.666666667
0,0.565,0.0162,0.421,0.0502,0,0,0,0,0,0,0,21.111111111,26.666666667
0,0.565,0.0162,0.421,0.0502,0,0,0,0,0,0,0,21.111111111,26.666666667
0,0.565,0.0162,0.421,0.0502,0,0,0,0,0,0,0,21.111111111,26.666666667
0,0.565,0.0162,0.421,0.0502,0,0,0,0,0,0,0,21.111111111,26.666666667
0,0.565,0.0162,0.421,0.0502,0,0,0,0,0,0,0,21.111111111,26.666666667
0.00833,0.565,0.018,0.421,0.0528,0,0,0,0,0,0,0.0341,21.111111111,25.555555556
0.5,0.582,0.147,0.421,0.205,0,0,0,0,0,0,0.137,21.111111111,25.555555556
0.633,0.613,0.225,0.421,0.26,0,0,0,0,0,0.233,0.205,21.111111111,25.555555556
1,0.658,0.454,0.798,0.44,0,0,0,0,0,0,0.266,21.111111111,25.555555556
1,0.651,0.631,0.98,0.56,0,0,0,0,0,0,0.132,21.111111111,25.555555556
1,0.614,0.586,0.85,0.536,0,0,0,0,0,0,0.158,21.111111111,25.555555556
1,0.574,0.409,0.711,0.444,0,0,0,0,0,0,0,21.111111111,25.555555556
1,0.548,0.284,0.711,0.353,0,0,0,0,0,0,0,21.111111111,25.555555556
1,0.559,0.0701,0.489,0.114,0,0,0,0,0,0,0,21.111111111,25.555555556
1,0.542,0.0476,0.566,0.0839,0,0,0,0,0,0,0,21.111111111,25.555555556
1,0.565,0.0162,0.421,0.0502,0,0,0,0,0,0,0,21.111111111,25.555555556
1,0.565,0.0162,0.421,0.0502,0,0,0,0,0,0,0,21.111111111,25.555555556
1,0.565,0.0162,0.421,0.0502,0,0,0,0,0,0,0,21.111111111,25.555555556
1,0.565,0.0162,0.421,0.0502,0,0,0,0,0,0,0,21.111111111,25.555555556
1,0.527,0.0258,0.643,0.0836,0,0,0,0,0,0,0.099,21.111111111,25.555555556
1,0.526,0.0385,0.711,0.165,0,0,0,0,0,0,0.343,21.111111111,25.555555556
1,0.544,0.0511,0.489,0.219,0,0,0,0,0,0,0.42,21.111111111,26.666666667
1,0.553,0.062,0.421,0.23,0,0,0,0,0,0,0.255,21.111111111,26.666666667
0.992,0.555,0.0714,0.421,0.223,0,0,0,0,0,0,0.161,21.111111111,26.666666667
0.758,0.559,0.0506,0.421,0.137,0,0,0,0,0,0,0,21.111111111,26.666666667
1,0.555,0.089,0.421,0.212,0,0,0,0,0,0,0.137,21.111111111,26.666666667
1,0.552,0.115,0.421,0.246,0,0,0,0,0,0,0.326,21.111111111,26.666666667
0.358,0.557,0.0759,0.421,0.16,0,0,0,0,0,0,0.121,21.111111111,26.666666667
0,0.565,0.0162,0.421,0.0502,0,0,0,0,0,0,0,21.111111111,26.666666667
0,0.565,0.0162,0.421,0.0502,0,0,0,0,0,0,0,21.111111111,25.555555556
0.00833,0.565,0.0185,0.421,0.0528,0,0,0,0,0,0,0.0341,21.111111111,25.555555556
0.5,0.602,0.18,0.421,0.215,0,0,0,0,0,0,0.0341,21.111111111,25.555555556
0.633,0.624,0.297,0.675,0.299,0,0,0,0,0,0,0.102,21.111111111,25.555555556
1,0.651,0.631,0.98,0.56,0,0,0,0,0,0,0.137,21.111111111,25.555555556
1,0.629,0.797,1,0.719,0,0,0,0,0,0,0.171,21.111111111,25.555555556
1,0.582,0.698,0.923,0.729,0.237,0.267,0,0,0,0,0,21.111111111,25.555555556
1,0.548,0.284,0.711,0.353,0.61,0.433,0,0,0,0,0.0341,21.111111111,25.555555556
1,0.527,0.143,0.711,0.191,0.475,0,0,0,0,0,0,21.111111111,25.555555556
1,0.54,0.034,0.566,0.0691,0,0,0,0,0,0,0,21.111111111,25.555555556
1,0.553,0.0242,0.489,0.059,0,0,0,0,0,0,0,21.111111111,25.555555556
1,0.565,0.0162,0.421,0.0502,0,0,0,0,0,0,0,21.111111111,25.555555556
1,0.565,0.0162,0.421,0.0502,0,0,0,0,0,0,0,21.111111111,25.555555556
1,0.527,0.0197,0.643,0.0512,0,0,0,0,0,0.483,0.102,21.111111111,25.555555556
1,0.516,0.0269,0.711,0.0839,0,0,0,0,0,0.0167,0.102,21.111111111,25.555555556
0.617,0.553,0.0191,0.489,0.0604,0,0,0,0,0,1,0,21.111111111,25.555555556
0.367,0.556,0.0351,0.421,0.14,0,0,0,0,0,0.183,0.61,21.111111111,26.666666667
0,0.565,0.0162,0.421,0.0502,0,0,0,0,0,0,0,21.111111111,26.666666667
0,0.565,0.0162,0.421,0.0502,0,0,0,0,0,0,0,21.111111111,26.666666667
0,0.565,0.0162,0.421,0.0502,0,0,0,0,0,0,0,21.111111111,26.666666667
0,0.565,0.0162,0.421,0.0502,0,0,0,0,0,0,0,21.111111111,26.666666667
0.00833,0.564,0.0175,0.421,0.0528,0,0,0,0,0,0,0.0523,21.111111111,26.666666667
0.5,0.555,0.104,0.421,0.202,0,0,0,0,0,0,0.534,21.111111111,26.666666667
0.5,0.555,0.111,0.421,0.202,0,0,0,0,0,0,0.171,21.111111111,26.666666667
0.5,0.565,0.122,0.421,0.202,0,0,0,0,0,0,0.137,21.111111111,25.555555556
0.5,0.582,0.147,0.421,0.205,0,0,0,0,0,0,0,21.111111111,25.555555556
0.5,0.602,0.18,0.421,0.215,0,0,0,0,0,0,0.171,21.111111111,25.555555556
0.367,0.599,0.173,0.544,0.191,0,0,0,0,0,0,0,21.111111111,25.555555556
0.642,0.618,0.439,0.793,0.397,0,0,0,0,0,0,0.0341,21.111111111,25.555555556
1,0.629,0.797,1,0.719,0,0,0,0,0,0,0.0341,21.111111111,25.555555556
1,0.583,0.801,1,0.837,0,0,0,0,0,0,0.0683,21.111111111,25.555555556
1,0.548,0.374,0.778,0.448,0,0,0,0,0,0,0.106,21.111111111,25.555555556
1,0.559,0.0701,0.489,0.114,0,0,0,0,0,0,0.0814,21.111111111,25.555555556
0.667,0.565,0.0185,0.421,0.0502,0,0,0,0,0,0,0,21.111111111,25.555555556
1,0.565,0.0185,0.421,0.0502,0,0,0,0,0,0,0,21.111111111,25.555555556
1,0.565,0.0185,0.421,0.0502,0,0,0,0,0,0,0,21.111111111,25.555555556
1,0.565,0.0185,0.421,0.0502,0,0,0,0,0,0,0,21.111111111,25.555555556
1,0.535,0.0205,0.595,0.051,0,0,0,0,0,0,0.211,21.111111111,25.555555556
1,0.516,0.024,0.711,0.0768,0,0,0,0,0,0,0.35,21.111111111,25.555555556
0.7,0.545,0.0212,0.537,0.0676,0,0,0,0,0,0,0.122,21.111111111,25.555555556
0.5,0.555,0.0426,0.421,0.157,0,0,0,0,0,0.233,0.0341,21.111111111,25.555555556
0.5,0.552,0.078,0.421,0.23,0,0,0,0,0,0,0,21.111111111,25.555555556
0.5,0.555,0.107,0.421,0.227,0,0,0,0,0,0,0.273,21.111111111,25.555555556
0.5,0.555,0.13,0.421,0.221,0,0,0,0,0,0,0.137,21.111111111,25.555555556
0.5,0.555,0.146,0.421,0.213,0,0,0,0,0,0,0.0341,21.111111111,25.555555556
0.075,0.563,0.0383,0.421,0.0742,0,0,0,0,0,0,0,21.111111111,25.555555556
0.3,0.559,0.121,0.421,0.141,0,0,0,0,0,0,0.0683,21.111111111,25.555555556
0.5,0.555,0.204,0.421,0.202,0,0,0,0,0,0,0.0341,21.111111111,25.555555556
0.5,0.562,0.226,0.421,0.202,0,0,0,0,0,0,0.102,21.111111111,25.555555556
0.5,0.579,0.241,0.421,0.204,0,0,0,0,0,0,0,21.111111111,25.555555556
0.5,0.599,0.251,0.421,0.213,0,0,0,0,0,0,0.102,21.111111111,25.555555556
0.5,0.61,0.28,0.568,0.239,0,0,0,0,0,0,0.102,21.111111111,25.555555556
0.5,0.609,0.352,0.693,0.294,0,0,0,0,0,0,0,21.111111111,25.555555556
0.5,0.599,0.428,0.711,0.371,0,0,0,0,0,0,0,21.111111111,25.555555556
0.5,0.578,0.434,0.711,0.435,0,0,0,0,0,0,0,21.111111111,25.555555556
0.5,0.566,0.179,0.537,0.213,0,0,0,0,0,0,0,21.111111111,25.555555556
0.5,0.565,0.0185,0.421,0.0502,0,0,0,0,0,0,0,21.111111111,25.555555556
0.833,0.548,0.0615,0.537,0.0908,0,0,0,0,0,0,0,21.111111111,25.555555556
0.5,0.565,0.0185,0.421,0.0502,0,0,0,0,0,0,0,21.111111111,25.555555556
0.675,0.565,0.0185,0.421,0.0502,0,0,0,0,0,0,0,21.111111111,25.555555556
1,0.565,0.0185,0.421,0.0502,0,0,0,0,0,0,0,21.111111111,25.555555556
1,0.565,0.0185,0.421,0.0502,0,0,0,0,0,0,0,21.111111111,25.555555556
1,0.565,0.0185,0.421,0.0502,0,0,0,0,0,0,0,21.111111111,25.555555556
1,0.565,0.0185,0.421,0.0502,0,0,0,0,0,0,0,21.111111111,25.555555556
1,0.565,0.0185,0.421,0.0502,0,0,0,0,0,0,0,21.111111111,25.555555556
1,0.559,0.0619,0.421,0.158,0,0,0,0,0,0,0.275,21.111111111,25.555555556
1,0.549,0.166,0.421,0.331,0,0,0,0,0,0.6,0.159,21.111111111,25.555555556
1,0.545,0.241,0.421,0.391,0,0,0,0,0,0.117,0.102,21.111111111,25.555555556
1,0.545,0.273,0.421,0.376,0,0,0,0,0,0,0,21.111111111,25.555555556
1,0.545,0.295,0.421,0.362,0,0,0,0,0,0,0.102,21.111111111,25.555555556
1,0.545,0.336,0.421,0.355,0,0,0,0,0,0,0,21.111111111,25.555555556
1,0.545,0.389,0.421,0.354,0,0,0,0,0,0,0.171,21.111111111,25.555555556
1,0.56,0.434,0.421,0.354,0,0,0,0,0,0,0.137,21.111111111,25.555555556
1,0.594,0.464,0.421,0.359,0,0,0,0,0,0,0,21.111111111,25.555555556
1,0.633,0.483,0.421,0.376,0,0,0,0,0,0.233,0,21.111111111,25.555555556
1,0.656,0.542,0.716,0.428,0,0,0,0,0,0,0.137,21.111111111,25.555555556
1,0.654,0.686,0.965,0.537,0.561,0.6,0,0,0,0,0.205,21.111111111,25.555555556
1,0.633,0.838,1,0.691,0.565,0.1,0,0,0,0,0,21.111111111,25.555555556
1,0.591,0.85,1,0.82,0,0,0,0,0,0,0,21.111111111,25.555555556
1,0.553,0.49,0.826,0.538,0,0,0,0,0,0,0,21.111111111,25.555555556
1,0.53,0.184,0.711,0.22,0,0,0,0,0,0,0,21.111111111,25.555555556
1,0.565,0.0162,0.421,0.0502,0,0,0,0,0,0,0,21.111111111,25.555555556
1,0.565,0.0162,0.421,0.0502,0,0,0,0,0,0,0,21.111111111,25.555555556
1,0.565,0.0162,0.421,0.0502,0,0,0,0,0,0,0,21.111111111,25.555555556
1,0.565,0.0162,0.421,0.0502,0,0,0,0,0,0,0,21.111111111,25.555555556
1,0.565,0.0162,0.421,0.0502,0,0,0,0,0,0,0,21.111111111,25.555555556
1,0.565,0.0162,0.421,0.0502,0,0,0,0,0,0,0,21.111111111,25.555555556
0.867,0.519,0.0482,0.788,0.222,0,0,0,0,0,0,0.424,21.111111111,25.555555556
0.242,0.552,0.0316,0.489,0.127,0,0,0,0,0,0,0.0517,21.111111111,26.666666667
0,0.565,0.0162,0.421,0.0502,0,0,0,0,0,0,0,21.111111111,26.666666667
0,0.565,0.0162,0.421,0.0502,0,0,0,0,0,0,0,21.111111111,26.666666667
0,0.565,0.0162,0.421,0.0502,0,0,0,0,0,0,0,21.111111111,26.666666667
0,0.565,0.0162,0.421,0.0502,0,0,0,0,0,0,0,21.111111111,26.666666667
0,0.565,0.0162,0.421,0.0502,0,0,0,0,0,0,0,21.111111111,26.666666667
0,0.565,0.0162,0.421,0.0502,0,0,0,0,0,0,0,21.111111111,26.666666667
0.383,0.557,0.0902,0.421,0.167,0,0,0,0,0,0,0.137,21.111111111,26.666666667
0.883,0.567,0.206,0.421,0.319,0,0,0,0,0,0,0.102,21.111111111,25.555555556
0.742,0.589,0.207,0.421,0.279,0,0,0,0,0,0,0.102,21.111111111,25.555555556
0.5,0.602,0.18,0.421,0.215,0,0,0,0,0,0,0,21.111111111,25.555555556
0.5,0.611,0.235,0.609,0.245,0,0,0,0,0,0,0.0683,21.111111111,25.555555556
0.883,0.64,0.576,0.922,0.512,0,0,0,0,0,0.0167,0,21.111111111,25.555555556
1,0.629,0.797,1,0.719,0,0,0,0,0,1,0.0341,21.111111111,25.555555556
1,0.583,0.801,1,0.837,0,0,0,0,0,0.183,0,21.111111111,25.555555556
1,0.531,0.551,1,0.656,0,0,0,0,0,0,0,21.111111111,25.555555556
1,0.511,0.219,0.846,0.278,0,0,0,0,0,0,0.262,21.111111111,25.555555556
1,0.542,0.0476,0.566,0.0839,0,0,0.156,0,0.5,0,0,21.111111111,25.555555556
1,0.565,0.0162,0.421,0.0502,0,0,0,0,0,0,0,21.111111111,25.555555556
1,0.565,0.0162,0.421,0.0502,0,0,0,0,0,0,0,21.111111111,25.555555556
1,0.565,0.0162,0.421,0.0502,0,0,0,0,0,0,0,21.111111111,25.555555556
1,0.565,0.0162,0.421,0.0502,0,0,0,0,0,0,0,21.111111111,25.555555556
1,0.527,0.0258,0.643,0.0836,0,0,0.285,0.271,0,0,0.0341,21.111111111,25.555555556
0.992,0.499,0.0574,0.928,0.267,0,0,0.637,0.237,0.767,0,0.162,21.111111111,25.555555556
0.5,0.544,0.0511,0.489,0.219,0,0,0.182,0,0.15,0,0.102,21.111111111,26.666666667
0.242,0.558,0.0371,0.421,0.137,0,0,0,0,0,0,0,21.111111111,26.666666667
0,0.565,0.0162,0.421,0.0502,0,0,0,0,0,0,0,21.111111111,26.666666667
0.00833,0.564,0.0173,0.421,0.053,0,0,0,0,0,0,0.0341,21.111111111,26.666666667
0.5,0.555,0.089,0.421,0.212,0,0,0,0,0,0,0.0683,21.111111111,26.666666667
0.5,0.555,0.0944,0.421,0.205,0,0,0,0,0,0,0.0341,21.111111111,26.666666667
0.5,0.555,0.104,0.421,0.202,0,0,0,0,0,0,0.0341,21.111111111,26.666666667
0.367,0.557,0.0856,0.421,0.161,0,0,0,0,0,0,0.102,21.111111111,26.666666667
0.383,0.567,0.0999,0.421,0.167,0,0,0,0,0,0,0.102,21.111111111,25.555555556
0.5,0.582,0.147,0.421,0.205,0,0,0,0,0,0,0.23,21.111111111,25.555555556
0.883,0.634,0.311,0.421,0.344,0,0,0,0,0,0.233,0.208,21.111111111,25.555555556
0.875,0.646,0.395,0.736,0.389,0,0,0,0,0,0,0.335,21.111111111,25.555555556
1,0.651,0.631,0.98,0.56,0,0,0,0,0,0,0,21.111111111,25.555555556
1,0.629,0.797,1,0.719,0,0,0,0,0,0,0,21.111111111,25.555555556
1,0.583,0.801,1,0.837,0,0,0,0,0,0,0.194,21.111111111,25.555555556
1,0.543,0.432,0.85,0.515,0,0,0,0,0,0,0.11,21.111111111,25.555555556
1,0.527,0.143,0.711,0.191,0,0,0.411,0.763,0.0167,0,0,21.111111111,25.555555556
1,0.54,0.0334,0.566,0.0691,0,0,0.15,0,0.4,0,0,21.111111111,25.555555556
1,0.541,0.0274,0.561,0.0622,0,0,0.264,0,0,0,0,21.111111111,25.555555556
0.867,0.552,0.0168,0.493,0.0502,0,0,0,0,0,0,0.162,21.111111111,25.555555556
0.5,0.565,0.0162,0.421,0.0502,0,0,0,0,0,0,0,21.111111111,25.555555556
0.883,0.527,0.0197,0.643,0.0512,0,0,0,0,0,0,0.122,21.111111111,25.555555556
1,0.516,0.0269,0.711,0.0839,0,0,0,0,0,0,0.545,21.111111111,25.555555556
1,0.526,0.0385,0.711,0.165,0,0,0,0,0,0,0.116,21.111111111,25.555555556
1,0.531,0.0801,0.489,0.356,0,0,0,0,0,0,0.257,21.111111111,26.666666667
0.617,0.549,0.0708,0.421,0.271,0,0,0,0,0,0,0.397,21.111111111,26.666666667
0.5,0.555,0.0723,0.421,0.226,0,0,0,0,0,0,0.0341,21.111111111,26.666666667
0.242,0.56,0.0465,0.421,0.133,0,0,0,0,0,0,0.0341,21.111111111,26.666666667
0,0.565,0.0162,0.421,0.0502,0,0,0,0,0,0,0,21.111111111,26.666666667
0,0.565,0.0162,0.421,0.0502,0,0,0,0,0,0,0,21.111111111,26.666666667
0,0.565,0.0162,0.421,0.0502,0,0,0,0,0,0,0,21.111111111,26.666666667
0,0.565,0.0162,0.421,0.0502,0,0,0,0,0,0,0,21.111111111,26.666666667
0,0.565,0.0162,0.421,0.0502,0,0,0,0,0,0,0,21.111111111,25.555555556
0,0.565,0.0162,0.421,0.0502,0,0,0,0,0,0,0,21.111111111,25.555555556
0.392,0.597,0.15,0.421,0.182,0,0,0,0,0,0,0.102,21.111111111,25.555555556
0.867,0.645,0.391,0.732,0.386,0,0,0,0,0,0,0.239,21.111111111,25.555555556
0.5,0.608,0.323,0.7,0.305,0,0,0,0,0,0,0.0341,21.111111111,25.555555556
0.758,0.611,0.618,0.86,0.567,0,0,0,0,0,0.517,0.0683,21.111111111,25.555555556
1,0.581,0.594,0.846,0.621,0,0,0,0,0,0.2,0,21.111111111,25.555555556
1,0.565,0.0162,0.421,0.0502,0,0,0,0,0,0,0,21.111111111,25.555555556
1,0.565,0.0162,0.421,0.0502,0,0,0,0,0,0,0,21.111111111,25.555555556
1,0.565,0.0162,0.421,0.0502,0,0,0,0,0,0,0,21.111111111,25.555555556
1,0.565,0.0162,0.421,0.0502,0,0,0,0,0,0,0,21.111111111,25.555555556
1,0.565,0.0162,0.421,0.0502,0,0,0,0,0,0,0,21.111111111,25.555555556
1,0.565,0.0162,0.421,0.0502,0,0,0,0,0,0,0,21.111111111,25.555555556
1,0.565,0.0162,0.421,0.0502,0,0,0,0,0,0,0,21.111111111,25.555555556
1,0.565,0.0162,0.421,0.0502,0,0,0,0,0,0,0,21.111111111,25.555555556
0.867,0.555,0.0229,0.498,0.0865,0,0,0,0,0,0,0.163,21.111111111,25.555555556
0.367,0.548,0.041,0.489,0.171,0,0,0,0,0,0,0.389,21.111111111,26.666666667
0,0.565,0.0162,0.421,0.0502,0,0,0,0,0,0,0,21.111111111,26.666666667
0,0.565,0.0162,0.421,0.0502,0,0,0,0,0,0,0,21.111111111,26.666666667
0,0.565,0.0162,0.421,0.0502,0,0,0,0,0,0,0,21.111111111,26.666666667
0,0.565,0.0162,0.421,0.0502,0,0,0,0,0,0,0,21.111111111,26.666666667
0,0.565,0.0162,0.421,0.0502,0,0,0,0,0,0,0,21.111111111,26.666666667
0,0.565,0.0162,0.421,0.0502,0,0,0,0,0,0,0,21.111111111,26.666666667
0,0.565,0.0162,0.421,0.0502,0,0,0,0,0,0,0,21.111111111,26.666666667
0,0.565,0.0162,0.421,0.0502,0,0,0,0,0,0,0,21.111111111,25.555555556
0,0.565,0.0162,0.421,0.0502,0,0,0,0,0,0,0,21.111111111,25.555555556
0.00833,0.565,0.0191,0.421,0.053,0,0,0,0,0,0,0.0521,21.111111111,25.555555556
0.758,0.636,0.355,0.736,0.35,0,0,0,0,0,0,0.505,21.111111111,25.555555556
1,0.651,0.631,0.98,0.56,0,0,0,0,0,0,0.245,21.111111111,25.555555556
1,0.629,0.797,1,0.719,0,0,0,0,0,0,0.292,21.111111111,25.555555556
1,0.583,0.801,1,0.837,0,0,0,0,0,0,0.439,21.111111111,25.555555556
1,0.548,0.374,0.778,0.448,0,0,0,0,0,0,0,21.111111111,25.555555556
1,0.538,0.118,0.633,0.164,0,0,0,0,0,0,0,21.111111111,25.555555556
1,0.565,0.0168,0.421,0.0502,0,0,0,0,0,0,0,21.111111111,25.555555556
1,0.565,0.0162,0.421,0.0502,0,0,0,0,0,0,0,21.111111111,25.555555556
1,0.565,0.0162,0.421,0.0502,0,0,0,0,0,0,0,21.111111111,25.555555556
1,0.565,0.0162,0.421,0.0502,0,0,0,0,0,0,0,21.111111111,25.555555556
1,0.565,0.0162,0.421,0.0502,0,0,0,0,0,0,0,21.111111111,25.555555556
1,0.565,0.0162,0.421,0.0502,0,0,0,0,0,0,0,21.111111111,25.555555556
1,0.565,0.0162,0.421,0.0502,0,0,0,0,0,0,0,21.111111111,25.555555556
1,0.565,0.0162,0.421,0.0502,0,0,0,0,0,0,0,21.111111111,26.666666667
0.867,0.562,0.0291,0.421,0.0982,0,0,0,0,0,0,0.392,21.111111111,26.666666667
0.117,0.562,0.0274,0.421,0.0922,0,0,0,0,0,0,0.0181,21.111111111,26.666666667
0,0.565,0.0162,0.421,0.0502,0,0,0,0,0,0,0,21.111111111,26.666666667
0,0.565,0.0162,0.421,0.0502,0,0,0,0,0,0,0,21.111111111,26.666666667
0,0.565,0.0162,0.421,0.0502,0,0,0,0,0,0,0,21.111111111,26.666666667
0,0.565,0.0162,0.421,0.0502,0,0,0,0,0,0,0,21.111111111,26.666666667
0,0.565,0.0162,0.421,0.0502,0,0,0,0,0,0,0,21.111111111,26.666666667
0,0.565,0.0162,0.421,0.0502,0,0,0,0,0,0,0,21.111111111,25.555555556
0.258,0.576,0.0874,0.421,0.131,0,0,0,0,0,0.483,0.205,21.111111111,25.555555556
0.5,0.602,0.18,0.421,0.215,0,0,0,0,0,0,0.171,21.111111111,25.555555556
0.5,0.611,0.235,0.609,0.245,0,0,0,0,0,0,0.0683,21.111111111,25.555555556
0.883,0.64,0.576,0.922,0.512,0,0,0,0,0,0,0.137,21.111111111,25.555555556
1,0.629,0.797,1,0.719,0,0,0,0,0,0,0.137,21.111111111,25.555555556
1,0.583,0.801,1,0.837,0,0,0,0,0,0,0.0683,21.111111111,25.555555556
1,0.537,0.486,0.918,0.579,0,0,0,0,0,0,0.341,21.111111111,25.555555556
1,0.565,0.0162,0.421,0.0502,0,0,0,0,0,0,0,21.111111111,25.555555556
1,0.535,0.0732,0.614,0.101,0,0,0,0,0,0,0,21.111111111,25.555555556
1,0.565,0.0185,0.421,0.0502,0,0,0,0,0,0,0,21.111111111,25.555555556
1,0.565,0.0185,0.421,0.0502,0,0,0,0,0,0,0,21.111111111,25.555555556
1,0.565,0.0185,0.421,0.0502,0,0,0,0,0,0,0,21.111111111,25.555555556
1,0.565,0.0185,0.421,0.0502,0,0,0,0,0,0,0,21.111111111,25.555555556
1,0.565,0.0185,0.421,0.0502,0,0,0,0,0,0,0,21.111111111,25.555555556
1,0.565,0.0185,0.421,0.0502,0,0,0,0,0,0,0,21.111111111,25.555555556
1,0.565,0.0185,0.421,0.0502,0,0,0,0,0,0,0,21.111111111,25.555555556
1,0.565,0.0185,0.421,0.0502,0,0,0,0,0,0,0,21.111111111,25.555555556
1,0.559,0.0778,0.421,0.155,0,0,0,0,0,0.483,0.0683,21.111111111,25.555555556
1,0.549,0.201,0.421,0.321,0,0,0,0,0,0,0.409,21.111111111,25.555555556
1,0.545,0.273,0.421,0.376,0,0,0.489,0.763,0.1,0,0.536,21.111111111,25.555555556
1,0.545,0.295,0.421,0.362,0,0,0.441,0,0.817,0,0.128,21.111111111,25.555555556
1,0.545,0.336,0.421,0.355,0,0,0.551,0,0,0,0.0683,21.111111111,25.555555556
1,0.545,0.389,0.421,0.354,0,0,0,0,0,0,0.102,21.111111111,25.555555556
1,0.56,0.434,0.421,0.354,0,0,0,0,0,0,0.0683,21.111111111,25.555555556
1,0.594,0.464,0.421,0.359,0,0,0,0,0,0,0.102,21.111111111,25.555555556
1,0.633,0.483,0.421,0.376,0,0,0,0,0,0.85,0.205,21.111111111,25.555555556
1,0.656,0.542,0.716,0.428,0,0,0,0,0,1,0,21.111111111,25.555555556
1,0.654,0.686,0.965,0.537,0,0,0,0,0,1,0,21.111111111,25.555555556
1,0.633,0.838,1,0.691,0,0,0,0,0,1,0,21.111111111,25.555555556
1,0.591,0.85,1,0.82,0,0,0,0,0,1,0,21.111111111,25.555555556
1,0.539,0.641,1,0.7,0,0,0,0,0,0.217,0,21.111111111,25.555555556
1,0.521,0.284,0.826,0.328,0,0,0,0,0,0,0,21.111111111,25.555555556
1,0.531,0.0753,0.633,0.103,0,0,0,0,0,0,0,21.111111111,25.555555556
1,0.516,0.0447,0.711,0.0728,0,0,0,0,0,0,0,21.111111111,25.555555556
1,0.521,0.0272,0.682,0.0553,0,0,0,0,0,0,0,21.111111111,25.555555556
1,0.565,0.0185,0.421,0.0502,0,0,0,0,0,0,0,21.111111111,25.555555556
1,0.565,0.0185,0.421,0.0502,0,0,0,0,0,0,0,21.111111111,25.555555556
1,0.565,0.0185,0.421,0.0502,0,0,0,0,0,0,0,21.111111111,25.555555556
1,0.565,0.0185,0.421,0.0502,0,0,0,0,0,0,0,21.111111111,25.555555556
1,0.555,0.0426,0.421,0.157,0,0,0,0,0,0.233,0.0341,21.111111111,25.555555556
1,0.546,0.121,0.421,0.337,0.112,0.1,0,0,0,0,0.0683,21.111111111,25.555555556
1,0.545,0.195,0.421,0.403,0.576,0.6,0,0,0,0,0.239,21.111111111,25.555555556
1,0.545,0.241,0.421,0.391,0.669,0,0,0,0,0,0.102,21.111111111,25.555555556
1,0.545,0.273,0.421,0.376,0.768,0,0.117,0.254,0.1,0.1,0,21.111111111,25.555555556
1,0.545,0.295,0.421,0.362,0.0802,0,0.455,0,0.583,0.133,0,21.111111111,25.555555556
1,0.545,0.336,0.421,0.355,0,0,0.299,0,0,0,0.102,21.111111111,25.555555556
1,0.545,0.389,0.421,0.354,0.584,0.233,0,0,0,0,0,21.111111111,25.555555556
1,0.56,0.434,0.421,0.354,0.623,0,0,0,0,0,0.0341,21.111111111,25.555555556
1,0.594,0.464,0.421,0.359,0,0,0,0,0,0,0.137,21.111111111,25.555555556
1,0.633,0.483,0.421,0.376,0,0,0,0,0,0.6,0.102,21.111111111,25.555555556
1,0.656,0.542,0.716,0.428,0,0,0,0,0,0.6,0,21.111111111,25.555555556
1,0.654,0.686,0.965,0.537,0,0,0,0,0,0,0.0683,21.111111111,25.555555556
1,0.633,0.838,1,0.691,0,0,0,0,0,0,0.0341,21.111111111,25.555555556
1,0.591,0.85,1,0.82,0,0,0,0,0,0,0.137,21.111111111,25.555555556
1,0.539,0.641,1,0.7,0,0,0,0,0,0,0,21.111111111,25.555555556
1,0.521,0.284,0.826,0.328,0,0,0,0,0,0,0,21.111111111,25.555555556
1,0.565,0.0162,0.421,0.0502,0,0,0,0,0,0,0,21.111111111,25.555555556
1,0.565,0.0162,0.421,0.0502,0,0,0,0,0,0,0,21.111111111,25.555555556
1,0.565,0.0162,0.421,0.0502,0,0,0,0,0,0,0,21.111111111,25.555555556
1,0.565,0.0162,0.421,0.0502,0,0,0,0,0,0,0,21.111111111,25.555555556
1,0.565,0.0162,0.421,0.0502,0,0,0,0,0,0,0,21.111111111,25.555555556
1,0.565,0.0162,0.421,0.0502,0,0,0,0,0,0,0,21.111111111,25.555555556
1,0.537,0.0355,0.643,0.154,0,0,0,0,0,0,0.741,21.111111111,25.555555556
0.617,0.556,0.0221,0.489,0.082,0,0,0,0,0,0,0.324,21.111111111,26.666666667
0.492,0.557,0.0524,0.421,0.185,0,0,0,0,0,0.233,0.171,21.111111111,26.666666667
0,0.565,0.0162,0.421,0.0502,0,0,0,0,0,0,0,21.111111111,26.666666667
0,0.565,0.0162,0.421,0.0502,0,0,0,0,0,0,0,21.111111111,26.666666667
0,0.565,0.0162,0.421,0.0502,0,0,0,0,0,0,0,21.111111111,26.666666667
0,0.565,0.0162,0.421,0.0502,0,0,0,0,0,0,0,21.111111111,26.666666667
0,0.565,0.0162,0.421,0.0502,0,0,0,0,0,0,0,21.111111111,26.666666667
0,0.565,0.0162,0.421,0.0502,0,0,0,0,0,0,0,21.111111111,26.666666667
0,0.565,0.0162,0.421,0.0502,0,0,0,0,0,0,0,21.111111111,25.555555556
0,0.565,0.0162,0.421,0.0502,0,0,0,0,0,0,0,21.111111111,25.555555556
0.258,0.586,0.105,0.421,0.137,0,0,0,0,0,0,0.183,21.111111111,25.555555556
0.5,0.611,0.235,0.609,0.245,0,0,0,0,0,0,0.272,21.111111111,25.555555556
0.5,0.608,0.323,0.7,0.305,0,0,0,0,0,0,0.239,21.111111111,25.555555556
0.633,0.604,0.516,0.788,0.479,0,0,0.192,0.254,0.0167,0,0.102,21.111111111,25.555555556
1,0.583,0.801,1,0.837,0,0,0.631,0,0.9,0,0,21.111111111,25.555555556
1,0.548,0.374,0.778,0.448,0,0,0.567,0,0,0,0,21.111111111,25.555555556
1,0.559,0.0701,0.489,0.114,0,0,0.255,0,0,0,0,21.111111111,25.555555556
1,0.565,0.0162,0.421,0.0502,0,0,0,0,0,0,0,21.111111111,25.555555556
1,0.565,0.0162,0.421,0.0502,0,0,0,0,0,0,0,21.111111111,25.555555556
1,0.565,0.0162,0.421,0.0502,0,0,0,0,0,0,0,21.111111111,25.555555556
1,0.565,0.0162,0.421,0.0502,0,0,0,0,0,0,0,21.111111111,25.555555556
1,0.565,0.0162,0.421,0.0502,0,0,0,0,0,0,0,21.111111111,25.555555556
1,0.565,0.0162,0.421,0.0502,0,0,0,0,0,0,0,21.111111111,25.555555556
1,0.536,0.036,0.648,0.157,0,0,0,0,0,0,0.328,21.111111111,25.555555556
0.617,0.535,0.057,0.556,0.251,0,0,0,0,0,0,0.748,21.111111111,26.666666667
0.242,0.558,0.0371,0.421,0.137,0,0,0,0,0,0,0.297,21.111111111,26.666666667
0,0.565,0.0162,0.421,0.0502,0,0,0,0,0,0,0,21.111111111,26.666666667
0,0.565,0.0162,0.421,0.0502,0,0,0,0,0,0,0,21.111111111,26.666666667
0,0.565,0.0162,0.421,0.0502,0,0,0,0,0,0,0,21.111111111,26.666666667
0,0.565,0.0162,0.421,0.0502,0,0,0,0,0,0,0,21.111111111,26.666666667
0,0.565,0.0162,0.421,0.0502,0,0,0,0,0,0,0,21.111111111,26.666666667
0,0.565,0.0162,0.421,0.0502,0,0,0,0,0,0,0,21.111111111,26.666666667
0,0.565,0.0162,0.421,0.0502,0,0,0,0,0,0,0,21.111111111,25.555555556
0,0.565,0.0162,0.421,0.0502,0,0,0,0,0,0,0,21.111111111,25.555555556
0,0.565,0.0162,0.421,0.0502,0,0,0,0,0,0,0,21.111111111,25.555555556
0.383,0.602,0.195,0.609,0.206,0,0,0,0,0,0,0.273,21.111111111,25.555555556
0.633,0.619,0.411,0.777,0.377,0,0,0,0,0,0,0.273,21.111111111,25.555555556
1,0.629,0.797,1,0.719,0,0,0,0,0,0,0.0341,21.111111111,25.555555556
1,0.581,0.594,0.846,0.621,0,0,0,0,0,0,0,21.111111111,25.555555556
1,0.565,0.0162,0.421,0.0502,0,0,0,0,0,0,0,21.111111111,25.555555556
1,0.565,0.0162,0.421,0.0502,0,0,0,0,0,0,0,21.111111111,25.555555556
1,0.565,0.0162,0.421,0.0502,0,0,0,0,0,0,0,21.111111111,25.555555556
1,0.565,0.0162,0.421,0.0502,0,0,0,0,0,0,0,21.111111111,25.555555556
1,0.565,0.0162,0.421,0.0502,0,0,0,0,0,0,0,21.111111111,25.555555556
1,0.565,0.0162,0.421,0.0502,0,0,0,0,0,0,0,21.111111111,25.555555556
1,0.565,0.0162,0.421,0.0502,0,0,0,0,0,0,0,21.111111111,25.555555556
0.992,0.527,0.0258,0.643,0.0836,0,0,0,0,0,0,0.291,21.111111111,25.555555556
0.5,0.526,0.0385,0.711,0.165,0,0,0,0,0,0,0.436,21.111111111,25.555555556
0.5,0.544,0.0511,0.489,0.219,0,0,0,0,0,0,0.541,21.111111111,26.666666667
0.117,0.561,0.025,0.421,0.0919,0,0,0,0,0,0,0.145,21.111111111,26.666666667
0,0.565,0.0162,0.421,0.0502,0,0,0,0,0,0,0,21.111111111,26.666666667
0,0.565,0.0162,0.421,0.0502,0,0,0,0,0,0,0,21.111111111,26.666666667
0,0.565,0.0162,0.421,0.0502,0,0,0,0,0,0,0,21.111111111,26.666666667
0,0.565,0.0162,0.421,0.0502,0,0,0,0,0,0,0,21.111111111,26.666666667
0,0.565,0.0162,0.421,0.0502,0,0,0,0,0,0,0,21.111111111,26.666666667
0,0.565,0.0162,0.421,0.0502,0,0,0,0,0,0,0,21.111111111,26.666666667
0,0.565,0.0162,0.421,0.0502,0,0,0,0,0,0,0,21.111111111,25.555555556
0,0.565,0.0162,0.421,0.0502,0,0,0,0,0,0,0,21.111111111,25.555555556
0.258,0.586,0.105,0.421,0.137,0,0,0,0,0,0,0.0683,21.111111111,25.555555556
0.633,0.624,0.297,0.675,0.299,0,0,0,0,0,0,0.205,21.111111111,25.555555556
1,0.651,0.631,0.98,0.56,0,0,0,0,0,0,0.102,21.111111111,25.555555556
1,0.629,0.797,1,0.719,0,0,0,0,0,0,0.137,21.111111111,25.555555556
1,0.582,0.698,0.923,0.729,0,0,0,0,0,0,0,21.111111111,25.555555556
1,0.565,0.107,0.489,0.145,0,0,0,0,0,0,0,21.111111111,25.555555556
1,0.565,0.0162,0.421,0.0502,0,0,0,0,0,0,0,21.111111111,25.555555556
1,0.565,0.0162,0.421,0.0502,0,0,0,0,0,0,0,21.111111111,25.555555556
1,0.565,0.0162,0.421,0.0502,0,0,0,0,0,0,0,21.111111111,25.555555556
1,0.565,0.0162,0.421,0.0502,0,0,0,0,0,0,0,21.111111111,25.555555556
1,0.565,0.0162,0.421,0.0502,0,0,0,0,0,0,0,21.111111111,25.555555556
1,0.565,0.0162,0.421,0.0502,0,0,0,0,0,0,0,21.111111111,25.555555556
1,0.565,0.0162,0.421,0.0502,0,0,0,0,0,0,0,21.111111111,25.555555556
1,0.537,0.0355,0.643,0.154,0,0,0,0,0,0,0.0341,21.111111111,25.555555556
1,0.544,0.0511,0.489,0.219,0,0,0,0,0,0,0.239,21.111111111,26.666666667
1,0.553,0.062,0.421,0.23,0,0,0,0,0,0,0.0683,21.111111111,26.666666667
0.992,0.547,0.116,0.421,0.356,0,0,0,0,0,0,0.0341,21.111111111,26.666666667
0.5,0.555,0.0809,0.421,0.22,0,0,0,0,0,0,0.205,21.111111111,26.666666667
0.5,0.555,0.089,0.421,0.212,0,0,0,0,0,0,0.102,21.111111111,26.666666667
0.367,0.557,0.0732,0.421,0.164,0,0,0,0,0,0,0.0341,21.111111111,26.666666667
0,0.565,0.0162,0.421,0.0502,0,0,0,0,0,0,0,21.111111111,26.666666667
0,0.565,0.0162,0.421,0.0502,0,0,0,0,0,0,0,21.111111111,26.666666667
0,0.565,0.0162,0.421,0.0502,0,0,0,0,0,0,0,21.111111111,25.555555556
0.383,0.582,0.122,0.421,0.169,0,0,0,0,0,0,0.0341,21.111111111,25.555555556
0.5,0.602,0.18,0.421,0.215,0,0,0,0,0,0,0.171,21.111111111,25.555555556
0.367,0.599,0.173,0.544,0.191,0,0,0,0,0,0,0.0341,21.111111111,25.555555556
0.133,0.576,0.104,0.498,0.122,0,0,0,0,0,0,0.0662,21.111111111,25.555555556
0.625,0.604,0.509,0.783,0.473,0,0,0,0,0,0,0.285,21.111111111,25.555555556
0.883,0.576,0.705,0.932,0.755,0,0,0,0,0,0,0.158,21.111111111,25.555555556
1,0.543,0.432,0.85,0.515,0,0,0,0,0,0,0,21.111111111,25.555555556
1,0.559,0.0701,0.489,0.114,0,0,0,0,0,0,0,21.111111111,25.555555556
1,0.555,0.0391,0.489,0.0739,0,0,0,0,0,0,0.13,21.111111111,25.555555556
1,0.565,0.0162,0.421,0.0502,0,0,0,0,0,0,0,21.111111111,25.555555556
1,0.565,0.0162,0.421,0.0502,0,0,0,0,0,0,0,21.111111111,25.555555556
1,0.565,0.0162,0.421,0.0502,0,0,0,0,0,0,0,21.111111111,25.555555556
0.742,0.515,0.0208,0.715,0.0515,0,0,0,0,0,0,0.431,21.111111111,25.555555556
0.5,0.516,0.0269,0.711,0.0839,0,0,0,0,0,0,0.328,21.111111111,25.555555556
0.5,0.526,0.0385,0.711,0.165,0,0,0,0,0,0,0.265,21.111111111,25.555555556
0.625,0.539,0.0606,0.489,0.264,0,0,0,0,0,0,0.514,21.111111111,26.666666667
0.5,0.553,0.062,0.421,0.23,0,0,0,0,0,0,0.353,21.111111111,26.666666667
0.5,0.555,0.0723,0.421,0.226,0,0,0,0,0,0,0.183,21.111111111,26.666666667
0.5,0.555,0.0809,0.421,0.22,0,0,0,0,0,0,0.641,21.111111111,26.666666667
0.5,0.555,0.089,0.421,0.212,0,0,0,0,0,0,0.177,21.111111111,26.666666667
0.5,0.555,0.0944,0.421,0.205,0,0,0,0,0,0,0.166,21.111111111,26.666666667
0.117,0.562,0.0347,0.421,0.0861,0,0,0,0,0,0,0,21.111111111,26.666666667
0,0.565,0.0162,0.421,0.0502,0,0,0,0,0,0,0,21.111111111,26.666666667
0,0.565,0.0162,0.421,0.0502,0,0,0,0,0,0,0,21.111111111,25.555555556
0.258,0.576,0.0874,0.421,0.131,0,0,0,0,0,0.517,0.137,21.111111111,25.555555556
0.5,0.602,0.18,0.421,0.215,0,0,0,0,0,0.2,0.137,21.111111111,25.555555556
0.5,0.611,0.235,0.609,0.245,0,0,0,0,0,0,0,21.111111111,25.555555556
0.5,0.608,0.323,0.7,0.305,0,0,0,0,0,0,0.246,21.111111111,25.555555556
0.758,0.611,0.618,0.86,0.567,0,0,0,0,0,0.517,0.179,21.111111111,25.555555556
1,0.583,0.801,1,0.837,0,0,0,0,0,0.683,0,21.111111111,25.555555556
1,0.537,0.489,0.923,0.583,0,0,0,0,0,0,0,21.111111111,25.555555556
1,0.527,0.143,0.711,0.191,0,0,0,0,0,0,0.212,21.111111111,25.555555556
1,0.548,0.0622,0.537,0.0908,0,0,0,0,0,0,0,21.111111111,25.555555556
1,0.565,0.0185,0.421,0.0502,0,0,0,0,0,0,0,21.111111111,25.555555556
1,0.565,0.0185,0.421,0.0502,0,0,0,0,0,0,0,21.111111111,25.555555556
1,0.565,0.0185,0.421,0.0502,0,0,0,0,0,0,0,21.111111111,25.555555556
1,0.535,0.0205,0.595,0.051,0,0,0,0,0,0,0.0683,21.111111111,25.555555556
1,0.521,0.0233,0.682,0.0725,0,0,0,0,0,0,0,21.111111111,25.555555556
1,0.565,0.0185,0.421,0.0502,0,0,0,0,0,0,0,21.111111111,25.555555556
1,0.563,0.0225,0.421,0.0681,0,0,0,0,0,0.1,0,21.111111111,25.555555556
1,0.552,0.078,0.421,0.23,0,0,0.303,0.356,0,0.383,0.0683,21.111111111,25.555555556
1,0.555,0.107,0.421,0.227,0,0,0.554,0.407,0.6,0,0.171,21.111111111,25.555555556
1,0.549,0.201,0.421,0.321,0,0,0.781,0,0.783,0,0.0341,21.111111111,25.555555556
0.95,0.546,0.259,0.421,0.36,0,0,0.0961,0,0,0.1,0.0341,21.111111111,25.555555556
0.5,0.558,0.107,0.421,0.152,0,0,0,0,0,0.133,0.0683,21.111111111,25.555555556
0.5,0.565,0.0185,0.421,0.0502,0,0,0,0,0,0,0,21.111111111,25.555555556
0.5,0.559,0.136,0.421,0.141,0,0,0.308,0.508,0.1,0,0.0341,21.111111111,25.555555556
0.5,0.562,0.226,0.421,0.202,0,0,0.117,0,0.817,0,0.171,21.111111111,25.555555556
0.5,0.579,0.241,0.421,0.204,0,0,0,0,0,0,0.171,21.111111111,25.555555556
0.5,0.599,0.251,0.421,0.213,0,0,0,0,0,0,0.0341,21.111111111,25.555555556
0.675,0.627,0.378,0.654,0.31,0,0,0,0,0,0,0,21.111111111,25.555555556
1,0.654,0.686,0.965,0.537,0,0,0,0,0,0.6,0,21.111111111,25.555555556
1,0.633,0.838,1,0.691,0,0,0,0,0,0.117,0,21.111111111,25.555555556
1,0.591,0.85,1,0.82,0,0,0,0,0,0,0,21.111111111,25.555555556
1,0.539,0.641,1,0.7,0,0,0,0,0,0,0.0502,21.111111111,25.555555556
1,0.521,0.284,0.826,0.328,0,0,0,0,0,0,0.12,21.111111111,25.555555556
1,0.547,0.0693,0.614,0.101,0,0,0,0,0,0,0,21.111111111,25.555555556
1,0.565,0.0185,0.421,0.0502,0,0,0,0,0,0,0,21.111111111,25.555555556
1,0.565,0.0185,0.421,0.0502,0,0,0,0,0,0,0,21.111111111,25.555555556
1,0.565,0.0185,0.421,0.0502,0,0,0,0,0,0,0,21.111111111,25.555555556
1,0.565,0.0185,0.421,0.0502,0,0,0,0,0,0,0,21.111111111,25.555555556
1,0.565,0.0185,0.421,0.0502,0,0,0,0,0,0,0,21.111111111,25.555555556
1,0.565,0.0185,0.421,0.0502,0,0,0,0,0,0,0,21.111111111,25.555555556
1,0.565,0.0185,0.421,0.0502,0,0,0,0,0,0,0,21.111111111,25.555555556
1,0.565,0.0185,0.421,0.0502,0,0,0,0,0,0,0,21.111111111,25.555555556
1,0.558,0.0876,0.421,0.172,0,0,0,0,0,0.233,0.0341,21.111111111,25.555555556
1,0.545,0.241,0.421,0.391,0,0,0,0,0,0,0,21.111111111,25.555555556
1,0.545,0.273,0.421,0.376,0,0,0,0,0,0,0.0683,21.111111111,25.555555556
1,0.545,0.295,0.421,0.362,0,0,0,0,0,0,0.102,21.111111111,25.555555556
1,0.545,0.336,0.421,0.355,0,0,0,0,0,0,0,21.111111111,25.555555556
1,0.545,0.389,0.421,0.354,0,0,0,0,0,0,0.102,21.111111111,25.555555556
0.95,0.56,0.412,0.421,0.339,0,0,0,0,0,0,0.662,21.111111111,25.555555556
0.925,0.593,0.432,0.421,0.336,0,0,0,0,0,0,0.0683,21.111111111,25.555555556
1,0.633,0.483,0.421,0.376,0,0,0.237,0.254,0.6,0,0.171,21.111111111,25.555555556
1,0.656,0.542,0.716,0.428,0,0,0.671,0,0.55,0,0,21.111111111,25.555555556
1,0.654,0.686,0.965,0.537,0,0,0.0045,0,0,0,0.0341,21.111111111,25.555555556
1,0.633,0.838,1,0.691,0,0,0,0,0,0,0.102,21.111111111,25.555555556
1,0.591,0.85,1,0.82,0,0,0,0,0,0,0.0341,21.111111111,25.555555556
1,0.553,0.49,0.826,0.538,0,0,0,0,0,0,0.144,21.111111111,25.555555556
1,0.53,0.184,0.711,0.22,0,0,0,0,0,0,0.0988,21.111111111,25.555555556
1,0.562,0.0375,0.633,0.0779,0,0,0,0,0,0,0,21.111111111,25.555555556
1,0.565,0.0162,0.421,0.0502,0,0,0,0,0,0,0,21.111111111,25.555555556
1,0.565,0.0162,0.421,0.0502,0,0,0,0,0,0,0,21.111111111,25.555555556
1,0.565,0.0162,0.421,0.0502,0,0,0,0,0,0,0,21.111111111,25.555555556
1,0.565,0.0162,0.421,0.0502,0,0,0,0,0,0,0,21.111111111,25.555555556
1,0.565,0.0162,0.421,0.0502,0,0,0,0,0,0,0,21.111111111,25.555555556
1,0.58,0.0352,0.566,0.171,0,0,0,0,0,0,0.2,21.111111111,25.555555556
0.483,0.573,0.0237,0.421,0.0938,0,0,0,0,0,0,0.174,21.111111111,26.666666667
0,0.565,0.0162,0.421,0.0502,0,0,0,0,0,0,0,21.111111111,26.666666667
0,0.565,0.0162,0.421,0.0502,0,0,0,0,0,0,0,21.111111111,26.666666667
0,0.565,0.0162,0.421,0.0502,0,0,0,0,0,0,0,21.111111111,26.666666667
0,0.565,0.0162,0.421,0.0502,0,0,0,0,0,0,0,21.111111111,26.666666667
0.383,0.598,0.0711,0.421,0.179,0,0,0,0,0,0,0.171,21.111111111,26.666666667
0.5,0.608,0.0957,0.421,0.217,0,0,0,0,0,0,0.307,21.111111111,26.666666667
0.758,0.639,0.148,0.421,0.304,0.222,0.267,0,0,0,0,0.102,21.111111111,26.666666667
0.617,0.644,0.139,0.421,0.258,0.63,0.217,0,0,0,0,0.0683,21.111111111,25.555555556
0.367,0.625,0.104,0.421,0.177,0,0,0,0,0,0,0.102,21.111111111,25.555555556
0,0.565,0.0162,0.421,0.0502,0,0,0,0,0,0,0,21.111111111,25.555555556
0.642,0.706,0.321,0.76,0.406,0,0,0,0,0,0.25,0.102,21.111111111,25.555555556
1,0.768,0.627,1,0.747,0,0,0,0,0,0,0.185,21.111111111,25.555555556
1,0.668,0.45,0.778,0.561,0,0,0,0,0,0,0.304,21.111111111,25.555555556
1,0.616,0.317,0.711,0.439,0,0,0,0,0,0,0.171,21.111111111,25.555555556
1,0.578,0.113,0.561,0.18,0,0,0,0,0,0,0,21.111111111,25.555555556
1,0.565,0.0162,0.421,0.0502,0,0,0,0,0,0,0,21.111111111,25.555555556
1,0.565,0.0162,0.421,0.0502,0,0,0,0,0,0,0,21.111111111,25.555555556
1,0.565,0.0162,0.421,0.0502,0,0,0,0,0,0,0,21.111111111,25.555555556
1,0.565,0.0162,0.421,0.0502,0,0,0,0,0,0,0,21.111111111,25.555555556
1,0.565,0.0162,0.421,0.0502,0,0,0,0,0,0,0,21.111111111,25.555555556
1,0.564,0.0189,0.498,0.0626,0,0,0,0,0,0,0.206,21.111111111,25.555555556
0.617,0.566,0.0291,0.711,0.122,0,0,0,0,0,0,0.137,21.111111111,25.555555556
0.5,0.583,0.0401,0.633,0.204,0,0,0,0,0,0,0.41,21.111111111,25.555555556
0.117,0.573,0.0237,0.421,0.0938,0,0,0,0,0,0,0,21.111111111,26.666666667
0,0.565,0.0162,0.421,0.0502,0,0,0,0,0,0,0,21.111111111,26.666666667
0,0.565,0.0162,0.421,0.0502,0,0,0,0,0,0,0,21.111111111,26.666666667
0,0.565,0.0162,0.421,0.0502,0,0,0,0,0,0,0,21.111111111,26.666666667
0,0.565,0.0162,0.421,0.0502,0,0,0,0,0,0,0,21.111111111,26.666666667
0,0.565,0.0162,0.421,0.0502,0,0,0,0,0,0,0,21.111111111,26.666666667
0,0.565,0.0162,0.421,0.0502,0,0,0,0,0,0,0,21.111111111,26.666666667
0.767,0.64,0.15,0.421,0.306,0,0,0.447,0.712,0.0667,0,0.102,21.111111111,26.666666667
1,0.695,0.218,0.421,0.388,0,0,0,0,0.883,0,0.205,21.111111111,25.555555556
0.608,0.665,0.161,0.421,0.261,0,0,0,0,0,0,0.205,21.111111111,25.555555556
0.133,0.595,0.0702,0.487,0.115,0,0,0,0,0,0,0,21.111111111,25.555555556
0.5,0.676,0.241,0.678,0.315,0,0,0,0,0,0,0.261,21.111111111,25.555555556
0.5,0.666,0.322,0.711,0.398,0,0,0,0,0,0,0.182,21.111111111,25.555555556
0.883,0.708,0.635,0.932,0.785,0,0,0,0,0,0,0.115,21.111111111,25.555555556
1,0.666,0.614,0.995,0.823,0,0,0,0,0,0,0.204,21.111111111,25.555555556
1,0.587,0.185,0.711,0.275,0,0,0,0,0,0,0,21.111111111,25.555555556
1,0.566,0.0354,0.489,0.0739,0,0,0,0,0,0,0,21.111111111,25.555555556
1,0.565,0.0162,0.421,0.0502,0,0,0,0,0,0,0,21.111111111,25.555555556
1,0.565,0.0162,0.421,0.0502,0,0,0,0,0,0,0,21.111111111,25.555555556
1,0.565,0.0162,0.421,0.0502,0,0,0,0,0,0,0,21.111111111,25.555555556
1,0.565,0.0162,0.421,0.0502,0,0,0,0,0,0,0,21.111111111,25.555555556
1,0.565,0.0162,0.421,0.0502,0,0,0,0,0,0,0,21.111111111,25.555555556
1,0.565,0.0162,0.421,0.0502,0,0,0,0,0,0,0,21.111111111,25.555555556
1,0.565,0.0162,0.421,0.0502,0,0,0,0,0,0,0,21.111111111,25.555555556
0.608,0.593,0.0425,0.421,0.192,0,0,0,0,0,0,0.307,21.111111111,26.666666667
0,0.565,0.0162,0.421,0.0502,0,0,0,0,0,0,0,21.111111111,26.666666667
0,0.565,0.0162,0.421,0.0502,0,0,0,0,0,0,0,21.111111111,26.666666667
0,0.565,0.0162,0.421,0.0502,0,0,0,0,0,0,0,21.111111111,26.666666667
0,0.565,0.0162,0.421,0.0502,0,0,0,0,0,0,0,21.111111111,26.666666667
0,0.565,0.0162,0.421,0.0502,0,0,0,0,0,0,0,21.111111111,26.666666667
0.133,0.576,0.0384,0.421,0.0947,0,0,0.143,0.237,0.0333,0,0.0341,21.111111111,26.666666667
0.5,0.612,0.102,0.421,0.217,0,0,0.852,0,0.917,0,0.273,21.111111111,26.666666667
0.5,0.63,0.117,0.421,0.219,0,0,0.251,0,0,0,0.102,21.111111111,25.555555556
0.5,0.653,0.143,0.421,0.228,0,0,0.518,0,0,0,0.137,21.111111111,25.555555556
0.5,0.672,0.179,0.487,0.256,0,0,0.876,0,0,0,0.171,21.111111111,25.555555556
0.883,0.761,0.419,0.878,0.522,0,0,0.141,0,0,0,0.0341,21.111111111,25.555555556
1,0.768,0.627,1,0.747,0,0,0,0,0,0,0.0341,21.111111111,25.555555556
1,0.729,0.718,1,0.881,0,0,0,0,0,0,0,21.111111111,25.555555556
1,0.659,0.564,0.923,0.756,0,0,0,0,0,0,0,21.111111111,25.555555556
1,0.585,0.163,0.633,0.248,0,0,0,0,0,0,0,21.111111111,25.555555556
1,0.565,0.0162,0.421,0.0502,0,0,0,0,0,0,0,21.111111111,25.555555556
1,0.565,0.0162,0.421,0.0502,0,0,0,0,0,0,0,21.111111111,25.555555556
1,0.565,0.0162,0.421,0.0502,0,0,0,0,0,0,0,21.111111111,25.555555556
1,0.565,0.0162,0.421,0.0502,0,0,0,0,0,0,0,21.111111111,25.555555556
0.867,0.565,0.0162,0.421,0.0502,0,0,0,0,0,0,0,21.111111111,25.555555556
0.5,0.565,0.0162,0.421,0.0502,0,0,0,0,0,0,0,21.111111111,25.555555556
0.633,0.568,0.0218,0.498,0.0882,0,0,0,0,0,0,0.428,21.111111111,25.555555556
1,0.583,0.0401,0.633,0.204,0,0,0,0,0,0,0.349,21.111111111,25.555555556
0.867,0.603,0.0506,0.421,0.238,0,0,0,0,0,0,0.423,21.111111111,26.666666667
0.5,0.608,0.0597,0.421,0.242,0,0,0,0,0,0.0167,0.608,21.111111111,26.666666667
0.5,0.608,0.0682,0.421,0.239,0,0,0,0,0,0.233,0.171,21.111111111,26.666666667
0.242,0.586,0.0438,0.421,0.139,0,0,0,0,0,0,0.0683,21.111111111,26.666666667
0,0.565,0.0162,0.421,0.0502,0,0,0,0,0,0,0,21.111111111,26.666666667
0,0.565,0.0162,0.421,0.0502,0,0,0,0,0,0,0,21.111111111,26.666666667
0,0.565,0.0162,0.421,0.0502,0,0,0,0,0,0,0,21.111111111,26.666666667
0,0.565,0.0162,0.421,0.0502,0,0,0,0,0,0,0,21.111111111,26.666666667
0,0.565,0.0162,0.421,0.0502,0,0,0,0,0,0,0,21.111111111,25.555555556
0,0.565,0.0162,0.421,0.0502,0,0,0,0,0,0,0,21.111111111,25.555555556
0.133,0.595,0.0702,0.487,0.115,0,0,0,0,0,0,0.0683,21.111111111,25.555555556
0.758,0.733,0.368,0.817,0.462,0,0,0,0,0,0,0.0341,21.111111111,25.555555556
1,0.744,0.532,0.923,0.638,0,0,0,0,0,0,0,21.111111111,25.555555556
1,0.647,0.367,0.711,0.466,0,0,0,0,0,0,0,21.111111111,25.555555556
1,0.616,0.317,0.711,0.439,0,0,0,0,0,0,0,21.111111111,25.555555556
1,0.587,0.185,0.711,0.275,0,0,0,0,0,0,0,21.111111111,25.555555556
1,0.568,0.0765,0.633,0.125,0,0,0,0,0,0,0.197,21.111111111,25.555555556
1,0.565,0.0162,0.421,0.0502,0,0,0,0,0,0,0,21.111111111,25.555555556
1,0.565,0.0162,0.421,0.0502,0,0,0,0,0,0,0,21.111111111,25.555555556
1,0.565,0.0162,0.421,0.0502,0,0,0,0,0,0,0,21.111111111,25.555555556
1,0.565,0.0162,0.421,0.0502,0,0,0,0,0,0,0,21.111111111,25.555555556
1,0.565,0.0162,0.421,0.0502,0,0,0,0,0,0,0,21.111111111,25.555555556
0.867,0.563,0.0212,0.566,0.0733,0,0,0,0,0,0,0.155,21.111111111,25.555555556
0.5,0.565,0.0162,0.421,0.0502,0,0,0,0,0,0,0,21.111111111,25.555555556
0.5,0.576,0.0272,0.421,0.101,0,0,0,0,0,0,0.195,21.111111111,26.666666667
0.5,0.608,0.0597,0.421,0.242,0,0,0,0,0,0,0.211,21.111111111,26.666666667
0.492,0.608,0.0672,0.421,0.235,0,0,0,0,0,0,0.0941,21.111111111,26.666666667
0,0.565,0.0162,0.421,0.0502,0,0,0,0,0,0,0,21.111111111,26.666666667
0,0.565,0.0162,0.421,0.0502,0,0,0,0,0,0,0,21.111111111,26.666666667
0.258,0.587,0.0541,0.421,0.137,0,0,0.218,0.237,0.283,0,0.102,21.111111111,26.666666667
0.5,0.608,0.0957,0.421,0.217,0,0,0.138,0,0.667,0,0.444,21.111111111,26.666666667
0.5,0.612,0.102,0.421,0.217,0,0,0,0,0,0,0.0341,21.111111111,26.666666667
0.367,0.608,0.0853,0.421,0.173,0,0,0,0,0,0,0.326,21.111111111,25.555555556
0,0.565,0.0162,0.421,0.0502,0,0,0,0,0,0,0,21.111111111,25.555555556
0.258,0.621,0.107,0.487,0.163,0,0,0,0,0,0.517,0.0341,21.111111111,25.555555556
0.5,0.676,0.241,0.678,0.315,0,0,0,0,0,0.483,0.215,21.111111111,25.555555556
0.883,0.743,0.56,0.932,0.671,0,0,0,0,0,0.25,0.176,21.111111111,25.555555556
1,0.729,0.718,1,0.881,0,0,0,0,0,0,0.0341,21.111111111,25.555555556
1,0.629,0.396,0.778,0.54,0,0,0,0,0,0,0,21.111111111,25.555555556
1,0.587,0.185,0.711,0.275,0,0,0,0,0,0,0,21.111111111,25.555555556
1,0.568,0.0771,0.633,0.125,0,0,0,0,0,0,0,21.111111111,25.555555556
1,0.565,0.0185,0.421,0.0502,0,0,0,0,0,0,0,21.111111111,25.555555556
1,0.565,0.0185,0.421,0.0502,0,0,0,0,0,0,0,21.111111111,25.555555556
1,0.565,0.0185,0.421,0.0502,0,0,0,0,0,0,0,21.111111111,25.555555556
1,0.565,0.0185,0.421,0.0502,0,0,0,0,0,0,0,21.111111111,25.555555556
1,0.565,0.0185,0.421,0.0502,0,0,0,0,0,0,0,21.111111111,25.555555556
1,0.565,0.0185,0.421,0.0502,0,0,0,0,0,0,0,21.111111111,25.555555556
1,0.565,0.0185,0.421,0.0502,0,0,0,0,0,0,0,21.111111111,25.555555556
1,0.565,0.0185,0.421,0.0502,0,0,0,0,0,0,0,21.111111111,25.555555556
1,0.598,0.0722,0.421,0.197,0,0,0,0,0,0.25,0.307,21.111111111,25.555555556
1,0.608,0.108,0.421,0.239,0,0,0,0,0,0,0,21.111111111,25.555555556
1,0.608,0.125,0.421,0.232,0,0,0,0,0,0.267,0.0341,21.111111111,25.555555556
1,0.608,0.135,0.421,0.224,0,0,0,0,0,0.233,0.102,21.111111111,25.555555556
1,0.608,0.148,0.421,0.218,0,0,0,0,0,0,0.375,21.111111111,25.555555556
1,0.631,0.254,0.421,0.303,0,0,0,0,0,0,0.0683,21.111111111,25.555555556
0.617,0.623,0.232,0.421,0.256,0,0,0,0,0,0,0.0341,21.111111111,25.555555556
0.5,0.63,0.209,0.421,0.219,0,0,0,0,0,0,0.0683,21.111111111,25.555555556
0.5,0.653,0.218,0.421,0.228,0,0,0,0,0,0,0.205,21.111111111,25.555555556
0.5,0.672,0.233,0.487,0.256,0,0,0,0,0,0,0.0683,21.111111111,25.555555556
0.883,0.761,0.489,0.878,0.522,0.554,0.483,0,0,0,0.767,0.0341,21.111111111,25.555555556
0.617,0.691,0.431,0.778,0.475,0.203,0,0,0,0,0.483,0,21.111111111,25.555555556
0.5,0.646,0.385,0.706,0.458,0,0,0,0,0,0,0.0683,21.111111111,25.555555556
0.883,0.602,0.251,0.643,0.338,0,0,0,0,0,0,0,21.111111111,25.555555556
1,0.587,0.203,0.711,0.275,0,0,0,0,0,0,0.0964,21.111111111,25.555555556
1,0.567,0.0968,0.711,0.135,0,0,0,0,0,0,0.478,21.111111111,25.555555556
1,0.562,0.0475,0.711,0.0812,0,0,0,0,0,0,0.316,21.111111111,25.555555556
1,0.564,0.0215,0.489,0.0532,0,0,0,0,0,0,0.104,21.111111111,25.555555556
1,0.565,0.0185,0.421,0.0502,0,0,0,0,0,0,0,21.111111111,25.555555556
1,0.565,0.0185,0.421,0.0502,0,0,0,0,0,0,0,21.111111111,25.555555556
1,0.565,0.0185,0.421,0.0502,0,0,0,0,0,0,0,21.111111111,25.555555556
1,0.565,0.0185,0.421,0.0502,0,0,0,0,0,0,0,21.111111111,25.555555556
1,0.574,0.0276,0.421,0.1,0.296,0.267,0,0,0,0,0.0341,21.111111111,25.555555556
1,0.603,0.0599,0.421,0.238,0.516,0.95,0,0,0,0,0.205,21.111111111,25.555555556
1,0.608,0.0866,0.421,0.242,0,0,0,0,0,0,0,21.111111111,25.555555556
1,0.608,0.108,0.421,0.239,0,0,0,0,0,0,0.171,21.111111111,25.555555556
1,0.608,0.125,0.421,0.232,0,0,0,0,0,0,0.0341,21.111111111,25.555555556
1,0.608,0.135,0.421,0.224,0,0,0,0,0,0.25,0.137,21.111111111,25.555555556
1,0.62,0.187,0.421,0.263,0,0,0.538,0.237,0.533,0,0.294,21.111111111,25.555555556
1,0.652,0.325,0.421,0.384,0,0,0.548,0,0.167,0,0.211,21.111111111,25.555555556
0.617,0.623,0.232,0.421,0.256,0,0,0,0,0,0,0.102,21.111111111,25.555555556
0.758,0.667,0.308,0.421,0.307,0,0,0,0,0,0,0.102,21.111111111,25.555555556
1,0.742,0.417,0.421,0.406,0,0,0,0,0,0,0,21.111111111,25.555555556
0.875,0.752,0.387,0.491,0.401,0,0,0,0,0,0,0.0683,21.111111111,25.555555556
1,0.788,0.546,0.936,0.579,0,0,0,0,0,0,0.34,21.111111111,25.555555556
1,0.768,0.693,1,0.747,0,0,0,0,0,0,0,21.111111111,25.555555556
1,0.729,0.763,1,0.881,0,0,0,0,0,0,0,21.111111111,25.555555556
1,0.629,0.415,0.778,0.54,0,0,0,0,0,0,0.288,21.111111111,25.555555556
1,0.587,0.203,0.711,0.275,0,0,0,0,0,0,0.0677,21.111111111,25.555555556
1,0.567,0.0634,0.561,0.0992,0,0,0,0,0,0,0,21.111111111,25.555555556
1,0.565,0.0162,0.421,0.0502,0,0,0,0,0,0,0,21.111111111,25.555555556
1,0.565,0.0162,0.421,0.0502,0,0,0,0,0,0,0,21.111111111,25.555555556
1,0.565,0.0162,0.421,0.0502,0,0,0,0,0,0,0,21.111111111,25.555555556
0.867,0.565,0.0162,0.421,0.0502,0,0,0,0,0,0,0,21.111111111,25.555555556
0.5,0.565,0.0162,0.421,0.0502,0,0,0,0,0,0,0,21.111111111,25.555555556
0.5,0.568,0.0218,0.498,0.0882,0,0,0,0,0,0,0.28,21.111111111,25.555555556
0.5,0.583,0.0401,0.633,0.204,0,0,0,0,0,0,0.24,21.111111111,25.555555556
0.492,0.602,0.05,0.421,0.235,0,0,0,0,0,0,0.391,21.111111111,26.666666667
0,0.565,0.0162,0.421,0.0502,0,0,0,0,0,0,0,21.111111111,26.666666667
0,0.565,0.0162,0.421,0.0502,0,0,0,0,0,0,0,21.111111111,26.666666667
0,0.565,0.0162,0.421,0.0502,0,0,0,0,0,0,0,21.111111111,26.666666667
0,0.565,0.0162,0.421,0.0502,0,0,0,0,0,0,0,21.111111111,26.666666667
0,0.565,0.0162,0.421,0.0502,0,0,0,0,0,0,0,21.111111111,26.666666667
0,0.565,0.0162,0.421,0.0502,0,0,0,0,0,0,0,21.111111111,26.666666667
0,0.565,0.0162,0.421,0.0502,0,0,0,0,0,0,0,21.111111111,26.666666667
0,0.565,0.0162,0.421,0.0502,0,0,0,0,0,0,0,21.111111111,25.555555556
0,0.565,0.0162,0.421,0.0502,0,0,0,0,0,0,0,21.111111111,25.555555556
0.133,0.595,0.0702,0.487,0.115,0,0,0,0,0,0,0.0341,21.111111111,25.555555556
0.5,0.676,0.241,0.678,0.315,0,0,0,0,0,0,0.0683,21.111111111,25.555555556
0.883,0.743,0.56,0.932,0.671,0,0,0.221,0.525,0,0,0.356,21.111111111,25.555555556
1,0.729,0.718,1,0.881,0,0,0,0.186,0.7,0,0,21.111111111,25.555555556
1,0.666,0.614,0.995,0.823,0,0,0,0,0,0,0.224,21.111111111,25.555555556
1,0.571,0.063,0.489,0.113,0,0,0,0,0,0,0,21.111111111,25.555555556
1,0.565,0.0162,0.421,0.0502,0,0,0,0,0,0,0,21.111111111,25.555555556
1,0.565,0.0162,0.421,0.0502,0,0,0,0,0,0,0,21.111111111,25.555555556
1,0.565,0.0162,0.421,0.0502,0,0,0,0,0,0,0,21.111111111,25.555555556
1,0.565,0.0162,0.421,0.0502,0,0,0,0,0,0,0,21.111111111,25.555555556
1,0.565,0.0162,0.421,0.0502,0,0,0,0,0,0,0,21.111111111,25.555555556
1,0.564,0.0189,0.498,0.0626,0,0,0,0,0,0,0.0683,21.111111111,25.555555556
0.867,0.562,0.0235,0.633,0.0841,0,0,0,0,0,0,0.366,21.111111111,25.555555556
0.5,0.565,0.0167,0.421,0.0534,0,0,0,0,0,0,0.0732,21.111111111,25.555555556
0.242,0.582,0.0317,0.421,0.14,0,0,0,0,0,0,0.0827,21.111111111,26.666666667
0,0.565,0.0162,0.421,0.0502,0,0,0,0,0,0,0,21.111111111,26.666666667
0,0.565,0.0162,0.421,0.0502,0,0,0,0,0,0,0,21.111111111,26.666666667
0,0.565,0.0162,0.421,0.0502,0,0,0,0,0,0,0,21.111111111,26.666666667
0,0.565,0.0162,0.421,0.0502,0,0,0,0,0,0,0,21.111111111,26.666666667
0,0.565,0.0162,0.421,0.0502,0,0,0,0,0,0,0,21.111111111,26.666666667
0,0.565,0.0162,0.421,0.0502,0,0,0,0,0,0,0,21.111111111,26.666666667
0.383,0.602,0.0829,0.421,0.178,0,0,0,0,0,0.25,0.137,21.111111111,26.666666667
0.5,0.63,0.117,0.421,0.219,0,0,0,0,0,0,0.205,21.111111111,25.555555556
0.375,0.633,0.113,0.421,0.185,0,0,0,0,0,0,0.0341,21.111111111,25.555555556
0.75,0.725,0.253,0.487,0.352,0,0,0,0,0,0,0.0341,21.111111111,25.555555556
0.5,0.676,0.241,0.678,0.315,0,0,0,0,0,0,0.0683,21.111111111,25.555555556
0.5,0.666,0.322,0.711,0.398,0.654,0.483,0,0,0,0,0.0683,21.111111111,25.555555556
0.758,0.685,0.546,0.86,0.683,0.252,0,0,0,0,0.0167,0.0341,21.111111111,25.555555556
1,0.659,0.564,0.923,0.756,0,0,0,0,0,0.233,0.163,21.111111111,25.555555556
1,0.587,0.185,0.711,0.275,0,0,0,0,0,0,0.245,21.111111111,25.555555556
1,0.566,0.0354,0.489,0.0739,0,0,0,0,0,0,0,21.111111111,25.555555556
1,0.565,0.0162,0.421,0.0502,0,0,0,0,0,0,0,21.111111111,25.555555556
1,0.565,0.0162,0.421,0.0502,0,0,0,0,0,0,0,21.111111111,25.555555556
1,0.564,0.0159,0.498,0.0502,0,0,0,0,0,0,0.265,21.111111111,25.555555556
1,0.562,0.0154,0.633,0.0502,0,0,0,0,0,0,0.258,21.111111111,25.555555556
1,0.564,0.0189,0.498,0.0626,0,0,0,0,0,0,0.115,21.111111111,25.555555556
0.617,0.564,0.0185,0.489,0.061,0,0,0,0,0,0,0,21.111111111,25.555555556
0.5,0.577,0.03,0.493,0.136,0,0,0,0,0,0,0.264,21.111111111,25.555555556
0.758,0.623,0.0696,0.421,0.336,0,0,0,0,0,0,0.397,21.111111111,26.666666667
0.867,0.64,0.0898,0.421,0.382,0,0,0,0,0,0,0.558,21.111111111,26.666666667
0.5,0.608,0.0682,0.421,0.239,0,0,0,0,0,0,0.466,21.111111111,26.666666667
0.117,0.575,0.0295,0.421,0.0931,0,0,0,0,0,0,0.0683,21.111111111,26.666666667
0,0.565,0.0162,0.421,0.0502,0,0,0,0,0,0,0,21.111111111,26.666666667
0,0.565,0.0162,0.421,0.0502,0,0,0,0,0,0,0,21.111111111,26.666666667
0.125,0.575,0.0357,0.421,0.0919,0,0,0,0,0,0,0.277,21.111111111,26.666666667
0,0.565,0.0162,0.421,0.0502,0,0,0,0,0,0,0,21.111111111,26.666666667
0,0.565,0.0162,0.421,0.0502,0,0,0,0,0,0,0,21.111111111,25.555555556
0,0.565,0.0162,0.421,0.0502,0,0,0,0,0,0,0,21.111111111,25.555555556
0.133,0.595,0.0702,0.487,0.115,0,0,0,0,0,0,0,21.111111111,25.555555556
0.508,0.678,0.246,0.683,0.32,0,0,0,0,0,0,0.0341,21.111111111,25.555555556
0.992,0.766,0.621,0.995,0.74,0,0,0,0,0,0,0.0683,21.111111111,25.555555556
0.5,0.647,0.367,0.711,0.466,0,0,0,0,0,0,0,21.111111111,25.555555556
0.5,0.616,0.317,0.711,0.439,0,0,0,0,0,0,0,21.111111111,25.555555556
0.883,0.602,0.307,0.932,0.436,0,0,0,0,0,0,0.0186,21.111111111,25.555555556
1,0.569,0.103,0.773,0.158,0,0,0,0,0,0,0.214,21.111111111,25.555555556
1,0.565,0.0162,0.421,0.0502,0,0,0,0,0,0,0,21.111111111,25.555555556
1,0.565,0.0162,0.421,0.0502,0,0,0,0,0,0,0,21.111111111,25.555555556
1,0.565,0.0162,0.421,0.0502,0,0,0,0,0,0,0,21.111111111,25.555555556
1,0.565,0.0162,0.421,0.0502,0,0,0,0,0,0,0,21.111111111,25.555555556
1,0.565,0.0162,0.421,0.0502,0,0,0,0,0,0,0,21.111111111,25.555555556
1,0.565,0.0162,0.421,0.0502,0,0,0,0,0,0,0,21.111111111,25.555555556
0.992,0.58,0.0347,0.566,0.168,0,0,0,0,0,0,0.37,21.111111111,25.555555556
0.5,0.565,0.0162,0.421,0.0502,0,0,0,0,0,0,0,21.111111111,26.666666667
0.5,0.565,0.0162,0.421,0.0502,0,0,0,0,0,0,0,21.111111111,26.666666667
0.5,0.565,0.0162,0.421,0.0502,0,0,0,0,0,0,0,21.111111111,26.666666667
0.5,0.565,0.0162,0.421,0.0502,0,0,0,0,0,0,0,21.111111111,26.666666667
0.367,0.586,0.0483,0.421,0.138,0,0,0,0,0,0,0,21.111111111,26.666666667
0,0.565,0.0162,0.421,0.0502,0,0,0,0,0,0,0,21.111111111,26.666666667
0,0.565,0.0162,0.421,0.0502,0,0,0,0,0,0,0,21.111111111,26.666666667
0,0.565,0.0162,0.421,0.0502,0,0,0,0,0,0,0,21.111111111,26.666666667
0,0.565,0.0162,0.421,0.0502,0,0,0,0,0,0,0,21.111111111,25.555555556
0.133,0.593,0.0558,0.421,0.101,0,0,0,0,0,0.267,0.0341,21.111111111,25.555555556
0.758,0.729,0.27,0.552,0.368,0,0,0,0,0,0.983,0.257,21.111111111,25.555555556
1,0.788,0.466,0.936,0.579,0,0,0,0,0,0,0.137,21.111111111,25.555555556
1,0.768,0.627,1,0.747,0,0,0,0,0,0,0.0683,21.111111111,25.555555556
1,0.729,0.718,1,0.881,0,0,0,0,0,0,0.0341,21.111111111,25.555555556
1,0.659,0.564,0.923,0.756,0,0,0,0,0,0,0,21.111111111,25.555555556
1,0.585,0.163,0.633,0.248,0,0,0,0,0,0,0,21.111111111,25.555555556
1,0.565,0.0162,0.421,0.0502,0,0,0,0,0,0,0,21.111111111,25.555555556
1,0.565,0.0162,0.421,0.0502,0,0,0,0,0,0,0,21.111111111,25.555555556
1,0.565,0.0162,0.421,0.0502,0,0,0,0,0,0,0,21.111111111,25.555555556
1,0.565,0.0162,0.421,0.0502,0,0,0,0,0,0,0,21.111111111,25.555555556
1,0.565,0.0162,0.421,0.0502,0,0,0,0,0,0,0,21.111111111,25.555555556
1,0.565,0.0162,0.421,0.0502,0,0,0,0,0,0,0,21.111111111,25.555555556
0.992,0.568,0.0215,0.493,0.0858,0,0,0,0,0,0.267,0.0341,21.111111111,25.555555556
0.5,0.574,0.0247,0.421,0.1,0,0,0,0,0,0.483,0.397,21.111111111,25.555555556
0.117,0.573,0.0237,0.421,0.0938,0,0,0,0,0,0,0.522,21.111111111,26.666666667
0,0.565,0.0162,0.421,0.0502,0,0,0,0,0,0,0,21.111111111,26.666666667
0.25,0.586,0.0412,0.421,0.145,0,0,0,0,0,0,0.226,21.111111111,26.666666667
0,0.565,0.0162,0.421,0.0502,0,0,0,0,0,0,0,21.111111111,26.666666667
0,0.565,0.0162,0.421,0.0502,0,0,0,0,0,0,0,21.111111111,26.666666667
0,0.565,0.0162,0.421,0.0502,0,0,0,0,0,0,0,21.111111111,26.666666667
0,0.565,0.0162,0.421,0.0502,0,0,0,0,0,0,0,21.111111111,26.666666667
0,0.565,0.0162,0.421,0.0502,0,0,0,0,0,0,0,21.111111111,26.666666667
0.133,0.587,0.048,0.421,0.0963,0,0,0,0,0,0,0.0341,21.111111111,25.555555556
0.5,0.653,0.143,0.421,0.228,0,0,0,0,0,0,0.239,21.111111111,25.555555556
0.508,0.674,0.182,0.491,0.26,0,0,0,0,0,0,0.0341,21.111111111,25.555555556
1,0.788,0.466,0.936,0.579,0,0,0,0,0,0,0.284,21.111111111,25.555555556
1,0.717,0.46,0.85,0.556,0,0,0,0,0,0,0.177,21.111111111,25.555555556
1,0.647,0.367,0.711,0.466,0,0,0,0,0,0,0.227,21.111111111,25.555555556
1,0.593,0.179,0.561,0.259,0,0,0,0,0,0,0.217,21.111111111,25.555555556
1,0.565,0.0162,0.421,0.0502,0,0,0,0,0,0,0,21.111111111,25.555555556
1,0.565,0.0168,0.421,0.0502,0,0,0,0,0,0,0,21.111111111,25.555555556
1,0.565,0.0185,0.421,0.0502,0,0,0,0,0,0,0,21.111111111,25.555555556
1,0.565,0.0185,0.421,0.0502,0,0,0,0,0,0,0,21.111111111,25.555555556
1,0.565,0.0185,0.421,0.0502,0,0,0,0,0,0,0,21.111111111,25.555555556
1,0.565,0.0185,0.421,0.0502,0,0,0,0,0,0,0,21.111111111,25.555555556
1,0.565,0.0185,0.421,0.0502,0,0,0,0,0,0,0,21.111111111,25.555555556
1,0.565,0.0185,0.421,0.0502,0,0,0,0,0,0,0,21.111111111,25.555555556
1,0.565,0.0185,0.421,0.0502,0,0,0,0,0,0,0,21.111111111,25.555555556
1,0.565,0.0185,0.421,0.0502,0,0,0,0,0,0,0,21.111111111,25.555555556
1,0.598,0.0722,0.421,0.197,0.272,0.267,0,0,0,0,0.0683,21.111111111,25.555555556
1,0.608,0.108,0.421,0.239,0.53,0.217,0,0,0,0,0.137,21.111111111,25.555555556
1,0.62,0.155,0.421,0.278,0,0,0,0,0,0,0.102,21.111111111,25.555555556
0.992,0.651,0.25,0.421,0.394,0,0,0,0,0,0,0.102,21.111111111,25.555555556
0.758,0.631,0.218,0.421,0.305,0,0,0,0,0,0,0.0341,21.111111111,25.555555556
0.992,0.64,0.277,0.421,0.337,0,0,0,0,0,0,0.307,21.111111111,25.555555556
0.508,0.566,0.0216,0.421,0.053,0,0,0,0,0,0,0.0341,21.111111111,25.555555556
1,0.63,0.209,0.421,0.219,0,0,0,0,0,0,0.201,21.111111111,25.555555556
1,0.653,0.218,0.421,0.228,0,0,0,0,0,0,0.294,21.111111111,25.555555556
1,0.672,0.233,0.487,0.256,0,0,0,0,0,0,0.144,21.111111111,25.555555556
1,0.761,0.489,0.878,0.522,0,0,0.282,0.712,0.0667,0,0.261,21.111111111,25.555555556
1,0.768,0.693,1,0.747,0,0,0.223,0,1,0,0.191,21.111111111,25.555555556
1,0.729,0.763,1,0.881,0,0,0.731,0,0.35,0,0.278,21.111111111,25.555555556
1,0.629,0.415,0.778,0.54,0,0,0,0,0,0,0.103,21.111111111,25.555555556
1,0.585,0.178,0.633,0.248,0,0,0,0,0,0,0,21.111111111,25.555555556
1,0.565,0.0185,0.421,0.0502,0,0,0,0,0,0,0,21.111111111,25.555555556
1,0.565,0.0185,0.421,0.0502,0,0,0,0,0,0,0,21.111111111,25.555555556
1,0.565,0.0185,0.421,0.0502,0,0,0,0,0,0,0,21.111111111,25.555555556
1,0.565,0.0185,0.421,0.0502,0,0,0,0,0,0,0,21.111111111,25.555555556
1,0.565,0.0185,0.421,0.0502,0,0,0,0,0,0,0,21.111111111,25.555555556
1,0.565,0.0185,0.421,0.0502,0,0,0,0,0,0,0,21.111111111,25.555555556
1,0.563,0.0209,0.566,0.0733,0,0,0,0,0,0,0,21.111111111,25.555555556
1,0.574,0.0276,0.421,0.1,0,0,0,0,0,0.267,0,21.111111111,25.555555556
1,0.603,0.0599,0.421,0.238,0,0,0,0,0,0.733,0.0683,21.111111111,25.555555556
1,0.608,0.0866,0.421,0.242,0,0,0,0,0,0,0.0341,21.111111111,25.555555556
0.617,0.608,0.108,0.421,0.239,0,0,0,0,0,0,0,21.111111111,25.555555556
0.5,0.608,0.125,0.421,0.232,0,0,0,0,0,0,0,21.111111111,25.555555556
0.5,0.608,0.135,0.421,0.224,0,0,0,0,0,0,0,21.111111111,25.555555556
0.883,0.608,0.148,0.421,0.218,0,0,0,0,0,0,0.171,21.111111111,25.555555556
1,0.608,0.172,0.421,0.217,0,0,0,0,0,0.25,0.137,21.111111111,25.555555556
1,0.639,0.285,0.421,0.304,0,0,0,0,0,0,0.137,21.111111111,25.555555556
1,0.695,0.399,0.421,0.388,0,0,0,0,0,0,0,21.111111111,25.555555556
1,0.742,0.417,0.421,0.406,0,0,0,0,0,0,0.0683,21.111111111,25.555555556
0.875,0.754,0.397,0.552,0.413,0,0,0,0,0,0,0.0683,21.111111111,25.555555556
1,0.788,0.546,0.936,0.579,0,0,0,0,0,0,0.0683,21.111111111,25.555555556
1,0.768,0.693,1,0.747,0,0,0,0,0,0,0.137,21.111111111,25.555555556
1,0.729,0.763,1,0.881,0,0,0,0,0,0,0.0341,21.111111111,25.555555556
1,0.659,0.59,0.923,0.756,0,0,0,0,0,0,0,21.111111111,25.555555556
1,0.587,0.203,0.711,0.275,0,0,0,0,0,0,0,21.111111111,25.555555556
1,0.566,0.0399,0.489,0.0739,0,0,0,0,0,0,0,21.111111111,25.555555556
1,0.565,0.0162,0.421,0.0502,0,0,0,0,0,0,0,21.111111111,25.555555556
1,0.565,0.0162,0.421,0.0502,0,0,0,0,0,0,0,21.111111111,25.555555556
1,0.565,0.0162,0.421,0.0502,0,0,0,0,0,0,0,21.111111111,25.555555556
1,0.564,0.017,0.498,0.0507,0,0,0,0,0,0,0.277,21.111111111,25.555555556
0.617,0.564,0.0169,0.489,0.0506,0,0,0,0,0,0,0.171,21.111111111,25.555555556
0.5,0.565,0.0162,0.421,0.0502,0,0,0,0,0,0,0,21.111111111,25.555555556
0.508,0.575,0.0253,0.421,0.103,0,0,0,0,0,0,0.0349,21.111111111,25.555555556
0.867,0.629,0.0741,0.421,0.375,0,0,0,0,0,0,0.601,21.111111111,26.666666667
0.5,0.608,0.0597,0.421,0.242,0,0,0,0,0,0,0.0341,21.111111111,26.666666667
0.117,0.575,0.0279,0.421,0.0946,0,0,0,0,0,0,0.0341,21.111111111,26.666666667
0,0.565,0.0162,0.421,0.0502,0,0,0,0,0,0,0,21.111111111,26.666666667
0.00833,0.565,0.0173,0.421,0.0531,0,0,0,0,0,0,0,21.111111111,26.666666667
0.492,0.608,0.0857,0.421,0.216,0,0,0,0,0,0,0.0341,21.111111111,26.666666667
0.133,0.576,0.0384,0.421,0.0947,0,0,0,0,0,0,0.0341,21.111111111,26.666666667
0.367,0.597,0.0772,0.421,0.173,0,0,0,0,0,0,0.213,21.111111111,26.666666667
0.267,0.603,0.0736,0.421,0.141,0,0,0,0,0,0.517,0.0341,21.111111111,25.555555556
1,0.742,0.27,0.421,0.406,0,0,0,0,0,0.983,0.0341,21.111111111,25.555555556
0.867,0.75,0.288,0.487,0.397,0,0,0,0,0,0,0.292,21.111111111,25.555555556
0.5,0.676,0.241,0.678,0.315,0,0,0,0,0,0.25,0.137,21.111111111,25.555555556
0.508,0.668,0.327,0.715,0.405,0,0,0,0,0,0,0.239,21.111111111,25.555555556
1,0.729,0.718,1,0.881,0,0,0,0,0,0,0,21.111111111,25.555555556
1,0.667,0.618,1,0.828,0,0,0,0,0,0,0,21.111111111,25.555555556
1,0.592,0.21,0.701,0.311,0,0,0,0,0,0,0,21.111111111,25.555555556
1,0.565,0.0162,0.421,0.0502,0,0,0,0,0,0,0,21.111111111,25.555555556
1,0.565,0.0162,0.421,0.0502,0,0,0,0,0,0,0,21.111111111,25.555555556
1,0.565,0.0162,0.421,0.0502,0,0,0,0,0,0,0,21.111111111,25.555555556
1,0.565,0.0162,0.421,0.0502,0,0,0,0,0,0,0,21.111111111,25.555555556
1,0.564,0.017,0.498,0.0507,0,0,0,0,0,0,0,21.111111111,25.555555556
1,0.562,0.021,0.711,0.0638,0,0,0,0,0,0,0.0341,21.111111111,25.555555556
1,0.566,0.0291,0.711,0.122,0,0,0,0,0,0,0,21.111111111,25.555555556
0.75,0.587,0.0459,0.706,0.243,0,0,0.0135,0.0169,0,0,0.468,21.111111111,25.555555556
0.617,0.611,0.0581,0.421,0.282,0,0,0.279,0.695,0.317,0,0.263,21.111111111,26.666666667
0.5,0.608,0.0597,0.421,0.242,0,0,0,0,0.633,0,0.102,21.111111111,26.666666667
0.5,0.608,0.0682,0.421,0.239,0,0,0,0,0,0,0,21.111111111,26.666666667
0.367,0.597,0.0581,0.421,0.185,0,0,0,0,0,0,0,21.111111111,26.666666667
0.258,0.587,0.0504,0.421,0.139,0,0,0,0,0,0.5,0.0683,21.111111111,26.666666667
0.5,0.608,0.087,0.421,0.218,0,0,0,0,0,0,0.0683,21.111111111,26.666666667
0.5,0.608,0.0957,0.421,0.217,0,0,0,0,0,0,0.0341,21.111111111,26.666666667
0.883,0.65,0.169,0.421,0.345,0,0,0,0,0,0,0.355,21.111111111,26.666666667
0.617,0.644,0.139,0.421,0.258,0,0,0,0,0,0,0.112,21.111111111,25.555555556
0.508,0.655,0.146,0.421,0.231,0,0,0,0,0,0.0167,0.316,21.111111111,25.555555556
1,0.78,0.342,0.552,0.461,0,0,0,0,0,0.483,0.0341,21.111111111,25.555555556
0.617,0.703,0.289,0.736,0.371,0,0,0,0,0,0,0,21.111111111,25.555555556
0.5,0.666,0.322,0.711,0.398,0,0,0,0,0,0,0,21.111111111,25.555555556
0.633,0.662,0.457,0.788,0.581,0,0,0.498,0.237,0.533,0,0,21.111111111,25.555555556
1,0.667,0.618,1,0.828,0,0,0.593,0,0.417,0,0,21.111111111,25.555555556
1,0.599,0.26,0.773,0.378,0,0,0.12,0,0,0,0,21.111111111,25.555555556
1,0.565,0.0162,0.421,0.0502,0,0,0,0,0,0,0,21.111111111,25.555555556
1,0.565,0.0162,0.421,0.0502,0,0,0,0,0,0,0,21.111111111,25.555555556
1,0.565,0.0162,0.421,0.0502,0,0,0,0,0,0,0,21.111111111,25.555555556
1,0.565,0.0162,0.421,0.0502,0,0,0,0,0,0,0,21.111111111,25.555555556
1,0.564,0.017,0.498,0.0507,0,0,0,0,0,0,0.164,21.111111111,25.555555556
1,0.562,0.021,0.711,0.0638,0,0,0,0,0,0,0.217,21.111111111,25.555555556
1,0.566,0.0291,0.711,0.122,0,0,0,0,0,0,0.384,21.111111111,25.555555556
0.617,0.568,0.0216,0.489,0.0865,0,0,0,0,0,0,0.0164,21.111111111,25.555555556
0.5,0.603,0.0506,0.421,0.238,0,0,0,0,0,0,0.255,21.111111111,26.666666667
0.367,0.597,0.0463,0.421,0.191,0,0,0,0,0,0,0.274,21.111111111,26.666666667
0,0.565,0.0162,0.421,0.0502,0,0,0,0,0,0,0,21.111111111,26.666666667
0,0.565,0.0162,0.421,0.0502,0,0,0,0,0,0,0,21.111111111,26.666666667
0,0.565,0.0162,0.421,0.0502,0,0,0,0,0,0,0,21.111111111,26.666666667
0,0.565,0.0162,0.421,0.0502,0,0,0,0,0,0,0,21.111111111,26.666666667
0.133,0.576,0.0384,0.421,0.0947,0,0,0,0,0,0,0.0341,21.111111111,26.666666667
0.5,0.612,0.102,0.421,0.217,0,0,0,0,0,0,0.137,21.111111111,26.666666667
0.5,0.63,0.117,0.421,0.219,0,0,0,0,0,0,0.102,21.111111111,25.555555556
0.5,0.653,0.143,0.421,0.228,0,0,0,0,0,0,0.171,21.111111111,25.555555556
0.5,0.672,0.179,0.487,0.256,0,0,0,0,0,0,0,21.111111111,25.555555556
0.5,0.676,0.241,0.678,0.315,0.753,0.767,0,0,0,0,0.137,21.111111111,25.555555556
0.5,0.666,0.322,0.711,0.398,0.613,0.7,0,0,0,0,0,21.111111111,25.555555556
0.5,0.631,0.277,0.633,0.35,0.572,0,0,0,0,0,0,21.111111111,25.555555556
0.758,0.587,0.154,0.571,0.23,0,0,0,0,0,0,0,21.111111111,25.555555556
1,0.578,0.113,0.561,0.18,0,0,0,0,0,0,0,21.111111111,25.555555556
1,0.565,0.0162,0.421,0.0502,0,0,0,0,0,0,0,21.111111111,25.555555556
1,0.565,0.0162,0.421,0.0502,0,0,0,0,0,0,0,21.111111111,25.555555556
1,0.565,0.0162,0.421,0.0502,0,0,0,0,0,0,0,21.111111111,25.555555556
1,0.565,0.0162,0.421,0.0502,0,0,0,0,0,0,0,21.111111111,25.555555556
1,0.565,0.0162,0.421,0.0502,0,0,0,0,0,0,0,21.111111111,25.555555556
1,0.565,0.0162,0.421,0.0502,0,0,0,0,0,0,0,21.111111111,25.555555556
1,0.568,0.0218,0.498,0.0882,0,0,0,0,0,0,0.159,21.111111111,25.555555556
0.617,0.567,0.0211,0.489,0.0834,0,0,0,0,0,0,0,21.111111111,25.555555556
0.5,0.565,0.0162,0.421,0.0502,0,0,0,0,0,0,0,21.111111111,26.666666667
0.5,0.565,0.0162,0.421,0.0502,0,0,0,0,0,0,0,21.111111111,26.666666667
0.5,0.576,0.0314,0.421,0.0992,0,0,0,0,0,0,0,21.111111111,26.666666667
0.5,0.608,0.0752,0.421,0.232,0,0,0,0,0,0,0.0341,21.111111111,26.666666667
0.5,0.608,0.0814,0.421,0.224,0,0,0,0,0,0,0.102,21.111111111,26.666666667
0.5,0.608,0.087,0.421,0.218,0,0,0,0,0,0,0.0683,21.111111111,26.666666667
0.5,0.608,0.0957,0.421,0.217,0,0,0,0,0,0,0.137,21.111111111,26.666666667
0.5,0.612,0.102,0.421,0.217,0,0,0,0,0,0,0.102,21.111111111,26.666666667
0.5,0.63,0.117,0.421,0.219,0,0,0,0,0,0,0.0683,21.111111111,25.555555556
0.633,0.682,0.183,0.421,0.279,0,0,0,0,0,0.517,0.137,21.111111111,25.555555556
1,0.78,0.342,0.552,0.461,0,0,0,0,0,1,0,21.111111111,25.555555556
1,0.788,0.466,0.936,0.579,0,0,0,0,0,0.483,0.0683,21.111111111,25.555555556
1,0.768,0.627,1,0.747,0.41,0.517,0,0,0,0,0.137,21.111111111,25.555555556
1,0.729,0.718,1,0.881,0.246,0.217,0,0,0,0,0,21.111111111,25.555555556
1,0.659,0.561,0.918,0.751,0,0,0,0,0,0,0.304,21.111111111,25.555555556
1,0.565,0.0162,0.421,0.0502,0,0,0,0,0,0,0,21.111111111,25.555555556
1,0.565,0.0162,0.421,0.0502,0,0,0,0,0,0,0,21.111111111,25.555555556
1,0.565,0.0162,0.421,0.0502,0,0,0,0,0,0,0,21.111111111,25.555555556
1,0.565,0.0162,0.421,0.0502,0,0,0,0,0,0,0,21.111111111,25.555555556
1,0.565,0.0162,0.421,0.0502,0,0,0,0,0,0,0,21.111111111,25.555555556
1,0.565,0.0162,0.421,0.0502,0,0,0,0,0,0,0,21.111111111,25.555555556
1,0.565,0.0162,0.421,0.0502,0,0,0,0,0,0,0,21.111111111,25.555555556
1,0.566,0.0268,0.643,0.111,0,0,0,0,0,0,0.117,21.111111111,25.555555556
0.867,0.574,0.0316,0.633,0.155,0,0,0,0,0,0.25,0.233,21.111111111,25.555555556
0.5,0.565,0.0162,0.421,0.0502,0,0,0,0,0,0,0.258,21.111111111,26.666666667
0.5,0.565,0.0162,0.421,0.0502,0,0,0,0,0,0,0,21.111111111,26.666666667
0.5,0.576,0.0314,0.421,0.0992,0,0,0,0,0,0,0.365,21.111111111,26.666666667
0.367,0.597,0.0581,0.421,0.185,0,0,0,0,0,0,0.0898,21.111111111,26.666666667
0.383,0.598,0.0664,0.421,0.183,0,0,0,0,0,0,0.0683,21.111111111,26.666666667
0.5,0.608,0.087,0.421,0.218,0,0,0,0,0,0,0.0341,21.111111111,26.666666667
0.5,0.608,0.0957,0.421,0.217,0,0,0,0,0,0.25,0.0341,21.111111111,26.666666667
0.5,0.612,0.102,0.421,0.217,0,0,0,0,0,0,0.239,21.111111111,26.666666667
0.758,0.667,0.173,0.421,0.307,0,0,0,0,0,0,0,21.111111111,25.555555556
1,0.742,0.27,0.421,0.406,0,0,0,0,0,0,0.0683,21.111111111,25.555555556
1,0.727,0.268,0.552,0.365,0,0,0,0,0,0,0.273,21.111111111,25.555555556
1,0.788,0.466,0.936,0.579,0.293,0.267,0,0,0,0,0.0341,21.111111111,25.555555556
1,0.768,0.627,1,0.747,0.33,0.95,0,0,0,0,0,21.111111111,25.555555556
1,0.729,0.718,1,0.881,0,0,0,0,0,0,0.294,21.111111111,25.555555556
1,0.629,0.396,0.778,0.54,0,0,0,0,0,0,0.395,21.111111111,25.555555556
1,0.587,0.185,0.711,0.275,0,0,0,0,0,0,0.0341,21.111111111,25.555555556
1,0.567,0.0565,0.561,0.0992,0,0,0,0,0,0,0,21.111111111,25.555555556
1,0.565,0.0185,0.421,0.0502,0,0,0,0,0,0,0,21.111111111,25.555555556
1,0.565,0.0185,0.421,0.0502,0,0,0,0,0,0,0,21.111111111,25.555555556
1,0.565,0.0185,0.421,0.0502,0,0,0,0,0,0,0,21.111111111,25.555555556
1,0.565,0.0185,0.421,0.0502,0,0,0,0,0,0,0,21.111111111,25.555555556
1,0.565,0.0185,0.421,0.0502,0,0,0,0,0,0,0,21.111111111,25.555555556
1,0.565,0.0185,0.421,0.0502,0,0,0,0,0,0,0,21.111111111,25.555555556
1,0.565,0.0185,0.421,0.0502,0,0,0,0,0,0,0,21.111111111,25.555555556
1,0.565,0.0185,0.421,0.0502,0,0,0,0,0,0,0,21.111111111,25.555555556
1,0.576,0.0412,0.421,0.101,0,0,0,0,0,0,0.0683,21.111111111,25.555555556
0.617,0.575,0.0384,0.421,0.0946,0,0,0,0,0,0,0,21.111111111,25.555555556
0.5,0.576,0.049,0.421,0.0969,0,0,0,0,0,0,0.148,21.111111111,25.555555556
0.508,0.609,0.137,0.421,0.226,0,0,0.0518,0.0169,0,0,0.279,21.111111111,25.555555556
1,0.652,0.278,0.421,0.387,0,0,0.669,0.695,0.317,0,0.362,21.111111111,25.555555556
1,0.652,0.325,0.421,0.384,0,0,1,0,0.867,0,0.0683,21.111111111,25.555555556
1,0.66,0.367,0.421,0.384,0,0,0.683,0,0,0,0.137,21.111111111,25.555555556
1,0.695,0.399,0.421,0.388,0,0,0.529,0,0,0,0.171,21.111111111,25.555555556
1,0.742,0.417,0.421,0.406,0,0,0.414,0,0,0,0.307,21.111111111,25.555555556
1,0.78,0.448,0.552,0.461,0,0,0.724,0,0,0,0.0341,21.111111111,25.555555556
1,0.788,0.546,0.936,0.579,0,0,0.303,0,0,0,0.0341,21.111111111,25.555555556
1,0.768,0.693,1,0.747,0,0,0,0,0,0,0.0341,21.111111111,25.555555556
1,0.729,0.763,1,0.881,0,0,0,0,0,0,0.0341,21.111111111,25.555555556
1,0.667,0.648,1,0.828,0,0,0,0,0,0,0,21.111111111,25.555555556
1,0.593,0.254,0.778,0.338,0,0,0,0,0,0,0.172,21.111111111,25.555555556
1,0.568,0.0875,0.633,0.125,0,0,0,0,0,0,0.244,21.111111111,25.555555556
1,0.565,0.0185,0.421,0.0502,0,0,0,0,0,0,0,21.111111111,25.555555556
1,0.565,0.0185,0.421,0.0502,0,0,0,0,0,0,0,21.111111111,25.555555556
1,0.565,0.0185,0.421,0.0502,0,0,0,0,0,0,0,21.111111111,25.555555556
1,0.565,0.0185,0.421,0.0502,0,0,0,0,0,0,0,21.111111111,25.555555556
1,0.565,0.0185,0.421,0.0502,0,0,0,0,0,0,0,21.111111111,25.555555556
1,0.568,0.0225,0.498,0.0882,0,0,0,0,0,0,0.0683,21.111111111,25.555555556
1,0.583,0.0384,0.633,0.204,0,0,0,0,0,0,0.273,21.111111111,25.555555556
1,0.632,0.0934,0.421,0.383,0,0,0,0,0,0.25,0.0341,21.111111111,25.555555556
1,0.652,0.155,0.421,0.433,0,0,0,0,0,0,0.102,21.111111111,25.555555556
0.867,0.64,0.171,0.421,0.378,0,0,0.355,0.237,0.233,0,0.0341,21.111111111,25.555555556
0.5,0.608,0.125,0.421,0.232,0,0,0.279,0,0,0,0,21.111111111,25.555555556
0.633,0.62,0.168,0.421,0.268,0,0,0.175,0,0,0,0,21.111111111,25.555555556
1,0.652,0.278,0.421,0.387,0,0,0,0,0,0,0.297,21.111111111,25.555555556
1,0.652,0.325,0.421,0.384,0,0,0,0,0,0,0.139,21.111111111,25.555555556
0.867,0.644,0.317,0.421,0.34,0,0,0,0,0,0,0.157,21.111111111,25.555555556
0.883,0.682,0.355,0.421,0.349,0,0,0,0,0,0,0.137,21.111111111,25.555555556
1,0.742,0.417,0.421,0.406,0,0,0,0,0,0,0.0341,21.111111111,25.555555556
1,0.78,0.448,0.552,0.461,0,0,0,0,0,0,0.171,21.111111111,25.555555556
1,0.788,0.546,0.936,0.579,0,0,0,0,0,0,0.102,21.111111111,25.555555556
1,0.768,0.693,1,0.747,0,0,0,0,0,0,0,21.111111111,25.555555556
1,0.729,0.763,1,0.881,0,0,0,0,0,0,0,21.111111111,25.555555556
1,0.667,0.648,1,0.828,0,0,0,0,0,0,0.117,21.111111111,25.555555556
1,0.599,0.283,0.773,0.378,0,0,0,0,0,0,0,21.111111111,25.555555556
1,0.565,0.0179,0.421,0.0502,0,0,0,0,0,0,0,21.111111111,25.555555556
1,0.565,0.0162,0.421,0.0502,0,0,0,0,0,0,0,21.111111111,25.555555556
1,0.565,0.0162,0.421,0.0502,0,0,0,0,0,0,0,21.111111111,25.555555556
1,0.565,0.0162,0.421,0.0502,0,0,0,0,0,0,0,21.111111111,25.555555556
1,0.565,0.0162,0.421,0.0502,0,0,0,0,0,0,0,21.111111111,25.555555556
1,0.562,0.0203,0.643,0.0634,0,0,0,0,0,0,0.344,21.111111111,25.555555556
0.617,0.564,0.0185,0.489,0.061,0,0,0,0,0,0,0,21.111111111,25.555555556
0.367,0.565,0.0162,0.421,0.0502,0,0,0,0,0,0,0,21.111111111,25.555555556
0,0.565,0.0162,0.421,0.0502,0,0,0,0,0,0,0,21.111111111,26.666666667
0,0.565,0.0162,0.421,0.0502,0,0,0,0,0,0,0,21.111111111,26.666666667
0,0.565,0.0162,0.421,0.0502,0,0,0,0,0,0,0,21.111111111,26.666666667
0,0.565,0.0162,0.421,0.0502,0,0,0,0,0,0,0,21.111111111,26.666666667
0.00833,0.565,0.0173,0.421,0.0531,0,0,0,0,0,0,0,21.111111111,26.666666667
0.117,0.575,0.0321,0.421,0.0896,0,0,0,0,0,0,0,21.111111111,26.666666667
0,0.565,0.0162,0.421,0.0502,0,0,0,0,0,0,0,21.111111111,26.666666667
0.258,0.591,0.0621,0.421,0.137,0,0,0,0,0,0,0.171,21.111111111,26.666666667
0.492,0.629,0.115,0.421,0.216,0,0,0,0,0,0,0.171,21.111111111,25.555555556
0.258,0.613,0.0856,0.421,0.145,0,0,0,0,0,0.25,0.0683,21.111111111,25.555555556
0.5,0.672,0.179,0.487,0.256,0,0,0,0,0,0,0.205,21.111111111,25.555555556
0.758,0.731,0.364,0.812,0.457,0,0,0,0,0,0,0.102,21.111111111,25.555555556
0.617,0.589,0.0831,0.489,0.126,0,0,0,0,0,0,0,21.111111111,25.555555556
0.508,0.566,0.0218,0.426,0.0574,0,0,0,0,0,0,0,21.111111111,25.555555556
1,0.616,0.317,0.711,0.439,0,0,0,0,0,0,0,21.111111111,25.555555556
1,0.587,0.185,0.711,0.275,0,0,0,0,0,0,0,21.111111111,25.555555556
1,0.567,0.0837,0.706,0.134,0,0,0,0,0,0,0,21.111111111,25.555555556
1,0.565,0.0162,0.421,0.0502,0,0,0,0,0,0,0,21.111111111,25.555555556
1,0.565,0.0162,0.421,0.0502,0,0,0,0,0,0,0,21.111111111,25.555555556
1,0.565,0.0162,0.421,0.0502,0,0,0,0,0,0,0,21.111111111,25.555555556
1,0.565,0.0162,0.421,0.0502,0,0,0,0,0,0,0,21.111111111,25.555555556
1,0.564,0.0189,0.498,0.0626,0,0,0,0,0,0,0.205,21.111111111,25.555555556
0.867,0.562,0.0235,0.633,0.0841,0,0,0,0,0,0,0.28,21.111111111,25.555555556
0.5,0.565,0.0162,0.421,0.0502,0,0,0,0,0,0,0.104,21.111111111,25.555555556
0.5,0.565,0.0162,0.421,0.0502,0,0,0,0,0,0,0,21.111111111,26.666666667
0.5,0.565,0.0162,0.421,0.0502,0,0,0,0,0,0,0,21.111111111,26.666666667
0.367,0.565,0.0162,0.421,0.0502,0,0,0,0,0,0,0,21.111111111,26.666666667
0.133,0.576,0.0333,0.421,0.0969,0,0,0,0,0,0,0,21.111111111,26.666666667
0.633,0.62,0.0996,0.421,0.268,0,0,0,0,0,0.267,0.137,21.111111111,26.666666667
1,0.652,0.158,0.421,0.387,0,0,0,0,0,1,0.137,21.111111111,26.666666667
1,0.652,0.175,0.421,0.384,0,0,0,0,0,1,0.0872,21.111111111,26.666666667
1,0.66,0.188,0.421,0.384,0,0,0,0,0,1,0.271,21.111111111,26.666666667
1,0.695,0.218,0.421,0.388,0,0,0,0,0,0.25,0.534,21.111111111,25.555555556
1,0.742,0.27,0.421,0.406,0,0,0,0,0,0,0.195,21.111111111,25.555555556
0.867,0.75,0.288,0.487,0.397,0,0,0,0,0,0,0.171,21.111111111,25.555555556
0.5,0.676,0.241,0.678,0.315,0,0,0,0,0,0,0.0925,21.111111111,25.555555556
0.633,0.69,0.417,0.788,0.508,0,0,0,0,0,0.0167,0.137,21.111111111,25.555555556
1,0.729,0.718,1,0.881,0,0,0,0,0,0.233,0.0529,21.111111111,25.555555556
1,0.659,0.564,0.923,0.756,0,0,0,0,0,0,0.237,21.111111111,25.555555556
1,0.587,0.185,0.711,0.275,0,0,0,0,0,0,0,21.111111111,25.555555556
1,0.568,0.0765,0.633,0.125,0,0,0,0,0,0,0.0683,21.111111111,25.555555556
1,0.565,0.0162,0.421,0.0502,0,0,0,0,0,0,0,21.111111111,25.555555556
1,0.565,0.0162,0.421,0.0502,0,0,0,0,0,0,0,21.111111111,25.555555556
1,0.565,0.0162,0.421,0.0502,0,0,0,0,0,0,0,21.111111111,25.555555556
1,0.565,0.0162,0.421,0.0502,0,0,0,0,0,0,0,21.111111111,25.555555556
1,0.565,0.0162,0.421,0.0502,0,0,0,0,0,0,0,21.111111111,25.555555556
1,0.568,0.0218,0.498,0.0882,0,0,0,0,0,0,0.0683,21.111111111,25.555555556
0.867,0.583,0.0401,0.633,0.204,0,0,0,0,0,0,0.355,21.111111111,25.555555556
0.5,0.603,0.0506,0.421,0.238,0,0,0,0,0,0,0.163,21.111111111,26.666666667
0.117,0.575,0.0258,0.421,0.095,0,0,0,0,0,0,0,21.111111111,26.666666667
0,0.565,0.0162,0.421,0.0502,0,0,0,0,0,0,0,21.111111111,26.666666667
0,0.565,0.0162,0.421,0.0502,0,0,0,0,0,0,0,21.111111111,26.666666667
0,0.565,0.0162,0.421,0.0502,0,0,0,0,0,0,0,21.111111111,26.666666667
0,0.565,0.0162,0.421,0.0502,0,0,0,0,0,0,0,21.111111111,26.666666667
0,0.565,0.0162,0.421,0.0502,0,0,0,0,0,0,0,21.111111111,26.666666667
0,0.565,0.0162,0.421,0.0502,0,0,0,0,0,0,0,21.111111111,26.666666667
0.383,0.616,0.0951,0.421,0.18,0,0,0,0,0,0.25,0.137,21.111111111,25.555555556
0.633,0.682,0.183,0.421,0.279,0,0,0,0,0,0,0.102,21.111111111,25.555555556
1,0.78,0.342,0.552,0.461,0,0,0,0,0,0,0.444,21.111111111,25.555555556
1,0.788,0.466,0.936,0.579,0,0,0,0,0,0,0.0341,21.111111111,25.555555556
1,0.768,0.627,1,0.747,0,0,0,0,0,0,0,21.111111111,25.555555556
1,0.729,0.718,1,0.881,0,0,0,0,0,0,0.0341,21.111111111,25.555555556
1,0.659,0.564,0.923,0.756,0,0,0,0,0,0,0.0341,21.111111111,25.555555556
1,0.587,0.185,0.711,0.275,0,0,0,0,0,0,0,21.111111111,25.555555556
1,0.567,0.0842,0.711,0.135,0,0,0,0,0,0,0.122,21.111111111,25.555555556
1,0.562,0.0401,0.711,0.0812,0,0,0,0,0,0,0.0341,21.111111111,25.555555556
1,0.562,0.0238,0.711,0.0595,0,0,0,0,0,0,0.102,21.111111111,25.555555556
1,0.562,0.0169,0.633,0.0502,0,0,0,0,0,0,0,21.111111111,25.555555556
1,0.565,0.0162,0.421,0.0502,0,0,0,0,0,0,0,21.111111111,25.555555556
1,0.565,0.0162,0.421,0.0502,0,0,0,0,0,0,0,21.111111111,25.555555556
1,0.565,0.0162,0.421,0.0502,0,0,0,0,0,0,0,21.111111111,25.555555556
1,0.587,0.0385,0.493,0.185,0,0,0,0,0,0,0.168,21.111111111,25.555555556
0.483,0.599,0.0472,0.421,0.231,0,0,0,0,0,0,0.277,21.111111111,26.666666667
0,0.565,0.0162,0.421,0.0502,0,0,0,0,0,0,0,21.111111111,26.666666667
0,0.565,0.0162,0.421,0.0502,0,0,0,0,0,0,0,21.111111111,26.666666667
0.00833,0.565,0.0173,0.421,0.0532,0,0,0,0,0,0,0,21.111111111,26.666666667
0.5,0.608,0.0814,0.421,0.224,0,0,0,0,0,0.25,0.102,21.111111111,26.666666667
0.367,0.597,0.0662,0.421,0.174,0,0,0,0,0,0,0.312,21.111111111,26.666666667
0.00833,0.565,0.0176,0.421,0.053,0,0,0,0,0,0,0.018,21.111111111,26.666666667
0.25,0.591,0.0607,0.421,0.134,0,0,0,0,0,0,0.261,21.111111111,26.666666667
0.5,0.63,0.117,0.421,0.219,0,0,0,0,0,0,0.171,21.111111111,25.555555556
0.5,0.625,0.104,0.421,0.177,0,0,0,0,0,0.25,0.102,21.111111111,25.555555556
0.633,0.625,0.124,0.552,0.179,0,0,0,0,0,0,0.0341,21.111111111,25.555555556
0.617,0.703,0.289,0.736,0.371,0,0,0,0,0,0,0.137,21.111111111,25.555555556
0.5,0.666,0.322,0.711,0.398,0,0,0,0,0,0,0,21.111111111,25.555555556
0.883,0.708,0.635,0.932,0.785,0,0,0,0,0,0,0.107,21.111111111,25.555555556
0.75,0.637,0.449,0.855,0.612,0,0,0,0,0,0,0.36,21.111111111,25.555555556
1,0.608,0.353,0.995,0.498,0,0,0,0,0,0,0.0987,21.111111111,25.555555556
1,0.567,0.0842,0.711,0.135,0,0,0,0,0,0,0,21.111111111,25.555555556
1,0.562,0.0401,0.711,0.0812,0,0,0,0,0,0,0.137,21.111111111,25.555555556
1,0.562,0.0235,0.633,0.0595,0,0,0,0,0,0,0.0683,21.111111111,25.555555556
1,0.565,0.0162,0.421,0.0502,0,0,0,0,0,0,0,21.111111111,25.555555556
1,0.565,0.0162,0.421,0.0502,0,0,0,0,0,0,0,21.111111111,25.555555556
1,0.565,0.0162,0.421,0.0502,0,0,0,0,0,0,0,21.111111111,25.555555556
1,0.568,0.0374,0.865,0.172,0,0,0,0,0,0,0.428,21.111111111,25.555555556
0.992,0.602,0.0635,0.846,0.355,0,0,0,0,0,0,0.717,21.111111111,25.555555556
0.367,0.591,0.0397,0.421,0.187,0,0,0,0,0,0,0.388,21.111111111,26.666666667
0,0.565,0.0162,0.421,0.0502,0,0,0,0,0,0,0,21.111111111,26.666666667
0,0.565,0.0162,0.421,0.0502,0,0,0,0,0,0,0,21.111111111,26.666666667
0,0.565,0.0162,0.421,0.0502,0,0,0,0,0,0,0,21.111111111,26.666666667
0,0.565,0.0162,0.421,0.0502,0,0,0,0,0,0,0,21.111111111,26.666666667
0,0.565,0.0162,0.421,0.0502,0,0,0,0,0,0,0,21.111111111,26.666666667
0,0.565,0.0162,0.421,0.0502,0,0,0,0,0,0,0,21.111111111,26.666666667
0,0.565,0.0162,0.421,0.0502,0,0,0,0,0,0,0,21.111111111,26.666666667
0,0.565,0.0162,0.421,0.0502,0,0,0,0,0,0,0,21.111111111,25.555555556
0.00833,0.566,0.0187,0.421,0.0534,0,0,0,0,0,0,0.0341,21.111111111,25.555555556
0.633,0.703,0.233,0.552,0.32,0,0,0,0,0,0,0.137,21.111111111,25.555555556
1,0.788,0.466,0.936,0.579,0,0,0,0,0,0,0.137,21.111111111,25.555555556
1,0.768,0.627,1,0.747,0,0,0,0,0,0,0.0174,21.111111111,25.555555556
0.742,0.69,0.539,0.85,0.663,0,0,0,0,0,0,0.287,21.111111111,25.555555556
0.508,0.616,0.32,0.715,0.443,0,0,0,0,0,0,0,21.111111111,25.555555556
1,0.606,0.31,0.846,0.445,0,0,0,0,0,0,0,21.111111111,25.555555556
1,0.565,0.0168,0.421,0.0502,0,0,0,0,0,0,0,21.111111111,25.555555556
1,0.565,0.0185,0.421,0.0502,0,0,0,0,0,0,0,21.111111111,25.555555556
1,0.565,0.0185,0.421,0.0502,0,0,0,0,0,0,0,21.111111111,25.555555556
1,0.565,0.0185,0.421,0.0502,0,0,0,0,0,0,0,21.111111111,25.555555556
1,0.565,0.0185,0.421,0.0502,0,0,0,0,0,0,0,21.111111111,25.555555556
1,0.565,0.0185,0.421,0.0502,0,0,0,0,0,0,0,21.111111111,25.555555556
1,0.566,0.0249,0.643,0.111,0,0,0,0,0,0,0.102,21.111111111,25.555555556
1,0.583,0.0384,0.633,0.204,0,0,0,0,0,0.767,0,21.111111111,25.555555556
0.875,0.594,0.0514,0.421,0.192,0,0,0,0,0,0.733,0,21.111111111,25.555555556
1,0.608,0.0866,0.421,0.242,0,0,0,0,0,0,0.239,21.111111111,25.555555556
1,0.608,0.108,0.421,0.239,0,0,0,0,0,0,0.0341,21.111111111,25.555555556
1,0.608,0.125,0.421,0.232,0,0,0,0,0,0,0.0341,21.111111111,25.555555556
1,0.62,0.168,0.421,0.268,0,0,0,0,0,0,0.0683,21.111111111,25.555555556
0.867,0.64,0.238,0.421,0.342,0,0,0,0,0,0,0,21.111111111,25.555555556
0.5,0.608,0.172,0.421,0.217,0,0,0,0,0,0,0,21.111111111,25.555555556
0.5,0.612,0.193,0.421,0.217,0,0,0,0,0,0,0.205,21.111111111,25.555555556
0.5,0.63,0.209,0.421,0.219,0,0,0,0,0,0,0.273,21.111111111,25.555555556
0.5,0.653,0.218,0.421,0.228,0,0,0,0,0,0,0.0341,21.111111111,25.555555556
0.5,0.672,0.233,0.487,0.256,0,0,0,0,0,0,0,21.111111111,25.555555556
0.5,0.676,0.282,0.678,0.315,0,0,0,0,0,0,0,21.111111111,25.555555556
0.5,0.666,0.356,0.711,0.398,0,0,0,0,0,0,0.0341,21.111111111,25.555555556
0.508,0.648,0.396,0.715,0.473,0,0,0,0,0,0,0,21.111111111,25.555555556
1,0.659,0.59,0.923,0.756,0,0,0,0,0,0,0,21.111111111,25.555555556
1,0.578,0.124,0.561,0.18,0,0,0,0,0,0,0,21.111111111,25.555555556
1,0.565,0.0185,0.421,0.0502,0,0,0,0,0,0,0,21.111111111,25.555555556
1,0.565,0.0185,0.421,0.0502,0,0,0,0,0,0,0,21.111111111,25.555555556
1,0.565,0.0185,0.421,0.0502,0,0,0,0,0,0,0,21.111111111,25.555555556
1,0.565,0.0185,0.421,0.0502,0,0,0,0,0,0,0,21.111111111,25.555555556
1,0.565,0.0185,0.421,0.0502,0,0,0,0,0,0,0,21.111111111,25.555555556
1,0.565,0.0185,0.421,0.0502,0,0,0,0,0,0,0,21.111111111,25.555555556
1,0.568,0.0225,0.498,0.0882,0,0,0,0,0,0,0,21.111111111,25.555555556
1,0.583,0.0384,0.633,0.204,0,0,0,0,0,0,0.137,21.111111111,25.555555556
1,0.603,0.0599,0.421,0.238,0,0,0,0,0,0,0.0683,21.111111111,25.555555556
1,0.608,0.0866,0.421,0.242,0,0,0,0,0,0,0,21.111111111,25.555555556
1,0.608,0.108,0.421,0.239,0,0,0,0,0,0.517,0.137,21.111111111,25.555555556
1,0.62,0.155,0.421,0.278,0,0,0,0,0,1,0,21.111111111,25.555555556
1,0.652,0.252,0.421,0.397,0,0,0,0,0,0.483,0,21.111111111,25.555555556
1,0.652,0.278,0.421,0.387,0,0,0,0,0,0,0.239,21.111111111,25.555555556
1,0.652,0.325,0.421,0.384,0,0,0,0,0,0,0.137,21.111111111,25.555555556
0.867,0.644,0.317,0.421,0.34,0,0,0,0,0,0,0,21.111111111,25.555555556
0.5,0.63,0.209,0.421,0.219,0,0,0,0,0,0,0.0341,21.111111111,25.555555556
0.883,0.723,0.371,0.421,0.366,0,0,0,0,0,0.767,0.205,21.111111111,25.555555556
1,0.78,0.448,0.552,0.461,0,0,0,0,0,1,0.137,21.111111111,25.555555556
1,0.788,0.546,0.936,0.579,0.574,0.517,0,0,0,0.733,0.0683,21.111111111,25.555555556
1,0.768,0.693,1,0.747,0.442,0.467,0,0,0,0,0,21.111111111,25.555555556
1,0.729,0.763,1,0.881,0,0,0,0,0,0,0.0341,21.111111111,25.555555556
1,0.629,0.415,0.778,0.54,0,0,0,0,0,0,0.0683,21.111111111,25.555555556
1,0.587,0.203,0.711,0.275,0,0,0,0,0,0,0,21.111111111,25.555555556
1,0.568,0.0869,0.633,0.125,0,0,0,0,0,0,0,21.111111111,25.555555556
1,0.565,0.0162,0.421,0.0502,0,0,0,0,0,0,0,21.111111111,25.555555556
1,0.565,0.0162,0.421,0.0502,0,0,0,0,0,0,0,21.111111111,25.555555556
1,0.565,0.0162,0.421,0.0502,0,0,0,0,0,0,0,21.111111111,25.555555556
1,0.565,0.0162,0.421,0.0502,0,0,0,0,0,0,0,21.111111111,25.555555556
1,0.565,0.0162,0.421,0.0502,0,0,0,0,0,0,0,21.111111111,25.555555556
1,0.566,0.0268,0.643,0.111,0,0,0,0,0,0,0.376,21.111111111,25.555555556
1,0.599,0.0592,0.778,0.325,0,0,0,0,0,0.0167,0.665,21.111111111,25.555555556
0.992,0.64,0.0844,0.421,0.423,0.296,0.233,0,0,0,0.733,0.239,21.111111111,26.666666667
0.367,0.597,0.0463,0.421,0.191,0.369,0,0,0,0,0,0.233,21.111111111,26.666666667
0,0.565,0.0162,0.421,0.0502,0,0,0,0,0,0,0,21.111111111,26.666666667
0,0.565,0.0162,0.421,0.0502,0,0,0,0,0,0,0,21.111111111,26.666666667
0,0.565,0.0162,0.421,0.0502,0,0,0,0,0,0,0,21.111111111,26.666666667
0,0.565,0.0162,0.421,0.0502,0,0,0,0,0,0,0,21.111111111,26.666666667
0,0.565,0.0162,0.421,0.0502,0,0,0,0,0,0,0,21.111111111,26.666666667
0.00833,0.566,0.0178,0.421,0.053,0,0,0,0,0,0,0.0185,21.111111111,26.666666667
0.5,0.63,0.117,0.421,0.219,0,0,0,0,0,0,0.284,21.111111111,25.555555556
0.5,0.653,0.143,0.421,0.228,0,0,0,0,0,0,0.0683,21.111111111,25.555555556
0.5,0.672,0.179,0.487,0.256,0,0,0,0,0,0.25,0.137,21.111111111,25.555555556
0.5,0.676,0.241,0.678,0.315,0,0,0,0,0,0,0.0341,21.111111111,25.555555556
0.758,0.717,0.488,0.86,0.589,0,0,0,0,0,0,0.0341,21.111111111,25.555555556
1,0.729,0.718,1,0.881,0,0,0,0,0,0,0,21.111111111,25.555555556
1,0.667,0.618,1,0.828,0,0,0,0,0,0,0.187,21.111111111,25.555555556
1,0.607,0.332,0.923,0.472,0,0,0,0,0,0,0,21.111111111,25.555555556
1,0.566,0.0354,0.489,0.0739,0,0,0,0,0,0,0,21.111111111,25.555555556
1,0.565,0.0162,0.421,0.0502,0,0,0,0,0,0,0,21.111111111,25.555555556
1,0.565,0.0162,0.421,0.0502,0,0,0,0,0,0,0,21.111111111,25.555555556
1,0.565,0.0162,0.421,0.0502,0,0,0,0,0,0,0,21.111111111,25.555555556
1,0.565,0.0162,0.421,0.0502,0,0,0,0,0,0,0,21.111111111,25.555555556
1,0.564,0.0189,0.498,0.0626,0,0,0,0,0,0,0.153,21.111111111,25.555555556
1,0.566,0.0291,0.711,0.122,0,0,0,0,0,0,0.343,21.111111111,25.555555556
0.992,0.599,0.0586,0.778,0.322,0,0,0,0,0,0,0.468,21.111111111,25.555555556
0.5,0.603,0.0506,0.421,0.238,0,0,0,0,0,0,0.34,21.111111111,26.666666667
0.117,0.575,0.0258,0.421,0.095,0,0,0,0,0,0,0,21.111111111,26.666666667
0,0.565,0.0162,0.421,0.0502,0,0,0,0,0,0,0,21.111111111,26.666666667
0,0.565,0.0162,0.421,0.0502,0,0,0,0,0,0,0,21.111111111,26.666666667
0.25,0.586,0.0483,0.421,0.138,0,0,0,0,0,0,0.102,21.111111111,26.666666667
0,0.565,0.0162,0.421,0.0502,0,0,0,0,0,0,0,21.111111111,26.666666667
0,0.565,0.0162,0.421,0.0502,0,0,0,0,0,0,0,21.111111111,26.666666667
0,0.565,0.0162,0.421,0.0502,0,0,0,0,0,0,0,21.111111111,26.666666667
0,0.565,0.0162,0.421,0.0502,0,0,0,0,0,0,0,21.111111111,25.555555556
0,0.565,0.0162,0.421,0.0502,0,0,0,0,0,0,0,21.111111111,25.555555556
0.00833,0.566,0.0196,0.425,0.0543,0,0,0,0,0,0,0.0502,21.111111111,25.555555556
0.5,0.676,0.241,0.678,0.315,0,0,0,0,0,0,0.429,21.111111111,25.555555556
0.5,0.666,0.322,0.711,0.398,0,0,0,0,0,0,0.153,21.111111111,25.555555556
0.508,0.648,0.373,0.715,0.473,0,0,0,0,0,0,0.148,21.111111111,25.555555556
1,0.592,0.173,0.556,0.252,0,0,0,0,0,0,0,21.111111111,25.555555556
1,0.565,0.0162,0.421,0.0502,0,0,0,0,0,0,0,21.111111111,25.555555556
1,0.565,0.0162,0.421,0.0502,0,0,0,0,0,0,0,21.111111111,25.555555556
1,0.565,0.0162,0.421,0.0502,0,0,0,0,0,0,0,21.111111111,25.555555556
1,0.565,0.0162,0.421,0.0502,0,0,0,0,0,0,0,21.111111111,25.555555556
1,0.565,0.0162,0.421,0.0502,0,0,0,0,0,0,0,21.111111111,25.555555556
1,0.565,0.0162,0.421,0.0502,0,0,0,0,0,0,0,21.111111111,25.555555556
1,0.565,0.0162,0.421,0.0502,0,0,0,0,0,0,0,21.111111111,25.555555556
1,0.566,0.0268,0.643,0.111,0,0,0,0,0,0,0.464,21.111111111,25.555555556
0.742,0.587,0.0454,0.706,0.24,0,0,0,0,0,0.25,0.407,21.111111111,25.555555556
0.5,0.603,0.0506,0.421,0.238,0,0,0,0,0,0,0,21.111111111,26.666666667
0.5,0.608,0.0597,0.421,0.242,0.431,0.517,0,0,0,0,0.137,21.111111111,26.666666667
0.5,0.608,0.0682,0.421,0.239,0.695,0.95,0,0,0,0,0.0341,21.111111111,26.666666667
0.5,0.608,0.0752,0.421,0.232,0.416,0,0,0,0,0,0.102,21.111111111,26.666666667
0.5,0.608,0.0814,0.421,0.224,0,0,0,0,0,0,0.212,21.111111111,26.666666667
0.117,0.575,0.0321,0.421,0.0896,0,0,0,0,0,0,0.111,21.111111111,26.666666667
0,0.565,0.0162,0.421,0.0502,0,0,0,0,0,0,0,21.111111111,26.666666667
0,0.565,0.0162,0.421,0.0502,0,0,0,0,0,0,0,21.111111111,26.666666667
0.00833,0.566,0.0182,0.421,0.0531,0,0,0,0,0,0,0,21.111111111,25.555555556
0.5,0.653,0.143,0.421,0.228,0,0,0,0,0,0,0.0341,21.111111111,25.555555556
0.5,0.672,0.179,0.487,0.256,0,0,0,0,0,0,0.307,21.111111111,25.555555556
0.5,0.676,0.241,0.678,0.315,0,0,0.216,0.271,0,0,0.205,21.111111111,25.555555556
0.5,0.666,0.322,0.711,0.398,0,0,0.179,0.441,0.233,0,0,21.111111111,25.555555556
0.5,0.647,0.367,0.711,0.466,0,0,0,0,0,0,0,21.111111111,25.555555556
0.758,0.638,0.455,0.86,0.619,0,0,0,0,0,0,0,21.111111111,25.555555556
1,0.592,0.21,0.701,0.311,0,0,0,0,0,0,0,21.111111111,25.555555556
1,0.565,0.0162,0.421,0.0502,0,0,0,0,0,0,0,21.111111111,25.555555556
1,0.565,0.0162,0.421,0.0502,0,0,0,0,0,0,0,21.111111111,25.555555556
1,0.565,0.0162,0.421,0.0502,0,0,0,0,0,0,0,21.111111111,25.555555556
1,0.565,0.0162,0.421,0.0502,0,0,0,0,0,0,0,21.111111111,25.555555556
1,0.565,0.0162,0.421,0.0502,0,0,0,0,0,0,0,21.111111111,25.555555556
1,0.565,0.0162,0.421,0.0502,0,0,0,0,0,0,0,21.111111111,25.555555556
1,0.562,0.0237,0.643,0.0877,0,0,0,0,0,0,0.774,21.111111111,25.555555556
0.867,0.57,0.0289,0.633,0.136,0,0,0,0,0,0,0.0341,21.111111111,25.555555556
0.5,0.591,0.0405,0.421,0.199,0,0,0,0,0,0,0.239,21.111111111,26.666666667
0.117,0.573,0.0236,0.421,0.0956,0,0,0,0,0,0,0,21.111111111,26.666666667
0,0.565,0.0162,0.421,0.0502,0,0,0,0,0,0,0,21.111111111,26.666666667
0,0.565,0.0162,0.421,0.0502,0,0,0,0,0,0,0,21.111111111,26.666666667
0.125,0.575,0.0321,0.421,0.098,0,0,0,0,0,0,0.0341,21.111111111,26.666666667
0,0.565,0.0162,0.421,0.0502,0,0,0,0,0,0,0,21.111111111,26.666666667
0,0.565,0.0162,0.421,0.0502,0,0,0,0,0,0,0,21.111111111,26.666666667
0.383,0.575,0.0368,0.421,0.096,0,0,0,0,0,0,0.0683,21.111111111,26.666666667
0.5,0.595,0.0645,0.421,0.148,0,0,0,0,0,0,0.171,21.111111111,25.555555556
0.5,0.639,0.127,0.421,0.255,0,0,0,0,0,0,0.137,21.111111111,25.555555556
0.5,0.565,0.0162,0.421,0.0502,0,0,0,0,0,0,0,21.111111111,25.555555556
0.5,0.594,0.0698,0.487,0.149,0,0,0,0,0,0,0.0683,21.111111111,25.555555556
0.508,0.673,0.286,0.705,0.49,0,0,0,0,0,0,0.137,21.111111111,25.555555556
1,0.75,0.69,1,0.946,0,0,0,0,0,0,0,21.111111111,25.555555556
1,0.695,0.694,1,0.82,0,0,0,0,0,0,0.0696,21.111111111,25.555555556
1,0.613,0.325,0.778,0.387,0,0,0,0,0,0,0.2,21.111111111,25.555555556
1,0.574,0.124,0.706,0.177,0,0,0,0,0,0,0.0957,21.111111111,25.555555556
1,0.565,0.0168,0.421,0.0502,0,0,0,0,0,0,0,21.111111111,25.555555556
1,0.565,0.0162,0.421,0.0502,0,0,0,0,0,0,0,21.111111111,25.555555556
1,0.565,0.0162,0.421,0.0502,0,0,0,0,0,0,0,21.111111111,25.555555556
1,0.565,0.0162,0.421,0.0502,0,0,0,0,0,0,0,21.111111111,25.555555556
1,0.565,0.0162,0.421,0.0502,0,0,0,0,0,0,0,21.111111111,25.555555556
1,0.565,0.0162,0.421,0.0502,0,0,0,0,0,0,0,21.111111111,25.555555556
1,0.568,0.0217,0.498,0.0898,0,0,0,0,0,0,0.172,21.111111111,25.555555556
0.992,0.594,0.0448,0.489,0.231,0,0,0,0,0,0,0.312,21.111111111,26.666666667
0.5,0.565,0.0162,0.421,0.0502,0,0,0,0,0,0,0,21.111111111,26.666666667
0.492,0.597,0.0534,0.421,0.205,0,0,0,0,0,0,0.404,21.111111111,26.666666667
0,0.565,0.0162,0.421,0.0502,0,0,0,0,0,0,0.0188,21.111111111,26.666666667
0,0.565,0.0162,0.421,0.0502,0,0,0,0,0,0,0,21.111111111,26.666666667
0.125,0.575,0.0331,0.421,0.0963,0,0,0,0,0,0,0.0341,21.111111111,26.666666667
0,0.565,0.0162,0.421,0.0502,0,0,0,0,0,0,0,21.111111111,26.666666667
0,0.565,0.0162,0.421,0.0502,0,0,0,0,0,0,0,21.111111111,26.666666667
0,0.565,0.0162,0.421,0.0502,0,0,0,0,0,0,0,21.111111111,25.555555556
0,0.565,0.0162,0.421,0.0502,0,0,0,0,0,0,0,21.111111111,25.555555556
0.383,0.645,0.129,0.421,0.262,0,0,0,0,0,0.767,0.273,21.111111111,25.555555556
0.5,0.675,0.205,0.609,0.4,0,0,0,0,0,0.05,0.137,21.111111111,25.555555556
0.5,0.671,0.281,0.7,0.482,0,0,0,0,0,0,0,21.111111111,25.555555556
0.758,0.703,0.536,0.86,0.729,0,0,0,0,0,0,0.102,21.111111111,25.555555556
1,0.665,0.521,0.85,0.631,0,0,0,0,0,0,0,21.111111111,25.555555556
1,0.578,0.0942,0.489,0.136,0,0,0,0,0,0,0,21.111111111,25.555555556
1,0.565,0.0162,0.421,0.0502,0,0,0,0,0,0,0,21.111111111,25.555555556
1,0.564,0.0495,0.566,0.0839,0,0,0,0,0,0,0.144,21.111111111,25.555555556
1,0.565,0.0185,0.421,0.0502,0,0,0,0,0,0,0,21.111111111,25.555555556
1,0.565,0.0185,0.421,0.0502,0,0,0,0,0,0,0,21.111111111,25.555555556
1,0.565,0.0185,0.421,0.0502,0,0,0,0,0,0,0,21.111111111,25.555555556
1,0.565,0.0185,0.421,0.0502,0,0,0,0,0,0,0,21.111111111,25.555555556
1,0.565,0.0185,0.421,0.0502,0,0,0,0,0,0,0,21.111111111,25.555555556
1,0.568,0.0224,0.498,0.0898,0,0,0,0,0,0,0.292,21.111111111,25.555555556
1,0.594,0.0476,0.489,0.234,0,0,0,0,0,0,0.128,21.111111111,25.555555556
1,0.638,0.12,0.421,0.409,0,0,0,0,0,0.267,0,21.111111111,25.555555556
1,0.65,0.176,0.421,0.462,0.302,0.267,0,0,0,0,0.18,21.111111111,25.555555556
1,0.65,0.215,0.421,0.453,0.205,1,0,0,0,0,0.141,21.111111111,25.555555556
1,0.65,0.24,0.421,0.436,0,0.05,0,0,0,0,0,21.111111111,25.555555556
0.992,0.649,0.257,0.421,0.419,0,0,0,0,0,0.267,0.0683,21.111111111,25.555555556
0.758,0.629,0.234,0.421,0.327,0,0,0,0,0,0.267,0.102,21.111111111,25.555555556
1,0.65,0.344,0.421,0.416,0,0,0,0,0,0.267,0.0341,21.111111111,25.555555556
1,0.674,0.382,0.421,0.427,0,0,0,0,0,0,0.0341,21.111111111,25.555555556
1,0.717,0.405,0.421,0.468,0,0,0,0,0,0.267,0.0683,21.111111111,25.555555556
1,0.763,0.421,0.421,0.573,0,0,0,0,0,0,0.0341,21.111111111,25.555555556
1,0.786,0.482,0.798,0.749,0,0,0.0916,0.237,0.283,0.267,0.273,21.111111111,25.555555556
1,0.777,0.62,0.98,0.914,0,0,0,0,0.75,0,0.0341,21.111111111,25.555555556
1,0.75,0.745,1,0.946,0,0,0,0,0,0,0.0341,21.111111111,25.555555556
1,0.695,0.727,1,0.82,0,0,0,0,0,0,0.205,21.111111111,25.555555556
1,0.634,0.511,1,0.553,0,0,0,0,0,0,0,21.111111111,25.555555556
1,0.58,0.191,0.778,0.229,0,0,0,0,0,0,0,21.111111111,25.555555556
1,0.563,0.0352,0.566,0.0691,0,0,0,0,0,0,0.0652,21.111111111,25.555555556
1,0.563,0.0297,0.561,0.0622,0,0,0,0,0,0,0,21.111111111,25.555555556
1,0.565,0.0185,0.421,0.0502,0,0,0,0,0,0,0,21.111111111,25.555555556
1,0.565,0.0185,0.421,0.0502,0,0,0,0,0,0,0,21.111111111,25.555555556
1,0.565,0.0185,0.421,0.0502,0,0,0,0,0,0,0,21.111111111,25.555555556
1,0.564,0.0198,0.498,0.0633,0,0,0,0,0,0,0,21.111111111,25.555555556
1,0.564,0.0196,0.489,0.0616,0,0,0,0,0,0,0,21.111111111,25.555555556
1,0.591,0.0442,0.421,0.199,0,0,0,0,0,0.767,0.321,21.111111111,25.555555556
1,0.605,0.0734,0.421,0.252,0,0,0,0,0,1,0.182,21.111111111,25.555555556
1,0.607,0.0975,0.421,0.256,0,0,0,0,0,1,0.399,21.111111111,25.555555556
1,0.607,0.117,0.421,0.252,0,0,0,0,0,1,0.256,21.111111111,25.555555556
1,0.64,0.216,0.421,0.39,0,0,0,0,0,1,0,21.111111111,25.555555556
1,0.65,0.259,0.421,0.422,0,0,0,0,0,0.983,0.0683,21.111111111,25.555555556
0.742,0.628,0.224,0.421,0.322,0,0,0,0,0,0,0.205,21.111111111,25.555555556
0.883,0.64,0.31,0.421,0.374,0,0,0,0,0,0,0.0683,21.111111111,25.555555556
1,0.674,0.382,0.421,0.427,0,0,0,0,0,0,0.307,21.111111111,25.555555556
1,0.717,0.405,0.421,0.468,0,0,0,0,0,0,0.0341,21.111111111,25.555555556
1,0.763,0.421,0.421,0.573,0,0,0,0,0,0,0.137,21.111111111,25.555555556
0.875,0.758,0.422,0.736,0.656,0,0,0,0,0,0.267,0.0683,21.111111111,25.555555556
1,0.777,0.62,0.98,0.914,0,0,0,0,0,0,0,21.111111111,25.555555556
1,0.75,0.745,1,0.946,0,0,0,0,0,0,0,21.111111111,25.555555556
1,0.695,0.727,1,0.82,0,0,0,0,0,0,0,21.111111111,25.555555556
1,0.613,0.346,0.778,0.387,0,0,0,0,0,0,0,21.111111111,25.555555556
1,0.571,0.0688,0.489,0.101,0,0,0,0,0,0,0,21.111111111,25.555555556
1,0.565,0.0162,0.421,0.0502,0,0,0,0,0,0,0,21.111111111,25.555555556
1,0.565,0.0162,0.421,0.0502,0,0,0,0,0,0,0,21.111111111,25.555555556
1,0.565,0.0162,0.421,0.0502,0,0,0,0,0,0,0,21.111111111,25.555555556
1,0.565,0.0162,0.421,0.0502,0,0,0,0,0,0,0,21.111111111,25.555555556
1,0.565,0.0162,0.421,0.0502,0,0,0,0,0,0,0,21.111111111,25.555555556
1,0.565,0.0162,0.421,0.0502,0,0,0,0,0,0,0,21.111111111,25.555555556
1,0.574,0.0321,0.643,0.164,0,0,0,0,0,0,0.157,21.111111111,25.555555556
1,0.621,0.0697,0.489,0.383,0,0,0,0,0,0,0.436,21.111111111,26.666666667
0.617,0.614,0.0622,0.421,0.298,0,0,0,0,0,0,0.286,21.111111111,26.666666667
0.5,0.607,0.0637,0.421,0.256,0,0,0,0,0,0,0.498,21.111111111,26.666666667
0.367,0.596,0.0561,0.421,0.198,0,0,0,0,0,0,0,21.111111111,26.666666667
0,0.565,0.0162,0.421,0.0502,0,0,0,0,0,0,0,21.111111111,26.666666667
0,0.565,0.0162,0.421,0.0502,0,0,0,0,0,0,0,21.111111111,26.666666667
0,0.565,0.0162,0.421,0.0502,0,0,0,0,0,0,0,21.111111111,26.666666667
0,0.565,0.0162,0.421,0.0502,0,0,0,0,0,0,0,21.111111111,26.666666667
0,0.565,0.0162,0.421,0.0502,0,0,0,0,0,0,0,21.111111111,25.555555556
0,0.565,0.0162,0.421,0.0502,0,0,0,0,0,0,0,21.111111111,25.555555556
0,0.565,0.0162,0.421,0.0502,0,0,0,0,0,0,0,21.111111111,25.555555556
0.133,0.594,0.0698,0.487,0.149,0,0,0,0,0,0,0.0341,21.111111111,25.555555556
0.508,0.673,0.286,0.705,0.49,0,0,0,0,0,0.267,0.273,21.111111111,25.555555556
1,0.75,0.69,1,0.946,0,0,0,0,0,0,0.205,21.111111111,25.555555556
1,0.695,0.694,1,0.82,0,0,0,0,0,0,0,21.111111111,25.555555556
1,0.619,0.371,0.846,0.437,0,0,0,0,0,0,0,21.111111111,25.555555556
1,0.565,0.0162,0.421,0.0502,0,0,0,0,0,0,0,21.111111111,25.555555556
1,0.565,0.0162,0.421,0.0502,0,0,0,0,0,0,0,21.111111111,25.555555556
1,0.565,0.0162,0.421,0.0502,0,0,0,0,0,0,0,21.111111111,25.555555556
1,0.565,0.0162,0.421,0.0502,0,0,0,0,0,0,0,21.111111111,25.555555556
1,0.565,0.0162,0.421,0.0502,0,0,0,0,0,0,0,21.111111111,25.555555556
0.617,0.565,0.0162,0.421,0.0502,0,0,0,0,0,0,0,21.111111111,25.555555556
0.5,0.565,0.0162,0.421,0.0502,0,0,0,0,0,0,0,21.111111111,25.555555556
0.5,0.565,0.0165,0.426,0.0527,0,0,0,0,0,0,0.0519,21.111111111,25.555555556
0.883,0.621,0.0697,0.489,0.383,0,0,0,0,0,0,0.476,21.111111111,26.666666667
1,0.646,0.0934,0.421,0.454,0,0,0,0,0,0,0.16,21.111111111,26.666666667
0.617,0.617,0.0732,0.421,0.304,0,0,0,0,0,0,0.661,21.111111111,26.666666667
0.5,0.607,0.0712,0.421,0.252,0,0,0,0,0,0,0.143,21.111111111,26.666666667
0.5,0.607,0.0781,0.421,0.243,0,0,0,0,0,0,0.26,21.111111111,26.666666667
0.242,0.585,0.0479,0.421,0.141,0,0,0,0,0,0,0.44,21.111111111,26.666666667
0,0.565,0.0162,0.421,0.0502,0,0,0,0,0,0,0,21.111111111,26.666666667
0,0.565,0.0162,0.421,0.0502,0,0,0,0,0,0,0,21.111111111,26.666666667
0,0.565,0.0162,0.421,0.0502,0,0,0,0,0,0,0,21.111111111,25.555555556
0.383,0.627,0.107,0.421,0.215,0,0,0,0,0,0,0.102,21.111111111,25.555555556
0.5,0.664,0.157,0.421,0.312,0,0,0,0,0,0,0.205,21.111111111,25.555555556
0.5,0.675,0.205,0.609,0.4,0,0,0,0,0,0,0,21.111111111,25.555555556
0.758,0.725,0.428,0.85,0.715,0,0,0,0,0,0,0.245,21.111111111,25.555555556
1,0.75,0.69,1,0.946,0,0,0,0,0,0,0.0341,21.111111111,25.555555556
1,0.695,0.694,1,0.82,0,0,0,0,0,0,0.171,21.111111111,25.555555556
1,0.613,0.325,0.778,0.387,0,0,0,0,0,0,0.238,21.111111111,25.555555556
1,0.571,0.0626,0.489,0.101,0,0,0,0,0,0,0,21.111111111,25.555555556
1,0.565,0.0162,0.421,0.0502,0,0,0,0,0,0,0,21.111111111,25.555555556
1,0.565,0.0162,0.421,0.0502,0,0,0,0,0,0,0,21.111111111,25.555555556
1,0.565,0.0162,0.421,0.0502,0,0,0,0,0,0,0,21.111111111,25.555555556
1,0.565,0.0162,0.421,0.0502,0,0,0,0,0,0,0,21.111111111,25.555555556
1,0.565,0.0162,0.421,0.0502,0,0,0,0,0,0,0,21.111111111,25.555555556
1,0.565,0.0162,0.421,0.0502,0,0,0,0,0,0,0,21.111111111,25.555555556
1,0.565,0.0162,0.421,0.0502,0,0,0,0,0,0,0,21.111111111,25.555555556
0.992,0.591,0.04,0.421,0.196,0,0,0,0,0,0,0.0341,21.111111111,26.666666667
0.5,0.565,0.0162,0.421,0.0502,0,0,0,0,0,0,0,21.111111111,26.666666667
0.5,0.597,0.0542,0.421,0.209,0,0,0,0,0,0,0.227,21.111111111,26.666666667
0.492,0.607,0.0702,0.421,0.248,0,0,0,0,0,0,0.435,21.111111111,26.666666667
0,0.565,0.0162,0.421,0.0502,0,0,0,0,0,0,0,21.111111111,26.666666667
0,0.565,0.0162,0.421,0.0502,0,0,0,0,0,0,0,21.111111111,26.666666667
0,0.565,0.0162,0.421,0.0502,0,0,0,0,0,0,0,21.111111111,26.666666667
0,0.565,0.0162,0.421,0.0502,0,0,0,0,0,0,0,21.111111111,26.666666667
0,0.565,0.0162,0.421,0.0502,0,0,0,0,0,0,0,21.111111111,25.555555556
0.00833,0.565,0.0162,0.421,0.0502,0,0,0,0,0,0,0,21.111111111,25.555555556
0.5,0.645,0.129,0.421,0.262,0,0,0,0,0,0.267,0.137,21.111111111,25.555555556
0.5,0.675,0.205,0.609,0.4,0,0,0,0,0,0,0.0683,21.111111111,25.555555556
0.5,0.671,0.281,0.7,0.482,0,0,0,0,0,0,0.0341,21.111111111,25.555555556
0.883,0.726,0.624,0.932,0.841,0,0,0,0,0,0,0.0683,21.111111111,25.555555556
1,0.695,0.694,1,0.82,0,0,0,0,0,0,0,21.111111111,25.555555556
1,0.613,0.325,0.778,0.387,0,0,0,0,0,0,0.171,21.111111111,25.555555556
1,0.571,0.0626,0.489,0.101,0,0,0,0,0,0,0,21.111111111,25.555555556
1,0.565,0.0162,0.421,0.0502,0,0,0,0,0,0,0,21.111111111,25.555555556
1,0.565,0.0162,0.421,0.0502,0,0,0,0,0,0,0,21.111111111,25.555555556
1,0.565,0.0162,0.421,0.0502,0,0,0,0,0,0,0,21.111111111,25.555555556
1,0.565,0.0162,0.421,0.0502,0,0,0,0,0,0,0,21.111111111,25.555555556
1,0.565,0.0162,0.421,0.0502,0,0,0,0,0,0,0,21.111111111,25.555555556
1,0.562,0.0237,0.643,0.0877,0,0,0,0,0,0,0.419,21.111111111,25.555555556
0.742,0.567,0.0237,0.561,0.0988,0,0,0,0,0,0,0.0906,21.111111111,25.555555556
0.75,0.591,0.04,0.421,0.196,0,0,0,0,0,0,0.149,21.111111111,26.666666667
0.5,0.565,0.0162,0.421,0.0502,0,0,0,0,0,0,0,21.111111111,26.666666667
0.367,0.586,0.041,0.421,0.153,0,0,0,0,0,0,0.171,21.111111111,26.666666667
0.375,0.597,0.0586,0.421,0.2,0,0,0,0,0,0,0.423,21.111111111,26.666666667
0,0.565,0.0162,0.421,0.0502,0,0,0,0,0,0,0,21.111111111,26.666666667
0,0.565,0.0162,0.421,0.0502,0,0,0,0,0,0,0,21.111111111,26.666666667
0,0.565,0.0162,0.421,0.0502,0,0,0,0,0,0,0,21.111111111,26.666666667
0,0.565,0.0162,0.421,0.0502,0,0,0,0,0,0,0,21.111111111,26.666666667
0.267,0.596,0.066,0.421,0.152,0,0,0,0,0,0,0.171,21.111111111,25.555555556
0.617,0.654,0.15,0.421,0.303,0,0,0,0,0,0,0.102,21.111111111,25.555555556
0.5,0.664,0.157,0.421,0.312,0.8,0.25,0,0,0,0,0.0341,21.111111111,25.555555556
0.508,0.677,0.208,0.613,0.406,0.897,0,0,0,0,0.0167,0,21.111111111,25.555555556
1,0.777,0.546,0.98,0.914,0.502,0,0,0,0,0.8,0.0683,21.111111111,25.555555556
1,0.75,0.69,1,0.946,0,0,0,0,0,0,0.0683,21.111111111,25.555555556
0.992,0.694,0.688,0.995,0.813,0,0,0,0,0,0,0,21.111111111,25.555555556
0.758,0.606,0.296,0.783,0.355,0,0,0,0,0,0,0.239,21.111111111,25.555555556
1,0.574,0.124,0.706,0.177,0,0,0,0,0,0,0.108,21.111111111,25.555555556
1,0.565,0.0168,0.421,0.0502,0,0,0,0,0,0,0,21.111111111,25.555555556
1,0.565,0.0162,0.421,0.0502,0,0,0,0,0,0,0,21.111111111,25.555555556
1,0.565,0.0162,0.421,0.0502,0,0,0,0,0,0,0,21.111111111,25.555555556
1,0.565,0.0162,0.421,0.0502,0,0,0,0,0,0,0,21.111111111,25.555555556
1,0.565,0.0162,0.421,0.0502,0,0,0,0,0,0,0,21.111111111,25.555555556
1,0.565,0.0162,0.421,0.0502,0,0,0,0,0,0,0,21.111111111,25.555555556
0.617,0.565,0.0162,0.421,0.0502,0,0,0,0,0,0,0,21.111111111,25.555555556
0.117,0.565,0.0162,0.421,0.0502,0,0,0,0,0,0,0,21.111111111,26.666666667
0,0.565,0.0162,0.421,0.0502,0,0,0,0,0,0,0,21.111111111,26.666666667
0,0.565,0.0162,0.421,0.0502,0,0,0,0,0,0,0,21.111111111,26.666666667
0,0.565,0.0162,0.421,0.0502,0,0,0,0,0,0,0,21.111111111,26.666666667
0,0.565,0.0162,0.421,0.0502,0,0,0,0,0,0,0,21.111111111,26.666666667
0.133,0.576,0.0342,0.421,0.0994,0,0,0,0,0,0,0.0683,21.111111111,26.666666667
0.5,0.607,0.0914,0.421,0.233,0,0,0,0,0,0,0.444,21.111111111,26.666666667
0.5,0.607,0.0961,0.421,0.23,0,0,0,0,0,0,0.205,21.111111111,26.666666667
0.633,0.565,0.0162,0.421,0.0502,0,0,0,0,0,0,0,21.111111111,25.555555556
0.992,0.565,0.0162,0.421,0.0502,0,0,0,0,0,0,0,21.111111111,25.555555556
0.5,0.565,0.0162,0.421,0.0502,0,0,0,0,0,0,0,21.111111111,25.555555556
0.5,0.565,0.0162,0.421,0.0502,0,0,0,0,0,0,0,21.111111111,25.555555556
0.5,0.565,0.0162,0.421,0.0502,0,0,0,0,0,0,0,21.111111111,25.555555556
0.883,0.633,0.287,0.643,0.393,0,0,0,0,0,0,0.291,21.111111111,25.555555556
1,0.63,0.355,0.711,0.435,0,0,0,0,0,0,0.4,21.111111111,25.555555556
1,0.599,0.247,0.711,0.301,0,0,0,0,0,0,0.102,21.111111111,25.555555556
1,0.571,0.0626,0.489,0.101,0,0,0,0,0,0,0,21.111111111,25.555555556
1,0.564,0.0495,0.566,0.0839,0,0,0,0,0,0,0.0179,21.111111111,25.555555556
1,0.565,0.0185,0.421,0.0502,0,0,0,0,0,0,0,21.111111111,25.555555556
1,0.565,0.0185,0.421,0.0502,0,0,0,0,0,0,0,21.111111111,25.555555556
1,0.565,0.0185,0.421,0.0502,0,0,0,0,0,0,0,21.111111111,25.555555556
1,0.565,0.0185,0.421,0.0502,0,0,0,0,0,0,0,21.111111111,25.555555556
1,0.565,0.0185,0.421,0.0502,0,0,0,0,0,0,0,21.111111111,25.555555556
1,0.565,0.0185,0.421,0.0502,0,0,0,0,0,0,0,21.111111111,25.555555556
1,0.565,0.0185,0.421,0.0502,0,0,0,0,0,0,0,21.111111111,25.555555556
1,0.597,0.0656,0.421,0.207,0,0,0,0,0,0,0,21.111111111,25.555555556
1,0.607,0.0975,0.421,0.256,0,0,0,0,0,0,0.205,21.111111111,25.555555556
0.617,0.607,0.117,0.421,0.252,0,0,0,0,0,0,0.155,21.111111111,25.555555556
0.5,0.607,0.129,0.421,0.243,0,0,0,0,0,0,0.0341,21.111111111,25.555555556
0.5,0.607,0.139,0.421,0.236,0,0,0.0781,0.0169,0,0,0.171,21.111111111,25.555555556
0.5,0.607,0.159,0.421,0.233,0,0,0.533,0.458,0.55,0,0.102,21.111111111,25.555555556
0.758,0.629,0.268,0.421,0.328,0,0,0,0,0.483,0,0.0341,21.111111111,25.555555556
1,0.674,0.382,0.421,0.427,0,0,0,0,0,0,0.137,21.111111111,25.555555556
0.875,0.696,0.356,0.421,0.414,0,0,0,0,0,0,0.137,21.111111111,25.555555556
0.742,0.709,0.316,0.421,0.431,0,0,0,0,0,0.267,0.205,21.111111111,25.555555556
0.5,0.675,0.25,0.609,0.4,0,0,0,0,0,0,0.0683,21.111111111,25.555555556
0.5,0.671,0.319,0.7,0.482,0,0,0,0,0,0,0,21.111111111,25.555555556
0.5,0.657,0.382,0.711,0.498,0,0,0,0,0,0,0,21.111111111,25.555555556
0.883,0.675,0.639,0.932,0.715,0,0,0,0,0,0,0,21.111111111,25.555555556
1,0.613,0.346,0.778,0.387,0,0,0,0,0,0,0,21.111111111,25.555555556
1,0.574,0.14,0.711,0.178,0,0,0,0,0,0,0.137,21.111111111,25.555555556
1,0.563,0.0351,0.566,0.0691,0,0,0,0,0,0,0.197,21.111111111,25.555555556
1,0.565,0.0185,0.421,0.0502,0,0,0,0,0,0,0,21.111111111,25.555555556
1,0.565,0.0185,0.421,0.0502,0,0,0,0,0,0,0,21.111111111,25.555555556
1,0.565,0.0185,0.421,0.0502,0,0,0,0,0,0,0,21.111111111,25.555555556
1,0.565,0.0185,0.421,0.0502,0,0,0,0,0,0,0,21.111111111,25.555555556
1,0.565,0.0185,0.421,0.0502,0,0,0,0,0,0,0,21.111111111,25.555555556
1,0.565,0.0185,0.421,0.0502,0,0,0,0,0,0,0,21.111111111,25.555555556
1,0.565,0.0185,0.421,0.0502,0,0,0,0,0,0,0,21.111111111,25.555555556
0.867,0.586,0.0492,0.421,0.152,0,0,0,0,0,0,0.0547,21.111111111,25.555555556
0.5,0.565,0.0185,0.421,0.0502,0,0,0,0,0,0,0,21.111111111,25.555555556
0.758,0.587,0.0713,0.421,0.154,0,0,0,0,0,0,0,21.111111111,25.555555556
1,0.607,0.129,0.421,0.243,0,0,0,0,0,0,0.0341,21.111111111,25.555555556
1,0.64,0.232,0.421,0.377,0,0,0,0,0,0,0.253,21.111111111,25.555555556
1,0.65,0.299,0.421,0.416,0,0,0,0,0,0,0.138,21.111111111,25.555555556
1,0.65,0.344,0.421,0.416,0,0,0,0,0,0,0.245,21.111111111,25.555555556
0.617,0.629,0.239,0.421,0.281,0,0,0,0,0,0,0.239,21.111111111,25.555555556
0.5,0.641,0.212,0.421,0.259,0,0,0,0,0,0,0.102,21.111111111,25.555555556
0.5,0.664,0.22,0.421,0.312,0,0,0,0,0,0,0.0683,21.111111111,25.555555556
0.508,0.677,0.254,0.613,0.406,0,0,0,0,0,0.0167,0,21.111111111,25.555555556
0.992,0.776,0.615,0.975,0.907,0,0,0,0,0,0.8,0.0341,21.111111111,25.555555556
0.5,0.657,0.382,0.711,0.498,0,0,0,0,0,0,0.0341,21.111111111,25.555555556
0.883,0.675,0.639,0.932,0.715,0,0,0,0,0,0,0.28,21.111111111,25.555555556
1,0.626,0.454,0.923,0.495,0,0,0,0,0,0,0.108,21.111111111,25.555555556
1,0.571,0.0688,0.489,0.101,0,0,0,0,0,0,0,21.111111111,25.555555556
1,0.563,0.0306,0.566,0.0691,0,0,0,0,0,0,0,21.111111111,25.555555556
1,0.564,0.0229,0.489,0.059,0,0,0,0,0,0,0,21.111111111,25.555555556
1,0.565,0.0162,0.421,0.0502,0,0,0,0,0,0,0,21.111111111,25.555555556
1,0.565,0.0162,0.421,0.0502,0,0,0,0,0,0,0,21.111111111,25.555555556
1,0.565,0.0162,0.421,0.0502,0,0,0,0,0,0,0,21.111111111,25.555555556
1,0.565,0.0162,0.421,0.0502,0,0,0,0,0,0,0,21.111111111,25.555555556
1,0.565,0.0162,0.421,0.0502,0,0,0,0,0,0,0,21.111111111,25.555555556
0.992,0.6,0.0484,0.421,0.248,0,0,0,0,0,0,0.374,21.111111111,26.666666667
0.5,0.605,0.0548,0.421,0.252,0,0,0,0,0,0,0.409,21.111111111,26.666666667
0.117,0.574,0.0257,0.421,0.0979,0,0,0,0,0,0,0.158,21.111111111,26.666666667
0,0.565,0.0162,0.421,0.0502,0,0,0,0,0,0,0,21.111111111,26.666666667
0,0.565,0.0162,0.421,0.0502,0,0,0,0,0,0,0,21.111111111,26.666666667
0,0.565,0.0162,0.421,0.0502,0,0,0,0,0,0,0,21.111111111,26.666666667
0,0.565,0.0162,0.421,0.0502,0,0,0,0,0,0,0,21.111111111,26.666666667
0,0.565,0.0162,0.421,0.0502,0,0,0,0,0,0,0,21.111111111,26.666666667
0.00833,0.565,0.0178,0.421,0.0534,0,0,0,0,0,0,0.0341,21.111111111,25.555555556
0.5,0.641,0.129,0.421,0.259,0,0,0,0,0,0.0167,0.171,21.111111111,25.555555556
0.5,0.664,0.157,0.421,0.312,0,0,0,0,0,1,0.171,21.111111111,25.555555556
0.367,0.645,0.151,0.544,0.3,0,0,0,0,0,0.35,0.102,21.111111111,25.555555556
0.392,0.647,0.239,0.648,0.403,0,0,0,0,0,0,0.0341,21.111111111,25.555555556
1,0.75,0.69,1,0.946,0,0,0,0,0,0,0,21.111111111,25.555555556
1,0.695,0.694,1,0.82,0,0,0,0,0,0,0,21.111111111,25.555555556
1,0.605,0.272,0.701,0.329,0,0,0,0,0,0,0,21.111111111,25.555555556
1,0.565,0.0162,0.421,0.0502,0,0,0,0,0,0,0,21.111111111,25.555555556
1,0.565,0.0352,0.489,0.0739,0,0,0,0,0,0,0,21.111111111,25.555555556
1,0.565,0.0162,0.421,0.0502,0,0,0,0,0,0,0,21.111111111,25.555555556
1,0.565,0.0162,0.421,0.0502,0,0,0,0,0,0,0,21.111111111,25.555555556
1,0.565,0.0162,0.421,0.0502,0,0,0,0,0,0,0,21.111111111,25.555555556
1,0.565,0.0162,0.421,0.0502,0,0,0,0,0,0,0,21.111111111,25.555555556
1,0.565,0.0162,0.421,0.0502,0,0,0,0,0,0,0,21.111111111,25.555555556
1,0.574,0.0321,0.643,0.164,0,0,0,0,0,0,0.403,21.111111111,25.555555556
0.742,0.576,0.029,0.489,0.134,0,0,0,0,0,0,0,21.111111111,26.666666667
0.117,0.565,0.0162,0.421,0.0502,0,0,0,0,0,0,0,21.111111111,26.666666667
0,0.565,0.0162,0.421,0.0502,0,0,0,0,0,0,0,21.111111111,26.666666667
0,0.565,0.0162,0.421,0.0502,0,0,0,0,0,0,0,21.111111111,26.666666667
0,0.565,0.0162,0.421,0.0502,0,0,0,0,0,0,0,21.111111111,26.666666667
0.383,0.597,0.068,0.421,0.192,0,0,0,0,0,0,0.336,21.111111111,26.666666667
0.5,0.607,0.0914,0.421,0.233,0,0,0,0,0,0,0.158,21.111111111,26.666666667
0.125,0.575,0.0357,0.421,0.0959,0,0,0,0,0,0,0.0341,21.111111111,26.666666667
0.633,0.635,0.132,0.421,0.289,0.246,0.267,0,0,0,0,0.171,21.111111111,25.555555556
1,0.717,0.241,0.421,0.468,0.504,1,0,0,0,0,0.0683,21.111111111,25.555555556
1,0.763,0.297,0.421,0.573,0.81,0.05,0,0,0,0,0.0683,21.111111111,25.555555556
0.992,0.784,0.39,0.794,0.743,1,0,0,0,0,0,0,21.111111111,25.555555556
0.5,0.671,0.281,0.7,0.482,0,0,0,0,0,0,0.137,21.111111111,25.555555556
0.5,0.657,0.353,0.711,0.498,0,0,0,0,0,0,0.0341,21.111111111,25.555555556
0.633,0.63,0.355,0.711,0.435,0,0,0,0,0,0,0,21.111111111,25.555555556
1,0.599,0.247,0.711,0.301,0,0,0,0,0,0,0,21.111111111,25.555555556
1,0.574,0.125,0.711,0.178,0,0,0,0,0,0,0,21.111111111,25.555555556
1,0.565,0.0162,0.421,0.0502,0,0,0,0,0,0,0,21.111111111,25.555555556
1,0.565,0.0162,0.421,0.0502,0,0,0,0,0,0,0,21.111111111,25.555555556
1,0.565,0.0162,0.421,0.0502,0,0,0,0,0,0,0,21.111111111,25.555555556
1,0.565,0.0162,0.421,0.0502,0,0,0,0,0,0,0,21.111111111,25.555555556
1,0.565,0.0162,0.421,0.0502,0,0,0,0,0,0,0,21.111111111,25.555555556
1,0.565,0.0162,0.421,0.0502,0,0,0,0,0,0,0,21.111111111,25.555555556
0.992,0.573,0.0318,0.638,0.162,0,0,0,0,0,0.267,0.102,21.111111111,25.555555556
0.492,0.573,0.0241,0.421,0.0989,0,0,0,0,0,0,0.163,21.111111111,26.666666667
0.25,0.586,0.0365,0.421,0.152,0,0,0,0,0,0,0.171,21.111111111,26.666666667
0,0.565,0.0162,0.421,0.0502,0,0,0,0,0,0,0,21.111111111,26.666666667
0,0.565,0.0162,0.421,0.0502,0,0,0,0,0,0,0,21.111111111,26.666666667
0,0.565,0.0162,0.421,0.0502,0,0,0,0,0,0,0,21.111111111,26.666666667
0,0.565,0.0162,0.421,0.0502,0,0,0,0,0,0,0,21.111111111,26.666666667
0,0.565,0.0162,0.421,0.0502,0,0,0,0,0,0,0,21.111111111,26.666666667
0,0.565,0.0162,0.421,0.0502,0,0,0,0,0,0,0,21.111111111,26.666666667
0.258,0.595,0.0645,0.421,0.148,0,0,0,0,0,0,0.171,21.111111111,25.555555556
0.625,0.661,0.158,0.421,0.313,0,0,0,0,0,0.0167,0.137,21.111111111,25.555555556
0.5,0.664,0.157,0.421,0.312,0,0,0,0,0,0.8,0.0683,21.111111111,25.555555556
0.5,0.675,0.205,0.609,0.4,0,0,0,0,0,0,0.137,21.111111111,25.555555556
0.5,0.671,0.281,0.7,0.482,0,0,0,0,0,0,0.0341,21.111111111,25.555555556
0.883,0.726,0.624,0.932,0.841,0,0,0,0,0,0,0.0859,21.111111111,25.555555556
1,0.695,0.694,1,0.82,0,0,0,0,0,0,0.281,21.111111111,25.555555556
1,0.626,0.424,0.923,0.495,0,0,0,0,0,0,0.248,21.111111111,25.555555556
1,0.571,0.0626,0.489,0.101,0,0,0,0,0,0,0,21.111111111,25.555555556
1,0.565,0.0162,0.421,0.0502,0,0,0,0,0,0,0,21.111111111,25.555555556
1,0.565,0.0162,0.421,0.0502,0,0,0,0,0,0,0,21.111111111,25.555555556
1,0.565,0.0162,0.421,0.0502,0,0,0,0,0,0,0,21.111111111,25.555555556
1,0.565,0.0162,0.421,0.0502,0,0,0,0,0,0,0,21.111111111,25.555555556
1,0.565,0.0162,0.421,0.0502,0,0,0,0,0,0,0,21.111111111,25.555555556
1,0.565,0.0162,0.421,0.0502,0,0,0,0,0,0,0,21.111111111,25.555555556
1,0.565,0.0162,0.421,0.0502,0,0,0,0,0,0,0,21.111111111,25.555555556
1,0.565,0.0162,0.421,0.0502,0,0,0,0,0,0,0,21.111111111,26.666666667
0.867,0.597,0.0474,0.421,0.207,0,0,0,0,0,0,0.307,21.111111111,26.666666667
0.367,0.596,0.0505,0.421,0.201,0,0,0,0,0,0,0.307,21.111111111,26.666666667
0,0.565,0.0162,0.421,0.0502,0,0,0,0,0,0,0,21.111111111,26.666666667
0,0.565,0.0162,0.421,0.0502,0,0,0,0,0,0,0,21.111111111,26.666666667
0,0.565,0.0162,0.421,0.0502,0,0,0,0,0,0,0,21.111111111,26.666666667
0,0.565,0.0162,0.421,0.0502,0,0,0,0,0,0,0,21.111111111,26.666666667
0,0.565,0.0162,0.421,0.0502,0,0,0,0,0,0,0,21.111111111,26.666666667
0,0.565,0.0162,0.421,0.0502,0,0,0,0,0,0,0,21.111111111,25.555555556
0.133,0.586,0.0477,0.421,0.107,0,0,0,0,0,0.267,0.0341,21.111111111,25.555555556
0.5,0.664,0.157,0.421,0.312,0,0,0,0,0,0,0.0341,21.111111111,25.555555556
0.633,0.705,0.258,0.675,0.499,0,0,0,0,0,0,0.239,21.111111111,25.555555556
1,0.777,0.546,0.98,0.914,0,0,0,0,0,0,0.0683,21.111111111,25.555555556
1,0.682,0.42,0.778,0.603,0,0,0,0,0,0,0.102,21.111111111,25.555555556
1,0.614,0.266,0.633,0.337,0,0,0,0,0,0,0,21.111111111,25.555555556
1,0.565,0.0162,0.421,0.0502,0,0,0,0,0,0,0,21.111111111,25.555555556
1,0.565,0.0162,0.421,0.0502,0,0,0,0,0,0,0,21.111111111,25.555555556
1,0.565,0.0168,0.421,0.0502,0,0,0,0,0,0,0,21.111111111,25.555555556
1,0.565,0.0162,0.421,0.0502,0,0,0,0,0,0,0,21.111111111,25.555555556
1,0.565,0.0162,0.421,0.0502,0,0,0,0,0,0,0,21.111111111,25.555555556
1,0.565,0.0162,0.421,0.0502,0,0,0,0,0,0,0,21.111111111,25.555555556
1,0.565,0.0162,0.421,0.0502,0,0,0,0,0,0,0,21.111111111,25.555555556
1,0.565,0.0162,0.421,0.0502,0,0,0,0,0,0,0,21.111111111,25.555555556
1,0.565,0.0162,0.421,0.0502,0,0,0,0,0,0,0,21.111111111,25.555555556
0.742,0.573,0.0241,0.421,0.0989,0,0,0,0,0,0,0.0341,21.111111111,26.666666667
0.5,0.565,0.0162,0.421,0.0502,0,0,0,0,0,0,0,21.111111111,26.666666667
0.5,0.565,0.0162,0.421,0.0502,0,0,0,0,0,0,0,21.111111111,26.666666667
0.5,0.597,0.0596,0.421,0.204,0,0,0,0,0,0,0.273,21.111111111,26.666666667
0.117,0.574,0.0294,0.421,0.0969,0,0,0,0,0,0,0,21.111111111,26.666666667
0,0.565,0.0162,0.421,0.0502,0,0,0,0,0,0,0,21.111111111,26.666666667
0,0.565,0.0162,0.421,0.0502,0,0,0,0,0,0,0,21.111111111,26.666666667
0,0.565,0.0162,0.421,0.0502,0,0,0,0,0,0,0,21.111111111,26.666666667
0,0.565,0.0162,0.421,0.0502,0,0,0,0,0,0,0,21.111111111,25.555555556
0,0.565,0.0162,0.421,0.0502,0,0,0,0,0,0,0,21.111111111,25.555555556
0.00833,0.566,0.0187,0.421,0.0548,0,0,0,0,0,0.0167,0.0341,21.111111111,25.555555556
0.5,0.675,0.205,0.609,0.4,0,0,0,0,0,1,0.171,21.111111111,25.555555556
0.5,0.671,0.281,0.7,0.482,0,0,0,0,0,0.35,0.205,21.111111111,25.555555556
0.883,0.726,0.624,0.932,0.841,0.647,0.517,0.351,0.237,0.283,0.533,0.102,21.111111111,25.555555556
1,0.695,0.694,1,0.82,0,0,0.476,0,0.483,0,0.186,21.111111111,25.555555556
1,0.613,0.325,0.778,0.387,0,0,0,0,0,0,0.137,21.111111111,25.555555556
1,0.571,0.0626,0.489,0.101,0,0,0,0,0,0,0,21.111111111,25.555555556
1,0.564,0.0495,0.566,0.0839,0,0,0,0,0,0,0,21.111111111,25.555555556
1,0.565,0.0185,0.421,0.0502,0,0,0,0,0,0,0,21.111111111,25.555555556
1,0.565,0.0185,0.421,0.0502,0,0,0,0,0,0,0,21.111111111,25.555555556
1,0.565,0.0185,0.421,0.0502,0,0,0,0,0,0,0,21.111111111,25.555555556
1,0.565,0.0185,0.421,0.0502,0,0,0,0,0,0,0,21.111111111,25.555555556
1,0.565,0.0185,0.421,0.0502,0,0,0,0,0,0,0,21.111111111,25.555555556
1,0.565,0.0185,0.421,0.0502,0,0,0,0,0,0,0,21.111111111,25.555555556
1,0.565,0.0185,0.421,0.0502,0,0,0,0,0,0,0,21.111111111,25.555555556
1,0.565,0.0185,0.421,0.0502,0,0,0,0,0,0,0,21.111111111,25.555555556
1,0.576,0.041,0.421,0.105,0,0,0,0,0,0,0.0341,21.111111111,25.555555556
1,0.619,0.144,0.421,0.305,0,0,0,0,0,0.267,0.0341,21.111111111,25.555555556
1,0.65,0.24,0.421,0.436,0,0,0,0,0,0.267,0.102,21.111111111,25.555555556
0.867,0.639,0.226,0.421,0.373,0,0,0,0,0,0,0.219,21.111111111,25.555555556
0.758,0.629,0.234,0.421,0.327,0,0,0,0,0,0,0.347,21.111111111,25.555555556
0.617,0.617,0.215,0.421,0.276,0,0,0,0,0,0,0.137,21.111111111,25.555555556
0.5,0.619,0.2,0.421,0.239,0,0,0,0,0,0,0.0683,21.111111111,25.555555556
0.5,0.641,0.212,0.421,0.259,0,0,0,0,0,0,0.0683,21.111111111,25.555555556
0.117,0.584,0.0642,0.421,0.1,0,0,0,0,0,0,0,21.111111111,25.555555556
0,0.565,0.0185,0.421,0.0502,0,0,0,0,0,0,0,21.111111111,25.555555556
0.392,0.647,0.269,0.648,0.403,0.0615,0.0167,0,0,0,0,0.0683,21.111111111,25.555555556
1,0.75,0.745,1,0.946,0.833,1,0,0,0,0,0,21.111111111,25.555555556
1,0.695,0.727,1,0.82,0.0951,0.567,0,0,0,0,0,21.111111111,25.555555556
1,0.634,0.511,1,0.553,0,0,0,0,0,0,0,21.111111111,25.555555556
1,0.58,0.191,0.778,0.229,0,0,0,0,0,0,0,21.111111111,25.555555556
1,0.563,0.0352,0.566,0.0691,0,0,0,0,0,0,0,21.111111111,25.555555556
1,0.561,0.0363,0.711,0.0687,0,0,0,0,0,0,0,21.111111111,25.555555556
1,0.562,0.0228,0.633,0.0532,0,0,0,0,0,0,0,21.111111111,25.555555556
1,0.565,0.0185,0.421,0.0502,0,0,0,0,0,0,0,21.111111111,25.555555556
1,0.565,0.0185,0.421,0.0502,0,0,0,0,0,0,0,21.111111111,25.555555556
1,0.565,0.0185,0.421,0.0502,0,0,0,0,0,0,0,21.111111111,25.555555556
1,0.565,0.0185,0.421,0.0502,0,0,0,0,0,0,0,21.111111111,25.555555556
1,0.565,0.0185,0.421,0.0502,0,0,0,0,0,0,0,21.111111111,25.555555556
1,0.597,0.0656,0.421,0.207,0.0998,0.0167,0,0,0,0,0.171,21.111111111,25.555555556
1,0.607,0.0975,0.421,0.256,0.866,0.5,0,0,0,0,0.0683,21.111111111,25.555555556
1,0.64,0.195,0.421,0.405,0.53,0,0,0,0,0,0.0683,21.111111111,25.555555556
1,0.65,0.24,0.421,0.436,0.891,0,0,0,0,0,0.0341,21.111111111,25.555555556
1,0.65,0.259,0.421,0.422,0.649,0,0,0,0,0.267,0.171,21.111111111,25.555555556
1,0.65,0.299,0.421,0.416,0,0,0,0,0,0,0.205,21.111111111,25.555555556
1,0.65,0.344,0.421,0.416,0,0,0,0,0,0,0.102,21.111111111,25.555555556
1,0.674,0.382,0.421,0.427,0,0,0,0,0,0,0.137,21.111111111,25.555555556
1,0.717,0.405,0.421,0.468,0,0,0,0,0,0,0.102,21.111111111,25.555555556
1,0.763,0.421,0.421,0.573,0,0,0,0,0,0,0,21.111111111,25.555555556
1,0.786,0.482,0.798,0.749,0,0,0,0,0,0,0.0341,21.111111111,25.555555556
1,0.777,0.62,0.98,0.914,0,0,0,0,0,0,0,21.111111111,25.555555556
1,0.75,0.745,1,0.946,0,0,0,0,0,0,0,21.111111111,25.555555556
1,0.695,0.727,1,0.82,0.572,0.767,0,0,0,0,0,21.111111111,25.555555556
1,0.613,0.346,0.778,0.387,0.114,0.55,0,0,0,0,0,21.111111111,25.555555556
1,0.573,0.115,0.633,0.151,0,0,0,0,0,0,0,21.111111111,25.555555556
1,0.565,0.0352,0.489,0.0739,0,0,0,0,0,0,0,21.111111111,25.555555556
1,0.565,0.0162,0.421,0.0502,0,0,0,0,0,0,0,21.111111111,25.555555556
1,0.565,0.0162,0.421,0.0502,0,0,0,0,0,0,0,21.111111111,25.555555556
1,0.565,0.0162,0.421,0.0502,0,0,0,0,0,0,0,21.111111111,25.555555556
1,0.562,0.0184,0.643,0.052,0,0,0,0,0,0,0.352,21.111111111,25.555555556
0.617,0.561,0.0244,0.711,0.0882,0,0,0,0,0,0,0.398,21.111111111,25.555555556
0.758,0.579,0.0451,0.86,0.252,0,0,0,0,0,0,0.366,21.111111111,25.555555556
1,0.624,0.0745,0.556,0.418,0,0,0,0,0,0,0.553,21.111111111,26.666666667
0.867,0.635,0.0825,0.421,0.4,0,0,0,0,0,0,0.335,21.111111111,26.666666667
0.117,0.574,0.0257,0.421,0.0979,0,0,0,0,0,0,0,21.111111111,26.666666667
0,0.565,0.0162,0.421,0.0502,0,0,0,0,0,0,0,21.111111111,26.666666667
0,0.565,0.0162,0.421,0.0502,0,0,0,0,0,0,0,21.111111111,26.666666667
0,0.565,0.0162,0.421,0.0502,0,0,0,0,0,0,0,21.111111111,26.666666667
0,0.565,0.0162,0.421,0.0502,0,0,0,0,0,0,0,21.111111111,26.666666667
0,0.565,0.0162,0.421,0.0502,0,0,0,0,0,0,0,21.111111111,26.666666667
0,0.565,0.0162,0.421,0.0502,0,0,0,0,0,0,0,21.111111111,25.555555556
0,0.565,0.0162,0.421,0.0502,0,0,0,0,0,0,0,21.111111111,25.555555556
0,0.565,0.0162,0.421,0.0502,0,0,0,0,0,0,0,21.111111111,25.555555556
0.142,0.596,0.0731,0.491,0.156,0,0,0,0,0,0.267,0.0341,21.111111111,25.555555556
1,0.777,0.546,0.98,0.914,0,0,0,0,0,1,0.0341,21.111111111,25.555555556
1,0.75,0.69,1,0.946,0,0,0,0,0,0.1,0,21.111111111,25.555555556
1,0.695,0.694,1,0.82,0,0,0,0,0,0,0.212,21.111111111,25.555555556
1,0.634,0.477,1,0.553,0,0,0,0,0,0,0,21.111111111,25.555555556
1,0.582,0.212,0.923,0.28,0,0,0,0,0,0,0.0341,21.111111111,25.555555556
1,0.565,0.0162,0.421,0.0502,0,0,0,0,0,0,0,21.111111111,25.555555556
1,0.565,0.0162,0.421,0.0502,0,0,0,0,0,0,0,21.111111111,25.555555556
1,0.565,0.0162,0.421,0.0502,0,0,0,0,0,0,0,21.111111111,25.555555556
1,0.565,0.0162,0.421,0.0502,0,0,0,0,0,0,0,21.111111111,25.555555556
1,0.565,0.0162,0.421,0.0502,0,0,0,0,0,0,0,21.111111111,25.555555556
1,0.565,0.0162,0.421,0.0502,0,0,0,0,0,0,0,21.111111111,25.555555556
1,0.565,0.0162,0.421,0.0502,0,0,0,0,0,0,0,21.111111111,25.555555556
0.858,0.608,0.0558,0.421,0.294,0,0,0,0,0,0,0.552,21.111111111,26.666666667
0,0.565,0.0162,0.421,0.0502,0,0,0,0,0,0,0,21.111111111,26.666666667
0,0.565,0.0162,0.421,0.0502,0,0,0,0,0,0,0,21.111111111,26.666666667
0,0.565,0.0162,0.421,0.0502,0,0,0,0,0,0,0,21.111111111,26.666666667
0,0.565,0.0162,0.421,0.0502,0,0,0,0,0,0,0,21.111111111,26.666666667
0,0.565,0.0162,0.421,0.0502,0,0,0,0,0,0,0,21.111111111,26.666666667
0.133,0.576,0.0369,0.421,0.0989,0,0,0,0,0,0,0.0683,21.111111111,26.666666667
0.5,0.574,0.0343,0.421,0.0928,0,0,0,0,0,0,0,21.111111111,26.666666667
0.5,0.565,0.0162,0.421,0.0502,0,0,0,0,0,0,0,21.111111111,25.555555556
0.5,0.565,0.0162,0.421,0.0502,0,0,0,0,0,0,0,21.111111111,25.555555556
0.5,0.565,0.0162,0.421,0.0502,0,0,0,0,0,0,0,21.111111111,25.555555556
0.633,0.594,0.0698,0.487,0.149,0,0,0,0,0,0.267,0.0683,21.111111111,25.555555556
1,0.671,0.281,0.7,0.482,0,0,0,0,0,0.817,0.273,21.111111111,25.555555556
1,0.634,0.259,0.633,0.379,0,0,0,0,0,0,0.0683,21.111111111,25.555555556
1,0.565,0.0162,0.421,0.0502,0,0,0,0,0,0,0,21.111111111,25.555555556
1,0.565,0.0162,0.421,0.0502,0,0,0,0,0,0,0,21.111111111,25.555555556
1,0.565,0.0162,0.421,0.0502,0,0,0,0,0,0,0,21.111111111,25.555555556
1,0.565,0.0352,0.489,0.0739,0,0,0,0,0,0,0,21.111111111,25.555555556
1,0.565,0.0162,0.421,0.0502,0,0,0,0,0,0,0,21.111111111,25.555555556
1,0.565,0.0162,0.421,0.0502,0,0,0,0,0,0,0,21.111111111,25.555555556
1,0.565,0.0162,0.421,0.0502,0,0,0,0,0,0,0,21.111111111,25.555555556
1,0.565,0.0162,0.421,0.0502,0,0,0,0,0,0,0,21.111111111,25.555555556
1,0.565,0.0162,0.421,0.0502,0,0,0,0,0,0,0,21.111111111,25.555555556
1,0.565,0.0165,0.426,0.0527,0,0,0,0,0,0.0167,0,21.111111111,25.555555556
1,0.594,0.0454,0.489,0.234,0,0,0,0,0,0.25,0.136,21.111111111,26.666666667
0.992,0.638,0.0853,0.421,0.405,0,0,0,0,0,0,0.465,21.111111111,26.666666667
0.5,0.607,0.0637,0.421,0.256,0,0,0,0,0,0,0.375,21.111111111,26.666666667
0.5,0.607,0.0712,0.421,0.252,0,0,0,0,0,0,0.205,21.111111111,26.666666667
0.242,0.585,0.0453,0.421,0.145,0,0,0,0,0,0,0.171,21.111111111,26.666666667
0,0.565,0.0162,0.421,0.0502,0,0,0,0,0,0,0,21.111111111,26.666666667
0,0.565,0.0162,0.421,0.0502,0,0,0,0,0,0,0,21.111111111,26.666666667
0,0.565,0.0162,0.421,0.0502,0,0,0,0,0,0,0,21.111111111,26.666666667
0,0.565,0.0162,0.421,0.0502,0,0,0,0,0,0,0,21.111111111,25.555555556
0,0.565,0.0162,0.421,0.0502,0,0,0,0,0,0,0,21.111111111,25.555555556
0.383,0.645,0.129,0.421,0.262,0,0,0,0,0,0.267,0.205,21.111111111,25.555555556
0.625,0.703,0.255,0.671,0.492,0,0,0,0,0,0,0.199,21.111111111,25.555555556
0.633,0.699,0.357,0.777,0.602,0,0,0,0,0,0,0.102,21.111111111,25.555555556
1,0.75,0.69,1,0.946,0,0,0.223,0.271,0,0,0.171,21.111111111,25.555555556
1,0.695,0.694,1,0.82,0,0,0.589,0.678,0.333,0,0,21.111111111,25.555555556
1,0.626,0.424,0.923,0.495,0,0,0.168,0,1,0,0,21.111111111,25.555555556
1,0.574,0.125,0.711,0.178,0,0,0,0,0.983,0,0.0341,21.111111111,25.555555556
1,0.565,0.0352,0.489,0.0739,0,0,0,0,0,0,0,21.111111111,25.555555556
1,0.565,0.0162,0.421,0.0502,0,0,0,0,0,0,0,21.111111111,25.555555556
1,0.565,0.0162,0.421,0.0502,0,0,0,0,0,0,0,21.111111111,25.555555556
1,0.565,0.0162,0.421,0.0502,0,0,0,0,0,0,0,21.111111111,25.555555556
0.233,0.565,0.0162,0.421,0.0502,0,0,0,0,0,0,0,21.111111111,25.555555556
0,0.565,0.0162,0.421,0.0502,0,0,0,0,0,0,0,21.111111111,25.555555556
0.00833,0.565,0.0165,0.426,0.0527,0,0,0,0,0,0,0.0341,21.111111111,25.555555556
0.5,0.594,0.0454,0.489,0.234,0,0,0,0,0,0,0.0683,21.111111111,26.666666667
0.242,0.583,0.0338,0.421,0.147,0,0,0,0,0,0,0.0683,21.111111111,26.666666667
0,0.565,0.0162,0.421,0.0502,0,0,0,0,0,0,0,21.111111111,26.666666667
0,0.565,0.0162,0.421,0.0502,0,0,0,0,0,0,0,21.111111111,26.666666667
0,0.565,0.0162,0.421,0.0502,0,0,0,0,0,0,0,21.111111111,26.666666667
0,0.565,0.0162,0.421,0.0502,0,0,0,0,0,0,0,21.111111111,26.666666667
0,0.565,0.0162,0.421,0.0502,0,0,0,0,0,0,0,21.111111111,26.666666667
0,0.565,0.0162,0.421,0.0502,0,0,0,0,0,0,0,21.111111111,26.666666667
0,0.565,0.0162,0.421,0.0502,0,0,0,0,0,0,0,21.111111111,25.555555556
0,0.565,0.0162,0.421,0.0502,0,0,0,0,0,0,0,21.111111111,25.555555556
0.133,0.592,0.0554,0.421,0.124,0,0,0,0,0,0,0.0341,21.111111111,25.555555556
0.5,0.675,0.205,0.609,0.4,0,0,0,0,0,0,0.102,21.111111111,25.555555556
0.5,0.671,0.281,0.7,0.482,0,0,0,0,0,0.767,0.273,21.111111111,25.555555556
0.758,0.703,0.536,0.86,0.729,0,0,0,0,0,0.317,0.542,21.111111111,25.555555556
1,0.68,0.604,0.923,0.722,0,0,0,0,0,0,0.171,21.111111111,25.555555556
1,0.599,0.247,0.711,0.301,0,0,0,0,0,0,0.102,21.111111111,25.555555556
1,0.574,0.125,0.711,0.178,0,0,0,0,0,0,0,21.111111111,25.555555556
1,0.565,0.0168,0.421,0.0502,0,0,0,0,0,0,0,21.111111111,25.555555556
1,0.565,0.0162,0.421,0.0502,0,0,0,0,0,0,0,21.111111111,25.555555556
1,0.565,0.0162,0.421,0.0502,0,0,0,0,0,0,0,21.111111111,25.555555556
1,0.565,0.0162,0.421,0.0502,0,0,0,0,0,0,0,21.111111111,25.555555556
1,0.562,0.0184,0.643,0.052,0,0,0,0,0,0,0.544,21.111111111,25.555555556
1,0.56,0.027,0.788,0.101,0,0,0,0,0,0,0.297,21.111111111,25.555555556
1,0.581,0.0526,1,0.301,0,0,0,0,0,0,0.759,21.111111111,25.555555556
0.867,0.614,0.0661,0.556,0.366,0,0,0,0,0,0,0.683,21.111111111,26.666666667
0.5,0.605,0.0548,0.421,0.252,0,0,0,0,0,0,0.306,21.111111111,26.666666667
0.117,0.574,0.0257,0.421,0.0979,0,0,0,0,0,0,0.131,21.111111111,26.666666667
0,0.565,0.0162,0.421,0.0502,0,0,0,0,0,0,0,21.111111111,26.666666667
0,0.565,0.0162,0.421,0.0502,0,0,0,0,0,0,0,21.111111111,26.666666667
0,0.565,0.0162,0.421,0.0502,0,0,0,0,0,0,0,21.111111111,26.666666667
0,0.565,0.0162,0.421,0.0502,0,0,0,0,0,0,0,21.111111111,26.666666667
0,0.565,0.0162,0.421,0.0502,0,0,0,0,0,0,0,21.111111111,26.666666667
0,0.565,0.0162,0.421,0.0502,0,0,0,0,0,0,0,21.111111111,25.555555556
0.375,0.626,0.105,0.421,0.211,0,0,0,0,0,0,0.102,21.111111111,25.555555556
0.133,0.592,0.0554,0.421,0.124,0,0,0,0,0,0.267,0.0683,21.111111111,25.555555556
0.25,0.619,0.104,0.487,0.214,0,0,0,0,0,1,0,21.111111111,25.555555556
0.5,0.671,0.281,0.7,0.482,0,0,0,0,0,0.367,0.102,21.111111111,25.555555556
0.883,0.726,0.624,0.932,0.841,0,0,0,0,0,1,0.205,21.111111111,25.555555556
1,0.695,0.694,1,0.82,0,0,0,0,0,0.1,0.102,21.111111111,25.555555556
1,0.626,0.424,0.923,0.495,0,0,0,0,0,0,0,21.111111111,25.555555556
1,0.573,0.103,0.633,0.151,0,0,0,0,0,0,0,21.111111111,25.555555556
1,0.564,0.0495,0.566,0.0839,0,0,0.225,0,0,0,0,21.111111111,25.555555556
1,0.565,0.0185,0.421,0.0502,0,0,0,0,0,0,0,21.111111111,25.555555556
1,0.565,0.0185,0.421,0.0502,0,0,0,0,0,0,0,21.111111111,25.555555556
1,0.565,0.0185,0.421,0.0502,0,0,0,0,0,0,0,21.111111111,25.555555556
1,0.565,0.0185,0.421,0.0502,0,0,0,0,0,0,0,21.111111111,25.555555556
1,0.565,0.0185,0.421,0.0502,0,0,0,0,0,0,0,21.111111111,25.555555556
1,0.565,0.0185,0.421,0.0502,0,0,0,0,0,0,0,21.111111111,25.555555556
1,0.591,0.0442,0.421,0.199,0,0,0,0,0,0.533,0.143,21.111111111,25.555555556
1,0.638,0.12,0.421,0.409,0,0,0,0,0,0,0.116,21.111111111,25.555555556
0.617,0.617,0.112,0.421,0.304,0,0,0,0,0,0,0.0683,21.111111111,25.555555556
0.5,0.607,0.117,0.421,0.252,0,0,0,0,0,0,0.0341,21.111111111,25.555555556
0.5,0.607,0.129,0.421,0.243,0,0,0,0,0,0,0.273,21.111111111,25.555555556
0.508,0.608,0.141,0.421,0.239,0,0,0,0,0,0.0167,0.205,21.111111111,25.555555556
1,0.65,0.299,0.421,0.416,0,0,0,0,0,0.8,0.273,21.111111111,25.555555556
1,0.65,0.344,0.421,0.416,0,0,0,0,0,0,0.0341,21.111111111,25.555555556
1,0.674,0.382,0.421,0.427,0,0,0,0,0,0,0.137,21.111111111,25.555555556
1,0.717,0.405,0.421,0.468,0,0,0,0,0,0,0.137,21.111111111,25.555555556
1,0.763,0.421,0.421,0.573,0,0,0,0,0,0,0.0341,21.111111111,25.555555556
1,0.786,0.482,0.798,0.749,0,0,0,0,0,0,0,21.111111111,25.555555556
1,0.777,0.62,0.98,0.914,0,0,0.399,0.237,0.533,0,0.0341,21.111111111,25.555555556
1,0.75,0.745,1,0.946,0,0,0.399,0,0.233,0,0,21.111111111,25.555555556
1,0.695,0.727,1,0.82,0,0,0.254,0,0,0,0,21.111111111,25.555555556
1,0.634,0.511,1,0.553,0,0,0.434,0,0,0,0,21.111111111,25.555555556
1,0.58,0.191,0.778,0.229,0,0,0.821,0,0,0,0,21.111111111,25.555555556
1,0.563,0.0646,0.711,0.103,0,0,0,0,0,0,0.0179,21.111111111,25.555555556
1,0.564,0.0266,0.489,0.059,0,0,0,0,0,0,0,21.111111111,25.555555556
1,0.565,0.0185,0.421,0.0502,0,0,0,0,0,0,0,21.111111111,25.555555556
1,0.565,0.0185,0.421,0.0502,0,0,0,0,0,0,0,21.111111111,25.555555556
1,0.565,0.0185,0.421,0.0502,0,0,0,0,0,0,0,21.111111111,25.555555556
1,0.565,0.0185,0.421,0.0502,0,0,0,0,0,0,0,21.111111111,25.555555556
1,0.565,0.0185,0.421,0.0502,0,0,0,0,0,0,0,21.111111111,25.555555556
1,0.591,0.0442,0.421,0.199,0,0,0,0,0,0,0.244,21.111111111,25.555555556
1,0.638,0.12,0.421,0.409,0,0,0,0,0,0,0.202,21.111111111,25.555555556
1,0.65,0.176,0.421,0.462,0,0,0,0,0,0,0.0852,21.111111111,25.555555556
1,0.65,0.215,0.421,0.453,0,0,0,0,0,0,0.292,21.111111111,25.555555556
0.992,0.649,0.238,0.421,0.433,0,0,0,0,0,0,0.218,21.111111111,25.555555556
0.883,0.64,0.232,0.421,0.377,0,0,0,0,0,0,0.386,21.111111111,25.555555556
1,0.65,0.299,0.421,0.416,0,0,0,0,0,0,0.102,21.111111111,25.555555556
1,0.65,0.344,0.421,0.416,0,0,0,0,0,0,0.478,21.111111111,25.555555556
1,0.674,0.382,0.421,0.427,0,0,0,0,0,0,0.0341,21.111111111,25.555555556
1,0.717,0.405,0.421,0.468,0,0,0,0,0,0,0.0341,21.111111111,25.555555556
1,0.763,0.421,0.421,0.573,0,0,0,0,0,0,0,21.111111111,25.555555556
1,0.786,0.482,0.798,0.749,0,0,0,0,0,0,0.0683,21.111111111,25.555555556
1,0.777,0.62,0.98,0.914,0,0,0,0,0,0,0.0341,21.111111111,25.555555556
1,0.726,0.645,0.923,0.827,0,0,0,0,0,0,0.106,21.111111111,25.555555556
1,0.63,0.373,0.711,0.435,0,0,0,0,0,0,0.0973,21.111111111,25.555555556
1,0.599,0.265,0.711,0.301,0,0,0,0,0,0,0,21.111111111,25.555555556
1,0.574,0.14,0.711,0.178,0,0,0,0,0,0,0,21.111111111,25.555555556
1,0.565,0.0419,0.556,0.0827,0,0,0,0,0,0,0.229,21.111111111,25.555555556
1,0.565,0.0162,0.421,0.0502,0,0,0,0,0,0,0,21.111111111,25.555555556
1,0.565,0.0162,0.421,0.0502,0,0,0,0,0,0,0,21.111111111,25.555555556
1,0.565,0.0162,0.421,0.0502,0,0,0,0,0,0,0,21.111111111,25.555555556
1,0.564,0.017,0.498,0.0508,0,0,0,0,0,0,0.368,21.111111111,25.555555556
1,0.561,0.0244,0.711,0.0882,0,0,0,0,0,0,0.371,21.111111111,25.555555556
0.608,0.573,0.0341,0.706,0.173,0,0,0,0,0,0,0.323,21.111111111,25.555555556
0,0.565,0.0162,0.421,0.0502,0,0,0,0,0,0,0,21.111111111,26.666666667
0,0.565,0.0162,0.421,0.0502,0,0,0,0,0,0,0,21.111111111,26.666666667
0,0.565,0.0162,0.421,0.0502,0,0,0,0,0,0,0,21.111111111,26.666666667
0,0.565,0.0162,0.421,0.0502,0,0,0,0,0,0,0,21.111111111,26.666666667
0,0.565,0.0162,0.421,0.0502,0,0,0,0,0,0,0,21.111111111,26.666666667
0,0.565,0.0162,0.421,0.0502,0,0,0,0,0,0,0,21.111111111,26.666666667
0,0.565,0.0162,0.421,0.0502,0,0,0,0,0,0,0,21.111111111,26.666666667
0,0.565,0.0162,0.421,0.0502,0,0,0,0,0,0,0,21.111111111,26.666666667
0.00833,0.565,0.0178,0.421,0.0534,0,0,0,0,0,0,0.0341,21.111111111,25.555555556
0.5,0.641,0.129,0.421,0.259,0,0,0,0,0,0,0.171,21.111111111,25.555555556
0.5,0.664,0.157,0.421,0.312,0,0,0,0,0,0,0.239,21.111111111,25.555555556
0.5,0.675,0.205,0.609,0.4,0.392,0.267,0,0,0,0,0.102,21.111111111,25.555555556
0.758,0.725,0.428,0.85,0.715,0.412,0.783,0,0,0,0.0167,0.137,21.111111111,25.555555556
1,0.75,0.69,1,0.946,0,0,0,0,0,0.25,0,21.111111111,25.555555556
1,0.68,0.604,0.923,0.722,0,0,0,0,0,0,0,21.111111111,25.555555556
1,0.599,0.247,0.711,0.301,0,0,0,0,0,0,0,21.111111111,25.555555556
1,0.574,0.125,0.711,0.178,0,0,0,0,0,0,0.0683,21.111111111,25.555555556
1,0.565,0.0162,0.421,0.0502,0,0,0,0,0,0,0,21.111111111,25.555555556
1,0.565,0.0162,0.421,0.0502,0,0,0,0,0,0,0,21.111111111,25.555555556
1,0.565,0.0162,0.421,0.0502,0,0,0,0,0,0,0,21.111111111,25.555555556
1,0.565,0.0162,0.421,0.0502,0,0,0,0,0,0,0,21.111111111,25.555555556
1,0.565,0.0162,0.421,0.0502,0,0,0,0,0,0,0,21.111111111,25.555555556
1,0.565,0.0162,0.421,0.0502,0,0,0,0,0,0,0,21.111111111,25.555555556
0.992,0.577,0.0373,0.715,0.201,0,0,0,0,0,0.517,0.307,21.111111111,25.555555556
0.367,0.585,0.0369,0.489,0.182,0,0,0,0,0,0.3,0.171,21.111111111,26.666666667
0,0.565,0.0162,0.421,0.0502,0,0,0,0,0,0,0,21.111111111,26.666666667
0,0.565,0.0162,0.421,0.0502,0,0,0,0,0,0,0,21.111111111,26.666666667
0,0.565,0.0162,0.421,0.0502,0,0,0,0,0,0,0,21.111111111,26.666666667
0,0.565,0.0162,0.421,0.0502,0,0,0,0,0,0,0,21.111111111,26.666666667
0,0.565,0.0162,0.421,0.0502,0,0,0,0,0,0,0,21.111111111,26.666666667
0,0.565,0.0162,0.421,0.0502,0,0,0,0,0,0,0,21.111111111,26.666666667
0,0.565,0.0162,0.421,0.0502,0,0,0,0,0,0,0,21.111111111,26.666666667
0,0.565,0.0162,0.421,0.0502,0,0,0,0,0,0,0,21.111111111,25.555555556
0,0.565,0.0162,0.421,0.0502,0,0,0,0,0,0,0,21.111111111,25.555555556
0.383,0.645,0.129,0.421,0.262,0,0,0,0,0,0,0.171,21.111111111,25.555555556
0.5,0.675,0.205,0.609,0.4,0,0,0,0,0,0,0.102,21.111111111,25.555555556
0.5,0.671,0.281,0.7,0.482,0,0,0,0,0,0,0.341,21.111111111,25.555555556
0.5,0.657,0.353,0.711,0.498,0,0,0,0,0,0,0.0683,21.111111111,25.555555556
0.883,0.675,0.611,0.932,0.715,0,0,0,0,0,0.267,0,21.111111111,25.555555556
1,0.619,0.374,0.85,0.441,0,0,0,0,0,0,0,21.111111111,25.555555556
1,0.573,0.103,0.633,0.151,0,0,0,0,0,0,0,21.111111111,25.555555556
1,0.565,0.0162,0.421,0.0502,0,0,0,0,0,0,0,21.111111111,25.555555556
1,0.565,0.0162,0.421,0.0502,0,0,0,0,0,0,0,21.111111111,25.555555556
1,0.565,0.0162,0.421,0.0502,0,0,0,0,0,0,0,21.111111111,25.555555556
1,0.565,0.0162,0.421,0.0502,0,0,0,0,0,0,0,21.111111111,25.555555556
1,0.565,0.0162,0.421,0.0502,0,0,0,0,0,0,0,21.111111111,25.555555556
1,0.565,0.0162,0.421,0.0502,0,0,0,0,0,0,0,21.111111111,25.555555556
1,0.574,0.0321,0.643,0.164,0,0,0,0,0,0,0.334,21.111111111,25.555555556
0.742,0.603,0.0533,0.489,0.283,0,0,0,0,0,0,0.39,21.111111111,26.666666667
0.5,0.605,0.0548,0.421,0.252,0,0,0,0,0,0,0.277,21.111111111,26.666666667
0.5,0.607,0.0637,0.421,0.256,0,0,0,0,0,0,0.293,21.111111111,26.666666667
0.242,0.585,0.0419,0.421,0.148,0,0,0,0,0,0,0.143,21.111111111,26.666666667
0,0.565,0.0162,0.421,0.0502,0,0,0,0,0,0,0,21.111111111,26.666666667
0,0.565,0.0162,0.421,0.0502,0,0,0,0,0,0,0,21.111111111,26.666666667
0,0.565,0.0162,0.421,0.0502,0,0,0,0,0,0,0,21.111111111,26.666666667
0,0.565,0.0162,0.421,0.0502,0,0,0,0,0,0,0,21.111111111,26.666666667
0,0.565,0.0162,0.421,0.0502,0,0,0,0,0,0,0,21.111111111,25.555555556
0.383,0.627,0.107,0.421,0.215,0,0,0,0,0,0,0.171,21.111111111,25.555555556
0.117,0.584,0.0438,0.421,0.1,0,0,0,0,0,0,0.0683,21.111111111,25.555555556
0.642,0.623,0.12,0.548,0.242,0,0,0,0,0,0.267,0.102,21.111111111,25.555555556
1,0.671,0.281,0.7,0.482,0,0,0,0,0,0,0.0341,21.111111111,25.555555556
1,0.657,0.353,0.711,0.498,0,0,0,0,0,0,0.0341,21.111111111,25.555555556
1,0.63,0.355,0.711,0.435,0,0,0,0,0,0,0,21.111111111,25.555555556
1,0.599,0.247,0.711,0.301,0,0,0,0,0,0,0.0502,21.111111111,25.555555556
1,0.572,0.083,0.561,0.126,0,0,0,0,0,0,0.0641,21.111111111,25.555555556
1,0.565,0.0162,0.421,0.0502,0,0,0,0,0,0,0,21.111111111,25.555555556
1,0.565,0.0162,0.421,0.0502,0,0,0,0,0,0,0,21.111111111,25.555555556
1,0.565,0.0162,0.421,0.0502,0,0,0,0,0,0,0,21.111111111,25.555555556
1,0.565,0.0162,0.421,0.0502,0,0,0,0,0,0,0,21.111111111,25.555555556
1,0.565,0.0162,0.421,0.0502,0,0,0,0,0,0,0,21.111111111,25.555555556
1,0.564,0.0188,0.498,0.0633,0,0,0,0,0,0,0.196,21.111111111,25.555555556
1,0.573,0.0344,0.711,0.175,0,0,0,0,0,0,0.333,21.111111111,25.555555556
0.867,0.612,0.0612,0.489,0.331,0,0,0,0,0,0,0.642,21.111111111,26.666666667
0.117,0.573,0.0236,0.421,0.0956,0,0,0,0,0,0,0,21.111111111,26.666666667
0,0.565,0.0162,0.421,0.0502,0,0,0,0,0,0,0,21.111111111,26.666666667
0,0.565,0.0162,0.421,0.0502,0,0,0,0,0,0,0,21.111111111,26.666666667
0,0.565,0.0162,0.421,0.0502,0,0,0,0,0,0,0,21.111111111,26.666666667
0,0.565,0.0162,0.421,0.0502,0,0,0,0,0,0,0,21.111111111,26.666666667
0,0.565,0.0162,0.421,0.0502,0,0,0,0,0,0,0,21.111111111,26.666666667
0,0.565,0.0162,0.421,0.0502,0,0,0,0,0,0,0,21.111111111,26.666666667
0.383,0.609,0.0878,0.421,0.196,0,0,0,0,0,0,0.102,21.111111111,25.555555556
0.5,0.641,0.129,0.421,0.259,0,0,0,0,0,0,0.311,21.111111111,25.555555556
0.758,0.718,0.233,0.421,0.454,0,0,0,0,0,0,0,21.111111111,25.555555556
0.875,0.758,0.343,0.736,0.656,0,0,0,0,0,0,0.137,21.111111111,25.555555556
1,0.777,0.546,0.98,0.914,0,0,0,0,0,0,0.0683,21.111111111,25.555555556
1,0.75,0.69,1,0.946,0,0,0.359,0.237,0.283,0,0.171,21.111111111,25.555555556
1,0.694,0.688,0.995,0.813,0,0,0.381,0,1,0,0.198,21.111111111,25.555555556
1,0.599,0.247,0.711,0.301,0,0,0.541,0,0,0,0,21.111111111,25.555555556
1,0.572,0.083,0.561,0.126,0,0,0.0691,0,0,0,0,21.111111111,25.555555556
1,0.565,0.0358,0.489,0.0739,0,0,0,0,0,0,0,21.111111111,25.555555556
1,0.565,0.0162,0.421,0.0502,0,0,0,0,0,0,0,21.111111111,25.555555556
1,0.565,0.0162,0.421,0.0502,0,0,0,0,0,0,0,21.111111111,25.555555556
1,0.565,0.0162,0.421,0.0502,0,0,0,0,0,0,0,21.111111111,25.555555556
0.617,0.565,0.0162,0.421,0.0502,0,0,0,0,0,0,0,21.111111111,25.555555556
0.5,0.564,0.0188,0.498,0.0633,0,0,0,0,0,0,0.21,21.111111111,25.555555556
0.5,0.573,0.0344,0.711,0.175,0,0,0,0,0,0,0.575,21.111111111,25.555555556
0.367,0.585,0.0369,0.489,0.182,0,0,0,0,0,0,0.309,21.111111111,26.666666667
0,0.565,0.0162,0.421,0.0502,0,0,0,0,0,0,0,21.111111111,26.666666667
0,0.565,0.0162,0.421,0.0502,0,0,0,0,0,0,0,21.111111111,26.666666667
0,0.565,0.0162,0.421,0.0502,0,0,0,0,0,0,0,21.111111111,26.666666667
0,0.565,0.0162,0.421,0.0502,0,0,0,0,0,0,0,21.111111111,26.666666667
0,0.565,0.0162,0.421,0.0502,0,0,0,0,0,0,0,21.111111111,26.666666667
0.125,0.575,0.0356,0.421,0.0959,0,0,0,0,0,0,0,21.111111111,26.666666667
0.00833,0.565,0.0176,0.421,0.0533,0,0,0,0,0,0,0,21.111111111,26.666666667
0.5,0.619,0.107,0.421,0.239,0,0,0,0,0,0,0.171,21.111111111,25.555555556
0.5,0.641,0.129,0.421,0.259,0,0,0,0,0,0.0167,0.307,21.111111111,25.555555556
0.633,0.692,0.196,0.421,0.385,0,0,0,0,0,0.25,0.102,21.111111111,25.555555556
1,0.786,0.393,0.798,0.749,0.597,0.767,0,0,0,0,0.171,21.111111111,25.555555556
1,0.777,0.546,0.98,0.914,0.261,0.283,0,0,0,0,0.171,21.111111111,25.555555556
1,0.75,0.69,1,0.946,0.414,0.517,0,0,0,0,0.0341,21.111111111,25.555555556
1,0.695,0.694,1,0.82,0.414,0,0,0,0,0,0.241,21.111111111,25.555555556
1,0.634,0.477,1,0.553,0,0,0,0,0,0,0.017,21.111111111,25.555555556
1,0.58,0.171,0.778,0.229,0,0,0,0,0,0,0.0851,21.111111111,25.555555556
1,0.565,0.0185,0.421,0.0502,0,0,0,0,0,0,0,21.111111111,25.555555556
1,0.565,0.0185,0.421,0.0502,0,0,0,0,0,0,0,21.111111111,25.555555556
1,0.565,0.0185,0.421,0.0502,0,0,0,0,0,0,0,21.111111111,25.555555556
1,0.565,0.0185,0.421,0.0502,0,0,0,0,0,0,0,21.111111111,25.555555556
1,0.565,0.0185,0.421,0.0502,0,0,0,0,0,0,0,21.111111111,25.555555556
1,0.565,0.0185,0.421,0.0502,0,0,0,0,0,0,0,21.111111111,25.555555556
1,0.658,0.0646,0.421,0.207,0,0,0,0,0,0,0.0683,21.111111111,25.555555556
0.875,0.695,0.12,0.421,0.27,0,0,0,0,0,0,0.164,21.111111111,25.555555556
1,0.822,0.26,0.421,0.485,0,0,0,0,0,0,0.187,21.111111111,25.555555556
1,0.822,0.302,0.421,0.47,0,0,0,0,0,0,0.441,21.111111111,25.555555556
1,0.822,0.33,0.421,0.453,0,0,0,0,0,0,0.192,21.111111111,25.555555556
0.875,0.79,0.323,0.421,0.393,0,0,0,0,0,0,0.13,21.111111111,25.555555556
1,0.822,0.426,0.421,0.439,0,0,0,0,0,0,0.0683,21.111111111,25.555555556
1,0.832,0.481,0.421,0.443,0,0,0,0,0,0,0.102,21.111111111,25.555555556
0.742,0.792,0.391,0.421,0.353,0,0,0,0,0,0,0.171,21.111111111,25.555555556
0.5,0.75,0.283,0.421,0.289,0,0,0,0,0,0,0.0341,21.111111111,25.555555556
0.5,0.774,0.303,0.487,0.36,0,0,0,0,0,0,0.0341,21.111111111,25.555555556
0.5,0.779,0.367,0.678,0.458,0,0,0,0,0,0,0,21.111111111,25.555555556
0.5,0.766,0.464,0.711,0.521,0,0,0,0,0,0,0.0341,21.111111111,25.555555556
0.758,0.788,0.635,0.783,0.612,0,0,0,0,0,0,0.102,21.111111111,25.555555556
1,0.702,0.434,0.711,0.387,0,0,0,0,0,0,0,21.111111111,25.555555556
1,0.666,0.263,0.711,0.239,0,0,0,0,0,0,0,21.111111111,25.555555556
1,0.623,0.111,0.633,0.125,0,0,0,0,0,0,0,21.111111111,25.555555556
1,0.565,0.0185,0.421,0.0502,0,0,0,0,0,0,0,21.111111111,25.555555556
1,0.565,0.0185,0.421,0.0502,0,0,0,0,0,0,0,21.111111111,25.555555556
1,0.565,0.0185,0.421,0.0502,0,0,0,0,0,0,0,21.111111111,25.555555556
1,0.565,0.0185,0.421,0.0502,0,0,0,0,0,0,0,21.111111111,25.555555556
1,0.565,0.0185,0.421,0.0502,0,0,0,0,0,0,0,21.111111111,25.555555556
1,0.565,0.0185,0.421,0.0502,0,0,0,0,0,0,0,21.111111111,25.555555556
1,0.596,0.0311,0.421,0.104,0,0,0,0,0,0,0.326,21.111111111,25.555555556
1,0.72,0.0981,0.421,0.311,0,0,0,0,0,0,0.153,21.111111111,25.555555556
1,0.822,0.203,0.421,0.48,0,0,0,0,0,0,0.783,21.111111111,25.555555556
0.875,0.79,0.231,0.421,0.43,0,0,0,0,0,0,0.206,21.111111111,25.555555556
0.617,0.723,0.193,0.421,0.31,0,0,0,0,0,0,0,21.111111111,25.555555556
0.5,0.693,0.174,0.421,0.251,0,0,0,0,0,0,0.0683,21.111111111,25.555555556
0.5,0.693,0.191,0.421,0.246,0,0,0,0,0,0,0.307,21.111111111,25.555555556
0.5,0.693,0.222,0.421,0.245,0,0,0,0,0,0,0.0683,21.111111111,25.555555556
0.5,0.698,0.25,0.421,0.246,0,0,0,0,0,0,0.273,21.111111111,25.555555556
0.5,0.718,0.266,0.421,0.253,0,0,0,0,0,0,0,21.111111111,25.555555556
0.508,0.568,0.023,0.421,0.055,0,0,0,0,0,0,0,21.111111111,25.555555556
1,0.884,0.456,0.552,0.534,0,0,0,0,0,0,0.176,21.111111111,25.555555556
1,0.993,0.716,0.936,0.866,0,0,0,0,0,0,0.102,21.111111111,25.555555556
1,0.968,0.909,1,0.992,0,0,0,0,0,0,0,21.111111111,25.555555556
1,0.918,1,1,0.94,0,0,0,0,0,0,0.0341,21.111111111,25.555555556
1,0.84,0.849,1,0.723,0,0,0,0,0,0,0,21.111111111,25.555555556
1,0.691,0.331,0.778,0.29,0,0,0,0,0,0,0,21.111111111,25.555555556
1,0.583,0.0474,0.489,0.0739,0,0,0,0,0,0,0,21.111111111,25.555555556
1,0.565,0.0185,0.421,0.0502,0,0,0,0,0,0,0,21.111111111,25.555555556
1,0.565,0.0162,0.421,0.0502,0,0,0,0,0,0,0,21.111111111,25.555555556
1,0.565,0.0162,0.421,0.0502,0,0,0,0,0,0,0,21.111111111,25.555555556
1,0.565,0.0162,0.421,0.0502,0,0,0,0,0,0,0,21.111111111,25.555555556
1,0.565,0.0162,0.421,0.0502,0,0,0,0,0,0,0,21.111111111,25.555555556
1,0.565,0.0162,0.421,0.0502,0,0,0,0,0,0,0,21.111111111,25.555555556
0.992,0.632,0.0387,0.638,0.165,0,0,0,0,0,0,0.209,21.111111111,25.555555556
0.5,0.596,0.0281,0.421,0.104,0,0,0,0,0,0,0.324,21.111111111,25.555555556
0.492,0.689,0.0689,0.421,0.257,0,0,0,0,0,0,0.221,21.111111111,26.666666667
0,0.565,0.0162,0.421,0.0502,0,0,0,0,0,0,0,21.111111111,26.666666667
0,0.565,0.0162,0.421,0.0502,0,0,0,0,0,0,0,21.111111111,26.666666667
0,0.565,0.0162,0.421,0.0502,0,0,0,0,0,0,0,21.111111111,26.666666667
0.125,0.597,0.0392,0.421,0.0993,0,0,0,0,0,0,0.0341,21.111111111,26.666666667
0,0.565,0.0162,0.421,0.0502,0,0,0,0,0,0,0,21.111111111,26.666666667
0,0.565,0.0162,0.421,0.0502,0,0,0,0,0,0,0,21.111111111,26.666666667
0,0.565,0.0162,0.421,0.0502,0,0,0,0,0,0,0,21.111111111,26.666666667
0,0.565,0.0162,0.421,0.0502,0,0,0,0,0,0,0,21.111111111,25.555555556
0.125,0.616,0.0655,0.421,0.121,0,0,0,0,0,0,0.119,21.111111111,25.555555556
0,0.565,0.0162,0.421,0.0502,0,0,0,0,0,0,0,21.111111111,25.555555556
0.392,0.727,0.313,0.648,0.42,0,0,0,0,0,0,0.137,21.111111111,25.555555556
1,0.948,0.913,1,0.989,0,0,0,0,0,0,0.102,21.111111111,25.555555556
1,0.879,0.917,1,0.849,0,0,0,0,0,0,0.239,21.111111111,25.555555556
1,0.745,0.494,0.85,0.451,0,0,0,0,0,0,0,21.111111111,25.555555556
1,0.651,0.163,0.711,0.179,0,0,0,0,0,0,0.341,21.111111111,25.555555556
1,0.583,0.0419,0.489,0.0739,0,0,0,0,0,0,0,21.111111111,25.555555556
1,0.565,0.0162,0.421,0.0502,0,0,0,0,0,0,0,21.111111111,25.555555556
1,0.565,0.0162,0.421,0.0502,0,0,0,0,0,0,0,21.111111111,25.555555556
1,0.565,0.0162,0.421,0.0502,0,0,0,0,0,0,0,21.111111111,25.555555556
1,0.618,0.0211,0.643,0.0523,0,0,0,0,0,0,0.315,21.111111111,25.555555556
0.617,0.581,0.0177,0.489,0.0509,0,0,0,0,0,0,0.229,21.111111111,25.555555556
0.5,0.633,0.0392,0.643,0.168,0,0,0,0,0,0,0.43,21.111111111,25.555555556
0.5,0.677,0.0574,0.489,0.24,0,0,0,0,0,0,0.116,21.111111111,25.555555556
0.117,0.592,0.0266,0.421,0.097,0,0,0,0,0,0,0.0792,21.111111111,26.666666667
0,0.565,0.0162,0.421,0.0502,0,0,0,0,0,0,0,21.111111111,26.666666667
0.258,0.631,0.0562,0.421,0.16,0,0,0,0,0,0,0.205,21.111111111,26.666666667
0.242,0.627,0.0559,0.421,0.151,0,0,0,0,0,0,0.205,21.111111111,26.666666667
0,0.565,0.0162,0.421,0.0502,0,0,0,0,0,0,0,21.111111111,26.666666667
0,0.565,0.0162,0.421,0.0502,0,0,0,0,0,0,0,21.111111111,26.666666667
0,0.565,0.0162,0.421,0.0502,0,0,0,0,0,0,0,21.111111111,26.666666667
0.258,0.641,0.0814,0.421,0.154,0,0,0,0,0,0,0.0341,21.111111111,26.666666667
0.5,0.735,0.168,0.421,0.267,0,0,0,0,0,0,0.102,21.111111111,25.555555556
0.5,0.765,0.204,0.421,0.319,0,0,0,0,0,0,0.0341,21.111111111,25.555555556
0.5,0.779,0.268,0.609,0.411,0,0,0,0,0,0,0,21.111111111,25.555555556
0.758,0.881,0.565,0.85,0.746,0,0,0,0,0,0,0,21.111111111,25.555555556
1,0.948,0.913,1,0.989,0,0,0,0,0,0,0.137,21.111111111,25.555555556
1,0.84,0.798,0.923,0.749,0,0,0,0,0,0,0,21.111111111,25.555555556
1,0.599,0.12,0.489,0.139,0,0,0,0,0,0,0,21.111111111,25.555555556
1,0.565,0.0162,0.421,0.0502,0,0,0,0,0,0,0,21.111111111,25.555555556
1,0.565,0.0162,0.421,0.0502,0,0,0,0,0,0,0,21.111111111,25.555555556
1,0.565,0.0162,0.421,0.0502,0,0,0,0,0,0,0,21.111111111,25.555555556
1,0.565,0.0162,0.421,0.0502,0,0,0,0,0,0,0,21.111111111,25.555555556
1,0.565,0.0162,0.421,0.0502,0,0,0,0,0,0,0,21.111111111,25.555555556
0.617,0.565,0.0162,0.421,0.0502,0,0,0,0,0,0,0,21.111111111,25.555555556
0.5,0.565,0.0162,0.421,0.0502,0,0,0,0,0,0,0,21.111111111,25.555555556
0.5,0.565,0.0162,0.421,0.0502,0,0,0,0,0,0,0,21.111111111,25.555555556
0.367,0.565,0.0162,0.421,0.0502,0,0,0,0,0,0,0,21.111111111,25.555555556
0,0.565,0.0162,0.421,0.0502,0,0,0,0,0,0,0,21.111111111,26.666666667
0.133,0.599,0.0344,0.421,0.109,0,0,0,0,0,0,0.0683,21.111111111,26.666666667
0.117,0.595,0.0321,0.421,0.101,0,0,0,0,0,0,0.0683,21.111111111,26.666666667
0,0.565,0.0162,0.421,0.0502,0,0,0,0,0,0,0,21.111111111,26.666666667
0,0.565,0.0162,0.421,0.0502,0,0,0,0,0,0,0,21.111111111,26.666666667
0,0.565,0.0162,0.421,0.0502,0,0,0,0,0,0,0,21.111111111,26.666666667
0,0.565,0.0162,0.421,0.0502,0,0,0,0,0,0,0,21.111111111,26.666666667
0.133,0.604,0.0498,0.421,0.104,0,0,0,0,0,0,0.0683,21.111111111,26.666666667
0.5,0.735,0.168,0.421,0.267,0,0,0,0,0,0,0.137,21.111111111,25.555555556
0.633,0.82,0.257,0.421,0.394,0,0,0,0,0,0,0.0683,21.111111111,25.555555556
1,0.993,0.519,0.798,0.772,0,0,0,0,0,0,0.137,21.111111111,25.555555556
1,0.983,0.722,0.98,0.953,0,0,0.207,0.492,0.283,0,0.239,21.111111111,25.555555556
1,0.948,0.913,1,0.989,0,0,0,0,1,0,0.0683,21.111111111,25.555555556
1,0.879,0.917,1,0.849,0,0,0,0,0.1,0,0,21.111111111,25.555555556
1,0.717,0.427,0.778,0.396,0,0,0,0,0,0,0,21.111111111,25.555555556
1,0.63,0.133,0.633,0.152,0,0,0,0,0,0,0,21.111111111,25.555555556
1,0.565,0.0162,0.421,0.0502,0,0,0,0,0,0,0,21.111111111,25.555555556
1,0.565,0.0162,0.421,0.0502,0,0,0,0,0,0,0,21.111111111,25.555555556
1,0.565,0.0162,0.421,0.0502,0,0,0,0,0,0,0,21.111111111,25.555555556
1,0.618,0.0171,0.643,0.0502,0,0,0,0,0,0,0,21.111111111,25.555555556
1,0.581,0.0165,0.489,0.0502,0,0,0,0,0,0,0,21.111111111,25.555555556
1,0.618,0.0281,0.643,0.0892,0,0,0,0,0,0,0.346,21.111111111,25.555555556
1,0.673,0.0509,0.788,0.22,0,0,0,0,0,0,0.55,21.111111111,25.555555556
1,0.789,0.0985,0.556,0.429,0,0,0,0,0,0.0167,0.682,21.111111111,25.555555556
0.617,0.719,0.0802,0.421,0.307,0,0,0,0,0,1,0.115,21.111111111,26.666666667
0.5,0.693,0.0817,0.421,0.268,0,0,0,0,0,0.1,0.187,21.111111111,26.666666667
0.367,0.659,0.0708,0.421,0.207,0,0,0,0,0,0,0.446,21.111111111,26.666666667
0,0.565,0.0162,0.421,0.0502,0,0,0,0,0,0,0,21.111111111,26.666666667
0,0.565,0.0162,0.421,0.0502,0,0,0,0,0,0,0,21.111111111,26.666666667
0,0.565,0.0162,0.421,0.0502,0,0,0,0,0,0,0,21.111111111,26.666666667
0,0.565,0.0162,0.421,0.0502,0,0,0,0,0,0,0,21.111111111,26.666666667
0,0.565,0.0162,0.421,0.0502,0,0,0,0,0,0,0,21.111111111,26.666666667
0.258,0.656,0.0984,0.421,0.165,0,0,0,0,0,0,0.13,21.111111111,25.555555556
0.5,0.765,0.204,0.421,0.319,0,0,0,0,0,0,0.0683,21.111111111,25.555555556
0.375,0.725,0.201,0.548,0.315,0,0,0,0,0,0,0.0341,21.111111111,25.555555556
0.5,0.774,0.369,0.7,0.502,0,0,0,0,0,0,0.0341,21.111111111,25.555555556
0.5,0.756,0.465,0.711,0.52,0,0,0,0,0,0,0,21.111111111,25.555555556
0.883,0.836,0.807,0.932,0.74,0,0,0,0,0,0,0,21.111111111,25.555555556
1,0.801,0.631,1,0.565,0,0,0,0,0,0,0,21.111111111,25.555555556
1,0.615,0.14,0.556,0.153,0,0,0,0,0,0,0,21.111111111,25.555555556
1,0.565,0.0162,0.421,0.0502,0,0,0,0,0,0,0,21.111111111,25.555555556
1,0.565,0.0162,0.421,0.0502,0,0,0,0,0,0,0,21.111111111,25.555555556
1,0.565,0.0162,0.421,0.0502,0,0,0,0,0,0,0,21.111111111,25.555555556
1,0.565,0.0162,0.421,0.0502,0,0,0,0,0,0,0,21.111111111,25.555555556
1,0.565,0.0162,0.421,0.0502,0,0,0,0,0,0,0,21.111111111,25.555555556
1,0.583,0.0204,0.498,0.0638,0,0,0,0,0,0,0.123,21.111111111,25.555555556
1,0.673,0.0509,0.788,0.22,0,0,0,0,0,0.0167,0.451,21.111111111,25.555555556
0.742,0.727,0.0755,0.556,0.325,0,0,0,0,0,1,0.102,21.111111111,25.555555556
0.5,0.691,0.0698,0.421,0.261,0,0,0,0,0,1,0.274,21.111111111,26.666666667
0.5,0.693,0.0817,0.421,0.268,0,0,0,0,0,0.233,0.315,21.111111111,26.666666667
0.367,0.659,0.0708,0.421,0.207,0,0,0,0,0,0,0.224,21.111111111,26.666666667
0,0.565,0.0162,0.421,0.0502,0,0,0,0,0,0,0,21.111111111,26.666666667
0,0.565,0.0162,0.421,0.0502,0,0,0,0,0,0,0,21.111111111,26.666666667
0,0.565,0.0162,0.421,0.0502,0,0,0,0,0,0,0,21.111111111,26.666666667
0,0.565,0.0162,0.421,0.0502,0,0,0,0,0,0,0,21.111111111,26.666666667
0.133,0.604,0.0498,0.421,0.104,0,0,0,0,0,0,0.0683,21.111111111,26.666666667
0.883,0.871,0.289,0.421,0.438,0,0,0,0,0,0,0.186,21.111111111,25.555555556
0.992,0.961,0.389,0.421,0.583,0,0,0,0,0,0.767,0.297,21.111111111,25.555555556
0.5,0.779,0.268,0.609,0.411,0,0,0,0,0,0.0667,0.171,21.111111111,25.555555556
0.633,0.829,0.47,0.777,0.628,0,0,0,0,0,0,0.102,21.111111111,25.555555556
1,0.948,0.913,1,0.989,0,0,0,0,0,0,0.0341,21.111111111,25.555555556
1,0.879,0.917,1,0.849,0,0,0,0,0,0,0.336,21.111111111,25.555555556
1,0.716,0.423,0.773,0.392,0,0,0,0,0,0,0,21.111111111,25.555555556
1,0.565,0.0162,0.421,0.0502,0,0,0,0,0,0,0,21.111111111,25.555555556
1,0.565,0.0168,0.421,0.0502,0,0,0,0,0,0,0,21.111111111,25.555555556
1,0.565,0.0185,0.421,0.0502,0,0,0,0,0,0,0,21.111111111,25.555555556
1,0.565,0.0185,0.421,0.0502,0,0,0,0,0,0,0,21.111111111,25.555555556
1,0.565,0.0185,0.421,0.0502,0,0,0,0,0,0,0,21.111111111,25.555555556
1,0.565,0.0185,0.421,0.0502,0,0,0,0,0,0,0,21.111111111,25.555555556
1,0.565,0.0185,0.421,0.0502,0,0,0,0,0,0,0,21.111111111,25.555555556
1,0.596,0.0311,0.421,0.104,0,0,0,0,0,0,0.165,21.111111111,25.555555556
1,0.686,0.0757,0.421,0.254,0,0,0,0,0,0,0.241,21.111111111,25.555555556
1,0.693,0.111,0.421,0.265,0,0,0,0,0,0,0.263,21.111111111,25.555555556
1,0.693,0.139,0.421,0.267,0,0,0,0,0,0,0.399,21.111111111,25.555555556
1,0.693,0.16,0.421,0.26,0,0,0,0,0,0,0.267,21.111111111,25.555555556
1,0.728,0.218,0.421,0.304,0,0,0,0,0,0,0,21.111111111,25.555555556
1,0.822,0.364,0.421,0.442,0,0,0,0,0,0,0.0341,21.111111111,25.555555556
1,0.822,0.426,0.421,0.439,0,0,0,0,0,0,0.102,21.111111111,25.555555556
1,0.728,0.302,0.421,0.292,0,0,0,0,0,0,0.137,21.111111111,25.555555556
1,0.724,0.275,0.421,0.26,0,0,0,0,0,0,0.214,21.111111111,25.555555556
1,0.935,0.547,0.421,0.527,0,0,0,0,0,0,0.353,21.111111111,25.555555556
0.617,0.822,0.366,0.487,0.426,0,0,0,0,0,0,0,21.111111111,25.555555556
0.5,0.779,0.367,0.678,0.458,0,0,0.0908,0.237,0.0333,0,0.0341,21.111111111,25.555555556
0.5,0.766,0.464,0.711,0.521,0,0,0.45,0,0.783,0,0,21.111111111,25.555555556
0.758,0.828,0.758,0.86,0.713,0,0,0,0,0,0,0,21.111111111,25.555555556
1,0.811,0.773,0.923,0.664,0,0,0,0,0,0,0,21.111111111,25.555555556
1,0.645,0.23,0.633,0.212,0,0,0,0,0,0,0,21.111111111,25.555555556
1,0.565,0.0185,0.421,0.0502,0,0,0,0,0,0,0,21.111111111,25.555555556
1,0.565,0.0185,0.421,0.0502,0,0,0,0,0,0,0,21.111111111,25.555555556
1,0.565,0.0185,0.421,0.0502,0,0,0,0,0,0,0,21.111111111,25.555555556
1,0.583,0.0189,0.498,0.0502,0,0,0,0,0,0,0.0945,21.111111111,25.555555556
1,0.616,0.0194,0.633,0.0502,0,0,0,0,0,0,0.232,21.111111111,25.555555556
1,0.565,0.0185,0.421,0.0502,0,0,0,0,0,0,0,21.111111111,25.555555556
1,0.565,0.0185,0.421,0.0502,0,0,0,0,0,0,0,21.111111111,25.555555556
1,0.641,0.0423,0.566,0.18,0,0,0,0,0,0,0.137,21.111111111,25.555555556
1,0.686,0.0757,0.421,0.254,0,0,0,0,0,0,0,21.111111111,25.555555556
1,0.693,0.111,0.421,0.265,0,0,0,0,0,0.267,0.0341,21.111111111,25.555555556
1,0.695,0.142,0.421,0.271,0,0,0,0,0,1,0.0341,21.111111111,25.555555556
1,0.822,0.302,0.421,0.47,0,0,0,0,0,0.133,0.0341,21.111111111,25.555555556
1,0.822,0.33,0.421,0.453,0,0,0,0,0,0,0.0683,21.111111111,25.555555556
1,0.822,0.364,0.421,0.442,0,0,0,0,0,0,0.0341,21.111111111,25.555555556
1,0.822,0.426,0.421,0.439,0,0,0.104,0.237,0.533,0,0.0341,21.111111111,25.555555556
0.867,0.793,0.415,0.421,0.389,0,0,0,0,0.85,0,0.0683,21.111111111,25.555555556
0.5,0.721,0.271,0.421,0.256,0,0,0,0,0,0,0.0341,21.111111111,25.555555556
0.5,0.75,0.283,0.421,0.289,0,0,0,0,0,0,0,21.111111111,25.555555556
0.5,0.774,0.303,0.487,0.36,0,0,0,0,0,0.267,0.328,21.111111111,25.555555556
0.5,0.779,0.367,0.678,0.458,0,0,0,0,0,0,0,21.111111111,25.555555556
0.5,0.766,0.464,0.711,0.521,0,0,0,0,0,0,0,21.111111111,25.555555556
0.5,0.741,0.509,0.711,0.495,0,0,0,0,0,0,0,21.111111111,25.555555556
0.5,0.702,0.434,0.711,0.387,0,0,0,0,0,0,0,21.111111111,25.555555556
0.5,0.666,0.263,0.711,0.239,0,0,0,0,0,0,0,21.111111111,25.555555556
0.633,0.642,0.121,0.711,0.135,0,0,0,0,0,0,0.0529,21.111111111,25.555555556
1,0.565,0.0185,0.421,0.0502,0,0,0,0,0,0,0,21.111111111,25.555555556
1,0.565,0.0162,0.421,0.0502,0,0,0,0,0,0,0.102,21.111111111,25.555555556
1,0.565,0.0162,0.421,0.0502,0,0,0,0,0,0,0,21.111111111,25.555555556
1,0.565,0.0162,0.421,0.0502,0,0,0,0,0,0,0,21.111111111,25.555555556
1,0.565,0.0162,0.421,0.0502,0,0,0,0,0,0,0,21.111111111,25.555555556
1,0.565,0.0162,0.421,0.0502,0,0,0,0,0,0,0,21.111111111,25.555555556
0.992,0.656,0.0468,0.715,0.206,0,0,0,0,0,0,0.293,21.111111111,25.555555556
0.5,0.677,0.0574,0.489,0.24,0,0,0,0,0,0.283,0.214,21.111111111,25.555555556
0.5,0.691,0.0698,0.421,0.261,0,0,0,0,0,1,0.239,21.111111111,26.666666667
0.5,0.693,0.0817,0.421,0.268,0,0,0,0,0,0.1,0.295,21.111111111,26.666666667
0.5,0.693,0.0915,0.421,0.264,0,0,0,0,0,0.517,0.173,21.111111111,26.666666667
0.5,0.693,0.101,0.421,0.255,0,0,0,0,0,0.0333,0.299,21.111111111,26.666666667
0.367,0.659,0.0824,0.421,0.196,0,0,0,0,0,0,0.0341,21.111111111,26.666666667
0,0.565,0.0162,0.421,0.0502,0,0,0,0,0,0,0,21.111111111,26.666666667
0,0.565,0.0162,0.421,0.0502,0,0,0,0,0,0,0,21.111111111,26.666666667
0,0.565,0.0162,0.421,0.0502,0,0,0,0,0,0,0,21.111111111,26.666666667
0.267,0.659,0.101,0.421,0.169,0,0,0,0,0,0,0.11,21.111111111,25.555555556
0.875,0.913,0.343,0.421,0.517,0,0,0.0736,0.0169,0,0,0.562,21.111111111,25.555555556
0.992,0.99,0.515,0.794,0.766,0,0,0.502,0.729,0.283,0,0.404,21.111111111,25.555555556
0.758,0.881,0.565,0.85,0.746,0,0,0,0,1,0,0.456,21.111111111,25.555555556
1,0.948,0.913,1,0.989,0,0,0,0,0.367,0,0.217,21.111111111,25.555555556
1,0.879,0.917,1,0.849,0,0,0.203,0.237,0.0333,0,0.0184,21.111111111,25.555555556
1,0.77,0.556,0.918,0.502,0,0,0,0,0.783,0,0.429,21.111111111,25.555555556
1,0.565,0.0162,0.421,0.0502,0,0,0,0,0,0,0,21.111111111,25.555555556
1,0.598,0.0358,0.561,0.0685,0,0,0,0,0,0,0.112,21.111111111,25.555555556
1,0.565,0.0162,0.421,0.0502,0,0,0,0,0,0,0,21.111111111,25.555555556
1,0.565,0.0162,0.421,0.0502,0,0,0,0,0,0,0,21.111111111,25.555555556
1,0.565,0.0162,0.421,0.0502,0,0,0,0,0,0,0,21.111111111,25.555555556
1,0.565,0.0162,0.421,0.0502,0,0,0,0,0,0,0,21.111111111,25.555555556
1,0.618,0.0281,0.643,0.0892,0,0,0,0,0,0,0.164,21.111111111,25.555555556
1,0.65,0.0429,0.711,0.179,0,0,0,0,0,0,0.392,21.111111111,25.555555556
0.742,0.615,0.0343,0.489,0.136,0,0,0,0,0,0,0.222,21.111111111,25.555555556
0.758,0.663,0.0594,0.421,0.214,0,0,0,0,0,0,0.745,21.111111111,26.666666667
1,0.792,0.134,0.421,0.436,0,0,0,0,0,0,0.367,21.111111111,26.666666667
1,0.723,0.107,0.421,0.315,0,0,0,0,0,0,0.0683,21.111111111,26.666666667
0.992,0.691,0.0992,0.421,0.252,0,0,0,0,0,0,0.0341,21.111111111,26.666666667
0.5,0.565,0.0162,0.421,0.0502,0,0,0,0,0,0,0,21.111111111,26.666666667
0.5,0.565,0.0162,0.421,0.0502,0,0,0,0,0,0,0,21.111111111,26.666666667
0.5,0.565,0.0162,0.421,0.0502,0,0,0,0,0,0,0,21.111111111,26.666666667
0.375,0.604,0.0498,0.421,0.104,0,0,0,0,0,0,0.102,21.111111111,26.666666667
0.5,0.735,0.168,0.421,0.267,0,0,0,0,0,0,0.0683,21.111111111,25.555555556
0.633,0.82,0.257,0.421,0.394,0,0,0,0,0,0.267,0.0341,21.111111111,25.555555556
0.875,0.939,0.452,0.736,0.676,0,0,0,0,0,0.567,0.199,21.111111111,25.555555556
1,0.983,0.722,0.98,0.953,0,0,0,0,0,0,0.205,21.111111111,25.555555556
1,0.899,0.788,0.923,0.864,0,0,0,0,0,0,0,21.111111111,25.555555556
1,0.722,0.467,0.711,0.45,0,0,0,0,0,0,0,21.111111111,25.555555556
1,0.626,0.186,0.561,0.194,0,0,0,0,0,0,0.321,21.111111111,25.555555556
1,0.565,0.0162,0.421,0.0502,0,0,0,0,0,0,0,21.111111111,25.555555556
1,0.565,0.0162,0.421,0.0502,0,0,0,0,0,0,0,21.111111111,25.555555556
1,0.565,0.0162,0.421,0.0502,0,0,0,0,0,0,0,21.111111111,25.555555556
1,0.565,0.0162,0.421,0.0502,0,0,0,0,0,0,0,21.111111111,25.555555556
1,0.565,0.0162,0.421,0.0502,0,0,0,0,0,0,0,21.111111111,25.555555556
1,0.618,0.0211,0.643,0.0523,0,0,0,0,0,0,0.102,21.111111111,25.555555556
1,0.653,0.0338,0.788,0.103,0,0,0,0,0,0,0.159,21.111111111,25.555555556
1,0.735,0.0696,1,0.309,0,0,0,0,0,0,0.241,21.111111111,25.555555556
0.992,0.787,0.0978,0.556,0.426,0,0,0,0,0,0,0.418,21.111111111,25.555555556
0.5,0.691,0.0698,0.421,0.261,0,0,0,0,0,0,0.31,21.111111111,26.666666667
0.5,0.693,0.0817,0.421,0.268,0,0,0,0,0,0,0.215,21.111111111,26.666666667
0.5,0.693,0.0915,0.421,0.264,0,0,0,0,0,0,0.53,21.111111111,26.666666667
0.5,0.693,0.101,0.421,0.255,0,0,0,0,0,0,0.136,21.111111111,26.666666667
0.367,0.659,0.0824,0.421,0.196,0,0,0,0,0,0,0.0683,21.111111111,26.666666667
0.258,0.631,0.0705,0.421,0.151,0,0,0,0,0,0,0.102,21.111111111,26.666666667
0.117,0.595,0.0407,0.421,0.0956,0,0,0,0,0,0,0.0341,21.111111111,26.666666667
0.133,0.604,0.0498,0.421,0.104,0,0,0,0,0,0,0,21.111111111,26.666666667
0.5,0.735,0.168,0.421,0.267,0,0,0,0,0,0,0.102,21.111111111,25.555555556
0.5,0.765,0.204,0.421,0.319,0,0,0,0,0,0,0,21.111111111,25.555555556
0.5,0.779,0.268,0.609,0.411,0,0,0,0,0,0,0,21.111111111,25.555555556
0.5,0.774,0.369,0.7,0.502,0,0,0,0,0,0,0.102,21.111111111,25.555555556
0.883,0.9,0.825,0.932,0.879,0,0,0,0,0,0,0,21.111111111,25.555555556
1,0.879,0.917,1,0.849,0,0,0,0,0,0,0.277,21.111111111,25.555555556
1,0.717,0.427,0.778,0.396,0,0,0,0,0,0,0,21.111111111,25.555555556
1,0.651,0.163,0.711,0.179,0,0,0,0,0,0,0,21.111111111,25.555555556
1,0.583,0.0419,0.489,0.0739,0,0,0,0,0,0,0,21.111111111,25.555555556
1,0.565,0.0162,0.421,0.0502,0,0,0,0,0,0,0,21.111111111,25.555555556
1,0.565,0.0162,0.421,0.0502,0,0,0,0,0,0,0,21.111111111,25.555555556
1,0.565,0.0162,0.421,0.0502,0,0,0,0,0,0,0,21.111111111,25.555555556
1,0.601,0.0195,0.571,0.0516,0,0,0,0,0,0,0.152,21.111111111,25.555555556
1,0.688,0.0416,0.932,0.129,0,0,0,0,0,0,0.691,21.111111111,25.555555556
0.992,0.733,0.0691,0.995,0.306,0,0,0,0,0,0.267,0.354,21.111111111,25.555555556
0.5,0.677,0.0574,0.489,0.24,0,0,0,0,0,0,0.113,21.111111111,25.555555556
0.5,0.691,0.0698,0.421,0.261,0,0,0,0,0,0,0.135,21.111111111,26.666666667
0.5,0.693,0.0817,0.421,0.268,0,0,0,0,0,0,0.556,21.111111111,26.666666667
0.5,0.693,0.0915,0.421,0.264,0,0,0,0,0,0,0.502,21.111111111,26.666666667
0.367,0.659,0.0776,0.421,0.201,0,0,0,0,0,0,0.207,21.111111111,26.666666667
0,0.565,0.0162,0.421,0.0502,0,0,0,0,0,0,0,21.111111111,26.666666667
0,0.565,0.0162,0.421,0.0502,0,0,0,0,0,0,0,21.111111111,26.666666667
0.00833,0.567,0.0181,0.421,0.0535,0,0,0,0,0,0,0.0341,21.111111111,26.666666667
0.5,0.708,0.139,0.421,0.249,0,0,0,0,0,0,0.137,21.111111111,26.666666667
0.117,0.599,0.0456,0.421,0.0969,0,0,0,0,0,0,0,21.111111111,25.555555556
0,0.565,0.0162,0.421,0.0502,0,0,0,0,0,0,0,21.111111111,25.555555556
0,0.565,0.0162,0.421,0.0502,0,0,0,0,0,0,0,21.111111111,25.555555556
0.258,0.671,0.212,0.571,0.294,0,0,0,0,0,0,0,21.111111111,25.555555556
0.5,0.756,0.465,0.711,0.52,0,0,0,0,0,0,0.119,21.111111111,25.555555556
0.508,0.724,0.474,0.715,0.456,0,0,0,0,0,0,0.0183,21.111111111,25.555555556
1,0.717,0.427,0.778,0.396,0,0,0,0,0,0,0.22,21.111111111,25.555555556
1,0.59,0.0782,0.489,0.102,0,0,0,0,0,0,0,21.111111111,25.555555556
1,0.565,0.0162,0.421,0.0502,0,0,0,0,0,0,0,21.111111111,25.555555556
1,0.565,0.0162,0.421,0.0502,0,0,0,0,0,0,0,21.111111111,25.555555556
1,0.565,0.0162,0.421,0.0502,0,0,0,0,0,0,0,21.111111111,25.555555556
1,0.565,0.0162,0.421,0.0502,0,0,0,0,0,0,0,21.111111111,25.555555556
1,0.601,0.0195,0.571,0.0516,0,0,0,0,0,0,0.217,21.111111111,25.555555556
0.992,0.633,0.0294,0.706,0.089,0,0,0,0,0,0,0.262,21.111111111,25.555555556
0.5,0.588,0.0242,0.498,0.0911,0,0,0,0,0,0,0.267,21.111111111,25.555555556
0.492,0.675,0.0566,0.489,0.236,0,0,0,0,0,0,0.179,21.111111111,25.555555556
0,0.565,0.0162,0.421,0.0502,0,0,0,0,0,0,0,21.111111111,26.666666667
0,0.565,0.0162,0.421,0.0502,0,0,0,0,0,0,0,21.111111111,26.666666667
0,0.565,0.0162,0.421,0.0502,0,0,0,0,0,0,0,21.111111111,26.666666667
0,0.565,0.0162,0.421,0.0502,0,0,0,0,0,0,0,21.111111111,26.666666667
0,0.565,0.0162,0.421,0.0502,0,0,0,0,0,0,0,21.111111111,26.666666667
0,0.565,0.0162,0.421,0.0502,0,0,0,0,0,0,0,21.111111111,26.666666667
0,0.565,0.0162,0.421,0.0502,0,0,0,0,0,0,0,21.111111111,26.666666667
0,0.565,0.0162,0.421,0.0502,0,0,0,0,0,0,0,21.111111111,26.666666667
0,0.565,0.0162,0.421,0.0502,0,0,0,0,0,0,0,21.111111111,25.555555556
0,0.565,0.0162,0.421,0.0502,0,0,0,0,0,0,0,21.111111111,25.555555556
0.383,0.731,0.222,0.609,0.345,0,0,0.147,0.271,0,0,0.137,21.111111111,25.555555556
0.5,0.774,0.369,0.7,0.502,0,0,0.685,0.22,0.783,0,0.0683,21.111111111,25.555555556
0.758,0.85,0.699,0.855,0.754,0,0,0.509,0,0.317,0,0.161,21.111111111,25.555555556
1,0.722,0.467,0.711,0.45,0,0,0.0135,0,0,0,0.17,21.111111111,25.555555556
1,0.654,0.253,0.633,0.249,0,0,0,0,0,0,0,21.111111111,25.555555556
1,0.565,0.0162,0.421,0.0502,0,0,0,0,0,0,0,21.111111111,25.555555556
1,0.565,0.0168,0.421,0.0502,0,0,0,0,0,0,0,21.111111111,25.555555556
1,0.565,0.0185,0.421,0.0502,0,0,0,0,0,0,0,21.111111111,25.555555556
1,0.565,0.0185,0.421,0.0502,0,0,0,0,0,0,0,21.111111111,25.555555556
1,0.583,0.0199,0.498,0.051,0,0,0,0,0,0,0,21.111111111,25.555555556
1,0.581,0.0197,0.489,0.0509,0,0,0,0,0,0,0,21.111111111,25.555555556
1,0.565,0.0185,0.421,0.0502,0,0,0,0,0,0,0,21.111111111,25.555555556
1,0.641,0.0423,0.566,0.18,0,0,0,0,0,0,0,21.111111111,25.555555556
0.867,0.686,0.0757,0.421,0.254,0,0,0,0,0,0.267,0.0341,21.111111111,25.555555556
0.5,0.693,0.111,0.421,0.265,0,0,0,0,0,0,0.0341,21.111111111,25.555555556
0.5,0.693,0.139,0.421,0.267,0,0,0,0,0,0,0.171,21.111111111,25.555555556
0.758,0.76,0.236,0.421,0.367,0,0,0,0,0,0,0.102,21.111111111,25.555555556
1,0.822,0.33,0.421,0.453,0,0,0,0,0,0,0.0341,21.111111111,25.555555556
0.867,0.788,0.312,0.421,0.39,0,0,0,0,0,0,0.0341,21.111111111,25.555555556
0.508,0.695,0.226,0.421,0.248,0,0,0,0,0,0.267,0.137,21.111111111,25.555555556
1,0.832,0.481,0.421,0.443,0,0,0,0,0,0,0.137,21.111111111,25.555555556
1,0.877,0.523,0.421,0.462,0,0,0,0,0,0,0.0683,21.111111111,25.555555556
1,0.935,0.547,0.421,0.527,0,0,0,0,0,0,0,21.111111111,25.555555556
0.867,0.926,0.502,0.487,0.568,0,0,0,0,0,0,0.0341,21.111111111,25.555555556
0.5,0.779,0.367,0.678,0.458,0,0,0,0,0,0,0.205,21.111111111,25.555555556
0.5,0.766,0.464,0.711,0.521,0,0,0,0,0,0,0,21.111111111,25.555555556
0.5,0.741,0.509,0.711,0.495,0,0,0,0,0,0,0,21.111111111,25.555555556
0.883,0.806,0.742,0.932,0.635,0,0,0,0,0,0,0.41,21.111111111,25.555555556
1,0.719,0.403,0.85,0.345,0,0,0,0,0,0,0.156,21.111111111,25.555555556
1,0.642,0.124,0.711,0.135,0,0,0,0,0,0,0,21.111111111,25.555555556
1,0.565,0.0185,0.421,0.0502,0,0,0,0,0,0,0,21.111111111,25.555555556
1,0.581,0.0231,0.489,0.0532,0,0,0,0,0,0,0,21.111111111,25.555555556
1,0.565,0.0185,0.421,0.0502,0,0,0,0,0,0,0,21.111111111,25.555555556
1,0.565,0.0185,0.421,0.0502,0,0,0,0,0,0,0,21.111111111,25.555555556
1,0.565,0.0185,0.421,0.0502,0,0,0,0,0,0,0,21.111111111,25.555555556
1,0.565,0.0185,0.421,0.0502,0,0,0,0,0,0,0,21.111111111,25.555555556
1,0.565,0.0185,0.421,0.0502,0,0,0,0,0,0,0,21.111111111,25.555555556
1,0.693,0.0871,0.421,0.264,0,0,0,0,0,0,0.0341,21.111111111,25.555555556
1,0.822,0.203,0.421,0.48,0,0,0,0,0,0,0.205,21.111111111,25.555555556
0.867,0.788,0.223,0.421,0.428,0,0,0,0,0,0,0.102,21.111111111,25.555555556
0.5,0.693,0.16,0.421,0.26,0,0,0,0,0,0,0,21.111111111,25.555555556
0.5,0.693,0.174,0.421,0.251,0,0,0,0,0,0,0.0341,21.111111111,25.555555556
0.758,0.76,0.285,0.421,0.347,0,0,0,0,0,0,0.0683,21.111111111,25.555555556
1,0.822,0.426,0.421,0.439,0,0,0,0,0,0,0.0341,21.111111111,25.555555556
1,0.795,0.419,0.421,0.393,0,0,0,0,0,0.0167,0,21.111111111,25.555555556
1,0.877,0.523,0.421,0.462,0,0,0,0,0,0.25,0.239,21.111111111,25.555555556
1,0.935,0.547,0.421,0.527,0,0,0,0,0,0,0.0683,21.111111111,25.555555556
1,0.984,0.587,0.552,0.67,0,0,0,0,0,0,0.0341,21.111111111,25.555555556
1,0.993,0.716,0.936,0.866,0,0,0,0,0,0,0,21.111111111,25.555555556
1,0.968,0.909,1,0.992,0,0,0,0,0,0,0.0683,21.111111111,25.555555556
1,0.918,1,1,0.94,0,0,0,0,0,0,0.421,21.111111111,25.555555556
1,0.838,0.845,0.995,0.719,0,0,0,0,0,0,0.476,21.111111111,25.555555556
1,0.666,0.263,0.711,0.239,0,0,0,0,0,0,0.319,21.111111111,25.555555556
1,0.603,0.0789,0.561,0.0992,0,0,0,0,0,0,0,21.111111111,25.555555556
1,0.635,0.0594,0.711,0.0812,0,0,0,0,0,0,0,21.111111111,25.555555556
1,0.565,0.0162,0.421,0.0502,0,0,0,0,0,0,0,21.111111111,25.555555556
1,0.565,0.0162,0.421,0.0502,0,0,0,0,0,0,0,21.111111111,25.555555556
1,0.565,0.0162,0.421,0.0502,0,0,0,0,0,0,0,21.111111111,25.555555556
1,0.565,0.0162,0.421,0.0502,0,0,0,0,0,0,0,21.111111111,25.555555556
1,0.565,0.0162,0.421,0.0502,0,0,0,0,0,0,0,21.111111111,25.555555556
1,0.588,0.0242,0.498,0.0911,0,0,0,0,0,0.267,0.0683,21.111111111,25.555555556
1,0.615,0.0343,0.489,0.136,0,0,0,0,0,1,0,21.111111111,25.555555556
1,0.663,0.0594,0.421,0.214,0,0,0.575,0.237,0.533,1,0.0341,21.111111111,26.666666667
1,0.693,0.0817,0.421,0.268,0,0,0.682,0,0.567,0.267,0.137,21.111111111,26.666666667
0.867,0.659,0.0708,0.421,0.207,0,0,0.562,0,0,0,0.102,21.111111111,26.666666667
0.5,0.565,0.0162,0.421,0.0502,0,0,0,0,0,0,0,21.111111111,26.666666667
0.367,0.565,0.0162,0.421,0.0502,0,0,0,0,0,0,0,21.111111111,26.666666667
0,0.565,0.0162,0.421,0.0502,0,0,0,0,0,0,0,21.111111111,26.666666667
0,0.565,0.0162,0.421,0.0502,0,0,0,0,0,0,0,21.111111111,26.666666667
0,0.565,0.0162,0.421,0.0502,0,0,0,0,0,0,0,21.111111111,26.666666667
0.00833,0.567,0.0189,0.421,0.0539,0,0,0,0,0,0,0.0518,21.111111111,25.555555556
0.5,0.765,0.204,0.421,0.319,0,0,0,0,0,0,0.139,21.111111111,25.555555556
0.5,0.779,0.268,0.609,0.411,0,0,0,0,0,0.267,0.102,21.111111111,25.555555556
0.5,0.774,0.369,0.7,0.502,0,0,0,0,0,0,0.0683,21.111111111,25.555555556
0.758,0.853,0.707,0.86,0.762,0,0,0,0,0,0,0,21.111111111,25.555555556
1,0.879,0.917,1,0.849,0,0,0,0,0,0,0,21.111111111,25.555555556
1,0.801,0.631,1,0.565,0,0,0,0,0,0,0.17,21.111111111,25.555555556
1,0.677,0.225,0.778,0.231,0,0,0,0,0,0,0.221,21.111111111,25.555555556
1,0.583,0.0419,0.489,0.0739,0,0,0,0,0,0,0,21.111111111,25.555555556
1,0.565,0.0162,0.421,0.0502,0,0,0,0,0,0,0,21.111111111,25.555555556
1,0.565,0.0162,0.421,0.0502,0,0,0,0,0,0,0,21.111111111,25.555555556
1,0.565,0.0162,0.421,0.0502,0,0,0,0,0,0,0,21.111111111,25.555555556
1,0.565,0.0162,0.421,0.0502,0,0,0,0,0,0,0,21.111111111,25.555555556
1,0.602,0.0245,0.575,0.0773,0,0,0,0,0,0,0.303,21.111111111,25.555555556
1,0.735,0.0696,1,0.309,0,0,0,0,0,0.267,0.0903,21.111111111,25.555555556
0.358,0.636,0.0414,0.556,0.172,0,0,0,0,0,0,0.192,21.111111111,25.555555556
0,0.565,0.0162,0.421,0.0502,0,0,0,0,0,0,0,21.111111111,26.666666667
0,0.565,0.0162,0.421,0.0502,0,0,0,0,0,0,0,21.111111111,26.666666667
0,0.565,0.0162,0.421,0.0502,0,0,0,0,0,0,0,21.111111111,26.666666667
0.00833,0.565,0.0162,0.421,0.0502,0,0,0,0,0,0,0,21.111111111,26.666666667
0.5,0.565,0.0162,0.421,0.0502,0,0,0,0,0,0,0,21.111111111,26.666666667
0.5,0.565,0.0162,0.421,0.0502,0,0,0,0,0,0,0,21.111111111,26.666666667
0.5,0.663,0.102,0.421,0.2,0,0,0,0,0,0.267,0.102,21.111111111,26.666666667
0.375,0.671,0.107,0.421,0.199,0,0,0,0,0,0,0.137,21.111111111,26.666666667
0.883,0.871,0.289,0.421,0.438,0,0,0,0,0,0.267,0.0683,21.111111111,25.555555556
0.742,0.858,0.291,0.421,0.442,0,0,0,0,0,0,0.341,21.111111111,25.555555556
0.5,0.779,0.268,0.609,0.411,0,0,0,0,0,0,0,21.111111111,25.555555556
0.883,0.932,0.66,0.922,0.863,0,0,0,0,0,0,0.0683,21.111111111,25.555555556
1,0.948,0.913,1,0.989,0,0,0,0,0,0.517,0.0341,21.111111111,25.555555556
1,0.879,0.917,1,0.849,0,0,0,0,0,0.6,0,21.111111111,25.555555556
1,0.717,0.427,0.778,0.396,0,0,0,0,0,0,0,21.111111111,25.555555556
1,0.59,0.0782,0.489,0.102,0,0,0,0,0,0,0,21.111111111,25.555555556
1,0.565,0.0162,0.421,0.0502,0,0,0,0,0,0,0,21.111111111,25.555555556
1,0.565,0.0162,0.421,0.0502,0,0,0,0,0,0,0,21.111111111,25.555555556
1,0.565,0.0162,0.421,0.0502,0,0,0,0,0,0,0,21.111111111,25.555555556
1,0.565,0.0162,0.421,0.0502,0,0,0,0,0,0,0,21.111111111,25.555555556
1,0.565,0.0162,0.421,0.0502,0,0,0,0,0,0,0,21.111111111,25.555555556
1,0.565,0.0162,0.421,0.0502,0,0,0,0,0,0,0,21.111111111,25.555555556
1,0.633,0.0392,0.643,0.168,0,0,0,0,0,0.267,0.499,21.111111111,25.555555556
1,0.677,0.0574,0.489,0.24,0,0,0,0,0,0,0.137,21.111111111,25.555555556
0.617,0.592,0.0266,0.421,0.097,0,0,0,0,0,0,0,21.111111111,26.666666667
0.5,0.565,0.0162,0.421,0.0502,0,0,0,0,0,0,0,21.111111111,26.666666667
0.5,0.565,0.0162,0.421,0.0502,0,0,0,0,0,0,0,21.111111111,26.666666667
0.5,0.663,0.0826,0.421,0.206,0,0,0,0,0,0,0.215,21.111111111,26.666666667
0.492,0.691,0.105,0.421,0.245,0,0,0,0,0,0,0.559,21.111111111,26.666666667
0,0.565,0.0162,0.421,0.0502,0,0,0,0,0,0,0,21.111111111,26.666666667
0,0.565,0.0162,0.421,0.0502,0,0,0,0,0,0,0,21.111111111,26.666666667
0,0.565,0.0162,0.421,0.0502,0,0,0,0,0,0,0,21.111111111,26.666666667
0,0.565,0.0162,0.421,0.0502,0,0,0,0,0,0,0,21.111111111,25.555555556
0,0.565,0.0162,0.421,0.0502,0,0,0,0,0,0,0,21.111111111,25.555555556
0.392,0.734,0.226,0.613,0.352,0,0,0,0,0,0.517,0.0683,21.111111111,25.555555556
1,0.876,0.526,0.83,0.709,0,0,0,0,0,0.317,0.102,21.111111111,25.555555556
1,0.756,0.465,0.711,0.52,0,0,0,0,0,0,0.378,21.111111111,25.555555556
1,0.722,0.467,0.711,0.45,0,0,0,0,0,0,0.0683,21.111111111,25.555555556
1,0.683,0.324,0.711,0.307,0,0,0,0,0,0,0,21.111111111,25.555555556
1,0.63,0.133,0.633,0.152,0,0,0,0,0,0,0,21.111111111,25.555555556
1,0.565,0.0162,0.421,0.0502,0,0,0,0,0,0,0,21.111111111,25.555555556
1,0.565,0.0162,0.421,0.0502,0,0,0,0,0,0,0,21.111111111,25.555555556
1,0.565,0.0162,0.421,0.0502,0,0,0,0,0,0,0,21.111111111,25.555555556
1,0.565,0.0162,0.421,0.0502,0,0,0,0,0,0,0,21.111111111,25.555555556
1,0.565,0.0162,0.421,0.0502,0,0,0,0,0,0,0,21.111111111,25.555555556
1,0.565,0.0162,0.421,0.0502,0,0,0,0,0,0,0,21.111111111,25.555555556
1,0.565,0.0162,0.421,0.0502,0,0,0,0,0,0,0,21.111111111,25.555555556
1,0.565,0.0162,0.421,0.0502,0,0,0,0,0,0,0,21.111111111,25.555555556
1,0.599,0.0312,0.421,0.107,0,0,0,0,0,0,0.0186,21.111111111,26.666666667
0.867,0.758,0.116,0.421,0.377,0,0,0,0,0,0,0.267,21.111111111,26.666666667
0.5,0.693,0.0915,0.421,0.264,0,0,0,0,0,0,0.156,21.111111111,26.666666667
0.5,0.693,0.101,0.421,0.255,0,0,0,0,0,0,0.433,21.111111111,26.666666667
0.492,0.691,0.105,0.421,0.245,0,0,0,0,0,0,0.346,21.111111111,26.666666667
0,0.565,0.0162,0.421,0.0502,0,0,0,0,0,0,0,21.111111111,26.666666667
0.258,0.631,0.0739,0.421,0.151,0,0,0,0,0,0.517,0.205,21.111111111,26.666666667
0.5,0.708,0.139,0.421,0.249,0,0,0,0,0,0.0333,0.137,21.111111111,26.666666667
0.758,0.827,0.25,0.421,0.382,0,0,0,0,0,0,0.0683,21.111111111,25.555555556
1,0.965,0.393,0.421,0.588,0.392,0.267,0,0,0,0,0.0683,21.111111111,25.555555556
0.617,0.827,0.314,0.609,0.477,0.557,0,0,0,0,0,0.137,21.111111111,25.555555556
0.5,0.774,0.369,0.7,0.502,0,0,0,0,0,0.267,0.0341,21.111111111,25.555555556
0.758,0.853,0.707,0.86,0.762,0,0,0,0,0,0,0,21.111111111,25.555555556
1,0.84,0.798,0.923,0.749,0,0,0,0,0,0,0.134,21.111111111,25.555555556
1,0.683,0.324,0.711,0.307,0,0,0,0,0,0,0,21.111111111,25.555555556
1,0.59,0.0782,0.489,0.102,0,0,0,0,0,0,0,21.111111111,25.555555556
1,0.565,0.0162,0.421,0.0502,0,0,0,0,0,0,0,21.111111111,25.555555556
1,0.565,0.0162,0.421,0.0502,0,0,0,0,0,0,0,21.111111111,25.555555556
1,0.565,0.0162,0.421,0.0502,0,0,0,0,0,0,0,21.111111111,25.555555556
1,0.565,0.0162,0.421,0.0502,0,0,0,0,0,0,0,21.111111111,25.555555556
0.992,0.565,0.0162,0.421,0.0502,0,0,0,0,0,0,0,21.111111111,25.555555556
0.5,0.565,0.0162,0.421,0.0502,0,0,0,0,0,0,0,21.111111111,25.555555556
0.5,0.588,0.0242,0.498,0.0911,0,0,0,0,0,0,0.205,21.111111111,25.555555556
0.5,0.677,0.0574,0.489,0.24,0,0,0,0,0,0,0.102,21.111111111,25.555555556
0.492,0.689,0.0689,0.421,0.257,0,0,0,0,0,0,0.0683,21.111111111,26.666666667
0,0.565,0.0162,0.421,0.0502,0,0,0,0,0,0,0,21.111111111,26.666666667
0,0.565,0.0162,0.421,0.0502,0,0,0,0,0,0,0,21.111111111,26.666666667
0,0.565,0.0162,0.421,0.0502,0,0,0,0,0,0,0,21.111111111,26.666666667
0,0.565,0.0162,0.421,0.0502,0,0,0,0,0,0,0,21.111111111,26.666666667
0,0.565,0.0162,0.421,0.0502,0,0,0,0,0,0,0,21.111111111,26.666666667
0,0.565,0.0162,0.421,0.0502,0,0,0,0,0,0,0,21.111111111,26.666666667
0,0.565,0.0162,0.421,0.0502,0,0,0,0,0,0,0,21.111111111,26.666666667
0,0.565,0.0162,0.421,0.0502,0,0,0,0,0,0,0,21.111111111,25.555555556
0.383,0.723,0.167,0.421,0.267,0,0,0,0,0,0.55,0.137,21.111111111,25.555555556
0.5,0.779,0.268,0.609,0.411,0,0,0,0,0,0,0.273,21.111111111,25.555555556
0.758,0.881,0.565,0.85,0.746,0,0,0,0,0,0,0.205,21.111111111,25.555555556
1,0.948,0.913,1,0.989,0,0,0,0,0,0,0.398,21.111111111,25.555555556
1,0.879,0.917,1,0.849,0,0,0,0,0,0,0.0522,21.111111111,25.555555556
1,0.801,0.631,1,0.565,0,0,0,0,0,0,0.34,21.111111111,25.555555556
1,0.675,0.223,0.773,0.229,0,0,0,0,0,0,0.197,21.111111111,25.555555556
1,0.565,0.0168,0.421,0.0502,0,0,0,0,0,0,0,21.111111111,25.555555556
1,0.565,0.0185,0.421,0.0502,0,0,0,0,0,0,0,21.111111111,25.555555556
1,0.565,0.0185,0.421,0.0502,0,0,0,0,0,0,0,21.111111111,25.555555556
1,0.6,0.0192,0.566,0.0502,0,0,0,0,0,0,0.283,21.111111111,25.555555556
1,0.565,0.0185,0.421,0.0502,0,0,0,0,0,0,0.0308,21.111111111,25.555555556
1,0.565,0.0185,0.421,0.0502,0,0,0,0,0,0,0,21.111111111,25.555555556
1,0.565,0.0185,0.421,0.0502,0,0,0,0,0,0,0,21.111111111,25.555555556
1,0.599,0.041,0.421,0.107,0,0,0,0,0,0,0.158,21.111111111,25.555555556
0.617,0.629,0.0687,0.421,0.158,0,0,0,0,0,0,0.0341,21.111111111,25.555555556
0.758,0.76,0.205,0.421,0.379,0,0,0.018,0.0169,0,0,0.0683,21.111111111,25.555555556
1,0.822,0.302,0.421,0.47,0,0,0.429,0.22,0.783,0,0.277,21.111111111,25.555555556
1,0.822,0.33,0.421,0.453,0,0,0.628,0,0.0333,0,0,21.111111111,25.555555556
0.75,0.758,0.274,0.421,0.344,0,0,0.357,0,0,0,0.0683,21.111111111,25.555555556
1,0.822,0.426,0.421,0.439,0,0,0,0,0,0,0.0683,21.111111111,25.555555556
1,0.832,0.481,0.421,0.443,0,0,0,0,0,0,0.378,21.111111111,25.555555556
1,0.877,0.523,0.421,0.462,0,0,0,0,0,0.267,0.263,21.111111111,25.555555556
1,0.935,0.547,0.421,0.527,0,0,0,0,0,0,0.343,21.111111111,25.555555556
1,0.984,0.587,0.552,0.67,0,0,0,0,0,0,0.318,21.111111111,25.555555556
1,0.993,0.716,0.936,0.866,0.392,0.267,0,0,0,0,0.31,21.111111111,25.555555556
1,0.968,0.909,1,0.992,0.444,0.817,0,0,0,0,0.304,21.111111111,25.555555556
0.617,0.785,0.626,0.778,0.604,0,0,0,0,0,0,0.245,21.111111111,25.555555556
0.508,0.638,0.247,0.566,0.237,0,0,0.0871,0.0169,0,0,0,21.111111111,25.555555556
1,0.666,0.263,0.711,0.239,0,0,0.592,0.475,0.533,0,0,21.111111111,25.555555556
1,0.603,0.0795,0.561,0.0992,0,0,0.018,0,0.283,0,0.0932,21.111111111,25.555555556
1,0.565,0.0185,0.421,0.0502,0,0,0,0,0,0,0,21.111111111,25.555555556
1,0.565,0.0185,0.421,0.0502,0,0,0,0,0,0,0,21.111111111,25.555555556
1,0.565,0.0185,0.421,0.0502,0,0,0,0,0,0,0,21.111111111,25.555555556
1,0.565,0.0185,0.421,0.0502,0,0,0,0,0,0,0,21.111111111,25.555555556
1,0.565,0.0185,0.421,0.0502,0,0,0,0,0,0,0,21.111111111,25.555555556
1,0.588,0.0245,0.498,0.0911,0,0,0,0,0,0.267,0,21.111111111,25.555555556
1,0.662,0.0475,0.633,0.216,0,0,0,0,0,0,0,21.111111111,25.555555556
1,0.686,0.0757,0.421,0.254,0,0,0,0,0,0,0.178,21.111111111,25.555555556
1,0.728,0.141,0.421,0.324,0,0,0,0,0,0,0.4,21.111111111,25.555555556
0.992,0.82,0.258,0.421,0.481,0,0,0,0,0,0,0.194,21.111111111,25.555555556
0.758,0.76,0.236,0.421,0.367,0,0,0,0,0,0,0.0683,21.111111111,25.555555556
1,0.822,0.33,0.421,0.453,0,0,0.333,0.492,0.283,0,0.0341,21.111111111,25.555555556
0.867,0.788,0.312,0.421,0.39,0,0,0.446,0,0.817,0,0.0683,21.111111111,25.555555556
0.633,0.728,0.282,0.421,0.297,0,0,0,0,0,0,0.102,21.111111111,25.555555556
0.992,0.83,0.477,0.421,0.439,0,0,0,0,0,0,0.23,21.111111111,25.555555556
0.5,0.721,0.271,0.421,0.256,0,0,0,0,0,0,0.262,21.111111111,25.555555556
0.5,0.75,0.283,0.421,0.289,0,0,0,0,0,0,0.0683,21.111111111,25.555555556
0.5,0.774,0.303,0.487,0.36,0,0,0,0,0,0,0,21.111111111,25.555555556
0.5,0.779,0.367,0.678,0.458,0,0,0,0,0,0,0.0341,21.111111111,25.555555556
0.5,0.766,0.464,0.711,0.521,0,0,0,0,0,0,0.137,21.111111111,25.555555556
0.5,0.741,0.509,0.711,0.495,0,0,0,0,0,0,0,21.111111111,25.555555556
0.5,0.702,0.434,0.711,0.387,0,0,0,0,0,0,0,21.111111111,25.555555556
0.5,0.645,0.23,0.633,0.212,0,0,0,0,0,0,0,21.111111111,25.555555556
0.5,0.565,0.0179,0.421,0.0502,0,0,0,0,0,0,0,21.111111111,25.555555556
1,0.565,0.0185,0.421,0.0502,0,0,0,0,0,0,0,21.111111111,25.555555556
1,0.581,0.0257,0.489,0.059,0,0,0,0,0,0,0,21.111111111,25.555555556
1,0.565,0.0162,0.421,0.0502,0,0,0,0,0,0,0,21.111111111,25.555555556
1,0.565,0.0162,0.421,0.0502,0,0,0,0,0,0,0,21.111111111,25.555555556
1,0.565,0.0162,0.421,0.0502,0,0,0,0,0,0,0,21.111111111,25.555555556
0.867,0.6,0.024,0.566,0.0756,0,0,0,0,0,0,0.208,21.111111111,25.555555556
0.5,0.565,0.0162,0.421,0.0502,0,0,0,0,0,0,0,21.111111111,25.555555556
0.5,0.565,0.0162,0.421,0.0502,0,0,0,0,0,0,0,21.111111111,25.555555556
0.5,0.663,0.0594,0.421,0.214,0,0,0,0,0,0,0.205,21.111111111,26.666666667
0.883,0.792,0.134,0.421,0.436,0,0,0.539,0.492,0.283,0,0.222,21.111111111,26.666666667
1,0.822,0.167,0.421,0.478,0,0,0.165,0,0.533,0,0.147,21.111111111,26.666666667
0.733,0.753,0.139,0.421,0.352,0,0,0.0991,0,0,0,0.399,21.111111111,26.666666667
0,0.565,0.0162,0.421,0.0502,0,0,0,0,0,0,0.0856,21.111111111,26.666666667
0,0.565,0.0162,0.421,0.0502,0,0,0,0,0,0,0,21.111111111,26.666666667
0,0.565,0.0162,0.421,0.0502,0,0,0,0,0,0,0,21.111111111,26.666666667
0,0.565,0.0162,0.421,0.0502,0,0,0,0,0,0,0,21.111111111,26.666666667
0,0.565,0.0162,0.421,0.0502,0,0,0,0,0,0,0,21.111111111,25.555555556
0.383,0.723,0.167,0.421,0.267,0,0,0,0,0,0,0.239,21.111111111,25.555555556
0.5,0.779,0.268,0.609,0.411,0,0,0,0,0,0,0.171,21.111111111,25.555555556
0.625,0.826,0.464,0.773,0.62,0,0,0,0,0,0,0.102,21.111111111,25.555555556
0.508,0.76,0.472,0.715,0.528,0,0,0,0,0,0.0167,0.0341,21.111111111,25.555555556
1,0.877,0.91,0.995,0.843,0,0,0,0,0,0.25,0.171,21.111111111,25.555555556
1,0.683,0.324,0.711,0.307,0,0,0,0,0,0,0,21.111111111,25.555555556
1,0.651,0.163,0.711,0.179,0,0,0,0,0,0,0,21.111111111,25.555555556
0.883,0.62,0.0636,0.643,0.094,0,0,0,0,0,0,0.0725,21.111111111,25.555555556
1,0.635,0.0376,0.711,0.0687,0.388,0.267,0,0,0,0,0,21.111111111,25.555555556
0.742,0.598,0.0208,0.561,0.0532,0.334,0,0,0,0,0,0,21.111111111,25.555555556
0.5,0.565,0.0162,0.421,0.0502,0,0,0,0,0,0,0,21.111111111,25.555555556
0.883,0.565,0.0162,0.421,0.0502,0,0,0,0,0,0,0,21.111111111,25.555555556
1,0.584,0.0206,0.503,0.0646,0,0,0,0,0,0,0.269,21.111111111,25.555555556
0.867,0.711,0.0615,0.923,0.268,0,0,0,0,0,0,0.136,21.111111111,25.555555556
0.492,0.675,0.0566,0.489,0.236,0,0,0,0,0,0,0,21.111111111,25.555555556
0,0.565,0.0162,0.421,0.0502,0,0,0,0,0,0,0,21.111111111,26.666666667
0,0.565,0.0162,0.421,0.0502,0,0,0,0,0,0,0,21.111111111,26.666666667
0,0.565,0.0162,0.421,0.0502,0,0,0,0,0,0,0,21.111111111,26.666666667
0,0.565,0.0162,0.421,0.0502,0,0,0,0,0,0,0,21.111111111,26.666666667
0,0.565,0.0162,0.421,0.0502,0,0,0,0,0,0,0,21.111111111,26.666666667
0.383,0.663,0.0967,0.421,0.199,0,0,0,0,0,0.767,0.205,21.111111111,26.666666667
0.5,0.693,0.126,0.421,0.245,0,0,0,0,0,0.0667,0.102,21.111111111,26.666666667
0.5,0.708,0.139,0.421,0.249,0,0,0,0,0,0,0.205,21.111111111,26.666666667
0.5,0.735,0.168,0.421,0.267,0,0,0,0,0,0,0.0341,21.111111111,25.555555556
0.758,0.872,0.306,0.421,0.465,0,0,0,0,0,0,0.273,21.111111111,25.555555556
1,0.993,0.519,0.798,0.772,0,0,0,0,0,0,0.0341,21.111111111,25.555555556
1,0.983,0.722,0.98,0.953,0,0,0,0,0,0,0,21.111111111,25.555555556
1,0.948,0.913,1,0.989,0,0,0,0,0,0,0,21.111111111,25.555555556
1,0.766,0.576,0.778,0.559,0,0,0,0,0,0,0.0341,21.111111111,25.555555556
1,0.683,0.324,0.711,0.307,0,0,0,0,0,0,0.0683,21.111111111,25.555555556
1,0.59,0.0782,0.489,0.102,0,0,0,0,0,0,0.137,21.111111111,25.555555556
1,0.6,0.0365,0.566,0.0691,0,0,0,0,0,0,0.0341,21.111111111,25.555555556
1,0.565,0.0162,0.421,0.0502,0,0,0,0,0,0,0,21.111111111,25.555555556
1,0.565,0.0162,0.421,0.0502,0,0,0,0,0,0,0,21.111111111,25.555555556
1,0.565,0.0162,0.421,0.0502,0,0,0,0,0,0,0,21.111111111,25.555555556
1,0.617,0.021,0.638,0.0522,0,0,0,0,0,0,0.0683,21.111111111,25.555555556
1,0.565,0.0162,0.421,0.0502,0,0,0,0,0,0,0,21.111111111,25.555555556
1,0.565,0.0162,0.421,0.0502,0,0,0,0,0,0,0,21.111111111,25.555555556
1,0.626,0.0392,0.421,0.154,0,0,0,0,0,0,0.0738,21.111111111,25.555555556
1,0.691,0.0698,0.421,0.261,0,0,0,0,0,0,0.462,21.111111111,26.666666667
1,0.693,0.0817,0.421,0.268,0,0,0,0,0,0,0.185,21.111111111,26.666666667
0.617,0.693,0.0915,0.421,0.264,0,0,0,0,0,0,0.407,21.111111111,26.666666667
0.5,0.693,0.101,0.421,0.255,0,0,0.0646,0.0169,0,0,0.231,21.111111111,26.666666667
0.5,0.693,0.107,0.421,0.248,0,0,0.276,0.475,0.533,0,0.201,21.111111111,26.666666667
0.117,0.595,0.0376,0.421,0.096,0,0,0,0,0.567,0,0,21.111111111,26.666666667
0,0.565,0.0162,0.421,0.0502,0,0,0,0,0,0,0,21.111111111,26.666666667
0,0.565,0.0162,0.421,0.0502,0,0,0,0,0,0,0,21.111111111,26.666666667
0,0.565,0.0162,0.421,0.0502,0,0,0,0,0,0,0,21.111111111,25.555555556
0.383,0.723,0.167,0.421,0.267,0.36,0.517,0,0,0,0.267,0.205,21.111111111,25.555555556
0.5,0.779,0.268,0.609,0.411,0.52,0.0167,0,0,0,0.0167,0.0683,21.111111111,25.555555556
0.758,0.881,0.565,0.85,0.746,0.186,0,0,0,0,1,0.307,21.111111111,25.555555556
1,0.948,0.913,1,0.989,0,0,0,0,0,0.1,0.0683,21.111111111,25.555555556
1,0.879,0.917,1,0.849,0,0,0,0,0,0,0,21.111111111,25.555555556
1,0.799,0.626,0.995,0.561,0,0,0,0,0,0,0,21.111111111,25.555555556
1,0.651,0.163,0.711,0.179,0,0,0,0,0,0,0,21.111111111,25.555555556
1,0.583,0.0419,0.489,0.0739,0,0,0,0,0,0,0,21.111111111,25.555555556
1,0.565,0.0162,0.421,0.0502,0,0,0,0,0,0,0,21.111111111,25.555555556
1,0.565,0.0162,0.421,0.0502,0,0,0,0,0,0,0,21.111111111,25.555555556
1,0.565,0.0162,0.421,0.0502,0,0,0,0,0,0,0,21.111111111,25.555555556
1,0.565,0.0162,0.421,0.0502,0,0,0,0,0,0,0,21.111111111,25.555555556
1,0.565,0.0162,0.421,0.0502,0,0,0,0,0,0,0,21.111111111,25.555555556
1,0.566,0.0167,0.426,0.0528,0,0,0,0,0,0,0.0789,21.111111111,25.555555556
1,0.677,0.0574,0.489,0.24,0,0,0,0,0,0.267,0.303,21.111111111,25.555555556
0.742,0.723,0.0839,0.421,0.314,0,0,0,0,0,0.85,0.546,21.111111111,26.666666667
0.492,0.691,0.0805,0.421,0.264,0,0,0,0,0,0,0.0341,21.111111111,26.666666667
0,0.565,0.0162,0.421,0.0502,0,0,0,0,0,0,0,21.111111111,26.666666667
0,0.565,0.0162,0.421,0.0502,0,0,0,0,0,0,0,21.111111111,26.666666667
0,0.565,0.0162,0.421,0.0502,0,0,0,0,0,0,0,21.111111111,26.666666667
0,0.565,0.0162,0.421,0.0502,0,0,0,0,0,0,0,21.111111111,26.666666667
0,0.565,0.0162,0.421,0.0502,0,0,0,0,0,0,0,21.111111111,26.666666667
0.258,0.641,0.0814,0.421,0.154,0,0,0,0,0,0,0.205,21.111111111,26.666666667
0.5,0.735,0.168,0.421,0.267,0,0,0,0,0,0.0167,0.137,21.111111111,25.555555556
0.5,0.765,0.204,0.421,0.319,0,0,0,0,0,0.25,0.0341,21.111111111,25.555555556
0.5,0.779,0.268,0.609,0.411,0,0,0,0,0,0,0.0683,21.111111111,25.555555556
0.883,0.932,0.66,0.922,0.863,0,0,0,0,0,0,0,21.111111111,25.555555556
1,0.948,0.913,1,0.989,0,0,0,0,0,0,0.0341,21.111111111,25.555555556
1,0.879,0.917,1,0.849,0,0,0,0,0,0,0.205,21.111111111,25.555555556
1,0.801,0.631,1,0.565,0,0,0,0,0,0,0,21.111111111,25.555555556
1,0.677,0.225,0.778,0.231,0,0,0,0,0,0,0.0341,21.111111111,25.555555556
1,0.601,0.0521,0.561,0.0833,0,0,0,0,0,0,0.102,21.111111111,25.555555556
1,0.565,0.0162,0.421,0.0502,0,0,0,0,0,0,0,21.111111111,25.555555556
1,0.565,0.0162,0.421,0.0502,0,0,0,0,0,0,0,21.111111111,25.555555556
1,0.565,0.0162,0.421,0.0502,0,0,0,0,0,0,0,21.111111111,25.555555556
1,0.565,0.0162,0.421,0.0502,0,0,0,0,0,0,0,21.111111111,25.555555556
0.992,0.617,0.0279,0.638,0.0883,0,0,0,0,0,0,0.466,21.111111111,25.555555556
0.5,0.565,0.0162,0.421,0.0502,0,0,0,0,0,0,0.106,21.111111111,25.555555556
0.5,0.565,0.0162,0.421,0.0502,0,0,0,0,0,0,0,21.111111111,25.555555556
0.5,0.565,0.0162,0.421,0.0502,0,0,0,0,0,0,0,21.111111111,26.666666667
0.367,0.629,0.0503,0.421,0.16,0,0,0,0,0,0,0.205,21.111111111,26.666666667
0,0.565,0.0162,0.421,0.0502,0,0,0,0,0,0,0,21.111111111,26.666666667
0,0.565,0.0162,0.421,0.0502,0,0,0,0,0,0,0,21.111111111,26.666666667
0,0.565,0.0162,0.421,0.0502,0,0,0,0,0,0,0,21.111111111,26.666666667
0,0.565,0.0162,0.421,0.0502,0,0,0,0,0,0,0,21.111111111,26.666666667
0,0.565,0.0162,0.421,0.0502,0,0,0,0,0,0,0,21.111111111,26.666666667
0,0.565,0.0162,0.421,0.0502,0,0,0,0,0,0,0,21.111111111,26.666666667
0,0.565,0.0162,0.421,0.0502,0,0,0,0,0,0,0,21.111111111,25.555555556
0.133,0.62,0.0688,0.421,0.126,0,0,0,0,0,0,0.239,21.111111111,25.555555556
0.5,0.779,0.268,0.609,0.411,0,0,0,0,0,0.267,0.205,21.111111111,25.555555556
0.883,0.932,0.66,0.922,0.863,0,0,0,0,0,0,0.0683,21.111111111,25.555555556
1,0.948,0.913,1,0.989,0,0,0,0,0,0,0.0341,21.111111111,25.555555556
1,0.84,0.798,0.923,0.749,0,0,0,0,0,0,0.0341,21.111111111,25.555555556
1,0.683,0.324,0.711,0.307,0,0,0,0,0,0,0.171,21.111111111,25.555555556
1,0.651,0.163,0.711,0.179,0,0,0,0,0,0,0.0341,21.111111111,25.555555556
1,0.602,0.0555,0.566,0.0839,0,0,0,0,0,0,0,21.111111111,25.555555556
1,0.616,0.033,0.633,0.0595,0,0,0,0,0,0,0,21.111111111,25.555555556
1,0.565,0.0185,0.421,0.0502,0,0,0,0,0,0,0,21.111111111,25.555555556
1,0.565,0.0185,0.421,0.0502,0,0,0,0,0,0,0,21.111111111,25.555555556
1,0.565,0.0185,0.421,0.0502,0,0,0,0,0,0,0,21.111111111,25.555555556
1,0.565,0.0185,0.421,0.0502,0,0,0,0,0,0,0,21.111111111,25.555555556
1,0.565,0.0185,0.421,0.0502,0,0,0,0,0,0,0,21.111111111,25.555555556
1,0.658,0.0646,0.421,0.207,0,0,0,0,0,0,0,21.111111111,25.555555556
1,0.693,0.111,0.421,0.265,0,0,0.153,0.271,0,0,0,21.111111111,25.555555556
1,0.792,0.233,0.421,0.433,0,0,0.42,0.983,0.0333,0,0,21.111111111,25.555555556
1,0.822,0.302,0.421,0.47,0,0,0.845,0,1,0,0.0341,21.111111111,25.555555556
1,0.822,0.33,0.421,0.453,0,0,0.631,0,0.35,0,0.214,21.111111111,25.555555556
1,0.822,0.364,0.421,0.442,0,0,0.311,0,0,0,0.0341,21.111111111,25.555555556
1,0.822,0.426,0.421,0.439,0,0,0,0,0,0,0.341,21.111111111,25.555555556
1,0.832,0.481,0.421,0.443,0,0,0,0,0,0,0.273,21.111111111,25.555555556
1,0.877,0.523,0.421,0.462,0,0,0,0,0,0,0.137,21.111111111,25.555555556
1,0.935,0.547,0.421,0.527,0,0,0,0,0,0.267,0.0683,21.111111111,25.555555556
1,0.984,0.587,0.552,0.67,0,0,0,0,0,0.283,0.137,21.111111111,25.555555556
1,0.993,0.716,0.936,0.866,0,0,0,0,0,0.767,0.0341,21.111111111,25.555555556
1,0.968,0.909,1,0.992,0,0,0,0,0,0.633,0,21.111111111,25.555555556
1,0.918,1,1,0.94,0,0,0,0,0,0,0.0341,21.111111111,25.555555556
1,0.735,0.537,0.773,0.471,0,0,0,0,0,0,0.277,21.111111111,25.555555556
1,0.565,0.0185,0.421,0.0502,0,0,0,0,0,0,0,21.111111111,25.555555556
1,0.565,0.0185,0.421,0.0502,0,0,0,0,0,0,0,21.111111111,25.555555556
1,0.635,0.0594,0.711,0.0812,0,0,0,0,0,0,0.102,21.111111111,25.555555556
1,0.565,0.0185,0.421,0.0502,0,0,0,0,0,0,0,21.111111111,25.555555556
1,0.565,0.0185,0.421,0.0502,0,0,0,0,0,0,0,21.111111111,25.555555556
1,0.565,0.0185,0.421,0.0502,0,0,0,0,0,0,0,21.111111111,25.555555556
1,0.565,0.0185,0.421,0.0502,0,0,0,0,0,0,0,21.111111111,25.555555556
1,0.606,0.0268,0.571,0.104,0.25,0.267,0,0,0,0,0.171,21.111111111,25.555555556
1,0.662,0.0475,0.633,0.216,0.725,0.817,0,0,0,0,0.0341,21.111111111,25.555555556
1,0.686,0.0757,0.421,0.254,0,0,0,0,0,0,0.0683,21.111111111,25.555555556
1,0.693,0.111,0.421,0.265,0,0,0,0,0,0,0.0683,21.111111111,25.555555556
1,0.693,0.139,0.421,0.267,0,0,0,0,0,0,0.0341,21.111111111,25.555555556
1,0.693,0.16,0.421,0.26,0,0,0,0,0,0,0,21.111111111,25.555555556
1,0.693,0.174,0.421,0.251,0,0,0,0,0,0,0,21.111111111,25.555555556
1,0.693,0.191,0.421,0.246,0,0,0,0,0,0,0.0341,21.111111111,25.555555556
1,0.693,0.222,0.421,0.245,0,0,0,0,0,0,0.0341,21.111111111,25.555555556
1,0.698,0.25,0.421,0.246,0,0,0,0,0,0,0.0683,21.111111111,25.555555556
1,0.768,0.34,0.421,0.315,0,0,0,0,0,0,0,21.111111111,25.555555556
1,0.935,0.547,0.421,0.527,0,0,0,0,0,0,0.171,21.111111111,25.555555556
1,0.984,0.587,0.552,0.67,0,0,0,0,0,0,0.223,21.111111111,25.555555556
1,0.993,0.716,0.936,0.866,0,0,0,0,0,0,0.0341,21.111111111,25.555555556
1,0.968,0.909,1,0.992,0,0,0,0,0,0,0.251,21.111111111,25.555555556
1,0.918,1,1,0.94,0,0,0,0,0,0,0.101,21.111111111,25.555555556
1,0.811,0.773,0.923,0.664,0,0,0,0,0,0,0.102,21.111111111,25.555555556
1,0.666,0.263,0.711,0.239,0,0,0,0,0,0,0,21.111111111,25.555555556
1,0.642,0.121,0.711,0.135,0,0,0,0,0,0,0.176,21.111111111,25.555555556
1,0.565,0.0185,0.421,0.0502,0,0,0,0,0,0,0,21.111111111,25.555555556
1,0.635,0.0376,0.711,0.0687,0,0,0,0,0,0,0.264,21.111111111,25.555555556
1,0.581,0.0198,0.489,0.0532,0,0,0,0,0,0,0.137,21.111111111,25.555555556
1,0.565,0.0162,0.421,0.0502,0,0,0,0,0,0,0,21.111111111,25.555555556
1,0.565,0.0162,0.421,0.0502,0,0,0,0,0,0,0,21.111111111,25.555555556
1,0.565,0.0162,0.421,0.0502,0,0,0,0,0,0,0,21.111111111,25.555555556
1,0.588,0.0242,0.498,0.0911,0,0,0,0,0,0,0.302,21.111111111,25.555555556
0.867,0.736,0.0796,0.489,0.34,0,0,0,0,0,0,0.0341,21.111111111,25.555555556
0.5,0.691,0.0698,0.421,0.261,0,0,0,0,0,0,0.0341,21.111111111,26.666666667
0.117,0.595,0.0294,0.421,0.1,0,0,0,0,0,0,0,21.111111111,26.666666667
0,0.565,0.0162,0.421,0.0502,0,0,0,0,0,0,0,21.111111111,26.666666667
0,0.565,0.0162,0.421,0.0502,0,0,0,0,0,0,0,21.111111111,26.666666667
0,0.565,0.0162,0.421,0.0502,0,0,0,0,0,0,0,21.111111111,26.666666667
0,0.565,0.0162,0.421,0.0502,0,0,0,0,0,0,0,21.111111111,26.666666667
0,0.565,0.0162,0.421,0.0502,0,0,0,0,0,0,0,21.111111111,26.666666667
0.133,0.604,0.0498,0.421,0.104,0,0,0,0,0,0,0.0341,21.111111111,26.666666667
0.5,0.735,0.168,0.421,0.267,0,0,0,0,0,0,0.239,21.111111111,25.555555556
0.5,0.765,0.204,0.421,0.319,0,0,0,0,0,0,0.171,21.111111111,25.555555556
0.5,0.779,0.268,0.609,0.411,0,0,0,0,0,0,0.0683,21.111111111,25.555555556
0.5,0.774,0.369,0.7,0.502,0,0,0,0,0,0,0.0341,21.111111111,25.555555556
0.5,0.753,0.457,0.706,0.512,0,0,0,0,0,0,0,21.111111111,25.555555556
0.508,0.567,0.0236,0.426,0.0565,0,0,0,0,0,0,0,21.111111111,25.555555556
1,0.683,0.324,0.711,0.307,0,0,0,0,0,0,0.0341,21.111111111,25.555555556
1,0.651,0.163,0.711,0.179,0,0,0,0,0,0,0.0341,21.111111111,25.555555556
1,0.636,0.0724,0.706,0.102,0,0,0,0,0,0,0.163,21.111111111,25.555555556
